bloco,status,tempo_python_us,tempo_fpga_us,rtt_total_us
0,OK,68838.700,0.0,14583.29998422414
1,OK,164.600,0.44,14458.600024227053
2,OK,107.200,0.44,15827.200026251376
3,OK,94.700,0.44,15836.499980650842
4,OK,83.500,0.44,15891.499991994351
5,OK,95.400,0.44,15844.699984882027
6,OK,77.500,0.44,15865.10002380237
7,OK,100.700,0.44,15849.700022954494
8,OK,97.900,0.44,15823.3999973163
9,OK,120.200,0.44,15840.900014154613
10,OK,114.000,0.44,15792.4999948591
11,OK,130.200,0.44,15822.399989701807
12,OK,106.200,0.44,15797.600033693016
13,OK,120.000,0.44,15817.999956198037
14,OK,120.100,0.44,15746.999997645617
15,OK,78.400,0.44,15918.600023724139
16,OK,96.200,0.44,15816.799947060645
17,OK,75.700,0.44,15892.099996563047
18,OK,99.300,0.44,15819.899970665574
19,OK,70.300,0.44,15866.099973209202
20,OK,97.700,0.44,15808.199997991323
21,OK,76.500,0.44,15877.300000283867
22,OK,83.600,0.44,15919.200028292835
23,OK,125.300,0.44,15764.900017529726
24,OK,92.100,0.44,15893.30000570044
25,OK,82.300,0.44,15851.299976930022
26,OK,78.200,0.44,15875.099983531982
27,OK,92.000,0.44,15844.999987166375
28,OK,99.900,0.44,15940.900018904358
29,OK,111.900,0.44,15816.500002983958
30,OK,80.800,0.44,15850.899973884225
31,OK,90.600,0.44,15897.399978712201
32,OK,102.800,0.44,15770.30000044033
33,OK,79.000,0.44,15982.199984136969
34,OK,114.900,0.44,15731.200051959604
35,OK,85.200,0.44,15838.29999435693
36,OK,95.200,0.44,15992.300002835691
37,OK,89.200,0.44,15717.900008894503
38,OK,104.100,0.44,15866.899979300797
39,OK,114.100,0.44,15838.199993595481
40,OK,117.100,0.44,15790.000034030527
41,OK,104.700,0.44,15869.099996052682
42,OK,126.800,0.44,15735.800028778613
43,OK,94.400,0.44,15854.400000534952
44,OK,105.400,0.44,15862.00000019744
45,OK,105.000,0.44,15768.099983688444
46,OK,89.700,0.44,15866.299974732101
47,OK,88.300,0.44,15886.500012129545
48,OK,100.800,0.44,15830.099990125746
49,OK,67.800,0.44,15902.800019830465
50,OK,66.900,0.44,15858.000027947128
51,OK,79.900,0.44,15886.100009083748
52,OK,86.700,0.44,15885.90000756085
53,OK,104.400,0.44,15788.800024893135
54,OK,110.300,0.44,15841.500018723309
55,OK,104.300,0.44,15846.700000111014
56,OK,92.800,0.44,15861.399995628744
57,OK,74.800,0.44,15895.600023213774
58,OK,65.400,0.44,15887.600020505488
59,OK,92.200,0.44,15798.40003978461
60,OK,85.400,0.44,15825.600014068186
61,OK,70.800,0.44,15898.199984803796
62,OK,63.600,0.44,15867.399983108044
63,OK,88.000,0.44,15909.50001263991
64,OK,72.200,0.44,15873.89997439459
65,OK,135.200,0.44,18006.199970841408
66,OK,98.900,0.44,15957.999974489212
67,OK,107.400,0.44,13682.799995876849
68,OK,112.600,0.44,15737.799985799938
69,OK,106.900,0.44,15810.30001398176
70,OK,135.700,0.44,17715.6999707222
71,OK,117.100,0.44,14684.399997349828
72,OK,110.300,0.44,14887.599973008037
73,OK,106.700,0.44,15834.799967706203
74,OK,97.100,0.44,15857.80002642423
75,OK,101.600,0.44,15784.700051881373
76,OK,100.800,0.44,15856.899961363524
77,OK,75.600,0.44,15875.099983531982
78,OK,70.600,0.44,15930.699999444187
79,OK,120.900,0.44,15806.799987331033
80,OK,96.300,0.44,15813.499980140477
81,OK,88.300,0.44,15863.599954172969
82,OK,93.300,0.44,15819.999971427023
83,OK,85.900,0.44,15902.900020591915
84,OK,77.300,0.44,15885.000000707805
85,OK,106.200,0.44,15829.199983272702
86,OK,80.000,0.44,15835.100028198212
87,OK,92.100,0.44,15805.499977432191
88,OK,96.600,0.44,15872.000018134713
89,OK,87.000,0.44,15888.300025835633
90,OK,149.400,0.44,15701.199998147786
91,OK,99.500,0.44,15878.30000789836
92,OK,103.900,0.44,15875.699988100678
93,OK,80.000,0.44,15757.700020913035
94,OK,115.300,0.44,15856.10001347959
95,OK,93.800,0.44,15832.700009923428
96,OK,141.300,0.44,15770.19999967888
97,OK,69.000,0.44,15880.400023888797
98,OK,73.600,0.44,15972.699970006943
99,OK,97.500,0.44,57206.4999723807
100,OK,100.500,0.44,56161.19998740032
101,OK,121.000,0.44,14684.800000395626
102,OK,107.300,0.44,18479.100021068007
103,OK,113.500,0.44,13281.399966217577
104,OK,109.100,0.44,15701.700001955032
105,OK,93.200,0.44,15851.200034376234
106,OK,94.200,0.44,15892.900002654642
107,OK,114.700,0.44,15901.400009170175
108,OK,129.700,0.44,15780.800022184849
109,OK,97.500,0.44,15730.099985376
110,OK,70.600,0.44,15871.899959165603
111,OK,99.000,0.44,15820.300031919032
112,OK,76.300,0.44,15885.70000603795
113,OK,109.700,0.44,15891.5999927558
114,OK,99.300,0.44,15753.79999121651
115,OK,96.000,0.44,15825.800015591085
116,OK,75.800,0.44,15890.699985902756
117,OK,79.300,0.44,15877.900004852563
118,OK,83.700,0.44,15901.000006124377
119,OK,67.500,0.44,15893.800009507686
120,OK,110.800,0.44,15828.10003310442
121,OK,123.900,0.44,15827.000024728477
122,OK,107.700,0.44,15690.399974118918
123,OK,83.700,0.44,15840.900014154613
124,OK,58.000,0.44,16007.600002922118
125,OK,62.500,0.44,15899.899997748435
126,OK,59.000,0.44,15930.699999444187
127,OK,84.800,0.44,15876.99999799952
128,OK,85.800,0.44,15863.800013903528
129,OK,155.700,0.44,15752.799983602017
130,OK,85.800,0.44,15898.799989372492
131,OK,109.000,0.44,15808.80000256002
132,OK,133.600,0.44,15795.899962540716
133,OK,83.900,0.44,15885.600005276501
134,OK,73.700,0.44,15900.800004601479
135,OK,119.800,0.44,15786.60000814125
136,OK,73.200,0.44,15917.599957901984
137,OK,75.700,0.44,15881.999977864325
138,OK,69.900,0.44,15897.899982519448
139,OK,74.300,0.44,15875.999990385026
140,OK,62.400,0.44,15890.599985141307
141,OK,65.300,0.44,15808.399999514222
142,OK,84.800,0.44,15883.099986240268
143,OK,112.300,0.44,15935.000032186508
144,OK,131.700,0.44,15924.100007396191
145,OK,98.100,0.44,15699.30004188791
146,OK,101.200,0.44,15971.100016031414
147,OK,98.300,0.44,15663.800004404038
148,OK,98.600,0.44,15728.500031400472
149,OK,97.400,0.44,15804.599970579147
150,OK,94.400,0.44,15994.799963664263
151,OK,107.000,0.44,15708.099992480129
152,OK,144.400,0.44,15749.39995771274
153,OK,70.000,0.44,15911.1000248231
154,OK,93.600,0.44,15838.199993595481
155,OK,73.500,0.44,15854.800003580749
156,OK,113.100,0.44,17732.899985276163
157,OK,112.800,0.44,13948.799984063953
158,OK,108.100,0.44,15807.40005010739
159,OK,122.700,0.44,15841.599961277097
160,OK,114.600,0.44,15825.499955099076
161,OK,114.600,0.44,15800.099994521588
162,OK,95.600,0.44,15873.90003260225
163,OK,89.800,0.44,15831.199998501688
164,OK,109.200,0.44,15901.199949439615
165,OK,91.800,0.44,15740.200004074723
166,OK,85.600,0.44,15867.299982346594
167,OK,89.500,0.44,15856.300015002489
168,OK,87.600,0.44,15857.699967455119
169,OK,83.400,0.44,15836.599981412292
170,OK,75.900,0.44,15869.700000621378
171,OK,65.900,0.44,15918.600023724139
172,OK,90.800,0.44,15877.900004852563
173,OK,112.800,0.44,15814.69998927787
174,OK,123.100,0.44,15926.100022625178
175,OK,147.900,0.44,15668.999985791743
176,OK,98.800,0.44,15868.999995291233
177,OK,127.600,0.44,15694.999950937927
178,OK,75.500,0.44,15934.6999716945
179,OK,60.900,0.44,15962.600009515882
180,OK,71.500,0.44,15854.900004342198
181,OK,58.400,0.44,15880.000020843
182,OK,52.300,0.44,15932.700014673173
183,OK,66.200,0.44,15952.49999081716
184,OK,76.800,0.44,15844.999987166375
185,OK,101.900,0.44,15895.000018645078
186,OK,70.100,0.44,15783.900045789778
187,OK,80.200,0.44,15872.800024226308
188,OK,94.700,0.44,15874.199976678938
189,OK,78.700,0.44,15879.500017035753
190,OK,84.900,0.44,15890.09998133406
191,OK,155.000,0.44,15748.700010590255
192,OK,63.000,0.44,16122.70000623539
193,OK,120.500,0.44,15551.399963442236
194,OK,107.300,0.44,15758.000023197383
195,OK,83.700,0.44,15952.400048263371
196,OK,69.700,0.44,15846.800000872463
197,OK,67.000,0.44,15937.59999377653
198,OK,63.600,0.44,15905.399981420487
199,OK,90.900,0.44,15904.499974567443
200,OK,120.400,0.44,15689.699968788773
201,OK,129.600,0.44,15639.79999627918
202,OK,84.600,0.44,15930.900000967085
203,OK,79.100,0.44,15809.200005605817
204,OK,127.000,0.44,15778.100001625717
205,OK,106.100,0.44,15823.800000362098
206,OK,68.300,0.44,15869.199996814132
207,OK,78.400,0.44,15880.599967204034
208,OK,78.600,0.44,15862.200001720339
209,OK,62.300,0.44,15909.099951386452
210,OK,65.100,0.44,15912.49997727573
211,OK,74.600,0.44,15595.600008964539
212,OK,67.700,0.44,15887.900022789836
213,OK,97.700,0.44,15839.500003494322
214,OK,81.600,0.44,16052.999999374151
215,OK,169.000,0.44,15644.40003130585
216,OK,103.100,0.44,15704.700024798512
217,OK,91.200,0.44,15907.399996649474
218,OK,83.800,0.44,15874.199976678938
219,OK,84.800,0.44,15884.29999537766
220,OK,99.300,0.44,15873.599972110242
221,OK,97.400,0.44,15790.89998267591
222,OK,68.100,0.44,15853.499993681908
223,OK,77.800,0.44,15888.500027358532
224,OK,77.700,0.44,15841.700020246208
225,OK,96.800,0.44,15904.89997761324
226,OK,125.300,0.44,15753.79999121651
227,OK,104.000,0.44,15867.799986153841
228,OK,94.100,0.44,15807.499992661178
229,OK,116.000,0.44,15851.80003894493
230,OK,100.000,0.44,15805.400034878403
231,OK,96.000,0.44,15820.60003420338
232,OK,66.900,0.44,15886.900015175343
233,OK,96.200,0.44,15868.599992245436
234,OK,75.400,0.44,15893.000003416091
235,OK,101.100,0.44,15842.600027099252
236,OK,96.400,0.44,15826.100017875433
237,OK,79.100,0.44,15881.000028457493
238,OK,93.700,0.44,15836.700040381402
239,OK,96.000,0.44,15818.500018212944
240,OK,91.400,0.44,15893.399948254228
241,OK,72.800,0.44,15887.20001745969
242,OK,67.000,0.44,15848.600014578551
243,OK,96.900,0.44,15900.400001555681
244,OK,66.400,0.44,15818.499960005283
245,OK,94.100,0.44,15922.199992928654
246,OK,65.600,0.44,15857.500024139881
247,OK,85.500,0.44,15885.200002230704
248,OK,91.700,0.44,15917.099954094738
249,OK,149.400,0.44,15772.000013384968
250,OK,160.100,0.44,15758.900030050427
251,OK,174.900,0.44,15576.999983750284
252,OK,71.400,0.44,15886.500012129545
253,OK,106.500,0.44,15806.899988092482
254,OK,96.900,0.44,15888.899972196668
255,OK,118.000,0.44,15834.200021345168
256,OK,105.400,0.44,15869.099996052682
257,OK,112.400,0.44,15762.90000230074
258,OK,88.200,0.44,15853.699995204806
259,OK,93.600,0.44,15812.599973287433
260,OK,79.500,0.44,15867.500042077154
261,OK,82.800,0.44,15888.099966105074
262,OK,89.900,0.44,15827.500028535724
263,OK,78.400,0.44,15898.199984803796
264,OK,95.400,0.44,15820.099972188473
265,OK,93.700,0.44,15903.200022876263
266,OK,100.200,0.44,15809.100004844368
267,OK,109.000,0.44,15784.299990627915
268,OK,79.400,0.44,16118.50003246218
269,OK,94.400,0.44,15610.500006005168
270,OK,120.200,0.44,15794.800012372434
271,OK,116.900,0.44,15840.000007301569
272,OK,98.300,0.44,15818.400017451495
273,OK,105.300,0.44,15804.30002650246
274,OK,98.600,0.44,15857.899968978018
275,OK,98.800,0.44,15838.899998925626
276,OK,81.800,0.44,15855.799952987581
277,OK,98.200,0.44,15834.600024390966
278,OK,70.400,0.44,15848.799957893789
279,OK,88.100,0.44,16000.000003259629
280,OK,149.600,0.44,15587.800007779151
281,OK,104.800,0.44,15846.900001633912
282,OK,140.800,0.44,15745.700045954436
283,OK,119.100,0.44,15841.30001720041
284,OK,113.900,0.44,15820.100030396134
285,OK,94.800,0.44,15807.599993422627
286,OK,99.900,0.44,15866.200032178313
287,OK,104.900,0.44,15815.799997653812
288,OK,94.100,0.44,15851.499978452921
289,OK,110.800,0.44,15851.499978452921
290,OK,167.200,0.44,16065.199975855649
291,OK,108.100,0.44,15497.300017159432
292,OK,107.100,0.44,17974.49996229261
293,OK,114.100,0.44,15051.49999866262
294,OK,185.500,0.44,20771.600014995784
295,OK,118.700,0.44,9561.299986671656
296,OK,101.300,0.44,15664.199949242175
297,OK,117.200,0.44,15822.10004562512
298,OK,105.000,0.44,15809.599950443953
299,OK,99.600,0.44,15828.099974896759
300,OK,94.500,0.44,15868.799993768334
301,OK,131.800,0.44,15582.299965899438
302,OK,106.200,0.44,15822.499990463257
303,OK,97.400,0.44,15841.799962799996
304,OK,98.900,0.44,15817.400009837002
305,OK,73.800,0.44,15877.199999522418
306,OK,93.400,0.44,15873.599972110242
307,OK,121.400,0.44,15797.599975485355
308,OK,127.100,0.44,15794.400009326637
309,OK,75.500,0.44,15957.300027366728
310,OK,125.000,0.44,15708.399994764477
311,OK,120.900,0.44,15832.700009923428
312,OK,92.200,0.44,15887.19995925203
313,OK,76.100,0.44,15964.09996272996
314,OK,139.000,0.44,15701.299998909235
315,OK,76.600,0.44,15851.099975407124
316,OK,111.300,0.44,15777.69999857992
317,OK,81.700,0.44,15909.000008832663
318,OK,103.900,0.44,15944.900049362332
319,OK,162.400,0.44,15583.39997427538
320,OK,124.300,0.44,15968.299994710833
321,OK,233.500,0.44,15392.200031783432
322,OK,67.000,0.44,15938.900003675371
323,OK,114.200,0.44,15791.299985721707
324,OK,114.500,0.44,15866.70003598556
325,OK,96.000,0.44,15792.599995620549
326,OK,77.100,0.44,15860.59998953715
327,OK,97.500,0.44,15837.299986742437
328,OK,83.500,0.44,16298.900009132922
329,OK,112.200,0.44,15368.999971542507
330,OK,110.800,0.44,17019.399965647608
331,OK,113.000,0.44,14899.300003889948
332,OK,111.200,0.44,15573.700016830117
333,OK,108.100,0.44,15837.299986742437
334,OK,113.400,0.44,15850.399970076978
335,OK,113.600,0.44,15788.199962116778
336,OK,84.100,0.44,15863.899956457317
337,OK,109.300,0.44,15905.499982181937
338,OK,95.300,0.44,15981.299977283925
339,OK,104.100,0.44,15598.50003104657
340,OK,96.800,0.44,22953.30003835261
341,OK,104.800,0.44,8666.999987326562
342,OK,102.500,0.44,15804.999973624945
343,OK,144.500,0.44,15809.400007128716
344,OK,109.700,0.44,16013.799991924316
345,OK,108.200,0.44,15776.599990203977
346,OK,128.200,0.44,15668.00003638491
347,OK,110.000,0.44,15842.899971175939
348,OK,116.600,0.44,15836.199978366494
349,OK,118.500,0.44,15806.699986569583
350,OK,118.500,0.44,15809.000004082918
351,OK,103.900,0.44,15852.500044275075
352,OK,110.600,0.44,15836.300037335604
353,OK,114.400,0.44,15830.699994694442
354,OK,104.000,0.44,15862.600004766136
355,OK,115.100,0.44,15773.000020999461
356,OK,97.400,0.44,15798.499982338399
357,OK,71.800,0.44,15895.800024736673
358,OK,70.800,0.44,16442.69999815151
359,OK,100.900,0.44,15268.500021193177
360,OK,87.400,0.44,15891.90005324781
361,OK,107.100,0.44,15786.900010425597
362,OK,70.100,0.44,15889.399976003915
363,OK,71.700,0.44,15876.300050877035
364,OK,75.500,0.44,15859.500039368868
365,OK,98.300,0.44,15849.400020670146
366,OK,98.200,0.44,15859.30003784597
367,OK,79.900,0.44,15853.799995966256
368,OK,91.400,0.44,15860.899991821498
369,OK,93.700,0.44,15821.199980564415
370,OK,109.100,0.44,15817.000006791204
371,OK,95.700,0.44,15854.60000205785
372,OK,101.100,0.44,15870.500006712973
373,OK,114.100,0.44,15816.800005268306
374,OK,88.300,0.44,15844.499983359128
375,OK,105.700,0.44,15858.499973546714
376,OK,84.100,0.44,15852.400043513626
377,OK,117.100,0.44,15787.400014232844
378,OK,79.700,0.44,15905.199979897588
379,OK,85.000,0.44,15881.599974818528
380,OK,94.600,0.44,15911.099966615438
381,OK,110.000,0.44,15878.50000942126
382,OK,108.500,0.44,15720.999974291772
383,OK,74.900,0.44,15872.39996297285
384,OK,73.000,0.44,15848.300012294203
385,OK,76.000,0.44,15797.800035215914
386,OK,95.200,0.44,15943.299978971481
387,OK,119.100,0.44,15825.600014068186
388,OK,94.000,0.44,15813.19997785613
389,OK,100.800,0.44,15754.599997308105
390,OK,92.800,0.44,16010.799969080836
391,OK,95.500,0.44,15788.400021847337
392,OK,74.400,0.44,15812.499972525984
393,OK,108.000,0.44,15801.600005943328
394,OK,84.800,0.44,15867.89998691529
395,OK,93.700,0.44,15863.000007811934
396,OK,90.100,0.44,16310.900042299181
397,OK,96.000,0.44,15339.400037191808
398,OK,82.600,0.44,15859.299979638308
399,OK,72.500,0.44,15895.699965767562
400,OK,82.200,0.44,15918.599965516478
401,OK,100.700,0.44,15961.900004185736
402,OK,260.600,0.44,15356.399992015213
403,OK,94.200,0.44,15836.599981412292
404,OK,117.400,0.44,15823.099995031953
405,OK,117.500,0.44,15844.19998107478
406,OK,92.300,0.44,16569.900035392493
407,OK,135.700,0.44,14982.399996370077
408,OK,99.000,0.44,15826.29996119067
409,OK,90.900,0.44,15935.500035993755
410,OK,100.400,0.44,15803.199959918857
411,OK,99.800,0.44,15794.699953403324
412,OK,89.600,0.44,15873.89997439459
413,OK,93.400,0.44,15887.900022789836
414,OK,93.800,0.44,15816.600003745407
415,OK,102.500,0.44,16185.400018002838
416,OK,96.800,0.44,15577.59998831898
417,OK,152.500,0.44,16579.699993599206
418,OK,96.800,0.44,14926.099975127727
419,OK,126.700,0.44,15792.899997904897
420,OK,108.700,0.44,15654.69999331981
421,OK,99.400,0.44,15802.999958395958
422,OK,74.100,0.44,15912.40003472194
423,OK,102.800,0.44,15832.300006877631
424,OK,93.200,0.44,15806.600044015795
425,OK,96.300,0.44,15831.500000786036
426,OK,98.000,0.44,15835.3999722749
427,OK,103.900,0.44,15887.600020505488
428,OK,170.600,0.44,15729.999984614551
429,OK,95.500,0.44,15819.500025827438
430,OK,87.000,0.44,15864.400018472224
431,OK,69.100,0.44,15852.899989113212
432,OK,62.400,0.44,15888.200025074184
433,OK,53.800,0.44,15936.900046654046
434,OK,91.900,0.44,15927.900036331266
435,OK,89.100,0.44,15827.299968805164
436,OK,123.800,0.44,15803.699963726103
437,OK,89.000,0.44,15916.200005449355
438,OK,64.400,0.44,15898.700046818703
439,OK,68.000,0.44,15962.80001103878
440,OK,69.900,0.44,15863.400010857731
441,OK,86.800,0.44,15854.199999012053
442,OK,125.000,0.44,15813.599980901927
443,OK,67.200,0.44,15829.3999847956
444,OK,113.400,0.44,15811.70002464205
445,OK,54.200,0.44,15940.800018142909
446,OK,95.100,0.44,15826.49996271357
447,OK,73.100,0.44,15842.600027099252
448,OK,59.000,0.44,15950.300032272935
449,OK,58.900,0.44,15930.900000967085
450,OK,66.700,0.44,15858.199971262366
451,OK,64.800,0.44,15860.099985729903
452,OK,61.400,0.44,15905.700041912496
453,OK,77.300,0.44,15910.500020254403
454,OK,62.200,0.44,15923.300001304597
455,OK,67.700,0.44,15875.899989623576
456,OK,67.800,0.44,15833.400015253574
457,OK,80.700,0.44,15914.899995550513
458,OK,72.600,0.44,15912.199974991381
459,OK,65.600,0.44,15787.699958309531
460,OK,91.200,0.44,15927.599975839257
461,OK,96.400,0.44,15848.500013817102
462,OK,68.200,0.44,15886.300010606647
463,OK,68.300,0.44,15817.50001059845
464,OK,65.800,0.44,15908.00000121817
465,OK,88.200,0.44,15829.000039957464
466,OK,69.300,0.44,15890.19998209551
467,OK,61.700,0.44,15888.199966866523
468,OK,79.000,0.44,15889.699978288263
469,OK,79.800,0.44,15886.200009845197
470,OK,68.500,0.44,15891.999995801598
471,OK,110.100,0.44,15888.59996991232
472,OK,109.400,0.44,15772.000013384968
473,OK,92.700,0.44,15813.399979379028
474,OK,62.500,0.44,15905.599982943386
475,OK,108.200,0.44,15834.799967706203
476,OK,101.400,0.44,15890.999988187104
477,OK,65.900,0.44,15840.200008824468
478,OK,95.900,0.44,15816.900006029755
479,OK,95.800,0.44,15867.599984630942
480,OK,57.800,0.44,15919.700032100081
481,OK,77.500,0.44,15903.70002668351
482,OK,94.100,0.44,15817.70001212135
483,OK,142.000,0.44,15834.499965421855
484,OK,74.200,0.44,15875.29998505488
485,OK,53.600,0.44,15880.400023888797
486,OK,65.800,0.44,15909.100009594113
487,OK,61.100,0.44,15887.40001898259
488,OK,71.600,0.44,15946.100000292063
489,OK,159.000,0.44,15668.299980461597
490,OK,101.500,0.44,15789.000026416034
491,OK,83.100,0.44,15881.50003226474
492,OK,65.800,0.44,15883.699990808964
493,OK,52.100,0.44,15843.100030906498
494,OK,55.700,0.44,15942.199970595539
495,OK,89.600,0.44,15839.80000577867
496,OK,64.600,0.44,15948.799962643534
497,OK,162.600,0.44,15794.800012372434
498,OK,77.300,0.44,15827.000024728477
499,OK,126.700,0.44,15822.199988178909
500,OK,79.400,0.44,15822.999994270504
501,OK,76.900,0.44,15744.799980893731
502,OK,104.200,0.44,15867.099980823696
503,OK,68.800,0.44,15903.200022876263
504,OK,105.700,0.44,15750.90002734214
505,OK,81.600,0.44,15903.400024399161
506,OK,65.800,0.44,15864.000015426427
507,OK,70.300,0.44,15892.700001131743
508,OK,68.800,0.44,15878.200007136911
509,OK,65.800,0.44,15961.29999961704
510,OK,99.300,0.44,15794.999955687672
511,OK,113.300,0.44,15777.69999857992
512,OK,86.000,0.44,15892.600000370294
513,OK,62.100,0.44,15634.300012607127
514,OK,61.500,0.44,15959.999989718199
515,OK,76.600,0.44,15854.199999012053
516,OK,75.800,0.44,15881.799976341426
517,OK,63.200,0.44,15906.799992080778
518,OK,60.900,0.44,15863.799955695868
519,OK,90.700,0.44,19268.39997759089
520,OK,102.600,0.44,12416.200013831258
521,OK,90.800,0.44,15921.800048090518
522,OK,112.300,0.44,15787.500014994293
523,OK,97.600,0.44,15875.60004554689
524,OK,76.900,0.44,15816.800005268306
525,OK,94.900,0.44,15897.899982519448
526,OK,85.600,0.44,15791.999991051853
527,OK,90.300,0.44,15909.700014162809
528,OK,84.900,0.44,15832.300006877631
529,OK,106.400,0.44,15845.79999325797
530,OK,97.000,0.44,15818.300016690046
531,OK,96.700,0.44,15880.200022365898
532,OK,102.000,0.44,15821.200038772076
533,OK,77.100,0.44,15877.099998760968
534,OK,97.900,0.44,15825.400012545288
535,OK,94.500,0.44,15851.799980737269
536,OK,70.600,0.44,15910.800022538751
537,OK,95.500,0.44,15855.200006626546
538,OK,94.800,0.44,15817.300009075552
539,OK,96.300,0.44,15895.199961960316
540,OK,106.700,0.44,15795.39995873347
541,OK,94.900,0.44,15845.199988689274
542,OK,98.000,0.44,15859.499981161207
543,OK,121.300,0.44,15802.80001508072
544,OK,101.500,0.44,15850.799973122776
545,OK,134.400,0.44,15824.000001884997
546,OK,112.500,0.44,15846.599999349564
547,OK,97.500,0.44,15820.199972949922
548,OK,71.600,0.44,15890.799986664206
549,OK,85.600,0.44,15893.900010269135
550,OK,105.200,0.44,15805.59997819364
551,OK,91.100,0.44,15896.499971859157
552,OK,75.200,0.44,15928.79998497665
553,OK,93.300,0.44,15736.699977423996
554,OK,69.200,0.44,15893.900010269135
555,OK,76.600,0.44,15807.100047823042
556,OK,66.600,0.44,15950.499975588173
557,OK,74.900,0.44,15866.599977016449
558,OK,53.700,0.44,15918.899967800826
559,OK,66.600,0.44,15918.899967800826
560,OK,119.300,0.44,15821.100038010627
561,OK,62.200,0.44,15890.699985902756
562,OK,64.700,0.44,15854.299999773502
563,OK,62.900,0.44,15905.199979897588
564,OK,65.400,0.44,15893.499949015677
565,OK,65.000,0.44,15930.599998682737
566,OK,96.200,0.44,15854.900004342198
567,OK,93.500,0.44,15858.900034800172
568,OK,114.500,0.44,15827.900031581521
569,OK,80.300,0.44,15826.49996271357
570,OK,57.900,0.44,15921.699989121407
571,OK,94.100,0.44,15884.100052062422
572,OK,87.800,0.44,15735.500026494265
573,OK,87.800,0.44,15942.900034133345
574,OK,75.200,0.44,15896.700031589717
575,OK,73.800,0.44,15873.300028033555
576,OK,87.400,0.44,15850.19996855408
577,OK,131.600,0.44,15842.69996965304
578,OK,115.100,0.44,15809.900010935962
579,OK,68.700,0.44,15885.000000707805
580,OK,67.000,0.44,15880.199964158237
581,OK,77.100,0.44,15852.699987590313
582,OK,121.700,0.44,15825.200011022389
583,OK,67.500,0.44,15848.300012294203
584,OK,93.700,0.44,15865.500026848167
585,OK,75.400,0.44,15852.899989113212
586,OK,74.600,0.44,15991.699998266995
587,OK,67.000,0.44,15825.300011783838
588,OK,85.200,0.44,15917.00001154095
589,OK,95.200,0.44,15825.00000949949
590,OK,66.200,0.44,15840.500011108816
591,OK,88.600,0.44,15881.700033787638
592,OK,112.700,0.44,15788.500022608787
593,OK,89.200,0.44,15925.499959848821
594,OK,117.000,0.44,15759.500034619123
595,OK,110.500,0.44,15868.799993768334
596,OK,107.900,0.44,15796.700026839972
597,OK,99.600,0.44,15828.799980226904
598,OK,98.700,0.44,16406.800015829504
599,OK,97.000,0.44,15287.999995052814
600,OK,98.600,0.44,20268.29996611923
601,OK,138.000,0.44,17346.200009342283
602,OK,98.200,0.44,4451.499960850924
603,OK,95.800,0.44,30125.200049951673
604,OK,91.500,0.44,15881.799976341426
605,OK,185.400,0.44,33981.00001504645
606,OK,115.900,0.44,12848.70004747063
607,OK,88.500,0.44,15872.50002194196
608,OK,93.200,0.44,15857.200021855533
609,OK,94.600,0.44,15865.600027609617
610,OK,102.000,0.44,15813.599980901927
611,OK,98.900,0.44,15855.99995451048
612,OK,88.900,0.44,15858.600032515824
613,OK,76.900,0.44,15856.399957556278
614,OK,83.300,0.44,15863.50001161918
615,OK,86.600,0.44,15821.499982848763
616,OK,57.900,0.44,15944.699989631772
617,OK,83.000,0.44,15858.599974308163
618,OK,88.200,0.44,15927.999978885055
619,OK,167.600,0.44,15735.100023448467
620,OK,116.300,0.44,15742.399962618947
621,OK,59.400,0.44,15935.799980070442
622,OK,83.200,0.44,15867.599984630942
623,OK,97.000,0.44,16009.900020435452
624,OK,121.600,0.44,15692.999993916601
625,OK,72.400,0.44,15815.799997653812
626,OK,53.100,0.44,15840.900014154613
627,OK,60.100,0.44,15986.200014594942
628,OK,58.000,0.44,15904.099971521646
629,OK,89.900,0.44,15940.899960696697
630,OK,68.700,0.44,15739.499998744577
631,OK,70.900,0.44,15868.599992245436
632,OK,97.400,0.44,15842.099965084344
633,OK,74.900,0.44,15883.899992331862
634,OK,129.800,0.44,15835.199970752
635,OK,57.600,0.44,15902.400016784668
636,OK,77.000,0.44,15889.699978288263
637,OK,66.000,0.44,15855.600009672344
638,OK,85.100,0.44,15853.899996727705
639,OK,85.300,0.44,15864.79996331036
640,OK,80.700,0.44,15858.499973546714
641,OK,69.800,0.44,15884.799999184906
642,OK,67.700,0.44,15926.400024909526
643,OK,121.900,0.44,15741.300012450665
644,OK,71.500,0.44,15926.900028716773
645,OK,81.600,0.44,15847.500006202608
646,OK,68.600,0.44,15868.599992245436
647,OK,61.700,0.44,15894.999960437417
648,OK,49.400,0.44,15950.199973303825
649,OK,82.700,0.44,15820.999979041517
650,OK,62.200,0.44,15922.299993690103
651,OK,68.200,0.44,15887.09995849058
652,OK,68.000,0.44,15897.000033874065
653,OK,121.900,0.44,15803.200018126518
654,OK,90.900,0.44,15827.800030820072
655,OK,87.600,0.44,15919.499972369522
656,OK,91.800,0.44,15888.000023551285
657,OK,89.700,0.44,15836.999984458089
658,OK,64.100,0.44,15914.899995550513
659,OK,66.600,0.44,15890.29998285696
660,OK,65.000,0.44,15917.699958663434
661,OK,82.900,0.44,15806.099982000887
662,OK,62.800,0.44,15940.50001585856
663,OK,77.500,0.44,15786.40000661835
664,OK,91.900,0.44,15864.100016187876
665,OK,74.800,0.44,15841.09995746985
666,OK,52.900,0.44,15960.199991241097
667,OK,66.800,0.44,15879.8000193201
668,OK,62.900,0.44,15929.399989545345
669,OK,74.700,0.44,15937.099989969283
670,OK,64.800,0.44,15883.799991570413
671,OK,57.800,0.44,15815.299993846565
672,OK,55.300,0.44,15970.899956300855
673,OK,58.300,0.44,15909.700014162809
674,OK,78.800,0.44,15879.899961873889
675,OK,74.100,0.44,15914.799994789064
676,OK,72.000,0.44,15842.199965845793
677,OK,63.700,0.44,15938.299999106675
678,OK,50.300,0.44,15901.500009931624
679,OK,44.200,0.44,15840.100008063018
680,OK,63.300,0.44,15969.300002325326
681,OK,49.300,0.44,15930.29999639839
682,OK,65.400,0.44,15984.500001650304
683,OK,155.000,0.44,15622.800041455775
684,OK,68.200,0.44,15858.299972023815
685,OK,70.400,0.44,15871.899959165603
686,OK,72.100,0.44,16006.299993023276
687,OK,63.000,0.44,15802.299953065813
688,OK,87.700,0.44,15888.90003040433
689,OK,82.300,0.44,15929.099987260997
690,OK,76.800,0.44,15816.500002983958
691,OK,60.100,0.44,15960.199991241097
692,OK,74.300,0.44,15827.900031581521
693,OK,75.600,0.44,15827.299968805164
694,OK,72.700,0.44,15924.700011964887
695,OK,57.900,0.44,15906.49998979643
696,OK,56.400,0.44,15956.80002355948
697,OK,64.400,0.44,15850.299969315529
698,OK,65.100,0.44,15872.599964495748
699,OK,54.900,0.44,15912.700037006289
700,OK,66.300,0.44,15900.60000307858
701,OK,93.700,0.44,15750.89996913448
702,OK,65.300,0.44,15876.89999723807
703,OK,88.300,0.44,15924.40000968054
704,OK,74.600,0.44,15844.19998107478
705,OK,97.000,0.44,15861.699997913092
706,OK,77.700,0.44,15905.500040389597
707,OK,80.400,0.44,15869.299997575581
708,OK,68.000,0.44,15814.59998851642
709,OK,71.400,0.44,15869.299997575581
710,OK,69.400,0.44,15926.900028716773
711,OK,62.300,0.44,15915.29999859631
712,OK,76.200,0.44,15860.699990298599
713,OK,54.800,0.44,15892.299998085946
714,OK,55.300,0.44,15906.59999055788
715,OK,63.300,0.44,15948.700020089746
716,OK,61.600,0.44,15857.099962886423
717,OK,64.200,0.44,15915.099997073412
718,OK,78.800,0.44,15855.400008149445
719,OK,123.000,0.44,15835.599973797798
720,OK,74.900,0.44,15936.799987684935
721,OK,61.700,0.44,15859.199978876859
722,OK,76.700,0.44,15916.500007733703
723,OK,89.700,0.44,15786.300005856901
724,OK,58.200,0.44,15917.300013825297
725,OK,67.800,0.44,15934.299968648702
726,OK,76.400,0.44,15851.899981498718
727,OK,86.300,0.44,15840.900014154613
728,OK,90.300,0.44,15879.000013228506
729,OK,62.400,0.44,15861.499996390194
730,OK,84.300,0.44,15875.39998581633
731,OK,64.200,0.44,15895.699965767562
732,OK,81.300,0.44,15870.600007474422
733,OK,104.200,0.44,15843.600034713745
734,OK,80.300,0.44,15878.100006375462
735,OK,116.400,0.44,15902.300016023219
736,OK,88.900,0.44,15849.299961701035
737,OK,63.000,0.44,15877.900004852563
738,OK,87.600,0.44,15899.09999165684
739,OK,90.800,0.44,15810.499957296997
740,OK,64.700,0.44,15923.200000543147
741,OK,104.800,0.44,15755.999949760735
742,OK,93.100,0.44,15861.799998674542
743,OK,69.900,0.44,15917.00001154095
744,OK,91.800,0.44,15903.400024399161
745,OK,88.300,0.44,15775.799984112382
746,OK,77.600,0.44,15871.00001052022
747,OK,77.000,0.44,15922.599995974451
748,OK,78.100,0.44,15797.100029885769
749,OK,86.900,0.44,15899.899997748435
750,OK,97.400,0.44,15893.600007984787
751,OK,130.500,0.44,15787.800017278641
752,OK,81.200,0.44,15824.300004169345
753,OK,80.500,0.44,15887.30001822114
754,OK,63.900,0.44,15892.800001893193
755,OK,91.500,0.44,15866.599977016449
756,OK,70.700,0.44,15913.399984128773
757,OK,150.000,0.44,15751.10002886504
758,OK,66.100,0.44,15942.800033371896
759,OK,77.800,0.44,15743.50002920255
760,OK,60.400,0.44,15984.199999365956
761,OK,80.700,0.44,15806.499985046685
762,OK,63.300,0.44,15872.100018896163
763,OK,70.700,0.44,15896.899974904954
764,OK,57.500,0.44,15965.700033120811
765,OK,70.900,0.44,15892.800001893193
766,OK,66.300,0.44,15884.099993854761
767,OK,69.300,0.44,15787.300013471395
768,OK,85.100,0.44,15820.000029634684
769,OK,62.400,0.44,15955.099952407181
770,OK,81.800,0.44,15900.900005362928
771,OK,63.300,0.44,15872.899966780096
772,OK,71.300,0.44,15879.500017035753
773,OK,74.700,0.44,15873.699972871691
774,OK,98.000,0.44,15835.800033528358
775,OK,91.300,0.44,15945.699997246265
776,OK,74.400,0.44,15799.79999223724
777,OK,62.900,0.44,15965.69997491315
778,OK,65.000,0.44,15824.100002646446
779,OK,68.900,0.44,15898.699988611042
780,OK,62.700,0.44,15927.900036331266
781,OK,71.200,0.44,15869.099996052682
782,OK,64.700,0.44,15890.499984379858
783,OK,63.100,0.44,15849.100018385798
784,OK,86.700,0.44,15908.200002741069
785,OK,87.800,0.44,15816.800005268306
786,OK,88.600,0.44,15877.400001045316
787,OK,77.400,0.44,15922.999999020249
788,OK,110.200,0.44,15788.10001956299
789,OK,95.700,0.44,15856.799960602075
790,OK,82.500,0.44,15826.800023205578
791,OK,87.800,0.44,15866.099973209202
792,OK,61.500,0.44,15910.400019492954
793,OK,75.800,0.44,15866.899979300797
794,OK,79.900,0.44,15893.700008746237
795,OK,64.000,0.44,15868.799993768334
796,OK,78.900,0.44,15825.600014068186
797,OK,65.500,0.44,15921.999991405755
798,OK,65.600,0.44,15902.399958577007
799,OK,94.100,0.44,15832.600009161979
800,OK,61.200,0.44,15916.500007733703
801,OK,117.900,0.44,15677.799994591624
802,OK,125.700,0.44,15718.899958301336
803,OK,98.100,0.44,15867.89998691529
804,OK,74.400,0.44,15932.500013150275
805,OK,119.000,0.44,15757.00001558289
806,OK,83.200,0.44,15852.599986828864
807,OK,63.700,0.44,15891.499991994351
808,OK,59.000,0.44,15904.099971521646
809,OK,65.900,0.44,15908.699948340654
810,OK,90.100,0.44,15853.299992159009
811,OK,82.000,0.44,15918.19996247068
812,OK,87.000,0.44,15800.900000613183
813,OK,81.900,0.44,15928.499982692301
814,OK,78.800,0.44,15892.600000370294
815,OK,66.500,0.44,15838.899998925626
816,OK,129.200,0.44,15815.299993846565
817,OK,69.800,0.44,15919.200028292835
818,OK,73.200,0.44,15804.599970579147
819,OK,80.100,0.44,15894.299955107272
820,OK,85.700,0.44,15846.399997826666
821,OK,79.700,0.44,15870.90000975877
822,OK,78.400,0.44,15870.69995002821
823,OK,75.500,0.44,15879.299957305193
824,OK,77.500,0.44,15902.600018307567
825,OK,79.700,0.44,15849.300019908696
826,OK,78.600,0.44,15871.299954596907
827,OK,139.200,0.44,15852.099983021617
828,OK,68.200,0.44,15867.599984630942
829,OK,65.500,0.44,15878.100006375462
830,OK,63.200,0.44,15796.000021509826
831,OK,80.400,0.44,15876.89999723807
832,OK,69.100,0.44,15926.499967463315
833,OK,65.700,0.44,15935.899980831891
834,OK,74.300,0.44,15839.90000654012
835,OK,66.700,0.44,15871.300012804568
836,OK,83.900,0.44,15874.199976678938
837,OK,68.200,0.44,15851.399977691472
838,OK,82.000,0.44,15860.900050029159
839,OK,80.700,0.44,15873.400028795004
840,OK,80.300,0.44,15913.99998869747
841,OK,93.200,0.44,15714.600041974336
842,OK,100.400,0.44,15840.999956708401
843,OK,96.900,0.44,15854.400000534952
844,OK,93.200,0.44,15829.29998403415
845,OK,69.500,0.44,15918.600023724139
846,OK,95.300,0.44,15844.699984882027
847,OK,89.100,0.44,15878.999955020845
848,OK,92.300,0.44,15786.000003572553
849,OK,69.700,0.44,15915.199997834861
850,OK,94.900,0.44,15874.999982770532
851,OK,96.400,0.44,15835.800033528358
852,OK,108.400,0.44,15796.000021509826
853,OK,85.800,0.44,15904.000028967857
854,OK,108.000,0.44,15788.10001956299
855,OK,93.200,0.44,15888.199966866523
856,OK,78.900,0.44,15894.300013314933
857,OK,78.800,0.44,15812.099969480187
858,OK,89.600,0.44,15883.099986240268
859,OK,90.800,0.44,15837.899991311133
860,OK,98.700,0.44,16091.70000301674
861,OK,122.700,0.44,15576.900041196495
862,OK,91.400,0.44,15873.500029556453
863,OK,88.200,0.44,15830.89999621734
864,OK,83.000,0.44,15868.299989961088
865,OK,71.500,0.44,15884.699998423457
866,OK,93.700,0.44,15873.699972871691
867,OK,105.000,0.44,15807.699994184077
868,OK,104.800,0.44,15901.600010693073
869,OK,143.300,0.44,15726.900019217283
870,OK,91.000,0.44,15760.300040710717
871,OK,73.700,0.44,15867.99998767674
872,OK,50.100,0.44,15942.800033371896
873,OK,64.300,0.44,15914.799994789064
874,OK,99.300,0.44,15775.399981066585
875,OK,58.100,0.44,15922.199992928654
876,OK,83.000,0.44,15854.099998250604
877,OK,59.400,0.44,15935.499977786094
878,OK,61.100,0.44,15906.999993603677
879,OK,62.900,0.44,15884.29999537766
880,OK,63.800,0.44,15919.600031338632
881,OK,61.400,0.44,15887.700021266937
882,OK,51.900,0.44,15931.60000629723
883,OK,62.500,0.44,15906.59999055788
884,OK,117.100,0.44,15827.099967282265
885,OK,113.000,0.44,15817.50001059845
886,OK,66.600,0.44,15853.599994443357
887,OK,52.600,0.44,15946.50000333786
888,OK,61.300,0.44,15906.299988273531
889,OK,65.600,0.44,15866.499976255
890,OK,62.300,0.44,15901.500009931624
891,OK,58.300,0.44,15859.20003708452
892,OK,65.200,0.44,15937.59999377653
893,OK,61.900,0.44,15954.800008330494
894,OK,160.000,0.44,17704.199999570847
895,OK,181.300,0.44,13672.699977178127
896,OK,106.300,0.44,15867.600042838603
897,OK,83.300,0.44,15852.199983783066
898,OK,62.500,0.44,15914.799994789064
899,OK,99.000,0.44,15755.30000263825
900,OK,68.500,0.44,15971.599961631
901,OK,64.600,0.44,15798.600041307509
902,OK,70.600,0.44,15836.400038097054
903,OK,89.200,0.44,15843.700035475194
904,OK,115.300,0.44,15845.199988689274
905,OK,91.400,0.44,15831.700002308935
906,OK,91.600,0.44,15836.499980650842
907,OK,99.300,0.44,15855.200006626546
908,OK,104.600,0.44,15833.69995933026
909,OK,104.200,0.44,15851.80003894493
910,OK,104.700,0.44,15863.900014664978
911,OK,100.400,0.44,15782.499976921827
912,OK,103.500,0.44,15888.80002964288
913,OK,104.800,0.44,15772.299957461655
914,OK,82.400,0.44,15866.200032178313
915,OK,79.500,0.44,15879.000013228506
916,OK,89.400,0.44,15878.600010182709
917,OK,101.400,0.44,15811.70002464205
918,OK,126.600,0.44,15829.29998403415
919,OK,106.500,0.44,15794.900013133883
920,OK,91.700,0.44,15867.89998691529
921,OK,94.000,0.44,15880.000020843
922,OK,104.300,0.44,17809.599987231195
923,OK,93.600,0.44,13818.99998523295
924,OK,108.600,0.44,15834.899968467653
925,OK,106.100,0.44,15844.29998183623
926,OK,109.400,0.44,15821.200038772076
927,OK,102.800,0.44,15860.4999887757
928,OK,86.300,0.44,15856.900019571185
929,OK,96.500,0.44,15849.899966269732
930,OK,88.300,0.44,15857.699967455119
931,OK,89.400,0.44,15837.099985219538
932,OK,67.900,0.44,15865.00002304092
933,OK,53.700,0.44,15892.299998085946
934,OK,49.700,0.44,15997.799986507744
935,OK,75.100,0.44,15838.099992834032
936,OK,63.700,0.44,15978.700015693903
937,OK,127.700,0.44,15745.09998317808
938,OK,128.000,0.44,15671.400004066527
939,OK,47.100,0.44,15936.09998235479
940,OK,64.500,0.44,15917.00001154095
941,OK,66.700,0.44,15923.500002827495
942,OK,86.600,0.44,15917.900018393993
943,OK,128.900,0.44,15727.700025308877
944,OK,75.900,0.44,15859.799983445555
945,OK,91.400,0.44,15851.899981498718
946,OK,53.500,0.44,15956.300019752234
947,OK,60.000,0.44,15860.099985729903
948,OK,70.600,0.44,15944.699989631772
949,OK,105.500,0.44,15842.700027860701
950,OK,78.000,0.44,15913.400042336434
951,OK,65.500,0.44,15823.3999973163
952,OK,83.700,0.44,15898.899990133941
953,OK,108.800,0.44,15806.799987331033
954,OK,116.400,0.44,15772.200014907867
955,OK,64.800,0.44,15928.299981169403
956,OK,104.900,0.44,15856.20001424104
957,OK,74.900,0.44,15845.199988689274
958,OK,64.800,0.44,15796.199964825064
959,OK,112.200,0.44,15900.799946393818
960,OK,130.700,0.44,15826.100017875433
961,OK,96.100,0.44,15783.799986820668
962,OK,76.800,0.44,15873.300028033555
963,OK,75.900,0.44,15888.799971435219
964,OK,77.300,0.44,16029.299993533641
965,OK,113.100,0.44,15625.799947883934
966,OK,101.900,0.44,15858.300030231476
967,OK,83.800,0.44,15927.900036331266
968,OK,84.000,0.44,15850.100026000291
969,OK,67.300,0.44,15863.599954172969
970,OK,84.000,0.44,15837.200044188648
971,OK,66.300,0.44,15939.500008244067
972,OK,80.700,0.44,15872.699965257198
973,OK,61.600,0.44,15952.799993101507
974,OK,83.000,0.44,15853.499993681908
975,OK,68.000,0.44,15835.899976082146
976,OK,55.700,0.44,15921.699989121407
977,OK,62.900,0.44,15894.500014837831
978,OK,63.400,0.44,15912.39997651428
979,OK,79.400,0.44,15872.099960688502
980,OK,64.800,0.44,15909.60001340136
981,OK,72.600,0.44,15870.600007474422
982,OK,68.500,0.44,15912.50003548339
983,OK,61.700,0.44,15904.399973805994
984,OK,53.300,0.44,15856.799960602075
985,OK,48.900,0.44,15917.200013063848
986,OK,46.100,0.44,15939.700009766966
987,OK,48.700,0.44,15908.600005786866
988,OK,68.800,0.44,15895.700023975223
989,OK,74.100,0.44,15879.300015512854
990,OK,58.700,0.44,15880.899969488382
991,OK,61.000,0.44,15907.599998172373
992,OK,102.500,0.44,15865.400026086718
993,OK,77.100,0.44,15906.799992080778
994,OK,51.900,0.44,15884.699998423457
995,OK,47.700,0.44,15912.29997575283
996,OK,57.600,0.44,15937.099989969283
997,OK,44.700,0.44,15923.500002827495
998,OK,48.000,0.44,15907.199995126575
999,OK,46.500,0.44,15914.699994027615
1000,OK,61.500,0.44,16066.000040154904
1001,OK,192.100,0.44,15139.500028453767
1002,OK,89.000,0.44,15841.29995899275
1003,OK,90.100,0.44,15889.699978288263
1004,OK,86.800,0.44,15843.00003014505
1005,OK,74.400,0.44,15912.39997651428
1006,OK,126.500,0.44,15756.500011775643
1007,OK,85.000,0.44,15869.49999909848
1008,OK,70.700,0.44,15883.199987001717
1009,OK,72.600,0.44,15924.100007396191
1010,OK,111.700,0.44,15842.400025576353
1011,OK,71.400,0.44,15888.500027358532
1012,OK,117.800,0.44,15856.699959840626
1013,OK,63.100,0.44,15859.399980399758
1014,OK,62.600,0.44,15903.70002668351
1015,OK,80.700,0.44,15828.799980226904
1016,OK,54.700,0.44,15893.20000493899
1017,OK,50.200,0.44,15940.70001738146
1018,OK,52.200,0.44,15923.900005873293
1019,OK,55.900,0.44,15912.899980321527
1020,OK,53.700,0.44,15949.100023135543
1021,OK,61.500,0.44,15874.399978201836
1022,OK,74.700,0.44,15861.499996390194
1023,OK,52.900,0.44,15916.500007733703
1024,OK,67.500,0.44,15879.90002008155
1025,OK,88.400,0.44,15621.699974872172
1026,OK,82.000,0.44,15840.500011108816
1027,OK,62.300,0.44,15943.59998125583
1028,OK,70.400,0.44,15847.30000467971
1029,OK,60.900,0.44,15884.699998423457
1030,OK,57.200,0.44,15930.29999639839
1031,OK,48.300,0.44,15957.500028889626
1032,OK,79.200,0.44,15848.100010771304
1033,OK,111.000,0.44,15834.300022106618
1034,OK,75.900,0.44,15905.399981420487
1035,OK,64.900,0.44,15883.199987001717
1036,OK,69.200,0.44,15909.099951386452
1037,OK,68.000,0.44,15875.499986577779
1038,OK,69.300,0.44,15853.999997489154
1039,OK,67.400,0.44,15903.799969237298
1040,OK,64.000,0.44,15929.300046991557
1041,OK,62.500,0.44,15877.900004852563
1042,OK,61.300,0.44,15842.499968130141
1043,OK,79.500,0.44,15891.199989710003
1044,OK,86.100,0.44,15903.300023637712
1045,OK,60.100,0.44,15862.00000019744
1046,OK,66.100,0.44,15875.29998505488
1047,OK,63.800,0.44,15923.099999781698
1048,OK,98.900,0.44,15796.80002760142
1049,OK,128.200,0.44,15911.1000248231
1050,OK,90.500,0.44,15801.500005181879
1051,OK,77.800,0.44,15786.60000814125
1052,OK,84.100,0.44,15802.80001508072
1053,OK,111.500,0.44,15847.800008486956
1054,OK,80.800,0.44,15888.600028119981
1055,OK,61.900,0.44,15855.600009672344
1056,OK,100.000,0.44,15821.000037249178
1057,OK,70.600,0.44,15907.699998933822
1058,OK,79.600,0.44,15876.199991907924
1059,OK,56.700,0.44,15914.10004766658
1060,OK,71.800,0.44,15877.600002568215
1061,OK,75.700,0.44,15959.599986672401
1062,OK,62.800,0.44,15833.90001906082
1063,OK,112.600,0.44,15835.599973797798
1064,OK,70.500,0.44,15816.700004506856
1065,OK,66.400,0.44,15926.099964417517
1066,OK,73.300,0.44,15851.299976930022
1067,OK,50.900,0.44,15918.30002143979
1068,OK,48.700,0.44,15946.50000333786
1069,OK,52.000,0.44,15888.299967627972
1070,OK,54.900,0.44,15907.699998933822
1071,OK,49.500,0.44,15898.899990133941
1072,OK,47.900,0.44,15936.999989207834
1073,OK,51.700,0.44,15872.900024987757
1074,OK,61.100,0.44,15895.599965006113
1075,OK,67.700,0.44,15928.79998497665
1076,OK,70.900,0.44,15869.700000621378
1077,OK,72.100,0.44,15887.899964582175
1078,OK,69.800,0.44,15959.299984388053
1079,OK,57.600,0.44,15883.499989286065
1080,OK,66.400,0.44,15917.500015348196
1081,OK,67.800,0.44,15872.999967541546
1082,OK,59.400,0.44,15888.69997067377
1083,OK,63.100,0.44,15855.299949180335
1084,OK,63.500,0.44,15932.800015434623
1085,OK,63.100,0.44,15975.099988281727
1086,OK,77.100,0.44,15836.199978366494
1087,OK,91.900,0.44,15910.500020254403
1088,OK,62.000,0.44,15797.200030647218
1089,OK,84.600,0.44,15936.400042846799
1090,OK,85.500,0.44,15869.700000621378
1091,OK,80.700,0.44,15804.000024218112
1092,OK,88.800,0.44,15829.000039957464
1093,OK,89.800,0.44,15947.79995502904
1094,OK,89.800,0.44,15760.899987071753
1095,OK,113.500,0.44,15794.500010088086
1096,OK,79.900,0.44,16445.099958218634
1097,OK,88.600,0.44,15300.200029741973
1098,OK,71.600,0.44,15838.799998164177
1099,OK,68.400,0.44,15880.499966442585
1100,OK,81.200,0.44,15858.699975069612
1101,OK,80.700,0.44,15788.700024131685
1102,OK,93.300,0.44,15869.49999909848
1103,OK,120.000,0.44,15860.999992582947
1104,OK,392.900,0.44,15434.800006914884
1105,OK,58.000,0.44,15820.799977518618
1106,OK,78.300,0.44,15862.300002481788
1107,OK,81.000,0.44,15866.299974732101
1108,OK,79.700,0.44,15962.999954354018
1109,OK,146.300,0.44,15734.999964479357
1110,OK,70.300,0.44,15834.699966944754
1111,OK,93.500,0.44,15849.400020670146
1112,OK,88.700,0.44,15827.500028535724
1113,OK,69.300,0.44,15920.899983029813
1114,OK,69.700,0.44,15845.899994019419
1115,OK,62.200,0.44,15902.899962384254
1116,OK,57.600,0.44,15911.199967376888
1117,OK,68.700,0.44,15929.600049275905
1118,OK,98.700,0.44,15904.000028967857
1119,OK,102.800,0.44,15806.299983523786
1120,OK,110.000,0.44,16711.300006136298
1121,OK,118.300,0.44,14850.09997850284
1122,OK,64.600,0.44,15850.20002676174
1123,OK,42.100,0.44,15949.50002618134
1124,OK,46.500,0.44,15950.300032272935
1125,OK,48.100,0.44,15899.499994702637
1126,OK,67.100,0.44,15924.40000968054
1127,OK,65.400,0.44,15869.900002144277
1128,OK,88.500,0.44,15820.000029634684
1129,OK,57.300,0.44,15998.50005004555
1130,OK,143.800,0.44,15662.599995266646
1131,OK,78.300,0.44,15981.299977283925
1132,OK,110.500,0.44,15771.300008054823
1133,OK,77.400,0.44,15845.999994780868
1134,OK,80.400,0.44,15891.199989710003
1135,OK,82.000,0.44,15815.899998415262
1136,OK,65.700,0.44,16136.299993377179
1137,OK,86.900,0.44,15591.500035952777
1138,OK,63.500,0.44,15928.099979646504
1139,OK,87.200,0.44,15793.90000551939
1140,OK,85.200,0.44,15954.299946315587
1141,OK,84.000,0.44,15828.099974896759
1142,OK,81.000,0.44,15864.400018472224
1143,OK,120.800,0.44,15880.499966442585
1144,OK,88.300,0.44,15828.200033865869
1145,OK,94.000,0.44,15842.500026337802
1146,OK,84.400,0.44,15780.300018377602
1147,OK,84.900,0.44,15894.200012553483
1148,OK,92.300,0.44,15832.200006116182
1149,OK,82.900,0.44,15853.699995204806
1150,OK,83.500,0.44,15861.000050790608
1151,OK,88.400,0.44,16020.59998549521
1152,OK,120.000,0.44,15698.799979873002
1153,OK,119.700,0.44,15784.399991389364
1154,OK,86.400,0.44,15848.500013817102
1155,OK,104.900,0.44,15807.09998961538
1156,OK,114.400,0.44,15854.400000534952
1157,OK,120.900,0.44,15914.099989458919
1158,OK,96.400,0.44,15726.800018455833
1159,OK,93.400,0.44,15834.699966944754
1160,OK,89.600,0.44,15862.800006289035
1161,OK,85.500,0.44,15865.800029132515
1162,OK,89.600,0.44,15829.799987841398
1163,OK,79.400,0.44,15872.000018134713
1164,OK,84.700,0.44,15832.200006116182
1165,OK,76.300,0.44,15901.700011454523
1166,OK,86.200,0.44,15826.400020159781
1167,OK,75.800,0.44,15875.39998581633
1168,OK,72.800,0.44,15888.200025074184
1169,OK,64.900,0.44,15909.40001187846
1170,OK,100.600,0.44,15816.400002222508
1171,OK,59.700,0.44,15934.999973978847
1172,OK,106.000,0.44,15865.900029893965
1173,OK,63.200,0.44,15843.600034713745
1174,OK,87.100,0.44,15867.499983869493
1175,OK,67.500,0.44,15943.59998125583
1176,OK,64.100,0.44,15790.699981153011
1177,OK,52.600,0.44,15921.39998683706
1178,OK,60.500,0.44,15959.399985149503
1179,OK,59.000,0.44,15885.400003753603
1180,OK,57.300,0.44,15832.200006116182
1181,OK,56.400,0.44,15970.10000841692
1182,OK,57.400,0.44,15958.599979057908
1183,OK,72.500,0.44,15902.599960099906
1184,OK,65.500,0.44,15880.500024650246
1185,OK,60.600,0.44,15891.199989710003
1186,OK,57.400,0.44,15907.399996649474
1187,OK,61.900,0.44,16319.699992891401
1188,OK,176.000,0.44,15283.399960026145
1189,OK,87.300,0.44,15770.900005009025
1190,OK,79.100,0.44,15872.799966018647
1191,OK,68.500,0.44,15898.700046818703
1192,OK,60.200,0.44,15939.500008244067
1193,OK,77.800,0.44,15855.700010433793
1194,OK,64.700,0.44,15945.399994961917
1195,OK,67.600,0.44,15880.899969488382
1196,OK,78.400,0.44,15880.499966442585
1197,OK,154.000,0.44,15668.499981984496
1198,OK,123.700,0.44,15829.899988602847
1199,OK,74.300,0.44,15945.999999530613
1200,OK,135.700,0.44,15781.300025992095
1201,OK,67.900,0.44,15658.699965570122
1202,OK,60.300,0.44,15847.900009248406
1203,OK,53.000,0.44,15942.700032610446
1204,OK,69.000,0.44,15882.199979387224
1205,OK,58.600,0.44,15919.79997465387
1206,OK,64.000,0.44,15893.10000417754
1207,OK,90.700,0.44,15812.699974048883
1208,OK,69.100,0.44,15969.500003848225
1209,OK,115.800,0.44,15727.100020740181
1210,OK,78.000,0.44,15941.300021950155
1211,OK,128.100,0.44,15776.19998715818
1212,OK,85.500,0.44,15998.099988792092
1213,OK,94.300,0.44,15594.299999065697
1214,OK,87.000,0.44,15852.500044275075
1215,OK,57.200,0.44,15900.70000384003
1216,OK,78.300,0.44,15926.000021863729
1217,OK,56.000,0.44,15898.399986326694
1218,OK,82.700,0.44,15906.39998903498
1219,OK,65.500,0.44,15873.700031079352
1220,OK,61.800,0.44,16502.899990882725
1221,OK,82.600,0.44,15227.199997752905
1222,OK,142.400,0.44,15769.499994348735
1223,OK,78.900,0.44,15870.400005951524
1224,OK,62.700,0.44,15867.399983108044
1225,OK,61.200,0.44,15934.199967887253
1226,OK,74.200,0.44,15857.799968216568
1227,OK,95.000,0.44,15856.600017286837
1228,OK,77.200,0.44,15850.100026000291
1229,OK,63.300,0.44,15872.50002194196
1230,OK,79.700,0.44,15886.200009845197
1231,OK,78.600,0.44,15871.500014327466
1232,OK,60.300,0.44,15886.300010606647
1233,OK,75.300,0.44,15919.599973130971
1234,OK,111.400,0.44,15767.09997607395
1235,OK,90.800,0.44,15869.49999909848
1236,OK,88.600,0.44,16112.599987536669
1237,OK,199.900,0.44,16041.099966969341
1238,OK,90.700,0.44,15226.099989376962
1239,OK,89.300,0.44,15896.800032351166
1240,OK,111.900,0.44,15801.000001374632
1241,OK,97.800,0.44,15845.79999325797
1242,OK,74.100,0.44,15851.200034376234
1243,OK,87.600,0.44,15895.500022452325
1244,OK,64.200,0.44,15874.899982009083
1245,OK,91.000,0.44,15854.60000205785
1246,OK,81.600,0.44,15871.699957642704
1247,OK,125.900,0.44,15790.800040122122
1248,OK,61.100,0.44,15903.70002668351
1249,OK,80.500,0.44,15870.400005951524
1250,OK,89.100,0.44,15941.600024234504
1251,OK,101.000,0.44,15711.500018369406
1252,OK,92.600,0.44,16374.60000347346
1253,OK,89.900,0.44,15329.500020015985
1254,OK,107.100,0.44,15815.99999917671
1255,OK,99.000,0.44,15850.899973884225
1256,OK,69.300,0.44,15785.600000526756
1257,OK,60.300,0.44,15925.100015010685
1258,OK,81.000,0.44,15854.400000534952
1259,OK,86.000,0.44,15980.59997195378
1260,OK,81.800,0.44,15727.900026831776
1261,OK,56.000,0.44,15892.199997324497
1262,OK,57.500,0.44,15883.199987001717
1263,OK,57.800,0.44,15955.40001289919
1264,OK,64.100,0.44,15889.699978288263
1265,OK,56.900,0.44,15919.200028292835
1266,OK,58.400,0.44,15896.000026259571
1267,OK,81.700,0.44,15870.400005951524
1268,OK,103.000,0.44,15889.999980572611
1269,OK,114.700,0.44,15742.399962618947
1270,OK,68.900,0.44,15875.899989623576
1271,OK,49.800,0.44,15902.700019069016
1272,OK,45.200,0.44,15937.999996822327
1273,OK,38.000,0.44,15977.400005795062
1274,OK,54.800,0.44,15862.00000019744
1275,OK,48.600,0.44,15922.8999982588
1276,OK,102.700,0.44,15895.599965006113
1277,OK,112.100,0.44,15795.30001617968
1278,OK,79.000,0.44,15839.600004255772
1279,OK,95.400,0.44,15887.799963820726
1280,OK,68.700,0.44,15855.100005865097
1281,OK,91.300,0.44,15821.100038010627
1282,OK,108.400,0.44,15799.399989191443
1283,OK,94.900,0.44,15899.1000498645
1284,OK,142.100,0.44,15744.599979370832
1285,OK,179.300,0.44,15759.700036142021
1286,OK,156.400,0.44,15795.200015418231
1287,OK,68.200,0.44,16030.200000386685
1288,OK,66.700,0.44,15811.70002464205
1289,OK,65.100,0.44,15787.800017278641
1290,OK,64.600,0.44,15981.000033207238
1291,OK,60.100,0.44,15812.499972525984
1292,OK,55.800,0.44,15945.699997246265
1293,OK,89.000,0.44,15854.500001296401
1294,OK,82.400,0.44,15849.100018385798
1295,OK,69.100,0.44,15894.999960437417
1296,OK,63.400,0.44,15902.099956292659
1297,OK,47.900,0.44,15851.500036660582
1298,OK,65.800,0.44,15939.700009766966
1299,OK,58.900,0.44,15955.000009853393
1300,OK,55.100,0.44,15877.600002568215
1301,OK,90.600,0.44,15712.000022176653
1302,OK,79.100,0.44,15934.70002990216
1303,OK,69.700,0.44,15887.399960774928
1304,OK,63.400,0.44,15829.29998403415
1305,OK,56.700,0.44,15926.800027955323
1306,OK,52.100,0.44,15907.299995888025
1307,OK,53.400,0.44,15939.400007482618
1308,OK,55.900,0.44,15875.599987339228
1309,OK,45.100,0.44,15960.600052494556
1310,OK,50.200,0.44,15901.500009931624
1311,OK,39.600,0.44,15851.200034376234
1312,OK,62.200,0.44,15967.399987857789
1313,OK,46.600,0.44,15886.000008322299
1314,OK,51.300,0.44,15969.000000040978
1315,OK,55.300,0.44,15935.699979308993
1316,OK,53.100,0.44,15914.099989458919
1317,OK,61.500,0.44,15891.499991994351
1318,OK,60.400,0.44,15912.699978798628
1319,OK,75.800,0.44,15872.60002270341
1320,OK,69.100,0.44,15890.19998209551
1321,OK,60.000,0.44,15860.899991821498
1322,OK,57.100,0.44,15855.700010433793
1323,OK,60.400,0.44,15896.09996881336
1324,OK,70.700,0.44,15869.800001382828
1325,OK,56.500,0.44,15985.500009264797
1326,OK,58.700,0.44,15865.800029132515
1327,OK,51.000,0.44,15908.400004263967
1328,OK,46.900,0.44,15923.200000543147
1329,OK,49.000,0.44,15909.200010355562
1330,OK,55.000,0.44,15956.000017467886
1331,OK,61.400,0.44,15812.899975571781
1332,OK,57.200,0.44,15924.100007396191
1333,OK,61.200,0.44,15903.699968475848
1334,OK,64.500,0.44,15934.999973978847
1335,OK,69.500,0.44,15801.40000442043
1336,OK,63.500,0.44,15881.100029218942
1337,OK,50.200,0.44,15948.199958074838
1338,OK,62.200,0.44,15880.800026934594
1339,OK,55.700,0.44,15926.100022625178
1340,OK,51.700,0.44,16009.599959943444
1341,OK,149.300,0.44,15642.499958630651
1342,OK,89.000,0.44,15884.499996900558
1343,OK,72.200,0.44,15841.600019484758
1344,OK,92.900,0.44,15862.00000019744
1345,OK,86.200,0.44,15898.499987088144
1346,OK,65.800,0.44,15842.100023292005
1347,OK,60.500,0.44,15866.200032178313
1348,OK,58.700,0.44,15920.799982268363
1349,OK,58.000,0.44,15887.800022028387
1350,OK,88.900,0.44,15880.600025411695
1351,OK,74.400,0.44,15876.699995715171
1352,OK,62.100,0.44,15900.300000794232
1353,OK,65.100,0.44,15893.10000417754
1354,OK,59.700,0.44,15883.099986240268
1355,OK,61.500,0.44,15898.799989372492
1356,OK,69.600,0.44,15868.399990722537
1357,OK,57.600,0.44,15912.599978037179
1358,OK,61.300,0.44,15910.9000233002
1359,OK,62.300,0.44,15902.999963145703
1360,OK,80.400,0.44,15908.500005025417
1361,OK,71.200,0.44,15907.199995126575
1362,OK,107.900,0.44,15791.099984198809
1363,OK,103.200,0.44,15884.30005358532
1364,OK,108.500,0.44,15783.699986059219
1365,OK,108.500,0.44,15883.199987001717
1366,OK,66.600,0.44,15823.800000362098
1367,OK,80.800,0.44,15925.399959087372
1368,OK,65.700,0.44,15851.199976168573
1369,OK,61.900,0.44,15878.800011705607
1370,OK,63.400,0.44,15915.800002403557
1371,OK,66.500,0.44,15880.800026934594
1372,OK,65.700,0.44,15883.599990047514
1373,OK,64.200,0.44,15884.699998423457
1374,OK,64.000,0.44,15907.399996649474
1375,OK,75.900,0.44,15885.600005276501
1376,OK,78.700,0.44,15846.199996303767
1377,OK,75.500,0.44,15891.499991994351
1378,OK,59.400,0.44,15906.899992842227
1379,OK,58.800,0.44,15965.400030836463
1380,OK,63.000,0.44,15846.200054511428
1381,OK,59.200,0.44,15880.699967965484
1382,OK,69.700,0.44,15881.600033026189
1383,OK,157.100,0.44,15790.99998343736
1384,OK,106.100,0.44,15811.500023119152
1385,OK,74.800,0.44,15928.79998497665
1386,OK,80.500,0.44,15854.60000205785
1387,OK,52.900,0.44,15931.60000629723
1388,OK,138.900,0.44,15849.399962462485
1389,OK,72.600,0.44,15793.300000950694
1390,OK,62.900,0.44,15917.800017632544
1391,OK,107.300,0.44,15846.700000111014
1392,OK,74.400,0.44,15891.7999942787
1393,OK,87.700,0.44,15861.499996390194
1394,OK,63.800,0.44,15874.200034886599
1395,OK,60.100,0.44,15916.700009256601
1396,OK,88.500,0.44,15836.200036574155
1397,OK,76.300,0.44,15859.600040130317
1398,OK,57.000,0.44,15906.70004952699
1399,OK,67.900,0.44,15920.199977699667
1400,OK,58.800,0.44,15909.60001340136
1401,OK,91.100,0.44,15759.700036142021
1402,OK,77.800,0.44,15806.500043254346
1403,OK,88.100,0.44,15974.399982951581
1404,OK,65.000,0.44,15866.50003446266
1405,OK,61.900,0.44,15841.600019484758
1406,OK,80.900,0.44,15844.699984882027
1407,OK,80.900,0.44,15885.90000756085
1408,OK,113.600,0.44,15752.700041048229
1409,OK,73.900,0.44,15837.599989026785
1410,OK,49.600,0.44,15979.09996053204
1411,OK,68.400,0.44,15936.999989207834
1412,OK,75.400,0.44,15919.299970846623
1413,OK,79.500,0.44,15753.499988932163
1414,OK,53.100,0.44,15901.500009931624
1415,OK,48.500,0.44,15970.700012985617
1416,OK,56.400,0.44,15875.799988862127
1417,OK,62.000,0.44,15898.600046057254
1418,OK,89.300,0.44,15982.399985659868
1419,OK,89.300,0.44,15793.300000950694
1420,OK,61.800,0.44,15878.800011705607
1421,OK,62.600,0.44,15931.900008581579
1422,OK,63.900,0.44,15866.099973209202
1423,OK,81.900,0.44,15864.099957980216
1424,OK,64.000,0.44,15902.099956292659
1425,OK,64.500,0.44,15903.199964668602
1426,OK,65.500,0.44,15862.500004004687
1427,OK,63.700,0.44,15890.899987425655
1428,OK,64.400,0.44,15926.600026432425
1429,OK,93.700,0.44,15843.399974983186
1430,OK,108.000,0.44,15820.699976757169
1431,OK,65.000,0.44,15837.399987503886
1432,OK,90.400,0.44,15850.800031330436
1433,OK,80.800,0.44,15852.600045036525
1434,OK,78.000,0.44,15839.600004255772
1435,OK,92.000,0.44,15988.10002906248
1436,OK,61.900,0.44,15837.099985219538
1437,OK,90.200,0.44,15891.500050202012
1438,OK,61.800,0.44,15828.800038434565
1439,OK,81.700,0.44,15888.000023551285
1440,OK,83.500,0.44,15843.399974983186
1441,OK,87.600,0.44,15854.500001296401
1442,OK,83.400,0.44,15869.299997575581
1443,OK,89.800,0.44,15871.10001128167
1444,OK,94.800,0.44,15844.799985643476
1445,OK,101.300,0.44,15820.500033441931
1446,OK,104.100,0.44,15927.499975077808
1447,OK,89.600,0.44,15827.900031581521
1448,OK,69.100,0.44,15890.19998209551
1449,OK,93.500,0.44,16092.000005301088
1450,OK,86.000,0.44,15581.800020299852
1451,OK,86.000,0.44,15855.900011956692
1452,OK,67.000,0.44,15886.799956206232
1453,OK,93.400,0.44,15896.10002702102
1454,OK,100.700,0.44,15801.700006704777
1455,OK,94.500,0.44,15837.599989026785
1456,OK,109.400,0.44,15833.199955523014
1457,OK,93.300,0.44,15863.400010857731
1458,OK,105.700,0.44,15811.100020073354
1459,OK,81.700,0.44,15876.99999799952
1460,OK,95.400,0.44,15836.600039619952
1461,OK,86.800,0.44,15834.600024390966
1462,OK,81.100,0.44,15886.300010606647
1463,OK,91.600,0.44,15846.900001633912
1464,OK,83.000,0.44,15793.90000551939
1465,OK,89.300,0.44,15854.59994385019
1466,OK,130.700,0.44,15764.800016768277
1467,OK,71.800,0.44,15895.400021690875
1468,OK,92.700,0.44,17566.499998793006
1469,OK,91.800,0.44,18863.299977965653
1470,OK,92.600,0.44,11079.800024162978
1471,OK,104.200,0.44,15859.399980399758
1472,OK,114.300,0.44,15814.799990039319
1473,OK,137.800,0.44,15343.999955803156
1474,OK,163.300,0.44,15440.799994394183
1475,OK,77.700,0.44,15801.19994468987
1476,OK,77.100,0.44,15874.10003412515
1477,OK,71.700,0.44,15872.700023464859
1478,OK,56.600,0.44,15963.899961207062
1479,OK,60.900,0.44,15870.300005190074
1480,OK,77.900,0.44,15858.499973546714
1481,OK,63.100,0.44,15940.70001738146
1482,OK,63.000,0.44,15893.09994596988
1483,OK,61.400,0.44,15900.699945632368
1484,OK,55.900,0.44,15910.99996585399
1485,OK,61.300,0.44,15937.49999301508
1486,OK,86.500,0.44,15810.500015504658
1487,OK,94.800,0.44,17911.800008732826
1488,OK,139.300,0.44,13813.799945637584
1489,OK,146.700,0.44,15738.099988084286
1490,OK,90.600,0.44,15824.900008738041
1491,OK,69.400,0.44,15819.700027350336
1492,OK,77.100,0.44,15899.19999241829
1493,OK,57.300,0.44,15916.499949526042
1494,OK,61.200,0.44,15910.599962808192
1495,OK,64.600,0.44,15874.599979724735
1496,OK,156.000,0.44,15820.899978280067
1497,OK,71.300,0.44,15906.39998903498
1498,OK,109.700,0.44,15766.699973028153
1499,OK,106.700,0.44,15776.799991726875
1500,OK,54.400,0.44,15962.899953592569
1501,OK,54.400,0.44,15765.59996465221
1502,OK,57.800,0.44,15969.500003848225
1503,OK,118.200,0.44,15749.300015158951
1504,OK,67.300,0.44,15951.299981679767
1505,OK,58.000,0.44,15908.499946817756
1506,OK,70.300,0.44,15841.000014916062
1507,OK,80.300,0.44,15939.10000519827
1508,OK,61.400,0.44,15831.800003070384
1509,OK,58.900,0.44,15927.900036331266
1510,OK,75.400,0.44,15868.399990722537
1511,OK,68.300,0.44,15864.600019995123
1512,OK,67.100,0.44,15922.100050374866
1513,OK,94.500,0.44,15839.600004255772
1514,OK,74.100,0.44,15969.000000040978
1515,OK,65.100,0.44,15891.899995040148
1516,OK,56.500,0.44,15793.500002473593
1517,OK,82.100,0.44,15861.499996390194
1518,OK,60.400,0.44,15893.700008746237
1519,OK,59.000,0.44,15907.799999695271
1520,OK,46.700,0.44,15855.600009672344
1521,OK,37.500,0.44,16007.699945475906
1522,OK,47.300,0.44,15908.00000121817
1523,OK,42.200,0.44,15930.800000205636
1524,OK,41.500,0.44,15865.500026848167
1525,OK,44.600,0.44,15960.399992763996
1526,OK,51.500,0.44,15915.800002403557
1527,OK,115.600,0.44,15835.599973797798
1528,OK,53.000,0.44,15777.099994011223
1529,OK,63.100,0.44,16036.99999395758
1530,OK,61.300,0.44,15902.600018307567
1531,OK,63.800,0.44,15829.49998555705
1532,OK,62.400,0.44,16018.000023905188
1533,OK,207.800,0.44,15816.09999993816
1534,OK,147.500,0.44,15464.500000234693
1535,OK,72.500,0.44,15878.699952736497
1536,OK,99.600,0.44,15818.400017451495
1537,OK,69.600,0.44,15893.800009507686
1538,OK,123.300,0.44,15839.300001971424
1539,OK,121.700,0.44,15779.899957124144
1540,OK,78.900,0.44,15854.099998250604
1541,OK,80.700,0.44,15879.000013228506
1542,OK,74.700,0.44,15873.400028795004
1543,OK,61.600,0.44,15888.69997067377
1544,OK,61.200,0.44,15895.699965767562
1545,OK,49.800,0.44,15875.199984293431
1546,OK,56.000,0.44,15917.600016109645
1547,OK,78.300,0.44,15912.39997651428
1548,OK,69.200,0.44,15904.600033536553
1549,OK,129.300,0.44,15842.100023292005
1550,OK,78.300,0.44,15886.700013652444
1551,OK,81.300,0.44,15794.799954164773
1552,OK,53.500,0.44,15913.699986413121
1553,OK,67.500,0.44,15906.999993603677
1554,OK,60.600,0.44,15864.000015426427
1555,OK,76.200,0.44,15845.599991735071
1556,OK,74.700,0.44,15899.399993941188
1557,OK,75.000,0.44,15834.699966944754
1558,OK,89.200,0.44,15822.799992747605
1559,OK,83.400,0.44,15909.800014924258
1560,OK,66.200,0.44,15867.300040554255
1561,OK,87.400,0.44,15884.099993854761
1562,OK,67.700,0.44,15920.999983791262
1563,OK,90.000,0.44,15749.900019727647
1564,OK,83.400,0.44,15922.999999020249
1565,OK,84.100,0.44,15824.700007215142
1566,OK,94.800,0.44,15831.800003070384
1567,OK,66.900,0.44,15890.799986664206
1568,OK,97.000,0.44,15866.200032178313
1569,OK,101.600,0.44,15850.900032091886
1570,OK,87.400,0.44,15830.499993171543
1571,OK,82.400,0.44,15866.299974732101
1572,OK,94.400,0.44,15849.500021431595
1573,OK,69.400,0.44,15895.000018645078
1574,OK,93.400,0.44,15840.699954424053
1575,OK,87.300,0.44,15846.499998588115
1576,OK,85.700,0.44,15893.500007223338
1577,OK,70.400,0.44,15887.30001822114
1578,OK,100.200,0.44,15792.999998666346
1579,OK,62.400,0.44,15898.500045295805
1580,OK,86.400,0.44,15865.299967117608
1581,OK,82.700,0.44,15877.300000283867
1582,OK,85.200,0.44,15865.900029893965
1583,OK,90.800,0.44,15876.89999723807
1584,OK,82.200,0.44,15838.099992834032
1585,OK,63.600,0.44,15939.600009005517
1586,OK,94.400,0.44,15847.700007725507
1587,OK,77.300,0.44,15836.79998293519
1588,OK,93.000,0.44,15896.600030828267
1589,OK,75.100,0.44,16200.600017327815
1590,OK,104.000,0.44,15452.100022230297
1591,OK,94.000,0.44,15798.40003978461
1592,OK,61.600,0.44,15886.900015175343
1593,OK,77.100,0.44,15889.499976765364
1594,OK,62.500,0.44,15890.799986664206
1595,OK,56.700,0.44,15895.500022452325
1596,OK,60.100,0.44,15894.899959675968
1597,OK,51.700,0.44,16052.899998612702
1598,OK,146.400,0.44,15637.900040019304
1599,OK,57.300,0.44,15972.300025168806
1600,OK,77.200,0.44,15872.60002270341
1601,OK,97.500,0.44,15714.199980720878
1602,OK,80.800,0.44,15904.500032775104
1603,OK,121.900,0.44,15839.600004255772
1604,OK,81.400,0.44,15767.30003580451
1605,OK,66.400,0.44,15902.600018307567
1606,OK,56.500,0.44,15882.000036071986
1607,OK,49.300,0.44,15982.999990228564
1608,OK,66.100,0.44,15915.199997834861
1609,OK,57.400,0.44,15875.699988100678
1610,OK,60.300,0.44,15860.199986491352
1611,OK,59.100,0.44,15893.20000493899
1612,OK,99.400,0.44,15830.89999621734
1613,OK,98.600,0.44,15799.399989191443
1614,OK,76.700,0.44,15913.099981844425
1615,OK,73.800,0.44,15933.30001924187
1616,OK,79.000,0.44,15890.599985141307
1617,OK,70.700,0.44,15809.399948921055
1618,OK,81.900,0.44,15828.299976419657
1619,OK,86.800,0.44,15886.600012890995
1620,OK,67.800,0.44,15827.900031581521
1621,OK,81.800,0.44,15924.600011203438
1622,OK,74.300,0.44,15852.499986067414
1623,OK,66.000,0.44,15921.29998607561
1624,OK,73.000,0.44,15887.699963059276
1625,OK,46.100,0.44,15902.700019069016
1626,OK,43.600,0.44,15897.999983280897
1627,OK,74.000,0.44,15922.6999967359
1628,OK,53.000,0.44,15862.400003243238
1629,OK,50.400,0.44,15958.40003574267
1630,OK,56.100,0.44,15935.899980831891
1631,OK,59.100,0.44,15905.999985989183
1632,OK,59.900,0.44,15902.400016784668
1633,OK,59.400,0.44,15832.499950192869
1634,OK,46.600,0.44,15988.700033631176
1635,OK,62.700,0.44,15824.800007976592
1636,OK,56.000,0.44,15978.599956724793
1637,OK,46.600,0.44,15856.499958317727
1638,OK,83.500,0.44,15839.400002732873
1639,OK,56.600,0.44,15969.700005371124
1640,OK,62.400,0.44,15912.300033960491
1641,OK,55.800,0.44,15898.299985565245
1642,OK,58.800,0.44,15911.600028630346
1643,OK,49.300,0.44,15942.600031848997
1644,OK,52.600,0.44,15909.499954432249
1645,OK,55.200,0.44,15912.899980321527
1646,OK,54.200,0.44,15881.699975579977
1647,OK,52.300,0.44,15926.699968986213
1648,OK,59.700,0.44,15936.399984639138
1649,OK,58.100,0.44,15920.899983029813
1650,OK,59.800,0.44,15810.799959581345
1651,OK,54.800,0.44,15953.699999954551
1652,OK,51.800,0.44,15960.499993525445
1653,OK,59.700,0.44,15864.400018472224
1654,OK,54.700,0.44,15903.900028206408
1655,OK,57.300,0.44,15888.600028119981
1656,OK,80.600,0.44,15882.599982433021
1657,OK,56.800,0.44,15943.70004022494
1658,OK,59.100,0.44,15863.60001238063
1659,OK,59.100,0.44,15879.000013228506
1660,OK,56.300,0.44,15939.20000595972
1661,OK,53.400,0.44,15863.60001238063
1662,OK,52.800,0.44,15977.60000731796
1663,OK,70.600,0.44,15879.200014751405
1664,OK,58.500,0.44,15904.99997837469
1665,OK,120.900,0.44,15721.099975053221
1666,OK,56.700,0.44,15913.700044620782
1667,OK,68.100,0.44,16018.100024666637
1668,OK,67.700,0.44,15614.799980539829
1669,OK,55.000,0.44,15865.700028371066
1670,OK,56.600,0.44,15937.799995299429
1671,OK,54.200,0.44,15925.500018056482
1672,OK,56.500,0.44,15879.700018558651
1673,OK,53.300,0.44,15869.49999909848
1674,OK,53.200,0.44,15943.39997973293
1675,OK,56.700,0.44,15940.70001738146
1676,OK,66.100,0.44,15901.700011454523
1677,OK,53.400,0.44,15832.800010684878
1678,OK,48.500,0.44,15924.700011964887
1679,OK,47.000,0.44,16006.499994546175
1680,OK,52.600,0.44,15898.400044534355
1681,OK,55.500,0.44,15910.99996585399
1682,OK,60.300,0.44,15919.69997389242
1683,OK,54.200,0.44,15848.900016862899
1684,OK,69.000,0.44,16054.80001308024
1685,OK,148.700,0.44,15658.800024539232
1686,OK,167.400,0.44,15624.399995431304
1687,OK,55.800,0.44,15836.299979127944
1688,OK,39.300,0.44,15995.499968994409
1689,OK,65.800,0.44,15924.700011964887
1690,OK,47.100,0.44,15916.700009256601
1691,OK,82.700,0.44,15876.099991146475
1692,OK,70.000,0.44,15849.700022954494
1693,OK,60.700,0.44,15934.70002990216
1694,OK,57.400,0.44,15890.000038780272
1695,OK,76.500,0.44,15871.299954596907
1696,OK,58.600,0.44,15945.399994961917
1697,OK,65.200,0.44,16007.400001399219
1698,OK,116.600,0.44,15717.899950686842
1699,OK,124.000,0.44,15798.099979292601
1700,OK,76.200,0.44,15877.199999522418
1701,OK,83.700,0.44,15697.39996921271
1702,OK,97.900,0.44,15905.600041151047
1703,OK,104.600,0.44,15785.800002049655
1704,OK,69.300,0.44,15878.200007136911
1705,OK,106.600,0.44,15932.300011627376
1706,OK,84.000,0.44,15767.599979881197
1707,OK,61.100,0.44,15909.099951386452
1708,OK,85.100,0.44,15902.599960099906
1709,OK,61.300,0.44,15910.600021015853
1710,OK,64.800,0.44,15889.799979049712
1711,OK,76.800,0.44,15882.79998395592
1712,OK,62.100,0.44,15905.400039628148
1713,OK,78.600,0.44,15807.399991899729
1714,OK,48.900,0.44,15965.099970344454
1715,OK,97.800,0.44,15873.800031840801
1716,OK,82.900,0.44,15853.799995966256
1717,OK,74.300,0.44,15819.399966858327
1718,OK,104.600,0.44,15873.599972110242
1719,OK,59.400,0.44,15867.89998691529
1720,OK,56.700,0.44,15930.800000205636
1721,OK,57.300,0.44,15936.10004056245
1722,OK,57.400,0.44,15885.200002230704
1723,OK,56.400,0.44,15932.400012388825
1724,OK,58.800,0.44,15900.70000384003
1725,OK,62.600,0.44,15848.70001534
1726,OK,100.300,0.44,15808.199997991323
1727,OK,61.500,0.44,15948.200016282499
1728,OK,62.300,0.44,15866.200032178313
1729,OK,75.400,0.44,15887.500019744039
1730,OK,76.300,0.44,15870.700008235872
1731,OK,89.600,0.44,15865.399967879057
1732,OK,91.700,0.44,15901.100006885827
1733,OK,61.900,0.44,15900.70000384003
1734,OK,63.300,0.44,15887.899964582175
1735,OK,64.100,0.44,15827.200026251376
1736,OK,78.600,0.44,15861.799998674542
1737,OK,80.600,0.44,15865.299967117608
1738,OK,79.000,0.44,15888.80002964288
1739,OK,86.200,0.44,15840.100008063018
1740,OK,83.000,0.44,15868.299989961088
1741,OK,92.100,0.44,17865.800007712096
1742,OK,111.200,0.44,13813.400000799447
1743,OK,117.600,0.44,17922.499973792583
1744,OK,90.700,0.44,13795.499980915338
1745,OK,86.900,0.44,15812.000026926398
1746,OK,91.300,0.44,15881.700033787638
1747,OK,99.800,0.44,17740.60004390776
1748,OK,82.600,0.44,13866.699999198318
1749,OK,87.800,0.44,15876.99999799952
1750,OK,90.100,0.44,15846.399997826666
1751,OK,84.700,0.44,15919.500030577183
1752,OK,67.300,0.44,15807.399991899729
1753,OK,86.700,0.44,15878.600010182709
1754,OK,80.400,0.44,15876.199991907924
1755,OK,76.800,0.44,15864.800021518022
1756,OK,79.800,0.44,15904.400032013655
1757,OK,91.800,0.44,15835.499973036349
1758,OK,85.000,0.44,15860.80004926771
1759,OK,96.400,0.44,15848.100010771304
1760,OK,100.000,0.44,15830.499993171543
1761,OK,79.000,0.44,15886.200009845197
1762,OK,87.700,0.44,15815.299993846565
1763,OK,63.900,0.44,15937.000047415495
1764,OK,67.500,0.44,15963.000012561679
1765,OK,81.400,0.44,15840.300009585917
1766,OK,77.000,0.44,15829.599986318499
1767,OK,93.200,0.44,15869.800001382828
1768,OK,95.100,0.44,15803.800022695214
1769,OK,90.300,0.44,15817.300009075552
1770,OK,58.700,0.44,15915.29999859631
1771,OK,66.000,0.44,15878.200007136911
1772,OK,57.600,0.44,15886.300010606647
1773,OK,61.100,0.44,15978.100011125207
1774,OK,63.000,0.44,15880.300023127347
1775,OK,75.000,0.44,15791.300043929368
1776,OK,60.500,0.44,15912.799979560077
1777,OK,61.700,0.44,16001.999960280955
1778,OK,63.400,0.44,15885.400003753603
1779,OK,63.800,0.44,15854.299999773502
1780,OK,70.100,0.44,15863.599954172969
1781,OK,61.900,0.44,15940.000012051314
1782,OK,146.800,0.44,15714.300039689988
1783,OK,60.700,0.44,15911.699971184134
1784,OK,64.600,0.44,15884.499996900558
1785,OK,59.800,0.44,15922.200051136315
1786,OK,65.500,0.44,15925.500018056482
1787,OK,64.600,0.44,15878.800011705607
1788,OK,83.400,0.44,15815.399994608015
1789,OK,64.300,0.44,15920.199977699667
1790,OK,83.600,0.44,15858.99997735396
1791,OK,135.000,0.44,15742.600022349507
1792,OK,86.200,0.44,15883.399988524616
1793,OK,60.400,0.44,15892.299998085946
1794,OK,62.100,0.44,15826.899965759367
1795,OK,75.800,0.44,15947.100007906556
1796,OK,78.700,0.44,15840.500011108816
1797,OK,58.900,0.44,15896.199969574809
1798,OK,56.000,0.44,15900.70000384003
1799,OK,134.400,0.44,15788.999968208373
1800,OK,64.300,0.44,15874.799981247634
1801,OK,95.200,0.44,15719.999966677278
1802,OK,103.000,0.44,15773.700026329607
1803,OK,80.700,0.44,15884.899999946356
1804,OK,87.000,0.44,15842.100023292005
1805,OK,85.500,0.44,15859.000035561621
1806,OK,64.400,0.44,15899.09999165684
1807,OK,66.500,0.44,15889.699978288263
1808,OK,73.900,0.44,15873.399970587343
1809,OK,64.900,0.44,15884.39999613911
1810,OK,63.600,0.44,15879.399958066642
1811,OK,59.900,0.44,15913.300041574985
1812,OK,76.100,0.44,15846.599999349564
1813,OK,60.900,0.44,15974.400041159242
1814,OK,63.500,0.44,15883.800049778074
1815,OK,65.500,0.44,15880.699967965484
1816,OK,65.200,0.44,15969.300002325326
1817,OK,62.200,0.44,15904.199972283095
1818,OK,67.200,0.44,15837.799990549684
1819,OK,85.900,0.44,15923.099999781698
1820,OK,80.100,0.44,15818.100015167147
1821,OK,57.800,0.44,15917.699958663434
1822,OK,60.700,0.44,15907.599998172373
1823,OK,60.700,0.44,15881.29997253418
1824,OK,159.400,0.44,15763.600007630885
1825,OK,57.200,0.44,15903.100022114813
1826,OK,60.800,0.44,15855.200006626546
1827,OK,49.700,0.44,15958.300034981221
1828,OK,66.200,0.44,15895.300020929426
1829,OK,58.400,0.44,15990.300045814365
1830,OK,242.300,0.44,15568.100032396615
1831,OK,136.400,0.44,15706.100035458803
1832,OK,63.600,0.44,15807.19999037683
1833,OK,67.700,0.44,15884.899999946356
1834,OK,57.900,0.44,15975.299989804626
1835,OK,76.800,0.44,15854.7000028193
1836,OK,58.000,0.44,15882.599982433021
1837,OK,78.400,0.44,15916.700009256601
1838,OK,64.600,0.44,15908.800007309765
1839,OK,58.500,0.44,15924.000006634742
1840,OK,78.800,0.44,15836.299979127944
1841,OK,71.300,0.44,15837.399987503886
1842,OK,84.700,0.44,15856.899961363524
1843,OK,69.200,0.44,15950.699977111071
1844,OK,66.200,0.44,15871.999959927052
1845,OK,60.700,0.44,15916.80001001805
1846,OK,121.100,0.44,15912.29997575283
1847,OK,94.400,0.44,15737.999987322837
1848,OK,59.500,0.44,15892.600000370294
1849,OK,57.500,0.44,15851.70003818348
1850,OK,58.400,0.44,15976.299997419119
1851,OK,78.400,0.44,15878.30000789836
1852,OK,59.200,0.44,15937.300049699843
1853,OK,91.400,0.44,15760.199981741607
1854,OK,81.700,0.44,15965.199971105903
1855,OK,70.300,0.44,15925.400017295033
1856,OK,59.700,0.44,15782.00003132224
1857,OK,53.800,0.44,15926.200023386627
1858,OK,68.600,0.44,15938.700002152473
1859,OK,75.500,0.44,15862.799948081374
1860,OK,71.500,0.44,15914.299990981817
1861,OK,73.900,0.44,15909.700014162809
1862,OK,63.100,0.44,15893.500007223338
1863,OK,64.000,0.44,15918.599965516478
1864,OK,66.500,0.44,15875.40004402399
1865,OK,67.200,0.44,15890.700044110417
1866,OK,71.800,0.44,15884.599997662008
1867,OK,72.700,0.44,15894.000011030585
1868,OK,62.600,0.44,15897.400036919862
1869,OK,60.000,0.44,15826.100017875433
1870,OK,85.900,0.44,15864.499961026013
1871,OK,75.000,0.44,15866.300032939762
1872,OK,76.100,0.44,15887.800022028387
1873,OK,62.400,0.44,15882.199979387224
1874,OK,110.200,0.44,15677.799994591624
1875,OK,62.600,0.44,15930.399997159839
1876,OK,61.400,0.44,15849.200019147247
1877,OK,63.800,0.44,15913.399984128773
1878,OK,63.900,0.44,15916.100004687905
1879,OK,76.300,0.44,15851.099975407124
1880,OK,52.800,0.44,15917.700016871095
1881,OK,56.900,0.44,15906.000044196844
1882,OK,55.100,0.44,15924.799954518676
1883,OK,69.000,0.44,15955.19995316863
1884,OK,89.800,0.44,15805.100032594055
1885,OK,68.900,0.44,15882.899984717369
1886,OK,75.900,0.44,15851.500036660582
1887,OK,76.200,0.44,15892.399998847395
1888,OK,54.700,0.44,15883.100044447929
1889,OK,62.700,0.44,15881.999977864325
1890,OK,60.600,0.44,15890.09998133406
1891,OK,60.800,0.44,15924.100007396191
1892,OK,63.700,0.44,15932.400012388825
1893,OK,71.900,0.44,15899.09999165684
1894,OK,75.600,0.44,15847.700007725507
1895,OK,115.500,0.44,15881.000028457493
1896,OK,61.600,0.44,15881.000028457493
1897,OK,62.300,0.44,15827.699971850961
1898,OK,59.500,0.44,15996.500034816563
1899,OK,62.300,0.44,15825.900016352534
1900,OK,65.400,0.44,15923.600003588945
1901,OK,113.600,0.44,15667.500032577664
1902,OK,58.000,0.44,15980.60003016144
1903,OK,71.800,0.44,15793.300000950694
1904,OK,84.400,0.44,16082.099988125265
1905,OK,84.600,0.44,18588.39998021722
1906,OK,98.500,0.44,13812.200049869716
1907,OK,87.800,0.44,14928.100048564374
1908,OK,116.800,0.44,15726.100013125688
1909,OK,67.600,0.44,15895.900025498122
1910,OK,102.600,0.44,15813.09997709468
1911,OK,96.900,0.44,15853.19999139756
1912,OK,83.500,0.44,15847.30000467971
1913,OK,100.800,0.44,15851.199976168573
1914,OK,78.700,0.44,15904.399973805994
1915,OK,84.900,0.44,15839.79994757101
1916,OK,89.100,0.44,15848.500013817102
1917,OK,82.800,0.44,15870.700008235872
1918,OK,82.800,0.44,15864.800021518022
1919,OK,83.900,0.44,15871.200012043118
1920,OK,82.600,0.44,15839.300001971424
1921,OK,86.200,0.44,15870.700008235872
1922,OK,95.700,0.44,15849.000017624348
1923,OK,132.500,0.44,15769.199992064387
1924,OK,71.500,0.44,15905.699983704835
1925,OK,83.700,0.44,15886.700013652444
1926,OK,82.800,0.44,15856.700018048286
1927,OK,84.200,0.44,17724.099976476282
1928,OK,206.300,0.44,13793.400023132563
1929,OK,80.600,0.44,15859.899984207004
1930,OK,66.700,0.44,15869.49999909848
1931,OK,66.700,0.44,15867.100039031357
1932,OK,63.000,0.44,15915.199997834861
1933,OK,92.500,0.44,15838.39999511838
1934,OK,65.800,0.44,15926.600026432425
1935,OK,67.400,0.44,15901.000006124377
1936,OK,103.500,0.44,15774.099971167743
1937,OK,90.700,0.44,15883.899992331862
1938,OK,76.100,0.44,15919.000026769936
1939,OK,61.900,0.44,15885.000000707805
1940,OK,67.000,0.44,15864.699962548912
1941,OK,80.800,0.44,15865.00002304092
1942,OK,74.800,0.44,15948.400017805398
1943,OK,107.600,0.44,15770.599944517016
1944,OK,59.400,0.44,15837.399987503886
1945,OK,66.200,0.44,15893.499949015677
1946,OK,86.600,0.44,15840.000007301569
1947,OK,55.400,0.44,15884.29999537766
1948,OK,63.400,0.44,15923.900005873293
1949,OK,85.500,0.44,15905.999985989183
1950,OK,113.300,0.44,15795.29995797202
1951,OK,101.600,0.44,16467.8999572061
1952,OK,158.300,0.44,15117.700037080795
1953,OK,89.800,0.44,15864.099957980216
1954,OK,64.900,0.44,15898.300043772906
1955,OK,64.500,0.44,15898.699988611042
1956,OK,68.800,0.44,15840.200008824468
1957,OK,87.200,0.44,15879.200014751405
1958,OK,61.700,0.44,15898.499987088144
1959,OK,81.500,0.44,15837.199985980988
1960,OK,58.500,0.44,15986.49995867163
1961,OK,73.700,0.44,15832.999954000115
1962,OK,65.500,0.44,15874.799981247634
1963,OK,59.800,0.44,15903.49996695295
1964,OK,110.700,0.44,15865.600027609617
1965,OK,63.500,0.44,15897.900040727109
1966,OK,65.900,0.44,15840.000007301569
1967,OK,60.900,0.44,15889.200032688677
1968,OK,61.700,0.44,15867.000038269907
1969,OK,75.600,0.44,15893.799951300025
1970,OK,100.100,0.44,15846.800000872463
1971,OK,119.600,0.44,15793.400001712143
1972,OK,63.800,0.44,15888.600028119981
1973,OK,84.300,0.44,15858.299972023815
1974,OK,60.300,0.44,15844.50004156679
1975,OK,64.300,0.44,15898.799989372492
1976,OK,66.000,0.44,15911.899972707033
1977,OK,74.600,0.44,15883.299987763166
1978,OK,107.700,0.44,15810.399956535548
1979,OK,56.300,0.44,15962.500008754432
1980,OK,71.700,0.44,15959.099982865155
1981,OK,54.000,0.44,15875.899989623576
1982,OK,58.400,0.44,15924.600011203438
1983,OK,53.500,0.44,15900.400001555681
1984,OK,55.500,0.44,15916.300006210804
1985,OK,55.000,0.44,15907.299995888025
1986,OK,57.900,0.44,15891.399991232902
1987,OK,58.700,0.44,15884.099993854761
1988,OK,72.800,0.44,15853.799995966256
1989,OK,59.300,0.44,15927.799977362156
1990,OK,67.600,0.44,15907.799999695271
1991,OK,69.100,0.44,15887.20001745969
1992,OK,55.400,0.44,15936.899988446385
1993,OK,59.200,0.44,15877.300000283867
1994,OK,51.000,0.44,15917.699958663434
1995,OK,51.500,0.44,15931.999951135367
1996,OK,64.400,0.44,15838.799998164177
1997,OK,76.600,0.44,15989.799983799458
1998,OK,123.700,0.44,15743.400028441101
1999,OK,55.800,0.44,15806.599985808134
2000,OK,57.100,0.44,15878.900012467057
2001,OK,51.600,0.44,15839.200001209974
2002,OK,98.600,0.44,15887.000015936792
2003,OK,53.500,0.44,15890.399983618408
2004,OK,59.500,0.44,15949.000022374094
2005,OK,79.900,0.44,15926.099964417517
2006,OK,73.300,0.44,15814.69998927787
2007,OK,74.500,0.44,15892.600000370294
2008,OK,67.600,0.44,15893.10000417754
2009,OK,91.100,0.44,15835.899976082146
2010,OK,66.300,0.44,15847.20000391826
2011,OK,65.700,0.44,15928.300039377064
2012,OK,85.000,0.44,15889.799979049712
2013,OK,108.900,0.44,15801.20000289753
2014,OK,83.600,0.44,15866.099973209202
2015,OK,61.600,0.44,15948.800020851195
2016,OK,72.700,0.44,15902.999963145703
2017,OK,69.000,0.44,15852.799988351762
2018,OK,72.800,0.44,15849.900024477392
2019,OK,82.800,0.44,15828.399977181107
2020,OK,73.000,0.44,15884.499996900558
2021,OK,75.900,0.44,15904.499974567443
2022,OK,92.800,0.44,15840.599953662604
2023,OK,70.500,0.44,15900.60000307858
2024,OK,63.500,0.44,15864.600019995123
2025,OK,122.400,0.44,15798.000036738813
2026,OK,101.300,0.44,15843.099972698838
2027,OK,59.200,0.44,15805.100032594055
2028,OK,58.100,0.44,15951.10003836453
2029,OK,63.400,0.44,15902.299957815558
2030,OK,87.300,0.44,15892.199997324497
2031,OK,96.400,0.44,15934.300026856363
2032,OK,83.200,0.44,15699.499985203147
2033,OK,116.800,0.44,15911.899972707033
2034,OK,75.500,0.44,16040.700022131205
2035,OK,147.100,0.44,15937.399992253631
2036,OK,136.200,0.44,15303.199994377792
2037,OK,59.000,0.44,15929.000044707209
2038,OK,89.300,0.44,15904.99997837469
2039,OK,77.600,0.44,15963.900019414723
2040,OK,58.100,0.44,15743.50002920255
2041,OK,125.500,0.44,15866.39997549355
2042,OK,61.300,0.44,15951.899986248463
2043,OK,61.800,0.44,15898.800047580153
2044,OK,57.000,0.44,15825.900016352534
2045,OK,76.300,0.44,15871.00001052022
2046,OK,81.500,0.44,15869.099996052682
2047,OK,96.100,0.44,15884.29999537766
2048,OK,79.100,0.44,15825.499955099076
2049,OK,93.600,0.44,15641.30000770092
2050,OK,85.000,0.44,15866.999980062246
2051,OK,96.900,0.44,15845.399990212172
2052,OK,98.700,0.44,15816.800005268306
2053,OK,103.100,0.44,15863.699954934418
2054,OK,83.300,0.44,15848.299954086542
2055,OK,88.500,0.44,15867.299982346594
2056,OK,94.700,0.44,15814.399986993521
2057,OK,67.300,0.44,16158.29998627305
2058,OK,84.400,0.44,15650.799963623285
2059,OK,83.700,0.44,15854.500001296401
2060,OK,115.400,0.44,15819.199965335429
2061,OK,119.500,0.44,15800.399996805936
2062,OK,86.500,0.44,15851.300035137683
2063,OK,93.500,0.44,15865.10002380237
2064,OK,100.300,0.44,15846.299997065216
2065,OK,88.300,0.44,15866.800036747009
2066,OK,101.900,0.44,15824.600006453693
2067,OK,82.000,0.44,15858.899976592511
2068,OK,79.100,0.44,15920.899983029813
2069,OK,84.200,0.44,15786.40000661835
2070,OK,81.000,0.44,15894.900017883629
2071,OK,78.200,0.44,15878.50000942126
2072,OK,91.100,0.44,15863.599954172969
2073,OK,102.900,0.44,15862.10000095889
2074,OK,106.600,0.44,15863.60001238063
2075,OK,144.500,0.44,15798.40003978461
2076,OK,153.700,0.44,15647.399995941669
2077,OK,89.000,0.44,15824.100002646446
2078,OK,66.100,0.44,15879.200014751405
2079,OK,66.900,0.44,15865.499968640506
2080,OK,64.300,0.44,15875.40004402399
2081,OK,61.500,0.44,15908.999950625002
2082,OK,88.900,0.44,15792.899997904897
2083,OK,79.100,0.44,15892.600000370294
2084,OK,58.400,0.44,15930.699999444187
2085,OK,62.600,0.44,15864.600019995123
2086,OK,70.700,0.44,15941.89996831119
2087,OK,86.800,0.44,15923.300001304597
2088,OK,65.900,0.44,15857.39996517077
2089,OK,65.400,0.44,15919.300029054284
2090,OK,148.400,0.44,15734.70002040267
2091,OK,238.000,0.44,15717.800008133054
2092,OK,68.400,0.44,15814.000042155385
2093,OK,91.600,0.44,15835.50003124401
2094,OK,59.100,0.44,15924.600011203438
2095,OK,58.900,0.44,15877.999947406352
2096,OK,60.400,0.44,15903.199964668602
2097,OK,58.300,0.44,15898.899990133941
2098,OK,52.100,0.44,15928.499982692301
2099,OK,56.200,0.44,15957.200026605278
2100,OK,68.100,0.44,15834.799967706203
2101,OK,93.600,0.44,15711.500018369406
2102,OK,93.900,0.44,15887.800022028387
2103,OK,56.900,0.44,15878.000005614012
2104,OK,66.100,0.44,15943.300037179142
2105,OK,74.900,0.44,15796.80002760142
2106,OK,73.000,0.44,15901.000006124377
2107,OK,58.600,0.44,15896.899974904954
2108,OK,55.300,0.44,15956.400020513684
2109,OK,58.400,0.44,15907.799999695271
2110,OK,79.300,0.44,15835.40003048256
2111,OK,64.400,0.44,15913.499984890223
2112,OK,56.100,0.44,15874.700038693845
2113,OK,56.500,0.44,16121.200053021312
2114,OK,184.000,0.44,15492.199978325516
2115,OK,81.300,0.44,15907.599998172373
2116,OK,76.800,0.44,15809.700009413064
2117,OK,75.700,0.44,15941.299963742495
2118,OK,79.100,0.44,15855.599951464683
2119,OK,68.300,0.44,15845.099987927824
2120,OK,70.900,0.44,15919.79997465387
2121,OK,51.000,0.44,15965.7999756746
2122,OK,60.100,0.44,15830.699994694442
2123,OK,66.000,0.44,15943.799982778728
2124,OK,56.900,0.44,15855.600009672344
2125,OK,53.600,0.44,15892.499999608845
2126,OK,64.100,0.44,15840.500011108816
2127,OK,72.600,0.44,15950.099972542375
2128,OK,63.900,0.44,15834.800025913864
2129,OK,42.500,0.44,16015.300003346056
2130,OK,53.300,0.44,15919.500030577183
2131,OK,62.300,0.44,15841.499960515648
2132,OK,81.700,0.44,15862.10000095889
2133,OK,62.300,0.44,15927.800035569817
2134,OK,116.300,0.44,15751.199971418828
2135,OK,52.400,0.44,15923.900005873293
2136,OK,78.200,0.44,15992.599946912378
2137,OK,166.900,0.44,15535.300015471876
2138,OK,83.800,0.44,15852.299984544516
2139,OK,57.500,0.44,15957.399969920516
2140,OK,57.800,0.44,15858.699975069612
2141,OK,88.100,0.44,15858.99997735396
2142,OK,82.500,0.44,15899.399993941188
2143,OK,71.000,0.44,15872.199961449951
2144,OK,70.500,0.44,15856.900019571185
2145,OK,69.600,0.44,15922.599995974451
2146,OK,58.700,0.44,15919.399971608073
2147,OK,71.800,0.44,15936.599986162037
2148,OK,68.300,0.44,15851.300035137683
2149,OK,79.600,0.44,15856.799960602075
2150,OK,79.300,0.44,15811.300021596253
2151,OK,57.400,0.44,15949.899971019477
2152,OK,95.500,0.44,15881.700033787638
2153,OK,73.400,0.44,15892.399998847395
2154,OK,61.000,0.44,15835.899976082146
2155,OK,56.400,0.44,15976.700000464916
2156,OK,53.800,0.44,15907.499997410923
2157,OK,56.000,0.44,15911.499969661236
2158,OK,61.500,0.44,15936.900046654046
2159,OK,83.900,0.44,15790.800040122122
2160,OK,57.300,0.44,15910.300018731505
2161,OK,60.500,0.44,15869.800001382828
2162,OK,86.500,0.44,15857.799968216568
2163,OK,80.800,0.44,15856.000012718141
2164,OK,79.300,0.44,15874.700038693845
2165,OK,80.600,0.44,15871.900017373264
2166,OK,74.800,0.44,15871.300012804568
2167,OK,68.600,0.44,15891.399991232902
2168,OK,71.300,0.44,15902.400016784668
2169,OK,88.100,0.44,15864.800021518022
2170,OK,79.600,0.44,15867.600042838603
2171,OK,80.200,0.44,15887.40001898259
2172,OK,76.600,0.44,15888.099966105074
2173,OK,91.900,0.44,15849.600022193044
2174,OK,75.600,0.44,15870.300005190074
2175,OK,63.600,0.44,15943.799982778728
2176,OK,62.500,0.44,15822.499990463257
2177,OK,87.000,0.44,15891.099988948554
2178,OK,58.900,0.44,15847.100003156811
2179,OK,73.400,0.44,15875.800047069788
2180,OK,63.200,0.44,15876.099991146475
2181,OK,53.100,0.44,15993.90001501888
2182,OK,43.200,0.44,15904.699976090342
2183,OK,114.200,0.44,15790.699981153011
2184,OK,107.800,0.44,15879.700018558651
2185,OK,75.300,0.44,15940.100012812763
2186,OK,65.000,0.44,15882.100036833435
2187,OK,65.600,0.44,15907.399996649474
2188,OK,64.900,0.44,15844.999987166375
2189,OK,99.800,0.44,15831.600001547486
2190,OK,56.900,0.44,15960.899996571243
2191,OK,61.000,0.44,15850.699972361326
2192,OK,63.900,0.44,15922.100050374866
2193,OK,127.000,0.44,15707.89999095723
2194,OK,88.900,0.44,15948.700020089746
2195,OK,77.900,0.44,15791.599988006055
2196,OK,79.800,0.44,15900.099999271333
2197,OK,69.300,0.44,15883.799991570413
2198,OK,70.500,0.44,15877.099998760968
2199,OK,60.600,0.44,15927.09997203201
2200,OK,75.600,0.44,15874.499978963286
2201,OK,77.200,0.44,15817.000006791204
2202,OK,74.700,0.44,15880.800026934594
2203,OK,81.100,0.44,15862.300002481788
2204,OK,150.100,0.44,15719.500021077693
2205,OK,102.600,0.44,15842.300024814904
2206,OK,62.300,0.44,15897.899982519448
2207,OK,64.300,0.44,15950.500033795834
2208,OK,74.700,0.44,15887.800022028387
2209,OK,110.300,0.44,15686.400001868606
2210,OK,108.400,0.44,15910.199959762394
2211,OK,107.400,0.44,15656.900010071695
2212,OK,88.500,0.44,15835.29997151345
2213,OK,63.000,0.44,15867.100039031357
2214,OK,83.000,0.44,15857.200021855533
2215,OK,79.000,0.44,15907.90000045672
2216,OK,101.700,0.44,15832.999954000115
2217,OK,89.600,0.44,15852.399985305965
2218,OK,92.100,0.44,15836.500038858503
2219,OK,82.600,0.44,15891.499991994351
2220,OK,94.800,0.44,15871.900017373264
2221,OK,84.500,0.44,15788.400021847337
2222,OK,84.300,0.44,15941.199962981045
2223,OK,102.700,0.44,15831.099997740239
2224,OK,95.800,0.44,15831.600001547486
2225,OK,106.300,0.44,15799.099986907095
2226,OK,105.300,0.44,15884.599997662008
2227,OK,69.400,0.44,15837.700047995895
2228,OK,91.200,0.44,15813.599980901927
2229,OK,84.300,0.44,15862.300002481788
2230,OK,88.500,0.44,15858.400030992925
2231,OK,87.900,0.44,15866.999980062246
2232,OK,86.800,0.44,16913.000028580427
2233,OK,89.700,0.44,16758.000012487173
2234,OK,96.400,0.44,13858.399994205683
2235,OK,79.900,0.44,15877.600002568215
2236,OK,67.300,0.44,15847.400005441159
2237,OK,82.100,0.44,15875.700046308339
2238,OK,96.800,0.44,15856.400015763938
2239,OK,78.300,0.44,15894.300013314933
2240,OK,111.200,0.44,15822.499990463257
2241,OK,99.300,0.44,15848.70001534
2242,OK,91.700,0.44,15839.200001209974
2243,OK,89.800,0.44,15864.700020756572
2244,OK,87.500,0.44,15891.999995801598
2245,OK,98.400,0.44,15784.599992912263
2246,OK,72.400,0.44,15918.899967800826
2247,OK,90.200,0.44,16675.999970175326
2248,OK,119.300,0.44,14941.399975214154
2249,OK,69.500,0.44,15908.200002741069
2250,OK,111.200,0.44,15784.699993673712
2251,OK,77.800,0.44,15861.199994105846
2252,OK,53.900,0.44,15919.500030577183
2253,OK,77.500,0.44,15882.400039117783
2254,OK,101.400,0.44,15896.800032351166
2255,OK,79.700,0.44,15837.199985980988
2256,OK,68.200,0.44,15868.299989961088
2257,OK,66.300,0.44,15936.09998235479
2258,OK,58.800,0.44,15852.199983783066
2259,OK,59.300,0.44,15877.900004852563
2260,OK,80.000,0.44,15910.199959762394
2261,OK,89.200,0.44,15922.499995213002
2262,OK,107.500,0.44,15840.700012631714
2263,OK,120.600,0.44,16342.999995686114
2264,OK,130.400,0.44,15181.599999777973
2265,OK,97.900,0.44,15804.500028025359
2266,OK,98.400,0.44,15883.100044447929
2267,OK,79.900,0.44,15870.700008235872
2268,OK,63.700,0.44,15821.800043340772
2269,OK,61.800,0.44,15917.100012302399
2270,OK,46.000,0.44,15909.899957478046
2271,OK,45.200,0.44,15983.299992512912
2272,OK,139.900,0.44,15728.199970908463
2273,OK,84.600,0.44,15998.099988792092
2274,OK,138.000,0.44,15672.000008635223
2275,OK,59.700,0.44,15906.199987512082
2276,OK,78.700,0.44,15847.000002395362
2277,OK,73.400,0.44,15902.900020591915
2278,OK,77.800,0.44,15871.300012804568
2279,OK,101.800,0.44,15842.099965084344
2280,OK,62.900,0.44,15879.599959589541
2281,OK,80.300,0.44,15857.300022616982
2282,OK,67.000,0.44,15805.300034116954
2283,OK,59.400,0.44,15872.200019657612
2284,OK,57.500,0.44,15828.999981749803
2285,OK,54.600,0.44,15965.899976436049
2286,OK,70.200,0.44,15903.999970760196
2287,OK,59.400,0.44,15932.500013150275
2288,OK,56.900,0.44,15868.299989961088
2289,OK,57.900,0.44,15876.79999647662
2290,OK,58.300,0.44,15878.200007136911
2291,OK,51.600,0.44,15889.699978288263
2292,OK,51.500,0.44,15902.400016784668
2293,OK,50.800,0.44,15922.399994451553
2294,OK,84.200,0.44,15962.899953592569
2295,OK,65.300,0.44,15820.299973711371
2296,OK,48.700,0.44,15965.90003464371
2297,OK,54.500,0.44,15908.200002741069
2298,OK,57.900,0.44,15896.600030828267
2299,OK,56.500,0.44,15879.999962635338
2300,OK,62.300,0.44,15913.199982605875
2301,OK,54.400,0.44,15771.400008816272
2302,OK,43.400,0.44,16010.000021196902
2303,OK,152.500,0.44,15951.700042933226
2304,OK,151.800,0.44,15457.800007425249
2305,OK,115.000,0.44,15768.79998901859
2306,OK,65.500,0.44,15960.899996571243
2307,OK,184.900,0.44,15660.299977753311
2308,OK,58.500,0.44,15902.900020591915
2309,OK,77.100,0.44,15885.200002230704
2310,OK,65.100,0.44,15839.200001209974
2311,OK,66.700,0.44,15896.800032351166
2312,OK,85.500,0.44,15909.3999536708
2313,OK,64.100,0.44,15842.399967368692
2314,OK,82.800,0.44,15931.899950373918
2315,OK,70.800,0.44,15866.900037508458
2316,OK,90.900,0.44,15793.500002473593
2317,OK,68.800,0.44,15910.499962046742
2318,OK,113.900,0.44,15813.20003606379
2319,OK,62.600,0.44,15970.500011462718
2320,OK,112.100,0.44,15832.200006116182
2321,OK,139.500,0.44,15618.300007190555
2322,OK,74.900,0.44,16095.499973744154
2323,OK,79.500,0.44,15684.899990446866
2324,OK,83.400,0.44,15819.09996457398
2325,OK,58.400,0.44,15949.999971780926
2326,OK,83.100,0.44,15868.699993006885
2327,OK,68.400,0.44,15842.200024053454
2328,OK,60.100,0.44,15954.400005284697
2329,OK,56.900,0.44,15856.500016525388
2330,OK,89.700,0.44,15865.00002304092
2331,OK,143.800,0.44,15752.999985124916
2332,OK,86.100,0.44,15845.69999249652
2333,OK,69.100,0.44,15880.999970249832
2334,OK,83.800,0.44,15895.200020167977
2335,OK,66.800,0.44,15954.500006046146
2336,OK,61.100,0.44,15909.199952147901
2337,OK,59.700,0.44,15909.40001187846
2338,OK,61.100,0.44,15878.899954259396
2339,OK,61.400,0.44,15870.800008997321
2340,OK,61.500,0.44,15936.399984639138
2341,OK,98.500,0.44,15796.600026078522
2342,OK,81.200,0.44,15854.799945373088
2343,OK,85.000,0.44,15901.400009170175
2344,OK,75.200,0.44,15918.800025247037
2345,OK,77.500,0.44,15884.39999613911
2346,OK,78.300,0.44,15888.000023551285
2347,OK,61.500,0.44,15903.70002668351
2348,OK,83.700,0.44,15815.599996130913
2349,OK,57.100,0.44,15811.100020073354
2350,OK,90.800,0.44,15903.299965430051
2351,OK,83.200,0.44,15841.799962799996
2352,OK,66.100,0.44,15919.000026769936
2353,OK,82.100,0.44,15895.99996805191
2354,OK,67.100,0.44,15852.499986067414
2355,OK,81.700,0.44,15847.30000467971
2356,OK,79.700,0.44,15901.900012977421
2357,OK,100.400,0.44,15807.799994945526
2358,OK,84.900,0.44,15880.699967965484
2359,OK,101.700,0.44,15822.599991224706
2360,OK,93.300,0.44,15880.000020843
2361,OK,81.000,0.44,15868.499991483986
2362,OK,159.100,0.44,15763.399947900325
2363,OK,99.500,0.44,15872.699965257198
2364,OK,88.000,0.44,24517.000012565404
2365,OK,87.400,0.44,7427.5999795645475
2366,OK,106.400,0.44,15851.899981498718
2367,OK,141.900,0.44,15489.600016735494
2368,OK,67.000,0.44,15881.899977102876
2369,OK,97.800,0.44,15833.89996085316
2370,OK,67.200,0.44,15858.700033277273
2371,OK,103.000,0.44,15873.199969064444
2372,OK,85.500,0.44,15863.39995265007
2373,OK,84.500,0.44,15843.699977267534
2374,OK,84.700,0.44,15884.799999184906
2375,OK,89.300,0.44,15796.80002760142
2376,OK,101.700,0.44,15842.79997041449
2377,OK,88.400,0.44,15902.800019830465
2378,OK,89.200,0.44,15834.400022868067
2379,OK,96.100,0.44,15872.40002118051
2380,OK,91.100,0.44,15861.099993344396
2381,OK,159.700,0.44,15813.799982424825
2382,OK,183.600,0.44,15560.099971480668
2383,OK,89.800,0.44,15828.799980226904
2384,OK,79.800,0.44,15851.499978452921
2385,OK,60.900,0.44,15931.60000629723
2386,OK,57.900,0.44,15929.999994114041
2387,OK,57.600,0.44,15859.599981922656
2388,OK,71.200,0.44,15974.199981428683
2389,OK,73.500,0.44,15831.299999263138
2390,OK,82.300,0.44,15866.899979300797
2391,OK,76.000,0.44,15944.399987347424
2392,OK,65.900,0.44,15888.300025835633
2393,OK,67.000,0.44,15834.600024390966
2394,OK,57.400,0.44,15893.699950538576
2395,OK,61.100,0.44,15994.100016541779
2396,OK,60.100,0.44,15901.000006124377
2397,OK,121.500,0.44,15757.800021674484
2398,OK,49.700,0.44,15890.500042587519
2399,OK,47.600,0.44,15926.600026432425
2400,OK,62.300,0.44,15912.699978798628
2401,OK,57.900,0.44,15737.49998351559
2402,OK,86.800,0.44,15867.000038269907
2403,OK,111.100,0.44,16062.800015788525
2404,OK,79.500,0.44,15841.999964322895
2405,OK,126.900,0.44,15468.799974769354
2406,OK,89.500,0.44,15910.700021777302
2407,OK,67.000,0.44,15905.899985227734
2408,OK,64.400,0.44,15868.699993006885
2409,OK,64.700,0.44,15812.599973287433
2410,OK,74.900,0.44,15890.600043348968
2411,OK,80.200,0.44,15862.200001720339
2412,OK,58.300,0.44,16036.599990911782
2413,OK,84.400,0.44,15760.100039187819
2414,OK,86.400,0.44,15801.30000365898
2415,OK,80.800,0.44,15874.10003412515
2416,OK,80.300,0.44,15843.799978028983
2417,OK,63.400,0.44,16416.09997022897
2418,OK,85.000,0.44,15659.399970900267
2419,OK,88.100,0.44,15531.399985775352
2420,OK,69.900,0.44,15884.799999184906
2421,OK,66.300,0.44,15856.800018809736
2422,OK,60.400,0.44,15989.300038199872
2423,OK,66.500,0.44,15907.299995888025
2424,OK,80.200,0.44,15825.899958144873
2425,OK,58.500,0.44,15894.80001712218
2426,OK,59.800,0.44,15912.699978798628
2427,OK,59.500,0.44,15901.600010693073
2428,OK,58.100,0.44,15929.199988022447
2429,OK,72.300,0.44,15854.7000028193
2430,OK,68.900,0.44,15953.299996908754
2431,OK,57.400,0.44,15876.599994953722
2432,OK,84.900,0.44,15864.500019233674
2433,OK,55.200,0.44,15911.400027107447
2434,OK,54.600,0.44,15927.500033285469
2435,OK,62.700,0.44,15850.299969315529
2436,OK,59.500,0.44,15941.600024234504
2437,OK,60.700,0.44,15897.000033874065
2438,OK,96.400,0.44,15791.899990290403
2439,OK,82.300,0.44,15991.699998266995
2440,OK,125.200,0.44,15670.79999949783
2441,OK,63.800,0.44,15837.799990549684
2442,OK,77.500,0.44,15921.899990644306
2443,OK,131.300,0.44,15776.899992488325
2444,OK,73.000,0.44,15906.799992080778
2445,OK,79.500,0.44,15911.799971945584
2446,OK,58.800,0.44,15862.10000095889
2447,OK,61.600,0.44,15897.899982519448
2448,OK,79.200,0.44,15889.600035734475
2449,OK,58.900,0.44,15883.899992331862
2450,OK,53.700,0.44,15910.700021777302
2451,OK,78.400,0.44,15836.499980650842
2452,OK,78.400,0.44,15907.699998933822
2453,OK,75.700,0.44,15874.299977440387
2454,OK,67.400,0.44,15964.19996349141
2455,OK,76.900,0.44,15800.599998328835
2456,OK,71.000,0.44,15934.399969410151
2457,OK,60.200,0.44,15924.30000891909
2458,OK,63.900,0.44,15856.20001424104
2459,OK,63.600,0.44,15896.199969574809
2460,OK,59.600,0.44,15799.69999147579
2461,OK,82.300,0.44,15991.799999028444
2462,OK,87.700,0.44,15803.199959918857
2463,OK,57.300,0.44,15908.500005025417
2464,OK,60.400,0.44,15884.699998423457
2465,OK,57.800,0.44,15919.999976176769
2466,OK,74.600,0.44,15875.899989623576
2467,OK,55.900,0.44,15883.799991570413
2468,OK,71.700,0.44,15916.9000107795
2469,OK,59.500,0.44,15905.600041151047
2470,OK,70.300,0.44,15906.699991319329
2471,OK,48.300,0.44,15880.799968726933
2472,OK,52.400,0.44,15876.399993430823
2473,OK,57.700,0.44,15881.50003226474
2474,OK,57.800,0.44,15904.599975328892
2475,OK,72.100,0.44,15877.700003329664
2476,OK,75.200,0.44,15875.099983531982
2477,OK,74.900,0.44,15881.699975579977
2478,OK,74.200,0.44,15885.69994783029
2479,OK,76.700,0.44,15871.099953074008
2480,OK,67.500,0.44,15952.599991578609
2481,OK,66.000,0.44,15883.899992331862
2482,OK,70.200,0.44,15891.999995801598
2483,OK,62.200,0.44,15854.099998250604
2484,OK,76.400,0.44,15858.500031754375
2485,OK,59.000,0.44,15916.000003926456
2486,OK,86.400,0.44,15845.69999249652
2487,OK,100.200,0.44,15818.299958482385
2488,OK,82.200,0.44,15882.599982433021
2489,OK,56.200,0.44,15907.499997410923
2490,OK,62.700,0.44,15763.900009915233
2491,OK,60.100,0.44,15993.400011211634
2492,OK,63.400,0.44,15800.699999090284
2493,OK,60.900,0.44,15915.199997834861
2494,OK,80.900,0.44,15857.199963647872
2495,OK,63.800,0.44,15880.400023888797
2496,OK,47.800,0.44,15905.09997913614
2497,OK,50.000,0.44,15988.300030585378
2498,OK,98.600,0.44,15790.100034791976
2499,OK,130.300,0.44,15795.000013895333
2500,OK,64.000,0.44,15883.599990047514
2501,OK,97.500,0.44,15721.099975053221
2502,OK,64.100,0.44,15928.299981169403
2503,OK,81.700,0.44,15810.799959581345
2504,OK,74.800,0.44,15862.800006289035
2505,OK,63.400,0.44,15891.899995040148
2506,OK,61.200,0.44,15890.799986664206
2507,OK,61.200,0.44,15929.299988783896
2508,OK,60.200,0.44,15881.899977102876
2509,OK,77.400,0.44,16118.000028654933
2510,OK,102.700,0.44,15561.700041871518
2511,OK,59.900,0.44,15947.99995655194
2512,OK,67.400,0.44,15817.300009075552
2513,OK,63.700,0.44,15900.400001555681
2514,OK,75.500,0.44,15910.400019492954
2515,OK,61.900,0.44,15814.299986232072
2516,OK,74.900,0.44,15980.60003016144
2517,OK,80.900,0.44,15850.399970076978
2518,OK,59.300,0.44,15852.700045797974
2519,OK,80.100,0.44,15880.299964919686
2520,OK,85.200,0.44,15888.600028119981
2521,OK,89.700,0.44,15823.5999988392
2522,OK,69.700,0.44,15876.599994953722
2523,OK,82.300,0.44,15880.400023888797
2524,OK,94.100,0.44,15830.99999697879
2525,OK,64.600,0.44,15899.09999165684
2526,OK,77.600,0.44,15892.299998085946
2527,OK,82.200,0.44,15928.499982692301
2528,OK,86.700,0.44,15862.800006289035
2529,OK,83.900,0.44,15872.699965257198
2530,OK,81.700,0.44,15847.000002395362
2531,OK,89.900,0.44,15820.299973711371
2532,OK,84.700,0.44,15917.100012302399
2533,OK,94.100,0.44,15831.199998501688
2534,OK,87.900,0.44,15847.20000391826
2535,OK,82.700,0.44,15875.999990385026
2536,OK,92.300,0.44,15841.800021007657
2537,OK,87.100,0.44,15867.399983108044
2538,OK,92.200,0.44,15801.000001374632
2539,OK,68.800,0.44,15880.499966442585
2540,OK,96.800,0.44,15870.500006712973
2541,OK,102.300,0.44,15875.200042501092
2542,OK,65.300,0.44,15839.400002732873
2543,OK,82.100,0.44,15872.899966780096
2544,OK,80.000,0.44,15867.99998767674
2545,OK,75.200,0.44,15864.400018472224
2546,OK,81.200,0.44,15871.700015850365
2547,OK,91.200,0.44,15873.89997439459
2548,OK,92.100,0.44,15892.700001131743
2549,OK,119.400,0.44,15748.700010590255
2550,OK,65.500,0.44,15896.900033112615
2551,OK,83.800,0.44,15862.300002481788
2552,OK,81.600,0.44,15834.799967706203
2553,OK,63.000,0.44,15889.399976003915
2554,OK,61.600,0.44,15931.500005535781
2555,OK,67.200,0.44,15838.699997402728
2556,OK,62.700,0.44,15911.099966615438
2557,OK,112.800,0.44,15849.899966269732
2558,OK,165.100,0.44,15760.600042995065
2559,OK,81.800,0.44,15874.900040216744
2560,OK,81.800,0.44,15830.599993932992
2561,OK,74.400,0.44,15799.199987668544
2562,OK,59.200,0.44,15898.699988611042
2563,OK,58.100,0.44,15952.49999081716
2564,OK,55.500,0.44,15885.70000603795
2565,OK,80.800,0.44,15913.299983367324
2566,OK,131.200,0.44,15714.599983766675
2567,OK,73.000,0.44,15910.99996585399
2568,OK,81.900,0.44,15859.299979638308
2569,OK,68.100,0.44,15870.600007474422
2570,OK,88.200,0.44,15830.99999697879
2571,OK,80.300,0.44,15895.399963483214
2572,OK,91.300,0.44,15812.199970241636
2573,OK,58.700,0.44,15905.400039628148
2574,OK,61.500,0.44,15880.000020843
2575,OK,59.300,0.44,16029.099992010742
2576,OK,148.500,0.44,15662.199992220849
2577,OK,68.100,0.44,15861.399995628744
2578,OK,50.400,0.44,15917.999960947782
2579,OK,48.600,0.44,15937.299991492182
2580,OK,87.400,0.44,15887.700021266937
2581,OK,60.400,0.44,15902.500017546117
2582,OK,63.000,0.44,15861.799998674542
2583,OK,92.800,0.44,15872.50002194196
2584,OK,81.400,0.44,15926.900028716773
2585,OK,59.600,0.44,15887.900022789836
2586,OK,97.700,0.44,15881.200029980391
2587,OK,63.200,0.44,15954.500006046146
2588,OK,96.200,0.44,15735.899971332401
2589,OK,55.100,0.44,15914.299990981817
2590,OK,65.600,0.44,15959.000040311366
2591,OK,61.000,0.44,15890.599985141307
2592,OK,71.200,0.44,15841.500018723309
2593,OK,59.800,0.44,15951.499983202666
2594,OK,58.100,0.44,15914.899995550513
2595,OK,60.000,0.44,15893.399948254228
2596,OK,60.100,0.44,15889.699978288263
2597,OK,54.600,0.44,15920.799982268363
2598,OK,54.900,0.44,15897.500037681311
2599,OK,54.300,0.44,15872.40002118051
2600,OK,74.400,0.44,15920.499979984015
2601,OK,104.100,0.44,15733.20000898093
2602,OK,60.700,0.44,15847.20000391826
2603,OK,53.600,0.44,15947.400010190904
2604,OK,50.500,0.44,15873.100026510656
2605,OK,50.200,0.44,15940.900018904358
2606,OK,53.400,0.44,15906.39998903498
2607,OK,51.900,0.44,15901.100006885827
2608,OK,47.800,0.44,15894.799958914518
2609,OK,43.200,0.44,15917.00001154095
2610,OK,65.500,0.44,15904.900035820901
2611,OK,63.800,0.44,15903.900028206408
2612,OK,75.400,0.44,15896.299970336258
2613,OK,102.000,0.44,15753.89999197796
2614,OK,59.100,0.44,15866.299974732101
2615,OK,63.500,0.44,15944.499988108873
2616,OK,64.600,0.44,15907.299995888025
2617,OK,87.400,0.44,15823.900001123548
2618,OK,73.900,0.44,15930.499997921288
2619,OK,95.600,0.44,15791.999991051853
2620,OK,89.100,0.44,15868.299989961088
2621,OK,70.500,0.44,16011.300031095743
2622,OK,113.600,0.44,15679.6999508515
2623,OK,96.800,0.44,15877.800004091114
2624,OK,64.700,0.44,15901.900012977421
2625,OK,81.400,0.44,15877.800004091114
2626,OK,76.200,0.44,15909.200010355562
2627,OK,106.800,0.44,15769.299992825836
2628,OK,65.200,0.44,15937.100048176944
2629,OK,60.100,0.44,15929.299988783896
2630,OK,60.200,0.44,15876.699995715171
2631,OK,61.600,0.44,15897.400036919862
2632,OK,62.600,0.44,15850.900032091886
2633,OK,67.200,0.44,15872.800024226308
2634,OK,53.500,0.44,15907.099994365126
2635,OK,52.500,0.44,15926.999971270561
2636,OK,70.900,0.44,15914.599993266165
2637,OK,95.600,0.44,15848.200011532754
2638,OK,68.400,0.44,15866.499976255
2639,OK,86.400,0.44,15852.699987590313
2640,OK,55.700,0.44,15917.699958663434
2641,OK,57.800,0.44,15907.099994365126
2642,OK,59.400,0.44,15863.800013903528
2643,OK,63.400,0.44,15929.299988783896
2644,OK,81.300,0.44,15843.600034713745
2645,OK,76.000,0.44,15887.600020505488
2646,OK,80.900,0.44,15925.600018817931
2647,OK,78.500,0.44,15823.299996554852
2648,OK,132.500,0.44,15806.699986569583
2649,OK,74.000,0.44,15882.999985478818
2650,OK,64.100,0.44,15906.799992080778
2651,OK,62.700,0.44,15904.399973805994
2652,OK,61.300,0.44,15888.600028119981
2653,OK,80.800,0.44,15891.899995040148
2654,OK,56.600,0.44,15875.39998581633
2655,OK,59.400,0.44,15886.300010606647
2656,OK,81.700,0.44,15844.999987166375
2657,OK,77.000,0.44,15870.500006712973
2658,OK,77.000,0.44,15882.69998319447
2659,OK,80.900,0.44,15915.29999859631
2660,OK,63.200,0.44,15866.699977777898
2661,OK,67.900,0.44,15851.69997997582
2662,OK,99.100,0.44,15837.199985980988
2663,OK,98.700,0.44,15818.400017451495
2664,OK,99.600,0.44,15854.60000205785
2665,OK,83.800,0.44,15875.699988100678
2666,OK,83.600,0.44,15867.100039031357
2667,OK,83.300,0.44,15861.399995628744
2668,OK,87.900,0.44,15872.499963734299
2669,OK,81.300,0.44,15880.300023127347
2670,OK,82.300,0.44,15853.19999139756
2671,OK,82.500,0.44,15838.29999435693
2672,OK,80.100,0.44,15865.00002304092
2673,OK,83.200,0.44,15870.200004428625
2674,OK,83.900,0.44,15871.700015850365
2675,OK,95.300,0.44,15856.20001424104
2676,OK,82.100,0.44,15895.199961960316
2677,OK,83.000,0.44,15848.900016862899
2678,OK,88.700,0.44,15865.20002456382
2679,OK,92.200,0.44,15887.40001898259
2680,OK,72.800,0.44,15845.399990212172
2681,OK,92.400,0.44,15824.000001884997
2682,OK,83.800,0.44,15868.999995291233
2683,OK,84.000,0.44,15823.900001123548
2684,OK,65.900,0.44,15915.199997834861
2685,OK,86.100,0.44,15868.699993006885
2686,OK,87.400,0.44,15860.899991821498
2687,OK,110.500,0.44,15859.899984207004
2688,OK,103.300,0.44,16198.600002098829
2689,OK,102.600,0.44,15500.099980272353
2690,OK,96.000,0.44,15746.39999307692
2691,OK,104.200,0.44,15847.20000391826
2692,OK,78.400,0.44,15887.399960774928
2693,OK,65.700,0.44,15948.500018566847
2694,OK,57.500,0.44,15805.000031832606
2695,OK,62.800,0.44,15943.899983540177
2696,OK,82.000,0.44,15738.99999493733
2697,OK,60.600,0.44,15941.200021188706
2698,OK,59.700,0.44,15873.999975156039
2699,OK,76.700,0.44,15939.00000443682
2700,OK,66.000,0.44,15847.000002395362
2701,OK,85.700,0.44,15726.600016932935
2702,OK,58.000,0.44,15907.599998172373
2703,OK,87.300,0.44,15919.600031338632
2704,OK,142.300,0.44,15696.899965405464
2705,OK,70.100,0.44,15898.400044534355
2706,OK,69.400,0.44,15890.799986664206
2707,OK,59.700,0.44,15911.499969661236
2708,OK,86.800,0.44,15862.600004766136
2709,OK,63.400,0.44,15936.599986162037
2710,OK,64.100,0.44,15842.200024053454
2711,OK,59.300,0.44,15898.899990133941
2712,OK,75.800,0.44,15857.299964409322
2713,OK,89.000,0.44,15879.79996111244
2714,OK,62.000,0.44,15897.5999802351
2715,OK,62.200,0.44,15912.000031676143
2716,OK,72.600,0.44,15874.599979724735
2717,OK,76.300,0.44,15856.999962124974
2718,OK,91.200,0.44,15918.40002220124
2719,OK,59.200,0.44,15867.599984630942
2720,OK,62.000,0.44,15917.900018393993
2721,OK,72.200,0.44,15865.400026086718
2722,OK,84.400,0.44,15841.30001720041
2723,OK,58.000,0.44,15897.200035396963
2724,OK,72.000,0.44,15881.30003074184
2725,OK,64.700,0.44,15965.300030075014
2726,OK,62.800,0.44,15806.599985808134
2727,OK,66.700,0.44,15893.20000493899
2728,OK,57.100,0.44,15896.600030828267
2729,OK,65.000,0.44,15876.79999647662
2730,OK,57.100,0.44,15958.50003650412
2731,OK,82.100,0.44,15873.90003260225
2732,OK,82.800,0.44,15836.69998217374
2733,OK,60.100,0.44,15925.500018056482
2734,OK,54.400,0.44,15894.400014076382
2735,OK,54.400,0.44,15919.599973130971
2736,OK,53.500,0.44,15911.00002406165
2737,OK,53.900,0.44,15926.900028716773
2738,OK,52.800,0.44,15868.899994529784
2739,OK,61.500,0.44,15915.700001642108
2740,OK,53.900,0.44,15911.599970422685
2741,OK,54.800,0.44,15934.999973978847
2742,OK,54.100,0.44,15919.90003362298
2743,OK,67.800,0.44,15900.099999271333
2744,OK,58.200,0.44,15826.100017875433
2745,OK,44.200,0.44,15943.299978971481
2746,OK,54.100,0.44,15880.699967965484
2747,OK,53.000,0.44,15888.100024312735
2748,OK,44.500,0.44,15926.499967463315
2749,OK,46.800,0.44,15972.700028214604
2750,OK,53.900,0.44,15905.799984466285
2751,OK,55.000,0.44,15956.999966874719
2752,OK,61.200,0.44,15831.299999263138
2753,OK,77.000,0.44,15854.400000534952
2754,OK,65.800,0.44,15876.699995715171
2755,OK,45.000,0.44,15934.799972455949
2756,OK,45.100,0.44,15970.30000993982
2757,OK,42.900,0.44,15924.800012726337
2758,OK,58.900,0.44,15921.099984552711
2759,OK,53.000,0.44,15922.6999967359
2760,OK,51.900,0.44,15850.100026000291
2761,OK,88.200,0.44,15870.200004428625
2762,OK,52.800,0.44,15906.39998903498
2763,OK,88.500,0.44,15842.80002862215
2764,OK,81.900,0.44,15953.199996147305
2765,OK,144.400,0.44,15645.69998299703
2766,OK,68.700,0.44,15880.099963396788
2767,OK,109.700,0.44,15869.39999833703
2768,OK,55.400,0.44,15796.700026839972
2769,OK,56.400,0.44,15967.699990142137
2770,OK,73.000,0.44,15876.299992669374
2771,OK,87.300,0.44,15957.400028128177
2772,OK,65.200,0.44,15883.299987763166
2773,OK,71.900,0.44,15841.500018723309
2774,OK,64.900,0.44,15886.100009083748
2775,OK,61.700,0.44,15929.899993352592
2776,OK,63.000,0.44,15860.000043176115
2777,OK,80.000,0.44,15849.599963985384
2778,OK,74.000,0.44,15877.500001806766
2779,OK,60.500,0.44,15899.999998509884
2780,OK,59.500,0.44,15917.099954094738
2781,OK,59.000,0.44,15915.600000880659
2782,OK,73.800,0.44,15869.199996814132
2783,OK,60.900,0.44,15903.400024399161
2784,OK,90.800,0.44,15854.7000028193
2785,OK,90.100,0.44,15902.20001526177
2786,OK,60.100,0.44,15913.299983367324
2787,OK,68.200,0.44,15869.199996814132
2788,OK,70.300,0.44,15744.700038339943
2789,OK,68.500,0.44,15909.999958239496
2790,OK,52.300,0.44,16034.500033129007
2791,OK,130.300,0.44,15734.999964479357
2792,OK,75.900,0.44,15868.600050453097
2793,OK,73.500,0.44,15882.79998395592
2794,OK,77.000,0.44,15846.900001633912
2795,OK,103.000,0.44,15843.999979551882
2796,OK,80.300,0.44,15807.19999037683
2797,OK,83.700,0.44,15913.599985651672
2798,OK,93.900,0.44,15855.000005103648
2799,OK,91.300,0.44,15855.800011195242
2800,OK,74.200,0.44,15838.599996641278
2801,OK,113.500,0.44,15666.899969801307
2802,OK,90.500,0.44,15848.500013817102
2803,OK,59.800,0.44,15908.300003502518
2804,OK,64.600,0.44,15868.299989961088
2805,OK,61.700,0.44,15906.799992080778
2806,OK,75.300,0.44,15852.799988351762
2807,OK,73.600,0.44,15888.200025074184
2808,OK,78.700,0.44,15866.50003446266
2809,OK,80.600,0.44,15881.599974818528
2810,OK,61.500,0.44,15914.999996311963
2811,OK,61.200,0.44,15900.799946393818
2812,OK,109.200,0.44,15819.700027350336
2813,OK,78.900,0.44,15854.199999012053
2814,OK,73.900,0.44,15970.899956300855
2815,OK,64.100,0.44,15847.100003156811
2816,OK,58.000,0.44,15880.900027696043
2817,OK,57.600,0.44,15945.999999530613
2818,OK,66.400,0.44,15842.000022530556
2819,OK,83.400,0.44,15828.10003310442
2820,OK,51.500,0.44,15922.099992167205
2821,OK,76.700,0.44,15863.800013903528
2822,OK,77.400,0.44,16912.70002629608
2823,OK,89.900,0.44,14883.099996950477
2824,OK,105.900,0.44,15787.90001804009
2825,OK,82.300,0.44,15859.799983445555
2826,OK,98.100,0.44,15840.700012631714
2827,OK,92.500,0.44,15869.599999859929
2828,OK,99.800,0.44,15872.800024226308
2829,OK,81.300,0.44,15857.999969739467
2830,OK,75.000,0.44,15864.000015426427
2831,OK,82.700,0.44,15872.39996297285
2832,OK,82.500,0.44,15863.400010857731
2833,OK,88.600,0.44,15868.299989961088
2834,OK,84.700,0.44,15859.10003632307
2835,OK,86.100,0.44,15859.699982684106
2836,OK,82.900,0.44,15870.000002905726
2837,OK,89.200,0.44,15826.200018636882
2838,OK,83.700,0.44,15872.699965257198
2839,OK,100.100,0.44,15855.799952987581
2840,OK,99.600,0.44,15844.19998107478
2841,OK,80.600,0.44,15930.800000205636
2842,OK,67.300,0.44,15816.400002222508
2843,OK,85.800,0.44,15894.60001559928
2844,OK,101.000,0.44,15798.39998157695
2845,OK,87.300,0.44,15848.899958655238
2846,OK,97.800,0.44,15827.79997261241
2847,OK,85.800,0.44,15857.100021094084
2848,OK,78.500,0.44,15919.299970846623
2849,OK,92.500,0.44,15840.599953662604
2850,OK,134.900,0.44,15746.299992315471
2851,OK,97.100,0.44,16543.4000082314
2852,OK,152.100,0.44,15211.59999538213
2853,OK,124.100,0.44,15718.600014224648
2854,OK,90.200,0.44,15708.499995525926
2855,OK,98.300,0.44,15832.300006877631
2856,OK,67.700,0.44,15878.800011705607
2857,OK,55.000,0.44,15925.59996061027
2858,OK,55.700,0.44,15939.599950797856
2859,OK,64.400,0.44,15896.499971859157
2860,OK,64.700,0.44,15899.299993179739
2861,OK,65.000,0.44,15913.499984890223
2862,OK,87.600,0.44,15846.099995542318
2863,OK,74.200,0.44,15874.799981247634
2864,OK,79.400,0.44,15875.60004554689
2865,OK,134.400,0.44,15808.099997229874
2866,OK,71.300,0.44,15932.000009343028
2867,OK,133.000,0.44,15682.000026572496
2868,OK,74.300,0.44,15891.399991232902
2869,OK,79.600,0.44,15851.799980737269
2870,OK,60.700,0.44,15891.7999942787
2871,OK,89.800,0.44,15834.699966944754
2872,OK,78.800,0.44,15947.90001399815
2873,OK,63.700,0.44,15901.99995553121
2874,OK,64.100,0.44,15861.899999435991
2875,OK,71.600,0.44,15883.999993093312
2876,OK,81.700,0.44,16507.000022102147
2877,OK,98.800,0.44,15454.199980013072
2878,OK,96.900,0.44,15563.299995847046
2879,OK,59.900,0.44,15844.799985643476
2880,OK,85.900,0.44,15889.200032688677
2881,OK,58.900,0.44,15929.199988022447
2882,OK,69.100,0.44,15843.399974983186
2883,OK,76.000,0.44,15899.09999165684
2884,OK,61.000,0.44,19056.50005210191
2885,OK,99.900,0.44,12617.19997273758
2886,OK,81.400,0.44,15897.69998099655
2887,OK,58.600,0.44,15861.599997151643
2888,OK,92.600,0.44,15840.900014154613
2889,OK,54.200,0.44,15923.200000543147
2890,OK,66.300,0.44,16050.40003778413
2891,OK,123.300,0.44,15676.099981646985
2892,OK,60.500,0.44,15923.300001304597
2893,OK,66.200,0.44,15877.700003329664
2894,OK,56.700,0.44,15880.099963396788
2895,OK,51.000,0.44,15957.900031935424
2896,OK,64.900,0.44,15900.800004601479
2897,OK,66.700,0.44,15890.500042587519
2898,OK,82.600,0.44,15834.500023629516
2899,OK,55.400,0.44,15927.20003100112
2900,OK,51.500,0.44,15894.299955107272
2901,OK,80.000,0.44,15733.09995001182
2902,OK,58.700,0.44,15860.000043176115
2903,OK,53.400,0.44,15928.6999842152
2904,OK,58.300,0.44,15896.599972620606
2905,OK,154.500,0.44,15819.400025065988
2906,OK,69.700,0.44,15849.200019147247
2907,OK,94.800,0.44,15806.200040969998
2908,OK,84.200,0.44,16027.100034989417
2909,OK,108.500,0.44,15701.099997386336
2910,OK,97.400,0.44,15800.399996805936
2911,OK,72.100,0.44,15818.200015928596
2912,OK,68.900,0.44,15892.499999608845
2913,OK,62.800,0.44,15854.60000205785
2914,OK,56.700,0.44,15932.499954942614
2915,OK,53.200,0.44,15902.20001526177
2916,OK,68.300,0.44,15893.500007223338
2917,OK,56.200,0.44,15904.699976090342
2918,OK,76.300,0.44,15909.300011117011
2919,OK,55.500,0.44,15876.89999723807
2920,OK,67.000,0.44,15878.900012467057
2921,OK,55.200,0.44,15908.900008071214
2922,OK,84.800,0.44,15896.699973382056
2923,OK,86.400,0.44,15823.199995793402
2924,OK,89.300,0.44,15915.099997073412
2925,OK,63.100,0.44,15912.000031676143
2926,OK,65.100,0.44,15877.900004852563
2927,OK,64.300,0.44,15886.900015175343
2928,OK,75.500,0.44,15874.299977440387
2929,OK,66.800,0.44,15930.699999444187
2930,OK,60.300,0.44,15902.20001526177
2931,OK,61.400,0.44,15879.100013989955
2932,OK,49.700,0.44,15939.700009766966
2933,OK,48.000,0.44,15924.40000968054
2934,OK,74.300,0.44,15822.799992747605
2935,OK,89.800,0.44,15909.50001263991
2936,OK,66.300,0.44,15916.700009256601
2937,OK,63.000,0.44,15840.000007301569
2938,OK,73.200,0.44,15846.299997065216
2939,OK,81.400,0.44,15892.399998847395
2940,OK,79.100,0.44,15882.69998319447
2941,OK,74.900,0.44,15869.299997575581
2942,OK,63.200,0.44,15851.400035899132
2943,OK,64.900,0.44,15867.89998691529
2944,OK,50.000,0.44,15955.999959260225
2945,OK,56.800,0.44,16015.300003346056
2946,OK,80.800,0.44,15822.599991224706
2947,OK,94.300,0.44,15776.699990965426
2948,OK,187.400,0.44,15759.69997793436
2949,OK,110.500,0.44,15829.699987079948
2950,OK,88.400,0.44,15760.700043756515
2951,OK,102.000,0.44,15788.400021847337
2952,OK,78.700,0.44,15834.300022106618
2953,OK,67.500,0.44,15930.900000967085
2954,OK,60.300,0.44,15859.000035561621
2955,OK,83.900,0.44,15863.900014664978
2956,OK,85.700,0.44,15894.899959675968
2957,OK,71.500,0.44,15866.100031416863
2958,OK,67.600,0.44,15871.00001052022
2959,OK,64.000,0.44,15887.899964582175
2960,OK,75.900,0.44,15915.29999859631
2961,OK,124.200,0.44,15807.40005010739
2962,OK,83.300,0.44,15824.800007976592
2963,OK,95.300,0.44,15840.100008063018
2964,OK,68.300,0.44,15882.099978625774
2965,OK,86.700,0.44,15903.000021353364
2966,OK,66.000,0.44,15875.099983531982
2967,OK,63.300,0.44,15916.200005449355
2968,OK,61.500,0.44,15910.9000233002
2969,OK,88.600,0.44,15803.800022695214
2970,OK,60.400,0.44,15880.699967965484
2971,OK,52.400,0.44,15975.300048012286
2972,OK,61.100,0.44,15933.499962557107
2973,OK,158.500,0.44,15683.500037994236
2974,OK,84.300,0.44,15868.199989199638
2975,OK,86.200,0.44,15859.000035561621
2976,OK,91.500,0.44,15860.099985729903
2977,OK,74.700,0.44,15891.80005248636
2978,OK,83.300,0.44,15862.900007050484
2979,OK,89.300,0.44,15857.300022616982
2980,OK,63.900,0.44,15845.69999249652
2981,OK,63.400,0.44,15898.599987849593
2982,OK,81.000,0.44,15843.800036236644
2983,OK,78.200,0.44,15874.10003412515
2984,OK,76.900,0.44,15883.499989286065
2985,OK,87.200,0.44,15826.300019398332
2986,OK,89.500,0.44,15892.800001893193
2987,OK,80.500,0.44,15834.899968467653
2988,OK,89.100,0.44,15865.800029132515
2989,OK,94.400,0.44,15856.500016525388
2990,OK,100.100,0.44,15833.700017537922
2991,OK,78.900,0.44,15866.39997549355
2992,OK,103.700,0.44,15818.299958482385
2993,OK,84.800,0.44,15884.799999184906
2994,OK,71.300,0.44,15865.699970163405
2995,OK,88.200,0.44,15885.500004515052
2996,OK,89.500,0.44,15831.900003831834
2997,OK,80.400,0.44,15865.00002304092
2998,OK,91.000,0.44,15838.099992834032
2999,OK,84.700,0.44,15885.200002230704
3000,OK,87.400,0.44,15850.499970838428
3001,OK,98.300,0.44,15682.100027333945
3002,OK,87.200,0.44,16760.999977122992
3003,OK,102.400,0.44,14966.499991714954
3004,OK,106.200,0.44,15841.700020246208
3005,OK,101.100,0.44,15821.399982087314
3006,OK,97.600,0.44,16580.4999996908
3007,OK,97.300,0.44,15165.099990554154
3008,OK,90.100,0.44,15826.800023205578
3009,OK,90.300,0.44,15863.099950365722
3010,OK,86.100,0.44,15838.799998164177
3011,OK,85.300,0.44,15859.299979638308
3012,OK,104.400,0.44,15849.300019908696
3013,OK,106.500,0.44,15882.100036833435
3014,OK,141.000,0.44,15695.299953222275
3015,OK,84.000,0.44,15872.700023464859
3016,OK,102.700,0.44,15815.099992323667
3017,OK,101.900,0.44,15821.599983610213
3018,OK,66.000,0.44,15905.599982943386
3019,OK,99.800,0.44,15893.800009507686
3020,OK,79.300,0.44,15776.999993249774
3021,OK,82.700,0.44,15880.800026934594
3022,OK,58.600,0.44,15899.599995464087
3023,OK,63.900,0.44,15876.599994953722
3024,OK,70.000,0.44,15871.400013566017
3025,OK,88.200,0.44,15849.600022193044
3026,OK,81.900,0.44,15845.299989450723
3027,OK,49.400,0.44,15917.00001154095
3028,OK,68.700,0.44,15993.000008165836
3029,OK,126.200,0.44,15690.30003156513
3030,OK,77.000,0.44,15926.500025670975
3031,OK,77.300,0.44,15886.500012129545
3032,OK,92.700,0.44,15807.999996468425
3033,OK,91.900,0.44,15856.600017286837
3034,OK,68.500,0.44,15858.400030992925
3035,OK,64.000,0.44,15957.700030412525
3036,OK,82.600,0.44,15830.500051379204
3037,OK,60.400,0.44,15900.699945632368
3038,OK,97.200,0.44,15875.499986577779
3039,OK,100.800,0.44,15773.10002176091
3040,OK,63.900,0.44,15867.000038269907
3041,OK,63.300,0.44,15925.300016533583
3042,OK,66.600,0.44,15900.70000384003
3043,OK,93.600,0.44,15865.299967117608
3044,OK,67.300,0.44,15851.799980737269
3045,OK,67.700,0.44,16556.89999461174
3046,OK,81.100,0.44,15322.199964430183
3047,OK,68.500,0.44,15860.399988014251
3048,OK,64.000,0.44,15900.699945632368
3049,OK,66.000,0.44,15829.699987079948
3050,OK,62.600,0.44,15924.500010441989
3051,OK,128.900,0.44,15763.900009915233
3052,OK,83.100,0.44,15813.800040632486
3053,OK,72.800,0.44,15865.900029893965
3054,OK,75.300,0.44,15917.00001154095
3055,OK,65.900,0.44,15886.400011368096
3056,OK,61.700,0.44,15945.499995723367
3057,OK,74.700,0.44,15893.700008746237
3058,OK,73.200,0.44,15887.19995925203
3059,OK,61.900,0.44,15804.20002574101
3060,OK,95.900,0.44,15897.199977189302
3061,OK,81.700,0.44,15889.299975242466
3062,OK,55.500,0.44,15876.99999799952
3063,OK,54.800,0.44,15910.100017208606
3064,OK,44.500,0.44,15936.799987684935
3065,OK,50.300,0.44,15956.300019752234
3066,OK,139.000,0.44,15739.399997983128
3067,OK,74.800,0.44,15899.999998509884
3068,OK,57.200,0.44,15894.70001636073
3069,OK,56.400,0.44,15915.900003165007
3070,OK,58.100,0.44,15928.499982692301
3071,OK,66.500,0.44,15866.299974732101
3072,OK,67.500,0.44,15901.100006885827
3073,OK,60.200,0.44,15798.2999808155
3074,OK,63.800,0.44,15898.900048341602
3075,OK,52.800,0.44,15848.099952563643
3076,OK,69.700,0.44,15914.599993266165
3077,OK,49.700,0.44,15954.900009091944
3078,OK,54.300,0.44,15899.399993941188
3079,OK,55.600,0.44,15899.400052148849
3080,OK,49.300,0.44,15926.600026432425
3081,OK,55.900,0.44,15914.099989458919
3082,OK,52.700,0.44,15889.199974481016
3083,OK,62.000,0.44,15894.000011030585
3084,OK,119.800,0.44,15838.899998925626
3085,OK,163.600,0.44,15731.899999082088
3086,OK,91.200,0.44,15793.400001712143
3087,OK,56.600,0.44,15975.399990566075
3088,OK,61.600,0.44,15909.300011117011
3089,OK,63.800,0.44,15873.79997363314
3090,OK,76.200,0.44,15922.999999020249
3091,OK,127.900,0.44,15707.199985627085
3092,OK,82.800,0.44,15885.400003753603
3093,OK,57.700,0.44,15883.199987001717
3094,OK,76.800,0.44,15843.399974983186
3095,OK,57.600,0.44,15933.699964080006
3096,OK,52.300,0.44,15899.499994702637
3097,OK,57.800,0.44,15893.899952061474
3098,OK,49.300,0.44,15928.899985738099
3099,OK,51.600,0.44,15987.399965524673
3100,OK,150.300,0.44,15672.100009396672
3101,OK,98.400,0.44,15684.19998511672
3102,OK,70.200,0.44,15854.500001296401
3103,OK,59.500,0.44,15888.100024312735
3104,OK,56.900,0.44,15897.69998099655
3105,OK,58.100,0.44,15914.199990220368
3106,OK,69.700,0.44,15897.5999802351
3107,OK,54.900,0.44,15893.700008746237
3108,OK,52.400,0.44,15830.599993932992
3109,OK,56.300,0.44,15933.500020764768
3110,OK,88.400,0.44,15814.199985470623
3111,OK,115.200,0.44,15869.39999833703
3112,OK,68.900,0.44,15876.199991907924
3113,OK,70.600,0.44,15809.500007890165
3114,OK,51.800,0.44,15912.300033960491
3115,OK,55.000,0.44,15935.99998159334
3116,OK,76.600,0.44,15908.900008071214
3117,OK,54.100,0.44,15911.600028630346
3118,OK,58.100,0.44,15866.400033701211
3119,OK,80.200,0.44,15863.300010096282
3120,OK,89.200,0.44,15887.699963059276
3121,OK,80.500,0.44,15925.600018817931
3122,OK,85.500,0.44,15791.499987244606
3123,OK,88.800,0.44,15820.39997447282
3124,OK,92.300,0.44,15905.09997913614
3125,OK,85.900,0.44,15826.200018636882
3126,OK,65.200,0.44,15913.699986413121
3127,OK,92.300,0.44,15813.700039871037
3128,OK,98.000,0.44,15869.49999909848
3129,OK,100.000,0.44,15906.200045719743
3130,OK,87.000,0.44,15811.799967195839
3131,OK,85.000,0.44,15822.399989701807
3132,OK,65.600,0.44,15915.600000880659
3133,OK,91.400,0.44,15845.499990973622
3134,OK,86.900,0.44,15887.600020505488
3135,OK,89.300,0.44,15857.39996517077
3136,OK,87.800,0.44,15822.799992747605
3137,OK,66.900,0.44,15919.200028292835
3138,OK,92.300,0.44,15853.09999063611
3139,OK,95.800,0.44,15784.499992150813
3140,OK,85.000,0.44,15901.800012215972
3141,OK,108.700,0.44,15837.999992072582
3142,OK,100.500,0.44,15825.600014068186
3143,OK,93.200,0.44,15867.99998767674
3144,OK,77.700,0.44,15841.800021007657
3145,OK,81.100,0.44,15847.100003156811
3146,OK,82.600,0.44,15857.899968978018
3147,OK,63.400,0.44,15906.899992842227
3148,OK,80.400,0.44,15888.300025835633
3149,OK,93.500,0.44,16268.400009721518
3150,OK,96.700,0.44,15515.099978074431
3151,OK,134.800,0.44,15658.500022254884
3152,OK,91.200,0.44,15845.199988689274
3153,OK,68.400,0.44,15852.799988351762
3154,OK,65.500,0.44,15883.699990808964
3155,OK,64.400,0.44,15858.399972785264
3156,OK,55.800,0.44,16049.900033976883
3157,OK,59.200,0.44,15833.90001906082
3158,OK,56.900,0.44,15910.100017208606
3159,OK,80.500,0.44,15871.900017373264
3160,OK,63.500,0.44,15874.699980486184
3161,OK,60.900,0.44,15912.899980321527
3162,OK,63.900,0.44,15892.099996563047
3163,OK,64.300,0.44,15895.000018645078
3164,OK,57.600,0.44,15910.000016447157
3165,OK,76.000,0.44,15915.000054519624
3166,OK,108.900,0.44,15796.700026839972
3167,OK,81.400,0.44,15839.100000448525
3168,OK,99.600,0.44,15883.599990047514
3169,OK,95.300,0.44,15902.400016784668
3170,OK,63.600,0.44,15859.30003784597
3171,OK,63.700,0.44,15877.800004091114
3172,OK,78.700,0.44,15908.900008071214
3173,OK,78.900,0.44,15827.299968805164
3174,OK,57.800,0.44,15913.699986413121
3175,OK,126.200,0.44,15754.799998831004
3176,OK,86.800,0.44,15852.600045036525
3177,OK,79.300,0.44,15829.199983272702
3178,OK,75.900,0.44,15909.900015685707
3179,OK,94.400,0.44,15838.099992834032
3180,OK,57.800,0.44,15946.300001814961
3181,OK,98.400,0.44,15758.600027766079
3182,OK,84.700,0.44,15957.999974489212
3183,OK,84.500,0.44,15989.099978469312
3184,OK,87.300,0.44,15628.800028935075
3185,OK,98.500,0.44,15845.69999249652
3186,OK,65.100,0.44,15891.299990471452
3187,OK,50.700,0.44,15871.900017373264
3188,OK,58.100,0.44,15970.400010701269
3189,OK,59.800,0.44,15842.499968130141
3190,OK,73.300,0.44,15992.700005881488
3191,OK,54.700,0.44,15865.899971686304
3192,OK,56.800,0.44,15828.200033865869
3193,OK,60.900,0.44,15911.500027868897
3194,OK,62.400,0.44,16439.500031992793
3195,OK,87.000,0.44,15378.600044641644
3196,OK,63.600,0.44,15877.900004852563
3197,OK,62.600,0.44,15914.999996311963
3198,OK,48.100,0.44,15883.099986240268
3199,OK,71.700,0.44,15922.79999749735
3200,OK,56.500,0.44,15857.099962886423
3201,OK,91.800,0.44,15749.29995695129
3202,OK,73.100,0.44,15892.399998847395
3203,OK,110.400,0.44,15823.5999988392
3204,OK,80.300,0.44,15903.70002668351
3205,OK,95.300,0.44,15881.699975579977
3206,OK,60.600,0.44,15846.599999349564
3207,OK,53.400,0.44,15960.299992002547
3208,OK,79.900,0.44,15848.200011532754
3209,OK,100.500,0.44,15821.89998589456
3210,OK,92.900,0.44,15863.000007811934
3211,OK,76.400,0.44,15956.700022798032
3212,OK,112.500,0.44,15654.799994081259
3213,OK,72.800,0.44,15891.899995040148
3214,OK,61.900,0.44,15943.199978210032
3215,OK,69.900,0.44,15895.700023975223
3216,OK,81.100,0.44,15849.500021431595
3217,OK,61.200,0.44,15895.900025498122
3218,OK,62.700,0.44,15853.700053412467
3219,OK,62.100,0.44,15954.700007569045
3220,OK,50.200,0.44,15890.900045633316
3221,OK,56.100,0.44,15906.50004800409
3222,OK,99.100,0.44,15855.600009672344
3223,OK,119.400,0.44,15800.900000613183
3224,OK,62.700,0.44,15882.199979387224
3225,OK,85.800,0.44,15858.799975831062
3226,OK,78.900,0.44,15909.900015685707
3227,OK,65.900,0.44,15891.199989710003
3228,OK,65.600,0.44,15889.400034211576
3229,OK,63.100,0.44,15851.299976930022
3230,OK,62.500,0.44,15855.600009672344
3231,OK,66.000,0.44,15882.899984717369
3232,OK,71.000,0.44,15814.300044439733
3233,OK,60.700,0.44,15959.099982865155
3234,OK,59.900,0.44,15924.500010441989
3235,OK,59.100,0.44,15942.800033371896
3236,OK,79.100,0.44,15849.499963223934
3237,OK,67.000,0.44,15903.000021353364
3238,OK,58.000,0.44,15820.799977518618
3239,OK,96.800,0.44,15871.400013566017
3240,OK,93.600,0.44,15898.099984042346
3241,OK,64.700,0.44,15883.499989286065
3242,OK,63.300,0.44,15896.899974904954
3243,OK,67.300,0.44,15880.300023127347
3244,OK,69.300,0.44,15881.700033787638
3245,OK,78.200,0.44,15887.600020505488
3246,OK,73.600,0.44,15855.099947657436
3247,OK,70.600,0.44,15875.999990385026
3248,OK,47.400,0.44,15914.699994027615
3249,OK,70.900,0.44,15891.999995801598
3250,OK,80.200,0.44,15857.70002566278
3251,OK,50.000,0.44,15937.199990730733
3252,OK,72.000,0.44,15872.100018896163
3253,OK,62.300,0.44,15889.199974481016
3254,OK,50.100,0.44,15988.600032869726
3255,OK,63.100,0.44,15846.299997065216
3256,OK,81.300,0.44,15891.399991232902
3257,OK,57.200,0.44,15851.499978452921
3258,OK,77.800,0.44,15902.600018307567
3259,OK,78.100,0.44,15855.400008149445
3260,OK,62.200,0.44,15869.49999909848
3261,OK,52.200,0.44,15848.80001610145
3262,OK,66.700,0.44,15918.699966277927
3263,OK,60.000,0.44,16008.300008252263
3264,OK,137.900,0.44,15665.00001354143
3265,OK,71.200,0.44,15880.299964919686
3266,OK,138.900,0.44,15907.099994365126
3267,OK,65.700,0.44,15787.400014232844
3268,OK,65.800,0.44,15909.50001263991
3269,OK,81.500,0.44,15861.299994867295
3270,OK,64.600,0.44,15941.000019665807
3271,OK,68.100,0.44,15900.900005362928
3272,OK,65.100,0.44,15870.300005190074
3273,OK,60.400,0.44,15860.899991821498
3274,OK,62.700,0.44,15928.6999842152
3275,OK,94.100,0.44,15823.199995793402
3276,OK,110.500,0.44,15815.299993846565
3277,OK,86.100,0.44,15843.599976506084
3278,OK,97.500,0.44,15857.400023378432
3279,OK,85.400,0.44,15892.499999608845
3280,OK,68.800,0.44,15874.399978201836
3281,OK,67.400,0.44,15891.899995040148
3282,OK,76.300,0.44,15901.500009931624
3283,OK,61.000,0.44,15869.299997575581
3284,OK,54.300,0.44,15935.299976263195
3285,OK,65.400,0.44,15922.599995974451
3286,OK,170.500,0.44,15669.699991121888
3287,OK,90.400,0.44,15875.599987339228
3288,OK,61.600,0.44,15906.59999055788
3289,OK,63.200,0.44,15875.499986577779
3290,OK,64.800,0.44,15897.200035396963
3291,OK,71.400,0.44,15892.499999608845
3292,OK,79.000,0.44,15885.000000707805
3293,OK,66.600,0.44,15813.599980901927
3294,OK,73.800,0.44,15891.499991994351
3295,OK,61.700,0.44,15889.500034973025
3296,OK,79.500,0.44,15869.800001382828
3297,OK,74.100,0.44,15872.100018896163
3298,OK,79.100,0.44,15866.800036747009
3299,OK,89.000,0.44,15875.499986577779
3300,OK,84.300,0.44,15861.899999435991
3301,OK,118.000,0.44,15672.700013965368
3302,OK,92.000,0.44,15852.299984544516
3303,OK,96.000,0.44,15804.30002650246
3304,OK,70.700,0.44,15905.400039628148
3305,OK,100.000,0.44,15847.20000391826
3306,OK,111.200,0.44,15845.299989450723
3307,OK,95.200,0.44,15847.30000467971
3308,OK,91.700,0.44,15841.499960515648
3309,OK,91.000,0.44,15846.299997065216
3310,OK,81.400,0.44,15871.099953074008
3311,OK,85.500,0.44,15850.000025238842
3312,OK,79.300,0.44,15862.200001720339
3313,OK,85.500,0.44,15862.799948081374
3314,OK,70.100,0.44,15860.70004850626
3315,OK,97.800,0.44,15811.8000254035
3316,OK,73.400,0.44,15879.000013228506
3317,OK,85.000,0.44,20577.099989168346
3318,OK,70.800,0.44,11188.099975697696
3319,OK,85.700,0.44,16057.100030593574
3320,OK,94.700,0.44,15629.29997453466
3321,OK,89.900,0.44,15822.09998741746
3322,OK,91.500,0.44,15856.600017286837
3323,OK,71.400,0.44,15862.200001720339
3324,OK,80.700,0.44,15878.999955020845
3325,OK,87.300,0.44,15935.299976263195
3326,OK,105.700,0.44,15802.90001584217
3327,OK,88.900,0.44,15806.899988092482
3328,OK,73.100,0.44,15853.499993681908
3329,OK,81.800,0.44,15849.000017624348
3330,OK,96.200,0.44,15819.799969904125
3331,OK,71.200,0.44,15874.499978963286
3332,OK,64.300,0.44,15906.699991319329
3333,OK,66.700,0.44,15895.199961960316
3334,OK,68.100,0.44,15891.899995040148
3335,OK,59.000,0.44,15917.100012302399
3336,OK,53.900,0.44,15900.099999271333
3337,OK,46.900,0.44,15946.900006383657
3338,OK,50.000,0.44,15919.400029815733
3339,OK,53.300,0.44,15947.100007906556
3340,OK,57.700,0.44,15868.499991483986
3341,OK,56.700,0.44,16115.800011903048
3342,OK,181.300,0.44,15501.599991694093
3343,OK,77.000,0.44,15829.199983272702
3344,OK,62.000,0.44,15962.70001027733
3345,OK,74.600,0.44,15879.300015512854
3346,OK,90.100,0.44,15823.299996554852
3347,OK,65.100,0.44,15892.199997324497
3348,OK,102.900,0.44,15809.300006367266
3349,OK,94.400,0.44,15894.400014076382
3350,OK,94.800,0.44,15892.099996563047
3351,OK,61.100,0.44,15937.799995299429
3352,OK,126.400,0.44,15759.299974888563
3353,OK,139.600,0.44,15822.899993509054
3354,OK,99.800,0.44,15835.50003124401
3355,OK,143.100,0.44,15766.999975312501
3356,OK,59.000,0.44,15878.700010944158
3357,OK,55.900,0.44,15902.500017546117
3358,OK,72.900,0.44,15928.59998345375
3359,OK,80.800,0.44,15808.500000275671
3360,OK,55.800,0.44,15980.199968907982
3361,OK,57.700,0.44,15898.599987849593
3362,OK,75.300,0.44,15871.300012804568
3363,OK,61.600,0.44,16089.399985503405
3364,OK,245.800,0.44,15387.599996756762
3365,OK,53.500,0.44,15934.60002914071
3366,OK,51.400,0.44,15906.099986750633
3367,OK,69.300,0.44,15885.200002230704
3368,OK,61.500,0.44,15954.300004523247
3369,OK,56.000,0.44,15880.700026173145
3370,OK,54.000,0.44,15919.999976176769
3371,OK,54.300,0.44,15857.099962886423
3372,OK,60.200,0.44,15921.100042760372
3373,OK,64.300,0.44,15932.400012388825
3374,OK,67.600,0.44,15901.100006885827
3375,OK,65.000,0.44,15894.100011792034
3376,OK,71.300,0.44,15839.400002732873
3377,OK,54.400,0.44,15906.899992842227
3378,OK,44.900,0.44,15911.400027107447
3379,OK,52.800,0.44,15885.400003753603
3380,OK,69.100,0.44,15949.40002541989
3381,OK,56.700,0.44,15939.09994699061
3382,OK,56.800,0.44,15848.500013817102
3383,OK,60.000,0.44,15874.499978963286
3384,OK,56.500,0.44,15960.099990479648
3385,OK,69.000,0.44,15864.800021518022
3386,OK,55.500,0.44,15935.300034470856
3387,OK,73.500,0.44,15857.100021094084
3388,OK,70.900,0.44,15862.400003243238
3389,OK,69.900,0.44,15970.999957062304
3390,OK,133.700,0.44,15696.599963121116
3391,OK,61.700,0.44,15973.400033544749
3392,OK,131.700,0.44,15644.29997233674
3393,OK,60.900,0.44,15915.29999859631
3394,OK,67.400,0.44,15911.800030153245
3395,OK,57.300,0.44,15984.099998604506
3396,OK,58.800,0.44,15820.899978280067
3397,OK,61.000,0.44,15911.199967376888
3398,OK,92.000,0.44,15808.900003321469
3399,OK,72.900,0.44,16207.900014705956
3400,OK,118.400,0.44,15513.299964368343
3401,OK,108.300,0.44,15631.999995093793
3402,OK,99.600,0.44,15928.999986499548
3403,OK,78.700,0.44,15801.40000442043
3404,OK,65.700,0.44,15879.69996035099
3405,OK,60.500,0.44,15950.600034557283
3406,OK,72.100,0.44,15881.799976341426
3407,OK,84.400,0.44,15855.200006626546
3408,OK,62.600,0.44,15876.89999723807
3409,OK,62.400,0.44,15898.300043772906
3410,OK,62.000,0.44,15915.900003165007
3411,OK,68.100,0.44,15928.400040138513
3412,OK,156.000,0.44,15734.70002040267
3413,OK,141.400,0.44,15772.699960507452
3414,OK,58.400,0.44,15918.499964755028
3415,OK,74.000,0.44,15886.300010606647
3416,OK,65.400,0.44,15810.700017027557
3417,OK,77.100,0.44,15987.099963240325
3418,OK,57.800,0.44,15873.499971348792
3419,OK,55.700,0.44,15940.999961458147
3420,OK,63.600,0.44,15868.099988438189
3421,OK,62.600,0.44,15831.099997740239
3422,OK,78.000,0.44,15889.899979811162
3423,OK,80.000,0.44,15865.600027609617
3424,OK,84.300,0.44,15905.500040389597
3425,OK,63.600,0.44,15874.10003412515
3426,OK,81.000,0.44,15887.799963820726
3427,OK,102.900,0.44,15795.799961779267
3428,OK,95.600,0.44,15852.999989874661
3429,OK,102.300,0.44,15897.200035396963
3430,OK,86.000,0.44,16603.199997916818
3431,OK,86.900,0.44,15043.399995192885
3432,OK,85.100,0.44,15849.99996703118
3433,OK,87.200,0.44,15860.199986491352
3434,OK,89.100,0.44,15926.999971270561
3435,OK,68.100,0.44,15864.99996483326
3436,OK,85.500,0.44,15865.699970163405
3437,OK,88.400,0.44,15821.99998665601
3438,OK,95.400,0.44,15847.30000467971
3439,OK,83.500,0.44,15874.599979724735
3440,OK,87.100,0.44,15858.600032515824
3441,OK,65.500,0.44,15877.199999522418
3442,OK,110.900,0.44,15845.299989450723
3443,OK,99.900,0.44,15838.099992834032
3444,OK,97.900,0.44,15843.600034713745
3445,OK,88.200,0.44,15876.99999799952
3446,OK,89.000,0.44,15851.000032853335
3447,OK,75.000,0.44,15851.199976168573
3448,OK,81.700,0.44,15863.60001238063
3449,OK,85.300,0.44,15843.00003014505
3450,OK,62.800,0.44,15922.499995213002
3451,OK,64.100,0.44,15930.900000967085
3452,OK,90.600,0.44,15789.000026416034
3453,OK,135.500,0.44,15759.399975650012
3454,OK,97.500,0.44,15845.400048419833
3455,OK,70.200,0.44,15899.09999165684
3456,OK,101.200,0.44,15801.800007466227
3457,OK,75.800,0.44,15911.400027107447
3458,OK,80.800,0.44,15814.49998775497
3459,OK,75.100,0.44,15907.90000045672
3460,OK,61.300,0.44,15902.700019069016
3461,OK,59.300,0.44,15967.999992426485
3462,OK,52.800,0.44,15877.099998760968
3463,OK,62.900,0.44,15848.80001610145
3464,OK,61.500,0.44,15880.499966442585
3465,OK,62.600,0.44,15924.500010441989
3466,OK,65.000,0.44,15941.399964503944
3467,OK,51.700,0.44,15943.099977448583
3468,OK,75.100,0.44,15842.000022530556
3469,OK,138.700,0.44,15764.900017529726
3470,OK,95.600,0.44,15886.100009083748
3471,OK,86.900,0.44,15834.800025913864
3472,OK,79.300,0.44,15839.200001209974
3473,OK,76.300,0.44,15858.499973546714
3474,OK,67.000,0.44,15921.899990644306
3475,OK,63.800,0.44,15829.999989364296
3476,OK,52.700,0.44,15945.399994961917
3477,OK,91.700,0.44,15925.100015010685
3478,OK,161.700,0.44,15661.599987652153
3479,OK,89.600,0.44,15835.200028959662
3480,OK,90.600,0.44,15866.299974732101
3481,OK,63.200,0.44,15901.300008408725
3482,OK,95.000,0.44,15851.70003818348
3483,OK,81.200,0.44,15869.900002144277
3484,OK,75.500,0.44,15951.899986248463
3485,OK,64.800,0.44,15856.900019571185
3486,OK,64.000,0.44,15783.70004426688
3487,OK,75.900,0.44,16001.200012397021
3488,OK,166.200,0.44,15696.300019044429
3489,OK,62.700,0.44,15879.999962635338
3490,OK,60.000,0.44,15845.79999325797
3491,OK,53.500,0.44,15905.999985989183
3492,OK,68.600,0.44,15898.499987088144
3493,OK,79.900,0.44,15900.000056717545
3494,OK,46.400,0.44,15953.699999954551
3495,OK,51.100,0.44,15857.799968216568
3496,OK,76.600,0.44,15825.800015591085
3497,OK,48.200,0.44,15967.09998557344
3498,OK,85.800,0.44,15927.000029478222
3499,OK,55.700,0.44,15826.50002092123
3500,OK,61.000,0.44,15932.100010104477
3501,OK,108.000,0.44,15728.300029877573
3502,OK,59.200,0.44,15857.100021094084
3503,OK,67.600,0.44,15838.499995879829
3504,OK,89.200,0.44,15884.29999537766
3505,OK,91.700,0.44,15849.499963223934
3506,OK,50.100,0.44,16024.400014430285
3507,OK,96.300,0.44,15743.899974040687
3508,OK,50.700,0.44,15909.800014924258
3509,OK,81.700,0.44,15873.999975156039
3510,OK,78.500,0.44,15883.999993093312
3511,OK,63.500,0.44,15899.999998509884
3512,OK,72.300,0.44,15860.299987252802
3513,OK,60.200,0.44,15922.999999020249
3514,OK,63.000,0.44,15911.300026345998
3515,OK,44.600,0.44,15903.5999677144
3516,OK,84.900,0.44,15923.099999781698
3517,OK,62.400,0.44,15846.099995542318
3518,OK,56.100,0.44,15887.700021266937
3519,OK,55.400,0.44,15900.50000231713
3520,OK,52.700,0.44,15924.900013487786
3521,OK,137.200,0.44,15824.700007215142
3522,OK,57.700,0.44,15866.200032178313
3523,OK,46.500,0.44,15911.200025584549
3524,OK,43.300,0.44,15963.000012561679
3525,OK,121.000,0.44,15715.29998909682
3526,OK,87.000,0.44,15950.79997787252
3527,OK,63.300,0.44,15879.000013228506
3528,OK,49.200,0.44,15899.699996225536
3529,OK,44.500,0.44,16036.200046073645
3530,OK,142.000,0.44,15874.199976678938
3531,OK,121.800,0.44,15533.900004811585
3532,OK,76.900,0.44,15857.699967455119
3533,OK,58.600,0.44,15896.09996881336
3534,OK,59.200,0.44,15968.79999851808
3535,OK,81.900,0.44,15855.599951464683
3536,OK,72.800,0.44,15887.600020505488
3537,OK,57.600,0.44,15935.900039039552
3538,OK,67.400,0.44,15851.600037422031
3539,OK,75.800,0.44,15882.399980910122
3540,OK,75.600,0.44,15889.699978288263
3541,OK,82.900,0.44,15898.699988611042
3542,OK,100.900,0.44,15807.799994945526
3543,OK,66.200,0.44,15877.800004091114
3544,OK,77.500,0.44,15843.900036998093
3545,OK,65.000,0.44,15934.999973978847
3546,OK,53.800,0.44,15917.999960947782
3547,OK,60.200,0.44,15911.599970422685
3548,OK,64.800,0.44,15915.29999859631
3549,OK,79.400,0.44,15798.599983099848
3550,OK,98.800,0.44,15868.799993768334
3551,OK,89.600,0.44,15943.400037940592
3552,OK,85.400,0.44,15831.099997740239
3553,OK,63.600,0.44,15807.999996468425
3554,OK,61.200,0.44,15961.600001901388
3555,OK,60.700,0.44,15826.49996271357
3556,OK,54.700,0.44,15987.600025255233
3557,OK,71.900,0.44,15826.300019398332
3558,OK,70.100,0.44,15894.500014837831
3559,OK,67.700,0.44,15918.799967039376
3560,OK,58.800,0.44,15939.20000595972
3561,OK,67.500,0.44,15822.20004638657
3562,OK,80.700,0.44,15847.999951802194
3563,OK,72.400,0.44,15924.700011964887
3564,OK,73.800,0.44,15862.400003243238
3565,OK,81.800,0.44,15865.599969401956
3566,OK,104.900,0.44,15823.900001123548
3567,OK,89.000,0.44,15802.600013557822
3568,OK,47.600,0.44,16024.700016714633
3569,OK,131.800,0.44,15753.099985886365
3570,OK,70.500,0.44,15854.800003580749
3571,OK,51.300,0.44,15938.199998345226
3572,OK,67.800,0.44,15892.099996563047
3573,OK,60.600,0.44,15895.900025498122
3574,OK,53.100,0.44,15906.199987512082
3575,OK,52.300,0.44,15901.900012977421
3576,OK,48.600,0.44,15963.199955876917
3577,OK,61.200,0.44,15917.700016871095
3578,OK,136.900,0.44,15774.899977259338
3579,OK,57.200,0.44,15844.50004156679
3580,OK,93.700,0.44,15806.999988853931
3581,OK,68.600,0.44,15886.700013652444
3582,OK,78.900,0.44,15948.900021612644
3583,OK,80.400,0.44,15853.299992159009
3584,OK,96.300,0.44,15802.200010512024
3585,OK,84.300,0.44,15823.199995793402
3586,OK,86.400,0.44,15817.100007552654
3587,OK,113.400,0.44,15977.200004272163
3588,OK,105.500,0.44,15695.000009145588
3589,OK,94.100,0.44,17699.30002046749
3590,OK,130.300,0.44,13889.499998185784
3591,OK,117.200,0.44,15783.100039698184
3592,OK,103.200,0.44,15869.800001382828
3593,OK,81.900,0.44,15807.200048584491
3594,OK,72.600,0.44,15889.499976765364
3595,OK,80.600,0.44,15922.79999749735
3596,OK,73.500,0.44,15844.799985643476
3597,OK,56.800,0.44,15925.999963656068
3598,OK,48.700,0.44,15902.10001450032
3599,OK,50.200,0.44,15922.499995213002
3600,OK,75.500,0.44,15932.300011627376
3601,OK,72.300,0.44,16679.7999991104
3602,OK,111.500,0.44,15347.600041422993
3603,OK,393.800,0.44,14898.699999321252
3604,OK,318.800,0.44,15605.100023094565
3605,OK,101.400,0.44,15775.99998563528
3606,OK,210.500,0.44,15747.800003737211
3607,OK,122.400,0.44,15811.600023880601
3608,OK,99.100,0.44,15856.000012718141
3609,OK,112.600,0.44,16040.200018323958
3610,OK,106.600,0.44,15652.799978852272
3611,OK,85.100,0.44,15817.900013644248
3612,OK,84.100,0.44,15857.199963647872
3613,OK,97.100,0.44,15805.500035639852
3614,OK,85.100,0.44,15872.50002194196
3615,OK,68.900,0.44,15878.40000865981
3616,OK,86.700,0.44,15855.500008910894
3617,OK,110.000,0.44,15838.799998164177
3618,OK,86.800,0.44,15870.099945459515
3619,OK,98.000,0.44,15841.599961277097
3620,OK,91.300,0.44,15877.900004852563
3621,OK,95.800,0.44,15809.700009413064
3622,OK,97.500,0.44,15880.299964919686
3623,OK,83.800,0.44,15872.39996297285
3624,OK,82.100,0.44,15876.79999647662
3625,OK,65.500,0.44,15910.9000233002
3626,OK,63.400,0.44,15868.599992245436
3627,OK,63.900,0.44,15867.000038269907
3628,OK,67.600,0.44,15903.200022876263
3629,OK,82.600,0.44,15913.099981844425
3630,OK,98.200,0.44,15804.800030309707
3631,OK,141.400,0.44,15827.800030820072
3632,OK,95.700,0.44,15777.49999705702
3633,OK,94.100,0.44,15885.500004515052
3634,OK,81.700,0.44,15872.300020419061
3635,OK,81.800,0.44,15841.40001796186
3636,OK,98.500,0.44,15913.89998793602
3637,OK,63.700,0.44,15798.699983861297
3638,OK,113.900,0.44,15908.799949102104
3639,OK,70.100,0.44,15901.200007647276
3640,OK,60.400,0.44,15891.499991994351
3641,OK,64.900,0.44,15878.200007136911
3642,OK,86.500,0.44,15826.300019398332
3643,OK,89.900,0.44,15867.499983869493
3644,OK,64.400,0.44,15854.199999012053
3645,OK,67.600,0.44,15925.600018817931
3646,OK,129.400,0.44,15800.099994521588
3647,OK,93.200,0.44,15877.900004852563
3648,OK,99.400,0.44,15838.000050280243
3649,OK,64.200,0.44,15833.199955523014
3650,OK,70.100,0.44,15877.600002568215
3651,OK,71.500,0.44,15901.699953246862
3652,OK,72.600,0.44,15929.099987260997
3653,OK,56.300,0.44,15901.700011454523
3654,OK,84.800,0.44,15899.399993941188
3655,OK,106.300,0.44,15785.299998242408
3656,OK,113.200,0.44,15887.900022789836
3657,OK,72.400,0.44,15791.199984960258
3658,OK,117.800,0.44,15832.999954000115
3659,OK,111.100,0.44,15854.099998250604
3660,OK,83.400,0.44,15825.200011022389
3661,OK,87.300,0.44,15891.500050202012
3662,OK,81.600,0.44,15879.79996111244
3663,OK,83.200,0.44,15869.099996052682
3664,OK,83.500,0.44,15848.70001534
3665,OK,86.400,0.44,15899.399993941188
3666,OK,66.400,0.44,15794.100007042289
3667,OK,67.800,0.44,15952.899993862957
3668,OK,119.500,0.44,15772.599959746003
3669,OK,71.100,0.44,15886.199951637536
3670,OK,76.500,0.44,15935.500035993755
3671,OK,99.000,0.44,15796.79996939376
3672,OK,62.100,0.44,15903.300023637712
3673,OK,124.100,0.44,15854.500001296401
3674,OK,60.700,0.44,15908.800007309765
3675,OK,60.700,0.44,15875.799988862127
3676,OK,63.400,0.44,15876.599994953722
3677,OK,74.600,0.44,15875.899989623576
3678,OK,56.700,0.44,15925.099956803024
3679,OK,53.500,0.44,15894.799958914518
3680,OK,47.500,0.44,15871.700015850365
3681,OK,55.400,0.44,15889.900038018823
3682,OK,55.300,0.44,15933.800023049116
3683,OK,66.700,0.44,15943.300037179142
3684,OK,89.200,0.44,15801.500005181879
3685,OK,64.900,0.44,15944.500046316534
3686,OK,76.900,0.44,15811.69996643439
3687,OK,124.000,0.44,15914.299990981817
3688,OK,88.100,0.44,15911.700029391795
3689,OK,117.900,0.44,15740.400005597621
3690,OK,132.500,0.44,15801.900008227676
3691,OK,65.600,0.44,15815.299993846565
3692,OK,106.100,0.44,15791.499987244606
3693,OK,91.600,0.44,15902.10001450032
3694,OK,175.300,0.44,15586.59999864176
3695,OK,58.000,0.44,15906.999993603677
3696,OK,61.000,0.44,15946.39994436875
3697,OK,160.000,0.44,15666.400024201721
3698,OK,82.300,0.44,15867.89998691529
3699,OK,80.300,0.44,15934.100025333464
3700,OK,186.300,0.44,15690.20003080368
3701,OK,80.200,0.44,15843.099972698838
3702,OK,99.500,0.44,15800.299996044487
3703,OK,58.700,0.44,15886.099950876087
3704,OK,86.600,0.44,15974.70004344359
3705,OK,63.600,0.44,15772.400016430765
3706,OK,77.100,0.44,15871.10001128167
3707,OK,59.900,0.44,15857.999969739467
3708,OK,49.100,0.44,15964.000020176172
3709,OK,78.100,0.44,15913.199982605875
3710,OK,61.500,0.44,15860.099985729903
3711,OK,63.400,0.44,15865.800029132515
3712,OK,78.200,0.44,15943.70004022494
3713,OK,131.400,0.44,15718.29995373264
3714,OK,102.500,0.44,15875.40004402399
3715,OK,64.700,0.44,15923.800005111843
3716,OK,90.100,0.44,15871.00001052022
3717,OK,111.500,0.44,15788.399963639677
3718,OK,76.000,0.44,15881.50003226474
3719,OK,62.500,0.44,15893.900010269135
3720,OK,75.800,0.44,15899.999998509884
3721,OK,57.200,0.44,15918.999968562275
3722,OK,53.500,0.44,15868.599992245436
3723,OK,105.300,0.44,15797.700034454465
3724,OK,86.800,0.44,15845.999994780868
3725,OK,52.700,0.44,15846.499998588115
3726,OK,43.700,0.44,15946.900006383657
3727,OK,50.900,0.44,15925.69996137172
3728,OK,55.500,0.44,15910.299960523844
3729,OK,63.300,0.44,15928.099979646504
3730,OK,67.500,0.44,15884.899999946356
3731,OK,63.400,0.44,15874.600037932396
3732,OK,70.600,0.44,15953.599999193102
3733,OK,57.900,0.44,15884.599997662008
3734,OK,59.400,0.44,15901.399950962514
3735,OK,129.100,0.44,15839.700005017221
3736,OK,65.900,0.44,15887.399960774928
3737,OK,61.000,0.44,15904.100029729307
3738,OK,62.100,0.44,15889.799979049712
3739,OK,62.200,0.44,15910.500020254403
3740,OK,71.900,0.44,15880.800026934594
3741,OK,69.500,0.44,15887.699963059276
3742,OK,74.900,0.44,15889.700036495924
3743,OK,59.400,0.44,15886.899956967682
3744,OK,63.300,0.44,15796.399966347963
3745,OK,102.000,0.44,15846.399997826666
3746,OK,88.900,0.44,15891.400049440563
3747,OK,68.700,0.44,15890.699985902756
3748,OK,90.300,0.44,15832.40000763908
3749,OK,83.400,0.44,15897.399978712201
3750,OK,69.400,0.44,15833.90001906082
3751,OK,95.300,0.44,15855.700010433793
3752,OK,85.000,0.44,15866.799978539348
3753,OK,79.700,0.44,15868.999995291233
3754,OK,81.200,0.44,15867.599984630942
3755,OK,83.300,0.44,15854.900004342198
3756,OK,81.600,0.44,18850.100052077323
3757,OK,86.600,0.44,12879.299989435822
3758,OK,111.900,0.44,15820.199972949922
3759,OK,101.400,0.44,15837.099985219538
3760,OK,112.400,0.44,15865.400026086718
3761,OK,86.600,0.44,15873.400028795004
3762,OK,83.100,0.44,15809.400007128716
3763,OK,65.400,0.44,15961.19999885559
3764,OK,111.100,0.44,15769.600053317845
3765,OK,88.300,0.44,15877.400001045316
3766,OK,88.500,0.44,15829.699987079948
3767,OK,62.000,0.44,15889.400034211576
3768,OK,63.900,0.44,15893.600007984787
3769,OK,90.400,0.44,15862.600004766136
3770,OK,91.200,0.44,15864.300017710775
3771,OK,92.500,0.44,15856.300015002489
3772,OK,83.700,0.44,15889.400034211576
3773,OK,90.400,0.44,15859.799983445555
3774,OK,98.400,0.44,15810.900018550456
3775,OK,130.700,0.44,15797.999978531152
3776,OK,72.800,0.44,15883.999993093312
3777,OK,87.100,0.44,15823.699999600649
3778,OK,59.600,0.44,15916.200005449355
3779,OK,66.700,0.44,15875.199984293431
3780,OK,61.100,0.44,15933.700022287667
3781,OK,71.200,0.44,15857.100021094084
3782,OK,58.200,0.44,16005.300043616444
3783,OK,113.900,0.44,15793.600003235042
3784,OK,79.400,0.44,15856.300015002489
3785,OK,76.000,0.44,15899.600053671747
3786,OK,63.500,0.44,15897.500037681311
3787,OK,88.200,0.44,15953.90000147745
3788,OK,72.700,0.44,15837.299986742437
3789,OK,104.100,0.44,15771.300008054823
3790,OK,116.400,0.44,15928.499982692301
3791,OK,142.500,0.44,15799.89999299869
3792,OK,79.600,0.44,15731.300052721053
3793,OK,102.000,0.44,15753.499988932163
3794,OK,62.000,0.44,15891.70005172491
3795,OK,58.600,0.44,15905.699983704835
3796,OK,92.400,0.44,15874.800039455295
3797,OK,73.200,0.44,15849.900024477392
3798,OK,66.400,0.44,15907.099994365126
3799,OK,121.700,0.44,15794.500010088086
3800,OK,103.300,0.44,15853.09999063611
3801,OK,68.500,0.44,15693.499997723848
3802,OK,84.600,0.44,15974.59998447448
3803,OK,62.200,0.44,15887.299960013479
3804,OK,59.500,0.44,15852.799988351762
3805,OK,71.100,0.44,15855.700010433793
3806,OK,53.100,0.44,15917.800017632544
3807,OK,58.600,0.44,15903.800027444959
3808,OK,84.800,0.44,15894.70001636073
3809,OK,76.200,0.44,15905.999985989183
3810,OK,110.200,0.44,15907.099994365126
3811,OK,78.100,0.44,15725.80001084134
3812,OK,64.500,0.44,15895.300020929426
3813,OK,98.800,0.44,15859.500039368868
3814,OK,99.100,0.44,15890.000038780272
3815,OK,73.000,0.44,15826.100017875433
3816,OK,76.900,0.44,15893.600007984787
3817,OK,59.900,0.44,15898.900048341602
3818,OK,73.200,0.44,15898.600046057254
3819,OK,76.600,0.44,15825.700014829636
3820,OK,49.300,0.44,15940.50001585856
3821,OK,58.100,0.44,15943.800040986389
3822,OK,57.700,0.44,15887.100016698241
3823,OK,57.800,0.44,15880.799968726933
3824,OK,58.900,0.44,15878.600010182709
3825,OK,67.300,0.44,15950.500033795834
3826,OK,102.600,0.44,15831.900003831834
3827,OK,86.200,0.44,15891.600050963461
3828,OK,71.000,0.44,15890.799986664206
3829,OK,63.500,0.44,15905.399981420487
3830,OK,59.900,0.44,15875.29998505488
3831,OK,54.000,0.44,15857.200021855533
3832,OK,60.500,0.44,15935.299976263195
3833,OK,60.100,0.44,15856.700018048286
3834,OK,81.400,0.44,15857.200021855533
3835,OK,61.600,0.44,15862.900007050484
3836,OK,83.700,0.44,16069.000004790723
3837,OK,193.100,0.44,15533.19999948144
3838,OK,100.600,0.44,15891.5999927558
3839,OK,110.300,0.44,15740.200004074723
3840,OK,77.800,0.44,15887.100016698241
3841,OK,86.400,0.44,15898.299985565245
3842,OK,89.900,0.44,15748.10000602156
3843,OK,60.300,0.44,15923.200000543147
3844,OK,86.100,0.44,15821.599983610213
3845,OK,95.700,0.44,15843.600034713745
3846,OK,64.200,0.44,15935.500035993755
3847,OK,56.800,0.44,15908.10000197962
3848,OK,78.600,0.44,15868.099988438189
3849,OK,64.700,0.44,15927.600034046918
3850,OK,52.000,0.44,15872.100018896163
3851,OK,48.300,0.44,15975.499991327524
3852,OK,52.200,0.44,15887.899964582175
3853,OK,87.900,0.44,15923.600003588945
3854,OK,63.300,0.44,15836.400038097054
3855,OK,53.000,0.44,15869.900002144277
3856,OK,62.800,0.44,15983.49999403581
3857,OK,60.700,0.44,15973.700035829097
3858,OK,81.900,0.44,15650.800021830946
3859,OK,75.700,0.44,15866.599977016449
3860,OK,56.400,0.44,15919.300029054284
3861,OK,61.300,0.44,15947.300009429455
3862,OK,94.500,0.44,15822.799992747605
3863,OK,54.200,0.44,15905.899985227734
3864,OK,46.500,0.44,15911.00002406165
3865,OK,46.200,0.44,15918.799967039376
3866,OK,48.700,0.44,15969.500003848225
3867,OK,66.600,0.44,15887.20001745969
3868,OK,47.800,0.44,15941.89996831119
3869,OK,55.400,0.44,15915.700001642108
3870,OK,57.400,0.44,15920.599980745465
3871,OK,65.600,0.44,15879.400016274303
3872,OK,60.300,0.44,15904.900035820901
3873,OK,62.400,0.44,15883.199987001717
3874,OK,82.200,0.44,15841.600019484758
3875,OK,85.900,0.44,15859.899984207004
3876,OK,81.000,0.44,15886.200009845197
3877,OK,67.100,0.44,15867.599984630942
3878,OK,62.500,0.44,15883.699990808964
3879,OK,74.100,0.44,15940.800018142909
3880,OK,77.500,0.44,15859.699982684106
3881,OK,131.500,0.44,15726.700017694384
3882,OK,90.400,0.44,15867.699985392392
3883,OK,79.200,0.44,15818.200015928596
3884,OK,76.000,0.44,15887.699963059276
3885,OK,64.000,0.44,15925.400017295033
3886,OK,75.800,0.44,15876.700053922832
3887,OK,79.200,0.44,15860.299987252802
3888,OK,57.400,0.44,15844.19998107478
3889,OK,50.500,0.44,15967.700048349798
3890,OK,69.000,0.44,16153.300006408244
3891,OK,122.800,0.44,15532.199991866946
3892,OK,115.300,0.44,15786.999952979386
3893,OK,65.100,0.44,16004.700039047748
3894,OK,69.900,0.44,15804.000024218112
3895,OK,85.400,0.44,15922.6999967359
3896,OK,70.100,0.44,15897.300036158413
3897,OK,67.700,0.44,15866.50003446266
3898,OK,58.900,0.44,15865.299967117608
3899,OK,48.100,0.44,15933.10001771897
3900,OK,52.000,0.44,15847.900009248406
3901,OK,67.400,0.44,15789.999975822866
3902,OK,82.300,0.44,15874.599979724735
3903,OK,73.900,0.44,15871.400013566017
3904,OK,67.000,0.44,15930.699999444187
3905,OK,149.200,0.44,15789.49997201562
3906,OK,135.000,0.44,15718.700014986098
3907,OK,48.900,0.44,15928.499982692301
3908,OK,81.800,0.44,15925.200015772134
3909,OK,60.300,0.44,15881.40003150329
3910,OK,62.600,0.44,15900.900005362928
3911,OK,90.100,0.44,15895.100019406527
3912,OK,74.400,0.44,15805.59997819364
3913,OK,98.000,0.44,15879.999962635338
3914,OK,74.900,0.44,15852.899989113212
3915,OK,83.200,0.44,15963.999961968511
3916,OK,128.000,0.44,15733.800013549626
3917,OK,87.700,0.44,15837.600047234446
3918,OK,88.300,0.44,15834.899968467653
3919,OK,69.500,0.44,15895.299962721765
3920,OK,124.900,0.44,16140.999970957637
3921,OK,107.000,0.44,15447.600046172738
3922,OK,89.000,0.44,15872.599964495748
3923,OK,168.400,0.44,15795.40001694113
3924,OK,87.400,0.44,15835.899976082146
3925,OK,67.800,0.44,15913.199982605875
3926,OK,90.600,0.44,15803.400019649416
3927,OK,86.500,0.44,15884.799999184906
3928,OK,89.500,0.44,15865.099965594709
3929,OK,83.000,0.44,15853.599994443357
3930,OK,94.900,0.44,15729.799983091652
3931,OK,64.600,0.44,15866.299974732101
3932,OK,80.200,0.44,15850.299969315529
3933,OK,65.100,0.44,15962.400007992983
3934,OK,79.100,0.44,15841.500018723309
3935,OK,98.600,0.44,15826.60002168268
3936,OK,78.000,0.44,15879.700018558651
3937,OK,83.900,0.44,15896.399971097708
3938,OK,67.200,0.44,15885.100001469254
3939,OK,91.500,0.44,15891.399991232902
3940,OK,84.700,0.44,15818.400017451495
3941,OK,85.600,0.44,15892.499999608845
3942,OK,85.500,0.44,15894.399955868721
3943,OK,94.400,0.44,15798.2999808155
3944,OK,86.300,0.44,15857.299964409322
3945,OK,91.800,0.44,15887.999965343624
3946,OK,127.800,0.44,15752.39998055622
3947,OK,82.900,0.44,15896.600030828267
3948,OK,110.200,0.44,15772.300015669316
3949,OK,106.500,0.44,15847.800008486956
3950,OK,95.200,0.44,15843.700035475194
3951,OK,88.700,0.44,15850.499970838428
3952,OK,75.200,0.44,15904.300031252205
3953,OK,69.900,0.44,15850.699972361326
3954,OK,62.100,0.44,15901.900012977421
3955,OK,63.900,0.44,15888.80002964288
3956,OK,89.500,0.44,15856.399957556278
3957,OK,56.000,0.44,15883.400046732277
3958,OK,61.900,0.44,15920.100035145879
3959,OK,82.100,0.44,15867.199981585145
3960,OK,59.100,0.44,15977.000002749264
3961,OK,105.600,0.44,15745.599986985326
3962,OK,58.000,0.44,15882.999985478818
3963,OK,54.100,0.44,15892.700001131743
3964,OK,100.800,0.44,15899.799996986985
3965,OK,51.400,0.44,15930.29999639839
3966,OK,51.900,0.44,15902.10001450032
3967,OK,52.000,0.44,15970.800013747066
3968,OK,129.900,0.44,15716.200054157525
3969,OK,66.600,0.44,15900.300000794232
3970,OK,56.900,0.44,15913.199982605875
3971,OK,81.700,0.44,15881.699975579977
3972,OK,112.600,0.44,15864.600019995123
3973,OK,81.700,0.44,15837.700047995895
3974,OK,93.300,0.44,15798.999986145645
3975,OK,82.900,0.44,15906.699991319329
3976,OK,80.200,0.44,15870.69995002821
3977,OK,82.000,0.44,15885.400003753603
3978,OK,98.200,0.44,15831.299999263138
3979,OK,83.400,0.44,15876.299992669374
3980,OK,99.500,0.44,15832.300006877631
3981,OK,65.200,0.44,15868.399990722537
3982,OK,55.300,0.44,15892.299998085946
3983,OK,60.300,0.44,16003.600030671805
3984,OK,69.200,0.44,15806.499985046685
3985,OK,72.600,0.44,15898.400044534355
3986,OK,64.500,0.44,15832.000004593283
3987,OK,51.600,0.44,15914.099989458919
3988,OK,46.500,0.44,15913.599985651672
3989,OK,46.600,0.44,15957.999974489212
3990,OK,73.600,0.44,15878.799953497946
3991,OK,61.900,0.44,15914.099989458919
3992,OK,46.700,0.44,15932.900016196072
3993,OK,50.900,0.44,15938.099997583777
3994,OK,56.600,0.44,15903.000021353364
3995,OK,61.400,0.44,15936.19998311624
3996,OK,67.300,0.44,15841.000014916062
3997,OK,56.500,0.44,15885.90000756085
3998,OK,47.200,0.44,15932.199952658266
3999,OK,62.700,0.44,15879.400016274303
4000,OK,54.800,0.44,15897.899982519448
4001,OK,54.200,0.44,15867.89998691529
4002,OK,60.800,0.44,15859.399980399758
4003,OK,58.600,0.44,15892.099996563047
4004,OK,55.100,0.44,15932.699956465513
4005,OK,89.600,0.44,15850.40002828464
4006,OK,65.900,0.44,15945.399994961917
4007,OK,150.700,0.44,15665.699960663915
4008,OK,58.700,0.44,15863.50001161918
4009,OK,61.300,0.44,15911.299968138337
4010,OK,72.100,0.44,15920.899983029813
4011,OK,58.200,0.44,15883.199987001717
4012,OK,79.800,0.44,15867.399983108044
4013,OK,82.500,0.44,15813.900041393936
4014,OK,62.000,0.44,15949.300024658442
4015,OK,119.900,0.44,15870.90000975877
4016,OK,126.000,0.44,15790.699981153011
4017,OK,101.800,0.44,15805.899980477989
4018,OK,88.200,0.44,15910.300018731505
4019,OK,60.300,0.44,15870.500006712973
4020,OK,61.100,0.44,15900.099999271333
4021,OK,80.000,0.44,15862.900007050484
4022,OK,79.200,0.44,15876.199991907924
4023,OK,63.300,0.44,15893.20000493899
4024,OK,84.400,0.44,15844.29998183623
4025,OK,62.400,0.44,15927.29997355491
4026,OK,118.600,0.44,15795.900020748377
4027,OK,98.500,0.44,15860.699990298599
4028,OK,74.600,0.44,15843.200031667948
4029,OK,56.100,0.44,15884.19999461621
4030,OK,54.200,0.44,15932.500013150275
4031,OK,56.800,0.44,15992.50000435859
4032,OK,59.600,0.44,15894.099953584373
4033,OK,54.900,0.44,15878.40000865981
4034,OK,63.100,0.44,15886.500012129545
4035,OK,77.800,0.44,15860.699990298599
4036,OK,59.400,0.44,15884.200052823871
4037,OK,83.900,0.44,15911.600028630346
4038,OK,113.000,0.44,15796.69996863231
4039,OK,62.600,0.44,15833.000012207776
4040,OK,61.000,0.44,15951.699984725565
4041,OK,63.500,0.44,15949.899971019477
4042,OK,81.200,0.44,15826.800023205578
4043,OK,71.400,0.44,15882.899984717369
4044,OK,61.400,0.44,15898.499987088144
4045,OK,66.300,0.44,15853.19999139756
4046,OK,83.000,0.44,15878.000005614012
4047,OK,99.600,0.44,15832.800010684878
4048,OK,84.400,0.44,15868.999995291233
4049,OK,80.900,0.44,15899.299993179739
4050,OK,85.300,0.44,15852.499986067414
4051,OK,85.200,0.44,15863.599954172969
4052,OK,79.000,0.44,15901.399950962514
4053,OK,85.300,0.44,15870.999952312559
4054,OK,68.000,0.44,15849.900024477392
4055,OK,84.800,0.44,15835.199970752
4056,OK,88.200,0.44,15862.700005527586
4057,OK,100.400,0.44,15853.799995966256
4058,OK,92.500,0.44,15858.799975831062
4059,OK,97.400,0.44,15857.299964409322
4060,OK,89.600,0.44,15838.499995879829
4061,OK,89.600,0.44,15799.79999223724
4062,OK,81.800,0.44,15872.599964495748
4063,OK,78.800,0.44,15880.099963396788
4064,OK,90.200,0.44,15829.599986318499
4065,OK,67.300,0.44,15903.5999677144
4066,OK,87.000,0.44,15807.999996468425
4067,OK,68.500,0.44,15884.29999537766
4068,OK,88.200,0.44,16478.29997818917
4069,OK,88.400,0.44,15229.300013743341
4070,OK,82.900,0.44,15852.999989874661
4071,OK,64.700,0.44,15899.399993941188
4072,OK,96.400,0.44,15840.400010347366
4073,OK,98.300,0.44,15860.4999887757
4074,OK,134.100,0.44,15822.299988940358
4075,OK,68.500,0.44,15960.599994286895
4076,OK,268.400,0.44,15946.700004860759
4077,OK,99.600,0.44,15415.100031532347
4078,OK,84.800,0.44,15875.699988100678
4079,OK,91.900,0.44,15881.899977102876
4080,OK,79.500,0.44,15988.099970854819
4081,OK,187.600,0.44,15480.100002605468
4082,OK,65.300,0.44,15906.899992842227
4083,OK,82.600,0.44,15918.200020678341
4084,OK,69.600,0.44,15905.09997913614
4085,OK,79.800,0.44,15813.000034540892
4086,OK,78.600,0.44,15882.899984717369
4087,OK,76.800,0.44,15847.700007725507
4088,OK,85.200,0.44,15955.30001213774
4089,OK,65.400,0.44,15888.59996991232
4090,OK,91.500,0.44,15825.399954337627
4091,OK,66.800,0.44,15910.200017970055
4092,OK,63.200,0.44,15853.599994443357
4093,OK,61.000,0.44,15925.59996061027
4094,OK,98.800,0.44,15779.500012286007
4095,OK,61.300,0.44,15937.59999377653
4096,OK,81.300,0.44,15840.200008824468
4097,OK,56.900,0.44,15838.799998164177
4098,OK,51.400,0.44,15927.19997279346
4099,OK,44.400,0.44,15955.799957737327
4100,OK,77.100,0.44,15869.800001382828
4101,OK,56.600,0.44,15802.200010512024
4102,OK,95.600,0.44,15914.499992504716
4103,OK,97.700,0.44,15849.300019908696
4104,OK,72.800,0.44,15901.100006885827
4105,OK,65.700,0.44,15879.69996035099
4106,OK,63.200,0.44,15830.79999545589
4107,OK,64.700,0.44,15894.49995663017
4108,OK,76.500,0.44,15885.8000067994
4109,OK,79.100,0.44,15877.600002568215
4110,OK,80.300,0.44,15879.700018558651
4111,OK,62.700,0.44,15853.699995204806
4112,OK,61.700,0.44,15933.599963318557
4113,OK,99.500,0.44,15835.099969990551
4114,OK,69.900,0.44,16432.000033091754
4115,OK,82.100,0.44,15289.400005713105
4116,OK,65.200,0.44,15920.00003438443
4117,OK,81.600,0.44,15911.399968899786
4118,OK,80.100,0.44,15894.60001559928
4119,OK,127.900,0.44,15713.79997767508
4120,OK,87.100,0.44,15824.299945961684
4121,OK,74.000,0.44,15904.499974567443
4122,OK,82.200,0.44,16482.100007124245
4123,OK,72.400,0.44,15198.399953078479
4124,OK,57.400,0.44,15930.29999639839
4125,OK,52.400,0.44,15906.699991319329
4126,OK,47.900,0.44,15905.399981420487
4127,OK,53.400,0.44,15897.69998099655
4128,OK,53.700,0.44,16004.499979317188
4129,OK,48.800,0.44,15857.500024139881
4130,OK,46.500,0.44,15949.800028465688
4131,OK,53.000,0.44,15894.60001559928
4132,OK,64.100,0.44,15964.900027029216
4133,OK,64.700,0.44,15889.599977526814
4134,OK,63.900,0.44,15888.399968389422
4135,OK,57.200,0.44,15906.49998979643
4136,OK,75.200,0.44,15817.300009075552
4137,OK,63.000,0.44,15882.399980910122
4138,OK,73.100,0.44,15797.799977008253
4139,OK,116.200,0.44,16830.599983222783
4140,OK,82.700,0.44,15099.300013389438
4141,OK,97.900,0.44,21478.199982084334
4142,OK,97.400,0.44,17399.400006979704
4143,OK,112.800,0.44,23157.100018579513
4144,OK,112.100,0.44,29958.800005260855
4145,OK,104.300,0.44,13337.39998517558
4146,OK,87.800,0.44,11847.499990835786
4147,OK,86.800,0.44,12185.100000351667
4148,OK,91.400,0.44,13652.90000103414
4149,OK,121.700,0.44,15338.800032623112
4150,OK,76.700,0.44,15981.399978045374
4151,OK,70.500,0.44,15795.999963302165
4152,OK,77.400,0.44,17042.69996844232
4153,OK,85.900,0.44,40987.799991853535
4154,OK,91.600,0.44,6310.000026132911
4155,OK,79.200,0.44,15065.699990373105
4156,OK,104.700,0.44,15820.100030396134
4157,OK,107.500,0.44,16067.299991846085
4158,OK,108.800,0.44,15633.000002708286
4159,OK,76.800,0.44,15845.399990212172
4160,OK,85.200,0.44,15821.600041817874
4161,OK,71.200,0.44,15951.00003760308
4162,OK,65.900,0.44,15872.599964495748
4163,OK,54.200,0.44,15873.199969064444
4164,OK,60.700,0.44,15854.800003580749
4165,OK,57.200,0.44,15904.400032013655
4166,OK,70.500,0.44,15861.299994867295
4167,OK,57.100,0.44,16023.50000757724
4168,OK,55.800,0.44,15831.600001547486
4169,OK,56.300,0.44,15852.999989874661
4170,OK,61.000,0.44,15946.800005622208
4171,OK,49.700,0.44,15997.199981939048
4172,OK,55.500,0.44,15898.200043011457
4173,OK,55.400,0.44,15849.599963985384
4174,OK,51.200,0.44,15881.000028457493
4175,OK,49.300,0.44,15964.000020176172
4176,OK,52.300,0.44,15850.899973884225
4177,OK,50.000,0.44,15943.60003946349
4178,OK,55.000,0.44,15912.300033960491
4179,OK,67.500,0.44,15901.600010693073
4180,OK,63.600,0.44,15935.399977024645
4181,OK,59.100,0.44,15893.999952822924
4182,OK,52.100,0.44,15816.20000069961
4183,OK,52.200,0.44,15981.900040060282
4184,OK,42.700,0.44,15919.500030577183
4185,OK,41.800,0.44,15924.399951472878
4186,OK,45.100,0.44,15925.90002110228
4187,OK,46.700,0.44,15898.499987088144
4188,OK,64.100,0.44,16034.800035413355
4189,OK,165.800,0.44,15743.999974802136
4190,OK,152.300,0.44,15707.99999171868
4191,OK,72.600,0.44,15876.199991907924
4192,OK,72.100,0.44,15879.700018558651
4193,OK,72.600,0.44,15892.299998085946
4194,OK,59.700,0.44,15913.500043097883
4195,OK,58.200,0.44,15897.500037681311
4196,OK,58.200,0.44,15906.899992842227
4197,OK,61.100,0.44,15881.50003226474
4198,OK,51.300,0.44,15894.000011030585
4199,OK,102.400,0.44,15835.099969990551
4200,OK,101.500,0.44,15911.200025584549
4201,OK,64.900,0.44,15742.10001854226
4202,OK,61.600,0.44,15840.200008824468
4203,OK,57.000,0.44,15854.400000534952
4204,OK,60.100,0.44,15983.799996320158
4205,OK,73.700,0.44,15841.40001796186
4206,OK,57.600,0.44,15960.300050210208
4207,OK,57.600,0.44,15889.999980572611
4208,OK,51.700,0.44,15876.299992669374
4209,OK,127.400,0.44,24127.400014549494
4210,OK,95.700,0.44,8394.200005568564
4211,OK,99.600,0.44,14980.699983425438
4212,OK,90.800,0.44,15842.400025576353
4213,OK,56.800,0.44,15871.400013566017
4214,OK,63.700,0.44,15848.400013055652
4215,OK,62.900,0.44,15987.99997009337
4216,OK,64.000,0.44,15814.299986232072
4217,OK,81.700,0.44,15865.500026848167
4218,OK,87.000,0.44,15855.200006626546
4219,OK,88.500,0.44,15909.599955193698
4220,OK,100.000,0.44,15791.999991051853
4221,OK,94.600,0.44,21951.200033072382
4222,OK,86.700,0.44,9741.39996105805
4223,OK,96.800,0.44,15888.600028119981
4224,OK,99.400,0.44,15785.299998242408
4225,OK,83.300,0.44,15898.399986326694
4226,OK,87.600,0.44,16240.00002630055
4227,OK,88.900,0.44,15491.899976041168
4228,OK,92.700,0.44,15821.200038772076
4229,OK,94.000,0.44,15846.299997065216
4230,OK,95.800,0.44,16481.2000002712
4231,OK,104.200,0.44,16709.59999319166
4232,OK,93.600,0.44,14372.800011187792
4233,OK,100.900,0.44,15761.50004984811
4234,OK,111.300,0.44,15824.700007215142
4235,OK,99.600,0.44,15970.600012224168
4236,OK,89.800,0.44,15728.200029116124
4237,OK,109.200,0.44,17083.699989598244
4238,OK,95.600,0.44,14700.100000482053
4239,OK,102.700,0.44,15969.900006894022
4240,OK,106.000,0.44,15623.000042978674
4241,OK,114.900,0.44,16124.800022225827
4242,OK,95.000,0.44,22178.800019901246
4243,OK,94.100,0.44,9172.69999627024
4244,OK,96.100,0.44,15818.400017451495
4245,OK,90.900,0.44,15915.50000011921
4246,OK,113.600,0.44,15791.600046213716
4247,OK,103.700,0.44,15841.500018723309
4248,OK,87.400,0.44,15859.599981922656
4249,OK,104.500,0.44,15807.799994945526
4250,OK,97.000,0.44,17251.90004799515
4251,OK,88.900,0.44,15647.19999441877
4252,OK,88.100,0.44,14625.600015278906
4253,OK,90.100,0.44,15856.799960602075
4254,OK,95.400,0.44,15963.600017130375
4255,OK,112.900,0.44,15692.799992393702
4256,OK,127.200,0.44,15794.500010088086
4257,OK,100.800,0.44,15827.399969566613
4258,OK,76.600,0.44,16923.899995163083
4259,OK,93.600,0.44,20786.600012797862
4260,OK,89.000,0.44,9871.600021142513
4261,OK,89.000,0.44,15858.699975069612
4262,OK,79.600,0.44,15873.600030317903
4263,OK,98.200,0.44,15848.399954847991
4264,OK,83.600,0.44,15880.100021604449
4265,OK,97.200,0.44,15834.500023629516
4266,OK,89.100,0.44,15852.899989113212
4267,OK,72.200,0.44,15919.600031338632
4268,OK,74.100,0.44,15814.299986232072
4269,OK,69.200,0.44,15899.09999165684
4270,OK,66.000,0.44,15939.10000519827
4271,OK,65.900,0.44,15839.700005017221
4272,OK,70.400,0.44,15907.099994365126
4273,OK,63.000,0.44,15852.099983021617
4274,OK,65.100,0.44,15925.000014249235
4275,OK,71.400,0.44,15881.499974057078
4276,OK,104.000,0.44,15808.60000103712
4277,OK,75.300,0.44,15954.199945554137
4278,OK,64.500,0.44,15851.69997997582
4279,OK,84.200,0.44,15862.700005527586
4280,OK,73.100,0.44,15835.700032766908
4281,OK,71.400,0.44,15884.099993854761
4282,OK,56.100,0.44,15925.099956803024
4283,OK,66.400,0.44,15887.40001898259
4284,OK,59.300,0.44,15897.500037681311
4285,OK,92.200,0.44,15829.3999847956
4286,OK,67.700,0.44,15852.600045036525
4287,OK,56.700,0.44,16028.300044126809
4288,OK,74.200,0.44,15810.20001322031
4289,OK,57.300,0.44,15903.5999677144
4290,OK,66.200,0.44,15869.599999859929
4291,OK,91.100,0.44,15898.100042250007
4292,OK,70.600,0.44,15890.699985902756
4293,OK,77.900,0.44,15805.299975909293
4294,OK,58.300,0.44,15921.19998531416
4295,OK,79.200,0.44,15982.399985659868
4296,OK,161.100,0.44,15709.50000314042
4297,OK,63.800,0.44,15856.999962124974
4298,OK,97.100,0.44,15829.70004528761
4299,OK,61.400,0.44,15901.300008408725
4300,OK,88.400,0.44,15832.40000763908
4301,OK,94.600,0.44,15657.000010833144
4302,OK,63.300,0.44,15963.200014084578
4303,OK,89.300,0.44,15826.700022444129
4304,OK,72.800,0.44,15910.300018731505
4305,OK,57.700,0.44,15883.799991570413
4306,OK,71.900,0.44,15899.699996225536
4307,OK,61.400,0.44,15882.700041402131
4308,OK,60.800,0.44,15922.099992167205
4309,OK,59.900,0.44,15828.999981749803
4310,OK,60.700,0.44,15889.200032688677
4311,OK,106.400,0.44,15854.400000534952
4312,OK,58.200,0.44,15907.399996649474
4313,OK,66.400,0.44,15934.399969410151
4314,OK,55.700,0.44,15887.40001898259
4315,OK,53.100,0.44,15847.400005441159
4316,OK,51.100,0.44,15932.300011627376
4317,OK,57.100,0.44,15924.800012726337
4318,OK,54.300,0.44,15934.70002990216
4319,OK,51.800,0.44,15859.10003632307
4320,OK,46.600,0.44,15943.799982778728
4321,OK,43.200,0.44,15914.599993266165
4322,OK,45.300,0.44,15940.400015097111
4323,OK,47.500,0.44,15920.900041237473
4324,OK,42.800,0.44,15884.899999946356
4325,OK,48.600,0.44,15916.700009256601
4326,OK,64.300,0.44,15890.100039541721
4327,OK,74.700,0.44,15961.700002662838
4328,OK,117.700,0.44,15695.099951699376
4329,OK,64.500,0.44,15881.099971011281
4330,OK,68.200,0.44,15913.99998869747
4331,OK,80.100,0.44,15877.800004091114
4332,OK,61.100,0.44,15871.799958404154
4333,OK,77.900,0.44,15888.69997067377
4334,OK,77.900,0.44,30554.700002539903
4335,OK,105.600,0.44,31172.79999423772
4336,OK,102.900,0.44,18162.79999911785
4337,OK,97.100,0.44,15493.699989747256
4338,OK,93.300,0.44,15847.000002395362
4339,OK,72.400,0.44,15967.699990142137
4340,OK,92.800,0.44,15799.499989952892
4341,OK,101.800,0.44,15723.099990282208
4342,OK,92.200,0.44,15803.099959157407
4343,OK,94.900,0.44,16001.600015442818
4344,OK,87.600,0.44,15704.600024037063
4345,OK,67.400,0.44,15896.899974904954
4346,OK,91.500,0.44,15950.299974065274
4347,OK,74.900,0.44,15790.79998191446
4348,OK,78.900,0.44,15888.59996991232
4349,OK,87.900,0.44,15815.599996130913
4350,OK,92.900,0.44,15867.699985392392
4351,OK,86.900,0.44,15857.699967455119
4352,OK,86.800,0.44,15848.80001610145
4353,OK,72.600,0.44,15861.799998674542
4354,OK,61.500,0.44,15909.900015685707
4355,OK,68.900,0.44,15906.100044958293
4356,OK,83.600,0.44,15880.799968726933
4357,OK,63.600,0.44,15903.099963907152
4358,OK,85.300,0.44,15929.999994114041
4359,OK,85.300,0.44,15826.000017113984
4360,OK,67.000,0.44,15882.999985478818
4361,OK,60.000,0.44,15852.100041229278
4362,OK,55.700,0.44,15936.799987684935
4363,OK,77.100,0.44,15943.400037940592
4364,OK,65.400,0.44,15882.79998395592
4365,OK,62.700,0.44,15884.799999184906
4366,OK,145.300,0.44,15690.000029280782
4367,OK,57.600,0.44,15950.300032272935
4368,OK,49.400,0.44,15868.699993006885
4369,OK,78.900,0.44,15860.4999887757
4370,OK,63.200,0.44,15955.700015183538
4371,OK,60.100,0.44,15859.299979638308
4372,OK,84.200,0.44,15934.4999701716
4373,OK,63.300,0.44,15827.499970328063
4374,OK,64.100,0.44,15881.29997253418
4375,OK,73.000,0.44,15900.60000307858
4376,OK,77.900,0.44,15865.600027609617
4377,OK,72.900,0.44,15925.70001957938
4378,OK,58.100,0.44,15917.599957901984
4379,OK,66.900,0.44,15884.39999613911
4380,OK,73.000,0.44,15854.800003580749
4381,OK,97.000,0.44,15841.399959754199
4382,OK,57.900,0.44,15885.70000603795
4383,OK,83.100,0.44,15877.600002568215
4384,OK,83.100,0.44,15969.700005371124
4385,OK,55.400,0.44,15830.300049856305
4386,OK,71.400,0.44,16003.700031433254
4387,OK,63.700,0.44,15783.899987582117
4388,OK,81.400,0.44,15889.100031927228
4389,OK,82.700,0.44,15834.400022868067
4390,OK,81.700,0.44,15857.699967455119
4391,OK,74.900,0.44,15892.600000370294
4392,OK,77.500,0.44,15853.999997489154
4393,OK,67.700,0.44,15896.900033112615
4394,OK,100.800,0.44,16229.200002271682
4395,OK,85.800,0.44,15411.60000488162
4396,OK,63.800,0.44,15882.400039117783
4397,OK,129.200,0.44,16928.399971220642
4398,OK,88.300,0.44,15758.499968796968
4399,OK,111.000,0.44,14841.899974271655
4400,OK,60.800,0.44,15873.000025749207
4401,OK,57.100,0.44,15852.300042752177
4402,OK,93.700,0.44,15794.00000628084
4403,OK,57.000,0.44,15882.600040640682
4404,OK,59.700,0.44,15962.100005708635
4405,OK,70.500,0.44,15860.299987252802
4406,OK,98.400,0.44,15869.299997575581
4407,OK,94.400,0.44,15825.599955860525
4408,OK,65.300,0.44,15904.299973044544
4409,OK,100.100,0.44,15868.999995291233
4410,OK,65.400,0.44,15872.200019657612
4411,OK,66.100,0.44,15843.399974983186
4412,OK,64.900,0.44,15858.700033277273
4413,OK,83.100,0.44,15868.999995291233
4414,OK,81.100,0.44,15854.099998250604
4415,OK,79.800,0.44,15873.79997363314
4416,OK,80.400,0.44,15903.699968475848
4417,OK,117.900,0.44,15750.400023534894
4418,OK,66.700,0.44,15942.0000272803
4419,OK,60.200,0.44,15856.09995527193
4420,OK,62.500,0.44,15941.400022711605
4421,OK,72.900,0.44,15858.300030231476
4422,OK,72.900,0.44,15882.400039117783
4423,OK,72.900,0.44,15902.400016784668
4424,OK,99.000,0.44,15743.599971756339
4425,OK,60.000,0.44,15914.099989458919
4426,OK,49.200,0.44,15962.200006470084
4427,OK,112.000,0.44,15824.800007976592
4428,OK,60.800,0.44,15886.900015175343
4429,OK,61.900,0.44,15799.000044353306
4430,OK,67.600,0.44,15958.799980580807
4431,OK,85.100,0.44,15828.099974896759
4432,OK,72.700,0.44,15858.100028708577
4433,OK,63.200,0.44,15926.999971270561
4434,OK,56.600,0.44,15882.999985478818
4435,OK,84.400,0.44,15862.800006289035
4436,OK,64.500,0.44,15915.39999935776
4437,OK,70.700,0.44,15847.30000467971
4438,OK,71.900,0.44,15917.800017632544
4439,OK,120.400,0.44,15775.099978782237
4440,OK,105.600,0.44,15813.899983186275
4441,OK,64.500,0.44,15851.399977691472
4442,OK,71.900,0.44,15892.900002654642
4443,OK,60.800,0.44,15912.100032437593
4444,OK,66.900,0.44,15862.00000019744
4445,OK,63.700,0.44,15886.600012890995
4446,OK,90.200,0.44,20254.599978215992
4447,OK,102.500,0.44,11435.199994593859
4448,OK,89.000,0.44,15880.500024650246
4449,OK,113.900,0.44,15823.800000362098
4450,OK,95.600,0.44,15834.399964660406
4451,OK,90.000,0.44,15877.099998760968
4452,OK,93.700,0.44,15869.700000621378
4453,OK,90.800,0.44,15853.299992159009
4454,OK,97.600,0.44,15818.600018974394
4455,OK,72.300,0.44,15884.799999184906
4456,OK,93.400,0.44,15834.299963898957
4457,OK,79.300,0.44,15854.900004342198
4458,OK,88.900,0.44,15880.500024650246
4459,OK,90.600,0.44,15849.099960178137
4460,OK,89.900,0.44,15830.399992410094
4461,OK,84.400,0.44,18392.90000498295
4462,OK,86.700,0.44,20531.89999423921
4463,OK,94.000,0.44,29183.899983763695
4464,OK,91.700,0.44,11839.099985081702
4465,OK,101.100,0.44,15283.700020518154
4466,OK,98.200,0.44,15833.500016015023
4467,OK,86.400,0.44,15944.299986585975
4468,OK,104.400,0.44,15839.90000654012
4469,OK,87.900,0.44,15774.000028613955
4470,OK,84.400,0.44,15894.70001636073
4471,OK,148.400,0.44,15794.600010849535
4472,OK,87.500,0.44,15830.99999697879
4473,OK,85.700,0.44,16674.899961799383
4474,OK,117.000,0.44,14978.000021073967
4475,OK,68.000,0.44,15897.399978712201
4476,OK,70.800,0.44,15872.60002270341
4477,OK,75.900,0.44,15862.10000095889
4478,OK,67.300,0.44,15929.199988022447
4479,OK,114.200,0.44,15844.399982597679
4480,OK,92.700,0.44,15819.499967619777
4481,OK,86.700,0.44,16035.700042266399
4482,OK,90.100,0.44,15666.900028008968
4483,OK,78.900,0.44,15868.599992245436
4484,OK,118.800,0.44,15848.49995560944
4485,OK,82.600,0.44,15866.000030655414
4486,OK,81.800,0.44,15863.199951127172
4487,OK,73.900,0.44,15882.099978625774
4488,OK,82.400,0.44,15834.499965421855
4489,OK,56.600,0.44,15945.899998769164
4490,OK,77.600,0.44,15825.999958906323
4491,OK,94.800,0.44,15908.300003502518
4492,OK,58.800,0.44,15860.699990298599
4493,OK,71.000,0.44,15872.699965257198
4494,OK,66.700,0.44,15952.000045217574
4495,OK,131.400,0.44,15682.199969887733
4496,OK,68.800,0.44,15957.799972966313
4497,OK,80.000,0.44,15797.400032170117
4498,OK,63.800,0.44,15929.599991068244
4499,OK,64.200,0.44,15866.300032939762
4500,OK,91.600,0.44,15920.499979984015
4501,OK,68.000,0.44,15660.100034438074
4502,OK,82.700,0.44,15979.09996053204
4503,OK,65.900,0.44,15910.400019492954
4504,OK,87.700,0.44,15829.899988602847
4505,OK,119.700,0.44,15724.600001703948
4506,OK,117.600,0.44,15761.1999893561
4507,OK,78.500,0.44,15891.499991994351
4508,OK,82.000,0.44,15919.599973130971
4509,OK,65.800,0.44,15906.299988273531
4510,OK,63.200,0.44,15831.900003831834
4511,OK,81.500,0.44,15837.00004266575
4512,OK,55.700,0.44,15921.39998683706
4513,OK,67.800,0.44,15893.000003416091
4514,OK,83.500,0.44,15876.199991907924
4515,OK,81.600,0.44,15860.299987252802
4516,OK,65.900,0.44,15941.100020427257
4517,OK,82.200,0.44,15851.499978452921
4518,OK,86.400,0.44,15830.199990887195
4519,OK,81.600,0.44,15944.599988870323
4520,OK,66.800,0.44,15947.499952744693
4521,OK,67.200,0.44,15818.100015167147
4522,OK,112.100,0.44,15763.500006869435
4523,OK,90.700,0.44,15844.999987166375
4524,OK,78.300,0.44,15921.50004580617
4525,OK,57.700,0.44,15834.200021345168
4526,OK,49.900,0.44,15932.400012388825
4527,OK,55.900,0.44,15966.199978720397
4528,OK,57.100,0.44,15978.700015693903
4529,OK,90.500,0.44,15789.000026416034
4530,OK,54.400,0.44,15911.1000248231
4531,OK,67.800,0.44,15860.59998953715
4532,OK,139.700,0.44,15783.899987582117
4533,OK,108.500,0.44,15787.599957548082
4534,OK,85.600,0.44,15854.299999773502
4535,OK,80.700,0.44,15907.799999695271
4536,OK,45.700,0.44,15894.300013314933
4537,OK,34.600,0.44,15953.099995385855
4538,OK,40.300,0.44,15933.500020764768
4539,OK,42.600,0.44,15986.400016117841
4540,OK,97.500,0.44,15792.699996381998
4541,OK,53.300,0.44,15879.90002008155
4542,OK,54.500,0.44,15981.499978806823
4543,OK,88.600,0.44,15843.299974221736
4544,OK,89.900,0.44,15916.300006210804
4545,OK,138.000,0.44,15616.799995768815
4546,OK,87.700,0.44,15861.899999435991
4547,OK,78.400,0.44,15965.199971105903
4548,OK,91.300,0.44,15733.500011265278
4549,OK,81.500,0.44,15850.999974645674
4550,OK,85.700,0.44,15861.399995628744
4551,OK,94.000,0.44,15838.100051041692
4552,OK,97.200,0.44,15989.49998151511
4553,OK,119.400,0.44,15707.89999095723
4554,OK,92.300,0.44,15800.099994521588
4555,OK,87.400,0.44,15837.1000434272
4556,OK,83.200,0.44,15865.599969401956
4557,OK,86.800,0.44,15869.800001382828
4558,OK,83.300,0.44,15842.399967368692
4559,OK,85.900,0.44,15871.400013566017
4560,OK,96.100,0.44,15836.69998217374
4561,OK,98.800,0.44,15877.400001045316
4562,OK,95.900,0.44,15836.9000419043
4563,OK,98.600,0.44,15851.199976168573
4564,OK,91.300,0.44,15843.099972698838
4565,OK,85.500,0.44,15835.200028959662
4566,OK,86.300,0.44,15906.899992842227
4567,OK,92.400,0.44,15840.599953662604
4568,OK,92.100,0.44,15828.10003310442
4569,OK,69.800,0.44,15885.500004515052
4570,OK,82.300,0.44,15991.099993698299
4571,OK,91.100,0.44,15717.299946118146
4572,OK,90.500,0.44,15840.000007301569
4573,OK,72.600,0.44,15868.599992245436
4574,OK,94.700,0.44,15893.900010269135
4575,OK,84.900,0.44,15813.20003606379
4576,OK,83.000,0.44,15841.40001796186
4577,OK,72.600,0.44,15884.29999537766
4578,OK,83.600,0.44,15914.899995550513
4579,OK,90.500,0.44,15856.500016525388
4580,OK,91.000,0.44,15898.499987088144
4581,OK,158.500,0.44,15761.999995447695
4582,OK,184.600,0.44,15624.699997715652
4583,OK,69.900,0.44,15905.599982943386
4584,OK,60.600,0.44,15885.399945545942
4585,OK,71.100,0.44,15876.399993430823
4586,OK,62.800,0.44,15989.29997999221
4587,OK,71.400,0.44,15797.499974723905
4588,OK,97.100,0.44,15916.299948003143
4589,OK,60.600,0.44,15816.09999993816
4590,OK,80.500,0.44,15857.400023378432
4591,OK,92.400,0.44,15854.299999773502
4592,OK,78.500,0.44,15854.500001296401
4593,OK,77.500,0.44,15884.799999184906
4594,OK,58.600,0.44,15954.900009091944
4595,OK,57.700,0.44,15925.200015772134
4596,OK,61.300,0.44,15856.599959079176
4597,OK,154.400,0.44,15782.199974637479
4598,OK,66.700,0.44,15909.60001340136
4599,OK,76.600,0.44,15818.800020497292
4600,OK,56.500,0.44,15907.099994365126
4601,OK,61.900,0.44,15796.599967870861
4602,OK,90.300,0.44,15855.500008910894
4603,OK,71.500,0.44,15914.899995550513
4604,OK,62.100,0.44,15936.299983877689
4605,OK,62.300,0.44,15868.799993768334
4606,OK,108.000,0.44,15760.399983264506
4607,OK,86.500,0.44,15933.20001848042
4608,OK,64.300,0.44,15833.700017537922
4609,OK,63.100,0.44,15683.599980548024
4610,OK,78.300,0.44,15871.999959927052
4611,OK,80.500,0.44,15888.500027358532
4612,OK,62.500,0.44,15896.899974904954
4613,OK,58.700,0.44,15948.10001552105
4614,OK,61.500,0.44,15911.799971945584
4615,OK,63.500,0.44,15876.99999799952
4616,OK,63.300,0.44,15814.100042916834
4617,OK,62.800,0.44,15912.50003548339
4618,OK,60.700,0.44,15876.99999799952
4619,OK,66.800,0.44,15885.000000707805
4620,OK,61.400,0.44,15943.299978971481
4621,OK,69.100,0.44,15884.499996900558
4622,OK,59.300,0.44,15901.700011454523
4623,OK,59.200,0.44,15851.70003818348
4624,OK,61.700,0.44,15921.000041998923
4625,OK,56.300,0.44,15847.000002395362
4626,OK,51.800,0.44,15983.39999327436
4627,OK,50.900,0.44,15843.200031667948
4628,OK,53.900,0.44,15972.499968484044
4629,OK,105.900,0.44,15818.700019735843
4630,OK,60.800,0.44,15916.000003926456
4631,OK,60.800,0.44,15925.400017295033
4632,OK,54.900,0.44,15896.20002778247
4633,OK,90.400,0.44,15897.400036919862
4634,OK,61.600,0.44,15873.100026510656
4635,OK,58.200,0.44,15903.800027444959
4636,OK,51.900,0.44,15828.799980226904
4637,OK,66.800,0.44,15960.499993525445
4638,OK,47.500,0.44,15858.100028708577
4639,OK,57.200,0.44,16046.300006564707
4640,OK,75.500,0.44,15976.599999703467
4641,OK,135.300,0.44,15580.900013446808
4642,OK,73.900,0.44,15843.999979551882
4643,OK,72.100,0.44,15909.000008832663
4644,OK,76.400,0.44,15918.200020678341
4645,OK,81.200,0.44,15852.000040467829
4646,OK,60.700,0.44,15913.89998793602
4647,OK,74.800,0.44,15874.300035648048
4648,OK,79.000,0.44,15859.599981922656
4649,OK,86.300,0.44,15856.800018809736
4650,OK,64.800,0.44,15875.899989623576
4651,OK,92.200,0.44,15907.90000045672
4652,OK,86.400,0.44,15878.40000865981
4653,OK,63.700,0.44,18398.29998789355
4654,OK,110.900,0.44,13252.79998127371
4655,OK,65.100,0.44,15942.399972118437
4656,OK,96.600,0.44,15806.199982762337
4657,OK,58.000,0.44,15952.39999005571
4658,OK,69.000,0.44,15888.799971435219
4659,OK,55.800,0.44,15871.300012804568
4660,OK,61.900,0.44,15901.100006885827
4661,OK,69.900,0.44,15971.400018315762
4662,OK,71.200,0.44,15805.299975909293
4663,OK,63.000,0.44,15924.900013487786
4664,OK,83.700,0.44,15778.400003910065
4665,OK,52.300,0.44,15970.600012224168
4666,OK,54.500,0.44,15913.299983367324
4667,OK,56.700,0.44,15926.600026432425
4668,OK,92.200,0.44,15853.19999139756
4669,OK,84.500,0.44,15881.100029218942
4670,OK,78.800,0.44,15897.399978712201
4671,OK,64.300,0.44,15830.300049856305
4672,OK,88.100,0.44,15913.499984890223
4673,OK,89.300,0.44,15841.899963561445
4674,OK,68.900,0.44,15807.900053914636
4675,OK,84.600,0.44,15854.800003580749
4676,OK,73.000,0.44,15936.000039801002
4677,OK,64.700,0.44,15907.099994365126
4678,OK,59.900,0.44,15883.800049778074
4679,OK,63.200,0.44,15918.29996323213
4680,OK,60.900,0.44,15915.899944957346
4681,OK,71.100,0.44,15883.899992331862
4682,OK,67.700,0.44,15917.400014586747
4683,OK,76.200,0.44,15841.699962038547
4684,OK,87.500,0.44,15795.19995721057
4685,OK,60.100,0.44,15905.799984466285
4686,OK,58.300,0.44,15879.700018558651
4687,OK,54.500,0.44,15935.99998159334
4688,OK,58.900,0.44,15912.899980321527
4689,OK,57.700,0.44,15919.199970085174
4690,OK,59.200,0.44,15854.199999012053
4691,OK,59.200,0.44,15888.300025835633
4692,OK,56.600,0.44,15931.400004774332
4693,OK,54.500,0.44,15903.899969998747
4694,OK,52.100,0.44,15856.20001424104
4695,OK,68.900,0.44,15910.600021015853
4696,OK,57.600,0.44,15936.799987684935
4697,OK,82.400,0.44,15875.39998581633
4698,OK,67.200,0.44,15875.29998505488
4699,OK,93.700,0.44,15877.199999522418
4700,OK,65.200,0.44,15885.600005276501
4701,OK,63.200,0.44,15786.000003572553
4702,OK,77.600,0.44,15888.199966866523
4703,OK,70.500,0.44,15937.399992253631
4704,OK,64.800,0.44,15878.700010944158
4705,OK,59.400,0.44,15898.300043772906
4706,OK,57.200,0.44,15881.40003150329
4707,OK,81.800,0.44,15835.999976843596
4708,OK,63.500,0.44,15941.599966026843
4709,OK,74.700,0.44,15849.800023715943
4710,OK,59.400,0.44,15894.80001712218
4711,OK,96.600,0.44,15842.600027099252
4712,OK,62.100,0.44,15895.199961960316
4713,OK,54.600,0.44,15945.999999530613
4714,OK,56.500,0.44,15873.600030317903
4715,OK,77.100,0.44,15883.999993093312
4716,OK,57.200,0.44,15857.300022616982
4717,OK,73.700,0.44,15890.500042587519
4718,OK,79.800,0.44,15938.099997583777
4719,OK,64.400,0.44,15883.799991570413
4720,OK,66.200,0.44,15891.600050963461
4721,OK,97.800,0.44,15805.999981239438
4722,OK,80.700,0.44,15937.899996060878
4723,OK,83.400,0.44,15858.99997735396
4724,OK,78.000,0.44,15862.599946558475
4725,OK,120.700,0.44,15805.600036401302
4726,OK,83.600,0.44,15857.099962886423
4727,OK,67.800,0.44,15885.300002992153
4728,OK,64.900,0.44,15873.600030317903
4729,OK,57.500,0.44,15913.400042336434
4730,OK,61.200,0.44,15888.099966105074
4731,OK,60.700,0.44,15934.80003066361
4732,OK,136.900,0.44,15757.200017105788
4733,OK,87.200,0.44,15857.59996669367
4734,OK,86.300,0.44,15883.599990047514
4735,OK,142.700,0.44,15731.300052721053
4736,OK,91.600,0.44,15888.399968389422
4737,OK,84.300,0.44,15864.900022279471
4738,OK,66.400,0.44,15891.099988948554
4739,OK,67.100,0.44,15860.299987252802
4740,OK,85.700,0.44,15832.699951715767
4741,OK,86.200,0.44,15915.600000880659
4742,OK,64.400,0.44,15822.599991224706
4743,OK,75.000,0.44,15873.399970587343
4744,OK,75.500,0.44,15859.09997811541
4745,OK,65.400,0.44,15880.699967965484
4746,OK,63.200,0.44,16023.200005292892
4747,OK,104.400,0.44,15723.199991043657
4748,OK,63.800,0.44,15838.699997402728
4749,OK,52.000,0.44,16013.499989639968
4750,OK,64.800,0.44,15851.499978452921
4751,OK,62.000,0.44,15911.799971945584
4752,OK,82.500,0.44,15855.300007387996
4753,OK,96.400,0.44,15805.299975909293
4754,OK,64.900,0.44,15807.999996468425
4755,OK,70.800,0.44,15908.10000197962
4756,OK,61.100,0.44,15881.699975579977
4757,OK,79.500,0.44,15896.10002702102
4758,OK,84.700,0.44,15841.899963561445
4759,OK,119.800,0.44,15843.999979551882
4760,OK,93.800,0.44,15819.399966858327
4761,OK,86.600,0.44,15900.50000231713
4762,OK,66.400,0.44,15859.09997811541
4763,OK,105.600,0.44,15825.900016352534
4764,OK,95.600,0.44,15898.599987849593
4765,OK,66.700,0.44,16763.199993874878
4766,OK,95.800,0.44,14900.999958626926
4767,OK,88.100,0.44,15865.600027609617
4768,OK,97.500,0.44,15850.30002752319
4769,OK,107.600,0.44,15810.0999542512
4770,OK,88.600,0.44,15835.499973036349
4771,OK,71.100,0.44,15896.899974904954
4772,OK,67.900,0.44,15867.099980823696
4773,OK,68.500,0.44,17749.899998307228
4774,OK,108.200,0.44,14008.39997222647
4775,OK,87.700,0.44,15809.000004082918
4776,OK,86.200,0.44,15865.300025325269
4777,OK,79.600,0.44,15860.399988014251
4778,OK,81.200,0.44,15943.49998049438
4779,OK,105.500,0.44,15753.499988932163
4780,OK,99.100,0.44,20079.99998750165
4781,OK,113.100,0.44,11907.899985089898
4782,OK,84.100,0.44,15933.30001924187
4783,OK,92.600,0.44,15429.499966558069
4784,OK,103.100,0.44,15841.500018723309
4785,OK,66.300,0.44,15902.299957815558
4786,OK,66.400,0.44,15951.10003836453
4787,OK,91.500,0.44,15782.399976160377
4788,OK,75.500,0.44,15916.000003926456
4789,OK,95.800,0.44,15874.499978963286
4790,OK,136.600,0.44,15818.100015167147
4791,OK,163.100,0.44,15654.799994081259
4792,OK,88.400,0.44,15866.000030655414
4793,OK,64.300,0.44,15907.399996649474
4794,OK,65.500,0.44,15869.900002144277
4795,OK,63.900,0.44,15897.49997947365
4796,OK,80.700,0.44,15857.000020332634
4797,OK,77.200,0.44,15876.199991907924
4798,OK,78.800,0.44,15864.500019233674
4799,OK,73.600,0.44,15877.400001045316
4800,OK,73.300,0.44,15871.500014327466
4801,OK,90.000,0.44,15654.899994842708
4802,OK,79.900,0.44,15865.599969401956
4803,OK,75.200,0.44,15925.500018056482
4804,OK,89.900,0.44,15904.200030490756
4805,OK,156.800,0.44,15635.30002022162
4806,OK,85.400,0.44,15870.400005951524
4807,OK,67.300,0.44,15899.900055956095
4808,OK,71.400,0.44,15964.900027029216
4809,OK,62.000,0.44,15765.899966936558
4810,OK,68.500,0.44,15953.90000147745
4811,OK,59.200,0.44,15913.89998793602
4812,OK,62.400,0.44,15921.599988359958
4813,OK,62.600,0.44,15918.900026008487
4814,OK,160.400,0.44,15696.400019805878
4815,OK,92.600,0.44,15782.600035890937
4816,OK,49.400,0.44,15928.299981169403
4817,OK,43.700,0.44,15981.799981091172
4818,OK,50.200,0.44,15914.099989458919
4819,OK,78.400,0.44,15881.200029980391
4820,OK,78.400,0.44,15902.499959338456
4821,OK,74.900,0.44,15920.399979222566
4822,OK,67.500,0.44,15870.400005951524
4823,OK,69.600,0.44,15874.899982009083
4824,OK,64.200,0.44,15887.100016698241
4825,OK,58.200,0.44,15904.499974567443
4826,OK,78.100,0.44,15874.899982009083
4827,OK,82.800,0.44,15828.499977942556
4828,OK,87.200,0.44,15839.700005017221
4829,OK,65.500,0.44,15966.999984811991
4830,OK,79.900,0.44,15743.100026156753
4831,OK,51.600,0.44,15935.099974740297
4832,OK,58.400,0.44,15985.499951057136
4833,OK,63.000,0.44,15930.800000205636
4834,OK,61.800,0.44,15782.20003284514
4835,OK,76.600,0.44,15917.300013825297
4836,OK,78.200,0.44,15848.899958655238
4837,OK,129.600,0.44,15777.199994772673
4838,OK,109.800,0.44,15891.399991232902
4839,OK,63.700,0.44,15843.599976506084
4840,OK,49.600,0.44,15845.499990973622
4841,OK,46.800,0.44,15946.100000292063
4842,OK,52.800,0.44,15925.80002034083
4843,OK,57.100,0.44,15887.09995849058
4844,OK,73.000,0.44,15896.09996881336
4845,OK,82.300,0.44,15875.39998581633
4846,OK,59.100,0.44,15881.900035310537
4847,OK,94.600,0.44,16098.399995826185
4848,OK,318.900,0.44,15208.199969492853
4849,OK,100.700,0.44,15746.699995361269
4850,OK,77.700,0.44,15857.699967455119
4851,OK,61.300,0.44,15927.40003252402
4852,OK,75.800,0.44,15859.999984968454
4853,OK,53.200,0.44,15987.100021447986
4854,OK,75.600,0.44,15869.800001382828
4855,OK,88.600,0.44,15861.399995628744
4856,OK,63.700,0.44,15831.600001547486
4857,OK,87.700,0.44,15915.999945718795
4858,OK,106.800,0.44,15845.600049942732
4859,OK,81.300,0.44,15822.699991986156
4860,OK,110.400,0.44,15850.500029046088
4861,OK,100.300,0.44,15800.199995283037
4862,OK,103.400,0.44,15859.299979638308
4863,OK,90.000,0.44,15828.299976419657
4864,OK,88.900,0.44,15872.699965257198
4865,OK,89.500,0.44,15859.799983445555
4866,OK,89.600,0.44,15855.000005103648
4867,OK,89.700,0.44,15844.200039282441
4868,OK,90.100,0.44,15897.099976427853
4869,OK,71.500,0.44,15859.899984207004
4870,OK,86.200,0.44,15843.099972698838
4871,OK,87.900,0.44,15853.399992920458
4872,OK,65.100,0.44,15890.999988187104
4873,OK,84.900,0.44,15856.500016525388
4874,OK,121.100,0.44,15845.69999249652
4875,OK,105.900,0.44,15785.499999765307
4876,OK,99.000,0.44,15860.399988014251
4877,OK,113.900,0.44,15824.600006453693
4878,OK,82.300,0.44,15862.600004766136
4879,OK,72.400,0.44,15879.400016274303
4880,OK,83.200,0.44,15853.100048843771
4881,OK,87.700,0.44,15865.500026848167
4882,OK,86.100,0.44,15852.799988351762
4883,OK,79.500,0.44,15837.200044188648
4884,OK,81.300,0.44,15893.20000493899
4885,OK,88.300,0.44,15878.50000942126
4886,OK,93.000,0.44,15843.999979551882
4887,OK,86.700,0.44,15939.500008244067
4888,OK,127.800,0.44,15683.299978263676
4889,OK,101.600,0.44,15852.099983021617
4890,OK,89.900,0.44,15830.100048333406
4891,OK,84.700,0.44,15890.20004030317
4892,OK,65.300,0.44,15825.999958906323
4893,OK,60.100,0.44,15964.29996425286
4894,OK,60.100,0.44,15909.100009594113
4895,OK,56.700,0.44,15911.299968138337
4896,OK,56.700,0.44,15935.799980070442
4897,OK,53.300,0.44,15924.100007396191
4898,OK,56.900,0.44,15924.500010441989
4899,OK,55.500,0.44,15888.400026597083
4900,OK,50.400,0.44,15891.000046394765
4901,OK,82.800,0.44,15712.700027506799
4902,OK,81.000,0.44,15928.299981169403
4903,OK,165.100,0.44,15774.60003318265
4904,OK,125.200,0.44,15784.699993673712
4905,OK,79.200,0.44,15901.200007647276
4906,OK,61.100,0.44,15888.500027358532
4907,OK,82.800,0.44,15863.60001238063
4908,OK,62.900,0.44,15866.199973970652
4909,OK,57.500,0.44,15973.799978382885
4910,OK,61.800,0.44,15848.500013817102
4911,OK,83.300,0.44,15866.299974732101
4912,OK,84.700,0.44,15841.999964322895
4913,OK,118.300,0.44,15835.899976082146
4914,OK,104.100,0.44,15905.399981420487
4915,OK,64.100,0.44,15891.400049440563
4916,OK,63.700,0.44,15835.600032005459
4917,OK,64.500,0.44,16024.000011384487
4918,OK,177.000,0.44,15594.900003634393
4919,OK,80.600,0.44,15877.500001806766
4920,OK,58.600,0.44,15875.099983531982
4921,OK,71.400,0.44,15876.89999723807
4922,OK,68.700,0.44,15884.899999946356
4923,OK,64.100,0.44,15910.600021015853
4924,OK,53.200,0.44,15881.800034549087
4925,OK,53.000,0.44,15920.699981506914
4926,OK,50.000,0.44,15999.199997168034
4927,OK,90.700,0.44,15745.499986223876
4928,OK,91.400,0.44,15855.000005103648
4929,OK,68.800,0.44,15903.999970760196
4930,OK,68.700,0.44,15803.100017365068
4931,OK,112.900,0.44,15860.299987252802
4932,OK,86.100,0.44,15966.499981004745
4933,OK,97.800,0.44,15812.499972525984
4934,OK,84.400,0.44,15760.899987071753
4935,OK,80.000,0.44,15870.89995155111
4936,OK,56.300,0.44,15906.39998903498
4937,OK,46.000,0.44,15985.200006980449
4938,OK,61.000,0.44,15959.300042595714
4939,OK,71.700,0.44,15876.099991146475
4940,OK,75.500,0.44,15885.500004515052
4941,OK,77.300,0.44,15766.299969982356
4942,OK,57.600,0.44,15986.60001764074
4943,OK,64.400,0.44,15873.499971348792
4944,OK,62.800,0.44,15886.899956967682
4945,OK,83.900,0.44,15939.500008244067
4946,OK,53.300,0.44,15921.200043521821
4947,OK,56.600,0.44,15868.099988438189
4948,OK,77.200,0.44,15881.399973295629
4949,OK,56.100,0.44,15937.799995299429
4950,OK,57.900,0.44,15919.400029815733
4951,OK,79.500,0.44,15912.099974229932
4952,OK,185.200,0.44,15547.89999499917
4953,OK,91.000,0.44,15861.099993344396
4954,OK,97.300,0.44,15967.09998557344
4955,OK,141.300,0.44,15604.000014718622
4956,OK,76.400,0.44,15874.500037170947
4957,OK,55.300,0.44,15944.89999115467
4958,OK,65.500,0.44,15832.600009161979
4959,OK,54.800,0.44,15860.100043937564
4960,OK,59.700,0.44,15895.799966529012
4961,OK,79.100,0.44,15833.100012969226
4962,OK,88.500,0.44,15864.000015426427
4963,OK,59.800,0.44,15937.199990730733
4964,OK,79.800,0.44,15803.399961441755
4965,OK,69.000,0.44,15878.000005614012
4966,OK,83.500,0.44,15885.300002992153
4967,OK,74.900,0.44,15878.000005614012
4968,OK,89.800,0.44,15816.800005268306
4969,OK,243.200,0.44,15714.699984528124
4970,OK,79.000,0.44,15828.299976419657
4971,OK,74.100,0.44,15896.600030828267
4972,OK,52.700,0.44,15945.799998007715
4973,OK,93.400,0.44,15868.499991483986
4974,OK,83.700,0.44,15882.700041402131
4975,OK,64.300,0.44,15916.80001001805
4976,OK,72.400,0.44,15901.000006124377
4977,OK,64.600,0.44,15897.500037681311
4978,OK,58.000,0.44,15807.19999037683
4979,OK,57.300,0.44,15937.59999377653
4980,OK,74.700,0.44,15899.299993179739
4981,OK,57.600,0.44,15911.799971945584
4982,OK,73.800,0.44,15876.099991146475
4983,OK,118.900,0.44,15852.299984544516
4984,OK,64.000,0.44,15919.89997541532
4985,OK,62.300,0.44,15889.500034973025
4986,OK,62.700,0.44,15897.799981757998
4987,OK,61.100,0.44,15894.200012553483
4988,OK,97.800,0.44,15864.699962548912
4989,OK,62.400,0.44,15811.999968718737
4990,OK,63.000,0.44,15952.49999081716
4991,OK,63.800,0.44,15851.399977691472
4992,OK,59.500,0.44,15923.200000543147
4993,OK,53.000,0.44,15944.599988870323
4994,OK,58.700,0.44,15893.10000417754
4995,OK,61.700,0.44,15825.499955099076
4996,OK,63.900,0.44,15924.600011203438
4997,OK,54.700,0.44,15884.699998423457
4998,OK,70.700,0.44,15880.000020843
4999,OK,74.100,0.44,15886.200009845197
5000,OK,63.800,0.44,15946.60000409931
5001,OK,68.900,0.44,15757.700020913035
5002,OK,126.900,0.44,15819.699969142675
5003,OK,326.500,0.44,15457.39994617179
5004,OK,80.500,0.44,15939.499950036407
5005,OK,82.700,0.44,15798.700042068958
5006,OK,78.200,0.44,15823.900001123548
5007,OK,60.300,0.44,15966.800041496754
5008,OK,75.800,0.44,15890.699985902756
5009,OK,87.100,0.44,15820.400032680482
5010,OK,99.500,0.44,15836.69998217374
5011,OK,90.600,0.44,15935.600036755204
5012,OK,67.600,0.44,15872.100018896163
5013,OK,65.600,0.44,15886.900015175343
5014,OK,65.800,0.44,15854.60000205785
5015,OK,53.700,0.44,15916.400006972253
5016,OK,56.900,0.44,15898.99999089539
5017,OK,63.400,0.44,15897.49997947365
5018,OK,58.400,0.44,15948.199958074838
5019,OK,61.800,0.44,15874.300035648048
5020,OK,62.500,0.44,15868.099988438189
5021,OK,89.100,0.44,15887.900022789836
5022,OK,61.400,0.44,15881.599974818528
5023,OK,62.800,0.44,15917.400014586747
5024,OK,130.300,0.44,15775.000036228448
5025,OK,123.000,0.44,15925.000014249235
5026,OK,134.700,0.44,15662.0999914594
5027,OK,64.300,0.44,15873.79997363314
5028,OK,84.500,0.44,15927.40003252402
5029,OK,62.500,0.44,15914.299990981817
5030,OK,152.600,0.44,15692.800050601363
5031,OK,71.200,0.44,15897.999983280897
5032,OK,58.300,0.44,15847.899951040745
5033,OK,77.800,0.44,15851.999982260168
5034,OK,68.700,0.44,15912.099974229932
5035,OK,82.700,0.44,15878.40000865981
5036,OK,59.800,0.44,15907.199995126575
5037,OK,68.600,0.44,15878.100006375462
5038,OK,76.800,0.44,15873.90003260225
5039,OK,54.800,0.44,15914.299990981817
5040,OK,71.100,0.44,15912.100032437593
5041,OK,76.700,0.44,15896.20002778247
5042,OK,106.900,0.44,15810.499957296997
5043,OK,80.100,0.44,15856.799960602075
5044,OK,88.800,0.44,15814.300044439733
5045,OK,77.700,0.44,15875.799988862127
5046,OK,48.000,0.44,15913.100040052086
5047,OK,48.100,0.44,15974.899986758828
5048,OK,71.400,0.44,15970.500011462718
5049,OK,81.300,0.44,15743.400028441101
5050,OK,60.900,0.44,16008.80001205951
5051,OK,134.000,0.44,16063.100018072873
5052,OK,112.000,0.44,15389.200008939952
5053,OK,102.600,0.44,15883.799991570413
5054,OK,63.100,0.44,15843.800036236644
5055,OK,85.300,0.44,15892.800001893193
5056,OK,141.700,0.44,15777.099994011223
5057,OK,90.700,0.44,15818.500018212944
5058,OK,67.400,0.44,15942.900034133345
5059,OK,71.500,0.44,15850.800031330436
5060,OK,64.800,0.44,15902.799961622804
5061,OK,83.500,0.44,15918.19996247068
5062,OK,121.300,0.44,15755.900007206947
5063,OK,98.100,0.44,15874.500037170947
5064,OK,62.100,0.44,15935.300034470856
5065,OK,98.600,0.44,15731.499996036291
5066,OK,88.600,0.44,15875.499986577779
5067,OK,112.200,0.44,15841.999964322895
5068,OK,97.600,0.44,16200.400015804917
5069,OK,109.700,0.44,15474.900021217763
5070,OK,86.700,0.44,15852.399985305965
5071,OK,91.400,0.44,15833.89996085316
5072,OK,66.600,0.44,15919.69997389242
5073,OK,85.000,0.44,15870.90000975877
5074,OK,90.500,0.44,15832.200006116182
5075,OK,88.700,0.44,15851.69997997582
5076,OK,90.600,0.44,15845.100046135485
5077,OK,88.100,0.44,15859.600040130317
5078,OK,82.500,0.44,15840.500011108816
5079,OK,69.600,0.44,15878.900012467057
5080,OK,95.400,0.44,15867.800044361502
5081,OK,116.700,0.44,15834.100020583719
5082,OK,86.300,0.44,15832.300006877631
5083,OK,81.400,0.44,15880.399965681136
5084,OK,84.900,0.44,15876.100049354136
5085,OK,84.900,0.44,15871.400013566017
5086,OK,82.100,0.44,15878.999955020845
5087,OK,87.600,0.44,15833.700017537922
5088,OK,84.200,0.44,15809.300006367266
5089,OK,63.400,0.44,15885.300002992153
5090,OK,56.100,0.44,15937.899996060878
5091,OK,92.100,0.44,15884.699998423457
5092,OK,103.400,0.44,15859.500039368868
5093,OK,102.900,0.44,15860.199986491352
5094,OK,99.500,0.44,15837.900049518794
5095,OK,104.900,0.44,15816.500002983958
5096,OK,218.800,0.44,15600.299986544997
5097,OK,90.900,0.44,15789.599972777069
5098,OK,65.000,0.44,15921.699989121407
5099,OK,64.300,0.44,15861.799998674542
5100,OK,61.400,0.44,15917.900018393993
5101,OK,67.600,0.44,15839.200001209974
5102,OK,76.700,0.44,15828.299976419657
5103,OK,77.700,0.44,15985.500009264797
5104,OK,106.800,0.44,15811.799967195839
5105,OK,160.900,0.44,15579.400002025068
5106,OK,71.600,0.44,15947.199950460345
5107,OK,78.600,0.44,15886.600012890995
5108,OK,62.400,0.44,15882.499981671572
5109,OK,65.200,0.44,15873.000025749207
5110,OK,120.900,0.44,15774.000028613955
5111,OK,60.400,0.44,15899.299993179739
5112,OK,63.900,0.44,15905.500040389597
5113,OK,61.100,0.44,15878.700010944158
5114,OK,102.900,0.44,15936.799987684935
5115,OK,64.100,0.44,15876.499994192272
5116,OK,79.900,0.44,15865.400026086718
5117,OK,74.800,0.44,15808.60000103712
5118,OK,81.700,0.44,15884.39999613911
5119,OK,106.300,0.44,15812.199970241636
5120,OK,109.000,0.44,15776.899992488325
5121,OK,55.800,0.44,15689.700026996434
5122,OK,54.400,0.44,16006.500052753836
5123,OK,69.500,0.44,15901.100006885827
5124,OK,61.200,0.44,15853.499993681908
5125,OK,56.900,0.44,16072.29997171089
5126,OK,106.800,0.44,15619.600017089397
5127,OK,62.500,0.44,15881.19997177273
5128,OK,75.900,0.44,15821.89998589456
5129,OK,83.500,0.44,15934.899973217398
5130,OK,105.400,0.44,15866.900037508458
5131,OK,60.300,0.44,15810.600016266108
5132,OK,79.700,0.44,15844.09998031333
5133,OK,90.600,0.44,15893.599949777126
5134,OK,65.100,0.44,15988.599974662066
5135,OK,66.600,0.44,15818.000014405698
5136,OK,61.100,0.44,15955.30001213774
5137,OK,83.500,0.44,15823.900001123548
5138,OK,76.200,0.44,15822.799992747605
5139,OK,63.800,0.44,15931.60000629723
5140,OK,61.000,0.44,15887.499961536378
5141,OK,73.800,0.44,15895.899967290461
5142,OK,104.500,0.44,15830.200049094856
5143,OK,60.200,0.44,15828.099974896759
5144,OK,99.600,0.44,15847.000002395362
5145,OK,61.200,0.44,15948.700020089746
5146,OK,40.000,0.44,15864.700020756572
5147,OK,40.700,0.44,15964.399965014309
5148,OK,38.100,0.44,15911.500027868897
5149,OK,98.900,0.44,15864.300017710775
5150,OK,57.600,0.44,15913.299983367324
5151,OK,59.400,0.44,15913.89998793602
5152,OK,81.500,0.44,15776.699990965426
5153,OK,78.700,0.44,15913.99998869747
5154,OK,84.100,0.44,15843.699977267534
5155,OK,115.100,0.44,15769.399993587285
5156,OK,90.900,0.44,15865.699970163405
5157,OK,67.600,0.44,15876.99999799952
5158,OK,71.600,0.44,15911.300026345998
5159,OK,52.700,0.44,15982.499986421317
5160,OK,128.800,0.44,15713.699976913631
5161,OK,86.300,0.44,15829.099982511252
5162,OK,71.800,0.44,15879.300015512854
5163,OK,99.000,0.44,15842.399967368692
5164,OK,90.800,0.44,15776.899992488325
5165,OK,83.600,0.44,15832.300006877631
5166,OK,66.600,0.44,15925.100015010685
5167,OK,63.400,0.44,15894.300013314933
5168,OK,65.500,0.44,15887.699963059276
5169,OK,60.200,0.44,15879.300015512854
5170,OK,79.100,0.44,15875.899989623576
5171,OK,86.800,0.44,15865.900029893965
5172,OK,87.400,0.44,15900.60000307858
5173,OK,72.700,0.44,15851.999982260168
5174,OK,98.400,0.44,15883.300045970827
5175,OK,80.600,0.44,15835.099969990551
5176,OK,105.900,0.44,15823.299996554852
5177,OK,88.700,0.44,15865.00002304092
5178,OK,107.200,0.44,15851.400035899132
5179,OK,85.100,0.44,15856.09995527193
5180,OK,100.500,0.44,15834.699966944754
5181,OK,83.600,0.44,15851.199976168573
5182,OK,98.400,0.44,15889.499976765364
5183,OK,76.400,0.44,15821.499982848763
5184,OK,91.500,0.44,15895.900025498122
5185,OK,119.700,0.44,15839.100000448525
5186,OK,93.700,0.44,15789.999975822866
5187,OK,71.800,0.44,15869.700000621378
5188,OK,89.800,0.44,15864.600019995123
5189,OK,101.400,0.44,15824.300004169345
5190,OK,93.600,0.44,15861.599997151643
5191,OK,93.600,0.44,15866.60003522411
5192,OK,95.900,0.44,15814.49998775497
5193,OK,90.700,0.44,15873.90003260225
5194,OK,82.600,0.44,15877.800004091114
5195,OK,87.800,0.44,15815.99999917671
5196,OK,67.000,0.44,15862.800006289035
5197,OK,52.300,0.44,15985.500009264797
5198,OK,85.300,0.44,15834.599966183305
5199,OK,77.900,0.44,15892.600000370294
5200,OK,89.200,0.44,15823.699999600649
5201,OK,95.900,0.44,15704.400022514164
5202,OK,78.800,0.44,15873.399970587343
5203,OK,104.100,0.44,15832.300006877631
5204,OK,75.100,0.44,15897.300036158413
5205,OK,66.500,0.44,15846.399997826666
5206,OK,68.700,0.44,15878.700010944158
5207,OK,54.400,0.44,15964.40002322197
5208,OK,65.200,0.44,15941.299963742495
5209,OK,72.100,0.44,15838.599996641278
5210,OK,58.100,0.44,15950.500033795834
5211,OK,61.100,0.44,15821.200038772076
5212,OK,62.400,0.44,15927.100030239671
5213,OK,80.100,0.44,15868.299989961088
5214,OK,76.200,0.44,15877.400001045316
5215,OK,70.600,0.44,15922.099992167205
5216,OK,184.000,0.44,15612.099959980696
5217,OK,74.500,0.44,15905.1000373438
5218,OK,87.500,0.44,15856.800018809736
5219,OK,80.300,0.44,15848.200011532754
5220,OK,59.300,0.44,15877.700003329664
5221,OK,93.900,0.44,15859.299979638308
5222,OK,63.900,0.44,15918.40002220124
5223,OK,63.900,0.44,15861.899999435991
5224,OK,86.900,0.44,15861.099993344396
5225,OK,66.700,0.44,15897.400036919862
5226,OK,79.400,0.44,15858.399972785264
5227,OK,79.200,0.44,15857.200021855533
5228,OK,86.000,0.44,15834.300022106618
5229,OK,79.900,0.44,15873.499971348792
5230,OK,58.000,0.44,15904.900035820901
5231,OK,85.600,0.44,15888.999972958118
5232,OK,69.800,0.44,15896.900033112615
5233,OK,64.000,0.44,15893.600007984787
5234,OK,81.700,0.44,15870.199946220964
5235,OK,84.100,0.44,15761.099988594651
5236,OK,75.800,0.44,15984.400000888854
5237,OK,63.400,0.44,15839.700005017221
5238,OK,61.900,0.44,15955.700015183538
5239,OK,205.200,0.44,15627.200016751885
5240,OK,69.700,0.44,15937.49999301508
5241,OK,75.700,0.44,15837.200044188648
5242,OK,71.700,0.44,15909.60001340136
5243,OK,107.100,0.44,15774.899977259338
5244,OK,63.100,0.44,15956.700022798032
5245,OK,64.400,0.44,15902.20001526177
5246,OK,57.400,0.44,15919.80003286153
5247,OK,52.200,0.44,15884.40005434677
5248,OK,54.100,0.44,15962.000004947186
5249,OK,58.200,0.44,15867.100039031357
5250,OK,56.100,0.44,15909.200010355562
5251,OK,46.600,0.44,15873.400028795004
5252,OK,46.300,0.44,15981.300035491586
5253,OK,40.500,0.44,15902.700019069016
5254,OK,43.100,0.44,15949.200023896992
5255,OK,45.400,0.44,15859.899984207004
5256,OK,44.500,0.44,15986.60001764074
5257,OK,71.700,0.44,15849.499963223934
5258,OK,85.600,0.44,15969.400003086776
5259,OK,149.700,0.44,15643.499966245145
5260,OK,98.700,0.44,15867.799986153841
5261,OK,107.200,0.44,15860.500046983361
5262,OK,84.800,0.44,15807.699994184077
5263,OK,79.000,0.44,15901.200007647276
5264,OK,63.500,0.44,15864.299959503114
5265,OK,61.600,0.44,15950.200031511486
5266,OK,82.600,0.44,15902.500017546117
5267,OK,63.600,0.44,15834.900026675314
5268,OK,59.100,0.44,15888.199966866523
5269,OK,87.600,0.44,15872.499963734299
5270,OK,98.100,0.44,15832.40000763908
5271,OK,102.200,0.44,15887.20001745969
5272,OK,77.100,0.44,15834.200021345168
5273,OK,95.100,0.44,15892.299998085946
5274,OK,65.600,0.44,15881.899977102876
5275,OK,87.300,0.44,15867.499983869493
5276,OK,63.100,0.44,15920.999983791262
5277,OK,79.800,0.44,15830.599993932992
5278,OK,61.000,0.44,15905.799984466285
5279,OK,62.900,0.44,15878.800011705607
5280,OK,76.100,0.44,15929.599991068244
5281,OK,62.800,0.44,15830.699994694442
5282,OK,50.800,0.44,15921.799989882857
5283,OK,68.100,0.44,15851.399977691472
5284,OK,74.000,0.44,15851.899981498718
5285,OK,47.600,0.44,15957.00002508238
5286,OK,77.400,0.44,15916.200005449355
5287,OK,65.900,0.44,15811.500023119152
5288,OK,83.900,0.44,15866.199973970652
5289,OK,77.100,0.44,15880.800026934594
5290,OK,62.800,0.44,15968.79999851808
5291,OK,57.600,0.44,15930.900000967085
5292,OK,71.500,0.44,15850.000025238842
5293,OK,78.700,0.44,15879.90002008155
5294,OK,75.800,0.44,15890.19998209551
5295,OK,78.600,0.44,15910.300018731505
5296,OK,77.000,0.44,15888.300025835633
5297,OK,64.500,0.44,15879.300015512854
5298,OK,65.900,0.44,15899.799996986985
5299,OK,67.600,0.44,15917.100012302399
5300,OK,67.700,0.44,15839.100000448525
5301,OK,78.700,0.44,15767.100034281611
5302,OK,56.800,0.44,15851.600037422031
5303,OK,60.000,0.44,15907.299995888025
5304,OK,56.600,0.44,15889.399976003915
5305,OK,66.300,0.44,15951.499983202666
5306,OK,60.200,0.44,15819.800028111786
5307,OK,59.900,0.44,15979.20001950115
5308,OK,65.100,0.44,15875.39998581633
5309,OK,72.600,0.44,15880.500024650246
5310,OK,157.800,0.44,15723.599994089454
5311,OK,73.000,0.44,15940.200013574213
5312,OK,76.100,0.44,15819.900028873235
5313,OK,56.400,0.44,15907.699998933822
5314,OK,66.300,0.44,15893.900010269135
5315,OK,69.700,0.44,15900.50000231713
5316,OK,83.400,0.44,15890.30004106462
5317,OK,88.900,0.44,15850.799973122776
5318,OK,59.800,0.44,15866.699977777898
5319,OK,63.800,0.44,15914.699994027615
5320,OK,63.500,0.44,15891.399991232902
5321,OK,62.000,0.44,15903.799969237298
5322,OK,55.400,0.44,15965.099970344454
5323,OK,61.800,0.44,15911.599970422685
5324,OK,78.000,0.44,15836.69998217374
5325,OK,74.600,0.44,15929.099987260997
5326,OK,62.000,0.44,15811.300021596253
5327,OK,70.500,0.44,15922.399994451553
5328,OK,83.600,0.44,15869.39999833703
5329,OK,83.500,0.44,15895.599965006113
5330,OK,82.800,0.44,15789.599972777069
5331,OK,60.100,0.44,15929.999994114041
5332,OK,63.200,0.44,15906.400047242641
5333,OK,76.500,0.44,15898.400044534355
5334,OK,91.000,0.44,15794.199949596077
5335,OK,111.500,0.44,15815.299993846565
5336,OK,64.100,0.44,15882.69998319447
5337,OK,63.600,0.44,15887.700021266937
5338,OK,91.500,0.44,15799.199987668544
5339,OK,75.400,0.44,15921.200043521821
5340,OK,71.000,0.44,15885.000000707805
5341,OK,83.500,0.44,15862.200001720339
5342,OK,82.400,0.44,15823.099995031953
5343,OK,78.000,0.44,15870.000002905726
5344,OK,47.900,0.44,15964.500023983419
5345,OK,114.500,0.44,15751.200029626489
5346,OK,62.500,0.44,15891.099988948554
5347,OK,60.700,0.44,15874.799981247634
5348,OK,61.400,0.44,15886.900015175343
5349,OK,54.100,0.44,15958.300034981221
5350,OK,55.200,0.44,15910.200017970055
5351,OK,59.800,0.44,15927.899978123605
5352,OK,93.100,0.44,15838.200051803142
5353,OK,97.800,0.44,15818.900021258742
5354,OK,65.800,0.44,16924.900002777576
5355,OK,101.500,0.44,14835.000038146973
5356,OK,97.200,0.44,15857.799968216568
5357,OK,75.000,0.44,15913.199982605875
5358,OK,66.400,0.44,15815.299993846565
5359,OK,64.700,0.44,15905.299980659038
5360,OK,68.000,0.44,15886.900015175343
5361,OK,79.500,0.44,15914.999996311963
5362,OK,95.900,0.44,15841.29995899275
5363,OK,81.800,0.44,15857.200021855533
5364,OK,82.100,0.44,15865.900029893965
5365,OK,88.200,0.44,15866.499976255
5366,OK,102.200,0.44,15840.400010347366
5367,OK,106.100,0.44,15799.000044353306
5368,OK,97.900,0.44,15849.400020670146
5369,OK,92.800,0.44,15853.09999063611
5370,OK,90.600,0.44,15735.100023448467
5371,OK,82.300,0.44,16141.499974764884
5372,OK,89.700,0.44,15571.099997032434
5373,OK,70.200,0.44,16190.700000151992
5374,OK,89.600,0.44,15546.199982054532
5375,OK,91.000,0.44,16416.499973274767
5376,OK,86.700,0.44,15515.599981881678
5377,OK,91.800,0.44,15686.099999584258
5378,OK,150.300,0.44,15707.300044596195
5379,OK,95.800,0.44,15823.900001123548
5380,OK,95.300,0.44,15842.299966607243
5381,OK,76.300,0.44,15893.20000493899
5382,OK,123.700,0.44,15810.10001245886
5383,OK,99.900,0.44,15807.699994184077
5384,OK,87.800,0.44,15846.599999349564
5385,OK,87.700,0.44,15820.70003496483
5386,OK,80.700,0.44,15883.699990808964
5387,OK,80.200,0.44,15868.999995291233
5388,OK,84.700,0.44,15898.899990133941
5389,OK,88.600,0.44,15802.400012034923
5390,OK,82.700,0.44,15847.20000391826
5391,OK,66.900,0.44,15890.799986664206
5392,OK,66.900,0.44,16192.300012335181
5393,OK,131.000,0.44,15513.299964368343
5394,OK,104.300,0.44,15855.200006626546
5395,OK,109.200,0.44,15857.000020332634
5396,OK,91.400,0.44,15863.49995341152
5397,OK,87.400,0.44,15835.199970752
5398,OK,83.600,0.44,15826.899965759367
5399,OK,67.900,0.44,15829.799987841398
5400,OK,45.000,0.44,16007.099999114871
5401,OK,139.500,0.44,15588.400012347847
5402,OK,62.600,0.44,15915.50000011921
5403,OK,99.700,0.44,15812.600031495094
5404,OK,60.000,0.44,15943.799982778728
5405,OK,82.300,0.44,15848.099952563643
5406,OK,63.400,0.44,15855.400008149445
5407,OK,48.300,0.44,15966.500039212406
5408,OK,86.000,0.44,15903.799969237298
5409,OK,74.200,0.44,15875.799988862127
5410,OK,60.900,0.44,15868.999995291233
5411,OK,69.700,0.44,15897.49997947365
5412,OK,118.500,0.44,15798.39998157695
5413,OK,76.700,0.44,15866.300032939762
5414,OK,90.000,0.44,15896.400029305369
5415,OK,64.900,0.44,15863.100008573383
5416,OK,85.600,0.44,15893.800009507686
5417,OK,79.000,0.44,15841.999964322895
5418,OK,82.700,0.44,15821.799985133111
5419,OK,90.500,0.44,15879.100013989955
5420,OK,56.900,0.44,15908.900008071214
5421,OK,90.400,0.44,15867.800044361502
5422,OK,115.300,0.44,15784.399991389364
5423,OK,122.800,0.44,15832.000004593283
5424,OK,63.700,0.44,15899.699996225536
5425,OK,64.700,0.44,15823.800000362098
5426,OK,59.900,0.44,15878.200007136911
5427,OK,59.700,0.44,15920.100035145879
5428,OK,63.700,0.44,15889.699978288263
5429,OK,82.200,0.44,15876.099991146475
5430,OK,57.100,0.44,15911.499969661236
5431,OK,77.800,0.44,15877.199999522418
5432,OK,64.300,0.44,15884.39999613911
5433,OK,72.700,0.44,15863.50001161918
5434,OK,56.500,0.44,16020.49998473376
5435,OK,140.600,0.44,15675.499977078289
5436,OK,74.300,0.44,15864.89996407181
5437,OK,54.400,0.44,15916.400006972253
5438,OK,68.100,0.44,15949.599968735129
5439,OK,55.200,0.44,15875.000040978193
5440,OK,60.200,0.44,15911.999973468482
5441,OK,47.800,0.44,15860.59998953715
5442,OK,40.000,0.44,15960.599994286895
5443,OK,53.100,0.44,15965.69997491315
5444,OK,84.200,0.44,15878.50000942126
5445,OK,63.300,0.44,15849.700022954494
5446,OK,65.300,0.44,15916.599950287491
5447,OK,96.800,0.44,15879.500017035753
5448,OK,79.100,0.44,15874.699980486184
5449,OK,64.200,0.44,15832.100005354732
5450,OK,76.000,0.44,15870.800008997321
5451,OK,79.000,0.44,15857.70002566278
5452,OK,83.900,0.44,15823.099995031953
5453,OK,79.700,0.44,15930.29999639839
5454,OK,110.200,0.44,15813.09997709468
5455,OK,93.800,0.44,15803.400019649416
5456,OK,60.800,0.44,15929.899993352592
5457,OK,116.200,0.44,15726.599958725274
5458,OK,77.100,0.44,15847.400005441159
5459,OK,62.300,0.44,15883.600048255175
5460,OK,55.700,0.44,15934.900031425059
5461,OK,72.000,0.44,15886.500012129545
5462,OK,55.600,0.44,15908.500005025417
5463,OK,74.400,0.44,15901.700011454523
5464,OK,98.700,0.44,15957.999974489212
5465,OK,123.400,0.44,15709.700004663318
5466,OK,96.800,0.44,15850.499970838428
5467,OK,91.400,0.44,15868.0000458844
5468,OK,70.200,0.44,15889.199974481016
5469,OK,66.100,0.44,15805.399976670742
5470,OK,57.100,0.44,15971.000015269965
5471,OK,91.100,0.44,15794.900013133883
5472,OK,86.700,0.44,15908.300003502518
5473,OK,59.100,0.44,15913.89998793602
5474,OK,88.700,0.44,15880.899969488382
5475,OK,94.300,0.44,15802.70001431927
5476,OK,104.200,0.44,16271.600034087896
5477,OK,88.500,0.44,15447.19998491928
5478,OK,115.400,0.44,15784.499992150813
5479,OK,132.300,0.44,15931.400004774332
5480,OK,67.000,0.44,15758.900030050427
5481,OK,87.900,0.44,15897.69998099655
5482,OK,85.100,0.44,16569.799976423383
5483,OK,137.500,0.44,15061.399957630783
5484,OK,91.400,0.44,15859.700040891767
5485,OK,124.300,0.44,15836.79998293519
5486,OK,67.100,0.44,17420.999996829778
5487,OK,105.100,0.44,15191.599959507585
5488,OK,90.400,0.44,14932.699967175722
5489,OK,70.800,0.44,15884.000051300973
5490,OK,92.900,0.44,15853.19999139756
5491,OK,91.000,0.44,15868.799993768334
5492,OK,97.200,0.44,15840.000007301569
5493,OK,69.500,0.44,15928.400040138513
5494,OK,99.000,0.44,16024.100012145936
5495,OK,101.500,0.44,15658.099961001426
5496,OK,85.300,0.44,15844.000037759542
5497,OK,87.500,0.44,15870.000002905726
5498,OK,87.700,0.44,15893.20000493899
5499,OK,82.200,0.44,15809.600008651614
5500,OK,79.700,0.44,15815.700055100024
5501,OK,94.800,0.44,15761.000046040863
5502,OK,71.500,0.44,15877.900004852563
5503,OK,85.900,0.44,15853.899996727705
5504,OK,100.200,0.44,15848.100010771304
5505,OK,105.500,0.44,15910.89996509254
5506,OK,114.600,0.44,16073.499980848283
5507,OK,101.500,0.44,15509.599994402379
5508,OK,64.000,0.44,15848.49995560944
5509,OK,59.100,0.44,15888.59996991232
5510,OK,49.300,0.44,15930.800000205636
5511,OK,60.300,0.44,15988.999977707863
5512,OK,63.500,0.44,15803.200018126518
5513,OK,78.000,0.44,15912.699978798628
5514,OK,67.300,0.44,15881.800034549087
5515,OK,75.400,0.44,15849.499963223934
5516,OK,58.300,0.44,15899.19999241829
5517,OK,58.900,0.44,15925.70001957938
5518,OK,64.900,0.44,15935.299976263195
5519,OK,79.500,0.44,15927.900036331266
5520,OK,147.900,0.44,15695.700014475733
5521,OK,77.600,0.44,15891.499991994351
5522,OK,79.600,0.44,15808.80000256002
5523,OK,63.300,0.44,15946.900006383657
5524,OK,65.100,0.44,15864.200016949326
5525,OK,60.200,0.44,15924.700011964887
5526,OK,73.400,0.44,15855.400008149445
5527,OK,63.400,0.44,15901.799954008311
5528,OK,56.900,0.44,15917.500015348196
5529,OK,134.300,0.44,15828.999981749803
5530,OK,128.200,0.44,15729.199978522956
5531,OK,65.800,0.44,15917.00001154095
5532,OK,79.000,0.44,15894.60001559928
5533,OK,65.800,0.44,15814.899990800768
5534,OK,92.400,0.44,15872.300020419061
5535,OK,60.300,0.44,15874.199976678938
5536,OK,85.500,0.44,15885.600005276501
5537,OK,78.900,0.44,15894.100011792034
5538,OK,77.000,0.44,15840.500011108816
5539,OK,61.200,0.44,15907.499997410923
5540,OK,78.500,0.44,15896.399971097708
5541,OK,96.700,0.44,15796.300023794174
5542,OK,65.800,0.44,15874.099975917488
5543,OK,64.800,0.44,15876.89999723807
5544,OK,79.300,0.44,15940.100012812763
5545,OK,83.100,0.44,15830.89999621734
5546,OK,76.400,0.44,15837.399987503886
5547,OK,87.400,0.44,15867.599984630942
5548,OK,49.200,0.44,15903.899969998747
5549,OK,50.500,0.44,15916.200005449355
5550,OK,46.100,0.44,15932.199952658266
5551,OK,55.100,0.44,15926.799969747663
5552,OK,79.700,0.44,15912.40003472194
5553,OK,63.200,0.44,15888.200025074184
5554,OK,59.800,0.44,15807.499992661178
5555,OK,58.500,0.44,15967.499988619238
5556,OK,45.900,0.44,15908.500005025417
5557,OK,79.800,0.44,15926.799969747663
5558,OK,70.800,0.44,15893.599949777126
5559,OK,60.600,0.44,15904.000028967857
5560,OK,60.600,0.44,15883.799991570413
5561,OK,52.000,0.44,15884.699998423457
5562,OK,53.300,0.44,15890.800044871867
5563,OK,50.500,0.44,15951.499983202666
5564,OK,50.500,0.44,15916.700009256601
5565,OK,50.900,0.44,15880.000020843
5566,OK,77.200,0.44,15948.200016282499
5567,OK,118.500,0.44,15725.400007795542
5568,OK,135.900,0.44,15761.100046802312
5569,OK,70.400,0.44,15844.200039282441
5570,OK,82.700,0.44,15852.300042752177
5571,OK,62.500,0.44,15909.999958239496
5572,OK,87.600,0.44,15870.400005951524
5573,OK,60.400,0.44,15918.29996323213
5574,OK,69.800,0.44,15944.499988108873
5575,OK,56.100,0.44,15859.799983445555
5576,OK,58.900,0.44,15862.10000095889
5577,OK,77.200,0.44,15859.000035561621
5578,OK,92.700,0.44,15839.300001971424
5579,OK,66.400,0.44,15878.700010944158
5580,OK,60.000,0.44,15903.60002592206
5581,OK,65.700,0.44,15873.999975156039
5582,OK,49.500,0.44,15906.899992842227
5583,OK,47.000,0.44,15913.299983367324
5584,OK,54.300,0.44,15918.200020678341
5585,OK,62.300,0.44,15922.399994451553
5586,OK,63.200,0.44,15934.60002914071
5587,OK,72.500,0.44,15836.79998293519
5588,OK,96.800,0.44,15920.599980745465
5589,OK,61.100,0.44,15848.900016862899
5590,OK,95.800,0.44,15836.599981412292
5591,OK,63.900,0.44,15893.599949777126
5592,OK,60.000,0.44,15930.30005460605
5593,OK,67.100,0.44,15907.799999695271
5594,OK,66.600,0.44,15868.399990722537
5595,OK,76.300,0.44,15878.40000865981
5596,OK,90.500,0.44,15830.499993171543
5597,OK,59.400,0.44,15911.200025584549
5598,OK,64.000,0.44,15896.20002778247
5599,OK,75.600,0.44,15936.699986923486
5600,OK,61.500,0.44,15887.700021266937
5601,OK,86.800,0.44,15740.000002551824
5602,OK,65.700,0.44,15815.599996130913
5603,OK,64.900,0.44,15909.000008832663
5604,OK,61.400,0.44,15869.800001382828
5605,OK,74.600,0.44,15889.300033450127
5606,OK,64.800,0.44,15949.29996645078
5607,OK,62.900,0.44,15874.799981247634
5608,OK,56.300,0.44,15858.600032515824
5609,OK,76.900,0.44,15927.699976600707
5610,OK,58.100,0.44,15811.899967957288
5611,OK,78.700,0.44,15900.200000032783
5612,OK,79.300,0.44,15902.800019830465
5613,OK,67.700,0.44,15883.299987763166
5614,OK,64.200,0.44,15858.899976592511
5615,OK,52.800,0.44,15956.099960021675
5616,OK,72.000,0.44,15919.500030577183
5617,OK,76.700,0.44,15846.800000872463
5618,OK,76.800,0.44,15886.700013652444
5619,OK,59.700,0.44,15879.8000193201
5620,OK,79.300,0.44,15904.100029729307
5621,OK,62.200,0.44,15890.100039541721
5622,OK,59.600,0.44,15990.799991413951
5623,OK,62.300,0.44,15727.800026070327
5624,OK,78.500,0.44,15887.100016698241
5625,OK,77.400,0.44,15872.39996297285
5626,OK,74.800,0.44,15864.599961787462
5627,OK,69.400,0.44,15892.700001131743
5628,OK,82.700,0.44,15878.40000865981
5629,OK,74.600,0.44,15871.199953835458
5630,OK,80.000,0.44,15910.800022538751
5631,OK,60.900,0.44,15902.899962384254
5632,OK,60.500,0.44,15841.500018723309
5633,OK,53.700,0.44,15725.899953395128
5634,OK,54.600,0.44,15948.399959597737
5635,OK,59.600,0.44,15897.399978712201
5636,OK,59.200,0.44,15866.099973209202
5637,OK,97.400,0.44,15851.300035137683
5638,OK,76.100,0.44,15844.800043851137
5639,OK,86.400,0.44,15872.899966780096
5640,OK,63.700,0.44,15886.000008322299
5641,OK,45.600,0.44,15885.000000707805
5642,OK,52.900,0.44,15939.10000519827
5643,OK,82.100,0.44,15956.299961544573
5644,OK,68.600,0.44,15915.29999859631
5645,OK,66.500,0.44,15835.40003048256
5646,OK,63.900,0.44,15870.600007474422
5647,OK,97.600,0.44,15836.300037335604
5648,OK,91.300,0.44,15926.500025670975
5649,OK,64.600,0.44,15832.50000840053
5650,OK,86.100,0.44,15798.50004054606
5651,OK,53.000,0.44,15975.699992850423
5652,OK,72.600,0.44,15870.100003667176
5653,OK,57.000,0.44,15850.899973884225
5654,OK,53.500,0.44,15941.89996831119
5655,OK,51.300,0.44,15896.700031589717
5656,OK,34.900,0.44,16001.799958758056
5657,OK,106.200,0.44,15848.600014578551
5658,OK,107.600,0.44,15796.90002836287
5659,OK,110.800,0.44,15858.799975831062
5660,OK,76.200,0.44,15833.89996085316
5661,OK,65.700,0.44,15836.999984458089
5662,OK,67.400,0.44,15924.20000815764
5663,OK,64.500,0.44,15859.799983445555
5664,OK,98.800,0.44,15876.79999647662
5665,OK,83.900,0.44,15860.299987252802
5666,OK,101.200,0.44,15853.799995966256
5667,OK,68.500,0.44,15853.899996727705
5668,OK,99.400,0.44,15807.29999113828
5669,OK,96.800,0.44,15892.099996563047
5670,OK,90.500,0.44,15829.799987841398
5671,OK,64.200,0.44,15908.300003502518
5672,OK,86.200,0.44,15824.200003407896
5673,OK,85.700,0.44,15846.700000111014
5674,OK,66.200,0.44,15883.699990808964
5675,OK,86.800,0.44,15887.20001745969
5676,OK,93.700,0.44,15828.00003234297
5677,OK,89.300,0.44,15849.100018385798
5678,OK,83.400,0.44,15889.700036495924
5679,OK,78.100,0.44,16335.899999830872
5680,OK,91.900,0.44,15325.59999031946
5681,OK,70.400,0.44,15904.599975328892
5682,OK,103.600,0.44,15826.300019398332
5683,OK,123.000,0.44,15830.199990887195
5684,OK,85.200,0.44,15882.399980910122
5685,OK,62.900,0.44,15887.09995849058
5686,OK,66.300,0.44,15887.20001745969
5687,OK,86.400,0.44,15874.699980486184
5688,OK,85.200,0.44,15863.800013903528
5689,OK,91.500,0.44,15800.699999090284
5690,OK,88.400,0.44,15842.69996965304
5691,OK,88.300,0.44,15873.600030317903
5692,OK,93.800,0.44,15925.70001957938
5693,OK,175.600,0.44,15570.799994748086
5694,OK,86.400,0.44,15846.700000111014
5695,OK,62.800,0.44,15899.299993179739
5696,OK,93.800,0.44,15839.999949093908
5697,OK,69.300,0.44,15875.50004478544
5698,OK,56.100,0.44,15922.8999982588
5699,OK,62.900,0.44,15982.299984898418
5700,OK,83.600,0.44,15862.300002481788
5701,OK,85.400,0.44,15735.199966002256
5702,OK,58.600,0.44,15928.600041661412
5703,OK,60.500,0.44,15882.999985478818
5704,OK,64.200,0.44,15886.500012129545
5705,OK,144.200,0.44,15695.100009907037
5706,OK,76.700,0.44,15904.800035059452
5707,OK,52.500,0.44,15927.599975839257
5708,OK,74.500,0.44,15865.20002456382
5709,OK,138.000,0.44,15802.90001584217
5710,OK,96.100,0.44,15932.000009343028
5711,OK,73.700,0.44,15879.300015512854
5712,OK,63.000,0.44,15859.500039368868
5713,OK,78.000,0.44,15867.099980823696
5714,OK,74.400,0.44,15881.800034549087
5715,OK,78.400,0.44,15869.199996814132
5716,OK,78.500,0.44,15862.900007050484
5717,OK,68.100,0.44,15908.800007309765
5718,OK,152.900,0.44,15774.400031659752
5719,OK,96.800,0.44,15775.799984112382
5720,OK,80.000,0.44,15843.999979551882
5721,OK,62.600,0.44,15945.300052408129
5722,OK,103.800,0.44,15861.399995628744
5723,OK,128.900,0.44,15761.399990879
5724,OK,72.700,0.44,15892.600000370294
5725,OK,63.700,0.44,15873.79997363314
5726,OK,61.600,0.44,15898.599987849593
5727,OK,62.500,0.44,15864.700020756572
5728,OK,54.500,0.44,15935.99998159334
5729,OK,73.100,0.44,15909.900015685707
5730,OK,133.500,0.44,15750.299964565784
5731,OK,84.700,0.44,15861.699997913092
5732,OK,76.200,0.44,15909.100009594113
5733,OK,78.200,0.44,15835.800033528358
5734,OK,67.500,0.44,15897.400036919862
5735,OK,84.900,0.44,15868.899994529784
5736,OK,92.100,0.44,15935.099974740297
5737,OK,88.500,0.44,15772.100014146417
5738,OK,66.300,0.44,15915.700001642108
5739,OK,63.900,0.44,15936.299983877689
5740,OK,64.600,0.44,15872.50002194196
5741,OK,59.100,0.44,15903.800027444959
5742,OK,61.000,0.44,15853.09999063611
5743,OK,86.800,0.44,15830.599993932992
5744,OK,82.100,0.44,15887.800022028387
5745,OK,62.000,0.44,15906.999993603677
5746,OK,65.000,0.44,15918.40002220124
5747,OK,74.600,0.44,15788.900025654584
5748,OK,62.300,0.44,15946.300001814961
5749,OK,68.700,0.44,15867.599984630942
5750,OK,61.200,0.44,15876.699995715171
5751,OK,130.300,0.44,15794.100007042289
5752,OK,88.200,0.44,15894.699958153069
5753,OK,58.700,0.44,15906.800050288439
5754,OK,59.000,0.44,15902.500017546117
5755,OK,60.300,0.44,15941.99996907264
5756,OK,59.700,0.44,15909.29995290935
5757,OK,66.200,0.44,15851.899981498718
5758,OK,57.600,0.44,15889.099973719567
5759,OK,55.100,0.44,15865.999972447753
5760,OK,95.900,0.44,15852.899989113212
5761,OK,129.500,0.44,15834.100020583719
5762,OK,58.600,0.44,15904.800035059452
5763,OK,90.400,0.44,15882.599982433021
5764,OK,129.500,0.44,15741.300012450665
5765,OK,135.200,0.44,15696.599963121116
5766,OK,95.400,0.44,15817.49995239079
5767,OK,77.700,0.44,15919.000026769936
5768,OK,64.200,0.44,15923.300001304597
5769,OK,76.300,0.44,15891.80005248636
5770,OK,90.200,0.44,15770.500001963228
5771,OK,54.200,0.44,15960.199991241097
5772,OK,97.000,0.44,15846.299997065216
5773,OK,81.300,0.44,15832.39994943142
5774,OK,65.900,0.44,15942.400030326098
5775,OK,66.200,0.44,15849.199960939586
5776,OK,66.700,0.44,15944.599988870323
5777,OK,86.100,0.44,15849.600022193044
5778,OK,74.800,0.44,15851.200034376234
5779,OK,84.700,0.44,15945.699997246265
5780,OK,64.900,0.44,15836.099977605045
5781,OK,87.800,0.44,15867.500042077154
5782,OK,91.900,0.44,15725.70001007989
5783,OK,84.300,0.44,15836.199978366494
5784,OK,82.800,0.44,15918.699966277927
5785,OK,67.600,0.44,15841.30001720041
5786,OK,84.800,0.44,15862.800006289035
5787,OK,75.100,0.44,15852.599986828864
5788,OK,78.800,0.44,15899.09999165684
5789,OK,85.500,0.44,15850.999974645674
5790,OK,82.000,0.44,15864.700020756572
5791,OK,66.700,0.44,15871.699957642704
5792,OK,148.500,0.44,15811.200020834804
5793,OK,102.400,0.44,15841.30001720041
5794,OK,84.300,0.44,15849.699964746833
5795,OK,86.800,0.44,15871.00001052022
5796,OK,87.200,0.44,15858.100028708577
5797,OK,88.200,0.44,15879.69996035099
5798,OK,92.100,0.44,15848.300012294203
5799,OK,86.100,0.44,15860.899991821498
5800,OK,88.500,0.44,15832.499950192869
5801,OK,103.300,0.44,15679.200005251914
5802,OK,88.500,0.44,15956.300019752234
5803,OK,80.100,0.44,15762.70000077784
5804,OK,87.200,0.44,15872.200019657612
5805,OK,83.400,0.44,15868.299989961088
5806,OK,73.800,0.44,15857.999969739467
5807,OK,70.700,0.44,15870.200004428625
5808,OK,72.000,0.44,15937.999996822327
5809,OK,86.300,0.44,15902.399958577007
5810,OK,70.100,0.44,15835.899976082146
5811,OK,97.700,0.44,15877.700003329664
5812,OK,97.900,0.44,15842.300024814904
5813,OK,66.800,0.44,15847.699949517846
5814,OK,86.500,0.44,15854.299999773502
5815,OK,84.600,0.44,15835.800033528358
5816,OK,61.100,0.44,15902.800019830465
5817,OK,55.400,0.44,15977.900009602308
5818,OK,69.800,0.44,15890.699985902756
5819,OK,71.100,0.44,15890.700044110417
5820,OK,65.300,0.44,15969.100000802428
5821,OK,69.800,0.44,15851.899981498718
5822,OK,77.400,0.44,15879.300015512854
5823,OK,135.000,0.44,15746.099990792572
5824,OK,64.700,0.44,15834.899968467653
5825,OK,69.100,0.44,15904.000028967857
5826,OK,56.100,0.44,15987.99997009337
5827,OK,148.400,0.44,15731.399995274842
5828,OK,80.200,0.44,15894.899959675968
5829,OK,63.400,0.44,15912.599978037179
5830,OK,72.700,0.44,15784.89999519661
5831,OK,82.000,0.44,15896.399971097708
5832,OK,64.700,0.44,15866.199973970652
5833,OK,63.000,0.44,15899.299993179739
5834,OK,79.500,0.44,15947.89995579049
5835,OK,56.100,0.44,15888.400026597083
5836,OK,58.400,0.44,15922.400052659214
5837,OK,123.000,0.44,15768.9000479877
5838,OK,86.300,0.44,15875.300043262541
5839,OK,71.400,0.44,15891.099988948554
5840,OK,59.500,0.44,15876.199991907924
5841,OK,56.500,0.44,15926.800027955323
5842,OK,58.500,0.44,15913.90004614368
5843,OK,62.400,0.44,15894.299955107272
5844,OK,64.400,0.44,15943.699982017279
5845,OK,104.100,0.44,15806.699986569583
5846,OK,88.900,0.44,15840.400010347366
5847,OK,78.300,0.44,15892.700001131743
5848,OK,80.100,0.44,15861.599997151643
5849,OK,61.300,0.44,15890.19998209551
5850,OK,56.700,0.44,15910.499962046742
5851,OK,84.600,0.44,15876.299992669374
5852,OK,84.600,0.44,15850.40002828464
5853,OK,77.400,0.44,15837.899991311133
5854,OK,66.400,0.44,16041.200025938451
5855,OK,160.100,0.44,15584.900043904781
5856,OK,82.900,0.44,15915.50000011921
5857,OK,72.400,0.44,15862.700005527586
5858,OK,97.800,0.44,15885.200002230704
5859,OK,62.000,0.44,15875.699988100678
5860,OK,59.700,0.44,15854.299999773502
5861,OK,58.500,0.44,15851.799980737269
5862,OK,48.900,0.44,15977.60000731796
5863,OK,53.500,0.44,15899.1000498645
5864,OK,57.200,0.44,15882.299980148673
5865,OK,51.400,0.44,15882.899984717369
5866,OK,52.700,0.44,15996.400034055114
5867,OK,53.800,0.44,15906.699991319329
5868,OK,58.400,0.44,15909.300011117011
5869,OK,56.700,0.44,15841.09995746985
5870,OK,47.900,0.44,15894.500014837831
5871,OK,51.400,0.44,16006.399993784726
5872,OK,55.200,0.44,15839.300001971424
5873,OK,53.500,0.44,15972.300025168806
5874,OK,51.400,0.44,15852.000040467829
5875,OK,69.100,0.44,15947.400010190904
5876,OK,49.100,0.44,15871.900017373264
5877,OK,50.500,0.44,15935.399977024645
5878,OK,46.900,0.44,15882.600040640682
5879,OK,48.200,0.44,15978.699957486242
5880,OK,48.600,0.44,15836.599981412292
5881,OK,49.100,0.44,15881.200029980391
5882,OK,67.900,0.44,15963.699959684163
5883,OK,55.800,0.44,15938.900003675371
5884,OK,57.900,0.44,15918.19996247068
5885,OK,83.000,0.44,15862.00000019744
5886,OK,77.600,0.44,15876.599994953722
5887,OK,60.100,0.44,15886.100009083748
5888,OK,49.300,0.44,15925.200015772134
5889,OK,55.400,0.44,15891.5999927558
5890,OK,57.600,0.44,15929.699991829693
5891,OK,60.100,0.44,15832.900011446327
5892,OK,55.500,0.44,15859.20003708452
5893,OK,55.100,0.44,15994.500019587576
5894,OK,50.200,0.44,15917.900018393993
5895,OK,48.200,0.44,15913.099981844425
5896,OK,75.600,0.44,15914.500050712377
5897,OK,85.800,0.44,15791.00004164502
5898,OK,58.800,0.44,15951.599983964115
5899,OK,105.600,0.44,15785.399999003857
5900,OK,48.100,0.44,15892.700001131743
5901,OK,89.400,0.44,15742.700023110956
5902,OK,75.900,0.44,15933.899965602905
5903,OK,52.800,0.44,15908.500005025417
5904,OK,50.700,0.44,15909.000008832663
5905,OK,61.500,0.44,15891.099988948554
5906,OK,45.800,0.44,15931.300004012883
5907,OK,51.000,0.44,15917.100012302399
5908,OK,53.900,0.44,15926.599968224764
5909,OK,51.600,0.44,15892.299998085946
5910,OK,51.100,0.44,15907.499997410923
5911,OK,52.100,0.44,15930.599998682737
5912,OK,48.500,0.44,15924.29995071143
5913,OK,60.900,0.44,15882.300038356334
5914,OK,62.600,0.44,15910.800022538751
5915,OK,60.400,0.44,15912.999981082976
5916,OK,58.200,0.44,15881.50003226474
5917,OK,48.200,0.44,15933.900023810565
5918,OK,53.300,0.44,15885.000000707805
5919,OK,44.800,0.44,15928.299981169403
5920,OK,45.100,0.44,15891.999995801598
5921,OK,48.100,0.44,15957.100025843829
5922,OK,46.700,0.44,15957.300027366728
5923,OK,46.500,0.44,15911.200025584549
5924,OK,46.700,0.44,15935.399977024645
5925,OK,52.100,0.44,15909.999958239496
5926,OK,52.500,0.44,15920.399979222566
5927,OK,52.300,0.44,15926.600026432425
5928,OK,65.600,0.44,15905.499982181937
5929,OK,55.800,0.44,15865.699970163405
5930,OK,49.800,0.44,15884.699998423457
5931,OK,39.400,0.44,15935.600036755204
5932,OK,122.100,0.44,15807.000047061592
5933,OK,47.900,0.44,15917.100012302399
5934,OK,50.500,0.44,15925.199957564473
5935,OK,54.700,0.44,15922.299993690103
5936,OK,59.200,0.44,15903.999970760196
5937,OK,57.700,0.44,15906.49998979643
5938,OK,57.200,0.44,15909.100009594113
5939,OK,50.600,0.44,15898.000041488558
5940,OK,47.100,0.44,15913.399984128773
5941,OK,119.100,0.44,15795.000013895333
5942,OK,52.000,0.44,15837.799990549684
5943,OK,36.400,0.44,15978.200011886656
5944,OK,37.300,0.44,15946.599945891649
5945,OK,53.200,0.44,15926.500025670975
5946,OK,39.800,0.44,15942.899975925684
5947,OK,40.600,0.44,16010.999970603734
5948,OK,109.700,0.44,15731.299994513392
5949,OK,61.900,0.44,15917.499957140535
5950,OK,45.600,0.44,15923.800005111843
5951,OK,42.800,0.44,15878.100006375462
5952,OK,46.200,0.44,15979.800024069846
5953,OK,50.300,0.44,15850.000025238842
5954,OK,63.000,0.44,15918.200020678341
5955,OK,70.800,0.44,15894.500014837831
5956,OK,98.400,0.44,15874.999982770532
5957,OK,73.800,0.44,15856.499958317727
5958,OK,90.800,0.44,15818.99996381253
5959,OK,82.800,0.44,15868.599992245436
5960,OK,80.300,0.44,15850.399970076978
5961,OK,77.800,0.44,15890.700044110417
5962,OK,78.300,0.44,15878.800011705607
5963,OK,84.100,0.44,15849.600022193044
5964,OK,82.300,0.44,15838.999999687076
5965,OK,63.500,0.44,15891.69999351725
5966,OK,87.100,0.44,15917.100012302399
5967,OK,82.400,0.44,15857.100021094084
5968,OK,92.200,0.44,15882.69998319447
5969,OK,104.600,0.44,15811.8000254035
5970,OK,115.300,0.44,15834.799967706203
5971,OK,96.600,0.44,15784.199989866465
5972,OK,89.000,0.44,15886.699955444783
5973,OK,65.700,0.44,15881.30003074184
5974,OK,85.800,0.44,15885.199944023043
5975,OK,65.700,0.44,15856.299956794828
5976,OK,81.900,0.44,15903.300023637712
5977,OK,63.400,0.44,15900.300000794232
5978,OK,67.800,0.44,15863.900014664978
5979,OK,68.700,0.44,15860.699990298599
5980,OK,83.800,0.44,15817.50001059845
5981,OK,61.000,0.44,15976.499998942018
5982,OK,148.200,0.44,15701.900003477931
5983,OK,71.900,0.44,15926.600026432425
5984,OK,65.900,0.44,15838.099992834032
5985,OK,51.000,0.44,15917.199954856187
5986,OK,48.200,0.44,15987.79996857047
5987,OK,51.700,0.44,15963.600017130375
5988,OK,56.100,0.44,15844.799985643476
5989,OK,53.000,0.44,15921.099984552711
5990,OK,55.700,0.44,15927.800035569817
5991,OK,49.300,0.44,15906.999993603677
5992,OK,48.200,0.44,15919.199970085174
5993,OK,54.700,0.44,15906.299988273531
5994,OK,49.700,0.44,15922.599995974451
5995,OK,55.300,0.44,15871.00001052022
5996,OK,58.200,0.44,15952.100045979023
5997,OK,63.900,0.44,15942.799975164235
5998,OK,52.000,0.44,15880.200022365898
5999,OK,54.100,0.44,15890.699985902756
6000,OK,54.600,0.44,15926.500025670975
6001,OK,59.900,0.44,15778.900007717311
6002,OK,50.800,0.44,15891.999995801598
6003,OK,94.400,0.44,15826.000017113984
6004,OK,61.100,0.44,15921.899990644306
6005,OK,48.800,0.44,15888.799971435219
6006,OK,44.100,0.44,15957.999974489212
6007,OK,47.600,0.44,15965.200029313564
6008,OK,68.500,0.44,15879.700018558651
6009,OK,65.100,0.44,15864.300017710775
6010,OK,75.300,0.44,15953.599999193102
6011,OK,60.500,0.44,15836.099977605045
6012,OK,71.300,0.44,15884.19999461621
6013,OK,46.700,0.44,15921.699989121407
6014,OK,42.700,0.44,15883.199987001717
6015,OK,46.500,0.44,16123.000008519739
6016,OK,48.900,0.44,15921.29998607561
6017,OK,54.300,0.44,15725.300007034093
6018,OK,54.200,0.44,15921.099984552711
6019,OK,49.900,0.44,15907.099994365126
6020,OK,46.700,0.44,16204.999992623925
6021,OK,52.600,0.44,15943.999984301627
6022,OK,52.700,0.44,15943.39997973293
6023,OK,66.900,0.44,15707.499987911433
6024,OK,103.800,0.44,15875.999990385026
6025,OK,88.000,0.44,15884.799999184906
6026,OK,103.100,0.44,16012.199979741126
6027,OK,111.400,0.44,16085.90001706034
6028,OK,152.800,0.44,15227.700001560152
6029,OK,81.700,0.44,15797.899977769703
6030,OK,104.400,0.44,15889.799979049712
6031,OK,156.400,0.44,15619.800018612295
6032,OK,52.800,0.44,15832.900011446327
6033,OK,40.800,0.44,15920.600038953125
6034,OK,33.800,0.44,16008.799953851849
6035,OK,42.900,0.44,15916.700009256601
6036,OK,48.300,0.44,15919.000026769936
6037,OK,82.800,0.44,15933.700022287667
6038,OK,49.700,0.44,15897.60003844276
6039,OK,55.200,0.44,15896.09996881336
6040,OK,71.600,0.44,15918.40002220124
6041,OK,49.400,0.44,15897.200035396963
6042,OK,46.400,0.44,15907.399996649474
6043,OK,40.500,0.44,15934.400027617812
6044,OK,43.100,0.44,15941.799967549741
6045,OK,44.400,0.44,15940.59995841235
6046,OK,67.200,0.44,16097.099985927343
6047,OK,78.900,0.44,15547.499991953373
6048,OK,44.000,0.44,16025.099961552769
6049,OK,44.200,0.44,15927.500033285469
6050,OK,47.100,0.44,15860.899991821498
6051,OK,47.800,0.44,15931.69994885102
6052,OK,91.200,0.44,15955.100010614842
6053,OK,59.700,0.44,15891.499991994351
6054,OK,55.600,0.44,15763.400006107986
6055,OK,65.600,0.44,15993.800014257431
6056,OK,51.900,0.44,15879.999962635338
6057,OK,39.200,0.44,15906.899992842227
6058,OK,31.900,0.44,15947.600011713803
6059,OK,36.300,0.44,15995.799971278757
6060,OK,41.600,0.44,15883.999993093312
6061,OK,69.400,0.44,15952.599991578609
6062,OK,43.300,0.44,15894.899959675968
6063,OK,69.100,0.44,15906.299988273531
6064,OK,57.900,0.44,15949.29996645078
6065,OK,57.200,0.44,15895.99996805191
6066,OK,55.700,0.44,15930.699999444187
6067,OK,63.400,0.44,15900.400001555681
6068,OK,51.000,0.44,15877.500001806766
6069,OK,48.400,0.44,15923.400002066046
6070,OK,51.400,0.44,15859.799983445555
6071,OK,48.700,0.44,15903.699968475848
6072,OK,42.500,0.44,15911.899972707033
6073,OK,61.700,0.44,15932.299953419715
6074,OK,46.400,0.44,15892.900002654642
6075,OK,61.500,0.44,15958.600037265569
6076,OK,89.600,0.44,15809.600008651614
6077,OK,68.300,0.44,15903.800027444959
6078,OK,80.900,0.44,15925.400017295033
6079,OK,66.900,0.44,15842.59996889159
6080,OK,55.500,0.44,15869.299997575581
6081,OK,46.000,0.44,15904.100029729307
6082,OK,39.900,0.44,15882.099978625774
6083,OK,64.300,0.44,15947.100007906556
6084,OK,55.200,0.44,15872.499963734299
6085,OK,50.900,0.44,15900.800004601479
6086,OK,43.300,0.44,15928.399981930852
6087,OK,44.900,0.44,15884.19999461621
6088,OK,50.400,0.44,15965.899976436049
6089,OK,50.200,0.44,15878.50000942126
6090,OK,49.400,0.44,15955.599956214428
6091,OK,92.600,0.44,15863.300010096282
6092,OK,78.100,0.44,15879.400016274303
6093,OK,125.900,0.44,15921.699989121407
6094,OK,101.900,0.44,15830.599993932992
6095,OK,59.900,0.44,15907.90000045672
6096,OK,59.600,0.44,15886.700013652444
6097,OK,57.600,0.44,15857.900027185678
6098,OK,58.900,0.44,15914.399991743267
6099,OK,61.400,0.44,15925.300016533583
6100,OK,55.100,0.44,15891.5999927558
6101,OK,56.100,0.44,15781.699970830232
6102,OK,54.500,0.44,15971.100016031414
6103,OK,53.900,0.44,15882.899984717369
6104,OK,52.000,0.44,15812.99997633323
6105,OK,64.100,0.44,15889.800037257373
6106,OK,59.000,0.44,15950.200031511486
6107,OK,65.200,0.44,15904.600033536553
6108,OK,66.400,0.44,15966.700040735304
6109,OK,55.900,0.44,15856.299956794828
6110,OK,51.100,0.44,15904.800035059452
6111,OK,54.700,0.44,15943.59998125583
6112,OK,51.300,0.44,15936.899988446385
6113,OK,55.800,0.44,15867.799986153841
6114,OK,51.100,0.44,15874.599979724735
6115,OK,51.700,0.44,15932.500013150275
6116,OK,48.700,0.44,15884.899999946356
6117,OK,49.600,0.44,15990.299987606704
6118,OK,47.500,0.44,15960.299992002547
6119,OK,67.000,0.44,15889.999980572611
6120,OK,63.900,0.44,15882.90004292503
6121,OK,56.500,0.44,15906.799992080778
6122,OK,53.400,0.44,15904.300031252205
6123,OK,52.000,0.44,15909.900015685707
6124,OK,49.600,0.44,15896.199969574809
6125,OK,58.600,0.44,15951.499983202666
6126,OK,55.700,0.44,15931.000001728535
6127,OK,114.300,0.44,15766.900032758713
6128,OK,55.800,0.44,15893.699950538576
6129,OK,55.200,0.44,15920.599980745465
6130,OK,54.500,0.44,15915.000054519624
6131,OK,68.000,0.44,15870.90000975877
6132,OK,114.000,0.44,15959.399985149503
6133,OK,57.500,0.44,15789.999975822866
6134,OK,51.200,0.44,15876.79999647662
6135,OK,45.100,0.44,15943.200036417693
6136,OK,40.700,0.44,15915.600000880659
6137,OK,41.000,0.44,15876.79999647662
6138,OK,59.300,0.44,15845.499990973622
6139,OK,67.600,0.44,15930.29999639839
6140,OK,45.800,0.44,15893.600007984787
6141,OK,69.800,0.44,15876.89999723807
6142,OK,57.100,0.44,15919.000026769936
6143,OK,47.800,0.44,15936.899988446385
6144,OK,60.200,0.44,15887.000015936792
6145,OK,59.000,0.44,15777.099994011223
6146,OK,48.900,0.44,15910.599962808192
6147,OK,65.900,0.44,15873.600030317903
6148,OK,32.100,0.44,15926.900028716773
6149,OK,82.800,0.44,15892.800001893193
6150,OK,53.900,0.44,15975.300048012286
6151,OK,66.200,0.44,15866.199973970652
6152,OK,72.800,0.44,15852.500044275075
6153,OK,73.400,0.44,15950.99997939542
6154,OK,54.800,0.44,15919.199970085174
6155,OK,56.800,0.44,15865.299967117608
6156,OK,65.400,0.44,15808.100055437535
6157,OK,56.600,0.44,16008.59995232895
6158,OK,52.300,0.44,15938.699943944812
6159,OK,60.900,0.44,15898.200043011457
6160,OK,65.300,0.44,15829.899988602847
6161,OK,57.500,0.44,15886.600012890995
6162,OK,51.600,0.44,15995.000023394823
6163,OK,56.800,0.44,15850.399970076978
6164,OK,114.100,0.44,15801.000001374632
6165,OK,48.700,0.44,15907.599998172373
6166,OK,42.500,0.44,15977.200004272163
6167,OK,50.400,0.44,15916.999953333288
6168,OK,54.700,0.44,15934.4999701716
6169,OK,59.100,0.44,15876.699995715171
6170,OK,46.400,0.44,15898.799989372492
6171,OK,46.600,0.44,15902.099956292659
6172,OK,133.100,0.44,15838.799998164177
6173,OK,71.300,0.44,15874.099975917488
6174,OK,42.500,0.44,15945.999999530613
6175,OK,58.900,0.44,15895.099961198866
6176,OK,44.100,0.44,15936.699986923486
6177,OK,47.900,0.44,15943.49998049438
6178,OK,55.100,0.44,15900.50000231713
6179,OK,50.700,0.44,15904.799976851791
6180,OK,47.500,0.44,15930.699999444187
6181,OK,50.500,0.44,15902.400016784668
6182,OK,106.900,0.44,15812.99997633323
6183,OK,43.700,0.44,15926.100022625178
6184,OK,43.200,0.44,15927.40003252402
6185,OK,42.400,0.44,15957.899973727763
6186,OK,44.500,0.44,15826.200018636882
6187,OK,55.900,0.44,15967.19998633489
6188,OK,56.000,0.44,15910.699963569641
6189,OK,92.400,0.44,15821.800043340772
6190,OK,72.700,0.44,15896.800032351166
6191,OK,79.000,0.44,15858.599974308163
6192,OK,73.800,0.44,15891.999995801598
6193,OK,76.300,0.44,15869.900002144277
6194,OK,79.700,0.44,15779.300010763109
6195,OK,85.100,0.44,15851.199976168573
6196,OK,82.100,0.44,15872.900024987757
6197,OK,75.200,0.44,15902.300016023219
6198,OK,77.600,0.44,15844.100038520992
6199,OK,80.700,0.44,15891.499991994351
6200,OK,77.700,0.44,15851.899981498718
6201,OK,90.000,0.44,15704.299963545054
6202,OK,110.500,0.44,15833.000012207776
6203,OK,90.900,0.44,15941.500023473054
6204,OK,89.200,0.44,15862.00000019744
6205,OK,102.200,0.44,15702.900011092424
6206,OK,76.400,0.44,15868.199989199638
6207,OK,79.200,0.44,15884.099993854761
6208,OK,79.000,0.44,15871.399955358356
6209,OK,83.200,0.44,15914.399991743267
6210,OK,60.700,0.44,15853.399992920458
6211,OK,54.700,0.44,15904.800035059452
6212,OK,82.100,0.44,15857.999969739467
6213,OK,77.900,0.44,15900.900005362928
6214,OK,85.300,0.44,15932.700014673173
6215,OK,119.700,0.44,15685.099991969764
6216,OK,111.000,0.44,15909.3999536708
6217,OK,75.200,0.44,15890.499984379858
6218,OK,108.300,0.44,15670.399996452034
6219,OK,73.500,0.44,15962.000004947186
6220,OK,60.100,0.44,15929.100045468658
6221,OK,54.100,0.44,15845.499990973622
6222,OK,65.400,0.44,15915.600000880659
6223,OK,66.500,0.44,15956.499963067472
6224,OK,54.500,0.44,15806.499985046685
6225,OK,52.100,0.44,16025.500022806227
6226,OK,49.600,0.44,15855.200006626546
6227,OK,73.600,0.44,15964.899968821555
6228,OK,94.000,0.44,15828.10003310442
6229,OK,60.400,0.44,15884.799999184906
6230,OK,54.700,0.44,15909.900015685707
6231,OK,56.400,0.44,15818.800020497292
6232,OK,58.100,0.44,15976.900001987815
6233,OK,60.300,0.44,15842.299966607243
6234,OK,55.400,0.44,15899.899997748435
6235,OK,56.300,0.44,15943.39997973293
6236,OK,115.200,0.44,15702.800010330975
6237,OK,56.200,0.44,16115.900012664497
6238,OK,68.500,0.44,15645.200037397444
6239,OK,48.900,0.44,16027.499979827553
6240,OK,33.900,0.44,15931.899950373918
6241,OK,47.600,0.44,15926.500025670975
6242,OK,36.300,0.44,15907.799999695271
6243,OK,40.400,0.44,16065.0999750942
6244,OK,44.500,0.44,15891.899995040148
6245,OK,36.400,0.44,15953.699999954551
6246,OK,65.000,0.44,15846.599999349564
6247,OK,91.200,0.44,15854.799945373088
6248,OK,54.100,0.44,15904.599975328892
6249,OK,58.400,0.44,15871.600015088916
6250,OK,46.000,0.44,16053.20000089705
6251,OK,97.300,0.44,15840.900014154613
6252,OK,73.900,0.44,15791.899990290403
6253,OK,66.000,0.44,15974.000038113445
6254,OK,66.200,0.44,15808.60000103712
6255,OK,61.600,0.44,16056.30002450198
6256,OK,60.400,0.44,15974.900044966489
6257,OK,76.800,0.44,15711.099957115948
6258,OK,99.800,0.44,15821.699984371662
6259,OK,111.900,0.44,15792.199992574751
6260,OK,71.600,0.44,15901.500009931624
6261,OK,90.400,0.44,15689.200023189187
6262,OK,63.100,0.44,15885.299944784492
6263,OK,48.700,0.44,16011.90003566444
6264,OK,48.500,0.44,15934.900031425059
6265,OK,51.100,0.44,15905.20003810525
6266,OK,69.800,0.44,15868.899994529784
6267,OK,57.300,0.44,15915.199997834861
6268,OK,82.100,0.44,15865.800029132515
6269,OK,64.600,0.44,15877.900004852563
6270,OK,89.900,0.44,15822.09998741746
6271,OK,82.100,0.44,15879.500017035753
6272,OK,106.600,0.44,15894.000011030585
6273,OK,58.800,0.44,15936.499985400587
6274,OK,61.400,0.44,15868.299989961088
6275,OK,76.200,0.44,15912.39997651428
6276,OK,62.700,0.44,15853.999997489154
6277,OK,61.600,0.44,15902.10001450032
6278,OK,81.200,0.44,15865.899971686304
6279,OK,64.800,0.44,15921.000041998923
6280,OK,71.800,0.44,15843.700035475194
6281,OK,78.400,0.44,15884.899999946356
6282,OK,87.900,0.44,15852.499986067414
6283,OK,64.200,0.44,15907.099994365126
6284,OK,72.700,0.44,15871.400013566017
6285,OK,90.800,0.44,15875.099983531982
6286,OK,84.100,0.44,15891.69999351725
6287,OK,58.300,0.44,15871.400013566017
6288,OK,86.800,0.44,15881.19997177273
6289,OK,78.400,0.44,15825.300011783838
6290,OK,62.000,0.44,15885.70000603795
6291,OK,54.200,0.44,15932.400012388825
6292,OK,59.400,0.44,15884.29999537766
6293,OK,76.600,0.44,15956.199960783124
6294,OK,91.000,0.44,15806.699986569583
6295,OK,58.900,0.44,15860.299987252802
6296,OK,69.700,0.44,15898.899990133941
6297,OK,82.700,0.44,15934.400027617812
6298,OK,59.000,0.44,15869.199996814132
6299,OK,54.300,0.44,15922.199992928654
6300,OK,61.100,0.44,15887.999965343624
6301,OK,65.300,0.44,15733.000007458031
6302,OK,79.500,0.44,15856.000012718141
6303,OK,74.100,0.44,15862.10000095889
6304,OK,62.300,0.44,15931.100002489984
6305,OK,84.300,0.44,15862.400003243238
6306,OK,85.300,0.44,15861.399995628744
6307,OK,61.600,0.44,15962.400007992983
6308,OK,63.500,0.44,15819.700027350336
6309,OK,62.100,0.44,15902.299957815558
6310,OK,57.800,0.44,15898.99999089539
6311,OK,121.200,0.44,15865.10002380237
6312,OK,85.500,0.44,15827.600029297173
6313,OK,96.000,0.44,15825.00000949949
6314,OK,103.800,0.44,15958.599979057908
6315,OK,109.400,0.44,15710.90001380071
6316,OK,115.900,0.44,15797.400032170117
6317,OK,65.000,0.44,15900.900005362928
6318,OK,84.400,0.44,15922.79999749735
6319,OK,109.900,0.44,15820.59997599572
6320,OK,129.700,0.44,15732.200001366436
6321,OK,85.800,0.44,15856.800018809736
6322,OK,85.500,0.44,15905.899985227734
6323,OK,99.500,0.44,15786.800009664148
6324,OK,66.900,0.44,15907.799999695271
6325,OK,121.200,0.44,15860.000043176115
6326,OK,107.800,0.44,15817.799954675138
6327,OK,57.200,0.44,15899.799996986985
6328,OK,59.800,0.44,15859.199978876859
6329,OK,73.500,0.44,15889.799979049712
6330,OK,65.400,0.44,15919.499972369522
6331,OK,62.400,0.44,15858.900034800172
6332,OK,83.400,0.44,15801.800007466227
6333,OK,79.600,0.44,15920.099976938218
6334,OK,60.600,0.44,15918.40002220124
6335,OK,62.200,0.44,15862.200001720339
6336,OK,77.700,0.44,15859.000035561621
6337,OK,95.700,0.44,15934.300026856363
6338,OK,99.100,0.44,15805.199975147843
6339,OK,87.000,0.44,15882.100036833435
6340,OK,69.300,0.44,15838.29999435693
6341,OK,67.400,0.44,15998.39999107644
6342,OK,58.000,0.44,15914.599993266165
6343,OK,58.800,0.44,15873.89997439459
6344,OK,65.500,0.44,15849.099960178137
6345,OK,61.400,0.44,15934.999973978847
6346,OK,57.600,0.44,15923.400002066046
6347,OK,61.500,0.44,15898.100042250007
6348,OK,62.100,0.44,15836.999984458089
6349,OK,58.100,0.44,15929.999994114041
6350,OK,93.000,0.44,15818.400017451495
6351,OK,62.200,0.44,15953.499998431653
6352,OK,68.300,0.44,15818.199957720935
6353,OK,98.800,0.44,15941.99996907264
6354,OK,59.800,0.44,15854.400000534952
6355,OK,63.400,0.44,15897.099976427853
6356,OK,60.400,0.44,15909.60001340136
6357,OK,82.100,0.44,15870.200004428625
6358,OK,54.300,0.44,15895.599965006113
6359,OK,56.700,0.44,15880.500024650246
6360,OK,50.000,0.44,15893.10000417754
6361,OK,47.000,0.44,15905.999985989183
6362,OK,55.800,0.44,15904.299973044544
6363,OK,58.100,0.44,15913.800045382231
6364,OK,63.000,0.44,15916.600008495152
6365,OK,58.900,0.44,15931.300004012883
6366,OK,66.300,0.44,15900.400001555681
6367,OK,103.800,0.44,15789.40002946183
6368,OK,77.500,0.44,15856.500016525388
6369,OK,74.900,0.44,15849.799965508282
6370,OK,81.800,0.44,15900.599944870919
6371,OK,65.800,0.44,15893.900010269135
6372,OK,86.600,0.44,15843.899978790432
6373,OK,66.800,0.44,15898.599987849593
6374,OK,66.200,0.44,15888.000023551285
6375,OK,69.900,0.44,15872.799966018647
6376,OK,70.000,0.44,15866.799978539348
6377,OK,55.300,0.44,15875.799988862127
6378,OK,69.700,0.44,15931.59994808957
6379,OK,87.600,0.44,15852.499986067414
6380,OK,76.400,0.44,15955.100010614842
6381,OK,83.600,0.44,15784.800052642822
6382,OK,88.600,0.44,15850.699972361326
6383,OK,89.700,0.44,15885.100001469254
6384,OK,61.100,0.44,15889.899979811162
6385,OK,62.800,0.44,15915.29999859631
6386,OK,80.700,0.44,15866.699977777898
6387,OK,123.400,0.44,15778.900007717311
6388,OK,68.100,0.44,15895.699965767562
6389,OK,71.600,0.44,15827.500028535724
6390,OK,66.700,0.44,15948.0000147596
6391,OK,67.500,0.44,15963.800018653274
6392,OK,153.800,0.44,15571.299998555332
6393,OK,63.800,0.44,15871.600015088916
6394,OK,63.200,0.44,15863.400010857731
6395,OK,61.600,0.44,15972.300025168806
6396,OK,82.900,0.44,15872.39996297285
6397,OK,65.100,0.44,15890.599985141307
6398,OK,73.000,0.44,15926.700027193874
6399,OK,62.900,0.44,15829.599986318499
6400,OK,55.300,0.44,15821.499982848763
6401,OK,51.600,0.44,16172.899981029332
6402,OK,88.700,0.44,15466.60001622513
6403,OK,99.000,0.44,15962.000004947186
6404,OK,120.600,0.44,15695.200010668486
6405,OK,66.000,0.44,15856.000012718141
6406,OK,72.400,0.44,15827.100025489926
6407,OK,147.400,0.44,15804.500028025359
6408,OK,249.200,0.44,15789.599972777069
6409,OK,101.800,0.44,15760.599984787405
6410,OK,103.800,0.44,15831.500000786036
6411,OK,106.400,0.44,15860.199986491352
6412,OK,85.500,0.44,15900.099999271333
6413,OK,124.300,0.44,15812.799974810332
6414,OK,80.300,0.44,15871.800016611814
6415,OK,112.000,0.44,15820.39997447282
6416,OK,78.400,0.44,15877.700003329664
6417,OK,147.200,0.44,15765.400021336973
6418,OK,111.600,0.44,15826.799964997917
6419,OK,134.100,0.44,15797.399973962456
6420,OK,77.100,0.44,15879.000013228506
6421,OK,75.500,0.44,15901.800012215972
6422,OK,98.300,0.44,15848.200011532754
6423,OK,128.600,0.44,15821.900044102222
6424,OK,93.000,0.44,15839.100000448525
6425,OK,64.200,0.44,16009.899962227792
6426,OK,70.500,0.44,15836.69998217374
6427,OK,59.500,0.44,15829.100040718913
6428,OK,61.200,0.44,15913.79998717457
6429,OK,63.800,0.44,15901.700011454523
6430,OK,54.000,0.44,15870.200004428625
6431,OK,66.700,0.44,15931.000001728535
6432,OK,141.800,0.44,15696.699963882565
6433,OK,52.100,0.44,15953.599999193102
6434,OK,50.300,0.44,15888.59996991232
6435,OK,60.300,0.44,15873.100026510656
6436,OK,72.600,0.44,15889.099973719567
6437,OK,81.500,0.44,15879.200014751405
6438,OK,72.800,0.44,15856.700018048286
6439,OK,65.200,0.44,15970.20000917837
6440,OK,83.700,0.44,15866.300032939762
6441,OK,110.300,0.44,15757.400018628687
6442,OK,83.800,0.44,15878.200007136911
6443,OK,69.500,0.44,16310.500039253384
6444,OK,88.700,0.44,15432.199987117201
6445,OK,61.400,0.44,15976.299997419119
6446,OK,76.200,0.44,15844.599984120578
6447,OK,83.200,0.44,15905.00003658235
6448,OK,62.600,0.44,15886.900015175343
6449,OK,52.200,0.44,15919.199970085174
6450,OK,55.900,0.44,15795.999963302165
6451,OK,105.700,0.44,15873.199969064444
6452,OK,76.800,0.44,15891.399991232902
6453,OK,122.100,0.44,15740.000002551824
6454,OK,89.100,0.44,15864.700020756572
6455,OK,58.600,0.44,15975.799993611872
6456,OK,62.400,0.44,15900.099999271333
6457,OK,59.600,0.44,15902.500017546117
6458,OK,63.400,0.44,15813.899983186275
6459,OK,57.800,0.44,15957.400028128177
6460,OK,79.900,0.44,15849.200019147247
6461,OK,53.500,0.44,15939.999953843653
6462,OK,60.200,0.44,15854.60000205785
6463,OK,154.500,0.44,16225.299972575158
6464,OK,88.600,0.44,15324.500040151179
6465,OK,75.300,0.44,15883.800049778074
6466,OK,75.700,0.44,15863.60001238063
6467,OK,81.700,0.44,15908.300003502518
6468,OK,66.900,0.44,15867.200039792806
6469,OK,85.700,0.44,15830.699994694442
6470,OK,65.400,0.44,15901.700011454523
6471,OK,84.400,0.44,15892.800001893193
6472,OK,93.400,0.44,15820.60003420338
6473,OK,67.700,0.44,15902.399958577007
6474,OK,99.700,0.44,16013.299988117069
6475,OK,86.700,0.44,19969.400018453598
6476,OK,102.300,0.44,15242.69999936223
6477,OK,72.100,0.44,29530.300002079457
6478,OK,97.000,0.44,19954.29996168241
6479,OK,75.800,0.44,19667.899992782623
6480,OK,84.400,0.44,33326.79998129606
6481,OK,85.600,0.44,32545.400026720017
6482,OK,86.700,0.44,31876.100052613765
6483,OK,97.800,0.44,33072.39996502176
6484,OK,85.100,0.44,11517.800041474402
6485,OK,67.300,0.44,8650.799980387092
6486,OK,129.000,0.44,14763.099956326187
6487,OK,86.700,0.44,15834.499965421855
6488,OK,78.700,0.44,15913.79998717457
6489,OK,87.300,0.44,20494.099997449666
6490,OK,95.200,0.44,11935.100017581135
6491,OK,88.800,0.44,15121.30000628531
6492,OK,106.400,0.44,22537.400014698505
6493,OK,88.800,0.44,17081.899975892156
6494,OK,75.300,0.44,7873.499998822808
6495,OK,61.500,0.44,15985.00000545755
6496,OK,157.500,0.44,15629.599976819009
6497,OK,96.200,0.44,15839.90000654012
6498,OK,89.500,0.44,15862.300002481788
6499,OK,90.800,0.44,15858.799975831062
6500,OK,89.600,0.44,15881.200029980391
6501,OK,98.700,0.44,15650.500019546598
6502,OK,69.400,0.44,15937.399992253631
6503,OK,145.200,0.44,15711.700019892305
6504,OK,95.700,0.44,15819.799969904125
6505,OK,91.700,0.44,15855.500008910894
6506,OK,108.200,0.44,15749.900019727647
6507,OK,56.300,0.44,15902.600018307567
6508,OK,50.900,0.44,15984.400000888854
6509,OK,54.800,0.44,15950.199973303825
6510,OK,135.500,0.44,15748.600009828806
6511,OK,79.300,0.44,15882.69998319447
6512,OK,72.400,0.44,15876.89999723807
6513,OK,88.300,0.44,15911.099966615438
6514,OK,73.200,0.44,15859.199978876859
6515,OK,55.300,0.44,15905.700041912496
6516,OK,53.800,0.44,15933.10001771897
6517,OK,62.000,0.44,15896.499971859157
6518,OK,60.800,0.44,15905.00003658235
6519,OK,139.200,0.44,15786.699950695038
6520,OK,142.000,0.44,15729.499980807304
6521,OK,87.600,0.44,15838.099992834032
6522,OK,55.900,0.44,15902.599960099906
6523,OK,54.400,0.44,15892.499999608845
6524,OK,42.200,0.44,15927.899978123605
6525,OK,41.400,0.44,15868.599992245436
6526,OK,41.400,0.44,15969.000000040978
6527,OK,49.200,0.44,15987.099963240325
6528,OK,135.400,0.44,15738.899994175881
6529,OK,67.400,0.44,15868.700051214546
6530,OK,95.200,0.44,15845.299989450723
6531,OK,71.600,0.44,15872.999967541546
6532,OK,98.000,0.44,15825.500013306737
6533,OK,71.500,0.44,15851.59997921437
6534,OK,77.700,0.44,15926.399966701865
6535,OK,71.300,0.44,15853.19999139756
6536,OK,61.500,0.44,15916.700009256601
6537,OK,73.200,0.44,15941.89996831119
6538,OK,73.800,0.44,15878.800011705607
6539,OK,62.100,0.44,15825.899958144873
6540,OK,66.500,0.44,15861.799998674542
6541,OK,83.500,0.44,15998.999995645136
6542,OK,143.500,0.44,15620.099962688982
6543,OK,88.300,0.44,15844.599984120578
6544,OK,58.700,0.44,16044.499992858618
6545,OK,49.100,0.44,15786.700008902699
6546,OK,80.100,0.44,15920.399979222566
6547,OK,63.500,0.44,15822.500048670918
6548,OK,76.900,0.44,15894.70001636073
6549,OK,69.700,0.44,15848.200011532754
6550,OK,65.500,0.44,15913.299983367324
6551,OK,36.700,0.44,15901.599952485412
6552,OK,59.600,0.44,15978.000010363758
6553,OK,61.800,0.44,15871.399955358356
6554,OK,58.600,0.44,15862.600004766136
6555,OK,69.700,0.44,15987.300022970885
6556,OK,59.600,0.44,15832.800010684878
6557,OK,77.400,0.44,15962.600009515882
6558,OK,57.700,0.44,15939.400007482618
6559,OK,98.200,0.44,15654.299990274012
6560,OK,37.800,0.44,15927.399974316359
6561,OK,59.000,0.44,15288.70000038296
6562,OK,63.500,0.44,15942.600031848997
6563,OK,54.400,0.44,15890.899987425655
6564,OK,57.500,0.44,15848.100010771304
6565,OK,53.500,0.44,15942.599973641336
6566,OK,75.900,0.44,15883.699990808964
6567,OK,75.600,0.44,15880.300023127347
6568,OK,58.800,0.44,16048.600024078041
6569,OK,94.600,0.44,15816.900006029755
6570,OK,105.000,0.44,15736.399975139648
6571,OK,67.800,0.44,15834.599966183305
6572,OK,77.800,0.44,15852.699987590313
6573,OK,66.700,0.44,15891.199989710003
6574,OK,75.100,0.44,15920.200035907328
6575,OK,79.900,0.44,15882.600040640682
6576,OK,80.900,0.44,15850.900032091886
6577,OK,84.900,0.44,15890.399983618408
6578,OK,86.700,0.44,15870.700008235872
6579,OK,94.700,0.44,15850.700030568987
6580,OK,70.100,0.44,15821.199980564415
6581,OK,58.200,0.44,16017.000016290694
6582,OK,66.300,0.44,15792.899997904897
6583,OK,83.800,0.44,15812.300029210746
6584,OK,53.600,0.44,15922.499995213002
6585,OK,80.300,0.44,15888.300025835633
6586,OK,61.500,0.44,15951.299981679767
6587,OK,63.500,0.44,15879.200014751405
6588,OK,61.600,0.44,15868.499991483986
6589,OK,63.000,0.44,15873.90003260225
6590,OK,77.800,0.44,15877.500001806766
6591,OK,59.800,0.44,15902.600018307567
6592,OK,88.700,0.44,15911.999973468482
6593,OK,74.800,0.44,15839.200001209974
6594,OK,60.500,0.44,15875.39998581633
6595,OK,51.900,0.44,15919.400029815733
6596,OK,73.200,0.44,15864.300017710775
6597,OK,81.500,0.44,15856.10001347959
6598,OK,74.000,0.44,15883.599990047514
6599,OK,79.100,0.44,15879.500017035753
6600,OK,61.400,0.44,15859.899984207004
6601,OK,76.200,0.44,15708.699997048825
6602,OK,52.300,0.44,15974.099980667233
6603,OK,74.900,0.44,15925.499959848821
6604,OK,82.400,0.44,15801.000001374632
6605,OK,88.000,0.44,15613.699972163886
6606,OK,108.900,0.44,15873.600030317903
6607,OK,147.600,0.44,15887.40001898259
6608,OK,88.300,0.44,15765.400021336973
6609,OK,128.600,0.44,15859.599981922656
6610,OK,61.500,0.44,15871.00001052022
6611,OK,95.100,0.44,15799.599990714341
6612,OK,67.600,0.44,15862.300002481788
6613,OK,94.700,0.44,15840.399952139705
6614,OK,59.700,0.44,15886.799956206232
6615,OK,62.800,0.44,15879.500017035753
6616,OK,43.900,0.44,15972.700028214604
6617,OK,48.900,0.44,15917.200013063848
6618,OK,80.700,0.44,15832.100005354732
6619,OK,55.200,0.44,15933.399961795658
6620,OK,59.300,0.44,15964.000020176172
6621,OK,69.700,0.44,15920.00003438443
6622,OK,60.300,0.44,15822.999994270504
6623,OK,92.600,0.44,15880.599967204034
6624,OK,82.000,0.44,15854.299999773502
6625,OK,47.100,0.44,15879.69996035099
6626,OK,68.900,0.44,15951.200039125979
6627,OK,69.100,0.44,15827.400027774274
6628,OK,78.900,0.44,15901.600010693073
6629,OK,53.900,0.44,15882.500039879233
6630,OK,66.200,0.44,15918.19996247068
6631,OK,59.500,0.44,15865.899971686304
6632,OK,62.500,0.44,15953.800000716
6633,OK,71.600,0.44,15915.600000880659
6634,OK,93.800,0.44,15827.200026251376
6635,OK,73.000,0.44,15850.299969315529
6636,OK,76.200,0.44,15877.400001045316
6637,OK,61.500,0.44,15928.099979646504
6638,OK,77.600,0.44,15841.100015677512
6639,OK,56.800,0.44,15908.700006548315
6640,OK,57.700,0.44,15887.499961536378
6641,OK,68.600,0.44,15850.500029046088
6642,OK,86.600,0.44,15950.100030750036
6643,OK,69.300,0.44,15865.800029132515
6644,OK,67.000,0.44,15916.9000107795
6645,OK,63.000,0.44,15881.800034549087
6646,OK,83.800,0.44,15901.500009931624
6647,OK,87.100,0.44,15821.000037249178
6648,OK,78.500,0.44,15943.200036417693
6649,OK,70.600,0.44,15889.800037257373
6650,OK,61.900,0.44,15894.200012553483
6651,OK,62.600,0.44,15820.59997599572
6652,OK,88.900,0.44,15913.79998717457
6653,OK,78.500,0.44,15728.59997395426
6654,OK,60.200,0.44,15934.59997093305
6655,OK,57.500,0.44,15922.299993690103
6656,OK,62.400,0.44,15910.000016447157
6657,OK,54.600,0.44,15762.90000230074
6658,OK,54.000,0.44,15957.299969159067
6659,OK,61.000,0.44,15945.999999530613
6660,OK,55.200,0.44,15892.099996563047
6661,OK,71.600,0.44,15883.599990047514
6662,OK,89.000,0.44,15881.19997177273
6663,OK,61.200,0.44,15903.899969998747
6664,OK,65.600,0.44,15832.200006116182
6665,OK,86.500,0.44,15910.89996509254
6666,OK,62.900,0.44,15835.300029721111
6667,OK,88.800,0.44,15876.699995715171
6668,OK,58.400,0.44,15898.199984803796
6669,OK,66.900,0.44,15854.900004342198
6670,OK,99.800,0.44,15946.300001814961
6671,OK,97.400,0.44,15835.700032766908
6672,OK,67.600,0.44,15835.900034289807
6673,OK,72.200,0.44,15856.20001424104
6674,OK,60.100,0.44,15903.799969237298
6675,OK,79.800,0.44,15914.499992504716
6676,OK,87.600,0.44,15873.89997439459
6677,OK,74.400,0.44,15882.499981671572
6678,OK,62.800,0.44,15899.899997748435
6679,OK,82.900,0.44,15869.39999833703
6680,OK,59.900,0.44,15849.399962462485
6681,OK,55.100,0.44,15882.899984717369
6682,OK,49.900,0.44,15916.599950287491
6683,OK,54.500,0.44,15908.899949863553
6684,OK,54.700,0.44,15951.699984725565
6685,OK,65.300,0.44,15847.20000391826
6686,OK,82.400,0.44,15910.499962046742
6687,OK,58.300,0.44,15903.000021353364
6688,OK,60.900,0.44,15901.399950962514
6689,OK,72.000,0.44,15897.799981757998
6690,OK,72.400,0.44,15886.700013652444
6691,OK,61.800,0.44,15871.300012804568
6692,OK,56.900,0.44,15850.499970838428
6693,OK,61.800,0.44,15993.500011973083
6694,OK,125.100,0.44,15819.600026588887
6695,OK,60.900,0.44,15944.499988108873
6696,OK,92.900,0.44,15808.299998752773
6697,OK,165.700,0.44,15713.000029791147
6698,OK,96.400,0.44,15812.099969480187
6699,OK,67.800,0.44,15938.299999106675
6700,OK,100.200,0.44,15730.399987660348
6701,OK,157.900,0.44,15739.299997221678
6702,OK,130.500,0.44,15727.40002302453
6703,OK,82.700,0.44,15914.899995550513
6704,OK,72.700,0.44,15820.899978280067
6705,OK,105.300,0.44,15927.40003252402
6706,OK,52.400,0.44,15880.499966442585
6707,OK,73.700,0.44,15837.500046472996
6708,OK,78.800,0.44,15865.199966356158
6709,OK,56.400,0.44,15969.600004609674
6710,OK,66.100,0.44,15834.500023629516
6711,OK,89.600,0.44,15842.899971175939
6712,OK,59.100,0.44,15894.299955107272
6713,OK,59.900,0.44,15913.400042336434
6714,OK,82.100,0.44,15937.999996822327
6715,OK,73.800,0.44,15850.09996779263
6716,OK,118.300,0.44,15785.900002811104
6717,OK,73.000,0.44,15959.100041072816
6718,OK,107.200,0.44,15792.2999933362
6719,OK,82.700,0.44,15875.300043262541
6720,OK,70.000,0.44,15884.599997662008
6721,OK,65.300,0.44,15896.199969574809
6722,OK,69.500,0.44,15881.499974057078
6723,OK,65.100,0.44,15880.700026173145
6724,OK,63.600,0.44,15885.999950114638
6725,OK,81.400,0.44,15939.10000519827
6726,OK,73.300,0.44,15829.099982511252
6727,OK,56.500,0.44,15921.29998607561
6728,OK,131.600,0.44,15761.099988594651
6729,OK,67.200,0.44,15865.900029893965
6730,OK,71.000,0.44,15892.600000370294
6731,OK,55.900,0.44,15905.09997913614
6732,OK,86.500,0.44,15983.39999327436
6733,OK,61.600,0.44,15870.000002905726
6734,OK,60.500,0.44,15926.000021863729
6735,OK,65.900,0.44,15849.699964746833
6736,OK,54.000,0.44,15923.800005111843
6737,OK,58.300,0.44,15890.999988187104
6738,OK,141.300,0.44,15722.400043159723
6739,OK,91.600,0.44,15936.599986162037
6740,OK,64.800,0.44,15805.999981239438
6741,OK,56.500,0.44,15900.800004601479
6742,OK,48.800,0.44,15914.899995550513
6743,OK,48.300,0.44,15924.599952995777
6744,OK,75.800,0.44,15955.40001289919
6745,OK,69.300,0.44,15932.300011627376
6746,OK,59.500,0.44,15888.199966866523
6747,OK,62.900,0.44,15884.599997662008
6748,OK,58.700,0.44,15858.199971262366
6749,OK,102.100,0.44,15830.99999697879
6750,OK,56.100,0.44,15909.799956716597
6751,OK,55.400,0.44,15901.300008408725
6752,OK,75.700,0.44,15916.100004687905
6753,OK,54.100,0.44,15917.899960186332
6754,OK,146.600,0.44,15774.69997573644
6755,OK,69.500,0.44,15824.500005692244
6756,OK,55.600,0.44,15895.300020929426
6757,OK,88.400,0.44,15848.70001534
6758,OK,92.900,0.44,15858.500031754375
6759,OK,92.200,0.44,15839.59994604811
6760,OK,74.200,0.44,15891.5999927558
6761,OK,63.000,0.44,15893.900010269135
6762,OK,76.000,0.44,15878.200007136911
6763,OK,86.300,0.44,15860.999992582947
6764,OK,64.100,0.44,15916.600008495152
6765,OK,85.900,0.44,15879.600017797202
6766,OK,114.700,0.44,16812.00001621619
6767,OK,113.800,0.44,14793.000009376556
6768,OK,85.300,0.44,15845.599991735071
6769,OK,82.400,0.44,15846.400056034327
6770,OK,85.600,0.44,15832.900011446327
6771,OK,86.500,0.44,15868.799993768334
6772,OK,105.200,0.44,15847.000002395362
6773,OK,105.700,0.44,15826.49996271357
6774,OK,103.800,0.44,15829.199983272702
6775,OK,103.100,0.44,15871.10001128167
6776,OK,84.000,0.44,15886.200009845197
6777,OK,85.900,0.44,15827.100025489926
6778,OK,69.900,0.44,22722.500027157366
6779,OK,94.200,0.44,31276.90003020689
6780,OK,85.400,0.44,32255.099969916046
6781,OK,80.800,0.44,28208.50000716746
6782,OK,118.800,0.44,12754.99997427687
6783,OK,98.400,0.44,15864.800021518022
6784,OK,85.500,0.44,15867.499983869493
6785,OK,87.800,0.44,15913.79998717457
6786,OK,84.900,0.44,28339.300013612956
6787,OK,89.100,0.44,13105.800026096404
6788,OK,138.600,0.44,21769.29998677224
6789,OK,130.300,0.44,16063.699964433908
6790,OK,89.500,0.44,22637.000016402453
6791,OK,115.000,0.44,10215.500020422041
6792,OK,84.800,0.44,14578.100002836436
6793,OK,63.600,0.44,15913.99998869747
6794,OK,79.100,0.44,15896.699973382056
6795,OK,104.500,0.44,15835.100028198212
6796,OK,98.900,0.44,16016.700014006346
6797,OK,88.300,0.44,15694.900008384138
6798,OK,86.400,0.44,15818.699961528182
6799,OK,65.600,0.44,15905.800042673945
6800,OK,84.300,0.44,15842.59996889159
6801,OK,89.300,0.44,15751.499973703176
6802,OK,89.600,0.44,16088.200034573674
6803,OK,230.200,0.44,15505.600022152066
6804,OK,86.200,0.44,15729.400038253516
6805,OK,88.500,0.44,15804.100024979562
6806,OK,49.500,0.44,15990.99999293685
6807,OK,174.000,0.44,15695.000009145588
6808,OK,108.500,0.44,15806.799987331033
6809,OK,88.900,0.44,15934.999973978847
6810,OK,58.500,0.44,15895.200020167977
6811,OK,64.900,0.44,7902.900048065931
6812,OK,54.600,0.44,15820.70003496483
6813,OK,74.900,0.44,15882.300038356334
6814,OK,64.300,0.44,15848.000010009855
6815,OK,51.800,0.44,21256.39998121187
6816,OK,184.800,0.44,26356.39999061823
6817,OK,53.300,0.44,15913.90004614368
6818,OK,44.200,0.44,15941.700024995953
6819,OK,52.300,0.44,15967.899991665035
6820,OK,60.000,0.44,15879.300015512854
6821,OK,69.200,0.44,15943.999984301627
6822,OK,64.600,0.44,15888.300025835633
6823,OK,89.700,0.44,15828.899980988353
6824,OK,95.700,0.44,15837.699989788234
6825,OK,78.200,0.44,15781.699970830232
6826,OK,76.800,0.44,15860.999992582947
6827,OK,63.400,0.44,15995.40002644062
6828,OK,87.100,0.44,15791.499987244606
6829,OK,60.100,0.44,15901.600010693073
6830,OK,60.600,0.44,15844.200039282441
6831,OK,74.200,0.44,15942.599973641336
6832,OK,54.000,0.44,15951.999987009913
6833,OK,70.800,0.44,15898.399986326694
6834,OK,59.000,0.44,15927.100030239671
6835,OK,120.000,0.44,15752.49998131767
6836,OK,124.300,0.44,15802.399953827262
6837,OK,77.300,0.44,15943.999984301627
6838,OK,62.300,0.44,15882.200037594885
6839,OK,54.100,0.44,15928.899985738099
6840,OK,59.000,0.44,15909.200010355562
6841,OK,57.800,0.44,15887.499961536378
6842,OK,57.000,0.44,15913.200040813535
6843,OK,85.900,0.44,15746.999997645617
6844,OK,55.300,0.44,15962.300007231534
6845,OK,52.500,0.44,15933.500020764768
6846,OK,63.000,0.44,15867.199981585145
6847,OK,52.100,0.44,16017.200017813593
6848,OK,105.000,0.44,15905.09997913614
6849,OK,74.500,0.44,15610.400005243719
6850,OK,59.600,0.44,15882.79998395592
6851,OK,51.800,0.44,15963.200014084578
6852,OK,54.800,0.44,15900.50000231713
6853,OK,77.700,0.44,15870.200004428625
6854,OK,52.300,0.44,15901.900012977421
6855,OK,66.900,0.44,15928.90004394576
6856,OK,57.000,0.44,15878.100006375462
6857,OK,50.900,0.44,15893.20000493899
6858,OK,56.900,0.44,15976.800001226366
6859,OK,59.400,0.44,15925.200015772134
6860,OK,66.100,0.44,15896.399971097708
6861,OK,77.900,0.44,15850.100026000291
6862,OK,72.100,0.44,15856.300015002489
6863,OK,47.300,0.44,15931.500005535781
6864,OK,55.800,0.44,15911.599970422685
6865,OK,41.100,0.44,15933.19996027276
6866,OK,48.600,0.44,15929.599991068244
6867,OK,47.500,0.44,15906.999993603677
6868,OK,48.700,0.44,15939.400007482618
6869,OK,47.200,0.44,15964.900027029216
6870,OK,65.700,0.44,15875.099983531982
6871,OK,73.600,0.44,15875.899989623576
6872,OK,149.900,0.44,15709.100000094622
6873,OK,73.800,0.44,15816.500002983958
6874,OK,61.200,0.44,15901.200007647276
6875,OK,54.500,0.44,15953.099995385855
6876,OK,71.800,0.44,15916.200005449355
6877,OK,62.200,0.44,15863.300010096282
6878,OK,65.500,0.44,15921.999991405755
6879,OK,57.400,0.44,15884.499996900558
6880,OK,58.400,0.44,15876.499994192272
6881,OK,85.300,0.44,15861.099993344396
6882,OK,79.200,0.44,15831.700002308935
6883,OK,94.900,0.44,15939.900011289865
6884,OK,63.200,0.44,15891.999995801598
6885,OK,79.700,0.44,15846.900001633912
6886,OK,79.600,0.44,15806.700044777244
6887,OK,62.600,0.44,15969.200001563877
6888,OK,61.200,0.44,15846.900001633912
6889,OK,79.500,0.44,15881.499974057078
6890,OK,74.000,0.44,15877.500001806766
6891,OK,92.000,0.44,15881.599974818528
6892,OK,61.000,0.44,15856.900019571185
6893,OK,77.200,0.44,15884.39999613911
6894,OK,55.800,0.44,15894.100011792034
6895,OK,75.300,0.44,15929.699991829693
6896,OK,59.100,0.44,15922.79999749735
6897,OK,63.500,0.44,15885.200002230704
6898,OK,60.800,0.44,15835.900034289807
6899,OK,55.300,0.44,15891.5999927558
6900,OK,44.200,0.44,15965.5999741517
6901,OK,51.000,0.44,15800.499997567385
6902,OK,86.300,0.44,41917.29996819049
6903,OK,95.800,0.44,48884.599993471056
6904,OK,155.500,0.44,4643.600026611239
6905,OK,103.200,0.44,15804.20002574101
6906,OK,69.300,0.44,18604.899989441037
6907,OK,88.900,0.44,13120.300020091236
6908,OK,51.300,0.44,15921.499987598509
6909,OK,60.900,0.44,15891.999995801598
6910,OK,61.600,0.44,15880.100021604449
6911,OK,56.200,0.44,15960.599994286895
6912,OK,59.700,0.44,15874.900040216744
6913,OK,54.000,0.44,15937.199990730733
6914,OK,91.800,0.44,15908.300003502518
6915,OK,59.900,0.44,15848.70001534
6916,OK,78.200,0.44,15847.900009248406
6917,OK,52.400,0.44,15857.699967455119
6918,OK,48.400,0.44,15895.500022452325
6919,OK,75.700,0.44,15883.799991570413
6920,OK,50.800,0.44,15980.100026354194
6921,OK,54.200,0.44,19224.599993322045
6922,OK,111.000,0.44,12462.300015613437
6923,OK,84.900,0.44,15846.500056795776
6924,OK,90.700,0.44,15856.800018809736
6925,OK,91.400,0.44,15871.00001052022
6926,OK,109.300,0.44,15797.500032931566
6927,OK,98.900,0.44,15904.200030490756
6928,OK,70.500,0.44,15865.10002380237
6929,OK,85.800,0.44,15815.699996892363
6930,OK,101.100,0.44,16172.799980267882
6931,OK,120.000,0.44,15524.899994488806
6932,OK,56.600,0.44,15850.599971599877
6933,OK,59.600,0.44,15928.299981169403
6934,OK,47.400,0.44,15902.799961622804
6935,OK,59.300,0.44,15931.400004774332
6936,OK,58.000,0.44,15842.100023292005
6937,OK,64.000,0.44,15949.999971780926
6938,OK,66.300,0.44,15920.299978461117
6939,OK,71.600,0.44,15902.300016023219
6940,OK,77.800,0.44,15819.199965335429
6941,OK,73.300,0.44,15872.699965257198
6942,OK,75.800,0.44,15912.700037006289
6943,OK,60.900,0.44,15909.800014924258
6944,OK,61.700,0.44,15852.699987590313
6945,OK,81.600,0.44,15888.70002888143
6946,OK,83.100,0.44,15849.199960939586
6947,OK,53.900,0.44,15890.599985141307
6948,OK,45.700,0.44,16018.200025428087
6949,OK,68.100,0.44,16549.69999799505
6950,OK,158.000,0.44,15020.49999544397
6951,OK,59.000,0.44,15860.899991821498
6952,OK,65.800,0.44,15908.600005786866
6953,OK,79.100,0.44,15866.900037508458
6954,OK,90.900,0.44,15905.300038866699
6955,OK,80.500,0.44,15810.700017027557
6956,OK,66.400,0.44,15908.500005025417
6957,OK,93.200,0.44,15890.799986664206
6958,OK,65.500,0.44,15865.799970924854
6959,OK,55.800,0.44,15910.700021777302
6960,OK,52.300,0.44,15868.999995291233
6961,OK,68.900,0.44,15920.399979222566
6962,OK,58.600,0.44,15918.100019916892
6963,OK,64.900,0.44,15890.20004030317
6964,OK,70.900,0.44,15870.89995155111
6965,OK,89.600,0.44,15874.499978963286
6966,OK,66.000,0.44,15879.400016274303
6967,OK,69.300,0.44,15871.499956119806
6968,OK,68.300,0.44,15881.999977864325
6969,OK,78.600,0.44,15902.299957815558
6970,OK,88.200,0.44,15832.700009923428
6971,OK,53.600,0.44,15928.59998345375
6972,OK,57.800,0.44,15877.500001806766
6973,OK,58.600,0.44,15951.099980156869
6974,OK,63.700,0.44,15853.100048843771
6975,OK,85.800,0.44,15855.800011195242
6976,OK,66.300,0.44,15858.200029470026
6977,OK,53.700,0.44,15966.999984811991
6978,OK,65.700,0.44,15891.899995040148
6979,OK,92.700,0.44,15811.400022357702
6980,OK,60.500,0.44,15897.999983280897
6981,OK,106.800,0.44,15833.400015253574
6982,OK,96.800,0.44,15827.100025489926
6983,OK,93.300,0.44,15845.200046896935
6984,OK,78.000,0.44,15871.300012804568
6985,OK,88.200,0.44,15930.699999444187
6986,OK,51.900,0.44,15848.200011532754
6987,OK,71.200,0.44,15930.499997921288
6988,OK,58.300,0.44,15867.000038269907
6989,OK,57.300,0.44,15910.200017970055
6990,OK,67.600,0.44,15926.199965178967
6991,OK,91.700,0.44,15817.200008314103
6992,OK,83.000,0.44,15863.400010857731
6993,OK,88.500,0.44,15863.50001161918
6994,OK,93.800,0.44,15862.200001720339
6995,OK,104.400,0.44,15816.600003745407
6996,OK,100.800,0.44,15807.900053914636
6997,OK,80.100,0.44,15903.100022114813
6998,OK,92.600,0.44,16799.000033643097
6999,OK,122.600,0.44,14853.899949230254
7000,OK,95.700,0.44,15858.699975069612
7001,OK,128.400,0.44,15664.300008211285
7002,OK,95.800,0.44,15770.000056363642
7003,OK,79.600,0.44,16020.60004370287
7004,OK,71.300,0.44,15807.599993422627
7005,OK,73.000,0.44,15856.599959079176
7006,OK,86.900,0.44,15830.000047571957
7007,OK,66.000,0.44,15843.099972698838
7008,OK,139.400,0.44,15815.799997653812
7009,OK,123.600,0.44,15797.599975485355
7010,OK,68.700,0.44,15863.000007811934
7011,OK,81.800,0.44,15853.399992920458
7012,OK,80.100,0.44,15879.100013989955
7013,OK,76.400,0.44,15887.699963059276
7014,OK,63.000,0.44,15845.79999325797
7015,OK,52.200,0.44,15946.300001814961
7016,OK,48.600,0.44,15895.099961198866
7017,OK,56.800,0.44,15894.400014076382
7018,OK,57.800,0.44,15893.699950538576
7019,OK,60.700,0.44,15904.200030490756
7020,OK,68.300,0.44,15855.000005103648
7021,OK,80.200,0.44,15872.699965257198
7022,OK,79.800,0.44,15939.499950036407
7023,OK,83.700,0.44,15848.799957893789
7024,OK,75.600,0.44,15882.199979387224
7025,OK,61.100,0.44,15891.999995801598
7026,OK,81.700,0.44,15860.4999887757
7027,OK,75.000,0.44,15956.500021275133
7028,OK,117.200,0.44,16418.799990788102
7029,OK,164.800,0.44,15131.000021938235
7030,OK,75.300,0.44,15729.299979284406
7031,OK,102.000,0.44,15840.800013393164
7032,OK,74.600,0.44,15855.200006626546
7033,OK,56.700,0.44,15921.499987598509
7034,OK,72.900,0.44,15843.799978028983
7035,OK,64.000,0.44,15942.799975164235
7036,OK,55.300,0.44,15895.200020167977
7037,OK,48.400,0.44,15944.99999191612
7038,OK,84.400,0.44,15784.89999519661
7039,OK,98.200,0.44,15901.800012215972
7040,OK,43.100,0.44,15909.000008832663
7041,OK,33.900,0.44,15932.899957988411
7042,OK,41.100,0.44,15938.200056552887
7043,OK,38.700,0.44,15948.600019328296
7044,OK,47.600,0.44,15930.599998682737
7045,OK,45.500,0.44,15904.800035059452
7046,OK,39.900,0.44,15971.80002136156
7047,OK,48.900,0.44,15871.500014327466
7048,OK,56.400,0.44,15930.699999444187
7049,OK,140.600,0.44,15740.000002551824
7050,OK,96.000,0.44,15837.599989026785
7051,OK,81.900,0.44,15915.50000011921
7052,OK,88.300,0.44,15843.200031667948
7053,OK,84.300,0.44,15809.100004844368
7054,OK,105.700,0.44,15840.400010347366
7055,OK,71.100,0.44,16066.59998651594
7056,OK,158.500,0.44,15708.299994003028
7057,OK,110.200,0.44,15800.299996044487
7058,OK,124.200,0.44,15839.500003494322
7059,OK,130.400,0.44,15816.800005268306
7060,OK,117.900,0.44,15667.100029531866
7061,OK,99.000,0.44,15845.899994019419
7062,OK,90.400,0.44,15818.200015928596
7063,OK,90.200,0.44,15859.999984968454
7064,OK,109.100,0.44,15860.699990298599
7065,OK,122.700,0.44,15767.399978358299
7066,OK,85.300,0.44,15896.600030828267
7067,OK,92.600,0.44,15837.999992072582
7068,OK,91.100,0.44,15864.100016187876
7069,OK,89.500,0.44,15851.899981498718
7070,OK,85.900,0.44,15839.69994680956
7071,OK,68.500,0.44,15902.10001450032
7072,OK,87.100,0.44,25454.299990087748
7073,OK,86.300,0.44,8201.099990401417
7074,OK,84.600,0.44,13852.100004442036
7075,OK,68.400,0.44,15920.899983029813
7076,OK,87.200,0.44,15847.800008486956
7077,OK,88.800,0.44,15828.199975658208
7078,OK,93.100,0.44,15859.899984207004
7079,OK,110.000,0.44,15835.799975320697
7080,OK,107.600,0.44,15814.299986232072
7081,OK,138.600,0.44,15829.599986318499
7082,OK,90.500,0.44,15832.300006877631
7083,OK,80.100,0.44,15883.899992331862
7084,OK,86.400,0.44,15845.399990212172
7085,OK,92.900,0.44,15842.100023292005
7086,OK,84.800,0.44,18991.699966136366
7087,OK,134.900,0.44,13598.399993497878
7088,OK,108.500,0.44,14811.400033067912
7089,OK,90.100,0.44,15833.90001906082
7090,OK,87.000,0.44,15887.600020505488
7091,OK,98.100,0.44,15798.300039023161
7092,OK,62.600,0.44,15937.69999453798
7093,OK,78.300,0.44,15855.500008910894
7094,OK,102.100,0.44,15917.099954094738
7095,OK,92.800,0.44,15850.900032091886
7096,OK,107.300,0.44,15793.400001712143
7097,OK,88.400,0.44,15837.599989026785
7098,OK,80.500,0.44,15880.300023127347
7099,OK,86.100,0.44,15840.999956708401
7100,OK,86.200,0.44,15865.700028371066
7101,OK,108.400,0.44,15650.000015739352
7102,OK,92.000,0.44,16181.799990590662
7103,OK,79.800,0.44,15759.099973365664
7104,OK,70.400,0.44,15660.59998003766
7105,OK,86.700,0.44,15825.499955099076
7106,OK,69.000,0.44,15919.100027531385
7107,OK,99.700,0.44,15811.100020073354
7108,OK,113.400,0.44,15850.699972361326
7109,OK,89.700,0.44,15850.500029046088
7110,OK,85.700,0.44,15840.800013393164
7111,OK,85.500,0.44,15841.40001796186
7112,OK,87.600,0.44,15876.79999647662
7113,OK,85.800,0.44,15838.699997402728
7114,OK,76.400,0.44,21816.299995407462
7115,OK,138.300,0.44,9866.300038993359
7116,OK,144.500,0.44,15841.09995746985
7117,OK,104.600,0.44,15750.700025819242
7118,OK,90.900,0.44,15827.100025489926
7119,OK,94.100,0.44,15854.299999773502
7120,OK,82.200,0.44,15889.200032688677
7121,OK,88.300,0.44,15799.099986907095
7122,OK,103.200,0.44,15830.299991648644
7123,OK,75.800,0.44,15879.90002008155
7124,OK,83.200,0.44,15833.400015253574
7125,OK,60.700,0.44,15895.599965006113
7126,OK,69.200,0.44,16000.900010112673
7127,OK,163.100,0.44,25608.29999856651
7128,OK,106.300,0.44,5866.0999638959765
7129,OK,89.100,0.44,15830.99999697879
7130,OK,87.100,0.44,15888.80002964288
7131,OK,88.900,0.44,15921.899990644306
7132,OK,102.900,0.44,15756.200009491295
7133,OK,98.400,0.44,15824.300004169345
7134,OK,55.300,0.44,15927.100030239671
7135,OK,96.500,0.44,15850.30002752319
7136,OK,83.800,0.44,15832.50000840053
7137,OK,67.100,0.44,15918.29996323213
7138,OK,61.500,0.44,15889.100031927228
7139,OK,54.100,0.44,15962.600009515882
7140,OK,57.000,0.44,15828.700037673116
7141,OK,45.500,0.44,15912.899980321527
7142,OK,72.200,0.44,16052.199993282557
7143,OK,139.500,0.44,15607.899986207485
7144,OK,55.200,0.44,15975.399990566075
7145,OK,132.700,0.44,15706.49998029694
7146,OK,69.100,0.44,15845.100046135485
7147,OK,91.900,0.44,15930.000052321702
7148,OK,84.600,0.44,15852.799988351762
7149,OK,97.300,0.44,15853.699995204806
7150,OK,61.200,0.44,15942.700032610446
7151,OK,59.100,0.44,15897.999983280897
7152,OK,60.300,0.44,15880.099963396788
7153,OK,60.900,0.44,15881.50003226474
7154,OK,66.900,0.44,15870.400005951524
7155,OK,84.800,0.44,15859.299979638308
7156,OK,66.700,0.44,15885.000000707805
7157,OK,76.100,0.44,15874.600037932396
7158,OK,62.600,0.44,15918.099961709231
7159,OK,85.700,0.44,15846.900001633912
7160,OK,58.500,0.44,15866.900037508458
7161,OK,43.800,0.44,15940.200013574213
7162,OK,69.600,0.44,15896.30002854392
7163,OK,55.600,0.44,15867.599984630942
7164,OK,68.000,0.44,15891.69999351725
7165,OK,73.300,0.44,16057.49997543171
7166,OK,177.300,0.44,15431.699983309954
7167,OK,55.400,0.44,15908.800007309765
7168,OK,53.900,0.44,15913.399984128773
7169,OK,52.500,0.44,15879.999962635338
7170,OK,52.000,0.44,15888.799971435219
7171,OK,76.500,0.44,15924.40000968054
7172,OK,62.100,0.44,15894.000011030585
7173,OK,59.200,0.44,15874.899982009083
7174,OK,60.300,0.44,15931.300004012883
7175,OK,76.200,0.44,15851.499978452921
7176,OK,51.800,0.44,15907.299995888025
7177,OK,58.300,0.44,15931.200003251433
7178,OK,42.000,0.44,15936.399984639138
7179,OK,42.800,0.44,15917.900018393993
7180,OK,43.200,0.44,15986.699960194528
7181,OK,59.200,0.44,15891.499991994351
7182,OK,42.400,0.44,15906.999993603677
7183,OK,32.600,0.44,15945.09999267757
7184,OK,34.800,0.44,15907.499997410923
7185,OK,43.700,0.44,16091.299999970943
7186,OK,179.200,0.44,15576.399979181588
7187,OK,83.200,0.44,15929.699991829693
7188,OK,148.900,0.44,15692.899993155152
7189,OK,60.800,0.44,15845.199988689274
7190,OK,70.200,0.44,15940.100012812763
7191,OK,74.300,0.44,15864.800021518022
7192,OK,57.100,0.44,15884.699998423457
7193,OK,78.700,0.44,15934.000024572015
7194,OK,61.000,0.44,15886.100009083748
7195,OK,68.600,0.44,15904.099971521646
7196,OK,85.100,0.44,15852.899989113212
7197,OK,79.700,0.44,15792.2999933362
7198,OK,69.300,0.44,15932.600013911724
7199,OK,78.900,0.44,15876.89999723807
7200,OK,91.900,0.44,15880.399965681136
7201,OK,92.000,0.44,15703.29995593056
7202,OK,88.500,0.44,15849.599963985384
7203,OK,87.900,0.44,15901.100006885827
7204,OK,80.100,0.44,15861.299994867295
7205,OK,63.400,0.44,15874.699980486184
7206,OK,85.800,0.44,15872.000018134713
7207,OK,61.900,0.44,15876.600053161383
7208,OK,80.200,0.44,15864.699962548912
7209,OK,67.400,0.44,15853.799995966256
7210,OK,62.800,0.44,15931.000001728535
7211,OK,54.500,0.44,15883.299987763166
7212,OK,58.400,0.44,16146.199952345341
7213,OK,138.300,0.44,15600.299986544997
7214,OK,71.800,0.44,15907.399996649474
7215,OK,64.500,0.44,15903.300023637712
7216,OK,65.600,0.44,15773.000020999461
7217,OK,94.300,0.44,15878.200007136911
7218,OK,54.200,0.44,15939.500008244067
7219,OK,63.100,0.44,15893.900010269135
7220,OK,66.300,0.44,15846.299997065216
7221,OK,89.900,0.44,15888.500027358532
7222,OK,50.800,0.44,15822.800050955266
7223,OK,45.300,0.44,15934.4999701716
7224,OK,46.300,0.44,15966.599981766194
7225,OK,50.500,0.44,15931.70000705868
7226,OK,54.800,0.44,15855.600009672344
7227,OK,55.600,0.44,15915.099997073412
7228,OK,58.500,0.44,15884.000051300973
7229,OK,98.400,0.44,15873.699972871691
7230,OK,76.800,0.44,15853.799995966256
7231,OK,77.300,0.44,15921.599988359958
7232,OK,63.900,0.44,15874.399978201836
7233,OK,62.200,0.44,15878.100006375462
7234,OK,67.800,0.44,15888.300025835633
7235,OK,56.800,0.44,15900.900005362928
7236,OK,61.800,0.44,15951.600042171776
7237,OK,59.900,0.44,15868.799993768334
7238,OK,63.900,0.44,15937.69999453798
7239,OK,56.300,0.44,15863.599954172969
7240,OK,77.300,0.44,15875.599987339228
7241,OK,60.400,0.44,15905.199979897588
7242,OK,91.800,0.44,15826.900023967028
7243,OK,69.900,0.44,15897.49997947365
7244,OK,98.300,0.44,15901.100006885827
7245,OK,77.500,0.44,15820.60003420338
7246,OK,45.900,0.44,15903.200022876263
7247,OK,59.800,0.44,15955.800015944988
7248,OK,66.100,0.44,15864.399960264564
7249,OK,70.900,0.44,15875.100041739643
7250,OK,52.700,0.44,15912.700037006289
7251,OK,79.400,0.44,15896.299970336258
7252,OK,84.800,0.44,15852.699987590313
7253,OK,64.500,0.44,15863.099950365722
7254,OK,64.300,0.44,15895.199961960316
7255,OK,83.400,0.44,15939.400007482618
7256,OK,99.300,0.44,15763.600007630885
7257,OK,73.400,0.44,15907.90000045672
7258,OK,84.400,0.44,15829.999989364296
7259,OK,83.300,0.44,15871.200012043118
7260,OK,73.200,0.44,15827.399969566613
7261,OK,76.300,0.44,15935.399977024645
7262,OK,96.900,0.44,15810.800017789006
7263,OK,90.900,0.44,15887.999965343624
7264,OK,135.400,0.44,15684.999991208315
7265,OK,78.300,0.44,15901.89995476976
7266,OK,86.300,0.44,15864.99996483326
7267,OK,60.000,0.44,15892.700001131743
7268,OK,80.100,0.44,15895.299962721765
7269,OK,97.100,0.44,15818.699961528182
7270,OK,97.000,0.44,15854.800003580749
7271,OK,106.800,0.44,15809.500007890165
7272,OK,81.200,0.44,15904.900035820901
7273,OK,69.700,0.44,15855.700010433793
7274,OK,68.200,0.44,16013.999993447214
7275,OK,62.900,0.44,15857.100021094084
7276,OK,55.000,0.44,15873.699972871691
7277,OK,53.200,0.44,15904.799976851791
7278,OK,52.800,0.44,15959.7999881953
7279,OK,120.800,0.44,15763.600007630885
7280,OK,50.500,0.44,15880.000020843
7281,OK,75.700,0.44,15875.300043262541
7282,OK,76.400,0.44,15914.699994027615
7283,OK,89.800,0.44,15822.199988178909
7284,OK,97.000,0.44,15885.300002992153
7285,OK,87.400,0.44,15837.299986742437
7286,OK,94.900,0.44,15881.799976341426
7287,OK,87.000,0.44,15842.299966607243
7288,OK,83.700,0.44,15818.599960766733
7289,OK,63.600,0.44,15935.99998159334
7290,OK,77.500,0.44,15827.600029297173
7291,OK,82.000,0.44,15889.699978288263
7292,OK,59.400,0.44,15909.50001263991
7293,OK,59.100,0.44,15887.700021266937
7294,OK,61.700,0.44,15899.599995464087
7295,OK,60.000,0.44,15864.200016949326
7296,OK,57.100,0.44,15926.500025670975
7297,OK,56.500,0.44,15923.799946904182
7298,OK,94.500,0.44,15850.999974645674
7299,OK,88.300,0.44,15870.299946982414
7300,OK,63.500,0.44,15892.900002654642
7301,OK,83.900,0.44,15739.800001028925
7302,OK,80.600,0.44,15851.80003894493
7303,OK,67.200,0.44,15859.700040891767
7304,OK,87.100,0.44,15882.69998319447
7305,OK,59.900,0.44,15898.799989372492
7306,OK,53.100,0.44,15906.49998979643
7307,OK,66.300,0.44,15905.799984466285
7308,OK,62.100,0.44,15929.299988783896
7309,OK,124.700,0.44,15775.299980305135
7310,OK,56.900,0.44,15891.7999942787
7311,OK,75.800,0.44,15890.09998133406
7312,OK,89.500,0.44,15947.800013236701
7313,OK,69.400,0.44,15810.30001398176
7314,OK,60.600,0.44,15843.900036998093
7315,OK,89.000,0.44,15862.600004766136
7316,OK,64.000,0.44,15887.299960013479
7317,OK,79.500,0.44,15869.39999833703
7318,OK,61.000,0.44,15865.400026086718
7319,OK,56.600,0.44,15947.099949698895
7320,OK,70.200,0.44,15967.399987857789
7321,OK,59.100,0.44,15898.299985565245
7322,OK,63.400,0.44,15857.500024139881
7323,OK,66.100,0.44,15883.299987763166
7324,OK,87.300,0.44,15844.200039282441
7325,OK,53.400,0.44,15909.40001187846
7326,OK,66.400,0.44,15847.30000467971
7327,OK,46.400,0.44,15966.899984050542
7328,OK,58.700,0.44,15927.500033285469
7329,OK,67.000,0.44,15899.19999241829
7330,OK,73.600,0.44,15897.299977950752
7331,OK,165.300,0.44,17009.0000028722
7332,OK,92.000,0.44,14504.700026009232
7333,OK,85.800,0.44,15830.299991648644
7334,OK,63.700,0.44,15858.299972023815
7335,OK,61.100,0.44,15970.30000993982
7336,OK,64.800,0.44,15899.599995464087
7337,OK,87.900,0.44,15840.100008063018
7338,OK,80.200,0.44,15831.299999263138
7339,OK,70.200,0.44,15937.399992253631
7340,OK,62.100,0.44,15886.100009083748
7341,OK,58.400,0.44,15897.400036919862
7342,OK,98.200,0.44,15822.599991224706
7343,OK,86.700,0.44,15903.200022876263
7344,OK,48.400,0.44,15913.699986413121
7345,OK,53.700,0.44,15938.900003675371
7346,OK,59.000,0.44,15897.70003920421
7347,OK,54.700,0.44,15896.10002702102
7348,OK,89.300,0.44,15893.800009507686
7349,OK,71.400,0.44,15936.19998311624
7350,OK,97.900,0.44,15713.500033598393
7351,OK,77.300,0.44,15859.599981922656
7352,OK,96.700,0.44,15880.400023888797
7353,OK,115.800,0.44,15745.09998317808
7354,OK,90.800,0.44,15827.400027774274
7355,OK,49.100,0.44,15939.700009766966
7356,OK,59.700,0.44,15941.199962981045
7357,OK,57.000,0.44,15811.8000254035
7358,OK,59.100,0.44,15980.999974999577
7359,OK,149.600,0.44,15746.099990792572
7360,OK,79.500,0.44,15859.900042414665
7361,OK,59.400,0.44,15845.69999249652
7362,OK,82.600,0.44,15897.000033874065
7363,OK,80.900,0.44,15852.400043513626
7364,OK,87.100,0.44,15851.69997997582
7365,OK,96.000,0.44,15881.40003150329
7366,OK,94.100,0.44,15774.80003470555
7367,OK,80.900,0.44,15891.499991994351
7368,OK,86.300,0.44,15833.300014492124
7369,OK,85.900,0.44,16861.699987202883
7370,OK,109.100,0.44,14771.899965126067
7371,OK,96.400,0.44,18172.499956563115
7372,OK,100.800,0.44,13343.000027816743
7373,OK,90.900,0.44,15841.899963561445
7374,OK,93.100,0.44,15856.199956033379
7375,OK,85.600,0.44,15835.999976843596
7376,OK,62.500,0.44,15911.599970422685
7377,OK,81.600,0.44,15849.800023715943
7378,OK,78.300,0.44,15868.399990722537
7379,OK,100.300,0.44,15861.499996390194
7380,OK,100.200,0.44,15856.900019571185
7381,OK,82.700,0.44,15833.700017537922
7382,OK,83.700,0.44,15877.900004852563
7383,OK,84.700,0.44,15879.000013228506
7384,OK,85.300,0.44,15898.699988611042
7385,OK,90.000,0.44,22775.10002022609
7386,OK,108.300,0.44,9024.29997222498
7387,OK,92.500,0.44,15606.299974024296
7388,OK,81.300,0.44,15862.10000095889
7389,OK,82.300,0.44,15870.300005190074
7390,OK,82.000,0.44,15859.000035561621
7391,OK,76.200,0.44,15906.49998979643
7392,OK,82.700,0.44,15854.199999012053
7393,OK,77.100,0.44,15892.700001131743
7394,OK,110.300,0.44,15862.200001720339
7395,OK,127.500,0.44,15745.09998317808
7396,OK,93.900,0.44,15802.80001508072
7397,OK,69.300,0.44,15844.900044612586
7398,OK,64.400,0.44,15930.09999487549
7399,OK,86.500,0.44,15946.300001814961
7400,OK,168.100,0.44,15664.000005926937
7401,OK,108.900,0.44,15678.19999763742
7402,OK,85.200,0.44,15856.699959840626
7403,OK,162.900,0.44,15745.199983939528
7404,OK,66.300,0.44,15915.50000011921
7405,OK,82.800,0.44,15833.599958568811
7406,OK,98.000,0.44,15847.400005441159
7407,OK,100.900,0.44,15845.499990973622
7408,OK,77.100,0.44,15893.900010269135
7409,OK,89.900,0.44,15886.800014413893
7410,OK,87.400,0.44,15841.200016438961
7411,OK,88.800,0.44,15834.00001982227
7412,OK,66.400,0.44,15896.800032351166
7413,OK,66.100,0.44,15886.100009083748
7414,OK,79.500,0.44,15954.100003000349
7415,OK,129.800,0.44,15710.400009993464
7416,OK,85.200,0.44,15917.899960186332
7417,OK,71.400,0.44,15835.599973797798
7418,OK,84.500,0.44,15873.400028795004
7419,OK,102.200,0.44,15846.700000111014
7420,OK,104.000,0.44,15825.00000949949
7421,OK,82.800,0.44,15874.600037932396
7422,OK,101.800,0.44,15839.90000654012
7423,OK,81.600,0.44,15853.20004960522
7424,OK,90.700,0.44,15841.899963561445
7425,OK,88.400,0.44,15814.70004748553
7426,OK,82.400,0.44,15897.799981757998
7427,OK,93.300,0.44,27470.200031530112
7428,OK,94.400,0.44,7540.899969171733
7429,OK,81.600,0.44,12439.300015103072
7430,OK,149.000,0.44,15794.299950357527
7431,OK,146.700,0.44,15796.90002836287
7432,OK,154.800,0.44,15652.199974283576
7433,OK,97.900,0.44,15814.999991562217
7434,OK,90.800,0.44,15860.799991060048
7435,OK,73.700,0.44,15869.900002144277
7436,OK,79.600,0.44,15889.500034973025
7437,OK,87.100,0.44,15838.29999435693
7438,OK,67.300,0.44,15888.70002888143
7439,OK,77.000,0.44,15905.199979897588
7440,OK,60.300,0.44,15846.700000111014
7441,OK,57.000,0.44,16041.499970015138
7442,OK,66.700,0.44,15830.399992410094
7443,OK,98.000,0.44,15722.199983429164
7444,OK,105.100,0.44,16564.49999427423
7445,OK,204.500,0.44,14929.299999494106
7446,OK,76.000,0.44,15851.799980737269
7447,OK,53.000,0.44,15922.6999967359
7448,OK,43.900,0.44,15917.200013063848
7449,OK,64.900,0.44,15909.200010355562
7450,OK,51.000,0.44,15945.499995723367
7451,OK,46.200,0.44,15942.999976687133
7452,OK,117.700,0.44,15734.899963717908
7453,OK,75.000,0.44,15944.099985063076
7454,OK,66.500,0.44,15932.100010104477
7455,OK,72.700,0.44,15809.600008651614
7456,OK,62.500,0.44,15834.999969229102
7457,OK,94.300,0.44,15858.699975069612
7458,OK,90.700,0.44,15887.100016698241
7459,OK,70.000,0.44,15876.200050115585
7460,OK,55.900,0.44,15843.899978790432
7461,OK,48.900,0.44,15966.999984811991
7462,OK,64.900,0.44,15986.799960955977
7463,OK,169.400,0.44,15779.00000847876
7464,OK,175.600,0.44,15565.70001412183
7465,OK,80.800,0.44,15824.100002646446
7466,OK,68.100,0.44,15902.599960099906
7467,OK,63.100,0.44,15918.100019916892
7468,OK,80.600,0.44,15886.500012129545
7469,OK,64.600,0.44,15864.900022279471
7470,OK,67.300,0.44,15947.700012475252
7471,OK,124.100,0.44,15803.800022695214
7472,OK,84.100,0.44,15788.099961355329
7473,OK,59.000,0.44,15949.000022374094
7474,OK,57.300,0.44,15885.400003753603
7475,OK,93.100,0.44,15868.099988438189
7476,OK,69.100,0.44,15906.300046481192
7477,OK,55.700,0.44,15873.399970587343
7478,OK,48.600,0.44,15917.800017632544
7479,OK,45.900,0.44,15895.600023213774
7480,OK,35.400,0.44,15954.400005284697
7481,OK,41.800,0.44,15964.29996425286
7482,OK,45.400,0.44,15885.999950114638
7483,OK,49.900,0.44,15899.699996225536
7484,OK,52.900,0.44,15899.999998509884
7485,OK,48.400,0.44,15970.499953255057
7486,OK,49.600,0.44,15931.400004774332
7487,OK,63.200,0.44,15872.999967541546
7488,OK,90.600,0.44,15818.800020497292
7489,OK,93.700,0.44,15902.999963145703
7490,OK,159.200,0.44,15691.300039179623
7491,OK,80.000,0.44,15843.400033190846
7492,OK,73.500,0.44,15902.600018307567
7493,OK,71.600,0.44,15925.300016533583
7494,OK,89.200,0.44,15870.200004428625
7495,OK,60.500,0.44,15871.599956881255
7496,OK,53.500,0.44,15914.799994789064
7497,OK,78.600,0.44,15911.699971184134
7498,OK,58.200,0.44,15903.799969237298
7499,OK,64.500,0.44,15880.199964158237
7500,OK,63.100,0.44,15870.300005190074
7501,OK,75.100,0.44,15625.700005330145
7502,OK,100.300,0.44,15789.60003098473
7503,OK,51.600,0.44,15995.699970517308
7504,OK,55.000,0.44,15782.499976921827
7505,OK,72.200,0.44,15881.100029218942
7506,OK,65.000,0.44,15901.500009931624
7507,OK,47.600,0.44,15918.200020678341
7508,OK,80.200,0.44,15902.700019069016
7509,OK,63.000,0.44,15872.999967541546
7510,OK,63.600,0.44,15872.700023464859
7511,OK,52.800,0.44,16010.600025765598
7512,OK,61.400,0.44,15910.300018731505
7513,OK,74.800,0.44,15891.000046394765
7514,OK,67.300,0.44,15794.900013133883
7515,OK,77.900,0.44,16028.499987442046
7516,OK,94.800,0.44,15809.200005605817
7517,OK,93.100,0.44,15713.699976913631
7518,OK,92.500,0.44,15922.099992167205
7519,OK,67.700,0.44,15820.199972949922
7520,OK,61.400,0.44,15896.10002702102
7521,OK,57.600,0.44,15875.899989623576
7522,OK,55.400,0.44,15976.499998942018
7523,OK,65.800,0.44,15840.899955946952
7524,OK,79.900,0.44,15864.99996483326
7525,OK,77.700,0.44,15878.30000789836
7526,OK,63.400,0.44,15896.799974143505
7527,OK,62.900,0.44,15883.899992331862
7528,OK,60.800,0.44,15904.000028967857
7529,OK,61.800,0.44,15910.800022538751
7530,OK,99.600,0.44,15854.800003580749
7531,OK,81.800,0.44,15882.299980148673
7532,OK,60.000,0.44,15886.600012890995
7533,OK,75.200,0.44,15863.60001238063
7534,OK,73.100,0.44,15863.000007811934
7535,OK,75.800,0.44,15895.299962721765
7536,OK,73.300,0.44,15890.100039541721
7537,OK,72.600,0.44,15863.50001161918
7538,OK,76.200,0.44,15917.999960947782
7539,OK,77.200,0.44,15823.5999988392
7540,OK,58.800,0.44,15875.29998505488
7541,OK,59.100,0.44,15949.900029227138
7542,OK,60.900,0.44,15875.999990385026
7543,OK,70.500,0.44,15901.700011454523
7544,OK,70.900,0.44,15860.100043937564
7545,OK,103.300,0.44,15853.699995204806
7546,OK,76.300,0.44,15897.399978712201
7547,OK,56.600,0.44,15967.999992426485
7548,OK,61.600,0.44,15878.40000865981
7549,OK,51.600,0.44,15920.599980745465
7550,OK,113.000,0.44,15784.299990627915
7551,OK,61.800,0.44,15901.499951723963
7552,OK,66.300,0.44,15844.899986404926
7553,OK,62.600,0.44,15940.000012051314
7554,OK,62.400,0.44,15889.199974481016
7555,OK,58.800,0.44,15892.800001893193
7556,OK,90.200,0.44,15896.899974904954
7557,OK,65.900,0.44,15879.200014751405
7558,OK,60.000,0.44,15871.10001128167
7559,OK,58.900,0.44,15959.499985910952
7560,OK,58.500,0.44,15850.499970838428
7561,OK,59.600,0.44,15900.60000307858
7562,OK,60.400,0.44,15843.699977267534
7563,OK,60.400,0.44,15908.800007309765
7564,OK,62.600,0.44,15942.500031087548
7565,OK,57.100,0.44,15900.800004601479
7566,OK,76.700,0.44,15849.899966269732
7567,OK,78.600,0.44,15921.29998607561
7568,OK,66.600,0.44,15841.1999582313
7569,OK,76.700,0.44,15846.099995542318
7570,OK,75.300,0.44,15889.300033450127
7571,OK,96.000,0.44,15861.899999435991
7572,OK,75.800,0.44,15887.700021266937
7573,OK,63.200,0.44,15861.599997151643
7574,OK,85.200,0.44,15881.40003150329
7575,OK,63.600,0.44,15961.900004185736
7576,OK,63.500,0.44,15852.599986828864
7577,OK,60.200,0.44,15848.099952563643
7578,OK,74.300,0.44,15932.100010104477
7579,OK,63.300,0.44,15817.50001059845
7580,OK,69.500,0.44,15972.99997229129
7581,OK,65.400,0.44,15796.399966347963
7582,OK,93.400,0.44,15864.199958741665
7583,OK,62.500,0.44,15911.300026345998
7584,OK,107.600,0.44,15862.400003243238
7585,OK,84.700,0.44,15853.299992159009
7586,OK,91.700,0.44,15743.600029964
7587,OK,54.100,0.44,15936.19998311624
7588,OK,89.300,0.44,15893.10000417754
7589,OK,84.000,0.44,15889.599977526814
7590,OK,59.600,0.44,15937.199990730733
7591,OK,113.500,0.44,15770.09999891743
7592,OK,74.700,0.44,15854.299999773502
7593,OK,80.000,0.44,15836.69998217374
7594,OK,78.500,0.44,15928.59998345375
7595,OK,71.600,0.44,15865.699970163405
7596,OK,85.700,0.44,15801.500005181879
7597,OK,81.400,0.44,15852.999989874661
7598,OK,67.500,0.44,15951.200039125979
7599,OK,117.800,0.44,15794.800012372434
7600,OK,98.300,0.44,15831.400000024587
7601,OK,62.200,0.44,15803.000016603619
7602,OK,74.900,0.44,15885.400003753603
7603,OK,59.900,0.44,15915.800002403557
7604,OK,58.000,0.44,15891.500050202012
7605,OK,57.900,0.44,15951.499983202666
7606,OK,58.000,0.44,15896.299970336258
7607,OK,68.500,0.44,15899.799996986985
7608,OK,58.300,0.44,15852.200041990727
7609,OK,53.700,0.44,15932.200010865927
7610,OK,84.700,0.44,15884.599997662008
7611,OK,78.300,0.44,15818.200015928596
7612,OK,63.900,0.44,15936.899988446385
7613,OK,65.900,0.44,15827.699971850961
7614,OK,130.900,0.44,15842.79997041449
7615,OK,62.300,0.44,15886.100009083748
7616,OK,64.100,0.44,15909.60001340136
7617,OK,63.800,0.44,15822.600049432367
7618,OK,63.600,0.44,15931.000001728535
7619,OK,61.600,0.44,15891.999995801598
7620,OK,95.800,0.44,15817.099949344993
7621,OK,70.000,0.44,15888.399968389422
7622,OK,74.000,0.44,15947.699954267591
7623,OK,84.000,0.44,15854.60000205785
7624,OK,68.500,0.44,15844.100038520992
7625,OK,101.900,0.44,15820.60003420338
7626,OK,83.600,0.44,15899.19999241829
7627,OK,81.800,0.44,15842.400025576353
7628,OK,66.900,0.44,15909.699955955148
7629,OK,83.000,0.44,15849.800023715943
7630,OK,63.100,0.44,15896.20002778247
7631,OK,66.700,0.44,15951.699984725565
7632,OK,64.400,0.44,15884.799999184906
7633,OK,66.800,0.44,15787.000011187047
7634,OK,63.000,0.44,15859.800041653216
7635,OK,80.800,0.44,15886.800014413893
7636,OK,95.500,0.44,15798.300039023161
7637,OK,100.800,0.44,15808.299998752773
7638,OK,77.800,0.44,15922.199992928654
7639,OK,67.900,0.44,15883.00004368648
7640,OK,81.100,0.44,15858.100028708577
7641,OK,81.300,0.44,15895.799966529012
7642,OK,74.500,0.44,15876.399993430823
7643,OK,70.600,0.44,15945.899998769164
7644,OK,64.400,0.44,15801.20000289753
7645,OK,57.900,0.44,15944.699989631772
7646,OK,105.100,0.44,15827.000024728477
7647,OK,115.900,0.44,15772.600017953664
7648,OK,60.700,0.44,15884.499996900558
7649,OK,55.100,0.44,15957.500028889626
7650,OK,49.100,0.44,15931.100002489984
7651,OK,54.700,0.44,15856.600017286837
7652,OK,78.900,0.44,15876.99999799952
7653,OK,73.400,0.44,15866.50003446266
7654,OK,85.000,0.44,15849.699964746833
7655,OK,65.100,0.44,15910.500020254403
7656,OK,57.800,0.44,15957.399969920516
7657,OK,119.000,0.44,15818.100015167147
7658,OK,64.800,0.44,15870.700008235872
7659,OK,92.500,0.44,15855.600009672344
7660,OK,64.900,0.44,15902.800019830465
7661,OK,65.600,0.44,15926.599968224764
7662,OK,62.500,0.44,15891.499991994351
7663,OK,62.200,0.44,15887.899964582175
7664,OK,54.900,0.44,15889.899979811162
7665,OK,140.600,0.44,15739.299997221678
7666,OK,64.500,0.44,15887.499961536378
7667,OK,94.100,0.44,15856.700018048286
7668,OK,92.200,0.44,15886.800014413893
7669,OK,72.700,0.44,15928.899985738099
7670,OK,65.300,0.44,15827.400027774274
7671,OK,79.800,0.44,15866.200032178313
7672,OK,62.000,0.44,15892.299998085946
7673,OK,80.900,0.44,15863.70001314208
7674,OK,80.600,0.44,15880.699967965484
7675,OK,87.400,0.44,15854.900004342198
7676,OK,84.400,0.44,15866.50003446266
7677,OK,88.000,0.44,16915.999993216246
7678,OK,162.600,0.44,15582.20002334565
7679,OK,89.100,0.44,14911.500038579106
7680,OK,67.400,0.44,15909.40001187846
7681,OK,93.000,0.44,15727.30002226308
7682,OK,96.000,0.44,15858.700033277273
7683,OK,86.800,0.44,15876.99999799952
7684,OK,89.400,0.44,15817.49995239079
7685,OK,66.400,0.44,15910.600021015853
7686,OK,83.900,0.44,15986.800019163638
7687,OK,91.000,0.44,15857.80002642423
7688,OK,120.900,0.44,15660.899982322007
7689,OK,80.800,0.44,15866.39997549355
7690,OK,74.900,0.44,15868.600050453097
7691,OK,80.600,0.44,21987.800020724535
7692,OK,107.800,0.44,9712.600032798946
7693,OK,66.300,0.44,15915.29999859631
7694,OK,90.200,0.44,15838.799998164177
7695,OK,105.900,0.44,15857.900027185678
7696,OK,86.400,0.44,15814.299986232072
7697,OK,139.100,0.44,15789.199969731271
7698,OK,125.800,0.44,15754.199994262308
7699,OK,88.900,0.44,15826.199960429221
7700,OK,63.500,0.44,15944.89999115467
7701,OK,108.900,0.44,15683.399979025126
7702,OK,84.600,0.44,15837.1000434272
7703,OK,62.900,0.44,15888.70002888143
7704,OK,91.900,0.44,15864.800021518022
7705,OK,84.300,0.44,15864.600019995123
7706,OK,94.400,0.44,15850.900032091886
7707,OK,103.400,0.44,15829.49998555705
7708,OK,102.600,0.44,15874.400036409497
7709,OK,103.000,0.44,15830.599993932992
7710,OK,105.800,0.44,15844.000037759542
7711,OK,69.700,0.44,15888.299967627972
7712,OK,88.500,0.44,15804.499969817698
7713,OK,92.200,0.44,15871.10001128167
7714,OK,91.600,0.44,15827.200026251376
7715,OK,80.800,0.44,15882.79998395592
7716,OK,83.500,0.44,16300.999966915697
7717,OK,136.000,0.44,15325.399988796562
7718,OK,85.800,0.44,15858.299972023815
7719,OK,81.100,0.44,15886.400011368096
7720,OK,96.600,0.44,15888.70002888143
7721,OK,98.900,0.44,15812.399971764535
7722,OK,102.600,0.44,15856.700018048286
7723,OK,86.300,0.44,15837.299986742437
7724,OK,85.700,0.44,15825.00000949949
7725,OK,82.200,0.44,15872.599964495748
7726,OK,85.300,0.44,15858.899976592511
7727,OK,79.100,0.44,19123.799982480705
7728,OK,96.600,0.44,14381.599961780012
7729,OK,146.300,0.44,14003.399992361665
7730,OK,108.500,0.44,15822.499990463257
7731,OK,69.100,0.44,15883.299987763166
7732,OK,67.600,0.44,15880.300023127347
7733,OK,93.100,0.44,15909.300011117011
7734,OK,91.700,0.44,15794.00000628084
7735,OK,75.800,0.44,15942.899975925684
7736,OK,132.100,0.44,15710.500010754913
7737,OK,111.900,0.44,15899.799996986985
7738,OK,67.900,0.44,15858.99997735396
7739,OK,68.700,0.44,15872.899966780096
7740,OK,60.700,0.44,15908.00000121817
7741,OK,63.200,0.44,15998.999995645136
7742,OK,140.300,0.44,15751.499973703176
7743,OK,65.500,0.44,15823.900001123548
7744,OK,73.000,0.44,15886.800014413893
7745,OK,74.600,0.44,16072.999977041036
7746,OK,126.400,0.44,15593.299991451204
7747,OK,94.300,0.44,15879.700018558651
7748,OK,80.300,0.44,15881.799976341426
7749,OK,63.900,0.44,15873.699972871691
7750,OK,52.600,0.44,15898.099984042346
7751,OK,117.200,0.44,15776.899992488325
7752,OK,55.200,0.44,15905.1000373438
7753,OK,56.400,0.44,15955.30001213774
7754,OK,55.100,0.44,15906.59999055788
7755,OK,51.000,0.44,15932.500013150275
7756,OK,58.200,0.44,15895.499964244664
7757,OK,58.300,0.44,15912.099974229932
7758,OK,54.400,0.44,15917.500015348196
7759,OK,147.400,0.44,15706.699981819838
7760,OK,89.300,0.44,15876.600053161383
7761,OK,62.300,0.44,15906.899992842227
7762,OK,70.000,0.44,15868.699993006885
7763,OK,83.900,0.44,15892.499999608845
7764,OK,59.900,0.44,15820.199972949922
7765,OK,90.000,0.44,16022.900003008544
7766,OK,128.300,0.44,15682.899975217879
7767,OK,81.500,0.44,15805.000031832606
7768,OK,58.900,0.44,15948.900021612644
7769,OK,58.000,0.44,15849.400020670146
7770,OK,68.900,0.44,15941.89996831119
7771,OK,66.600,0.44,15866.799978539348
7772,OK,87.600,0.44,15928.199980407953
7773,OK,106.600,0.44,16118.699975777417
7774,OK,161.400,0.44,15442.600008100271
7775,OK,105.700,0.44,15958.39997753501
7776,OK,85.500,0.44,15656.700008548796
7777,OK,84.200,0.44,15975.499991327524
7778,OK,84.200,0.44,15687.000006437302
7779,OK,79.900,0.44,15829.49998555705
7780,OK,61.000,0.44,15945.499995723367
7781,OK,40.800,0.44,15933.699964080006
7782,OK,57.600,0.44,15956.80002355948
7783,OK,41.100,0.44,15919.90003362298
7784,OK,60.800,0.44,15904.89997761324
7785,OK,50.200,0.44,15890.499984379858
7786,OK,57.300,0.44,15979.700023308396
7787,OK,58.700,0.44,15775.700041558594
7788,OK,62.900,0.44,15984.099998604506
7789,OK,57.500,0.44,15919.400029815733
7790,OK,62.800,0.44,15905.09997913614
7791,OK,47.400,0.44,15867.89998691529
7792,OK,52.700,0.44,15920.099976938218
7793,OK,89.600,0.44,15803.799964487553
7794,OK,56.100,0.44,15965.999977197498
7795,OK,125.300,0.44,15718.29995373264
7796,OK,112.300,0.44,15798.599983099848
7797,OK,60.500,0.44,15906.899992842227
7798,OK,59.000,0.44,15978.600014932454
7799,OK,58.000,0.44,15871.700015850365
7800,OK,71.000,0.44,15896.999975666404
7801,OK,84.000,0.44,15670.90000025928
7802,OK,92.100,0.44,15821.699984371662
7803,OK,100.800,0.44,15853.799995966256
7804,OK,99.500,0.44,15804.000024218112
7805,OK,94.800,0.44,15897.899982519448
7806,OK,101.800,0.44,15821.89998589456
7807,OK,61.500,0.44,15920.099976938218
7808,OK,63.200,0.44,15840.000007301569
7809,OK,66.600,0.44,15947.699954267591
7810,OK,66.800,0.44,15921.39998683706
7811,OK,67.400,0.44,15824.400004930794
7812,OK,59.600,0.44,15921.699989121407
7813,OK,80.900,0.44,15857.200021855533
7814,OK,63.300,0.44,15926.399966701865
7815,OK,92.100,0.44,15886.300010606647
7816,OK,76.400,0.44,15810.000011697412
7817,OK,71.900,0.44,15988.400031346828
7818,OK,81.900,0.44,15844.599984120578
7819,OK,58.800,0.44,15840.600011870265
7820,OK,76.800,0.44,15862.700005527586
7821,OK,67.600,0.44,15953.299996908754
7822,OK,92.000,0.44,15964.40002322197
7823,OK,164.200,0.44,15588.300011586398
7824,OK,78.900,0.44,15836.000035051256
7825,OK,77.200,0.44,15882.099978625774
7826,OK,62.200,0.44,15882.600040640682
7827,OK,81.100,0.44,15894.500014837831
7828,OK,78.700,0.44,15898.599987849593
7829,OK,66.400,0.44,15853.800054173917
7830,OK,61.900,0.44,15880.200022365898
7831,OK,83.800,0.44,15845.499990973622
7832,OK,78.000,0.44,15891.099988948554
7833,OK,107.100,0.44,15881.100029218942
7834,OK,75.400,0.44,15911.700029391795
7835,OK,87.900,0.44,15801.800007466227
7836,OK,65.700,0.44,15922.099992167205
7837,OK,66.900,0.44,15893.400006461889
7838,OK,64.400,0.44,15872.999967541546
7839,OK,63.800,0.44,15837.599989026785
7840,OK,85.000,0.44,15849.99996703118
7841,OK,62.200,0.44,15952.999994624406
7842,OK,65.400,0.44,15871.00001052022
7843,OK,73.100,0.44,15910.700021777302
7844,OK,83.400,0.44,15866.39997549355
7845,OK,61.300,0.44,15903.999970760196
7846,OK,64.200,0.44,15839.899948332459
7847,OK,79.500,0.44,15870.700008235872
7848,OK,64.700,0.44,15863.000007811934
7849,OK,59.100,0.44,15922.000049613416
7850,OK,58.200,0.44,15885.90000756085
7851,OK,60.600,0.44,15907.199995126575
7852,OK,76.800,0.44,15849.800023715943
7853,OK,58.000,0.44,15948.400017805398
7854,OK,59.800,0.44,15840.000007301569
7855,OK,62.600,0.44,15952.599991578609
7856,OK,81.500,0.44,15857.49996593222
7857,OK,92.600,0.44,15881.899977102876
7858,OK,72.600,0.44,15842.69996965304
7859,OK,60.000,0.44,15925.500018056482
7860,OK,89.300,0.44,15856.499958317727
7861,OK,81.500,0.44,15896.999975666404
7862,OK,86.100,0.44,15818.900021258742
7863,OK,81.200,0.44,15901.600010693073
7864,OK,65.500,0.44,15817.50001059845
7865,OK,63.800,0.44,15894.000011030585
7866,OK,61.200,0.44,15945.699997246265
7867,OK,69.300,0.44,15871.999959927052
7868,OK,87.500,0.44,15841.599961277097
7869,OK,52.600,0.44,15927.20003100112
7870,OK,51.500,0.44,15923.699946142733
7871,OK,87.800,0.44,15858.100028708577
7872,OK,76.300,0.44,15919.69997389242
7873,OK,61.500,0.44,15826.400020159781
7874,OK,81.000,0.44,16096.800041850656
7875,OK,88.300,0.44,15658.900025300682
7876,OK,82.900,0.44,15845.099987927824
7877,OK,83.600,0.44,15852.799988351762
7878,OK,58.400,0.44,15945.499995723367
7879,OK,68.200,0.44,15885.400003753603
7880,OK,64.900,0.44,15900.60000307858
7881,OK,63.900,0.44,15876.000048592687
7882,OK,61.600,0.44,15907.099994365126
7883,OK,62.100,0.44,15890.30004106462
7884,OK,70.400,0.44,15858.899976592511
7885,OK,63.300,0.44,15880.399965681136
7886,OK,62.100,0.44,15913.199982605875
7887,OK,62.300,0.44,15870.800008997321
7888,OK,55.600,0.44,15924.30000891909
7889,OK,71.400,0.44,15935.399977024645
7890,OK,57.000,0.44,15875.799988862127
7891,OK,72.500,0.44,15907.499997410923
7892,OK,73.100,0.44,15903.899969998747
7893,OK,65.500,0.44,15889.900038018823
7894,OK,92.500,0.44,15887.800022028387
7895,OK,62.500,0.44,15836.400038097054
7896,OK,82.600,0.44,15848.200011532754
7897,OK,70.500,0.44,15865.199966356158
7898,OK,78.900,0.44,15906.199987512082
7899,OK,67.000,0.44,15959.999989718199
7900,OK,107.400,0.44,15770.700003486127
7901,OK,93.100,0.44,15631.699992809445
7902,OK,75.200,0.44,15844.900044612586
7903,OK,68.500,0.44,15863.599954172969
7904,OK,66.300,0.44,15938.299999106675
7905,OK,62.000,0.44,15865.199966356158
7906,OK,78.000,0.44,15913.79998717457
7907,OK,58.300,0.44,15897.100034635514
7908,OK,57.300,0.44,15864.900022279471
7909,OK,56.400,0.44,15946.200001053512
7910,OK,60.200,0.44,15853.599994443357
7911,OK,57.700,0.44,15938.700002152473
7912,OK,57.100,0.44,15923.600003588945
7913,OK,93.700,0.44,15846.900001633912
7914,OK,75.600,0.44,15902.900020591915
7915,OK,101.900,0.44,15774.900035466999
7916,OK,65.100,0.44,15803.400019649416
7917,OK,82.200,0.44,15940.100012812763
7918,OK,45.800,0.44,15966.099977958947
7919,OK,55.400,0.44,15908.400004263967
7920,OK,65.900,0.44,15913.200040813535
7921,OK,66.500,0.44,15871.199953835458
7922,OK,70.900,0.44,15921.30004428327
7923,OK,78.900,0.44,15867.599984630942
7924,OK,69.900,0.44,15865.899971686304
7925,OK,97.500,0.44,15808.900003321469
7926,OK,60.700,0.44,15908.599947579205
7927,OK,77.500,0.44,15922.299993690103
7928,OK,121.900,0.44,15817.699953913689
7929,OK,62.500,0.44,15818.100015167147
7930,OK,79.100,0.44,15881.900035310537
7931,OK,64.500,0.44,15911.500027868897
7932,OK,68.700,0.44,15927.000029478222
7933,OK,62.100,0.44,15884.599997662008
7934,OK,56.600,0.44,15931.200003251433
7935,OK,69.000,0.44,15883.299987763166
7936,OK,60.700,0.44,15894.899959675968
7937,OK,71.300,0.44,15804.2999682948
7938,OK,56.200,0.44,15911.900030914694
7939,OK,66.700,0.44,15952.899993862957
7940,OK,131.200,0.44,15697.300026658922
7941,OK,68.300,0.44,15960.099990479648
7942,OK,56.100,0.44,15902.500017546117
7943,OK,55.500,0.44,15911.199967376888
7944,OK,59.700,0.44,15899.19999241829
7945,OK,89.900,0.44,15835.599973797798
7946,OK,67.400,0.44,15888.300025835633
7947,OK,63.400,0.44,15890.499984379858
7948,OK,81.300,0.44,15850.499970838428
7949,OK,72.900,0.44,15889.799979049712
7950,OK,142.300,0.44,15793.400001712143
7951,OK,127.300,0.44,15862.10000095889
7952,OK,61.700,0.44,15892.200055532157
7953,OK,66.700,0.44,15807.19999037683
7954,OK,49.100,0.44,15919.80003286153
7955,OK,72.200,0.44,15873.099968302995
7956,OK,62.500,0.44,15955.50001366064
7957,OK,56.300,0.44,15902.20001526177
7958,OK,57.300,0.44,15837.299986742437
7959,OK,62.600,0.44,15906.59999055788
7960,OK,58.400,0.44,15929.999994114041
7961,OK,112.800,0.44,15792.200050782412
7962,OK,108.300,0.44,15886.199951637536
7963,OK,63.000,0.44,15871.600015088916
7964,OK,62.300,0.44,15900.200000032783
7965,OK,62.300,0.44,15921.40004504472
7966,OK,75.900,0.44,15860.699990298599
7967,OK,79.600,0.44,15876.099991146475
7968,OK,64.400,0.44,15819.000022020191
7969,OK,90.100,0.44,15836.69998217374
7970,OK,80.300,0.44,17051.200033165514
7971,OK,93.000,0.44,14647.400006651878
7972,OK,88.000,0.44,15906.49998979643
7973,OK,71.700,0.44,15836.9000419043
7974,OK,85.600,0.44,15933.999966364354
7975,OK,94.000,0.44,15775.399981066585
7976,OK,82.600,0.44,15831.600001547486
7977,OK,78.900,0.44,15927.40003252402
7978,OK,78.300,0.44,15841.600019484758
7979,OK,83.200,0.44,15848.80001610145
7980,OK,82.600,0.44,15866.899979300797
7981,OK,66.200,0.44,15903.400024399161
7982,OK,96.000,0.44,16259.399999398738
7983,OK,112.300,0.44,18310.200015548617
7984,OK,120.200,0.44,12992.899981327355
7985,OK,89.100,0.44,15775.000036228448
7986,OK,93.600,0.44,15847.900009248406
7987,OK,79.000,0.44,15877.400001045316
7988,OK,87.300,0.44,15857.200021855533
7989,OK,84.000,0.44,15863.900014664978
7990,OK,83.300,0.44,15864.699962548912
7991,OK,94.200,0.44,15765.000018291175
7992,OK,81.800,0.44,15874.699980486184
7993,OK,81.400,0.44,15858.000027947128
7994,OK,74.500,0.44,15908.400004263967
7995,OK,85.400,0.44,15862.900007050484
7996,OK,97.000,0.44,15823.3999973163
7997,OK,83.200,0.44,15916.100004687905
7998,OK,89.200,0.44,16006.699996069074
7999,OK,139.000,0.44,20832.200010772794
8000,OK,135.900,0.44,10632.499994244426
8001,OK,124.200,0.44,15565.400011837482
8002,OK,183.200,0.44,15841.600019484758
8003,OK,92.800,0.44,15747.099998407066
8004,OK,67.800,0.44,15857.099962886423
8005,OK,76.700,0.44,15886.500012129545
8006,OK,64.800,0.44,15888.100024312735
8007,OK,61.000,0.44,16004.899982362986
8008,OK,87.200,0.44,15814.799990039319
8009,OK,95.100,0.44,15841.40001796186
8010,OK,84.000,0.44,15844.399982597679
8011,OK,91.900,0.44,15924.700011964887
8012,OK,64.500,0.44,15850.000025238842
8013,OK,84.700,0.44,15840.000007301569
8014,OK,85.900,0.44,15873.699972871691
8015,OK,85.000,0.44,15844.000037759542
8016,OK,98.100,0.44,15853.799995966256
8017,OK,73.900,0.44,22165.699978359044
8018,OK,106.500,0.44,12348.799966275692
8019,OK,106.000,0.44,13034.100004006177
8020,OK,66.100,0.44,15860.399988014251
8021,OK,95.900,0.44,15874.699980486184
8022,OK,90.900,0.44,15803.600021172315
8023,OK,100.400,0.44,15852.399985305965
8024,OK,88.800,0.44,15881.499974057078
8025,OK,90.900,0.44,15779.500012286007
8026,OK,88.800,0.44,15864.399960264564
8027,OK,89.500,0.44,15869.599999859929
8028,OK,68.300,0.44,15892.800001893193
8029,OK,97.200,0.44,26041.299977805465
8030,OK,108.000,0.44,9947.39995803684
8031,OK,114.800,0.44,11449.299985542893
8032,OK,100.800,0.44,15865.900029893965
8033,OK,82.600,0.44,15850.19996855408
8034,OK,82.500,0.44,15859.399980399758
8035,OK,84.800,0.44,15872.800024226308
8036,OK,153.900,0.44,15791.200043167919
8037,OK,112.800,0.44,15835.199970752
8038,OK,81.900,0.44,15872.100018896163
8039,OK,84.000,0.44,15897.100034635514
8040,OK,92.200,0.44,15802.200010512024
8041,OK,76.300,0.44,15879.90002008155
8042,OK,88.200,0.44,15924.600011203438
8043,OK,148.700,0.44,15735.799970570952
8044,OK,80.400,0.44,15873.200027272105
8045,OK,105.100,0.44,15678.099996875972
8046,OK,65.200,0.44,15870.300005190074
8047,OK,49.700,0.44,15938.900003675371
8048,OK,60.800,0.44,15890.499984379858
8049,OK,81.900,0.44,15876.400051638484
8050,OK,72.700,0.44,15910.100017208606
8051,OK,84.800,0.44,15831.600001547486
8052,OK,51.000,0.44,15999.499999452382
8053,OK,71.900,0.44,15879.599959589541
8054,OK,53.000,0.44,15865.300025325269
8055,OK,68.700,0.44,15886.600012890995
8056,OK,60.300,0.44,15952.39999005571
8057,OK,112.600,0.44,15742.500021588057
8058,OK,58.300,0.44,15906.899992842227
8059,OK,54.300,0.44,15890.800044871867
8060,OK,55.800,0.44,15890.19998209551
8061,OK,44.700,0.44,15917.700016871095
8062,OK,41.900,0.44,15929.399989545345
8063,OK,60.000,0.44,15962.100005708635
8064,OK,67.500,0.44,16063.49996291101
8065,OK,170.900,0.44,15510.299999732524
8066,OK,84.500,0.44,15808.399999514222
8067,OK,77.400,0.44,17292.800010181963
8068,OK,75.800,0.44,14441.800012718886
8069,OK,60.500,0.44,16084.000002592802
8070,OK,143.600,0.44,15538.199979346246
8071,OK,57.600,0.44,15973.900037351996
8072,OK,59.300,0.44,15908.300003502518
8073,OK,72.500,0.44,15926.799969747663
8074,OK,61.200,0.44,15860.59998953715
8075,OK,58.800,0.44,15877.799945883453
8076,OK,62.900,0.44,15885.100001469254
8077,OK,107.100,0.44,15820.199972949922
8078,OK,81.700,0.44,15867.099980823696
8079,OK,87.200,0.44,15877.800004091114
8080,OK,78.400,0.44,15871.00001052022
8081,OK,76.900,0.44,15825.400012545288
8082,OK,67.100,0.44,15908.10000197962
8083,OK,63.200,0.44,15900.300000794232
8084,OK,61.000,0.44,15976.09999589622
8085,OK,63.800,0.44,15847.699949517846
8086,OK,90.000,0.44,15837.400045711547
8087,OK,85.800,0.44,15914.999996311963
8088,OK,75.300,0.44,15804.19996753335
8089,OK,59.800,0.44,15922.6999967359
8090,OK,44.100,0.44,15855.900011956692
8091,OK,26.900,0.44,16050.000034738332
8092,OK,43.000,0.44,15857.39996517077
8093,OK,52.900,0.44,15925.80002034083
8094,OK,38.500,0.44,15946.799947414547
8095,OK,43.000,0.44,15928.70004242286
8096,OK,45.200,0.44,15931.70000705868
8097,OK,47.900,0.44,15935.599978547543
8098,OK,50.900,0.44,15902.500017546117
8099,OK,45.600,0.44,15927.30003176257
8100,OK,32.500,0.44,15906.699991319329
8101,OK,67.800,0.44,15818.800020497292
8102,OK,81.100,0.44,15979.300020262599
8103,OK,152.200,0.44,15639.399993233383
8104,OK,63.500,0.44,15905.1000373438
8105,OK,89.900,0.44,15849.99996703118
8106,OK,132.800,0.44,15783.699986059219
8107,OK,55.100,0.44,16158.999991603196
8108,OK,172.300,0.44,15557.900012936443
8109,OK,93.100,0.44,15851.199976168573
8110,OK,65.500,0.44,15855.200006626546
8111,OK,64.100,0.44,15941.299963742495
8112,OK,83.300,0.44,15852.199983783066
8113,OK,65.500,0.44,15912.999981082976
8114,OK,66.900,0.44,15849.799965508282
8115,OK,99.800,0.44,15881.30003074184
8116,OK,62.900,0.44,15908.00000121817
8117,OK,143.600,0.44,15736.10003106296
8118,OK,92.100,0.44,16112.100041937083
8119,OK,176.800,0.44,15466.100012417883
8120,OK,85.100,0.44,15880.399965681136
8121,OK,52.200,0.44,15940.300014335662
8122,OK,75.300,0.44,15861.499996390194
8123,OK,54.600,0.44,15923.099999781698
8124,OK,59.900,0.44,15908.400004263967
8125,OK,62.900,0.44,15868.999995291233
8126,OK,64.300,0.44,16606.600023806095
8127,OK,70.900,0.44,15177.300025243312
8128,OK,82.200,0.44,15833.299956284463
8129,OK,55.800,0.44,15944.300044793636
8130,OK,59.700,0.44,15880.299964919686
8131,OK,82.900,0.44,15903.5999677144
8132,OK,73.700,0.44,15965.399972628802
8133,OK,65.400,0.44,15795.600018464029
8134,OK,63.300,0.44,15963.100013323128
8135,OK,60.600,0.44,15816.500002983958
8136,OK,60.400,0.44,15944.299986585975
8137,OK,62.200,0.44,15884.599997662008
8138,OK,82.200,0.44,15817.099949344993
8139,OK,80.300,0.44,15871.00001052022
8140,OK,54.500,0.44,15910.600021015853
8141,OK,55.300,0.44,15915.800002403557
8142,OK,67.400,0.44,15908.900008071214
8143,OK,78.500,0.44,15874.499978963286
8144,OK,92.900,0.44,15860.199986491352
8145,OK,89.900,0.44,15832.800010684878
8146,OK,72.300,0.44,15874.899982009083
8147,OK,100.200,0.44,15870.500006712973
8148,OK,59.700,0.44,15980.400028638542
8149,OK,63.400,0.44,15833.800018299371
8150,OK,60.000,0.44,15859.599981922656
8151,OK,58.600,0.44,15915.800002403557
8152,OK,122.000,0.44,15807.399991899729
8153,OK,66.200,0.44,15935.399977024645
8154,OK,58.800,0.44,15829.199983272702
8155,OK,85.400,0.44,15889.899979811162
8156,OK,61.800,0.44,15910.499962046742
8157,OK,60.200,0.44,15873.800031840801
8158,OK,109.100,0.44,15802.999958395958
8159,OK,75.700,0.44,15881.599974818528
8160,OK,86.000,0.44,15857.999969739467
8161,OK,76.300,0.44,16043.899988289922
8162,OK,99.800,0.44,15651.099965907633
8163,OK,96.700,0.44,15932.200010865927
8164,OK,60.200,0.44,15794.00000628084
8165,OK,81.600,0.44,15856.20001424104
8166,OK,57.900,0.44,15948.200016282499
8167,OK,57.800,0.44,15902.600018307567
8168,OK,62.500,0.44,15912.40003472194
8169,OK,76.000,0.44,15915.50000011921
8170,OK,98.600,0.44,15763.900009915233
8171,OK,78.000,0.44,15909.700014162809
8172,OK,96.500,0.44,15814.899990800768
8173,OK,60.200,0.44,15945.999999530613
8174,OK,126.300,0.44,15792.39999409765
8175,OK,72.300,0.44,15887.899964582175
8176,OK,80.500,0.44,15855.900011956692
8177,OK,65.500,0.44,15960.999997332692
8178,OK,58.200,0.44,15888.000023551285
8179,OK,78.400,0.44,15870.90000975877
8180,OK,52.400,0.44,15907.799999695271
8181,OK,60.700,0.44,15917.300013825297
8182,OK,65.500,0.44,15928.099979646504
8183,OK,64.800,0.44,15873.699972871691
8184,OK,77.700,0.44,15840.900014154613
8185,OK,64.700,0.44,15843.099972698838
8186,OK,66.200,0.44,15980.59997195378
8187,OK,60.800,0.44,15925.299958325922
8188,OK,61.000,0.44,15826.599963475019
8189,OK,83.400,0.44,15795.100014656782
8190,OK,84.800,0.44,15923.200000543147
8191,OK,62.000,0.44,15887.700021266937
8192,OK,85.500,0.44,15857.70002566278
8193,OK,78.500,0.44,15781.399968545884
8194,OK,81.000,0.44,15864.600019995123
8195,OK,110.600,0.44,15830.79999545589
8196,OK,84.200,0.44,15835.40003048256
8197,OK,62.600,0.44,15946.799947414547
8198,OK,186.200,0.44,15724.600001703948
8199,OK,74.000,0.44,15876.299992669374
8200,OK,59.600,0.44,15873.700031079352
8201,OK,78.700,0.44,15758.000023197383
8202,OK,68.100,0.44,15908.900008071214
8203,OK,115.400,0.44,15738.699992652982
8204,OK,89.400,0.44,15913.99998869747
8205,OK,68.000,0.44,16092.400008346885
8206,OK,100.800,0.44,15637.699980288744
8207,OK,61.700,0.44,15849.300019908696
8208,OK,56.700,0.44,15994.200017303228
8209,OK,64.700,0.44,15891.899995040148
8210,OK,100.300,0.44,15751.699975226074
8211,OK,78.500,0.44,15956.89996611327
8212,OK,71.600,0.44,15823.800000362098
8213,OK,66.400,0.44,16119.199979584664
8214,OK,86.600,0.44,15625.10000076145
8215,OK,86.400,0.44,15825.799957383424
8216,OK,94.700,0.44,15963.999961968511
8217,OK,58.600,0.44,15811.300021596253
8218,OK,62.300,0.44,15891.69999351725
8219,OK,59.900,0.44,15899.499994702637
8220,OK,58.400,0.44,15900.099999271333
8221,OK,59.400,0.44,15982.899989467114
8222,OK,78.600,0.44,15863.000007811934
8223,OK,60.600,0.44,15810.900018550456
8224,OK,73.200,0.44,15920.799982268363
8225,OK,57.300,0.44,15862.300002481788
8226,OK,56.400,0.44,15907.599998172373
8227,OK,55.400,0.44,15897.900040727109
8228,OK,78.200,0.44,15899.399993941188
8229,OK,108.900,0.44,15858.700033277273
8230,OK,66.500,0.44,15834.300022106618
8231,OK,70.200,0.44,15929.199988022447
8232,OK,56.200,0.44,15902.600018307567
8233,OK,47.800,0.44,15937.80005350709
8234,OK,51.800,0.44,15884.699998423457
8235,OK,64.800,0.44,15929.399989545345
8236,OK,192.000,0.44,15644.499973859638
8237,OK,60.900,0.44,15960.099990479648
8238,OK,64.100,0.44,15972.299966961145
8239,OK,101.600,0.44,15840.100008063018
8240,OK,69.100,0.44,15865.699970163405
8241,OK,63.600,0.44,15900.200000032783
8242,OK,80.500,0.44,15857.70002566278
8243,OK,60.500,0.44,15904.099971521646
8244,OK,59.500,0.44,15906.59999055788
8245,OK,60.500,0.44,15819.400025065988
8246,OK,45.900,0.44,15916.300006210804
8247,OK,60.100,0.44,15948.10001552105
8248,OK,118.000,0.44,15756.000007968396
8249,OK,58.800,0.44,15912.899980321527
8250,OK,65.200,0.44,15888.90003040433
8251,OK,98.900,0.44,15726.400015410036
8252,OK,83.800,0.44,15928.90004394576
8253,OK,70.900,0.44,15871.600015088916
8254,OK,92.600,0.44,15836.800041142851
8255,OK,60.000,0.44,15890.19998209551
8256,OK,77.900,0.44,15877.199999522418
8257,OK,87.600,0.44,15885.000000707805
8258,OK,67.100,0.44,15959.199983626604
8259,OK,135.200,0.44,15704.300021752715
8260,OK,83.900,0.44,15875.50004478544
8261,OK,74.700,0.44,15853.19999139756
8262,OK,82.800,0.44,15880.200022365898
8263,OK,76.100,0.44,15871.699957642704
8264,OK,75.600,0.44,15884.799999184906
8265,OK,74.300,0.44,15880.899969488382
8266,OK,76.500,0.44,15864.599961787462
8267,OK,76.000,0.44,15929.000044707209
8268,OK,57.900,0.44,15817.400009837002
8269,OK,102.800,0.44,15865.099965594709
8270,OK,64.900,0.44,15850.900032091886
8271,OK,65.000,0.44,15905.299980659038
8272,OK,86.600,0.44,15889.900038018823
8273,OK,76.000,0.44,15887.499961536378
8274,OK,84.100,0.44,15861.899999435991
8275,OK,83.000,0.44,15846.499998588115
8276,OK,84.700,0.44,15840.900014154613
8277,OK,76.700,0.44,15860.099985729903
8278,OK,64.300,0.44,15918.699966277927
8279,OK,83.700,0.44,15849.200019147247
8280,OK,73.000,0.44,15881.099971011281
8281,OK,66.300,0.44,15915.800002403557
8282,OK,101.500,0.44,18098.699976690114
8283,OK,115.200,0.44,13503.899972420186
8284,OK,77.800,0.44,15967.09998557344
8285,OK,66.200,0.44,15794.500010088086
8286,OK,71.500,0.44,15911.300026345998
8287,OK,84.700,0.44,15864.000015426427
8288,OK,83.700,0.44,15867.799986153841
8289,OK,67.800,0.44,15890.600043348968
8290,OK,80.600,0.44,15853.499993681908
8291,OK,79.800,0.44,15905.799984466285
8292,OK,80.900,0.44,15780.199959408492
8293,OK,52.700,0.44,15932.400012388825
8294,OK,61.200,0.44,15915.999945718795
8295,OK,83.100,0.44,15932.300011627376
8296,OK,133.300,0.44,20633.300009649247
8297,OK,118.300,0.44,12003.499956335872
8298,OK,123.300,0.44,14696.799975354224
8299,OK,78.100,0.44,15854.7000028193
8300,OK,48.800,0.44,15928.70004242286
8301,OK,69.600,0.44,15837.299986742437
8302,OK,61.800,0.44,15865.10002380237
8303,OK,54.100,0.44,15909.800014924258
8304,OK,51.300,0.44,15924.599952995777
8305,OK,66.300,0.44,15858.200029470026
8306,OK,58.200,0.44,15945.899998769164
8307,OK,84.200,0.44,15907.199995126575
8308,OK,154.500,0.44,15771.900012623519
8309,OK,139.800,0.44,15744.89998165518
8310,OK,79.200,0.44,15840.100008063018
8311,OK,83.400,0.44,16219.30004330352
8312,OK,88.900,0.44,18063.49999969825
8313,OK,128.200,0.44,13231.799995992333
8314,OK,58.800,0.44,15870.299946982414
8315,OK,47.300,0.44,15943.699982017279
8316,OK,77.100,0.44,15921.499987598509
8317,OK,54.700,0.44,15849.700022954494
8318,OK,72.100,0.44,15867.400041315705
8319,OK,81.700,0.44,15919.099969323725
8320,OK,67.800,0.44,15906.299988273531
8321,OK,66.900,0.44,15832.200006116182
8322,OK,93.200,0.44,23917.59998863563
8323,OK,102.400,0.44,15776.19998715818
8324,OK,92.000,0.44,7861.300022341311
8325,OK,99.100,0.44,15829.000039957464
8326,OK,91.400,0.44,15897.799981757998
8327,OK,83.000,0.44,15845.69999249652
8328,OK,82.400,0.44,15867.399983108044
8329,OK,87.900,0.44,15825.999958906323
8330,OK,90.500,0.44,16077.700012829155
8331,OK,87.200,0.44,15627.400018274784
8332,OK,95.100,0.44,15811.199962627143
8333,OK,83.200,0.44,15886.200009845197
8334,OK,88.900,0.44,15839.90000654012
8335,OK,85.800,0.44,15874.899982009083
8336,OK,68.100,0.44,15906.099986750633
8337,OK,97.100,0.44,15822.499990463257
8338,OK,95.400,0.44,19269.199983682483
8339,OK,96.100,0.44,13697.49999139458
8340,OK,90.300,0.44,14676.000049803406
8341,OK,87.300,0.44,15820.200031157583
8342,OK,129.700,0.44,15690.500033088028
8343,OK,87.900,0.44,15912.60003624484
8344,OK,86.500,0.44,15829.599986318499
8345,OK,67.500,0.44,15917.499957140535
8346,OK,100.800,0.44,15823.299996554852
8347,OK,90.100,0.44,15818.699961528182
8348,OK,59.800,0.44,15891.7999942787
8349,OK,64.100,0.44,15886.400011368096
8350,OK,92.400,0.44,15876.699995715171
8351,OK,94.200,0.44,15911.400027107447
8352,OK,103.900,0.44,15783.200040459633
8353,OK,84.700,0.44,15839.500003494322
8354,OK,73.500,0.44,15893.30000570044
8355,OK,79.500,0.44,15846.199996303767
8356,OK,79.600,0.44,15902.599960099906
8357,OK,68.200,0.44,15857.999969739467
8358,OK,65.300,0.44,15837.700047995895
8359,OK,54.600,0.44,15893.400006461889
8360,OK,43.700,0.44,15925.899962894619
8361,OK,42.000,0.44,15963.899961207062
8362,OK,34.900,0.44,15996.8999796547
8363,OK,139.200,0.44,15755.900007206947
8364,OK,50.100,0.44,16009.500017389655
8365,OK,59.400,0.44,15771.100006531924
8366,OK,76.500,0.44,15914.799994789064
8367,OK,66.100,0.44,15873.89997439459
8368,OK,68.700,0.44,15890.29998285696
8369,OK,52.700,0.44,15981.499978806823
8370,OK,58.400,0.44,15893.30000570044
8371,OK,54.100,0.44,15911.599970422685
8372,OK,152.700,0.44,15701.399999670684
8373,OK,74.700,0.44,15956.300019752234
8374,OK,168.400,0.44,15717.000002041459
8375,OK,61.600,0.44,15901.599952485412
8376,OK,80.900,0.44,15844.30004004389
8377,OK,142.000,0.44,15706.7000400275
8378,OK,57.700,0.44,15907.200053334236
8379,OK,58.800,0.44,15936.899988446385
8380,OK,78.300,0.44,15879.700018558651
8381,OK,78.800,0.44,15853.500051889569
8382,OK,58.000,0.44,15895.000018645078
8383,OK,77.600,0.44,15915.600000880659
8384,OK,79.900,0.44,15799.599990714341
8385,OK,73.500,0.44,15946.300001814961
8386,OK,58.600,0.44,15862.10000095889
8387,OK,74.600,0.44,15900.300000794232
8388,OK,66.600,0.44,15925.400017295033
8389,OK,63.200,0.44,15837.800048757344
8390,OK,56.500,0.44,15919.300029054284
8391,OK,70.400,0.44,15889.700036495924
8392,OK,62.100,0.44,15857.200021855533
8393,OK,72.400,0.44,15946.300001814961
8394,OK,59.200,0.44,15843.199973460287
8395,OK,57.300,0.44,15949.799970258027
8396,OK,50.100,0.44,15883.700049016625
8397,OK,68.200,0.44,15964.200021699071
8398,OK,60.000,0.44,15873.699972871691
8399,OK,59.100,0.44,15908.800007309765
8400,OK,62.400,0.44,15853.799995966256
8401,OK,51.000,0.44,15831.299999263138
8402,OK,40.500,0.44,15905.199979897588
8403,OK,44.200,0.44,15975.499991327524
8404,OK,46.700,0.44,15891.69999351725
8405,OK,43.700,0.44,15894.60001559928
8406,OK,42.700,0.44,15914.699994027615
8407,OK,49.800,0.44,15921.39998683706
8408,OK,79.900,0.44,15930.09999487549
8409,OK,84.000,0.44,15827.000024728477
8410,OK,65.800,0.44,15856.699959840626
8411,OK,83.700,0.44,15872.800024226308
8412,OK,83.000,0.44,16067.599994130433
8413,OK,224.400,0.44,15361.40003008768
8414,OK,77.300,0.44,15849.299961701035
8415,OK,80.700,0.44,15842.600027099252
8416,OK,57.100,0.44,15993.000008165836
8417,OK,85.600,0.44,15861.499996390194
8418,OK,58.700,0.44,15927.799977362156
8419,OK,80.000,0.44,15797.400032170117
8420,OK,58.000,0.44,15921.599988359958
8421,OK,83.200,0.44,15890.09998133406
8422,OK,58.500,0.44,15854.500001296401
8423,OK,71.200,0.44,15906.899992842227
8424,OK,94.500,0.44,15800.399996805936
8425,OK,80.000,0.44,15907.399996649474
8426,OK,75.500,0.44,15858.899976592511
8427,OK,45.100,0.44,15924.000006634742
8428,OK,67.500,0.44,15872.40002118051
8429,OK,84.700,0.44,15926.499967463315
8430,OK,62.600,0.44,15881.599974818528
8431,OK,83.600,0.44,15891.899995040148
8432,OK,75.300,0.44,15861.199994105846
8433,OK,76.600,0.44,15903.900028206408
8434,OK,59.500,0.44,15814.600046724081
8435,OK,74.800,0.44,15936.900046654046
8436,OK,61.500,0.44,15824.499947484583
8437,OK,61.900,0.44,15921.100042760372
8438,OK,61.800,0.44,15924.499952234328
8439,OK,58.600,0.44,15870.100003667176
8440,OK,59.200,0.44,15867.499983869493
8441,OK,75.200,0.44,15902.999963145703
8442,OK,59.800,0.44,15899.19999241829
8443,OK,57.600,0.44,15919.100027531385
8444,OK,59.300,0.44,15852.199983783066
8445,OK,87.700,0.44,15871.099953074008
8446,OK,79.100,0.44,15882.499981671572
8447,OK,90.800,0.44,15882.099978625774
8448,OK,69.200,0.44,15869.099996052682
8449,OK,83.700,0.44,15903.899969998747
8450,OK,83.600,0.44,15848.399954847991
8451,OK,63.300,0.44,15892.600000370294
8452,OK,86.400,0.44,15805.199975147843
8453,OK,82.000,0.44,15893.800009507686
8454,OK,53.300,0.44,15939.500008244067
8455,OK,61.100,0.44,15874.799981247634
8456,OK,78.400,0.44,15826.100017875433
8457,OK,88.800,0.44,15839.100000448525
8458,OK,63.500,0.44,15856.09995527193
8459,OK,53.800,0.44,15925.400017295033
8460,OK,49.200,0.44,15903.100022114813
8461,OK,98.600,0.44,15889.699978288263
8462,OK,51.400,0.44,15927.500033285469
8463,OK,59.600,0.44,15882.399980910122
8464,OK,69.800,0.44,15882.600040640682
8465,OK,61.300,0.44,15860.59998953715
8466,OK,76.700,0.44,16017.999965697527
8467,OK,144.900,0.44,15643.100021407008
8468,OK,80.700,0.44,15856.399957556278
8469,OK,62.900,0.44,15916.199947241694
8470,OK,76.400,0.44,15857.70002566278
8471,OK,62.200,0.44,15976.599999703467
8472,OK,73.100,0.44,15777.49999705702
8473,OK,82.100,0.44,15890.000038780272
8474,OK,98.600,0.44,15850.599971599877
8475,OK,72.100,0.44,15838.199993595481
8476,OK,54.600,0.44,15947.200008668005
8477,OK,55.200,0.44,15887.20001745969
8478,OK,78.100,0.44,15847.800008486956
8479,OK,83.600,0.44,15924.800012726337
8480,OK,65.400,0.44,15835.699974559247
8481,OK,80.100,0.44,15870.100003667176
8482,OK,78.000,0.44,15926.800027955323
8483,OK,56.200,0.44,15846.299997065216
8484,OK,49.700,0.44,15890.000038780272
8485,OK,67.200,0.44,15967.699990142137
8486,OK,108.300,0.44,15792.899997904897
8487,OK,63.400,0.44,15919.89997541532
8488,OK,133.500,0.44,15808.69994359091
8489,OK,69.000,0.44,15888.200025074184
8490,OK,67.300,0.44,15873.099968302995
8491,OK,58.600,0.44,15849.200019147247
8492,OK,78.700,0.44,15942.699974402785
8493,OK,61.400,0.44,15932.000009343028
8494,OK,140.400,0.44,15771.500009577721
8495,OK,81.300,0.44,15835.599973797798
8496,OK,57.000,0.44,15950.399974826723
8497,OK,84.700,0.44,15865.900029893965
8498,OK,119.400,0.44,15734.900021925569
8499,OK,102.900,0.44,15898.800047580153
8500,OK,129.100,0.44,15782.599977683276
8501,OK,68.400,0.44,15708.999999333173
8502,OK,76.500,0.44,16215.99995996803
8503,OK,62.500,0.44,15591.899980790913
8504,OK,62.500,0.44,15825.500013306737
8505,OK,54.600,0.44,15888.300025835633
8506,OK,53.500,0.44,15900.599944870919
8507,OK,69.000,0.44,15875.199984293431
8508,OK,68.600,0.44,15885.8000067994
8509,OK,79.100,0.44,15940.200013574213
8510,OK,82.700,0.44,15833.600016776472
8511,OK,56.000,0.44,15837.299986742437
8512,OK,90.200,0.44,15927.399974316359
8513,OK,94.600,0.44,15874.10003412515
8514,OK,59.200,0.44,15861.599997151643
8515,OK,79.600,0.44,16368.500015232712
8516,OK,84.700,0.44,15419.500006828457
8517,OK,90.000,0.44,26124.100026208907
8518,OK,84.900,0.44,10505.200014449656
8519,OK,103.100,0.44,12132.400006521493
8520,OK,98.000,0.44,18363.10001090169
8521,OK,93.200,0.44,25673.999974969774
8522,OK,91.000,0.44,18475.79999594018
8523,OK,102.800,0.44,15575.800032820553
8524,OK,69.700,0.44,15924.600011203438
8525,OK,67.000,0.44,15850.899973884225
8526,OK,92.600,0.44,15846.599999349564
8527,OK,73.900,0.44,15877.600002568215
8528,OK,87.600,0.44,15811.199962627143
8529,OK,56.900,0.44,16021.599993109703
8530,OK,59.200,0.44,15817.000006791204
8531,OK,52.900,0.44,15929.499990306795
8532,OK,57.700,0.44,15912.799979560077
8533,OK,61.200,0.44,15888.600028119981
8534,OK,47.900,0.44,15893.10000417754
8535,OK,78.100,0.44,22735.00000592321
8536,OK,79.600,0.44,18604.099983349442
8537,OK,96.200,0.44,14695.300022140145
8538,OK,92.200,0.44,10268.000012729317
8539,OK,84.200,0.44,12994.399992749095
8540,OK,67.900,0.44,15891.400049440563
8541,OK,70.400,0.44,15910.200017970055
8542,OK,102.300,0.44,15812.99997633323
8543,OK,76.600,0.44,15932.100010104477
8544,OK,108.700,0.44,15767.30003580451
8545,OK,87.400,0.44,15884.899999946356
8546,OK,66.600,0.44,15871.00001052022
8547,OK,62.700,0.44,15916.200005449355
8548,OK,64.800,0.44,15890.09998133406
8549,OK,64.500,0.44,15899.699996225536
8550,OK,81.000,0.44,15804.2999682948
8551,OK,61.100,0.44,15895.200020167977
8552,OK,73.200,0.44,15878.200007136911
8553,OK,74.600,0.44,15978.700015693903
8554,OK,132.200,0.44,15672.300010919571
8555,OK,70.000,0.44,15864.800021518022
8556,OK,100.500,0.44,15843.299974221736
8557,OK,93.100,0.44,15845.599991735071
8558,OK,74.000,0.44,15913.199982605875
8559,OK,60.000,0.44,15863.699954934418
8560,OK,52.100,0.44,15932.300011627376
8561,OK,70.900,0.44,15825.099952053279
8562,OK,65.000,0.44,15918.39996399358
8563,OK,53.600,0.44,16147.300018928945
8564,OK,123.800,0.44,15589.100017677993
8565,OK,90.200,0.44,15798.799984622747
8566,OK,78.500,0.44,15883.599990047514
8567,OK,84.600,0.44,15915.50000011921
8568,OK,70.100,0.44,15867.99998767674
8569,OK,76.100,0.44,15908.800007309765
8570,OK,71.500,0.44,15825.400012545288
8571,OK,81.100,0.44,15935.199975501746
8572,OK,66.600,0.44,15880.499966442585
8573,OK,67.100,0.44,15921.499987598509
8574,OK,64.700,0.44,15906.999993603677
8575,OK,63.700,0.44,15896.999975666404
8576,OK,64.900,0.44,15888.600028119981
8577,OK,61.300,0.44,15832.900011446327
8578,OK,101.900,0.44,15860.199986491352
8579,OK,131.100,0.44,15722.999989520758
8580,OK,55.400,0.44,15912.000031676143
8581,OK,60.500,0.44,15946.200001053512
8582,OK,71.100,0.44,15888.899972196668
8583,OK,80.200,0.44,15956.500021275133
8584,OK,61.500,0.44,15862.600004766136
8585,OK,64.800,0.44,15907.699998933822
8586,OK,60.000,0.44,15914.799994789064
8587,OK,115.300,0.44,15761.399990879
8588,OK,60.300,0.44,15936.799987684935
8589,OK,86.200,0.44,15766.499971505255
8590,OK,96.100,0.44,15841.200016438961
8591,OK,89.300,0.44,15807.399991899729
8592,OK,75.200,0.44,15880.800026934594
8593,OK,80.400,0.44,15867.100039031357
8594,OK,86.700,0.44,15861.599997151643
8595,OK,88.000,0.44,15838.799998164177
8596,OK,75.600,0.44,15885.400003753603
8597,OK,74.800,0.44,15819.499967619777
8598,OK,75.200,0.44,29193.999944254756
8599,OK,102.500,0.44,23247.80001072213
8600,OK,86.200,0.44,16444.3000103347
8601,OK,140.600,0.44,8822.400006465614
8602,OK,87.700,0.44,15851.499978452921
8603,OK,85.100,0.44,15864.400018472224
8604,OK,88.100,0.44,22224.10001559183
8605,OK,104.100,0.44,9503.10000916943
8606,OK,107.200,0.44,15751.300030387938
8607,OK,89.100,0.44,15871.799958404154
8608,OK,105.300,0.44,15839.700005017221
8609,OK,121.400,0.44,15983.59999479726
8610,OK,99.200,0.44,15658.799966331571
8611,OK,111.100,0.44,15825.600014068186
8612,OK,92.300,0.44,15827.100025489926
8613,OK,92.400,0.44,15806.199982762337
8614,OK,66.600,0.44,33578.400034457445
8615,OK,123.500,0.44,14151.599956676364
8616,OK,90.400,0.44,15763.300005346537
8617,OK,88.000,0.44,15906.200045719743
8618,OK,123.800,0.44,16826.80001249537
8619,OK,96.600,0.44,14834.099973086268
8620,OK,89.200,0.44,15817.000006791204
8621,OK,89.000,0.44,15854.299999773502
8622,OK,137.600,0.44,15794.00000628084
8623,OK,99.200,0.44,15829.899988602847
8624,OK,99.500,0.44,15847.600006964058
8625,OK,69.800,0.44,15889.399976003915
8626,OK,82.900,0.44,15821.099979802966
8627,OK,71.200,0.44,15882.199979387224
8628,OK,83.300,0.44,15876.200050115585
8629,OK,67.400,0.44,15955.600014422089
8630,OK,149.500,0.44,15697.299968451262
8631,OK,78.500,0.44,15859.000035561621
8632,OK,63.900,0.44,15870.100003667176
8633,OK,98.600,0.44,15851.100033614784
8634,OK,60.400,0.44,15906.49998979643
8635,OK,88.400,0.44,15881.899977102876
8636,OK,106.100,0.44,15864.400018472224
8637,OK,84.000,0.44,15861.699997913092
8638,OK,61.000,0.44,15928.200038615614
8639,OK,151.600,0.44,16494.39998436719
8640,OK,112.000,0.44,43958.90003070235
8641,OK,120.400,0.44,54649.40000092611
8642,OK,92.800,0.44,25271.49999514222
8643,OK,84.700,0.44,19780.299975536764
8644,OK,94.800,0.44,14980.60004087165
8645,OK,108.900,0.44,15510.099998209625
8646,OK,85.400,0.44,15829.29998403415
8647,OK,96.300,0.44,15864.400018472224
8648,OK,93.400,0.44,15834.600024390966
8649,OK,70.400,0.44,15901.299950201064
8650,OK,93.400,0.44,15841.799962799996
8651,OK,73.600,0.44,15871.500014327466
8652,OK,88.700,0.44,23737.400013487786
8653,OK,110.400,0.44,7931.899977847934
8654,OK,110.800,0.44,15837.800048757344
8655,OK,94.700,0.44,15773.699968121946
8656,OK,85.200,0.44,15881.900035310537
8657,OK,96.400,0.44,15833.500016015023
8658,OK,97.300,0.44,15811.8000254035
8659,OK,118.500,0.44,15868.600050453097
8660,OK,89.000,0.44,15831.600001547486
8661,OK,90.200,0.44,15867.599984630942
8662,OK,67.700,0.44,15952.49999081716
8663,OK,90.500,0.44,15696.699963882565
8664,OK,71.300,0.44,15855.300007387996
8665,OK,62.800,0.44,16036.100045312196
8666,OK,136.800,0.44,15758.999972604215
8667,OK,121.600,0.44,15712.899970822036
8668,OK,87.600,0.44,15830.000047571957
8669,OK,71.000,0.44,16176.600009202957
8670,OK,99.200,0.44,15529.000025708228
8671,OK,97.400,0.44,15836.599981412292
8672,OK,61.900,0.44,15893.400006461889
8673,OK,76.800,0.44,15891.899995040148
8674,OK,71.400,0.44,15959.300042595714
8675,OK,79.200,0.44,15801.000001374632
8676,OK,53.600,0.44,15980.200027115643
8677,OK,49.300,0.44,15916.9000107795
8678,OK,44.600,0.44,15843.299974221736
8679,OK,65.000,0.44,15978.300012648106
8680,OK,54.300,0.44,15860.399988014251
8681,OK,72.800,0.44,15887.100016698241
8682,OK,52.500,0.44,15884.499996900558
8683,OK,58.400,0.44,15976.599999703467
8684,OK,152.100,0.44,15767.899982165545
8685,OK,63.200,0.44,15889.199974481016
8686,OK,55.600,0.44,15833.300014492124
8687,OK,44.400,0.44,16059.399989899248
8688,OK,38.300,0.44,15904.400032013655
8689,OK,39.600,0.44,15945.299994200468
8690,OK,74.000,0.44,15859.299979638308
8691,OK,53.500,0.44,15997.400041669607
8692,OK,156.500,0.44,15646.999992895871
8693,OK,76.000,0.44,15889.699978288263
8694,OK,83.500,0.44,15938.500000629574
8695,OK,176.100,0.44,15539.299987722188
8696,OK,60.300,0.44,15904.300031252205
8697,OK,71.700,0.44,15964.699967298657
8698,OK,104.200,0.44,15840.400010347366
8699,OK,68.000,0.44,15898.899990133941
8700,OK,88.900,0.44,15872.700023464859
8701,OK,169.300,0.44,15601.799997966737
8702,OK,66.800,0.44,15854.900004342198
8703,OK,154.800,0.44,15732.500003650784
8704,OK,74.400,0.44,15877.399942837656
8705,OK,60.400,0.44,15779.600013047457
8706,OK,73.500,0.44,15868.799993768334
8707,OK,103.500,0.44,15886.700013652444
8708,OK,85.000,0.44,15765.000018291175
8709,OK,103.500,0.44,15897.899982519448
8710,OK,75.500,0.44,15741.700015496463
8711,OK,58.700,0.44,15997.099981177598
8712,OK,95.800,0.44,15783.699986059219
8713,OK,89.200,0.44,15840.199950616807
8714,OK,127.700,0.44,15820.60003420338
8715,OK,99.100,0.44,15882.200037594885
8716,OK,53.100,0.44,26574.20001924038
8717,OK,90.100,0.44,15862.200001720339
8718,OK,88.200,0.44,37391.00001985207
8719,OK,98.100,0.44,15645.399980712682
8720,OK,128.000,0.44,15856.500016525388
8721,OK,81.200,0.44,15754.099993500859
8722,OK,75.000,0.44,15922.999999020249
8723,OK,59.600,0.44,15856.299956794828
8724,OK,73.200,0.44,15935.199975501746
8725,OK,72.500,0.44,15889.700036495924
8726,OK,79.500,0.44,15868.599992245436
8727,OK,64.600,0.44,15913.299983367324
8728,OK,63.100,0.44,15835.000027436763
8729,OK,56.000,0.44,15925.100015010685
8730,OK,63.100,0.44,15887.600020505488
8731,OK,59.100,0.44,15927.500033285469
8732,OK,83.600,0.44,15900.50000231713
8733,OK,53.100,0.44,15922.79999749735
8734,OK,52.500,0.44,15916.000003926456
8735,OK,57.400,0.44,15837.299986742437
8736,OK,50.500,0.44,15968.79999851808
8737,OK,49.200,0.44,15940.60001662001
8738,OK,64.800,0.44,15911.899972707033
8739,OK,46.600,0.44,15924.600011203438
8740,OK,51.300,0.44,15916.9000107795
8741,OK,53.800,0.44,15918.599965516478
8742,OK,57.500,0.44,15881.100029218942
8743,OK,56.200,0.44,15897.5999802351
8744,OK,55.100,0.44,15912.800037767738
8745,OK,53.200,0.44,15895.499964244664
8746,OK,52.500,0.44,15913.099981844425
8747,OK,48.100,0.44,15852.799988351762
8748,OK,38.500,0.44,15939.500008244067
8749,OK,40.300,0.44,15954.600006807595
8750,OK,66.800,0.44,15831.299999263138
8751,OK,46.600,0.44,15994.100016541779
8752,OK,44.200,0.44,15950.199973303825
8753,OK,65.400,0.44,15915.199997834861
8754,OK,56.900,0.44,15853.699995204806
8755,OK,80.900,0.44,15909.200010355562
8756,OK,73.300,0.44,16197.299992199987
8757,OK,148.100,0.44,15396.000002510846
8758,OK,72.000,0.44,15798.100037500262
8759,OK,51.900,0.44,15889.399976003915
8760,OK,56.000,0.44,15976.900001987815
8761,OK,53.800,0.44,15903.300023637712
8762,OK,76.700,0.44,15870.600007474422
8763,OK,74.400,0.44,15842.899971175939
8764,OK,84.700,0.44,15846.9999441877
8765,OK,61.400,0.44,15905.900043435395
8766,OK,64.500,0.44,15921.999991405755
8767,OK,91.400,0.44,15824.800007976592
8768,OK,69.500,0.44,15916.300006210804
8769,OK,66.000,0.44,15872.60002270341
8770,OK,60.900,0.44,15916.999953333288
8771,OK,81.200,0.44,15808.80000256002
8772,OK,60.000,0.44,15951.399982441217
8773,OK,60.500,0.44,15876.89999723807
8774,OK,61.100,0.44,15939.500008244067
8775,OK,59.700,0.44,15883.299987763166
8776,OK,59.100,0.44,15919.300029054284
8777,OK,58.700,0.44,15892.800001893193
8778,OK,55.200,0.44,15865.600027609617
8779,OK,62.000,0.44,15864.100016187876
8780,OK,77.900,0.44,15902.899962384254
8781,OK,100.600,0.44,15849.100018385798
8782,OK,69.200,0.44,15908.500005025417
8783,OK,71.000,0.44,15874.699980486184
8784,OK,66.800,0.44,15866.70003598556
8785,OK,85.100,0.44,15883.999993093312
8786,OK,83.800,0.44,15832.800010684878
8787,OK,65.700,0.44,15876.800054684281
8788,OK,56.500,0.44,15972.000022884458
8789,OK,62.300,0.44,15931.900008581579
8790,OK,61.200,0.44,15908.700006548315
8791,OK,79.600,0.44,15827.99997413531
8792,OK,92.800,0.44,15860.799991060048
8793,OK,87.000,0.44,15812.000026926398
8794,OK,75.400,0.44,15957.799972966313
8795,OK,95.400,0.44,15817.50001059845
8796,OK,66.100,0.44,15893.000003416091
8797,OK,68.700,0.44,15859.899984207004
8798,OK,64.300,0.44,15903.800027444959
8799,OK,61.100,0.44,15913.699986413121
8800,OK,87.500,0.44,15862.900007050484
8801,OK,102.700,0.44,15634.599956683815
8802,OK,50.400,0.44,15950.79997787252
8803,OK,67.900,0.44,15888.200025074184
8804,OK,84.300,0.44,15833.500016015023
8805,OK,60.500,0.44,15926.600026432425
8806,OK,89.900,0.44,15914.099989458919
8807,OK,84.400,0.44,15898.199984803796
8808,OK,62.600,0.44,15931.500005535781
8809,OK,125.100,0.44,15723.499993328005
8810,OK,82.500,0.44,15813.30003682524
8811,OK,68.200,0.44,18085.599993355572
8812,OK,82.800,0.44,13619.600038509816
8813,OK,68.600,0.44,15878.40000865981
8814,OK,94.500,0.44,15888.000023551285
8815,OK,61.500,0.44,15848.80001610145
8816,OK,81.800,0.44,15883.899992331862
8817,OK,78.400,0.44,15919.69997389242
8818,OK,159.700,0.44,15748.10000602156
8819,OK,84.000,0.44,15862.500004004687
8820,OK,82.200,0.44,15883.799991570413
8821,OK,84.200,0.44,15804.599970579147
8822,OK,60.500,0.44,16025.10001976043
8823,OK,66.400,0.44,15795.40001694113
8824,OK,99.900,0.44,15905.499982181937
8825,OK,62.400,0.44,15799.399989191443
8826,OK,77.300,0.44,15975.799993611872
8827,OK,62.200,0.44,15895.299962721765
8828,OK,70.300,0.44,15813.799982424825
8829,OK,59.200,0.44,15906.099986750633
8830,OK,96.000,0.44,15832.999954000115
8831,OK,57.600,0.44,15907.90000045672
8832,OK,64.700,0.44,15895.800024736673
8833,OK,62.300,0.44,15899.999998509884
8834,OK,71.600,0.44,15818.600018974394
8835,OK,58.500,0.44,15957.799972966313
8836,OK,66.000,0.44,15918.099961709231
8837,OK,55.300,0.44,15866.60003522411
8838,OK,74.100,0.44,15886.200009845197
8839,OK,61.700,0.44,15856.199956033379
8840,OK,63.100,0.44,15896.499971859157
8841,OK,51.600,0.44,15978.100011125207
8842,OK,57.800,0.44,15894.100011792034
8843,OK,89.000,0.44,15805.200033355504
8844,OK,58.700,0.44,15899.699996225536
8845,OK,85.300,0.44,15869.900002144277
8846,OK,68.900,0.44,15862.00000019744
8847,OK,66.000,0.44,15904.600033536553
8848,OK,95.200,0.44,15851.000032853335
8849,OK,69.600,0.44,16013.40004708618
8850,OK,70.100,0.44,15802.100009750575
8851,OK,69.000,0.44,15891.499991994351
8852,OK,66.900,0.44,15822.899993509054
8853,OK,59.200,0.44,15952.199988532811
8854,OK,74.600,0.44,15824.900008738041
8855,OK,65.200,0.44,15945.699997246265
8856,OK,76.500,0.44,15846.599999349564
8857,OK,81.000,0.44,15886.700013652444
8858,OK,79.700,0.44,15803.800022695214
8859,OK,54.300,0.44,15936.30004208535
8860,OK,54.100,0.44,15937.799995299429
8861,OK,72.400,0.44,15891.69999351725
8862,OK,65.300,0.44,15903.300023637712
8863,OK,69.700,0.44,15866.400033701211
8864,OK,61.400,0.44,15815.699996892363
8865,OK,56.700,0.44,15925.59996061027
8866,OK,73.700,0.44,15895.499964244664
8867,OK,69.100,0.44,15922.499995213002
8868,OK,96.600,0.44,15780.000016093254
8869,OK,63.600,0.44,15913.299983367324
8870,OK,125.400,0.44,15706.699981819838
8871,OK,63.800,0.44,15917.600016109645
8872,OK,73.400,0.44,15871.400013566017
8873,OK,68.700,0.44,15922.199992928654
8874,OK,72.800,0.44,15885.200002230704
8875,OK,78.300,0.44,15839.90000654012
8876,OK,91.900,0.44,15875.999990385026
8877,OK,69.500,0.44,15913.99998869747
8878,OK,62.300,0.44,15919.299970846623
8879,OK,63.000,0.44,15878.799953497946
8880,OK,83.500,0.44,15853.999997489154
8881,OK,74.400,0.44,15880.499966442585
8882,OK,136.800,0.44,15772.000013384968
8883,OK,89.800,0.44,15871.400013566017
8884,OK,69.800,0.44,15888.80002964288
8885,OK,82.300,0.44,15866.499976255
8886,OK,70.800,0.44,15804.800030309707
8887,OK,58.700,0.44,15908.600005786866
8888,OK,62.200,0.44,15930.09999487549
8889,OK,97.700,0.44,15878.999955020845
8890,OK,75.500,0.44,15876.399993430823
8891,OK,72.800,0.44,15889.400034211576
8892,OK,71.400,0.44,15923.600003588945
8893,OK,61.300,0.44,16263.400029856712
8894,OK,170.600,0.44,15273.099998012185
8895,OK,62.000,0.44,15900.900005362928
8896,OK,77.100,0.44,15845.200046896935
8897,OK,57.600,0.44,15911.800030153245
8898,OK,59.700,0.44,15904.299973044544
8899,OK,57.100,0.44,15890.399983618408
8900,OK,73.900,0.44,15945.999999530613
8901,OK,69.800,0.44,15774.899977259338
8902,OK,73.000,0.44,15766.200027428567
8903,OK,89.200,0.44,15849.900024477392
8904,OK,91.400,0.44,15914.999996311963
8905,OK,80.100,0.44,15827.700030058622
8906,OK,76.800,0.44,16793.599992524832
8907,OK,98.800,0.44,14923.299953807145
8908,OK,120.800,0.44,16816.3999915123
8909,OK,87.600,0.44,14948.999974876642
8910,OK,65.400,0.44,15754.399995785207
8911,OK,85.300,0.44,15834.699966944754
8912,OK,80.500,0.44,18433.700024615973
8913,OK,108.200,0.44,13290.099974256009
8914,OK,95.100,0.44,15868.699993006885
8915,OK,109.800,0.44,15792.000049259514
8916,OK,97.200,0.44,15867.499983869493
8917,OK,97.400,0.44,15840.400010347366
8918,OK,87.000,0.44,15831.900003831834
8919,OK,96.700,0.44,17259.599990211427
8920,OK,84.500,0.44,14451.300026848912
8921,OK,88.700,0.44,15855.400008149445
8922,OK,65.600,0.44,15904.89997761324
8923,OK,84.300,0.44,15856.600017286837
8924,OK,84.000,0.44,15845.100046135485
8925,OK,81.700,0.44,15840.200008824468
8926,OK,79.100,0.44,15881.40003150329
8927,OK,85.000,0.44,15883.899992331862
8928,OK,91.600,0.44,15795.600018464029
8929,OK,58.500,0.44,15912.099974229932
8930,OK,47.100,0.44,15956.999966874719
8931,OK,100.800,0.44,15841.200016438961
8932,OK,89.800,0.44,15957.799972966313
8933,OK,98.000,0.44,15755.600004922599
8934,OK,90.300,0.44,15831.600001547486
8935,OK,90.200,0.44,15835.999976843596
8936,OK,67.600,0.44,15876.79999647662
8937,OK,60.500,0.44,15899.499994702637
8938,OK,58.600,0.44,15982.899989467114
8939,OK,82.500,0.44,15865.00002304092
8940,OK,61.100,0.44,15946.100000292063
8941,OK,59.200,0.44,15924.799954518676
8942,OK,62.600,0.44,15865.20002456382
8943,OK,58.700,0.44,15924.500010441989
8944,OK,79.700,0.44,15807.09998961538
8945,OK,70.700,0.44,15847.999951802194
8946,OK,68.900,0.44,15934.500028379261
8947,OK,57.400,0.44,15958.899981342256
8948,OK,144.000,0.44,15929.899993352592
8949,OK,147.800,0.44,16472.49999223277
8950,OK,100.900,0.44,14785.500010475516
8951,OK,90.100,0.44,15848.400013055652
8952,OK,148.700,0.44,15757.300017867237
8953,OK,115.000,0.44,15781.400026753545
8954,OK,92.000,0.44,15928.499982692301
8955,OK,81.200,0.44,15809.000004082918
8956,OK,78.700,0.44,15856.500016525388
8957,OK,72.400,0.44,15885.500004515052
8958,OK,75.200,0.44,15886.100009083748
8959,OK,59.600,0.44,15906.49998979643
8960,OK,76.300,0.44,23486.30002234131
8961,OK,157.700,0.44,9505.100024398416
8962,OK,106.000,0.44,18113.200028892606
8963,OK,95.400,0.44,12412.89998870343
8964,OK,91.100,0.44,24204.300018027425
8965,OK,92.500,0.44,40596.50003910065
8966,OK,106.800,0.44,27543.30000607297
8967,OK,90.200,0.44,16232.40002663806
8968,OK,95.500,0.44,34916.59997962415
8969,OK,105.000,0.44,23823.399969842285
8970,OK,90.800,0.44,20295.399997849017
8971,OK,101.500,0.44,29015.000036451966
8972,OK,88.100,0.44,15071.799978613853
8973,OK,97.300,0.44,13213.10002822429
8974,OK,92.600,0.44,9074.499947018921
8975,OK,112.000,0.44,15836.300037335604
8976,OK,73.600,0.44,15873.600030317903
8977,OK,103.300,0.44,15886.300010606647
8978,OK,138.400,0.44,15725.899953395128
8979,OK,82.500,0.44,15872.899966780096
8980,OK,75.800,0.44,15862.10000095889
8981,OK,71.800,0.44,15885.200002230704
8982,OK,74.700,0.44,15883.399988524616
8983,OK,63.300,0.44,16005.499986931682
8984,OK,139.400,0.44,15728.59997395426
8985,OK,122.300,0.44,15732.100000604987
8986,OK,60.600,0.44,15976.19999665767
8987,OK,64.300,0.44,15937.199990730733
8988,OK,81.900,0.44,15754.299995023757
8989,OK,79.200,0.44,15875.200042501092
8990,OK,91.700,0.44,15861.199994105846
8991,OK,99.200,0.44,15843.400033190846
8992,OK,97.400,0.44,15871.799958404154
8993,OK,90.700,0.44,15826.000017113984
8994,OK,94.100,0.44,15807.09998961538
8995,OK,88.300,0.44,15878.800011705607
8996,OK,88.000,0.44,15883.899992331862
8997,OK,66.200,0.44,15869.700000621378
8998,OK,86.600,0.44,15876.89999723807
8999,OK,95.600,0.44,15834.00001982227
9000,OK,64.400,0.44,15898.399986326694
9001,OK,103.100,0.44,15802.299953065813
9002,OK,144.500,0.44,15688.000014051795
9003,OK,91.500,0.44,15985.800011549145
9004,OK,92.900,0.44,15878.000005614012
9005,OK,76.400,0.44,15675.50003528595
9006,OK,160.100,0.44,15804.799972102046
9007,OK,93.200,0.44,15953.599999193102
9008,OK,212.300,0.44,15623.899991624057
9009,OK,99.300,0.44,15677.599993068725
9010,OK,92.000,0.44,16044.099989812821
9011,OK,101.300,0.44,15773.899969644845
9012,OK,94.300,0.44,15744.300035294145
9013,OK,94.900,0.44,15810.20001322031
9014,OK,85.400,0.44,15889.000031165779
9015,OK,90.500,0.44,15852.099983021617
9016,OK,84.300,0.44,15936.799987684935
9017,OK,107.700,0.44,15787.79995907098
9018,OK,115.700,0.44,15796.000021509826
9019,OK,107.900,0.44,15811.59996567294
9020,OK,74.900,0.44,15866.199973970652
9021,OK,97.300,0.44,15849.900024477392
9022,OK,105.200,0.44,20541.900012176484
9023,OK,88.200,0.44,11250.800045672804
9024,OK,88.900,0.44,15775.99998563528
9025,OK,69.300,0.44,15853.899996727705
9026,OK,63.000,0.44,15897.199977189302
9027,OK,57.700,0.44,15969.500003848225
9028,OK,64.300,0.44,15879.700018558651
9029,OK,54.400,0.44,15856.700018048286
9030,OK,85.200,0.44,15875.599987339228
9031,OK,65.800,0.44,15938.199998345226
9032,OK,70.300,0.44,15877.400001045316
9033,OK,102.000,0.44,15844.29998183623
9034,OK,97.200,0.44,15810.500015504658
9035,OK,103.600,0.44,15874.499978963286
9036,OK,82.900,0.44,15832.800010684878
9037,OK,89.000,0.44,16372.299985960126
9038,OK,105.500,0.44,15310.500049963593
9039,OK,100.000,0.44,15912.100032437593
9040,OK,99.600,0.44,15769.799996633083
9041,OK,104.200,0.44,15817.59995315224
9042,OK,71.500,0.44,15894.799958914518
9043,OK,91.500,0.44,15825.400012545288
9044,OK,91.600,0.44,15815.499995369464
9045,OK,89.300,0.44,15879.200014751405
9046,OK,60.800,0.44,15890.09998133406
9047,OK,61.000,0.44,15920.099976938218
9048,OK,103.100,0.44,15906.39998903498
9049,OK,125.400,0.44,15744.599979370832
9050,OK,98.800,0.44,15798.100037500262
9051,OK,64.200,0.44,15894.400014076382
9052,OK,67.800,0.44,15869.900002144277
9053,OK,69.800,0.44,15881.30003074184
9054,OK,88.500,0.44,15852.999989874661
9055,OK,94.400,0.44,15859.20003708452
9056,OK,86.100,0.44,15856.299956794828
9057,OK,71.700,0.44,15910.9000233002
9058,OK,69.300,0.44,15861.099993344396
9059,OK,68.800,0.44,15924.20000815764
9060,OK,73.600,0.44,15882.399980910122
9061,OK,72.600,0.44,15878.000005614012
9062,OK,71.500,0.44,15859.899984207004
9063,OK,67.300,0.44,15917.200013063848
9064,OK,61.700,0.44,15898.499987088144
9065,OK,59.900,0.44,15906.799992080778
9066,OK,83.100,0.44,15836.69998217374
9067,OK,62.800,0.44,16044.499992858618
9068,OK,152.700,0.44,15596.600016579032
9069,OK,77.800,0.44,15880.300023127347
9070,OK,82.000,0.44,15919.399971608073
9071,OK,62.400,0.44,15864.500019233674
9072,OK,57.200,0.44,15934.80003066361
9073,OK,63.100,0.44,15968.899999279529
9074,OK,62.100,0.44,15782.399976160377
9075,OK,56.700,0.44,15877.199999522418
9076,OK,55.400,0.44,15883.00004368648
9077,OK,58.200,0.44,15881.40003150329
9078,OK,52.000,0.44,15908.700006548315
9079,OK,54.000,0.44,15905.599982943386
9080,OK,37.900,0.44,15900.400001555681
9081,OK,51.900,0.44,15910.300018731505
9082,OK,59.600,0.44,15908.00000121817
9083,OK,51.800,0.44,15885.499946307391
9084,OK,43.800,0.44,15974.799985997379
9085,OK,43.800,0.44,15907.399996649474
9086,OK,141.600,0.44,15813.700039871037
9087,OK,56.500,0.44,15883.300045970827
9088,OK,65.400,0.44,16069.700010120869
9089,OK,152.900,0.44,15595.600008964539
9090,OK,86.400,0.44,15853.999997489154
9091,OK,95.100,0.44,15815.799997653812
9092,OK,69.300,0.44,15971.69996239245
9093,OK,57.100,0.44,15907.099994365126
9094,OK,57.900,0.44,15884.799999184906
9095,OK,57.600,0.44,15880.799968726933
9096,OK,83.300,0.44,15890.399983618408
9097,OK,85.200,0.44,15830.199990887195
9098,OK,64.800,0.44,15933.500020764768
9099,OK,85.800,0.44,15837.199985980988
9100,OK,65.100,0.44,15917.200013063848
9101,OK,93.600,0.44,15712.300024461001
9102,OK,100.600,0.44,15806.899988092482
9103,OK,56.100,0.44,15904.299973044544
9104,OK,73.000,0.44,15963.599958922714
9105,OK,82.800,0.44,15839.80000577867
9106,OK,85.000,0.44,15868.299989961088
9107,OK,78.600,0.44,15870.700008235872
9108,OK,74.400,0.44,15884.099993854761
9109,OK,62.900,0.44,15884.19999461621
9110,OK,57.800,0.44,15923.700004350394
9111,OK,58.400,0.44,15807.499992661178
9112,OK,58.100,0.44,16017.200017813593
9113,OK,62.200,0.44,15906.800050288439
9114,OK,76.300,0.44,15849.300019908696
9115,OK,84.900,0.44,15845.399990212172
9116,OK,86.300,0.44,15899.09999165684
9117,OK,85.700,0.44,15820.199972949922
9118,OK,74.800,0.44,15931.100002489984
9119,OK,68.000,0.44,15841.40001796186
9120,OK,86.500,0.44,15871.00001052022
9121,OK,81.600,0.44,15864.199958741665
9122,OK,72.900,0.44,15846.099995542318
9123,OK,57.800,0.44,15977.899951394647
9124,OK,60.200,0.44,15829.699987079948
9125,OK,75.100,0.44,15898.399986326694
9126,OK,58.200,0.44,15971.200016792864
9127,OK,62.900,0.44,15862.800006289035
9128,OK,89.100,0.44,15795.40001694113
9129,OK,72.900,0.44,15897.5999802351
9130,OK,98.300,0.44,15854.400000534952
9131,OK,102.700,0.44,15874.900040216744
9132,OK,84.600,0.44,15849.500021431595
9133,OK,98.700,0.44,16361.900023184717
9134,OK,83.800,0.44,15426.6000026837
9135,OK,123.500,0.44,15741.900017019361
9136,OK,59.400,0.44,15872.60002270341
9137,OK,70.500,0.44,15900.900005362928
9138,OK,72.600,0.44,15899.699996225536
9139,OK,98.100,0.44,15852.699987590313
9140,OK,62.000,0.44,15933.10001771897
9141,OK,71.000,0.44,15845.499990973622
9142,OK,93.200,0.44,15830.099990125746
9143,OK,125.100,0.44,15831.299999263138
9144,OK,101.800,0.44,15919.90003362298
9145,OK,67.700,0.44,15791.300043929368
9146,OK,90.000,0.44,15860.300045460463
9147,OK,66.500,0.44,32946.49999588728
9148,OK,116.900,0.44,25794.500019401312
9149,OK,90.100,0.44,9168.999968096614
9150,OK,92.900,0.44,11462.900030892342
9151,OK,72.600,0.44,15876.399993430823
9152,OK,64.800,0.44,15878.40000865981
9153,OK,90.700,0.44,15850.399970076978
9154,OK,80.700,0.44,15826.100017875433
9155,OK,81.900,0.44,15925.399959087372
9156,OK,97.100,0.44,15854.60000205785
9157,OK,79.700,0.44,15888.000023551285
9158,OK,91.100,0.44,15830.499993171543
9159,OK,58.900,0.44,15832.200006116182
9160,OK,82.600,0.44,15889.799979049712
9161,OK,68.000,0.44,15896.900033112615
9162,OK,76.400,0.44,15888.299967627972
9163,OK,61.900,0.44,15930.699999444187
9164,OK,63.700,0.44,15903.50002516061
9165,OK,98.800,0.44,15818.100015167147
9166,OK,87.300,0.44,15790.499979630113
9167,OK,75.800,0.44,15981.100033968687
9168,OK,70.200,0.44,15860.199986491352
9169,OK,83.900,0.44,15818.000014405698
9170,OK,69.400,0.44,15897.399978712201
9171,OK,70.400,0.44,15909.40001187846
9172,OK,74.500,0.44,15911.800030153245
9173,OK,65.100,0.44,15924.20000815764
9174,OK,89.000,0.44,15832.700009923428
9175,OK,65.700,0.44,15873.299969825894
9176,OK,88.700,0.44,15805.59997819364
9177,OK,70.100,0.44,15911.799971945584
9178,OK,75.600,0.44,15859.900042414665
9179,OK,78.000,0.44,15896.30002854392
9180,OK,52.200,0.44,15894.500014837831
9181,OK,59.300,0.44,15922.199992928654
9182,OK,167.400,0.44,15773.299965076149
9183,OK,60.300,0.44,15895.100019406527
9184,OK,84.600,0.44,15859.199978876859
9185,OK,82.800,0.44,15841.799962799996
9186,OK,72.500,0.44,15913.299983367324
9187,OK,87.800,0.44,15810.30001398176
9188,OK,66.300,0.44,15956.69996459037
9189,OK,62.400,0.44,15832.900011446327
9190,OK,59.300,0.44,15931.400004774332
9191,OK,197.100,0.44,15707.399987149984
9192,OK,81.100,0.44,15949.099964927882
9193,OK,102.400,0.44,15722.700045444071
9194,OK,85.900,0.44,15837.300044950098
9195,OK,80.500,0.44,15896.599972620606
9196,OK,107.000,0.44,15861.200052313507
9197,OK,94.900,0.44,15927.799977362156
9198,OK,109.700,0.44,15758.30002548173
9199,OK,83.200,0.44,15861.199994105846
9200,OK,67.300,0.44,15838.999999687076
9201,OK,67.500,0.44,15808.399999514222
9202,OK,89.800,0.44,15838.899998925626
9203,OK,72.700,0.44,15871.999959927052
9204,OK,87.900,0.44,15862.400003243238
9205,OK,72.300,0.44,15844.599984120578
9206,OK,96.300,0.44,15837.800048757344
9207,OK,81.500,0.44,15864.100016187876
9208,OK,69.100,0.44,15888.099966105074
9209,OK,84.300,0.44,15855.200006626546
9210,OK,69.400,0.44,18832.299974747002
9211,OK,112.600,0.44,14390.499971341342
9212,OK,104.700,0.44,14913.599996361881
9213,OK,110.200,0.44,15150.79999808222
9214,OK,79.300,0.44,15893.700008746237
9215,OK,65.000,0.44,15865.00002304092
9216,OK,54.200,0.44,15971.400018315762
9217,OK,69.000,0.44,15739.09999569878
9218,OK,63.900,0.44,15869.60005806759
9219,OK,65.800,0.44,15882.80004216358
9220,OK,55.800,0.44,15923.400002066046
9221,OK,61.100,0.44,15914.799994789064
9222,OK,98.700,0.44,15844.09998031333
9223,OK,147.700,0.44,15740.50000635907
9224,OK,71.900,0.44,15989.400038961321
9225,OK,65.300,0.44,15894.500014837831
9226,OK,125.000,0.44,15886.800014413893
9227,OK,140.500,0.44,15583.60003400594
9228,OK,69.200,0.44,15888.999972958118
9229,OK,85.200,0.44,15812.500030733645
9230,OK,67.500,0.44,15920.200035907328
9231,OK,68.000,0.44,15911.00002406165
9232,OK,68.300,0.44,15882.199979387224
9233,OK,62.400,0.44,15837.299986742437
9234,OK,74.300,0.44,15945.599996484816
9235,OK,57.800,0.44,15907.499997410923
9236,OK,66.600,0.44,15895.500022452325
9237,OK,66.800,0.44,16304.200049489737
9238,OK,86.100,0.44,15412.500011734664
9239,OK,95.900,0.44,15833.700017537922
9240,OK,105.300,0.44,15852.299984544516
9241,OK,87.600,0.44,15858.400030992925
9242,OK,85.700,0.44,15830.99999697879
9243,OK,79.300,0.44,17199.299996718764
9244,OK,99.700,0.44,14520.600030664355
9245,OK,79.800,0.44,15843.599976506084
9246,OK,85.400,0.44,15861.399995628744
9247,OK,84.000,0.44,15881.29997253418
9248,OK,83.100,0.44,16227.699990849942
9249,OK,93.500,0.44,15467.100020032376
9250,OK,80.000,0.44,15893.900010269135
9251,OK,100.000,0.44,15852.199983783066
9252,OK,100.900,0.44,15839.500003494322
9253,OK,92.300,0.44,15796.999970916659
9254,OK,88.400,0.44,15881.499974057078
9255,OK,100.900,0.44,15794.00000628084
9256,OK,89.300,0.44,15860.699990298599
9257,OK,81.200,0.44,15866.50003446266
9258,OK,63.200,0.44,15903.100022114813
9259,OK,80.100,0.44,15869.599999859929
9260,OK,77.900,0.44,15880.899969488382
9261,OK,68.900,0.44,15858.000027947128
9262,OK,82.900,0.44,15875.199984293431
9263,OK,87.500,0.44,15856.599959079176
9264,OK,99.100,0.44,15878.700010944158
9265,OK,138.200,0.44,15735.200024209917
9266,OK,129.400,0.44,15796.300023794174
9267,OK,96.500,0.44,15814.899990800768
9268,OK,63.900,0.44,15894.300013314933
9269,OK,63.100,0.44,15953.800000716
9270,OK,59.500,0.44,15953.90000147745
9271,OK,58.800,0.44,15829.699987079948
9272,OK,59.100,0.44,15984.900004696101
9273,OK,55.000,0.44,15867.699985392392
9274,OK,59.800,0.44,15830.79999545589
9275,OK,81.000,0.44,15838.499995879829
9276,OK,61.600,0.44,21409.50004104525
9277,OK,101.600,0.44,10330.299963243306
9278,OK,65.300,0.44,15883.599990047514
9279,OK,49.800,0.44,15907.90000045672
9280,OK,50.300,0.44,16368.5999577865
9281,OK,121.000,0.44,15243.300003930926
9282,OK,85.700,0.44,15909.900015685707
9283,OK,104.800,0.44,15779.400011524558
9284,OK,86.600,0.44,15840.100008063018
9285,OK,66.700,0.44,15890.499984379858
9286,OK,69.200,0.44,15885.300002992153
9287,OK,67.000,0.44,15928.999986499548
9288,OK,65.600,0.44,15819.500025827438
9289,OK,63.600,0.44,15937.299991492182
9290,OK,72.500,0.44,15977.300005033612
9291,OK,88.100,0.44,15756.500011775643
9292,OK,113.300,0.44,15852.400043513626
9293,OK,72.500,0.44,15850.699972361326
9294,OK,84.600,0.44,15841.799962799996
9295,OK,84.100,0.44,15805.399976670742
9296,OK,86.100,0.44,15840.399952139705
9297,OK,62.100,0.44,15887.900022789836
9298,OK,82.400,0.44,15928.000037092716
9299,OK,66.500,0.44,15804.100024979562
9300,OK,47.800,0.44,15927.899978123605
9301,OK,68.400,0.44,16022.399999201298
9302,OK,80.100,0.44,15620.100020896643
9303,OK,79.600,0.44,15875.199984293431
9304,OK,60.100,0.44,15890.499984379858
9305,OK,137.200,0.44,15811.49996491149
9306,OK,106.000,0.44,15847.000002395362
9307,OK,79.000,0.44,15824.500005692244
9308,OK,102.800,0.44,15882.400039117783
9309,OK,93.000,0.44,15828.600036911666
9310,OK,64.200,0.44,15947.499952744693
9311,OK,66.700,0.44,15872.799966018647
9312,OK,83.000,0.44,15840.700012631714
9313,OK,61.000,0.44,15917.700016871095
9314,OK,76.100,0.44,15803.900023456663
9315,OK,75.400,0.44,15857.200021855533
9316,OK,79.900,0.44,16098.699998110533
9317,OK,102.800,0.44,15729.199978522956
9318,OK,88.300,0.44,15713.299973867834
9319,OK,82.200,0.44,15875.799988862127
9320,OK,87.500,0.44,15868.799993768334
9321,OK,134.600,0.44,15826.300019398332
9322,OK,78.200,0.44,15852.599986828864
9323,OK,73.400,0.44,15862.900007050484
9324,OK,79.200,0.44,15938.800002913922
9325,OK,88.600,0.44,15801.100002136081
9326,OK,84.100,0.44,15969.500003848225
9327,OK,192.400,0.44,15649.800014216453
9328,OK,101.400,0.44,15766.799973789603
9329,OK,113.600,0.44,15885.200002230704
9330,OK,185.000,0.44,15645.199979189783
9331,OK,79.700,0.44,15883.00004368648
9332,OK,95.900,0.44,15860.4999887757
9333,OK,109.900,0.44,15822.399989701807
9334,OK,108.800,0.44,15835.000027436763
9335,OK,101.700,0.44,15800.399996805936
9336,OK,81.700,0.44,15908.799949102104
9337,OK,89.000,0.44,15797.800035215914
9338,OK,68.000,0.44,16193.300019949675
9339,OK,113.400,0.44,15515.200037043542
9340,OK,89.300,0.44,17048.500012606382
9341,OK,98.900,0.44,14594.300009775907
9342,OK,62.600,0.44,15875.300043262541
9343,OK,66.800,0.44,15923.200000543147
9344,OK,84.400,0.44,15883.499989286065
9345,OK,97.600,0.44,15840.100008063018
9346,OK,108.000,0.44,15864.300017710775
9347,OK,112.500,0.44,15742.20001930371
9348,OK,106.200,0.44,15846.700000111014
9349,OK,85.200,0.44,15908.600005786866
9350,OK,69.300,0.44,15816.800005268306
9351,OK,66.100,0.44,15876.499994192272
9352,OK,63.500,0.44,15907.499997410923
9353,OK,82.100,0.44,15949.799970258027
9354,OK,63.700,0.44,15898.599987849593
9355,OK,63.000,0.44,15810.20001322031
9356,OK,53.600,0.44,15922.8999982588
9357,OK,55.000,0.44,15905.20003810525
9358,OK,53.700,0.44,15920.700039714575
9359,OK,53.400,0.44,15903.799969237298
9360,OK,55.900,0.44,15924.600011203438
9361,OK,67.100,0.44,15895.499964244664
9362,OK,122.100,0.44,15776.999993249774
9363,OK,83.900,0.44,15878.50000942126
9364,OK,77.500,0.44,15880.699967965484
9365,OK,71.700,0.44,15889.899979811162
9366,OK,70.900,0.44,15874.300035648048
9367,OK,74.200,0.44,15864.700020756572
9368,OK,70.200,0.44,15878.899954259396
9369,OK,63.500,0.44,15894.70001636073
9370,OK,59.100,0.44,15926.900028716773
9371,OK,115.800,0.44,15794.100007042289
9372,OK,60.700,0.44,15875.599987339228
9373,OK,62.200,0.44,15906.999993603677
9374,OK,45.600,0.44,15958.899981342256
9375,OK,59.100,0.44,15888.200025074184
9376,OK,61.000,0.44,15912.899980321527
9377,OK,78.300,0.44,15828.999981749803
9378,OK,79.500,0.44,15822.699991986156
9379,OK,61.400,0.44,15967.999992426485
9380,OK,68.600,0.44,15846.700000111014
9381,OK,65.600,0.44,15880.000020843
9382,OK,61.900,0.44,15865.499968640506
9383,OK,61.500,0.44,15932.800015434623
9384,OK,62.700,0.44,15887.500019744039
9385,OK,71.900,0.44,15829.599986318499
9386,OK,53.400,0.44,15881.19997177273
9387,OK,49.300,0.44,15951.499983202666
9388,OK,59.100,0.44,15950.99997939542
9389,OK,94.500,0.44,15795.40001694113
9390,OK,97.200,0.44,15873.699972871691
9391,OK,57.200,0.44,15871.700015850365
9392,OK,59.100,0.44,15917.700016871095
9393,OK,56.800,0.44,15876.199991907924
9394,OK,52.800,0.44,15940.100012812763
9395,OK,55.700,0.44,15936.599986162037
9396,OK,63.100,0.44,15808.299998752773
9397,OK,58.900,0.44,16012.299980502576
9398,OK,58.500,0.44,15842.899971175939
9399,OK,49.300,0.44,15944.299986585975
9400,OK,51.700,0.44,15888.80002964288
9401,OK,87.600,0.44,15684.600046370178
9402,OK,59.900,0.44,15941.500023473054
9403,OK,51.600,0.44,15959.599986672401
9404,OK,266.100,0.44,15522.899979259819
9405,OK,75.900,0.44,15896.30002854392
9406,OK,90.400,0.44,15777.100052218884
9407,OK,66.900,0.44,15866.099973209202
9408,OK,75.200,0.44,15859.199978876859
9409,OK,59.900,0.44,15925.400017295033
9410,OK,63.800,0.44,15870.500006712973
9411,OK,67.400,0.44,15881.799976341426
9412,OK,68.000,0.44,15921.29998607561
9413,OK,94.100,0.44,15864.000015426427
9414,OK,96.400,0.44,15775.299980305135
9415,OK,60.800,0.44,15943.49998049438
9416,OK,110.500,0.44,15862.00000019744
9417,OK,79.700,0.44,15830.79999545589
9418,OK,86.500,0.44,15844.699984882027
9419,OK,80.600,0.44,15940.100012812763
9420,OK,57.000,0.44,15862.200001720339
9421,OK,56.900,0.44,15972.200024407357
9422,OK,63.500,0.44,15907.199995126575
9423,OK,82.200,0.44,15899.299993179739
9424,OK,62.200,0.44,15775.399981066585
9425,OK,55.000,0.44,15927.599975839257
9426,OK,56.200,0.44,15940.800018142909
9427,OK,126.200,0.44,15733.900014311075
9428,OK,73.600,0.44,15922.399994451553
9429,OK,78.800,0.44,15933.500020764768
9430,OK,76.600,0.44,15772.499958984554
9431,OK,81.600,0.44,15892.900002654642
9432,OK,79.500,0.44,15889.899979811162
9433,OK,83.500,0.44,15887.600020505488
9434,OK,74.900,0.44,15879.299957305193
9435,OK,78.900,0.44,15861.599997151643
9436,OK,80.200,0.44,15848.70001534
9437,OK,61.200,0.44,15919.300029054284
9438,OK,59.700,0.44,15836.199978366494
9439,OK,55.300,0.44,15922.80005570501
9440,OK,57.900,0.44,15901.800012215972
9441,OK,80.700,0.44,15827.499970328063
9442,OK,65.000,0.44,15948.099957313389
9443,OK,107.400,0.44,15819.300024304539
9444,OK,76.200,0.44,15871.300012804568
9445,OK,71.600,0.44,15946.50000333786
9446,OK,59.700,0.44,15877.600002568215
9447,OK,61.500,0.44,15892.499999608845
9448,OK,60.900,0.44,15919.79997465387
9449,OK,79.700,0.44,15862.700005527586
9450,OK,81.300,0.44,15851.099975407124
9451,OK,57.600,0.44,15905.599982943386
9452,OK,59.100,0.44,15917.700016871095
9453,OK,65.000,0.44,15946.50000333786
9454,OK,71.400,0.44,15852.999989874661
9455,OK,90.600,0.44,15884.100052062422
9456,OK,77.300,0.44,15868.399990722537
9457,OK,111.900,0.44,15724.40000018105
9458,OK,97.000,0.44,15844.29998183623
9459,OK,84.100,0.44,15911.899972707033
9460,OK,63.500,0.44,15897.69998099655
9461,OK,81.600,0.44,15845.000045374036
9462,OK,77.900,0.44,15843.399974983186
9463,OK,67.000,0.44,15873.999975156039
9464,OK,89.500,0.44,15834.899968467653
9465,OK,110.200,0.44,15783.70004426688
9466,OK,70.600,0.44,15855.600009672344
9467,OK,55.100,0.44,15863.000007811934
9468,OK,131.300,0.44,15885.90000756085
9469,OK,124.000,0.44,15820.39997447282
9470,OK,85.900,0.44,15814.59998851642
9471,OK,69.400,0.44,15908.00000121817
9472,OK,61.100,0.44,15905.199979897588
9473,OK,59.400,0.44,15893.900010269135
9474,OK,53.400,0.44,15896.700031589717
9475,OK,81.700,0.44,15913.699986413121
9476,OK,57.500,0.44,15847.799950279295
9477,OK,95.700,0.44,15867.399983108044
9478,OK,117.200,0.44,15840.700012631714
9479,OK,77.200,0.44,15851.100033614784
9480,OK,76.700,0.44,15922.499995213002
9481,OK,61.700,0.44,15885.100001469254
9482,OK,55.500,0.44,15886.300010606647
9483,OK,58.600,0.44,15874.200034886599
9484,OK,64.500,0.44,15916.700009256601
9485,OK,75.200,0.44,15907.399996649474
9486,OK,91.200,0.44,15844.40004080534
9487,OK,73.100,0.44,15798.999986145645
9488,OK,63.800,0.44,15899.699996225536
9489,OK,63.300,0.44,15877.10005696863
9490,OK,62.700,0.44,15903.70002668351
9491,OK,60.500,0.44,15925.600018817931
9492,OK,61.500,0.44,15916.80001001805
9493,OK,62.500,0.44,15908.700006548315
9494,OK,75.800,0.44,15809.799951966852
9495,OK,59.600,0.44,15903.400024399161
9496,OK,67.000,0.44,15866.900037508458
9497,OK,53.800,0.44,15976.000053342432
9498,OK,58.900,0.44,15840.400010347366
9499,OK,67.400,0.44,15915.800002403557
9500,OK,62.900,0.44,15929.700050037354
9501,OK,85.000,0.44,15668.299980461597
9502,OK,55.700,0.44,15898.800047580153
9503,OK,67.000,0.44,15894.500014837831
9504,OK,55.100,0.44,15916.100004687905
9505,OK,92.800,0.44,15871.599956881255
9506,OK,91.800,0.44,15788.10001956299
9507,OK,67.300,0.44,15929.699991829693
9508,OK,70.900,0.44,15875.39998581633
9509,OK,63.900,0.44,15947.500010952353
9510,OK,98.000,0.44,15769.399993587285
9511,OK,109.200,0.44,15828.699979465455
9512,OK,88.900,0.44,15841.700020246208
9513,OK,75.800,0.44,15875.29998505488
9514,OK,69.200,0.44,15953.099995385855
9515,OK,66.800,0.44,15874.899982009083
9516,OK,89.000,0.44,15871.400013566017
9517,OK,72.700,0.44,15870.600007474422
9518,OK,62.800,0.44,15888.600028119981
9519,OK,68.000,0.44,15865.400026086718
9520,OK,91.600,0.44,15880.099963396788
9521,OK,117.300,0.44,15796.499967109412
9522,OK,97.700,0.44,15816.300001461059
9523,OK,85.600,0.44,15879.299957305193
9524,OK,58.800,0.44,15911.899972707033
9525,OK,86.200,0.44,15870.400005951524
9526,OK,76.200,0.44,15852.400043513626
9527,OK,72.700,0.44,15885.000000707805
9528,OK,58.100,0.44,15972.100023645908
9529,OK,59.300,0.44,15819.000022020191
9530,OK,79.600,0.44,15942.799975164235
9531,OK,63.800,0.44,26247.89997935295
9532,OK,110.600,0.44,5278.89997465536
9533,OK,91.000,0.44,15846.700000111014
9534,OK,62.000,0.44,15930.499997921288
9535,OK,68.600,0.44,15862.900007050484
9536,OK,78.700,0.44,15880.399965681136
9537,OK,62.500,0.44,15903.49996695295
9538,OK,102.600,0.44,15841.000014916062
9539,OK,101.100,0.44,15787.300013471395
9540,OK,96.000,0.44,15882.199979387224
9541,OK,87.300,0.44,15919.69997389242
9542,OK,85.100,0.44,15795.999963302165
9543,OK,80.700,0.44,15841.000014916062
9544,OK,78.600,0.44,15893.30000570044
9545,OK,99.700,0.44,15863.999957218766
9546,OK,82.600,0.44,15828.399977181107
9547,OK,81.100,0.44,15891.69999351725
9548,OK,82.700,0.44,15829.699987079948
9549,OK,87.900,0.44,15855.500008910894
9550,OK,75.100,0.44,15884.29999537766
9551,OK,82.100,0.44,15897.799981757998
9552,OK,99.400,0.44,15814.199985470623
9553,OK,95.600,0.44,15843.899978790432
9554,OK,112.800,0.44,15839.200001209974
9555,OK,100.300,0.44,15852.999989874661
9556,OK,96.500,0.44,15863.100008573383
9557,OK,81.200,0.44,15887.000015936792
9558,OK,83.400,0.44,15867.199981585145
9559,OK,82.300,0.44,15837.399987503886
9560,OK,78.900,0.44,15875.199984293431
9561,OK,76.000,0.44,15867.600042838603
9562,OK,88.000,0.44,16157.200036104769
9563,OK,92.800,0.44,15565.000008791685
9564,OK,105.300,0.44,15832.19994790852
9565,OK,104.600,0.44,16491.000016685575
9566,OK,117.600,0.44,15447.600046172738
9567,OK,119.800,0.44,15451.7000191845
9568,OK,104.400,0.44,15838.29999435693
9569,OK,105.600,0.44,15936.399984639138
9570,OK,78.500,0.44,15795.900020748377
9571,OK,86.700,0.44,15884.000051300973
9572,OK,80.500,0.44,15866.599977016449
9573,OK,147.300,0.44,15742.499963380396
9574,OK,128.200,0.44,15739.19999646023
9575,OK,84.800,0.44,15892.499999608845
9576,OK,71.600,0.44,15816.800005268306
9577,OK,73.900,0.44,15865.700028371066
9578,OK,71.100,0.44,15903.70002668351
9579,OK,53.700,0.44,15867.400041315705
9580,OK,46.000,0.44,16037.699999287724
9581,OK,62.000,0.44,15942.199970595539
9582,OK,58.100,0.44,15836.999984458089
9583,OK,92.100,0.44,15923.600003588945
9584,OK,62.600,0.44,15895.100019406527
9585,OK,63.600,0.44,15862.800006289035
9586,OK,58.600,0.44,15913.100040052086
9587,OK,58.200,0.44,15861.300053074956
9588,OK,110.600,0.44,15779.800014570355
9589,OK,55.700,0.44,15921.699989121407
9590,OK,53.900,0.44,15913.699986413121
9591,OK,74.200,0.44,15923.400002066046
9592,OK,68.000,0.44,15888.70002888143
9593,OK,124.000,0.44,15768.299985211343
9594,OK,86.200,0.44,15830.699994694442
9595,OK,82.800,0.44,15846.199996303767
9596,OK,95.500,0.44,15865.599969401956
9597,OK,116.100,0.44,15767.29997759685
9598,OK,90.200,0.44,15806.999988853931
9599,OK,76.600,0.44,15865.00002304092
9600,OK,67.200,0.44,15898.699988611042
9601,OK,80.500,0.44,15765.299962367862
9602,OK,63.300,0.44,15976.299997419119
9603,OK,113.200,0.44,15797.700034454465
9604,OK,169.700,0.44,15682.499972172081
9605,OK,100.500,0.44,15801.800007466227
9606,OK,78.200,0.44,20559.99997537583
9607,OK,120.800,0.44,11209.90002527833
9608,OK,90.500,0.44,15780.800022184849
9609,OK,56.200,0.44,15886.100009083748
9610,OK,46.000,0.44,15921.599988359958
9611,OK,55.300,0.44,15917.800017632544
9612,OK,71.700,0.44,15924.000006634742
9613,OK,70.500,0.44,15908.10000197962
9614,OK,93.100,0.44,15884.29999537766
9615,OK,77.800,0.44,15827.500028535724
9616,OK,45.700,0.44,15904.599975328892
9617,OK,56.500,0.44,15935.199975501746
9618,OK,50.100,0.44,15975.99999513477
9619,OK,51.700,0.44,15893.700008746237
9620,OK,44.200,0.44,15862.10000095889
9621,OK,63.700,0.44,15943.900041747838
9622,OK,85.600,0.44,15902.600018307567
9623,OK,71.100,0.44,15836.500038858503
9624,OK,66.000,0.44,15855.100005865097
9625,OK,83.400,0.44,15875.799988862127
9626,OK,62.400,0.44,15880.499966442585
9627,OK,90.700,0.44,15938.900003675371
9628,OK,64.200,0.44,15810.30001398176
9629,OK,87.900,0.44,15966.100036166608
9630,OK,201.100,0.44,15685.299993492663
9631,OK,174.500,0.44,15578.499995172024
9632,OK,93.800,0.44,15895.000018645078
9633,OK,91.900,0.44,15832.40000763908
9634,OK,103.500,0.44,15896.999975666404
9635,OK,102.000,0.44,15788.00001880154
9636,OK,90.700,0.44,15835.799975320697
9637,OK,94.400,0.44,15810.500015504658
9638,OK,86.900,0.44,15867.600042838603
9639,OK,87.100,0.44,15842.600027099252
9640,OK,90.700,0.44,15861.399995628744
9641,OK,104.600,0.44,15855.400008149445
9642,OK,92.700,0.44,15823.199995793402
9643,OK,93.600,0.44,15847.000002395362
9644,OK,93.500,0.44,16240.900033153594
9645,OK,96.300,0.44,17058.00002673641
9646,OK,99.100,0.44,14238.299976568669
9647,OK,71.400,0.44,15841.700020246208
9648,OK,91.200,0.44,15886.200009845197
9649,OK,94.900,0.44,15873.89997439459
9650,OK,97.300,0.44,15830.79999545589
9651,OK,110.600,0.44,15841.30001720041
9652,OK,164.600,0.44,15745.599986985326
9653,OK,125.600,0.44,15918.599965516478
9654,OK,98.400,0.44,15637.300035450608
9655,OK,90.600,0.44,15837.599989026785
9656,OK,70.000,0.44,15889.100031927228
9657,OK,84.200,0.44,15850.100026000291
9658,OK,59.600,0.44,15952.49999081716
9659,OK,84.600,0.44,15808.80000256002
9660,OK,81.000,0.44,15887.499961536378
9661,OK,82.000,0.44,15826.300019398332
9662,OK,46.900,0.44,15928.899985738099
9663,OK,71.500,0.44,15950.699977111071
9664,OK,82.700,0.44,15827.199968043715
9665,OK,60.300,0.44,15947.100007906556
9666,OK,66.000,0.44,15840.999956708401
9667,OK,81.600,0.44,15854.900004342198
9668,OK,60.000,0.44,15997.400041669607
9669,OK,87.700,0.44,15786.60000814125
9670,OK,52.000,0.44,15914.099989458919
9671,OK,86.800,0.44,15858.000027947128
9672,OK,58.600,0.44,15984.300000127405
9673,OK,83.600,0.44,15859.499981161207
9674,OK,61.900,0.44,15934.900031425059
9675,OK,67.700,0.44,15787.100011948496
9676,OK,60.300,0.44,15960.899996571243
9677,OK,58.700,0.44,15830.399992410094
9678,OK,90.300,0.44,15852.399985305965
9679,OK,60.300,0.44,15924.900013487786
9680,OK,54.900,0.44,15857.39996517077
9681,OK,59.600,0.44,15913.699986413121
9682,OK,59.600,0.44,15949.800028465688
9683,OK,78.300,0.44,15828.299976419657
9684,OK,78.200,0.44,15872.899966780096
9685,OK,81.800,0.44,15826.700022444129
9686,OK,54.300,0.44,15943.800040986389
9687,OK,53.200,0.44,15950.500033795834
9688,OK,96.100,0.44,15814.600046724081
9689,OK,88.800,0.44,15879.700018558651
9690,OK,60.700,0.44,15899.09999165684
9691,OK,60.400,0.44,15851.80003894493
9692,OK,75.500,0.44,15840.200008824468
9693,OK,66.300,0.44,15757.799963466823
9694,OK,72.100,0.44,16117.00002104044
9695,OK,182.200,0.44,15587.200003210455
9696,OK,88.300,0.44,15802.90001584217
9697,OK,95.000,0.44,15881.899977102876
9698,OK,67.100,0.44,15878.100006375462
9699,OK,60.200,0.44,15868.199989199638
9700,OK,54.100,0.44,15912.799979560077
9701,OK,77.200,0.44,15749.6000174433
9702,OK,72.000,0.44,15932.299953419715
9703,OK,82.700,0.44,15908.800007309765
9704,OK,58.300,0.44,15897.399978712201
9705,OK,62.300,0.44,15875.499986577779
9706,OK,57.600,0.44,15889.199974481016
9707,OK,50.900,0.44,15893.400006461889
9708,OK,75.200,0.44,15907.799999695271
9709,OK,56.400,0.44,15812.500030733645
9710,OK,51.300,0.44,15965.80003388226
9711,OK,51.800,0.44,15908.700006548315
9712,OK,50.600,0.44,16010.500025004148
9713,OK,119.000,0.44,15705.999976489693
9714,OK,162.400,0.44,15703.700017184019
9715,OK,66.700,0.44,15840.900014154613
9716,OK,60.500,0.44,15911.600028630346
9717,OK,59.400,0.44,15886.400011368096
9718,OK,52.500,0.44,16022.09999691695
9719,OK,58.700,0.44,15840.699954424053
9720,OK,80.100,0.44,15994.100016541779
9721,OK,84.100,0.44,15707.89999095723
9722,OK,89.700,0.44,15848.799957893789
9723,OK,78.600,0.44,15887.699963059276
9724,OK,70.200,0.44,15908.10000197962
9725,OK,98.900,0.44,15834.999969229102
9726,OK,86.400,0.44,15865.399967879057
9727,OK,66.800,0.44,15900.900005362928
9728,OK,90.000,0.44,15791.099984198809
9729,OK,65.000,0.44,15887.100016698241
9730,OK,99.700,0.44,15814.69998927787
9731,OK,56.300,0.44,15890.399983618408
9732,OK,65.800,0.44,15918.000019155443
9733,OK,65.700,0.44,15880.200022365898
9734,OK,74.300,0.44,15893.700008746237
9735,OK,71.500,0.44,15925.200015772134
9736,OK,87.100,0.44,15815.399994608015
9737,OK,75.700,0.44,15873.699972871691
9738,OK,65.700,0.44,15911.200025584549
9739,OK,89.200,0.44,15882.899984717369
9740,OK,64.200,0.44,15866.099973209202
9741,OK,107.300,0.44,15873.199969064444
9742,OK,62.900,0.44,15848.400013055652
9743,OK,62.400,0.44,15898.99999089539
9744,OK,142.500,0.44,15759.90003766492
9745,OK,90.800,0.44,15812.899975571781
9746,OK,63.900,0.44,15942.799975164235
9747,OK,77.100,0.44,15906.100044958293
9748,OK,59.700,0.44,15882.400039117783
9749,OK,84.700,0.44,15878.900012467057
9750,OK,69.500,0.44,15898.099984042346
9751,OK,83.300,0.44,15844.600042328238
9752,OK,64.200,0.44,15920.899983029813
9753,OK,65.000,0.44,15840.200008824468
9754,OK,80.500,0.44,15897.899982519448
9755,OK,76.000,0.44,15806.600044015795
9756,OK,83.100,0.44,15972.700028214604
9757,OK,102.200,0.44,15804.19996753335
9758,OK,91.700,0.44,15800.799999851733
9759,OK,62.100,0.44,15913.599985651672
9760,OK,74.500,0.44,15941.200021188706
9761,OK,85.100,0.44,15856.400015763938
9762,OK,57.000,0.44,15916.100004687905
9763,OK,61.300,0.44,15888.70002888143
9764,OK,60.500,0.44,15889.699978288263
9765,OK,81.400,0.44,15882.899984717369
9766,OK,137.900,0.44,15789.799974299967
9767,OK,77.400,0.44,15839.400002732873
9768,OK,74.800,0.44,15876.99999799952
9769,OK,68.100,0.44,15846.900001633912
9770,OK,82.000,0.44,15836.700040381402
9771,OK,67.800,0.44,15940.70001738146
9772,OK,75.900,0.44,15914.400049950927
9773,OK,86.700,0.44,15902.10001450032
9774,OK,60.500,0.44,15878.800011705607
9775,OK,61.600,0.44,15867.399983108044
9776,OK,83.600,0.44,15864.000015426427
9777,OK,57.900,0.44,15910.100017208606
9778,OK,59.800,0.44,17635.099997278303
9779,OK,81.400,0.44,14120.800013188273
9780,OK,67.800,0.44,15903.49996695295
9781,OK,64.200,0.44,15923.800005111843
9782,OK,54.400,0.44,15891.7999942787
9783,OK,135.900,0.44,15826.60002168268
9784,OK,72.200,0.44,15858.099970500916
9785,OK,96.500,0.44,15904.599975328892
9786,OK,61.800,0.44,15887.900022789836
9787,OK,58.600,0.44,15908.00000121817
9788,OK,62.000,0.44,15898.899990133941
9789,OK,64.600,0.44,15830.99999697879
9790,OK,84.100,0.44,15806.799987331033
9791,OK,79.100,0.44,15906.59999055788
9792,OK,58.800,0.44,15873.100026510656
9793,OK,66.100,0.44,15933.999966364354
9794,OK,56.200,0.44,15892.099996563047
9795,OK,90.900,0.44,15900.60000307858
9796,OK,75.400,0.44,15828.799980226904
9797,OK,130.500,0.44,15824.900008738041
9798,OK,63.800,0.44,15885.000000707805
9799,OK,74.000,0.44,15914.199990220368
9800,OK,99.500,0.44,15784.399991389364
9801,OK,106.100,0.44,15893.500007223338
9802,OK,90.100,0.44,15638.19998409599
9803,OK,64.300,0.44,15889.400034211576
9804,OK,65.200,0.44,15874.499978963286
9805,OK,58.400,0.44,15906.999993603677
9806,OK,61.100,0.44,15920.199977699667
9807,OK,100.400,0.44,15884.39999613911
9808,OK,61.300,0.44,15906.49998979643
9809,OK,64.300,0.44,15892.499999608845
9810,OK,77.500,0.44,15877.199999522418
9811,OK,73.800,0.44,15853.09999063611
9812,OK,139.200,0.44,15708.399994764477
9813,OK,107.200,0.44,15867.900045122951
9814,OK,80.700,0.44,15848.59995637089
9815,OK,52.800,0.44,15925.90002110228
9816,OK,75.700,0.44,15904.99997837469
9817,OK,62.300,0.44,15946.40000257641
9818,OK,88.500,0.44,15780.800022184849
9819,OK,88.800,0.44,15829.29998403415
9820,OK,56.400,0.44,15905.00003658235
9821,OK,70.900,0.44,15890.000038780272
9822,OK,49.800,0.44,15956.100018229336
9823,OK,80.000,0.44,15883.299987763166
9824,OK,96.600,0.44,15775.399981066585
9825,OK,68.000,0.44,15915.099997073412
9826,OK,74.500,0.44,15937.69999453798
9827,OK,84.100,0.44,15794.499951880425
9828,OK,97.600,0.44,15858.399972785264
9829,OK,65.800,0.44,15850.799973122776
9830,OK,82.000,0.44,15883.799991570413
9831,OK,76.300,0.44,15929.699991829693
9832,OK,82.400,0.44,15848.600014578551
9833,OK,78.200,0.44,15880.299964919686
9834,OK,79.100,0.44,15858.099970500916
9835,OK,99.800,0.44,15892.700001131743
9836,OK,77.500,0.44,15880.500024650246
9837,OK,78.400,0.44,15744.300035294145
9838,OK,51.600,0.44,15926.499967463315
9839,OK,57.500,0.44,15909.100009594113
9840,OK,61.000,0.44,15879.899961873889
9841,OK,82.200,0.44,15904.699976090342
9842,OK,62.800,0.44,15907.499997410923
9843,OK,62.800,0.44,15824.800007976592
9844,OK,78.900,0.44,15919.200028292835
9845,OK,81.600,0.44,15793.099999427795
9846,OK,84.300,0.44,15894.80001712218
9847,OK,65.800,0.44,15904.99997837469
9848,OK,88.100,0.44,25387.30000378564
9849,OK,168.200,0.44,6198.299990501255
9850,OK,85.600,0.44,15812.100027687848
9851,OK,95.400,0.44,15847.999951802194
9852,OK,94.500,0.44,15839.500003494322
9853,OK,94.300,0.44,15842.300024814904
9854,OK,133.600,0.44,15805.099974386394
9855,OK,99.300,0.44,15857.59996669367
9856,OK,88.800,0.44,15835.899976082146
9857,OK,84.700,0.44,15837.199985980988
9858,OK,76.300,0.44,15879.300015512854
9859,OK,78.700,0.44,15894.000011030585
9860,OK,78.200,0.44,15864.800021518022
9861,OK,84.900,0.44,15866.499976255
9862,OK,75.900,0.44,15875.699988100678
9863,OK,78.500,0.44,15868.199989199638
9864,OK,85.500,0.44,15873.800031840801
9865,OK,89.900,0.44,15842.79997041449
9866,OK,85.800,0.44,15859.700040891767
9867,OK,102.800,0.44,15836.099977605045
9868,OK,98.600,0.44,15842.59996889159
9869,OK,79.100,0.44,15877.999947406352
9870,OK,99.100,0.44,15839.80000577867
9871,OK,77.300,0.44,15914.699994027615
9872,OK,95.000,0.44,15835.899976082146
9873,OK,84.500,0.44,15907.599998172373
9874,OK,95.000,0.44,15827.499970328063
9875,OK,95.700,0.44,15858.099970500916
9876,OK,90.800,0.44,15833.600016776472
9877,OK,86.500,0.44,15808.60000103712
9878,OK,80.800,0.44,15867.000038269907
9879,OK,59.000,0.44,15875.699988100678
9880,OK,51.300,0.44,15921.899990644306
9881,OK,55.900,0.44,15914.299990981817
9882,OK,55.000,0.44,15895.000018645078
9883,OK,68.900,0.44,15972.799970768392
9884,OK,72.300,0.44,15786.000003572553
9885,OK,102.500,0.44,15856.700018048286
9886,OK,73.100,0.44,15917.400014586747
9887,OK,80.800,0.44,15811.000019311905
9888,OK,59.800,0.44,15947.90001399815
9889,OK,54.900,0.44,15911.900030914694
9890,OK,55.700,0.44,16410.499985795468
9891,OK,123.300,0.44,15309.000038541853
9892,OK,64.300,0.44,15826.000017113984
9893,OK,61.300,0.44,15951.499983202666
9894,OK,61.700,0.44,15886.800014413893
9895,OK,74.800,0.44,15880.400023888797
9896,OK,73.400,0.44,15822.899993509054
9897,OK,86.100,0.44,15984.099998604506
9898,OK,61.000,0.44,15930.599998682737
9899,OK,76.700,0.44,15777.099994011223
9900,OK,128.500,0.44,15727.30002226308
9901,OK,94.000,0.44,15729.899983853102
9902,OK,83.200,0.44,15877.300000283867
9903,OK,108.700,0.44,15811.300021596253
9904,OK,84.400,0.44,15892.099996563047
9905,OK,66.100,0.44,15860.099985729903
9906,OK,65.100,0.44,15886.500012129545
9907,OK,64.600,0.44,15853.499993681908
9908,OK,62.600,0.44,16014.299995731562
9909,OK,66.400,0.44,15876.499994192272
9910,OK,61.000,0.44,15892.199997324497
9911,OK,61.600,0.44,15848.69995713234
9912,OK,59.600,0.44,15898.499987088144
9913,OK,64.200,0.44,15876.499994192272
9914,OK,84.500,0.44,15880.699967965484
9915,OK,109.400,0.44,15813.499980140477
9916,OK,87.100,0.44,15849.400020670146
9917,OK,79.900,0.44,15916.700009256601
9918,OK,70.100,0.44,15854.299999773502
9919,OK,86.300,0.44,15849.99996703118
9920,OK,69.400,0.44,15933.599963318557
9921,OK,74.600,0.44,15881.900035310537
9922,OK,78.500,0.44,15883.699990808964
9923,OK,57.400,0.44,15818.600018974394
9924,OK,62.600,0.44,15934.200026094913
9925,OK,77.300,0.44,15915.199997834861
9926,OK,58.400,0.44,15923.300001304597
9927,OK,100.400,0.44,15809.800010174513
9928,OK,61.200,0.44,15916.500007733703
9929,OK,58.000,0.44,15886.500012129545
9930,OK,57.200,0.44,15843.999979551882
9931,OK,47.400,0.44,15970.400010701269
9932,OK,50.100,0.44,15868.099988438189
9933,OK,46.600,0.44,15876.199991907924
9934,OK,49.500,0.44,15921.29998607561
9935,OK,68.000,0.44,15952.400048263371
9936,OK,89.800,0.44,15962.500008754432
9937,OK,180.600,0.44,15580.899955239147
9938,OK,176.900,0.44,15886.999957729131
9939,OK,80.700,0.44,15708.299994003028
9940,OK,88.400,0.44,15838.499995879829
9941,OK,83.800,0.44,15959.7999881953
9942,OK,144.900,0.44,15742.400020826608
9943,OK,65.900,0.44,15861.299994867295
9944,OK,90.200,0.44,15940.999961458147
9945,OK,178.000,0.44,15616.599994245917
9946,OK,80.600,0.44,15849.99996703118
9947,OK,85.600,0.44,15848.400013055652
9948,OK,71.500,0.44,16060.199995990843
9949,OK,86.600,0.44,15707.699989434332
9950,OK,72.100,0.44,15804.20002574101
9951,OK,99.600,0.44,15900.50000231713
9952,OK,87.200,0.44,15774.000028613955
9953,OK,85.700,0.44,15956.500021275133
9954,OK,92.400,0.44,15755.600004922599
9955,OK,88.000,0.44,15880.699967965484
9956,OK,81.400,0.44,15871.200012043118
9957,OK,70.700,0.44,15867.599984630942
9958,OK,65.000,0.44,15879.500017035753
9959,OK,86.700,0.44,15830.99999697879
9960,OK,81.700,0.44,15892.900002654642
9961,OK,83.900,0.44,15866.200032178313
9962,OK,86.400,0.44,15826.099959667772
9963,OK,64.200,0.44,15931.300004012883
9964,OK,92.600,0.44,15867.599984630942
9965,OK,106.700,0.44,15850.399970076978
9966,OK,95.800,0.44,15899.899997748435
9967,OK,136.900,0.44,15661.099983844906
9968,OK,85.200,0.44,15845.69999249652
9969,OK,86.200,0.44,15831.900003831834
9970,OK,55.200,0.44,15897.799981757998
9971,OK,46.800,0.44,15954.600006807595
9972,OK,72.900,0.44,15930.800000205636
9973,OK,69.700,0.44,15886.400011368096
9974,OK,71.200,0.44,15901.89995476976
9975,OK,119.200,0.44,15812.299971003085
9976,OK,74.300,0.44,15886.999957729131
9977,OK,91.000,0.44,15862.700005527586
9978,OK,72.600,0.44,15827.700030058622
9979,OK,112.300,0.44,15921.600046567619
9980,OK,95.300,0.44,15751.500031910837
9981,OK,84.300,0.44,15828.499977942556
9982,OK,53.700,0.44,15928.499982692301
9983,OK,110.600,0.44,15798.699983861297
9984,OK,85.500,0.44,15845.899994019419
9985,OK,75.500,0.44,15880.200022365898
9986,OK,75.100,0.44,15842.099965084344
9987,OK,97.100,0.44,15878.800011705607
9988,OK,60.900,0.44,15950.100030750036
9989,OK,62.600,0.44,15894.399955868721
9990,OK,69.600,0.44,15805.000031832606
9991,OK,77.700,0.44,15968.399995472282
9992,OK,101.100,0.44,15753.299987409264
9993,OK,76.300,0.44,15842.000022530556
9994,OK,80.800,0.44,15771.100006531924
9995,OK,74.200,0.44,16026.999976020306
9996,OK,81.700,0.44,15828.999981749803
9997,OK,82.800,0.44,15900.900005362928
9998,OK,81.600,0.44,15802.400012034923
9999,OK,57.400,0.44,15883.800049778074
10000,OK,61.400,0.44,15928.099979646504
10001,OK,87.200,0.44,15696.10001752153
10002,OK,85.000,0.44,15903.699968475848
10003,OK,68.900,0.44,15844.399982597679
10004,OK,58.700,0.44,15893.000003416091
10005,OK,86.900,0.44,15907.599998172373
10006,OK,58.400,0.44,15904.699976090342
10007,OK,61.000,0.44,15877.600002568215
10008,OK,53.900,0.44,15943.500038702041
10009,OK,48.600,0.44,15869.49999909848
10010,OK,50.000,0.44,16063.200018834323
10011,OK,106.500,0.44,15714.10003816709
10012,OK,76.000,0.44,15872.700023464859
10013,OK,82.900,0.44,15860.000043176115
10014,OK,54.400,0.44,15856.500016525388
10015,OK,56.700,0.44,15979.399962816387
10016,OK,44.600,0.44,15948.199958074838
10017,OK,69.000,0.44,15880.600025411695
10018,OK,59.800,0.44,15898.99999089539
10019,OK,56.500,0.44,15917.900018393993
10020,OK,45.300,0.44,15884.699998423457
10021,OK,50.600,0.44,15953.699999954551
10022,OK,48.800,0.44,15880.099963396788
10023,OK,57.100,0.44,15941.000019665807
10024,OK,57.100,0.44,15923.200000543147
10025,OK,56.800,0.44,15789.900033269078
10026,OK,48.900,0.44,15986.50001687929
10027,OK,43.500,0.44,15976.19999665767
10028,OK,51.600,0.44,15950.000029988587
10029,OK,129.200,0.44,15632.099995855242
10030,OK,70.000,0.44,15848.900016862899
10031,OK,54.400,0.44,15906.300046481192
10032,OK,59.500,0.44,16005.199984647334
10033,OK,80.900,0.44,15884.599997662008
10034,OK,62.000,0.44,15800.199995283037
10035,OK,76.400,0.44,15900.300000794232
10036,OK,61.100,0.44,15907.399996649474
10037,OK,75.500,0.44,15912.099974229932
10038,OK,59.700,0.44,15827.199968043715
10039,OK,66.400,0.44,15985.499951057136
10040,OK,104.400,0.44,16108.699957840145
10041,OK,98.700,0.44,15486.099990084767
10042,OK,75.800,0.44,15846.499998588115
10043,OK,63.100,0.44,15926.799969747663
10044,OK,61.300,0.44,15873.400028795004
10045,OK,79.800,0.44,15894.000011030585
10046,OK,94.200,0.44,15808.299998752773
10047,OK,55.400,0.44,15931.200003251433
10048,OK,61.100,0.44,15939.600009005517
10049,OK,54.800,0.44,15844.499983359128
10050,OK,55.900,0.44,15930.800000205636
10051,OK,109.600,0.44,15822.799992747605
10052,OK,62.800,0.44,15883.599990047514
10053,OK,60.200,0.44,15889.900038018823
10054,OK,67.100,0.44,15903.200022876263
10055,OK,68.900,0.44,15832.300006877631
10056,OK,84.300,0.44,15908.700006548315
10057,OK,56.900,0.44,15888.70002888143
10058,OK,59.700,0.44,15904.900035820901
10059,OK,63.000,0.44,15870.700008235872
10060,OK,62.900,0.44,15905.699983704835
10061,OK,71.800,0.44,15941.700024995953
10062,OK,86.200,0.44,15797.500032931566
10063,OK,64.900,0.44,15937.900054268539
10064,OK,82.100,0.44,15870.100003667176
10065,OK,83.000,0.44,15847.000002395362
10066,OK,61.600,0.44,15900.300000794232
10067,OK,64.900,0.44,15913.699986413121
10068,OK,130.100,0.44,15769.299992825836
10069,OK,59.600,0.44,15917.300013825297
10070,OK,61.800,0.44,15901.400009170175
10071,OK,61.100,0.44,15880.800026934594
10072,OK,99.700,0.44,15835.40003048256
10073,OK,89.900,0.44,15872.50002194196
10074,OK,73.100,0.44,15862.00000019744
10075,OK,82.800,0.44,15843.600034713745
10076,OK,64.300,0.44,15904.800035059452
10077,OK,63.200,0.44,15954.400005284697
10078,OK,66.400,0.44,15836.9000419043
10079,OK,65.900,0.44,15858.399972785264
10080,OK,58.400,0.44,15910.599962808192
10081,OK,78.200,0.44,15817.400009837002
10082,OK,68.800,0.44,15977.300005033612
10083,OK,55.800,0.44,15895.99996805191
10084,OK,69.200,0.44,15855.500008910894
10085,OK,77.200,0.44,15872.799966018647
10086,OK,57.200,0.44,15884.099993854761
10087,OK,81.900,0.44,15850.500029046088
10088,OK,51.700,0.44,15953.399997670203
10089,OK,66.900,0.44,15896.299970336258
10090,OK,56.600,0.44,15935.99998159334
10091,OK,76.300,0.44,15872.100018896163
10092,OK,80.000,0.44,15871.500014327466
10093,OK,81.200,0.44,15833.90001906082
10094,OK,63.000,0.44,15958.499978296459
10095,OK,70.700,0.44,15889.799979049712
10096,OK,59.500,0.44,15898.200043011457
10097,OK,59.200,0.44,15838.39999511838
10098,OK,78.800,0.44,15901.900012977421
10099,OK,84.400,0.44,15850.600029807538
10100,OK,67.700,0.44,15914.099989458919
10101,OK,81.400,0.44,15668.500040192157
10102,OK,67.300,0.44,15876.99999799952
10103,OK,94.600,0.44,15766.299969982356
10104,OK,80.600,0.44,16546.799975913018
10105,OK,86.200,0.44,15167.500008828938
10106,OK,79.100,0.44,15854.7000028193
10107,OK,77.900,0.44,15869.299997575581
10108,OK,55.800,0.44,15867.499983869493
10109,OK,56.700,0.44,15954.100003000349
10110,OK,84.300,0.44,15862.800006289035
10111,OK,82.700,0.44,15921.30004428327
10112,OK,62.300,0.44,15901.900012977421
10113,OK,80.000,0.44,15834.400022868067
10114,OK,99.000,0.44,15842.79997041449
10115,OK,96.600,0.44,15793.300000950694
10116,OK,66.200,0.44,16045.799944549799
10117,OK,105.800,0.44,15723.399992566556
10118,OK,78.900,0.44,15788.399963639677
10119,OK,60.500,0.44,16024.200012907386
10120,OK,56.800,0.44,15925.70001957938
10121,OK,60.400,0.44,15863.300010096282
10122,OK,81.200,0.44,15874.799981247634
10123,OK,81.300,0.44,15856.500016525388
10124,OK,82.900,0.44,15874.699980486184
10125,OK,73.400,0.44,15865.099965594709
10126,OK,124.500,0.44,15810.599958058447
10127,OK,106.800,0.44,15794.500010088086
10128,OK,86.500,0.44,15995.19996671006
10129,OK,98.700,0.44,16002.099961042404
10130,OK,100.300,0.44,16123.500012326986
10131,OK,74.200,0.44,15348.200045991689
10132,OK,103.000,0.44,15878.50000942126
10133,OK,104.500,0.44,15807.000047061592
10134,OK,64.300,0.44,15833.200013730675
10135,OK,51.300,0.44,16001.800016965717
10136,OK,59.900,0.44,15821.699984371662
10137,OK,114.600,0.44,15820.900036487728
10138,OK,85.700,0.44,15835.29997151345
10139,OK,70.000,0.44,15871.999959927052
10140,OK,72.600,0.44,15963.999961968511
10141,OK,67.300,0.44,15840.200008824468
10142,OK,87.600,0.44,15818.000014405698
10143,OK,77.800,0.44,15838.999999687076
10144,OK,77.500,0.44,15935.699979308993
10145,OK,59.500,0.44,15915.50000011921
10146,OK,78.700,0.44,15874.400036409497
10147,OK,83.800,0.44,15794.599952641875
10148,OK,73.400,0.44,15938.500000629574
10149,OK,91.400,0.44,15800.699999090284
10150,OK,67.300,0.44,15879.90002008155
10151,OK,83.000,0.44,15920.499979984015
10152,OK,84.600,0.44,15819.999971427023
10153,OK,80.800,0.44,15907.799999695271
10154,OK,117.300,0.44,15798.40003978461
10155,OK,105.900,0.44,15833.400015253574
10156,OK,86.900,0.44,15839.69994680956
10157,OK,93.600,0.44,15828.799980226904
10158,OK,87.700,0.44,15976.09999589622
10159,OK,83.000,0.44,15776.899992488325
10160,OK,81.200,0.44,15914.199990220368
10161,OK,69.900,0.44,15842.69996965304
10162,OK,88.900,0.44,15877.899946644902
10163,OK,91.200,0.44,15832.40000763908
10164,OK,91.700,0.44,15847.900009248406
10165,OK,92.200,0.44,17419.3000420928
10166,OK,85.500,0.44,17658.800003118813
10167,OK,88.800,0.44,12453.499948605895
10168,OK,102.600,0.44,15793.500002473593
10169,OK,94.500,0.44,19189.60001785308
10170,OK,94.200,0.44,12495.79997966066
10171,OK,101.100,0.44,15844.09998031333
10172,OK,64.900,0.44,15893.500007223338
10173,OK,82.000,0.44,15845.199988689274
10174,OK,82.300,0.44,15875.499986577779
10175,OK,79.300,0.44,15852.299984544516
10176,OK,60.600,0.44,15919.099969323725
10177,OK,86.600,0.44,15859.299979638308
10178,OK,86.200,0.44,15861.399995628744
10179,OK,84.600,0.44,15831.700002308935
10180,OK,59.200,0.44,15927.09997203201
10181,OK,85.600,0.44,15831.900003831834
10182,OK,57.500,0.44,15907.299995888025
10183,OK,53.800,0.44,15918.200020678341
10184,OK,72.400,0.44,15949.199965689331
10185,OK,105.000,0.44,15714.399982243776
10186,OK,62.100,0.44,15993.000008165836
10187,OK,59.100,0.44,15879.200014751405
10188,OK,58.600,0.44,15947.200008668005
10189,OK,59.000,0.44,15904.799976851791
10190,OK,57.800,0.44,15899.799996986985
10191,OK,56.900,0.44,15911.599970422685
10192,OK,60.500,0.44,15981.000033207238
10193,OK,132.700,0.44,15635.50002174452
10194,OK,63.300,0.44,15899.19999241829
10195,OK,58.000,0.44,15903.70002668351
10196,OK,72.800,0.44,15947.700012475252
10197,OK,66.400,0.44,15904.199972283095
10198,OK,62.600,0.44,15879.8000193201
10199,OK,56.000,0.44,15872.499963734299
10200,OK,75.300,0.44,15850.000025238842
10201,OK,81.700,0.44,15735.599969048053
10202,OK,91.400,0.44,15845.499990973622
10203,OK,95.800,0.44,15819.000022020191
10204,OK,61.400,0.44,15928.499982692301
10205,OK,105.100,0.44,15887.599962297827
10206,OK,61.400,0.44,15883.00004368648
10207,OK,65.700,0.44,15862.700005527586
10208,OK,59.600,0.44,15907.099994365126
10209,OK,86.600,0.44,15866.499976255
10210,OK,73.600,0.44,15908.200002741069
10211,OK,64.800,0.44,15869.49999909848
10212,OK,114.300,0.44,15746.49999383837
10213,OK,64.200,0.44,16210.500034503639
10214,OK,138.600,0.44,15419.10000378266
10215,OK,57.100,0.44,15889.400034211576
10216,OK,45.400,0.44,15958.29997677356
10217,OK,54.900,0.44,15945.499995723367
10218,OK,61.500,0.44,15886.699955444783
10219,OK,62.900,0.44,15950.200031511486
10220,OK,69.600,0.44,15804.799972102046
10221,OK,88.600,0.44,16087.20002695918
10222,OK,94.900,0.44,15637.500036973506
10223,OK,68.600,0.44,15780.7000214234
10224,OK,52.100,0.44,15953.800000716
10225,OK,54.000,0.44,15960.499993525445
10226,OK,60.700,0.44,15825.10001026094
10227,OK,58.800,0.44,16004.800039809197
10228,OK,86.700,0.44,15882.80004216358
10229,OK,168.500,0.44,15604.30001700297
10230,OK,92.000,0.44,15878.100006375462
10231,OK,80.200,0.44,15907.099994365126
10232,OK,82.800,0.44,15953.399997670203
10233,OK,94.500,0.44,15889.399976003915
10234,OK,150.200,0.44,15662.899997550994
10235,OK,92.300,0.44,15824.600006453693
10236,OK,88.800,0.44,15741.000010166317
10237,OK,84.300,0.44,15873.299969825894
10238,OK,64.800,0.44,15932.200010865927
10239,OK,96.300,0.44,15899.09999165684
10240,OK,93.600,0.44,15799.099986907095
10241,OK,86.200,0.44,15825.499955099076
10242,OK,79.900,0.44,15824.400004930794
10243,OK,87.100,0.44,16373.09999205172
10244,OK,102.900,0.44,15317.600045818835
10245,OK,82.300,0.44,15863.200009334832
10246,OK,67.400,0.44,15902.900020591915
10247,OK,89.000,0.44,15858.099970500916
10248,OK,114.000,0.44,15818.199957720935
10249,OK,102.700,0.44,15831.600001547486
10250,OK,105.800,0.44,15827.299968805164
10251,OK,106.500,0.44,15815.599996130913
10252,OK,100.400,0.44,15868.899994529784
10253,OK,92.100,0.44,15834.199963137507
10254,OK,96.800,0.44,15843.400033190846
10255,OK,89.900,0.44,15891.299990471452
10256,OK,95.700,0.44,15827.200026251376
10257,OK,87.800,0.44,15849.100018385798
10258,OK,67.700,0.44,15884.200052823871
10259,OK,88.600,0.44,15839.500003494322
10260,OK,72.400,0.44,16982.19997342676
10261,OK,92.300,0.44,14701.599953696132
10262,OK,85.900,0.44,15904.200030490756
10263,OK,99.000,0.44,15826.199960429221
10264,OK,97.000,0.44,15866.900037508458
10265,OK,93.600,0.44,15849.800023715943
10266,OK,96.500,0.44,15802.600013557822
10267,OK,74.700,0.44,15886.200009845197
10268,OK,80.400,0.44,15939.899953082204
10269,OK,87.700,0.44,15847.700007725507
10270,OK,93.600,0.44,15827.300027012825
10271,OK,92.500,0.44,15918.800025247037
10272,OK,158.100,0.44,15689.799969550222
10273,OK,77.900,0.44,15864.500019233674
10274,OK,91.800,0.44,15810.699958819896
10275,OK,60.500,0.44,15882.099978625774
10276,OK,47.600,0.44,15947.199950460345
10277,OK,62.000,0.44,15921.999991405755
10278,OK,61.100,0.44,15935.300034470856
10279,OK,60.200,0.44,15887.800022028387
10280,OK,88.200,0.44,15892.700001131743
10281,OK,61.900,0.44,15923.800005111843
10282,OK,56.700,0.44,15915.600000880659
10283,OK,55.400,0.44,15923.800005111843
10284,OK,61.300,0.44,15883.699990808964
10285,OK,53.800,0.44,15932.100010104477
10286,OK,62.000,0.44,15851.399977691472
10287,OK,115.700,0.44,15867.499983869493
10288,OK,62.200,0.44,15887.699963059276
10289,OK,56.900,0.44,15860.300045460463
10290,OK,57.800,0.44,15953.199996147305
10291,OK,69.700,0.44,15852.200041990727
10292,OK,71.300,0.44,15891.899995040148
10293,OK,60.400,0.44,15910.600021015853
10294,OK,60.300,0.44,15885.300002992153
10295,OK,84.900,0.44,15870.89995155111
10296,OK,133.600,0.44,18473.299976903945
10297,OK,113.000,0.44,13123.699987772852
10298,OK,83.100,0.44,15903.000021353364
10299,OK,71.400,0.44,15811.8000254035
10300,OK,59.300,0.44,15878.700010944158
10301,OK,69.400,0.44,15818.400017451495
10302,OK,228.400,0.44,15656.300005502999
10303,OK,59.000,0.44,15869.599999859929
10304,OK,67.600,0.44,15888.899972196668
10305,OK,59.400,0.44,15928.899985738099
10306,OK,82.200,0.44,15870.600007474422
10307,OK,112.300,0.44,15783.50004274398
10308,OK,51.200,0.44,15908.300003502518
10309,OK,53.800,0.44,15935.900039039552
10310,OK,81.700,0.44,15927.900036331266
10311,OK,163.300,0.44,15714.400040451437
10312,OK,104.300,0.44,15875.200042501092
10313,OK,123.000,0.44,15785.900002811104
10314,OK,52.000,0.44,15952.599991578609
10315,OK,68.800,0.44,15830.79999545589
10316,OK,69.700,0.44,15935.099974740297
10317,OK,73.000,0.44,15962.000004947186
10318,OK,71.600,0.44,15884.29999537766
10319,OK,65.500,0.44,15869.900002144277
10320,OK,72.500,0.44,15822.899993509054
10321,OK,81.900,0.44,15947.500010952353
10322,OK,47.300,0.44,15909.40001187846
10323,OK,52.100,0.44,15939.800010528415
10324,OK,46.500,0.44,15833.399957045913
10325,OK,41.300,0.44,15970.600012224168
10326,OK,44.000,0.44,15938.89994546771
10327,OK,45.200,0.44,15903.199964668602
10328,OK,47.700,0.44,15871.600015088916
10329,OK,42.800,0.44,16007.400001399219
10330,OK,65.500,0.44,15953.099995385855
10331,OK,158.400,0.44,15631.599992047995
10332,OK,72.500,0.44,15896.799974143505
10333,OK,104.600,0.44,15794.600010849535
10334,OK,76.900,0.44,15876.699995715171
10335,OK,97.300,0.44,15907.90000045672
10336,OK,72.400,0.44,15877.700003329664
10337,OK,77.700,0.44,15898.800047580153
10338,OK,83.600,0.44,15832.900011446327
10339,OK,83.100,0.44,15844.599984120578
10340,OK,80.700,0.44,15882.299980148673
10341,OK,59.500,0.44,15886.400011368096
10342,OK,65.500,0.44,15850.599971599877
10343,OK,61.900,0.44,15895.600023213774
10344,OK,88.100,0.44,15894.59995739162
10345,OK,69.400,0.44,15880.699967965484
10346,OK,60.100,0.44,15922.599995974451
10347,OK,85.500,0.44,15816.20000069961
10348,OK,75.100,0.44,15903.400024399161
10349,OK,65.500,0.44,15856.699959840626
10350,OK,49.900,0.44,15937.199990730733
10351,OK,49.600,0.44,15877.500001806766
10352,OK,61.700,0.44,15893.400006461889
10353,OK,55.800,0.44,15916.80001001805
10354,OK,76.500,0.44,15868.799993768334
10355,OK,57.800,0.44,15947.99995655194
10356,OK,80.200,0.44,15914.999996311963
10357,OK,102.500,0.44,15866.599977016449
10358,OK,101.700,0.44,15794.800012372434
10359,OK,101.300,0.44,15812.99997633323
10360,OK,76.600,0.44,15903.200022876263
10361,OK,69.400,0.44,15838.799998164177
10362,OK,84.200,0.44,15924.000006634742
10363,OK,73.800,0.44,15524.999995250255
10364,OK,98.300,0.44,15800.399996805936
10365,OK,94.600,0.44,15911.00002406165
10366,OK,108.600,0.44,15795.30001617968
10367,OK,62.100,0.44,17083.199985790998
10368,OK,136.600,0.44,14571.70001231134
10369,OK,59.600,0.44,15898.399986326694
10370,OK,78.400,0.44,15868.300048168749
10371,OK,72.900,0.44,15852.099983021617
10372,OK,81.700,0.44,15938.89994546771
10373,OK,91.900,0.44,15824.800007976592
10374,OK,76.400,0.44,15881.799976341426
10375,OK,67.800,0.44,15882.999985478818
10376,OK,59.900,0.44,15910.700021777302
10377,OK,89.200,0.44,15883.399988524616
10378,OK,60.800,0.44,15898.000041488558
10379,OK,77.800,0.44,15871.400013566017
10380,OK,73.700,0.44,15929.099987260997
10381,OK,60.500,0.44,15835.200028959662
10382,OK,68.400,0.44,15886.000008322299
10383,OK,67.800,0.44,15945.09999267757
10384,OK,61.300,0.44,15861.599997151643
10385,OK,62.300,0.44,15929.799992591143
10386,OK,69.300,0.44,15797.300031408668
10387,OK,55.700,0.44,15951.099980156869
10388,OK,68.100,0.44,15891.69999351725
10389,OK,103.000,0.44,15865.999972447753
10390,OK,75.600,0.44,15876.499994192272
10391,OK,79.000,0.44,15867.599984630942
10392,OK,61.100,0.44,15942.599973641336
10393,OK,61.300,0.44,15897.5999802351
10394,OK,59.400,0.44,15850.09996779263
10395,OK,68.600,0.44,15851.399977691472
10396,OK,51.900,0.44,15963.900019414723
10397,OK,53.200,0.44,15925.80002034083
10398,OK,75.700,0.44,15895.800024736673
10399,OK,77.800,0.44,15838.599996641278
10400,OK,101.300,0.44,15829.799987841398
10401,OK,93.900,0.44,15816.900006029755
10402,OK,222.600,0.44,15615.699987392873
10403,OK,58.300,0.44,15871.499956119806
10404,OK,45.100,0.44,15894.59995739162
10405,OK,46.400,0.44,15954.800008330494
10406,OK,47.600,0.44,15799.600048922002
10407,OK,52.500,0.44,16011.500032618642
10408,OK,75.600,0.44,15921.599988359958
10409,OK,81.500,0.44,15819.899970665574
10410,OK,90.100,0.44,15785.199997480959
10411,OK,76.200,0.44,15934.199967887253
10412,OK,68.700,0.44,15883.599990047514
10413,OK,81.400,0.44,15878.40000865981
10414,OK,90.600,0.44,15892.600000370294
10415,OK,97.400,0.44,15799.89999299869
10416,OK,110.100,0.44,15822.499990463257
10417,OK,59.800,0.44,15887.700021266937
10418,OK,54.600,0.44,15850.899973884225
10419,OK,60.500,0.44,15912.49997727573
10420,OK,57.100,0.44,15899.799996986985
10421,OK,97.400,0.44,15873.90003260225
10422,OK,83.800,0.44,15814.59998851642
10423,OK,81.700,0.44,15913.000039290637
10424,OK,62.400,0.44,15861.599997151643
10425,OK,81.700,0.44,15894.999960437417
10426,OK,68.500,0.44,15872.799966018647
10427,OK,129.300,0.44,15783.49998453632
10428,OK,86.400,0.44,15893.700008746237
10429,OK,78.200,0.44,15859.09997811541
10430,OK,92.800,0.44,15894.400014076382
10431,OK,68.100,0.44,15890.999988187104
10432,OK,63.500,0.44,15822.699991986156
10433,OK,51.900,0.44,15913.200040813535
10434,OK,68.400,0.44,15884.19999461621
10435,OK,80.400,0.44,15909.200010355562
10436,OK,67.000,0.44,15899.09999165684
10437,OK,83.600,0.44,15862.10000095889
10438,OK,124.900,0.44,15754.599997308105
10439,OK,97.300,0.44,15919.299970846623
10440,OK,75.200,0.44,15800.699999090284
10441,OK,58.800,0.44,15899.899997748435
10442,OK,65.800,0.44,15858.99997735396
10443,OK,89.600,0.44,15875.799988862127
10444,OK,81.000,0.44,15940.200013574213
10445,OK,95.600,0.44,15786.5000073798
10446,OK,68.700,0.44,15913.499984890223
10447,OK,68.100,0.44,15833.499957807362
10448,OK,65.000,0.44,15884.100052062422
10449,OK,80.000,0.44,15909.199952147901
10450,OK,82.600,0.44,15818.700019735843
10451,OK,86.000,0.44,15876.79999647662
10452,OK,75.500,0.44,15865.700028371066
10453,OK,84.900,0.44,15866.599977016449
10454,OK,66.500,0.44,15905.699983704835
10455,OK,117.500,0.44,15816.900006029755
10456,OK,68.200,0.44,15904.399973805994
10457,OK,103.000,0.44,15834.799967706203
10458,OK,82.300,0.44,15872.100018896163
10459,OK,98.100,0.44,15895.800024736673
10460,OK,93.700,0.44,15784.599992912263
10461,OK,79.300,0.44,15883.399988524616
10462,OK,85.500,0.44,15868.099988438189
10463,OK,86.800,0.44,15848.300012294203
10464,OK,89.500,0.44,15853.899996727705
10465,OK,83.100,0.44,15956.89996611327
10466,OK,165.300,0.44,15801.19994468987
10467,OK,87.600,0.44,15944.099985063076
10468,OK,95.400,0.44,17114.699992816895
10469,OK,116.900,0.44,14590.399980079383
10470,OK,114.200,0.44,15535.200014710426
10471,OK,93.400,0.44,15852.199983783066
10472,OK,84.500,0.44,15857.299964409322
10473,OK,84.200,0.44,15855.800011195242
10474,OK,84.600,0.44,15885.70000603795
10475,OK,81.600,0.44,15849.099960178137
10476,OK,62.200,0.44,15895.100019406527
10477,OK,68.700,0.44,15905.300038866699
10478,OK,95.500,0.44,15841.600019484758
10479,OK,97.200,0.44,15845.999994780868
10480,OK,100.400,0.44,15905.799984466285
10481,OK,163.500,0.44,15612.000017426908
10482,OK,84.200,0.44,15836.499980650842
10483,OK,63.600,0.44,15879.700018558651
10484,OK,63.300,0.44,15904.100029729307
10485,OK,97.200,0.44,15886.799956206232
10486,OK,61.600,0.44,15886.600012890995
10487,OK,61.200,0.44,15902.999963145703
10488,OK,64.000,0.44,15902.00001373887
10489,OK,66.100,0.44,15863.899956457317
10490,OK,89.800,0.44,15858.400030992925
10491,OK,61.700,0.44,15916.000003926456
10492,OK,65.300,0.44,15885.100001469254
10493,OK,63.100,0.44,15850.799973122776
10494,OK,64.700,0.44,15902.500017546117
10495,OK,64.600,0.44,15978.500014171004
10496,OK,143.800,0.44,15664.300008211285
10497,OK,64.100,0.44,15878.50000942126
10498,OK,55.100,0.44,16016.500012483448
10499,OK,62.800,0.44,15888.600028119981
10500,OK,55.800,0.44,15915.800002403557
10501,OK,82.900,0.44,15712.40002522245
10502,OK,74.900,0.44,15841.30001720041
10503,OK,66.800,0.44,15910.399961285293
10504,OK,78.100,0.44,15843.00003014505
10505,OK,124.600,0.44,15761.30004832521
10506,OK,82.800,0.44,15888.200025074184
10507,OK,82.100,0.44,15917.400014586747
10508,OK,68.500,0.44,15827.299968805164
10509,OK,67.100,0.44,15893.799951300025
10510,OK,105.500,0.44,15871.599956881255
10511,OK,67.500,0.44,15857.100021094084
10512,OK,72.300,0.44,15951.999987009913
10513,OK,57.100,0.44,15881.29997253418
10514,OK,63.500,0.44,15870.000002905726
10515,OK,61.300,0.44,15899.699996225536
10516,OK,58.500,0.44,15943.200036417693
10517,OK,74.800,0.44,15832.100005354732
10518,OK,148.000,0.44,15793.099999427795
10519,OK,55.400,0.44,15864.200016949326
10520,OK,59.500,0.44,15924.700011964887
10521,OK,57.600,0.44,15910.699963569641
10522,OK,51.000,0.44,15875.499986577779
10523,OK,44.700,0.44,15955.100010614842
10524,OK,47.300,0.44,15935.900039039552
10525,OK,57.700,0.44,15892.800001893193
10526,OK,106.000,0.44,15761.1999893561
10527,OK,95.000,0.44,15884.29999537766
10528,OK,58.800,0.44,16001.30001315847
10529,OK,88.500,0.44,15771.199949085712
10530,OK,59.000,0.44,15844.399982597679
10531,OK,77.300,0.44,15918.50002296269
10532,OK,53.400,0.44,15885.90000756085
10533,OK,51.500,0.44,15873.500029556453
10534,OK,49.800,0.44,15973.499976098537
10535,OK,53.700,0.44,15860.699990298599
10536,OK,113.800,0.44,15796.300023794174
10537,OK,82.700,0.44,15938.199998345226
10538,OK,67.400,0.44,15913.79998717457
10539,OK,54.700,0.44,15905.700041912496
10540,OK,59.500,0.44,15948.300017043948
10541,OK,161.000,0.44,15629.899979103357
10542,OK,72.000,0.44,15797.599975485355
10543,OK,55.600,0.44,15979.1000187397
10544,OK,113.200,0.44,15753.200044855475
10545,OK,98.900,0.44,15878.40000865981
10546,OK,89.600,0.44,16297.499998472631
10547,OK,90.200,0.44,15337.099961470813
10548,OK,134.300,0.44,15809.000004082918
10549,OK,94.000,0.44,15960.099990479648
10550,OK,90.900,0.44,15729.199978522956
10551,OK,105.300,0.44,15860.999992582947
10552,OK,101.600,0.44,15789.40002946183
10553,OK,90.700,0.44,15859.09997811541
10554,OK,126.900,0.44,15805.999981239438
10555,OK,85.300,0.44,15840.500011108816
10556,OK,82.800,0.44,15887.20001745969
10557,OK,89.500,0.44,15852.099983021617
10558,OK,85.800,0.44,15867.000038269907
10559,OK,87.900,0.44,15851.80003894493
10560,OK,94.500,0.44,15824.900008738041
10561,OK,68.200,0.44,15960.699995048344
10562,OK,106.300,0.44,15793.200000189245
10563,OK,98.100,0.44,15799.89999299869
10564,OK,88.100,0.44,15865.900029893965
10565,OK,95.400,0.44,15859.999984968454
10566,OK,100.700,0.44,15860.999992582947
10567,OK,81.300,0.44,15824.199945200235
10568,OK,70.600,0.44,15910.600021015853
10569,OK,78.700,0.44,15875.29998505488
10570,OK,83.500,0.44,15811.100020073354
10571,OK,62.800,0.44,15894.200012553483
10572,OK,66.100,0.44,15927.30003176257
10573,OK,87.300,0.44,15836.099977605045
10574,OK,75.600,0.44,15916.100004687905
10575,OK,94.700,0.44,15868.599992245436
10576,OK,137.500,0.44,15740.50000635907
10577,OK,80.300,0.44,15873.600030317903
10578,OK,70.200,0.44,15854.400000534952
10579,OK,67.700,0.44,15874.400036409497
10580,OK,60.400,0.44,15900.50000231713
10581,OK,56.500,0.44,16030.300001148134
10582,OK,61.100,0.44,15852.999989874661
10583,OK,85.200,0.44,15836.600039619952
10584,OK,66.000,0.44,15852.500044275075
10585,OK,46.600,0.44,15904.99997837469
10586,OK,45.600,0.44,15927.499975077808
10587,OK,47.300,0.44,15972.200024407357
10588,OK,64.000,0.44,15910.700021777302
10589,OK,55.200,0.44,15872.099960688502
10590,OK,79.800,0.44,15890.599985141307
10591,OK,124.600,0.44,15793.90000551939
10592,OK,65.500,0.44,15930.800000205636
10593,OK,74.800,0.44,15950.099972542375
10594,OK,58.700,0.44,15894.000011030585
10595,OK,56.400,0.44,15915.29999859631
10596,OK,64.300,0.44,15891.999995801598
10597,OK,53.900,0.44,15872.60002270341
10598,OK,72.700,0.44,15894.70001636073
10599,OK,72.600,0.44,15913.099981844425
10600,OK,60.800,0.44,15874.599979724735
10601,OK,123.500,0.44,15654.69999331981
10602,OK,92.500,0.44,15790.299978107214
10603,OK,69.600,0.44,15898.600046057254
10604,OK,54.000,0.44,15844.499983359128
10605,OK,81.400,0.44,15923.099999781698
10606,OK,92.400,0.44,15861.799998674542
10607,OK,93.300,0.44,15817.999956198037
10608,OK,96.500,0.44,15875.999990385026
10609,OK,82.200,0.44,15840.100008063018
10610,OK,56.500,0.44,15931.000001728535
10611,OK,75.700,0.44,15876.199991907924
10612,OK,54.300,0.44,15931.100002489984
10613,OK,60.200,0.44,15894.200012553483
10614,OK,53.100,0.44,15874.300035648048
10615,OK,78.200,0.44,15844.29998183623
10616,OK,60.700,0.44,15900.300000794232
10617,OK,68.500,0.44,15909.200010355562
10618,OK,58.600,0.44,16117.800027132034
10619,OK,181.700,0.44,15475.899970624596
10620,OK,73.200,0.44,15874.899982009083
10621,OK,52.400,0.44,15925.600018817931
10622,OK,44.900,0.44,15896.400029305369
10623,OK,123.700,0.44,15787.100011948496
10624,OK,69.800,0.44,15990.8999921754
10625,OK,48.900,0.44,15891.5999927558
10626,OK,52.800,0.44,15900.300000794232
10627,OK,50.500,0.44,15916.9000107795
10628,OK,51.200,0.44,15923.900005873293
10629,OK,60.500,0.44,15897.300036158413
10630,OK,55.100,0.44,15968.299994710833
10631,OK,60.600,0.44,15916.500007733703
10632,OK,77.700,0.44,15866.499976255
10633,OK,73.300,0.44,15838.39999511838
10634,OK,69.700,0.44,15909.999958239496
10635,OK,114.300,0.44,15847.900009248406
10636,OK,119.900,0.44,15729.899983853102
10637,OK,58.200,0.44,15881.899977102876
10638,OK,78.500,0.44,15838.799998164177
10639,OK,54.900,0.44,15966.499981004745
10640,OK,72.600,0.44,15892.299998085946
10641,OK,76.100,0.44,15817.400009837002
10642,OK,57.900,0.44,15908.400004263967
10643,OK,74.100,0.44,15861.899999435991
10644,OK,86.700,0.44,15877.800004091114
10645,OK,61.700,0.44,15888.69997067377
10646,OK,62.500,0.44,15920.799982268363
10647,OK,61.400,0.44,15894.59995739162
10648,OK,78.200,0.44,15870.700008235872
10649,OK,73.400,0.44,15858.599974308163
10650,OK,64.800,0.44,15919.099969323725
10651,OK,61.300,0.44,15867.99998767674
10652,OK,80.600,0.44,15927.600034046918
10653,OK,90.500,0.44,15772.199956700206
10654,OK,58.200,0.44,15944.99999191612
10655,OK,61.500,0.44,15935.000032186508
10656,OK,63.600,0.44,15872.60002270341
10657,OK,73.100,0.44,15839.500003494322
10658,OK,61.100,0.44,15901.300008408725
10659,OK,57.600,0.44,15898.699988611042
10660,OK,54.800,0.44,15915.600000880659
10661,OK,78.400,0.44,15835.599973797798
10662,OK,78.700,0.44,15911.500027868897
10663,OK,67.600,0.44,15933.900023810565
10664,OK,59.100,0.44,15920.200035907328
10665,OK,58.400,0.44,15903.900028206408
10666,OK,64.500,0.44,15859.20003708452
10667,OK,58.300,0.44,15905.400039628148
10668,OK,80.300,0.44,15864.100016187876
10669,OK,78.700,0.44,15828.999981749803
10670,OK,64.200,0.44,16004.29997779429
10671,OK,64.100,0.44,15881.699975579977
10672,OK,154.300,0.44,15737.59998427704
10673,OK,99.500,0.44,15793.500002473593
10674,OK,83.000,0.44,15864.900022279471
10675,OK,52.100,0.44,15971.299959346652
10676,OK,61.500,0.44,15837.799990549684
10677,OK,114.900,0.44,15854.7000028193
10678,OK,62.700,0.44,15846.900001633912
10679,OK,80.700,0.44,15925.80002034083
10680,OK,62.500,0.44,15876.499994192272
10681,OK,58.400,0.44,15911.700029391795
10682,OK,60.100,0.44,15898.699988611042
10683,OK,59.700,0.44,15906.100044958293
10684,OK,59.900,0.44,15852.299984544516
10685,OK,79.400,0.44,15861.499996390194
10686,OK,69.400,0.44,15888.899972196668
10687,OK,67.900,0.44,15870.700008235872
10688,OK,70.100,0.44,15907.699998933822
10689,OK,66.600,0.44,15910.700021777302
10690,OK,57.500,0.44,15968.69999775663
10691,OK,75.800,0.44,15792.599995620549
10692,OK,50.600,0.44,15903.099963907152
10693,OK,58.900,0.44,15934.000024572015
10694,OK,64.500,0.44,15900.000056717545
10695,OK,65.000,0.44,15837.299986742437
10696,OK,81.400,0.44,15870.90000975877
10697,OK,78.200,0.44,15914.10004766658
10698,OK,76.800,0.44,15886.700013652444
10699,OK,54.900,0.44,15887.399960774928
10700,OK,68.600,0.44,15895.899967290461
10701,OK,78.600,0.44,15736.899978946894
10702,OK,55.000,0.44,15905.599982943386
10703,OK,87.400,0.44,15866.799978539348
10704,OK,74.500,0.44,15942.399972118437
10705,OK,66.500,0.44,15755.900007206947
10706,OK,59.900,0.44,15893.900010269135
10707,OK,58.000,0.44,15874.799981247634
10708,OK,87.000,0.44,15875.199984293431
10709,OK,58.100,0.44,15888.299967627972
10710,OK,49.400,0.44,15931.200003251433
10711,OK,60.700,0.44,15861.499996390194
10712,OK,62.100,0.44,15948.400017805398
10713,OK,62.700,0.44,15858.199971262366
10714,OK,83.100,0.44,15926.599968224764
10715,OK,113.700,0.44,15811.600023880601
10716,OK,98.600,0.44,15830.599993932992
10717,OK,73.700,0.44,15924.30000891909
10718,OK,61.300,0.44,15918.800025247037
10719,OK,143.100,0.44,15693.399996962398
10720,OK,86.300,0.44,15841.500018723309
10721,OK,60.500,0.44,15881.499974057078
10722,OK,51.100,0.44,15964.699967298657
10723,OK,91.800,0.44,15871.10001128167
10724,OK,55.000,0.44,15939.300006721169
10725,OK,68.800,0.44,15860.699990298599
10726,OK,66.900,0.44,15908.600005786866
10727,OK,77.500,0.44,15814.799990039319
10728,OK,64.500,0.44,15976.499998942018
10729,OK,125.700,0.44,15670.699998736382
10730,OK,82.900,0.44,15878.50000942126
10731,OK,69.200,0.44,15883.099986240268
10732,OK,70.500,0.44,15933.700022287667
10733,OK,57.200,0.44,15903.200022876263
10734,OK,75.900,0.44,16207.799955736846
10735,OK,79.600,0.44,15484.800038393587
10736,OK,84.400,0.44,15897.69998099655
10737,OK,66.500,0.44,15904.000028967857
10738,OK,74.900,0.44,15854.60000205785
10739,OK,109.300,0.44,15823.699999600649
10740,OK,87.700,0.44,15906.59999055788
10741,OK,179.700,0.44,15702.700009569526
10742,OK,89.500,0.44,15808.399999514222
10743,OK,66.100,0.44,15895.399963483214
10744,OK,95.000,0.44,15865.199966356158
10745,OK,98.200,0.44,15860.59998953715
10746,OK,91.700,0.44,15837.699989788234
10747,OK,65.200,0.44,15827.700030058622
10748,OK,72.700,0.44,15891.7999942787
10749,OK,59.600,0.44,15964.399965014309
10750,OK,81.700,0.44,15875.29998505488
10751,OK,84.100,0.44,15806.999988853931
10752,OK,86.200,0.44,15853.500051889569
10753,OK,90.300,0.44,15830.399992410094
10754,OK,68.800,0.44,15907.199995126575
10755,OK,104.700,0.44,15788.899967446923
10756,OK,104.400,0.44,15814.399986993521
10757,OK,109.000,0.44,15857.70002566278
10758,OK,88.800,0.44,15810.899960342795
10759,OK,85.100,0.44,15875.499986577779
10760,OK,62.700,0.44,15875.700046308339
10761,OK,77.400,0.44,15860.000043176115
10762,OK,83.100,0.44,16003.999975509942
10763,OK,138.100,0.44,15699.699986726046
10764,OK,79.400,0.44,15842.79997041449
10765,OK,67.200,0.44,15870.400005951524
10766,OK,78.900,0.44,15920.200035907328
10767,OK,81.300,0.44,15807.799994945526
10768,OK,88.100,0.44,15848.200011532754
10769,OK,81.900,0.44,21424.899983685464
10770,OK,93.000,0.44,10609.79999601841
10771,OK,82.600,0.44,15577.60004652664
10772,OK,100.500,0.44,15848.399954847991
10773,OK,82.400,0.44,15839.200001209974
10774,OK,84.500,0.44,15851.200034376234
10775,OK,81.800,0.44,15871.400013566017
10776,OK,91.100,0.44,15836.199978366494
10777,OK,83.900,0.44,15853.09999063611
10778,OK,60.600,0.44,15896.800032351166
10779,OK,51.000,0.44,16008.600010536611
10780,OK,107.800,0.44,15758.600027766079
10781,OK,86.700,0.44,15882.899984717369
10782,OK,70.600,0.44,15847.400005441159
10783,OK,79.100,0.44,15867.799986153841
10784,OK,95.900,0.44,15894.400014076382
10785,OK,72.900,0.44,15889.700036495924
10786,OK,54.700,0.44,15952.999994624406
10787,OK,56.800,0.44,15858.800034038723
10788,OK,56.400,0.44,15910.300018731505
10789,OK,56.600,0.44,15897.5999802351
10790,OK,123.700,0.44,15985.700010787696
10791,OK,91.200,0.44,15697.60002894327
10792,OK,61.100,0.44,15879.700018558651
10793,OK,78.100,0.44,15882.599982433021
10794,OK,74.300,0.44,15818.800020497292
10795,OK,83.100,0.44,15911.899972707033
10796,OK,60.200,0.44,15942.399972118437
10797,OK,131.000,0.44,15710.100007709116
10798,OK,88.200,0.44,15808.500000275671
10799,OK,68.400,0.44,15902.300016023219
10800,OK,87.500,0.44,15871.900017373264
10801,OK,83.100,0.44,15750.800026580691
10802,OK,81.900,0.44,15924.30000891909
10803,OK,66.400,0.44,15869.099996052682
10804,OK,62.300,0.44,15901.89995476976
10805,OK,60.900,0.44,15856.500016525388
10806,OK,88.900,0.44,15804.899972863495
10807,OK,84.500,0.44,15894.59995739162
10808,OK,61.600,0.44,15863.39995265007
10809,OK,46.800,0.44,15932.100010104477
10810,OK,61.000,0.44,15922.499995213002
10811,OK,86.900,0.44,15883.699990808964
10812,OK,80.800,0.44,15846.399997826666
10813,OK,76.600,0.44,15825.00000949949
10814,OK,64.500,0.44,15879.400016274303
10815,OK,60.800,0.44,15933.20001848042
10816,OK,58.500,0.44,15876.99999799952
10817,OK,58.300,0.44,16021.499992348254
10818,OK,186.600,0.44,15603.300009388477
10819,OK,115.100,0.44,15728.999977000058
10820,OK,46.300,0.44,15920.500038191676
10821,OK,45.300,0.44,15979.799965862185
10822,OK,62.800,0.44,15940.70001738146
10823,OK,54.900,0.44,15935.600036755204
10824,OK,72.300,0.44,15849.799965508282
10825,OK,56.400,0.44,15853.299992159009
10826,OK,47.400,0.44,16009.900020435452
10827,OK,126.300,0.44,15705.300029367208
10828,OK,86.400,0.44,15895.299962721765
10829,OK,68.000,0.44,15927.699976600707
10830,OK,72.100,0.44,15876.99999799952
10831,OK,67.600,0.44,15866.899979300797
10832,OK,64.700,0.44,15868.799993768334
10833,OK,57.300,0.44,15863.400010857731
10834,OK,54.600,0.44,15920.800040476024
10835,OK,74.300,0.44,15833.400015253574
10836,OK,53.100,0.44,16166.899993550032
10837,OK,123.400,0.44,15578.100050333887
10838,OK,74.900,0.44,15830.199990887195
10839,OK,53.200,0.44,15977.900009602308
10840,OK,112.600,0.44,15764.700016006827
10841,OK,83.100,0.44,15879.8000193201
10842,OK,80.800,0.44,15836.89998369664
10843,OK,80.400,0.44,15891.199989710003
10844,OK,65.200,0.44,15909.40001187846
10845,OK,80.700,0.44,15813.19997785613
10846,OK,61.400,0.44,15933.10001771897
10847,OK,67.800,0.44,15909.900015685707
10848,OK,63.800,0.44,16052.999999374151
10849,OK,75.800,0.44,15655.099996365607
10850,OK,85.700,0.44,15870.400005951524
10851,OK,68.900,0.44,15887.999965343624
10852,OK,100.500,0.44,15834.200021345168
10853,OK,103.400,0.44,15865.799970924854
10854,OK,84.500,0.44,15819.299966096878
10855,OK,82.600,0.44,15850.100026000291
10856,OK,84.100,0.44,15885.100001469254
10857,OK,92.200,0.44,15830.79999545589
10858,OK,85.700,0.44,15876.89999723807
10859,OK,81.500,0.44,15869.49999909848
10860,OK,83.200,0.44,15852.199983783066
10861,OK,87.300,0.44,15865.099965594709
10862,OK,79.500,0.44,15849.299961701035
10863,OK,80.500,0.44,15877.099998760968
10864,OK,77.600,0.44,15881.699975579977
10865,OK,81.600,0.44,15826.099959667772
10866,OK,101.600,0.44,15854.299999773502
10867,OK,100.500,0.44,15843.900036998093
10868,OK,83.800,0.44,15908.400004263967
10869,OK,87.800,0.44,15818.099956959486
10870,OK,87.100,0.44,15828.999981749803
10871,OK,87.100,0.44,15844.899986404926
10872,OK,68.800,0.44,15939.800010528415
10873,OK,84.800,0.44,15862.00000019744
10874,OK,137.900,0.44,15810.499957296997
10875,OK,89.800,0.44,15783.799986820668
10876,OK,83.100,0.44,15845.099987927824
10877,OK,77.400,0.44,15901.400009170175
10878,OK,93.400,0.44,15858.599974308163
10879,OK,108.700,0.44,15844.09998031333
10880,OK,93.100,0.44,15884.30005358532
10881,OK,90.200,0.44,15792.899997904897
10882,OK,131.200,0.44,15833.200013730675
10883,OK,116.400,0.44,15694.70000686124
10884,OK,59.900,0.44,15931.200003251433
10885,OK,65.400,0.44,15862.400003243238
10886,OK,57.200,0.44,15919.500030577183
10887,OK,55.600,0.44,15869.800001382828
10888,OK,48.700,0.44,15919.79997465387
10889,OK,38.200,0.44,15945.400053169578
10890,OK,45.700,0.44,15960.399992763996
10891,OK,52.900,0.44,15920.799982268363
10892,OK,74.600,0.44,15892.399998847395
10893,OK,60.400,0.44,15866.200032178313
10894,OK,61.400,0.44,15946.900006383657
10895,OK,78.200,0.44,15848.600014578551
10896,OK,82.600,0.44,15848.900016862899
10897,OK,72.200,0.44,16141.499974764884
10898,OK,78.100,0.44,15531.999990344048
10899,OK,82.800,0.44,15956.599963828921
10900,OK,62.200,0.44,15872.100018896163
10901,OK,80.700,0.44,15712.799970060587
10902,OK,78.800,0.44,15884.099993854761
10903,OK,83.800,0.44,15917.200013063848
10904,OK,155.300,0.44,15692.899993155152
10905,OK,74.700,0.44,15899.1000498645
10906,OK,91.900,0.44,15713.399974629283
10907,OK,66.100,0.44,15923.300001304597
10908,OK,83.500,0.44,15855.700010433793
10909,OK,84.500,0.44,15820.60003420338
10910,OK,80.200,0.44,15884.799999184906
10911,OK,76.600,0.44,15884.699998423457
10912,OK,61.900,0.44,15873.599972110242
10913,OK,59.900,0.44,15895.099961198866
10914,OK,58.200,0.44,15899.19999241829
10915,OK,51.900,0.44,15946.200001053512
10916,OK,64.200,0.44,15878.30000789836
10917,OK,64.400,0.44,15899.999998509884
10918,OK,62.400,0.44,15845.299989450723
10919,OK,59.900,0.44,15902.600018307567
10920,OK,54.900,0.44,15899.19999241829
10921,OK,56.000,0.44,15919.400029815733
10922,OK,60.200,0.44,15951.499983202666
10923,OK,56.700,0.44,15811.399964150041
10924,OK,53.800,0.44,15946.700004860759
10925,OK,48.700,0.44,15929.599991068244
10926,OK,56.100,0.44,15920.199977699667
10927,OK,63.700,0.44,15963.599958922714
10928,OK,66.200,0.44,15899.699996225536
10929,OK,62.800,0.44,15829.999989364296
10930,OK,61.900,0.44,15922.999999020249
10931,OK,59.200,0.44,15906.899992842227
10932,OK,71.300,0.44,15892.800001893193
10933,OK,72.000,0.44,15830.499993171543
10934,OK,50.400,0.44,15934.400027617812
10935,OK,68.700,0.44,15852.999989874661
10936,OK,64.400,0.44,15838.999999687076
10937,OK,43.300,0.44,15984.700003173202
10938,OK,47.200,0.44,15898.399986326694
10939,OK,71.900,0.44,15954.100003000349
10940,OK,111.200,0.44,15840.000007301569
10941,OK,115.500,0.44,15706.099977251142
10942,OK,76.700,0.44,15859.500039368868
10943,OK,79.600,0.44,15879.90002008155
10944,OK,82.900,0.44,15858.699975069612
10945,OK,63.400,0.44,15857.699967455119
10946,OK,80.000,0.44,15857.699967455119
10947,OK,75.000,0.44,15867.599984630942
10948,OK,71.300,0.44,15873.89997439459
10949,OK,58.900,0.44,15909.599955193698
10950,OK,69.700,0.44,15867.099980823696
10951,OK,73.700,0.44,15955.600014422089
10952,OK,65.800,0.44,15897.000033874065
10953,OK,97.700,0.44,15794.400009326637
10954,OK,68.900,0.44,15925.400017295033
10955,OK,92.000,0.44,15827.099967282265
10956,OK,53.500,0.44,15879.199956543744
10957,OK,52.900,0.44,15924.700011964887
10958,OK,60.600,0.44,15887.700021266937
10959,OK,63.100,0.44,15887.700021266937
10960,OK,62.000,0.44,15899.499994702637
10961,OK,63.300,0.44,15918.30002143979
10962,OK,85.600,0.44,15865.700028371066
10963,OK,112.600,0.44,15835.29997151345
10964,OK,89.100,0.44,15915.50000011921
10965,OK,62.300,0.44,15867.599984630942
10966,OK,62.300,0.44,15866.799978539348
10967,OK,91.700,0.44,15862.400003243238
10968,OK,65.300,0.44,15885.400003753603
10969,OK,61.500,0.44,15886.600012890995
10970,OK,79.200,0.44,15892.299998085946
10971,OK,76.500,0.44,15820.199972949922
10972,OK,62.800,0.44,16011.799976695329
10973,OK,77.000,0.44,15843.499975744635
10974,OK,145.400,0.44,15738.399990368634
10975,OK,63.400,0.44,15939.00000443682
10976,OK,91.500,0.44,15821.599983610213
10977,OK,62.700,0.44,15869.099996052682
10978,OK,87.000,0.44,15866.800036747009
10979,OK,56.200,0.44,15795.099956449121
10980,OK,68.300,0.44,16047.700017224997
10981,OK,65.300,0.44,15878.30000789836
10982,OK,58.400,0.44,15904.699976090342
10983,OK,57.700,0.44,15845.899994019419
10984,OK,79.100,0.44,15888.299967627972
10985,OK,76.500,0.44,15859.899984207004
10986,OK,61.700,0.44,15913.399984128773
10987,OK,79.100,0.44,15819.999971427023
10988,OK,61.200,0.44,15944.499988108873
10989,OK,104.700,0.44,15814.399986993521
10990,OK,99.500,0.44,15867.699985392392
10991,OK,63.600,0.44,15781.399968545884
10992,OK,81.900,0.44,15911.300026345998
10993,OK,55.300,0.44,15890.599985141307
10994,OK,60.800,0.44,15850.800031330436
10995,OK,53.300,0.44,15961.40000037849
10996,OK,55.900,0.44,15947.400010190904
10997,OK,59.700,0.44,15866.799978539348
10998,OK,64.700,0.44,15884.599997662008
10999,OK,64.000,0.44,15875.60004554689
11000,OK,60.500,0.44,15902.899962384254
11001,OK,82.500,0.44,15772.900020238012
11002,OK,89.000,0.44,15923.400002066046
11003,OK,65.000,0.44,15874.999982770532
11004,OK,57.400,0.44,15911.400027107447
11005,OK,79.700,0.44,15875.000040978193
11006,OK,63.900,0.44,15902.800019830465
11007,OK,65.100,0.44,15878.30000789836
11008,OK,82.100,0.44,15824.900008738041
11009,OK,60.700,0.44,15887.100016698241
11010,OK,60.800,0.44,15918.40002220124
11011,OK,56.100,0.44,15945.599996484816
11012,OK,57.100,0.44,15896.399971097708
11013,OK,56.600,0.44,15859.499981161207
11014,OK,48.300,0.44,15962.400007992983
11015,OK,88.800,0.44,15829.49998555705
11016,OK,119.900,0.44,15782.600035890937
11017,OK,80.000,0.44,15900.50000231713
11018,OK,84.300,0.44,15847.30000467971
11019,OK,71.900,0.44,15867.300040554255
11020,OK,67.400,0.44,15951.300039887428
11021,OK,55.600,0.44,15898.299985565245
11022,OK,64.500,0.44,15932.900016196072
11023,OK,64.300,0.44,15888.499969150871
11024,OK,65.600,0.44,15915.099997073412
11025,OK,63.100,0.44,15843.300032429397
11026,OK,106.400,0.44,15780.800022184849
11027,OK,95.800,0.44,15843.600034713745
11028,OK,77.400,0.44,15898.200043011457
11029,OK,94.400,0.44,15869.800001382828
11030,OK,73.900,0.44,15881.800034549087
11031,OK,77.700,0.44,15877.899946644902
11032,OK,68.000,0.44,15921.999991405755
11033,OK,67.000,0.44,15890.999988187104
11034,OK,63.000,0.44,15840.200008824468
11035,OK,61.100,0.44,15886.900015175343
11036,OK,57.600,0.44,15933.999966364354
11037,OK,104.800,0.44,15790.300036314875
11038,OK,103.600,0.44,15788.799966685474
11039,OK,70.600,0.44,15919.099969323725
11040,OK,67.500,0.44,15894.399955868721
11041,OK,66.600,0.44,15879.90002008155
11042,OK,67.900,0.44,15931.80000782013
11043,OK,125.100,0.44,15798.19998005405
11044,OK,79.700,0.44,15876.99999799952
11045,OK,88.700,0.44,15802.299953065813
11046,OK,88.400,0.44,15817.300009075552
11047,OK,100.500,0.44,15865.600027609617
11048,OK,92.100,0.44,16013.299988117069
11049,OK,118.900,0.44,15643.699967768043
11050,OK,93.800,0.44,15822.999994270504
11051,OK,91.300,0.44,15839.200001209974
11052,OK,91.000,0.44,15859.199978876859
11053,OK,94.000,0.44,15861.699997913092
11054,OK,87.800,0.44,15875.799988862127
11055,OK,85.000,0.44,15830.89999621734
11056,OK,87.300,0.44,15853.299992159009
11057,OK,103.200,0.44,15830.599993932992
11058,OK,103.300,0.44,15836.100035812706
11059,OK,101.400,0.44,15848.400013055652
11060,OK,103.400,0.44,15841.499960515648
11061,OK,93.300,0.44,15847.500006202608
11062,OK,89.100,0.44,15879.599959589541
11063,OK,82.200,0.44,15881.50003226474
11064,OK,82.500,0.44,15857.500024139881
11065,OK,91.100,0.44,15840.700012631714
11066,OK,101.200,0.44,15845.79999325797
11067,OK,85.900,0.44,15848.200011532754
11068,OK,78.200,0.44,15874.700038693845
11069,OK,81.100,0.44,15866.099973209202
11070,OK,92.700,0.44,15839.999949093908
11071,OK,101.500,0.44,15932.299953419715
11072,OK,94.500,0.44,15811.299963388592
11073,OK,162.700,0.44,16694.199992343783
11074,OK,111.200,0.44,14621.599984820932
11075,OK,76.100,0.44,15886.100009083748
11076,OK,60.700,0.44,15902.600018307567
11077,OK,56.900,0.44,15921.699989121407
11078,OK,73.900,0.44,15899.399993941188
11079,OK,66.700,0.44,15902.20001526177
11080,OK,60.900,0.44,15889.300033450127
11081,OK,58.900,0.44,15909.300011117011
11082,OK,67.400,0.44,15863.300010096282
11083,OK,57.300,0.44,15871.999959927052
11084,OK,75.700,0.44,15887.699963059276
11085,OK,58.500,0.44,15948.699961882085
11086,OK,81.100,0.44,15896.500030066818
11087,OK,97.300,0.44,15797.099971678108
11088,OK,62.800,0.44,15938.800002913922
11089,OK,54.600,0.44,15881.700033787638
11090,OK,56.800,0.44,15911.099966615438
11091,OK,55.900,0.44,15878.600010182709
11092,OK,67.400,0.44,15859.199978876859
11093,OK,59.000,0.44,15881.29997253418
11094,OK,51.900,0.44,15975.599992088974
11095,OK,133.100,0.44,15828.00003234297
11096,OK,128.100,0.44,15772.100014146417
11097,OK,65.800,0.44,15871.00001052022
11098,OK,66.600,0.44,15891.5999927558
11099,OK,90.300,0.44,15871.00001052022
11100,OK,78.000,0.44,15865.799970924854
11101,OK,75.500,0.44,15805.399976670742
11102,OK,76.300,0.44,15871.200012043118
11103,OK,75.900,0.44,15858.899976592511
11104,OK,77.700,0.44,15896.399971097708
11105,OK,61.800,0.44,15890.899987425655
11106,OK,66.800,0.44,15893.30000570044
11107,OK,131.600,0.44,15617.70000262186
11108,OK,82.100,0.44,15918.799967039376
11109,OK,58.100,0.44,15902.700019069016
11110,OK,57.800,0.44,15910.000016447157
11111,OK,76.800,0.44,15892.499999608845
11112,OK,63.500,0.44,15939.900011289865
11113,OK,64.100,0.44,15902.600018307567
11114,OK,64.800,0.44,15881.899977102876
11115,OK,61.500,0.44,15883.399988524616
11116,OK,56.900,0.44,15961.900004185736
11117,OK,66.100,0.44,15798.599983099848
11118,OK,87.700,0.44,15787.500014994293
11119,OK,71.500,0.44,15929.499990306795
11120,OK,61.200,0.44,15901.799954008311
11121,OK,63.300,0.44,15911.099966615438
11122,OK,64.300,0.44,15925.499959848821
11123,OK,100.600,0.44,15791.799989528954
11124,OK,74.900,0.44,15852.199983783066
11125,OK,46.000,0.44,15900.800004601479
11126,OK,40.500,0.44,15950.699977111071
11127,OK,47.100,0.44,15947.99995655194
11128,OK,56.700,0.44,15897.49997947365
11129,OK,38.900,0.44,15956.700022798032
11130,OK,104.200,0.44,15726.999961771071
11131,OK,67.100,0.44,15903.100022114813
11132,OK,42.400,0.44,15961.700002662838
11133,OK,53.400,0.44,15945.499995723367
11134,OK,51.300,0.44,15946.300001814961
11135,OK,56.000,0.44,15916.400006972253
11136,OK,60.700,0.44,15879.599959589541
11137,OK,54.800,0.44,15858.100028708577
11138,OK,74.400,0.44,16156.90003382042
11139,OK,267.700,0.44,15358.500008005649
11140,OK,120.100,0.44,15709.50000314042
11141,OK,92.700,0.44,15986.699960194528
11142,OK,121.200,0.44,15597.100020386279
11143,OK,58.500,0.44,15952.899993862957
11144,OK,70.900,0.44,15938.199998345226
11145,OK,73.400,0.44,15848.80001610145
11146,OK,104.500,0.44,15885.70000603795
11147,OK,64.000,0.44,15863.60001238063
11148,OK,89.900,0.44,15821.399982087314
11149,OK,151.100,0.44,15793.600003235042
11150,OK,87.800,0.44,15844.599984120578
11151,OK,68.000,0.44,15898.99999089539
11152,OK,102.300,0.44,18097.300024237484
11153,OK,90.600,0.44,13578.200014308095
11154,OK,102.100,0.44,15886.900015175343
11155,OK,95.800,0.44,15813.30003682524
11156,OK,101.800,0.44,15817.900013644248
11157,OK,92.600,0.44,15867.500042077154
11158,OK,100.000,0.44,15850.900032091886
11159,OK,100.100,0.44,15851.199976168573
11160,OK,90.500,0.44,15890.19998209551
11161,OK,86.000,0.44,15863.300010096282
11162,OK,85.100,0.44,15826.100017875433
11163,OK,86.500,0.44,15868.600050453097
11164,OK,102.200,0.44,15832.300006877631
11165,OK,91.200,0.44,15860.299987252802
11166,OK,100.000,0.44,15810.599958058447
11167,OK,78.700,0.44,15869.299997575581
11168,OK,101.000,0.44,15879.200014751405
11169,OK,80.000,0.44,15851.59997921437
11170,OK,83.900,0.44,15822.900051716715
11171,OK,89.000,0.44,15868.599992245436
11172,OK,72.300,0.44,15859.30003784597
11173,OK,74.900,0.44,15883.899992331862
11174,OK,72.500,0.44,15886.699955444783
11175,OK,66.600,0.44,15864.100016187876
11176,OK,53.400,0.44,15921.599988359958
11177,OK,82.300,0.44,15872.2999622114
11178,OK,105.800,0.44,15833.200013730675
11179,OK,96.800,0.44,15820.59997599572
11180,OK,103.800,0.44,15843.900036998093
11181,OK,97.800,0.44,15851.500036660582
11182,OK,197.100,0.44,15678.19999763742
11183,OK,60.200,0.44,15904.199972283095
11184,OK,59.600,0.44,15912.099974229932
11185,OK,71.400,0.44,15958.29997677356
11186,OK,73.100,0.44,15906.800050288439
11187,OK,54.500,0.44,15922.299993690103
11188,OK,53.800,0.44,15883.599990047514
11189,OK,58.000,0.44,15893.199946731329
11190,OK,56.800,0.44,15904.699976090342
11191,OK,57.800,0.44,15909.60001340136
11192,OK,55.600,0.44,15934.60002914071
11193,OK,59.300,0.44,15918.700024485588
11194,OK,138.200,0.44,15728.299971669912
11195,OK,72.500,0.44,15917.400014586747
11196,OK,81.000,0.44,15803.700021933764
11197,OK,76.100,0.44,15875.699988100678
11198,OK,73.700,0.44,16007.800004445016
11199,OK,59.300,0.44,15888.399968389422
11200,OK,85.700,0.44,15860.799991060048
11201,OK,93.400,0.44,15682.899975217879
11202,OK,77.900,0.44,15918.899967800826
11203,OK,139.900,0.44,15713.699976913631
11204,OK,73.800,0.44,15920.999983791262
11205,OK,81.500,0.44,15807.900053914636
11206,OK,103.000,0.44,15832.000004593283
11207,OK,77.500,0.44,15876.99999799952
11208,OK,57.900,0.44,15912.300033960491
11209,OK,72.700,0.44,15878.30000789836
11210,OK,101.600,0.44,15824.100002646446
11211,OK,76.300,0.44,15940.899960696697
11212,OK,75.500,0.44,15813.100035302341
11213,OK,63.700,0.44,15913.700044620782
11214,OK,83.300,0.44,15884.29999537766
11215,OK,60.800,0.44,15810.900018550456
11216,OK,56.800,0.44,15889.899979811162
11217,OK,46.100,0.44,16107.699950225651
11218,OK,161.900,0.44,15583.799977321178
11219,OK,57.700,0.44,15912.599978037179
11220,OK,60.700,0.44,15910.299960523844
11221,OK,62.100,0.44,15914.099989458919
11222,OK,69.700,0.44,15838.099992834032
11223,OK,93.300,0.44,15942.0000272803
11224,OK,51.500,0.44,15918.200020678341
11225,OK,50.600,0.44,15837.799990549684
11226,OK,43.300,0.44,15966.599981766194
11227,OK,55.100,0.44,15909.100009594113
11228,OK,49.900,0.44,15918.100019916892
11229,OK,49.100,0.44,15910.800022538751
11230,OK,45.700,0.44,15913.499984890223
11231,OK,46.000,0.44,15942.700032610446
11232,OK,51.100,0.44,15919.499972369522
11233,OK,56.000,0.44,15934.899973217398
11234,OK,60.200,0.44,15906.799992080778
11235,OK,72.200,0.44,15828.10003310442
11236,OK,66.600,0.44,15928.300039377064
11237,OK,58.700,0.44,16027.299978304654
11238,OK,111.800,0.44,15758.30002548173
11239,OK,174.200,0.44,15597.100020386279
11240,OK,78.800,0.44,15848.000010009855
11241,OK,57.000,0.44,15889.599977526814
11242,OK,59.700,0.44,15956.200018990785
11243,OK,82.600,0.44,15855.400008149445
11244,OK,57.500,0.44,15909.099951386452
11245,OK,76.500,0.44,15882.400039117783
11246,OK,57.800,0.44,15890.700044110417
11247,OK,57.000,0.44,15844.100038520992
11248,OK,60.000,0.44,15995.19996671006
11249,OK,80.500,0.44,15797.199972439557
11250,OK,65.200,0.44,15961.700002662838
11251,OK,73.800,0.44,15811.900026164949
11252,OK,86.700,0.44,15876.99999799952
11253,OK,68.400,0.44,15863.100008573383
11254,OK,67.600,0.44,15847.20000391826
11255,OK,84.400,0.44,15897.399978712201
11256,OK,59.100,0.44,15942.500031087548
11257,OK,69.200,0.44,15880.400023888797
11258,OK,61.600,0.44,15878.30000789836
11259,OK,58.700,0.44,15912.599978037179
11260,OK,55.500,0.44,15942.10002804175
11261,OK,67.000,0.44,15862.700005527586
11262,OK,58.400,0.44,15926.599968224764
11263,OK,87.400,0.44,15874.599979724735
11264,OK,100.900,0.44,15840.200008824468
11265,OK,65.300,0.44,15777.100052218884
11266,OK,58.900,0.44,15917.599957901984
11267,OK,81.600,0.44,15855.200006626546
11268,OK,80.300,0.44,15856.20001424104
11269,OK,67.500,0.44,15895.699965767562
11270,OK,62.700,0.44,15881.999977864325
11271,OK,79.500,0.44,15875.40004402399
11272,OK,91.300,0.44,15924.500010441989
11273,OK,59.500,0.44,15836.999984458089
11274,OK,59.000,0.44,15928.79998497665
11275,OK,61.400,0.44,15871.300012804568
11276,OK,90.400,0.44,15833.69995933026
11277,OK,85.300,0.44,15891.299990471452
11278,OK,89.200,0.44,15788.900025654584
11279,OK,56.000,0.44,15930.800000205636
11280,OK,83.900,0.44,15837.899991311133
11281,OK,68.500,0.44,15948.799962643534
11282,OK,71.800,0.44,15876.89999723807
11283,OK,61.500,0.44,15926.299965940416
11284,OK,57.100,0.44,15857.400023378432
11285,OK,57.000,0.44,15919.69997389242
11286,OK,55.800,0.44,15924.899955280125
11287,OK,56.100,0.44,15896.299970336258
11288,OK,56.700,0.44,15928.6999842152
11289,OK,56.200,0.44,15889.799979049712
11290,OK,50.500,0.44,15914.899995550513
11291,OK,79.800,0.44,15975.799993611872
11292,OK,120.600,0.44,15804.000024218112
11293,OK,66.200,0.44,15816.09999993816
11294,OK,75.900,0.44,15912.300033960491
11295,OK,62.000,0.44,15844.40004080534
11296,OK,57.000,0.44,15895.000018645078
11297,OK,48.900,0.44,15903.800027444959
11298,OK,50.500,0.44,15921.29998607561
11299,OK,56.900,0.44,15919.599973130971
11300,OK,58.300,0.44,15898.899990133941
11301,OK,91.300,0.44,15674.899972509593
11302,OK,175.300,0.44,15825.599955860525
11303,OK,61.400,0.44,15925.500018056482
11304,OK,79.300,0.44,15891.899995040148
11305,OK,64.800,0.44,15833.999961614609
11306,OK,83.300,0.44,15808.80000256002
11307,OK,86.800,0.44,15923.800005111843
11308,OK,63.800,0.44,15817.000006791204
11309,OK,57.900,0.44,15904.700034298003
11310,OK,61.400,0.44,15900.300000794232
11311,OK,65.500,0.44,15808.500000275671
11312,OK,84.800,0.44,15877.600002568215
11313,OK,66.200,0.44,15918.40002220124
11314,OK,64.600,0.44,15830.699994694442
11315,OK,63.300,0.44,15913.000039290637
11316,OK,62.300,0.44,15907.099994365126
11317,OK,77.000,0.44,15878.50000942126
11318,OK,72.600,0.44,15875.799988862127
11319,OK,75.600,0.44,15887.000015936792
11320,OK,77.200,0.44,15859.400038607419
11321,OK,102.600,0.44,15785.600000526756
11322,OK,79.800,0.44,15887.30001822114
11323,OK,70.000,0.44,15895.200020167977
11324,OK,58.200,0.44,15902.300016023219
11325,OK,76.800,0.44,15867.599984630942
11326,OK,74.900,0.44,15896.400029305369
11327,OK,76.900,0.44,15956.400020513684
11328,OK,107.500,0.44,15723.199991043657
11329,OK,61.700,0.44,15901.600010693073
11330,OK,79.400,0.44,15858.200029470026
11331,OK,142.900,0.44,15766.300028190017
11332,OK,108.600,0.44,15904.099971521646
11333,OK,56.900,0.44,15813.299978617579
11334,OK,92.000,0.44,15842.000022530556
11335,OK,75.600,0.44,15882.299980148673
11336,OK,57.200,0.44,15939.700009766966
11337,OK,44.500,0.44,15904.799976851791
11338,OK,57.400,0.44,15920.799982268363
11339,OK,79.800,0.44,15925.70001957938
11340,OK,81.300,0.44,15950.400033034384
11341,OK,133.400,0.44,15595.000004395843
11342,OK,87.600,0.44,15938.900003675371
11343,OK,84.100,0.44,15842.000022530556
11344,OK,77.600,0.44,15865.10002380237
11345,OK,96.800,0.44,15794.900013133883
11346,OK,63.300,0.44,16011.399973649532
11347,OK,63.700,0.44,15796.79996939376
11348,OK,63.600,0.44,15951.999987009913
11349,OK,75.500,0.44,15822.499990463257
11350,OK,63.600,0.44,15867.89998691529
11351,OK,86.900,0.44,15852.999989874661
11352,OK,88.800,0.44,15892.600000370294
11353,OK,85.000,0.44,15852.700045797974
11354,OK,87.900,0.44,15814.199985470623
11355,OK,83.400,0.44,15853.699995204806
11356,OK,75.800,0.44,15885.600005276501
11357,OK,82.900,0.44,15878.600010182709
11358,OK,70.100,0.44,15902.300016023219
11359,OK,101.100,0.44,15860.100043937564
11360,OK,89.600,0.44,15806.299983523786
11361,OK,89.000,0.44,15891.69999351725
11362,OK,97.000,0.44,15807.399991899729
11363,OK,91.200,0.44,15929.299988783896
11364,OK,95.100,0.44,16432.500036899
11365,OK,139.300,0.44,15291.200019419193
11366,OK,106.400,0.44,15662.899997550994
11367,OK,73.500,0.44,15913.99998869747
11368,OK,93.000,0.44,15838.999999687076
11369,OK,88.000,0.44,17245.499999262393
11370,OK,121.100,0.44,14374.599966686219
11371,OK,87.000,0.44,15864.400018472224
11372,OK,71.100,0.44,15894.100011792034
11373,OK,99.000,0.44,15855.500008910894
11374,OK,99.900,0.44,15833.599958568811
11375,OK,88.900,0.44,15833.500016015023
11376,OK,68.200,0.44,15898.99999089539
11377,OK,112.900,0.44,15830.89999621734
11378,OK,68.200,0.44,15834.800025913864
11379,OK,57.600,0.44,15966.899984050542
11380,OK,89.800,0.44,15858.099970500916
11381,OK,88.400,0.44,15850.40002828464
11382,OK,91.500,0.44,15823.200054001063
11383,OK,70.300,0.44,15975.500049535185
11384,OK,209.100,0.44,15546.899987384677
11385,OK,81.500,0.44,15833.400015253574
11386,OK,62.500,0.44,15881.599974818528
11387,OK,53.000,0.44,15898.299985565245
11388,OK,55.200,0.44,15936.10004056245
11389,OK,48.100,0.44,15961.19999885559
11390,OK,48.700,0.44,15865.800029132515
11391,OK,57.700,0.44,15909.3999536708
11392,OK,60.100,0.44,15931.000001728535
11393,OK,75.500,0.44,15903.70002668351
11394,OK,64.200,0.44,15980.100026354194
11395,OK,159.400,0.44,15641.500009223819
11396,OK,74.700,0.44,15890.599985141307
11397,OK,60.400,0.44,15903.200022876263
11398,OK,55.900,0.44,15891.199989710003
11399,OK,50.600,0.44,15893.400006461889
11400,OK,91.700,0.44,15898.799989372492
11401,OK,72.400,0.44,15734.70002040267
11402,OK,68.000,0.44,16007.30000063777
11403,OK,120.800,0.44,15727.500023785979
11404,OK,112.400,0.44,15781.100024469197
11405,OK,75.200,0.44,15935.700037516654
11406,OK,77.500,0.44,15882.599982433021
11407,OK,65.400,0.44,15836.599981412292
11408,OK,81.900,0.44,15833.69995933026
11409,OK,68.300,0.44,15938.700002152473
11410,OK,67.400,0.44,15933.10001771897
11411,OK,70.800,0.44,15816.300001461059
11412,OK,79.200,0.44,15915.199997834861
11413,OK,85.600,0.44,15894.200012553483
11414,OK,61.600,0.44,15907.699998933822
11415,OK,59.100,0.44,15895.700023975223
11416,OK,61.000,0.44,15933.10001771897
11417,OK,77.000,0.44,15769.499994348735
11418,OK,54.100,0.44,15924.40000968054
11419,OK,57.800,0.44,15908.700006548315
11420,OK,58.800,0.44,15926.100022625178
11421,OK,85.100,0.44,15821.89998589456
11422,OK,61.800,0.44,15922.599995974451
11423,OK,53.800,0.44,15885.90000756085
11424,OK,41.600,0.44,15921.899990644306
11425,OK,41.800,0.44,15950.599976349622
11426,OK,50.700,0.44,15896.800032351166
11427,OK,41.400,0.44,15946.40000257641
11428,OK,146.200,0.44,15758.999972604215
11429,OK,98.900,0.44,15841.40001796186
11430,OK,67.100,0.44,15871.500014327466
11431,OK,62.600,0.44,15913.599985651672
11432,OK,58.400,0.44,15892.299998085946
11433,OK,90.600,0.44,15837.599989026785
11434,OK,41.600,0.44,15902.500017546117
11435,OK,48.200,0.44,15932.900016196072
11436,OK,60.100,0.44,15930.200053844601
11437,OK,146.200,0.44,15706.49998029694
11438,OK,109.800,0.44,15843.099972698838
11439,OK,66.400,0.44,15803.800022695214
11440,OK,66.400,0.44,15929.500048514456
11441,OK,66.900,0.44,15937.69999453798
11442,OK,90.700,0.44,16008.200007490814
11443,OK,178.200,0.44,15519.600012339652
11444,OK,61.400,0.44,15940.799959935248
11445,OK,63.400,0.44,15830.79999545589
11446,OK,84.600,0.44,15874.400036409497
11447,OK,72.700,0.44,15874.799981247634
11448,OK,82.500,0.44,15833.500016015023
11449,OK,85.000,0.44,15945.899998769164
11450,OK,87.900,0.44,15810.699958819896
11451,OK,86.000,0.44,15836.69998217374
11452,OK,84.700,0.44,16059.899993706495
11453,OK,94.700,0.44,15702.10000500083
11454,OK,100.100,0.44,16133.30002874136
11455,OK,73.500,0.44,15539.499989245087
11456,OK,152.400,0.44,15823.199995793402
11457,OK,78.500,0.44,15835.899976082146
11458,OK,77.500,0.44,15860.60004774481
11459,OK,70.000,0.44,15909.40001187846
11460,OK,93.700,0.44,15780.7000214234
11461,OK,92.400,0.44,15849.899966269732
11462,OK,74.600,0.44,15872.200019657612
11463,OK,62.100,0.44,15906.49998979643
11464,OK,138.500,0.44,16395.49998799339
11465,OK,92.400,0.44,15206.300013232976
11466,OK,82.900,0.44,15899.19999241829
11467,OK,123.400,0.44,15782.299975398928
11468,OK,100.900,0.44,15836.099977605045
11469,OK,98.000,0.44,15839.700005017221
11470,OK,98.600,0.44,15882.399980910122
11471,OK,94.400,0.44,15802.000008989125
11472,OK,87.200,0.44,15847.700007725507
11473,OK,91.900,0.44,15845.399990212172
11474,OK,82.200,0.44,15787.500014994293
11475,OK,54.300,0.44,15988.199971616268
11476,OK,73.100,0.44,15901.500009931624
11477,OK,72.900,0.44,15881.200029980391
11478,OK,81.600,0.44,15836.9000419043
11479,OK,81.100,0.44,15983.199991751462
11480,OK,154.600,0.44,15598.000027239323
11481,OK,63.800,0.44,15896.899974904954
11482,OK,60.600,0.44,15896.400029305369
11483,OK,58.200,0.44,15923.700004350394
11484,OK,70.800,0.44,15897.400036919862
11485,OK,72.600,0.44,15934.70002990216
11486,OK,59.200,0.44,15896.400029305369
11487,OK,62.100,0.44,15897.799981757998
11488,OK,57.000,0.44,15891.5999927558
11489,OK,60.000,0.44,15931.200003251433
11490,OK,79.500,0.44,15860.099985729903
11491,OK,80.400,0.44,15876.79999647662
11492,OK,83.000,0.44,15851.59997921437
11493,OK,74.300,0.44,15913.199982605875
11494,OK,107.700,0.44,15786.100004334003
11495,OK,93.000,0.44,15894.900017883629
11496,OK,58.500,0.44,15920.500038191676
11497,OK,64.800,0.44,15822.599991224706
11498,OK,84.000,0.44,15871.800016611814
11499,OK,85.400,0.44,15864.99996483326
11500,OK,88.200,0.44,15847.400005441159
11501,OK,88.300,0.44,15744.199976325035
11502,OK,78.600,0.44,16424.500034190714
11503,OK,128.800,0.44,15187.599987257272
11504,OK,100.700,0.44,15835.900034289807
11505,OK,91.200,0.44,15882.000036071986
11506,OK,90.100,0.44,15748.00000526011
11507,OK,92.100,0.44,15855.100005865097
11508,OK,82.800,0.44,15897.099976427853
11509,OK,62.700,0.44,15740.900009404868
11510,OK,81.500,0.44,15879.8000193201
11511,OK,90.700,0.44,15857.000020332634
11512,OK,79.000,0.44,15820.099972188473
11513,OK,58.600,0.44,15972.699970006943
11514,OK,83.600,0.44,15847.600006964058
11515,OK,63.400,0.44,15906.799992080778
11516,OK,62.600,0.44,15838.999999687076
11517,OK,60.500,0.44,15893.700008746237
11518,OK,59.200,0.44,15896.800032351166
11519,OK,58.900,0.44,15926.900028716773
11520,OK,78.200,0.44,15927.499975077808
11521,OK,85.500,0.44,15776.20004536584
11522,OK,59.800,0.44,15882.400039117783
11523,OK,57.700,0.44,15954.900009091944
11524,OK,92.300,0.44,15804.000024218112
11525,OK,58.900,0.44,15954.100003000349
11526,OK,57.800,0.44,15853.30005036667
11527,OK,75.500,0.44,15835.000027436763
11528,OK,47.100,0.44,15986.800019163638
11529,OK,54.300,0.44,15958.899981342256
11530,OK,80.700,0.44,15819.999971427023
11531,OK,89.500,0.44,15780.199959408492
11532,OK,47.200,0.44,16015.400004107505
11533,OK,51.300,0.44,15815.599996130913
11534,OK,45.600,0.44,15965.999977197498
11535,OK,44.800,0.44,15917.899960186332
11536,OK,118.200,0.44,15858.400030992925
11537,OK,146.700,0.44,15782.20003284514
11538,OK,46.900,0.44,16069.300007075071
11539,OK,92.400,0.44,15827.900031581521
11540,OK,66.800,0.44,15824.300004169345
11541,OK,73.700,0.44,15844.29998183623
11542,OK,100.500,0.44,15900.300000794232
11543,OK,167.000,0.44,15689.99997107312
11544,OK,84.100,0.44,15841.000014916062
11545,OK,58.500,0.44,15924.20000815764
11546,OK,83.100,0.44,15963.600017130375
11547,OK,82.000,0.44,15764.100011438131
11548,OK,87.700,0.44,15859.09997811541
11549,OK,81.600,0.44,15845.79999325797
11550,OK,85.000,0.44,15922.8999982588
11551,OK,95.100,0.44,15810.799959581345
11552,OK,72.200,0.44,15975.699992850423
11553,OK,78.800,0.44,15748.500009067357
11554,OK,98.700,0.44,15971.899963915348
11555,OK,64.200,0.44,15819.899970665574
11556,OK,65.900,0.44,15850.699972361326
11557,OK,67.700,0.44,15898.599987849593
11558,OK,73.300,0.44,15924.800012726337
11559,OK,84.800,0.44,15920.499979984015
11560,OK,62.200,0.44,15853.399992920458
11561,OK,90.800,0.44,15753.800049424171
11562,OK,61.500,0.44,15937.799995299429
11563,OK,56.600,0.44,15912.699978798628
11564,OK,61.600,0.44,15881.40003150329
11565,OK,93.900,0.44,15841.1999582313
11566,OK,86.600,0.44,15882.899984717369
11567,OK,66.900,0.44,15921.600046567619
11568,OK,51.800,0.44,15911.800030153245
11569,OK,52.600,0.44,15922.499995213002
11570,OK,54.300,0.44,15920.899983029813
11571,OK,64.100,0.44,15976.09999589622
11572,OK,123.100,0.44,15712.800028268248
11573,OK,75.800,0.44,15874.499978963286
11574,OK,74.100,0.44,15886.800014413893
11575,OK,77.000,0.44,15879.499958828092
11576,OK,75.700,0.44,15863.800013903528
11577,OK,73.700,0.44,15893.000003416091
11578,OK,77.100,0.44,15874.899982009083
11579,OK,85.500,0.44,15927.399974316359
11580,OK,65.700,0.44,15835.800033528358
11581,OK,59.500,0.44,15900.800004601479
11582,OK,61.000,0.44,15899.399993941188
11583,OK,60.700,0.44,15911.099966615438
11584,OK,60.400,0.44,15894.200012553483
11585,OK,60.000,0.44,15894.000011030585
11586,OK,60.200,0.44,15896.800032351166
11587,OK,61.600,0.44,15891.69999351725
11588,OK,73.300,0.44,15884.899999946356
11589,OK,70.400,0.44,15877.700003329664
11590,OK,79.900,0.44,15867.99998767674
11591,OK,79.300,0.44,15846.599999349564
11592,OK,77.000,0.44,15923.500002827495
11593,OK,104.300,0.44,15856.599959079176
11594,OK,60.500,0.44,15817.800012882799
11595,OK,60.800,0.44,15944.700047839433
11596,OK,63.700,0.44,15969.300002325326
11597,OK,98.300,0.44,15726.100013125688
11598,OK,71.100,0.44,15898.399986326694
11599,OK,60.300,0.44,15880.499966442585
11600,OK,55.600,0.44,15934.000024572015
11601,OK,59.600,0.44,15776.299987919629
11602,OK,74.800,0.44,15858.700033277273
11603,OK,79.000,0.44,15897.999983280897
11604,OK,64.600,0.44,15880.000020843
11605,OK,56.900,0.44,15948.999964166433
11606,OK,87.700,0.44,15828.200033865869
11607,OK,97.500,0.44,15888.199966866523
11608,OK,106.300,0.44,15805.200033355504
11609,OK,80.400,0.44,15940.900018904358
11610,OK,64.300,0.44,15753.699990455061
11611,OK,50.800,0.44,15959.099982865155
11612,OK,74.100,0.44,15863.000007811934
11613,OK,77.300,0.44,15886.000008322299
11614,OK,75.700,0.44,15821.399982087314
11615,OK,69.700,0.44,15874.499978963286
11616,OK,53.200,0.44,15920.799982268363
11617,OK,52.500,0.44,15960.899996571243
11618,OK,86.600,0.44,15829.60004452616
11619,OK,88.300,0.44,15945.999999530613
11620,OK,149.400,0.44,15632.800001185387
11621,OK,58.500,0.44,15992.000000551343
11622,OK,81.800,0.44,15864.600019995123
11623,OK,78.600,0.44,15868.2000474073
11624,OK,78.600,0.44,15872.099960688502
11625,OK,83.700,0.44,15913.499984890223
11626,OK,62.100,0.44,15837.299986742437
11627,OK,78.300,0.44,15817.6000113599
11628,OK,58.100,0.44,15855.499950703233
11629,OK,54.800,0.44,15980.099968146533
11630,OK,57.700,0.44,15910.200017970055
11631,OK,113.100,0.44,15783.799986820668
11632,OK,67.100,0.44,15999.099996406585
11633,OK,120.800,0.44,15718.40001270175
11634,OK,94.300,0.44,15846.199996303767
11635,OK,68.500,0.44,15909.300011117011
11636,OK,54.200,0.44,15856.900019571185
11637,OK,49.300,0.44,15946.700004860759
11638,OK,66.200,0.44,16080.100031103939
11639,OK,61.900,0.44,15728.100028354675
11640,OK,63.900,0.44,15914.799994789064
11641,OK,130.200,0.44,16059.899993706495
11642,OK,85.300,0.44,15516.999992541969
11643,OK,55.600,0.44,15856.700018048286
11644,OK,51.000,0.44,15911.099966615438
11645,OK,52.500,0.44,15920.999983791262
11646,OK,53.800,0.44,15912.800037767738
11647,OK,52.200,0.44,15923.400002066046
11648,OK,75.000,0.44,15921.200043521821
11649,OK,72.300,0.44,15898.900048341602
11650,OK,66.300,0.44,15849.200019147247
11651,OK,89.600,0.44,15855.400008149445
11652,OK,83.000,0.44,15889.399976003915
11653,OK,70.600,0.44,15863.100008573383
11654,OK,94.000,0.44,15818.600018974394
11655,OK,69.000,0.44,15897.199977189302
11656,OK,67.100,0.44,15908.300003502518
11657,OK,95.000,0.44,15849.300019908696
11658,OK,100.000,0.44,15856.400015763938
11659,OK,102.500,0.44,15835.499973036349
11660,OK,110.700,0.44,15834.799967706203
11661,OK,91.600,0.44,15776.299987919629
11662,OK,101.500,0.44,15865.399967879057
11663,OK,99.100,0.44,15832.200006116182
11664,OK,70.100,0.44,15882.000036071986
11665,OK,69.600,0.44,15890.699985902756
11666,OK,88.900,0.44,15848.100010771304
11667,OK,82.500,0.44,15866.499976255
11668,OK,86.700,0.44,15862.10000095889
11669,OK,93.700,0.44,15862.500004004687
11670,OK,94.300,0.44,15806.799987331033
11671,OK,75.700,0.44,15900.70000384003
11672,OK,84.400,0.44,15854.800003580749
11673,OK,82.500,0.44,15866.299974732101
11674,OK,101.100,0.44,15838.50005408749
11675,OK,93.200,0.44,15834.200021345168
11676,OK,98.500,0.44,15859.30003784597
11677,OK,89.600,0.44,15853.299992159009
11678,OK,83.700,0.44,15876.699995715171
11679,OK,94.900,0.44,15833.000012207776
11680,OK,90.900,0.44,15862.600004766136
11681,OK,97.500,0.44,16593.600041233003
11682,OK,148.300,0.44,15060.300007462502
11683,OK,101.500,0.44,15813.09997709468
11684,OK,90.400,0.44,15803.499962203205
11685,OK,81.800,0.44,15860.999992582947
11686,OK,70.700,0.44,15872.000018134713
11687,OK,63.500,0.44,15926.200023386627
11688,OK,83.600,0.44,15881.600033026189
11689,OK,56.700,0.44,15894.59995739162
11690,OK,57.200,0.44,15905.299980659038
11691,OK,57.400,0.44,15865.20002456382
11692,OK,64.300,0.44,15919.100027531385
11693,OK,55.800,0.44,15979.299962054938
11694,OK,82.900,0.44,15803.299960680306
11695,OK,73.500,0.44,15843.799978028983
11696,OK,57.000,0.44,15953.499998431653
11697,OK,134.900,0.44,15760.100039187819
11698,OK,90.900,0.44,15812.000026926398
11699,OK,81.100,0.44,15855.200006626546
11700,OK,67.200,0.44,15920.800040476024
11701,OK,61.300,0.44,15802.200010512024
11702,OK,108.900,0.44,15913.89998793602
11703,OK,69.100,0.44,15823.5999988392
11704,OK,57.700,0.44,15943.39997973293
11705,OK,132.000,0.44,15766.799973789603
11706,OK,102.300,0.44,15823.199995793402
11707,OK,85.300,0.44,15796.400024555624
11708,OK,70.700,0.44,15941.100020427257
11709,OK,83.000,0.44,15887.800022028387
11710,OK,95.600,0.44,15414.6000277251
11711,OK,56.800,0.44,15871.399955358356
11712,OK,49.200,0.44,15935.499977786094
11713,OK,72.300,0.44,15847.700007725507
11714,OK,64.500,0.44,15901.299950201064
11715,OK,87.200,0.44,15866.200032178313
11716,OK,104.500,0.44,15891.69999351725
11717,OK,86.100,0.44,15895.400021690875
11718,OK,142.000,0.44,15818.199957720935
11719,OK,95.400,0.44,15735.299966763705
11720,OK,86.200,0.44,15839.80000577867
11721,OK,64.900,0.44,35147.299990057945
11722,OK,84.300,0.44,49960.09997557849
11723,OK,151.800,0.44,11480.799992568791
11724,OK,132.400,0.44,18438.50000295788
11725,OK,101.000,0.44,13141.80000917986
11726,OK,79.200,0.44,15827.700030058622
11727,OK,89.600,0.44,15855.699952226132
11728,OK,67.800,0.44,15983.099990990013
11729,OK,155.800,0.44,15751.199971418828
11730,OK,107.100,0.44,15678.39999916032
11731,OK,66.700,0.44,15911.599970422685
11732,OK,72.600,0.44,15922.999999020249
11733,OK,70.800,0.44,15885.600005276501
11734,OK,65.600,0.44,15851.799980737269
11735,OK,62.100,0.44,15913.299983367324
11736,OK,65.100,0.44,15905.899985227734
11737,OK,84.200,0.44,15885.70000603795
11738,OK,60.300,0.44,15883.899992331862
11739,OK,50.900,0.44,15912.60003624484
11740,OK,114.500,0.44,15821.700042579323
11741,OK,88.000,0.44,15816.400002222508
11742,OK,66.700,0.44,15976.499998942018
11743,OK,78.300,0.44,15832.200006116182
11744,OK,58.800,0.44,15915.800002403557
11745,OK,59.100,0.44,15848.400013055652
11746,OK,65.600,0.44,15838.899998925626
11747,OK,55.000,0.44,15949.49996797368
11748,OK,72.000,0.44,15873.699972871691
11749,OK,53.800,0.44,15869.800001382828
11750,OK,68.500,0.44,15893.900010269135
11751,OK,72.600,0.44,15870.400005951524
11752,OK,76.800,0.44,15932.200010865927
11753,OK,118.400,0.44,15751.900034956634
11754,OK,67.000,0.44,15930.200053844601
11755,OK,59.500,0.44,15899.499994702637
11756,OK,64.000,0.44,15902.900020591915
11757,OK,73.600,0.44,15864.299959503114
11758,OK,69.300,0.44,15894.799958914518
11759,OK,59.600,0.44,15947.400010190904
11760,OK,63.300,0.44,15864.000015426427
11761,OK,54.000,0.44,15888.000023551285
11762,OK,77.600,0.44,15887.799963820726
11763,OK,86.300,0.44,15872.2999622114
11764,OK,94.800,0.44,15848.200011532754
11765,OK,91.600,0.44,15858.700033277273
11766,OK,86.400,0.44,15867.600042838603
11767,OK,121.500,0.44,15795.700019225478
11768,OK,97.700,0.44,15819.900028873235
11769,OK,95.000,0.44,15818.700019735843
11770,OK,114.300,0.44,15852.699987590313
11771,OK,102.400,0.44,15835.3999722749
11772,OK,99.000,0.44,15855.700010433793
11773,OK,91.300,0.44,15852.599986828864
11774,OK,99.500,0.44,15842.100023292005
11775,OK,63.300,0.44,15892.499999608845
11776,OK,66.800,0.44,15917.400014586747
11777,OK,91.600,0.44,15733.400010503829
11778,OK,91.600,0.44,15841.999964322895
11779,OK,81.400,0.44,15879.90002008155
11780,OK,80.300,0.44,15872.099960688502
11781,OK,80.100,0.44,15848.69995713234
11782,OK,95.800,0.44,15830.499993171543
11783,OK,101.700,0.44,15850.600029807538
11784,OK,105.700,0.44,15872.800024226308
11785,OK,88.500,0.44,15816.800005268306
11786,OK,91.200,0.44,15850.19996855408
11787,OK,82.700,0.44,15859.799983445555
11788,OK,71.900,0.44,15876.79999647662
11789,OK,84.700,0.44,15896.10002702102
11790,OK,84.900,0.44,15837.399987503886
11791,OK,78.800,0.44,15928.999986499548
11792,OK,145.700,0.44,15809.300006367266
11793,OK,177.300,0.44,15622.799983248115
11794,OK,85.500,0.44,15822.599991224706
11795,OK,79.800,0.44,15846.099995542318
11796,OK,58.200,0.44,15903.300023637712
11797,OK,54.300,0.44,16050.100035499781
11798,OK,61.700,0.44,15895.000018645078
11799,OK,60.000,0.44,15895.699965767562
11800,OK,59.000,0.44,15910.99996585399
11801,OK,80.900,0.44,15739.399997983128
11802,OK,59.300,0.44,15839.400002732873
11803,OK,64.700,0.44,15911.700029391795
11804,OK,60.200,0.44,15899.499994702637
11805,OK,59.000,0.44,15933.599963318557
11806,OK,140.500,0.44,15812.300029210746
11807,OK,74.100,0.44,15824.600006453693
11808,OK,90.400,0.44,15804.20002574101
11809,OK,64.900,0.44,15969.600004609674
11810,OK,80.500,0.44,15823.800000362098
11811,OK,89.300,0.44,15952.29998929426
11812,OK,61.100,0.44,15807.899995706975
11813,OK,62.300,0.44,15924.20000815764
11814,OK,63.100,0.44,15904.000028967857
11815,OK,55.000,0.44,15840.200008824468
11816,OK,117.900,0.44,15810.30001398176
11817,OK,67.300,0.44,15916.80001001805
11818,OK,63.000,0.44,15865.400026086718
11819,OK,69.700,0.44,15902.700019069016
11820,OK,92.400,0.44,15852.699987590313
11821,OK,61.500,0.44,15913.099981844425
11822,OK,60.600,0.44,15890.29998285696
11823,OK,93.500,0.44,15864.700020756572
11824,OK,95.000,0.44,15819.899970665574
11825,OK,107.500,0.44,15867.299982346594
11826,OK,81.700,0.44,15784.799994435161
11827,OK,66.700,0.44,15896.10002702102
11828,OK,90.000,0.44,15915.600000880659
11829,OK,48.700,0.44,15901.200007647276
11830,OK,59.600,0.44,15911.200025584549
11831,OK,49.100,0.44,15892.399998847395
11832,OK,58.100,0.44,15979.20001950115
11833,OK,70.700,0.44,15871.700015850365
11834,OK,93.600,0.44,15878.800011705607
11835,OK,99.600,0.44,15870.300005190074
11836,OK,95.500,0.44,15855.300007387996
11837,OK,65.000,0.44,15854.299999773502
11838,OK,62.800,0.44,15914.799994789064
11839,OK,76.800,0.44,15855.399949941784
11840,OK,58.600,0.44,15933.400020003319
11841,OK,58.700,0.44,15901.200007647276
11842,OK,54.500,0.44,15892.900002654642
11843,OK,54.500,0.44,15865.399967879057
11844,OK,52.900,0.44,15945.09999267757
11845,OK,53.700,0.44,15874.999982770532
11846,OK,50.500,0.44,15966.900042258203
11847,OK,54.200,0.44,15904.799976851791
11848,OK,50.600,0.44,15888.199966866523
11849,OK,57.600,0.44,15986.60001764074
11850,OK,113.000,0.44,15682.899975217879
11851,OK,89.000,0.44,15820.099972188473
11852,OK,84.100,0.44,15866.199973970652
11853,OK,84.600,0.44,15856.900019571185
11854,OK,66.200,0.44,15970.999957062304
11855,OK,65.700,0.44,15926.400024909526
11856,OK,57.600,0.44,15820.900036487728
11857,OK,74.500,0.44,15902.300016023219
11858,OK,75.400,0.44,15876.89999723807
11859,OK,55.300,0.44,15921.099984552711
11860,OK,77.700,0.44,15834.600024390966
11861,OK,85.800,0.44,15841.499960515648
11862,OK,80.700,0.44,15888.200025074184
11863,OK,61.500,0.44,15921.19998531416
11864,OK,58.800,0.44,15925.90002110228
11865,OK,75.200,0.44,15879.200014751405
11866,OK,84.800,0.44,15825.400012545288
11867,OK,69.800,0.44,15922.499995213002
11868,OK,63.200,0.44,15832.600009161979
11869,OK,63.700,0.44,15902.500017546117
11870,OK,52.800,0.44,15899.000049103051
11871,OK,47.600,0.44,15942.400030326098
11872,OK,72.600,0.44,15880.800026934594
11873,OK,67.400,0.44,15898.400044534355
11874,OK,62.600,0.44,15912.099974229932
11875,OK,84.600,0.44,15867.300040554255
11876,OK,79.400,0.44,15849.900024477392
11877,OK,70.500,0.44,15886.200009845197
11878,OK,81.400,0.44,15878.600010182709
11879,OK,83.800,0.44,15897.099976427853
11880,OK,91.600,0.44,15863.900014664978
11881,OK,56.500,0.44,15854.199999012053
11882,OK,57.100,0.44,15897.299977950752
11883,OK,45.200,0.44,15909.300011117011
11884,OK,55.400,0.44,15870.700008235872
11885,OK,62.200,0.44,15974.199981428683
11886,OK,63.000,0.44,15862.999949604273
11887,OK,81.900,0.44,15868.299989961088
11888,OK,81.400,0.44,15864.700020756572
11889,OK,80.100,0.44,15871.699957642704
11890,OK,82.600,0.44,15879.200014751405
11891,OK,61.400,0.44,15926.199965178967
11892,OK,75.100,0.44,15888.000023551285
11893,OK,62.200,0.44,15828.999981749803
11894,OK,70.300,0.44,15864.699962548912
11895,OK,98.700,0.44,15861.600055359304
11896,OK,55.900,0.44,15929.999994114041
11897,OK,57.200,0.44,15896.999975666404
11898,OK,76.300,0.44,15877.500001806766
11899,OK,68.400,0.44,15888.69997067377
11900,OK,72.500,0.44,15874.599979724735
11901,OK,93.200,0.44,15747.700002975762
11902,OK,57.000,0.44,15938.199998345226
11903,OK,68.900,0.44,15834.800025913864
11904,OK,56.500,0.44,16038.200003094971
11905,OK,140.600,0.44,15636.300027836114
11906,OK,67.800,0.44,15914.599993266165
11907,OK,79.100,0.44,15879.500017035753
11908,OK,81.700,0.44,15845.100046135485
11909,OK,78.700,0.44,15834.300022106618
11910,OK,82.400,0.44,15869.800001382828
11911,OK,58.000,0.44,15836.099977605045
11912,OK,50.100,0.44,15943.099977448583
11913,OK,52.800,0.44,15844.19998107478
11914,OK,54.800,0.44,15976.700000464916
11915,OK,74.900,0.44,15872.2999622114
11916,OK,59.100,0.44,15887.20001745969
11917,OK,56.800,0.44,15881.19997177273
11918,OK,48.000,0.44,15910.400019492954
11919,OK,48.100,0.44,15972.500026691705
11920,OK,106.500,0.44,15781.099966261536
11921,OK,77.800,0.44,15865.699970163405
11922,OK,74.800,0.44,15896.10002702102
11923,OK,86.000,0.44,15862.900007050484
11924,OK,66.800,0.44,15858.899976592511
11925,OK,65.200,0.44,15924.799954518676
11926,OK,83.300,0.44,15895.599965006113
11927,OK,80.500,0.44,15859.399980399758
11928,OK,83.400,0.44,15873.099968302995
11929,OK,63.900,0.44,15939.20000595972
11930,OK,125.300,0.44,15770.900005009025
11931,OK,119.100,0.44,15813.600039109588
11932,OK,82.000,0.44,15860.80004926771
11933,OK,70.300,0.44,15872.599964495748
11934,OK,82.200,0.44,15826.300019398332
11935,OK,55.700,0.44,15901.300008408725
11936,OK,69.100,0.44,15902.00001373887
11937,OK,54.600,0.44,15891.5999927558
11938,OK,62.600,0.44,15930.29999639839
11939,OK,64.900,0.44,15848.000010009855
11940,OK,62.200,0.44,15955.50001366064
11941,OK,63.000,0.44,15833.800018299371
11942,OK,95.500,0.44,15791.599988006055
11943,OK,60.200,0.44,15887.600020505488
11944,OK,57.300,0.44,15920.199977699667
11945,OK,65.800,0.44,15969.000000040978
11946,OK,56.100,0.44,15809.500007890165
11947,OK,54.200,0.44,15971.300017554313
11948,OK,88.400,0.44,15822.999994270504
11949,OK,86.300,0.44,15873.700031079352
11950,OK,62.600,0.44,15933.19996027276
11951,OK,90.500,0.44,15827.100025489926
11952,OK,93.100,0.44,15884.39999613911
11953,OK,92.800,0.44,15798.2999808155
11954,OK,93.200,0.44,15854.400000534952
11955,OK,90.800,0.44,15874.0000333637
11956,OK,92.600,0.44,15830.399992410094
11957,OK,82.400,0.44,15830.399992410094
11958,OK,91.900,0.44,15867.499983869493
11959,OK,102.200,0.44,15841.200016438961
11960,OK,87.700,0.44,15839.500003494322
11961,OK,113.600,0.44,15843.100030906498
11962,OK,124.100,0.44,15820.999979041517
11963,OK,93.900,0.44,15872.2999622114
11964,OK,112.800,0.44,15806.599985808134
11965,OK,86.100,0.44,15872.699965257198
11966,OK,88.600,0.44,15857.80002642423
11967,OK,87.900,0.44,15838.899998925626
11968,OK,78.700,0.44,15856.900019571185
11969,OK,68.500,0.44,15903.70002668351
11970,OK,89.600,0.44,15840.299951378256
11971,OK,67.500,0.44,15900.900005362928
11972,OK,79.000,0.44,15813.700039871037
11973,OK,82.100,0.44,15890.20004030317
11974,OK,94.200,0.44,15858.500031754375
11975,OK,91.300,0.44,15853.599994443357
11976,OK,95.700,0.44,15816.400002222508
11977,OK,72.100,0.44,15894.70001636073
11978,OK,76.600,0.44,15894.60001559928
11979,OK,83.100,0.44,15886.400011368096
11980,OK,86.600,0.44,15835.999976843596
11981,OK,103.500,0.44,15840.300009585917
11982,OK,86.100,0.44,15855.700010433793
11983,OK,85.800,0.44,15850.999974645674
11984,OK,88.300,0.44,15911.600028630346
11985,OK,64.900,0.44,15841.30001720041
11986,OK,93.800,0.44,15864.79996331036
11987,OK,66.000,0.44,15914.400049950927
11988,OK,100.700,0.44,15893.000003416091
11989,OK,81.400,0.44,15836.69998217374
11990,OK,61.900,0.44,15864.399960264564
11991,OK,63.300,0.44,15859.20003708452
11992,OK,80.000,0.44,15883.899992331862
11993,OK,60.300,0.44,15951.599983964115
11994,OK,59.900,0.44,15929.199988022447
11995,OK,71.600,0.44,15861.300053074956
11996,OK,58.500,0.44,15826.700022444129
11997,OK,46.700,0.44,15963.599958922714
11998,OK,142.100,0.44,15745.199983939528
11999,OK,67.900,0.44,15911.600028630346
12000,OK,87.100,0.44,15823.199995793402
12001,OK,65.300,0.44,15872.699965257198
12002,OK,64.500,0.44,15870.999952312559
12003,OK,55.700,0.44,15829.999989364296
12004,OK,66.900,0.44,15883.299987763166
12005,OK,67.800,0.44,15902.999963145703
12006,OK,75.800,0.44,15908.300003502518
12007,OK,99.500,0.44,15770.19999967888
12008,OK,109.100,0.44,15849.699964746833
12009,OK,61.600,0.44,15893.10000417754
12010,OK,59.200,0.44,15816.20000069961
12011,OK,56.400,0.44,15932.300011627376
12012,OK,65.900,0.44,15912.39997651428
12013,OK,82.300,0.44,15870.200004428625
12014,OK,66.800,0.44,15876.299992669374
12015,OK,102.800,0.44,15904.100029729307
12016,OK,70.900,0.44,15912.800037767738
12017,OK,68.700,0.44,15799.099986907095
12018,OK,59.500,0.44,15860.999992582947
12019,OK,53.600,0.44,15945.09999267757
12020,OK,55.800,0.44,15919.499972369522
12021,OK,74.700,0.44,15905.600041151047
12022,OK,60.300,0.44,15840.100008063018
12023,OK,60.800,0.44,15931.899950373918
12024,OK,58.400,0.44,15882.599982433021
12025,OK,58.700,0.44,15967.399987857789
12026,OK,73.300,0.44,15875.599987339228
12027,OK,68.700,0.44,15854.500001296401
12028,OK,73.500,0.44,15910.100017208606
12029,OK,55.900,0.44,15865.799970924854
12030,OK,59.800,0.44,15863.900014664978
12031,OK,58.600,0.44,15949.799970258027
12032,OK,118.500,0.44,15740.50000635907
12033,OK,72.300,0.44,15883.699990808964
12034,OK,49.800,0.44,15889.900038018823
12035,OK,43.000,0.44,15940.699959173799
12036,OK,48.100,0.44,15900.60000307858
12037,OK,46.500,0.44,15898.299985565245
12038,OK,36.900,0.44,16025.500022806227
12039,OK,129.200,0.44,15804.20002574101
12040,OK,93.300,0.44,15755.200001876801
12041,OK,72.500,0.44,15955.900016706437
12042,OK,110.300,0.44,15683.599980548024
12043,OK,84.000,0.44,15840.799955185503
12044,OK,63.400,0.44,15868.599992245436
12045,OK,53.300,0.44,16031.500010285527
12046,OK,62.800,0.44,15921.39998683706
12047,OK,63.400,0.44,15811.399964150041
12048,OK,84.800,0.44,15895.900025498122
12049,OK,62.700,0.44,15930.800000205636
12050,OK,147.300,0.44,15714.199980720878
12051,OK,61.900,0.44,15840.399952139705
12052,OK,74.600,0.44,15927.500033285469
12053,OK,59.000,0.44,15914.499992504716
12054,OK,59.100,0.44,15898.499987088144
12055,OK,72.700,0.44,15815.899998415262
12056,OK,54.500,0.44,15906.799992080778
12057,OK,51.500,0.44,15916.300006210804
12058,OK,63.800,0.44,15922.299993690103
12059,OK,87.400,0.44,15863.200009334832
12060,OK,95.000,0.44,15848.300012294203
12061,OK,92.200,0.44,15843.900036998093
12062,OK,86.500,0.44,15878.900012467057
12063,OK,95.700,0.44,15833.69995933026
12064,OK,87.300,0.44,15813.299978617579
12065,OK,81.400,0.44,15885.300002992153
12066,OK,92.000,0.44,15838.000050280243
12067,OK,85.500,0.44,15857.59996669367
12068,OK,87.800,0.44,15878.30000789836
12069,OK,105.900,0.44,15837.499988265336
12070,OK,108.600,0.44,15826.400020159781
12071,OK,80.200,0.44,15893.600007984787
12072,OK,92.500,0.44,15834.200021345168
12073,OK,73.900,0.44,15897.799981757998
12074,OK,91.200,0.44,15770.699945278466
12075,OK,91.400,0.44,15852.499986067414
12076,OK,85.900,0.44,15911.500027868897
12077,OK,68.300,0.44,15859.800041653216
12078,OK,92.200,0.44,15826.099959667772
12079,OK,82.600,0.44,15917.00001154095
12080,OK,84.700,0.44,15867.299982346594
12081,OK,67.700,0.44,15851.399977691472
12082,OK,89.700,0.44,15869.400056544691
12083,OK,83.900,0.44,15866.599977016449
12084,OK,95.700,0.44,15816.800005268306
12085,OK,66.700,0.44,15953.599999193102
12086,OK,63.100,0.44,15844.30004004389
12087,OK,85.700,0.44,15848.999959416687
12088,OK,92.300,0.44,15835.3999722749
12089,OK,84.200,0.44,15929.100045468658
12090,OK,123.900,0.44,15751.300030387938
12091,OK,81.400,0.44,15898.499987088144
12092,OK,72.000,0.44,15954.799950122833
12093,OK,157.800,0.44,15578.799997456372
12094,OK,60.600,0.44,15899.899997748435
12095,OK,52.900,0.44,15973.799978382885
12096,OK,62.900,0.44,15954.700007569045
12097,OK,73.600,0.44,15892.499999608845
12098,OK,60.100,0.44,15835.600032005459
12099,OK,60.500,0.44,15883.100044447929
12100,OK,58.500,0.44,15898.399986326694
12101,OK,59.700,0.44,15803.000016603619
12102,OK,60.400,0.44,15866.099973209202
12103,OK,77.400,0.44,15849.300019908696
12104,OK,62.400,0.44,15981.799981091172
12105,OK,140.100,0.44,15717.200003564358
12106,OK,98.700,0.44,15908.10000197962
12107,OK,60.300,0.44,15860.4999887757
12108,OK,63.200,0.44,15899.999998509884
12109,OK,63.100,0.44,15893.400006461889
12110,OK,66.600,0.44,15887.100016698241
12111,OK,55.700,0.44,15978.800016455352
12112,OK,64.800,0.44,15749.4000159204
12113,OK,63.700,0.44,15902.699960861355
12114,OK,109.800,0.44,15816.500002983958
12115,OK,113.400,0.44,15854.60000205785
12116,OK,65.300,0.44,15892.600000370294
12117,OK,66.400,0.44,15837.699989788234
12118,OK,62.300,0.44,15944.099985063076
12119,OK,61.900,0.44,15839.700005017221
12120,OK,80.800,0.44,15882.899984717369
12121,OK,61.200,0.44,15910.100017208606
12122,OK,62.400,0.44,15905.400039628148
12123,OK,74.600,0.44,15874.399978201836
12124,OK,72.800,0.44,15899.699996225536
12125,OK,78.600,0.44,15855.600009672344
12126,OK,59.200,0.44,15905.399981420487
12127,OK,62.700,0.44,15888.099966105074
12128,OK,82.800,0.44,15872.60002270341
12129,OK,62.300,0.44,15940.900018904358
12130,OK,88.000,0.44,15741.399955004454
12131,OK,60.300,0.44,15942.400030326098
12132,OK,56.000,0.44,15970.700012985617
12133,OK,79.200,0.44,15746.699995361269
12134,OK,87.100,0.44,15918.000019155443
12135,OK,82.200,0.44,15879.400016274303
12136,OK,85.400,0.44,15844.30004004389
12137,OK,59.400,0.44,15883.699990808964
12138,OK,60.900,0.44,15887.700021266937
12139,OK,55.600,0.44,15923.099999781698
12140,OK,73.700,0.44,15952.999994624406
12141,OK,73.000,0.44,15857.60002490133
12142,OK,53.200,0.44,15897.999983280897
12143,OK,60.300,0.44,15936.899988446385
12144,OK,58.000,0.44,15890.19998209551
12145,OK,54.400,0.44,15879.600017797202
12146,OK,73.800,0.44,15859.999984968454
12147,OK,49.300,0.44,15957.900031935424
12148,OK,51.200,0.44,15880.999970249832
12149,OK,70.100,0.44,15912.60003624484
12150,OK,83.700,0.44,16057.799977716058
12151,OK,272.000,0.44,15435.600013006479
12152,OK,173.100,0.44,15578.099992126226
12153,OK,89.500,0.44,15869.700000621378
12154,OK,89.200,0.44,15922.399994451553
12155,OK,126.600,0.44,15677.799994591624
12156,OK,82.500,0.44,15941.700024995953
12157,OK,79.900,0.44,15862.300002481788
12158,OK,65.700,0.44,15901.300008408725
12159,OK,63.500,0.44,15983.899997081608
12160,OK,71.400,0.44,15740.400005597621
12161,OK,83.100,0.44,15879.700018558651
12162,OK,61.500,0.44,15879.600017797202
12163,OK,58.300,0.44,15845.69999249652
12164,OK,82.700,0.44,15886.900015175343
12165,OK,59.100,0.44,15973.09997305274
12166,OK,101.400,0.44,15839.100000448525
12167,OK,96.300,0.44,15844.19998107478
12168,OK,77.200,0.44,15910.600021015853
12169,OK,66.700,0.44,15914.699994027615
12170,OK,65.000,0.44,15877.800004091114
12171,OK,61.900,0.44,15905.299980659038
12172,OK,66.600,0.44,15763.700008392334
12173,OK,55.100,0.44,15916.199947241694
12174,OK,55.300,0.44,15980.60003016144
12175,OK,126.700,0.44,15832.50000840053
12176,OK,58.200,0.44,15906.39998903498
12177,OK,76.300,0.44,15881.799976341426
12178,OK,75.800,0.44,15876.79999647662
12179,OK,62.200,0.44,15845.299989450723
12180,OK,121.100,0.44,15771.70001110062
12181,OK,65.200,0.44,15860.4999887757
12182,OK,55.000,0.44,15958.799980580807
12183,OK,60.600,0.44,15903.900028206408
12184,OK,77.600,0.44,15900.599944870919
12185,OK,61.300,0.44,15855.700010433793
12186,OK,58.500,0.44,15885.8000067994
12187,OK,70.900,0.44,15862.900007050484
12188,OK,59.800,0.44,15922.6999967359
12189,OK,51.200,0.44,15895.100019406527
12190,OK,58.200,0.44,15876.299992669374
12191,OK,53.600,0.44,15920.299978461117
12192,OK,58.300,0.44,15930.800000205636
12193,OK,51.100,0.44,15965.200029313564
12194,OK,55.800,0.44,15858.100028708577
12195,OK,83.000,0.44,15831.500000786036
12196,OK,79.900,0.44,15994.200017303228
12197,OK,111.100,0.44,15731.399995274842
12198,OK,85.500,0.44,15840.300009585917
12199,OK,62.600,0.44,15881.700033787638
12200,OK,60.400,0.44,15878.0999481678
12201,OK,56.200,0.44,15821.699984371662
12202,OK,69.200,0.44,15933.10001771897
12203,OK,55.200,0.44,15864.400018472224
12204,OK,78.200,0.44,15943.299978971481
12205,OK,66.100,0.44,15899.999998509884
12206,OK,82.700,0.44,15759.100031573325
12207,OK,59.800,0.44,15929.999994114041
12208,OK,80.200,0.44,15854.400000534952
12209,OK,81.800,0.44,15919.999976176769
12210,OK,60.300,0.44,15892.600000370294
12211,OK,59.800,0.44,15906.39998903498
12212,OK,65.200,0.44,15874.899982009083
12213,OK,61.100,0.44,15901.600010693073
12214,OK,58.200,0.44,15910.300018731505
12215,OK,79.100,0.44,15861.199994105846
12216,OK,60.500,0.44,15883.499989286065
12217,OK,83.500,0.44,15893.000003416091
12218,OK,63.100,0.44,15898.699988611042
12219,OK,71.800,0.44,15872.099960688502
12220,OK,89.400,0.44,15848.000010009855
12221,OK,83.800,0.44,15878.700010944158
12222,OK,73.700,0.44,15873.100026510656
12223,OK,110.500,0.44,15811.200020834804
12224,OK,76.200,0.44,15892.700001131743
12225,OK,62.400,0.44,15885.8000067994
12226,OK,69.100,0.44,15830.79999545589
12227,OK,68.100,0.44,15959.999989718199
12228,OK,73.300,0.44,15944.699989631772
12229,OK,69.200,0.44,15777.399996295571
12230,OK,63.100,0.44,15876.89999723807
12231,OK,60.800,0.44,15878.800011705607
12232,OK,57.000,0.44,15945.700055453926
12233,OK,137.800,0.44,15769.799996633083
12234,OK,88.700,0.44,15869.49999909848
12235,OK,78.800,0.44,15931.900008581579
12236,OK,67.100,0.44,15840.400010347366
12237,OK,62.900,0.44,15921.40004504472
12238,OK,66.600,0.44,15882.700041402131
12239,OK,63.100,0.44,15865.399967879057
12240,OK,77.000,0.44,15858.899976592511
12241,OK,79.000,0.44,15957.400028128177
12242,OK,67.600,0.44,15798.000036738813
12243,OK,114.600,0.44,15931.000001728535
12244,OK,146.300,0.44,15623.999992385507
12245,OK,119.500,0.44,15806.799987331033
12246,OK,138.000,0.44,15818.100015167147
12247,OK,96.500,0.44,15818.600018974394
12248,OK,68.300,0.44,16050.900041591376
12249,OK,62.900,0.44,16049.300029408187
12250,OK,107.600,0.44,15576.1000351049
12251,OK,95.400,0.44,16146.49995462969
12252,OK,107.100,0.44,16952.49998010695
12253,OK,98.900,0.44,14427.79996432364
12254,OK,58.000,0.44,15800.499997567385
12255,OK,80.700,0.44,15890.599985141307
12256,OK,81.200,0.44,15877.700003329664
12257,OK,86.700,0.44,15881.699975579977
12258,OK,65.000,0.44,15872.200019657612
12259,OK,82.200,0.44,15841.100015677512
12260,OK,79.900,0.44,15868.599992245436
12261,OK,65.900,0.44,15923.900005873293
12262,OK,103.500,0.44,15927.899978123605
12263,OK,87.200,0.44,15743.199968710542
12264,OK,84.700,0.44,15810.900018550456
12265,OK,85.400,0.44,15849.099960178137
12266,OK,80.600,0.44,15887.800022028387
12267,OK,86.000,0.44,15843.099972698838
12268,OK,91.800,0.44,15840.000007301569
12269,OK,85.200,0.44,15874.500037170947
12270,OK,90.000,0.44,15863.50001161918
12271,OK,70.700,0.44,15932.799957226962
12272,OK,69.600,0.44,15821.699984371662
12273,OK,76.100,0.44,15934.60002914071
12274,OK,83.000,0.44,15867.299982346594
12275,OK,89.500,0.44,15833.300014492124
12276,OK,96.800,0.44,15826.200018636882
12277,OK,80.400,0.44,15923.900005873293
12278,OK,64.600,0.44,15766.599972266704
12279,OK,97.100,0.44,15908.900008071214
12280,OK,87.800,0.44,15838.599996641278
12281,OK,81.700,0.44,15890.600043348968
12282,OK,79.000,0.44,15852.399985305965
12283,OK,92.800,0.44,15875.60004554689
12284,OK,92.600,0.44,15830.699994694442
12285,OK,86.900,0.44,15879.500017035753
12286,OK,119.200,0.44,15911.099966615438
12287,OK,172.900,0.44,15567.699971143156
12288,OK,104.400,0.44,15786.40000661835
12289,OK,77.100,0.44,15815.899998415262
12290,OK,54.400,0.44,15893.599949777126
12291,OK,63.400,0.44,15913.699986413121
12292,OK,73.100,0.44,15949.699969496578
12293,OK,68.000,0.44,15954.300004523247
12294,OK,101.600,0.44,15755.900007206947
12295,OK,85.300,0.44,15899.09999165684
12296,OK,75.300,0.44,15891.199989710003
12297,OK,82.900,0.44,15810.500015504658
12298,OK,63.500,0.44,15894.199954345822
12299,OK,58.100,0.44,15915.099997073412
12300,OK,60.300,0.44,15901.300008408725
12301,OK,66.400,0.44,15760.699985548854
12302,OK,115.000,0.44,15865.400026086718
12303,OK,68.900,0.44,15934.80003066361
12304,OK,62.600,0.44,15895.200020167977
12305,OK,64.000,0.44,15862.800006289035
12306,OK,64.900,0.44,15872.2999622114
12307,OK,63.500,0.44,15855.800011195242
12308,OK,59.900,0.44,15939.400007482618
12309,OK,61.900,0.44,15858.200029470026
12310,OK,60.500,0.44,15972.99997229129
12311,OK,169.200,0.44,15737.300040200353
12312,OK,59.000,0.44,15845.399990212172
12313,OK,74.600,0.44,15781.299967784435
12314,OK,58.400,0.44,15923.300001304597
12315,OK,51.000,0.44,15868.400048930198
12316,OK,50.900,0.44,15980.39997043088
12317,OK,84.400,0.44,15853.799995966256
12318,OK,62.700,0.44,15934.900031425059
12319,OK,66.800,0.44,15848.099952563643
12320,OK,45.500,0.44,15892.499999608845
12321,OK,46.800,0.44,15929.099987260997
12322,OK,54.600,0.44,15862.500004004687
12323,OK,38.600,0.44,16095.799976028502
12324,OK,123.500,0.44,15681.4000220038
12325,OK,64.000,0.44,15881.700033787638
12326,OK,49.400,0.44,15974.799985997379
12327,OK,56.500,0.44,15924.000006634742
12328,OK,59.500,0.44,15904.499974567443
12329,OK,53.800,0.44,15919.700032100081
12330,OK,71.900,0.44,15893.500007223338
12331,OK,59.800,0.44,15891.199989710003
12332,OK,74.800,0.44,15866.499976255
12333,OK,53.800,0.44,15904.499974567443
12334,OK,56.600,0.44,15909.40001187846
12335,OK,118.900,0.44,15793.80000475794
12336,OK,49.800,0.44,15890.19998209551
12337,OK,40.800,0.44,15949.60002694279
12338,OK,62.000,0.44,15879.700018558651
12339,OK,58.400,0.44,16092.800011392683
12340,OK,85.500,0.44,15681.499964557588
12341,OK,85.400,0.44,15863.300010096282
12342,OK,57.300,0.44,15875.39998581633
12343,OK,169.600,0.44,15790.600038599223
12344,OK,102.100,0.44,15753.599989693612
12345,OK,76.200,0.44,15866.70003598556
12346,OK,73.000,0.44,16149.300034157932
12347,OK,142.100,0.44,15912.199974991381
12348,OK,140.200,0.44,15539.399988483638
12349,OK,207.000,0.44,15484.700037632138
12350,OK,52.800,0.44,15927.499975077808
12351,OK,62.900,0.44,15935.899980831891
12352,OK,72.600,0.44,15915.39999935776
12353,OK,163.700,0.44,15680.500015150756
12354,OK,116.500,0.44,15792.099991813302
12355,OK,85.700,0.44,15875.099983531982
12356,OK,81.900,0.44,15830.499993171543
12357,OK,62.700,0.44,15930.800000205636
12358,OK,93.700,0.44,15848.900016862899
12359,OK,77.600,0.44,15861.299994867295
12360,OK,120.700,0.44,15799.400047399104
12361,OK,76.300,0.44,15901.200007647276
12362,OK,56.500,0.44,15921.29998607561
12363,OK,76.300,0.44,15904.99997837469
12364,OK,83.100,0.44,15845.69999249652
12365,OK,70.000,0.44,15897.5999802351
12366,OK,66.000,0.44,15860.199986491352
12367,OK,82.200,0.44,15926.899970509112
12368,OK,70.500,0.44,15846.800000872463
12369,OK,94.800,0.44,15856.400015763938
12370,OK,99.300,0.44,15837.399987503886
12371,OK,83.200,0.44,15954.099944792688
12372,OK,96.300,0.44,15696.900023613125
12373,OK,85.100,0.44,15859.20003708452
12374,OK,80.200,0.44,15840.799955185503
12375,OK,84.000,0.44,15889.000031165779
12376,OK,90.500,0.44,15856.599959079176
12377,OK,90.300,0.44,15850.40002828464
12378,OK,82.500,0.44,15827.89997337386
12379,OK,119.300,0.44,15824.89995053038
12380,OK,67.700,0.44,15897.80003996566
12381,OK,89.000,0.44,15849.899966269732
12382,OK,84.200,0.44,15908.700006548315
12383,OK,68.800,0.44,15859.299979638308
12384,OK,106.500,0.44,15841.30001720041
12385,OK,100.400,0.44,15859.299979638308
12386,OK,84.500,0.44,15807.200048584491
12387,OK,90.600,0.44,15870.600007474422
12388,OK,82.100,0.44,15839.80000577867
12389,OK,77.200,0.44,15849.300019908696
12390,OK,68.400,0.44,15904.900035820901
12391,OK,72.300,0.44,15865.700028371066
12392,OK,69.900,0.44,15916.500007733703
12393,OK,88.800,0.44,15821.299981325865
12394,OK,66.600,0.44,15909.800014924258
12395,OK,86.600,0.44,15811.399964150041
12396,OK,62.500,0.44,15910.100017208606
12397,OK,83.700,0.44,15858.100028708577
12398,OK,54.200,0.44,15977.100003510714
12399,OK,57.100,0.44,15972.400025930256
12400,OK,61.100,0.44,15888.500027358532
12401,OK,66.200,0.44,15699.599985964596
12402,OK,81.800,0.44,15904.499974567443
12403,OK,64.200,0.44,15874.999982770532
12404,OK,81.100,0.44,15879.999962635338
12405,OK,57.700,0.44,15889.799979049712
12406,OK,56.400,0.44,15907.499997410923
12407,OK,80.300,0.44,15899.799996986985
12408,OK,143.400,0.44,15768.400044180453
12409,OK,62.600,0.44,15902.10001450032
12410,OK,71.500,0.44,15895.199961960316
12411,OK,75.900,0.44,15871.300012804568
12412,OK,78.800,0.44,15841.000014916062
12413,OK,95.000,0.44,15905.1000373438
12414,OK,78.900,0.44,15836.499980650842
12415,OK,79.600,0.44,15918.30002143979
12416,OK,61.900,0.44,15884.899999946356
12417,OK,62.200,0.44,15832.19994790852
12418,OK,106.100,0.44,15913.200040813535
12419,OK,89.300,0.44,15828.399977181107
12420,OK,63.400,0.44,15829.199983272702
12421,OK,76.100,0.44,15834.900026675314
12422,OK,75.400,0.44,15890.599985141307
12423,OK,80.300,0.44,15922.199992928654
12424,OK,61.400,0.44,15876.79999647662
12425,OK,82.100,0.44,15864.79996331036
12426,OK,62.200,0.44,15884.29999537766
12427,OK,71.700,0.44,15860.199986491352
12428,OK,104.900,0.44,15799.299988429993
12429,OK,60.400,0.44,15892.700001131743
12430,OK,57.300,0.44,16051.899990998209
12431,OK,169.300,0.44,15641.499951016158
12432,OK,55.000,0.44,15909.700014162809
12433,OK,74.900,0.44,15883.699990808964
12434,OK,72.300,0.44,15892.900002654642
12435,OK,85.700,0.44,15871.200012043118
12436,OK,83.800,0.44,16759.89996874705
12437,OK,79.100,0.44,15581.500018015504
12438,OK,131.500,0.44,25618.900021072477
12439,OK,161.900,0.44,10391.099960543215
12440,OK,96.700,0.44,19647.300010547042
12441,OK,108.100,0.44,18809.199973475188
12442,OK,85.800,0.44,7762.599969282746
12443,OK,90.800,0.44,24628.6999899894
12444,OK,90.600,0.44,30101.399985142052
12445,OK,83.700,0.44,21368.600020650774
12446,OK,88.900,0.44,18839.199969079345
12447,OK,108.200,0.44,13678.600022103637
12448,OK,86.300,0.44,20598.60003646463
12449,OK,82.400,0.44,14129.799965303391
12450,OK,85.000,0.44,11725.199990905821
12451,OK,104.700,0.44,15800.499997567385
12452,OK,58.400,0.44,15890.29998285696
12453,OK,48.100,0.44,15895.500022452325
12454,OK,45.400,0.44,15998.29999031499
12455,OK,47.000,0.44,15943.000034894794
12456,OK,60.100,0.44,15837.00004266575
12457,OK,52.200,0.44,15887.800022028387
12458,OK,79.500,0.44,15914.799994789064
12459,OK,67.900,0.44,15871.499956119806
12460,OK,55.000,0.44,15919.999976176769
12461,OK,53.700,0.44,15912.29997575283
12462,OK,68.200,0.44,15868.899994529784
12463,OK,52.900,0.44,15879.600017797202
12464,OK,51.400,0.44,15971.400018315762
12465,OK,101.400,0.44,15872.60002270341
12466,OK,61.300,0.44,15804.19996753335
12467,OK,94.000,0.44,15860.100043937564
12468,OK,71.100,0.44,15903.900028206408
12469,OK,46.800,0.44,15923.600003588945
12470,OK,45.400,0.44,15882.999985478818
12471,OK,65.400,0.44,18218.00001198426
12472,OK,121.200,0.44,13573.399977758527
12473,OK,131.400,0.44,15874.599979724735
12474,OK,142.400,0.44,15675.799979362637
12475,OK,130.600,0.44,15727.30002226308
12476,OK,87.600,0.44,15774.199971929193
12477,OK,61.300,0.44,15910.9000233002
12478,OK,75.400,0.44,15987.699967809021
12479,OK,60.500,0.44,15874.599979724735
12480,OK,52.500,0.44,15830.499993171543
12481,OK,72.600,0.44,15900.60000307858
12482,OK,88.400,0.44,15944.89999115467
12483,OK,65.600,0.44,15817.6000113599
12484,OK,81.200,0.44,15878.50000942126
12485,OK,95.600,0.44,15850.899973884225
12486,OK,84.900,0.44,15824.300004169345
12487,OK,105.700,0.44,15789.800032507628
12488,OK,52.200,0.44,16010.4000242427
12489,OK,62.200,0.44,15906.799992080778
12490,OK,75.300,0.44,15879.8000193201
12491,OK,74.000,0.44,15877.600002568215
12492,OK,64.000,0.44,15802.80001508072
12493,OK,100.800,0.44,15880.299964919686
12494,OK,67.800,0.44,15866.400033701211
12495,OK,63.500,0.44,15935.900039039552
12496,OK,62.900,0.44,15858.700033277273
12497,OK,108.600,0.44,15881.599974818528
12498,OK,59.200,0.44,15906.699991319329
12499,OK,57.500,0.44,15826.999966520816
12500,OK,64.300,0.44,15908.10000197962
12501,OK,93.200,0.44,15708.599996287376
12502,OK,56.700,0.44,15957.00002508238
12503,OK,56.900,0.44,15876.699995715171
12504,OK,69.000,0.44,15915.099997073412
12505,OK,69.000,0.44,15948.200016282499
12506,OK,62.400,0.44,15907.699998933822
12507,OK,64.300,0.44,15791.300043929368
12508,OK,92.500,0.44,15926.200023386627
12509,OK,61.900,0.44,15882.499981671572
12510,OK,65.600,0.44,15837.299986742437
12511,OK,65.900,0.44,15886.800014413893
12512,OK,63.800,0.44,15878.700010944158
12513,OK,63.400,0.44,15920.799982268363
12514,OK,76.100,0.44,15751.899976748973
12515,OK,66.600,0.44,15909.700014162809
12516,OK,67.100,0.44,15865.700028371066
12517,OK,77.900,0.44,16066.200041677803
12518,OK,79.200,0.44,15663.50000211969
12519,OK,62.300,0.44,15878.899954259396
12520,OK,53.000,0.44,15896.900033112615
12521,OK,60.400,0.44,15982.599987182766
12522,OK,79.300,0.44,15808.80000256002
12523,OK,92.500,0.44,16089.000040665269
12524,OK,97.900,0.44,15625.800006091595
12525,OK,78.000,0.44,15896.699973382056
12526,OK,91.400,0.44,15765.600022859871
12527,OK,85.500,0.44,15874.999982770532
12528,OK,85.300,0.44,15847.500006202608
12529,OK,89.800,0.44,15895.200020167977
12530,OK,85.700,0.44,15847.400005441159
12531,OK,85.700,0.44,15824.000001884997
12532,OK,94.700,0.44,15916.80001001805
12533,OK,104.700,0.44,15818.400017451495
12534,OK,95.300,0.44,15764.30001296103
12535,OK,87.100,0.44,15853.899996727705
12536,OK,100.500,0.44,15735.199966002256
12537,OK,101.400,0.44,15938.500000629574
12538,OK,63.100,0.44,15915.39999935776
12539,OK,74.200,0.44,15895.200020167977
12540,OK,115.600,0.44,15789.40002946183
12541,OK,85.200,0.44,15797.799977008253
12542,OK,62.000,0.44,15929.499990306795
12543,OK,71.400,0.44,15881.799976341426
12544,OK,58.600,0.44,15843.599976506084
12545,OK,78.300,0.44,15837.600047234446
12546,OK,74.400,0.44,15964.200021699071
12547,OK,72.100,0.44,15837.200044188648
12548,OK,94.100,0.44,15857.60002490133
12549,OK,76.000,0.44,15902.500017546117
12550,OK,85.900,0.44,15823.800000362098
12551,OK,118.800,0.44,15817.50001059845
12552,OK,87.600,0.44,15839.90000654012
12553,OK,58.300,0.44,15906.199987512082
12554,OK,79.500,0.44,15861.299994867295
12555,OK,60.300,0.44,15861.599997151643
12556,OK,56.300,0.44,15908.700006548315
12557,OK,84.800,0.44,15983.799996320158
12558,OK,72.600,0.44,15807.599993422627
12559,OK,94.200,0.44,15807.499992661178
12560,OK,64.800,0.44,15927.09997203201
12561,OK,107.500,0.44,15911.00002406165
12562,OK,88.000,0.44,15868.899994529784
12563,OK,87.800,0.44,15731.999999843538
12564,OK,64.100,0.44,15903.70002668351
12565,OK,67.000,0.44,15924.900013487786
12566,OK,76.300,0.44,15849.500021431595
12567,OK,74.900,0.44,15888.199966866523
12568,OK,86.800,0.44,15874.600037932396
12569,OK,71.300,0.44,15870.100003667176
12570,OK,118.200,0.44,15789.099968969822
12571,OK,69.000,0.44,16030.400001909584
12572,OK,128.800,0.44,15620.899968780577
12573,OK,105.700,0.44,16243.099991697818
12574,OK,113.800,0.44,15426.300000399351
12575,OK,104.900,0.44,15783.800045028329
12576,OK,101.500,0.44,15858.300030231476
12577,OK,101.100,0.44,15822.999994270504
12578,OK,105.700,0.44,15888.799971435219
12579,OK,89.200,0.44,16179.199970792979
12580,OK,114.500,0.44,15487.500000745058
12581,OK,87.500,0.44,15853.19999139756
12582,OK,90.000,0.44,15844.599984120578
12583,OK,90.900,0.44,15829.49998555705
12584,OK,97.600,0.44,15823.5999988392
12585,OK,71.000,0.44,15896.20002778247
12586,OK,90.800,0.44,15826.000017113984
12587,OK,89.400,0.44,15870.000002905726
12588,OK,95.900,0.44,15838.29999435693
12589,OK,101.000,0.44,15871.499956119806
12590,OK,94.000,0.44,15832.300006877631
12591,OK,91.800,0.44,15832.50000840053
12592,OK,102.500,0.44,15822.799992747605
12593,OK,74.100,0.44,15759.999980218709
12594,OK,84.000,0.44,15872.60002270341
12595,OK,86.000,0.44,15883.299987763166
12596,OK,85.200,0.44,15846.800000872463
12597,OK,86.200,0.44,15831.299999263138
12598,OK,82.900,0.44,15871.10001128167
12599,OK,83.200,0.44,15849.200019147247
12600,OK,83.300,0.44,15874.800039455295
12601,OK,92.800,0.44,15709.100000094622
12602,OK,78.900,0.44,15905.599982943386
12603,OK,156.700,0.44,15767.799981404096
12604,OK,88.700,0.44,15866.899979300797
12605,OK,111.800,0.44,15829.799987841398
12606,OK,123.200,0.44,15794.200007803738
12607,OK,97.600,0.44,15845.79999325797
12608,OK,121.300,0.44,15751.599974464625
12609,OK,89.800,0.44,15869.099996052682
12610,OK,94.800,0.44,15798.800042830408
12611,OK,93.400,0.44,15846.700000111014
12612,OK,84.900,0.44,15829.899988602847
12613,OK,63.200,0.44,15925.999963656068
12614,OK,84.200,0.44,15855.600009672344
12615,OK,70.700,0.44,15931.59994808957
12616,OK,78.000,0.44,15899.299993179739
12617,OK,76.300,0.44,15870.90000975877
12618,OK,71.300,0.44,15828.299976419657
12619,OK,94.400,0.44,15967.800049111247
12620,OK,140.600,0.44,15690.800035372376
12621,OK,86.300,0.44,15814.299986232072
12622,OK,59.500,0.44,15987.000020686537
12623,OK,58.900,0.44,15898.499987088144
12624,OK,145.500,0.44,15833.100012969226
12625,OK,87.600,0.44,15789.199969731271
12626,OK,61.900,0.44,15862.200001720339
12627,OK,83.900,0.44,15874.299977440387
12628,OK,107.500,0.44,15802.399953827262
12629,OK,62.000,0.44,15888.59996991232
12630,OK,64.300,0.44,15936.600044369698
12631,OK,77.300,0.44,15938.700002152473
12632,OK,62.400,0.44,15884.29999537766
12633,OK,62.200,0.44,15835.900034289807
12634,OK,90.200,0.44,15936.999989207834
12635,OK,173.800,0.44,15638.000040780753
12636,OK,85.700,0.44,15856.899961363524
12637,OK,54.100,0.44,15932.400012388825
12638,OK,62.800,0.44,15950.099972542375
12639,OK,69.900,0.44,15806.399984285235
12640,OK,56.200,0.44,15900.60000307858
12641,OK,70.900,0.44,25865.400035399944
12642,OK,109.900,0.44,10799.699986819178
12643,OK,99.300,0.44,18382.800044491887
12644,OK,89.900,0.44,9611.899964511395
12645,OK,85.900,0.44,17412.999994121492
12646,OK,128.900,0.44,12968.999973963946
12647,OK,73.000,0.44,15949.300024658442
12648,OK,59.600,0.44,15880.299964919686
12649,OK,88.500,0.44,15852.799988351762
12650,OK,61.200,0.44,15887.699963059276
12651,OK,66.100,0.44,15921.799989882857
12652,OK,81.000,0.44,15830.000047571957
12653,OK,55.400,0.44,15987.699967809021
12654,OK,80.700,0.44,15777.099994011223
12655,OK,77.600,0.44,15876.79999647662
12656,OK,79.000,0.44,15932.800015434623
12657,OK,75.600,0.44,15783.699986059219
12658,OK,55.700,0.44,15889.999980572611
12659,OK,41.300,0.44,15969.400003086776
12660,OK,65.500,0.44,15979.900024831295
12661,OK,50.800,0.44,15892.700001131743
12662,OK,42.900,0.44,15960.099990479648
12663,OK,44.500,0.44,15910.99996585399
12664,OK,76.700,0.44,15876.699995715171
12665,OK,81.000,0.44,15875.499986577779
12666,OK,53.000,0.44,15895.299962721765
12667,OK,55.400,0.44,15898.799989372492
12668,OK,46.500,0.44,15981.299977283925
12669,OK,54.600,0.44,15922.8999982588
12670,OK,71.500,0.44,15884.19999461621
12671,OK,72.700,0.44,15870.400005951524
12672,OK,48.500,0.44,15927.800035569817
12673,OK,79.000,0.44,15833.399957045913
12674,OK,80.500,0.44,15917.400014586747
12675,OK,96.800,0.44,15851.70003818348
12676,OK,78.600,0.44,15859.199978876859
12677,OK,127.500,0.44,15847.500006202608
12678,OK,67.300,0.44,15914.00004690513
12679,OK,218.800,0.44,15604.700020048767
12680,OK,109.100,0.44,15798.100037500262
12681,OK,126.600,0.44,15711.499960161746
12682,OK,130.600,0.44,15624.699997715652
12683,OK,79.500,0.44,15880.099963396788
12684,OK,58.500,0.44,15879.79996111244
12685,OK,75.800,0.44,15915.700001642108
12686,OK,72.300,0.44,15923.800005111843
12687,OK,67.200,0.44,15872.50002194196
12688,OK,73.800,0.44,15858.900034800172
12689,OK,54.400,0.44,15928.6999842152
12690,OK,72.000,0.44,15907.499997410923
12691,OK,78.800,0.44,15896.400029305369
12692,OK,155.500,0.44,15713.79997767508
12693,OK,66.600,0.44,15908.500005025417
12694,OK,66.100,0.44,15877.500001806766
12695,OK,63.200,0.44,15896.600030828267
12696,OK,86.200,0.44,15865.10002380237
12697,OK,67.900,0.44,15915.800002403557
12698,OK,85.600,0.44,15895.000018645078
12699,OK,68.300,0.44,15844.09998031333
12700,OK,83.800,0.44,15855.200006626546
12701,OK,88.200,0.44,15688.600018620491
12702,OK,63.300,0.44,15903.699968475848
12703,OK,86.600,0.44,15841.30001720041
12704,OK,75.600,0.44,15851.499978452921
12705,OK,79.100,0.44,15884.39999613911
12706,OK,93.200,0.44,15838.499995879829
12707,OK,85.900,0.44,21780.299954116344
12708,OK,95.100,0.44,11832.299991510808
12709,OK,99.100,0.44,14065.900002606213
12710,OK,87.100,0.44,15734.70002040267
12711,OK,102.100,0.44,15826.799964997917
12712,OK,97.200,0.44,15852.699987590313
12713,OK,103.400,0.44,15807.799994945526
12714,OK,66.800,0.44,15893.700008746237
12715,OK,83.500,0.44,15763.400006107986
12716,OK,81.700,0.44,15862.900007050484
12717,OK,86.800,0.44,15861.099993344396
12718,OK,113.600,0.44,15827.699971850961
12719,OK,84.700,0.44,15868.899994529784
12720,OK,87.700,0.44,15864.099957980216
12721,OK,66.400,0.44,15872.100018896163
12722,OK,89.800,0.44,15845.999994780868
12723,OK,84.500,0.44,15864.699962548912
12724,OK,92.400,0.44,15848.200011532754
12725,OK,94.600,0.44,15853.19999139756
12726,OK,93.300,0.44,15854.800003580749
12727,OK,119.600,0.44,15813.599980901927
12728,OK,74.200,0.44,15943.899983540177
12729,OK,59.800,0.44,15895.300020929426
12730,OK,86.900,0.44,15907.699998933822
12731,OK,86.700,0.44,15808.70000179857
12732,OK,84.300,0.44,15913.600043859333
12733,OK,132.000,0.44,15865.699970163405
12734,OK,161.500,0.44,15648.100001271814
12735,OK,64.300,0.44,15859.500039368868
12736,OK,65.000,0.44,15888.399968389422
12737,OK,64.200,0.44,15896.899974904954
12738,OK,76.800,0.44,15863.29995188862
12739,OK,68.700,0.44,15920.099976938218
12740,OK,94.100,0.44,15822.999994270504
12741,OK,69.200,0.44,15877.300000283867
12742,OK,86.800,0.44,15897.199977189302
12743,OK,60.200,0.44,15898.099984042346
12744,OK,81.000,0.44,15882.299980148673
12745,OK,62.500,0.44,15855.800011195242
12746,OK,82.600,0.44,15870.100003667176
12747,OK,59.200,0.44,15914.599993266165
12748,OK,96.900,0.44,15896.900033112615
12749,OK,119.500,0.44,15794.900013133883
12750,OK,63.900,0.44,15826.900023967028
12751,OK,55.500,0.44,15948.899963404983
12752,OK,88.400,0.44,15949.100023135543
12753,OK,79.100,0.44,15858.899976592511
12754,OK,77.900,0.44,15890.30004106462
12755,OK,66.300,0.44,15849.400020670146
12756,OK,71.700,0.44,15935.300034470856
12757,OK,170.600,0.44,15595.700009725988
12758,OK,80.800,0.44,15889.100031927228
12759,OK,74.600,0.44,16123.000008519739
12760,OK,94.700,0.44,15564.20000270009
12761,OK,81.900,0.44,15881.999977864325
12762,OK,60.600,0.44,15899.799996986985
12763,OK,60.200,0.44,15889.699978288263
12764,OK,83.200,0.44,15880.899969488382
12765,OK,55.100,0.44,15942.700032610446
12766,OK,83.700,0.44,15878.900012467057
12767,OK,57.300,0.44,15808.099997229874
12768,OK,89.500,0.44,15851.899981498718
12769,OK,87.400,0.44,15862.600004766136
12770,OK,74.800,0.44,15911.1000248231
12771,OK,99.000,0.44,15838.699997402728
12772,OK,94.600,0.44,15834.500023629516
12773,OK,84.400,0.44,15881.30003074184
12774,OK,78.300,0.44,15870.90000975877
12775,OK,64.700,0.44,15894.70001636073
12776,OK,63.400,0.44,15856.399957556278
12777,OK,68.900,0.44,16165.79998517409
12778,OK,87.600,0.44,15612.899966072291
12779,OK,69.700,0.44,15885.300002992153
12780,OK,66.700,0.44,15955.50001366064
12781,OK,60.200,0.44,15904.99997837469
12782,OK,58.200,0.44,15898.99999089539
12783,OK,59.200,0.44,15798.40003978461
12784,OK,76.200,0.44,15910.399961285293
12785,OK,80.600,0.44,15864.700020756572
12786,OK,57.100,0.44,15891.399991232902
12787,OK,58.100,0.44,15951.10003836453
12788,OK,58.700,0.44,15821.699984371662
12789,OK,64.600,0.44,15926.700027193874
12790,OK,69.000,0.44,15856.400015763938
12791,OK,67.000,0.44,15917.099954094738
12792,OK,47.800,0.44,15962.400007992983
12793,OK,48.100,0.44,15921.100042760372
12794,OK,58.200,0.44,15878.800011705607
12795,OK,60.200,0.44,15971.200016792864
12796,OK,50.600,0.44,15911.1000248231
12797,OK,47.800,0.44,15888.70002888143
12798,OK,51.000,0.44,15976.800001226366
12799,OK,80.200,0.44,15881.399973295629
12800,OK,129.400,0.44,15708.399994764477
12801,OK,99.700,0.44,15579.700004309416
12802,OK,64.300,0.44,15911.900030914694
12803,OK,61.800,0.44,15894.400014076382
12804,OK,81.800,0.44,15855.699952226132
12805,OK,84.700,0.44,15893.30000570044
12806,OK,54.200,0.44,15865.999972447753
12807,OK,59.200,0.44,15928.099979646504
12808,OK,87.800,0.44,15866.199973970652
12809,OK,94.400,0.44,15916.500007733703
12810,OK,70.500,0.44,15855.700010433793
12811,OK,54.500,0.44,15896.000026259571
12812,OK,69.500,0.44,15873.500029556453
12813,OK,76.300,0.44,15870.600007474422
12814,OK,66.000,0.44,15886.100009083748
12815,OK,88.000,0.44,15855.600009672344
12816,OK,88.300,0.44,15849.000017624348
12817,OK,86.000,0.44,15916.000003926456
12818,OK,82.000,0.44,15837.599989026785
12819,OK,101.500,0.44,15921.29998607561
12820,OK,69.600,0.44,15799.999993760139
12821,OK,90.000,0.44,15810.700017027557
12822,OK,69.100,0.44,15997.900045476854
12823,OK,60.300,0.44,15880.300023127347
12824,OK,69.800,0.44,15890.40004182607
12825,OK,57.800,0.44,15924.700011964887
12826,OK,70.500,0.44,15837.200044188648
12827,OK,68.700,0.44,15850.09996779263
12828,OK,68.500,0.44,15884.599997662008
12829,OK,65.200,0.44,15883.799991570413
12830,OK,56.400,0.44,15967.499988619238
12831,OK,61.400,0.44,15910.600021015853
12832,OK,77.000,0.44,15833.600016776472
12833,OK,76.400,0.44,15878.30000789836
12834,OK,132.200,0.44,15791.899990290403
12835,OK,77.300,0.44,15857.400023378432
12836,OK,88.000,0.44,15856.300015002489
12837,OK,92.300,0.44,15877.700003329664
12838,OK,79.400,0.44,15915.800002403557
12839,OK,60.300,0.44,15924.500010441989
12840,OK,63.600,0.44,15824.700007215142
12841,OK,56.000,0.44,15909.800014924258
12842,OK,55.200,0.44,15953.599999193102
12843,OK,60.000,0.44,15851.799980737269
12844,OK,81.500,0.44,15937.099989969283
12845,OK,67.800,0.44,15865.600027609617
12846,OK,56.400,0.44,15850.100026000291
12847,OK,53.400,0.44,15929.099987260997
12848,OK,64.000,0.44,15898.600046057254
12849,OK,78.700,0.44,15941.400022711605
12850,OK,61.500,0.44,15814.49998775497
12851,OK,62.800,0.44,15861.599997151643
12852,OK,58.000,0.44,15920.699981506914
12853,OK,61.700,0.44,15923.500002827495
12854,OK,75.400,0.44,15869.39999833703
12855,OK,74.000,0.44,15866.099973209202
12856,OK,59.500,0.44,15909.300011117011
12857,OK,90.400,0.44,15843.900036998093
12858,OK,63.900,0.44,15892.700001131743
12859,OK,50.300,0.44,15903.50002516061
12860,OK,45.400,0.44,15965.300030075014
12861,OK,122.000,0.44,15782.799979206175
12862,OK,54.400,0.44,15943.900041747838
12863,OK,95.700,0.44,15841.799962799996
12864,OK,59.100,0.44,15892.900002654642
12865,OK,58.900,0.44,15917.199954856187
12866,OK,59.700,0.44,15932.899957988411
12867,OK,60.800,0.44,15914.299990981817
12868,OK,61.300,0.44,15893.400006461889
12869,OK,63.400,0.44,15836.299979127944
12870,OK,83.500,0.44,15883.299987763166
12871,OK,134.200,0.44,15770.19999967888
12872,OK,66.600,0.44,15883.400046732277
12873,OK,73.900,0.44,15842.69996965304
12874,OK,63.400,0.44,15926.399966701865
12875,OK,91.700,0.44,15838.599996641278
12876,OK,74.600,0.44,15885.500004515052
12877,OK,71.000,0.44,15893.20000493899
12878,OK,81.000,0.44,15868.799993768334
12879,OK,55.400,0.44,15931.100002489984
12880,OK,57.200,0.44,15911.599970422685
12881,OK,138.200,0.44,15758.699970319867
12882,OK,87.300,0.44,15835.199970752
12883,OK,57.700,0.44,15917.200013063848
12884,OK,76.900,0.44,15867.299982346594
12885,OK,57.500,0.44,15896.299970336258
12886,OK,78.200,0.44,15883.299987763166
12887,OK,79.000,0.44,15872.899966780096
12888,OK,89.000,0.44,15868.299989961088
12889,OK,95.100,0.44,15898.499987088144
12890,OK,89.300,0.44,15742.299961857498
12891,OK,92.200,0.44,15833.499957807362
12892,OK,97.300,0.44,15874.699980486184
12893,OK,88.900,0.44,15845.100046135485
12894,OK,88.900,0.44,15860.699990298599
12895,OK,86.000,0.44,15877.500001806766
12896,OK,87.300,0.44,15856.000012718141
12897,OK,86.200,0.44,15872.300020419061
12898,OK,99.800,0.44,15816.300001461059
12899,OK,87.900,0.44,15837.500046472996
12900,OK,89.300,0.44,15925.80002034083
12901,OK,96.800,0.44,16272.49998273328
12902,OK,90.800,0.44,13428.899983409792
12903,OK,132.200,0.44,15843.300032429397
12904,OK,95.700,0.44,15815.099992323667
12905,OK,96.700,0.44,16387.499985285103
12906,OK,89.000,0.44,15767.699980642647
12907,OK,96.100,0.44,15379.399992525578
12908,OK,91.400,0.44,15823.299996554852
12909,OK,85.800,0.44,15880.899969488382
12910,OK,89.000,0.44,15868.199989199638
12911,OK,99.000,0.44,15837.299986742437
12912,OK,87.900,0.44,15849.099960178137
12913,OK,89.300,0.44,15839.700005017221
12914,OK,93.500,0.44,15841.100015677512
12915,OK,83.900,0.44,15851.300035137683
12916,OK,80.500,0.44,15792.999998666346
12917,OK,95.200,0.44,15858.99997735396
12918,OK,104.500,0.44,15836.399979889393
12919,OK,90.600,0.44,15847.400005441159
12920,OK,92.800,0.44,15912.699978798628
12921,OK,94.800,0.44,15773.399965837598
12922,OK,72.400,0.44,15930.800000205636
12923,OK,185.800,0.44,15671.500004827976
12924,OK,89.000,0.44,16041.399969253689
12925,OK,181.200,0.44,15434.199944138527
12926,OK,85.000,0.44,15844.09998031333
12927,OK,61.500,0.44,15923.700004350394
12928,OK,63.200,0.44,15885.400003753603
12929,OK,59.100,0.44,15946.100000292063
12930,OK,56.700,0.44,15913.699986413121
12931,OK,84.700,0.44,15875.499986577779
12932,OK,59.500,0.44,15886.000008322299
12933,OK,61.400,0.44,15934.80003066361
12934,OK,57.500,0.44,15896.199969574809
12935,OK,64.000,0.44,15885.300002992153
12936,OK,113.700,0.44,15853.599994443357
12937,OK,60.000,0.44,15896.799974143505
12938,OK,148.000,0.44,15733.500011265278
12939,OK,66.000,0.44,15884.19999461621
12940,OK,63.200,0.44,15930.399997159839
12941,OK,64.200,0.44,15821.099979802966
12942,OK,91.300,0.44,15863.900014664978
12943,OK,59.600,0.44,15903.60002592206
12944,OK,61.300,0.44,15884.39999613911
12945,OK,72.800,0.44,15905.09997913614
12946,OK,67.200,0.44,15998.39999107644
12947,OK,137.900,0.44,15690.800035372376
12948,OK,85.600,0.44,15830.699994694442
12949,OK,62.500,0.44,15891.399991232902
12950,OK,58.400,0.44,15910.9000233002
12951,OK,70.800,0.44,15893.500007223338
12952,OK,59.800,0.44,15923.400002066046
12953,OK,94.300,0.44,15782.199974637479
12954,OK,85.600,0.44,15863.60001238063
12955,OK,57.200,0.44,15947.200008668005
12956,OK,75.900,0.44,15899.999998509884
12957,OK,76.700,0.44,15831.199998501688
12958,OK,63.000,0.44,15889.600035734475
12959,OK,52.700,0.44,15925.200015772134
12960,OK,72.800,0.44,15962.200006470084
12961,OK,74.600,0.44,15891.7999942787
12962,OK,64.800,0.44,15849.400020670146
12963,OK,63.900,0.44,15854.699944611639
12964,OK,78.600,0.44,15884.099993854761
12965,OK,69.100,0.44,15934.100025333464
12966,OK,52.900,0.44,15916.100004687905
12967,OK,58.500,0.44,15902.999963145703
12968,OK,65.400,0.44,15901.500009931624
12969,OK,56.800,0.44,15897.099976427853
12970,OK,65.600,0.44,15863.900014664978
12971,OK,44.500,0.44,15900.300000794232
12972,OK,37.700,0.44,15957.00002508238
12973,OK,52.700,0.44,15902.300016023219
12974,OK,47.500,0.44,15970.800013747066
12975,OK,45.100,0.44,15854.60000205785
12976,OK,42.500,0.44,15976.900001987815
12977,OK,45.700,0.44,15938.000055029988
12978,OK,46.800,0.44,15946.899948175997
12979,OK,159.500,0.44,15941.500023473054
12980,OK,138.400,0.44,15502.09999550134
12981,OK,56.800,0.44,15871.900017373264
12982,OK,63.700,0.44,15946.900006383657
12983,OK,56.700,0.44,15906.299988273531
12984,OK,60.800,0.44,15923.300001304597
12985,OK,70.700,0.44,15877.900004852563
12986,OK,62.500,0.44,15880.599967204034
12987,OK,55.200,0.44,15895.799966529012
12988,OK,50.500,0.44,15922.79999749735
12989,OK,135.600,0.44,15784.500050358474
12990,OK,62.700,0.44,15878.200007136911
12991,OK,48.000,0.44,15845.300047658384
12992,OK,45.400,0.44,15917.200013063848
12993,OK,39.700,0.44,15916.100004687905
12994,OK,37.000,0.44,15951.999987009913
12995,OK,40.700,0.44,15969.700005371124
12996,OK,68.300,0.44,16002.200020011514
12997,OK,144.200,0.44,21178.900031372905
12998,OK,108.400,0.44,10210.599983111024
12999,OK,83.200,0.44,15870.300005190074
13000,OK,90.600,0.44,15844.499983359128
13001,OK,59.300,0.44,15930.800000205636
13002,OK,126.100,0.44,15911.799971945584
13003,OK,86.900,0.44,15686.899947468191
13004,OK,58.100,0.44,15933.500020764768
13005,OK,66.500,0.44,15860.899991821498
13006,OK,81.300,0.44,15852.799988351762
13007,OK,82.000,0.44,15864.199958741665
13008,OK,63.900,0.44,15895.399963483214
13009,OK,84.600,0.44,16268.200008198619
13010,OK,135.100,0.44,15622.09997791797
13011,OK,110.700,0.44,15793.099999427795
13012,OK,111.000,0.44,15604.699961841106
13013,OK,109.600,0.44,15944.89999115467
13014,OK,156.200,0.44,15694.800007622689
13015,OK,105.700,0.44,15819.600026588887
13016,OK,88.500,0.44,15854.900004342198
13017,OK,82.400,0.44,15892.600000370294
13018,OK,63.700,0.44,15855.400008149445
13019,OK,88.600,0.44,15872.50002194196
13020,OK,91.000,0.44,15847.600006964058
13021,OK,93.200,0.44,17234.19997142628
13022,OK,115.700,0.44,15735.799970570952
13023,OK,98.000,0.44,14608.400000724941
13024,OK,104.400,0.44,17608.200025279075
13025,OK,96.200,0.44,13892.100017983466
13026,OK,119.400,0.44,22882.400022353977
13027,OK,103.200,0.44,9656.199952587485
13028,OK,88.300,0.44,20730.59999383986
13029,OK,89.400,0.44,10100.900020916015
13030,OK,68.600,0.44,15995.200024917722
13031,OK,92.500,0.44,17078.49995000288
13032,OK,99.500,0.44,17616.599972825497
13033,OK,94.900,0.44,12765.199993737042
13034,OK,97.400,0.44,17655.499977990985
13035,OK,103.700,0.44,13936.900009866804
13036,OK,70.100,0.44,15862.900007050484
13037,OK,67.700,0.44,15925.600018817931
13038,OK,76.600,0.44,15890.100039541721
13039,OK,90.000,0.44,15839.400002732873
13040,OK,71.100,0.44,15900.099999271333
13041,OK,111.400,0.44,15818.199957720935
13042,OK,101.400,0.44,15856.20001424104
13043,OK,87.600,0.44,15848.300012294203
13044,OK,70.500,0.44,15845.80005146563
13045,OK,62.500,0.44,15937.799995299429
13046,OK,61.700,0.44,15870.200004428625
13047,OK,82.100,0.44,15897.300036158413
13048,OK,69.100,0.44,15908.699948340654
13049,OK,85.000,0.44,15791.799989528954
13050,OK,55.000,0.44,15958.50003650412
13051,OK,61.000,0.44,15894.099953584373
13052,OK,57.200,0.44,15886.800014413893
13053,OK,101.900,0.44,15865.599969401956
13054,OK,94.700,0.44,15861.699997913092
13055,OK,79.200,0.44,15860.299987252802
13056,OK,106.400,0.44,15806.899988092482
13057,OK,65.000,0.44,15882.899984717369
13058,OK,53.000,0.44,15930.399997159839
13059,OK,56.900,0.44,15915.700001642108
13060,OK,76.400,0.44,15852.299984544516
13061,OK,63.800,0.44,15903.5999677144
13062,OK,61.500,0.44,15911.800030153245
13063,OK,61.400,0.44,15899.500052910298
13064,OK,82.900,0.44,15903.400024399161
13065,OK,131.500,0.44,15738.599991891533
13066,OK,99.600,0.44,15859.500039368868
13067,OK,104.500,0.44,15823.49999807775
13068,OK,73.300,0.44,15935.300034470856
13069,OK,63.400,0.44,15872.800024226308
13070,OK,87.700,0.44,15853.899996727705
13071,OK,63.500,0.44,15896.000026259571
13072,OK,63.200,0.44,15855.500008910894
13073,OK,65.600,0.44,15931.000001728535
13074,OK,70.900,0.44,15860.999992582947
13075,OK,59.900,0.44,22525.499982293695
13076,OK,91.300,0.44,9259.900019969791
13077,OK,102.800,0.44,15811.100020073354
13078,OK,84.800,0.44,15846.099995542318
13079,OK,89.900,0.44,15921.999991405755
13080,OK,106.600,0.44,15733.800013549626
13081,OK,81.100,0.44,15802.099951542914
13082,OK,56.900,0.44,15935.499977786094
13083,OK,60.500,0.44,15990.599989891052
13084,OK,95.600,0.44,20041.099982336164
13085,OK,92.600,0.44,12464.199971873313
13086,OK,84.300,0.44,26054.10001706332
13087,OK,106.500,0.44,10536.799964029342
13088,OK,91.300,0.44,32417.49998414889
13089,OK,110.300,0.44,46517.79995765537
13090,OK,121.800,0.44,27389.499999117106
13091,OK,90.100,0.44,22095.600026659667
13092,OK,100.000,0.44,16543.100005947053
13093,OK,88.100,0.44,14550.700027029961
13094,OK,117.600,0.44,10630.300035700202
13095,OK,94.900,0.44,17159.000039100647
13096,OK,92.000,0.44,27265.79998852685
13097,OK,86.100,0.44,21435.80000847578
13098,OK,91.300,0.44,13418.100017588586
13099,OK,95.500,0.44,15853.999997489154
13100,OK,66.900,0.44,15846.299997065216
13101,OK,63.200,0.44,15878.50000942126
13102,OK,88.300,0.44,15919.80003286153
13103,OK,76.100,0.44,15784.799994435161
13104,OK,73.100,0.44,15930.29999639839
13105,OK,104.000,0.44,15907.199995126575
13106,OK,63.400,0.44,15794.200007803738
13107,OK,73.400,0.44,15901.400009170175
13108,OK,60.200,0.44,15870.300005190074
13109,OK,57.600,0.44,15908.10000197962
13110,OK,69.900,0.44,15907.599998172373
13111,OK,119.000,0.44,15768.499986734241
13112,OK,113.400,0.44,15765.600022859871
13113,OK,58.000,0.44,15872.40002118051
13114,OK,57.000,0.44,15935.899980831891
13115,OK,81.600,0.44,15954.0000022389
13116,OK,77.000,0.44,15737.000037916005
13117,OK,63.200,0.44,16072.000027634203
13118,OK,88.900,0.44,15608.899993821979
13119,OK,76.200,0.44,15923.600003588945
13120,OK,74.000,0.44,15867.89998691529
13121,OK,71.700,0.44,15890.599985141307
13122,OK,58.100,0.44,15956.000017467886
13123,OK,85.000,0.44,15829.000039957464
13124,OK,66.900,0.44,15913.79998717457
13125,OK,64.100,0.44,15892.800001893193
13126,OK,91.900,0.44,15792.599995620549
13127,OK,67.900,0.44,15895.799966529012
13128,OK,69.300,0.44,15873.79997363314
13129,OK,65.200,0.44,15992.50000435859
13130,OK,94.300,0.44,15785.09999671951
13131,OK,55.100,0.44,15841.30001720041
13132,OK,59.600,0.44,15984.700003173202
13133,OK,73.700,0.44,15907.099994365126
13134,OK,93.400,0.44,15788.800024893135
13135,OK,66.400,0.44,15843.700035475194
13136,OK,98.600,0.44,15916.300006210804
13137,OK,65.100,0.44,15859.999984968454
13138,OK,78.100,0.44,15898.399986326694
13139,OK,68.800,0.44,15809.599950443953
13140,OK,62.200,0.44,15961.600001901388
13141,OK,60.500,0.44,15957.100025843829
13142,OK,63.500,0.44,15789.100027177483
13143,OK,55.500,0.44,15900.900005362928
13144,OK,49.900,0.44,15928.999986499548
13145,OK,54.400,0.44,15923.599945381284
13146,OK,70.900,0.44,15893.800009507686
13147,OK,89.600,0.44,15847.400005441159
13148,OK,106.200,0.44,15919.80003286153
13149,OK,64.100,0.44,15884.29999537766
13150,OK,63.900,0.44,15894.900017883629
13151,OK,63.300,0.44,15861.099993344396
13152,OK,80.100,0.44,17848.199990112334
13153,OK,115.500,0.44,13784.100010525435
13154,OK,61.400,0.44,15906.49998979643
13155,OK,65.900,0.44,15925.300016533583
13156,OK,59.300,0.44,15918.100019916892
13157,OK,60.900,0.44,15873.000025749207
13158,OK,62.900,0.44,15918.700024485588
13159,OK,63.600,0.44,15887.20001745969
13160,OK,71.500,0.44,15915.600000880659
13161,OK,72.400,0.44,15801.40000442043
13162,OK,63.200,0.44,15921.099984552711
13163,OK,71.300,0.44,15856.000012718141
13164,OK,62.900,0.44,15947.500010952353
13165,OK,48.000,0.44,15914.199990220368
13166,OK,55.700,0.44,15913.79998717457
13167,OK,61.500,0.44,15930.499997921288
13168,OK,83.500,0.44,19432.300003245473
13169,OK,105.100,0.44,17608.000023756176
13170,OK,89.100,0.44,10546.09997663647
13171,OK,170.100,0.44,15706.599981058389
13172,OK,87.800,0.44,15860.799991060048
13173,OK,67.200,0.44,15867.89998691529
13174,OK,49.700,0.44,15876.699995715171
13175,OK,58.500,0.44,15918.100019916892
13176,OK,75.700,0.44,15927.999978885055
13177,OK,79.200,0.44,15847.000002395362
13178,OK,77.300,0.44,15811.999968718737
13179,OK,84.500,0.44,15891.7999942787
13180,OK,90.900,0.44,15867.800044361502
13181,OK,87.300,0.44,15812.500030733645
13182,OK,63.900,0.44,15925.59996061027
13183,OK,73.300,0.44,15888.100024312735
13184,OK,106.300,0.44,15826.400020159781
13185,OK,102.300,0.44,15792.2999933362
13186,OK,71.000,0.44,15850.09996779263
13187,OK,82.800,0.44,15868.799993768334
13188,OK,60.800,0.44,15912.699978798628
13189,OK,89.100,0.44,15852.100041229278
13190,OK,73.500,0.44,15907.399996649474
13191,OK,105.500,0.44,15867.199981585145
13192,OK,71.800,0.44,15874.300035648048
13193,OK,86.200,0.44,15851.200034376234
13194,OK,97.000,0.44,15842.399967368692
13195,OK,72.800,0.44,15871.500014327466
13196,OK,73.900,0.44,15874.599979724735
13197,OK,71.600,0.44,15876.99999799952
13198,OK,62.700,0.44,15983.699995558709
13199,OK,67.200,0.44,15859.799983445555
13200,OK,85.100,0.44,15863.60001238063
13201,OK,95.700,0.44,17271.900025662035
13202,OK,134.800,0.44,14403.299952391535
13203,OK,95.100,0.44,15625.200001522899
13204,OK,105.200,0.44,15865.300025325269
13205,OK,60.700,0.44,15846.599999349564
13206,OK,54.500,0.44,15900.300000794232
13207,OK,45.600,0.44,16018.499969504774
13208,OK,57.000,0.44,15829.599986318499
13209,OK,62.400,0.44,15840.600011870265
13210,OK,55.700,0.44,16089.699987787753
13211,OK,118.600,0.44,15677.799994591624
13212,OK,167.800,0.44,15703.50001566112
13213,OK,66.600,0.44,15850.800031330436
13214,OK,82.200,0.44,15944.500046316534
13215,OK,78.000,0.44,15926.899970509112
13216,OK,64.500,0.44,15790.600038599223
13217,OK,81.900,0.44,15941.99996907264
13218,OK,72.400,0.44,15779.500012286007
13219,OK,64.900,0.44,15900.300000794232
13220,OK,90.600,0.44,15968.69999775663
13221,OK,90.400,0.44,15768.000041134655
13222,OK,84.200,0.44,15833.400015253574
13223,OK,67.500,0.44,16330.999962519854
13224,OK,128.300,0.44,15391.300024930388
13225,OK,132.900,0.44,15729.699982330203
13226,OK,83.500,0.44,15913.599985651672
13227,OK,68.200,0.44,15827.000024728477
13228,OK,65.800,0.44,15872.499963734299
13229,OK,54.700,0.44,15937.399992253631
13230,OK,72.500,0.44,15880.100021604449
13231,OK,98.800,0.44,15853.999997489154
13232,OK,65.900,0.44,15939.20000595972
13233,OK,63.300,0.44,15899.399993941188
13234,OK,66.800,0.44,15881.499974057078
13235,OK,64.600,0.44,15869.800001382828
13236,OK,87.200,0.44,15860.899991821498
13237,OK,75.000,0.44,15839.100000448525
13238,OK,74.300,0.44,15936.399984639138
13239,OK,60.100,0.44,15864.300017710775
13240,OK,87.400,0.44,15943.099977448583
13241,OK,95.500,0.44,15773.000020999461
13242,OK,121.200,0.44,15818.000014405698
13243,OK,110.500,0.44,16103.799978736788
13244,OK,117.700,0.44,15559.299965389073
13245,OK,85.600,0.44,15845.69999249652
13246,OK,94.300,0.44,15835.200028959662
13247,OK,91.000,0.44,15874.799981247634
13248,OK,91.900,0.44,15844.699984882027
13249,OK,84.700,0.44,16697.200015187263
13250,OK,139.400,0.44,14940.000022761524
13251,OK,106.100,0.44,15807.999996468425
13252,OK,89.800,0.44,15880.399965681136
13253,OK,87.900,0.44,15820.099972188473
13254,OK,70.300,0.44,15910.300018731505
13255,OK,99.600,0.44,15874.699980486184
13256,OK,108.700,0.44,18059.29996771738
13257,OK,98.900,0.44,13622.800004668534
13258,OK,92.300,0.44,15878.899954259396
13259,OK,87.100,0.44,15803.500020410866
13260,OK,89.300,0.44,15848.80001610145
13261,OK,93.200,0.44,15846.099995542318
13262,OK,89.700,0.44,15850.800031330436
13263,OK,83.100,0.44,15870.90000975877
13264,OK,84.400,0.44,15876.699995715171
13265,OK,83.100,0.44,15843.699977267534
13266,OK,91.300,0.44,19928.000052459538
13267,OK,82.800,0.44,13197.099964600056
13268,OK,103.100,0.44,14503.700018394738
13269,OK,139.200,0.44,15587.000001687557
13270,OK,61.000,0.44,15905.199979897588
13271,OK,65.300,0.44,15948.400017805398
13272,OK,64.300,0.44,15861.399995628744
13273,OK,90.900,0.44,15915.50000011921
13274,OK,62.300,0.44,15896.799974143505
13275,OK,59.300,0.44,15903.000021353364
13276,OK,61.300,0.44,15874.399978201836
13277,OK,56.400,0.44,15923.200000543147
13278,OK,81.900,0.44,15836.700040381402
13279,OK,58.900,0.44,15901.699953246862
13280,OK,76.900,0.44,15902.800019830465
13281,OK,145.600,0.44,15694.300003815442
13282,OK,60.200,0.44,15921.599988359958
13283,OK,76.600,0.44,15860.199986491352
13284,OK,56.600,0.44,15919.299970846623
13285,OK,69.000,0.44,15921.499987598509
13286,OK,54.900,0.44,15912.200033199042
13287,OK,69.700,0.44,15888.300025835633
13288,OK,63.200,0.44,15952.099987771362
13289,OK,62.400,0.44,15856.999962124974
13290,OK,104.200,0.44,15843.600034713745
13291,OK,70.800,0.44,15848.399954847991
13292,OK,62.500,0.44,22266.199986916035
13293,OK,90.000,0.44,14181.000005919486
13294,OK,100.700,0.44,18149.60001502186
13295,OK,90.800,0.44,13184.399984311312
13296,OK,88.100,0.44,11506.20001135394
13297,OK,187.000,0.44,15741.800016257912
13298,OK,79.000,0.44,15896.799974143505
13299,OK,69.700,0.44,15834.00001982227
13300,OK,89.500,0.44,15830.299991648644
13301,OK,82.000,0.44,15778.500004671514
13302,OK,84.500,0.44,15855.500008910894
13303,OK,71.400,0.44,15848.100010771304
13304,OK,164.800,0.44,15827.400027774274
13305,OK,75.300,0.44,15907.000051811337
13306,OK,70.300,0.44,15828.300034627318
13307,OK,88.500,0.44,15872.000018134713
13308,OK,75.000,0.44,15865.999972447753
13309,OK,91.900,0.44,15864.499961026013
13310,OK,84.900,0.44,15853.699995204806
13311,OK,105.600,0.44,15821.500041056424
13312,OK,153.400,0.44,15788.300021085888
13313,OK,71.500,0.44,15840.700012631714
13314,OK,75.700,0.44,15809.899952728301
13315,OK,49.400,0.44,15951.099980156869
13316,OK,44.000,0.44,15859.899984207004
13317,OK,70.700,0.44,15844.399982597679
13318,OK,42.700,0.44,15937.399992253631
13319,OK,90.400,0.44,15796.700026839972
13320,OK,46.600,0.44,15938.299999106675
13321,OK,45.900,0.44,15986.50001687929
13322,OK,51.600,0.44,15916.80001001805
13323,OK,50.100,0.44,15934.300026856363
13324,OK,62.000,0.44,15788.199962116778
13325,OK,68.600,0.44,16005.299985408783
13326,OK,54.500,0.44,15920.099976938218
13327,OK,58.700,0.44,15896.799974143505
13328,OK,104.500,0.44,15729.999984614551
13329,OK,63.000,0.44,15904.700034298003
13330,OK,62.100,0.44,15884.599997662008
13331,OK,76.700,0.44,15975.799993611872
13332,OK,177.000,0.44,15558.100014459342
13333,OK,56.000,0.44,15941.500023473054
13334,OK,65.100,0.44,15870.700008235872
13335,OK,81.900,0.44,15954.100003000349
13336,OK,72.700,0.44,15784.499992150813
13337,OK,90.000,0.44,15876.199991907924
13338,OK,96.800,0.44,15858.100028708577
13339,OK,102.300,0.44,15838.199993595481
13340,OK,95.700,0.44,15852.399985305965
13341,OK,71.400,0.44,16283.999953884631
13342,OK,89.900,0.44,15475.699969101697
13343,OK,93.000,0.44,15845.69999249652
13344,OK,94.600,0.44,15821.399982087314
13345,OK,84.400,0.44,15834.999969229102
13346,OK,93.800,0.44,15873.500029556453
13347,OK,94.700,0.44,15844.19998107478
13348,OK,89.900,0.44,15843.399974983186
13349,OK,89.700,0.44,15868.299989961088
13350,OK,86.400,0.44,15858.699975069612
13351,OK,83.300,0.44,15852.299984544516
13352,OK,96.100,0.44,15873.200027272105
13353,OK,105.800,0.44,15820.699976757169
13354,OK,100.500,0.44,15847.800008486956
13355,OK,85.000,0.44,15882.69998319447
13356,OK,86.400,0.44,15857.699967455119
13357,OK,72.800,0.44,17010.900017339736
13358,OK,89.200,0.44,16298.000002279878
13359,OK,108.400,0.44,17289.599985815585
13360,OK,91.100,0.44,12839.099974371493
13361,OK,82.300,0.44,15803.900023456663
13362,OK,96.500,0.44,15816.09999993816
13363,OK,92.500,0.44,15868.599992245436
13364,OK,105.200,0.44,15825.499955099076
13365,OK,71.600,0.44,15862.600004766136
13366,OK,61.200,0.44,15930.19999563694
13367,OK,83.900,0.44,15842.59996889159
13368,OK,89.600,0.44,15840.599953662604
13369,OK,90.700,0.44,15873.79997363314
13370,OK,98.100,0.44,15787.000011187047
13371,OK,85.400,0.44,15849.000017624348
13372,OK,66.700,0.44,15878.30000789836
13373,OK,63.200,0.44,15873.199969064444
13374,OK,56.000,0.44,15906.400047242641
13375,OK,57.400,0.44,15962.999954354018
13376,OK,61.300,0.44,15909.000008832663
13377,OK,62.400,0.44,15954.200003761798
13378,OK,70.100,0.44,15899.19999241829
13379,OK,63.700,0.44,15799.69999147579
13380,OK,61.300,0.44,15908.00000121817
13381,OK,68.200,0.44,15880.899969488382
13382,OK,62.700,0.44,15913.599985651672
13383,OK,51.300,0.44,15966.799983289093
13384,OK,60.500,0.44,15907.199995126575
13385,OK,110.800,0.44,15824.599948246032
13386,OK,59.100,0.44,15893.400006461889
13387,OK,58.800,0.44,15907.199995126575
13388,OK,62.200,0.44,15901.800012215972
13389,OK,60.300,0.44,15889.099973719567
13390,OK,59.700,0.44,15922.499995213002
13391,OK,78.100,0.44,15833.90001906082
13392,OK,68.900,0.44,15874.399978201836
13393,OK,92.700,0.44,15850.999974645674
13394,OK,103.600,0.44,15828.399977181107
13395,OK,83.600,0.44,15835.899976082146
13396,OK,67.100,0.44,15932.700014673173
13397,OK,47.400,0.44,15873.000025749207
13398,OK,75.500,0.44,15879.899961873889
13399,OK,83.200,0.44,15873.099968302995
13400,OK,78.300,0.44,15889.999980572611
13401,OK,71.800,0.44,15771.900012623519
13402,OK,80.500,0.44,15819.299966096878
13403,OK,66.500,0.44,15886.900015175343
13404,OK,85.500,0.44,15835.999976843596
13405,OK,62.300,0.44,15918.30002143979
13406,OK,80.100,0.44,15875.700046308339
13407,OK,93.300,0.44,15862.00000019744
13408,OK,71.600,0.44,15933.400020003319
13409,OK,62.800,0.44,15838.599996641278
13410,OK,67.600,0.44,15904.200030490756
13411,OK,88.700,0.44,15900.50000231713
13412,OK,68.100,0.44,15853.299992159009
13413,OK,160.500,0.44,15855.200006626546
13414,OK,74.000,0.44,15758.000023197383
13415,OK,107.900,0.44,15968.199993949383
13416,OK,86.800,0.44,15657.000010833144
13417,OK,91.300,0.44,15912.799979560077
13418,OK,107.000,0.44,15724.900003988296
13419,OK,51.700,0.44,15915.50000011921
13420,OK,63.800,0.44,17065.400024876
13421,OK,70.500,0.44,15787.399956025183
13422,OK,86.200,0.44,14804.900041781366
13423,OK,69.600,0.44,15879.600017797202
13424,OK,85.100,0.44,15918.900026008487
13425,OK,61.500,0.44,15867.499983869493
13426,OK,58.100,0.44,15924.600011203438
13427,OK,47.800,0.44,15885.100001469254
13428,OK,69.600,0.44,15920.399979222566
13429,OK,56.600,0.44,15915.900003165007
13430,OK,58.000,0.44,15906.299988273531
13431,OK,59.400,0.44,15927.40003252402
13432,OK,142.600,0.44,15736.899978946894
13433,OK,62.000,0.44,15914.199990220368
13434,OK,82.500,0.44,15814.199985470623
13435,OK,57.400,0.44,15921.599988359958
13436,OK,81.200,0.44,15857.100021094084
13437,OK,60.000,0.44,15907.699998933822
13438,OK,79.000,0.44,15902.500017546117
13439,OK,75.900,0.44,15864.699962548912
13440,OK,60.400,0.44,15910.9000233002
13441,OK,79.500,0.44,15870.700008235872
13442,OK,86.500,0.44,15866.999980062246
13443,OK,88.000,0.44,15848.999959416687
13444,OK,64.700,0.44,15860.699990298599
13445,OK,58.400,0.44,15865.199966356158
13446,OK,75.500,0.44,15896.799974143505
13447,OK,66.700,0.44,15893.400006461889
13448,OK,68.800,0.44,15897.099976427853
13449,OK,77.700,0.44,15908.200002741069
13450,OK,64.600,0.44,15845.199988689274
13451,OK,80.000,0.44,15885.500004515052
13452,OK,67.700,0.44,15874.600037932396
13453,OK,87.200,0.44,15913.399984128773
13454,OK,75.800,0.44,15803.199959918857
13455,OK,56.300,0.44,15895.000018645078
13456,OK,56.800,0.44,15919.299970846623
13457,OK,61.200,0.44,15897.60003844276
13458,OK,58.000,0.44,15853.499993681908
13459,OK,57.700,0.44,15901.500009931624
13460,OK,59.900,0.44,15959.199983626604
13461,OK,70.700,0.44,15777.900000102818
13462,OK,46.600,0.44,16076.699947007
13463,OK,57.000,0.44,15889.399976003915
13464,OK,65.100,0.44,15911.299968138337
13465,OK,66.100,0.44,15876.399993430823
13466,OK,66.800,0.44,15841.800021007657
13467,OK,108.900,0.44,15804.699971340597
13468,OK,60.900,0.44,15899.499994702637
13469,OK,81.300,0.44,15920.700039714575
13470,OK,63.500,0.44,15810.600016266108
13471,OK,63.600,0.44,15945.399994961917
13472,OK,115.800,0.44,15809.800010174513
13473,OK,177.200,0.44,16067.699994891882
13474,OK,76.700,0.44,15496.600011829287
13475,OK,74.100,0.44,15898.199984803796
13476,OK,93.200,0.44,15837.399987503886
13477,OK,80.400,0.44,15923.099999781698
13478,OK,61.800,0.44,15932.200010865927
13479,OK,62.000,0.44,15857.59996669367
13480,OK,81.900,0.44,15872.60002270341
13481,OK,58.100,0.44,15885.500004515052
13482,OK,57.500,0.44,15913.89998793602
13483,OK,54.200,0.44,15910.800022538751
13484,OK,53.000,0.44,15872.40002118051
13485,OK,58.400,0.44,15932.500013150275
13486,OK,54.500,0.44,15903.300023637712
13487,OK,59.000,0.44,15975.699992850423
13488,OK,63.100,0.44,15932.800015434623
13489,OK,192.300,0.44,15600.299986544997
13490,OK,66.800,0.44,15835.099969990551
13491,OK,73.300,0.44,15853.599994443357
13492,OK,92.500,0.44,15894.100011792034
13493,OK,56.900,0.44,15870.500006712973
13494,OK,57.200,0.44,15922.79999749735
13495,OK,60.500,0.44,15873.599972110242
13496,OK,52.500,0.44,15925.79996213317
13497,OK,75.800,0.44,15937.59999377653
13498,OK,63.300,0.44,15847.800008486956
13499,OK,64.100,0.44,15903.70002668351
13500,OK,65.600,0.44,15894.300013314933
13501,OK,72.500,0.44,15738.99999493733
13502,OK,102.200,0.44,15813.499980140477
13503,OK,81.600,0.44,15871.500014327466
13504,OK,71.000,0.44,15916.700009256601
13505,OK,59.800,0.44,15865.700028371066
13506,OK,80.100,0.44,15874.899982009083
13507,OK,62.300,0.44,15915.199997834861
13508,OK,55.300,0.44,15903.800027444959
13509,OK,54.400,0.44,15831.800003070384
13510,OK,53.900,0.44,15936.899988446385
13511,OK,54.900,0.44,15909.29995290935
13512,OK,46.400,0.44,15960.300050210208
13513,OK,48.800,0.44,15867.89998691529
13514,OK,81.000,0.44,15949.599968735129
13515,OK,125.400,0.44,15739.800001028925
13516,OK,63.100,0.44,15891.100047156215
13517,OK,80.700,0.44,15892.900002654642
13518,OK,65.200,0.44,15772.800019476563
13519,OK,66.100,0.44,15923.600003588945
13520,OK,63.100,0.44,15873.499971348792
13521,OK,80.000,0.44,15855.800011195242
13522,OK,67.500,0.44,15883.100044447929
13523,OK,58.000,0.44,15879.8000193201
13524,OK,46.500,0.44,15987.89996933192
13525,OK,151.100,0.44,15748.399950098246
13526,OK,120.200,0.44,15727.700025308877
13527,OK,83.900,0.44,16320.599999744445
13528,OK,109.100,0.44,15404.800011310726
13529,OK,120.800,0.44,16205.499996431172
13530,OK,129.400,0.44,15422.299969941378
13531,OK,104.300,0.44,16157.00003458187
13532,OK,95.400,0.44,15488.8000106439
13533,OK,72.900,0.44,15870.700008235872
13534,OK,77.400,0.44,15842.299966607243
13535,OK,62.200,0.44,15908.500005025417
13536,OK,60.000,0.44,15908.800007309765
13537,OK,83.000,0.44,15871.099953074008
13538,OK,68.100,0.44,15901.300008408725
13539,OK,90.200,0.44,15887.600020505488
13540,OK,168.400,0.44,15709.200000856072
13541,OK,85.800,0.44,15812.099969480187
13542,OK,58.100,0.44,15903.3999661915
13543,OK,71.600,0.44,15864.399960264564
13544,OK,51.800,0.44,15931.000001728535
13545,OK,56.800,0.44,15913.200040813535
13546,OK,83.200,0.44,15886.099950876087
13547,OK,66.900,0.44,15854.60000205785
13548,OK,67.000,0.44,15954.800008330494
13549,OK,93.000,0.44,15816.600003745407
13550,OK,92.500,0.44,15843.199973460287
13551,OK,71.400,0.44,15905.999985989183
13552,OK,92.800,0.44,15838.699997402728
13553,OK,92.600,0.44,15833.200013730675
13554,OK,91.600,0.44,15872.700023464859
13555,OK,104.800,0.44,15862.10000095889
13556,OK,109.800,0.44,15793.700003996491
13557,OK,123.800,0.44,16119.199979584664
13558,OK,95.700,0.44,15523.100038990378
13559,OK,91.700,0.44,15878.50000942126
13560,OK,89.800,0.44,15825.00000949949
13561,OK,101.000,0.44,15882.899984717369
13562,OK,88.700,0.44,18618.599977344275
13563,OK,122.400,0.44,12965.40000475943
13564,OK,87.000,0.44,15907.299995888025
13565,OK,88.600,0.44,15821.300039533526
13566,OK,89.100,0.44,15867.699985392392
13567,OK,98.700,0.44,15843.199973460287
13568,OK,95.000,0.44,15863.000007811934
13569,OK,79.300,0.44,15807.29999113828
13570,OK,134.300,0.44,15801.40000442043
13571,OK,89.400,0.44,19792.90001327172
13572,OK,104.800,0.44,11902.899947017431
13573,OK,102.100,0.44,15846.399997826666
13574,OK,85.600,0.44,15850.999974645674
13575,OK,84.400,0.44,15863.000007811934
13576,OK,84.600,0.44,15834.400022868067
13577,OK,64.500,0.44,15934.60002914071
13578,OK,63.400,0.44,15888.000023551285
13579,OK,84.800,0.44,15849.199960939586
13580,OK,83.900,0.44,15899.499994702637
13581,OK,119.200,0.44,15927.40003252402
13582,OK,162.000,0.44,15559.90002816543
13583,OK,86.900,0.44,15831.099997740239
13584,OK,67.900,0.44,15933.09995951131
13585,OK,73.800,0.44,15883.400046732277
13586,OK,58.600,0.44,15901.600010693073
13587,OK,56.900,0.44,15912.300033960491
13588,OK,77.800,0.44,15865.20002456382
13589,OK,80.400,0.44,15884.599997662008
13590,OK,74.100,0.44,15870.600007474422
13591,OK,59.800,0.44,15890.500042587519
13592,OK,88.100,0.44,15878.50000942126
13593,OK,62.500,0.44,15896.299970336258
13594,OK,62.000,0.44,15837.200044188648
13595,OK,74.700,0.44,15941.599966026843
13596,OK,160.200,0.44,15734.70002040267
13597,OK,61.700,0.44,15848.70001534
13598,OK,57.000,0.44,15892.900002654642
13599,OK,89.500,0.44,15866.599977016449
13600,OK,97.500,0.44,15837.299986742437
13601,OK,84.100,0.44,15741.799958050251
13602,OK,87.000,0.44,16217.300028074533
13603,OK,285.900,0.44,15194.900042843074
13604,OK,84.700,0.44,15808.999945875257
13605,OK,86.700,0.44,15854.900004342198
13606,OK,70.900,0.44,15895.400021690875
13607,OK,99.000,0.44,15874.099975917488
13608,OK,123.600,0.44,15787.300013471395
13609,OK,119.800,0.44,15764.600015245378
13610,OK,65.400,0.44,15880.300023127347
13611,OK,64.300,0.44,15931.70000705868
13612,OK,99.000,0.44,15887.09995849058
13613,OK,71.500,0.44,16126.699978485703
13614,OK,90.900,0.44,15596.69995913282
13615,OK,119.400,0.44,15754.599997308105
13616,OK,81.400,0.44,15871.900017373264
13617,OK,79.000,0.44,15880.500024650246
13618,OK,62.700,0.44,15921.999991405755
13619,OK,81.000,0.44,15851.199976168573
13620,OK,66.300,0.44,15926.999971270561
13621,OK,60.500,0.44,15843.800036236644
13622,OK,71.600,0.44,15892.700001131743
13623,OK,63.100,0.44,16088.999982457608
13624,OK,145.400,0.44,15587.600006256253
13625,OK,93.800,0.44,15831.099997740239
13626,OK,70.800,0.44,15977.60000731796
13627,OK,60.000,0.44,15795.200015418231
13628,OK,79.200,0.44,15936.19998311624
13629,OK,60.200,0.44,15905.199979897588
13630,OK,62.700,0.44,15936.399984639138
13631,OK,60.600,0.44,15886.400011368096
13632,OK,53.300,0.44,15873.000025749207
13633,OK,68.100,0.44,15929.799992591143
13634,OK,140.600,0.44,15724.700002465397
13635,OK,94.600,0.44,15861.899999435991
13636,OK,62.200,0.44,15860.100043937564
13637,OK,58.700,0.44,15897.900040727109
13638,OK,40.400,0.44,15997.399983461946
13639,OK,47.100,0.44,15884.499996900558
13640,OK,76.600,0.44,15956.700022798032
13641,OK,58.000,0.44,15902.999963145703
13642,OK,70.400,0.44,15896.600030828267
13643,OK,58.300,0.44,15877.799945883453
13644,OK,138.500,0.44,15735.99997209385
13645,OK,85.000,0.44,15870.000002905726
13646,OK,76.200,0.44,15923.099999781698
13647,OK,143.200,0.44,15744.499978609383
13648,OK,75.800,0.44,15832.200006116182
13649,OK,63.500,0.44,15851.600037422031
13650,OK,76.200,0.44,16006.099991500378
13651,OK,110.800,0.44,15754.299995023757
13652,OK,106.900,0.44,15715.200046543032
13653,OK,91.900,0.44,15885.70000603795
13654,OK,74.200,0.44,16731.400042772293
13655,OK,86.100,0.44,14948.199968785048
13656,OK,92.100,0.44,15815.399994608015
13657,OK,89.800,0.44,15857.400023378432
13658,OK,80.200,0.44,15872.099960688502
13659,OK,82.700,0.44,17295.900033786893
13660,OK,81.900,0.44,14425.00000121072
13661,OK,86.000,0.44,15843.700035475194
13662,OK,63.100,0.44,15914.299990981817
13663,OK,78.600,0.44,15859.899984207004
13664,OK,100.700,0.44,16138.300008606166
13665,OK,89.900,0.44,15548.499999567866
13666,OK,88.400,0.44,15885.90000756085
13667,OK,88.400,0.44,15825.500013306737
13668,OK,95.900,0.44,15860.4999887757
13669,OK,95.200,0.44,15796.700026839972
13670,OK,81.300,0.44,15874.399978201836
13671,OK,89.800,0.44,15900.200000032783
13672,OK,89.800,0.44,15871.799958404154
13673,OK,104.000,0.44,15776.999993249774
13674,OK,83.400,0.44,15889.900038018823
13675,OK,94.100,0.44,15815.599996130913
13676,OK,84.800,0.44,15872.200019657612
13677,OK,101.200,0.44,16708.799987100065
13678,OK,96.200,0.44,14989.999996032566
13679,OK,110.200,0.44,15795.200015418231
13680,OK,93.900,0.44,15863.200009334832
13681,OK,93.400,0.44,15877.099998760968
13682,OK,61.400,0.44,15849.700022954494
13683,OK,64.900,0.44,15881.000028457493
13684,OK,52.600,0.44,15918.200020678341
13685,OK,85.600,0.44,15902.900020591915
13686,OK,91.200,0.44,15838.799998164177
13687,OK,91.300,0.44,15909.300011117011
13688,OK,138.700,0.44,15883.200045209378
13689,OK,95.500,0.44,15658.100019209087
13690,OK,86.200,0.44,15779.600013047457
13691,OK,45.400,0.44,15935.799980070442
13692,OK,43.200,0.44,15942.199970595539
13693,OK,50.900,0.44,15922.199992928654
13694,OK,51.000,0.44,15928.399981930852
13695,OK,59.800,0.44,15961.40000037849
13696,OK,70.200,0.44,15891.499991994351
13697,OK,56.100,0.44,15932.800015434623
13698,OK,82.300,0.44,15860.899991821498
13699,OK,79.900,0.44,15854.500001296401
13700,OK,55.200,0.44,15913.89998793602
13701,OK,67.100,0.44,15790.599980391562
13702,OK,59.900,0.44,15921.900048851967
13703,OK,81.200,0.44,15868.2000474073
13704,OK,87.300,0.44,15856.900019571185
13705,OK,63.500,0.44,15918.099961709231
13706,OK,78.600,0.44,15900.200000032783
13707,OK,63.800,0.44,15902.800019830465
13708,OK,64.200,0.44,15765.200019814074
13709,OK,75.200,0.44,15965.099970344454
13710,OK,86.200,0.44,15834.500023629516
13711,OK,81.300,0.44,15892.099996563047
13712,OK,82.200,0.44,15879.500017035753
13713,OK,112.500,0.44,16944.79997968301
13714,OK,95.200,0.44,14703.49996816367
13715,OK,85.200,0.44,15812.200028449297
13716,OK,58.300,0.44,15882.79998395592
13717,OK,60.100,0.44,15915.199997834861
13718,OK,56.900,0.44,15872.199961449951
13719,OK,59.700,0.44,15885.300002992153
13720,OK,60.500,0.44,15901.800012215972
13721,OK,58.200,0.44,15858.800034038723
13722,OK,60.700,0.44,15901.400009170175
13723,OK,86.500,0.44,15886.299952398986
13724,OK,77.000,0.44,16008.500009775162
13725,OK,100.500,0.44,15770.700003486127
13726,OK,89.500,0.44,15968.199993949383
13727,OK,252.200,0.44,15485.59998627752
13728,OK,64.700,0.44,15873.600030317903
13729,OK,63.800,0.44,15864.100016187876
13730,OK,63.800,0.44,15921.000041998923
13731,OK,59.500,0.44,15846.499998588115
13732,OK,61.900,0.44,15914.799994789064
13733,OK,60.700,0.44,15884.499996900558
13734,OK,55.100,0.44,15890.899987425655
13735,OK,73.800,0.44,15926.500025670975
13736,OK,63.300,0.44,15853.999997489154
13737,OK,67.300,0.44,15960.200049448758
13738,OK,50.200,0.44,15895.199961960316
13739,OK,42.700,0.44,15931.500005535781
13740,OK,40.600,0.44,15935.199975501746
13741,OK,40.000,0.44,15860.59998953715
13742,OK,50.100,0.44,15956.600022036582
13743,OK,55.500,0.44,15938.299999106675
13744,OK,92.700,0.44,15871.400013566017
13745,OK,64.300,0.44,15785.900002811104
13746,OK,83.600,0.44,15903.000021353364
13747,OK,73.300,0.44,15880.400023888797
13748,OK,92.900,0.44,15858.100028708577
13749,OK,84.200,0.44,15838.39999511838
13750,OK,78.400,0.44,15835.799975320697
13751,OK,62.300,0.44,15908.200002741069
13752,OK,72.800,0.44,15976.19999665767
13753,OK,74.400,0.44,15857.500024139881
13754,OK,90.200,0.44,15823.199995793402
13755,OK,67.900,0.44,15895.099961198866
13756,OK,78.500,0.44,15893.600007984787
13757,OK,57.300,0.44,15900.70000384003
13758,OK,59.500,0.44,15861.699997913092
13759,OK,59.100,0.44,15975.299989804626
13760,OK,62.800,0.44,15832.600009161979
13761,OK,61.900,0.44,15862.300002481788
13762,OK,58.500,0.44,15955.100010614842
13763,OK,64.800,0.44,15870.600007474422
13764,OK,53.800,0.44,15932.899957988411
13765,OK,66.200,0.44,15906.59999055788
13766,OK,53.900,0.44,15943.59998125583
13767,OK,51.800,0.44,15873.90003260225
13768,OK,73.500,0.44,15910.800022538751
13769,OK,68.500,0.44,15867.799986153841
13770,OK,61.000,0.44,15872.200019657612
13771,OK,52.500,0.44,15916.100004687905
13772,OK,58.200,0.44,15932.100010104477
13773,OK,60.300,0.44,15863.200009334832
13774,OK,59.700,0.44,15889.900038018823
13775,OK,77.100,0.44,15871.900017373264
13776,OK,72.300,0.44,15930.19999563694
13777,OK,63.300,0.44,15876.599994953722
13778,OK,93.200,0.44,15858.499973546714
13779,OK,61.100,0.44,15818.800020497292
13780,OK,81.400,0.44,15882.79998395592
13781,OK,82.900,0.44,15862.00000019744
13782,OK,85.100,0.44,15901.700011454523
13783,OK,62.000,0.44,15814.999991562217
13784,OK,87.400,0.44,15891.500050202012
13785,OK,57.300,0.44,15976.299997419119
13786,OK,60.800,0.44,15887.30001822114
13787,OK,60.700,0.44,15914.999996311963
13788,OK,78.900,0.44,15880.099963396788
13789,OK,79.000,0.44,15821.099979802966
13790,OK,95.100,0.44,15926.499967463315
13791,OK,68.300,0.44,15867.699985392392
13792,OK,64.500,0.44,15892.099996563047
13793,OK,63.900,0.44,15903.900028206408
13794,OK,63.900,0.44,15889.999980572611
13795,OK,105.900,0.44,15809.600008651614
13796,OK,79.700,0.44,15928.100037854165
13797,OK,77.200,0.44,15750.200022011995
13798,OK,62.400,0.44,16041.499970015138
13799,OK,115.400,0.44,15647.29999518022
13800,OK,60.400,0.44,15981.199976522475
13801,OK,70.400,0.44,16424.89997902885
13802,OK,117.600,0.44,15102.799981832504
13803,OK,89.700,0.44,15841.100015677512
13804,OK,63.000,0.44,15837.399987503886
13805,OK,53.200,0.44,15942.799975164235
13806,OK,79.100,0.44,15915.50000011921
13807,OK,50.500,0.44,15898.000041488558
13808,OK,55.400,0.44,15895.499964244664
13809,OK,53.300,0.44,15874.299977440387
13810,OK,36.900,0.44,15928.6999842152
13811,OK,51.700,0.44,15965.7999756746
13812,OK,64.100,0.44,15887.100016698241
13813,OK,54.900,0.44,15917.500015348196
13814,OK,58.400,0.44,15900.099999271333
13815,OK,58.000,0.44,15914.299990981817
13816,OK,62.100,0.44,15893.500007223338
13817,OK,72.500,0.44,15884.29999537766
13818,OK,92.800,0.44,15850.799973122776
13819,OK,58.800,0.44,15857.60002490133
13820,OK,62.100,0.44,15945.499995723367
13821,OK,49.000,0.44,15916.100004687905
13822,OK,75.600,0.44,15885.70000603795
13823,OK,61.600,0.44,15877.600002568215
13824,OK,76.300,0.44,15881.19997177273
13825,OK,56.700,0.44,15811.399964150041
13826,OK,102.600,0.44,15871.600015088916
13827,OK,52.100,0.44,15904.900035820901
13828,OK,54.600,0.44,15922.199992928654
13829,OK,62.100,0.44,15919.999976176769
13830,OK,74.500,0.44,15877.600002568215
13831,OK,85.200,0.44,15848.70001534
13832,OK,82.400,0.44,15852.099983021617
13833,OK,62.800,0.44,15869.800001382828
13834,OK,53.500,0.44,15884.799999184906
13835,OK,48.200,0.44,15951.199980918318
13836,OK,96.600,0.44,15885.400003753603
13837,OK,59.500,0.44,15904.800035059452
13838,OK,59.100,0.44,15850.499970838428
13839,OK,76.700,0.44,15820.60003420338
13840,OK,60.500,0.44,15906.999993603677
13841,OK,60.800,0.44,15916.100004687905
13842,OK,86.400,0.44,15841.30001720041
13843,OK,68.000,0.44,15955.599956214428
13844,OK,105.400,0.44,15830.199990887195
13845,OK,85.000,0.44,15856.20001424104
13846,OK,88.600,0.44,15835.300029721111
13847,OK,92.900,0.44,15818.599960766733
13848,OK,94.500,0.44,15790.800040122122
13849,OK,87.700,0.44,15873.90003260225
13850,OK,86.600,0.44,15833.400015253574
13851,OK,63.300,0.44,15924.900013487786
13852,OK,91.000,0.44,15848.59995637089
13853,OK,96.400,0.44,15827.599971089512
13854,OK,68.300,0.44,15857.699967455119
13855,OK,67.000,0.44,15880.800026934594
13856,OK,55.200,0.44,15933.499962557107
13857,OK,54.200,0.44,15899.699996225536
13858,OK,79.800,0.44,15881.000028457493
13859,OK,96.100,0.44,15854.900004342198
13860,OK,104.700,0.44,15831.199998501688
13861,OK,96.000,0.44,15841.500018723309
13862,OK,87.100,0.44,15836.400038097054
13863,OK,62.900,0.44,15917.00001154095
13864,OK,91.800,0.44,15835.199970752
13865,OK,65.000,0.44,17195.39996702224
13866,OK,89.200,0.44,14563.99995367974
13867,OK,87.200,0.44,15844.399982597679
13868,OK,91.600,0.44,15821.699984371662
13869,OK,89.000,0.44,15874.399978201836
13870,OK,110.000,0.44,15853.599994443357
13871,OK,85.200,0.44,15833.399957045913
13872,OK,97.500,0.44,15842.80002862215
13873,OK,100.400,0.44,15844.800043851137
13874,OK,89.600,0.44,15827.699971850961
13875,OK,102.100,0.44,15830.200049094856
13876,OK,90.700,0.44,15832.200006116182
13877,OK,89.700,0.44,15874.899982009083
13878,OK,87.400,0.44,15894.299955107272
13879,OK,85.000,0.44,15864.099957980216
13880,OK,91.100,0.44,15814.299986232072
13881,OK,83.900,0.44,15888.099966105074
13882,OK,77.700,0.44,15846.099995542318
13883,OK,66.700,0.44,15876.79999647662
13884,OK,84.100,0.44,15858.599974308163
13885,OK,65.200,0.44,15933.20001848042
13886,OK,119.900,0.44,15791.099984198809
13887,OK,100.000,0.44,15852.200041990727
13888,OK,105.300,0.44,15845.700050704181
13889,OK,79.800,0.44,15884.699998423457
13890,OK,121.400,0.44,15803.400019649416
13891,OK,96.100,0.44,15764.900017529726
13892,OK,64.500,0.44,15916.600008495152
13893,OK,60.300,0.44,15851.90003970638
13894,OK,58.700,0.44,15911.800030153245
13895,OK,68.000,0.44,15907.399996649474
13896,OK,75.600,0.44,15896.400029305369
13897,OK,60.000,0.44,15856.399957556278
13898,OK,58.500,0.44,16008.500009775162
13899,OK,56.000,0.44,15902.300016023219
13900,OK,52.800,0.44,15805.200033355504
13901,OK,73.400,0.44,15827.200026251376
13902,OK,120.300,0.44,15840.499952901155
13903,OK,106.100,0.44,15800.699999090284
13904,OK,118.000,0.44,15778.400003910065
13905,OK,90.900,0.44,15828.400035388768
13906,OK,88.600,0.44,15861.299994867295
13907,OK,86.200,0.44,15784.99999595806
13908,OK,96.100,0.44,15897.299977950752
13909,OK,87.100,0.44,15877.300000283867
13910,OK,67.800,0.44,15886.000008322299
13911,OK,69.900,0.44,15855.900011956692
13912,OK,89.300,0.44,15826.29996119067
13913,OK,63.400,0.44,16000.100004021078
13914,OK,130.900,0.44,15699.499985203147
13915,OK,92.000,0.44,15832.40000763908
13916,OK,95.600,0.44,15867.799986153841
13917,OK,68.200,0.44,15879.099955782294
13918,OK,65.000,0.44,15862.999949604273
13919,OK,64.400,0.44,15858.499973546714
13920,OK,86.000,0.44,15822.199988178909
13921,OK,89.300,0.44,15850.699972361326
13922,OK,67.500,0.44,16119.999985676259
13923,OK,72.000,0.44,18448.100017849356
13924,OK,130.000,0.44,13478.20000955835
13925,OK,89.100,0.44,15590.90003138408
13926,OK,93.200,0.44,16331.500024534762
13927,OK,115.900,0.44,16747.89999378845
13928,OK,93.100,0.44,15765.600022859871
13929,OK,100.800,0.44,20061.999966856092
13930,OK,102.300,0.44,10217.799979727715
13931,OK,97.700,0.44,16812.900023069233
13932,OK,104.800,0.44,17766.800010576844
13933,OK,114.800,0.44,12888.900004327297
13934,OK,98.000,0.44,15737.799985799938
13935,OK,82.200,0.44,16380.69999171421
13936,OK,124.100,0.44,16827.500017825514
13937,OK,90.600,0.44,16292.200016323477
13938,OK,94.700,0.44,14409.199997317046
13939,OK,93.000,0.44,15752.200037240982
13940,OK,85.800,0.44,17351.799993775785
13941,OK,95.500,0.44,15478.39998966083
13942,OK,95.400,0.44,15982.199984136969
13943,OK,127.000,0.44,16697.199956979603
13944,OK,87.300,0.44,16923.0000465177
13945,OK,96.600,0.44,13131.799991242588
13946,OK,94.800,0.44,14873.90004331246
13947,OK,131.800,0.44,15754.199994262308
13948,OK,90.100,0.44,19694.6999640204
13949,OK,98.800,0.44,13492.300000507385
13950,OK,96.700,0.44,15422.399970702827
13951,OK,106.900,0.44,15846.099995542318
13952,OK,93.200,0.44,18641.899980138987
13953,OK,93.000,0.44,12003.699957858771
13954,OK,99.900,0.44,16382.500005420297
13955,OK,91.300,0.44,15819.20002354309
13956,OK,116.000,0.44,15339.800040237606
13957,OK,105.800,0.44,16566.799953579903
13958,OK,123.100,0.44,15428.00001334399
13959,OK,117.500,0.44,15456.599998287857
13960,OK,111.400,0.44,17060.60004653409
13961,OK,90.300,0.44,14673.200028482825
13962,OK,117.800,0.44,16435.60000229627
13963,OK,102.400,0.44,15863.900014664978
13964,OK,91.800,0.44,16546.59997439012
13965,OK,91.000,0.44,14433.400006964803
13966,OK,110.300,0.44,17368.500004522502
13967,OK,112.400,0.44,14285.69998824969
13968,OK,97.900,0.44,16264.99998383224
13969,OK,109.300,0.44,15732.500003650784
13970,OK,96.500,0.44,15414.800029248
13971,OK,95.800,0.44,18241.80001858622
13972,OK,96.700,0.44,14020.30000463128
13973,OK,93.700,0.44,23689.29999647662
13974,OK,99.300,0.44,19623.500003945082
13975,OK,106.000,0.44,8023.500035051256
13976,OK,97.900,0.44,12806.500017177314
13977,OK,108.900,0.44,19713.00004515797
13978,OK,116.000,0.44,15504.90001682192
13979,OK,116.700,0.44,12677.199963945895
13980,OK,95.900,0.44,16177.199955563992
13981,OK,103.500,0.44,15056.300035212189
13982,OK,121.100,0.44,15454.000036697835
13983,OK,89.000,0.44,15459.499962162226
13984,OK,128.100,0.44,15998.699993360788
13985,OK,114.900,0.44,15629.599976819009
13986,OK,109.200,0.44,24259.199970401824
13987,OK,101.500,0.44,8248.700003605336
13988,OK,100.200,0.44,15994.900022633374
13989,OK,95.600,0.44,16010.4000242427
13990,OK,106.300,0.44,17221.99999494478
13991,OK,93.800,0.44,13437.199988402426
13992,OK,97.100,0.44,16291.100007947534
13993,OK,117.400,0.44,17838.60003342852
13994,OK,96.500,0.44,26337.30001980439
13995,OK,173.000,0.44,24856.89998138696
13996,OK,121.000,0.44,16658.700013067573
13997,OK,94.100,0.44,14029.500016476959
13998,OK,95.900,0.44,17785.700038075447
13999,OK,101.200,0.44,14133.399992715567
14000,OK,88.600,0.44,11589.800007641315
14001,OK,112.300,0.44,11085.30000783503
14002,OK,111.500,0.44,21953.500050585717
14003,OK,110.800,0.44,8875.400002580136
14004,OK,97.800,0.44,15947.79995502904
14005,OK,108.100,0.44,14829.49999626726
14006,OK,104.900,0.44,15317.499986849725
14007,OK,99.300,0.44,15221.700014080852
14008,OK,119.000,0.44,16791.899979580194
14009,OK,110.300,0.44,14141.79999846965
14010,OK,97.800,0.44,17451.399995479733
14011,OK,123.800,0.44,15675.4000345245
14012,OK,110.900,0.44,14049.299992620945
14013,OK,91.600,0.44,17678.29997697845
14014,OK,102.100,0.44,31865.699973423034
14015,OK,89.100,0.44,37834.70002235845
14016,OK,88.600,0.44,15139.099967200309
14017,OK,133.900,0.44,8506.199985276908
14018,OK,119.400,0.44,15817.800012882799
14019,OK,118.400,0.44,19039.399980101734
14020,OK,97.800,0.44,18578.500021249056
14021,OK,100.500,0.44,9887.500025797635
14022,OK,100.600,0.44,33706.50002034381
14023,OK,110.200,0.44,22949.200007133186
14024,OK,92.500,0.44,14507.999992929399
14025,OK,95.700,0.44,18188.0000163801
14026,OK,96.100,0.44,16844.799974933267
14027,OK,90.900,0.44,10574.500018265098
14028,OK,134.100,0.44,17246.600007638335
14029,OK,109.000,0.44,13847.399968653917
14030,OK,100.700,0.44,21300.69996928796
14031,OK,107.100,0.44,26291.00001649931
14032,OK,99.200,0.44,10677.499987650663
14033,OK,104.500,0.44,17196.600034367293
14034,OK,112.600,0.44,16411.89999645576
14035,OK,89.500,0.44,17990.79996999353
14036,OK,84.400,0.44,37599.80003815144
14037,OK,170.100,0.44,33935.500017832965
14038,OK,94.200,0.44,31889.699981547892
14039,OK,95.800,0.44,22544.500010553747
14040,OK,95.200,0.44,16142.499982379377
14041,OK,96.700,0.44,14844.29999254644
14042,OK,92.700,0.44,16769.699985161424
14043,OK,107.300,0.44,16973.700025118887
14044,OK,100.500,0.44,11730.399972293526
14045,OK,100.700,0.44,16801.29999294877
14046,OK,107.300,0.44,30843.199987430125
14047,OK,93.200,0.44,15867.399983108044
14048,OK,97.900,0.44,15826.60002168268
14049,OK,107.000,0.44,15816.800005268306
14050,OK,104.500,0.44,15924.30000891909
14051,OK,145.300,0.44,15639.299992471933
14052,OK,96.700,0.44,15848.900016862899
14053,OK,92.400,0.44,15821.499982848763
14054,OK,65.700,0.44,15905.800042673945
14055,OK,109.300,0.44,15847.600006964058
14056,OK,97.000,0.44,15831.500000786036
14057,OK,88.400,0.44,15800.299996044487
14058,OK,91.400,0.44,15825.00000949949
14059,OK,64.700,0.44,15909.800014924258
14060,OK,80.400,0.44,15905.999985989183
14061,OK,84.000,0.44,15857.80002642423
14062,OK,93.700,0.44,15797.600033693016
14063,OK,70.300,0.44,15949.49996797368
14064,OK,116.100,0.44,15881.50003226474
14065,OK,133.100,0.44,15665.400016587228
14066,OK,101.000,0.44,15800.799999851733
14067,OK,93.400,0.44,15839.100000448525
14068,OK,98.600,0.44,15820.39997447282
14069,OK,85.300,0.44,15901.200007647276
14070,OK,88.200,0.44,15876.599994953722
14071,OK,78.300,0.44,15889.900038018823
14072,OK,91.100,0.44,15886.000008322299
14073,OK,68.900,0.44,15807.800053153187
14074,OK,82.300,0.44,15939.900011289865
14075,OK,88.200,0.44,15843.300032429397
14076,OK,64.900,0.44,15941.399964503944
14077,OK,146.700,0.44,15721.499978099018
14078,OK,113.900,0.44,15771.400008816272
14079,OK,87.100,0.44,15883.400046732277
14080,OK,92.500,0.44,15870.800008997321
14081,OK,79.100,0.44,15848.000010009855
14082,OK,86.700,0.44,15849.499963223934
14083,OK,78.300,0.44,15936.299983877689
14084,OK,88.000,0.44,15793.500002473593
14085,OK,62.100,0.44,15929.199988022447
14086,OK,76.300,0.44,15837.299986742437
14087,OK,86.200,0.44,15843.099972698838
14088,OK,107.500,0.44,15864.199958741665
14089,OK,93.400,0.44,15851.600037422031
14090,OK,95.800,0.44,15818.600018974394
14091,OK,131.600,0.44,15789.900033269078
14092,OK,66.100,0.44,15889.699978288263
14093,OK,85.900,0.44,15831.400000024587
14094,OK,92.700,0.44,15838.199993595481
14095,OK,66.500,0.44,15888.90003040433
14096,OK,109.300,0.44,15847.700007725507
14097,OK,75.400,0.44,15856.000012718141
14098,OK,76.600,0.44,15929.199988022447
14099,OK,94.400,0.44,15835.900034289807
14100,OK,108.000,0.44,15847.100003156811
14101,OK,77.600,0.44,15735.899971332401
14102,OK,65.900,0.44,15874.400036409497
14103,OK,58.600,0.44,15876.199991907924
14104,OK,76.500,0.44,16056.599968578666
14105,OK,144.900,0.44,15622.10003612563
14106,OK,93.300,0.44,15829.799987841398
14107,OK,106.000,0.44,15775.499981828034
14108,OK,101.100,0.44,15791.299985721707
14109,OK,71.400,0.44,15886.400011368096
14110,OK,96.400,0.44,15877.900004852563
14111,OK,82.100,0.44,15817.400009837002
14112,OK,99.300,0.44,15921.39998683706
14113,OK,85.800,0.44,16891.399980522692
14114,OK,87.300,0.44,14738.600002601743
14115,OK,61.300,0.44,15900.300000794232
14116,OK,63.800,0.44,15892.099996563047
14117,OK,86.200,0.44,15858.200029470026
14118,OK,62.100,0.44,15898.200043011457
14119,OK,61.400,0.44,15816.800005268306
14120,OK,58.500,0.44,15920.00003438443
14121,OK,70.800,0.44,15849.699964746833
14122,OK,54.700,0.44,15959.69998743385
14123,OK,58.300,0.44,15913.299983367324
14124,OK,97.400,0.44,15801.900008227676
14125,OK,99.600,0.44,15928.300039377064
14126,OK,65.800,0.44,15943.70004022494
14127,OK,142.900,0.44,15721.099975053221
14128,OK,69.900,0.44,15840.500011108816
14129,OK,107.100,0.44,15827.300027012825
14130,OK,69.300,0.44,15873.599972110242
14131,OK,65.600,0.44,15895.900025498122
14132,OK,83.200,0.44,15840.800013393164
14133,OK,72.700,0.44,15916.200005449355
14134,OK,79.300,0.44,15848.400013055652
14135,OK,69.400,0.44,15882.79998395592
14136,OK,67.600,0.44,15881.600033026189
14137,OK,54.800,0.44,15916.100004687905
14138,OK,70.400,0.44,15933.899965602905
14139,OK,75.900,0.44,15861.599997151643
14140,OK,85.800,0.44,15857.999969739467
14141,OK,87.500,0.44,16008.799953851849
14142,OK,102.600,0.44,15750.000020489097
14143,OK,66.600,0.44,15885.300002992153
14144,OK,80.800,0.44,15871.799958404154
14145,OK,67.000,0.44,15888.000023551285
14146,OK,66.300,0.44,15871.099953074008
14147,OK,87.300,0.44,15878.800011705607
14148,OK,71.500,0.44,15813.899983186275
14149,OK,58.500,0.44,15996.299975086004
14150,OK,104.000,0.44,15782.09997387603
14151,OK,118.600,0.44,15733.20000898093
14152,OK,85.100,0.44,15858.099970500916
14153,OK,90.400,0.44,15804.800030309707
14154,OK,105.500,0.44,15859.30003784597
14155,OK,86.800,0.44,15825.500013306737
14156,OK,90.300,0.44,15821.499982848763
14157,OK,80.800,0.44,15884.39999613911
14158,OK,65.200,0.44,15886.000008322299
14159,OK,65.400,0.44,15877.800004091114
14160,OK,60.500,0.44,15878.999955020845
14161,OK,45.700,0.44,15980.199968907982
14162,OK,55.700,0.44,15917.100012302399
14163,OK,81.900,0.44,15840.399952139705
14164,OK,61.900,0.44,15885.000000707805
14165,OK,79.500,0.44,15858.699975069612
14166,OK,80.900,0.44,15901.400009170175
14167,OK,96.100,0.44,15885.799948591739
14168,OK,66.500,0.44,15870.400005951524
14169,OK,64.600,0.44,15912.800037767738
14170,OK,80.900,0.44,15834.599966183305
14171,OK,59.500,0.44,15918.000019155443
14172,OK,62.600,0.44,15845.69999249652
14173,OK,48.600,0.44,15952.800051309168
14174,OK,74.500,0.44,15879.599959589541
14175,OK,67.000,0.44,15874.0000333637
14176,OK,57.900,0.44,15975.799993611872
14177,OK,75.300,0.44,15864.299959503114
14178,OK,93.200,0.44,15812.99997633323
14179,OK,73.100,0.44,15950.499975588173
14180,OK,56.500,0.44,15920.500038191676
14181,OK,80.300,0.44,15830.99999697879
14182,OK,102.800,0.44,15835.900034289807
14183,OK,90.300,0.44,15864.99996483326
14184,OK,65.800,0.44,15848.59995637089
14185,OK,90.100,0.44,15885.200002230704
14186,OK,86.400,0.44,15916.200005449355
14187,OK,76.700,0.44,15870.500006712973
14188,OK,72.700,0.44,15814.799990039319
14189,OK,60.200,0.44,15928.899985738099
14190,OK,86.000,0.44,15849.699964746833
14191,OK,67.700,0.44,15922.399994451553
14192,OK,76.300,0.44,15948.10001552105
14193,OK,127.200,0.44,15652.799978852272
14194,OK,77.100,0.44,15945.699997246265
14195,OK,60.600,0.44,15956.000017467886
14196,OK,64.200,0.44,15896.299970336258
14197,OK,63.300,0.44,15889.699978288263
14198,OK,65.300,0.44,15896.20002778247
14199,OK,66.000,0.44,15888.59996991232
14200,OK,65.700,0.44,15895.100019406527
14201,OK,89.800,0.44,15722.999989520758
14202,OK,70.700,0.44,15851.999982260168
14203,OK,82.500,0.44,15901.300008408725
14204,OK,116.200,0.44,15718.900016508996
14205,OK,114.200,0.44,15833.300014492124
14206,OK,66.900,0.44,15924.000006634742
14207,OK,59.500,0.44,15883.900050539523
14208,OK,76.900,0.44,15843.799978028983
14209,OK,76.700,0.44,15936.900046654046
14210,OK,62.800,0.44,15897.999983280897
14211,OK,80.500,0.44,15753.099985886365
14212,OK,85.800,0.44,15878.100006375462
14213,OK,64.900,0.44,15899.500052910298
14214,OK,66.500,0.44,15920.499979984015
14215,OK,61.600,0.44,15947.700012475252
14216,OK,126.400,0.44,15688.80002014339
14217,OK,85.900,0.44,15814.59998851642
14218,OK,69.800,0.44,15909.40001187846
14219,OK,76.400,0.44,15907.90000045672
14220,OK,88.600,0.44,15885.8000067994
14221,OK,81.600,0.44,15872.800024226308
14222,OK,65.300,0.44,15904.300031252205
14223,OK,77.000,0.44,15842.300024814904
14224,OK,122.700,0.44,15777.099994011223
14225,OK,88.200,0.44,15858.899976592511
14226,OK,84.100,0.44,15866.299974732101
14227,OK,85.800,0.44,15844.29998183623
14228,OK,66.300,0.44,15864.300017710775
14229,OK,84.800,0.44,15880.399965681136
14230,OK,93.300,0.44,15849.800023715943
14231,OK,96.200,0.44,15853.19999139756
14232,OK,110.800,0.44,15820.000029634684
14233,OK,74.400,0.44,15906.199987512082
14234,OK,78.900,0.44,15843.499975744635
14235,OK,82.800,0.44,15890.599985141307
14236,OK,87.600,0.44,15822.799992747605
14237,OK,75.100,0.44,15927.799977362156
14238,OK,87.100,0.44,15878.50000942126
14239,OK,94.300,0.44,15799.69999147579
14240,OK,86.800,0.44,15842.400025576353
14241,OK,98.600,0.44,15852.400043513626
14242,OK,68.300,0.44,15895.800024736673
14243,OK,111.700,0.44,15798.799984622747
14244,OK,117.900,0.44,15814.400045201182
14245,OK,113.700,0.44,15801.20000289753
14246,OK,113.100,0.44,15795.30001617968
14247,OK,79.700,0.44,15916.000003926456
14248,OK,89.900,0.44,15796.000021509826
14249,OK,90.700,0.44,15854.099998250604
14250,OK,77.200,0.44,16354.00002123788
14251,OK,181.100,0.44,15236.100007314235
14252,OK,91.300,0.44,15829.999989364296
14253,OK,80.400,0.44,15880.799968726933
14254,OK,109.400,0.44,15788.499964401126
14255,OK,67.700,0.44,15891.099988948554
14256,OK,66.700,0.44,15902.800019830465
14257,OK,90.700,0.44,15847.800008486956
14258,OK,65.100,0.44,15957.400028128177
14259,OK,95.500,0.44,15856.10001347959
14260,OK,92.200,0.44,15865.699970163405
14261,OK,79.800,0.44,15785.700001288205
14262,OK,62.000,0.44,15886.699955444783
14263,OK,69.000,0.44,15940.300014335662
14264,OK,56.000,0.44,15943.699982017279
14265,OK,114.800,0.44,15850.699972361326
14266,OK,78.300,0.44,15821.299981325865
14267,OK,59.700,0.44,15927.699976600707
14268,OK,62.700,0.44,15827.500028535724
14269,OK,65.300,0.44,15916.200005449355
14270,OK,59.900,0.44,15864.100016187876
14271,OK,57.900,0.44,15970.600012224168
14272,OK,86.000,0.44,15830.699994694442
14273,OK,81.200,0.44,15914.599993266165
14274,OK,65.000,0.44,15935.100032947958
14275,OK,129.600,0.44,15778.500004671514
14276,OK,82.500,0.44,15849.99996703118
14277,OK,63.500,0.44,15890.09998133406
14278,OK,62.300,0.44,15852.199983783066
14279,OK,56.400,0.44,15920.400037430227
14280,OK,48.200,0.44,15890.29998285696
14281,OK,50.700,0.44,15890.999988187104
14282,OK,82.300,0.44,15915.199997834861
14283,OK,69.200,0.44,15848.000010009855
14284,OK,78.400,0.44,15904.299973044544
14285,OK,74.700,0.44,15873.90003260225
14286,OK,115.000,0.44,15839.80000577867
14287,OK,88.600,0.44,15847.600006964058
14288,OK,75.900,0.44,15878.50000942126
14289,OK,66.700,0.44,15836.200036574155
14290,OK,80.800,0.44,15882.899984717369
14291,OK,84.200,0.44,15898.199984803796
14292,OK,87.200,0.44,15832.000004593283
14293,OK,94.400,0.44,15870.000002905726
14294,OK,89.300,0.44,15893.000003416091
14295,OK,85.500,0.44,15853.19999139756
14296,OK,90.500,0.44,15785.600000526756
14297,OK,65.900,0.44,15885.500004515052
14298,OK,87.400,0.44,15840.600011870265
14299,OK,75.900,0.44,15889.900038018823
14300,OK,61.400,0.44,15923.500002827495
14301,OK,125.100,0.44,15629.799978341907
14302,OK,104.400,0.44,15792.799997143447
14303,OK,106.000,0.44,15843.899978790432
14304,OK,64.200,0.44,15880.100021604449
14305,OK,89.000,0.44,15854.900004342198
14306,OK,61.200,0.44,15944.89999115467
14307,OK,108.000,0.44,15808.099997229874
14308,OK,115.600,0.44,15793.500002473593
14309,OK,63.900,0.44,15893.20000493899
14310,OK,57.400,0.44,15865.999972447753
14311,OK,47.000,0.44,15886.100009083748
14312,OK,43.200,0.44,15979.400021024048
14313,OK,43.900,0.44,15950.79997787252
14314,OK,44.000,0.44,15922.199992928654
14315,OK,47.600,0.44,15929.799992591143
14316,OK,54.600,0.44,15921.599988359958
14317,OK,46.500,0.44,15908.500005025417
14318,OK,41.800,0.44,15931.000001728535
14319,OK,107.400,0.44,15763.900009915233
14320,OK,70.000,0.44,15842.200024053454
14321,OK,55.300,0.44,15965.000027790666
14322,OK,56.800,0.44,15868.399990722537
14323,OK,55.500,0.44,15874.899982009083
14324,OK,65.800,0.44,16054.70001231879
14325,OK,182.400,0.44,15627.800021320581
14326,OK,128.500,0.44,15639.199991710484
14327,OK,87.700,0.44,15826.400020159781
14328,OK,58.200,0.44,15987.300022970885
14329,OK,92.700,0.44,15812.399971764535
14330,OK,64.800,0.44,15833.90001906082
14331,OK,54.900,0.44,15937.59999377653
14332,OK,78.400,0.44,15884.799999184906
14333,OK,77.000,0.44,15828.799980226904
14334,OK,61.900,0.44,15951.599983964115
14335,OK,65.700,0.44,15924.800012726337
14336,OK,61.100,0.44,15816.700004506856
14337,OK,62.000,0.44,15864.100016187876
14338,OK,56.600,0.44,15900.50000231713
14339,OK,96.200,0.44,15886.900015175343
14340,OK,107.000,0.44,15829.50004376471
14341,OK,99.100,0.44,15905.399981420487
14342,OK,65.300,0.44,15775.399981066585
14343,OK,74.000,0.44,15903.099963907152
14344,OK,69.900,0.44,15845.599991735071
14345,OK,61.400,0.44,16034.199972636998
14346,OK,66.100,0.44,15782.499976921827
14347,OK,77.300,0.44,15827.400027774274
14348,OK,71.900,0.44,15875.599987339228
14349,OK,76.600,0.44,15923.700004350394
14350,OK,67.400,0.44,15885.90000756085
14351,OK,91.500,0.44,15855.100005865097
14352,OK,97.700,0.44,15839.90000654012
14353,OK,105.000,0.44,15812.200028449297
14354,OK,87.500,0.44,15855.99995451048
14355,OK,92.100,0.44,15877.400001045316
14356,OK,96.700,0.44,15846.599999349564
14357,OK,88.500,0.44,15887.299960013479
14358,OK,94.200,0.44,16120.599990244955
14359,OK,88.800,0.44,16115.5000096187
14360,OK,94.300,0.44,15284.2000243254
14361,OK,95.300,0.44,15828.799980226904
14362,OK,91.700,0.44,15860.199986491352
14363,OK,89.300,0.44,15849.000017624348
14364,OK,83.400,0.44,15877.500001806766
14365,OK,83.800,0.44,15847.400005441159
14366,OK,95.200,0.44,15975.899994373322
14367,OK,97.900,0.44,15689.100022427738
14368,OK,107.600,0.44,15847.600006964058
14369,OK,95.500,0.44,15856.400015763938
14370,OK,116.600,0.44,15838.799998164177
14371,OK,86.900,0.44,17663.099977653474
14372,OK,88.700,0.44,14009.500038810074
14373,OK,92.400,0.44,19884.300010744482
14374,OK,96.400,0.44,11803.500005044043
14375,OK,87.500,0.44,15854.500001296401
14376,OK,90.100,0.44,15858.799975831062
14377,OK,92.100,0.44,15836.69998217374
14378,OK,99.400,0.44,15831.199998501688
14379,OK,96.100,0.44,15917.900018393993
14380,OK,110.700,0.44,15808.500000275671
14381,OK,110.200,0.44,15781.000023707747
14382,OK,104.700,0.44,15919.89997541532
14383,OK,132.400,0.44,15781.099966261536
14384,OK,179.700,0.44,15632.800001185387
14385,OK,90.500,0.44,15843.999979551882
14386,OK,90.800,0.44,15869.099996052682
14387,OK,90.100,0.44,15859.000035561621
14388,OK,85.800,0.44,16099.300002679229
14389,OK,82.400,0.44,15627.500019036233
14390,OK,68.200,0.44,15875.799988862127
14391,OK,64.800,0.44,15903.60002592206
14392,OK,85.700,0.44,15855.799952987581
14393,OK,90.900,0.44,15821.99998665601
14394,OK,68.300,0.44,15910.099959000945
14395,OK,105.300,0.44,15794.500010088086
14396,OK,179.000,0.44,15981.399978045374
14397,OK,95.100,0.44,16287.599981296808
14398,OK,120.500,0.44,15175.200009252876
14399,OK,69.700,0.44,15805.59997819364
14400,OK,77.000,0.44,16078.900021966547
14401,OK,170.800,0.44,15298.000012990087
14402,OK,94.300,0.44,15901.200007647276
14403,OK,103.500,0.44,15710.000006947666
14404,OK,104.500,0.44,15821.000037249178
14405,OK,102.500,0.44,15833.600016776472
14406,OK,70.900,0.44,15883.299987763166
14407,OK,96.100,0.44,15854.500001296401
14408,OK,87.100,0.44,15867.000038269907
14409,OK,92.700,0.44,15860.100043937564
14410,OK,104.700,0.44,15833.500016015023
14411,OK,114.900,0.44,15811.8000254035
14412,OK,83.900,0.44,15935.699979308993
14413,OK,116.100,0.44,15747.90000449866
14414,OK,99.500,0.44,15846.199996303767
14415,OK,76.300,0.44,15830.699994694442
14416,OK,69.400,0.44,15892.600000370294
14417,OK,75.500,0.44,15872.60002270341
14418,OK,88.300,0.44,15837.399987503886
14419,OK,84.200,0.44,15893.500007223338
14420,OK,63.700,0.44,15911.800030153245
14421,OK,107.000,0.44,15822.20004638657
14422,OK,97.200,0.44,15844.29998183623
14423,OK,105.000,0.44,15823.199995793402
14424,OK,100.600,0.44,15857.000020332634
14425,OK,65.700,0.44,15865.799970924854
14426,OK,67.100,0.44,15897.500037681311
14427,OK,86.600,0.44,15842.300024814904
14428,OK,84.000,0.44,15855.000005103648
14429,OK,80.000,0.44,15866.400033701211
14430,OK,73.300,0.44,15872.699965257198
14431,OK,85.200,0.44,15863.100008573383
14432,OK,85.800,0.44,15935.799980070442
14433,OK,76.200,0.44,15793.200000189245
14434,OK,65.000,0.44,15866.599977016449
14435,OK,79.800,0.44,15877.800004091114
14436,OK,88.400,0.44,15827.700030058622
14437,OK,64.300,0.44,15908.900008071214
14438,OK,70.500,0.44,15912.699978798628
14439,OK,95.800,0.44,15845.199988689274
14440,OK,118.900,0.44,15843.299974221736
14441,OK,98.800,0.44,15808.500000275671
14442,OK,117.100,0.44,15778.000000864267
14443,OK,80.900,0.44,15917.600016109645
14444,OK,98.800,0.44,15829.199983272702
14445,OK,61.000,0.44,15865.400026086718
14446,OK,61.100,0.44,15906.099986750633
14447,OK,80.100,0.44,15981.800039298832
14448,OK,90.800,0.44,15686.600003391504
14449,OK,91.800,0.44,15852.400043513626
14450,OK,53.300,0.44,15864.000015426427
14451,OK,61.400,0.44,15905.899985227734
14452,OK,93.600,0.44,15874.899982009083
14453,OK,81.800,0.44,15874.600037932396
14454,OK,92.100,0.44,15897.69998099655
14455,OK,120.700,0.44,15753.299987409264
14456,OK,74.700,0.44,15920.099976938218
14457,OK,77.000,0.44,15822.499990463257
14458,OK,87.800,0.44,15896.199969574809
14459,OK,162.100,0.44,15822.600049432367
14460,OK,131.000,0.44,15691.999986302108
14461,OK,93.200,0.44,15811.899967957288
14462,OK,74.100,0.44,15898.799989372492
14463,OK,110.900,0.44,15823.5999988392
14464,OK,94.300,0.44,15895.100019406527
14465,OK,94.400,0.44,15812.600031495094
14466,OK,104.600,0.44,15808.199997991323
14467,OK,99.000,0.44,15816.500002983958
14468,OK,101.800,0.44,15859.599981922656
14469,OK,101.900,0.44,15783.799986820668
14470,OK,78.000,0.44,15874.499978963286
14471,OK,95.100,0.44,15807.599993422627
14472,OK,60.900,0.44,15902.899962384254
14473,OK,72.100,0.44,15890.40004182607
14474,OK,63.900,0.44,15916.200005449355
14475,OK,96.700,0.44,15844.700043089688
14476,OK,63.200,0.44,15892.600000370294
14477,OK,65.800,0.44,15917.199954856187
14478,OK,116.500,0.44,15822.10004562512
14479,OK,95.000,0.44,15847.30000467971
14480,OK,85.500,0.44,15821.900044102222
14481,OK,59.900,0.44,15891.399991232902
14482,OK,97.800,0.44,15933.299961034209
14483,OK,108.400,0.44,15787.600015755743
14484,OK,61.400,0.44,15872.699965257198
14485,OK,74.700,0.44,15847.700007725507
14486,OK,65.600,0.44,15921.29998607561
14487,OK,91.200,0.44,15843.299974221736
14488,OK,74.100,0.44,15899.599995464087
14489,OK,92.300,0.44,15850.600029807538
14490,OK,107.200,0.44,15842.200024053454
14491,OK,150.200,0.44,15725.100005511194
14492,OK,108.200,0.44,15853.399992920458
14493,OK,108.400,0.44,15829.199983272702
14494,OK,84.900,0.44,15888.400026597083
14495,OK,88.400,0.44,15841.200016438961
14496,OK,82.400,0.44,15871.900017373264
14497,OK,83.200,0.44,15857.300022616982
14498,OK,65.200,0.44,15926.800027955323
14499,OK,94.100,0.44,15847.20000391826
14500,OK,93.000,0.44,15818.400017451495
14501,OK,97.200,0.44,15551.699965726584
14502,OK,61.900,0.44,42320.8000138402
14503,OK,89.900,0.44,51745.40000734851
14504,OK,101.000,0.44,2497.5999840535223
14505,OK,86.600,0.44,22463.600034825504
14506,OK,94.600,0.44,25302.59999912232
14507,OK,72.400,0.44,15849.500021431595
14508,OK,95.700,0.44,15823.199995793402
14509,OK,95.300,0.44,15832.100005354732
14510,OK,86.200,0.44,15870.299946982414
14511,OK,94.100,0.44,15835.50003124401
14512,OK,68.000,0.44,15897.49997947365
14513,OK,84.800,0.44,15876.399993430823
14514,OK,90.800,0.44,15885.200002230704
14515,OK,100.800,0.44,15818.599960766733
14516,OK,71.800,0.44,15865.800029132515
14517,OK,105.300,0.44,15818.000014405698
14518,OK,61.900,0.44,15915.099997073412
14519,OK,83.400,0.44,15841.500018723309
14520,OK,76.800,0.44,15789.49997201562
14521,OK,66.200,0.44,15919.599973130971
14522,OK,85.200,0.44,15843.299974221736
14523,OK,90.900,0.44,15875.199984293431
14524,OK,90.700,0.44,15859.199978876859
14525,OK,92.700,0.44,15847.100003156811
14526,OK,73.200,0.44,15858.200029470026
14527,OK,94.000,0.44,15885.899949353188
14528,OK,94.400,0.44,15795.499959494919
14529,OK,69.100,0.44,15879.500017035753
14530,OK,87.000,0.44,15874.199976678938
14531,OK,105.100,0.44,15848.70001534
14532,OK,101.200,0.44,15787.79995907098
14533,OK,95.100,0.44,15852.099983021617
14534,OK,94.900,0.44,15858.599974308163
14535,OK,87.100,0.44,15846.900001633912
14536,OK,66.400,0.44,15888.299967627972
14537,OK,64.200,0.44,15923.900005873293
14538,OK,62.900,0.44,15867.599984630942
14539,OK,75.700,0.44,15859.299979638308
14540,OK,78.700,0.44,15839.200001209974
14541,OK,77.300,0.44,15875.099983531982
14542,OK,56.700,0.44,15961.700002662838
14543,OK,92.800,0.44,15840.500011108816
14544,OK,74.200,0.44,15891.999995801598
14545,OK,125.500,0.44,15748.300007544458
14546,OK,102.700,0.44,15856.20001424104
14547,OK,91.400,0.44,15839.400002732873
14548,OK,97.200,0.44,15822.199988178909
14549,OK,85.000,0.44,15873.300028033555
14550,OK,72.400,0.44,15880.000020843
14551,OK,88.300,0.44,15866.70003598556
14552,OK,69.400,0.44,16801.29999294877
14553,OK,99.600,0.44,14929.700002539903
14554,OK,87.600,0.44,15842.399967368692
14555,OK,96.400,0.44,15876.299992669374
14556,OK,198.800,0.44,15671.600005589426
14557,OK,113.700,0.44,15814.199985470623
14558,OK,111.500,0.44,15860.099985729903
14559,OK,101.700,0.44,15785.299998242408
14560,OK,102.700,0.44,15864.600019995123
14561,OK,105.600,0.44,15802.500012796372
14562,OK,107.500,0.44,15839.80000577867
14563,OK,95.700,0.44,15809.100004844368
14564,OK,95.200,0.44,15843.299974221736
14565,OK,83.700,0.44,15885.600005276501
14566,OK,79.700,0.44,15837.199985980988
14567,OK,90.500,0.44,15868.699993006885
14568,OK,85.600,0.44,15866.299974732101
14569,OK,91.000,0.44,15849.200019147247
14570,OK,93.300,0.44,15867.599984630942
14571,OK,94.300,0.44,15881.399973295629
14572,OK,118.800,0.44,15845.099987927824
14573,OK,120.000,0.44,15732.700005173683
14574,OK,130.900,0.44,15770.30000044033
14575,OK,155.000,0.44,15703.799959737808
14576,OK,71.900,0.44,15913.399984128773
14577,OK,108.000,0.44,15834.099962376058
14578,OK,129.400,0.44,15763.900009915233
14579,OK,102.200,0.44,15849.500021431595
14580,OK,79.500,0.44,15841.999964322895
14581,OK,91.000,0.44,15827.399969566613
14582,OK,93.000,0.44,15855.300007387996
14583,OK,94.800,0.44,15847.30000467971
14584,OK,91.100,0.44,15809.900010935962
14585,OK,121.400,0.44,15838.599996641278
14586,OK,101.900,0.44,15872.40002118051
14587,OK,89.600,0.44,17783.79996540025
14588,OK,102.100,0.44,13833.499979227781
14589,OK,90.100,0.44,15843.299974221736
14590,OK,90.000,0.44,15849.699964746833
14591,OK,98.700,0.44,15889.999980572611
14592,OK,101.300,0.44,15797.100029885769
14593,OK,91.200,0.44,15883.00004368648
14594,OK,94.700,0.44,15821.699984371662
14595,OK,98.600,0.44,15833.200013730675
14596,OK,94.100,0.44,15823.199995793402
14597,OK,94.800,0.44,15840.500011108816
14598,OK,103.900,0.44,15858.600032515824
14599,OK,104.900,0.44,15835.300029721111
14600,OK,103.300,0.44,15808.70000179857
14601,OK,113.000,0.44,19091.80002985522
14602,OK,100.300,0.44,11859.899968840182
14603,OK,102.600,0.44,15838.29999435693
14604,OK,92.900,0.44,15872.100018896163
14605,OK,95.500,0.44,15823.299996554852
14606,OK,87.200,0.44,15861.499996390194
14607,OK,88.600,0.44,15862.900007050484
14608,OK,88.200,0.44,15852.799988351762
14609,OK,86.700,0.44,15846.700000111014
14610,OK,91.100,0.44,15843.299974221736
14611,OK,90.100,0.44,15884.899999946356
14612,OK,112.900,0.44,15805.300034116954
14613,OK,108.000,0.44,15826.100017875433
14614,OK,108.100,0.44,15846.800000872463
14615,OK,89.400,0.44,15820.39997447282
14616,OK,91.300,0.44,15871.800016611814
14617,OK,94.600,0.44,15829.799987841398
14618,OK,94.000,0.44,15815.199993085116
14619,OK,118.000,0.44,15843.399974983186
14620,OK,96.300,0.44,15839.90000654012
14621,OK,115.000,0.44,16248.200030531734
14622,OK,99.600,0.44,15778.200002387166
14623,OK,92.600,0.44,15498.600027058274
14624,OK,116.200,0.44,15906.299988273531
14625,OK,204.000,0.44,15551.300020888448
14626,OK,102.200,0.44,15821.600041817874
14627,OK,104.800,0.44,15819.499967619777
14628,OK,87.800,0.44,15891.7999942787
14629,OK,84.400,0.44,15842.499968130141
14630,OK,67.500,0.44,15893.700008746237
14631,OK,69.700,0.44,15859.30003784597
14632,OK,88.600,0.44,15860.099985729903
14633,OK,92.900,0.44,15845.299989450723
14634,OK,69.800,0.44,15883.799991570413
14635,OK,104.000,0.44,15797.499974723905
14636,OK,89.400,0.44,15866.100031416863
14637,OK,69.700,0.44,16055.499960202724
14638,OK,88.600,0.44,15740.50000635907
14639,OK,144.200,0.44,15678.700001444668
14640,OK,71.600,0.44,15876.699995715171
14641,OK,89.100,0.44,15887.000015936792
14642,OK,104.000,0.44,15830.89999621734
14643,OK,86.400,0.44,15883.899992331862
14644,OK,61.900,0.44,15829.699987079948
14645,OK,57.100,0.44,15968.099993187934
14646,OK,78.200,0.44,15832.800010684878
14647,OK,81.600,0.44,15896.799974143505
14648,OK,89.000,0.44,15871.200012043118
14649,OK,135.700,0.44,15851.000032853335
14650,OK,172.400,0.44,15655.399998649955
14651,OK,92.900,0.44,15841.700020246208
14652,OK,93.700,0.44,15859.399980399758
14653,OK,92.900,0.44,15857.000020332634
14654,OK,82.200,0.44,15840.000007301569
14655,OK,82.600,0.44,15900.70000384003
14656,OK,91.100,0.44,15821.99998665601
14657,OK,86.300,0.44,15813.600039109588
14658,OK,83.300,0.44,15885.70000603795
14659,OK,70.400,0.44,15845.599991735071
14660,OK,64.400,0.44,15942.599973641336
14661,OK,101.300,0.44,15792.599995620549
14662,OK,92.900,0.44,15849.100018385798
14663,OK,90.700,0.44,15881.399973295629
14664,OK,69.600,0.44,15843.300032429397
14665,OK,81.000,0.44,15883.699990808964
14666,OK,86.700,0.44,15862.10000095889
14667,OK,129.000,0.44,15829.899988602847
14668,OK,103.100,0.44,15816.500002983958
14669,OK,96.800,0.44,15901.700011454523
14670,OK,114.400,0.44,15740.899951197207
14671,OK,91.600,0.44,15832.40000763908
14672,OK,86.300,0.44,15882.69998319447
14673,OK,85.300,0.44,15863.200009334832
14674,OK,102.600,0.44,15885.90000756085
14675,OK,111.900,0.44,15709.40000237897
14676,OK,88.800,0.44,15905.199979897588
14677,OK,69.200,0.44,15855.200006626546
14678,OK,85.500,0.44,15906.999993603677
14679,OK,166.500,0.44,15688.300016336143
14680,OK,87.300,0.44,15916.500007733703
14681,OK,112.900,0.44,15779.400011524558
14682,OK,100.400,0.44,15864.000015426427
14683,OK,107.100,0.44,15837.499988265336
14684,OK,68.100,0.44,15910.299960523844
14685,OK,66.300,0.44,15791.599988006055
14686,OK,76.000,0.44,15922.8999982588
14687,OK,50.500,0.44,15930.800000205636
14688,OK,49.000,0.44,15945.499995723367
14689,OK,62.400,0.44,15856.800018809736
14690,OK,58.000,0.44,15941.799967549741
14691,OK,58.300,0.44,15919.100027531385
14692,OK,59.600,0.44,15841.900021769106
14693,OK,50.700,0.44,15894.500014837831
14694,OK,43.800,0.44,15921.29998607561
14695,OK,43.100,0.44,16061.800008174032
14696,OK,159.800,0.44,15633.90000956133
14697,OK,71.300,0.44,15902.300016023219
14698,OK,107.600,0.44,15905.199979897588
14699,OK,194.400,0.44,15542.900015134364
14700,OK,69.900,0.44,15882.599982433021
14701,OK,67.000,0.44,15814.49998775497
14702,OK,76.100,0.44,15881.600033026189
14703,OK,66.500,0.44,15886.700013652444
14704,OK,79.000,0.44,15853.999997489154
14705,OK,65.000,0.44,15930.599998682737
14706,OK,90.600,0.44,15841.900021769106
14707,OK,79.100,0.44,15856.199956033379
14708,OK,68.300,0.44,15862.800006289035
14709,OK,91.900,0.44,15909.200010355562
14710,OK,123.400,0.44,15753.299987409264
14711,OK,79.100,0.44,15904.799976851791
14712,OK,64.900,0.44,15874.299977440387
14713,OK,89.600,0.44,15852.899989113212
14714,OK,79.100,0.44,15871.500014327466
14715,OK,76.600,0.44,15867.699985392392
14716,OK,75.700,0.44,15867.599984630942
14717,OK,64.300,0.44,15887.000015936792
14718,OK,65.800,0.44,15893.30000570044
14719,OK,62.000,0.44,15860.399988014251
14720,OK,61.800,0.44,15864.000015426427
14721,OK,94.000,0.44,15890.399983618408
14722,OK,111.000,0.44,15812.000026926398
14723,OK,58.700,0.44,15823.299996554852
14724,OK,93.900,0.44,15857.300022616982
14725,OK,90.800,0.44,15953.199996147305
14726,OK,64.100,0.44,15868.299989961088
14727,OK,89.000,0.44,15851.999982260168
14728,OK,89.800,0.44,15806.200040969998
14729,OK,62.300,0.44,15920.100035145879
14730,OK,76.100,0.44,15865.20002456382
14731,OK,82.500,0.44,15876.099991146475
14732,OK,84.700,0.44,15838.39999511838
14733,OK,62.300,0.44,15946.50000333786
14734,OK,85.600,0.44,15832.200006116182
14735,OK,64.000,0.44,15927.599975839257
14736,OK,114.300,0.44,15815.399994608015
14737,OK,107.300,0.44,15840.000007301569
14738,OK,91.900,0.44,15833.599958568811
14739,OK,87.200,0.44,15849.500021431595
14740,OK,86.700,0.44,15820.799977518618
14741,OK,90.000,0.44,15842.999971937388
14742,OK,86.100,0.44,15866.199973970652
14743,OK,83.000,0.44,15892.300056293607
14744,OK,85.000,0.44,15837.499988265336
14745,OK,84.900,0.44,15905.499982181937
14746,OK,63.600,0.44,15882.199979387224
14747,OK,57.200,0.44,15847.400005441159
14748,OK,70.600,0.44,15938.900003675371
14749,OK,80.200,0.44,15862.700005527586
14750,OK,89.100,0.44,15853.09999063611
14751,OK,108.300,0.44,15841.29995899275
14752,OK,100.900,0.44,15855.700010433793
14753,OK,101.700,0.44,15869.199996814132
14754,OK,70.500,0.44,15861.499996390194
14755,OK,61.000,0.44,15895.99996805191
14756,OK,58.400,0.44,15922.999999020249
14757,OK,62.700,0.44,15884.899999946356
14758,OK,64.000,0.44,15887.999965343624
14759,OK,66.700,0.44,15908.10000197962
14760,OK,104.700,0.44,15901.900012977421
14761,OK,99.600,0.44,15973.000030498952
14762,OK,89.900,0.44,15666.900028008968
14763,OK,100.600,0.44,15823.099995031953
14764,OK,109.600,0.44,15841.899963561445
14765,OK,83.600,0.44,15827.99997413531
14766,OK,82.900,0.44,15896.299970336258
14767,OK,108.500,0.44,15753.299987409264
14768,OK,59.700,0.44,15894.500014837831
14769,OK,58.300,0.44,15918.200020678341
14770,OK,52.100,0.44,15891.299990471452
14771,OK,83.800,0.44,15822.899993509054
14772,OK,58.500,0.44,15986.699960194528
14773,OK,60.600,0.44,15912.099974229932
14774,OK,64.000,0.44,15914.800052996725
14775,OK,87.200,0.44,15774.299972690642
14776,OK,84.000,0.44,16028.699988964945
14777,OK,128.400,0.44,15674.499969463795
14778,OK,99.800,0.44,15811.600023880601
14779,OK,69.100,0.44,15831.900003831834
14780,OK,84.200,0.44,15886.200009845197
14781,OK,86.400,0.44,15859.299979638308
14782,OK,70.400,0.44,15899.699996225536
14783,OK,76.000,0.44,15836.700040381402
14784,OK,55.600,0.44,15927.399974316359
14785,OK,75.700,0.44,15873.100026510656
14786,OK,74.100,0.44,15857.70002566278
14787,OK,83.700,0.44,15806.799987331033
14788,OK,49.400,0.44,15968.69999775663
14789,OK,61.200,0.44,15898.799989372492
14790,OK,59.800,0.44,15897.899982519448
14791,OK,76.300,0.44,15916.100004687905
14792,OK,67.500,0.44,15840.300009585917
14793,OK,63.000,0.44,15930.599998682737
14794,OK,61.700,0.44,15880.899969488382
14795,OK,82.000,0.44,15901.600010693073
14796,OK,56.700,0.44,15908.400004263967
14797,OK,56.300,0.44,15902.10001450032
14798,OK,56.500,0.44,15855.100005865097
14799,OK,52.900,0.44,15909.29995290935
14800,OK,50.500,0.44,15919.099969323725
14801,OK,81.100,0.44,15713.199973106384
14802,OK,48.800,0.44,15945.299994200468
14803,OK,44.600,0.44,15920.800040476024
14804,OK,57.100,0.44,15944.99999191612
14805,OK,60.900,0.44,15901.900012977421
14806,OK,60.800,0.44,15872.900024987757
14807,OK,62.200,0.44,15906.49998979643
14808,OK,65.900,0.44,15853.999997489154
14809,OK,52.700,0.44,16082.79999345541
14810,OK,162.200,0.44,15637.399978004396
14811,OK,64.900,0.44,15858.900034800172
14812,OK,85.500,0.44,15874.499978963286
14813,OK,66.500,0.44,15808.399999514222
14814,OK,63.400,0.44,15929.800050798804
14815,OK,94.100,0.44,15873.400028795004
14816,OK,61.800,0.44,15885.400003753603
14817,OK,64.500,0.44,15926.100022625178
14818,OK,68.500,0.44,15859.299979638308
14819,OK,60.200,0.44,15891.399991232902
14820,OK,90.400,0.44,15896.700031589717
14821,OK,124.800,0.44,15808.500000275671
14822,OK,81.100,0.44,15867.699985392392
14823,OK,60.300,0.44,15920.799982268363
14824,OK,72.100,0.44,15886.400011368096
14825,OK,82.800,0.44,15860.399988014251
14826,OK,50.700,0.44,15926.699968986213
14827,OK,75.300,0.44,15929.299988783896
14828,OK,74.100,0.44,15843.900036998093
14829,OK,81.000,0.44,15893.400006461889
14830,OK,66.300,0.44,15846.900001633912
14831,OK,98.400,0.44,15846.399997826666
14832,OK,130.100,0.44,15863.800013903528
14833,OK,64.300,0.44,15851.199976168573
14834,OK,85.400,0.44,15866.999980062246
14835,OK,67.800,0.44,15939.399949274957
14836,OK,64.600,0.44,15860.299987252802
14837,OK,58.400,0.44,15877.900004852563
14838,OK,104.400,0.44,15791.399986483157
14839,OK,62.000,0.44,15908.600005786866
14840,OK,56.700,0.44,15921.39998683706
14841,OK,59.100,0.44,15926.400024909526
14842,OK,59.600,0.44,15900.099999271333
14843,OK,59.500,0.44,15840.999956708401
14844,OK,73.300,0.44,15917.800017632544
14845,OK,58.700,0.44,15924.40000968054
14846,OK,87.300,0.44,15856.600017286837
14847,OK,73.200,0.44,15866.199973970652
14848,OK,73.700,0.44,15893.400006461889
14849,OK,78.800,0.44,15787.299955263734
14850,OK,74.400,0.44,15904.299973044544
14851,OK,64.000,0.44,15834.699966944754
14852,OK,81.100,0.44,15882.499981671572
14853,OK,75.000,0.44,15924.20000815764
14854,OK,56.000,0.44,15925.90002110228
14855,OK,124.000,0.44,16177.7000175789
14856,OK,73.700,0.44,15532.599994912744
14857,OK,109.600,0.44,15788.600023370236
14858,OK,91.500,0.44,15805.69997895509
14859,OK,99.600,0.44,15842.199965845793
14860,OK,115.600,0.44,15782.500035129488
14861,OK,95.800,0.44,15766.400028951466
14862,OK,82.900,0.44,15907.699998933822
14863,OK,59.000,0.44,15856.899961363524
14864,OK,58.600,0.44,15934.199967887253
14865,OK,79.000,0.44,15814.70004748553
14866,OK,68.600,0.44,15919.89997541532
14867,OK,84.000,0.44,15888.300025835633
14868,OK,61.100,0.44,15829.699987079948
14869,OK,80.400,0.44,15836.500038858503
14870,OK,75.400,0.44,15947.800013236701
14871,OK,74.700,0.44,15864.699962548912
14872,OK,71.300,0.44,15844.900044612586
14873,OK,95.200,0.44,15839.200001209974
14874,OK,78.100,0.44,15931.400004774332
14875,OK,85.700,0.44,15842.400025576353
14876,OK,58.800,0.44,15887.800022028387
14877,OK,49.500,0.44,15914.699994027615
14878,OK,65.100,0.44,15921.39998683706
14879,OK,59.400,0.44,15904.100029729307
14880,OK,117.300,0.44,15789.60003098473
14881,OK,52.300,0.44,15847.30000467971
14882,OK,57.800,0.44,16003.999975509942
14883,OK,60.500,0.44,15901.199949439615
14884,OK,62.600,0.44,15895.300020929426
14885,OK,74.200,0.44,15828.899980988353
14886,OK,62.100,0.44,15902.300016023219
14887,OK,77.600,0.44,15906.299988273531
14888,OK,84.100,0.44,15810.700017027557
14889,OK,106.000,0.44,15901.800012215972
14890,OK,119.800,0.44,15768.899989780039
14891,OK,87.900,0.44,15833.800018299371
14892,OK,57.700,0.44,15957.500028889626
14893,OK,59.400,0.44,15904.500032775104
14894,OK,80.600,0.44,15810.19995501265
14895,OK,75.400,0.44,15881.600033026189
14896,OK,72.500,0.44,15879.600017797202
14897,OK,52.800,0.44,15918.30002143979
14898,OK,56.500,0.44,15954.699949361384
14899,OK,68.800,0.44,15870.999952312559
14900,OK,122.000,0.44,15716.199995949864
14901,OK,114.200,0.44,15223.799971863627
14902,OK,110.100,0.44,15816.09999993816
14903,OK,101.600,0.44,15798.50004054606
14904,OK,92.600,0.44,15838.199993595481
14905,OK,72.600,0.44,15895.400021690875
14906,OK,66.400,0.44,15875.599987339228
14907,OK,53.900,0.44,15936.599986162037
14908,OK,79.800,0.44,15879.199956543744
14909,OK,89.200,0.44,15822.799992747605
14910,OK,92.300,0.44,15855.300007387996
14911,OK,81.800,0.44,16086.700023151934
14912,OK,85.700,0.44,15628.300025127828
14913,OK,98.100,0.44,15845.899994019419
14914,OK,110.300,0.44,15805.59997819364
14915,OK,99.100,0.44,15853.599994443357
14916,OK,87.500,0.44,15868.799993768334
14917,OK,91.900,0.44,15824.100002646446
14918,OK,67.000,0.44,15899.499994702637
14919,OK,88.500,0.44,15811.000019311905
14920,OK,69.000,0.44,15840.700012631714
14921,OK,114.200,0.44,15815.899998415262
14922,OK,81.300,0.44,15865.300025325269
14923,OK,82.200,0.44,15847.30000467971
14924,OK,89.600,0.44,15860.59998953715
14925,OK,98.800,0.44,15847.000002395362
14926,OK,94.600,0.44,15861.299994867295
14927,OK,106.000,0.44,15812.99997633323
14928,OK,104.000,0.44,15837.399987503886
14929,OK,96.500,0.44,16165.899985935539
14930,OK,118.100,0.44,15518.30000244081
14931,OK,85.000,0.44,15832.300006877631
14932,OK,81.500,0.44,15886.100009083748
14933,OK,83.100,0.44,15873.89997439459
14934,OK,81.900,0.44,15857.000020332634
14935,OK,85.700,0.44,15850.499970838428
14936,OK,84.400,0.44,15823.49999807775
14937,OK,65.700,0.44,15899.699996225536
14938,OK,60.200,0.44,15942.299971356988
14939,OK,100.400,0.44,15835.999976843596
14940,OK,82.400,0.44,15891.69999351725
14941,OK,112.200,0.44,15922.000049613416
14942,OK,85.000,0.44,15728.000027593225
14943,OK,107.600,0.44,15832.40000763908
14944,OK,89.700,0.44,15869.900002144277
14945,OK,75.800,0.44,15863.100008573383
14946,OK,78.500,0.44,15875.699988100678
14947,OK,80.400,0.44,15872.300020419061
14948,OK,152.600,0.44,15751.999977510422
14949,OK,56.200,0.44,15956.499963067472
14950,OK,82.200,0.44,15869.100054260343
14951,OK,83.000,0.44,15974.49998371303
14952,OK,125.200,0.44,15597.800025716424
14953,OK,68.300,0.44,15913.099981844425
14954,OK,83.100,0.44,15827.99997413531
14955,OK,54.700,0.44,15906.199987512082
14956,OK,90.900,0.44,15851.899981498718
14957,OK,71.400,0.44,15966.499981004745
14958,OK,56.000,0.44,15920.799982268363
14959,OK,76.600,0.44,15853.299992159009
14960,OK,57.200,0.44,15950.800036080182
14961,OK,59.200,0.44,15894.400014076382
14962,OK,58.400,0.44,15863.000007811934
14963,OK,73.300,0.44,15855.300007387996
14964,OK,61.800,0.44,15853.699995204806
14965,OK,47.300,0.44,15967.399987857789
14966,OK,98.300,0.44,15785.600000526756
14967,OK,55.800,0.44,15909.50001263991
14968,OK,57.000,0.44,15928.79998497665
14969,OK,60.900,0.44,15942.899975925684
14970,OK,80.700,0.44,15778.400003910065
14971,OK,83.900,0.44,15849.500021431595
14972,OK,89.200,0.44,15877.00005620718
14973,OK,68.100,0.44,15806.399984285235
14974,OK,57.900,0.44,15951.800043694675
14975,OK,58.300,0.44,15906.899992842227
14976,OK,62.800,0.44,15902.299957815558
14977,OK,66.600,0.44,16069.699951913208
14978,OK,98.900,0.44,15635.899966582656
14979,OK,80.600,0.44,15819.09996457398
14980,OK,76.400,0.44,15879.099955782294
14981,OK,61.800,0.44,15888.80002964288
14982,OK,59.400,0.44,15940.300014335662
14983,OK,65.100,0.44,15914.999996311963
14984,OK,65.800,0.44,15878.30000789836
14985,OK,46.800,0.44,15948.600019328296
14986,OK,62.300,0.44,15865.799970924854
14987,OK,64.300,0.44,15907.90000045672
14988,OK,64.000,0.44,15860.999992582947
14989,OK,51.700,0.44,15942.799975164235
14990,OK,46.600,0.44,15900.099999271333
14991,OK,45.700,0.44,15878.200007136911
14992,OK,40.700,0.44,15966.899984050542
14993,OK,54.200,0.44,15885.400003753603
14994,OK,78.000,0.44,15914.399991743267
14995,OK,61.900,0.44,15903.200022876263
14996,OK,76.300,0.44,15906.400047242641
14997,OK,63.400,0.44,15981.099975761026
14998,OK,129.800,0.44,15682.999975979328
14999,OK,68.600,0.44,15870.400005951524
15000,OK,82.500,0.44,15801.40000442043
15001,OK,90.200,0.44,15747.099998407066
15002,OK,65.200,0.44,15994.700021110475
15003,OK,138.100,0.44,15722.200041636825
15004,OK,57.300,0.44,15880.999970249832
15005,OK,110.500,0.44,15792.099991813302
15006,OK,81.500,0.44,15814.299986232072
15007,OK,78.300,0.44,15919.499972369522
15008,OK,60.700,0.44,15936.800045892596
15009,OK,103.400,0.44,15811.999968718737
15010,OK,81.900,0.44,15956.300019752234
15011,OK,65.600,0.44,15890.499984379858
15012,OK,67.800,0.44,15850.499970838428
15013,OK,66.900,0.44,15871.599956881255
15014,OK,65.200,0.44,15942.699974402785
15015,OK,65.600,0.44,15903.100022114813
15016,OK,112.400,0.44,15750.90002734214
15017,OK,150.300,0.44,15860.500046983361
15018,OK,128.500,0.44,15781.900030560791
15019,OK,104.300,0.44,15743.800031486899
15020,OK,61.500,0.44,15879.8000193201
15021,OK,63.100,0.44,15860.399988014251
15022,OK,60.900,0.44,15905.00003658235
15023,OK,64.100,0.44,15879.600017797202
15024,OK,53.800,0.44,15922.79999749735
15025,OK,79.400,0.44,15896.299970336258
15026,OK,89.000,0.44,15797.800035215914
15027,OK,92.800,0.44,15932.199952658266
15028,OK,82.600,0.44,15827.300027012825
15029,OK,79.900,0.44,15878.50000942126
15030,OK,70.100,0.44,15970.400010701269
15031,OK,99.600,0.44,15806.100040208548
15032,OK,91.300,0.44,15797.200030647218
15033,OK,85.800,0.44,15867.699985392392
15034,OK,87.200,0.44,15862.400003243238
15035,OK,105.800,0.44,15829.3999847956
15036,OK,78.200,0.44,15896.20002778247
15037,OK,103.400,0.44,15847.000002395362
15038,OK,68.900,0.44,15828.199975658208
15039,OK,86.900,0.44,15892.499999608845
15040,OK,83.500,0.44,15828.00003234297
15041,OK,86.300,0.44,15876.199991907924
15042,OK,97.100,0.44,15842.80002862215
15043,OK,80.000,0.44,15856.900019571185
15044,OK,77.200,0.44,15887.399960774928
15045,OK,81.700,0.44,15851.80003894493
15046,OK,89.600,0.44,15877.400001045316
15047,OK,86.800,0.44,15843.299974221736
15048,OK,79.500,0.44,15874.400036409497
15049,OK,79.900,0.44,15869.49999909848
15050,OK,70.100,0.44,15900.900005362928
15051,OK,98.700,0.44,15820.200031157583
15052,OK,95.500,0.44,15884.899999946356
15053,OK,90.700,0.44,15805.399976670742
15054,OK,94.400,0.44,16689.699958078563
15055,OK,98.400,0.44,14945.00000262633
15056,OK,96.000,0.44,15878.40000865981
15057,OK,128.800,0.44,15947.600011713803
15058,OK,163.400,0.44,15514.299971982837
15059,OK,89.300,0.44,15809.300006367266
15060,OK,60.600,0.44,15898.800047580153
15061,OK,58.900,0.44,15886.000008322299
15062,OK,59.800,0.44,15912.999981082976
15063,OK,56.100,0.44,15888.90003040433
15064,OK,47.500,0.44,15945.299994200468
15065,OK,79.300,0.44,15907.299995888025
15066,OK,83.300,0.44,15828.599978704005
15067,OK,57.600,0.44,15932.800015434623
15068,OK,59.700,0.44,15876.099991146475
15069,OK,55.300,0.44,16007.700003683567
15070,OK,145.800,0.44,15667.399973608553
15071,OK,64.300,0.44,15864.900022279471
15072,OK,68.600,0.44,15888.300025835633
15073,OK,64.600,0.44,15924.000006634742
15074,OK,64.400,0.44,15913.100040052086
15075,OK,66.200,0.44,15892.99994520843
15076,OK,65.000,0.44,15896.499971859157
15077,OK,66.800,0.44,15878.50000942126
15078,OK,96.400,0.44,15861.099993344396
15079,OK,82.300,0.44,15893.800009507686
15080,OK,144.100,0.44,15701.700001955032
15081,OK,64.700,0.44,15922.599995974451
15082,OK,62.700,0.44,15864.699962548912
15083,OK,64.800,0.44,15880.600025411695
15084,OK,59.800,0.44,15901.400009170175
15085,OK,79.200,0.44,15963.200014084578
15086,OK,123.500,0.44,15701.600001193583
15087,OK,64.300,0.44,15889.999980572611
15088,OK,67.000,0.44,15992.600005120039
15089,OK,91.100,0.44,15759.79997869581
15090,OK,66.300,0.44,15900.400001555681
15091,OK,88.000,0.44,15932.99995874986
15092,OK,72.200,0.44,15787.499956786633
15093,OK,82.600,0.44,15885.400003753603
15094,OK,69.200,0.44,15877.300000283867
15095,OK,72.000,0.44,15893.10000417754
15096,OK,81.400,0.44,15846.900001633912
15097,OK,63.000,0.44,15878.600010182709
15098,OK,80.700,0.44,15910.79996433109
15099,OK,59.700,0.44,15855.800011195242
15100,OK,77.600,0.44,15850.899973884225
15101,OK,90.100,0.44,15744.399977847934
15102,OK,86.900,0.44,15991.699998266995
15103,OK,74.700,0.44,15752.40003876388
15104,OK,52.400,0.44,15897.500037681311
15105,OK,52.100,0.44,15957.900031935424
15106,OK,59.400,0.44,15842.899971175939
15107,OK,52.000,0.44,15937.799995299429
15108,OK,90.200,0.44,15816.899947822094
15109,OK,68.400,0.44,15970.20000917837
15110,OK,62.600,0.44,15924.20000815764
15111,OK,51.500,0.44,15877.600002568215
15112,OK,70.200,0.44,15858.200029470026
15113,OK,57.100,0.44,15941.099962219596
15114,OK,71.000,0.44,15864.700020756572
15115,OK,49.400,0.44,16052.099992521107
15116,OK,215.900,0.44,15547.100047115237
15117,OK,81.700,0.44,15850.899973884225
15118,OK,80.800,0.44,15909.700014162809
15119,OK,153.000,0.44,15663.60000288114
15120,OK,60.400,0.44,15884.099993854761
15121,OK,60.800,0.44,15854.800003580749
15122,OK,75.300,0.44,15842.299966607243
15123,OK,80.500,0.44,15888.499969150871
15124,OK,87.800,0.44,15816.500002983958
15125,OK,61.300,0.44,15923.200000543147
15126,OK,61.200,0.44,15909.300011117011
15127,OK,64.100,0.44,15884.39999613911
15128,OK,62.300,0.44,15894.399955868721
15129,OK,81.400,0.44,15860.59998953715
15130,OK,65.200,0.44,15910.499962046742
15131,OK,57.700,0.44,15884.39999613911
15132,OK,58.200,0.44,15986.39995791018
15133,OK,135.300,0.44,15650.600020308048
15134,OK,66.500,0.44,16017.60002085939
15135,OK,66.500,0.44,15902.600018307567
15136,OK,68.100,0.44,15874.300035648048
15137,OK,66.500,0.44,15903.699968475848
15138,OK,63.400,0.44,15842.000022530556
15139,OK,97.000,0.44,15824.300004169345
15140,OK,60.000,0.44,15893.20000493899
15141,OK,62.200,0.44,15952.799993101507
15142,OK,58.200,0.44,15905.599982943386
15143,OK,65.900,0.44,15878.30000789836
15144,OK,76.000,0.44,15841.09995746985
15145,OK,72.600,0.44,15875.39998581633
15146,OK,93.400,0.44,15844.50004156679
15147,OK,70.800,0.44,15899.799996986985
15148,OK,74.200,0.44,15896.400029305369
15149,OK,60.200,0.44,15947.400010190904
15150,OK,60.600,0.44,15899.299993179739
15151,OK,60.400,0.44,15843.400033190846
15152,OK,61.900,0.44,15918.599965516478
15153,OK,59.700,0.44,15869.400056544691
15154,OK,80.400,0.44,15872.499963734299
15155,OK,66.600,0.44,15855.500008910894
15156,OK,48.900,0.44,15949.100023135543
15157,OK,63.500,0.44,15875.599987339228
15158,OK,73.700,0.44,15898.600046057254
15159,OK,54.800,0.44,15852.299984544516
15160,OK,54.700,0.44,16038.50000537932
15161,OK,58.500,0.44,15873.89997439459
15162,OK,63.300,0.44,15902.800019830465
15163,OK,57.500,0.44,15850.09996779263
15164,OK,79.500,0.44,15881.000028457493
15165,OK,83.600,0.44,15853.299992159009
15166,OK,75.600,0.44,15872.60002270341
15167,OK,73.300,0.44,15864.000015426427
15168,OK,74.200,0.44,15861.599997151643
15169,OK,82.100,0.44,15881.399973295629
15170,OK,58.800,0.44,15889.800037257373
15171,OK,52.900,0.44,15957.400028128177
15172,OK,57.600,0.44,15865.599969401956
15173,OK,55.900,0.44,15911.200025584549
15174,OK,56.800,0.44,15904.500032775104
15175,OK,71.000,0.44,15919.79997465387
15176,OK,62.600,0.44,15849.899966269732
15177,OK,51.400,0.44,15932.100010104477
15178,OK,58.300,0.44,15900.400001555681
15179,OK,80.900,0.44,15891.299990471452
15180,OK,101.500,0.44,15789.000026416034
15181,OK,57.900,0.44,15902.500017546117
15182,OK,75.800,0.44,15881.700033787638
15183,OK,58.200,0.44,15914.599993266165
15184,OK,60.600,0.44,15894.70001636073
15185,OK,70.200,0.44,15860.59998953715
15186,OK,61.300,0.44,15894.900017883629
15187,OK,55.900,0.44,15941.599966026843
15188,OK,173.500,0.44,15732.300002127886
15189,OK,91.300,0.44,15974.600042682141
15190,OK,159.000,0.44,15689.900028519332
15191,OK,73.600,0.44,15826.39996195212
15192,OK,59.600,0.44,15942.699974402785
15193,OK,81.800,0.44,15858.499973546714
15194,OK,144.600,0.44,15812.300029210746
15195,OK,109.000,0.44,15837.099985219538
15196,OK,101.000,0.44,15883.499989286065
15197,OK,66.000,0.44,15724.700002465397
15198,OK,46.100,0.44,15912.39997651428
15199,OK,54.600,0.44,15978.800016455352
15200,OK,106.400,0.44,15795.30001617968
15201,OK,77.900,0.44,15813.899983186275
15202,OK,76.000,0.44,15913.89998793602
15203,OK,76.200,0.44,15876.299992669374
15204,OK,80.500,0.44,15874.099975917488
15205,OK,92.200,0.44,15868.0000458844
15206,OK,67.500,0.44,15844.399982597679
15207,OK,65.900,0.44,15871.899959165603
15208,OK,79.600,0.44,15857.900027185678
15209,OK,92.600,0.44,15810.700017027557
15210,OK,72.500,0.44,16157.800040673465
15211,OK,84.900,0.44,15585.00004466623
15212,OK,69.100,0.44,15913.599985651672
15213,OK,94.300,0.44,15812.100027687848
15214,OK,81.900,0.44,15879.700018558651
15215,OK,103.500,0.44,15854.500001296401
15216,OK,108.800,0.44,15809.300006367266
15217,OK,75.100,0.44,16745.499975513667
15218,OK,89.600,0.44,15000.799961853772
15219,OK,88.300,0.44,15849.799965508282
15220,OK,70.300,0.44,15904.099971521646
15221,OK,93.700,0.44,15838.099992834032
15222,OK,83.900,0.44,15853.09999063611
15223,OK,86.100,0.44,15871.400013566017
15224,OK,86.500,0.44,15851.899981498718
15225,OK,67.900,0.44,15880.800026934594
15226,OK,79.100,0.44,15875.699988100678
15227,OK,80.200,0.44,16690.900025423616
15228,OK,91.100,0.44,14988.699986133724
15229,OK,84.500,0.44,15839.899948332459
15230,OK,90.300,0.44,15868.999995291233
15231,OK,95.300,0.44,15837.499988265336
15232,OK,92.000,0.44,15789.200027938932
15233,OK,73.100,0.44,15895.799966529012
15234,OK,72.000,0.44,15899.19999241829
15235,OK,92.400,0.44,15933.399961795658
15236,OK,78.500,0.44,15887.000015936792
15237,OK,145.400,0.44,15677.00004670769
15238,OK,87.000,0.44,15839.300001971424
15239,OK,86.300,0.44,15818.000014405698
15240,OK,51.000,0.44,15906.699991319329
15241,OK,42.700,0.44,15976.900001987815
15242,OK,47.200,0.44,15930.399997159839
15243,OK,48.900,0.44,15937.69999453798
15244,OK,71.000,0.44,15872.60002270341
15245,OK,97.300,0.44,15826.900023967028
15246,OK,96.500,0.44,15872.2999622114
15247,OK,117.400,0.44,15887.900022789836
15248,OK,98.500,0.44,15854.500001296401
15249,OK,87.000,0.44,15800.099994521588
15250,OK,86.500,0.44,16077.400010544807
15251,OK,182.000,0.44,15444.899967405945
15252,OK,66.900,0.44,15893.20000493899
15253,OK,63.400,0.44,15882.600040640682
15254,OK,66.200,0.44,15928.399981930852
15255,OK,80.300,0.44,15849.100018385798
15256,OK,75.200,0.44,15891.7999942787
15257,OK,64.900,0.44,15939.600009005517
15258,OK,56.700,0.44,15842.500026337802
15259,OK,57.800,0.44,15999.399998690933
15260,OK,70.600,0.44,15830.79999545589
15261,OK,62.800,0.44,15850.299969315529
15262,OK,146.100,0.44,15773.500024806708
15263,OK,91.800,0.44,15821.099979802966
15264,OK,48.200,0.44,15905.799984466285
15265,OK,44.800,0.44,15959.000040311366
15266,OK,46.200,0.44,15959.399985149503
15267,OK,46.400,0.44,15891.69999351725
15268,OK,69.100,0.44,15912.29997575283
15269,OK,58.200,0.44,15916.499949526042
15270,OK,72.100,0.44,15892.499999608845
15271,OK,71.500,0.44,15899.399993941188
15272,OK,78.000,0.44,15825.200011022389
15273,OK,82.800,0.44,15883.099986240268
15274,OK,61.400,0.44,15908.00000121817
15275,OK,59.800,0.44,15885.400003753603
15276,OK,76.300,0.44,15815.799997653812
15277,OK,70.500,0.44,15955.000009853393
15278,OK,61.700,0.44,15895.100019406527
15279,OK,48.600,0.44,15930.599998682737
15280,OK,89.900,0.44,15821.499982848763
15281,OK,73.100,0.44,15877.300000283867
15282,OK,111.000,0.44,15814.399986993521
15283,OK,97.100,0.44,15819.599968381226
15284,OK,79.800,0.44,15861.599997151643
15285,OK,102.900,0.44,16035.29998101294
15286,OK,91.400,0.44,15613.000025041401
15287,OK,93.500,0.44,15844.799985643476
15288,OK,69.200,0.44,15899.499994702637
15289,OK,86.700,0.44,15855.900011956692
15290,OK,61.700,0.44,15873.800031840801
15291,OK,49.800,0.44,15940.400015097111
15292,OK,59.800,0.44,15852.799988351762
15293,OK,85.400,0.44,15925.100015010685
15294,OK,77.700,0.44,15851.999982260168
15295,OK,75.300,0.44,15873.599972110242
15296,OK,80.500,0.44,15828.799980226904
15297,OK,60.400,0.44,15910.99996585399
15298,OK,94.200,0.44,15850.500029046088
15299,OK,65.100,0.44,15892.399998847395
15300,OK,58.700,0.44,15908.200002741069
15301,OK,58.900,0.44,15880.800026934594
15302,OK,66.600,0.44,15891.999995801598
15303,OK,59.300,0.44,15865.600027609617
15304,OK,60.600,0.44,15993.400011211634
15305,OK,164.800,0.44,15736.400033347309
15306,OK,157.900,0.44,15603.000007104129
15307,OK,82.100,0.44,15883.299987763166
15308,OK,74.500,0.44,15957.00002508238
15309,OK,147.100,0.44,15787.500014994293
15310,OK,106.400,0.44,15753.399988170713
15311,OK,57.900,0.44,15904.100029729307
15312,OK,54.100,0.44,15931.500005535781
15313,OK,79.700,0.44,15854.099998250604
15314,OK,78.000,0.44,15865.400026086718
15315,OK,85.700,0.44,15862.900007050484
15316,OK,52.200,0.44,15969.600004609674
15317,OK,71.000,0.44,15896.399971097708
15318,OK,60.300,0.44,15948.800020851195
15319,OK,91.000,0.44,15811.899967957288
15320,OK,92.900,0.44,15855.300007387996
15321,OK,68.800,0.44,15890.30004106462
15322,OK,67.000,0.44,15785.700001288205
15323,OK,77.700,0.44,15871.599956881255
15324,OK,71.400,0.44,15890.499984379858
15325,OK,75.100,0.44,15953.299996908754
15326,OK,63.300,0.44,15825.00000949949
15327,OK,61.200,0.44,15897.399978712201
15328,OK,73.100,0.44,15968.199993949383
15329,OK,62.200,0.44,15788.800024893135
15330,OK,80.300,0.44,15886.800014413893
15331,OK,79.100,0.44,15829.999989364296
15332,OK,83.600,0.44,15924.000006634742
15333,OK,85.000,0.44,15835.200028959662
15334,OK,87.300,0.44,15828.300034627318
15335,OK,84.500,0.44,15886.400011368096
15336,OK,79.400,0.44,15870.90000975877
15337,OK,97.800,0.44,15825.10001026094
15338,OK,107.900,0.44,15955.600014422089
15339,OK,93.400,0.44,15935.099974740297
15340,OK,92.400,0.44,15797.300031408668
15341,OK,87.300,0.44,15737.999987322837
15342,OK,88.500,0.44,15855.200006626546
15343,OK,92.300,0.44,15818.500018212944
15344,OK,83.400,0.44,15905.1000373438
15345,OK,67.600,0.44,15883.799991570413
15346,OK,86.800,0.44,15864.000015426427
15347,OK,68.800,0.44,15887.800022028387
15348,OK,81.700,0.44,15823.199995793402
15349,OK,66.800,0.44,15921.600046567619
15350,OK,94.700,0.44,15835.29997151345
15351,OK,186.800,0.44,15770.700003486127
15352,OK,101.500,0.44,15776.09998639673
15353,OK,81.200,0.44,15894.000011030585
15354,OK,110.100,0.44,15827.89997337386
15355,OK,71.800,0.44,15876.099991146475
15356,OK,89.000,0.44,15799.199987668544
15357,OK,58.900,0.44,15954.900009091944
15358,OK,64.400,0.44,15908.900008071214
15359,OK,86.600,0.44,15878.900012467057
15360,OK,85.300,0.44,15888.300025835633
15361,OK,131.600,0.44,15571.70000160113
15362,OK,87.600,0.44,15844.799985643476
15363,OK,64.400,0.44,15868.599992245436
15364,OK,62.100,0.44,15897.5999802351
15365,OK,60.600,0.44,15968.499996233732
15366,OK,74.800,0.44,15974.799985997379
15367,OK,64.600,0.44,15744.199976325035
15368,OK,53.400,0.44,15921.29998607561
15369,OK,80.500,0.44,15959.600044880062
15370,OK,56.000,0.44,15845.899994019419
15371,OK,62.000,0.44,15969.400003086776
15372,OK,61.400,0.44,15884.39999613911
15373,OK,65.900,0.44,15901.600010693073
15374,OK,64.800,0.44,15840.299951378256
15375,OK,60.900,0.44,15954.800008330494
15376,OK,147.300,0.44,15752.49998131767
15377,OK,75.300,0.44,15875.799988862127
15378,OK,83.100,0.44,15869.199996814132
15379,OK,82.100,0.44,15875.999990385026
15380,OK,70.500,0.44,15888.600028119981
15381,OK,56.500,0.44,15901.499951723963
15382,OK,79.600,0.44,15914.499992504716
15383,OK,63.100,0.44,15936.399984639138
15384,OK,136.300,0.44,15709.900006186217
15385,OK,92.900,0.44,15842.69996965304
15386,OK,49.600,0.44,15890.599985141307
15387,OK,66.700,0.44,15942.399972118437
15388,OK,58.500,0.44,15937.399992253631
15389,OK,79.500,0.44,15781.900030560791
15390,OK,87.100,0.44,15888.200025074184
15391,OK,83.700,0.44,15859.900042414665
15392,OK,60.400,0.44,15849.699964746833
15393,OK,53.100,0.44,15945.400053169578
15394,OK,80.700,0.44,15989.39998075366
15395,OK,64.400,0.44,15807.899995706975
15396,OK,62.500,0.44,15891.099988948554
15397,OK,78.300,0.44,15861.899999435991
15398,OK,72.400,0.44,15885.399945545942
15399,OK,82.000,0.44,15832.600009161979
15400,OK,83.000,0.44,15879.999962635338
15401,OK,126.000,0.44,15713.79997767508
15402,OK,225.600,0.44,15608.099987730384
15403,OK,57.100,0.44,15877.700003329664
15404,OK,59.900,0.44,15916.80001001805
15405,OK,84.500,0.44,15851.69997997582
15406,OK,59.900,0.44,15965.500031597912
15407,OK,64.400,0.44,15874.600037932396
15408,OK,61.500,0.44,15846.299997065216
15409,OK,54.300,0.44,15888.899972196668
15410,OK,56.300,0.44,15912.50003548339
15411,OK,82.000,0.44,15855.600009672344
15412,OK,53.500,0.44,15913.500043097883
15413,OK,44.400,0.44,15934.900031425059
15414,OK,91.000,0.44,15832.000004593283
15415,OK,54.600,0.44,16000.200004782528
15416,OK,54.600,0.44,15820.800035726279
15417,OK,58.600,0.44,15934.200026094913
15418,OK,76.600,0.44,15911.199967376888
15419,OK,71.700,0.44,15842.79997041449
15420,OK,86.700,0.44,15904.199972283095
15421,OK,159.900,0.44,15665.600018110126
15422,OK,89.200,0.44,16042.999981436878
15423,OK,61.600,0.44,15616.10004864633
15424,OK,72.500,0.44,15949.60002694279
15425,OK,73.300,0.44,15890.899987425655
15426,OK,86.700,0.44,15875.499986577779
15427,OK,81.700,0.44,15827.699971850961
15428,OK,80.200,0.44,15862.700005527586
15429,OK,82.600,0.44,15887.100016698241
15430,OK,75.400,0.44,15933.700022287667
15431,OK,75.400,0.44,15882.599982433021
15432,OK,60.900,0.44,15892.600000370294
15433,OK,75.900,0.44,15792.39999409765
15434,OK,81.200,0.44,15970.899956300855
15435,OK,65.700,0.44,15863.999957218766
15436,OK,63.100,0.44,15847.600006964058
15437,OK,64.900,0.44,15910.300018731505
15438,OK,62.200,0.44,15889.499976765364
15439,OK,77.100,0.44,15872.100018896163
15440,OK,76.900,0.44,15841.100015677512
15441,OK,62.100,0.44,15914.299990981817
15442,OK,83.100,0.44,15892.299998085946
15443,OK,127.100,0.44,15818.99996381253
15444,OK,120.000,0.44,15741.8999588117
15445,OK,60.100,0.44,15933.09995951131
15446,OK,59.400,0.44,15906.59999055788
15447,OK,88.000,0.44,15922.6999967359
15448,OK,56.200,0.44,15852.399985305965
15449,OK,67.400,0.44,15962.299949023873
15450,OK,140.300,0.44,15704.700024798512
15451,OK,56.500,0.44,15894.70001636073
15452,OK,57.200,0.44,15864.900022279471
15453,OK,75.700,0.44,15876.99999799952
15454,OK,61.500,0.44,15948.700020089746
15455,OK,64.300,0.44,15847.000002395362
15456,OK,59.800,0.44,15878.30000789836
15457,OK,60.800,0.44,15898.799989372492
15458,OK,59.700,0.44,15916.700009256601
15459,OK,60.500,0.44,15913.499984890223
15460,OK,61.400,0.44,15893.800009507686
15461,OK,58.800,0.44,15909.599955193698
15462,OK,77.400,0.44,15875.199984293431
15463,OK,73.000,0.44,15897.399978712201
15464,OK,71.400,0.44,15889.499976765364
15465,OK,126.200,0.44,15769.299992825836
15466,OK,83.700,0.44,15871.10001128167
15467,OK,60.200,0.44,15912.200033199042
15468,OK,63.300,0.44,15846.599999349564
15469,OK,74.000,0.44,15877.500001806766
15470,OK,69.100,0.44,15887.000015936792
15471,OK,72.500,0.44,15869.199996814132
15472,OK,57.900,0.44,15902.400016784668
15473,OK,55.300,0.44,15922.499995213002
15474,OK,58.900,0.44,15887.20001745969
15475,OK,82.800,0.44,15895.300020929426
15476,OK,76.800,0.44,15914.699994027615
15477,OK,63.100,0.44,15947.600011713803
15478,OK,148.100,0.44,15698.099974542856
15479,OK,58.700,0.44,15904.99997837469
15480,OK,60.300,0.44,15851.999982260168
15481,OK,80.100,0.44,15885.200002230704
15482,OK,81.600,0.44,15821.199980564415
15483,OK,52.000,0.44,15912.699978798628
15484,OK,55.400,0.44,15914.199990220368
15485,OK,57.900,0.44,15956.100018229336
15486,OK,73.400,0.44,15870.500006712973
15487,OK,72.300,0.44,15829.3999847956
15488,OK,58.800,0.44,15879.600017797202
15489,OK,53.900,0.44,15979.000017978251
15490,OK,117.700,0.44,15814.69998927787
15491,OK,60.400,0.44,15849.900024477392
15492,OK,58.700,0.44,15894.999960437417
15493,OK,51.000,0.44,15937.49999301508
15494,OK,70.400,0.44,15843.999979551882
15495,OK,78.800,0.44,15934.59997093305
15496,OK,66.500,0.44,15810.000011697412
15497,OK,88.700,0.44,15825.10001026094
15498,OK,73.200,0.44,15923.700004350394
15499,OK,63.600,0.44,15891.7999942787
15500,OK,64.100,0.44,15907.099994365126
15501,OK,115.800,0.44,15572.99995329231
15502,OK,104.500,0.44,15894.70001636073
15503,OK,66.000,0.44,15824.500005692244
15504,OK,63.600,0.44,15916.600008495152
15505,OK,72.600,0.44,15903.70002668351
15506,OK,61.100,0.44,15892.099996563047
15507,OK,58.300,0.44,15830.299991648644
15508,OK,49.900,0.44,15962.69995206967
15509,OK,64.700,0.44,15903.900028206408
15510,OK,57.900,0.44,15909.300011117011
15511,OK,108.200,0.44,15897.399978712201
15512,OK,135.200,0.44,15718.100010417402
15513,OK,73.400,0.44,15873.499971348792
15514,OK,59.300,0.44,15907.599998172373
15515,OK,81.300,0.44,15817.300009075552
15516,OK,70.300,0.44,15888.299967627972
15517,OK,112.600,0.44,15889.000031165779
15518,OK,82.400,0.44,15793.500002473593
15519,OK,64.900,0.44,15938.199998345226
15520,OK,59.800,0.44,15901.200007647276
15521,OK,90.700,0.44,17368.300002999604
15522,OK,82.300,0.44,14429.000031668693
15523,OK,147.700,0.44,15756.700013298541
15524,OK,95.500,0.44,15612.600021995604
15525,OK,69.400,0.44,15882.999985478818
15526,OK,70.200,0.44,15897.200035396963
15527,OK,108.800,0.44,16630.79997524619
15528,OK,110.500,0.44,14995.800040196627
15529,OK,103.600,0.44,15857.899968978018
15530,OK,101.200,0.44,15820.500033441931
15531,OK,104.500,0.44,15805.999981239438
15532,OK,103.700,0.44,15885.8000067994
15533,OK,91.400,0.44,15807.699994184077
15534,OK,66.200,0.44,15916.400006972253
15535,OK,90.800,0.44,17006.799986120313
15536,OK,93.300,0.44,14668.499992694706
15537,OK,86.400,0.44,15866.39997549355
15538,OK,87.500,0.44,15851.400035899132
15539,OK,85.300,0.44,15858.599974308163
15540,OK,82.300,0.44,15836.499980650842
15541,OK,85.000,0.44,15859.799983445555
15542,OK,82.000,0.44,15876.499994192272
15543,OK,64.100,0.44,15868.999995291233
15544,OK,93.300,0.44,15836.000035051256
15545,OK,98.600,0.44,15870.300005190074
15546,OK,91.300,0.44,15776.299987919629
15547,OK,92.000,0.44,15860.100043937564
15548,OK,60.900,0.44,15955.000009853393
15549,OK,68.800,0.44,15865.900029893965
15550,OK,105.900,0.44,15825.900016352534
15551,OK,73.700,0.44,15880.700026173145
15552,OK,85.300,0.44,15835.300029721111
15553,OK,89.100,0.44,15818.800020497292
15554,OK,81.200,0.44,15924.900013487786
15555,OK,108.500,0.44,15788.899967446923
15556,OK,66.600,0.44,15898.299985565245
15557,OK,80.000,0.44,15862.800006289035
15558,OK,64.600,0.44,15944.100043270737
15559,OK,73.900,0.44,15830.299991648644
15560,OK,81.100,0.44,15914.800052996725
15561,OK,113.800,0.44,15696.000016760081
15562,OK,82.900,0.44,15873.500029556453
15563,OK,65.000,0.44,15956.099960021675
15564,OK,56.800,0.44,15894.000011030585
15565,OK,73.500,0.44,15896.999975666404
15566,OK,83.100,0.44,15793.700003996491
15567,OK,73.300,0.44,15888.400026597083
15568,OK,91.400,0.44,15878.200007136911
15569,OK,59.300,0.44,15969.000000040978
15570,OK,78.000,0.44,15901.299950201064
15571,OK,65.600,0.44,15853.09999063611
15572,OK,84.100,0.44,15894.80001712218
15573,OK,59.800,0.44,15883.499989286065
15574,OK,57.700,0.44,15919.299970846623
15575,OK,143.400,0.44,15701.800002716482
15576,OK,85.200,0.44,15901.200007647276
15577,OK,65.100,0.44,15911.999973468482
15578,OK,66.000,0.44,15885.70000603795
15579,OK,64.200,0.44,15905.899985227734
15580,OK,65.600,0.44,15772.400016430765
15581,OK,56.300,0.44,16000.100004021078
15582,OK,57.900,0.44,15854.900004342198
15583,OK,53.100,0.44,15891.7999942787
15584,OK,60.700,0.44,15944.199985824525
15585,OK,73.800,0.44,15876.89999723807
15586,OK,76.700,0.44,15947.800013236701
15587,OK,66.500,0.44,15879.200014751405
15588,OK,64.700,0.44,16105.699993204325
15589,OK,98.900,0.44,15534.49995117262
15590,OK,64.900,0.44,15943.299978971481
15591,OK,85.500,0.44,15812.499972525984
15592,OK,67.800,0.44,15861.199994105846
15593,OK,56.400,0.44,15886.200009845197
15594,OK,79.600,0.44,15929.800050798804
15595,OK,85.200,0.44,15853.09999063611
15596,OK,63.800,0.44,15929.100045468658
15597,OK,62.000,0.44,15908.800007309765
15598,OK,56.000,0.44,15839.79994757101
15599,OK,110.900,0.44,15908.200002741069
15600,OK,60.400,0.44,15873.000025749207
15601,OK,90.700,0.44,15908.200002741069
15602,OK,224.900,0.44,15552.300028502941
15603,OK,60.300,0.44,15880.799968726933
15604,OK,59.400,0.44,15899.19999241829
15605,OK,66.200,0.44,15878.900012467057
15606,OK,108.100,0.44,15810.10001245886
15607,OK,56.700,0.44,15907.299995888025
15608,OK,40.700,0.44,15906.999993603677
15609,OK,44.700,0.44,16103.199974168092
15610,OK,212.600,0.44,15671.799948904663
15611,OK,185.800,0.44,15490.900026634336
15612,OK,97.900,0.44,15818.200015928596
15613,OK,66.100,0.44,15906.999993603677
15614,OK,77.700,0.44,15960.099990479648
15615,OK,229.200,0.44,15594.600001350045
15616,OK,87.200,0.44,15843.100030906498
15617,OK,69.100,0.44,15960.499993525445
15618,OK,70.300,0.44,15765.600022859871
15619,OK,111.600,0.44,15828.799980226904
15620,OK,64.700,0.44,15911.999973468482
15621,OK,62.000,0.44,15908.400004263967
15622,OK,79.500,0.44,15883.299987763166
15623,OK,62.200,0.44,15807.19999037683
15624,OK,54.600,0.44,16002.399963326752
15625,OK,57.300,0.44,15938.600001391023
15626,OK,76.900,0.44,15853.999997489154
15627,OK,114.700,0.44,15782.999980729073
15628,OK,70.600,0.44,15799.499989952892
15629,OK,49.300,0.44,15958.700038027018
15630,OK,63.400,0.44,15887.900022789836
15631,OK,49.500,0.44,15987.100021447986
15632,OK,61.900,0.44,15841.900021769106
15633,OK,57.400,0.44,15887.899964582175
15634,OK,82.600,0.44,15868.299989961088
15635,OK,92.400,0.44,15910.700021777302
15636,OK,73.400,0.44,15874.699980486184
15637,OK,85.600,0.44,15840.300009585917
15638,OK,106.200,0.44,15834.899968467653
15639,OK,106.600,0.44,15806.999988853931
15640,OK,101.600,0.44,15906.59999055788
15641,OK,65.500,0.44,15889.799979049712
15642,OK,64.800,0.44,15892.99994520843
15643,OK,82.300,0.44,15830.700052902102
15644,OK,66.100,0.44,15878.900012467057
15645,OK,85.100,0.44,15855.600009672344
15646,OK,100.300,0.44,15828.900039196014
15647,OK,83.600,0.44,15877.800004091114
15648,OK,97.400,0.44,15818.99996381253
15649,OK,107.800,0.44,15888.899972196668
15650,OK,84.700,0.44,15843.199973460287
15651,OK,87.000,0.44,15820.49997523427
15652,OK,89.200,0.44,15860.4999887757
15653,OK,93.200,0.44,16084.4000056386
15654,OK,91.900,0.44,15641.600009985268
15655,OK,98.800,0.44,15842.59996889159
15656,OK,88.800,0.44,15838.199993595481
15657,OK,70.500,0.44,15887.500019744039
15658,OK,83.900,0.44,15865.399967879057
15659,OK,80.900,0.44,15857.60002490133
15660,OK,85.900,0.44,15852.499986067414
15661,OK,64.000,0.44,15881.19997177273
15662,OK,59.300,0.44,15885.70000603795
15663,OK,93.500,0.44,15892.299998085946
15664,OK,103.600,0.44,15830.399992410094
15665,OK,65.400,0.44,15958.800038788468
15666,OK,136.600,0.44,15678.099996875972
15667,OK,97.000,0.44,15845.199988689274
15668,OK,86.800,0.44,15843.100030906498
15669,OK,78.000,0.44,15954.100003000349
15670,OK,53.300,0.44,15890.29998285696
15671,OK,68.900,0.44,15937.59999377653
15672,OK,91.000,0.44,15729.999984614551
15673,OK,48.600,0.44,15977.100003510714
15674,OK,61.400,0.44,15846.800000872463
15675,OK,57.200,0.44,15968.59999699518
15676,OK,93.600,0.44,15797.300031408668
15677,OK,83.400,0.44,15896.700031589717
15678,OK,73.200,0.44,15876.89999723807
15679,OK,146.700,0.44,15824.099944438785
15680,OK,111.600,0.44,15734.70002040267
15681,OK,72.000,0.44,15859.999984968454
15682,OK,85.200,0.44,15921.40004504472
15683,OK,82.800,0.44,15812.599973287433
15684,OK,63.500,0.44,15932.600013911724
15685,OK,82.300,0.44,15825.600014068186
15686,OK,63.700,0.44,15948.200016282499
15687,OK,64.000,0.44,15851.80003894493
15688,OK,51.400,0.44,15967.999992426485
15689,OK,145.800,0.44,15753.499988932163
15690,OK,73.300,0.44,15854.7000028193
15691,OK,61.700,0.44,15901.799954008311
15692,OK,63.000,0.44,15900.300000794232
15693,OK,62.600,0.44,15893.000003416091
15694,OK,97.500,0.44,15831.099997740239
15695,OK,72.300,0.44,15882.199979387224
15696,OK,89.900,0.44,15922.300051897764
15697,OK,79.200,0.44,15772.599959746003
15698,OK,52.900,0.44,15992.700005881488
15699,OK,79.000,0.44,15879.8000193201
15700,OK,59.800,0.44,15887.299960013479
15701,OK,70.600,0.44,15740.39994738996
15702,OK,65.700,0.44,15866.499976255
15703,OK,53.000,0.44,15988.700033631176
15704,OK,80.100,0.44,15769.900055602193
15705,OK,48.900,0.44,15901.600010693073
15706,OK,48.200,0.44,15951.300039887428
15707,OK,52.200,0.44,15899.699996225536
15708,OK,57.900,0.44,15925.000014249235
15709,OK,67.900,0.44,15898.500045295805
15710,OK,90.200,0.44,15818.200015928596
15711,OK,90.200,0.44,15855.299949180335
15712,OK,89.800,0.44,15879.600017797202
15713,OK,59.200,0.44,15844.29998183623
15714,OK,50.000,0.44,15964.000020176172
15715,OK,51.100,0.44,15899.499994702637
15716,OK,70.100,0.44,15888.999972958118
15717,OK,48.300,0.44,15965.299971867353
15718,OK,52.000,0.44,15893.500007223338
15719,OK,79.800,0.44,15837.799990549684
15720,OK,74.800,0.44,15961.099998094141
15721,OK,87.700,0.44,15894.59995739162
15722,OK,77.300,0.44,15836.79998293519
15723,OK,93.300,0.44,15844.29998183623
15724,OK,74.400,0.44,15699.399984441698
15725,OK,81.300,0.44,15838.699997402728
15726,OK,61.600,0.44,15917.600016109645
15727,OK,61.700,0.44,15901.800012215972
15728,OK,63.000,0.44,15887.299960013479
15729,OK,70.300,0.44,15913.600043859333
15730,OK,73.200,0.44,15838.499995879829
15731,OK,77.800,0.44,15874.500037170947
15732,OK,63.300,0.44,15923.800005111843
15733,OK,96.300,0.44,15869.299997575581
15734,OK,81.100,0.44,15888.399968389422
15735,OK,80.000,0.44,15838.29999435693
15736,OK,109.900,0.44,15795.50001770258
15737,OK,77.100,0.44,15893.700008746237
15738,OK,54.000,0.44,15897.199977189302
15739,OK,67.600,0.44,15910.299960523844
15740,OK,76.000,0.44,15882.79998395592
15741,OK,89.800,0.44,15865.500026848167
15742,OK,75.000,0.44,15871.900017373264
15743,OK,84.700,0.44,15874.499978963286
15744,OK,63.300,0.44,15892.900002654642
15745,OK,131.600,0.44,15721.099975053221
15746,OK,72.400,0.44,15887.000015936792
15747,OK,52.300,0.44,15929.999994114041
15748,OK,71.400,0.44,15889.899979811162
15749,OK,72.400,0.44,15860.999992582947
15750,OK,95.400,0.44,15893.700008746237
15751,OK,82.800,0.44,15845.099987927824
15752,OK,87.000,0.44,15829.60004452616
15753,OK,60.400,0.44,15893.999952822924
15754,OK,49.500,0.44,15939.600009005517
15755,OK,59.300,0.44,15909.800014924258
15756,OK,104.300,0.44,16035.999986343086
15757,OK,79.000,0.44,15640.399942640215
15758,OK,65.300,0.44,16324.599971994758
15759,OK,95.700,0.44,15436.199959367514
15760,OK,77.500,0.44,15868.999995291233
15761,OK,77.700,0.44,15882.599982433021
15762,OK,77.500,0.44,15833.500016015023
15763,OK,106.700,0.44,15965.5999741517
15764,OK,81.600,0.44,15849.300019908696
15765,OK,58.800,0.44,15871.600015088916
15766,OK,60.300,0.44,15853.500051889569
15767,OK,60.900,0.44,15948.900021612644
15768,OK,72.700,0.44,15886.500012129545
15769,OK,60.000,0.44,15852.999989874661
15770,OK,63.900,0.44,15879.90002008155
15771,OK,71.100,0.44,16002.499964088202
15772,OK,66.600,0.44,15806.699986569583
15773,OK,56.400,0.44,15899.699996225536
15774,OK,64.100,0.44,15824.100002646446
15775,OK,92.600,0.44,15914.799994789064
15776,OK,86.600,0.44,15837.199985980988
15777,OK,86.500,0.44,15946.900006383657
15778,OK,61.500,0.44,15834.600024390966
15779,OK,63.600,0.44,15939.599950797856
15780,OK,62.400,0.44,15810.30001398176
15781,OK,81.300,0.44,15907.099994365126
15782,OK,82.600,0.44,15887.30001822114
15783,OK,65.500,0.44,15906.900051049888
15784,OK,59.700,0.44,15888.300025835633
15785,OK,53.200,0.44,15905.400039628148
15786,OK,55.300,0.44,15890.999988187104
15787,OK,75.900,0.44,15861.299994867295
15788,OK,68.200,0.44,15881.599974818528
15789,OK,60.000,0.44,15894.300013314933
15790,OK,63.000,0.44,15996.499976608902
15791,OK,139.300,0.44,15782.699978444725
15792,OK,130.400,0.44,15660.500037483871
15793,OK,60.500,0.44,15918.600023724139
15794,OK,57.500,0.44,15912.100032437593
15795,OK,51.800,0.44,15876.499994192272
15796,OK,62.800,0.44,15903.800027444959
15797,OK,56.100,0.44,15896.800032351166
15798,OK,99.500,0.44,15874.200034886599
15799,OK,103.600,0.44,15848.000010009855
15800,OK,62.400,0.44,15946.800005622208
15801,OK,162.000,0.44,15423.000033479184
15802,OK,59.600,0.44,15885.600005276501
15803,OK,61.400,0.44,15917.799959424883
15804,OK,72.200,0.44,15868.199989199638
15805,OK,108.800,0.44,15834.699966944754
15806,OK,69.400,0.44,15954.300004523247
15807,OK,60.500,0.44,15919.099969323725
15808,OK,69.100,0.44,15889.999980572611
15809,OK,70.000,0.44,15861.600055359304
15810,OK,62.900,0.44,15937.59999377653
15811,OK,71.100,0.44,15809.100004844368
15812,OK,63.100,0.44,15946.700004860759
15813,OK,61.800,0.44,15849.600022193044
15814,OK,130.700,0.44,15812.700032256544
15815,OK,139.300,0.44,15841.29995899275
15816,OK,73.500,0.44,15878.50000942126
15817,OK,78.800,0.44,15877.500001806766
15818,OK,62.900,0.44,15864.400018472224
15819,OK,68.400,0.44,15878.100006375462
15820,OK,63.900,0.44,15883.899992331862
15821,OK,90.100,0.44,15845.599991735071
15822,OK,83.600,0.44,15933.600021526217
15823,OK,83.300,0.44,15765.300020575523
15824,OK,86.300,0.44,15866.899979300797
15825,OK,84.300,0.44,15860.70004850626
15826,OK,82.100,0.44,15847.900009248406
15827,OK,81.500,0.44,15875.60004554689
15828,OK,84.000,0.44,15863.70001314208
15829,OK,92.000,0.44,15845.69999249652
15830,OK,89.000,0.44,15869.900002144277
15831,OK,95.800,0.44,15860.399988014251
15832,OK,107.600,0.44,15828.00003234297
15833,OK,71.100,0.44,15905.900043435395
15834,OK,83.400,0.44,15863.100008573383
15835,OK,107.900,0.44,15786.700008902699
15836,OK,67.600,0.44,15892.700001131743
15837,OK,86.000,0.44,15852.899989113212
15838,OK,71.800,0.44,15904.099971521646
15839,OK,87.200,0.44,15803.899965249002
15840,OK,83.900,0.44,15891.899995040148
15841,OK,88.000,0.44,15837.300044950098
15842,OK,94.600,0.44,15871.899959165603
15843,OK,102.600,0.44,15842.100023292005
15844,OK,98.200,0.44,15818.900021258742
15845,OK,65.400,0.44,15894.60001559928
15846,OK,93.600,0.44,15852.599986828864
15847,OK,103.700,0.44,15850.600029807538
15848,OK,85.000,0.44,15840.400010347366
15849,OK,83.900,0.44,15916.000003926456
15850,OK,109.400,0.44,15760.799986310303
15851,OK,63.300,0.44,15900.70000384003
15852,OK,91.600,0.44,15879.100013989955
15853,OK,91.200,0.44,15795.30001617968
15854,OK,95.900,0.44,15860.4999887757
15855,OK,93.300,0.44,15886.400011368096
15856,OK,98.900,0.44,15804.600028786808
15857,OK,109.200,0.44,15793.500002473593
15858,OK,58.100,0.44,16052.099992521107
15859,OK,113.100,0.44,15664.700011257082
15860,OK,72.700,0.44,15866.899979300797
15861,OK,45.500,0.44,15950.800036080182
15862,OK,59.800,0.44,15922.999999020249
15863,OK,59.400,0.44,15901.300008408725
15864,OK,79.600,0.44,15891.999995801598
15865,OK,95.300,0.44,15776.400046888739
15866,OK,50.600,0.44,15970.000007655472
15867,OK,50.800,0.44,15915.39999935776
15868,OK,73.900,0.44,15838.999999687076
15869,OK,72.300,0.44,15919.399971608073
15870,OK,142.200,0.44,15776.499989442527
15871,OK,88.300,0.44,15896.599972620606
15872,OK,88.200,0.44,15861.599997151643
15873,OK,79.700,0.44,15768.899989780039
15874,OK,85.600,0.44,15823.49999807775
15875,OK,83.500,0.44,15869.099996052682
15876,OK,75.500,0.44,15869.900002144277
15877,OK,75.900,0.44,15912.800037767738
15878,OK,63.600,0.44,15896.600030828267
15879,OK,64.800,0.44,15852.399985305965
15880,OK,95.900,0.44,15833.400015253574
15881,OK,92.100,0.44,15838.699997402728
15882,OK,64.100,0.44,15899.19999241829
15883,OK,54.500,0.44,15926.799969747663
15884,OK,56.900,0.44,15900.900005362928
15885,OK,76.600,0.44,15885.8000067994
15886,OK,85.700,0.44,15838.29999435693
15887,OK,60.000,0.44,15918.50002296269
15888,OK,54.000,0.44,15884.899999946356
15889,OK,59.000,0.44,15962.79995283112
15890,OK,63.800,0.44,15911.099966615438
15891,OK,68.700,0.44,15874.199976678938
15892,OK,57.800,0.44,15896.899974904954
15893,OK,57.100,0.44,15922.099992167205
15894,OK,93.900,0.44,15835.300029721111
15895,OK,59.900,0.44,15909.800014924258
15896,OK,57.200,0.44,15906.799992080778
15897,OK,57.200,0.44,15857.300022616982
15898,OK,93.700,0.44,15852.899989113212
15899,OK,87.300,0.44,15929.600049275905
15900,OK,63.000,0.44,15873.600030317903
15901,OK,61.200,0.44,15786.900010425597
15902,OK,59.400,0.44,15781.699970830232
15903,OK,65.600,0.44,15933.10001771897
15904,OK,57.700,0.44,15901.200007647276
15905,OK,52.500,0.44,15914.099989458919
15906,OK,48.700,0.44,15945.199993439019
15907,OK,44.000,0.44,15958.200034219772
15908,OK,55.500,0.44,15909.100009594113
15909,OK,50.600,0.44,15940.900018904358
15910,OK,78.200,0.44,15883.399988524616
15911,OK,69.600,0.44,15865.599969401956
15912,OK,62.500,0.44,15883.099986240268
15913,OK,73.100,0.44,15936.299983877689
15914,OK,52.500,0.44,15977.500006556511
15915,OK,158.000,0.44,15705.899975728244
15916,OK,152.600,0.44,15691.400039941072
15917,OK,151.200,0.44,15672.600013203919
15918,OK,102.700,0.44,15810.400014743209
15919,OK,72.100,0.44,15897.400036919862
15920,OK,79.200,0.44,15883.299987763166
15921,OK,65.600,0.44,15836.099977605045
15922,OK,69.000,0.44,15895.400021690875
15923,OK,75.300,0.44,15973.299974575639
15924,OK,84.400,0.44,15764.600015245378
15925,OK,72.900,0.44,15792.999998666346
15926,OK,50.700,0.44,15939.999953843653
15927,OK,47.900,0.44,15894.100011792034
15928,OK,65.000,0.44,15949.999971780926
15929,OK,96.900,0.44,15843.899978790432
15930,OK,66.100,0.44,15835.200028959662
15931,OK,81.600,0.44,15890.100039541721
15932,OK,64.100,0.44,15861.899999435991
15933,OK,86.300,0.44,15886.499953921884
15934,OK,64.300,0.44,15897.5999802351
15935,OK,63.000,0.44,15963.799960445613
15936,OK,66.300,0.44,15867.200039792806
15937,OK,97.300,0.44,15865.300025325269
15938,OK,71.400,0.44,15803.800022695214
15939,OK,97.300,0.44,15886.699955444783
15940,OK,79.100,0.44,15853.19999139756
15941,OK,97.100,0.44,15854.200057219714
15942,OK,90.900,0.44,15852.099983021617
15943,OK,114.000,0.44,15825.700014829636
15944,OK,84.400,0.44,15841.30001720041
15945,OK,85.800,0.44,15889.200032688677
15946,OK,83.200,0.44,15877.099998760968
15947,OK,106.300,0.44,15816.600003745407
15948,OK,86.900,0.44,15852.000040467829
15949,OK,118.100,0.44,15789.700031746179
15950,OK,86.000,0.44,15859.30003784597
15951,OK,86.200,0.44,15887.699963059276
15952,OK,71.400,0.44,15825.200011022389
15953,OK,100.000,0.44,15879.999962635338
15954,OK,109.300,0.44,15822.199988178909
15955,OK,102.300,0.44,15918.29996323213
15956,OK,88.700,0.44,15747.999947052449
15957,OK,85.600,0.44,15947.000007145107
15958,OK,69.900,0.44,15844.30004004389
15959,OK,83.300,0.44,17879.399994853884
15960,OK,89.700,0.44,13785.599963739514
15961,OK,82.100,0.44,15866.199973970652
15962,OK,89.000,0.44,15885.70000603795
15963,OK,83.000,0.44,15819.600026588887
15964,OK,62.900,0.44,15907.199995126575
15965,OK,86.600,0.44,15818.89996305108
15966,OK,60.300,0.44,15935.299976263195
15967,OK,73.500,0.44,15903.699968475848
15968,OK,103.300,0.44,15837.199985980988
15969,OK,110.400,0.44,15923.700004350394
15970,OK,74.300,0.44,15863.800013903528
15971,OK,66.500,0.44,15894.70001636073
15972,OK,101.100,0.44,15835.200028959662
15973,OK,159.700,0.44,15662.199992220849
15974,OK,69.900,0.44,15930.800000205636
15975,OK,64.700,0.44,15894.099953584373
15976,OK,81.200,0.44,18233.600014355034
15977,OK,94.900,0.44,13424.80001039803
15978,OK,61.000,0.44,15890.999988187104
15979,OK,60.600,0.44,15911.1000248231
15980,OK,79.700,0.44,15931.60000629723
15981,OK,94.200,0.44,15800.299996044487
15982,OK,69.300,0.44,15948.899963404983
15983,OK,66.100,0.44,15940.50001585856
15984,OK,158.800,0.44,15669.199987314641
15985,OK,61.600,0.44,15899.20005062595
15986,OK,63.100,0.44,15892.700001131743
15987,OK,110.800,0.44,15853.19999139756
15988,OK,63.300,0.44,15836.399979889393
15989,OK,44.800,0.44,15943.900041747838
15990,OK,62.400,0.44,15960.599994286895
15991,OK,65.300,0.44,15789.199969731271
15992,OK,59.700,0.44,15906.199987512082
15993,OK,77.200,0.44,15896.000026259571
15994,OK,80.300,0.44,15811.49996491149
15995,OK,58.600,0.44,15945.499995723367
15996,OK,98.800,0.44,15851.099975407124
15997,OK,87.000,0.44,15842.700027860701
15998,OK,88.900,0.44,15882.399980910122
15999,OK,158.000,0.44,15822.499990463257
16000,OK,73.200,0.44,15856.899961363524
16001,OK,85.700,0.44,15841.399959754199
16002,OK,205.100,0.44,15588.400012347847
16003,OK,77.700,0.44,15866.699977777898
16004,OK,54.100,0.44,15982.299984898418
16005,OK,117.000,0.44,15715.999994426966
16006,OK,65.800,0.44,15894.300013314933
16007,OK,65.300,0.44,15985.800011549145
16008,OK,62.700,0.44,15886.700013652444
16009,OK,63.800,0.44,15828.099974896759
16010,OK,80.000,0.44,15856.09995527193
16011,OK,78.800,0.44,16034.399974159896
16012,OK,113.800,0.44,15599.6999819763
16013,OK,66.000,0.44,15891.399991232902
16014,OK,61.300,0.44,15918.30002143979
16015,OK,60.600,0.44,15991.399995982647
16016,OK,81.600,0.44,15836.69998217374
16017,OK,58.200,0.44,15899.20005062595
16018,OK,57.000,0.44,15898.200043011457
16019,OK,64.400,0.44,15851.899981498718
16020,OK,59.800,0.44,15880.999970249832
16021,OK,52.500,0.44,15963.599958922714
16022,OK,66.800,0.44,15873.700031079352
16023,OK,86.000,0.44,15824.200003407896
16024,OK,93.900,0.44,15886.400011368096
16025,OK,66.700,0.44,15870.200004428625
16026,OK,60.600,0.44,15876.099991146475
16027,OK,55.500,0.44,15870.500006712973
16028,OK,58.200,0.44,15919.400029815733
16029,OK,64.700,0.44,15924.30000891909
16030,OK,79.500,0.44,15921.29998607561
16031,OK,62.200,0.44,15866.999980062246
16032,OK,60.800,0.44,15884.19999461621
16033,OK,127.000,0.44,15720.199968200177
16034,OK,59.900,0.44,15953.599999193102
16035,OK,58.000,0.44,15861.699997913092
16036,OK,83.000,0.44,15876.79999647662
16037,OK,68.800,0.44,15879.599959589541
16038,OK,105.200,0.44,15913.199982605875
16039,OK,79.900,0.44,15832.600009161979
16040,OK,85.300,0.44,15888.999972958118
16041,OK,79.200,0.44,15845.90005222708
16042,OK,85.800,0.44,15880.700026173145
16043,OK,79.100,0.44,15825.400012545288
16044,OK,60.200,0.44,15891.399991232902
16045,OK,56.300,0.44,15901.000006124377
16046,OK,71.400,0.44,15905.09997913614
16047,OK,80.100,0.44,15879.8000193201
16048,OK,60.300,0.44,15859.899984207004
16049,OK,61.200,0.44,15919.89997541532
16050,OK,61.000,0.44,15898.699988611042
16051,OK,81.200,0.44,15871.400013566017
16052,OK,79.200,0.44,15892.399998847395
16053,OK,60.400,0.44,15943.200036417693
16054,OK,105.300,0.44,15761.599992401898
16055,OK,70.700,0.44,15890.29998285696
16056,OK,58.000,0.44,15921.19998531416
16057,OK,73.500,0.44,15959.999989718199
16058,OK,61.900,0.44,15821.199980564415
16059,OK,96.300,0.44,15928.099979646504
16060,OK,74.500,0.44,15797.599975485355
16061,OK,86.600,0.44,15880.099963396788
16062,OK,67.900,0.44,15883.100044447929
16063,OK,70.600,0.44,15883.499989286065
16064,OK,59.900,0.44,15894.699958153069
16065,OK,61.700,0.44,15894.400014076382
16066,OK,74.400,0.44,15884.499996900558
16067,OK,55.900,0.44,15903.400024399161
16068,OK,55.800,0.44,15904.799976851791
16069,OK,53.800,0.44,15888.499969150871
16070,OK,59.100,0.44,15962.80001103878
16071,OK,56.900,0.44,15914.799994789064
16072,OK,58.600,0.44,15855.700010433793
16073,OK,72.500,0.44,15931.500005535781
16074,OK,61.200,0.44,15859.299979638308
16075,OK,78.600,0.44,15874.499978963286
16076,OK,94.700,0.44,15845.399990212172
16077,OK,90.000,0.44,15870.700008235872
16078,OK,89.100,0.44,15848.000010009855
16079,OK,67.800,0.44,15881.399973295629
16080,OK,48.000,0.44,15893.600007984787
16081,OK,57.800,0.44,15918.099961709231
16082,OK,48.900,0.44,15995.499968994409
16083,OK,52.200,0.44,15991.399995982647
16084,OK,142.400,0.44,15605.600026901811
16085,OK,76.600,0.44,15988.699975423515
16086,OK,154.200,0.44,15633.500006515533
16087,OK,82.100,0.44,15853.899996727705
16088,OK,152.000,0.44,15850.399970076978
16089,OK,65.100,0.44,15838.799998164177
16090,OK,75.900,0.44,15950.499975588173
16091,OK,71.400,0.44,15785.700001288205
16092,OK,80.100,0.44,15912.60003624484
16093,OK,78.200,0.44,15886.300010606647
16094,OK,64.600,0.44,15913.399984128773
16095,OK,62.700,0.44,15854.900004342198
16096,OK,75.800,0.44,15923.400002066046
16097,OK,75.900,0.44,15863.300010096282
16098,OK,62.100,0.44,15900.099999271333
16099,OK,64.600,0.44,15873.499971348792
16100,OK,124.400,0.44,15863.70001314208
16101,OK,65.100,0.44,15708.599996287376
16102,OK,77.100,0.44,15905.699983704835
16103,OK,91.000,0.44,15789.700031746179
16104,OK,94.200,0.44,15933.800023049116
16105,OK,79.200,0.44,15914.499992504716
16106,OK,84.000,0.44,15757.699962705374
16107,OK,73.400,0.44,15930.399997159839
16108,OK,80.800,0.44,15904.799976851791
16109,OK,62.800,0.44,15843.299974221736
16110,OK,100.000,0.44,15837.499988265336
16111,OK,92.400,0.44,15828.500036150217
16112,OK,54.800,0.44,15870.700008235872
16113,OK,48.200,0.44,15915.100055281073
16114,OK,47.300,0.44,15954.0000022389
16115,OK,75.200,0.44,15916.500007733703
16116,OK,62.300,0.44,15893.30000570044
16117,OK,63.200,0.44,15929.699991829693
16118,OK,77.000,0.44,15830.599993932992
16119,OK,72.800,0.44,15895.600023213774
16120,OK,118.200,0.44,15792.699996381998
16121,OK,72.800,0.44,15800.499997567385
16122,OK,96.000,0.44,15777.49999705702
16123,OK,86.700,0.44,15921.29998607561
16124,OK,64.200,0.44,15831.800003070384
16125,OK,60.400,0.44,15856.20001424104
16126,OK,61.800,0.44,15947.90001399815
16127,OK,64.400,0.44,15866.39997549355
16128,OK,87.600,0.44,15882.100036833435
16129,OK,53.400,0.44,15845.299989450723
16130,OK,50.000,0.44,15891.199989710003
16131,OK,81.400,0.44,15893.000003416091
16132,OK,87.300,0.44,15886.000008322299
16133,OK,100.800,0.44,15852.899989113212
16134,OK,84.700,0.44,15806.499985046685
16135,OK,87.400,0.44,15856.600017286837
16136,OK,67.300,0.44,15870.000002905726
16137,OK,87.400,0.44,15899.399993941188
16138,OK,91.900,0.44,15811.100020073354
16139,OK,80.500,0.44,15879.79996111244
16140,OK,79.700,0.44,15863.50001161918
16141,OK,82.400,0.44,15854.799945373088
16142,OK,67.000,0.44,15886.200009845197
16143,OK,83.800,0.44,15877.800004091114
16144,OK,83.400,0.44,15882.700041402131
16145,OK,103.100,0.44,15838.799998164177
16146,OK,105.500,0.44,15836.89998369664
16147,OK,87.800,0.44,15833.100012969226
16148,OK,99.600,0.44,15840.699954424053
16149,OK,87.200,0.44,15876.599994953722
16150,OK,88.000,0.44,15828.799980226904
16151,OK,88.800,0.44,15846.299997065216
16152,OK,67.200,0.44,16909.3000004068
16153,OK,100.100,0.44,14842.299977317452
16154,OK,87.000,0.44,15863.599954172969
16155,OK,92.800,0.44,15824.000001884997
16156,OK,86.800,0.44,15867.199981585145
16157,OK,85.600,0.44,15850.600029807538
16158,OK,98.200,0.44,15842.9000293836
16159,OK,106.800,0.44,15825.500013306737
16160,OK,105.100,0.44,15839.80000577867
16161,OK,87.100,0.44,15899.699996225536
16162,OK,85.500,0.44,15829.099982511252
16163,OK,90.500,0.44,15813.09997709468
16164,OK,80.600,0.44,15862.300002481788
16165,OK,70.700,0.44,16011.099971365184
16166,OK,91.600,0.44,15731.299994513392
16167,OK,63.200,0.44,15899.999998509884
16168,OK,62.200,0.44,15891.099988948554
16169,OK,63.300,0.44,15951.999987009913
16170,OK,57.900,0.44,15922.6999967359
16171,OK,85.400,0.44,15850.799973122776
16172,OK,107.400,0.44,15816.600003745407
16173,OK,70.700,0.44,15888.100024312735
16174,OK,110.300,0.44,15845.099987927824
16175,OK,61.000,0.44,15910.200017970055
16176,OK,131.000,0.44,15771.500009577721
16177,OK,59.300,0.44,15868.699993006885
16178,OK,56.300,0.44,15878.799953497946
16179,OK,63.200,0.44,15993.300010450184
16180,OK,79.900,0.44,15832.600009161979
16181,OK,77.100,0.44,15858.799975831062
16182,OK,61.000,0.44,15853.499993681908
16183,OK,77.300,0.44,15920.799982268363
16184,OK,62.500,0.44,15846.099995542318
16185,OK,64.500,0.44,15924.999956041574
16186,OK,124.900,0.44,15778.200002387166
16187,OK,86.500,0.44,15884.39999613911
16188,OK,90.600,0.44,15856.000012718141
16189,OK,89.000,0.44,15783.799986820668
16190,OK,76.700,0.44,15944.399987347424
16191,OK,65.100,0.44,15917.100012302399
16192,OK,59.100,0.44,15888.59996991232
16193,OK,69.400,0.44,15847.30000467971
16194,OK,50.900,0.44,15926.200023386627
16195,OK,55.300,0.44,15903.400024399161
16196,OK,69.700,0.44,15893.10000417754
16197,OK,72.000,0.44,15880.100021604449
16198,OK,67.300,0.44,15871.10001128167
16199,OK,75.700,0.44,15881.799976341426
16200,OK,59.200,0.44,15866.199973970652
16201,OK,64.400,0.44,15869.599999859929
16202,OK,92.500,0.44,15801.40000442043
16203,OK,75.500,0.44,15834.499965421855
16204,OK,60.200,0.44,15949.199965689331
16205,OK,71.600,0.44,15904.89997761324
16206,OK,69.600,0.44,15908.900008071214
16207,OK,62.500,0.44,15908.800007309765
16208,OK,64.100,0.44,15885.400003753603
16209,OK,62.100,0.44,15898.199984803796
16210,OK,61.000,0.44,15921.099984552711
16211,OK,62.500,0.44,15844.29998183623
16212,OK,66.400,0.44,15894.000011030585
16213,OK,60.400,0.44,15901.799954008311
16214,OK,71.600,0.44,15907.499997410923
16215,OK,139.200,0.44,15744.000033009797
16216,OK,62.800,0.44,15877.800004091114
16217,OK,80.800,0.44,15854.400000534952
16218,OK,67.100,0.44,16065.800038632005
16219,OK,201.800,0.44,15444.800024852157
16220,OK,64.200,0.44,15849.700022954494
16221,OK,65.000,0.44,15878.200007136911
16222,OK,76.600,0.44,15906.000044196844
16223,OK,90.200,0.44,15916.200005449355
16224,OK,68.000,0.44,15852.499986067414
16225,OK,89.500,0.44,15926.200023386627
16226,OK,76.500,0.44,15769.900055602193
16227,OK,75.200,0.44,15913.79998717457
16228,OK,101.000,0.44,15782.599977683276
16229,OK,108.000,0.44,15850.799973122776
16230,OK,90.700,0.44,15894.500014837831
16231,OK,85.400,0.44,15757.999964989722
16232,OK,80.200,0.44,15918.599965516478
16233,OK,61.900,0.44,15904.699976090342
16234,OK,65.600,0.44,15861.000050790608
16235,OK,60.100,0.44,15899.899997748435
16236,OK,58.100,0.44,15909.300011117011
16237,OK,57.700,0.44,15972.899971529841
16238,OK,62.100,0.44,15847.800008486956
16239,OK,147.400,0.44,15757.300017867237
16240,OK,121.900,0.44,15871.200012043118
16241,OK,74.600,0.44,15862.700005527586
16242,OK,63.500,0.44,15848.200011532754
16243,OK,60.300,0.44,15921.50004580617
16244,OK,59.100,0.44,15848.100010771304
16245,OK,52.300,0.44,15905.20003810525
16246,OK,66.000,0.44,15863.100008573383
16247,OK,78.500,0.44,15927.899978123605
16248,OK,68.100,0.44,15831.400000024587
16249,OK,86.600,0.44,15893.000003416091
16250,OK,86.400,0.44,15816.09999993816
16251,OK,81.900,0.44,15869.999944698066
16252,OK,81.300,0.44,15853.499993681908
16253,OK,91.400,0.44,15847.800008486956
16254,OK,101.300,0.44,15837.200044188648
16255,OK,100.900,0.44,15989.29997999221
16256,OK,84.300,0.44,15706.000034697354
16257,OK,98.400,0.44,15879.899961873889
16258,OK,96.700,0.44,15819.500025827438
16259,OK,87.000,0.44,15842.100023292005
16260,OK,114.200,0.44,15855.000005103648
16261,OK,93.500,0.44,15869.099996052682
16262,OK,92.200,0.44,15849.899966269732
16263,OK,94.900,0.44,15846.099995542318
16264,OK,93.200,0.44,15844.600042328238
16265,OK,91.400,0.44,15853.399992920458
16266,OK,89.900,0.44,15838.699997402728
16267,OK,87.600,0.44,15875.599987339228
16268,OK,66.900,0.44,15876.99999799952
16269,OK,102.500,0.44,15833.79996009171
16270,OK,93.400,0.44,15892.99994520843
16271,OK,84.100,0.44,15823.299996554852
16272,OK,85.500,0.44,15863.800013903528
16273,OK,101.500,0.44,15843.600034713745
16274,OK,84.000,0.44,15827.699971850961
16275,OK,93.600,0.44,15859.399980399758
16276,OK,104.300,0.44,15862.500004004687
16277,OK,94.400,0.44,15811.59996567294
16278,OK,87.300,0.44,15868.099988438189
16279,OK,87.300,0.44,15851.499978452921
16280,OK,88.600,0.44,15878.50000942126
16281,OK,101.700,0.44,16108.00001071766
16282,OK,118.400,0.44,15571.80000236258
16283,OK,100.500,0.44,15814.69998927787
16284,OK,137.100,0.44,15732.600004412234
16285,OK,104.800,0.44,15860.199986491352
16286,OK,72.900,0.44,15835.499973036349
16287,OK,65.000,0.44,15876.299992669374
16288,OK,60.600,0.44,15911.500027868897
16289,OK,87.300,0.44,15848.70001534
16290,OK,75.300,0.44,15879.499958828092
16291,OK,74.500,0.44,15926.500025670975
16292,OK,70.800,0.44,15904.100029729307
16293,OK,92.500,0.44,15830.299991648644
16294,OK,62.200,0.44,15897.899982519448
16295,OK,68.700,0.44,15877.500001806766
16296,OK,72.100,0.44,16606.299963314086
16297,OK,92.800,0.44,15091.300010681152
16298,OK,77.200,0.44,15876.599994953722
16299,OK,64.900,0.44,15966.900042258203
16300,OK,88.700,0.44,15724.2999994196
16301,OK,62.400,0.44,15821.700042579323
16302,OK,59.400,0.44,15905.799984466285
16303,OK,82.700,0.44,15851.099975407124
16304,OK,58.800,0.44,15872.999967541546
16305,OK,203.900,0.44,15720.999974291772
16306,OK,58.600,0.44,15882.299980148673
16307,OK,83.600,0.44,15825.699956621975
16308,OK,48.600,0.44,15964.19996349141
16309,OK,140.000,0.44,15781.300025992095
16310,OK,67.700,0.44,15895.99996805191
16311,OK,73.400,0.44,15837.199985980988
16312,OK,51.600,0.44,15952.49999081716
16313,OK,60.000,0.44,15972.99997229129
16314,OK,67.100,0.44,15891.299990471452
16315,OK,70.000,0.44,15879.600017797202
16316,OK,71.200,0.44,15841.30001720041
16317,OK,89.800,0.44,15794.800012372434
16318,OK,57.700,0.44,15875.50004478544
16319,OK,61.300,0.44,15920.100035145879
16320,OK,67.000,0.44,15888.000023551285
16321,OK,93.100,0.44,15846.700000111014
16322,OK,69.400,0.44,15859.000035561621
16323,OK,65.500,0.44,16019.599977880716
16324,OK,65.000,0.44,15876.79999647662
16325,OK,62.100,0.44,15867.89998691529
16326,OK,62.300,0.44,15666.49996675551
16327,OK,83.000,0.44,16018.299967981875
16328,OK,142.800,0.44,15690.699976403266
16329,OK,62.300,0.44,15845.999994780868
16330,OK,61.800,0.44,15878.900012467057
16331,OK,59.600,0.44,15883.399988524616
16332,OK,63.900,0.44,15939.10000519827
16333,OK,70.400,0.44,15820.39997447282
16334,OK,67.600,0.44,15930.900000967085
16335,OK,52.000,0.44,15902.20001526177
16336,OK,53.900,0.44,15883.799991570413
16337,OK,77.600,0.44,15916.000003926456
16338,OK,86.600,0.44,16019.799979403615
16339,OK,83.500,0.44,15758.099965751171
16340,OK,72.900,0.44,15832.600009161979
16341,OK,61.200,0.44,16058.799985330552
16342,OK,62.500,0.44,15683.699981309474
16343,OK,48.300,0.44,15893.20000493899
16344,OK,70.500,0.44,15938.099997583777
16345,OK,99.900,0.44,15783.59998529777
16346,OK,75.400,0.44,15914.499992504716
16347,OK,50.500,0.44,15927.20003100112
16348,OK,55.700,0.44,15901.99995553121
16349,OK,47.600,0.44,15955.099952407181
16350,OK,80.800,0.44,15872.60002270341
16351,OK,79.200,0.44,15839.90000654012
16352,OK,64.900,0.44,15989.199979230762
16353,OK,204.800,0.44,15512.100013438612
16354,OK,86.700,0.44,15804.000024218112
16355,OK,56.000,0.44,15943.200036417693
16356,OK,68.500,0.44,15878.599951975048
16357,OK,87.700,0.44,15929.099987260997
16358,OK,71.600,0.44,15859.499981161207
16359,OK,69.800,0.44,15890.399983618408
16360,OK,123.500,0.44,15787.700016517192
16361,OK,63.600,0.44,15864.800021518022
16362,OK,66.500,0.44,15878.200007136911
16363,OK,60.400,0.44,15919.500030577183
16364,OK,80.800,0.44,15825.700014829636
16365,OK,72.100,0.44,15888.300025835633
16366,OK,112.900,0.44,15912.49997727573
16367,OK,66.500,0.44,15843.800036236644
16368,OK,96.900,0.44,15766.900032758713
16369,OK,60.000,0.44,15903.800027444959
16370,OK,53.700,0.44,15907.90000045672
16371,OK,47.500,0.44,15957.699972204864
16372,OK,51.800,0.44,15877.800004091114
16373,OK,58.400,0.44,15947.400010190904
16374,OK,75.800,0.44,15874.399978201836
16375,OK,79.400,0.44,15840.200008824468
16376,OK,62.200,0.44,15860.699990298599
16377,OK,58.900,0.44,15895.799966529012
16378,OK,57.100,0.44,15869.099996052682
16379,OK,44.500,0.44,15949.50002618134
16380,OK,60.400,0.44,15966.700040735304
16381,OK,62.100,0.44,15851.200034376234
16382,OK,86.600,0.44,15983.49999403581
16383,OK,89.900,0.44,15782.600035890937
