bloco,status,tempo_python_us,tempo_fpga_us,rtt_total_us
0,OK,3807.500,0.44,15921.899990644306
1,OK,156.200,0.44,15949.60002694279
2,OK,67.300,0.44,15925.899962894619
3,OK,69.900,0.44,15920.900041237473
4,OK,66.800,0.44,15666.999970562756
5,OK,64.000,0.44,15902.399958577007
6,OK,67.100,0.44,43774.29996384308
7,OK,99.900,0.44,35934.89999184385
8,OK,77.500,0.44,15850.30002752319
9,OK,62.600,0.44,15872.60002270341
10,OK,91.000,0.44,16007.800004445016
11,OK,60.300,0.44,15905.999985989183
12,OK,77.900,0.44,15972.799970768392
13,OK,103.500,0.44,15841.600019484758
14,OK,132.800,0.44,15986.200014594942
15,OK,147.400,0.44,15795.899962540716
16,OK,145.000,0.44,15858.099970500916
17,OK,141.100,0.44,15493.19998594001
18,OK,138.000,0.44,15608.899993821979
19,OK,187.600,0.44,15474.900021217763
20,OK,129.100,0.44,15862.500004004687
21,OK,65.200,0.44,15845.099987927824
22,OK,61.900,0.44,15970.400010701269
23,OK,89.800,0.44,15762.099996209145
24,OK,57.800,0.44,15811.399964150041
25,OK,42.000,0.44,16131.200012750924
26,OK,191.000,0.44,15518.700005486608
27,OK,44.300,0.44,15909.000008832663
28,OK,44.200,0.44,15930.699999444187
29,OK,46.400,0.44,15895.600023213774
30,OK,60.800,0.44,15957.600029651076
31,OK,79.600,0.44,15829.099982511252
32,OK,53.600,0.44,15921.39998683706
33,OK,49.200,0.44,15907.90000045672
34,OK,70.600,0.44,15876.79999647662
35,OK,63.800,0.44,15857.999969739467
36,OK,39.500,0.44,15990.500047337264
37,OK,54.700,0.44,15943.299978971481
38,OK,42.800,0.44,15927.899978123605
39,OK,48.900,0.44,15891.299990471452
40,OK,42.400,0.44,15918.600023724139
41,OK,51.500,0.44,15920.199977699667
42,OK,47.100,0.44,15918.40002220124
43,OK,46.700,0.44,15937.099989969283
44,OK,58.600,0.44,15925.199957564473
45,OK,63.000,0.44,15885.400003753603
46,OK,72.900,0.44,15903.200022876263
47,OK,72.200,0.44,15873.600030317903
48,OK,59.500,0.44,15940.200013574213
49,OK,55.800,0.44,15904.799976851791
50,OK,57.200,0.44,15891.5999927558
51,OK,50.100,0.44,15956.100018229336
52,OK,50.800,0.44,15875.999990385026
53,OK,51.800,0.44,15930.599998682737
54,OK,55.100,0.44,15923.600003588945
55,OK,46.500,0.44,15917.700016871095
56,OK,43.500,0.44,15931.300004012883
57,OK,66.300,0.44,15895.600023213774
58,OK,47.100,0.44,15951.900044456124
59,OK,70.500,0.44,15895.900025498122
60,OK,77.900,0.44,15880.600025411695
61,OK,55.000,0.44,15939.300006721169
62,OK,115.700,0.44,15719.90002412349
63,OK,118.100,0.44,15809.400007128716
64,OK,54.100,0.44,16107.89995174855
65,OK,80.600,0.44,15662.599995266646
66,OK,105.000,0.44,15828.00003234297
67,OK,58.300,0.44,15924.000006634742
68,OK,96.400,0.44,15819.800028111786
69,OK,91.500,0.44,16089.599987026304
70,OK,92.800,0.44,15656.499948818237
71,OK,105.900,0.44,15748.400008305907
72,OK,143.700,0.44,15743.100026156753
73,OK,102.300,0.44,15855.500008910894
74,OK,104.500,0.44,15828.799980226904
75,OK,92.600,0.44,15859.599981922656
76,OK,68.800,0.44,15876.499994192272
77,OK,70.200,0.44,15847.500006202608
78,OK,64.400,0.44,15861.799998674542
79,OK,85.600,0.44,15908.899949863553
80,OK,60.600,0.44,15861.499996390194
81,OK,71.300,0.44,15882.999985478818
82,OK,60.100,0.44,15889.699978288263
83,OK,59.900,0.44,15914.499992504716
84,OK,91.800,0.44,15861.199994105846
85,OK,76.300,0.44,15885.500004515052
86,OK,92.000,0.44,15899.499994702637
87,OK,69.100,0.44,15822.899993509054
88,OK,111.600,0.44,15803.699963726103
89,OK,69.900,0.44,15904.099971521646
90,OK,61.000,0.44,15853.499993681908
91,OK,69.000,0.44,15962.70001027733
92,OK,56.300,0.44,15845.299989450723
93,OK,52.300,0.44,15986.60001764074
94,OK,57.500,0.44,15842.500026337802
95,OK,84.300,0.44,15873.499971348792
96,OK,79.100,0.44,15870.500006712973
97,OK,59.100,0.44,15839.200001209974
98,OK,48.400,0.44,15947.100007906556
99,OK,44.700,0.44,15961.40000037849
100,OK,67.300,0.44,15821.299981325865
101,OK,41.100,0.44,15889.899979811162
102,OK,48.500,0.44,15947.90001399815
103,OK,46.700,0.44,15973.600035067648
104,OK,64.100,0.44,15907.799999695271
105,OK,54.100,0.44,15859.10003632307
106,OK,55.500,0.44,15918.29996323213
107,OK,49.800,0.44,15905.399981420487
108,OK,67.100,0.44,15908.200002741069
109,OK,62.000,0.44,15894.60001559928
110,OK,58.000,0.44,15948.299958836287
111,OK,62.400,0.44,15894.399955868721
112,OK,52.000,0.44,16075.49999607727
113,OK,48.500,0.44,15692.900051362813
114,OK,51.000,0.44,15901.600010693073
115,OK,46.300,0.44,15923.500002827495
116,OK,94.700,0.44,15888.200025074184
117,OK,61.100,0.44,15951.699984725565
118,OK,56.300,0.44,15859.900042414665
119,OK,71.000,0.44,15837.099985219538
120,OK,61.200,0.44,15923.800005111843
121,OK,60.600,0.44,15911.400027107447
122,OK,77.600,0.44,15877.600002568215
123,OK,79.000,0.44,15864.199958741665
124,OK,56.000,0.44,15955.899958498776
125,OK,182.400,0.44,15861.499996390194
126,OK,53.400,0.44,15656.1000039801
127,OK,40.400,0.44,15944.699989631772
128,OK,96.400,0.44,15763.000003062189
129,OK,49.400,0.44,16261.400014627725
130,OK,59.000,0.44,15667.300031054765
131,OK,68.300,0.44,15894.699958153069
132,OK,79.100,0.44,15802.000008989125
133,OK,77.200,0.44,15922.999999020249
134,OK,57.500,0.44,15906.900051049888
135,OK,58.400,0.44,15924.499952234328
136,OK,60.400,0.44,15810.700017027557
137,OK,91.600,0.44,15881.19997177273
138,OK,46.900,0.44,15906.49998979643
139,OK,42.300,0.44,15945.199993439019
140,OK,48.600,0.44,15892.399998847395
141,OK,50.800,0.44,15981.100033968687
142,OK,66.100,0.44,15840.000007301569
143,OK,64.500,0.44,15927.899978123605
144,OK,56.200,0.44,15855.900011956692
145,OK,59.600,0.44,15953.499998431653
146,OK,69.500,0.44,15894.699958153069
147,OK,54.400,0.44,15885.8000067994
148,OK,49.200,0.44,15808.399999514222
149,OK,68.300,0.44,16002.700023818761
150,OK,49.000,0.44,15878.30000789836
151,OK,50.800,0.44,15918.600023724139
152,OK,52.200,0.44,15877.099998760968
153,OK,66.600,0.44,15909.40001187846
154,OK,54.900,0.44,15916.300006210804
155,OK,52.300,0.44,15872.700023464859
156,OK,32.800,0.44,15953.200054354966
157,OK,36.400,0.44,15974.999987520278
158,OK,45.600,0.44,15934.400027617812
159,OK,55.900,0.44,15915.50000011921
160,OK,45.400,0.44,15934.200026094913
161,OK,44.200,0.44,15936.700045131147
162,OK,52.000,0.44,15912.29997575283
163,OK,50.400,0.44,15917.100012302399
164,OK,48.900,0.44,15901.700011454523
165,OK,43.200,0.44,15936.699986923486
166,OK,40.200,0.44,15939.500008244067
167,OK,42.500,0.44,15962.600009515882
168,OK,43.900,0.44,15924.900013487786
169,OK,126.400,0.44,15777.799999341369
170,OK,73.800,0.44,15964.999969583005
171,OK,69.300,0.44,15877.800004091114
172,OK,58.500,0.44,15895.499964244664
173,OK,72.700,0.44,15881.800034549087
174,OK,78.000,0.44,15813.299978617579
175,OK,63.300,0.44,16031.700011808425
176,OK,84.000,0.44,15649.900014977902
177,OK,56.900,0.44,15949.999971780926
178,OK,72.200,0.44,15917.200013063848
179,OK,109.800,0.44,15847.500006202608
180,OK,52.400,0.44,15804.600028786808
181,OK,48.400,0.44,15949.999971780926
182,OK,67.300,0.44,16700.100037269294
183,OK,93.200,0.44,15023.999963887036
184,OK,56.300,0.44,15927.30003176257
185,OK,71.300,0.44,15898.699988611042
186,OK,63.200,0.44,15846.800000872463
187,OK,59.300,0.44,16010.699968319386
188,OK,128.700,0.44,15722.899988759309
189,OK,108.200,0.44,15833.200013730675
190,OK,56.800,0.44,15882.499981671572
191,OK,54.400,0.44,15903.900028206408
192,OK,50.600,0.44,15915.099997073412
193,OK,57.000,0.44,15928.299981169403
194,OK,61.100,0.44,15931.900008581579
195,OK,68.500,0.44,15817.100007552654
196,OK,75.200,0.44,15856.900019571185
197,OK,73.300,0.44,15888.500027358532
198,OK,76.100,0.44,15915.800002403557
199,OK,75.500,0.44,15837.499988265336
200,OK,91.000,0.44,15868.699993006885
201,OK,78.900,0.44,15779.00000847876
202,OK,72.500,0.44,15841.30001720041
203,OK,85.200,0.44,15874.399978201836
204,OK,84.600,0.44,15864.399960264564
205,OK,98.900,0.44,15810.10001245886
206,OK,78.700,0.44,15850.799973122776
207,OK,70.000,0.44,15890.799986664206
208,OK,61.000,0.44,15963.600017130375
209,OK,100.500,0.44,15819.799969904125
210,OK,106.000,0.44,15865.800029132515
211,OK,94.500,0.44,15806.199982762337
212,OK,93.400,0.44,15524.29998992011
213,OK,88.000,0.44,15858.200029470026
214,OK,86.300,0.44,15858.600032515824
215,OK,92.900,0.44,15856.000012718141
216,OK,59.600,0.44,15872.50002194196
217,OK,96.700,0.44,15863.800013903528
218,OK,91.600,0.44,16139.400016982108
219,OK,191.600,0.44,15346.39997407794
220,OK,71.000,0.44,16173.100040759891
221,OK,247.400,0.44,15519.399952609092
222,OK,112.500,0.44,15611.60001438111
223,OK,78.000,0.44,15840.500011108816
224,OK,184.700,0.44,15779.20001000166
225,OK,105.900,0.44,15830.200049094856
226,OK,142.300,0.44,15881.200029980391
227,OK,98.900,0.44,15598.30002952367
228,OK,84.400,0.44,15880.800026934594
229,OK,66.100,0.44,15872.50002194196
230,OK,72.900,0.44,15904.600033536553
231,OK,65.100,0.44,15872.000018134713
232,OK,61.400,0.44,15891.000046394765
233,OK,52.300,0.44,15905.00003658235
234,OK,49.300,0.44,15922.000049613416
235,OK,66.400,0.44,15837.699989788234
236,OK,50.300,0.44,15973.3000327833
237,OK,53.000,0.44,15922.099992167205
238,OK,72.000,0.44,15872.800024226308
239,OK,67.400,0.44,15860.899991821498
240,OK,71.200,0.44,16001.699957996607
241,OK,71.000,0.44,15833.800018299371
242,OK,60.400,0.44,15899.799996986985
243,OK,59.400,0.44,15921.40004504472
244,OK,60.400,0.44,15862.900007050484
245,OK,105.500,0.44,15862.699947319925
246,OK,55.300,0.44,15906.39998903498
247,OK,55.500,0.44,15917.300013825297
248,OK,75.400,0.44,15929.900051560253
249,OK,115.700,0.44,15748.300007544458
250,OK,112.100,0.44,15818.700019735843
251,OK,144.200,0.44,15821.599983610213
252,OK,157.300,0.44,15696.999966166914
253,OK,58.400,0.44,15828.299976419657
254,OK,63.300,0.44,15895.899967290461
255,OK,98.200,0.44,15862.400003243238
256,OK,67.700,0.44,15874.0000333637
257,OK,47.100,0.44,15959.69998743385
258,OK,85.200,0.44,15842.100023292005
259,OK,42.200,0.44,16128.899995237589
260,OK,44.900,0.44,15855.600009672344
261,OK,58.200,0.44,15982.599987182766
262,OK,58.500,0.44,16008.099948521703
263,OK,59.100,0.44,15926.400024909526
264,OK,65.000,0.44,15495.700004976243
265,OK,72.400,0.44,16153.500007931143
266,OK,104.100,0.44,16509.900044184178
267,OK,497.400,0.44,19515.299994964153
268,OK,121.000,0.44,10517.699993215501
269,OK,158.000,0.44,17083.09998502955
270,OK,258.200,0.44,13975.300011225045
271,OK,123.300,0.44,15879.199956543744
272,OK,114.200,0.44,15955.999959260225
273,OK,217.900,0.44,15422.299969941378
274,OK,95.700,0.44,15853.19999139756
275,OK,151.100,0.44,15908.600005786866
276,OK,100.400,0.44,15647.19999441877
277,OK,140.400,0.44,15857.200021855533
278,OK,154.400,0.44,15695.100009907037
279,OK,414.600,0.44,15547.900053206831
280,OK,100.500,0.44,15894.80001712218
281,OK,104.400,0.44,15684.699988923967
282,OK,97.900,0.44,15868.299989961088
283,OK,122.200,0.44,15828.600036911666
284,OK,82.900,0.44,15799.999993760139
285,OK,90.600,0.44,15862.900007050484
286,OK,104.600,0.44,15842.199965845793
287,OK,78.500,0.44,15884.799999184906
288,OK,65.100,0.44,18549.000029452145
289,OK,110.800,0.44,44827.4000082165
290,OK,8628.300,0.44,76371.59997830167
291,OK,204.600,0.44,50347.29995531961
292,OK,84.100,0.44,47576.2999849394
293,OK,214.700,0.44,10514.200024772435
294,OK,278.800,0.44,52974.299993366
295,OK,118.100,0.44,9416.799992322922
296,OK,114.600,0.44,15777.59999781847
297,OK,138.700,0.44,15821.399982087314
298,OK,102.900,0.44,15844.399982597679
299,OK,95.600,0.44,42222.099960781634
300,OK,261.300,0.44,5271.300033200532
301,OK,117.100,0.44,15623.59998933971
302,OK,100.300,0.44,15884.799999184906
303,OK,98.700,0.44,15764.600015245378
304,OK,62.000,0.44,15868.199989199638
305,OK,82.000,0.44,16186.599968932569
306,OK,119.100,0.44,15522.199973929673
307,OK,62.500,0.44,15885.70000603795
308,OK,63.700,0.44,15908.500005025417
309,OK,51.800,0.44,15912.899980321527
310,OK,82.600,0.44,15932.500013150275
311,OK,76.100,0.44,15787.200012709945
312,OK,67.100,0.44,15901.300008408725
313,OK,63.700,0.44,16086.600022390485
314,OK,109.100,0.44,15928.099979646504
315,OK,319.000,0.44,15175.400010775775
316,OK,96.300,0.44,15877.900004852563
317,OK,108.700,0.44,15579.20000050217
318,OK,51.700,0.44,15952.199988532811
319,OK,53.600,0.44,15917.800017632544
320,OK,49.200,0.44,15884.099993854761
321,OK,46.800,0.44,15872.39996297285
322,OK,48.300,0.44,15950.79997787252
323,OK,76.900,0.44,15969.700005371124
324,OK,115.800,0.44,15717.400005087256
325,OK,52.300,0.44,15936.599986162037
326,OK,79.000,0.44,15884.599997662008
327,OK,61.100,0.44,15840.000007301569
328,OK,47.700,0.44,15919.100027531385
329,OK,47.100,0.44,15919.69997389242
330,OK,47.000,0.44,15898.100042250007
331,OK,82.200,0.44,15905.399981420487
332,OK,47.800,0.44,15920.899983029813
333,OK,47.000,0.44,16135.099984239787
334,OK,149.200,0.44,15494.899998884648
335,OK,49.500,0.44,15901.700011454523
336,OK,55.500,0.44,15948.10001552105
337,OK,52.400,0.44,15883.899992331862
338,OK,51.700,0.44,16127.19998229295
339,OK,91.500,0.44,16096.699982881546
340,OK,188.200,0.44,15355.29998363927
341,OK,243.200,0.44,15478.19998813793
342,OK,82.700,0.44,15890.600043348968
343,OK,108.000,0.44,15728.799975477159
344,OK,48.000,0.44,15933.999966364354
345,OK,47.700,0.44,15905.599982943386
346,OK,47.800,0.44,15952.999994624406
347,OK,59.300,0.44,15908.699948340654
348,OK,47.100,0.44,15845.999994780868
349,OK,62.900,0.44,15885.400003753603
350,OK,69.500,0.44,15876.79999647662
351,OK,74.900,0.44,16131.100011989474
352,OK,90.900,0.44,15921.100042760372
353,OK,215.100,0.44,15381.500008516014
354,OK,118.400,0.44,15812.699974048883
355,OK,86.800,0.44,15834.300022106618
356,OK,94.900,0.44,15881.600033026189
357,OK,94.900,0.44,15826.39996195212
358,OK,94.300,0.44,16081.200039479882
359,OK,251.500,0.44,15434.700006153435
360,OK,112.800,0.44,15809.200005605817
361,OK,123.300,0.44,15749.900019727647
362,OK,108.100,0.44,15923.300001304597
363,OK,90.400,0.44,15936.799987684935
364,OK,107.100,0.44,16026.300028897822
365,OK,646.800,0.44,14594.599953852594
366,OK,116.700,0.44,16327.899997122586
367,OK,200.600,0.44,15460.300026461482
368,OK,112.500,0.44,15621.699974872172
369,OK,69.100,0.44,15882.79998395592
370,OK,71.200,0.44,15855.700010433793
371,OK,83.200,0.44,16275.000001769513
372,OK,239.800,0.44,15147.500031162053
373,OK,80.400,0.44,15843.900036998093
374,OK,260.500,0.44,15691.500040702522
375,OK,107.900,0.44,15787.400014232844
376,OK,105.900,0.44,15981.799981091172
377,OK,95.700,0.44,15733.20000898093
378,OK,120.400,0.44,15801.40000442043
379,OK,105.200,0.44,15828.299976419657
380,OK,73.500,0.44,16033.199965022504
381,OK,96.300,0.44,15665.699960663915
382,OK,68.400,0.44,15889.800037257373
383,OK,64.100,0.44,15968.099993187934
384,OK,146.900,0.44,15751.799975987524
385,OK,85.300,0.44,15775.900043081492
386,OK,81.800,0.44,15855.500008910894
387,OK,64.700,0.44,15882.999985478818
388,OK,72.100,0.44,15878.600010182709
389,OK,72.100,0.44,15885.300002992153
390,OK,75.700,0.44,15881.899977102876
391,OK,77.000,0.44,15860.699990298599
392,OK,80.500,0.44,15914.599993266165
393,OK,84.800,0.44,16118.29997273162
394,OK,260.000,0.44,15349.599998444319
395,OK,66.500,0.44,15869.299997575581
396,OK,87.300,0.44,15833.599958568811
397,OK,87.500,0.44,15848.400013055652
398,OK,87.900,0.44,15894.900017883629
399,OK,76.200,0.44,15856.699959840626
400,OK,71.900,0.44,15931.900008581579
401,OK,63.100,0.44,15606.699977070093
402,OK,89.500,0.44,15864.800021518022
403,OK,72.100,0.44,15898.800047580153
404,OK,123.300,0.44,15855.200006626546
405,OK,171.400,0.44,15679.000003729016
406,OK,71.900,0.44,15869.199996814132
407,OK,111.300,0.44,15837.200044188648
408,OK,104.700,0.44,16024.499956984073
409,OK,108.000,0.44,15650.800021830946
410,OK,101.400,0.44,15861.499996390194
411,OK,88.300,0.44,15838.999999687076
412,OK,83.500,0.44,15845.099987927824
413,OK,133.100,0.44,15808.299998752773
414,OK,99.300,0.44,15827.199968043715
415,OK,72.300,0.44,15814.799990039319
416,OK,70.800,0.44,15880.699967965484
417,OK,70.100,0.44,15874.099975917488
418,OK,57.600,0.44,15972.600027453154
419,OK,176.600,0.44,15630.499983672053
420,OK,78.400,0.44,15927.19997279346
421,OK,104.900,0.44,15819.700027350336
422,OK,137.500,0.44,15155.30003234744
423,OK,103.100,0.44,15872.60002270341
424,OK,147.400,0.44,15860.999992582947
425,OK,133.500,0.44,15827.300027012825
426,OK,754.200,0.44,15172.899991739541
427,OK,121.000,0.44,15674.800029955804
428,OK,191.300,0.44,15512.40001572296
429,OK,110.100,0.44,15890.09998133406
430,OK,423.300,0.44,16811.400011647493
431,OK,115.900,0.44,13927.09999345243
432,OK,142.300,0.44,15851.500036660582
433,OK,96.900,0.44,15744.100033771247
434,OK,91.700,0.44,15705.20002860576
435,OK,240.700,0.44,15717.700007371604
436,OK,108.800,0.44,15879.600017797202
437,OK,135.400,0.44,17509.79997450486
438,OK,215.300,0.44,13644.299993757159
439,OK,106.100,0.44,18380.299967247993
440,OK,120.300,0.44,16290.999948978424
441,OK,121.900,0.44,11058.100033551455
442,OK,127.100,0.44,15465.300006326288
443,OK,174.800,0.44,15691.099979449064
444,OK,128.100,0.44,16118.50003246218
445,OK,133.800,0.44,15977.70000807941
446,OK,158.700,0.44,14994.099969044328
447,OK,125.700,0.44,15674.600028432906
448,OK,109.200,0.44,16600.400034803897
449,OK,99.000,0.44,15114.500012714416
450,OK,100.200,0.44,15830.099990125746
451,OK,88.400,0.44,15838.899998925626
452,OK,84.600,0.44,15870.500006712973
453,OK,64.900,0.44,16699.699976015836
454,OK,108.500,0.44,15579.900005832314
455,OK,98.000,0.44,15691.80004298687
456,OK,313.900,0.44,15364.500053692609
457,OK,98.000,0.44,15521.999972406775
458,OK,186.200,0.44,15630.500041879714
459,OK,124.200,0.44,16363.799979444593
460,OK,111.000,0.44,15182.500006631017
461,OK,108.100,0.44,15811.8000254035
462,OK,89.500,0.44,15862.800006289035
463,OK,91.100,0.44,15828.699979465455
464,OK,94.000,0.44,15813.499980140477
465,OK,107.500,0.44,15857.500024139881
466,OK,137.700,0.44,15790.199977345765
467,OK,63.500,0.44,15860.4999887757
468,OK,103.100,0.44,15946.900006383657
469,OK,324.100,0.44,15870.300005190074
470,OK,119.100,0.44,15363.199985586107
471,OK,499.300,0.44,15406.100021209568
472,OK,124.700,0.44,16252.800007350743
473,OK,210.400,0.44,15245.600021444261
474,OK,134.000,0.44,16004.200035240501
475,OK,206.700,0.44,15451.400016900152
476,OK,113.000,0.44,15693.399996962398
477,OK,78.600,0.44,15981.599979568273
478,OK,196.600,0.44,15591.800038237125
479,OK,83.600,0.44,15921.100042760372
480,OK,90.300,0.44,15859.599981922656
481,OK,141.000,0.44,15742.899966426194
482,OK,101.600,0.44,15822.799992747605
483,OK,109.600,0.44,15829.799987841398
484,OK,130.400,0.44,15831.700002308935
485,OK,123.500,0.44,15738.99999493733
486,OK,112.300,0.44,16849.300009198487
487,OK,123.500,0.44,14838.30000506714
488,OK,115.200,0.44,16012.699983548373
489,OK,137.400,0.44,15709.800005424768
490,OK,636.100,0.44,15134.299988858402
491,OK,109.000,0.44,15854.500001296401
492,OK,108.200,0.44,15994.600020349026
493,OK,227.800,0.44,15813.700039871037
494,OK,151.200,0.44,15589.000016916543
495,OK,242.500,0.44,15487.19999846071
496,OK,103.600,0.44,20987.500029150397
497,OK,102.500,0.44,10471.99999447912
498,OK,98.300,0.44,15915.29999859631
499,OK,105.600,0.44,15907.199995126575
500,OK,103.500,0.44,15655.600000172853
501,OK,101.400,0.44,15637.300035450608
502,OK,126.800,0.44,15937.299991492182
503,OK,188.900,0.44,15545.399975962937
504,OK,103.000,0.44,15910.500020254403
505,OK,110.000,0.44,15975.799993611872
506,OK,197.000,0.44,15520.999964792281
507,OK,130.000,0.44,16107.600007671863
508,OK,153.300,0.44,15414.300025440753
509,OK,119.000,0.44,19038.6000322178
510,OK,105.100,0.44,54373.79999784753
511,OK,274.900,0.44,149875.599949155
512,OK,112.200,0.44,15786.700008902699
513,OK,116.200,0.44,33597.00000146404
514,OK,109.500,0.44,12257.19996728003
515,OK,106.700,0.44,15845.79999325797
516,OK,121.000,0.44,15847.800008486956
517,OK,121.100,0.44,15803.899965249002
518,OK,137.000,0.44,15788.899967446923
519,OK,125.800,0.44,15757.999964989722
520,OK,103.700,0.44,15805.700037162751
521,OK,103.700,0.44,15866.799978539348
522,OK,123.200,0.44,16497.400007210672
523,OK,357.400,0.44,14741.89996952191
524,OK,116.800,0.44,15769.299992825836
525,OK,107.700,0.44,15848.70001534
526,OK,102.700,0.44,15821.900044102222
527,OK,146.000,0.44,15810.20001322031
528,OK,205.100,0.44,15556.199999991804
529,OK,109.800,0.44,15814.69998927787
530,OK,126.600,0.44,15840.800013393164
531,OK,108.500,0.44,15791.00004164502
532,OK,129.400,0.44,15763.900009915233
533,OK,145.600,0.44,15796.600026078522
534,OK,75.700,0.44,15912.699978798628
535,OK,110.400,0.44,15755.900007206947
536,OK,113.200,0.44,15794.100007042289
537,OK,93.500,0.44,15859.899984207004
538,OK,100.900,0.44,15786.200005095452
539,OK,90.400,0.44,15885.000000707805
540,OK,119.900,0.44,15860.099985729903
541,OK,100.300,0.44,16193.599964026362
542,OK,122.100,0.44,15361.000027041882
543,OK,101.100,0.44,15861.599997151643
544,OK,138.700,0.44,15743.800031486899
545,OK,78.500,0.44,15940.4999576509
546,OK,87.200,0.44,15800.399996805936
547,OK,86.200,0.44,15863.900014664978
548,OK,80.000,0.44,15847.900009248406
549,OK,95.800,0.44,15862.500004004687
550,OK,99.900,0.44,15973.399975337088
551,OK,161.600,0.44,16103.099973406643
552,OK,130.600,0.44,15393.199981190264
553,OK,136.600,0.44,15776.999993249774
554,OK,115.700,0.44,15952.199988532811
555,OK,158.600,0.44,15751.099970657378
556,OK,157.500,0.44,16513.499955181032
557,OK,330.000,0.44,14821.599994320422
558,OK,138.800,0.44,15751.700033433735
559,OK,111.400,0.44,16276.90001623705
560,OK,322.600,0.44,15247.399976942688
561,OK,1459.800,0.44,13964.699988719076
562,OK,128.500,0.44,15732.400002889335
563,OK,99.800,0.44,15842.9000293836
564,OK,93.500,0.44,15881.399973295629
565,OK,140.800,0.44,15744.900039862841
566,OK,120.100,0.44,15815.99999917671
567,OK,110.500,0.44,15817.400009837002
568,OK,127.300,0.44,15793.400001712143
569,OK,240.100,0.44,15589.50002072379
570,OK,109.100,0.44,15869.700000621378
571,OK,136.100,0.44,15763.900009915233
572,OK,138.800,0.44,16765.400010626763
573,OK,126.400,0.44,16255.000024102628
574,OK,164.800,0.44,14510.200009681284
575,OK,511.100,0.44,15256.299986504018
576,OK,537.900,0.44,15371.199988294393
577,OK,126.300,0.44,15765.400021336973
578,OK,108.700,0.44,15997.700043953955
579,OK,151.200,0.44,16431.00002547726
580,OK,134.300,0.44,14972.299977671355
581,OK,199.200,0.44,15808.399999514222
582,OK,102.300,0.44,15754.599997308105
583,OK,160.900,0.44,15581.700019538403
584,OK,187.300,0.44,15832.40000763908
585,OK,115.900,0.44,15720.399969723076
586,OK,140.800,0.44,15727.399964816868
587,OK,179.900,0.44,15652.599977329373
588,OK,106.700,0.44,15793.600003235042
589,OK,100.500,0.44,15812.600031495094
590,OK,105.800,0.44,15771.300008054823
591,OK,109.300,0.44,15837.699989788234
592,OK,100.300,0.44,15858.100028708577
593,OK,101.200,0.44,15837.600047234446
594,OK,125.200,0.44,15806.999988853931
595,OK,160.100,0.44,15736.600034870207
596,OK,130.500,0.44,15900.099999271333
597,OK,110.600,0.44,15878.200007136911
598,OK,139.400,0.44,15654.799994081259
599,OK,168.900,0.44,15685.000049415976
600,OK,134.700,0.44,15745.199983939528
601,OK,124.000,0.44,15596.499957609922
602,OK,110.300,0.44,16064.700030256063
603,OK,299.900,0.44,15412.300010211766
604,OK,104.700,0.44,16215.300012845546
605,OK,399.700,0.44,14872.999978251755
606,OK,204.500,0.44,15755.600004922599
607,OK,137.200,0.44,15762.299997732043
608,OK,316.300,0.44,15876.79999647662
609,OK,346.800,0.44,15581.900021061301
610,OK,105.800,0.44,15552.50003002584
611,OK,121.000,0.44,15770.19999967888
612,OK,106.500,0.44,15835.3999722749
613,OK,109.400,0.44,16066.299984231591
614,OK,85.600,0.44,15733.400010503829
615,OK,102.300,0.44,15735.200024209917
616,OK,73.600,0.44,15851.399977691472
617,OK,64.500,0.44,15906.49998979643
618,OK,95.300,0.44,15818.300016690046
619,OK,76.100,0.44,15851.999982260168
620,OK,68.000,0.44,15890.000038780272
621,OK,74.400,0.44,15894.400014076382
622,OK,85.500,0.44,15881.800034549087
623,OK,99.800,0.44,15811.999968718737
624,OK,60.600,0.44,15863.300010096282
625,OK,66.300,0.44,15926.000021863729
626,OK,65.400,0.44,15906.59999055788
627,OK,99.700,0.44,15843.700035475194
628,OK,79.900,0.44,15853.399992920458
629,OK,73.500,0.44,15884.099993854761
630,OK,85.100,0.44,15794.599952641875
631,OK,87.600,0.44,15833.299956284463
632,OK,69.600,0.44,15909.60001340136
633,OK,86.400,0.44,16057.199973147362
634,OK,106.400,0.44,15110.299980733544
635,OK,89.700,0.44,15943.299978971481
636,OK,117.000,0.44,15986.100013833493
637,OK,149.600,0.44,15504.800016060472
638,OK,86.900,0.44,15815.899998415262
639,OK,60.200,0.44,15909.700014162809
640,OK,61.100,0.44,15904.300031252205
641,OK,79.600,0.44,15879.000013228506
642,OK,129.500,0.44,15751.400031149387
643,OK,72.800,0.44,15910.200017970055
644,OK,96.500,0.44,15784.200048074126
645,OK,97.800,0.44,15873.600030317903
646,OK,86.300,0.44,15905.1000373438
647,OK,98.700,0.44,15705.10002784431
648,OK,69.600,0.44,15966.799983289093
649,OK,97.000,0.44,15774.099971167743
650,OK,66.200,0.44,15937.899996060878
651,OK,114.700,0.44,15944.299986585975
652,OK,84.100,0.44,15725.500008556992
653,OK,87.400,0.44,15853.799995966256
654,OK,107.400,0.44,15865.499968640506
655,OK,105.700,0.44,15831.500000786036
656,OK,116.700,0.44,15763.099945615977
657,OK,100.500,0.44,15879.90002008155
658,OK,93.900,0.44,15820.59997599572
659,OK,121.000,0.44,15692.199987825006
660,OK,99.100,0.44,15912.799979560077
661,OK,96.000,0.44,15761.29999011755
662,OK,149.900,0.44,15830.200049094856
663,OK,260.500,0.44,15545.700036454946
664,OK,96.900,0.44,15858.99997735396
665,OK,102.100,0.44,15823.900001123548
666,OK,82.800,0.44,15874.900040216744
667,OK,137.000,0.44,15771.100006531924
668,OK,104.300,0.44,15837.400045711547
669,OK,93.900,0.44,15821.700042579323
670,OK,72.300,0.44,15919.600031338632
671,OK,66.300,0.44,15893.10000417754
672,OK,62.100,0.44,16023.60000833869
673,OK,89.800,0.44,15719.899965915829
674,OK,73.200,0.44,15861.099993344396
675,OK,65.300,0.44,15904.89997761324
676,OK,93.200,0.44,15810.599958058447
677,OK,57.700,0.44,15890.000038780272
678,OK,63.900,0.44,16481.2000002712
679,OK,81.400,0.44,15293.19997644052
680,OK,103.000,0.44,15842.79997041449
681,OK,84.400,0.44,15880.499966442585
682,OK,110.900,0.44,15990.499989129603
683,OK,101.300,0.44,15678.700001444668
684,OK,92.800,0.44,15851.200034376234
685,OK,99.800,0.44,15799.099986907095
686,OK,90.100,0.44,15838.40005332604
687,OK,66.800,0.44,15913.000039290637
688,OK,90.100,0.44,15817.699953913689
689,OK,91.800,0.44,15844.09998031333
690,OK,107.300,0.44,16023.900010623038
691,OK,373.700,0.44,15373.00000200048
692,OK,120.300,0.44,15758.50002700463
693,OK,60.600,0.44,15922.299993690103
694,OK,65.000,0.44,15883.299987763166
695,OK,96.000,0.44,15871.500014327466
696,OK,97.500,0.44,15815.499995369464
697,OK,75.400,0.44,15938.399999868125
698,OK,81.500,0.44,15828.599978704005
699,OK,73.400,0.44,15914.999996311963
700,OK,61.600,0.44,15829.000039957464
701,OK,70.900,0.44,15813.699981663376
702,OK,62.300,0.44,16734.000004362315
703,OK,138.900,0.44,15216.299972962588
704,OK,229.500,0.44,15879.200014751405
705,OK,110.800,0.44,15482.90002392605
706,OK,246.700,0.44,15419.20000454411
707,OK,90.600,0.44,15864.599961787462
708,OK,91.400,0.44,15772.400016430765
709,OK,81.600,0.44,15997.400041669607
710,OK,131.900,0.44,15629.50003426522
711,OK,93.300,0.44,15849.200019147247
712,OK,119.900,0.44,15842.399967368692
713,OK,108.800,0.44,15790.600038599223
714,OK,121.000,0.44,15865.00002304092
715,OK,86.200,0.44,15865.900029893965
716,OK,84.800,0.44,15832.300006877631
717,OK,76.600,0.44,15889.499976765364
718,OK,92.500,0.44,15858.500031754375
719,OK,79.600,0.44,15901.700011454523
720,OK,116.800,0.44,15782.10003208369
721,OK,103.000,0.44,15864.100016187876
722,OK,112.700,0.44,15772.300015669316
723,OK,111.400,0.44,15814.59998851642
724,OK,101.300,0.44,16751.800023484975
725,OK,98.400,0.44,14928.799995686859
726,OK,68.400,0.44,15952.699992340058
727,OK,139.300,0.44,15793.700003996491
728,OK,97.100,0.44,15814.199985470623
729,OK,100.800,0.44,15895.400021690875
730,OK,284.100,0.44,22945.39997819811
731,OK,155.900,0.44,9197.100007440895
732,OK,146.400,0.44,14847.000013105571
733,OK,158.000,0.44,15783.49998453632
734,OK,142.200,0.44,17241.40002625063
735,OK,315.300,0.44,16303.099982906133
736,OK,174.600,0.44,13983.100012410432
737,OK,108.600,0.44,15920.999983791262
738,OK,1747.000,0.44,14944.199996534735
739,OK,173.400,0.44,13976.500020362437
740,OK,96.400,0.44,15901.800012215972
741,OK,106.300,0.44,15883.799991570413
742,OK,161.900,0.44,16187.599976547062
743,OK,268.700,0.44,15192.100021522492
744,OK,116.200,0.44,16228.799999225885
745,OK,332.500,0.44,15714.899986051023
746,OK,112.900,0.44,16445.70002099499
747,OK,371.200,0.44,13782.599999103695
748,OK,197.200,0.44,16717.0999920927
749,OK,188.900,0.44,14341.000001877546
750,OK,119.100,0.44,15828.00003234297
751,OK,109.500,0.44,15908.600005786866
752,OK,117.100,0.44,15786.700008902699
753,OK,112.100,0.44,16075.39999531582
754,OK,94.300,0.44,15556.300000753254
755,OK,114.100,0.44,15765.999967698008
756,OK,81.200,0.44,15939.900011289865
757,OK,93.400,0.44,15774.300030898303
758,OK,169.600,0.44,15872.799966018647
759,OK,114.700,0.44,16187.599976547062
760,OK,134.900,0.44,16541.799996048212
761,OK,187.300,0.44,14926.700037904084
762,OK,103.800,0.44,15431.499981787056
763,OK,114.100,0.44,15713.000029791147
764,OK,145.200,0.44,15720.400027930737
765,OK,85.600,0.44,15867.399983108044
766,OK,91.100,0.44,15871.400013566017
767,OK,60.900,0.44,15923.900005873293
768,OK,76.100,0.44,15876.599994953722
769,OK,68.400,0.44,15883.599990047514
770,OK,68.000,0.44,15910.000016447157
771,OK,91.900,0.44,15841.100015677512
772,OK,84.800,0.44,15815.199993085116
773,OK,79.000,0.44,15870.000002905726
774,OK,69.900,0.44,15884.39999613911
775,OK,56.600,0.44,15949.29996645078
776,OK,67.900,0.44,15827.000024728477
777,OK,60.300,0.44,15928.899985738099
778,OK,70.200,0.44,15867.299982346594
779,OK,72.400,0.44,15860.099985729903
780,OK,72.100,0.44,15894.900017883629
781,OK,64.100,0.44,15885.200002230704
782,OK,62.000,0.44,15924.700011964887
783,OK,100.900,0.44,15792.700054589659
784,OK,94.500,0.44,15907.099994365126
785,OK,87.400,0.44,15833.199955523014
786,OK,87.200,0.44,15846.900001633912
787,OK,78.000,0.44,15850.30002752319
788,OK,95.300,0.44,15855.99995451048
789,OK,123.200,0.44,15804.999973624945
790,OK,105.400,0.44,15821.700042579323
791,OK,95.800,0.44,15856.700018048286
792,OK,92.200,0.44,15863.50001161918
793,OK,133.600,0.44,15843.600034713745
794,OK,100.900,0.44,15811.200020834804
795,OK,63.000,0.44,15855.600009672344
796,OK,84.800,0.44,15804.700029548258
797,OK,76.500,0.44,15959.999989718199
798,OK,80.100,0.44,15858.99997735396
799,OK,77.000,0.44,15889.199974481016
800,OK,80.700,0.44,15834.999969229102
801,OK,86.900,0.44,15661.99999069795
802,OK,101.600,0.44,15838.499995879829
803,OK,98.700,0.44,15794.100007042289
804,OK,86.900,0.44,15839.200001209974
805,OK,78.900,0.44,16175.500000827014
806,OK,138.700,0.44,15608.199988491833
807,OK,110.300,0.44,15772.400016430765
808,OK,89.000,0.44,15835.29997151345
809,OK,64.000,0.44,15892.199997324497
810,OK,59.600,0.44,15896.899974904954
811,OK,63.500,0.44,15927.800035569817
812,OK,71.900,0.44,15852.499986067414
813,OK,75.500,0.44,15905.899985227734
814,OK,65.300,0.44,15822.900051716715
815,OK,61.700,0.44,15972.200024407357
816,OK,159.100,0.44,15724.2999994196
817,OK,83.600,0.44,15832.499950192869
818,OK,79.100,0.44,15890.699985902756
819,OK,96.100,0.44,15889.800037257373
820,OK,80.600,0.44,15844.899986404926
821,OK,76.400,0.44,15898.100042250007
822,OK,65.300,0.44,15895.100019406527
823,OK,62.600,0.44,15881.900035310537
824,OK,87.000,0.44,15838.999999687076
825,OK,78.300,0.44,15919.79997465387
826,OK,53.200,0.44,15874.199976678938
827,OK,60.700,0.44,15888.70002888143
828,OK,78.300,0.44,15859.799983445555
829,OK,98.500,0.44,15838.599996641278
830,OK,92.600,0.44,15858.900034800172
831,OK,104.200,0.44,15798.699983861297
832,OK,99.900,0.44,15878.999955020845
833,OK,67.700,0.44,15861.000050790608
834,OK,117.500,0.44,16996.200021822006
835,OK,370.200,0.44,14312.499959487468
836,OK,85.000,0.44,16377.69996887073
837,OK,100.800,0.44,15354.500035755336
838,OK,94.100,0.44,15811.899967957288
839,OK,109.500,0.44,15812.199970241636
840,OK,162.300,0.44,15795.100014656782
841,OK,103.500,0.44,15534.70001090318
842,OK,78.900,0.44,15861.899999435991
843,OK,84.100,0.44,15840.400010347366
844,OK,106.900,0.44,15841.000014916062
845,OK,114.800,0.44,15799.199987668544
846,OK,82.900,0.44,15866.199973970652
847,OK,106.500,0.44,15826.000017113984
848,OK,98.500,0.44,15895.499964244664
849,OK,81.100,0.44,15866.100031416863
850,OK,82.400,0.44,15840.400010347366
851,OK,86.900,0.44,15938.399999868125
852,OK,116.800,0.44,15781.499969307333
853,OK,108.300,0.44,15822.400047909468
854,OK,88.800,0.44,15841.800021007657
855,OK,85.000,0.44,15872.699965257198
856,OK,98.900,0.44,15875.900047831237
857,OK,108.500,0.44,15822.799992747605
858,OK,114.500,0.44,15803.499962203205
859,OK,114.400,0.44,15818.800020497292
860,OK,96.500,0.44,15936.499985400587
861,OK,114.700,0.44,15910.400019492954
862,OK,88.400,0.44,16317.599976900965
863,OK,103.700,0.44,15189.900004770607
864,OK,76.500,0.44,15913.800045382231
865,OK,204.400,0.44,15578.899998217821
866,OK,86.800,0.44,15839.80000577867
867,OK,98.500,0.44,15824.200003407896
868,OK,72.100,0.44,15889.699978288263
869,OK,83.000,0.44,15867.500042077154
870,OK,81.700,0.44,15889.599977526814
871,OK,82.100,0.44,15894.200012553483
872,OK,149.000,0.44,15713.199973106384
873,OK,82.600,0.44,15853.699995204806
874,OK,93.700,0.44,15817.200008314103
875,OK,84.900,0.44,15928.099979646504
876,OK,69.400,0.44,15866.499976255
877,OK,75.500,0.44,15922.79999749735
878,OK,137.500,0.44,15749.50001668185
879,OK,78.900,0.44,15901.700011454523
880,OK,95.500,0.44,15838.899998925626
881,OK,77.100,0.44,15900.400001555681
882,OK,85.600,0.44,15875.900047831237
883,OK,73.300,0.44,15874.600037932396
884,OK,104.800,0.44,15762.70000077784
885,OK,94.600,0.44,15889.800037257373
886,OK,90.100,0.44,15840.200008824468
887,OK,94.400,0.44,15894.300013314933
888,OK,81.000,0.44,15927.100030239671
889,OK,127.400,0.44,15806.199982762337
890,OK,148.900,0.44,15722.299984190613
891,OK,105.300,0.44,15773.1999643147
892,OK,92.500,0.44,15835.499973036349
893,OK,78.600,0.44,15818.700019735843
894,OK,86.200,0.44,15848.200011532754
895,OK,74.000,0.44,15876.99999799952
896,OK,55.700,0.44,15938.600001391023
897,OK,59.600,0.44,15992.600005120039
898,OK,73.000,0.44,15886.799956206232
899,OK,91.700,0.44,15883.299987763166
900,OK,64.400,0.44,15885.400003753603
901,OK,87.900,0.44,15645.000035874546
902,OK,77.400,0.44,15852.300042752177
903,OK,64.700,0.44,15915.39999935776
904,OK,65.600,0.44,15818.599960766733
905,OK,48.900,0.44,15921.19998531416
906,OK,58.200,0.44,15954.600006807595
907,OK,58.900,0.44,15877.600002568215
908,OK,100.700,0.44,15830.599993932992
909,OK,66.800,0.44,15879.099955782294
910,OK,70.100,0.44,15896.600030828267
911,OK,49.500,0.44,15985.800011549145
912,OK,124.000,0.44,15729.900042060763
913,OK,80.800,0.44,15869.800001382828
914,OK,60.900,0.44,15936.399984639138
915,OK,86.200,0.44,15860.699990298599
916,OK,80.900,0.44,15900.800004601479
917,OK,71.800,0.44,15966.200036928058
918,OK,98.900,0.44,15755.200001876801
919,OK,52.100,0.44,16163.099964614958
920,OK,60.100,0.44,15840.400010347366
921,OK,52.900,0.44,15962.90001180023
922,OK,61.500,0.44,15826.50002092123
923,OK,79.600,0.44,16072.49997323379
924,OK,85.400,0.44,15653.899987228215
925,OK,88.500,0.44,15706.60003926605
926,OK,83.000,0.44,16229.300003033131
927,OK,67.200,0.44,15512.600017245859
928,OK,89.400,0.44,15878.800011705607
929,OK,75.000,0.44,15820.200031157583
930,OK,59.400,0.44,15888.199966866523
931,OK,57.900,0.44,15868.599992245436
932,OK,75.200,0.44,15889.700036495924
933,OK,56.700,0.44,15926.200023386627
934,OK,46.700,0.44,15942.2000288032
935,OK,49.200,0.44,15936.800045892596
936,OK,62.700,0.44,15833.500016015023
937,OK,76.600,0.44,15953.800000716
938,OK,90.200,0.44,15869.599999859929
939,OK,50.900,0.44,15856.20001424104
940,OK,64.700,0.44,15974.399982951581
941,OK,69.300,0.44,15826.400020159781
942,OK,98.300,0.44,15863.900014664978
943,OK,86.800,0.44,15835.699974559247
944,OK,49.500,0.44,15971.70002060011
945,OK,56.700,0.44,15847.900009248406
946,OK,53.600,0.44,15977.400005795062
947,OK,58.700,0.44,15858.899976592511
948,OK,51.900,0.44,15955.800015944988
949,OK,55.000,0.44,15926.900028716773
950,OK,73.000,0.44,15873.90003260225
951,OK,58.700,0.44,15908.00000121817
952,OK,110.800,0.44,15809.900010935962
953,OK,70.800,0.44,15872.499963734299
954,OK,66.200,0.44,15897.900040727109
955,OK,55.200,0.44,15899.799996986985
956,OK,46.300,0.44,15942.999976687133
957,OK,49.000,0.44,15895.300020929426
958,OK,54.000,0.44,15940.200013574213
959,OK,53.200,0.44,15862.400003243238
960,OK,58.900,0.44,15912.800037767738
961,OK,59.000,0.44,15908.400004263967
962,OK,49.900,0.44,15857.70002566278
963,OK,91.100,0.44,15919.200028292835
964,OK,42.900,0.44,15933.09995951131
965,OK,97.900,0.44,15802.80001508072
966,OK,59.800,0.44,15960.099990479648
967,OK,111.400,0.44,15772.800019476563
968,OK,64.200,0.44,15908.999950625002
969,OK,83.400,0.44,15857.39996517077
970,OK,47.700,0.44,15948.600019328296
971,OK,52.000,0.44,15949.50002618134
972,OK,53.600,0.44,15930.800000205636
973,OK,58.600,0.44,15912.50003548339
974,OK,59.200,0.44,15903.50002516061
975,OK,60.700,0.44,15900.60000307858
976,OK,58.600,0.44,15911.800030153245
977,OK,62.500,0.44,15878.100006375462
978,OK,90.800,0.44,15790.000034030527
979,OK,56.200,0.44,15881.000028457493
980,OK,49.400,0.44,15944.299986585975
981,OK,64.300,0.44,15868.599992245436
982,OK,69.400,0.44,15967.09998557344
983,OK,68.000,0.44,15931.900008581579
984,OK,57.500,0.44,15845.599991735071
985,OK,58.500,0.44,15884.19999461621
986,OK,47.100,0.44,15910.9000233002
987,OK,42.900,0.44,15959.199983626604
988,OK,41.100,0.44,15852.499986067414
989,OK,57.100,0.44,15944.300044793636
990,OK,45.700,0.44,15928.999986499548
991,OK,60.700,0.44,15922.6999967359
992,OK,47.800,0.44,15933.20001848042
993,OK,71.800,0.44,15901.100006885827
994,OK,96.900,0.44,15787.400014232844
995,OK,101.300,0.44,15906.999993603677
996,OK,60.400,0.44,15840.100008063018
997,OK,68.600,0.44,15859.500039368868
998,OK,100.000,0.44,15847.700007725507
999,OK,85.300,0.44,15914.899995550513
1000,OK,51.700,0.44,15872.2999622114
1001,OK,67.500,0.44,15790.399978868663
1002,OK,76.300,0.44,15964.799968060106
1003,OK,72.400,0.44,15837.799990549684
1004,OK,97.700,0.44,15736.999979708344
1005,OK,94.000,0.44,15983.999997843057
1006,OK,73.900,0.44,15889.199974481016
1007,OK,61.400,0.44,15909.000008832663
1008,OK,75.200,0.44,15812.799974810332
1009,OK,56.800,0.44,15896.10002702102
1010,OK,78.300,0.44,15913.199982605875
1011,OK,58.200,0.44,15914.799994789064
1012,OK,73.600,0.44,15782.800037413836
1013,OK,56.600,0.44,15927.000029478222
1014,OK,62.300,0.44,15945.299994200468
1015,OK,60.000,0.44,15831.700002308935
1016,OK,95.600,0.44,16023.200005292892
1017,OK,87.500,0.44,15616.599994245917
1018,OK,93.300,0.44,15845.599991735071
1019,OK,141.700,0.44,15767.799981404096
1020,OK,169.100,0.44,15623.49998857826
1021,OK,55.000,0.44,15985.900012310594
1022,OK,76.900,0.44,15826.50002092123
1023,OK,56.800,0.44,15938.700002152473
1024,OK,61.800,0.44,15901.600010693073
1025,OK,63.000,0.44,15742.20001930371
1026,OK,64.700,0.44,15892.600000370294
1027,OK,52.800,0.44,15934.399969410151
1028,OK,54.900,0.44,15918.000019155443
1029,OK,55.500,0.44,15881.100029218942
1030,OK,67.100,0.44,15941.200021188706
1031,OK,55.400,0.44,15809.400007128716
1032,OK,67.000,0.44,15956.999966874719
1033,OK,65.100,0.44,15865.20002456382
1034,OK,53.900,0.44,15925.100015010685
1035,OK,59.100,0.44,15908.00000121817
1036,OK,70.800,0.44,15882.700041402131
1037,OK,70.200,0.44,15912.599978037179
1038,OK,74.100,0.44,15917.500015348196
1039,OK,64.600,0.44,15797.299973201007
1040,OK,95.900,0.44,15844.30004004389
1041,OK,88.100,0.44,15848.70001534
1042,OK,65.400,0.44,15890.999988187104
1043,OK,70.400,0.44,15912.49997727573
1044,OK,90.000,0.44,16013.299988117069
1045,OK,99.000,0.44,15632.49999890104
1046,OK,82.100,0.44,15823.900001123548
1047,OK,47.400,0.44,15914.199990220368
1048,OK,49.000,0.44,15972.299966961145
1049,OK,71.800,0.44,15809.500007890165
1050,OK,60.700,0.44,15965.200029313564
1051,OK,57.000,0.44,15838.799998164177
1052,OK,63.100,0.44,15847.800008486956
1053,OK,125.900,0.44,15862.400003243238
1054,OK,120.700,0.44,15858.899976592511
1055,OK,79.200,0.44,15793.600003235042
1056,OK,178.700,0.44,15719.899965915829
1057,OK,75.600,0.44,15868.499991483986
1058,OK,78.600,0.44,15857.59996669367
1059,OK,82.200,0.44,15848.600014578551
1060,OK,75.000,0.44,15958.600037265569
1061,OK,50.300,0.44,15866.400033701211
1062,OK,81.600,0.44,15928.59998345375
1063,OK,100.900,0.44,15756.000007968396
1064,OK,77.400,0.44,15883.799991570413
1065,OK,85.900,0.44,15961.700002662838
1066,OK,81.900,0.44,15738.300047814846
1067,OK,76.700,0.44,15917.500015348196
1068,OK,66.300,0.44,15882.000036071986
1069,OK,112.300,0.44,15823.900001123548
1070,OK,93.300,0.44,15806.899988092482
1071,OK,86.900,0.44,15858.100028708577
1072,OK,82.300,0.44,15916.000003926456
1073,OK,73.800,0.44,15857.70002566278
1074,OK,82.500,0.44,15897.200035396963
1075,OK,95.600,0.44,15813.999983947724
1076,OK,87.200,0.44,15958.999982103705
1077,OK,169.500,0.44,15595.600008964539
1078,OK,68.500,0.44,15907.399996649474
1079,OK,88.100,0.44,15925.400017295033
1080,OK,78.800,0.44,15800.799999851733
1081,OK,70.800,0.44,15912.000031676143
1082,OK,74.000,0.44,15879.700018558651
1083,OK,69.700,0.44,15890.599985141307
1084,OK,70.600,0.44,15842.9000293836
1085,OK,52.000,0.44,15873.600030317903
1086,OK,70.900,0.44,15921.899990644306
1087,OK,88.900,0.44,15897.69998099655
1088,OK,88.500,0.44,15797.499974723905
1089,OK,84.900,0.44,15927.800035569817
1090,OK,307.000,0.44,15505.600022152066
1091,OK,68.800,0.44,15939.199947752059
1092,OK,88.500,0.44,15812.299971003085
1093,OK,91.500,0.44,15864.99996483326
1094,OK,80.300,0.44,15880.400023888797
1095,OK,81.200,0.44,15844.600042328238
1096,OK,134.000,0.44,15843.300032429397
1097,OK,80.100,0.44,15870.200004428625
1098,OK,60.700,0.44,15918.30002143979
1099,OK,54.300,0.44,15883.299987763166
1100,OK,43.100,0.44,15910.79996433109
1101,OK,81.700,0.44,15898.400044534355
1102,OK,112.100,0.44,15684.999991208315
1103,OK,53.800,0.44,15908.900008071214
1104,OK,67.800,0.44,15953.399997670203
1105,OK,71.100,0.44,15833.800018299371
1106,OK,64.400,0.44,15928.300039377064
1107,OK,48.000,0.44,15865.799970924854
1108,OK,55.000,0.44,15877.400001045316
1109,OK,47.100,0.44,15885.8000067994
1110,OK,45.200,0.44,15959.599986672401
1111,OK,66.500,0.44,15957.899973727763
1112,OK,59.700,0.44,15917.399956379086
1113,OK,65.600,0.44,15882.099978625774
1114,OK,65.900,0.44,15868.899994529784
1115,OK,60.100,0.44,15867.400041315705
1116,OK,63.000,0.44,15884.700056631118
1117,OK,57.100,0.44,15822.699991986156
1118,OK,82.400,0.44,15910.199959762394
1119,OK,74.400,0.44,15889.799979049712
1120,OK,77.700,0.44,15946.800005622208
1121,OK,143.000,0.44,15799.399989191443
1122,OK,88.200,0.44,15808.500000275671
1123,OK,59.200,0.44,15906.000044196844
1124,OK,61.300,0.44,15818.299958482385
1125,OK,76.800,0.44,15903.100022114813
1126,OK,49.800,0.44,15924.40000968054
1127,OK,49.200,0.44,15889.799979049712
1128,OK,41.000,0.44,15959.7999881953
1129,OK,53.000,0.44,15917.600016109645
1130,OK,79.700,0.44,15854.800003580749
1131,OK,86.700,0.44,15910.700021777302
1132,OK,74.400,0.44,15848.400013055652
1133,OK,86.100,0.44,15876.79999647662
1134,OK,97.200,0.44,15840.800013393164
1135,OK,77.200,0.44,15923.400002066046
1136,OK,59.800,0.44,15894.300013314933
1137,OK,84.100,0.44,15908.500005025417
1138,OK,90.900,0.44,15765.100019052625
1139,OK,80.000,0.44,15904.299973044544
1140,OK,67.200,0.44,15875.999990385026
1141,OK,89.300,0.44,15845.099987927824
1142,OK,82.600,0.44,15950.89997863397
1143,OK,80.600,0.44,15786.199946887791
1144,OK,106.300,0.44,15812.599973287433
1145,OK,91.300,0.44,15855.299949180335
1146,OK,123.800,0.44,16427.80000111088
1147,OK,191.100,0.44,15137.50001322478
1148,OK,62.700,0.44,15879.90002008155
1149,OK,61.100,0.44,15846.700000111014
1150,OK,74.700,0.44,15863.70001314208
1151,OK,94.400,0.44,15890.799986664206
1152,OK,79.200,0.44,15861.399995628744
1153,OK,77.200,0.44,15803.999966010451
1154,OK,59.000,0.44,15932.100010104477
1155,OK,91.900,0.44,15853.999997489154
1156,OK,92.700,0.44,15902.199957054108
1157,OK,76.400,0.44,15824.400004930794
1158,OK,54.700,0.44,15910.000016447157
1159,OK,82.400,0.44,15896.699973382056
1160,OK,123.100,0.44,15817.800012882799
1161,OK,91.900,0.44,15853.30005036667
1162,OK,200.300,0.44,15877.800004091114
1163,OK,193.900,0.44,15493.999992031604
1164,OK,82.900,0.44,15778.600005432963
1165,OK,81.000,0.44,15882.299980148673
1166,OK,59.500,0.44,15905.799984466285
1167,OK,64.400,0.44,15940.000012051314
1168,OK,71.100,0.44,15860.299987252802
1169,OK,84.400,0.44,15894.900017883629
1170,OK,65.900,0.44,15878.100006375462
1171,OK,68.100,0.44,15909.100009594113
1172,OK,100.300,0.44,15959.100041072816
1173,OK,173.900,0.44,15632.599999662489
1174,OK,84.100,0.44,15807.999996468425
1175,OK,79.600,0.44,15948.0000147596
1176,OK,85.400,0.44,15805.499977432191
1177,OK,77.600,0.44,15891.69999351725
1178,OK,64.600,0.44,15801.000001374632
1179,OK,62.500,0.44,15943.699982017279
1180,OK,63.000,0.44,15897.69998099655
1181,OK,71.300,0.44,15901.300008408725
1182,OK,59.200,0.44,15949.900029227138
1183,OK,62.200,0.44,15858.699975069612
1184,OK,133.400,0.44,15806.299983523786
1185,OK,112.300,0.44,15764.30001296103
1186,OK,59.900,0.44,16059.999994467944
1187,OK,109.100,0.44,15646.199986804277
1188,OK,80.500,0.44,15889.500034973025
1189,OK,72.600,0.44,15894.400014076382
1190,OK,70.900,0.44,15900.400001555681
1191,OK,50.200,0.44,15916.300006210804
1192,OK,60.100,0.44,15822.499990463257
1193,OK,72.400,0.44,15918.599965516478
1194,OK,86.300,0.44,15909.000008832663
1195,OK,64.000,0.44,15869.900002144277
1196,OK,51.800,0.44,16541.799996048212
1197,OK,100.000,0.44,16843.499965034425
1198,OK,84.100,0.44,14219.500008039176
1199,OK,85.600,0.44,15865.300025325269
1200,OK,95.100,0.44,22380.699985660613
1201,OK,165.400,0.44,14480.899961199611
1202,OK,121.200,0.44,15595.50000820309
1203,OK,78.500,0.44,18448.600021656603
1204,OK,102.800,0.44,13197.499967645854
1205,OK,87.200,0.44,15829.599986318499
1206,OK,72.300,0.44,15841.600019484758
1207,OK,48.000,0.44,15956.300019752234
1208,OK,66.800,0.44,15911.799971945584
1209,OK,70.800,0.44,15852.499986067414
1210,OK,76.900,0.44,15920.500038191676
1211,OK,88.900,0.44,15988.700033631176
1212,OK,55.400,0.44,15883.899992331862
1213,OK,127.200,0.44,15811.500023119152
1214,OK,112.800,0.44,15809.100004844368
1215,OK,173.700,0.44,15725.500008556992
1216,OK,113.500,0.44,15730.999992229044
1217,OK,144.800,0.44,15802.600013557822
1218,OK,110.100,0.44,15737.199981231242
1219,OK,83.100,0.44,15868.999995291233
1220,OK,50.200,0.44,15920.899983029813
1221,OK,58.800,0.44,15885.300002992153
1222,OK,66.300,0.44,16011.199972126633
1223,OK,74.600,0.44,15833.599958568811
1224,OK,138.300,0.44,15772.600017953664
1225,OK,122.300,0.44,15633.200004231185
1226,OK,66.300,0.44,15911.800030153245
1227,OK,59.000,0.44,15943.799982778728
1228,OK,75.500,0.44,15847.900009248406
1229,OK,57.100,0.44,15956.700022798032
1230,OK,47.300,0.44,15891.899995040148
1231,OK,52.200,0.44,15925.099956803024
1232,OK,61.700,0.44,15900.300000794232
1233,OK,56.800,0.44,16219.19998433441
1234,OK,260.700,0.44,15229.799959342927
1235,OK,51.800,0.44,15908.800007309765
1236,OK,47.900,0.44,15970.800013747066
1237,OK,56.700,0.44,15909.599955193698
1238,OK,61.000,0.44,15939.300006721169
1239,OK,50.400,0.44,15876.500052399933
1240,OK,55.600,0.44,15950.499975588173
1241,OK,48.800,0.44,15878.600010182709
1242,OK,47.500,0.44,15956.80002355948
1243,OK,63.400,0.44,15844.09998031333
1244,OK,43.900,0.44,15922.199992928654
1245,OK,51.800,0.44,15942.0000272803
1246,OK,102.400,0.44,15769.199992064387
1247,OK,66.300,0.44,15893.30000570044
1248,OK,89.400,0.44,15826.000017113984
1249,OK,44.000,0.44,15932.200010865927
1250,OK,58.900,0.44,15911.600028630346
1251,OK,58.200,0.44,15890.100039541721
1252,OK,60.700,0.44,15958.899981342256
1253,OK,69.200,0.44,15881.700033787638
1254,OK,90.200,0.44,15824.300004169345
1255,OK,67.400,0.44,15313.499956391752
1256,OK,60.600,0.44,15920.999983791262
1257,OK,63.300,0.44,15900.50000231713
1258,OK,61.900,0.44,15883.099986240268
1259,OK,62.600,0.44,15851.499978452921
1260,OK,51.400,0.44,15969.300002325326
1261,OK,49.800,0.44,15921.899990644306
1262,OK,56.900,0.44,15886.500012129545
1263,OK,59.100,0.44,15881.800034549087
1264,OK,52.800,0.44,15879.500017035753
1265,OK,44.700,0.44,15962.70001027733
1266,OK,43.500,0.44,15907.799999695271
1267,OK,43.700,0.44,15920.799982268363
1268,OK,46.100,0.44,15959.300042595714
1269,OK,73.600,0.44,15836.999984458089
1270,OK,86.200,0.44,15838.599996641278
1271,OK,52.600,0.44,15914.400049950927
1272,OK,76.400,0.44,15805.999981239438
1273,OK,90.700,0.44,15959.599986672401
1274,OK,135.100,0.44,15644.20002978295
1275,OK,56.900,0.44,15898.699988611042
1276,OK,76.400,0.44,15839.100000448525
1277,OK,59.100,0.44,15853.999997489154
1278,OK,48.300,0.44,15925.399959087372
1279,OK,58.200,0.44,15965.899976436049
1280,OK,73.600,0.44,15815.899998415262
1281,OK,52.500,0.44,15935.699979308993
1282,OK,46.000,0.44,15920.300036668777
1283,OK,62.200,0.44,15904.89997761324
1284,OK,56.600,0.44,15919.199970085174
1285,OK,70.900,0.44,15916.100004687905
1286,OK,58.500,0.44,15913.399984128773
1287,OK,60.400,0.44,15863.400010857731
1288,OK,82.800,0.44,15859.30003784597
1289,OK,53.900,0.44,15860.899991821498
1290,OK,62.100,0.44,15879.700018558651
1291,OK,72.000,0.44,15965.400030836463
1292,OK,57.800,0.44,15906.999993603677
1293,OK,58.500,0.44,15820.500033441931
1294,OK,50.300,0.44,15926.299965940416
1295,OK,44.700,0.44,15957.699972204864
1296,OK,77.300,0.44,15875.29998505488
1297,OK,74.400,0.44,15894.099953584373
1298,OK,70.900,0.44,15843.999979551882
1299,OK,65.000,0.44,15918.000019155443
1300,OK,42.100,0.44,15969.800006132573
1301,OK,118.900,0.44,15667.700034100562
1302,OK,44.200,0.44,16353.90002047643
1303,OK,189.400,0.44,15310.299990233034
1304,OK,58.400,0.44,15907.000051811337
1305,OK,56.100,0.44,15897.299977950752
1306,OK,70.500,0.44,15879.899961873889
1307,OK,98.700,0.44,15812.199970241636
1308,OK,64.500,0.44,15903.5999677144
1309,OK,62.900,0.44,15950.900036841631
1310,OK,57.900,0.44,15842.700027860701
1311,OK,68.600,0.44,15907.299995888025
1312,OK,56.800,0.44,15866.999980062246
1313,OK,71.700,0.44,15817.999956198037
1314,OK,52.800,0.44,15978.300012648106
1315,OK,53.100,0.44,15867.700043600053
1316,OK,65.600,0.44,15916.400006972253
1317,OK,52.200,0.44,15874.699980486184
1318,OK,55.200,0.44,15958.799980580807
1319,OK,93.700,0.44,15786.100004334003
1320,OK,73.100,0.44,15880.700026173145
1321,OK,55.300,0.44,15906.699991319329
1322,OK,52.600,0.44,15963.400015607476
1323,OK,85.500,0.44,15880.299964919686
1324,OK,65.300,0.44,15972.099965438247
1325,OK,87.700,0.44,15787.300013471395
1326,OK,64.100,0.44,15810.599958058447
1327,OK,63.000,0.44,15968.899999279529
1328,OK,59.200,0.44,15835.700032766908
1329,OK,53.600,0.44,15919.600031338632
1330,OK,47.000,0.44,15984.900004696101
1331,OK,56.500,0.44,15867.399983108044
1332,OK,56.600,0.44,15951.999987009913
1333,OK,151.800,0.44,15696.700022090226
1334,OK,79.100,0.44,16094.400023575872
1335,OK,94.500,0.44,15567.700029350817
1336,OK,45.500,0.44,15981.89998185262
1337,OK,55.700,0.44,15884.499996900558
1338,OK,55.200,0.44,15942.299971356988
1339,OK,68.600,0.44,15887.499961536378
1340,OK,55.700,0.44,15871.700015850365
1341,OK,58.900,0.44,15915.50000011921
1342,OK,47.100,0.44,15872.900024987757
1343,OK,52.000,0.44,16037.699999287724
1344,OK,95.300,0.44,15732.100000604987
1345,OK,56.000,0.44,15860.199986491352
1346,OK,44.000,0.44,16018.199967220426
1347,OK,67.700,0.44,15845.299989450723
1348,OK,78.200,0.44,15825.00000949949
1349,OK,76.400,0.44,15897.299977950752
1350,OK,109.600,0.44,15886.900015175343
1351,OK,63.000,0.44,15852.899989113212
1352,OK,63.500,0.44,15915.900003165007
1353,OK,64.400,0.44,15889.600035734475
1354,OK,57.600,0.44,15889.300033450127
1355,OK,49.200,0.44,15904.399973805994
1356,OK,50.500,0.44,15953.499998431653
1357,OK,68.700,0.44,15859.699982684106
1358,OK,54.800,0.44,15919.399971608073
1359,OK,71.200,0.44,15932.600013911724
1360,OK,56.600,0.44,15867.599984630942
1361,OK,54.400,0.44,15905.400039628148
1362,OK,52.100,0.44,15898.099984042346
1363,OK,44.500,0.44,15952.799993101507
1364,OK,65.800,0.44,15883.999993093312
1365,OK,61.100,0.44,15962.100005708635
1366,OK,47.900,0.44,15922.6999967359
1367,OK,57.100,0.44,15894.099953584373
1368,OK,63.100,0.44,15864.100016187876
1369,OK,80.300,0.44,15867.399983108044
1370,OK,55.200,0.44,15891.399991232902
1371,OK,43.100,0.44,16001.700016204268
1372,OK,47.200,0.44,15878.600010182709
1373,OK,68.100,0.44,16094.099963083863
1374,OK,162.000,0.44,15569.599985610694
1375,OK,121.000,0.44,15876.399993430823
1376,OK,90.300,0.44,15719.499962870032
1377,OK,59.900,0.44,15888.70002888143
1378,OK,60.500,0.44,15918.000019155443
1379,OK,66.000,0.44,15777.399996295571
1380,OK,62.000,0.44,15987.400023732334
1381,OK,57.100,0.44,15854.199999012053
1382,OK,74.900,0.44,15918.499964755028
1383,OK,63.200,0.44,15896.599972620606
1384,OK,145.600,0.44,15701.099997386336
1385,OK,86.200,0.44,15916.400006972253
1386,OK,64.200,0.44,15866.899979300797
1387,OK,61.500,0.44,15905.299980659038
1388,OK,58.500,0.44,15852.799988351762
1389,OK,53.400,0.44,15892.800001893193
1390,OK,46.400,0.44,15954.500006046146
1391,OK,63.400,0.44,15906.39998903498
1392,OK,64.400,0.44,15897.999983280897
1393,OK,56.900,0.44,15932.699956465513
1394,OK,79.700,0.44,15798.699983861297
1395,OK,50.200,0.44,15909.899957478046
1396,OK,44.400,0.44,15914.499992504716
1397,OK,50.600,0.44,15921.39998683706
1398,OK,64.300,0.44,15947.300009429455
1399,OK,80.500,0.44,15773.499966599047
1400,OK,70.900,0.44,15892.600000370294
1401,OK,89.500,0.44,15722.69998723641
1402,OK,74.500,0.44,15868.599992245436
1403,OK,76.800,0.44,15891.499991994351
1404,OK,93.400,0.44,15805.899980477989
1405,OK,60.400,0.44,15922.79999749735
1406,OK,101.800,0.44,15844.900044612586
1407,OK,81.500,0.44,15843.599976506084
1408,OK,81.300,0.44,15868.899994529784
1409,OK,65.100,0.44,15904.600033536553
1410,OK,85.600,0.44,15842.79997041449
1411,OK,63.800,0.44,15902.10001450032
1412,OK,86.800,0.44,15878.899954259396
1413,OK,65.700,0.44,15855.199948418885
1414,OK,71.500,0.44,15886.800014413893
1415,OK,91.400,0.44,15878.700010944158
1416,OK,95.700,0.44,15837.699989788234
1417,OK,94.300,0.44,15839.90000654012
1418,OK,78.400,0.44,15845.599991735071
1419,OK,72.200,0.44,16052.799997851253
1420,OK,96.200,0.44,15721.19997581467
1421,OK,89.600,0.44,15817.200008314103
1422,OK,85.100,0.44,15850.20002676174
1423,OK,87.600,0.44,15904.699976090342
1424,OK,80.700,0.44,15868.999995291233
1425,OK,81.200,0.44,15857.400023378432
1426,OK,76.700,0.44,15940.999961458147
1427,OK,89.200,0.44,15779.899957124144
1428,OK,66.900,0.44,15887.20001745969
1429,OK,67.400,0.44,15875.40004402399
1430,OK,87.200,0.44,15890.19998209551
1431,OK,118.600,0.44,15763.200004585087
1432,OK,82.700,0.44,15899.19999241829
1433,OK,94.100,0.44,15838.29999435693
1434,OK,94.500,0.44,15839.300001971424
1435,OK,82.900,0.44,15838.999999687076
1436,OK,75.600,0.44,15952.39999005571
1437,OK,70.000,0.44,15891.099988948554
1438,OK,71.100,0.44,15835.700032766908
1439,OK,67.600,0.44,15874.599979724735
1440,OK,61.600,0.44,15889.599977526814
1441,OK,65.900,0.44,15939.10000519827
1442,OK,65.800,0.44,15819.999971427023
1443,OK,67.300,0.44,15932.99995874986
1444,OK,66.800,0.44,15916.100004687905
1445,OK,133.800,0.44,15729.699982330203
1446,OK,129.800,0.44,15774.80003470555
1447,OK,103.400,0.44,15856.799960602075
1448,OK,75.700,0.44,15923.200000543147
1449,OK,69.600,0.44,15889.600035734475
1450,OK,64.300,0.44,15812.899975571781
1451,OK,63.100,0.44,15906.59999055788
1452,OK,112.300,0.44,15824.200003407896
1453,OK,51.800,0.44,16014.399996493012
1454,OK,110.400,0.44,15814.799990039319
1455,OK,67.100,0.44,15833.300014492124
1456,OK,77.200,0.44,15897.000033874065
1457,OK,97.900,0.44,15791.699988767505
1458,OK,88.700,0.44,15857.49996593222
1459,OK,85.100,0.44,16032.200015615672
1460,OK,241.700,0.44,16037.800000049174
1461,OK,147.100,0.44,15271.899988874793
1462,OK,388.300,0.44,15375.099959783256
1463,OK,1336.500,0.44,13823.40001873672
1464,OK,271.400,0.44,15454.400039743632
1465,OK,214.400,0.44,15652.700036298484
1466,OK,350.100,0.44,16306.50000879541
1467,OK,456.900,0.44,15080.200042575598
1468,OK,370.400,0.44,15501.799993216991
1469,OK,366.200,0.44,14093.699981458485
1470,OK,168.900,0.44,15631.900052540004
1471,OK,107.300,0.44,15958.19997601211
1472,OK,106.000,0.44,15743.299969471991
1473,OK,139.800,0.44,16115.800011903048
1474,OK,98.500,0.44,16208.400018513203
1475,OK,107.300,0.44,15653.800044674426
1476,OK,123.000,0.44,15212.800004519522
1477,OK,128.500,0.44,15795.800019986928
1478,OK,116.700,0.44,15782.299975398928
1479,OK,100.300,0.44,18589.59998935461
1480,OK,104.900,0.44,12744.999956339598
1481,OK,89.200,0.44,15793.400001712143
1482,OK,94.300,0.44,15850.19996855408
1483,OK,63.700,0.44,15973.699977621436
1484,OK,108.300,0.44,16004.799981601536
1485,OK,169.900,0.44,15486.299991607666
1486,OK,89.100,0.44,15833.400015253574
1487,OK,94.900,0.44,15853.600052651018
1488,OK,97.700,0.44,15890.599985141307
1489,OK,84.300,0.44,15821.99998665601
1490,OK,65.200,0.44,15886.300010606647
1491,OK,108.800,0.44,15902.800019830465
1492,OK,124.100,0.44,15747.90000449866
1493,OK,128.800,0.44,15775.200037751347
1494,OK,106.100,0.44,15846.599999349564
1495,OK,126.300,0.44,15772.699960507452
1496,OK,125.000,0.44,15732.900006696582
1497,OK,92.600,0.44,15843.800036236644
1498,OK,90.200,0.44,15832.800010684878
1499,OK,115.400,0.44,15844.000037759542
1500,OK,120.200,0.44,15970.30000993982
1501,OK,124.700,0.44,15471.499995328486
1502,OK,176.100,0.44,16350.199992302805
1503,OK,310.800,0.44,14393.499994184822
1504,OK,84.200,0.44,15862.300002481788
1505,OK,82.800,0.44,16044.799995142967
1506,OK,107.400,0.44,15672.200010158122
1507,OK,87.600,0.44,16020.100039895624
1508,OK,184.100,0.44,15583.099971991032
1509,OK,90.400,0.44,15904.800035059452
1510,OK,164.500,0.44,15613.700030371547
1511,OK,86.300,0.44,15853.40005112812
1512,OK,73.900,0.44,15869.49999909848
1513,OK,97.800,0.44,15859.499981161207
1514,OK,95.900,0.44,15825.599955860525
1515,OK,114.900,0.44,15793.90000551939
1516,OK,114.900,0.44,15819.000022020191
1517,OK,82.000,0.44,15848.500013817102
1518,OK,112.800,0.44,15872.799966018647
1519,OK,83.900,0.44,15887.399960774928
1520,OK,89.200,0.44,15811.100020073354
1521,OK,97.900,0.44,15871.300012804568
1522,OK,76.600,0.44,15853.799995966256
1523,OK,67.000,0.44,15897.899982519448
1524,OK,67.000,0.44,15927.09997203201
1525,OK,113.200,0.44,15801.499946974218
1526,OK,109.500,0.44,15795.899962540716
1527,OK,103.800,0.44,15912.39997651428
1528,OK,123.700,0.44,15842.300024814904
1529,OK,147.900,0.44,15634.900017175823
1530,OK,104.600,0.44,15770.19999967888
1531,OK,140.800,0.44,15875.099983531982
1532,OK,221.100,0.44,15521.000022999942
1533,OK,91.200,0.44,15883.499989286065
1534,OK,84.400,0.44,15836.69998217374
1535,OK,81.000,0.44,15843.499975744635
1536,OK,83.700,0.44,15834.800025913864
1537,OK,91.400,0.44,15814.399986993521
1538,OK,345.800,0.44,15403.500001411885
1539,OK,96.800,0.44,15840.500011108816
1540,OK,84.900,0.44,15815.99999917671
1541,OK,87.200,0.44,15860.59998953715
1542,OK,125.000,0.44,15858.500031754375
1543,OK,114.800,0.44,15742.20001930371
1544,OK,105.200,0.44,15859.499981161207
1545,OK,88.100,0.44,15847.400005441159
1546,OK,181.100,0.44,15672.200010158122
1547,OK,101.700,0.44,15835.699974559247
1548,OK,106.700,0.44,15843.800036236644
1549,OK,88.100,0.44,15899.499994702637
1550,OK,110.700,0.44,15786.49994917214
1551,OK,91.400,0.44,15886.200009845197
1552,OK,102.500,0.44,15923.200000543147
1553,OK,170.300,0.44,15646.199986804277
1554,OK,117.300,0.44,15852.099983021617
1555,OK,78.700,0.44,15861.299994867295
1556,OK,62.800,0.44,15849.899966269732
1557,OK,83.800,0.44,15823.5999988392
1558,OK,68.100,0.44,15911.199967376888
1559,OK,71.400,0.44,15936.499985400587
1560,OK,64.500,0.44,15819.600026588887
1561,OK,83.900,0.44,15832.099947147071
1562,OK,147.700,0.44,15734.80002116412
1563,OK,55.600,0.44,15998.599992599338
1564,OK,96.700,0.44,15781.400026753545
1565,OK,62.700,0.44,15916.400006972253
1566,OK,114.900,0.44,15754.699998069555
1567,OK,113.900,0.44,15926.500025670975
1568,OK,87.400,0.44,15718.999959062785
1569,OK,114.000,0.44,15831.600001547486
1570,OK,87.000,0.44,15811.500023119152
1571,OK,72.300,0.44,15839.200001209974
1572,OK,82.700,0.44,16044.999996665865
1573,OK,204.800,0.44,15449.900005478412
1574,OK,98.800,0.44,15823.5999988392
1575,OK,90.200,0.44,15890.30004106462
1576,OK,92.100,0.44,15811.69996643439
1577,OK,80.900,0.44,15843.100030906498
1578,OK,113.700,0.44,15829.100040718913
1579,OK,101.100,0.44,15836.499980650842
1580,OK,96.300,0.44,15647.29999518022
1581,OK,96.300,0.44,15840.199950616807
1582,OK,129.800,0.44,15829.199983272702
1583,OK,94.300,0.44,15893.199946731329
1584,OK,96.200,0.44,15797.300031408668
1585,OK,63.900,0.44,15926.499967463315
1586,OK,88.400,0.44,15810.800017789006
1587,OK,64.900,0.44,15872.39996297285
1588,OK,80.700,0.44,15975.000045727938
1589,OK,83.200,0.44,15815.99999917671
1590,OK,58.600,0.44,15907.799999695271
1591,OK,69.800,0.44,15875.000040978193
1592,OK,72.200,0.44,15880.699967965484
1593,OK,172.800,0.44,15697.899973019958
1594,OK,90.400,0.44,15870.100003667176
1595,OK,88.900,0.44,15830.599993932992
1596,OK,81.600,0.44,15915.699943434447
1597,OK,101.600,0.44,15822.199988178909
1598,OK,84.800,0.44,15863.200009334832
1599,OK,70.500,0.44,16212.499991524965
1600,OK,255.500,0.44,15290.700015611947
1601,OK,96.000,0.44,15851.799980737269
1602,OK,105.600,0.44,15725.799952633679
1603,OK,161.700,0.44,15560.00002892688
1604,OK,136.700,0.44,15749.199956189841
1605,OK,122.400,0.44,15775.000036228448
1606,OK,93.900,0.44,15790.599980391562
1607,OK,72.500,0.44,15909.800014924258
1608,OK,106.300,0.44,15797.399973962456
1609,OK,138.000,0.44,15810.600016266108
1610,OK,111.200,0.44,15803.599962964654
1611,OK,83.600,0.44,15866.000030655414
1612,OK,80.800,0.44,15840.500011108816
1613,OK,88.500,0.44,15838.199993595481
1614,OK,71.900,0.44,15910.400019492954
1615,OK,65.000,0.44,15928.299981169403
1616,OK,97.800,0.44,15803.099959157407
1617,OK,76.200,0.44,15876.599994953722
1618,OK,100.500,0.44,15862.10000095889
1619,OK,83.200,0.44,15955.999959260225
1620,OK,210.200,0.44,15619.0000125207
1621,OK,79.100,0.44,15886.100009083748
1622,OK,66.700,0.44,15873.200027272105
1623,OK,73.800,0.44,15921.699989121407
1624,OK,62.000,0.44,15915.29999859631
1625,OK,70.900,0.44,15865.599969401956
1626,OK,63.000,0.44,15950.89997863397
1627,OK,166.100,0.44,15626.200009137392
1628,OK,78.000,0.44,15815.099992323667
1629,OK,56.900,0.44,15938.600001391023
1630,OK,78.900,0.44,15954.900009091944
1631,OK,112.300,0.44,15698.900038842112
1632,OK,56.500,0.44,15975.899994373322
1633,OK,61.000,0.44,15878.50000942126
1634,OK,74.400,0.44,15873.599972110242
1635,OK,74.700,0.44,15856.000012718141
1636,OK,96.600,0.44,15862.600004766136
1637,OK,105.100,0.44,15849.900024477392
1638,OK,71.200,0.44,15767.799981404096
1639,OK,70.400,0.44,15925.90002110228
1640,OK,62.100,0.44,15885.90000756085
1641,OK,51.000,0.44,15862.400003243238
1642,OK,87.900,0.44,15850.20002676174
1643,OK,58.000,0.44,15957.200026605278
1644,OK,74.800,0.44,15858.400030992925
1645,OK,57.400,0.44,15878.200007136911
1646,OK,63.000,0.44,15862.00000019744
1647,OK,116.300,0.44,15893.20000493899
1648,OK,72.700,0.44,15856.500016525388
1649,OK,58.900,0.44,15919.400029815733
1650,OK,115.800,0.44,15799.89999299869
1651,OK,97.800,0.44,15795.899962540716
1652,OK,153.100,0.44,15797.600033693016
1653,OK,103.400,0.44,15842.700027860701
1654,OK,108.300,0.44,15827.099967282265
1655,OK,104.900,0.44,15783.59998529777
1656,OK,75.800,0.44,15914.699994027615
1657,OK,267.000,0.44,15656.800009310246
1658,OK,76.000,0.44,15890.899987425655
1659,OK,64.300,0.44,15887.999965343624
1660,OK,49.400,0.44,15964.30002246052
1661,OK,151.900,0.44,15749.000012874603
1662,OK,71.300,0.44,15867.099980823696
1663,OK,57.400,0.44,15850.100026000291
1664,OK,74.600,0.44,15936.799987684935
1665,OK,65.100,0.44,15774.7000339441
1666,OK,75.700,0.44,15799.999993760139
1667,OK,87.200,0.44,15895.300020929426
1668,OK,62.100,0.44,16090.399993117899
1669,OK,135.200,0.44,15595.499949995428
1670,OK,86.900,0.44,15863.100008573383
1671,OK,56.700,0.44,15907.799999695271
1672,OK,57.100,0.44,15924.100007396191
1673,OK,75.200,0.44,15890.100039541721
1674,OK,81.600,0.44,15874.500037170947
1675,OK,63.500,0.44,15833.299956284463
1676,OK,78.000,0.44,15873.89997439459
1677,OK,61.000,0.44,15872.099960688502
1678,OK,61.300,0.44,15995.700028724968
1679,OK,57.700,0.44,15794.900013133883
1680,OK,93.300,0.44,15944.000042509288
1681,OK,117.200,0.44,15996.099973563105
1682,OK,130.300,0.44,15610.800008289516
1683,OK,59.700,0.44,15852.599986828864
1684,OK,85.400,0.44,15867.200039792806
1685,OK,63.000,0.44,15875.199984293431
1686,OK,52.900,0.44,15940.4999576509
1687,OK,50.600,0.44,15876.99999799952
1688,OK,59.000,0.44,15945.599996484816
1689,OK,53.600,0.44,15844.29998183623
1690,OK,56.000,0.44,15969.300002325326
1691,OK,70.800,0.44,15839.300001971424
1692,OK,51.700,0.44,15937.299991492182
1693,OK,86.300,0.44,15952.099987771362
1694,OK,110.200,0.44,38835.59996029362
1695,OK,336.000,0.44,86981.39997432008
1696,OK,89.100,0.44,17324.0999574773
1697,OK,103.600,0.44,15721.600037068129
1698,OK,95.900,0.44,34438.70000774041
1699,OK,136.800,0.44,13316.500000655651
1700,OK,115.900,0.44,15625.500003807247
1701,OK,76.500,0.44,15763.199946377426
1702,OK,96.100,0.44,15856.600017286837
1703,OK,71.100,0.44,15879.000013228506
1704,OK,87.600,0.44,15886.100009083748
1705,OK,63.800,0.44,15892.900002654642
1706,OK,73.100,0.44,15812.699974048883
1707,OK,75.900,0.44,15909.200010355562
1708,OK,80.300,0.44,15901.99995553121
1709,OK,56.900,0.44,15865.299967117608
1710,OK,70.700,0.44,15912.199974991381
1711,OK,86.600,0.44,15906.299988273531
1712,OK,177.700,0.44,15621.299971826375
1713,OK,90.900,0.44,15901.100006885827
1714,OK,67.900,0.44,15892.099996563047
1715,OK,97.300,0.44,16184.399952180684
1716,OK,125.500,0.44,15438.900038134307
1717,OK,112.100,0.44,15861.000050790608
1718,OK,93.600,0.44,15779.900015331805
1719,OK,108.600,0.44,15872.899966780096
1720,OK,84.600,0.44,15777.100052218884
1721,OK,62.300,0.44,15902.600018307567
1722,OK,65.900,0.44,15873.100026510656
1723,OK,119.400,0.44,15819.599968381226
1724,OK,100.000,0.44,15870.100003667176
1725,OK,115.100,0.44,15906.39998903498
1726,OK,112.200,0.44,15672.50001244247
1727,OK,87.500,0.44,15880.700026173145
1728,OK,75.100,0.44,15889.500034973025
1729,OK,112.500,0.44,15842.000022530556
1730,OK,108.000,0.44,15781.900030560791
1731,OK,83.400,0.44,15825.900016352534
1732,OK,85.900,0.44,15903.70002668351
1733,OK,87.900,0.44,15835.699974559247
1734,OK,61.700,0.44,15895.499964244664
1735,OK,69.000,0.44,15884.099993854761
1736,OK,73.600,0.44,15896.30002854392
1737,OK,78.900,0.44,15886.699955444783
1738,OK,85.500,0.44,15825.600014068186
1739,OK,70.700,0.44,15926.900028716773
1740,OK,80.000,0.44,15848.900016862899
1741,OK,104.400,0.44,15750.100021250546
1742,OK,62.900,0.44,15909.300011117011
1743,OK,74.400,0.44,15903.000021353364
1744,OK,65.700,0.44,15849.799965508282
1745,OK,75.600,0.44,15905.900043435395
1746,OK,100.700,0.44,15816.400002222508
1747,OK,76.200,0.44,15916.400006972253
1748,OK,141.500,0.44,15760.00003842637
1749,OK,67.000,0.44,16189.4999910146
1750,OK,116.700,0.44,15574.60002368316
1751,OK,96.700,0.44,15745.599986985326
1752,OK,73.800,0.44,15889.799979049712
1753,OK,170.100,0.44,15828.900039196014
1754,OK,67.800,0.44,15831.299999263138
1755,OK,83.700,0.44,15891.199989710003
1756,OK,65.200,0.44,15823.699999600649
1757,OK,94.000,0.44,15887.100016698241
1758,OK,68.300,0.44,15857.59996669367
1759,OK,72.700,0.44,15893.900010269135
1760,OK,61.100,0.44,15865.400026086718
1761,OK,81.700,0.44,15849.500021431595
1762,OK,59.600,0.44,15878.200007136911
1763,OK,78.900,0.44,15871.400013566017
1764,OK,72.800,0.44,15929.099987260997
1765,OK,127.000,0.44,15793.099999427795
1766,OK,73.700,0.44,15900.900005362928
1767,OK,117.700,0.44,15799.199987668544
1768,OK,107.100,0.44,15830.99999697879
1769,OK,95.400,0.44,15841.800021007657
1770,OK,87.800,0.44,15850.299969315529
1771,OK,117.000,0.44,15814.899990800768
1772,OK,97.200,0.44,16300.5999638699
1773,OK,149.900,0.44,15416.600042954087
1774,OK,114.300,0.44,15653.999987989664
1775,OK,140.400,0.44,15962.79995283112
1776,OK,118.300,0.44,15905.800042673945
1777,OK,105.400,0.44,15377.100033219904
1778,OK,71.300,0.44,15881.700033787638
1779,OK,85.000,0.44,15872.999967541546
1780,OK,112.000,0.44,15778.000000864267
1781,OK,95.900,0.44,15854.400000534952
1782,OK,106.300,0.44,15848.200011532754
1783,OK,95.500,0.44,15935.099974740297
1784,OK,87.700,0.44,15811.600023880601
1785,OK,114.100,0.44,15831.700002308935
1786,OK,147.800,0.44,15765.899966936558
1787,OK,113.900,0.44,15790.800040122122
1788,OK,111.000,0.44,15790.800040122122
1789,OK,94.100,0.44,15831.199998501688
1790,OK,85.700,0.44,15834.00001982227
1791,OK,55.100,0.44,15966.699982527643
1792,OK,65.200,0.44,15865.399967879057
1793,OK,105.700,0.44,15837.399987503886
1794,OK,99.900,0.44,15826.000017113984
1795,OK,107.400,0.44,15934.399969410151
1796,OK,92.600,0.44,15783.299983013421
1797,OK,91.300,0.44,15851.100033614784
1798,OK,73.100,0.44,15866.70003598556
1799,OK,76.300,0.44,15878.50000942126
1800,OK,79.200,0.44,15821.199980564415
1801,OK,72.200,0.44,16002.999967895448
1802,OK,160.400,0.44,15485.199983231723
1803,OK,63.500,0.44,15902.800019830465
1804,OK,68.800,0.44,15889.199974481016
1805,OK,71.700,0.44,15871.200012043118
1806,OK,72.800,0.44,15937.200048938394
1807,OK,83.500,0.44,15887.699963059276
1808,OK,74.600,0.44,15814.899990800768
1809,OK,97.900,0.44,15858.000027947128
1810,OK,69.300,0.44,15971.500019077212
1811,OK,131.700,0.44,15701.900003477931
1812,OK,110.300,0.44,15824.300004169345
1813,OK,82.200,0.44,15854.400000534952
1814,OK,87.800,0.44,15882.399980910122
1815,OK,81.700,0.44,15845.999994780868
1816,OK,91.400,0.44,15860.999992582947
1817,OK,53.700,0.44,15888.099966105074
1818,OK,73.200,0.44,15847.30000467971
1819,OK,59.900,0.44,15949.999971780926
1820,OK,91.000,0.44,15887.500019744039
1821,OK,69.600,0.44,15828.199975658208
1822,OK,103.500,0.44,15818.900021258742
1823,OK,92.500,0.44,15882.79998395592
1824,OK,57.400,0.44,15903.199964668602
1825,OK,121.700,0.44,15874.10003412515
1826,OK,89.700,0.44,15807.29999113828
1827,OK,58.600,0.44,16277.700022328645
1828,OK,221.500,0.44,15245.400019921362
1829,OK,76.100,0.44,16020.299983210862
1830,OK,66.200,0.44,15868.299989961088
1831,OK,58.100,0.44,15944.89999115467
1832,OK,57.300,0.44,15960.699995048344
1833,OK,53.900,0.44,15819.900028873235
1834,OK,63.500,0.44,15943.200036417693
1835,OK,100.400,0.44,16007.900005206466
1836,OK,73.100,0.44,15897.099976427853
1837,OK,80.100,0.44,15682.400029618293
1838,OK,70.600,0.44,16122.000000905246
1839,OK,80.300,0.44,15553.599980194122
1840,OK,80.300,0.44,16138.500010129064
1841,OK,79.000,0.44,15662.0999914594
1842,OK,59.300,0.44,15865.599969401956
1843,OK,58.700,0.44,15818.199957720935
1844,OK,73.400,0.44,15820.39997447282
1845,OK,78.200,0.44,15917.900018393993
1846,OK,80.100,0.44,15919.89997541532
1847,OK,71.500,0.44,15847.100003156811
1848,OK,101.000,0.44,15845.400048419833
1849,OK,84.400,0.44,15832.000004593283
1850,OK,83.000,0.44,15914.499992504716
1851,OK,98.700,0.44,15843.900036998093
1852,OK,97.100,0.44,15802.59995535016
1853,OK,93.800,0.44,15832.200006116182
1854,OK,54.800,0.44,15889.600035734475
1855,OK,58.400,0.44,15928.200038615614
1856,OK,79.600,0.44,16192.60001461953
1857,OK,55.200,0.44,15905.599982943386
1858,OK,60.100,0.44,15749.699959997088
1859,OK,103.400,0.44,16011.799976695329
1860,OK,74.600,0.44,15850.19996855408
1861,OK,73.400,0.44,15950.900036841631
1862,OK,68.200,0.44,15835.200028959662
1863,OK,57.700,0.44,15960.700053256005
1864,OK,99.000,0.44,15557.100006844848
1865,OK,53.700,0.44,15963.400015607476
1866,OK,159.300,0.44,15752.700041048229
1867,OK,146.900,0.44,15568.69997875765
1868,OK,74.800,0.44,15929.999994114041
1869,OK,97.400,0.44,15804.19996753335
1870,OK,64.300,0.44,15853.399992920458
1871,OK,50.100,0.44,15869.49999909848
1872,OK,67.900,0.44,15875.799988862127
1873,OK,61.300,0.44,15909.700014162809
1874,OK,80.200,0.44,15962.90001180023
1875,OK,62.700,0.44,15859.20003708452
1876,OK,73.900,0.44,15868.0000458844
1877,OK,89.300,0.44,15830.89999621734
1878,OK,129.000,0.44,15851.200034376234
1879,OK,89.000,0.44,15726.699959486723
1880,OK,50.500,0.44,15954.500006046146
1881,OK,48.200,0.44,15898.599987849593
1882,OK,52.100,0.44,15886.000008322299
1883,OK,75.900,0.44,15938.399999868125
1884,OK,57.700,0.44,15907.799999695271
1885,OK,63.700,0.44,15885.8000067994
1886,OK,71.000,0.44,15836.399979889393
1887,OK,65.100,0.44,15892.199997324497
1888,OK,82.300,0.44,15930.19999563694
1889,OK,75.100,0.44,15827.89997337386
1890,OK,68.900,0.44,15888.799971435219
1891,OK,80.900,0.44,15918.200020678341
1892,OK,67.000,0.44,15888.500027358532
1893,OK,65.500,0.44,15853.899996727705
1894,OK,85.500,0.44,15909.999958239496
1895,OK,62.900,0.44,15904.299973044544
1896,OK,65.100,0.44,16194.800031371415
1897,OK,90.600,0.44,15499.10003086552
1898,OK,56.300,0.44,15891.199989710003
1899,OK,45.400,0.44,15922.199992928654
1900,OK,58.100,0.44,15888.600028119981
1901,OK,106.500,0.44,15688.49995965138
1902,OK,135.800,0.44,15809.000004082918
1903,OK,68.400,0.44,15861.299994867295
1904,OK,99.400,0.44,15902.600018307567
1905,OK,67.000,0.44,15901.000006124377
1906,OK,55.300,0.44,15817.6000113599
1907,OK,60.800,0.44,15876.399993430823
1908,OK,64.400,0.44,15915.39999935776
1909,OK,81.800,0.44,15878.100006375462
1910,OK,66.400,0.44,15903.3999661915
1911,OK,58.600,0.44,15890.19998209551
1912,OK,88.900,0.44,15879.400016274303
1913,OK,62.000,0.44,15837.299986742437
1914,OK,53.800,0.44,15917.799959424883
1915,OK,79.400,0.44,15815.399994608015
1916,OK,63.500,0.44,15938.199998345226
1917,OK,64.500,0.44,15880.500024650246
1918,OK,79.300,0.44,15905.499982181937
1919,OK,63.600,0.44,15885.400003753603
1920,OK,58.000,0.44,15900.999947916716
1921,OK,69.200,0.44,15928.80004318431
1922,OK,70.000,0.44,15776.999993249774
1923,OK,86.600,0.44,15886.200009845197
1924,OK,154.700,0.44,15810.400014743209
1925,OK,61.400,0.44,15864.900022279471
1926,OK,94.400,0.44,15923.600003588945
1927,OK,97.900,0.44,15779.900015331805
1928,OK,69.100,0.44,15859.599981922656
1929,OK,78.300,0.44,15968.79999851808
1930,OK,110.900,0.44,15835.300029721111
1931,OK,74.300,0.44,15833.90001906082
1932,OK,52.100,0.44,15942.599973641336
1933,OK,53.000,0.44,15935.699979308993
1934,OK,64.500,0.44,16024.600015953183
1935,OK,53.000,0.44,15696.500020567328
1936,OK,69.800,0.44,15925.80002034083
1937,OK,74.400,0.44,15805.59997819364
1938,OK,68.000,0.44,15959.599986672401
1939,OK,58.700,0.44,15932.600013911724
1940,OK,60.800,0.44,15791.500045452267
1941,OK,53.700,0.44,16008.300008252263
1942,OK,57.200,0.44,15833.700017537922
1943,OK,50.600,0.44,15944.100043270737
1944,OK,49.400,0.44,15905.599982943386
1945,OK,74.900,0.44,15968.69999775663
1946,OK,56.100,0.44,15798.999986145645
1947,OK,73.900,0.44,16002.899967133999
1948,OK,94.700,0.44,15804.699971340597
1949,OK,65.900,0.44,15918.799967039376
1950,OK,71.400,0.44,15867.199981585145
1951,OK,66.800,0.44,16158.3999870345
1952,OK,110.800,0.44,15538.100036792457
1953,OK,74.200,0.44,15820.000029634684
1954,OK,77.900,0.44,15880.100021604449
1955,OK,85.000,0.44,15813.499980140477
1956,OK,76.300,0.44,15865.500026848167
1957,OK,82.300,0.44,15859.299979638308
1958,OK,50.400,0.44,15922.599995974451
1959,OK,54.400,0.44,15916.200005449355
1960,OK,95.500,0.44,15932.600013911724
1961,OK,63.400,0.44,15815.699996892363
1962,OK,55.600,0.44,15901.000006124377
1963,OK,88.900,0.44,15924.100007396191
1964,OK,62.900,0.44,15858.900034800172
1965,OK,65.400,0.44,15965.5999741517
1966,OK,78.600,0.44,15787.300013471395
1967,OK,60.900,0.44,15907.300054095685
1968,OK,76.100,0.44,15962.000004947186
1969,OK,73.700,0.44,15810.299955774099
1970,OK,108.400,0.44,15854.100056458265
1971,OK,79.200,0.44,15815.599996130913
1972,OK,65.200,0.44,15991.299995221198
1973,OK,78.900,0.44,15781.200025230646
1974,OK,104.900,0.44,15848.70001534
1975,OK,81.800,0.44,15888.200025074184
1976,OK,94.800,0.44,15895.500022452325
1977,OK,100.300,0.44,15811.70002464205
1978,OK,85.500,0.44,15835.600032005459
1979,OK,112.000,0.44,15851.90003970638
1980,OK,90.500,0.44,15912.700037006289
1981,OK,131.400,0.44,15737.199981231242
1982,OK,63.700,0.44,15840.100008063018
1983,OK,57.100,0.44,15889.600035734475
1984,OK,47.000,0.44,15953.499998431653
1985,OK,57.700,0.44,15911.200025584549
1986,OK,78.300,0.44,15927.900036331266
1987,OK,67.400,0.44,15838.699997402728
1988,OK,70.200,0.44,15927.699976600707
1989,OK,66.100,0.44,15824.100002646446
1990,OK,83.100,0.44,16075.39999531582
1991,OK,150.400,0.44,15582.400024868548
1992,OK,70.600,0.44,15914.200048428029
1993,OK,66.900,0.44,15907.399996649474
1994,OK,57.800,0.44,15851.999982260168
1995,OK,58.800,0.44,15880.299964919686
1996,OK,53.900,0.44,15959.89998895675
1997,OK,59.800,0.44,15883.099986240268
1998,OK,71.400,0.44,15875.29998505488
1999,OK,80.300,0.44,15814.999991562217
2000,OK,58.800,0.44,15826.000017113984
2001,OK,84.400,0.44,15891.70005172491
2002,OK,58.700,0.44,15975.299989804626
2003,OK,98.100,0.44,15760.999987833202
2004,OK,116.100,0.44,15814.199985470623
2005,OK,92.500,0.44,15827.89997337386
2006,OK,93.800,0.44,15902.20001526177
2007,OK,91.900,0.44,15703.49995745346
2008,OK,59.700,0.44,15945.399994961917
2009,OK,61.300,0.44,15911.899972707033
2010,OK,83.800,0.44,15813.399979379028
2011,OK,70.200,0.44,15879.100013989955
2012,OK,52.200,0.44,15958.50003650412
2013,OK,70.100,0.44,15852.599986828864
2014,OK,75.200,0.44,15984.89994648844
2015,OK,62.000,0.44,15857.000020332634
2016,OK,57.600,0.44,15914.299990981817
2017,OK,61.900,0.44,15874.900040216744
2018,OK,66.500,0.44,18271.10000886023
2019,OK,106.200,0.44,13393.300003372133
2020,OK,86.100,0.44,15885.8000067994
2021,OK,57.000,0.44,15907.700057141483
2022,OK,67.700,0.44,15865.400026086718
2023,OK,63.700,0.44,15901.89995476976
2024,OK,69.300,0.44,15838.899998925626
2025,OK,66.400,0.44,15921.599988359958
2026,OK,54.900,0.44,15856.600017286837
2027,OK,56.500,0.44,15951.099980156869
2028,OK,62.000,0.44,16016.399953514338
2029,OK,71.600,0.44,15831.099997740239
2030,OK,137.900,0.44,15780.000016093254
2031,OK,85.200,0.44,15814.199985470623
2032,OK,85.100,0.44,15881.200029980391
2033,OK,57.000,0.44,15938.399999868125
2034,OK,138.400,0.44,16268.10000743717
2035,OK,94.000,0.44,15280.999999959022
2036,OK,53.200,0.44,15896.199969574809
2037,OK,51.900,0.44,15987.199964001775
2038,OK,70.100,0.44,15844.599984120578
2039,OK,57.800,0.44,15928.59998345375
2040,OK,100.400,0.44,15780.59996245429
2041,OK,103.700,0.44,15931.100002489984
2042,OK,61.300,0.44,15794.00000628084
2043,OK,80.200,0.44,15903.300023637712
2044,OK,73.400,0.44,15978.799958247691
2045,OK,157.500,0.44,15636.999974958599
2046,OK,101.600,0.44,15910.800022538751
2047,OK,64.000,0.44,15883.999993093312
2048,OK,66.900,0.44,15891.5999927558
2049,OK,65.400,0.44,15592.099982313812
2050,OK,66.700,0.44,15947.400010190904
2051,OK,70.100,0.44,15936.799987684935
2052,OK,145.200,0.44,15709.200000856072
2053,OK,127.200,0.44,16049.699974246323
2054,OK,115.600,0.44,15640.400000847876
2055,OK,96.000,0.44,15815.99999917671
2056,OK,165.400,0.44,15717.800008133054
2057,OK,84.400,0.44,15806.599985808134
2058,OK,49.200,0.44,15954.799950122833
2059,OK,56.800,0.44,15918.900026008487
2060,OK,74.700,0.44,15859.399980399758
2061,OK,85.100,0.44,15881.999977864325
2062,OK,61.600,0.44,15915.39999935776
2063,OK,207.100,0.44,15689.499967265874
2064,OK,87.800,0.44,15838.799998164177
2065,OK,77.800,0.44,15841.500018723309
2066,OK,91.900,0.44,15910.699963569641
2067,OK,106.700,0.44,15844.399982597679
2068,OK,86.100,0.44,15804.40002726391
2069,OK,104.400,0.44,15891.7999942787
2070,OK,98.400,0.44,15770.30000044033
2071,OK,95.700,0.44,15772.899962030351
2072,OK,115.900,0.44,15898.400044534355
2073,OK,102.000,0.44,15768.199984449893
2074,OK,90.000,0.44,15831.700002308935
2075,OK,92.000,0.44,15854.500001296401
2076,OK,86.300,0.44,15768.099983688444
2077,OK,90.800,0.44,15843.899978790432
2078,OK,109.600,0.44,15831.900003831834
2079,OK,92.200,0.44,15868.499991483986
2080,OK,119.800,0.44,15798.000036738813
2081,OK,119.000,0.44,15814.80004824698
2082,OK,151.900,0.44,16021.099989302456
2083,OK,101.000,0.44,15567.09996657446
2084,OK,83.600,0.44,15932.700014673173
2085,OK,96.500,0.44,16017.299960367382
2086,OK,125.100,0.44,15551.299962680787
2087,OK,98.500,0.44,15835.3999722749
2088,OK,73.600,0.44,15875.200042501092
2089,OK,67.200,0.44,15890.000038780272
2090,OK,74.400,0.44,15876.399993430823
2091,OK,97.500,0.44,15853.999997489154
2092,OK,99.400,0.44,15853.299992159009
2093,OK,70.400,0.44,15954.0000022389
2094,OK,83.000,0.44,15803.400019649416
2095,OK,151.000,0.44,15721.799980383366
2096,OK,80.900,0.44,15922.299993690103
2097,OK,89.000,0.44,15837.799990549684
2098,OK,101.000,0.44,15876.099991146475
2099,OK,88.000,0.44,15844.599984120578
2100,OK,122.800,0.44,15785.800002049655
2101,OK,146.000,0.44,15674.999973271042
2102,OK,169.700,0.44,16143.299988470972
2103,OK,123.000,0.44,15398.700023069978
2104,OK,328.900,0.44,15369.799977634102
2105,OK,132.000,0.44,15785.299998242408
2106,OK,142.100,0.44,15702.599950600415
2107,OK,131.100,0.44,15812.199970241636
2108,OK,90.100,0.44,15852.199983783066
2109,OK,100.600,0.44,15864.199958741665
2110,OK,79.200,0.44,15829.29998403415
2111,OK,80.400,0.44,15945.599996484816
2112,OK,83.800,0.44,15755.4000033997
2113,OK,61.800,0.44,15935.499977786094
2114,OK,62.800,0.44,15890.19998209551
2115,OK,80.200,0.44,15886.800014413893
2116,OK,76.300,0.44,15860.899991821498
2117,OK,66.200,0.44,15919.80003286153
2118,OK,103.100,0.44,15801.900008227676
2119,OK,88.100,0.44,15883.199987001717
2120,OK,79.200,0.44,15872.900024987757
2121,OK,89.400,0.44,15832.100005354732
2122,OK,60.000,0.44,15930.599998682737
2123,OK,71.900,0.44,15927.500033285469
2124,OK,88.400,0.44,15731.69999755919
2125,OK,75.200,0.44,15910.700021777302
2126,OK,59.200,0.44,15970.19995097071
2127,OK,109.600,0.44,15749.199956189841
2128,OK,102.100,0.44,15811.100020073354
2129,OK,68.800,0.44,15883.699990808964
2130,OK,71.800,0.44,15928.999986499548
2131,OK,75.800,0.44,15833.90001906082
2132,OK,91.500,0.44,15833.400015253574
2133,OK,75.600,0.44,15875.499986577779
2134,OK,108.300,0.44,15764.800016768277
2135,OK,89.000,0.44,15903.199964668602
2136,OK,85.700,0.44,15866.300032939762
2137,OK,69.000,0.44,15894.899959675968
2138,OK,73.000,0.44,15864.400018472224
2139,OK,68.800,0.44,15905.399981420487
2140,OK,57.700,0.44,15878.999955020845
2141,OK,88.300,0.44,15817.699953913689
2142,OK,51.900,0.44,16300.500021316111
2143,OK,194.300,0.44,15300.39997305721
2144,OK,71.400,0.44,15881.600033026189
2145,OK,55.600,0.44,15891.199989710003
2146,OK,77.900,0.44,15893.10000417754
2147,OK,68.300,0.44,15872.39996297285
2148,OK,75.400,0.44,15827.099967282265
2149,OK,53.900,0.44,16091.400000732392
2150,OK,60.000,0.44,15733.600012026727
2151,OK,57.100,0.44,15927.20003100112
2152,OK,145.200,0.44,15758.39996803552
2153,OK,82.600,0.44,15912.60003624484
2154,OK,66.700,0.44,15853.19999139756
2155,OK,61.300,0.44,15881.200029980391
2156,OK,93.700,0.44,15864.900022279471
2157,OK,112.600,0.44,15869.700000621378
2158,OK,85.600,0.44,15913.599985651672
2159,OK,157.900,0.44,15714.199980720878
2160,OK,85.800,0.44,16090.29999235645
2161,OK,65.800,0.44,15879.8000193201
2162,OK,69.400,0.44,15723.900054581463
2163,OK,68.100,0.44,15897.49997947365
2164,OK,88.700,0.44,15801.800007466227
2165,OK,107.600,0.44,15817.400009837002
2166,OK,64.400,0.44,15985.00000545755
2167,OK,56.300,0.44,15748.900012113154
2168,OK,65.300,0.44,16234.999988228083
2169,OK,69.200,0.44,15500.49998331815
2170,OK,80.700,0.44,16049.300029408187
2171,OK,165.700,0.44,15774.900035466999
2172,OK,161.900,0.44,15500.699984841049
2173,OK,64.300,0.44,15867.700043600053
2174,OK,100.200,0.44,15865.600027609617
2175,OK,68.400,0.44,15887.500019744039
2176,OK,75.500,0.44,15808.399999514222
2177,OK,59.300,0.44,15953.399997670203
2178,OK,112.700,0.44,15819.799969904125
2179,OK,94.700,0.44,15863.099950365722
2180,OK,69.900,0.44,15880.300023127347
2181,OK,75.300,0.44,15860.399988014251
2182,OK,98.600,0.44,15830.400050617754
2183,OK,99.300,0.44,15878.900012467057
2184,OK,101.800,0.44,15835.700032766908
2185,OK,98.100,0.44,15819.800028111786
2186,OK,161.500,0.44,15755.30000263825
2187,OK,53.900,0.44,15945.499995723367
2188,OK,84.300,0.44,15807.699994184077
2189,OK,65.800,0.44,15924.20000815764
2190,OK,71.900,0.44,15876.599994953722
2191,OK,44.800,0.44,15929.400047753006
2192,OK,57.900,0.44,15927.399974316359
2193,OK,77.100,0.44,15864.000015426427
2194,OK,61.300,0.44,42131.900030653924
2195,OK,163.400,0.44,36672.20001807436
2196,OK,404.900,0.44,44850.400008726865
2197,OK,123.100,0.44,19350.700022187084
2198,OK,80.400,0.44,15896.500030066818
2199,OK,81.100,0.44,33049.20002119616
2200,OK,124.900,0.44,14593.400002922863
2201,OK,79.300,0.44,15730.900049675256
2202,OK,90.200,0.44,15856.10001347959
2203,OK,171.600,0.44,15697.199967689812
2204,OK,93.500,0.44,15850.100026000291
2205,OK,183.400,0.44,15667.99997817725
2206,OK,54.100,0.44,15926.199965178967
2207,OK,63.800,0.44,15877.700003329664
2208,OK,54.600,0.44,15922.299993690103
2209,OK,58.300,0.44,15910.99996585399
2210,OK,56.500,0.44,15948.699961882085
2211,OK,56.300,0.44,15833.399957045913
2212,OK,58.000,0.44,15917.00001154095
2213,OK,55.000,0.44,16000.400006305426
2214,OK,61.500,0.44,15832.600009161979
2215,OK,63.600,0.44,15828.399977181107
2216,OK,74.400,0.44,15935.799980070442
2217,OK,61.100,0.44,15936.500043608248
2218,OK,66.900,0.44,15840.100008063018
2219,OK,58.100,0.44,15879.500017035753
2220,OK,58.600,0.44,15941.600024234504
2221,OK,87.300,0.44,15798.100037500262
2222,OK,65.100,0.44,15896.599972620606
2223,OK,85.700,0.44,15845.299989450723
2224,OK,98.300,0.44,15900.300000794232
2225,OK,96.300,0.44,15801.000001374632
2226,OK,85.800,0.44,15910.700021777302
2227,OK,225.800,0.44,15684.799989685416
2228,OK,137.200,0.44,15797.199972439557
2229,OK,116.000,0.44,15801.900008227676
2230,OK,86.100,0.44,15843.00003014505
2231,OK,48.900,0.44,15932.500013150275
2232,OK,54.000,0.44,15933.400020003319
2233,OK,63.300,0.44,16157.299978658557
2234,OK,62.900,0.44,15598.30002952367
2235,OK,54.000,0.44,15961.600001901388
2236,OK,54.500,0.44,15853.899996727705
2237,OK,61.800,0.44,15898.000041488558
2238,OK,50.100,0.44,15915.29999859631
2239,OK,57.400,0.44,15932.200010865927
2240,OK,71.500,0.44,15906.799992080778
2241,OK,69.600,0.44,15900.200000032783
2242,OK,54.400,0.44,15839.400002732873
2243,OK,49.600,0.44,15943.300037179142
2244,OK,61.100,0.44,15871.799958404154
2245,OK,56.000,0.44,15944.199985824525
2246,OK,76.000,0.44,15820.900036487728
2247,OK,98.500,0.44,15883.899992331862
2248,OK,71.300,0.44,16013.19998735562
2249,OK,100.400,0.44,15679.200005251914
2250,OK,107.100,0.44,15802.000008989125
2251,OK,66.200,0.44,15910.800022538751
2252,OK,88.700,0.44,15840.999956708401
2253,OK,117.600,0.44,15817.6000113599
2254,OK,96.400,0.44,15821.599983610213
2255,OK,89.400,0.44,15833.200013730675
2256,OK,67.400,0.44,15955.700015183538
2257,OK,57.000,0.44,15852.099983021617
2258,OK,48.300,0.44,15949.199965689331
2259,OK,68.300,0.44,15877.900004852563
2260,OK,55.100,0.44,15834.299963898957
2261,OK,54.700,0.44,15937.899996060878
2262,OK,56.900,0.44,15928.899985738099
2263,OK,65.500,0.44,15830.79999545589
2264,OK,75.800,0.44,15855.500008910894
2265,OK,57.300,0.44,15919.90003362298
2266,OK,53.300,0.44,15905.1000373438
2267,OK,113.300,0.44,15840.300009585917
2268,OK,58.200,0.44,15888.80002964288
2269,OK,80.400,0.44,15901.700011454523
2270,OK,85.400,0.44,15847.900009248406
2271,OK,61.100,0.44,15920.899983029813
2272,OK,85.800,0.44,15830.699994694442
2273,OK,78.200,0.44,15833.200013730675
2274,OK,74.900,0.44,15962.90001180023
2275,OK,65.700,0.44,15841.700020246208
2276,OK,95.800,0.44,15824.599948246032
2277,OK,79.200,0.44,15922.6999967359
2278,OK,104.800,0.44,15816.700004506856
2279,OK,60.300,0.44,15849.699964746833
2280,OK,66.700,0.44,15900.70000384003
2281,OK,71.200,0.44,15876.99999799952
2282,OK,57.800,0.44,15840.800013393164
2283,OK,89.400,0.44,15939.800010528415
2284,OK,65.100,0.44,15871.600015088916
2285,OK,79.500,0.44,15904.900035820901
2286,OK,70.100,0.44,15872.599964495748
2287,OK,67.600,0.44,15841.200016438961
2288,OK,84.700,0.44,15851.69997997582
2289,OK,83.500,0.44,15925.90002110228
2290,OK,66.700,0.44,15855.900011956692
2291,OK,63.800,0.44,15880.200022365898
2292,OK,140.500,0.44,15748.600009828806
2293,OK,53.100,0.44,15975.899994373322
2294,OK,82.200,0.44,15760.399983264506
2295,OK,77.200,0.44,15861.099993344396
2296,OK,69.900,0.44,15947.500010952353
2297,OK,73.600,0.44,15853.399992920458
2298,OK,57.400,0.44,15898.800047580153
2299,OK,60.700,0.44,15862.00000019744
2300,OK,52.000,0.44,15888.80002964288
2301,OK,61.900,0.44,15804.500028025359
2302,OK,64.600,0.44,15881.799976341426
2303,OK,61.600,0.44,15977.70000807941
2304,OK,106.700,0.44,15792.39999409765
2305,OK,69.500,0.44,15878.000005614012
2306,OK,68.300,0.44,15875.200042501092
2307,OK,81.100,0.44,15863.200009334832
2308,OK,58.400,0.44,15973.299974575639
2309,OK,168.200,0.44,15670.699998736382
2310,OK,158.500,0.44,15652.99998037517
2311,OK,92.800,0.44,15864.000015426427
2312,OK,75.000,0.44,15963.600017130375
2313,OK,115.300,0.44,15801.30000365898
2314,OK,83.500,0.44,15807.599993422627
2315,OK,69.100,0.44,15898.799989372492
2316,OK,64.400,0.44,15923.300001304597
2317,OK,90.400,0.44,15790.300036314875
2318,OK,54.800,0.44,15932.600013911724
2319,OK,60.700,0.44,15915.29999859631
2320,OK,61.600,0.44,15883.699990808964
2321,OK,101.400,0.44,15912.29997575283
2322,OK,66.300,0.44,15884.599997662008
2323,OK,54.900,0.44,15798.799984622747
2324,OK,49.200,0.44,16009.700018912554
2325,OK,50.300,0.44,15927.800035569817
2326,OK,55.100,0.44,15877.199999522418
2327,OK,65.000,0.44,15909.900015685707
2328,OK,55.800,0.44,15916.400006972253
2329,OK,120.400,0.44,15769.100049510598
2330,OK,69.900,0.44,15847.000002395362
2331,OK,85.600,0.44,15958.19997601211
2332,OK,102.600,0.44,17853.19996997714
2333,OK,100.200,0.44,13778.299966361374
2334,OK,59.800,0.44,15957.299969159067
2335,OK,73.700,0.44,15847.500006202608
2336,OK,52.700,0.44,15949.300024658442
2337,OK,55.100,0.44,15927.699976600707
2338,OK,59.200,0.44,15834.00001982227
2339,OK,116.100,0.44,15837.1000434272
2340,OK,60.800,0.44,15859.399980399758
2341,OK,85.600,0.44,15898.099984042346
2342,OK,71.600,0.44,15813.499980140477
2343,OK,53.900,0.44,15968.299994710833
2344,OK,56.700,0.44,15838.699997402728
2345,OK,52.800,0.44,15891.199989710003
2346,OK,58.800,0.44,15912.29997575283
2347,OK,52.600,0.44,15975.499991327524
2348,OK,135.700,0.44,15682.200028095394
2349,OK,119.400,0.44,15852.999989874661
2350,OK,103.200,0.44,15922.999999020249
2351,OK,68.000,0.44,15799.89999299869
2352,OK,54.800,0.44,15829.200041480362
2353,OK,76.100,0.44,15888.000023551285
2354,OK,57.600,0.44,15900.400001555681
2355,OK,65.100,0.44,15897.69998099655
2356,OK,73.300,0.44,15911.00002406165
2357,OK,90.600,0.44,15924.600011203438
2358,OK,183.200,0.44,15708.099992480129
2359,OK,56.900,0.44,15869.39999833703
2360,OK,64.800,0.44,15909.000008832663
2361,OK,56.900,0.44,15837.499988265336
2362,OK,57.200,0.44,15921.999991405755
2363,OK,56.700,0.44,15909.000008832663
2364,OK,81.000,0.44,15898.099984042346
2365,OK,65.300,0.44,15834.599966183305
2366,OK,81.900,0.44,15826.799964997917
2367,OK,83.000,0.44,15946.100000292063
2368,OK,70.900,0.44,15891.399991232902
2369,OK,69.900,0.44,15884.29999537766
2370,OK,120.600,0.44,15829.900046810508
2371,OK,84.500,0.44,15829.800046049058
2372,OK,90.300,0.44,15833.200013730675
2373,OK,90.000,0.44,15915.199997834861
2374,OK,110.600,0.44,15863.100008573383
2375,OK,120.100,0.44,15919.79997465387
2376,OK,96.500,0.44,15776.499989442527
2377,OK,105.000,0.44,15723.399992566556
2378,OK,85.400,0.44,15891.899995040148
2379,OK,75.600,0.44,15857.39996517077
2380,OK,105.100,0.44,15808.60000103712
2381,OK,200.200,0.44,15764.100011438131
2382,OK,121.600,0.44,15847.500006202608
2383,OK,298.200,0.44,15449.900005478412
2384,OK,85.600,0.44,15868.599992245436
2385,OK,75.800,0.44,15858.600032515824
2386,OK,67.700,0.44,15882.79998395592
2387,OK,69.900,0.44,15887.499961536378
2388,OK,72.100,0.44,15869.400056544691
2389,OK,88.400,0.44,15893.400006461889
2390,OK,106.000,0.44,15843.199973460287
2391,OK,77.100,0.44,15929.399989545345
2392,OK,70.700,0.44,15841.500018723309
2393,OK,64.600,0.44,15906.39998903498
2394,OK,65.700,0.44,15865.600027609617
2395,OK,83.200,0.44,15898.699988611042
2396,OK,73.900,0.44,15852.900047320873
2397,OK,64.800,0.44,15950.000029988587
2398,OK,87.700,0.44,15853.299992159009
2399,OK,67.200,0.44,15786.40000661835
2400,OK,87.500,0.44,15941.499965265393
2401,OK,77.400,0.44,15737.899986561388
2402,OK,88.000,0.44,15823.200054001063
2403,OK,93.600,0.44,16081.600042525679
2404,OK,84.700,0.44,15625.0
2405,OK,101.700,0.44,15909.900015685707
2406,OK,105.800,0.44,15750.200022011995
2407,OK,72.500,0.44,15891.199989710003
2408,OK,92.100,0.44,15787.400014232844
2409,OK,190.100,0.44,15667.79997665435
2410,OK,72.500,0.44,15913.99998869747
2411,OK,56.500,0.44,15888.500027358532
2412,OK,86.500,0.44,15935.900039039552
2413,OK,61.600,0.44,15899.299993179739
2414,OK,95.200,0.44,15871.900017373264
2415,OK,74.200,0.44,15793.400001712143
2416,OK,96.700,0.44,15840.600011870265
2417,OK,68.900,0.44,15939.00000443682
2418,OK,93.700,0.44,15816.800005268306
2419,OK,67.300,0.44,15801.19994468987
2420,OK,89.200,0.44,15934.299968648702
2421,OK,64.700,0.44,15889.100031927228
2422,OK,64.500,0.44,15874.10003412515
2423,OK,50.200,0.44,15929.200046230108
2424,OK,73.000,0.44,15888.499969150871
2425,OK,64.300,0.44,16041.099966969341
2426,OK,138.500,0.44,15508.199983742088
2427,OK,60.400,0.44,15990.599989891052
2428,OK,65.700,0.44,15910.499962046742
2429,OK,87.100,0.44,15814.59998851642
2430,OK,64.100,0.44,15850.19996855408
2431,OK,65.200,0.44,15978.800016455352
2432,OK,91.800,0.44,15825.999958906323
2433,OK,86.500,0.44,15881.19997177273
2434,OK,81.100,0.44,15841.700020246208
2435,OK,56.100,0.44,15937.899996060878
2436,OK,58.700,0.44,15848.400013055652
2437,OK,61.300,0.44,15848.100010771304
2438,OK,57.300,0.44,15958.19997601211
2439,OK,69.200,0.44,15908.600005786866
2440,OK,56.900,0.44,15868.999995291233
2441,OK,57.200,0.44,15937.69999453798
2442,OK,57.100,0.44,15854.60000205785
2443,OK,56.400,0.44,16215.500014368445
2444,OK,51.100,0.44,15935.000032186508
2445,OK,63.000,0.44,16023.999953176826
2446,OK,80.900,0.44,15503.800008445978
2447,OK,70.600,0.44,15910.99996585399
2448,OK,102.000,0.44,15774.399973452091
2449,OK,67.900,0.44,15899.699996225536
2450,OK,50.800,0.44,16028.699988964945
2451,OK,46.800,0.44,15790.79998191446
2452,OK,72.000,0.44,15846.800000872463
2453,OK,72.600,0.44,15865.599969401956
2454,OK,49.400,0.44,15940.39995688945
2455,OK,78.000,0.44,15997.299982700497
2456,OK,90.800,0.44,15802.500012796372
2457,OK,98.600,0.44,15888.500027358532
2458,OK,118.000,0.44,15672.100009396672
2459,OK,67.800,0.44,15969.100000802428
2460,OK,105.200,0.44,15783.299983013421
2461,OK,68.200,0.44,16011.59997517243
2462,OK,128.500,0.44,15675.899980124086
2463,OK,65.500,0.44,15882.499981671572
2464,OK,60.400,0.44,15920.799982268363
2465,OK,66.400,0.44,15882.099978625774
2466,OK,52.600,0.44,15876.399993430823
2467,OK,43.700,0.44,16013.899992685765
2468,OK,55.300,0.44,15821.799985133111
2469,OK,57.600,0.44,15919.000026769936
2470,OK,60.600,0.44,15913.299983367324
2471,OK,55.600,0.44,15933.500020764768
2472,OK,92.100,0.44,15811.300021596253
2473,OK,54.400,0.44,15917.700016871095
2474,OK,92.400,0.44,15905.09997913614
2475,OK,57.400,0.44,15911.700029391795
2476,OK,75.200,0.44,15886.799956206232
2477,OK,70.700,0.44,15819.300024304539
2478,OK,60.700,0.44,15953.299996908754
2479,OK,44.900,0.44,15934.900031425059
2480,OK,76.700,0.44,15852.400043513626
2481,OK,79.700,0.44,15913.99998869747
2482,OK,71.500,0.44,15809.899952728301
2483,OK,70.900,0.44,15890.899987425655
2484,OK,83.600,0.44,15894.000011030585
2485,OK,134.000,0.44,15722.200041636825
2486,OK,54.500,0.44,15908.800007309765
2487,OK,63.700,0.44,15719.400020316243
2488,OK,79.300,0.44,15885.90000756085
2489,OK,77.500,0.44,15850.100026000291
2490,OK,77.300,0.44,15876.099991146475
2491,OK,77.100,0.44,15889.699978288263
2492,OK,68.200,0.44,15935.800038278103
2493,OK,62.400,0.44,15832.600009161979
2494,OK,64.500,0.44,15937.49999301508
2495,OK,60.100,0.44,15896.899974904954
2496,OK,69.400,0.44,15902.699960861355
2497,OK,104.200,0.44,15826.699964236468
2498,OK,66.000,0.44,15849.200019147247
2499,OK,57.700,0.44,15978.800016455352
2500,OK,58.900,0.44,15814.399986993521
2501,OK,75.100,0.44,15795.799961779267
2502,OK,56.400,0.44,16144.000052008778
2503,OK,89.600,0.44,15676.69998621568
2504,OK,67.400,0.44,15876.89999723807
2505,OK,97.200,0.44,15835.899976082146
2506,OK,93.700,0.44,15850.999974645674
2507,OK,93.800,0.44,15859.999984968454
2508,OK,82.600,0.44,15884.799999184906
2509,OK,65.000,0.44,15811.500023119152
2510,OK,81.300,0.44,15859.20003708452
2511,OK,90.800,0.44,15854.199999012053
2512,OK,49.300,0.44,15984.099998604506
2513,OK,69.800,0.44,15905.299980659038
2514,OK,58.100,0.44,15833.90001906082
2515,OK,67.000,0.44,15901.200007647276
2516,OK,59.200,0.44,15924.40000968054
2517,OK,48.400,0.44,15891.400049440563
2518,OK,53.500,0.44,15920.799982268363
2519,OK,56.600,0.44,15898.499987088144
2520,OK,54.300,0.44,15895.400021690875
2521,OK,61.900,0.44,15878.40000865981
2522,OK,57.100,0.44,15893.400006461889
2523,OK,47.800,0.44,15976.399998180568
2524,OK,50.800,0.44,15904.300031252205
2525,OK,93.300,0.44,15814.59998851642
2526,OK,51.400,0.44,15911.400027107447
2527,OK,45.100,0.44,15892.900002654642
2528,OK,40.500,0.44,15945.699997246265
2529,OK,55.800,0.44,15924.900013487786
2530,OK,63.600,0.44,15899.999998509884
2531,OK,63.700,0.44,15862.499945797026
2532,OK,56.700,0.44,15936.899988446385
2533,OK,83.400,0.44,15897.299977950752
2534,OK,97.300,0.44,15839.90000654012
2535,OK,79.300,0.44,15822.599991224706
2536,OK,87.500,0.44,15848.100010771304
2537,OK,73.800,0.44,15862.00000019744
2538,OK,50.400,0.44,15925.200015772134
2539,OK,49.300,0.44,15954.500006046146
2540,OK,60.800,0.44,15867.099980823696
2541,OK,91.900,0.44,15939.999953843653
2542,OK,58.300,0.44,15911.799971945584
2543,OK,98.300,0.44,15754.899999592453
2544,OK,50.600,0.44,15943.999984301627
2545,OK,47.200,0.44,15858.100028708577
2546,OK,59.600,0.44,15981.600037775934
2547,OK,62.200,0.44,15873.999975156039
2548,OK,81.000,0.44,15893.299947492778
2549,OK,74.900,0.44,15806.399984285235
2550,OK,72.000,0.44,15953.099995385855
2551,OK,55.500,0.44,15881.599974818528
2552,OK,63.100,0.44,15871.599956881255
2553,OK,68.700,0.44,15888.59996991232
2554,OK,87.700,0.44,15894.000011030585
2555,OK,77.800,0.44,15871.800016611814
2556,OK,60.200,0.44,15820.099972188473
2557,OK,80.400,0.44,15877.300000283867
2558,OK,72.800,0.44,15941.500023473054
2559,OK,82.000,0.44,15885.200002230704
2560,OK,82.700,0.44,15820.899978280067
2561,OK,69.100,0.44,15857.300022616982
2562,OK,90.400,0.44,15816.300001461059
2563,OK,86.600,0.44,15882.599982433021
2564,OK,68.300,0.44,15939.600009005517
2565,OK,55.700,0.44,15921.19998531416
2566,OK,62.600,0.44,15905.299980659038
2567,OK,71.200,0.44,15825.800015591085
2568,OK,104.100,0.44,15902.199957054108
2569,OK,62.700,0.44,15798.899985384196
2570,OK,98.000,0.44,15939.700009766966
2571,OK,61.700,0.44,15921.39998683706
2572,OK,71.400,0.44,15879.300015512854
2573,OK,63.100,0.44,15818.699961528182
2574,OK,51.900,0.44,15892.800001893193
2575,OK,44.100,0.44,15980.899974238127
2576,OK,48.100,0.44,15869.700000621378
2577,OK,49.000,0.44,15922.199992928654
2578,OK,45.600,0.44,15921.999991405755
2579,OK,48.300,0.44,15985.200006980449
2580,OK,151.700,0.44,15627.000015228987
2581,OK,52.800,0.44,15943.70004022494
2582,OK,102.000,0.44,15848.300012294203
2583,OK,84.300,0.44,16317.599976900965
2584,OK,237.700,0.44,15157.199988607317
2585,OK,59.500,0.44,15839.90000654012
2586,OK,54.300,0.44,15912.300033960491
2587,OK,79.800,0.44,15799.099986907095
2588,OK,41.900,0.44,16043.699986767024
2589,OK,50.200,0.44,15914.199990220368
2590,OK,51.500,0.44,15904.199972283095
2591,OK,49.900,0.44,15909.50001263991
2592,OK,49.300,0.44,15954.900009091944
2593,OK,65.000,0.44,15835.899976082146
2594,OK,80.500,0.44,15945.199993439019
2595,OK,71.400,0.44,15890.800044871867
2596,OK,57.700,0.44,15822.399989701807
2597,OK,61.300,0.44,15977.899951394647
2598,OK,57.400,0.44,15889.500034973025
2599,OK,57.300,0.44,15852.399985305965
2600,OK,77.600,0.44,15948.900021612644
2601,OK,89.700,0.44,15670.199994929135
2602,OK,74.500,0.44,15830.499993171543
2603,OK,100.700,0.44,15893.800009507686
2604,OK,58.400,0.44,15877.700003329664
2605,OK,46.300,0.44,15959.69998743385
2606,OK,45.700,0.44,15890.20004030317
2607,OK,53.100,0.44,15913.400042336434
2608,OK,45.700,0.44,15939.900011289865
2609,OK,69.900,0.44,15882.200037594885
2610,OK,60.100,0.44,15923.600003588945
2611,OK,63.300,0.44,15965.000027790666
2612,OK,75.800,0.44,15763.600007630885
2613,OK,97.000,0.44,15816.500002983958
2614,OK,45.500,0.44,15925.79996213317
2615,OK,46.000,0.44,15969.200001563877
2616,OK,163.700,0.44,15676.000039093196
2617,OK,46.600,0.44,15928.299981169403
2618,OK,46.800,0.44,15926.299965940416
2619,OK,49.000,0.44,15918.000019155443
2620,OK,49.600,0.44,15926.499967463315
2621,OK,52.600,0.44,15905.199979897588
2622,OK,47.700,0.44,15951.399982441217
2623,OK,127.300,0.44,15751.399972941726
2624,OK,77.700,0.44,15884.19999461621
2625,OK,51.000,0.44,15909.100009594113
2626,OK,61.400,0.44,15904.799976851791
2627,OK,46.300,0.44,15916.9000107795
2628,OK,47.400,0.44,15845.69999249652
2629,OK,49.300,0.44,15938.299999106675
2630,OK,54.200,0.44,15949.39996721223
2631,OK,69.700,0.44,15888.90003040433
2632,OK,94.500,0.44,15850.09996779263
2633,OK,63.300,0.44,15892.700001131743
2634,OK,88.500,0.44,15865.400026086718
2635,OK,102.000,0.44,15860.000043176115
2636,OK,81.100,0.44,15883.699990808964
2637,OK,65.400,0.44,15843.399974983186
2638,OK,90.000,0.44,15846.199996303767
2639,OK,51.300,0.44,15852.400043513626
2640,OK,62.200,0.44,15903.799969237298
2641,OK,68.500,0.44,15926.499967463315
2642,OK,89.700,0.44,15847.700007725507
2643,OK,85.800,0.44,15857.49996593222
2644,OK,81.000,0.44,15855.600009672344
2645,OK,83.900,0.44,15825.800015591085
2646,OK,79.000,0.44,15852.699987590313
2647,OK,82.700,0.44,15899.1000498645
2648,OK,83.900,0.44,15901.300008408725
2649,OK,78.300,0.44,15822.09998741746
2650,OK,83.200,0.44,15855.900011956692
2651,OK,120.100,0.44,15862.700005527586
2652,OK,100.700,0.44,15816.700004506856
2653,OK,77.200,0.44,15948.600019328296
2654,OK,80.500,0.44,15896.000026259571
2655,OK,206.100,0.44,15560.299973003566
2656,OK,83.400,0.44,15877.900004852563
2657,OK,86.900,0.44,15859.599981922656
2658,OK,108.600,0.44,15822.699991986156
2659,OK,89.700,0.44,15857.199963647872
2660,OK,112.800,0.44,15832.799952477217
2661,OK,93.300,0.44,15819.899970665574
2662,OK,186.800,0.44,16319.79999365285
2663,OK,93.200,0.44,15290.900017134845
2664,OK,129.400,0.44,15439.600043464452
2665,OK,78.100,0.44,15879.200014751405
2666,OK,107.100,0.44,15841.100015677512
2667,OK,83.000,0.44,15839.500003494322
2668,OK,74.400,0.44,15878.50000942126
2669,OK,79.900,0.44,15878.399950452149
2670,OK,88.900,0.44,15864.700020756572
2671,OK,90.100,0.44,15855.799952987581
2672,OK,90.100,0.44,16052.399994805455
2673,OK,92.000,0.44,15638.19998409599
2674,OK,80.500,0.44,15863.300010096282
2675,OK,79.900,0.44,15860.799991060048
2676,OK,76.500,0.44,15886.900015175343
2677,OK,74.100,0.44,15931.70000705868
2678,OK,87.200,0.44,15812.599973287433
2679,OK,83.800,0.44,15956.300019752234
2680,OK,76.100,0.44,15811.400022357702
2681,OK,60.900,0.44,15957.200026605278
2682,OK,59.700,0.44,15869.599999859929
2683,OK,67.500,0.44,15862.400003243238
2684,OK,68.000,0.44,15866.699977777898
2685,OK,81.900,0.44,15888.70002888143
2686,OK,60.700,0.44,15888.300025835633
2687,OK,107.500,0.44,15826.100017875433
2688,OK,70.400,0.44,15824.89995053038
2689,OK,67.800,0.44,15960.199991241097
2690,OK,88.500,0.44,15865.20002456382
2691,OK,92.400,0.44,15866.999980062246
2692,OK,75.200,0.44,15884.29999537766
2693,OK,79.200,0.44,15774.100029375404
2694,OK,72.700,0.44,15885.8000067994
2695,OK,110.200,0.44,15824.600006453693
2696,OK,70.300,0.44,15855.400008149445
2697,OK,85.400,0.44,15860.699990298599
2698,OK,76.400,0.44,15815.299993846565
2699,OK,67.900,0.44,15914.099989458919
2700,OK,52.800,0.44,15911.900030914694
2701,OK,50.700,0.44,15791.799989528954
2702,OK,50.000,0.44,15968.199993949383
2703,OK,57.200,0.44,15868.099988438189
2704,OK,57.900,0.44,15876.699995715171
2705,OK,58.900,0.44,15971.999964676797
2706,OK,79.800,0.44,15979.500021785498
2707,OK,85.400,0.44,15788.799966685474
2708,OK,426.100,0.44,15469.799982383847
2709,OK,56.400,0.44,15904.099971521646
2710,OK,68.700,0.44,16052.899998612702
2711,OK,110.200,0.44,15796.199964825064
2712,OK,94.700,0.44,15863.300010096282
2713,OK,162.500,0.44,15681.4000220038
2714,OK,94.000,0.44,15793.600003235042
2715,OK,170.200,0.44,15711.700019892305
2716,OK,74.500,0.44,15871.700015850365
2717,OK,77.000,0.44,16253.500012680888
2718,OK,50.500,0.44,15799.600048922002
2719,OK,51.800,0.44,15743.599971756339
2720,OK,57.300,0.44,15907.599998172373
2721,OK,62.200,0.44,15932.800015434623
2722,OK,65.800,0.44,15903.999970760196
2723,OK,74.600,0.44,15905.399981420487
2724,OK,73.700,0.44,16175.099997781217
2725,OK,85.600,0.44,15473.400009796023
2726,OK,100.600,0.44,15850.30002752319
2727,OK,109.700,0.44,15873.100026510656
2728,OK,136.300,0.44,15754.300053231418
2729,OK,201.900,0.44,15739.499998744577
2730,OK,100.700,0.44,15721.699979621917
2731,OK,98.400,0.44,15818.99996381253
2732,OK,57.100,0.44,15879.700018558651
2733,OK,45.900,0.44,16009.300015866756
2734,OK,47.500,0.44,16131.70001655817
2735,OK,218.100,0.44,15337.100019678473
2736,OK,59.400,0.44,16005.899989977479
2737,OK,91.300,0.44,15730.40004586801
2738,OK,55.900,0.44,15945.599996484816
2739,OK,70.800,0.44,15864.100016187876
2740,OK,88.800,0.44,15892.900002654642
2741,OK,60.400,0.44,15943.100035656244
2742,OK,57.100,0.44,15904.199972283095
2743,OK,59.800,0.44,15874.899982009083
2744,OK,80.300,0.44,15860.400046221912
2745,OK,70.500,0.44,15924.600011203438
2746,OK,52.600,0.44,15930.599998682737
2747,OK,60.500,0.44,15767.000033520162
2748,OK,63.900,0.44,15903.300023637712
2749,OK,62.600,0.44,15917.799959424883
2750,OK,53.500,0.44,15908.800007309765
2751,OK,54.500,0.44,15903.900028206408
2752,OK,59.400,0.44,15881.700033787638
2753,OK,47.700,0.44,15856.199956033379
2754,OK,42.500,0.44,15993.100008927286
2755,OK,49.600,0.44,15944.500046316534
2756,OK,60.500,0.44,15881.699975579977
2757,OK,57.600,0.44,15884.599997662008
2758,OK,62.700,0.44,15938.299999106675
2759,OK,100.900,0.44,15795.799961779267
2760,OK,86.200,0.44,15875.100041739643
2761,OK,83.700,0.44,15949.900029227138
2762,OK,150.700,0.44,15671.800007112324
2763,OK,67.200,0.44,15850.299969315529
2764,OK,53.400,0.44,15966.599981766194
2765,OK,63.500,0.44,16086.199961137027
2766,OK,100.100,0.44,15626.800013706088
2767,OK,69.700,0.44,15855.99995451048
2768,OK,56.900,0.44,15976.19999665767
2769,OK,52.100,0.44,15860.799991060048
2770,OK,57.500,0.44,15883.999993093312
2771,OK,44.300,0.44,15925.600018817931
2772,OK,43.100,0.44,15922.099992167205
2773,OK,58.100,0.44,15953.100053593516
2774,OK,58.800,0.44,15845.899994019419
2775,OK,49.700,0.44,16069.200006313622
2776,OK,121.900,0.44,15655.700000934303
2777,OK,62.300,0.44,15951.499983202666
2778,OK,60.500,0.44,15873.499971348792
2779,OK,62.500,0.44,15914.699994027615
2780,OK,80.900,0.44,16114.400001242757
2781,OK,79.200,0.44,15611.000009812415
2782,OK,50.800,0.44,15880.900027696043
2783,OK,83.500,0.44,15871.600015088916
2784,OK,86.800,0.44,15884.699998423457
2785,OK,52.400,0.44,15876.299992669374
2786,OK,48.000,0.44,15934.900031425059
2787,OK,62.300,0.44,15907.799999695271
2788,OK,67.700,0.44,15902.500017546117
2789,OK,51.300,0.44,15921.699989121407
2790,OK,60.100,0.44,15941.100020427257
2791,OK,87.100,0.44,15791.499987244606
2792,OK,76.600,0.44,15910.599962808192
2793,OK,53.200,0.44,15859.299979638308
2794,OK,49.500,0.44,15927.599975839257
2795,OK,64.500,0.44,15876.699995715171
2796,OK,45.700,0.44,15965.099970344454
2797,OK,45.200,0.44,15895.899967290461
2798,OK,46.100,0.44,15961.900004185736
2799,OK,47.600,0.44,15876.099991146475
2800,OK,46.600,0.44,15976.499998942018
2801,OK,64.400,0.44,15870.200004428625
2802,OK,80.400,0.44,15764.699957799166
2803,OK,58.300,0.44,15909.800014924258
2804,OK,64.400,0.44,15906.299988273531
2805,OK,63.800,0.44,15837.299986742437
2806,OK,88.000,0.44,15840.300009585917
2807,OK,51.800,0.44,15910.79996433109
2808,OK,58.000,0.44,15900.400001555681
2809,OK,68.400,0.44,15912.199974991381
2810,OK,60.000,0.44,15858.300030231476
2811,OK,47.700,0.44,15973.20003202185
2812,OK,49.800,0.44,15840.500011108816
2813,OK,59.200,0.44,16004.29997779429
2814,OK,67.500,0.44,15863.999957218766
2815,OK,77.200,0.44,15874.099975917488
2816,OK,65.000,0.44,15989.70004124567
2817,OK,103.100,0.44,15680.000011343509
2818,OK,69.300,0.44,15893.800009507686
2819,OK,71.000,0.44,15944.100043270737
2820,OK,48.000,0.44,15887.000015936792
2821,OK,57.000,0.44,15899.899997748435
2822,OK,53.400,0.44,15922.499995213002
2823,OK,69.200,0.44,15865.800029132515
2824,OK,49.800,0.44,15932.200010865927
2825,OK,63.700,0.44,15926.000021863729
2826,OK,53.900,0.44,15918.29996323213
2827,OK,79.100,0.44,15905.999985989183
2828,OK,66.000,0.44,15903.299965430051
2829,OK,61.600,0.44,15894.59995739162
2830,OK,66.800,0.44,15820.000029634684
2831,OK,67.900,0.44,15907.099994365126
2832,OK,70.400,0.44,15880.699967965484
2833,OK,59.300,0.44,15888.299967627972
2834,OK,84.300,0.44,15856.700018048286
2835,OK,77.600,0.44,15866.999980062246
2836,OK,65.100,0.44,15936.399984639138
2837,OK,60.200,0.44,15824.900008738041
2838,OK,51.200,0.44,15918.499964755028
2839,OK,58.400,0.44,15877.199999522418
2840,OK,60.400,0.44,15872.300020419061
2841,OK,66.200,0.44,15907.499997410923
2842,OK,112.500,0.44,15776.299987919629
2843,OK,57.200,0.44,15951.299981679767
2844,OK,61.000,0.44,15901.000006124377
2845,OK,74.000,0.44,15900.300000794232
2846,OK,51.500,0.44,15924.100007396191
2847,OK,69.400,0.44,15887.40001898259
2848,OK,57.300,0.44,15875.799988862127
2849,OK,48.400,0.44,15922.79999749735
2850,OK,49.800,0.44,15931.000001728535
2851,OK,47.100,0.44,15884.19999461621
2852,OK,50.200,0.44,15950.99997939542
2853,OK,52.100,0.44,15885.500004515052
2854,OK,51.300,0.44,15958.19997601211
2855,OK,51.600,0.44,15864.900022279471
2856,OK,46.700,0.44,15943.200036417693
2857,OK,60.200,0.44,15917.00001154095
2858,OK,51.000,0.44,15898.599987849593
2859,OK,58.100,0.44,15908.400004263967
2860,OK,50.000,0.44,15918.100019916892
2861,OK,62.600,0.44,15894.000011030585
2862,OK,59.000,0.44,15920.100035145879
2863,OK,50.300,0.44,15887.999965343624
2864,OK,50.600,0.44,15957.00002508238
2865,OK,87.100,0.44,15816.699946299195
2866,OK,111.900,0.44,15800.299996044487
2867,OK,98.800,0.44,15957.699972204864
2868,OK,98.600,0.44,15661.599987652153
2869,OK,146.100,0.44,15837.299986742437
2870,OK,65.600,0.44,15800.199995283037
2871,OK,53.800,0.44,16003.799973987043
2872,OK,58.900,0.44,15850.999974645674
2873,OK,51.400,0.44,15910.199959762394
2874,OK,44.900,0.44,15856.699959840626
2875,OK,53.100,0.44,15932.600013911724
2876,OK,49.100,0.44,15994.100016541779
2877,OK,155.100,0.44,15683.800040278584
2878,OK,105.000,0.44,15848.199953325093
2879,OK,71.800,0.44,15914.499992504716
2880,OK,56.500,0.44,15923.900005873293
2881,OK,87.600,0.44,15840.599953662604
2882,OK,71.200,0.44,15852.100041229278
2883,OK,68.900,0.44,15912.799979560077
2884,OK,79.600,0.44,15828.999981749803
2885,OK,74.600,0.44,15816.900006029755
2886,OK,70.700,0.44,15937.799995299429
2887,OK,60.600,0.44,15911.899972707033
2888,OK,75.900,0.44,15867.99998767674
2889,OK,57.900,0.44,15860.799991060048
2890,OK,65.400,0.44,15932.500013150275
2891,OK,42.200,0.44,15945.799998007715
2892,OK,70.800,0.44,15881.29997253418
2893,OK,45.300,0.44,15882.999985478818
2894,OK,45.100,0.44,15956.500021275133
2895,OK,143.000,0.44,15718.000009655952
2896,OK,61.700,0.44,16015.300003346056
2897,OK,58.500,0.44,15851.59997921437
2898,OK,67.200,0.44,15840.800013393164
2899,OK,49.900,0.44,15880.100021604449
2900,OK,54.000,0.44,15919.399971608073
2901,OK,78.100,0.44,16050.500038545579
2902,OK,210.700,0.44,15327.600005548447
2903,OK,69.400,0.44,15904.599975328892
2904,OK,75.500,0.44,15908.00000121817
2905,OK,60.900,0.44,15842.199965845793
2906,OK,81.000,0.44,15866.599977016449
2907,OK,85.100,0.44,15907.099994365126
2908,OK,68.100,0.44,15846.499998588115
2909,OK,87.800,0.44,15868.699993006885
2910,OK,120.200,0.44,15804.799972102046
2911,OK,73.500,0.44,15913.400042336434
2912,OK,94.800,0.44,15810.20001322031
2913,OK,66.100,0.44,15888.300025835633
2914,OK,60.100,0.44,15888.000023551285
2915,OK,79.800,0.44,15885.90000756085
2916,OK,81.400,0.44,15850.800031330436
2917,OK,86.500,0.44,15859.299979638308
2918,OK,81.500,0.44,15902.300016023219
2919,OK,98.100,0.44,15825.999958906323
2920,OK,64.200,0.44,15876.699995715171
2921,OK,80.300,0.44,15905.999985989183
2922,OK,66.800,0.44,15852.599986828864
2923,OK,83.300,0.44,15884.19999461621
2924,OK,93.200,0.44,15844.399982597679
2925,OK,97.800,0.44,15875.999990385026
2926,OK,81.600,0.44,15865.199966356158
2927,OK,79.300,0.44,15859.199978876859
2928,OK,66.700,0.44,15839.300001971424
2929,OK,71.900,0.44,15873.700031079352
2930,OK,57.400,0.44,15987.000020686537
2931,OK,66.300,0.44,15898.399986326694
2932,OK,85.400,0.44,15847.000002395362
2933,OK,95.400,0.44,15840.699954424053
2934,OK,67.500,0.44,15863.000007811934
2935,OK,116.500,0.44,15893.10000417754
2936,OK,94.800,0.44,15696.799964644015
2937,OK,70.000,0.44,15891.299990471452
2938,OK,85.500,0.44,15902.500017546117
2939,OK,70.300,0.44,15862.700005527586
2940,OK,80.600,0.44,35627.499979455024
2941,OK,194.400,0.44,67836.30000427365
2942,OK,98.400,0.44,10641.400003805757
2943,OK,119.800,0.44,14071.899990085512
2944,OK,82.700,0.44,22360.800008755177
2945,OK,138.200,0.44,9250.600007362664
2946,OK,98.600,0.44,15814.300044439733
2947,OK,85.500,0.44,15831.900003831834
2948,OK,80.700,0.44,15859.400038607419
2949,OK,71.700,0.44,15902.300016023219
2950,OK,75.700,0.44,15895.600023213774
2951,OK,78.900,0.44,16729.899973142892
2952,OK,96.500,0.44,14956.299972254783
2953,OK,90.000,0.44,15919.79997465387
2954,OK,78.800,0.44,15805.79997971654
2955,OK,82.100,0.44,15935.500035993755
2956,OK,92.200,0.44,15796.79996939376
2957,OK,91.100,0.44,15909.800014924258
2958,OK,90.900,0.44,15868.299989961088
2959,OK,102.300,0.44,15859.20003708452
2960,OK,72.600,0.44,15856.09995527193
2961,OK,87.900,0.44,15832.800010684878
2962,OK,114.600,0.44,15800.299996044487
2963,OK,68.600,0.44,15883.499989286065
2964,OK,56.800,0.44,15982.499986421317
2965,OK,138.000,0.44,15894.300013314933
2966,OK,74.300,0.44,15857.199963647872
2967,OK,173.200,0.44,15589.999966323376
2968,OK,55.100,0.44,15895.299962721765
2969,OK,69.400,0.44,15913.699986413121
2970,OK,64.300,0.44,15871.899959165603
2971,OK,54.400,0.44,16139.999963343143
2972,OK,110.200,0.44,15575.699973851442
2973,OK,54.600,0.44,15892.800001893193
2974,OK,58.500,0.44,16167.399997357279
2975,OK,61.500,0.44,15675.000031478703
2976,OK,73.700,0.44,15797.999978531152
2977,OK,51.000,0.44,16300.100018270314
2978,OK,59.600,0.44,15770.800004247576
2979,OK,54.400,0.44,15809.400007128716
2980,OK,57.600,0.44,15904.499974567443
2981,OK,88.200,0.44,15801.700006704777
2982,OK,83.500,0.44,15909.100009594113
2983,OK,85.400,0.44,15805.79997971654
2984,OK,78.500,0.44,15859.400038607419
2985,OK,74.800,0.44,15852.899989113212
2986,OK,72.800,0.44,15864.400018472224
2987,OK,61.200,0.44,16020.899987779558
2988,OK,61.900,0.44,15942.599973641336
2989,OK,82.200,0.44,15760.600042995065
2990,OK,103.900,0.44,15914.899995550513
2991,OK,76.900,0.44,16009.500017389655
2992,OK,122.200,0.44,15650.20001726225
2993,OK,120.300,0.44,15686.200000345707
2994,OK,75.000,0.44,16002.700023818761
2995,OK,209.800,0.44,15555.099991615862
2996,OK,61.300,0.44,15872.799966018647
2997,OK,67.200,0.44,15888.499969150871
2998,OK,71.900,0.44,15918.39996399358
2999,OK,50.500,0.44,15894.49995663017
3000,OK,48.100,0.44,15925.200015772134
3001,OK,59.600,0.44,15815.199993085116
3002,OK,52.900,0.44,15902.400016784668
3003,OK,72.700,0.44,15835.599973797798
3004,OK,76.000,0.44,15919.399971608073
3005,OK,65.000,0.44,15875.50004478544
3006,OK,117.900,0.44,15851.600037422031
3007,OK,58.200,0.44,15901.299950201064
3008,OK,53.200,0.44,15884.19999461621
3009,OK,46.000,0.44,15863.70001314208
3010,OK,43.700,0.44,15934.899973217398
3011,OK,59.000,0.44,15934.100025333464
3012,OK,68.100,0.44,15812.500030733645
3013,OK,50.000,0.44,15883.399988524616
3014,OK,62.900,0.44,15994.600020349026
3015,OK,58.000,0.44,15830.599993932992
3016,OK,57.900,0.44,15899.3000513874
3017,OK,49.600,0.44,15918.599965516478
3018,OK,55.900,0.44,15933.899965602905
3019,OK,63.700,0.44,15907.90000045672
3020,OK,63.900,0.44,15961.099998094141
3021,OK,51.300,0.44,15810.899960342795
3022,OK,60.200,0.44,15949.999971780926
3023,OK,47.300,0.44,15911.600028630346
3024,OK,47.800,0.44,15971.599961631
3025,OK,52.100,0.44,15922.599995974451
3026,OK,56.400,0.44,15889.600035734475
3027,OK,58.700,0.44,15843.200031667948
3028,OK,64.300,0.44,15900.400001555681
3029,OK,45.000,0.44,15918.699966277927
3030,OK,59.000,0.44,15941.499965265393
3031,OK,55.000,0.44,15894.099953584373
3032,OK,64.700,0.44,15937.500051222742
3033,OK,68.600,0.44,15833.999961614609
3034,OK,60.400,0.44,15869.800001382828
3035,OK,71.400,0.44,15884.799999184906
3036,OK,44.900,0.44,15932.300011627376
3037,OK,59.600,0.44,15840.999956708401
3038,OK,54.400,0.44,15948.199958074838
3039,OK,82.100,0.44,15827.79997261241
3040,OK,70.800,0.44,15943.099977448583
3041,OK,83.200,0.44,15843.00003014505
3042,OK,80.100,0.44,15836.599981412292
3043,OK,51.900,0.44,16019.30003380403
3044,OK,67.100,0.44,15771.100006531924
3045,OK,52.100,0.44,15918.699966277927
3046,OK,47.200,0.44,15911.700029391795
3047,OK,60.000,0.44,15960.499993525445
3048,OK,45.700,0.44,15870.300005190074
3049,OK,50.400,0.44,15927.09997203201
3050,OK,55.400,0.44,15908.500005025417
3051,OK,62.200,0.44,15866.999980062246
3052,OK,55.800,0.44,15947.200008668005
3053,OK,61.200,0.44,15872.499963734299
3054,OK,70.500,0.44,15873.399970587343
3055,OK,46.900,0.44,15873.100026510656
3056,OK,57.000,0.44,16050.09997729212
3057,OK,71.200,0.44,15870.200004428625
3058,OK,71.500,0.44,15887.000015936792
3059,OK,55.400,0.44,15864.900022279471
3060,OK,55.100,0.44,15862.700005527586
3061,OK,61.600,0.44,15901.300008408725
3062,OK,53.800,0.44,15902.00001373887
3063,OK,62.800,0.44,15953.90000147745
3064,OK,70.600,0.44,15913.100040052086
3065,OK,60.800,0.44,15889.299975242466
3066,OK,95.200,0.44,17251.89998978749
3067,OK,93.800,0.44,14436.70003209263
3068,OK,57.100,0.44,15863.800013903528
3069,OK,94.700,0.44,15902.800019830465
3070,OK,76.900,0.44,15886.199951637536
3071,OK,56.900,0.44,15822.600049432367
3072,OK,61.600,0.44,15935.599978547543
3073,OK,65.200,0.44,15879.8000193201
3074,OK,72.900,0.44,15806.999988853931
3075,OK,73.400,0.44,15975.700051058084
3076,OK,63.200,0.44,15841.900021769106
3077,OK,87.600,0.44,15880.899969488382
3078,OK,103.400,0.44,15823.299996554852
3079,OK,55.800,0.44,15938.600001391023
3080,OK,50.600,0.44,15863.300010096282
3081,OK,61.200,0.44,15872.900024987757
3082,OK,52.800,0.44,15934.200026094913
3083,OK,52.100,0.44,15894.400014076382
3084,OK,51.800,0.44,15980.60003016144
3085,OK,72.600,0.44,15905.700041912496
3086,OK,83.200,0.44,15763.600007630885
3087,OK,67.200,0.44,15914.999996311963
3088,OK,57.300,0.44,15883.399988524616
3089,OK,64.100,0.44,15927.899978123605
3090,OK,61.600,0.44,15979.800024069846
3091,OK,71.700,0.44,15832.600009161979
3092,OK,68.600,0.44,15851.299976930022
3093,OK,62.800,0.44,15952.699992340058
3094,OK,62.300,0.44,15948.10001552105
3095,OK,128.500,0.44,15755.200001876801
3096,OK,87.700,0.44,15856.700018048286
3097,OK,67.600,0.44,15887.399960774928
3098,OK,66.700,0.44,15850.299969315529
3099,OK,115.300,0.44,15774.7000339441
3100,OK,84.400,0.44,15821.99998665601
3101,OK,71.000,0.44,15903.70002668351
3102,OK,79.800,0.44,15842.200024053454
3103,OK,68.400,0.44,15848.300012294203
3104,OK,65.100,0.44,15768.999990541488
3105,OK,88.200,0.44,15877.800004091114
3106,OK,53.800,0.44,15897.80003996566
3107,OK,49.400,0.44,15903.49996695295
3108,OK,64.800,0.44,15860.300045460463
3109,OK,43.600,0.44,15960.199991241097
3110,OK,59.700,0.44,15885.100001469254
3111,OK,79.300,0.44,15863.800013903528
3112,OK,86.100,0.44,15841.800021007657
3113,OK,52.500,0.44,15980.000025592744
3114,OK,46.000,0.44,15922.599995974451
3115,OK,106.300,0.44,15867.99998767674
3116,OK,52.100,0.44,15826.100017875433
3117,OK,59.100,0.44,15965.000027790666
3118,OK,118.200,0.44,15775.299980305135
3119,OK,73.200,0.44,15916.100004687905
3120,OK,85.000,0.44,15847.400005441159
3121,OK,52.400,0.44,15913.89998793602
3122,OK,57.400,0.44,15915.50000011921
3123,OK,59.700,0.44,15908.10000197962
3124,OK,56.500,0.44,15894.100011792034
3125,OK,65.100,0.44,15891.899995040148
3126,OK,67.300,0.44,15867.99998767674
3127,OK,49.800,0.44,15913.499984890223
3128,OK,58.800,0.44,15864.900022279471
3129,OK,68.500,0.44,15909.40001187846
3130,OK,49.600,0.44,15967.899991665035
3131,OK,61.000,0.44,15841.30001720041
3132,OK,76.500,0.44,15848.200011532754
3133,OK,59.100,0.44,16175.800003111362
3134,OK,150.300,0.44,15463.000047020614
3135,OK,47.900,0.44,15913.90004614368
3136,OK,84.100,0.44,15903.200022876263
3137,OK,100.000,0.44,15801.40000442043
3138,OK,46.900,0.44,15911.699971184134
3139,OK,45.400,0.44,16003.399970941246
3140,OK,125.500,0.44,15740.39994738996
3141,OK,80.400,0.44,15906.59999055788
3142,OK,65.600,0.44,15847.100003156811
3143,OK,74.300,0.44,15933.800023049116
3144,OK,59.500,0.44,15838.899998925626
3145,OK,108.600,0.44,15917.500015348196
3146,OK,224.500,0.44,15562.100044917315
3147,OK,60.100,0.44,15892.199997324497
3148,OK,47.500,0.44,15969.99994944781
3149,OK,157.200,0.44,15696.700022090226
3150,OK,103.300,0.44,15833.700017537922
3151,OK,65.700,0.44,15881.999977864325
3152,OK,62.800,0.44,15918.200020678341
3153,OK,49.000,0.44,15922.999999020249
3154,OK,49.900,0.44,15920.299978461117
3155,OK,64.100,0.44,15896.400029305369
3156,OK,56.500,0.44,15919.89997541532
3157,OK,53.900,0.44,15913.099981844425
3158,OK,136.600,0.44,15743.000025395304
3159,OK,113.000,0.44,15807.899995706975
3160,OK,67.200,0.44,15865.899971686304
3161,OK,47.900,0.44,16006.599995307624
3162,OK,55.100,0.44,15863.799955695868
3163,OK,86.800,0.44,15918.200020678341
3164,OK,64.900,0.44,15808.500000275671
3165,OK,74.600,0.44,15858.700033277273
3166,OK,86.400,0.44,15826.800023205578
3167,OK,78.000,0.44,15903.699968475848
3168,OK,89.100,0.44,15867.700043600053
3169,OK,117.500,0.44,15811.900026164949
3170,OK,107.600,0.44,15922.399994451553
3171,OK,94.000,0.44,15758.39996803552
3172,OK,87.500,0.44,15854.7000028193
3173,OK,82.200,0.44,15863.599954172969
3174,OK,84.200,0.44,15859.999984968454
3175,OK,80.600,0.44,15913.89998793602
3176,OK,76.800,0.44,15851.799980737269
3177,OK,63.500,0.44,15894.300013314933
3178,OK,63.800,0.44,15876.199991907924
3179,OK,65.200,0.44,15901.100006885827
3180,OK,97.900,0.44,15782.199974637479
3181,OK,65.500,0.44,15902.800019830465
3182,OK,75.900,0.44,15873.699972871691
3183,OK,62.200,0.44,15890.19998209551
3184,OK,90.300,0.44,15888.59996991232
3185,OK,85.800,0.44,15786.099946126342
3186,OK,95.400,0.44,15872.799966018647
3187,OK,88.200,0.44,15832.000004593283
3188,OK,76.600,0.44,15861.699997913092
3189,OK,78.900,0.44,15882.69998319447
3190,OK,81.600,0.44,15860.4999887757
3191,OK,80.300,0.44,15911.500027868897
3192,OK,84.300,0.44,15819.199965335429
3193,OK,61.200,0.44,15884.39999613911
3194,OK,82.200,0.44,15894.80001712218
3195,OK,123.100,0.44,15824.000001884997
3196,OK,95.600,0.44,15951.599983964115
3197,OK,116.800,0.44,15599.700040183961
3198,OK,99.400,0.44,15856.799960602075
3199,OK,97.600,0.44,15829.29998403415
3200,OK,79.600,0.44,15870.500006712973
3201,OK,80.000,0.44,15999.700000975281
3202,OK,214.800,0.44,15425.699995830655
3203,OK,89.900,0.44,15825.500013306737
3204,OK,73.600,0.44,15925.400017295033
3205,OK,73.600,0.44,15876.099991146475
3206,OK,75.500,0.44,15801.900008227676
3207,OK,90.200,0.44,15858.899976592511
3208,OK,78.500,0.44,15960.699995048344
3209,OK,116.800,0.44,15751.499973703176
3210,OK,54.600,0.44,15917.399956379086
3211,OK,98.100,0.44,15905.899985227734
3212,OK,137.700,0.44,15862.300002481788
3213,OK,142.900,0.44,16047.20001341775
3214,OK,86.100,0.44,15503.000002354383
3215,OK,103.500,0.44,15822.199988178909
3216,OK,85.400,0.44,15918.30002143979
3217,OK,98.100,0.44,15794.499951880425
3218,OK,143.800,0.44,15682.299970649183
3219,OK,89.900,0.44,16090.899996925145
3220,OK,78.900,0.44,15572.600008454174
3221,OK,336.200,0.44,15949.300024658442
3222,OK,176.800,0.44,15260.000014677644
3223,OK,107.900,0.44,15864.79996331036
3224,OK,99.900,0.44,15808.900003321469
3225,OK,82.300,0.44,15874.199976678938
3226,OK,77.800,0.44,15863.899956457317
3227,OK,84.600,0.44,15891.000046394765
3228,OK,62.100,0.44,15897.299977950752
3229,OK,59.700,0.44,15935.700037516654
3230,OK,65.400,0.44,15869.900002144277
3231,OK,77.100,0.44,15873.199969064444
3232,OK,58.100,0.44,15911.099966615438
3233,OK,70.000,0.44,16135.499987285584
3234,OK,78.800,0.44,15577.49998755753
3235,OK,63.500,0.44,15957.999974489212
3236,OK,58.500,0.44,15855.89995374903
3237,OK,63.100,0.44,16091.500001493841
3238,OK,180.700,0.44,15547.599992714822
3239,OK,67.600,0.44,15896.20002778247
3240,OK,65.900,0.44,15914.599993266165
3241,OK,61.300,0.44,15914.500050712377
3242,OK,73.200,0.44,15915.39999935776
3243,OK,77.500,0.44,15900.50000231713
3244,OK,105.700,0.44,15945.199993439019
3245,OK,120.900,0.44,15696.199960075319
3246,OK,410.200,0.44,15905.899985227734
3247,OK,124.000,0.44,15528.500021900982
3248,OK,1216.600,0.44,14808.000007178634
3249,OK,106.100,0.44,15720.600029453635
3250,OK,101.500,0.44,15723.399992566556
3251,OK,122.800,0.44,15748.300007544458
3252,OK,114.900,0.44,15811.399964150041
3253,OK,116.400,0.44,15664.399950765073
3254,OK,78.100,0.44,16232.599969953299
3255,OK,69.900,0.44,15606.499975547194
3256,OK,67.300,0.44,16132.900025695562
3257,OK,60.900,0.44,15594.600001350045
3258,OK,77.800,0.44,15798.699983861297
3259,OK,110.200,0.44,15950.299974065274
3260,OK,157.600,0.44,15727.20002150163
3261,OK,184.700,0.44,15682.59997293353
3262,OK,46.800,0.44,15810.799959581345
3263,OK,55.400,0.44,15974.999987520278
3264,OK,62.100,0.44,15921.099984552711
3265,OK,80.600,0.44,15835.000027436763
3266,OK,64.900,0.44,15830.199990887195
3267,OK,47.800,0.44,15966.099977958947
3268,OK,83.200,0.44,15945.299994200468
3269,OK,54.000,0.44,15875.099983531982
3270,OK,85.400,0.44,15872.099960688502
3271,OK,355.800,0.44,15991.499996744096
3272,OK,114.900,0.44,15355.799987446517
3273,OK,108.700,0.44,15773.400024045259
3274,OK,59.200,0.44,15957.899973727763
3275,OK,52.000,0.44,15924.800012726337
3276,OK,57.700,0.44,15926.199965178967
3277,OK,72.900,0.44,15873.000025749207
3278,OK,94.700,0.44,15851.299976930022
3279,OK,71.900,0.44,15867.99998767674
3280,OK,46.800,0.44,15976.499998942018
3281,OK,88.100,0.44,15796.499967109412
3282,OK,56.900,0.44,15921.899990644306
3283,OK,73.900,0.44,15919.599973130971
3284,OK,91.200,0.44,15857.299964409322
3285,OK,76.100,0.44,15849.400020670146
3286,OK,48.500,0.44,15968.400053679943
3287,OK,47.800,0.44,15851.000032853335
3288,OK,50.300,0.44,15925.100015010685
3289,OK,53.100,0.44,15949.699969496578
3290,OK,63.500,0.44,15901.100006885827
3291,OK,74.400,0.44,15870.600007474422
3292,OK,83.900,0.44,15815.799997653812
3293,OK,74.800,0.44,15902.800019830465
3294,OK,73.400,0.44,15876.199991907924
3295,OK,89.700,0.44,16060.800000559539
3296,OK,272.800,0.44,15356.399992015213
3297,OK,83.300,0.44,15842.899971175939
3298,OK,91.000,0.44,15853.499993681908
3299,OK,100.200,0.44,15788.199962116778
3300,OK,56.500,0.44,15907.599998172373
3301,OK,74.200,0.44,15809.200005605817
3302,OK,97.600,0.44,16017.399961128831
3303,OK,70.300,0.44,15753.199986647815
3304,OK,68.900,0.44,15812.699974048883
3305,OK,57.100,0.44,15903.099963907152
3306,OK,53.000,0.44,15918.39996399358
3307,OK,58.400,0.44,15964.799968060106
3308,OK,50.500,0.44,15940.50001585856
3309,OK,59.100,0.44,15788.800024893135
3310,OK,59.600,0.44,15893.000003416091
3311,OK,48.300,0.44,15920.200035907328
3312,OK,45.600,0.44,15910.599962808192
3313,OK,79.000,0.44,15860.699990298599
3314,OK,58.500,0.44,15914.299990981817
3315,OK,54.700,0.44,15871.900017373264
3316,OK,48.700,0.44,15932.400012388825
3317,OK,53.800,0.44,15914.499992504716
3318,OK,45.000,0.44,15944.400045555085
3319,OK,64.600,0.44,15886.800014413893
3320,OK,73.600,0.44,15900.900005362928
3321,OK,56.900,0.44,15917.100012302399
3322,OK,101.400,0.44,15887.000015936792
3323,OK,94.600,0.44,15785.700001288205
3324,OK,99.700,0.44,15811.600023880601
3325,OK,49.500,0.44,15924.800012726337
3326,OK,52.600,0.44,15928.6999842152
3327,OK,79.800,0.44,15854.900004342198
3328,OK,70.900,0.44,15880.099963396788
3329,OK,61.800,0.44,15905.499982181937
3330,OK,68.500,0.44,15832.000004593283
3331,OK,90.700,0.44,15949.300024658442
3332,OK,51.700,0.44,15913.700044620782
3333,OK,49.300,0.44,15917.600016109645
3334,OK,75.800,0.44,15941.89996831119
3335,OK,84.700,0.44,15789.999975822866
3336,OK,59.200,0.44,15881.600033026189
3337,OK,51.300,0.44,15917.700016871095
3338,OK,55.000,0.44,15909.700014162809
3339,OK,56.900,0.44,15934.70002990216
3340,OK,52.000,0.44,15861.299994867295
3341,OK,51.200,0.44,15943.899983540177
3342,OK,57.700,0.44,15918.800025247037
3343,OK,68.100,0.44,15878.600010182709
3344,OK,67.200,0.44,15935.100032947958
3345,OK,115.000,0.44,15712.799970060587
3346,OK,53.700,0.44,16009.299957659096
3347,OK,79.100,0.44,15889.799979049712
3348,OK,106.100,0.44,15846.499998588115
3349,OK,102.400,0.44,15753.600047901273
3350,OK,143.600,0.44,15740.70000788197
3351,OK,69.500,0.44,15879.500017035753
3352,OK,100.900,0.44,15802.000008989125
3353,OK,67.200,0.44,15912.300033960491
3354,OK,84.700,0.44,15883.199987001717
3355,OK,57.100,0.44,15881.19997177273
3356,OK,58.400,0.44,15872.40002118051
3357,OK,61.400,0.44,15895.800024736673
3358,OK,64.000,0.44,15931.400004774332
3359,OK,56.600,0.44,15885.200002230704
3360,OK,102.100,0.44,15830.79999545589
3361,OK,52.900,0.44,15947.700012475252
3362,OK,68.000,0.44,15865.800029132515
3363,OK,84.800,0.44,15953.90000147745
3364,OK,54.900,0.44,15890.499984379858
3365,OK,58.300,0.44,15906.699991319329
3366,OK,54.400,0.44,15881.399973295629
3367,OK,57.600,0.44,15914.499992504716
3368,OK,58.100,0.44,15908.10000197962
3369,OK,66.600,0.44,15919.89997541532
3370,OK,105.700,0.44,15844.000037759542
3371,OK,54.800,0.44,15910.400019492954
3372,OK,127.200,0.44,15971.300017554313
3373,OK,95.900,0.44,16044.499992858618
3374,OK,104.500,0.44,15911.1000248231
3375,OK,326.600,0.44,15071.00003072992
3376,OK,78.900,0.44,15898.199984803796
3377,OK,144.800,0.44,15673.600020818412
3378,OK,82.200,0.44,15877.199999522418
3379,OK,57.300,0.44,15919.499972369522
3380,OK,65.300,0.44,15900.70000384003
3381,OK,61.500,0.44,15919.999976176769
3382,OK,89.800,0.44,15829.3999847956
3383,OK,106.700,0.44,15879.200014751405
3384,OK,62.200,0.44,15845.999994780868
3385,OK,67.600,0.44,15849.100018385798
3386,OK,133.600,0.44,15830.89999621734
3387,OK,76.400,0.44,15864.000015426427
3388,OK,72.400,0.44,15865.299967117608
3389,OK,71.300,0.44,15865.600027609617
3390,OK,70.500,0.44,15986.699960194528
3391,OK,48.300,0.44,15888.499969150871
3392,OK,56.000,0.44,15910.500020254403
3393,OK,56.400,0.44,15929.399989545345
3394,OK,81.200,0.44,15880.000020843
3395,OK,63.900,0.44,15931.000001728535
3396,OK,63.900,0.44,15863.49995341152
3397,OK,60.700,0.44,15909.800014924258
3398,OK,60.900,0.44,15849.000017624348
3399,OK,67.900,0.44,16067.699994891882
3400,OK,122.100,0.44,15686.800004914403
3401,OK,126.900,0.44,15836.499980650842
3402,OK,189.400,0.44,15464.600000996143
3403,OK,80.800,0.44,15884.899999946356
3404,OK,59.000,0.44,15937.49999301508
3405,OK,60.400,0.44,15841.1999582313
3406,OK,64.600,0.44,15887.40001898259
3407,OK,67.900,0.44,15877.800004091114
3408,OK,65.800,0.44,15878.600010182709
3409,OK,50.700,0.44,15913.000039290637
3410,OK,51.900,0.44,15889.700036495924
3411,OK,45.900,0.44,15907.799999695271
3412,OK,51.100,0.44,15965.300030075014
3413,OK,48.200,0.44,15894.199954345822
3414,OK,56.100,0.44,15909.40001187846
3415,OK,90.000,0.44,15931.100002489984
3416,OK,65.700,0.44,15883.999993093312
3417,OK,90.200,0.44,15791.799989528954
3418,OK,65.800,0.44,15865.700028371066
3419,OK,72.700,0.44,15929.899993352592
3420,OK,103.600,0.44,15819.10002278164
3421,OK,59.400,0.44,15918.900026008487
3422,OK,64.000,0.44,15868.799993768334
3423,OK,64.300,0.44,15953.299996908754
3424,OK,147.500,0.44,15663.40000135824
3425,OK,135.200,0.44,15757.400018628687
3426,OK,304.200,0.44,15664.100006688386
3427,OK,46.200,0.44,15876.599994953722
3428,OK,49.400,0.44,15961.29999961704
3429,OK,63.400,0.44,15846.599999349564
3430,OK,50.700,0.44,15966.799983289093
3431,OK,72.000,0.44,15988.299972377717
3432,OK,166.800,0.44,15642.199956346303
3433,OK,91.800,0.44,15907.199995126575
3434,OK,61.000,0.44,15855.700010433793
3435,OK,57.700,0.44,15922.100050374866
3436,OK,54.900,0.44,15868.599992245436
3437,OK,59.700,0.44,15909.300011117011
3438,OK,59.200,0.44,15890.600043348968
3439,OK,46.700,0.44,15981.399978045374
3440,OK,53.400,0.44,15923.900005873293
3441,OK,73.200,0.44,15947.200008668005
3442,OK,115.800,0.44,15702.199947554618
3443,OK,88.000,0.44,15890.499984379858
3444,OK,89.400,0.44,15800.900000613183
3445,OK,56.100,0.44,15847.500006202608
3446,OK,85.800,0.44,15825.10001026094
3447,OK,52.100,0.44,15943.299978971481
3448,OK,66.300,0.44,15934.6999716945
3449,OK,162.600,0.44,15662.0999914594
3450,OK,92.100,0.44,16313.600004650652
3451,OK,114.900,0.44,15486.400050576776
3452,OK,133.700,0.44,15471.799997612834
3453,OK,68.300,0.44,15909.199952147901
3454,OK,68.700,0.44,15876.399993430823
3455,OK,82.900,0.44,15912.29997575283
3456,OK,68.900,0.44,15861.199994105846
3457,OK,67.200,0.44,15835.3999722749
3458,OK,70.800,0.44,15916.9000107795
3459,OK,94.700,0.44,15744.399977847934
3460,OK,89.800,0.44,15899.399993941188
3461,OK,79.500,0.44,15871.700015850365
3462,OK,64.000,0.44,15865.400026086718
3463,OK,86.800,0.44,15874.999982770532
3464,OK,73.400,0.44,15865.499968640506
3465,OK,69.500,0.44,15886.200009845197
3466,OK,65.200,0.44,15880.699967965484
3467,OK,73.800,0.44,15911.00002406165
3468,OK,81.400,0.44,15903.100022114813
3469,OK,112.000,0.44,15732.99994925037
3470,OK,76.100,0.44,15868.599992245436
3471,OK,107.300,0.44,15847.900009248406
3472,OK,101.500,0.44,15844.800043851137
3473,OK,98.100,0.44,16323.00001801923
3474,OK,105.600,0.44,15392.39997509867
3475,OK,118.300,0.44,15831.199998501688
3476,OK,130.900,0.44,16084.500006400049
3477,OK,358.300,0.44,15187.699988018721
3478,OK,98.000,0.44,15884.599997662008
3479,OK,68.600,0.44,15878.699952736497
3480,OK,86.100,0.44,15809.899952728301
3481,OK,84.100,0.44,15860.500046983361
3482,OK,83.700,0.44,15889.400034211576
3483,OK,80.600,0.44,15869.49999909848
3484,OK,115.800,0.44,15816.20000069961
3485,OK,107.200,0.44,15838.699997402728
3486,OK,104.900,0.44,15844.999987166375
3487,OK,84.700,0.44,15984.800003934652
3488,OK,213.400,0.44,15540.699998382479
3489,OK,97.900,0.44,15816.800005268306
3490,OK,91.600,0.44,15873.599972110242
3491,OK,87.100,0.44,15896.699973382056
3492,OK,88.900,0.44,15871.599956881255
3493,OK,82.800,0.44,15837.199985980988
3494,OK,65.700,0.44,15908.400004263967
3495,OK,57.500,0.44,15940.300014335662
3496,OK,75.500,0.44,15821.799985133111
3497,OK,74.400,0.44,15871.700015850365
3498,OK,61.300,0.44,15936.499985400587
3499,OK,85.200,0.44,15831.400000024587
3500,OK,82.700,0.44,15866.999980062246
3501,OK,76.900,0.44,16337.500012014061
3502,OK,329.400,0.44,15005.299996118993
3503,OK,90.800,0.44,15799.399989191443
3504,OK,79.200,0.44,15841.899963561445
3505,OK,63.000,0.44,15948.499960359186
3506,OK,57.700,0.44,15872.60002270341
3507,OK,74.100,0.44,15899.299993179739
3508,OK,74.600,0.44,15867.799986153841
3509,OK,70.600,0.44,15878.30000789836
3510,OK,85.400,0.44,15891.099988948554
3511,OK,151.200,0.44,15696.499962359667
3512,OK,91.100,0.44,15820.099972188473
3513,OK,74.100,0.44,15889.399976003915
3514,OK,73.800,0.44,15879.200014751405
3515,OK,50.700,0.44,15845.899994019419
3516,OK,50.900,0.44,15931.80000782013
3517,OK,67.300,0.44,15860.099985729903
3518,OK,58.200,0.44,15885.600005276501
3519,OK,70.800,0.44,15885.400003753603
3520,OK,55.700,0.44,15910.299960523844
3521,OK,46.400,0.44,15943.199978210032
3522,OK,62.100,0.44,15917.100012302399
3523,OK,72.000,0.44,15882.400039117783
3524,OK,73.700,0.44,15831.700002308935
3525,OK,76.700,0.44,15880.600025411695
3526,OK,69.700,0.44,15951.300039887428
3527,OK,71.100,0.44,15823.49999807775
3528,OK,110.700,0.44,15849.599963985384
3529,OK,87.300,0.44,16134.000034071505
3530,OK,58.800,0.44,15740.699949674308
3531,OK,75.800,0.44,15881.29997253418
3532,OK,57.000,0.44,15807.899995706975
3533,OK,73.000,0.44,15875.799988862127
3534,OK,152.800,0.44,15765.999967698008
3535,OK,75.900,0.44,15887.999965343624
3536,OK,95.800,0.44,15855.300007387996
3537,OK,72.900,0.44,16060.099995229393
3538,OK,56.900,0.44,15910.100017208606
3539,OK,58.700,0.44,15895.399963483214
3540,OK,63.000,0.44,15748.10000602156
3541,OK,65.800,0.44,16279.200033750385
3542,OK,78.500,0.44,15743.199968710542
3543,OK,56.600,0.44,15925.000014249235
3544,OK,63.100,0.44,15579.500002786517
3545,OK,54.000,0.44,15973.399975337088
3546,OK,103.200,0.44,15769.999998155981
3547,OK,87.800,0.44,15935.100032947958
3548,OK,143.700,0.44,15866.400033701211
3549,OK,128.800,0.44,15552.999975625426
3550,OK,97.000,0.44,15757.799963466823
3551,OK,92.800,0.44,16062.700015027076
3552,OK,122.300,0.44,15807.999996468425
3553,OK,402.800,0.44,15525.499999057502
3554,OK,95.500,0.44,15603.600011672825
3555,OK,80.200,0.44,15929.799992591143
3556,OK,74.600,0.44,15900.70000384003
3557,OK,48.700,0.44,15960.299992002547
3558,OK,63.200,0.44,15878.700010944158
3559,OK,53.300,0.44,15885.000000707805
3560,OK,56.400,0.44,15904.700034298003
3561,OK,57.900,0.44,15911.599970422685
3562,OK,63.100,0.44,15948.799962643534
3563,OK,71.900,0.44,15880.600025411695
3564,OK,66.600,0.44,15891.099988948554
3565,OK,64.300,0.44,15912.899980321527
3566,OK,48.600,0.44,15922.599995974451
3567,OK,54.000,0.44,15956.499963067472
3568,OK,72.600,0.44,15838.29999435693
3569,OK,56.900,0.44,15870.500006712973
3570,OK,62.700,0.44,15873.90003260225
3571,OK,55.400,0.44,15899.699996225536
3572,OK,74.300,0.44,15808.70000179857
3573,OK,56.800,0.44,16013.399988878518
3574,OK,62.400,0.44,15822.500048670918
3575,OK,73.300,0.44,15925.100015010685
3576,OK,68.600,0.44,15914.199990220368
3577,OK,109.400,0.44,15820.799977518618
3578,OK,288.400,0.44,15625.200001522899
3579,OK,393.100,0.44,15483.399969525635
3580,OK,44.700,0.44,15950.300032272935
3581,OK,125.900,0.44,15845.499990973622
3582,OK,56.300,0.44,15915.099997073412
3583,OK,71.300,0.44,15909.999958239496
3584,OK,65.000,0.44,15866.499976255
3585,OK,66.900,0.44,15837.199985980988
3586,OK,62.000,0.44,15845.299989450723
3587,OK,54.000,0.44,15894.60001559928
3588,OK,51.400,0.44,15942.799975164235
3589,OK,46.400,0.44,15919.399971608073
3590,OK,51.100,0.44,15937.999996822327
3591,OK,51.100,0.44,15913.399984128773
3592,OK,55.300,0.44,15917.200013063848
3593,OK,62.800,0.44,15893.699950538576
3594,OK,72.000,0.44,15892.700001131743
3595,OK,45.000,0.44,15938.800002913922
3596,OK,53.500,0.44,15897.799981757998
3597,OK,55.400,0.44,15955.50001366064
3598,OK,52.900,0.44,15906.49998979643
3599,OK,86.100,0.44,15837.999992072582
3600,OK,61.200,0.44,15915.600000880659
3601,OK,107.800,0.44,15725.000004749745
3602,OK,110.200,0.44,15801.40000442043
3603,OK,90.300,0.44,15974.200039636344
3604,OK,286.800,0.44,15488.300006836653
3605,OK,113.400,0.44,15804.000024218112
3606,OK,144.100,0.44,15729.299979284406
3607,OK,70.200,0.44,15920.899983029813
3608,OK,51.700,0.44,15843.700035475194
3609,OK,84.400,0.44,15936.400042846799
3610,OK,48.900,0.44,15868.999995291233
3611,OK,70.600,0.44,15885.000000707805
3612,OK,53.900,0.44,15903.199964668602
3613,OK,77.400,0.44,15847.499947994947
3614,OK,76.800,0.44,15905.399981420487
3615,OK,60.900,0.44,15928.70004242286
3616,OK,82.900,0.44,15846.399997826666
3617,OK,51.800,0.44,15900.50000231713
3618,OK,54.200,0.44,15920.600038953125
3619,OK,46.100,0.44,46400.39999503642
3620,OK,103.200,0.44,35993.10002755374
3621,OK,104.700,0.44,46328.799973707646
3622,OK,74.900,0.44,35097.59996086359
3623,OK,179.500,0.44,12475.600000470877
3624,OK,141.100,0.44,15625.400003045797
3625,OK,78.300,0.44,15901.799954008311
3626,OK,61.000,0.44,15913.099981844425
3627,OK,65.600,0.44,15894.500014837831
3628,OK,87.400,0.44,15852.599986828864
3629,OK,74.300,0.44,15868.299989961088
3630,OK,125.700,0.44,15805.399976670742
3631,OK,105.300,0.44,15850.600029807538
3632,OK,65.000,0.44,15877.600002568215
3633,OK,76.000,0.44,15852.400043513626
3634,OK,62.000,0.44,15926.999971270561
3635,OK,72.400,0.44,15904.799976851791
3636,OK,58.400,0.44,15832.100005354732
3637,OK,88.500,0.44,15910.000016447157
3638,OK,66.400,0.44,15867.799986153841
3639,OK,59.600,0.44,15842.999971937388
3640,OK,55.900,0.44,15874.499978963286
3641,OK,57.200,0.44,15947.700012475252
3642,OK,55.900,0.44,15906.199987512082
3643,OK,95.700,0.44,15840.500011108816
3644,OK,58.800,0.44,16017.300018575042
3645,OK,96.100,0.44,15735.400025732815
3646,OK,125.900,0.44,15835.600032005459
3647,OK,79.900,0.44,15810.10001245886
3648,OK,87.400,0.44,15911.600028630346
3649,OK,63.900,0.44,15847.400005441159
3650,OK,85.300,0.44,15873.599972110242
3651,OK,91.500,0.44,15799.000044353306
3652,OK,72.900,0.44,16014.399996493012
3653,OK,83.900,0.44,15767.30003580451
3654,OK,56.200,0.44,15931.000001728535
3655,OK,88.600,0.44,15875.599987339228
3656,OK,98.800,0.44,15795.000013895333
3657,OK,92.500,0.44,15886.400011368096
3658,OK,70.100,0.44,15867.599984630942
3659,OK,66.100,0.44,15884.599997662008
3660,OK,80.800,0.44,15864.000015426427
3661,OK,81.300,0.44,15966.499981004745
3662,OK,73.300,0.44,15885.200002230704
3663,OK,70.500,0.44,15850.09996779263
3664,OK,59.100,0.44,15885.200002230704
3665,OK,76.400,0.44,15861.099993344396
3666,OK,74.500,0.44,15835.199970752
3667,OK,66.900,0.44,15971.900022123009
3668,OK,80.200,0.44,15799.599990714341
3669,OK,62.000,0.44,15910.299960523844
3670,OK,66.900,0.44,15882.099978625774
3671,OK,99.700,0.44,15838.599996641278
3672,OK,67.700,0.44,15923.800005111843
3673,OK,70.600,0.44,15848.000010009855
3674,OK,122.800,0.44,15823.5999988392
3675,OK,78.700,0.44,15858.000027947128
3676,OK,94.800,0.44,16215.000010561198
3677,OK,109.700,0.44,15406.100021209568
3678,OK,66.200,0.44,15883.099986240268
3679,OK,55.800,0.44,15908.500005025417
3680,OK,61.400,0.44,15898.799989372492
3681,OK,61.200,0.44,15901.600010693073
3682,OK,57.400,0.44,15887.40001898259
3683,OK,57.100,0.44,15900.60000307858
3684,OK,50.200,0.44,15938.099997583777
3685,OK,67.500,0.44,15886.800014413893
3686,OK,76.100,0.44,43052.09999438375
3687,OK,97.500,0.44,34627.89999321103
3688,OK,87.000,0.44,34564.80003660545
3689,OK,85.100,0.44,15392.200031783432
3690,OK,106.300,0.44,15602.90000634268
3691,OK,96.600,0.44,15835.50003124401
3692,OK,79.100,0.44,20326.30000030622
3693,OK,116.100,0.44,11304.400046356022
3694,OK,65.300,0.44,15888.300025835633
3695,OK,59.800,0.44,15894.400014076382
3696,OK,67.800,0.44,15862.00000019744
3697,OK,84.300,0.44,15910.099959000945
3698,OK,72.100,0.44,15878.600010182709
3699,OK,80.800,0.44,15880.699967965484
3700,OK,59.700,0.44,15908.900008071214
3701,OK,83.200,0.44,15734.60001964122
3702,OK,48.300,0.44,15984.700003173202
3703,OK,56.300,0.44,15917.899960186332
3704,OK,65.400,0.44,15861.499996390194
3705,OK,60.400,0.44,15846.299997065216
3706,OK,70.200,0.44,15942.09996983409
3707,OK,44.900,0.44,15914.599993266165
3708,OK,47.300,0.44,15961.899945978075
3709,OK,63.500,0.44,15868.099988438189
3710,OK,59.100,0.44,15916.300006210804
3711,OK,48.800,0.44,15927.500033285469
3712,OK,69.200,0.44,15878.999955020845
3713,OK,49.100,0.44,15898.699988611042
3714,OK,46.800,0.44,15942.599973641336
3715,OK,103.300,0.44,15811.900026164949
3716,OK,59.000,0.44,15897.000033874065
3717,OK,50.600,0.44,16008.100006729364
3718,OK,49.400,0.44,15818.700019735843
3719,OK,58.600,0.44,15851.100033614784
3720,OK,60.900,0.44,15966.399980243295
3721,OK,74.200,0.44,15835.599973797798
3722,OK,80.000,0.44,15962.200006470084
3723,OK,127.900,0.44,15759.80003690347
3724,OK,114.100,0.44,15702.10000500083
3725,OK,52.400,0.44,15927.40003252402
3726,OK,61.500,0.44,15880.599967204034
3727,OK,85.200,0.44,15884.499996900558
3728,OK,68.100,0.44,15873.499971348792
3729,OK,57.300,0.44,15899.699996225536
3730,OK,64.300,0.44,15918.40002220124
3731,OK,66.200,0.44,15905.20003810525
3732,OK,61.100,0.44,15898.200043011457
3733,OK,96.400,0.44,15876.600053161383
3734,OK,99.200,0.44,15907.299995888025
3735,OK,189.000,0.44,15492.099977564067
3736,OK,47.900,0.44,15966.899984050542
3737,OK,75.700,0.44,15903.300023637712
3738,OK,68.900,0.44,15879.79996111244
3739,OK,54.700,0.44,15900.400001555681
3740,OK,51.100,0.44,15898.399986326694
3741,OK,75.000,0.44,15923.300001304597
3742,OK,68.000,0.44,15844.399982597679
3743,OK,59.500,0.44,15921.200043521821
3744,OK,86.600,0.44,15837.200044188648
3745,OK,90.500,0.44,15880.199964158237
3746,OK,93.600,0.44,15836.299979127944
3747,OK,112.200,0.44,15795.900020748377
3748,OK,85.900,0.44,16363.199974875897
3749,OK,109.800,0.44,15392.599976621568
3750,OK,244.300,0.44,15700.100047979504
3751,OK,65.400,0.44,15823.3999973163
3752,OK,64.800,0.44,15895.300020929426
3753,OK,79.600,0.44,15834.300022106618
3754,OK,80.100,0.44,15840.800013393164
3755,OK,82.200,0.44,15892.199997324497
3756,OK,63.400,0.44,15900.800004601479
3757,OK,66.300,0.44,15853.499993681908
3758,OK,58.200,0.44,15938.700002152473
3759,OK,63.800,0.44,15955.50001366064
3760,OK,73.500,0.44,15807.09998961538
3761,OK,88.700,0.44,15855.200006626546
3762,OK,87.000,0.44,15860.200044699013
3763,OK,72.400,0.44,15845.499990973622
3764,OK,79.700,0.44,15881.700033787638
3765,OK,76.700,0.44,15894.49995663017
3766,OK,87.900,0.44,15805.400034878403
3767,OK,88.700,0.44,15949.900029227138
3768,OK,79.600,0.44,15827.400027774274
3769,OK,90.700,0.44,15861.199994105846
3770,OK,89.100,0.44,15868.499991483986
3771,OK,70.800,0.44,15873.700031079352
3772,OK,57.100,0.44,15906.899992842227
3773,OK,156.100,0.44,16224.000020883977
3774,OK,95.300,0.44,15352.600021287799
3775,OK,106.900,0.44,15821.399982087314
3776,OK,113.300,0.44,15794.200007803738
3777,OK,82.800,0.44,15862.900007050484
3778,OK,69.400,0.44,15906.000044196844
3779,OK,70.600,0.44,15868.599992245436
3780,OK,70.100,0.44,15889.700036495924
3781,OK,66.600,0.44,15887.30001822114
3782,OK,55.800,0.44,15895.700023975223
3783,OK,68.200,0.44,15902.199957054108
3784,OK,72.900,0.44,15848.300012294203
3785,OK,66.500,0.44,15856.20001424104
3786,OK,63.800,0.44,15977.100003510714
3787,OK,146.200,0.44,15700.299991294742
3788,OK,72.100,0.44,15909.60001340136
3789,OK,55.200,0.44,15901.500009931624
3790,OK,58.200,0.44,15899.499994702637
3791,OK,89.200,0.44,15820.199972949922
3792,OK,92.600,0.44,15906.099986750633
3793,OK,77.900,0.44,15830.199990887195
3794,OK,62.500,0.44,15958.39997753501
3795,OK,68.800,0.44,15905.299980659038
3796,OK,134.800,0.44,15748.00000526011
3797,OK,73.800,0.44,15854.800003580749
3798,OK,54.000,0.44,15903.5999677144
3799,OK,80.100,0.44,15843.00003014505
3800,OK,92.800,0.44,15881.499974057078
3801,OK,87.400,0.44,15689.199964981526
3802,OK,55.800,0.44,15892.499999608845
3803,OK,85.800,0.44,15844.599984120578
3804,OK,72.400,0.44,15897.80003996566
3805,OK,76.800,0.44,15858.100028708577
3806,OK,74.300,0.44,15863.60001238063
3807,OK,79.200,0.44,15929.299988783896
3808,OK,65.900,0.44,15885.500004515052
3809,OK,59.200,0.44,15847.800008486956
3810,OK,59.800,0.44,15933.800023049116
3811,OK,66.400,0.44,16132.000018842518
3812,OK,55.800,0.44,15783.50004274398
3813,OK,62.800,0.44,16014.399996493012
3814,OK,55.600,0.44,16017.199959605932
3815,OK,58.000,0.44,15592.000039760023
3816,OK,55.600,0.44,15899.299993179739
3817,OK,73.600,0.44,15899.799996986985
3818,OK,66.800,0.44,15896.400029305369
3819,OK,77.700,0.44,15975.499991327524
3820,OK,64.100,0.44,15726.699959486723
3821,OK,135.500,0.44,16008.500009775162
3822,OK,107.300,0.44,15902.399958577007
3823,OK,115.700,0.44,15722.90004696697
3824,OK,116.100,0.44,15812.299971003085
3825,OK,144.900,0.44,15752.899984363467
3826,OK,126.500,0.44,15737.59998427704
3827,OK,73.500,0.44,15809.99995348975
3828,OK,71.000,0.44,15967.29998709634
3829,OK,136.900,0.44,15664.99995533377
3830,OK,57.600,0.44,15904.800035059452
3831,OK,58.100,0.44,15905.09997913614
3832,OK,81.200,0.44,15865.700028371066
3833,OK,46.300,0.44,15962.300007231534
3834,OK,57.100,0.44,15896.400029305369
3835,OK,64.400,0.44,15954.899950884283
3836,OK,45.400,0.44,15908.700006548315
3837,OK,77.600,0.44,15843.500033952296
3838,OK,62.900,0.44,15904.900035820901
3839,OK,48.600,0.44,15969.400003086776
3840,OK,56.300,0.44,15828.600036911666
3841,OK,61.100,0.44,15994.200017303228
3842,OK,61.600,0.44,15908.800007309765
3843,OK,71.800,0.44,15887.699963059276
3844,OK,73.000,0.44,15842.9000293836
3845,OK,73.800,0.44,15846.299997065216
3846,OK,55.100,0.44,15909.900015685707
3847,OK,70.200,0.44,15947.800013236701
3848,OK,71.400,0.44,15874.899982009083
3849,OK,77.200,0.44,15883.899992331862
3850,OK,84.800,0.44,15844.29998183623
3851,OK,90.000,0.44,15880.100021604449
3852,OK,144.200,0.44,15844.499983359128
3853,OK,61.000,0.44,15814.69998927787
3854,OK,59.400,0.44,15872.100018896163
3855,OK,48.500,0.44,15967.599989380687
3856,OK,55.300,0.44,15942.799975164235
3857,OK,62.400,0.44,15910.200017970055
3858,OK,107.400,0.44,15850.40002828464
3859,OK,78.700,0.44,15808.500000275671
3860,OK,51.900,0.44,15978.200011886656
3861,OK,54.400,0.44,15915.199997834861
3862,OK,60.900,0.44,15858.199971262366
3863,OK,59.800,0.44,15945.09999267757
3864,OK,59.000,0.44,15900.900005362928
3865,OK,61.300,0.44,15891.899995040148
3866,OK,61.200,0.44,15890.09998133406
3867,OK,61.800,0.44,15887.299960013479
3868,OK,65.500,0.44,15915.099997073412
3869,OK,63.500,0.44,15882.79998395592
3870,OK,53.800,0.44,15815.500053577125
3871,OK,93.600,0.44,15945.899998769164
3872,OK,69.900,0.44,15910.300018731505
3873,OK,87.500,0.44,15960.199991241097
3874,OK,100.400,0.44,15631.599992047995
3875,OK,66.800,0.44,15912.099974229932
3876,OK,78.200,0.44,15910.600021015853
3877,OK,219.000,0.44,15583.299973513931
3878,OK,51.100,0.44,15945.299994200468
3879,OK,52.200,0.44,15882.79998395592
3880,OK,57.600,0.44,15914.899995550513
3881,OK,70.600,0.44,15970.600012224168
3882,OK,61.200,0.44,15847.000002395362
3883,OK,59.000,0.44,15844.800043851137
3884,OK,50.000,0.44,16000.399948097765
3885,OK,54.700,0.44,15907.90000045672
3886,OK,61.800,0.44,15914.299990981817
3887,OK,60.400,0.44,15869.700000621378
3888,OK,54.700,0.44,15916.000003926456
3889,OK,53.400,0.44,15842.500026337802
3890,OK,52.700,0.44,15915.800002403557
3891,OK,56.800,0.44,15881.099971011281
3892,OK,70.400,0.44,15887.799963820726
3893,OK,45.100,0.44,15881.799976341426
3894,OK,65.000,0.44,15949.899971019477
3895,OK,51.100,0.44,15879.79996111244
3896,OK,56.700,0.44,15986.200014594942
3897,OK,48.300,0.44,15883.899992331862
3898,OK,54.800,0.44,15948.300017043948
3899,OK,79.600,0.44,15884.40005434677
3900,OK,58.700,0.44,15839.90000654012
3901,OK,95.000,0.44,15713.200031314045
3902,OK,76.400,0.44,15969.800006132573
3903,OK,101.300,0.44,15756.999957375228
3904,OK,71.300,0.44,15839.100000448525
3905,OK,47.500,0.44,15905.399981420487
3906,OK,51.600,0.44,15992.600005120039
3907,OK,54.100,0.44,15862.900007050484
3908,OK,44.500,0.44,15969.500003848225
3909,OK,68.400,0.44,15849.399962462485
3910,OK,56.000,0.44,15896.000026259571
3911,OK,47.400,0.44,15942.299971356988
3912,OK,69.800,0.44,15891.399991232902
3913,OK,56.100,0.44,15874.599979724735
3914,OK,77.200,0.44,15929.599991068244
3915,OK,74.800,0.44,15846.099995542318
3916,OK,62.700,0.44,15903.100022114813
3917,OK,68.800,0.44,15846.399997826666
3918,OK,56.900,0.44,15917.100012302399
3919,OK,60.500,0.44,15920.599980745465
3920,OK,64.300,0.44,15898.99999089539
3921,OK,56.200,0.44,15923.600003588945
3922,OK,59.500,0.44,15824.900008738041
3923,OK,59.000,0.44,15930.499997921288
3924,OK,64.900,0.44,15887.499961536378
3925,OK,69.000,0.44,15856.300015002489
3926,OK,54.200,0.44,15974.500041920692
3927,OK,49.500,0.44,15786.900010425597
3928,OK,82.600,0.44,15819.600026588887
3929,OK,44.000,0.44,15976.800001226366
3930,OK,45.400,0.44,15958.39997753501
3931,OK,53.100,0.44,15887.399960774928
3932,OK,47.900,0.44,15935.200033709407
3933,OK,50.100,0.44,15921.39998683706
3934,OK,48.500,0.44,15935.99998159334
3935,OK,51.100,0.44,15898.99999089539
3936,OK,62.300,0.44,15903.999970760196
3937,OK,51.600,0.44,15911.900030914694
3938,OK,61.600,0.44,15872.699965257198
3939,OK,56.600,0.44,15896.999975666404
3940,OK,58.300,0.44,15916.400006972253
3941,OK,65.900,0.44,15879.200014751405
3942,OK,62.600,0.44,15892.399998847395
3943,OK,59.500,0.44,15914.00004690513
3944,OK,68.200,0.44,15950.000029988587
3945,OK,53.400,0.44,15829.70004528761
3946,OK,47.400,0.44,15921.30004428327
3947,OK,43.900,0.44,15932.700014673173
3948,OK,65.200,0.44,15874.500037170947
3949,OK,48.500,0.44,15944.200044032186
3950,OK,60.600,0.44,15873.89997439459
3951,OK,51.900,0.44,15916.100004687905
3952,OK,78.400,0.44,15917.200013063848
3953,OK,109.100,0.44,15826.300019398332
3954,OK,101.900,0.44,15702.700009569526
3955,OK,55.300,0.44,15956.000017467886
3956,OK,68.300,0.44,15894.899959675968
3957,OK,56.100,0.44,15891.099988948554
3958,OK,57.000,0.44,15917.600016109645
3959,OK,60.400,0.44,15918.30002143979
3960,OK,66.400,0.44,15837.899991311133
3961,OK,52.900,0.44,15928.299981169403
3962,OK,55.800,0.44,15914.800052996725
3963,OK,58.700,0.44,15874.10003412515
3964,OK,50.800,0.44,15908.10000197962
3965,OK,46.100,0.44,15966.399980243295
3966,OK,48.500,0.44,15923.500002827495
3967,OK,57.300,0.44,15874.800039455295
3968,OK,50.200,0.44,15943.199978210032
3969,OK,65.400,0.44,15864.600019995123
3970,OK,63.500,0.44,15906.799992080778
3971,OK,60.100,0.44,15883.599990047514
3972,OK,49.300,0.44,15968.899999279529
3973,OK,54.500,0.44,16074.700048193336
3974,OK,105.200,0.44,15695.300011429936
3975,OK,78.900,0.44,15728.70003292337
3976,OK,46.400,0.44,15958.799980580807
3977,OK,49.700,0.44,15921.499987598509
3978,OK,60.700,0.44,15891.099988948554
3979,OK,80.700,0.44,15846.200054511428
3980,OK,84.700,0.44,15863.50001161918
3981,OK,64.100,0.44,15855.600009672344
3982,OK,48.900,0.44,15965.999977197498
3983,OK,73.000,0.44,15847.000002395362
3984,OK,116.500,0.44,15761.799993924797
3985,OK,50.900,0.44,15954.199945554137
3986,OK,61.500,0.44,15977.70000807941
3987,OK,51.200,0.44,15929.100045468658
3988,OK,57.000,0.44,15927.599975839257
3989,OK,60.400,0.44,15896.500030066818
3990,OK,59.300,0.44,15899.1000498645
3991,OK,59.200,0.44,15915.600000880659
3992,OK,58.600,0.44,15852.599986828864
3993,OK,119.000,0.44,15855.700010433793
3994,OK,85.100,0.44,15752.899984363467
3995,OK,107.000,0.44,15847.400005441159
3996,OK,79.000,0.44,15883.699990808964
3997,OK,71.800,0.44,15790.199977345765
3998,OK,89.500,0.44,15899.19999241829
3999,OK,78.900,0.44,15957.799972966313
4000,OK,108.200,0.44,15753.299987409264
4001,OK,86.000,0.44,16104.99998787418
4002,OK,81.100,0.44,15455.799992196262
4003,OK,86.300,0.44,15900.60000307858
4004,OK,100.200,0.44,16198.50000133738
4005,OK,97.800,0.44,15435.50001224503
4006,OK,79.400,0.44,15867.99998767674
4007,OK,74.600,0.44,15871.499956119806
4008,OK,80.100,0.44,15909.800014924258
4009,OK,63.100,0.44,15924.599952995777
4010,OK,75.900,0.44,15887.600020505488
4011,OK,65.000,0.44,15829.199983272702
4012,OK,94.400,0.44,15848.70001534
4013,OK,66.500,0.44,15896.900033112615
4014,OK,85.400,0.44,15841.599961277097
4015,OK,78.900,0.44,15896.899974904954
4016,OK,79.500,0.44,15862.500004004687
4017,OK,79.000,0.44,15871.00001052022
4018,OK,75.900,0.44,15882.899984717369
4019,OK,79.700,0.44,15868.299989961088
4020,OK,84.200,0.44,15867.000038269907
4021,OK,88.700,0.44,15836.499980650842
4022,OK,78.100,0.44,15877.600002568215
4023,OK,61.800,0.44,15860.399988014251
4024,OK,73.100,0.44,15903.70002668351
4025,OK,102.000,0.44,15906.49998979643
4026,OK,92.400,0.44,15824.300004169345
4027,OK,79.100,0.44,15896.999975666404
4028,OK,74.700,0.44,15853.399992920458
4029,OK,81.700,0.44,15889.399976003915
4030,OK,100.400,0.44,15804.100024979562
4031,OK,74.000,0.44,15869.700000621378
4032,OK,73.400,0.44,15887.000015936792
4033,OK,89.300,0.44,15980.400028638542
4034,OK,132.500,0.44,15674.400026910007
4035,OK,93.700,0.44,15790.699981153011
4036,OK,74.500,0.44,15884.099993854761
4037,OK,91.100,0.44,15860.59998953715
4038,OK,91.700,0.44,15862.800006289035
4039,OK,98.900,0.44,15920.299978461117
4040,OK,81.600,0.44,15844.700043089688
4041,OK,73.200,0.44,15795.600018464029
4042,OK,64.900,0.44,15894.699958153069
4043,OK,53.700,0.44,16005.099983885884
4044,OK,63.200,0.44,15853.799995966256
4045,OK,80.800,0.44,15856.999962124974
4046,OK,56.100,0.44,15920.999983791262
4047,OK,54.600,0.44,15836.099977605045
4048,OK,63.600,0.44,15957.799972966313
4049,OK,146.700,0.44,15665.099956095219
4050,OK,62.700,0.44,15967.19998633489
4051,OK,65.700,0.44,15896.600030828267
4052,OK,69.600,0.44,15988.599974662066
4053,OK,70.800,0.44,15732.500003650784
4054,OK,129.500,0.44,15800.900000613183
4055,OK,94.700,0.44,16003.900032956153
4056,OK,161.400,0.44,15442.200005054474
4057,OK,70.500,0.44,15879.599959589541
4058,OK,63.600,0.44,15940.59995841235
4059,OK,59.100,0.44,15855.300007387996
4060,OK,50.200,0.44,15943.699982017279
4061,OK,52.900,0.44,15878.40000865981
4062,OK,67.800,0.44,15919.200028292835
4063,OK,79.500,0.44,15842.79997041449
4064,OK,66.300,0.44,15898.399986326694
4065,OK,77.900,0.44,15881.29997253418
4066,OK,81.100,0.44,15940.000012051314
4067,OK,76.700,0.44,15851.500036660582
4068,OK,69.700,0.44,16076.200001407415
4069,OK,52.500,0.44,15723.899996373802
4070,OK,56.700,0.44,16055.800020694733
4071,OK,58.300,0.44,15755.399945192039
4072,OK,56.100,0.44,15849.899966269732
4073,OK,61.400,0.44,15958.300034981221
4074,OK,73.000,0.44,15842.999971937388
4075,OK,47.600,0.44,16005.100042093545
4076,OK,62.800,0.44,15800.699999090284
4077,OK,75.000,0.44,16005.700046662241
4078,OK,90.000,0.44,15825.10001026094
4079,OK,78.600,0.44,16019.499977119267
4080,OK,81.100,0.44,15829.199983272702
4081,OK,130.100,0.44,16223.300015553832
4082,OK,149.500,0.44,15298.799960874021
4083,OK,86.600,0.44,15997.800044715405
4084,OK,122.700,0.44,15868.199989199638
4085,OK,60.700,0.44,15967.799990903586
4086,OK,67.900,0.44,15601.599996443838
4087,OK,80.100,0.44,15747.899946291
4088,OK,88.500,0.44,15953.800000716
4089,OK,78.800,0.44,15776.000043842942
4090,OK,130.900,0.44,15691.49998249486
4091,OK,48.300,0.44,15892.800001893193
4092,OK,78.600,0.44,15868.900052737445
4093,OK,66.900,0.44,15902.900020591915
4094,OK,52.200,0.44,15872.100018896163
4095,OK,61.300,0.44,15903.999970760196
4096,OK,46.800,0.44,15980.199968907982
4097,OK,63.200,0.44,15818.499960005283
4098,OK,48.400,0.44,15909.900015685707
4099,OK,66.500,0.44,15916.499949526042
4100,OK,51.800,0.44,15894.200012553483
4101,OK,54.100,0.44,15809.900010935962
4102,OK,46.900,0.44,15963.300014846027
4103,OK,123.400,0.44,15784.200048074126
4104,OK,56.700,0.44,15942.499972879887
4105,OK,104.000,0.44,15809.200005605817
4106,OK,101.300,0.44,16019.299975596368
4107,OK,111.300,0.44,15654.199989512563
4108,OK,46.600,0.44,15895.899967290461
4109,OK,49.700,0.44,15919.200028292835
4110,OK,53.100,0.44,15891.999995801598
4111,OK,43.400,0.44,15931.80000782013
4112,OK,43.500,0.44,15942.800033371896
4113,OK,46.300,0.44,15935.399977024645
4114,OK,50.100,0.44,15919.099969323725
4115,OK,49.100,0.44,15946.50000333786
4116,OK,49.400,0.44,15885.199944023043
4117,OK,46.100,0.44,15912.199974991381
4118,OK,47.700,0.44,15937.49999301508
4119,OK,60.900,0.44,15891.69999351725
4120,OK,60.700,0.44,15905.600041151047
4121,OK,67.900,0.44,15914.099989458919
4122,OK,46.600,0.44,15926.400024909526
4123,OK,55.200,0.44,15966.600039973855
4124,OK,58.500,0.44,15886.900015175343
4125,OK,84.000,0.44,15874.400036409497
4126,OK,117.000,0.44,15777.59999781847
4127,OK,49.100,0.44,15909.799956716597
4128,OK,40.900,0.44,15955.099952407181
4129,OK,105.600,0.44,15745.00004062429
4130,OK,51.900,0.44,15960.200049448758
4131,OK,55.300,0.44,15944.399987347424
4132,OK,80.600,0.44,15849.200019147247
4133,OK,73.600,0.44,15802.600013557822
4134,OK,60.600,0.44,15869.099996052682
4135,OK,48.600,0.44,15912.000031676143
4136,OK,45.500,0.44,15975.399990566075
4137,OK,43.000,0.44,15904.599975328892
4138,OK,45.400,0.44,15922.700054943562
4139,OK,53.700,0.44,15860.4999887757
4140,OK,48.000,0.44,15916.000003926456
4141,OK,46.700,0.44,15919.999976176769
4142,OK,69.000,0.44,15896.199969574809
4143,OK,49.000,0.44,15956.79996535182
4144,OK,49.200,0.44,15893.20000493899
4145,OK,55.400,0.44,15880.900027696043
4146,OK,51.100,0.44,15937.59999377653
4147,OK,70.700,0.44,15867.600042838603
4148,OK,71.300,0.44,15955.29995393008
4149,OK,51.200,0.44,15836.700040381402
4150,OK,54.300,0.44,15921.099984552711
4151,OK,49.100,0.44,15946.800005622208
4152,OK,57.900,0.44,15958.700038027018
4153,OK,101.000,0.44,15825.500013306737
4154,OK,61.500,0.44,15925.300016533583
4155,OK,71.600,0.44,15779.900015331805
4156,OK,83.900,0.44,15875.899989623576
4157,OK,91.100,0.44,15950.299974065274
4158,OK,89.300,0.44,15655.700000934303
4159,OK,45.500,0.44,16003.400029148906
4160,OK,69.400,0.44,15931.80000782013
4161,OK,63.300,0.44,15813.299978617579
4162,OK,62.500,0.44,15930.399997159839
4163,OK,50.400,0.44,15906.299988273531
4164,OK,48.100,0.44,15908.200002741069
4165,OK,41.900,0.44,15895.900025498122
4166,OK,44.500,0.44,15933.400020003319
4167,OK,48.100,0.44,15972.699970006943
4168,OK,52.200,0.44,15868.399990722537
4169,OK,62.000,0.44,15906.899992842227
4170,OK,63.700,0.44,15898.400044534355
4171,OK,80.900,0.44,15869.700000621378
4172,OK,52.600,0.44,15891.199989710003
4173,OK,57.700,0.44,15842.300024814904
4174,OK,50.600,0.44,15942.500031087548
4175,OK,65.000,0.44,15924.700011964887
4176,OK,64.500,0.44,15883.099986240268
4177,OK,61.800,0.44,15965.700033120811
4178,OK,66.800,0.44,15869.39999833703
4179,OK,57.000,0.44,15900.900005362928
4180,OK,93.200,0.44,15881.599974818528
4181,OK,83.500,0.44,15831.500000786036
4182,OK,71.400,0.44,15877.900004852563
4183,OK,67.300,0.44,15906.800050288439
4184,OK,61.200,0.44,15882.79998395592
4185,OK,48.000,0.44,15935.599978547543
4186,OK,47.200,0.44,15950.79997787252
4187,OK,70.400,0.44,15826.200018636882
4188,OK,80.400,0.44,15928.399981930852
4189,OK,55.600,0.44,15903.899969998747
4190,OK,61.300,0.44,15896.09996881336
4191,OK,62.400,0.44,15916.200005449355
4192,OK,54.400,0.44,15858.400030992925
4193,OK,48.400,0.44,15927.20003100112
4194,OK,42.300,0.44,15950.200031511486
4195,OK,96.100,0.44,15817.000006791204
4196,OK,53.900,0.44,15936.499985400587
4197,OK,57.600,0.44,15949.200023896992
4198,OK,68.700,0.44,15815.499995369464
4199,OK,62.200,0.44,15977.900009602308
4200,OK,70.000,0.44,15886.000008322299
4201,OK,73.700,0.44,15687.800012528896
4202,OK,82.000,0.44,15898.399986326694
4203,OK,72.700,0.44,15826.599963475019
4204,OK,79.400,0.44,15919.500030577183
4205,OK,71.700,0.44,15905.399981420487
4206,OK,86.600,0.44,15846.800000872463
4207,OK,120.300,0.44,15790.700039360672
4208,OK,87.800,0.44,15864.500019233674
4209,OK,109.800,0.44,15779.900015331805
4210,OK,49.000,0.44,15928.79998497665
4211,OK,53.400,0.44,15924.800012726337
4212,OK,56.100,0.44,15911.300026345998
4213,OK,63.800,0.44,15907.90000045672
4214,OK,70.400,0.44,15836.69998217374
4215,OK,74.200,0.44,15870.000002905726
4216,OK,42.900,0.44,16005.399986170232
4217,OK,51.200,0.44,15925.400017295033
4218,OK,59.900,0.44,15903.200022876263
4219,OK,65.500,0.44,15903.60002592206
4220,OK,64.500,0.44,15885.400003753603
4221,OK,60.700,0.44,15910.100017208606
4222,OK,62.800,0.44,15855.000005103648
4223,OK,85.000,0.44,15825.900016352534
4224,OK,58.500,0.44,15944.299986585975
4225,OK,65.100,0.44,15866.999980062246
4226,OK,54.200,0.44,15970.400010701269
4227,OK,69.600,0.44,15892.399998847395
4228,OK,73.500,0.44,15802.199952304363
4229,OK,93.500,0.44,15855.200006626546
4230,OK,132.400,0.44,15897.899982519448
4231,OK,59.400,0.44,15889.899979811162
4232,OK,58.400,0.44,16124.999965541065
4233,OK,111.200,0.44,15552.39997105673
4234,OK,60.900,0.44,15858.100028708577
4235,OK,42.000,0.44,15990.900050383061
4236,OK,54.600,0.44,15921.999991405755
4237,OK,59.400,0.44,15860.699990298599
4238,OK,63.400,0.44,15935.500035993755
4239,OK,58.300,0.44,15918.000019155443
4240,OK,71.500,0.44,15818.200015928596
4241,OK,116.500,0.44,15825.900016352534
4242,OK,98.800,0.44,15883.099986240268
4243,OK,58.100,0.44,15911.799971945584
4244,OK,58.500,0.44,15894.999960437417
4245,OK,60.500,0.44,15850.19996855408
4246,OK,51.900,0.44,15907.099994365126
4247,OK,51.600,0.44,15882.300038356334
4248,OK,49.400,0.44,15955.40001289919
4249,OK,48.100,0.44,15935.499977786094
4250,OK,58.700,0.44,15871.700015850365
4251,OK,82.300,0.44,15806.399984285235
4252,OK,78.400,0.44,15875.699988100678
4253,OK,82.000,0.44,15892.399998847395
4254,OK,48.800,0.44,15897.799981757998
4255,OK,53.500,0.44,15957.799972966313
4256,OK,62.800,0.44,15845.899994019419
4257,OK,115.200,0.44,15924.700011964887
4258,OK,85.200,0.44,15823.49999807775
4259,OK,124.000,0.44,15926.100022625178
4260,OK,111.300,0.44,15653.499984182417
4261,OK,82.200,0.44,15851.300035137683
4262,OK,80.000,0.44,15869.900002144277
4263,OK,58.600,0.44,15878.800011705607
4264,OK,79.500,0.44,15911.900030914694
4265,OK,83.600,0.44,15826.000017113984
4266,OK,76.000,0.44,15938.099997583777
4267,OK,63.000,0.44,15870.69995002821
4268,OK,94.500,0.44,15852.299984544516
4269,OK,94.600,0.44,15851.199976168573
4270,OK,91.200,0.44,15850.899973884225
4271,OK,72.100,0.44,15886.800014413893
4272,OK,78.400,0.44,15879.90002008155
4273,OK,82.000,0.44,15845.79999325797
4274,OK,86.100,0.44,15886.700013652444
4275,OK,63.700,0.44,15856.600017286837
4276,OK,86.400,0.44,15871.200012043118
4277,OK,136.300,0.44,15779.00000847876
4278,OK,95.600,0.44,15871.200012043118
4279,OK,64.700,0.44,15889.300033450127
4280,OK,90.400,0.44,15820.299973711371
4281,OK,66.000,0.44,15944.99999191612
4282,OK,102.300,0.44,15790.600038599223
4283,OK,92.500,0.44,15874.600037932396
4284,OK,89.100,0.44,16002.100019250065
4285,OK,114.700,0.44,15688.100014813244
4286,OK,92.200,0.44,15863.39995265007
4287,OK,97.600,0.44,15830.79999545589
4288,OK,122.000,0.44,15756.899956613779
4289,OK,96.300,0.44,15841.09995746985
4290,OK,74.100,0.44,15908.800007309765
4291,OK,71.400,0.44,15885.200002230704
4292,OK,67.900,0.44,15889.999980572611
4293,OK,70.700,0.44,15896.500030066818
4294,OK,62.200,0.44,15906.49998979643
4295,OK,90.500,0.44,15917.900018393993
4296,OK,79.500,0.44,15839.700005017221
4297,OK,89.400,0.44,15885.100001469254
4298,OK,83.700,0.44,15779.699955601245
4299,OK,87.800,0.44,15912.899980321527
4300,OK,68.500,0.44,15879.700018558651
4301,OK,71.800,0.44,15787.500014994293
4302,OK,57.100,0.44,15932.200010865927
4303,OK,321.000,0.44,15517.399995587766
4304,OK,62.000,0.44,15901.200007647276
4305,OK,46.300,0.44,15874.400036409497
4306,OK,60.200,0.44,15936.799987684935
4307,OK,71.900,0.44,15883.199987001717
4308,OK,49.200,0.44,16000.800009351224
4309,OK,156.000,0.44,15683.499979786575
4310,OK,85.400,0.44,15854.199999012053
4311,OK,124.200,0.44,15720.300027169287
4312,OK,76.600,0.44,15882.200037594885
4313,OK,70.800,0.44,15930.499997921288
4314,OK,64.500,0.44,15924.19994994998
4315,OK,72.500,0.44,15820.39997447282
4316,OK,70.200,0.44,15948.700020089746
4317,OK,66.300,0.44,15903.300023637712
4318,OK,146.700,0.44,15739.09999569878
4319,OK,69.000,0.44,15850.399970076978
4320,OK,68.900,0.44,15916.80001001805
4321,OK,68.900,0.44,15876.299992669374
4322,OK,64.400,0.44,16030.500002671033
4323,OK,49.500,0.44,15685.599995777011
4324,OK,46.800,0.44,16182.299994397908
4325,OK,83.700,0.44,15845.69999249652
4326,OK,84.600,0.44,15789.599972777069
4327,OK,102.700,0.44,16008.899954613298
4328,OK,152.100,0.44,15754.599997308105
4329,OK,73.500,0.44,15805.300034116954
4330,OK,62.900,0.44,15737.300040200353
4331,OK,91.900,0.44,15921.599988359958
4332,OK,83.600,0.44,15814.099984709173
4333,OK,114.900,0.44,15919.300029054284
4334,OK,154.900,0.44,15804.599970579147
4335,OK,181.300,0.44,15726.100013125688
4336,OK,226.200,0.44,16260.000003967434
4337,OK,274.600,0.44,15316.199976950884
4338,OK,138.900,0.44,15499.20003162697
4339,OK,124.100,0.44,15530.600037891418
4340,OK,86.900,0.44,15767.500037327409
4341,OK,96.800,0.44,15830.399992410094
4342,OK,60.300,0.44,15855.800011195242
4343,OK,70.800,0.44,16266.799997538328
4344,OK,67.800,0.44,15511.899953708053
4345,OK,64.000,0.44,15882.399980910122
4346,OK,51.800,0.44,16056.499967817217
4347,OK,119.700,0.44,15682.299970649183
4348,OK,65.300,0.44,15898.000041488558
4349,OK,68.500,0.44,15877.600002568215
4350,OK,66.200,0.44,15946.200001053512
4351,OK,48.800,0.44,15875.999990385026
4352,OK,46.900,0.44,15907.299995888025
4353,OK,45.900,0.44,15978.200011886656
4354,OK,49.700,0.44,15897.69998099655
4355,OK,48.200,0.44,15917.100012302399
4356,OK,64.700,0.44,15864.000015426427
4357,OK,68.500,0.44,15910.199959762394
4358,OK,58.500,0.44,15857.49996593222
4359,OK,57.300,0.44,15949.40002541989
4360,OK,70.700,0.44,15840.000007301569
4361,OK,94.800,0.44,16021.299990825355
4362,OK,114.000,0.44,15632.200054824352
4363,OK,46.500,0.44,15950.99997939542
4364,OK,45.500,0.44,15894.80001712218
4365,OK,47.900,0.44,15915.29999859631
4366,OK,43.800,0.44,15917.900018393993
4367,OK,56.700,0.44,15998.799994122237
4368,OK,56.700,0.44,15889.200032688677
4369,OK,58.200,0.44,15933.899965602905
4370,OK,63.700,0.44,15822.700050193816
4371,OK,54.200,0.44,15896.799974143505
4372,OK,46.900,0.44,15938.600001391023
4373,OK,50.700,0.44,15933.900023810565
4374,OK,58.200,0.44,15935.99998159334
4375,OK,58.900,0.44,15847.100003156811
4376,OK,51.700,0.44,15936.19998311624
4377,OK,47.400,0.44,15970.10000841692
4378,OK,67.000,0.44,15881.30003074184
4379,OK,65.600,0.44,15876.99999799952
4380,OK,59.200,0.44,15906.699991319329
4381,OK,42.200,0.44,15933.599963318557
4382,OK,72.400,0.44,15848.600014578551
4383,OK,76.700,0.44,15895.200020167977
4384,OK,69.600,0.44,15892.700001131743
4385,OK,75.800,0.44,15823.900001123548
4386,OK,59.600,0.44,15906.50004800409
4387,OK,67.000,0.44,15897.69998099655
4388,OK,62.200,0.44,15918.29996323213
4389,OK,50.400,0.44,15951.399982441217
4390,OK,72.200,0.44,15786.900010425597
4391,OK,54.300,0.44,15965.000027790666
4392,OK,59.600,0.44,15912.60003624484
4393,OK,70.200,0.44,15879.90002008155
4394,OK,75.200,0.44,15955.100010614842
4395,OK,52.200,0.44,15927.599975839257
4396,OK,54.900,0.44,15901.000006124377
4397,OK,59.200,0.44,15902.10001450032
4398,OK,57.500,0.44,15880.800026934594
4399,OK,55.500,0.44,15865.00002304092
4400,OK,54.200,0.44,15931.60000629723
4401,OK,65.200,0.44,15792.4999948591
4402,OK,55.600,0.44,15878.40000865981
4403,OK,49.700,0.44,15945.000050123781
4404,OK,45.900,0.44,15892.199997324497
4405,OK,79.500,0.44,15898.199984803796
4406,OK,43.600,0.44,15901.200007647276
4407,OK,44.500,0.44,15948.300017043948
4408,OK,84.900,0.44,15823.800000362098
4409,OK,84.300,0.44,15931.80000782013
4410,OK,68.300,0.44,15857.899968978018
4411,OK,47.300,0.44,15917.200013063848
4412,OK,77.900,0.44,15915.39999935776
4413,OK,69.700,0.44,15845.299989450723
4414,OK,47.900,0.44,15895.000018645078
4415,OK,49.000,0.44,15912.999981082976
4416,OK,46.300,0.44,15956.300019752234
4417,OK,48.500,0.44,15898.300043772906
4418,OK,48.900,0.44,15902.800019830465
4419,OK,70.400,0.44,15910.89996509254
4420,OK,82.100,0.44,15862.300002481788
4421,OK,66.900,0.44,15873.999975156039
4422,OK,68.500,0.44,15960.899996571243
4423,OK,57.400,0.44,15906.39998903498
4424,OK,59.900,0.44,15907.399996649474
4425,OK,74.600,0.44,15874.500037170947
4426,OK,55.000,0.44,15845.899994019419
4427,OK,65.600,0.44,15899.19999241829
4428,OK,48.600,0.44,15889.499976765364
4429,OK,46.100,0.44,15943.59998125583
4430,OK,69.200,0.44,15925.099956803024
4431,OK,55.900,0.44,15913.99998869747
4432,OK,52.100,0.44,15898.299985565245
4433,OK,100.100,0.44,15790.900040883571
4434,OK,63.600,0.44,16093.700018245727
4435,OK,91.800,0.44,15668.299980461597
4436,OK,71.100,0.44,15937.299991492182
4437,OK,64.800,0.44,15858.799975831062
4438,OK,74.700,0.44,15896.10002702102
4439,OK,47.500,0.44,15942.399972118437
4440,OK,53.100,0.44,15877.300000283867
4441,OK,56.700,0.44,15916.100004687905
4442,OK,48.800,0.44,15906.299988273531
4443,OK,44.700,0.44,15921.19998531416
4444,OK,46.400,0.44,15925.80002034083
4445,OK,47.600,0.44,15921.099984552711
4446,OK,48.600,0.44,15932.800015434623
4447,OK,49.100,0.44,15899.1000498645
4448,OK,67.000,0.44,15893.20000493899
4449,OK,62.700,0.44,15912.200033199042
4450,OK,67.000,0.44,15960.299992002547
4451,OK,57.700,0.44,15853.499993681908
4452,OK,83.500,0.44,15885.300002992153
4453,OK,84.600,0.44,15850.40002828464
4454,OK,60.000,0.44,15972.400025930256
4455,OK,144.800,0.44,15737.200039438903
4456,OK,61.100,0.44,15842.899971175939
4457,OK,53.800,0.44,15908.300003502518
4458,OK,71.400,0.44,15873.600030317903
4459,OK,79.100,0.44,16148.20002578199
4460,OK,78.600,0.44,15614.899981301278
4461,OK,84.900,0.44,15898.799989372492
4462,OK,68.600,0.44,15840.199950616807
4463,OK,106.100,0.44,15976.09999589622
4464,OK,125.300,0.44,15669.799991883337
4465,OK,50.500,0.44,15881.399973295629
4466,OK,49.500,0.44,15919.90003362298
4467,OK,54.900,0.44,15927.20003100112
4468,OK,53.500,0.44,15879.100013989955
4469,OK,51.100,0.44,15892.900002654642
4470,OK,48.200,0.44,15942.2000288032
4471,OK,59.400,0.44,15876.700053922832
4472,OK,59.800,0.44,15909.899957478046
4473,OK,51.400,0.44,15910.000016447157
4474,OK,51.000,0.44,15965.80003388226
4475,OK,68.700,0.44,15891.299990471452
4476,OK,62.700,0.44,15785.600000526756
4477,OK,62.200,0.44,15967.999992426485
4478,OK,46.500,0.44,15932.599955704063
4479,OK,45.500,0.44,15894.80001712218
4480,OK,46.700,0.44,15928.6999842152
4481,OK,45.200,0.44,15932.199952658266
4482,OK,49.100,0.44,15917.900018393993
4483,OK,69.700,0.44,15867.099980823696
4484,OK,60.600,0.44,15908.00000121817
4485,OK,163.400,0.44,15838.200051803142
4486,OK,72.600,0.44,15851.400035899132
4487,OK,48.200,0.44,15895.600023213774
4488,OK,89.000,0.44,15821.300039533526
4489,OK,82.500,0.44,15999.199997168034
4490,OK,141.200,0.44,15763.400006107986
4491,OK,69.500,0.44,15871.300012804568
4492,OK,59.800,0.44,15860.399988014251
4493,OK,60.300,0.44,15912.099974229932
4494,OK,62.500,0.44,15883.899992331862
4495,OK,64.700,0.44,15883.599990047514
4496,OK,60.300,0.44,15922.8999982588
4497,OK,50.700,0.44,15885.300002992153
4498,OK,41.600,0.44,15976.20005486533
4499,OK,153.300,0.44,15763.700008392334
4500,OK,69.900,0.44,15853.30005036667
4501,OK,84.300,0.44,15772.400016430765
4502,OK,69.800,0.44,15840.700012631714
4503,OK,63.400,0.44,15854.500001296401
4504,OK,49.600,0.44,15972.499968484044
4505,OK,49.300,0.44,15895.199961960316
4506,OK,53.500,0.44,15920.199977699667
4507,OK,59.500,0.44,15824.400004930794
4508,OK,70.200,0.44,15894.300013314933
4509,OK,88.500,0.44,15874.799981247634
4510,OK,54.600,0.44,15871.400013566017
4511,OK,53.600,0.44,15872.40002118051
4512,OK,51.500,0.44,15971.000015269965
4513,OK,46.200,0.44,15957.899973727763
4514,OK,109.300,0.44,15742.399962618947
4515,OK,87.200,0.44,15848.200011532754
4516,OK,64.600,0.44,15904.900035820901
4517,OK,88.000,0.44,15900.70000384003
4518,OK,64.000,0.44,15829.099982511252
4519,OK,89.900,0.44,15931.899950373918
4520,OK,66.100,0.44,15867.699985392392
4521,OK,62.200,0.44,15904.199972283095
4522,OK,87.900,0.44,15816.09999993816
4523,OK,83.700,0.44,15873.599972110242
4524,OK,66.600,0.44,15885.600005276501
4525,OK,86.200,0.44,15859.599981922656
4526,OK,76.500,0.44,15870.400005951524
4527,OK,80.900,0.44,15886.600012890995
4528,OK,71.800,0.44,15875.50004478544
4529,OK,98.600,0.44,15793.80000475794
4530,OK,98.200,0.44,15912.700037006289
4531,OK,83.000,0.44,15864.400018472224
4532,OK,83.900,0.44,15824.800007976592
4533,OK,78.700,0.44,16178.699966985732
4534,OK,110.200,0.44,15652.200032491237
4535,OK,337.700,0.44,15286.100038792938
4536,OK,92.700,0.44,16205.599997192621
4537,OK,91.900,0.44,15483.600029256195
4538,OK,88.600,0.44,15868.499991483986
4539,OK,83.400,0.44,15855.099947657436
4540,OK,91.100,0.44,15855.300007387996
4541,OK,76.600,0.44,15833.600016776472
4542,OK,70.900,0.44,15919.299970846623
4543,OK,48.400,0.44,15948.200016282499
4544,OK,97.800,0.44,15891.100047156215
4545,OK,69.800,0.44,15763.300005346537
4546,OK,91.500,0.44,15861.899999435991
4547,OK,93.400,0.44,15828.499977942556
4548,OK,76.800,0.44,15844.800043851137
4549,OK,81.500,0.44,15845.599991735071
4550,OK,83.800,0.44,15915.39999935776
4551,OK,84.100,0.44,15876.299992669374
4552,OK,67.000,0.44,15860.199986491352
4553,OK,56.100,0.44,15940.50001585856
4554,OK,62.500,0.44,15883.199987001717
4555,OK,89.800,0.44,15969.000000040978
4556,OK,106.500,0.44,15744.900039862841
4557,OK,104.100,0.44,15843.300032429397
4558,OK,87.600,0.44,15753.599989693612
4559,OK,86.000,0.44,15918.499964755028
4560,OK,103.500,0.44,15861.199994105846
4561,OK,98.200,0.44,15798.39998157695
4562,OK,79.100,0.44,15821.199980564415
4563,OK,96.100,0.44,29707.79995666817
4564,OK,93.200,0.44,56372.20002245158
4565,OK,198.600,0.44,9334.500005934387
4566,OK,61.800,0.44,29880.299989599735
4567,OK,122.800,0.44,1760.500017553568
4568,OK,82.800,0.44,15834.600024390966
4569,OK,91.500,0.44,15848.200011532754
4570,OK,77.500,0.44,15875.799988862127
4571,OK,78.600,0.44,15898.199984803796
4572,OK,70.200,0.44,15893.600007984787
4573,OK,48.000,0.44,15914.699994027615
4574,OK,54.000,0.44,15947.699954267591
4575,OK,66.100,0.44,15904.800035059452
4576,OK,52.000,0.44,15970.000007655472
4577,OK,94.700,0.44,15868.799993768334
4578,OK,76.600,0.44,15885.300002992153
4579,OK,76.100,0.44,15849.400020670146
4580,OK,89.600,0.44,15835.40003048256
4581,OK,83.500,0.44,15875.699988100678
4582,OK,84.600,0.44,15842.200024053454
4583,OK,74.500,0.44,15917.700016871095
4584,OK,206.800,0.44,15546.599985100329
4585,OK,79.300,0.44,15877.900004852563
4586,OK,59.000,0.44,15934.299968648702
4587,OK,67.400,0.44,15897.799981757998
4588,OK,70.100,0.44,16045.099997427315
4589,OK,96.700,0.44,15824.89995053038
4590,OK,58.900,0.44,16116.000013425946
4591,OK,65.100,0.44,15923.100057989359
4592,OK,73.900,0.44,15532.699995674193
4593,OK,84.000,0.44,15753.099985886365
4594,OK,113.700,0.44,15905.499982181937
4595,OK,100.200,0.44,15782.09997387603
4596,OK,78.400,0.44,15861.499996390194
4597,OK,104.600,0.44,15807.899995706975
4598,OK,87.300,0.44,15775.499981828034
4599,OK,55.000,0.44,16203.699982725084
4600,OK,52.700,0.44,15857.999969739467
4601,OK,60.600,0.44,15596.90001886338
4602,OK,52.300,0.44,15899.899997748435
4603,OK,43.600,0.44,15883.599990047514
4604,OK,43.300,0.44,15907.399996649474
4605,OK,60.100,0.44,15943.400037940592
4606,OK,62.400,0.44,16098.099993541837
4607,OK,189.000,0.44,15663.900005165488
4608,OK,137.900,0.44,15645.79998375848
4609,OK,83.500,0.44,15576.799982227385
4610,OK,62.100,0.44,15923.399943858385
4611,OK,88.900,0.44,15857.200021855533
4612,OK,78.800,0.44,15905.299980659038
4613,OK,77.800,0.44,15914.10004766658
4614,OK,86.700,0.44,15838.099992834032
4615,OK,52.200,0.44,15862.500004004687
4616,OK,62.400,0.44,15868.799993768334
4617,OK,54.800,0.44,15907.699998933822
4618,OK,80.500,0.44,15875.29998505488
4619,OK,72.700,0.44,15878.40000865981
4620,OK,51.300,0.44,15990.8999921754
4621,OK,92.000,0.44,15851.100033614784
4622,OK,74.200,0.44,15892.900002654642
4623,OK,60.800,0.44,15878.900012467057
4624,OK,56.900,0.44,15878.200007136911
4625,OK,60.200,0.44,16015.400004107505
4626,OK,65.800,0.44,15862.900007050484
4627,OK,67.700,0.44,15908.00000121817
4628,OK,54.200,0.44,15947.500010952353
4629,OK,62.700,0.44,15858.100028708577
4630,OK,63.000,0.44,15914.500050712377
4631,OK,60.600,0.44,15887.899964582175
4632,OK,59.300,0.44,15874.299977440387
4633,OK,76.400,0.44,15872.000018134713
4634,OK,68.000,0.44,16244.500002358109
4635,OK,179.500,0.44,15288.299997337162
4636,OK,87.800,0.44,15816.400002222508
4637,OK,59.700,0.44,15943.300037179142
4638,OK,61.800,0.44,15869.299997575581
4639,OK,75.100,0.44,15837.899991311133
4640,OK,70.100,0.44,15925.400017295033
4641,OK,73.900,0.44,15829.699987079948
4642,OK,51.200,0.44,15886.900015175343
4643,OK,70.600,0.44,15935.100032947958
4644,OK,54.600,0.44,15932.300011627376
4645,OK,77.700,0.44,15876.299992669374
4646,OK,76.100,0.44,15822.399989701807
4647,OK,67.700,0.44,15866.300032939762
4648,OK,50.700,0.44,15975.599992088974
4649,OK,66.900,0.44,15929.199988022447
4650,OK,58.300,0.44,15850.19996855408
4651,OK,54.000,0.44,15910.100017208606
4652,OK,70.600,0.44,15904.399973805994
4653,OK,52.700,0.44,15934.399969410151
4654,OK,57.700,0.44,15861.099993344396
4655,OK,56.100,0.44,15877.499943599105
4656,OK,65.800,0.44,15872.40002118051
4657,OK,47.000,0.44,15890.999988187104
4658,OK,87.300,0.44,15898.599987849593
4659,OK,53.700,0.44,15967.699990142137
4660,OK,61.400,0.44,15879.90002008155
4661,OK,74.900,0.44,15831.400000024587
4662,OK,76.100,0.44,15942.699974402785
4663,OK,104.200,0.44,15843.599976506084
4664,OK,84.600,0.44,16051.600046921521
4665,OK,92.900,0.44,15588.799957185984
4666,OK,64.200,0.44,15948.200016282499
4667,OK,58.500,0.44,15823.49999807775
4668,OK,52.600,0.44,15932.599955704063
4669,OK,71.400,0.44,15870.200004428625
4670,OK,69.200,0.44,15915.39999935776
4671,OK,57.900,0.44,15884.599997662008
4672,OK,50.400,0.44,15918.100019916892
4673,OK,47.200,0.44,15898.400044534355
4674,OK,94.500,0.44,15852.099983021617
4675,OK,49.700,0.44,15923.400002066046
4676,OK,52.700,0.44,15945.599996484816
4677,OK,68.100,0.44,15906.59999055788
4678,OK,58.900,0.44,15903.60002592206
4679,OK,60.700,0.44,15896.499971859157
4680,OK,86.200,0.44,15863.60001238063
4681,OK,75.300,0.44,15894.60001559928
4682,OK,72.100,0.44,15889.099973719567
4683,OK,60.500,0.44,15914.299990981817
4684,OK,62.600,0.44,15837.499988265336
4685,OK,74.300,0.44,15968.299994710833
4686,OK,69.300,0.44,15820.000029634684
4687,OK,56.700,0.44,15931.400004774332
4688,OK,69.700,0.44,15921.599988359958
4689,OK,68.800,0.44,15888.499969150871
4690,OK,100.700,0.44,15773.30002328381
4691,OK,131.900,0.44,15888.199966866523
4692,OK,58.900,0.44,15808.500000275671
4693,OK,48.000,0.44,15906.799992080778
4694,OK,65.700,0.44,15956.600022036582
4695,OK,55.200,0.44,15848.900016862899
4696,OK,91.900,0.44,15839.300001971424
4697,OK,68.100,0.44,15911.299968138337
4698,OK,64.300,0.44,15865.400026086718
4699,OK,52.400,0.44,15944.799990393221
4700,OK,56.100,0.44,15909.899957478046
4701,OK,77.100,0.44,15823.099995031953
4702,OK,116.700,0.44,15723.899996373802
4703,OK,51.600,0.44,15906.49998979643
4704,OK,52.300,0.44,15911.1000248231
4705,OK,74.800,0.44,15892.700001131743
4706,OK,55.000,0.44,15874.200034886599
4707,OK,52.100,0.44,15911.800030153245
4708,OK,49.400,0.44,15945.699997246265
4709,OK,75.900,0.44,15822.999994270504
4710,OK,69.000,0.44,15936.799987684935
4711,OK,64.800,0.44,15955.600014422089
4712,OK,54.900,0.44,15844.29998183623
4713,OK,68.700,0.44,15870.000002905726
4714,OK,57.200,0.44,15889.499976765364
4715,OK,83.600,0.44,15882.79998395592
4716,OK,77.600,0.44,15860.999992582947
4717,OK,55.300,0.44,15896.999975666404
4718,OK,53.500,0.44,15904.99997837469
4719,OK,66.000,0.44,15907.199995126575
4720,OK,80.500,0.44,15858.000027947128
4721,OK,77.600,0.44,15889.399976003915
4722,OK,55.200,0.44,15904.000028967857
4723,OK,51.300,0.44,15920.799982268363
4724,OK,71.800,0.44,15872.900024987757
4725,OK,50.900,0.44,15898.599987849593
4726,OK,46.000,0.44,15987.200022209436
4727,OK,136.100,0.44,15777.399996295571
4728,OK,54.500,0.44,15938.299999106675
4729,OK,68.300,0.44,15894.099953584373
4730,OK,73.200,0.44,15816.400002222508
4731,OK,98.700,0.44,15899.399993941188
4732,OK,73.400,0.44,15873.89997439459
4733,OK,72.100,0.44,15896.899974904954
4734,OK,73.500,0.44,15788.299962878227
4735,OK,69.300,0.44,15879.400016274303
4736,OK,51.700,0.44,15979.899966623634
4737,OK,49.800,0.44,15877.199999522418
4738,OK,58.300,0.44,15953.499998431653
4739,OK,90.200,0.44,15787.90001804009
4740,OK,83.200,0.44,15898.899990133941
4741,OK,111.700,0.44,15780.100016854703
4742,OK,47.400,0.44,15995.39996823296
4743,OK,52.800,0.44,15896.400029305369
4744,OK,77.800,0.44,15837.599989026785
4745,OK,57.600,0.44,15924.20000815764
4746,OK,65.500,0.44,15897.999983280897
4747,OK,68.800,0.44,15880.400023888797
4748,OK,61.700,0.44,15893.800009507686
4749,OK,62.600,0.44,15937.899996060878
4750,OK,56.400,0.44,15849.700022954494
4751,OK,49.900,0.44,15839.300001971424
4752,OK,72.000,0.44,15876.599994953722
4753,OK,73.700,0.44,15915.50000011921
4754,OK,54.000,0.44,15912.000031676143
4755,OK,51.000,0.44,15860.4999887757
4756,OK,43.600,0.44,15930.200053844601
4757,OK,46.500,0.44,15967.800049111247
4758,OK,59.200,0.44,15897.100034635514
4759,OK,83.700,0.44,15811.000019311905
4760,OK,74.500,0.44,15906.000044196844
4761,OK,52.200,0.44,15909.300011117011
4762,OK,56.800,0.44,15928.70004242286
4763,OK,62.200,0.44,15836.9000419043
4764,OK,55.900,0.44,15921.100042760372
4765,OK,84.200,0.44,15892.900002654642
4766,OK,129.500,0.44,15842.69996965304
4767,OK,120.200,0.44,15729.499980807304
4768,OK,46.900,0.44,15939.800010528415
4769,OK,76.300,0.44,15891.999995801598
4770,OK,55.600,0.44,15875.499986577779
4771,OK,47.500,0.44,15997.899987269193
4772,OK,147.500,0.44,15673.999965656549
4773,OK,110.300,0.44,15859.09997811541
4774,OK,77.900,0.44,15855.100005865097
4775,OK,55.600,0.44,15895.000018645078
4776,OK,50.200,0.44,15912.699978798628
4777,OK,90.500,0.44,15891.299990471452
4778,OK,77.100,0.44,15902.199957054108
4779,OK,65.800,0.44,15881.50003226474
4780,OK,79.300,0.44,15861.699997913092
4781,OK,74.200,0.44,15867.700043600053
4782,OK,73.300,0.44,15899.299993179739
4783,OK,120.900,0.44,15803.500020410866
4784,OK,83.800,0.44,16021.599993109703
4785,OK,123.700,0.44,15580.70001192391
4786,OK,74.400,0.44,15878.000005614012
4787,OK,108.900,0.44,15917.799959424883
4788,OK,65.400,0.44,15817.699953913689
4789,OK,60.500,0.44,15911.600028630346
4790,OK,56.700,0.44,15879.400016274303
4791,OK,64.300,0.44,15863.100008573383
4792,OK,85.900,0.44,15888.799971435219
4793,OK,103.600,0.44,15804.700029548258
4794,OK,71.300,0.44,121153.10004446656
4795,OK,95.700,0.44,7072.400010656565
4796,OK,93.200,0.44,15349.49999768287
4797,OK,90.500,0.44,32638.39997816831
4798,OK,105.300,0.44,15098.800009582192
4799,OK,94.500,0.44,15863.200009334832
4800,OK,85.700,0.44,15802.200010512024
4801,OK,111.100,0.44,15791.799989528954
4802,OK,118.700,0.44,16993.700002785772
4803,OK,278.100,0.44,14224.599988665432
4804,OK,90.100,0.44,15856.699959840626
4805,OK,106.000,0.44,15815.399994608015
4806,OK,64.300,0.44,15909.40001187846
4807,OK,132.500,0.44,15787.79995907098
4808,OK,94.500,0.44,15845.499990973622
4809,OK,82.000,0.44,15877.400001045316
4810,OK,115.400,0.44,16098.799998871982
4811,OK,150.900,0.44,15499.10003086552
4812,OK,81.600,0.44,15864.499961026013
4813,OK,64.700,0.44,15885.300002992153
4814,OK,66.600,0.44,15911.200025584549
4815,OK,64.900,0.44,15883.399988524616
4816,OK,79.800,0.44,15870.100003667176
4817,OK,83.700,0.44,15863.000007811934
4818,OK,82.100,0.44,15867.299982346594
4819,OK,88.700,0.44,15933.30001924187
4820,OK,90.300,0.44,15831.299999263138
4821,OK,93.400,0.44,15761.499991640449
4822,OK,96.600,0.44,15858.699975069612
4823,OK,86.900,0.44,15855.200006626546
4824,OK,70.500,0.44,15928.79998497665
4825,OK,86.000,0.44,15914.899995550513
4826,OK,86.200,0.44,15830.79999545589
4827,OK,67.700,0.44,15892.99994520843
4828,OK,68.400,0.44,15885.500004515052
4829,OK,66.200,0.44,15808.900003321469
4830,OK,73.000,0.44,15863.60001238063
4831,OK,54.000,0.44,15947.100007906556
4832,OK,60.500,0.44,15914.599993266165
4833,OK,97.400,0.44,15820.900036487728
4834,OK,53.500,0.44,15971.300017554313
4835,OK,116.400,0.44,15751.10002886504
4836,OK,84.500,0.44,15904.700034298003
4837,OK,78.700,0.44,15832.40000763908
4838,OK,64.500,0.44,15922.099992167205
4839,OK,65.500,0.44,15867.399983108044
4840,OK,52.900,0.44,15927.699976600707
4841,OK,51.800,0.44,15884.39999613911
4842,OK,63.800,0.44,15895.599965006113
4843,OK,124.500,0.44,15859.09997811541
4844,OK,58.600,0.44,15864.500019233674
4845,OK,70.300,0.44,15844.499983359128
4846,OK,72.900,0.44,15862.400003243238
4847,OK,63.100,0.44,15946.900006383657
4848,OK,66.000,0.44,15889.300033450127
4849,OK,77.200,0.44,15831.299999263138
4850,OK,71.800,0.44,15881.899977102876
4851,OK,60.500,0.44,15972.600027453154
4852,OK,65.400,0.44,15904.299973044544
4853,OK,68.600,0.44,15902.599960099906
4854,OK,82.000,0.44,15804.800030309707
4855,OK,67.000,0.44,15916.80001001805
4856,OK,80.100,0.44,15911.899972707033
4857,OK,80.200,0.44,15833.000012207776
4858,OK,74.500,0.44,15847.800008486956
4859,OK,74.700,0.44,15910.599962808192
4860,OK,58.900,0.44,15958.900039549917
4861,OK,155.300,0.44,15783.400041982532
4862,OK,91.100,0.44,15786.100004334003
4863,OK,71.100,0.44,15865.399967879057
4864,OK,70.800,0.44,15846.700000111014
4865,OK,68.700,0.44,15913.200040813535
4866,OK,65.600,0.44,15852.700045797974
4867,OK,60.900,0.44,15972.599969245493
4868,OK,69.800,0.44,15856.400015763938
4869,OK,66.600,0.44,16006.399993784726
4870,OK,92.700,0.44,15933.900023810565
4871,OK,64.300,0.44,15837.499988265336
4872,OK,58.900,0.44,15979.900024831295
4873,OK,56.800,0.44,15638.499986380339
4874,OK,77.300,0.44,16045.399999711663
4875,OK,67.100,0.44,16174.399992451072
4876,OK,77.100,0.44,15814.299986232072
4877,OK,78.000,0.44,15586.299996357411
4878,OK,90.600,0.44,15866.599977016449
4879,OK,120.300,0.44,15807.09998961538
4880,OK,62.900,0.44,15852.000040467829
4881,OK,68.300,0.44,15906.699991319329
4882,OK,75.600,0.44,15953.199996147305
4883,OK,172.900,0.44,15595.600008964539
4884,OK,94.000,0.44,15885.600005276501
4885,OK,122.300,0.44,15864.79996331036
4886,OK,110.600,0.44,15995.39996823296
4887,OK,162.000,0.44,15561.29998061806
4888,OK,124.500,0.44,15506.900032050908
4889,OK,50.000,0.44,15885.500004515052
4890,OK,46.200,0.44,16121.599997859448
4891,OK,44.500,0.44,15994.799963664263
4892,OK,49.200,0.44,15860.099985729903
4893,OK,62.200,0.44,16006.699996069074
4894,OK,77.200,0.44,15916.700009256601
4895,OK,74.100,0.44,15863.699954934418
4896,OK,178.200,0.44,16039.600013755262
4897,OK,104.600,0.44,15627.499960828573
4898,OK,109.200,0.44,15714.899986051023
4899,OK,197.600,0.44,15458.100009709597
4900,OK,168.600,0.44,15695.000009145588
4901,OK,133.100,0.44,15678.900002967566
4902,OK,119.200,0.44,15707.89999095723
4903,OK,136.500,0.44,15840.100008063018
4904,OK,201.500,0.44,15437.899972312152
4905,OK,74.500,0.44,15901.299950201064
4906,OK,60.000,0.44,15924.500010441989
4907,OK,55.600,0.44,50501.299963798374
4908,OK,93.300,0.44,61198.399984277785
4909,OK,115.900,0.44,15854.099998250604
4910,OK,135.800,0.44,15660.59998003766
4911,OK,83.700,0.44,16202.700033318251
4912,OK,124.900,0.44,15470.700047444552
4913,OK,87.500,0.44,15823.49999807775
4914,OK,58.500,0.44,15928.400040138513
4915,OK,59.300,0.44,15890.999988187104
4916,OK,53.900,0.44,15976.30005562678
4917,OK,66.800,0.44,15944.600047077984
4918,OK,68.800,0.44,15853.999997489154
4919,OK,82.000,0.44,15839.500003494322
4920,OK,70.600,0.44,15851.899981498718
4921,OK,59.100,0.44,15917.100012302399
4922,OK,49.700,0.44,15913.300041574985
4923,OK,47.200,0.44,15912.49997727573
4924,OK,71.800,0.44,15868.599992245436
4925,OK,53.900,0.44,15926.899970509112
4926,OK,43.700,0.44,15944.499988108873
4927,OK,68.200,0.44,15836.89998369664
4928,OK,52.100,0.44,16000.600007828325
4929,OK,58.600,0.44,15922.200051136315
4930,OK,89.200,0.44,15864.199958741665
4931,OK,69.200,0.44,15874.099975917488
4932,OK,100.900,0.44,15826.000017113984
4933,OK,212.200,0.44,15737.299981992692
4934,OK,335.100,0.44,15596.79995989427
4935,OK,70.100,0.44,15877.899946644902
4936,OK,49.100,0.44,15876.79999647662
4937,OK,68.000,0.44,15929.099987260997
4938,OK,76.400,0.44,15840.000007301569
4939,OK,89.500,0.44,15904.699976090342
4940,OK,62.500,0.44,15944.799990393221
4941,OK,62.300,0.44,15809.700009413064
4942,OK,52.000,0.44,15918.699966277927
4943,OK,55.200,0.44,15953.90000147745
4944,OK,53.300,0.44,15876.79999647662
4945,OK,57.200,0.44,15897.70003920421
4946,OK,69.000,0.44,15870.90000975877
4947,OK,51.000,0.44,15935.399977024645
4948,OK,61.500,0.44,15885.099943261594
4949,OK,57.100,0.44,103030.90000525117
4950,OK,96.700,0.44,9727.100026793778
4951,OK,64.000,0.44,31652.7999821119
4952,OK,107.100,0.44,15992.50000435859
4953,OK,92.400,0.44,15861.899999435991
4954,OK,102.500,0.44,15813.100035302341
4955,OK,343.700,0.44,15586.099994834512
4956,OK,67.400,0.44,15668.300038669258
4957,OK,67.300,0.44,15893.10000417754
4958,OK,67.900,0.44,15901.300008408725
4959,OK,63.600,0.44,16008.000005967915
4960,OK,64.600,0.44,15829.599986318499
4961,OK,64.700,0.44,15852.399985305965
4962,OK,47.300,0.44,15947.000007145107
4963,OK,44.700,0.44,15915.199997834861
4964,OK,49.000,0.44,15964.800026267767
4965,OK,54.600,0.44,15904.499974567443
4966,OK,86.400,0.44,15823.5999988392
4967,OK,73.500,0.44,15925.000014249235
4968,OK,59.700,0.44,15915.800002403557
4969,OK,61.100,0.44,15833.300014492124
4970,OK,71.300,0.44,15910.599962808192
4971,OK,73.400,0.44,15847.30000467971
4972,OK,53.200,0.44,15932.500013150275
4973,OK,52.200,0.44,16036.199987865984
4974,OK,222.400,0.44,15513.500024098903
4975,OK,104.700,0.44,15828.699979465455
4976,OK,57.400,0.44,15955.099952407181
4977,OK,58.600,0.44,15938.700002152473
4978,OK,60.100,0.44,15904.99997837469
4979,OK,92.000,0.44,15808.80000256002
4980,OK,65.300,0.44,15898.500045295805
4981,OK,73.100,0.44,15854.7000028193
4982,OK,69.600,0.44,15935.399977024645
4983,OK,70.800,0.44,15892.299998085946
4984,OK,58.900,0.44,15869.599999859929
4985,OK,62.500,0.44,15884.19999461621
4986,OK,61.400,0.44,15918.000019155443
4987,OK,103.900,0.44,15825.099952053279
4988,OK,61.800,0.44,15948.600019328296
4989,OK,64.300,0.44,15872.000018134713
4990,OK,84.900,0.44,15818.799962289631
4991,OK,61.600,0.44,15791.299985721707
4992,OK,74.400,0.44,67681.19998741895
4993,OK,123.100,0.44,36566.29996839911
4994,OK,83.500,0.44,7299.500051885843
4995,OK,86.200,0.44,16358.900000341237
4996,OK,124.700,0.44,15294.80004683137
4997,OK,59.300,0.44,19668.699998874217
4998,OK,95.500,0.44,12071.600009221584
4999,OK,74.400,0.44,16019.399976357818
5000,OK,184.400,0.44,15766.200027428567
5001,OK,155.300,0.44,15236.399951390922
5002,OK,93.500,0.44,15853.500051889569
5003,OK,104.800,0.44,15871.200012043118
5004,OK,56.700,0.44,15933.799964841455
5005,OK,64.000,0.44,15873.999975156039
5006,OK,75.200,0.44,15811.200020834804
5007,OK,71.500,0.44,15902.10001450032
5008,OK,75.500,0.44,15884.899999946356
5009,OK,80.100,0.44,15927.19997279346
5010,OK,59.500,0.44,15857.900027185678
5011,OK,55.400,0.44,15895.100019406527
5012,OK,88.500,0.44,15919.399971608073
5013,OK,96.700,0.44,15770.400001201779
5014,OK,124.100,0.44,15807.100047823042
5015,OK,71.200,0.44,15906.000044196844
5016,OK,65.000,0.44,15951.399982441217
5017,OK,83.400,0.44,15830.89999621734
5018,OK,109.700,0.44,15780.7000214234
5019,OK,57.800,0.44,15913.300041574985
5020,OK,72.000,0.44,15844.600042328238
5021,OK,56.000,0.44,15916.700009256601
5022,OK,70.300,0.44,15888.300025835633
5023,OK,62.100,0.44,15924.899955280125
5024,OK,63.100,0.44,15886.300010606647
5025,OK,92.700,0.44,15833.400015253574
5026,OK,100.700,0.44,15837.099985219538
5027,OK,81.800,0.44,47062.69997404888
5028,OK,88.800,0.44,84129.69997152686
5029,OK,89.000,0.44,13443.100033327937
5030,OK,97.400,0.44,15762.000053655356
5031,OK,64.700,0.44,21209.50003154576
5032,OK,135.700,0.44,10483.700025361031
5033,OK,80.200,0.44,15847.400005441159
5034,OK,62.500,0.44,15883.999993093312
5035,OK,60.800,0.44,15892.700001131743
5036,OK,50.100,0.44,15908.600005786866
5037,OK,61.200,0.44,15907.499997410923
5038,OK,60.500,0.44,15933.699964080006
5039,OK,73.700,0.44,15901.099948678166
5040,OK,61.100,0.44,15885.300002992153
5041,OK,54.200,0.44,15916.9000107795
5042,OK,59.000,0.44,15923.500002827495
5043,OK,78.900,0.44,15864.399960264564
5044,OK,134.300,0.44,15808.199997991323
5045,OK,140.700,0.44,15816.09999993816
5046,OK,124.400,0.44,15767.09997607395
5047,OK,119.400,0.44,15886.399953160435
5048,OK,93.900,0.44,15671.700006350875
5049,OK,75.400,0.44,15909.200010355562
5050,OK,77.500,0.44,15846.399997826666
5051,OK,59.100,0.44,15938.199998345226
5052,OK,70.800,0.44,15948.499960359186
5053,OK,60.400,0.44,15934.299968648702
5054,OK,75.600,0.44,15851.099975407124
5055,OK,60.800,0.44,15884.799999184906
5056,OK,73.800,0.44,15838.499995879829
5057,OK,52.500,0.44,15902.400016784668
5058,OK,51.700,0.44,15908.200002741069
5059,OK,47.900,0.44,15987.89996933192
5060,OK,59.800,0.44,15806.599985808134
5061,OK,67.900,0.44,15990.599989891052
5062,OK,88.400,0.44,15825.10001026094
5063,OK,78.000,0.44,15814.799990039319
5064,OK,76.100,0.44,15885.600005276501
5065,OK,99.500,0.44,15855.000005103648
5066,OK,59.000,0.44,15955.800015944988
5067,OK,101.800,0.44,15875.199984293431
5068,OK,83.400,0.44,15808.80000256002
5069,OK,100.300,0.44,15887.700021266937
5070,OK,129.600,0.44,15688.100014813244
5071,OK,97.000,0.44,15823.49999807775
5072,OK,124.800,0.44,15846.900001633912
5073,OK,378.300,0.44,15518.000000156462
5074,OK,98.500,0.44,15757.700020913035
5075,OK,85.400,0.44,15878.799953497946
5076,OK,54.400,0.44,15890.399983618408
5077,OK,66.800,0.44,15906.299988273531
5078,OK,63.700,0.44,15921.899990644306
5079,OK,58.800,0.44,15866.299974732101
5080,OK,74.700,0.44,15996.299975086004
5081,OK,65.600,0.44,15889.899979811162
5082,OK,74.400,0.44,15847.400005441159
5083,OK,96.900,0.44,15817.000006791204
5084,OK,62.200,0.44,15893.000003416091
5085,OK,51.300,0.44,15898.299985565245
5086,OK,61.100,0.44,15947.100007906556
5087,OK,62.000,0.44,15856.899961363524
5088,OK,85.300,0.44,15822.299988940358
5089,OK,87.400,0.44,15821.99998665601
5090,OK,68.200,0.44,15958.599979057908
5091,OK,73.100,0.44,15894.899959675968
5092,OK,87.500,0.44,15819.700027350336
5093,OK,65.900,0.44,15906.299988273531
5094,OK,61.200,0.44,15892.199997324497
5095,OK,144.900,0.44,15770.09999891743
5096,OK,98.200,0.44,16048.199962824583
5097,OK,143.700,0.44,15859.199978876859
5098,OK,374.100,0.44,15193.499973975122
5099,OK,94.000,0.44,15917.299955617636
5100,OK,68.200,0.44,15819.600026588887
5101,OK,93.500,0.44,15719.299961347133
5102,OK,135.700,0.44,15820.299973711371
5103,OK,101.900,0.44,15839.600004255772
5104,OK,105.700,0.44,15787.90001804009
5105,OK,103.500,0.44,15834.100020583719
5106,OK,94.300,0.44,15860.4999887757
5107,OK,84.200,0.44,15795.200015418231
5108,OK,84.400,0.44,16005.199984647334
5109,OK,192.100,0.44,15604.40001776442
5110,OK,66.600,0.44,15900.099999271333
5111,OK,57.500,0.44,16003.499971702695
5112,OK,170.400,0.44,15646.600048057735
5113,OK,116.900,0.44,15747.500001452863
5114,OK,62.400,0.44,15919.90003362298
5115,OK,73.100,0.44,15872.199961449951
5116,OK,66.700,0.44,15945.399994961917
5117,OK,103.200,0.44,15836.999984458089
5118,OK,102.400,0.44,15823.3999973163
5119,OK,101.800,0.44,15832.000004593283
5120,OK,77.700,0.44,15842.199965845793
5121,OK,70.000,0.44,15766.000025905669
5122,OK,81.800,0.44,15845.599991735071
5123,OK,76.900,0.44,15953.90000147745
5124,OK,374.400,0.44,15546.699985861778
5125,OK,141.500,0.44,15696.900023613125
5126,OK,70.000,0.44,15937.199990730733
5127,OK,109.500,0.44,15836.199978366494
5128,OK,75.500,0.44,15840.699954424053
5129,OK,52.100,0.44,15947.90001399815
5130,OK,56.900,0.44,15936.399984639138
5131,OK,80.900,0.44,15834.00001982227
5132,OK,51.600,0.44,15900.099999271333
5133,OK,68.400,0.44,15919.399971608073
5134,OK,83.200,0.44,15873.400028795004
5135,OK,97.400,0.44,15845.599991735071
5136,OK,103.100,0.44,15778.500004671514
5137,OK,102.700,0.44,15868.999995291233
5138,OK,94.200,0.44,15894.300013314933
5139,OK,77.300,0.44,15752.899984363467
5140,OK,87.100,0.44,15854.60000205785
5141,OK,64.800,0.44,15913.90004614368
5142,OK,85.000,0.44,15840.300009585917
5143,OK,78.800,0.44,15907.399996649474
5144,OK,94.600,0.44,15832.799952477217
5145,OK,99.700,0.44,15870.800008997321
5146,OK,102.000,0.44,15818.800020497292
5147,OK,119.300,0.44,15840.900014154613
5148,OK,122.200,0.44,15830.099990125746
5149,OK,105.600,0.44,15854.7000028193
5150,OK,103.700,0.44,15737.799985799938
5151,OK,69.700,0.44,15919.000026769936
5152,OK,91.200,0.44,15830.199990887195
5153,OK,80.100,0.44,15877.700003329664
5154,OK,79.200,0.44,15830.299991648644
5155,OK,86.900,0.44,15923.099999781698
5156,OK,98.600,0.44,15761.899994686246
5157,OK,67.600,0.44,15894.399955868721
5158,OK,69.400,0.44,15868.799993768334
5159,OK,63.000,0.44,15939.499950036407
5160,OK,105.700,0.44,15821.800043340772
5161,OK,67.200,0.44,15699.699986726046
5162,OK,84.000,0.44,15889.399976003915
5163,OK,80.900,0.44,15896.900033112615
5164,OK,110.600,0.44,15815.699996892363
5165,OK,103.300,0.44,15825.10001026094
5166,OK,92.300,0.44,15856.000012718141
5167,OK,104.600,0.44,15924.999956041574
5168,OK,172.500,0.44,15559.200022835284
5169,OK,100.600,0.44,15833.200013730675
5170,OK,80.500,0.44,15853.799995966256
5171,OK,78.000,0.44,15889.500034973025
5172,OK,88.800,0.44,15847.000002395362
5173,OK,79.700,0.44,15881.700033787638
5174,OK,124.100,0.44,15889.699978288263
5175,OK,91.900,0.44,15893.20000493899
5176,OK,146.100,0.44,15701.199998147786
5177,OK,101.800,0.44,15917.700016871095
5178,OK,173.500,0.44,15640.700003132224
5179,OK,125.700,0.44,15797.199972439557
5180,OK,131.700,0.44,15793.200000189245
5181,OK,96.300,0.44,15826.800023205578
5182,OK,90.800,0.44,15803.899965249002
5183,OK,97.200,0.44,15865.799970924854
5184,OK,55.800,0.44,15950.79997787252
5185,OK,104.600,0.44,15670.399996452034
5186,OK,78.400,0.44,15917.900018393993
5187,OK,73.500,0.44,15891.500050202012
5188,OK,76.700,0.44,15863.60001238063
5189,OK,72.400,0.44,15871.199953835458
5190,OK,62.100,0.44,15831.900003831834
5191,OK,70.300,0.44,15943.800040986389
5192,OK,110.900,0.44,15892.099996563047
5193,OK,166.700,0.44,15709.50000314042
5194,OK,88.100,0.44,15801.499946974218
5195,OK,67.900,0.44,15926.400024909526
5196,OK,68.000,0.44,15876.99999799952
5197,OK,73.600,0.44,15857.099962886423
5198,OK,94.900,0.44,15883.099986240268
5199,OK,73.400,0.44,15831.799944862723
5200,OK,62.000,0.44,15945.899998769164
5201,OK,92.200,0.44,15951.299981679767
5202,OK,291.000,0.44,15329.500020015985
5203,OK,65.100,0.44,15914.699994027615
5204,OK,64.100,0.44,15828.499977942556
5205,OK,57.300,0.44,15927.40003252402
5206,OK,59.500,0.44,15861.500054597855
5207,OK,56.500,0.44,15899.299993179739
5208,OK,67.600,0.44,15946.700004860759
5209,OK,135.300,0.44,15740.900009404868
5210,OK,50.500,0.44,16317.099973093718
5211,OK,52.300,0.44,15808.299998752773
5212,OK,59.200,0.44,15895.000018645078
5213,OK,63.100,0.44,15908.200002741069
5214,OK,73.100,0.44,15570.100047625601
5215,OK,99.700,0.44,15967.29998709634
5216,OK,71.700,0.44,15811.59996567294
5217,OK,138.700,0.44,15743.899974040687
5218,OK,91.900,0.44,15786.000003572553
5219,OK,61.700,0.44,15993.000008165836
5220,OK,53.900,0.44,15955.100010614842
5221,OK,52.700,0.44,15806.499985046685
5222,OK,54.700,0.44,15972.300025168806
5223,OK,61.400,0.44,15891.399991232902
5224,OK,64.300,0.44,15874.499978963286
5225,OK,84.800,0.44,15966.899984050542
5226,OK,188.000,0.44,16035.499982535839
5227,OK,110.000,0.44,15492.799982894212
5228,OK,91.100,0.44,15896.500030066818
5229,OK,130.200,0.44,15805.999981239438
5230,OK,130.100,0.44,15638.500044588
5231,OK,56.200,0.44,15872.999967541546
5232,OK,56.200,0.44,15922.499995213002
5233,OK,53.900,0.44,15923.800005111843
5234,OK,40.500,0.44,15873.999975156039
5235,OK,44.600,0.44,15993.999957572669
5236,OK,49.100,0.44,15934.900031425059
5237,OK,58.500,0.44,15899.1000498645
5238,OK,74.500,0.44,15802.399953827262
5239,OK,79.500,0.44,15956.599963828921
5240,OK,73.700,0.44,15837.899991311133
5241,OK,50.100,0.44,15895.99996805191
5242,OK,43.900,0.44,15899.299993179739
5243,OK,47.500,0.44,16004.700039047748
5244,OK,46.600,0.44,15897.799981757998
5245,OK,55.700,0.44,15872.100018896163
5246,OK,60.200,0.44,15969.900006894022
5247,OK,101.400,0.44,15812.200028449297
5248,OK,63.300,0.44,15915.50000011921
5249,OK,70.900,0.44,15850.599971599877
5250,OK,120.500,0.44,15813.30003682524
5251,OK,124.200,0.44,15749.300015158951
5252,OK,92.600,0.44,15887.40001898259
5253,OK,63.800,0.44,15852.899989113212
5254,OK,77.700,0.44,15875.699988100678
5255,OK,49.100,0.44,15872.899966780096
5256,OK,66.600,0.44,15967.100043781102
5257,OK,71.100,0.44,15850.000025238842
5258,OK,62.300,0.44,15872.800024226308
5259,OK,79.800,0.44,15883.600048255175
5260,OK,72.600,0.44,15852.599986828864
5261,OK,73.900,0.44,15921.499987598509
5262,OK,81.000,0.44,15838.999999687076
5263,OK,61.600,0.44,15828.500036150217
5264,OK,64.600,0.44,15941.600024234504
5265,OK,82.500,0.44,15865.499968640506
5266,OK,56.100,0.44,15901.100006885827
5267,OK,76.000,0.44,15853.899996727705
5268,OK,55.300,0.44,15875.800047069788
5269,OK,48.800,0.44,15937.199990730733
5270,OK,48.000,0.44,15939.900011289865
5271,OK,82.700,0.44,15900.200000032783
5272,OK,61.700,0.44,15852.499986067414
5273,OK,72.500,0.44,15938.800002913922
5274,OK,85.100,0.44,15784.299990627915
5275,OK,99.700,0.44,15860.299987252802
5276,OK,106.600,0.44,15786.199946887791
5277,OK,175.800,0.44,15776.599990203977
5278,OK,312.800,0.44,15605.100023094565
5279,OK,67.800,0.44,15915.099997073412
5280,OK,91.100,0.44,15839.300001971424
5281,OK,70.900,0.44,15909.40001187846
5282,OK,81.000,0.44,15820.899978280067
5283,OK,63.900,0.44,16109.300020616502
5284,OK,183.800,0.44,15584.599983412772
5285,OK,85.200,0.44,16164.29997375235
5286,OK,98.800,0.44,15599.499980453402
5287,OK,119.300,0.44,15796.600026078522
5288,OK,141.100,0.44,15727.599966339767
5289,OK,72.000,0.44,15826.200018636882
5290,OK,84.900,0.44,15815.99999917671
5291,OK,60.000,0.44,15888.90003040433
5292,OK,72.400,0.44,15970.599954016507
5293,OK,90.300,0.44,15781.500027514994
5294,OK,69.700,0.44,15833.500016015023
5295,OK,73.300,0.44,15900.300000794232
5296,OK,88.400,0.44,15845.899994019419
5297,OK,72.600,0.44,15877.400001045316
5298,OK,88.400,0.44,15885.999950114638
5299,OK,101.900,0.44,15832.50000840053
5300,OK,77.500,0.44,15910.79996433109
5301,OK,91.400,0.44,15723.799995612353
5302,OK,127.500,0.44,15757.600020151585
5303,OK,106.500,0.44,15827.600029297173
5304,OK,68.000,0.44,15902.299957815558
5305,OK,61.400,0.44,15848.400013055652
5306,OK,62.200,0.44,15906.099986750633
5307,OK,54.400,0.44,15918.19996247068
5308,OK,63.700,0.44,15917.299955617636
5309,OK,58.400,0.44,15888.69997067377
5310,OK,87.800,0.44,15848.70001534
5311,OK,119.300,0.44,15851.799980737269
5312,OK,77.300,0.44,16336.500004399568
5313,OK,119.200,0.44,15375.699964351952
5314,OK,105.500,0.44,15789.899975061417
5315,OK,139.400,0.44,15771.200007293373
5316,OK,89.300,0.44,15843.300032429397
5317,OK,75.000,0.44,15911.099966615438
5318,OK,109.800,0.44,15831.299999263138
5319,OK,86.600,0.44,15860.399988014251
5320,OK,86.300,0.44,15829.3999847956
5321,OK,64.100,0.44,15908.700006548315
5322,OK,67.800,0.44,15824.100002646446
5323,OK,86.700,0.44,15846.900001633912
5324,OK,63.500,0.44,15967.799990903586
5325,OK,97.300,0.44,15872.100018896163
5326,OK,66.100,0.44,15861.699997913092
5327,OK,59.200,0.44,15893.20000493899
5328,OK,82.000,0.44,15884.100052062422
5329,OK,100.700,0.44,15779.900015331805
5330,OK,60.100,0.44,15870.700008235872
5331,OK,85.000,0.44,15869.599999859929
5332,OK,79.100,0.44,15893.599949777126
5333,OK,89.200,0.44,15910.700021777302
5334,OK,90.100,0.44,16035.999986343086
5335,OK,304.700,0.44,15376.10002560541
5336,OK,81.400,0.44,15832.50000840053
5337,OK,105.000,0.44,15828.10003310442
5338,OK,90.400,0.44,15885.70000603795
5339,OK,98.500,0.44,15760.300040710717
5340,OK,89.200,0.44,15889.700036495924
5341,OK,90.000,0.44,15804.899972863495
5342,OK,93.200,0.44,15836.69998217374
5343,OK,58.800,0.44,15935.900039039552
5344,OK,57.100,0.44,15882.400039117783
5345,OK,77.800,0.44,15906.39998903498
5346,OK,66.500,0.44,15899.699996225536
5347,OK,93.000,0.44,15814.299986232072
5348,OK,90.400,0.44,15835.29997151345
5349,OK,84.400,0.44,15920.900041237473
5350,OK,73.000,0.44,15861.699997913092
5351,OK,71.600,0.44,15891.399991232902
5352,OK,107.000,0.44,15835.000027436763
5353,OK,83.800,0.44,15819.799969904125
5354,OK,86.200,0.44,15781.699970830232
5355,OK,80.300,0.44,15957.200026605278
5356,OK,62.100,0.44,15835.699974559247
5357,OK,61.600,0.44,16007.600002922118
5358,OK,65.600,0.44,15912.799979560077
5359,OK,68.300,0.44,15890.40004182607
5360,OK,68.000,0.44,15883.399988524616
5361,OK,72.500,0.44,15888.099966105074
5362,OK,79.400,0.44,15815.699996892363
5363,OK,63.900,0.44,15989.300038199872
5364,OK,59.500,0.44,15767.1999768354
5365,OK,103.600,0.44,15834.399964660406
5366,OK,84.300,0.44,15802.69995611161
5367,OK,98.300,0.44,15848.80001610145
5368,OK,84.900,0.44,15883.899992331862
5369,OK,78.800,0.44,15812.299971003085
5370,OK,58.000,0.44,15909.000008832663
5371,OK,66.900,0.44,15891.499991994351
5372,OK,54.100,0.44,15906.799992080778
5373,OK,47.000,0.44,15893.000003416091
5374,OK,59.000,0.44,15929.599991068244
5375,OK,46.300,0.44,15915.199997834861
5376,OK,84.300,0.44,15864.100016187876
5377,OK,113.100,0.44,15837.799990549684
5378,OK,97.700,0.44,15844.800043851137
5379,OK,99.700,0.44,16055.500018410385
5380,OK,101.700,0.44,15614.80003874749
5381,OK,73.200,0.44,15957.700030412525
5382,OK,65.800,0.44,15838.999999687076
5383,OK,72.000,0.44,15872.900024987757
5384,OK,63.500,0.44,15922.199992928654
5385,OK,63.100,0.44,15915.099997073412
5386,OK,86.400,0.44,15863.50001161918
5387,OK,92.000,0.44,15988.800034392625
5388,OK,158.700,0.44,15550.500014796853
5389,OK,72.900,0.44,15843.500033952296
5390,OK,56.000,0.44,15949.300024658442
5391,OK,55.500,0.44,15920.499979984015
5392,OK,59.200,0.44,15903.70002668351
5393,OK,67.300,0.44,15878.30000789836
5394,OK,74.000,0.44,15887.800022028387
5395,OK,77.800,0.44,15941.200021188706
5396,OK,66.200,0.44,15895.300020929426
5397,OK,61.700,0.44,15853.899996727705
5398,OK,59.300,0.44,15928.199980407953
5399,OK,82.600,0.44,15941.400022711605
5400,OK,71.900,0.44,15818.499960005283
5401,OK,85.200,0.44,15659.299970138818
5402,OK,80.700,0.44,15927.000029478222
5403,OK,63.600,0.44,15856.20001424104
5404,OK,53.800,0.44,15911.1000248231
5405,OK,66.000,0.44,15920.299978461117
5406,OK,67.900,0.44,15837.300044950098
5407,OK,79.800,0.44,15897.399978712201
5408,OK,87.100,0.44,15872.699965257198
5409,OK,53.600,0.44,15884.099993854761
5410,OK,47.100,0.44,15907.499997410923
5411,OK,47.600,0.44,15973.399975337088
5412,OK,147.000,0.44,15723.099990282208
5413,OK,57.400,0.44,15923.400002066046
5414,OK,59.500,0.44,15974.69998523593
5415,OK,67.800,0.44,15848.100010771304
5416,OK,72.900,0.44,15889.999980572611
5417,OK,66.700,0.44,15902.799961622804
5418,OK,70.400,0.44,15871.399955358356
5419,OK,87.800,0.44,15892.899944446981
5420,OK,77.800,0.44,15851.999982260168
5421,OK,76.900,0.44,15937.899996060878
5422,OK,59.300,0.44,15909.300011117011
5423,OK,110.100,0.44,15756.80001405999
5424,OK,52.400,0.44,15925.199957564473
5425,OK,64.000,0.44,15858.600032515824
5426,OK,59.300,0.44,15877.699945122004
5427,OK,61.200,0.44,15901.200007647276
5428,OK,90.400,0.44,15897.69998099655
5429,OK,76.800,0.44,15800.699999090284
5430,OK,73.800,0.44,16021.399991586804
5431,OK,142.000,0.44,15651.300025638193
5432,OK,117.500,0.44,15862.700005527586
5433,OK,63.500,0.44,16118.900035507977
5434,OK,242.200,0.44,15388.100000564009
5435,OK,76.700,0.44,15874.299977440387
5436,OK,62.300,0.44,15904.300031252205
5437,OK,81.200,0.44,15799.199987668544
5438,OK,69.300,0.44,15889.599977526814
5439,OK,68.800,0.44,15892.399998847395
5440,OK,65.500,0.44,15836.700040381402
5441,OK,63.600,0.44,15924.500010441989
5442,OK,78.200,0.44,15914.299990981817
5443,OK,60.900,0.44,15875.199984293431
5444,OK,86.500,0.44,15817.999956198037
5445,OK,89.500,0.44,15893.700008746237
5446,OK,87.600,0.44,15857.70002566278
5447,OK,104.300,0.44,15837.1000434272
5448,OK,98.700,0.44,15826.100017875433
5449,OK,86.200,0.44,15847.800008486956
5450,OK,88.300,0.44,15871.200012043118
5451,OK,97.400,0.44,15811.8000254035
5452,OK,147.400,0.44,15757.899964228272
5453,OK,73.300,0.44,15808.299998752773
5454,OK,97.500,0.44,15906.899992842227
5455,OK,97.700,0.44,15818.100015167147
5456,OK,108.000,0.44,15681.600023526698
5457,OK,65.100,0.44,15953.199996147305
5458,OK,63.600,0.44,15913.599985651672
5459,OK,100.000,0.44,15797.799977008253
5460,OK,72.500,0.44,15891.999995801598
5461,OK,97.900,0.44,15821.299981325865
5462,OK,103.600,0.44,15860.899991821498
5463,OK,80.800,0.44,15840.300009585917
5464,OK,106.000,0.44,15828.700037673116
5465,OK,94.000,0.44,15841.100015677512
5466,OK,84.500,0.44,15879.300015512854
5467,OK,84.300,0.44,15907.000051811337
5468,OK,90.200,0.44,15853.499993681908
5469,OK,80.300,0.44,15854.500001296401
5470,OK,75.200,0.44,15863.599954172969
5471,OK,77.100,0.44,15864.900022279471
5472,OK,88.400,0.44,15848.200011532754
5473,OK,117.300,0.44,15836.499980650842
5474,OK,129.600,0.44,15793.600003235042
5475,OK,145.600,0.44,16033.89997035265
5476,OK,161.500,0.44,15551.200020126998
5477,OK,254.800,0.44,15624.099993146956
5478,OK,79.700,0.44,15763.000003062189
5479,OK,142.500,0.44,15767.700038850307
5480,OK,71.700,0.44,15874.800039455295
5481,OK,104.300,0.44,16054.100007750094
5482,OK,101.500,0.44,15593.499992974102
5483,OK,87.500,0.44,15905.599982943386
5484,OK,96.800,0.44,15808.900003321469
5485,OK,106.000,0.44,15810.400014743209
5486,OK,101.700,0.44,15840.700012631714
5487,OK,85.600,0.44,15868.499991483986
5488,OK,87.400,0.44,15889.999980572611
5489,OK,92.400,0.44,15828.399977181107
5490,OK,95.700,0.44,15774.999978020787
5491,OK,95.800,0.44,15821.000037249178
5492,OK,71.100,0.44,15893.700008746237
5493,OK,93.000,0.44,15832.800010684878
5494,OK,90.300,0.44,15863.200009334832
5495,OK,88.100,0.44,15813.30003682524
5496,OK,85.000,0.44,15887.299960013479
5497,OK,99.100,0.44,16171.899973414838
5498,OK,166.600,0.44,15400.299977045506
5499,OK,106.600,0.44,15819.700027350336
5500,OK,91.400,0.44,15861.300053074956
5501,OK,97.000,0.44,15784.199989866465
5502,OK,106.700,0.44,15866.099973209202
5503,OK,163.200,0.44,15596.000012010336
5504,OK,63.600,0.44,15861.899999435991
5505,OK,62.800,0.44,15910.399961285293
5506,OK,105.300,0.44,15838.29999435693
5507,OK,99.400,0.44,15817.799954675138
5508,OK,72.500,0.44,15875.499986577779
5509,OK,74.300,0.44,15958.200034219772
5510,OK,115.200,0.44,15767.899982165545
5511,OK,82.300,0.44,15859.30003784597
5512,OK,89.800,0.44,15768.69998825714
5513,OK,63.500,0.44,15888.499969150871
5514,OK,49.400,0.44,15932.000009343028
5515,OK,75.000,0.44,15841.399959754199
5516,OK,55.700,0.44,15909.200010355562
5517,OK,82.800,0.44,15870.000002905726
5518,OK,77.900,0.44,15890.899987425655
5519,OK,88.500,0.44,15856.10001347959
5520,OK,81.700,0.44,15870.700008235872
5521,OK,88.000,0.44,15925.499959848821
5522,OK,87.600,0.44,15811.799967195839
5523,OK,70.100,0.44,15925.200015772134
5524,OK,93.600,0.44,15799.299988429993
5525,OK,83.500,0.44,15925.69996137172
5526,OK,80.300,0.44,15797.499974723905
5527,OK,68.800,0.44,16094.900027383119
5528,OK,74.200,0.44,15657.999960239977
5529,OK,66.100,0.44,16078.600019682199
5530,OK,220.800,0.44,15527.700015809387
5531,OK,108.400,0.44,15833.89996085316
5532,OK,80.100,0.44,15899.09999165684
5533,OK,89.100,0.44,16015.200002584606
5534,OK,57.100,0.44,15902.700019069016
5535,OK,62.200,0.44,15907.099994365126
5536,OK,74.900,0.44,15899.09999165684
5537,OK,70.400,0.44,15930.09999487549
5538,OK,67.300,0.44,15998.999995645136
5539,OK,81.700,0.44,15928.59998345375
5540,OK,91.300,0.44,15887.40001898259
5541,OK,115.800,0.44,15785.900002811104
5542,OK,119.000,0.44,15472.40000218153
5543,OK,160.600,0.44,15656.20000474155
5544,OK,113.800,0.44,15851.100033614784
5545,OK,91.700,0.44,15778.100001625717
5546,OK,86.200,0.44,15883.599990047514
5547,OK,83.000,0.44,15958.499978296459
5548,OK,47.500,0.44,16115.39995064959
5549,OK,53.300,0.44,15896.30002854392
5550,OK,67.800,0.44,15597.899968270212
5551,OK,78.900,0.44,15902.600018307567
5552,OK,74.400,0.44,15889.499976765364
5553,OK,106.300,0.44,15755.699947476387
5554,OK,58.100,0.44,15956.000017467886
5555,OK,83.800,0.44,15919.79997465387
5556,OK,77.400,0.44,15915.800002403557
5557,OK,110.700,0.44,15766.099968459457
5558,OK,149.400,0.44,15749.699959997088
5559,OK,65.900,0.44,16162.899963092059
5560,OK,73.700,0.44,15696.20001828298
5561,OK,67.300,0.44,15847.900009248406
5562,OK,64.500,0.44,15908.10000197962
5563,OK,127.500,0.44,15795.999963302165
5564,OK,141.700,0.44,15669.39998883754
5565,OK,64.300,0.44,15848.600014578551
5566,OK,58.700,0.44,15924.700011964887
5567,OK,55.800,0.44,15949.599968735129
5568,OK,44.600,0.44,15885.90000756085
5569,OK,62.000,0.44,15851.799980737269
5570,OK,69.100,0.44,15907.799999695271
5571,OK,64.100,0.44,15885.400003753603
5572,OK,76.700,0.44,15856.300015002489
5573,OK,71.900,0.44,15881.900035310537
5574,OK,73.600,0.44,15879.8000193201
5575,OK,57.600,0.44,15892.900002654642
5576,OK,68.800,0.44,15935.599978547543
5577,OK,81.400,0.44,16117.999970447272
5578,OK,303.900,0.44,15420.6000152044
5579,OK,182.400,0.44,15573.599957861006
5580,OK,73.200,0.44,15887.19995925203
5581,OK,73.400,0.44,15841.599961277097
5582,OK,105.600,0.44,15874.299977440387
5583,OK,119.400,0.44,15867.400041315705
5584,OK,115.800,0.44,15611.6999569349
5585,OK,62.000,0.44,15871.699957642704
5586,OK,121.200,0.44,15904.499974567443
5587,OK,71.300,0.44,15815.199993085116
5588,OK,88.400,0.44,15939.600009005517
5589,OK,64.600,0.44,15867.000038269907
5590,OK,62.900,0.44,15898.699988611042
5591,OK,63.200,0.44,15880.100021604449
5592,OK,63.200,0.44,15881.899977102876
5593,OK,60.200,0.44,15842.80002862215
5594,OK,64.900,0.44,15881.999977864325
5595,OK,60.700,0.44,15843.100030906498
5596,OK,54.000,0.44,15894.000011030585
5597,OK,42.300,0.44,16002.499964088202
5598,OK,60.700,0.44,15930.599998682737
5599,OK,56.900,0.44,15914.999996311963
5600,OK,65.300,0.44,15889.499976765364
5601,OK,86.500,0.44,15723.900054581463
5602,OK,85.200,0.44,15827.499970328063
5603,OK,136.600,0.44,15821.799985133111
5604,OK,84.100,0.44,16010.699968319386
5605,OK,82.500,0.44,15908.400004263967
5606,OK,192.100,0.44,15466.50001546368
5607,OK,118.900,0.44,15726.799960248172
5608,OK,65.000,0.44,15853.299992159009
5609,OK,67.900,0.44,15941.299963742495
5610,OK,54.800,0.44,15928.099979646504
5611,OK,65.700,0.44,15877.400001045316
5612,OK,107.500,0.44,15898.599987849593
5613,OK,58.200,0.44,15827.299968805164
5614,OK,86.000,0.44,15923.900005873293
5615,OK,65.400,0.44,15963.899961207062
5616,OK,89.000,0.44,15720.599971245974
5617,OK,71.700,0.44,15925.400017295033
5618,OK,64.600,0.44,15895.400021690875
5619,OK,71.100,0.44,15861.899999435991
5620,OK,61.900,0.44,15836.399979889393
5621,OK,46.100,0.44,15940.300014335662
5622,OK,66.800,0.44,15938.800002913922
5623,OK,54.900,0.44,15876.89999723807
5624,OK,53.100,0.44,15902.600018307567
5625,OK,45.000,0.44,15907.699998933822
5626,OK,60.900,0.44,15906.999993603677
5627,OK,72.800,0.44,15880.499966442585
5628,OK,62.600,0.44,15898.899990133941
5629,OK,60.600,0.44,15940.899960696697
5630,OK,45.700,0.44,15899.599995464087
5631,OK,59.600,0.44,16172.799980267882
5632,OK,213.500,0.44,15432.000043801963
5633,OK,98.800,0.44,17836.200015153736
5634,OK,157.300,0.44,14343.50002091378
5635,OK,133.800,0.44,14824.800018686801
5636,OK,96.400,0.44,18104.900023899972
5637,OK,381.200,0.44,13037.499971687794
5638,OK,106.400,0.44,15709.900006186217
5639,OK,124.400,0.44,15930.19999563694
5640,OK,116.800,0.44,15488.70000988245
5641,OK,81.000,0.44,15808.099997229874
5642,OK,81.800,0.44,15882.999985478818
5643,OK,85.200,0.44,15864.599961787462
5644,OK,66.600,0.44,16323.599964380264
5645,OK,151.000,0.44,15411.000000312924
5646,OK,241.700,0.44,15740.400005597621
5647,OK,215.100,0.44,15672.699955757707
5648,OK,121.600,0.44,15875.29998505488
5649,OK,367.000,0.44,15140.4999778606
5650,OK,97.200,0.44,16044.899995904416
5651,OK,287.000,0.44,15999.499999452382
5652,OK,167.500,0.44,14801.900018937886
5653,OK,91.300,0.44,15851.499978452921
5654,OK,126.100,0.44,15788.599965162575
5655,OK,71.200,0.44,15970.900014508516
5656,OK,110.700,0.44,15816.09999993816
5657,OK,96.200,0.44,15813.900041393936
5658,OK,103.300,0.44,15820.299973711371
5659,OK,106.800,0.44,15779.899957124144
5660,OK,97.300,0.44,15822.799992747605
5661,OK,94.600,0.44,15843.700035475194
5662,OK,107.700,0.44,15773.1999643147
5663,OK,71.600,0.44,15997.399983461946
5664,OK,159.800,0.44,15658.700023777783
5665,OK,111.300,0.44,15962.000004947186
5666,OK,226.600,0.44,15462.299983482808
5667,OK,118.500,0.44,15771.80001186207
5668,OK,96.700,0.44,15781.600028276443
5669,OK,100.800,0.44,15806.399984285235
5670,OK,59.900,0.44,15920.599980745465
5671,OK,57.000,0.44,15924.000006634742
5672,OK,78.200,0.44,15868.499991483986
5673,OK,59.900,0.44,15936.30004208535
5674,OK,54.500,0.44,15878.700010944158
5675,OK,58.600,0.44,15965.899976436049
5676,OK,132.700,0.44,15935.399977024645
5677,OK,91.800,0.44,15689.800027757883
5678,OK,98.900,0.44,15880.499966442585
5679,OK,98.700,0.44,15785.399999003857
5680,OK,89.300,0.44,15819.20002354309
5681,OK,96.600,0.44,15797.700034454465
5682,OK,62.300,0.44,15857.80002642423
5683,OK,65.600,0.44,15885.200002230704
5684,OK,63.800,0.44,15845.899994019419
5685,OK,88.600,0.44,15907.90000045672
5686,OK,103.300,0.44,15778.100001625717
5687,OK,48.700,0.44,15964.799968060106
5688,OK,85.400,0.44,15928.90004394576
5689,OK,71.800,0.44,15906.39998903498
5690,OK,68.100,0.44,15876.599994953722
5691,OK,80.200,0.44,15849.99996703118
5692,OK,72.200,0.44,15878.30000789836
5693,OK,74.400,0.44,15917.00001154095
5694,OK,105.700,0.44,15862.600004766136
5695,OK,63.400,0.44,15806.800045538694
5696,OK,70.300,0.44,15834.499965421855
5697,OK,61.600,0.44,15990.700048860162
5698,OK,61.100,0.44,15807.899995706975
5699,OK,57.600,0.44,15909.800014924258
5700,OK,53.000,0.44,15953.099995385855
5701,OK,85.300,0.44,15935.899980831891
5702,OK,103.300,0.44,15662.599995266646
5703,OK,62.000,0.44,15844.19998107478
5704,OK,64.500,0.44,15950.79997787252
5705,OK,71.000,0.44,15894.60001559928
5706,OK,70.500,0.44,15868.300048168749
5707,OK,55.800,0.44,15795.700019225478
5708,OK,61.000,0.44,15946.40000257641
5709,OK,81.900,0.44,15915.800002403557
5710,OK,52.400,0.44,15841.900021769106
5711,OK,114.500,0.44,15813.30003682524
5712,OK,66.800,0.44,15911.00002406165
5713,OK,58.900,0.44,15901.400009170175
5714,OK,55.000,0.44,15904.599975328892
5715,OK,52.800,0.44,15895.700023975223
5716,OK,56.500,0.44,15876.599994953722
5717,OK,61.500,0.44,15906.099986750633
5718,OK,60.500,0.44,15914.399991743267
5719,OK,53.700,0.44,15859.899984207004
5720,OK,47.400,0.44,15984.700003173202
5721,OK,81.800,0.44,15886.500012129545
5722,OK,70.100,0.44,15862.299944274127
5723,OK,63.400,0.44,15957.700030412525
5724,OK,53.600,0.44,15954.500006046146
5725,OK,62.500,0.44,15893.700008746237
5726,OK,67.800,0.44,15856.20001424104
5727,OK,57.400,0.44,15882.200037594885
5728,OK,57.200,0.44,15960.399992763996
5729,OK,60.200,0.44,15894.900017883629
5730,OK,55.100,0.44,15860.299987252802
5731,OK,49.500,0.44,15936.999989207834
5732,OK,55.000,0.44,15918.999968562275
5733,OK,52.500,0.44,15977.800008840859
5734,OK,84.200,0.44,15747.90000449866
5735,OK,54.300,0.44,15895.200020167977
5736,OK,53.800,0.44,16034.099971875548
5737,OK,79.500,0.44,15786.200005095452
5738,OK,54.100,0.44,15873.999975156039
5739,OK,66.700,0.44,15969.300002325326
5740,OK,58.600,0.44,15858.900034800172
5741,OK,61.100,0.44,15933.20001848042
5742,OK,46.400,0.44,15860.399988014251
5743,OK,72.500,0.44,15855.900011956692
5744,OK,56.900,0.44,15891.600050963461
5745,OK,45.000,0.44,15925.90002110228
5746,OK,98.100,0.44,15868.10004664585
5747,OK,107.200,0.44,15816.600003745407
5748,OK,73.200,0.44,15902.399958577007
5749,OK,60.700,0.44,15863.200009334832
5750,OK,44.700,0.44,15856.799960602075
5751,OK,34.700,0.44,16013.09998659417
5752,OK,47.800,0.44,15912.899980321527
5753,OK,43.700,0.44,15982.299984898418
5754,OK,130.600,0.44,15728.400030639023
5755,OK,78.200,0.44,15940.300014335662
5756,OK,51.600,0.44,15911.399968899786
5757,OK,59.200,0.44,15915.39999935776
5758,OK,62.900,0.44,15847.100003156811
5759,OK,61.100,0.44,15907.099994365126
5760,OK,65.600,0.44,15921.599988359958
5761,OK,58.700,0.44,15826.000017113984
5762,OK,67.100,0.44,15923.600003588945
5763,OK,86.500,0.44,15893.500007223338
5764,OK,65.300,0.44,15897.899982519448
5765,OK,68.400,0.44,15837.600047234446
5766,OK,85.700,0.44,15884.699998423457
5767,OK,81.200,0.44,15838.599996641278
5768,OK,84.500,0.44,15923.500002827495
5769,OK,80.300,0.44,15810.800017789006
5770,OK,85.200,0.44,15842.79997041449
5771,OK,69.200,0.44,15935.199975501746
5772,OK,81.800,0.44,15857.49996593222
5773,OK,87.200,0.44,15863.000007811934
5774,OK,98.000,0.44,15821.500041056424
5775,OK,72.400,0.44,15890.800044871867
5776,OK,88.200,0.44,15751.599974464625
5777,OK,64.700,0.44,15889.799979049712
5778,OK,84.600,0.44,15844.499983359128
5779,OK,65.400,0.44,15878.000005614012
5780,OK,69.500,0.44,15969.800006132573
5781,OK,87.000,0.44,15770.800004247576
5782,OK,94.000,0.44,15833.69995933026
5783,OK,67.100,0.44,15908.899949863553
5784,OK,77.700,0.44,15891.299990471452
5785,OK,85.400,0.44,15814.300044439733
5786,OK,106.600,0.44,15827.099967282265
5787,OK,87.900,0.44,15855.800011195242
5788,OK,80.800,0.44,15874.199976678938
5789,OK,93.000,0.44,15838.999999687076
5790,OK,102.400,0.44,15865.999972447753
5791,OK,105.500,0.44,15883.399988524616
5792,OK,157.400,0.44,15659.899974707514
5793,OK,91.400,0.44,15818.89996305108
5794,OK,91.300,0.44,15819.900028873235
5795,OK,66.400,0.44,15893.10000417754
5796,OK,66.700,0.44,15892.499999608845
5797,OK,62.000,0.44,15932.400012388825
5798,OK,54.100,0.44,15943.59998125583
5799,OK,63.800,0.44,15864.200016949326
5800,OK,60.300,0.44,15954.899950884283
5801,OK,56.200,0.44,15759.300033096224
5802,OK,46.800,0.44,15937.899996060878
5803,OK,68.500,0.44,15918.099961709231
5804,OK,49.700,0.44,15839.100000448525
5805,OK,52.400,0.44,15910.299960523844
5806,OK,109.400,0.44,15894.899959675968
5807,OK,62.500,0.44,15901.400009170175
5808,OK,61.600,0.44,15828.199975658208
5809,OK,61.000,0.44,15986.000013072044
5810,OK,57.100,0.44,15843.500033952296
5811,OK,57.000,0.44,15947.100007906556
5812,OK,57.500,0.44,15865.400026086718
5813,OK,124.000,0.44,15837.599989026785
5814,OK,74.700,0.44,15845.80005146563
5815,OK,54.400,0.44,15883.700049016625
5816,OK,50.400,0.44,15943.199978210032
5817,OK,68.400,0.44,15874.700038693845
5818,OK,76.300,0.44,15935.599978547543
5819,OK,91.300,0.44,15824.100002646446
5820,OK,54.700,0.44,15781.99997311458
5821,OK,56.800,0.44,16004.899982362986
5822,OK,51.100,0.44,15896.700031589717
5823,OK,37.500,0.44,16019.699978642166
5824,OK,53.100,0.44,15816.09999993816
5825,OK,40.600,0.44,16191.800008527935
5826,OK,51.600,0.44,15907.799999695271
5827,OK,64.900,0.44,15764.900017529726
5828,OK,82.600,0.44,15791.399986483157
5829,OK,81.700,0.44,15990.499989129603
5830,OK,101.500,0.44,15803.100017365068
5831,OK,103.600,0.44,15795.30001617968
5832,OK,58.400,0.44,15882.199979387224
5833,OK,50.700,0.44,16097.899992018938
5834,OK,47.800,0.44,15923.700004350394
5835,OK,56.600,0.44,15770.900005009025
5836,OK,69.700,0.44,15874.999982770532
5837,OK,75.000,0.44,15848.300012294203
5838,OK,91.700,0.44,15921.39998683706
5839,OK,102.200,0.44,15870.100003667176
5840,OK,103.300,0.44,15877.199999522418
5841,OK,119.600,0.44,15758.900030050427
5842,OK,108.900,0.44,15744.300035294145
5843,OK,90.300,0.44,15765.500022098422
5844,OK,91.900,0.44,15880.000020843
5845,OK,110.200,0.44,15733.10000821948
5846,OK,69.300,0.44,15876.699995715171
5847,OK,60.800,0.44,15976.09999589622
5848,OK,46.900,0.44,15916.300006210804
5849,OK,54.400,0.44,15874.400036409497
5850,OK,68.000,0.44,15943.899983540177
5851,OK,43.400,0.44,15904.499974567443
5852,OK,62.000,0.44,15918.100019916892
5853,OK,47.000,0.44,15907.599998172373
5854,OK,47.900,0.44,15907.299995888025
5855,OK,58.100,0.44,15953.099995385855
5856,OK,53.800,0.44,15845.79999325797
5857,OK,51.000,0.44,15995.800029486418
5858,OK,67.900,0.44,16789.70002103597
5859,OK,96.200,0.44,14898.199995514005
5860,OK,59.800,0.44,15881.19997177273
5861,OK,53.500,0.44,15887.30001822114
5862,OK,32.600,0.44,15950.300032272935
5863,OK,50.600,0.44,15913.300041574985
5864,OK,31.600,0.44,15892.700001131743
5865,OK,33.100,0.44,16012.600040994585
5866,OK,40.200,0.44,15943.699982017279
5867,OK,47.200,0.44,15899.599995464087
5868,OK,47.700,0.44,15951.699984725565
5869,OK,56.100,0.44,15902.900020591915
5870,OK,51.200,0.44,15961.40000037849
5871,OK,52.200,0.44,15892.399998847395
5872,OK,66.200,0.44,15908.300003502518
5873,OK,49.700,0.44,15975.399990566075
5874,OK,84.700,0.44,15788.099961355329
5875,OK,92.000,0.44,15870.800008997321
5876,OK,48.400,0.44,15816.400002222508
5877,OK,67.200,0.44,15940.59995841235
5878,OK,57.800,0.44,15891.999995801598
5879,OK,67.900,0.44,15849.099960178137
5880,OK,55.300,0.44,16002.000018488616
5881,OK,57.500,0.44,15879.999962635338
5882,OK,60.700,0.44,15943.699982017279
5883,OK,49.600,0.44,15854.900004342198
5884,OK,68.600,0.44,15957.400028128177
5885,OK,58.700,0.44,15900.200000032783
5886,OK,68.900,0.44,15935.400035232306
5887,OK,56.200,0.44,15822.499990463257
5888,OK,70.400,0.44,15941.199962981045
5889,OK,53.500,0.44,15925.400017295033
5890,OK,58.000,0.44,15872.599964495748
5891,OK,46.800,0.44,15883.199987001717
5892,OK,57.200,0.44,15948.099957313389
5893,OK,58.400,0.44,15880.799968726933
5894,OK,56.900,0.44,15937.799995299429
5895,OK,53.600,0.44,16008.90001282096
5896,OK,50.200,0.44,15822.499990463257
5897,OK,59.500,0.44,15854.400000534952
5898,OK,95.700,0.44,15865.599969401956
5899,OK,65.700,0.44,15948.999964166433
5900,OK,52.500,0.44,15922.099992167205
5901,OK,69.100,0.44,15732.200001366436
5902,OK,50.800,0.44,15987.099963240325
5903,OK,53.100,0.44,15886.800014413893
5904,OK,57.300,0.44,15896.500030066818
5905,OK,56.900,0.44,15917.599957901984
5906,OK,53.300,0.44,15861.199994105846
5907,OK,50.600,0.44,15918.29996323213
5908,OK,42.200,0.44,15908.700006548315
5909,OK,45.100,0.44,15926.599968224764
5910,OK,55.300,0.44,15895.399963483214
5911,OK,41.100,0.44,16013.100044801831
5912,OK,64.800,0.44,15894.60001559928
5913,OK,63.300,0.44,15905.699983704835
5914,OK,54.400,0.44,15833.600016776472
5915,OK,60.400,0.44,15920.100035145879
5916,OK,39.400,0.44,15945.399994961917
5917,OK,49.900,0.44,15923.899947665632
5918,OK,52.900,0.44,15869.700000621378
5919,OK,56.200,0.44,15959.299984388053
5920,OK,51.800,0.44,15884.499996900558
5921,OK,78.500,0.44,15875.699988100678
5922,OK,76.500,0.44,15864.200016949326
5923,OK,56.000,0.44,15897.300036158413
5924,OK,50.800,0.44,15923.500002827495
5925,OK,48.300,0.44,15873.89997439459
5926,OK,44.900,0.44,15959.399985149503
5927,OK,58.000,0.44,15916.000003926456
5928,OK,72.300,0.44,15968.199993949383
5929,OK,51.700,0.44,15804.500028025359
5930,OK,77.900,0.44,15897.80003996566
5931,OK,58.200,0.44,15981.199976522475
5932,OK,51.600,0.44,15937.000047415495
5933,OK,61.900,0.44,15895.799966529012
5934,OK,64.400,0.44,15863.100008573383
5935,OK,67.600,0.44,15862.800006289035
5936,OK,59.400,0.44,15915.199997834861
5937,OK,48.700,0.44,15909.700014162809
5938,OK,52.800,0.44,15910.200017970055
5939,OK,51.000,0.44,15941.399964503944
5940,OK,60.400,0.44,15916.9000107795
5941,OK,57.800,0.44,15919.599973130971
5942,OK,84.300,0.44,15832.700009923428
5943,OK,47.700,0.44,15891.999995801598
5944,OK,43.800,0.44,15940.70001738146
5945,OK,58.800,0.44,15905.899985227734
5946,OK,117.000,0.44,15797.799977008253
5947,OK,49.400,0.44,15971.100016031414
5948,OK,45.700,0.44,15878.700010944158
5949,OK,52.100,0.44,15934.900031425059
5950,OK,56.200,0.44,15865.400026086718
5951,OK,56.600,0.44,15935.199975501746
5952,OK,51.900,0.44,15883.299987763166
5953,OK,47.300,0.44,15912.599978037179
5954,OK,49.100,0.44,15903.799969237298
5955,OK,46.500,0.44,15930.09999487549
5956,OK,59.400,0.44,15925.300016533583
5957,OK,51.600,0.44,15911.900030914694
5958,OK,52.500,0.44,15929.400047753006
5959,OK,54.100,0.44,15870.499948505312
5960,OK,52.000,0.44,15969.900006894022
5961,OK,56.800,0.44,15862.10000095889
5962,OK,58.900,0.44,15916.80001001805
5963,OK,54.300,0.44,15928.400040138513
5964,OK,59.800,0.44,15880.700026173145
5965,OK,56.000,0.44,15879.700018558651
5966,OK,50.700,0.44,15872.099960688502
5967,OK,45.700,0.44,15956.89996611327
5968,OK,138.500,0.44,15736.000030301511
5969,OK,76.000,0.44,15939.700009766966
5970,OK,104.100,0.44,15750.199963804334
5971,OK,62.000,0.44,15917.700016871095
5972,OK,84.200,0.44,15871.200012043118
5973,OK,60.200,0.44,15896.30002854392
5974,OK,71.100,0.44,15838.899998925626
5975,OK,73.800,0.44,15998.199989553541
5976,OK,57.100,0.44,15872.499963734299
5977,OK,150.800,0.44,15746.39999307692
5978,OK,93.000,0.44,15825.799957383424
5979,OK,68.200,0.44,15894.70001636073
5980,OK,70.200,0.44,15893.900010269135
5981,OK,72.300,0.44,15855.100005865097
5982,OK,58.100,0.44,15911.00002406165
5983,OK,65.700,0.44,15850.900032091886
5984,OK,56.100,0.44,15834.700025152415
5985,OK,48.300,0.44,15879.500017035753
5986,OK,66.500,0.44,15974.999987520278
5987,OK,128.400,0.44,15839.69994680956
5988,OK,57.600,0.44,15880.200022365898
5989,OK,46.200,0.44,15829.400043003261
5990,OK,61.300,0.44,16002.90002534166
5991,OK,43.700,0.44,15867.89998691529
5992,OK,45.800,0.44,15991.899999789894
5993,OK,53.500,0.44,15848.400013055652
5994,OK,51.300,0.44,15989.400038961321
5995,OK,58.600,0.44,15861.799998674542
5996,OK,132.400,0.44,15824.400004930794
5997,OK,55.800,0.44,15788.900025654584
5998,OK,93.800,0.44,15880.500024650246
5999,OK,62.800,0.44,15946.60000409931
6000,OK,59.500,0.44,15920.699981506914
6001,OK,63.100,0.44,15798.799984622747
6002,OK,67.000,0.44,15816.20000069961
6003,OK,56.900,0.44,15870.90000975877
6004,OK,67.600,0.44,15927.799977362156
6005,OK,72.600,0.44,15907.90000045672
6006,OK,65.600,0.44,15907.499997410923
6007,OK,58.900,0.44,15875.499986577779
6008,OK,98.100,0.44,15841.699962038547
6009,OK,96.900,0.44,15867.700043600053
6010,OK,81.700,0.44,15842.9000293836
6011,OK,79.700,0.44,15874.600037932396
6012,OK,83.000,0.44,15879.099955782294
6013,OK,81.400,0.44,15849.99996703118
6014,OK,81.800,0.44,15868.699993006885
6015,OK,79.700,0.44,15871.00001052022
6016,OK,77.100,0.44,15850.20002676174
6017,OK,79.200,0.44,15876.499994192272
6018,OK,92.600,0.44,15861.899999435991
6019,OK,83.600,0.44,15856.999962124974
6020,OK,84.200,0.44,15897.199977189302
6021,OK,106.500,0.44,15781.699970830232
6022,OK,80.500,0.44,15960.100048687309
6023,OK,69.400,0.44,15832.600009161979
6024,OK,79.600,0.44,15879.400016274303
6025,OK,81.800,0.44,15820.699976757169
6026,OK,61.100,0.44,15863.200009334832
6027,OK,46.200,0.44,15989.400038961321
6028,OK,88.200,0.44,15842.400025576353
6029,OK,83.200,0.44,15867.399983108044
6030,OK,92.200,0.44,15872.899966780096
6031,OK,97.500,0.44,15787.700016517192
6032,OK,80.700,0.44,15968.80005672574
6033,OK,75.300,0.44,15738.099988084286
6034,OK,52.700,0.44,15911.599970422685
6035,OK,52.500,0.44,15906.999993603677
6036,OK,46.000,0.44,16065.599978901446
6037,OK,55.100,0.44,15902.900020591915
6038,OK,58.200,0.44,15860.999992582947
6039,OK,51.900,0.44,15899.09999165684
6040,OK,46.700,0.44,15881.099971011281
6041,OK,53.600,0.44,15937.799995299429
6042,OK,50.600,0.44,15876.699995715171
6043,OK,55.400,0.44,15968.499996233732
6044,OK,126.600,0.44,15829.50004376471
6045,OK,53.900,0.44,15905.600041151047
6046,OK,54.300,0.44,15932.700014673173
6047,OK,64.600,0.44,15890.09998133406
6048,OK,67.400,0.44,15847.800008486956
6049,OK,55.400,0.44,15908.600005786866
6050,OK,66.300,0.44,15881.499974057078
6051,OK,107.500,0.44,15820.70003496483
6052,OK,72.500,0.44,15931.900008581579
6053,OK,58.100,0.44,15926.700027193874
6054,OK,57.600,0.44,15892.099996563047
6055,OK,58.500,0.44,15895.399963483214
6056,OK,52.300,0.44,15840.300009585917
6057,OK,43.500,0.44,15968.59999699518
6058,OK,52.400,0.44,15897.000033874065
6059,OK,55.900,0.44,15895.200020167977
6060,OK,47.300,0.44,16062.700015027076
6061,OK,107.600,0.44,15741.600014735013
6062,OK,64.900,0.44,16091.400000732392
6063,OK,52.800,0.44,15913.89998793602
6064,OK,50.900,0.44,16022.399999201298
6065,OK,56.400,0.44,15929.200046230108
6066,OK,56.300,0.44,15589.300019200891
6067,OK,62.800,0.44,15903.199964668602
6068,OK,60.400,0.44,15835.50003124401
6069,OK,48.200,0.44,16014.59999801591
6070,OK,49.900,0.44,16219.09998357296
6071,OK,59.600,0.44,15872.799966018647
6072,OK,67.500,0.44,15606.299974024296
6073,OK,88.800,0.44,16222.300007939339
6074,OK,113.000,0.44,15864.299959503114
6075,OK,111.300,0.44,15799.099986907095
6076,OK,126.400,0.44,15370.799985248595
6077,OK,111.200,0.44,15935.500035993755
6078,OK,108.700,0.44,15763.799950946122
6079,OK,89.800,0.44,15849.499963223934
6080,OK,98.300,0.44,15688.100014813244
6081,OK,60.700,0.44,15928.399981930852
6082,OK,69.900,0.44,15945.699997246265
6083,OK,45.600,0.44,15899.799996986985
6084,OK,63.800,0.44,16180.999984499067
6085,OK,67.100,0.44,15595.100005157292
6086,OK,52.300,0.44,15949.899971019477
6087,OK,50.600,0.44,15885.8000067994
6088,OK,55.100,0.44,15965.600032359362
6089,OK,45.100,0.44,15839.100000448525
6090,OK,47.700,0.44,15976.20005486533
6091,OK,49.100,0.44,15988.199971616268
6092,OK,49.600,0.44,15858.499973546714
6093,OK,51.700,0.44,15916.80001001805
6094,OK,73.700,0.44,15867.399983108044
6095,OK,73.900,0.44,15910.9000233002
6096,OK,58.200,0.44,15878.800011705607
6097,OK,54.100,0.44,15967.800049111247
6098,OK,38.800,0.44,15885.70000603795
6099,OK,37.000,0.44,15950.800036080182
6100,OK,32.800,0.44,15974.299982190132
6101,OK,58.100,0.44,15764.699957799166
6102,OK,38.000,0.44,15956.600022036582
6103,OK,51.600,0.44,15929.599991068244
6104,OK,51.700,0.44,15928.999986499548
6105,OK,60.300,0.44,15919.200028292835
6106,OK,52.800,0.44,15912.799979560077
6107,OK,57.100,0.44,15891.299990471452
6108,OK,47.200,0.44,15937.999996822327
6109,OK,53.600,0.44,15905.399981420487
6110,OK,49.800,0.44,15938.500000629574
6111,OK,57.700,0.44,15884.499996900558
6112,OK,47.000,0.44,15894.699958153069
6113,OK,49.900,0.44,15948.0000147596
6114,OK,47.500,0.44,15936.30004208535
6115,OK,58.300,0.44,15921.699989121407
6116,OK,75.100,0.44,15870.400005951524
6117,OK,65.800,0.44,15892.199997324497
6118,OK,51.700,0.44,15932.200010865927
6119,OK,51.300,0.44,15826.200018636882
6120,OK,73.000,0.44,15880.200022365898
6121,OK,50.700,0.44,15892.199997324497
6122,OK,55.500,0.44,15902.699960861355
6123,OK,69.200,0.44,15941.699966788292
6124,OK,65.500,0.44,15864.500019233674
6125,OK,48.200,0.44,15883.300045970827
6126,OK,37.100,0.44,15952.699992340058
6127,OK,36.700,0.44,15920.199977699667
6128,OK,42.200,0.44,15966.500039212406
6129,OK,45.800,0.44,15937.70005274564
6130,OK,63.800,0.44,15902.599960099906
6131,OK,73.000,0.44,15921.599988359958
6132,OK,62.800,0.44,15881.899977102876
6133,OK,59.500,0.44,15819.299966096878
6134,OK,51.400,0.44,15924.800012726337
6135,OK,54.000,0.44,15852.099983021617
6136,OK,59.300,0.44,15927.899978123605
6137,OK,66.400,0.44,15866.100031416863
6138,OK,52.400,0.44,15910.199959762394
6139,OK,46.700,0.44,15937.799995299429
6140,OK,46.400,0.44,15918.700024485588
6141,OK,47.800,0.44,15936.699986923486
6142,OK,44.200,0.44,15935.700037516654
6143,OK,46.900,0.44,15887.599962297827
6144,OK,43.200,0.44,15913.299983367324
6145,OK,66.500,0.44,15874.399978201836
6146,OK,89.900,0.44,15914.099989458919
6147,OK,115.400,0.44,15781.000023707747
6148,OK,49.800,0.44,15961.099998094141
6149,OK,55.500,0.44,15920.300036668777
6150,OK,58.200,0.44,15883.200045209378
6151,OK,70.600,0.44,15914.999996311963
6152,OK,63.100,0.44,15845.299989450723
6153,OK,51.700,0.44,15928.999986499548
6154,OK,45.700,0.44,15928.600041661412
6155,OK,70.800,0.44,15895.899967290461
6156,OK,54.300,0.44,15854.500001296401
6157,OK,53.900,0.44,15906.699991319329
6158,OK,75.800,0.44,15924.999956041574
6159,OK,96.900,0.44,15871.200012043118
6160,OK,67.900,0.44,15819.399966858327
6161,OK,59.200,0.44,15993.099950719625
6162,OK,59.500,0.44,15921.29998607561
6163,OK,54.700,0.44,15878.800011705607
6164,OK,66.600,0.44,15896.800032351166
6165,OK,45.400,0.44,15914.699994027615
6166,OK,61.600,0.44,15943.500038702041
6167,OK,45.600,0.44,15893.700008746237
6168,OK,58.500,0.44,15955.000009853393
6169,OK,55.700,0.44,15844.50004156679
6170,OK,51.900,0.44,15902.20001526177
6171,OK,81.200,0.44,15881.999977864325
6172,OK,61.800,0.44,15923.300001304597
6173,OK,77.300,0.44,15905.599982943386
6174,OK,72.500,0.44,15855.500008910894
6175,OK,78.700,0.44,15879.000013228506
6176,OK,65.200,0.44,15893.400006461889
6177,OK,48.700,0.44,15918.499964755028
6178,OK,63.100,0.44,19525.79995850101
6179,OK,96.400,0.44,12195.00001752749
6180,OK,62.900,0.44,15908.00000121817
6181,OK,68.700,0.44,15851.999982260168
6182,OK,70.300,0.44,15889.700036495924
6183,OK,79.300,0.44,15942.700032610446
6184,OK,77.800,0.44,15882.899984717369
6185,OK,64.600,0.44,15847.700007725507
6186,OK,65.100,0.44,15834.599966183305
6187,OK,75.000,0.44,15874.599979724735
6188,OK,60.500,0.44,15834.099962376058
6189,OK,65.100,0.44,15831.600001547486
6190,OK,66.200,0.44,15853.999997489154
6191,OK,51.100,0.44,15982.599987182766
6192,OK,50.300,0.44,15940.200013574213
6193,OK,55.200,0.44,15906.999993603677
6194,OK,54.800,0.44,15838.699997402728
6195,OK,89.600,0.44,15898.399986326694
6196,OK,66.700,0.44,15853.799995966256
6197,OK,76.600,0.44,15941.800025757402
6198,OK,134.200,0.44,15815.99999917671
6199,OK,78.400,0.44,15838.699997402728
6200,OK,81.300,0.44,15860.399988014251
6201,OK,50.200,0.44,15851.69997997582
6202,OK,50.800,0.44,15924.30000891909
6203,OK,56.900,0.44,15885.70000603795
6204,OK,59.300,0.44,15885.8000067994
6205,OK,72.300,0.44,15865.700028371066
6206,OK,46.500,0.44,15921.899990644306
6207,OK,43.600,0.44,15965.7999756746
6208,OK,67.100,0.44,15903.300023637712
6209,OK,48.800,0.44,15930.19999563694
6210,OK,56.900,0.44,15883.399988524616
6211,OK,55.800,0.44,15881.100029218942
6212,OK,55.600,0.44,15888.899972196668
6213,OK,46.500,0.44,15925.100015010685
6214,OK,44.700,0.44,15959.299984388053
6215,OK,55.700,0.44,15899.799996986985
6216,OK,60.400,0.44,15891.7999942787
6217,OK,54.400,0.44,15931.70000705868
6218,OK,63.400,0.44,15875.699988100678
6219,OK,50.000,0.44,15958.39997753501
6220,OK,55.500,0.44,15931.80000782013
6221,OK,122.800,0.44,15839.600004255772
6222,OK,73.700,0.44,15826.300019398332
6223,OK,69.300,0.44,15920.899983029813
6224,OK,56.400,0.44,15889.699978288263
6225,OK,51.700,0.44,15929.000044707209
6226,OK,75.200,0.44,15866.200032178313
6227,OK,100.500,0.44,15828.699979465455
6228,OK,68.000,0.44,15855.400008149445
6229,OK,57.100,0.44,15956.399962306023
6230,OK,150.800,0.44,15716.199995949864
6231,OK,60.000,0.44,15900.200000032783
6232,OK,52.300,0.44,15955.100010614842
6233,OK,52.700,0.44,15931.099944282323
6234,OK,48.300,0.44,15890.799986664206
6235,OK,45.600,0.44,15918.600023724139
6236,OK,73.100,0.44,15869.900002144277
6237,OK,68.500,0.44,15894.300013314933
6238,OK,61.400,0.44,15928.999986499548
6239,OK,71.000,0.44,15853.299992159009
6240,OK,120.200,0.44,15809.100004844368
6241,OK,86.600,0.44,15849.800023715943
6242,OK,65.400,0.44,15915.199997834861
6243,OK,53.500,0.44,15915.900003165007
6244,OK,61.300,0.44,15924.000006634742
6245,OK,66.300,0.44,15860.300045460463
6246,OK,92.600,0.44,15828.199975658208
6247,OK,58.900,0.44,15867.200039792806
6248,OK,86.800,0.44,15910.700021777302
6249,OK,80.200,0.44,15868.399990722537
6250,OK,101.400,0.44,15831.400000024587
6251,OK,86.400,0.44,15859.09997811541
6252,OK,86.900,0.44,15899.799996986985
6253,OK,98.400,0.44,15816.700004506856
6254,OK,100.700,0.44,15865.799970924854
6255,OK,112.600,0.44,15806.799987331033
6256,OK,99.400,0.44,15845.79999325797
6257,OK,93.100,0.44,15865.900029893965
6258,OK,81.200,0.44,15865.600027609617
6259,OK,91.100,0.44,15851.799980737269
6260,OK,70.600,0.44,15911.699971184134
6261,OK,94.800,0.44,15790.89998267591
6262,OK,88.000,0.44,15865.500026848167
6263,OK,117.200,0.44,15809.600008651614
6264,OK,97.300,0.44,15867.700043600053
6265,OK,98.200,0.44,15822.09998741746
6266,OK,65.900,0.44,15857.799968216568
6267,OK,86.200,0.44,15886.700013652444
6268,OK,78.400,0.44,15834.00001982227
6269,OK,83.000,0.44,15869.800001382828
6270,OK,90.100,0.44,15847.500006202608
6271,OK,73.200,0.44,15893.10000417754
6272,OK,87.700,0.44,15852.999989874661
6273,OK,102.000,0.44,15892.499999608845
6274,OK,59.800,0.44,15924.999956041574
6275,OK,64.800,0.44,15884.799999184906
6276,OK,104.800,0.44,15830.199990887195
6277,OK,78.400,0.44,15922.999999020249
6278,OK,139.400,0.44,15714.00003740564
6279,OK,94.800,0.44,15842.000022530556
6280,OK,61.400,0.44,15895.300020929426
6281,OK,56.400,0.44,15883.999993093312
6282,OK,49.400,0.44,15932.899957988411
6283,OK,46.100,0.44,15922.999999020249
6284,OK,43.600,0.44,15993.300010450184
6285,OK,50.200,0.44,15939.600009005517
6286,OK,64.500,0.44,15891.899995040148
6287,OK,59.200,0.44,15883.499989286065
6288,OK,52.200,0.44,15914.399991743267
6289,OK,52.900,0.44,15907.699998933822
6290,OK,49.200,0.44,15959.499985910952
6291,OK,153.100,0.44,15730.19998613745
6292,OK,59.100,0.44,15903.5999677144
6293,OK,46.800,0.44,15927.000029478222
6294,OK,51.100,0.44,15924.900013487786
6295,OK,53.900,0.44,15926.799969747663
6296,OK,72.700,0.44,15819.09996457398
6297,OK,53.200,0.44,15908.899949863553
6298,OK,81.600,0.44,15903.699968475848
6299,OK,89.800,0.44,15779.999957885593
6300,OK,57.300,0.44,15943.59998125583
6301,OK,68.800,0.44,15768.399985972792
6302,OK,45.200,0.44,15959.400043357164
6303,OK,47.000,0.44,16037.199995480478
6304,OK,74.900,0.44,15772.9999627918
6305,OK,56.500,0.44,15902.699960861355
6306,OK,57.400,0.44,15925.400017295033
6307,OK,70.400,0.44,15864.79996331036
6308,OK,42.800,0.44,15958.499978296459
6309,OK,68.400,0.44,15900.200000032783
6310,OK,81.500,0.44,15830.099990125746
6311,OK,66.000,0.44,16219.599987380207
6312,OK,47.500,0.44,15893.999952822924
6313,OK,44.900,0.44,15887.100016698241
6314,OK,52.700,0.44,15837.499988265336
6315,OK,50.700,0.44,16117.600025609136
6316,OK,78.300,0.44,15551.600023172796
6317,OK,57.800,0.44,15902.600018307567
6318,OK,52.000,0.44,16091.099998448044
6319,OK,43.900,0.44,15888.69997067377
6320,OK,50.800,0.44,15975.699992850423
6321,OK,61.200,0.44,15857.799968216568
6322,OK,67.000,0.44,15866.000030655414
6323,OK,88.900,0.44,16250.799992121756
6324,OK,108.400,0.44,15771.80001186207
6325,OK,112.500,0.44,15823.199995793402
6326,OK,111.300,0.44,15528.69996521622
6327,OK,111.200,0.44,15707.599988672882
6328,OK,107.300,0.44,15821.300039533526
6329,OK,66.100,0.44,15907.699998933822
6330,OK,115.300,0.44,15659.20002758503
6331,OK,48.500,0.44,15884.499996900558
6332,OK,36.000,0.44,16014.69999877736
6333,OK,58.300,0.44,15873.599972110242
6334,OK,57.700,0.44,15888.300025835633
6335,OK,42.400,0.44,15966.200036928058
6336,OK,47.300,0.44,15909.60001340136
6337,OK,83.700,0.44,15877.600002568215
6338,OK,66.700,0.44,15901.000006124377
6339,OK,53.900,0.44,15948.10001552105
6340,OK,52.800,0.44,15905.599982943386
6341,OK,50.100,0.44,15921.200043521821
6342,OK,49.500,0.44,15920.399979222566
6343,OK,53.800,0.44,15926.500025670975
6344,OK,56.500,0.44,15897.099976427853
6345,OK,54.100,0.44,15851.299976930022
6346,OK,46.400,0.44,15891.5999927558
6347,OK,30.200,0.44,15960.099990479648
6348,OK,42.300,0.44,15939.20000595972
6349,OK,39.800,0.44,15922.399994451553
6350,OK,31.700,0.44,15965.000027790666
6351,OK,41.400,0.44,15953.800000716
6352,OK,75.600,0.44,15876.699995715171
6353,OK,55.100,0.44,15902.199957054108
6354,OK,47.400,0.44,15997.300040908158
6355,OK,43.200,0.44,15907.90000045672
6356,OK,37.500,0.44,15955.40001289919
6357,OK,41.100,0.44,15911.600028630346
6358,OK,34.300,0.44,15970.400010701269
6359,OK,45.500,0.44,15930.800000205636
6360,OK,44.200,0.44,15894.400014076382
6361,OK,49.800,0.44,15900.300000794232
6362,OK,44.200,0.44,15948.10001552105
6363,OK,59.400,0.44,15880.499966442585
6364,OK,85.300,0.44,15897.799981757998
6365,OK,55.800,0.44,15865.600027609617
6366,OK,49.200,0.44,15921.700047329068
6367,OK,56.700,0.44,15931.100002489984
6368,OK,41.900,0.44,15872.300020419061
6369,OK,51.600,0.44,15975.499991327524
6370,OK,47.800,0.44,15928.899985738099
6371,OK,52.500,0.44,15932.000009343028
6372,OK,59.100,0.44,15839.90000654012
6373,OK,49.600,0.44,15986.599959433079
6374,OK,60.300,0.44,15829.199983272702
6375,OK,55.700,0.44,15863.100008573383
6376,OK,54.200,0.44,15912.200033199042
6377,OK,52.800,0.44,15925.199957564473
6378,OK,63.800,0.44,15908.300003502518
6379,OK,68.400,0.44,15887.30001822114
6380,OK,51.800,0.44,15866.50003446266
6381,OK,54.700,0.44,15969.900006894022
6382,OK,49.200,0.44,15884.19999461621
6383,OK,59.400,0.44,15916.700009256601
6384,OK,44.300,0.44,15946.60000409931
6385,OK,46.700,0.44,15883.899992331862
6386,OK,53.900,0.44,15948.10001552105
6387,OK,54.500,0.44,15914.699994027615
6388,OK,55.500,0.44,15919.90003362298
6389,OK,53.300,0.44,15883.199987001717
6390,OK,56.500,0.44,15905.299980659038
6391,OK,55.600,0.44,15916.200005449355
6392,OK,54.000,0.44,15884.899999946356
6393,OK,41.400,0.44,15918.50002296269
6394,OK,39.000,0.44,15898.199984803796
6395,OK,45.900,0.44,15961.500001139939
6396,OK,46.200,0.44,15936.09998235479
6397,OK,53.100,0.44,15899.19999241829
6398,OK,55.800,0.44,15969.400003086776
6399,OK,71.300,0.44,15787.800017278641
6400,OK,62.100,0.44,15860.299987252802
6401,OK,73.400,0.44,15798.899985384196
6402,OK,46.500,0.44,15933.30001924187
6403,OK,47.700,0.44,15931.900008581579
6404,OK,69.600,0.44,15963.700017891824
6405,OK,53.600,0.44,15836.099977605045
6406,OK,66.100,0.44,15906.299988273531
6407,OK,54.900,0.44,15913.89998793602
6408,OK,48.900,0.44,15849.399962462485
6409,OK,49.800,0.44,15927.30003176257
6410,OK,83.000,0.44,15866.60003522411
6411,OK,54.800,0.44,15909.900015685707
6412,OK,58.900,0.44,15941.600024234504
6413,OK,57.300,0.44,15919.199970085174
6414,OK,54.100,0.44,15899.19999241829
6415,OK,47.700,0.44,15918.899967800826
6416,OK,75.500,0.44,15894.399955868721
6417,OK,44.000,0.44,15900.50000231713
6418,OK,43.900,0.44,15887.500019744039
6419,OK,47.000,0.44,15927.40003252402
6420,OK,46.100,0.44,15960.399992763996
6421,OK,67.000,0.44,15969.400003086776
6422,OK,59.400,0.44,15896.400029305369
6423,OK,52.100,0.44,15856.999962124974
6424,OK,49.200,0.44,15921.499987598509
6425,OK,50.600,0.44,15996.999980416149
6426,OK,80.000,0.44,15859.10003632307
6427,OK,148.900,0.44,15690.600033849478
6428,OK,46.300,0.44,15979.20001950115
6429,OK,46.400,0.44,15934.6999716945
6430,OK,56.700,0.44,15910.400019492954
6431,OK,68.400,0.44,15922.8999982588
6432,OK,55.200,0.44,15888.500027358532
6433,OK,56.500,0.44,15907.099994365126
6434,OK,56.100,0.44,15881.000028457493
6435,OK,48.100,0.44,15904.099971521646
6436,OK,46.300,0.44,15892.900002654642
6437,OK,45.000,0.44,15922.599995974451
6438,OK,47.100,0.44,15945.199993439019
6439,OK,59.900,0.44,15892.700001131743
6440,OK,48.500,0.44,15905.299980659038
6441,OK,48.100,0.44,15929.999994114041
6442,OK,52.200,0.44,15922.299993690103
6443,OK,52.800,0.44,15931.899950373918
6444,OK,59.500,0.44,15871.800016611814
6445,OK,49.000,0.44,15961.19999885559
6446,OK,48.100,0.44,15881.100029218942
6447,OK,44.500,0.44,15935.600036755204
6448,OK,50.700,0.44,15927.699976600707
6449,OK,43.200,0.44,15934.70002990216
6450,OK,41.400,0.44,15931.400004774332
6451,OK,43.500,0.44,15939.400007482618
6452,OK,42.300,0.44,15928.000037092716
6453,OK,59.700,0.44,15871.700015850365
6454,OK,42.500,0.44,15910.000016447157
6455,OK,37.700,0.44,15941.500023473054
6456,OK,41.300,0.44,15934.799972455949
6457,OK,44.900,0.44,15919.599973130971
6458,OK,39.800,0.44,15981.89998185262
6459,OK,107.000,0.44,15776.999993249774
6460,OK,42.300,0.44,15937.099989969283
6461,OK,56.000,0.44,15912.999981082976
6462,OK,62.900,0.44,15884.599997662008
6463,OK,57.600,0.44,15879.200014751405
6464,OK,103.900,0.44,15917.699958663434
6465,OK,74.000,0.44,15829.599986318499
6466,OK,71.600,0.44,15869.000053498894
6467,OK,45.300,0.44,15951.999987009913
6468,OK,132.900,0.44,15757.900022435933
6469,OK,49.100,0.44,15916.9000107795
6470,OK,44.600,0.44,15926.000021863729
6471,OK,44.700,0.44,15889.999980572611
6472,OK,42.600,0.44,15889.699978288263
6473,OK,38.300,0.44,15942.699974402785
6474,OK,39.600,0.44,16049.399971961975
6475,OK,154.800,0.44,15717.000002041459
6476,OK,56.500,0.44,15827.500028535724
6477,OK,104.100,0.44,15922.099992167205
6478,OK,63.700,0.44,15924.600011203438
6479,OK,62.500,0.44,15859.10003632307
6480,OK,64.100,0.44,15870.400005951524
6481,OK,72.300,0.44,15870.800008997321
6482,OK,76.800,0.44,15934.6999716945
6483,OK,77.200,0.44,15848.799957893789
6484,OK,74.400,0.44,15879.300015512854
6485,OK,79.700,0.44,15877.500001806766
6486,OK,86.200,0.44,15859.500039368868
6487,OK,90.100,0.44,15846.299997065216
6488,OK,82.600,0.44,15907.399996649474
6489,OK,94.800,0.44,15807.999996468425
6490,OK,81.800,0.44,15885.90000756085
6491,OK,80.000,0.44,15847.000002395362
6492,OK,75.800,0.44,15863.200009334832
6493,OK,75.100,0.44,15889.900038018823
6494,OK,75.000,0.44,15901.900012977421
6495,OK,77.300,0.44,15834.500023629516
6496,OK,76.000,0.44,15896.20002778247
6497,OK,81.500,0.44,15839.700005017221
6498,OK,84.000,0.44,16623.3999771066
6499,OK,108.500,0.44,15093.300025910139
6500,OK,106.900,0.44,15818.699961528182
6501,OK,74.200,0.44,15797.399973962456
6502,OK,76.500,0.44,15722.000040113926
6503,OK,49.100,0.44,15967.700048349798
6504,OK,92.600,0.44,15860.4999887757
6505,OK,79.600,0.44,15863.800013903528
6506,OK,81.600,0.44,15899.09999165684
6507,OK,60.300,0.44,15872.899966780096
6508,OK,45.600,0.44,15919.099969323725
6509,OK,51.700,0.44,15910.699963569641
6510,OK,44.200,0.44,16020.899987779558
6511,OK,52.900,0.44,15896.000026259571
6512,OK,46.200,0.44,15928.70004242286
6513,OK,46.000,0.44,15864.600019995123
6514,OK,56.000,0.44,15915.199997834861
6515,OK,50.500,0.44,15906.099986750633
6516,OK,43.200,0.44,15941.399964503944
6517,OK,58.100,0.44,15914.999996311963
6518,OK,44.600,0.44,15955.40001289919
6519,OK,56.900,0.44,15855.200006626546
6520,OK,33.900,0.44,15944.699989631772
6521,OK,37.500,0.44,15933.19996027276
6522,OK,35.600,0.44,15949.200023896992
6523,OK,37.200,0.44,15958.900039549917
6524,OK,160.900,0.44,15705.699974205345
6525,OK,51.500,0.44,15932.400012388825
6526,OK,50.600,0.44,15920.300036668777
6527,OK,63.300,0.44,15953.399997670203
6528,OK,64.900,0.44,15836.200036574155
6529,OK,75.300,0.44,15875.799988862127
6530,OK,53.000,0.44,15939.700009766966
6531,OK,43.200,0.44,15913.700044620782
6532,OK,43.500,0.44,15925.500018056482
6533,OK,111.200,0.44,15807.19999037683
6534,OK,55.300,0.44,15906.49998979643
6535,OK,91.300,0.44,15877.900004852563
6536,OK,56.100,0.44,15862.00000019744
6537,OK,52.700,0.44,15924.500010441989
6538,OK,60.500,0.44,15907.499997410923
6539,OK,62.000,0.44,15887.299960013479
6540,OK,56.800,0.44,15921.599988359958
6541,OK,55.400,0.44,15940.100012812763
6542,OK,65.700,0.44,15862.400003243238
6543,OK,78.500,0.44,15792.799997143447
6544,OK,59.600,0.44,15895.800024736673
6545,OK,49.900,0.44,15982.699987944216
6546,OK,41.300,0.44,16123.300010804087
6547,OK,46.500,0.44,15928.999986499548
6548,OK,56.000,0.44,15891.000046394765
6549,OK,56.200,0.44,16064.700030256063
6550,OK,91.200,0.44,15927.599975839257
6551,OK,77.600,0.44,15845.999994780868
6552,OK,106.300,0.44,15551.500022411346
6553,OK,123.500,0.44,15752.599982079118
6554,OK,81.800,0.44,15814.999991562217
6555,OK,47.200,0.44,16137.49994430691
6556,OK,50.600,0.44,16016.2000101991
6557,OK,50.000,0.44,15743.400028441101
6558,OK,63.700,0.44,16057.69997695461
6559,OK,96.900,0.44,16055.000014603138
6560,OK,125.800,0.44,15521.900029852986
6561,OK,126.000,0.44,15548.800001852214
6562,OK,151.100,0.44,15807.499992661178
6563,OK,102.400,0.44,15798.699983861297
6564,OK,120.800,0.44,15870.90000975877
6565,OK,105.700,0.44,15738.399990368634
6566,OK,115.000,0.44,15665.00001354143
6567,OK,59.100,0.44,15951.499983202666
6568,OK,114.500,0.44,15671.700006350875
6569,OK,51.700,0.44,15924.699953757226
6570,OK,40.600,0.44,15942.699974402785
6571,OK,81.600,0.44,15902.300016023219
6572,OK,53.300,0.44,15866.300032939762
6573,OK,47.900,0.44,15947.699954267591
6574,OK,47.900,0.44,15889.299975242466
6575,OK,58.600,0.44,15927.999978885055
6576,OK,53.000,0.44,15928.199980407953
6577,OK,47.400,0.44,15942.999976687133
6578,OK,52.200,0.44,15967.899991665035
6579,OK,64.000,0.44,15864.100016187876
6580,OK,54.600,0.44,15912.699978798628
6581,OK,63.300,0.44,15897.400036919862
6582,OK,66.900,0.44,15906.099986750633
6583,OK,61.300,0.44,15915.700001642108
6584,OK,50.700,0.44,15819.899970665574
6585,OK,53.200,0.44,15898.199984803796
6586,OK,28.500,0.44,15978.300012648106
6587,OK,29.900,0.44,15965.500031597912
6588,OK,30.800,0.44,15931.60000629723
6589,OK,38.000,0.44,15980.300027877092
6590,OK,53.700,0.44,15912.100032437593
6591,OK,53.900,0.44,15919.000026769936
6592,OK,57.100,0.44,15876.199991907924
6593,OK,49.500,0.44,15926.699968986213
6594,OK,54.100,0.44,15916.69995104894
6595,OK,58.900,0.44,15877.500001806766
6596,OK,71.200,0.44,15924.399951472878
6597,OK,59.200,0.44,15901.199949439615
6598,OK,50.300,0.44,15914.599993266165
6599,OK,54.400,0.44,15877.199999522418
6600,OK,73.100,0.44,15755.4000033997
6601,OK,63.600,0.44,15996.100031770766
6602,OK,132.200,0.44,15469.900041352957
6603,OK,82.100,0.44,15824.600006453693
6604,OK,55.000,0.44,16000.100004021078
6605,OK,41.500,0.44,15912.699978798628
6606,OK,42.700,0.44,15893.000003416091
6607,OK,72.600,0.44,15908.00000121817
6608,OK,40.700,0.44,15915.900003165007
6609,OK,46.800,0.44,15937.399992253631
6610,OK,53.600,0.44,15911.799971945584
6611,OK,103.700,0.44,15875.499986577779
6612,OK,57.500,0.44,15905.899985227734
6613,OK,58.900,0.44,15897.49997947365
6614,OK,56.300,0.44,15886.499953921884
6615,OK,44.600,0.44,15941.600024234504
6616,OK,53.300,0.44,15916.199947241694
6617,OK,55.400,0.44,15866.699977777898
6618,OK,57.000,0.44,15965.099970344454
6619,OK,53.800,0.44,15844.499983359128
6620,OK,52.600,0.44,15933.10001771897
6621,OK,53.200,0.44,15954.0000022389
6622,OK,56.300,0.44,15903.5999677144
6623,OK,64.900,0.44,15898.99999089539
6624,OK,62.100,0.44,15919.89997541532
6625,OK,56.900,0.44,15842.400025576353
6626,OK,76.100,0.44,15797.100029885769
6627,OK,62.900,0.44,16005.200042854995
6628,OK,49.500,0.44,15840.200008824468
6629,OK,49.500,0.44,15997.300040908158
6630,OK,74.900,0.44,15916.9000107795
6631,OK,55.800,0.44,15881.40003150329
6632,OK,56.500,0.44,15830.89999621734
6633,OK,59.100,0.44,15910.400019492954
6634,OK,111.800,0.44,15821.399982087314
6635,OK,43.800,0.44,15916.000003926456
6636,OK,39.600,0.44,15949.099964927882
6637,OK,86.600,0.44,15842.299966607243
6638,OK,42.300,0.44,15891.000046394765
6639,OK,59.900,0.44,16013.09998659417
6640,OK,49.100,0.44,15917.499957140535
6641,OK,47.400,0.44,15883.199987001717
6642,OK,45.300,0.44,15906.299988273531
6643,OK,46.500,0.44,15935.099974740297
6644,OK,51.900,0.44,15951.999987009913
6645,OK,84.400,0.44,15810.899960342795
6646,OK,52.800,0.44,15890.699985902756
6647,OK,47.100,0.44,15887.40001898259
6648,OK,47.400,0.44,15957.999974489212
6649,OK,49.600,0.44,15939.600009005517
6650,OK,54.500,0.44,15863.100008573383
6651,OK,52.200,0.44,15947.79995502904
6652,OK,65.200,0.44,15893.900010269135
6653,OK,85.300,0.44,15878.30000789836
6654,OK,52.800,0.44,15915.39999935776
6655,OK,53.200,0.44,15949.699969496578
6656,OK,53.800,0.44,15868.799993768334
6657,OK,57.700,0.44,15897.299977950752
6658,OK,60.900,0.44,15884.799999184906
6659,OK,59.600,0.44,15934.899973217398
6660,OK,59.600,0.44,15889.800037257373
6661,OK,52.700,0.44,15928.899985738099
6662,OK,57.200,0.44,15890.20004030317
6663,OK,57.500,0.44,15863.999957218766
6664,OK,62.800,0.44,15905.20003810525
6665,OK,118.800,0.44,15832.40000763908
6666,OK,50.400,0.44,15918.19996247068
6667,OK,51.800,0.44,15918.100019916892
6668,OK,53.800,0.44,15929.399989545345
6669,OK,57.800,0.44,15862.10000095889
6670,OK,57.000,0.44,15871.200012043118
6671,OK,49.400,0.44,15934.4999701716
6672,OK,52.300,0.44,15902.900020591915
6673,OK,51.100,0.44,15927.30003176257
6674,OK,54.800,0.44,15911.099966615438
6675,OK,51.700,0.44,15925.899962894619
6676,OK,55.600,0.44,15907.699998933822
6677,OK,50.100,0.44,15908.600005786866
6678,OK,63.200,0.44,15911.699971184134
6679,OK,63.000,0.44,15882.499981671572
6680,OK,65.000,0.44,15964.499965775758
6681,OK,62.800,0.44,15836.69998217374
6682,OK,51.500,0.44,15913.099981844425
6683,OK,52.300,0.44,15921.899990644306
6684,OK,52.900,0.44,15914.299990981817
6685,OK,51.900,0.44,15916.600008495152
6686,OK,51.000,0.44,15893.900010269135
6687,OK,50.800,0.44,15905.499982181937
6688,OK,46.400,0.44,15948.800020851195
6689,OK,57.200,0.44,15891.999995801598
6690,OK,49.200,0.44,15951.499983202666
6691,OK,47.400,0.44,15890.599985141307
6692,OK,48.500,0.44,15917.899960186332
6693,OK,44.400,0.44,15931.100002489984
6694,OK,56.100,0.44,15910.199959762394
6695,OK,72.800,0.44,15913.599985651672
6696,OK,51.400,0.44,15910.199959762394
6697,OK,52.500,0.44,15910.400019492954
6698,OK,50.000,0.44,15910.300018731505
6699,OK,49.400,0.44,15910.300018731505
6700,OK,49.300,0.44,15960.099990479648
6701,OK,74.900,0.44,15794.600010849535
6702,OK,84.000,0.44,15882.500039879233
6703,OK,63.500,0.44,15853.299992159009
6704,OK,123.800,0.44,15755.899948999286
6705,OK,53.400,0.44,15988.599974662066
6706,OK,92.800,0.44,15867.399983108044
6707,OK,67.100,0.44,15903.3999661915
6708,OK,72.100,0.44,15924.599952995777
6709,OK,128.800,0.44,15674.299967940897
6710,OK,59.100,0.44,15883.799991570413
6711,OK,49.700,0.44,15949.29996645078
6712,OK,122.400,0.44,15829.599986318499
6713,OK,108.000,0.44,15768.199984449893
6714,OK,45.200,0.44,15956.299961544573
6715,OK,73.400,0.44,15838.999999687076
6716,OK,50.300,0.44,15854.199999012053
6717,OK,61.200,0.44,15891.399991232902
6718,OK,55.000,0.44,16100.000008009374
6719,OK,126.100,0.44,15646.300045773387
6720,OK,105.600,0.44,15748.900012113154
6721,OK,69.100,0.44,15902.500017546117
6722,OK,59.200,0.44,15922.199992928654
6723,OK,57.200,0.44,15821.399982087314
6724,OK,59.100,0.44,15947.000007145107
6725,OK,60.600,0.44,15870.600007474422
6726,OK,82.500,0.44,16207.799955736846
6727,OK,89.400,0.44,16957.10001513362
6728,OK,114.100,0.44,14828.899991698563
6729,OK,98.400,0.44,15390.200016554445
6730,OK,90.800,0.44,15824.400004930794
6731,OK,90.300,0.44,15881.700033787638
6732,OK,85.100,0.44,15816.900006029755
6733,OK,82.100,0.44,15867.299982346594
6734,OK,96.200,0.44,15834.500023629516
6735,OK,98.200,0.44,15849.200019147247
6736,OK,103.700,0.44,15858.399972785264
6737,OK,91.100,0.44,15833.90001906082
6738,OK,88.300,0.44,15843.199973460287
6739,OK,65.800,0.44,15907.099994365126
6740,OK,87.300,0.44,15868.099988438189
6741,OK,111.600,0.44,15817.100007552654
6742,OK,84.800,0.44,15841.800021007657
6743,OK,84.600,0.44,15877.199999522418
6744,OK,83.000,0.44,15864.400018472224
6745,OK,89.800,0.44,15860.999992582947
6746,OK,97.800,0.44,15828.600036911666
6747,OK,64.600,0.44,15879.400016274303
6748,OK,92.900,0.44,15866.400033701211
6749,OK,102.400,0.44,15846.499998588115
6750,OK,87.800,0.44,15907.599998172373
6751,OK,84.000,0.44,15818.300016690046
6752,OK,88.500,0.44,15875.499986577779
6753,OK,92.400,0.44,15842.69996965304
6754,OK,95.600,0.44,15858.900034800172
6755,OK,84.200,0.44,15830.499993171543
6756,OK,86.800,0.44,15839.200001209974
6757,OK,92.700,0.44,15858.099970500916
6758,OK,88.700,0.44,15857.900027185678
6759,OK,99.500,0.44,15823.5999988392
6760,OK,90.900,0.44,15881.100029218942
6761,OK,140.500,0.44,15755.000000353903
6762,OK,110.300,0.44,15941.399964503944
6763,OK,159.800,0.44,15626.200009137392
6764,OK,79.800,0.44,15890.699985902756
6765,OK,67.100,0.44,15887.40001898259
6766,OK,81.700,0.44,15847.800008486956
6767,OK,65.600,0.44,16113.399993628263
6768,OK,96.900,0.44,15612.500021234155
6769,OK,83.400,0.44,15850.100026000291
6770,OK,65.500,0.44,15868.299989961088
6771,OK,54.100,0.44,15937.999996822327
6772,OK,66.800,0.44,15907.699998933822
6773,OK,86.100,0.44,15848.80001610145
6774,OK,98.900,0.44,15855.200006626546
6775,OK,100.200,0.44,15837.1000434272
6776,OK,79.500,0.44,15886.000008322299
6777,OK,84.000,0.44,15928.299981169403
6778,OK,143.500,0.44,15702.200005762279
6779,OK,83.100,0.44,15831.400000024587
6780,OK,80.400,0.44,15874.599979724735
6781,OK,82.500,0.44,15858.99997735396
6782,OK,70.000,0.44,15945.20005164668
6783,OK,88.200,0.44,15809.500007890165
6784,OK,94.300,0.44,15819.500025827438
6785,OK,116.600,0.44,15758.600027766079
6786,OK,70.900,0.44,15891.7999942787
6787,OK,204.700,0.44,15855.700010433793
6788,OK,109.700,0.44,15734.200016595423
6789,OK,135.000,0.44,15792.39999409765
6790,OK,112.600,0.44,16162.600019015372
6791,OK,142.800,0.44,15443.700016476214
6792,OK,107.100,0.44,15805.500035639852
6793,OK,88.100,0.44,15871.00001052022
6794,OK,82.700,0.44,15851.899981498718
6795,OK,92.800,0.44,15864.400018472224
6796,OK,87.900,0.44,15837.599989026785
6797,OK,89.600,0.44,15865.499968640506
6798,OK,76.400,0.44,15862.200001720339
6799,OK,85.100,0.44,15877.600002568215
6800,OK,118.200,0.44,15830.699994694442
6801,OK,84.200,0.44,15642.600017599761
6802,OK,113.600,0.44,38280.20003857091
6803,OK,103.400,0.44,25528.399972245097
6804,OK,99.700,0.44,43178.09996427968
6805,OK,97.700,0.44,20387.09999760613
6806,OK,106.100,0.44,16630.199970677495
6807,OK,111.000,0.44,30868.700006976724
6808,OK,63.700,0.44,15899.19999241829
6809,OK,73.400,0.44,15876.399993430823
6810,OK,68.700,0.44,15861.699997913092
6811,OK,79.800,0.44,15892.499999608845
6812,OK,91.700,0.44,15858.000027947128
6813,OK,77.000,0.44,15881.899977102876
6814,OK,98.000,0.44,15868.699993006885
6815,OK,81.200,0.44,15831.00005518645
6816,OK,85.100,0.44,15835.099969990551
6817,OK,56.600,0.44,15935.399977024645
6818,OK,57.600,0.44,15905.600041151047
6819,OK,54.700,0.44,15910.99996585399
6820,OK,58.300,0.44,15911.600028630346
6821,OK,56.400,0.44,15920.899983029813
6822,OK,71.000,0.44,15852.799988351762
6823,OK,62.300,0.44,16160.099999979138
6824,OK,74.200,0.44,15729.199978522956
6825,OK,73.900,0.44,15830.000047571957
6826,OK,69.900,0.44,15808.900003321469
6827,OK,90.400,0.44,15855.700010433793
6828,OK,68.200,0.44,16174.099990166724
6829,OK,224.500,0.44,15422.999975271523
6830,OK,144.900,0.44,15621.500031556934
6831,OK,79.200,0.44,15851.69997997582
6832,OK,54.500,0.44,15892.600000370294
6833,OK,57.900,0.44,15915.800002403557
6834,OK,68.000,0.44,15884.29999537766
6835,OK,56.700,0.44,15913.199982605875
6836,OK,61.400,0.44,15910.300018731505
6837,OK,101.700,0.44,15863.50001161918
6838,OK,73.600,0.44,15849.000017624348
6839,OK,73.600,0.44,15857.900027185678
6840,OK,75.600,0.44,15877.400001045316
6841,OK,84.400,0.44,15864.599961787462
6842,OK,55.800,0.44,15931.999951135367
6843,OK,58.400,0.44,15939.400007482618
6844,OK,61.300,0.44,15843.199973460287
6845,OK,72.800,0.44,15911.499969661236
6846,OK,59.000,0.44,15890.29998285696
6847,OK,61.900,0.44,15909.599955193698
6848,OK,60.700,0.44,15898.400044534355
6849,OK,65.000,0.44,15875.39998581633
6850,OK,62.800,0.44,15880.900027696043
6851,OK,75.800,0.44,15896.299970336258
6852,OK,58.900,0.44,15883.899992331862
6853,OK,59.900,0.44,15934.6999716945
6854,OK,93.100,0.44,15894.999960437417
6855,OK,80.300,0.44,15860.399988014251
6856,OK,69.000,0.44,15918.29996323213
6857,OK,59.500,0.44,15865.999972447753
6858,OK,80.900,0.44,15898.399986326694
6859,OK,63.900,0.44,15831.199998501688
6860,OK,61.900,0.44,15926.700027193874
6861,OK,64.500,0.44,15881.19997177273
6862,OK,80.900,0.44,15872.100018896163
6863,OK,89.600,0.44,15859.799983445555
6864,OK,87.400,0.44,15870.300005190074
6865,OK,77.400,0.44,15909.700014162809
6866,OK,129.900,0.44,15881.700033787638
6867,OK,64.300,0.44,15784.599992912263
6868,OK,81.600,0.44,15809.000004082918
6869,OK,80.800,0.44,15841.100015677512
6870,OK,79.600,0.44,15901.300008408725
6871,OK,78.000,0.44,15871.500014327466
6872,OK,77.200,0.44,15873.699972871691
6873,OK,59.900,0.44,15857.60002490133
6874,OK,80.200,0.44,15889.799979049712
6875,OK,93.600,0.44,15873.399970587343
6876,OK,59.500,0.44,15880.800026934594
6877,OK,84.800,0.44,15813.699981663376
6878,OK,75.800,0.44,15937.000047415495
6879,OK,82.600,0.44,15862.700005527586
6880,OK,80.500,0.44,15884.499996900558
6881,OK,73.500,0.44,15850.999974645674
6882,OK,73.500,0.44,15881.000028457493
6883,OK,53.100,0.44,15881.29997253418
6884,OK,56.700,0.44,15972.799970768392
6885,OK,58.500,0.44,15849.800023715943
6886,OK,86.500,0.44,15852.099983021617
6887,OK,58.400,0.44,15885.399945545942
6888,OK,62.000,0.44,15915.700001642108
6889,OK,64.600,0.44,15898.699988611042
6890,OK,72.000,0.44,15853.000048082322
6891,OK,60.200,0.44,15957.299969159067
6892,OK,77.000,0.44,15820.200031157583
6893,OK,60.900,0.44,15906.39998903498
6894,OK,58.100,0.44,15979.1000187397
6895,OK,56.800,0.44,15906.899992842227
6896,OK,63.400,0.44,15868.0000458844
6897,OK,70.500,0.44,15896.599972620606
6898,OK,73.900,0.44,15864.800021518022
6899,OK,59.500,0.44,15917.599957901984
6900,OK,77.200,0.44,15826.400020159781
6901,OK,108.300,0.44,15674.399968702346
6902,OK,84.000,0.44,15861.199994105846
6903,OK,101.200,0.44,15832.000004593283
6904,OK,84.100,0.44,15880.099963396788
6905,OK,86.800,0.44,15889.700036495924
6906,OK,73.100,0.44,15807.19999037683
6907,OK,60.100,0.44,15944.89999115467
6908,OK,93.400,0.44,15878.600010182709
6909,OK,65.200,0.44,15842.400025576353
6910,OK,64.000,0.44,15931.80000782013
6911,OK,78.200,0.44,15854.900004342198
6912,OK,69.500,0.44,15910.199959762394
6913,OK,80.900,0.44,15870.100003667176
6914,OK,82.600,0.44,15826.400020159781
6915,OK,60.300,0.44,15953.699999954551
6916,OK,66.900,0.44,15852.200041990727
6917,OK,85.700,0.44,15923.700004350394
6918,OK,75.400,0.44,15818.89996305108
6919,OK,61.200,0.44,16003.500029910356
6920,OK,78.200,0.44,15878.800011705607
6921,OK,102.400,0.44,15736.000030301511
6922,OK,63.900,0.44,15890.09998133406
6923,OK,61.400,0.44,15869.700000621378
6924,OK,71.500,0.44,15906.800050288439
6925,OK,58.000,0.44,15927.30003176257
6926,OK,76.500,0.44,15826.100017875433
6927,OK,61.900,0.44,15891.69999351725
6928,OK,89.600,0.44,15923.500002827495
6929,OK,69.200,0.44,15896.800032351166
6930,OK,63.000,0.44,15852.099983021617
6931,OK,70.600,0.44,15902.300016023219
6932,OK,60.700,0.44,15839.100000448525
6933,OK,52.000,0.44,15911.599970422685
6934,OK,47.900,0.44,15929.799992591143
6935,OK,75.700,0.44,15868.199989199638
6936,OK,81.600,0.44,15906.39998903498
6937,OK,56.000,0.44,15905.799984466285
6938,OK,49.800,0.44,15898.399986326694
6939,OK,48.800,0.44,15918.30002143979
6940,OK,56.800,0.44,15887.600020505488
6941,OK,57.700,0.44,15956.80002355948
6942,OK,65.000,0.44,15882.999985478818
6943,OK,55.700,0.44,15948.999964166433
6944,OK,52.500,0.44,15924.40000968054
6945,OK,64.500,0.44,15897.999983280897
6946,OK,53.600,0.44,15905.199979897588
6947,OK,49.800,0.44,15929.099987260997
6948,OK,65.700,0.44,15855.99995451048
6949,OK,100.600,0.44,15874.300035648048
6950,OK,54.300,0.44,15908.400004263967
6951,OK,51.600,0.44,15914.10004766658
6952,OK,52.200,0.44,15894.200012553483
6953,OK,58.800,0.44,15954.900009091944
6954,OK,89.600,0.44,15743.300027679652
6955,OK,50.200,0.44,15906.899992842227
6956,OK,73.400,0.44,15866.50003446266
6957,OK,66.500,0.44,15946.200001053512
6958,OK,67.200,0.44,15858.300030231476
6959,OK,66.500,0.44,17375.499999616295
6960,OK,126.200,0.44,14341.69994900003
6961,OK,92.800,0.44,15999.90000249818
6962,OK,132.200,0.44,15659.10002682358
6963,OK,53.600,0.44,15942.0000272803
6964,OK,71.700,0.44,15883.199987001717
6965,OK,54.500,0.44,15905.400039628148
6966,OK,52.100,0.44,15895.099961198866
6967,OK,99.400,0.44,15768.79998901859
6968,OK,61.100,0.44,15923.900005873293
6969,OK,50.400,0.44,15913.600043859333
6970,OK,50.200,0.44,15961.29999961704
6971,OK,51.000,0.44,15875.499986577779
6972,OK,50.300,0.44,15916.200005449355
6973,OK,52.900,0.44,15927.19997279346
6974,OK,60.900,0.44,15934.4999701716
6975,OK,53.900,0.44,15882.999985478818
6976,OK,51.400,0.44,15974.399982951581
6977,OK,48.500,0.44,15870.600007474422
6978,OK,45.400,0.44,15918.50002296269
6979,OK,42.900,0.44,15899.399993941188
6980,OK,35.100,0.44,15998.199989553541
6981,OK,36.200,0.44,15951.699984725565
6982,OK,42.200,0.44,15951.200039125979
6983,OK,51.100,0.44,15839.400002732873
6984,OK,48.000,0.44,15947.800013236701
6985,OK,48.700,0.44,15914.799994789064
6986,OK,49.000,0.44,15896.999975666404
6987,OK,38.100,0.44,15983.099990990013
6988,OK,127.000,0.44,15764.000010676682
6989,OK,66.500,0.44,15930.499997921288
6990,OK,51.900,0.44,15913.400042336434
6991,OK,56.100,0.44,15865.400026086718
6992,OK,58.700,0.44,15944.100043270737
6993,OK,91.800,0.44,15799.100045114756
6994,OK,54.800,0.44,15905.1000373438
6995,OK,55.900,0.44,15920.299978461117
6996,OK,46.700,0.44,15921.699989121407
6997,OK,47.000,0.44,15924.30000891909
6998,OK,98.600,0.44,15807.499992661178
6999,OK,89.800,0.44,15943.39997973293
7000,OK,52.200,0.44,15909.200010355562
7001,OK,52.700,0.44,15812.099969480187
7002,OK,55.200,0.44,15944.699989631772
7003,OK,73.200,0.44,15793.90000551939
7004,OK,66.800,0.44,15847.20000391826
7005,OK,42.400,0.44,15938.199998345226
7006,OK,49.200,0.44,15975.400048773736
7007,OK,112.100,0.44,15761.399990879
7008,OK,52.900,0.44,15928.80004318431
7009,OK,59.200,0.44,15912.100032437593
7010,OK,63.600,0.44,15849.099960178137
7011,OK,58.800,0.44,15944.399987347424
7012,OK,57.500,0.44,15844.800043851137
7013,OK,59.900,0.44,15881.599974818528
7014,OK,46.900,0.44,15937.799995299429
7015,OK,43.500,0.44,15917.700016871095
7016,OK,88.200,0.44,15857.000020332634
7017,OK,72.300,0.44,15856.600017286837
7018,OK,77.800,0.44,15855.500008910894
7019,OK,74.600,0.44,15890.499984379858
7020,OK,92.700,0.44,15868.699993006885
7021,OK,75.900,0.44,15896.000026259571
7022,OK,91.300,0.44,15898.199984803796
7023,OK,62.200,0.44,15914.399991743267
7024,OK,65.400,0.44,15865.999972447753
7025,OK,91.000,0.44,15840.300009585917
7026,OK,76.000,0.44,15859.299979638308
7027,OK,64.500,0.44,15903.899969998747
7028,OK,81.400,0.44,15883.499989286065
7029,OK,76.000,0.44,15855.100005865097
7030,OK,86.700,0.44,15881.30003074184
7031,OK,88.600,0.44,15840.500011108816
7032,OK,81.800,0.44,15911.1000248231
7033,OK,90.300,0.44,15792.099991813302
7034,OK,80.600,0.44,15870.300005190074
7035,OK,89.600,0.44,15836.299979127944
7036,OK,82.200,0.44,15866.39997549355
7037,OK,88.200,0.44,15859.999984968454
7038,OK,85.400,0.44,15871.400013566017
7039,OK,60.300,0.44,15892.700001131743
7040,OK,54.300,0.44,15905.399981420487
7041,OK,79.500,0.44,15867.499983869493
7042,OK,90.000,0.44,15866.899979300797
7043,OK,95.800,0.44,15904.99997837469
7044,OK,94.500,0.44,15787.90001804009
7045,OK,93.900,0.44,15876.099991146475
7046,OK,57.700,0.44,15907.199995126575
7047,OK,49.700,0.44,15910.400019492954
7048,OK,53.000,0.44,15837.099985219538
7049,OK,57.000,0.44,15959.89998895675
7050,OK,41.900,0.44,15910.399961285293
7051,OK,38.100,0.44,15972.400025930256
7052,OK,61.500,0.44,15881.699975579977
7053,OK,50.500,0.44,15990.200045052916
7054,OK,53.300,0.44,15968.399995472282
7055,OK,72.700,0.44,15885.500004515052
7056,OK,130.700,0.44,15693.30005440861
7057,OK,64.600,0.44,15912.199974991381
7058,OK,62.100,0.44,15887.500019744039
7059,OK,54.200,0.44,15945.09999267757
7060,OK,54.600,0.44,15820.900036487728
7061,OK,73.300,0.44,15860.60004774481
7062,OK,47.200,0.44,15990.600048098713
7063,OK,50.600,0.44,15888.299967627972
7064,OK,98.100,0.44,15892.199997324497
7065,OK,57.200,0.44,15805.999981239438
7066,OK,46.600,0.44,15999.600000213832
7067,OK,59.300,0.44,15870.79995078966
7068,OK,49.700,0.44,15936.900046654046
7069,OK,53.400,0.44,15914.599993266165
7070,OK,57.600,0.44,15889.199974481016
7071,OK,44.900,0.44,15939.10000519827
7072,OK,61.100,0.44,15909.300011117011
7073,OK,60.500,0.44,15875.60004554689
7074,OK,72.400,0.44,15999.700000975281
7075,OK,70.900,0.44,15883.100044447929
7076,OK,64.800,0.44,16065.0999750942
7077,OK,81.900,0.44,15631.799993570894
7078,OK,106.000,0.44,16105.299990158528
7079,OK,152.100,0.44,15520.700020715594
7080,OK,63.400,0.44,15857.80002642423
7081,OK,56.300,0.44,15838.39999511838
7082,OK,42.200,0.44,16353.000013623387
7083,OK,50.400,0.44,15873.999975156039
7084,OK,58.500,0.44,15888.099966105074
7085,OK,61.200,0.44,15785.199997480959
7086,OK,69.200,0.44,15778.900007717311
7087,OK,78.500,0.44,15920.799982268363
7088,OK,88.200,0.44,15870.90000975877
7089,OK,136.100,0.44,15698.600036557764
7090,OK,82.300,0.44,15774.200030136853
7091,OK,74.300,0.44,15859.799983445555
7092,OK,52.100,0.44,15917.600016109645
7093,OK,50.000,0.44,15849.599963985384
7094,OK,40.700,0.44,15951.800043694675
7095,OK,62.800,0.44,15904.300031252205
7096,OK,46.800,0.44,15978.400013409555
7097,OK,48.100,0.44,15911.1000248231
7098,OK,50.800,0.44,15940.60001662001
7099,OK,63.800,0.44,15833.600016776472
7100,OK,76.000,0.44,15917.200013063848
7101,OK,58.400,0.44,15777.49999705702
7102,OK,49.800,0.44,16005.499986931682
7103,OK,61.000,0.44,15878.700010944158
7104,OK,54.000,0.44,15899.799996986985
7105,OK,55.300,0.44,15869.900002144277
7106,OK,54.300,0.44,15949.100023135543
7107,OK,52.700,0.44,15917.799959424883
7108,OK,52.100,0.44,15862.300002481788
7109,OK,73.700,0.44,15941.799967549741
7110,OK,93.500,0.44,15854.800003580749
7111,OK,57.000,0.44,15922.999999020249
7112,OK,41.700,0.44,15897.199977189302
7113,OK,54.400,0.44,15910.89996509254
7114,OK,42.800,0.44,15940.200013574213
7115,OK,43.300,0.44,15920.00003438443
7116,OK,43.500,0.44,15886.200009845197
7117,OK,44.700,0.44,15976.800001226366
7118,OK,46.600,0.44,15934.4999701716
7119,OK,44.000,0.44,15914.999996311963
7120,OK,55.800,0.44,15816.900006029755
7121,OK,62.600,0.44,15986.400016117841
7122,OK,49.800,0.44,15918.900026008487
7123,OK,44.500,0.44,15876.399993430823
7124,OK,71.600,0.44,15892.299998085946
7125,OK,41.000,0.44,15931.69994885102
7126,OK,41.800,0.44,15923.600003588945
7127,OK,56.100,0.44,15923.500002827495
7128,OK,35.100,0.44,15901.89995476976
7129,OK,39.800,0.44,15989.799983799458
7130,OK,54.500,0.44,15887.699963059276
7131,OK,53.100,0.44,15917.800017632544
7132,OK,51.800,0.44,15881.499974057078
7133,OK,52.700,0.44,15950.79997787252
7134,OK,54.000,0.44,15897.899982519448
7135,OK,56.500,0.44,15926.500025670975
7136,OK,54.600,0.44,15917.200013063848
7137,OK,75.100,0.44,15877.500001806766
7138,OK,69.000,0.44,15826.60002168268
7139,OK,53.700,0.44,15945.499995723367
7140,OK,53.800,0.44,15884.699998423457
7141,OK,40.800,0.44,15978.099952917546
7142,OK,68.700,0.44,15924.09994918853
7143,OK,51.400,0.44,15928.499982692301
7144,OK,52.900,0.44,15897.399978712201
7145,OK,54.100,0.44,15928.399981930852
7146,OK,57.100,0.44,15913.399984128773
7147,OK,55.100,0.44,15874.999982770532
7148,OK,51.200,0.44,15846.099995542318
7149,OK,45.000,0.44,15921.799989882857
7150,OK,60.300,0.44,15961.29999961704
7151,OK,47.500,0.44,15856.999962124974
7152,OK,54.100,0.44,15949.200023896992
7153,OK,67.100,0.44,15880.700026173145
7154,OK,66.500,0.44,15976.800001226366
7155,OK,53.600,0.44,15886.200009845197
7156,OK,54.900,0.44,15934.900031425059
7157,OK,55.800,0.44,15885.600005276501
7158,OK,81.000,0.44,15826.800023205578
7159,OK,63.900,0.44,15842.700027860701
7160,OK,43.900,0.44,15946.60000409931
7161,OK,39.100,0.44,15950.800036080182
7162,OK,45.100,0.44,15975.399990566075
7163,OK,46.200,0.44,15906.39998903498
7164,OK,52.800,0.44,15958.39997753501
7165,OK,70.400,0.44,15855.100005865097
7166,OK,56.400,0.44,15845.69999249652
7167,OK,65.800,0.44,15890.29998285696
7168,OK,46.700,0.44,15960.699995048344
7169,OK,50.100,0.44,15857.59996669367
7170,OK,55.000,0.44,15883.599990047514
7171,OK,56.700,0.44,15972.100023645908
7172,OK,52.700,0.44,15915.099997073412
7173,OK,48.800,0.44,15906.300046481192
7174,OK,47.500,0.44,15885.100001469254
7175,OK,61.200,0.44,15884.39999613911
7176,OK,47.900,0.44,15955.700015183538
7177,OK,72.500,0.44,15917.500015348196
7178,OK,69.900,0.44,15870.69995002821
7179,OK,63.900,0.44,15802.600013557822
7180,OK,45.300,0.44,15997.199981939048
7181,OK,61.200,0.44,15958.799980580807
7182,OK,48.100,0.44,15940.200013574213
7183,OK,58.100,0.44,15862.10000095889
7184,OK,52.600,0.44,15911.499969661236
7185,OK,55.500,0.44,15862.600004766136
7186,OK,52.900,0.44,15881.100029218942
7187,OK,54.700,0.44,15866.999980062246
7188,OK,46.200,0.44,15990.99999293685
7189,OK,40.400,0.44,15935.199975501746
7190,OK,52.000,0.44,15921.099984552711
7191,OK,54.800,0.44,15928.199980407953
7192,OK,58.600,0.44,15924.900013487786
7193,OK,78.000,0.44,15839.500003494322
7194,OK,101.500,0.44,15791.899990290403
7195,OK,66.800,0.44,15851.299976930022
7196,OK,44.200,0.44,15919.099969323725
7197,OK,54.300,0.44,15930.399997159839
7198,OK,42.400,0.44,15950.89997863397
7199,OK,47.400,0.44,15911.00002406165
7200,OK,42.600,0.44,15916.299948003143
7201,OK,55.100,0.44,15850.600029807538
7202,OK,66.600,0.44,15877.199999522418
7203,OK,44.200,0.44,15913.499984890223
7204,OK,77.600,0.44,15840.400010347366
7205,OK,54.400,0.44,15916.200005449355
7206,OK,44.400,0.44,15939.600009005517
7207,OK,61.000,0.44,15929.299988783896
7208,OK,53.300,0.44,15915.600000880659
7209,OK,54.400,0.44,15919.700032100081
7210,OK,58.800,0.44,15837.099985219538
7211,OK,53.200,0.44,15972.900029737502
7212,OK,57.100,0.44,15851.200034376234
7213,OK,53.800,0.44,15970.19995097071
7214,OK,59.100,0.44,15892.900002654642
7215,OK,51.500,0.44,15929.299988783896
7216,OK,64.600,0.44,15894.100011792034
7217,OK,55.100,0.44,15913.79998717457
7218,OK,70.800,0.44,15748.899953905493
7219,OK,77.000,0.44,15949.40002541989
7220,OK,70.600,0.44,15830.89999621734
7221,OK,88.400,0.44,15852.499986067414
7222,OK,62.400,0.44,15883.299987763166
7223,OK,84.500,0.44,15878.40000865981
7224,OK,76.300,0.44,15886.900015175343
7225,OK,68.400,0.44,15888.799971435219
7226,OK,52.500,0.44,15903.999970760196
7227,OK,63.600,0.44,15919.299970846623
7228,OK,120.800,0.44,15784.300048835576
7229,OK,63.400,0.44,15983.899997081608
7230,OK,51.400,0.44,15810.499957296997
7231,OK,59.700,0.44,15959.599986672401
7232,OK,57.200,0.44,15890.999988187104
7233,OK,57.400,0.44,15917.300013825297
7234,OK,75.300,0.44,15872.800024226308
7235,OK,61.700,0.44,15900.400001555681
7236,OK,53.100,0.44,15962.200006470084
7237,OK,125.200,0.44,15801.899950020015
7238,OK,68.700,0.44,15805.79997971654
7239,OK,55.800,0.44,15971.400018315762
7240,OK,59.000,0.44,15858.300030231476
7241,OK,51.100,0.44,15888.499969150871
7242,OK,47.600,0.44,15921.799989882857
7243,OK,50.100,0.44,15920.200035907328
7244,OK,49.400,0.44,15920.299978461117
7245,OK,46.600,0.44,15917.400014586747
7246,OK,50.900,0.44,15933.400020003319
7247,OK,63.900,0.44,15885.200002230704
7248,OK,51.000,0.44,15859.899984207004
7249,OK,43.800,0.44,15943.000034894794
7250,OK,47.800,0.44,15900.800004601479
7251,OK,41.800,0.44,15962.500008754432
7252,OK,51.400,0.44,15872.100018896163
7253,OK,39.800,0.44,15943.199978210032
7254,OK,68.800,0.44,15923.800005111843
7255,OK,77.900,0.44,15838.499995879829
7256,OK,75.900,0.44,15900.999947916716
7257,OK,80.400,0.44,15867.699985392392
7258,OK,90.900,0.44,15840.399952139705
7259,OK,86.200,0.44,15868.899994529784
7260,OK,78.200,0.44,15869.999944698066
7261,OK,94.600,0.44,15853.399992920458
7262,OK,78.400,0.44,15865.499968640506
7263,OK,77.800,0.44,15885.200002230704
7264,OK,93.600,0.44,15863.200009334832
7265,OK,80.000,0.44,15839.500003494322
7266,OK,78.600,0.44,15860.299987252802
7267,OK,81.200,0.44,15860.999992582947
7268,OK,83.600,0.44,15865.299967117608
7269,OK,83.500,0.44,15923.400002066046
7270,OK,82.500,0.44,15880.499966442585
7271,OK,83.200,0.44,15830.399992410094
7272,OK,67.000,0.44,15917.699958663434
7273,OK,63.200,0.44,15866.599977016449
7274,OK,80.900,0.44,15874.800039455295
7275,OK,73.700,0.44,15858.599974308163
7276,OK,88.400,0.44,15863.000007811934
7277,OK,85.300,0.44,15866.39997549355
7278,OK,84.800,0.44,15856.399957556278
7279,OK,74.800,0.44,15881.499974057078
7280,OK,74.600,0.44,15818.300016690046
7281,OK,54.000,0.44,15946.200001053512
7282,OK,74.500,0.44,15842.300024814904
7283,OK,57.400,0.44,15920.300036668777
7284,OK,47.700,0.44,15932.200010865927
7285,OK,54.300,0.44,15917.300013825297
7286,OK,100.000,0.44,15885.000000707805
7287,OK,64.700,0.44,15892.199997324497
7288,OK,71.300,0.44,15829.3999847956
7289,OK,83.500,0.44,15892.800001893193
7290,OK,51.500,0.44,15900.800004601479
7291,OK,49.800,0.44,15932.99995874986
7292,OK,64.200,0.44,15844.999987166375
7293,OK,76.500,0.44,16008.000005967915
7294,OK,103.500,0.44,15828.200033865869
7295,OK,46.300,0.44,15886.000008322299
7296,OK,40.500,0.44,15862.300002481788
7297,OK,72.800,0.44,15986.200014594942
7298,OK,60.700,0.44,15901.400009170175
7299,OK,45.700,0.44,15902.300016023219
7300,OK,70.600,0.44,15849.600022193044
7301,OK,59.400,0.44,15777.099994011223
7302,OK,52.600,0.44,15937.299991492182
7303,OK,83.400,0.44,15846.399997826666
7304,OK,65.400,0.44,15914.599993266165
7305,OK,54.600,0.44,15954.600006807595
7306,OK,51.200,0.44,15882.899984717369
7307,OK,35.200,0.44,15919.79997465387
7308,OK,41.100,0.44,15924.000006634742
7309,OK,44.600,0.44,15979.899966623634
7310,OK,73.500,0.44,16002.499964088202
7311,OK,66.500,0.44,15842.099965084344
7312,OK,87.400,0.44,15900.60000307858
7313,OK,86.200,0.44,15787.400014232844
7314,OK,98.900,0.44,15813.100035302341
7315,OK,55.100,0.44,15880.800026934594
7316,OK,45.300,0.44,16079.199966043234
7317,OK,39.200,0.44,16248.700034338981
7318,OK,48.200,0.44,15555.40005210787
7319,OK,69.100,0.44,15874.699980486184
7320,OK,59.200,0.44,16299.000009894371
7321,OK,57.300,0.44,15572.900010738522
7322,OK,77.500,0.44,15968.899999279529
7323,OK,104.700,0.44,15838.599996641278
7324,OK,114.300,0.44,16158.099984750152
7325,OK,116.000,0.44,15447.999991010875
7326,OK,110.400,0.44,15723.799995612353
7327,OK,107.400,0.44,15798.100037500262
7328,OK,110.800,0.44,15761.899994686246
7329,OK,84.500,0.44,15767.09997607395
7330,OK,48.400,0.44,15868.699993006885
7331,OK,62.700,0.44,15909.800014924258
7332,OK,47.800,0.44,15925.400017295033
7333,OK,58.000,0.44,15955.29995393008
7334,OK,42.300,0.44,15936.600044369698
7335,OK,45.200,0.44,15898.399986326694
7336,OK,66.900,0.44,15910.300018731505
7337,OK,49.100,0.44,15898.399986326694
7338,OK,44.300,0.44,15936.10004056245
7339,OK,66.500,0.44,15898.199984803796
7340,OK,42.500,0.44,15948.0000147596
7341,OK,45.700,0.44,15918.100019916892
7342,OK,41.600,0.44,15934.799972455949
7343,OK,42.400,0.44,15930.09999487549
7344,OK,42.200,0.44,15906.59999055788
7345,OK,31.200,0.44,15977.800008840859
7346,OK,48.700,0.44,15881.50003226474
7347,OK,34.700,0.44,15944.99999191612
7348,OK,43.800,0.44,15897.69998099655
7349,OK,44.200,0.44,15973.19997381419
7350,OK,63.400,0.44,15828.10003310442
7351,OK,50.300,0.44,15886.100009083748
7352,OK,82.000,0.44,15900.800004601479
7353,OK,50.200,0.44,15929.799992591143
7354,OK,55.900,0.44,15900.70000384003
7355,OK,48.700,0.44,15958.200034219772
7356,OK,54.200,0.44,15906.100044958293
7357,OK,54.900,0.44,15907.099994365126
7358,OK,54.200,0.44,15912.999981082976
7359,OK,49.500,0.44,15927.999978885055
7360,OK,54.500,0.44,15889.400034211576
7361,OK,47.900,0.44,15902.500017546117
7362,OK,44.100,0.44,15918.900026008487
7363,OK,44.600,0.44,15908.500005025417
7364,OK,46.900,0.44,15936.699986923486
7365,OK,42.300,0.44,15947.90001399815
7366,OK,43.300,0.44,15937.999996822327
7367,OK,47.100,0.44,15950.399974826723
7368,OK,50.300,0.44,15935.099974740297
7369,OK,53.900,0.44,15906.999993603677
7370,OK,64.600,0.44,15881.599974818528
7371,OK,56.900,0.44,15848.000010009855
7372,OK,32.300,0.44,15988.499973900616
7373,OK,51.000,0.44,15894.80001712218
7374,OK,44.800,0.44,15929.699991829693
7375,OK,48.900,0.44,15936.299983877689
7376,OK,46.100,0.44,15952.099987771362
7377,OK,53.700,0.44,15855.500008910894
7378,OK,47.500,0.44,15924.600011203438
7379,OK,46.800,0.44,15950.600034557283
7380,OK,55.700,0.44,15844.399982597679
7381,OK,64.000,0.44,15890.19998209551
7382,OK,80.100,0.44,15923.099999781698
7383,OK,98.400,0.44,15798.39998157695
7384,OK,53.200,0.44,15973.499976098537
7385,OK,57.100,0.44,15913.400042336434
7386,OK,80.400,0.44,15838.599996641278
7387,OK,69.600,0.44,15951.499983202666
7388,OK,56.500,0.44,15842.999971937388
7389,OK,74.800,0.44,15839.700005017221
7390,OK,57.600,0.44,15864.700020756572
7391,OK,49.400,0.44,15994.100016541779
7392,OK,48.400,0.44,15920.900041237473
7393,OK,51.300,0.44,15927.29997355491
7394,OK,54.300,0.44,15874.499978963286
7395,OK,53.100,0.44,15944.99999191612
7396,OK,56.200,0.44,15881.499974057078
7397,OK,46.000,0.44,15933.30001924187
7398,OK,53.800,0.44,15866.100031416863
7399,OK,64.700,0.44,15902.999963145703
7400,OK,61.100,0.44,15979.600022546947
7401,OK,50.900,0.44,15843.399974983186
7402,OK,57.200,0.44,15851.899981498718
7403,OK,52.600,0.44,15959.199983626604
7404,OK,84.100,0.44,15842.499968130141
7405,OK,50.300,0.44,15859.000035561621
7406,OK,54.400,0.44,15922.599995974451
7407,OK,49.900,0.44,15932.600013911724
7408,OK,54.600,0.44,15873.999975156039
7409,OK,70.500,0.44,15922.399994451553
7410,OK,70.800,0.44,15854.60000205785
7411,OK,61.300,0.44,15953.099995385855
7412,OK,69.100,0.44,15896.400029305369
7413,OK,67.500,0.44,15835.600032005459
7414,OK,103.900,0.44,15895.700023975223
7415,OK,53.000,0.44,15851.499978452921
7416,OK,50.000,0.44,15883.899992331862
7417,OK,45.000,0.44,15895.399963483214
7418,OK,41.500,0.44,15970.400010701269
7419,OK,46.900,0.44,15960.899996571243
7420,OK,58.400,0.44,15922.199992928654
7421,OK,55.800,0.44,15884.899999946356
7422,OK,71.600,0.44,15838.699997402728
7423,OK,57.000,0.44,15881.30003074184
7424,OK,40.200,0.44,15968.79999851808
7425,OK,68.400,0.44,15905.09997913614
7426,OK,56.900,0.44,15907.799999695271
7427,OK,59.700,0.44,15901.100006885827
7428,OK,58.700,0.44,15895.900025498122
7429,OK,59.900,0.44,15900.60000307858
7430,OK,53.800,0.44,15903.49996695295
7431,OK,54.600,0.44,15917.300013825297
7432,OK,53.800,0.44,15916.000003926456
7433,OK,54.700,0.44,15902.299957815558
7434,OK,53.700,0.44,15916.300006210804
7435,OK,54.500,0.44,15847.500006202608
7436,OK,47.400,0.44,15930.09999487549
7437,OK,49.400,0.44,15908.900008071214
7438,OK,50.100,0.44,15976.900001987815
7439,OK,64.800,0.44,15837.1000434272
7440,OK,46.900,0.44,15896.699973382056
7441,OK,64.500,0.44,15935.100032947958
7442,OK,51.900,0.44,15885.90000756085
7443,OK,53.100,0.44,15955.600014422089
7444,OK,49.400,0.44,15944.299986585975
7445,OK,53.300,0.44,15862.400003243238
7446,OK,43.000,0.44,15924.600011203438
7447,OK,46.000,0.44,15945.299994200468
7448,OK,47.700,0.44,15909.3999536708
7449,OK,48.400,0.44,15918.100019916892
7450,OK,43.600,0.44,15926.700027193874
7451,OK,44.200,0.44,15959.69998743385
7452,OK,63.300,0.44,15907.699998933822
7453,OK,64.800,0.44,15872.599964495748
7454,OK,57.100,0.44,15916.100004687905
7455,OK,54.100,0.44,15904.599975328892
7456,OK,49.100,0.44,15929.699991829693
7457,OK,51.600,0.44,15892.700001131743
7458,OK,52.800,0.44,15964.800026267767
7459,OK,55.100,0.44,15857.39996517077
7460,OK,47.700,0.44,15953.199996147305
7461,OK,50.200,0.44,15867.399983108044
7462,OK,52.500,0.44,15892.499999608845
7463,OK,41.200,0.44,15913.599985651672
7464,OK,39.100,0.44,15963.800018653274
7465,OK,42.300,0.44,15941.700024995953
7466,OK,45.500,0.44,15882.500039879233
7467,OK,34.500,0.44,16005.899989977479
7468,OK,144.800,0.44,15692.999993916601
7469,OK,68.800,0.44,15885.90000756085
7470,OK,42.800,0.44,15957.699972204864
7471,OK,48.800,0.44,15947.800013236701
7472,OK,49.300,0.44,15932.700014673173
7473,OK,55.700,0.44,15913.400042336434
7474,OK,57.900,0.44,15881.40003150329
7475,OK,56.800,0.44,15912.199974991381
7476,OK,55.800,0.44,15889.999980572611
7477,OK,154.900,0.44,15762.399998493493
7478,OK,128.700,0.44,15756.500011775643
7479,OK,73.600,0.44,15901.000006124377
7480,OK,68.200,0.44,15905.400039628148
7481,OK,69.400,0.44,15913.89998793602
7482,OK,57.400,0.44,15867.89998691529
7483,OK,58.200,0.44,15915.39999935776
7484,OK,52.700,0.44,15852.099983021617
7485,OK,80.200,0.44,15870.300005190074
7486,OK,54.600,0.44,15908.300003502518
7487,OK,56.400,0.44,15872.100018896163
7488,OK,71.900,0.44,15930.900000967085
7489,OK,58.900,0.44,15886.800014413893
7490,OK,74.800,0.44,15892.199997324497
7491,OK,74.600,0.44,15858.300030231476
7492,OK,79.700,0.44,15811.400022357702
7493,OK,73.300,0.44,15937.49999301508
7494,OK,67.000,0.44,15880.199964158237
7495,OK,72.800,0.44,15871.10001128167
7496,OK,93.000,0.44,15855.000005103648
7497,OK,82.100,0.44,15927.599975839257
7498,OK,60.000,0.44,15880.799968726933
7499,OK,80.700,0.44,15875.200042501092
7500,OK,81.700,0.44,15866.899979300797
7501,OK,105.100,0.44,15694.900008384138
7502,OK,119.600,0.44,15738.499991130084
7503,OK,85.800,0.44,15873.90003260225
7504,OK,82.100,0.44,15870.500006712973
7505,OK,81.000,0.44,15901.300008408725
7506,OK,90.500,0.44,15833.69995933026
7507,OK,78.000,0.44,15820.099972188473
7508,OK,39.100,0.44,15954.0000022389
7509,OK,78.800,0.44,15874.799981247634
7510,OK,87.300,0.44,15949.49996797368
7511,OK,144.900,0.44,15685.999998822808
7512,OK,80.300,0.44,15900.70000384003
7513,OK,57.900,0.44,15891.199989710003
7514,OK,52.300,0.44,15897.899982519448
7515,OK,50.500,0.44,15914.299990981817
7516,OK,49.400,0.44,15977.400005795062
7517,OK,47.400,0.44,15943.899983540177
7518,OK,69.700,0.44,15876.299992669374
7519,OK,51.700,0.44,15911.200025584549
7520,OK,72.900,0.44,15913.499984890223
7521,OK,87.700,0.44,15863.400010857731
7522,OK,86.200,0.44,15888.299967627972
7523,OK,65.100,0.44,15843.299974221736
7524,OK,157.500,0.44,15840.000007301569
7525,OK,111.000,0.44,15696.300019044429
7526,OK,114.100,0.44,16008.6999530904
7527,OK,89.500,0.44,15732.200001366436
7528,OK,42.800,0.44,15973.599976859987
7529,OK,50.600,0.44,15913.399984128773
7530,OK,187.600,0.44,15625.400003045797
7531,OK,84.200,0.44,15938.900003675371
7532,OK,55.400,0.44,15764.600015245378
7533,OK,66.500,0.44,16001.699957996607
7534,OK,57.600,0.44,15825.500013306737
7535,OK,50.200,0.44,15991.399995982647
7536,OK,70.700,0.44,15786.60000814125
7537,OK,71.700,0.44,15971.000015269965
7538,OK,56.900,0.44,15934.200026094913
7539,OK,65.100,0.44,15846.299997065216
7540,OK,56.400,0.44,15926.299965940416
7541,OK,93.100,0.44,16005.79998921603
7542,OK,67.800,0.44,15655.199997127056
7543,OK,60.200,0.44,16059.400048106909
7544,OK,42.500,0.44,15932.600013911724
7545,OK,31.700,0.44,15969.200001563877
7546,OK,71.700,0.44,16036.399989388883
7547,OK,109.300,0.44,15860.099985729903
7548,OK,110.500,0.44,15752.700041048229
7549,OK,121.600,0.44,15554.599987808615
7550,OK,115.300,0.44,15810.400014743209
7551,OK,61.400,0.44,15882.000036071986
7552,OK,55.600,0.44,16095.699975267053
7553,OK,41.900,0.44,16112.599987536669
7554,OK,51.800,0.44,15888.69997067377
7555,OK,57.800,0.44,15621.300030034035
7556,OK,63.300,0.44,16190.300055313855
7557,OK,59.100,0.44,16049.600031692535
7558,OK,62.600,0.44,15876.100049354136
7559,OK,80.000,0.44,15424.399985931814
7560,OK,87.500,0.44,15849.599963985384
7561,OK,78.800,0.44,15910.79996433109
7562,OK,117.900,0.44,15759.100031573325
7563,OK,73.500,0.44,15733.899956103414
7564,OK,46.000,0.44,16007.900005206466
7565,OK,52.000,0.44,15880.299964919686
7566,OK,44.600,0.44,15908.400004263967
7567,OK,43.700,0.44,15978.400013409555
7568,OK,44.400,0.44,15899.09999165684
7569,OK,70.400,0.44,15906.999993603677
7570,OK,56.200,0.44,15829.999989364296
7571,OK,54.300,0.44,15928.200038615614
7572,OK,47.000,0.44,15874.10003412515
7573,OK,45.900,0.44,15938.99994622916
7574,OK,39.400,0.44,15896.800032351166
7575,OK,40.800,0.44,16000.600007828325
7576,OK,56.300,0.44,15850.100026000291
7577,OK,42.600,0.44,15922.399994451553
7578,OK,35.100,0.44,15961.29999961704
7579,OK,56.900,0.44,15933.800023049116
7580,OK,50.300,0.44,15981.400036253035
7581,OK,52.500,0.44,15877.600002568215
7582,OK,45.400,0.44,15916.69995104894
7583,OK,45.900,0.44,15936.499985400587
7584,OK,48.200,0.44,15932.399954181165
7585,OK,56.200,0.44,15936.900046654046
7586,OK,52.400,0.44,15913.199982605875
7587,OK,44.500,0.44,15900.599944870919
7588,OK,40.800,0.44,15923.900005873293
7589,OK,28.400,0.44,15952.699992340058
7590,OK,36.400,0.44,15907.199995126575
7591,OK,37.400,0.44,15902.199957054108
7592,OK,40.800,0.44,15973.699977621436
7593,OK,45.200,0.44,15934.199967887253
7594,OK,55.600,0.44,15897.900040727109
7595,OK,47.200,0.44,15922.599995974451
7596,OK,55.600,0.44,15893.30000570044
7597,OK,55.100,0.44,15936.10004056245
7598,OK,48.100,0.44,15925.600018817931
7599,OK,46.100,0.44,15929.799992591143
7600,OK,50.500,0.44,15918.499964755028
7601,OK,54.800,0.44,15790.000034030527
7602,OK,74.100,0.44,15873.199969064444
7603,OK,70.900,0.44,15943.70004022494
7604,OK,55.200,0.44,15808.70000179857
7605,OK,48.700,0.44,15923.600003588945
7606,OK,50.700,0.44,15885.200002230704
7607,OK,31.000,0.44,15972.599969245493
7608,OK,46.200,0.44,16000.899951905012
7609,OK,46.600,0.44,15894.000011030585
7610,OK,52.200,0.44,15843.099972698838
7611,OK,73.100,0.44,15861.699997913092
7612,OK,66.400,0.44,15870.700008235872
7613,OK,54.300,0.44,15936.09998235479
7614,OK,65.200,0.44,15934.799972455949
7615,OK,81.100,0.44,15870.100003667176
7616,OK,62.100,0.44,15904.600033536553
7617,OK,54.100,0.44,15882.80004216358
7618,OK,70.200,0.44,15886.699955444783
7619,OK,84.200,0.44,15933.20001848042
7620,OK,60.900,0.44,15889.500034973025
7621,OK,42.900,0.44,15940.60001662001
7622,OK,43.500,0.44,15892.399998847395
7623,OK,42.500,0.44,15948.599961120635
7624,OK,44.100,0.44,15890.899987425655
7625,OK,46.900,0.44,15952.999994624406
7626,OK,47.700,0.44,15845.79999325797
7627,OK,72.000,0.44,15916.200005449355
7628,OK,52.000,0.44,15889.000031165779
7629,OK,60.100,0.44,15897.199977189302
7630,OK,42.000,0.44,15829.999989364296
7631,OK,47.800,0.44,15967.399987857789
7632,OK,50.700,0.44,15913.399984128773
7633,OK,85.300,0.44,15856.900019571185
7634,OK,59.200,0.44,15866.099973209202
7635,OK,83.900,0.44,15878.40000865981
7636,OK,74.600,0.44,15906.799992080778
7637,OK,52.800,0.44,15927.799977362156
7638,OK,52.000,0.44,15920.299978461117
7639,OK,51.100,0.44,15867.400041315705
7640,OK,74.700,0.44,15951.199980918318
7641,OK,52.800,0.44,15894.60001559928
7642,OK,54.000,0.44,15863.50001161918
7643,OK,47.700,0.44,15903.199964668602
7644,OK,47.200,0.44,15955.100010614842
7645,OK,54.200,0.44,15877.699945122004
7646,OK,51.100,0.44,15941.399964503944
7647,OK,72.700,0.44,15896.30002854392
7648,OK,50.500,0.44,15878.600010182709
7649,OK,42.500,0.44,15919.000026769936
7650,OK,39.400,0.44,15973.599976859987
7651,OK,44.700,0.44,15904.399973805994
7652,OK,84.100,0.44,15860.59998953715
7653,OK,61.400,0.44,15943.39997973293
7654,OK,109.400,0.44,15777.099994011223
7655,OK,54.400,0.44,15897.099976427853
7656,OK,58.800,0.44,15903.200022876263
7657,OK,56.000,0.44,15889.100031927228
7658,OK,55.700,0.44,15867.099980823696
7659,OK,97.500,0.44,15898.99999089539
7660,OK,70.500,0.44,15875.499986577779
7661,OK,68.500,0.44,15881.700033787638
7662,OK,67.900,0.44,15910.399961285293
7663,OK,89.200,0.44,15846.499998588115
7664,OK,68.100,0.44,15879.90002008155
7665,OK,50.300,0.44,15910.000016447157
7666,OK,45.200,0.44,15938.600001391023
7667,OK,45.400,0.44,15919.299970846623
7668,OK,45.300,0.44,15928.200038615614
7669,OK,46.900,0.44,15920.799982268363
7670,OK,78.600,0.44,15842.100023292005
7671,OK,88.200,0.44,15922.099992167205
7672,OK,61.800,0.44,15900.60000307858
7673,OK,62.400,0.44,15906.39998903498
7674,OK,48.100,0.44,15935.699979308993
7675,OK,54.400,0.44,15895.500022452325
7676,OK,52.400,0.44,15862.500004004687
7677,OK,31.100,0.44,15950.300032272935
7678,OK,28.400,0.44,15986.100013833493
7679,OK,40.700,0.44,15949.40002541989
7680,OK,44.100,0.44,15969.700005371124
7681,OK,52.400,0.44,15767.1999768354
7682,OK,86.600,0.44,15904.000028967857
7683,OK,85.100,0.44,15825.600014068186
7684,OK,69.400,0.44,15920.099976938218
7685,OK,52.900,0.44,15888.100024312735
7686,OK,49.800,0.44,15928.000037092716
7687,OK,76.000,0.44,15907.199995126575
7688,OK,52.200,0.44,15978.400013409555
7689,OK,95.700,0.44,15783.299983013421
7690,OK,54.000,0.44,15912.199974991381
7691,OK,54.100,0.44,15917.400014586747
7692,OK,108.800,0.44,15757.499961182475
7693,OK,45.700,0.44,15934.200026094913
7694,OK,42.100,0.44,15937.199990730733
7695,OK,43.200,0.44,15964.200021699071
7696,OK,54.300,0.44,15864.99996483326
7697,OK,40.000,0.44,15929.699991829693
7698,OK,38.300,0.44,15938.299999106675
7699,OK,63.200,0.44,15996.599977370352
7700,OK,52.500,0.44,15894.399955868721
7701,OK,53.000,0.44,15840.900014154613
7702,OK,59.100,0.44,15913.599985651672
7703,OK,60.000,0.44,15866.999980062246
7704,OK,54.100,0.44,15902.00001373887
7705,OK,49.100,0.44,15938.800002913922
7706,OK,56.400,0.44,15822.10004562512
7707,OK,42.300,0.44,16002.000018488616
7708,OK,161.800,0.44,15701.89994527027
7709,OK,52.000,0.44,15881.800034549087
7710,OK,42.600,0.44,15925.59996061027
7711,OK,43.900,0.44,15932.699956465513
7712,OK,46.000,0.44,15942.800033371896
7713,OK,53.200,0.44,15888.400026597083
7714,OK,94.400,0.44,15885.200002230704
7715,OK,86.400,0.44,15854.000055696815
7716,OK,85.800,0.44,15866.800036747009
7717,OK,91.500,0.44,15826.400020159781
7718,OK,94.500,0.44,15883.099986240268
7719,OK,66.400,0.44,15847.500006202608
7720,OK,85.000,0.44,15850.30002752319
7721,OK,81.700,0.44,15860.899991821498
7722,OK,112.100,0.44,15846.399997826666
7723,OK,64.200,0.44,15868.199989199638
7724,OK,80.000,0.44,15879.69996035099
7725,OK,108.200,0.44,15964.200021699071
7726,OK,155.100,0.44,15617.900004144758
7727,OK,88.300,0.44,15853.799995966256
7728,OK,79.200,0.44,15871.500014327466
7729,OK,99.000,0.44,15853.399992920458
7730,OK,100.000,0.44,15823.099995031953
7731,OK,67.500,0.44,15887.499961536378
7732,OK,98.700,0.44,15861.699997913092
7733,OK,68.300,0.44,15909.900015685707
7734,OK,88.000,0.44,15847.600006964058
7735,OK,81.700,0.44,15836.79998293519
7736,OK,80.800,0.44,15870.700008235872
7737,OK,77.300,0.44,15844.599984120578
7738,OK,87.600,0.44,15883.999993093312
7739,OK,83.500,0.44,15833.800018299371
7740,OK,53.500,0.44,15884.699998423457
7741,OK,32.900,0.44,16007.099999114871
7742,OK,96.200,0.44,15883.699990808964
7743,OK,72.200,0.44,15977.299946825951
7744,OK,150.500,0.44,15658.000018447638
7745,OK,55.400,0.44,15890.899987425655
7746,OK,43.800,0.44,15871.899959165603
7747,OK,34.100,0.44,15994.700021110475
7748,OK,40.600,0.44,15947.300009429455
7749,OK,44.400,0.44,15946.40000257641
7750,OK,61.000,0.44,15883.999993093312
7751,OK,55.900,0.44,15878.900012467057
7752,OK,38.800,0.44,16000.800009351224
7753,OK,57.400,0.44,15903.099963907152
7754,OK,64.800,0.44,15893.700008746237
7755,OK,61.300,0.44,15906.000044196844
7756,OK,112.700,0.44,15758.100023958832
7757,OK,47.600,0.44,15911.599970422685
7758,OK,65.500,0.44,15955.40001289919
7759,OK,52.200,0.44,15905.599982943386
7760,OK,56.300,0.44,15932.900016196072
7761,OK,69.900,0.44,15860.999992582947
7762,OK,53.200,0.44,15841.699962038547
7763,OK,54.300,0.44,15873.90003260225
7764,OK,85.300,0.44,15892.700001131743
7765,OK,50.600,0.44,15873.499971348792
7766,OK,42.900,0.44,15971.999964676797
7767,OK,45.200,0.44,15851.299976930022
7768,OK,61.300,0.44,15984.700003173202
7769,OK,88.100,0.44,15863.300010096282
7770,OK,78.700,0.44,15862.700005527586
7771,OK,57.800,0.44,15918.19996247068
7772,OK,56.000,0.44,15833.399957045913
7773,OK,89.100,0.44,15922.999999020249
7774,OK,60.100,0.44,15881.19997177273
7775,OK,57.800,0.44,15941.500023473054
7776,OK,56.100,0.44,15898.799989372492
7777,OK,65.200,0.44,15912.700037006289
7778,OK,54.400,0.44,15845.69999249652
7779,OK,51.600,0.44,16043.799987528473
7780,OK,45.800,0.44,15787.300013471395
7781,OK,40.400,0.44,16122.600005473942
7782,OK,49.100,0.44,15854.60000205785
7783,OK,59.100,0.44,15814.999991562217
7784,OK,70.200,0.44,15940.200013574213
7785,OK,45.300,0.44,16197.899996768683
7786,OK,60.900,0.44,15638.000040780753
7787,OK,46.500,0.44,15889.399976003915
7788,OK,51.600,0.44,15939.900011289865
7789,OK,45.900,0.44,15893.10000417754
7790,OK,27.500,0.44,15982.30004310608
7791,OK,42.100,0.44,15920.599980745465
7792,OK,32.300,0.44,15940.800018142909
7793,OK,46.500,0.44,15934.900031425059
7794,OK,51.300,0.44,15940.300014335662
7795,OK,113.700,0.44,15848.400013055652
7796,OK,94.800,0.44,15614.299976732582
7797,OK,41.100,0.44,15932.799957226962
7798,OK,38.200,0.44,16077.100008260459
7799,OK,49.600,0.44,15906.39998903498
7800,OK,56.600,0.44,15848.49995560944
7801,OK,56.900,0.44,15826.999966520816
7802,OK,51.600,0.44,15874.600037932396
7803,OK,50.700,0.44,15869.900002144277
7804,OK,61.600,0.44,15887.000015936792
7805,OK,47.500,0.44,15972.799970768392
7806,OK,47.100,0.44,15933.399961795658
7807,OK,46.800,0.44,15935.500035993755
7808,OK,52.000,0.44,15929.499990306795
7809,OK,66.000,0.44,15898.799989372492
7810,OK,55.300,0.44,15869.700000621378
7811,OK,77.200,0.44,15926.999971270561
7812,OK,74.600,0.44,15858.799975831062
7813,OK,53.200,0.44,15890.499984379858
7814,OK,43.700,0.44,15927.999978885055
7815,OK,42.400,0.44,15941.100020427257
7816,OK,59.400,0.44,15853.699995204806
7817,OK,50.300,0.44,15927.40003252402
7818,OK,47.100,0.44,15923.700004350394
7819,OK,49.300,0.44,15926.899970509112
7820,OK,45.500,0.44,15929.399989545345
7821,OK,45.100,0.44,15932.700014673173
7822,OK,48.900,0.44,15903.899969998747
7823,OK,65.000,0.44,15931.900008581579
7824,OK,45.200,0.44,15855.300007387996
7825,OK,38.000,0.44,15949.700027704239
7826,OK,47.700,0.44,15946.300001814961
7827,OK,52.800,0.44,15913.99998869747
7828,OK,47.700,0.44,15955.700015183538
7829,OK,53.900,0.44,15863.70001314208
7830,OK,40.000,0.44,15926.599968224764
7831,OK,43.400,0.44,15958.999982103705
7832,OK,47.700,0.44,15923.600003588945
7833,OK,47.700,0.44,15941.599966026843
7834,OK,51.700,0.44,15859.30003784597
7835,OK,54.500,0.44,15924.500010441989
7836,OK,70.100,0.44,15828.399977181107
7837,OK,79.900,0.44,15851.999982260168
7838,OK,60.200,0.44,15971.400018315762
7839,OK,63.200,0.44,15831.600001547486
7840,OK,52.300,0.44,16012.399981264025
7841,OK,115.900,0.44,15727.999969385564
7842,OK,56.900,0.44,15889.200032688677
7843,OK,46.400,0.44,15904.699976090342
7844,OK,52.800,0.44,15884.799999184906
7845,OK,46.000,0.44,15920.199977699667
7846,OK,46.100,0.44,15935.000032186508
7847,OK,49.000,0.44,15972.700028214604
7848,OK,46.200,0.44,15829.799987841398
7849,OK,45.900,0.44,15993.400011211634
7850,OK,39.300,0.44,15899.799996986985
7851,OK,40.400,0.44,15945.09999267757
7852,OK,51.400,0.44,15918.29996323213
7853,OK,64.900,0.44,15859.499981161207
7854,OK,59.200,0.44,15904.400032013655
7855,OK,63.000,0.44,15962.200006470084
7856,OK,48.200,0.44,15936.699986923486
7857,OK,69.800,0.44,15911.1000248231
7858,OK,50.200,0.44,15927.100030239671
7859,OK,55.400,0.44,15859.699982684106
7860,OK,51.000,0.44,15914.299990981817
7861,OK,53.700,0.44,15942.399972118437
7862,OK,54.000,0.44,15882.099978625774
7863,OK,54.000,0.44,15952.199988532811
7864,OK,62.600,0.44,15938.700002152473
7865,OK,81.300,0.44,15797.999978531152
7866,OK,67.200,0.44,15867.89998691529
7867,OK,55.800,0.44,15936.399984639138
7868,OK,55.500,0.44,15906.199987512082
7869,OK,53.700,0.44,15953.90000147745
7870,OK,64.200,0.44,15821.699984371662
7871,OK,66.800,0.44,15896.299970336258
7872,OK,47.600,0.44,15950.000029988587
7873,OK,47.600,0.44,15827.700030058622
7874,OK,72.600,0.44,15860.199986491352
7875,OK,89.000,0.44,15959.600044880062
7876,OK,50.900,0.44,15879.90002008155
7877,OK,71.200,0.44,15853.799995966256
7878,OK,46.500,0.44,15929.800050798804
7879,OK,77.600,0.44,15905.00003658235
7880,OK,59.300,0.44,15886.200009845197
7881,OK,72.600,0.44,15862.500004004687
7882,OK,49.400,0.44,15995.699970517308
7883,OK,50.100,0.44,15866.39997549355
7884,OK,52.600,0.44,15924.600011203438
7885,OK,50.000,0.44,15940.000012051314
7886,OK,55.000,0.44,15908.400004263967
7887,OK,44.400,0.44,15912.50003548339
7888,OK,38.800,0.44,15929.299988783896
7889,OK,37.800,0.44,15953.099995385855
7890,OK,38.700,0.44,15946.200001053512
7891,OK,97.200,0.44,15830.499993171543
7892,OK,66.500,0.44,15911.399968899786
7893,OK,57.600,0.44,15922.8999982588
7894,OK,56.100,0.44,15906.199987512082
7895,OK,56.600,0.44,15906.60004876554
7896,OK,82.500,0.44,15808.099997229874
7897,OK,44.900,0.44,15972.600027453154
7898,OK,65.400,0.44,15860.999992582947
7899,OK,45.700,0.44,15891.999995801598
7900,OK,40.000,0.44,15951.499983202666
7901,OK,49.100,0.44,15835.600032005459
7902,OK,44.800,0.44,15936.399984639138
7903,OK,51.100,0.44,15932.399954181165
7904,OK,55.800,0.44,15926.099964417517
7905,OK,68.200,0.44,15855.799952987581
7906,OK,69.000,0.44,15879.600017797202
7907,OK,87.300,0.44,15870.400005951524
7908,OK,55.600,0.44,15930.000052321702
7909,OK,57.100,0.44,15891.7999942787
7910,OK,56.300,0.44,15915.200056042522
7911,OK,52.400,0.44,15918.600023724139
7912,OK,52.800,0.44,15908.10000197962
7913,OK,56.700,0.44,15875.200042501092
7914,OK,62.600,0.44,15900.70000384003
7915,OK,58.800,0.44,15913.100040052086
7916,OK,66.800,0.44,15924.799954518676
7917,OK,47.000,0.44,15883.099986240268
7918,OK,42.800,0.44,15958.499978296459
7919,OK,61.800,0.44,15916.200005449355
7920,OK,57.500,0.44,15883.799991570413
7921,OK,51.900,0.44,15897.000033874065
7922,OK,48.000,0.44,15937.59999377653
7923,OK,49.600,0.44,15922.200051136315
7924,OK,53.000,0.44,15911.300026345998
7925,OK,51.600,0.44,15945.800056215376
7926,OK,52.300,0.44,15892.199997324497
7927,OK,53.400,0.44,15894.000011030585
7928,OK,50.500,0.44,15932.99995874986
7929,OK,48.500,0.44,15928.59998345375
7930,OK,143.700,0.44,15762.999944854528
7931,OK,49.500,0.44,15907.299995888025
7932,OK,41.300,0.44,15945.299994200468
7933,OK,39.800,0.44,15993.200009688735
7934,OK,50.400,0.44,15932.599955704063
7935,OK,57.500,0.44,15889.399976003915
7936,OK,49.600,0.44,15898.799989372492
7937,OK,83.800,0.44,15925.499959848821
7938,OK,133.400,0.44,15740.50000635907
7939,OK,53.300,0.44,15870.500006712973
7940,OK,36.100,0.44,15963.000012561679
7941,OK,46.300,0.44,15962.59995130822
7942,OK,45.200,0.44,15933.600021526217
7943,OK,46.200,0.44,15943.400037940592
7944,OK,59.700,0.44,15900.200000032783
7945,OK,65.600,0.44,15881.000028457493
7946,OK,102.600,0.44,15812.400029972196
7947,OK,82.300,0.44,15860.799991060048
7948,OK,65.700,0.44,15941.100020427257
7949,OK,54.500,0.44,15897.199977189302
7950,OK,54.600,0.44,15929.499990306795
7951,OK,54.900,0.44,15896.700031589717
7952,OK,65.500,0.44,15873.399970587343
7953,OK,63.000,0.44,15859.199978876859
7954,OK,72.200,0.44,15868.199989199638
7955,OK,72.000,0.44,15892.199997324497
7956,OK,78.000,0.44,15851.199976168573
7957,OK,76.400,0.44,15866.899979300797
7958,OK,71.100,0.44,15890.399983618408
7959,OK,68.500,0.44,15910.000016447157
7960,OK,87.300,0.44,15868.700051214546
7961,OK,90.200,0.44,15839.100000448525
7962,OK,86.900,0.44,15915.39999935776
7963,OK,61.300,0.44,15883.499989286065
7964,OK,59.300,0.44,15898.499987088144
7965,OK,61.400,0.44,15891.69999351725
7966,OK,61.000,0.44,15961.40000037849
7967,OK,60.400,0.44,15816.900006029755
7968,OK,75.300,0.44,15875.899989623576
7969,OK,74.900,0.44,15879.700018558651
7970,OK,75.700,0.44,15896.699973382056
7971,OK,76.200,0.44,15853.999997489154
7972,OK,58.500,0.44,15883.499989286065
7973,OK,70.600,0.44,15942.899975925684
7974,OK,92.100,0.44,15853.499993681908
7975,OK,91.200,0.44,15843.899978790432
7976,OK,91.100,0.44,15972.499968484044
7977,OK,92.800,0.44,15746.299992315471
7978,OK,75.300,0.44,15854.60000205785
7979,OK,55.000,0.44,15877.199999522418
7980,OK,50.900,0.44,15921.799989882857
7981,OK,44.400,0.44,15945.699997246265
7982,OK,86.300,0.44,15855.000005103648
7983,OK,65.500,0.44,15942.09996983409
7984,OK,55.400,0.44,15817.300009075552
7985,OK,40.500,0.44,15923.900005873293
7986,OK,36.700,0.44,15987.800026778132
7987,OK,34.100,0.44,15953.199996147305
7988,OK,39.200,0.44,15947.90001399815
7989,OK,62.500,0.44,15919.100027531385
7990,OK,49.500,0.44,15931.70000705868
7991,OK,56.800,0.44,15892.199997324497
7992,OK,58.200,0.44,15918.700024485588
7993,OK,56.800,0.44,15891.69999351725
7994,OK,51.300,0.44,15916.599950287491
7995,OK,52.300,0.44,15915.100055281073
7996,OK,48.100,0.44,15967.399987857789
7997,OK,86.800,0.44,15829.599986318499
7998,OK,58.900,0.44,15896.299970336258
7999,OK,56.100,0.44,15931.400004774332
8000,OK,57.300,0.44,15960.399992763996
8001,OK,59.300,0.44,15709.40000237897
8002,OK,68.900,0.44,15893.000003416091
8003,OK,65.000,0.44,15891.7999942787
8004,OK,60.600,0.44,15857.60002490133
8005,OK,53.400,0.44,15961.40000037849
8006,OK,54.900,0.44,15927.100030239671
8007,OK,50.000,0.44,15977.70000807941
8008,OK,73.500,0.44,15802.69995611161
8009,OK,54.800,0.44,15885.999950114638
8010,OK,45.600,0.44,15941.500023473054
8011,OK,52.900,0.44,15939.10000519827
8012,OK,54.700,0.44,16154.400014784187
8013,OK,46.000,0.44,15889.700036495924
8014,OK,46.200,0.44,15883.199987001717
8015,OK,57.000,0.44,15693.299996200949
8016,OK,60.200,0.44,15945.199993439019
8017,OK,50.800,0.44,15912.799979560077
8018,OK,42.000,0.44,16388.899995945394
8019,OK,62.300,0.44,15687.000006437302
8020,OK,47.500,0.44,16090.999997686595
8021,OK,54.700,0.44,15845.69999249652
8022,OK,68.700,0.44,15901.300008408725
8023,OK,76.800,0.44,15887.40001898259
8024,OK,102.400,0.44,15856.999962124974
8025,OK,94.900,0.44,15958.599979057908
8026,OK,120.600,0.44,15402.69999532029
8027,OK,109.600,0.44,15849.299961701035
8028,OK,81.600,0.44,15859.600040130317
8029,OK,82.400,0.44,15804.800030309707
8030,OK,59.100,0.44,15901.000006124377
8031,OK,59.100,0.44,15966.899984050542
8032,OK,114.100,0.44,15696.500020567328
8033,OK,49.100,0.44,15919.69997389242
8034,OK,99.900,0.44,15746.799996122718
8035,OK,34.100,0.44,15955.30001213774
8036,OK,58.200,0.44,15946.999948937446
8037,OK,45.100,0.44,15866.999980062246
8038,OK,50.000,0.44,15977.400005795062
8039,OK,52.300,0.44,15875.799988862127
8040,OK,56.700,0.44,15969.500003848225
8041,OK,68.200,0.44,15885.500004515052
8042,OK,48.400,0.44,15784.599992912263
8043,OK,49.300,0.44,16018.000023905188
8044,OK,54.400,0.44,15880.300023127347
8045,OK,56.600,0.44,15916.600008495152
8046,OK,56.200,0.44,15923.600003588945
8047,OK,55.200,0.44,15862.600004766136
8048,OK,47.100,0.44,15911.00002406165
8049,OK,65.900,0.44,15923.600003588945
8050,OK,64.200,0.44,15795.700019225478
8051,OK,36.000,0.44,16016.000008676201
8052,OK,68.300,0.44,15858.799975831062
8053,OK,40.200,0.44,15921.099984552711
8054,OK,34.300,0.44,15933.000016957521
8055,OK,36.900,0.44,15955.000009853393
8056,OK,37.000,0.44,15948.400017805398
8057,OK,42.500,0.44,15950.200031511486
8058,OK,42.300,0.44,15899.999998509884
8059,OK,47.700,0.44,15961.600001901388
8060,OK,45.900,0.44,15932.200010865927
8061,OK,48.600,0.44,15921.39998683706
8062,OK,47.000,0.44,15938.900003675371
8063,OK,58.200,0.44,15887.999965343624
8064,OK,54.200,0.44,15847.600006964058
8065,OK,47.000,0.44,15924.000006634742
8066,OK,48.500,0.44,15939.700009766966
8067,OK,52.000,0.44,15912.199974991381
8068,OK,45.500,0.44,15941.89996831119
8069,OK,45.900,0.44,15948.300017043948
8070,OK,69.400,0.44,15843.299974221736
8071,OK,49.300,0.44,15942.299971356988
8072,OK,64.900,0.44,15904.499974567443
8073,OK,50.700,0.44,15910.89996509254
8074,OK,48.300,0.44,15856.000012718141
8075,OK,38.800,0.44,16128.399991430342
8076,OK,139.200,0.44,15608.999994583428
8077,OK,44.800,0.44,15947.099949698895
8078,OK,44.300,0.44,15886.200009845197
8079,OK,37.300,0.44,15963.600017130375
8080,OK,42.500,0.44,15936.699986923486
8081,OK,43.400,0.44,15920.800040476024
8082,OK,42.100,0.44,15975.099988281727
8083,OK,55.700,0.44,15915.199997834861
8084,OK,52.500,0.44,15945.699997246265
8085,OK,48.400,0.44,15926.600026432425
8086,OK,52.600,0.44,15891.000046394765
8087,OK,56.500,0.44,15864.700020756572
8088,OK,50.800,0.44,15905.00003658235
8089,OK,71.600,0.44,15954.500006046146
8090,OK,53.400,0.44,15918.799967039376
8091,OK,55.800,0.44,15880.699967965484
8092,OK,50.500,0.44,15902.299957815558
8093,OK,42.900,0.44,15938.900003675371
8094,OK,40.900,0.44,15858.300030231476
8095,OK,44.500,0.44,15978.100011125207
8096,OK,43.600,0.44,15944.799990393221
8097,OK,86.800,0.44,15844.599984120578
8098,OK,140.600,0.44,15783.699986059219
8099,OK,73.100,0.44,15853.999997489154
8100,OK,62.700,0.44,15988.600032869726
8101,OK,58.300,0.44,15728.899976238608
8102,OK,80.400,0.44,15879.90002008155
8103,OK,50.300,0.44,15927.899978123605
8104,OK,185.700,0.44,15731.79999832064
8105,OK,48.500,0.44,15874.900040216744
8106,OK,57.300,0.44,15909.3999536708
8107,OK,73.400,0.44,15854.800003580749
8108,OK,71.300,0.44,15963.300014846027
8109,OK,67.900,0.44,15846.800000872463
8110,OK,52.100,0.44,15906.299988273531
8111,OK,61.300,0.44,15908.299945294857
8112,OK,65.700,0.44,15953.399997670203
8113,OK,76.100,0.44,16007.400001399219
8114,OK,124.400,0.44,15627.199958544225
8115,OK,60.500,0.44,15922.099992167205
8116,OK,52.200,0.44,15897.100034635514
8117,OK,48.400,0.44,15929.000044707209
8118,OK,49.800,0.44,15900.900005362928
8119,OK,45.500,0.44,15937.59999377653
8120,OK,63.300,0.44,15862.400003243238
8121,OK,43.500,0.44,15957.599971443415
8122,OK,35.700,0.44,15897.100034635514
8123,OK,38.800,0.44,15943.799982778728
8124,OK,40.600,0.44,16014.59999801591
8125,OK,126.300,0.44,15721.29997657612
8126,OK,51.500,0.44,15890.09998133406
8127,OK,44.700,0.44,15932.600013911724
8128,OK,44.200,0.44,15984.700003173202
8129,OK,123.400,0.44,15770.600002724677
8130,OK,58.000,0.44,15823.400055523962
8131,OK,52.000,0.44,15958.900039549917
8132,OK,49.500,0.44,15951.899986248463
8133,OK,54.100,0.44,15893.700008746237
8134,OK,55.700,0.44,15954.0000022389
8135,OK,66.600,0.44,15871.10001128167
8136,OK,46.200,0.44,15918.40002220124
8137,OK,56.000,0.44,15910.699963569641
8138,OK,45.800,0.44,15897.000033874065
8139,OK,46.200,0.44,15953.399997670203
8140,OK,53.800,0.44,15919.400029815733
8141,OK,59.100,0.44,15887.500019744039
8142,OK,51.300,0.44,15911.499969661236
8143,OK,47.900,0.44,15905.199979897588
8144,OK,54.800,0.44,15913.699986413121
8145,OK,55.400,0.44,15892.199997324497
8146,OK,53.800,0.44,15901.300008408725
8147,OK,41.900,0.44,15964.100020937622
8148,OK,53.700,0.44,15860.099985729903
8149,OK,57.500,0.44,15892.499999608845
8150,OK,48.400,0.44,15863.000007811934
8151,OK,29.000,0.44,15993.300010450184
8152,OK,40.400,0.44,15933.30001924187
8153,OK,62.000,0.44,15911.700029391795
8154,OK,52.900,0.44,15874.099975917488
8155,OK,48.300,0.44,15921.099984552711
8156,OK,39.900,0.44,15933.699964080006
8157,OK,43.400,0.44,15944.399987347424
8158,OK,47.500,0.44,15900.70000384003
8159,OK,44.700,0.44,16005.599987693131
8160,OK,157.000,0.44,15709.300001617521
8161,OK,58.500,0.44,15884.700056631118
8162,OK,47.000,0.44,15902.20001526177
8163,OK,45.000,0.44,15988.700033631176
8164,OK,59.600,0.44,15888.90003040433
8165,OK,92.100,0.44,15901.500009931624
8166,OK,58.500,0.44,15894.000011030585
8167,OK,51.400,0.44,15884.100052062422
8168,OK,101.700,0.44,15779.10000924021
8169,OK,85.800,0.44,15871.299954596907
8170,OK,53.900,0.44,15897.69998099655
8171,OK,46.800,0.44,15936.700045131147
8172,OK,53.900,0.44,15927.09997203201
8173,OK,57.700,0.44,15863.400010857731
8174,OK,46.300,0.44,15918.099961709231
8175,OK,42.200,0.44,15927.100030239671
8176,OK,39.400,0.44,15979.400021024048
8177,OK,108.700,0.44,15806.900046300143
8178,OK,56.100,0.44,15924.09994918853
8179,OK,72.400,0.44,15901.900012977421
8180,OK,61.700,0.44,15956.200018990785
8181,OK,77.200,0.44,15834.999969229102
8182,OK,53.200,0.44,15869.199996814132
8183,OK,159.000,0.44,15729.399980045855
8184,OK,70.900,0.44,15879.100013989955
8185,OK,67.300,0.44,15915.50000011921
8186,OK,61.500,0.44,15912.700037006289
8187,OK,76.500,0.44,15850.599971599877
8188,OK,79.100,0.44,15904.499974567443
8189,OK,72.500,0.44,15889.799979049712
8190,OK,75.300,0.44,15849.300019908696
8191,OK,82.200,0.44,15838.29999435693
8192,OK,97.000,0.44,15872.999967541546
8193,OK,96.800,0.44,15715.300047304481
8194,OK,72.800,0.44,15902.500017546117
8195,OK,86.000,0.44,15868.199989199638
8196,OK,71.500,0.44,15904.700034298003
8197,OK,71.000,0.44,15891.499991994351
8198,OK,73.200,0.44,15897.999983280897
8199,OK,61.400,0.44,15883.200045209378
8200,OK,65.000,0.44,15915.099997073412
8201,OK,88.800,0.44,15683.600038755685
8202,OK,79.800,0.44,15847.100003156811
8203,OK,99.500,0.44,15873.399970587343
8204,OK,98.700,0.44,15815.899998415262
8205,OK,85.500,0.44,15850.899973884225
8206,OK,55.900,0.44,15865.700028371066
8207,OK,34.500,0.44,16009.400016628206
8208,OK,78.400,0.44,15844.700043089688
8209,OK,82.600,0.44,15863.799955695868
8210,OK,84.400,0.44,16007.400001399219
8211,OK,78.900,0.44,15720.899973530322
8212,OK,62.700,0.44,15869.299997575581
8213,OK,82.800,0.44,15858.700033277273
8214,OK,55.100,0.44,16000.300005543977
8215,OK,59.500,0.44,15882.000036071986
8216,OK,52.900,0.44,15877.699945122004
8217,OK,50.300,0.44,15919.600031338632
8218,OK,48.300,0.44,15920.299978461117
8219,OK,47.700,0.44,15915.900003165007
8220,OK,50.600,0.44,15917.300013825297
8221,OK,48.300,0.44,15933.799964841455
8222,OK,71.600,0.44,15952.39999005571
8223,OK,143.100,0.44,15708.299994003028
8224,OK,54.200,0.44,15900.400001555681
8225,OK,45.800,0.44,15929.599991068244
8226,OK,48.800,0.44,15985.200006980449
8227,OK,53.700,0.44,15901.800012215972
8228,OK,56.300,0.44,15856.999962124974
8229,OK,74.800,0.44,15935.99998159334
8230,OK,60.400,0.44,15909.100009594113
8231,OK,84.600,0.44,15826.900023967028
8232,OK,119.800,0.44,15828.00003234297
8233,OK,76.700,0.44,15859.299979638308
8234,OK,72.900,0.44,15861.399995628744
8235,OK,78.100,0.44,15859.500039368868
8236,OK,48.000,0.44,15983.699995558709
8237,OK,55.600,0.44,15868.399990722537
8238,OK,54.900,0.44,15946.100000292063
8239,OK,54.100,0.44,15922.000049613416
8240,OK,89.500,0.44,15853.999997489154
8241,OK,58.000,0.44,15888.799971435219
8242,OK,47.800,0.44,15940.799959935248
8243,OK,48.900,0.44,15917.200013063848
8244,OK,58.700,0.44,16065.899981185794
8245,OK,56.500,0.44,15933.19996027276
8246,OK,52.400,0.44,15920.499979984015
8247,OK,53.900,0.44,16110.89997459203
8248,OK,107.200,0.44,15470.500045921654
8249,OK,101.200,0.44,15761.799993924797
8250,OK,74.500,0.44,16104.399983305484
8251,OK,92.500,0.44,16063.70002264157
8252,OK,97.600,0.44,15388.800005894154
8253,OK,97.600,0.44,15809.100004844368
8254,OK,79.700,0.44,15816.500002983958
8255,OK,70.600,0.44,16165.79998517409
8256,OK,92.500,0.44,15632.099995855242
8257,OK,103.100,0.44,16108.00001071766
8258,OK,126.000,0.44,15707.199985627085
8259,OK,110.600,0.44,15803.200018126518
8260,OK,123.600,0.44,15724.2999994196
8261,OK,121.900,0.44,15746.200049761683
8262,OK,107.100,0.44,15806.100040208548
8263,OK,113.400,0.44,15854.400000534952
8264,OK,118.800,0.44,15658.799966331571
8265,OK,67.800,0.44,15870.000002905726
8266,OK,64.500,0.44,15966.499981004745
8267,OK,62.300,0.44,15845.499990973622
8268,OK,73.300,0.44,15880.800026934594
8269,OK,43.400,0.44,15958.599979057908
8270,OK,47.100,0.44,15873.90003260225
8271,OK,63.500,0.44,15916.700009256601
8272,OK,55.600,0.44,15918.800025247037
8273,OK,43.900,0.44,15957.400028128177
8274,OK,43.000,0.44,15906.899992842227
8275,OK,43.300,0.44,15930.800000205636
8276,OK,60.700,0.44,15942.499972879887
8277,OK,55.800,0.44,15906.199987512082
8278,OK,52.500,0.44,15858.099970500916
8279,OK,41.100,0.44,15944.399987347424
8280,OK,45.900,0.44,15892.700001131743
8281,OK,37.500,0.44,15960.099990479648
8282,OK,37.300,0.44,15926.599968224764
8283,OK,40.400,0.44,15978.799958247691
8284,OK,52.100,0.44,15912.899980321527
8285,OK,54.000,0.44,15878.40000865981
8286,OK,55.700,0.44,15933.10001771897
8287,OK,73.300,0.44,15845.899994019419
8288,OK,48.800,0.44,15932.100010104477
8289,OK,35.800,0.44,15900.900005362928
8290,OK,33.600,0.44,15940.800018142909
8291,OK,35.900,0.44,15960.299992002547
8292,OK,68.000,0.44,15947.400010190904
8293,OK,50.100,0.44,15888.999972958118
8294,OK,43.400,0.44,15952.39999005571
8295,OK,48.000,0.44,15953.399997670203
8296,OK,47.200,0.44,15935.100032947958
8297,OK,58.900,0.44,15916.000003926456
8298,OK,57.700,0.44,15872.100018896163
8299,OK,53.800,0.44,15941.300021950155
8300,OK,61.100,0.44,15860.60004774481
8301,OK,61.500,0.44,15698.499977588654
8302,OK,83.600,0.44,15870.500006712973
8303,OK,93.700,0.44,15962.90001180023
8304,OK,56.500,0.44,15853.09999063611
8305,OK,73.000,0.44,15848.900016862899
8306,OK,55.200,0.44,15845.099987927824
8307,OK,42.700,0.44,15953.699999954551
8308,OK,33.900,0.44,15927.799977362156
8309,OK,41.000,0.44,16033.300023991615
8310,OK,48.300,0.44,15847.799950279295
8311,OK,90.700,0.44,15935.800038278103
8312,OK,52.800,0.44,15948.600019328296
8313,OK,54.600,0.44,15883.099986240268
8314,OK,101.400,0.44,15771.300008054823
8315,OK,52.400,0.44,15898.599987849593
8316,OK,43.100,0.44,15965.300030075014
8317,OK,67.000,0.44,15876.499994192272
8318,OK,64.600,0.44,15953.599999193102
8319,OK,49.800,0.44,15836.500038858503
8320,OK,52.300,0.44,16011.70003414154
8321,OK,53.100,0.44,15833.90001906082
8322,OK,48.700,0.44,15951.199980918318
8323,OK,43.800,0.44,15914.099989458919
8324,OK,42.300,0.44,15932.600013911724
8325,OK,42.500,0.44,15917.200013063848
8326,OK,43.200,0.44,15922.6999967359
8327,OK,41.000,0.44,15954.599948599935
8328,OK,38.800,0.44,15967.300045304
8329,OK,61.300,0.44,15937.099989969283
8330,OK,50.800,0.44,15945.299994200468
8331,OK,56.000,0.44,15850.599971599877
8332,OK,55.400,0.44,15828.599978704005
8333,OK,60.000,0.44,16008.899954613298
8334,OK,52.200,0.44,15829.099982511252
8335,OK,47.300,0.44,15918.999968562275
8336,OK,48.900,0.44,15919.79997465387
8337,OK,73.500,0.44,15910.700021777302
8338,OK,59.900,0.44,15949.100023135543
8339,OK,56.300,0.44,15894.000011030585
8340,OK,86.100,0.44,15876.299992669374
8341,OK,92.500,0.44,15819.600026588887
8342,OK,109.700,0.44,15815.799997653812
8343,OK,81.300,0.44,15860.999992582947
8344,OK,93.700,0.44,15883.500047493726
8345,OK,51.800,0.44,15834.100020583719
8346,OK,135.800,0.44,15904.000028967857
8347,OK,57.100,0.44,15874.999982770532
8348,OK,50.100,0.44,15948.299958836287
8349,OK,55.600,0.44,15957.400028128177
8350,OK,62.700,0.44,15880.599967204034
8351,OK,58.700,0.44,15902.400016784668
8352,OK,53.400,0.44,15897.799981757998
8353,OK,62.900,0.44,15890.799986664206
8354,OK,211.500,0.44,15702.900011092424
8355,OK,61.900,0.44,15883.499989286065
8356,OK,54.800,0.44,15908.400004263967
8357,OK,65.700,0.44,15934.999973978847
8358,OK,50.000,0.44,15874.200034886599
8359,OK,36.500,0.44,15941.900026518852
8360,OK,55.500,0.44,15870.300005190074
8361,OK,73.100,0.44,15954.400005284697
8362,OK,54.800,0.44,15867.699985392392
8363,OK,58.800,0.44,15957.599971443415
8364,OK,58.700,0.44,15882.999985478818
8365,OK,52.700,0.44,15877.400001045316
8366,OK,40.600,0.44,15942.799975164235
8367,OK,41.700,0.44,15925.400017295033
8368,OK,41.800,0.44,15845.899994019419
8369,OK,41.200,0.44,15968.59999699518
8370,OK,45.300,0.44,15922.099992167205
8371,OK,46.500,0.44,15953.800000716
8372,OK,60.900,0.44,15883.499989286065
8373,OK,51.400,0.44,15911.299968138337
8374,OK,51.700,0.44,15928.099979646504
8375,OK,56.000,0.44,15896.899974904954
8376,OK,49.400,0.44,15942.900034133345
8377,OK,57.800,0.44,15887.000015936792
8378,OK,46.000,0.44,15930.19999563694
8379,OK,44.800,0.44,15944.599988870323
8380,OK,51.500,0.44,15925.70001957938
8381,OK,72.900,0.44,15872.099960688502
8382,OK,51.800,0.44,15919.79997465387
8383,OK,52.300,0.44,15875.599987339228
8384,OK,55.200,0.44,15980.300027877092
8385,OK,48.100,0.44,15909.100009594113
8386,OK,60.900,0.44,15918.700024485588
8387,OK,47.300,0.44,15896.900033112615
8388,OK,56.100,0.44,15925.999963656068
8389,OK,49.200,0.44,15923.400002066046
8390,OK,51.200,0.44,15917.500015348196
8391,OK,56.400,0.44,15840.400010347366
8392,OK,53.700,0.44,15983.299992512912
8393,OK,47.900,0.44,15871.799958404154
8394,OK,99.900,0.44,15845.899994019419
8395,OK,57.900,0.44,15937.099989969283
8396,OK,51.300,0.44,15929.999994114041
8397,OK,64.000,0.44,15906.400047242641
8398,OK,51.300,0.44,15920.200035907328
8399,OK,53.000,0.44,15928.300039377064
8400,OK,61.300,0.44,15875.899989623576
8401,OK,54.600,0.44,15791.800047736615
8402,OK,73.600,0.44,15898.500045295805
8403,OK,59.000,0.44,15865.300025325269
8404,OK,113.300,0.44,15805.500035639852
8405,OK,54.100,0.44,15870.600007474422
8406,OK,32.500,0.44,15937.099989969283
8407,OK,33.200,0.44,15932.899957988411
8408,OK,33.400,0.44,16005.100042093545
8409,OK,37.100,0.44,15914.499992504716
8410,OK,82.000,0.44,15856.800018809736
8411,OK,94.300,0.44,15828.200033865869
8412,OK,53.500,0.44,15915.700001642108
8413,OK,53.900,0.44,15912.39997651428
8414,OK,60.600,0.44,15908.600005786866
8415,OK,47.100,0.44,15940.50001585856
8416,OK,50.600,0.44,15844.50004156679
8417,OK,62.500,0.44,15910.800022538751
8418,OK,70.700,0.44,15916.200005449355
8419,OK,95.700,0.44,15816.700004506856
8420,OK,77.600,0.44,15888.200025074184
8421,OK,83.500,0.44,15847.500006202608
8422,OK,80.800,0.44,15881.399973295629
8423,OK,97.000,0.44,15886.300010606647
8424,OK,104.900,0.44,15783.300041221082
8425,OK,95.000,0.44,15850.799973122776
8426,OK,115.700,0.44,15822.699991986156
8427,OK,94.400,0.44,15989.60004048422
8428,OK,87.900,0.44,15979.1000187397
8429,OK,87.400,0.44,15658.300020731986
8430,OK,74.900,0.44,15856.500016525388
8431,OK,73.300,0.44,15860.999992582947
8432,OK,71.000,0.44,15952.699992340058
8433,OK,60.900,0.44,15873.499971348792
8434,OK,65.400,0.44,15926.699968986213
8435,OK,62.200,0.44,15856.400015763938
8436,OK,139.400,0.44,15774.900035466999
8437,OK,66.000,0.44,15893.400006461889
8438,OK,75.400,0.44,15851.500036660582
8439,OK,84.300,0.44,15864.99996483326
8440,OK,104.700,0.44,15824.600006453693
8441,OK,78.500,0.44,15952.799993101507
8442,OK,120.000,0.44,15710.89995559305
8443,OK,71.400,0.44,15902.20001526177
8444,OK,51.600,0.44,15889.100031927228
8445,OK,38.500,0.44,15922.499995213002
8446,OK,32.000,0.44,15949.599968735129
8447,OK,31.500,0.44,15949.599968735129
8448,OK,34.200,0.44,15969.500003848225
8449,OK,37.300,0.44,15922.8999982588
8450,OK,34.500,0.44,15957.600029651076
8451,OK,37.500,0.44,15985.300007741898
8452,OK,106.700,0.44,15726.900019217283
8453,OK,45.900,0.44,15991.799999028444
8454,OK,42.100,0.44,15875.999990385026
8455,OK,38.700,0.44,15881.800034549087
8456,OK,38.000,0.44,15941.799967549741
8457,OK,41.100,0.44,15963.199955876917
8458,OK,79.200,0.44,15886.000008322299
8459,OK,53.500,0.44,15865.10002380237
8460,OK,48.700,0.44,15921.099984552711
8461,OK,46.200,0.44,15917.800017632544
8462,OK,43.300,0.44,15926.500025670975
8463,OK,42.800,0.44,15960.699995048344
8464,OK,44.300,0.44,15898.499987088144
8465,OK,47.200,0.44,15933.600021526217
8466,OK,49.900,0.44,15928.000037092716
8467,OK,71.800,0.44,15851.600037422031
8468,OK,38.100,0.44,15950.399974826723
8469,OK,55.900,0.44,15952.39999005571
8470,OK,49.700,0.44,15897.100034635514
8471,OK,42.800,0.44,15965.90003464371
8472,OK,85.700,0.44,15850.30002752319
8473,OK,55.600,0.44,15909.499954432249
8474,OK,56.400,0.44,15858.899976592511
8475,OK,54.700,0.44,15983.099990990013
8476,OK,54.900,0.44,15935.000032186508
8477,OK,67.900,0.44,16160.600003786385
8478,OK,89.900,0.44,15482.500020880252
8479,OK,111.800,0.44,15818.000014405698
8480,OK,70.000,0.44,15861.399995628744
8481,OK,58.000,0.44,15933.499962557107
8482,OK,45.900,0.44,15865.399967879057
8483,OK,36.900,0.44,16083.800001069903
8484,OK,94.800,0.44,15722.999989520758
8485,OK,82.700,0.44,15977.500006556511
8486,OK,141.600,0.44,16127.499984577298
8487,OK,177.000,0.44,15906.39998903498
8488,OK,165.900,0.44,15593.8999960199
8489,OK,116.500,0.44,15509.39999287948
8490,OK,118.800,0.44,15743.000025395304
8491,OK,120.600,0.44,15893.799951300025
8492,OK,126.400,0.44,16071.899968665093
8493,OK,125.400,0.44,15470.599988475442
8494,OK,143.700,0.44,15570.999996270984
8495,OK,109.800,0.44,15866.60003522411
8496,OK,104.700,0.44,15867.000038269907
8497,OK,86.600,0.44,15785.700001288205
8498,OK,41.200,0.44,15920.00003438443
8499,OK,55.300,0.44,15917.200013063848
8500,OK,44.700,0.44,15915.600000880659
8501,OK,81.200,0.44,15749.300015158951
8502,OK,65.400,0.44,15885.600005276501
8503,OK,59.200,0.44,15925.80002034083
8504,OK,51.600,0.44,15863.000007811934
8505,OK,48.100,0.44,15960.300050210208
8506,OK,62.000,0.44,15834.700025152415
8507,OK,48.600,0.44,16018.299967981875
8508,OK,73.600,0.44,15916.100004687905
8509,OK,54.100,0.44,15896.499971859157
8510,OK,51.700,0.44,15889.100031927228
8511,OK,53.900,0.44,15867.300040554255
8512,OK,55.200,0.44,15926.699968986213
8513,OK,39.000,0.44,15990.499989129603
8514,OK,119.500,0.44,15717.800008133054
8515,OK,35.600,0.44,16034.799977205694
8516,OK,117.300,0.44,15794.900013133883
8517,OK,95.100,0.44,15752.999985124916
8518,OK,67.300,0.44,15895.100019406527
8519,OK,56.200,0.44,15889.699978288263
8520,OK,63.400,0.44,15978.800016455352
8521,OK,52.100,0.44,15908.300003502518
8522,OK,63.700,0.44,15882.299980148673
8523,OK,67.000,0.44,15882.599982433021
8524,OK,72.500,0.44,15837.599989026785
8525,OK,83.900,0.44,15921.50004580617
8526,OK,87.300,0.44,15886.900015175343
8527,OK,96.500,0.44,15741.300012450665
8528,OK,71.100,0.44,15934.400027617812
8529,OK,48.800,0.44,15941.600024234504
8530,OK,48.500,0.44,15789.800032507628
8531,OK,70.400,0.44,15927.799977362156
8532,OK,72.200,0.44,15945.299994200468
8533,OK,60.600,0.44,15812.199970241636
8534,OK,61.900,0.44,16505.900013726205
8535,OK,143.500,0.44,15184.100018814206
8536,OK,118.300,0.44,15912.099974229932
8537,OK,75.900,0.44,15797.100029885769
8538,OK,58.500,0.44,15859.499981161207
8539,OK,63.000,0.44,15939.900011289865
8540,OK,53.000,0.44,15942.09996983409
8541,OK,57.100,0.44,15881.100029218942
8542,OK,58.200,0.44,15946.100000292063
8543,OK,66.200,0.44,15847.299946472049
8544,OK,51.800,0.44,15897.100034635514
8545,OK,47.900,0.44,15928.6999842152
8546,OK,45.400,0.44,15932.000009343028
8547,OK,55.400,0.44,15957.00002508238
8548,OK,55.400,0.44,15839.200001209974
8549,OK,71.200,0.44,15892.099996563047
8550,OK,63.900,0.44,15908.10000197962
8551,OK,53.400,0.44,15937.399992253631
8552,OK,48.600,0.44,15881.099971011281
8553,OK,49.800,0.44,15964.100020937622
8554,OK,52.600,0.44,15881.999977864325
8555,OK,98.000,0.44,15801.900008227676
8556,OK,55.100,0.44,15963.099955115467
8557,OK,45.700,0.44,15887.100016698241
8558,OK,46.600,0.44,15913.099981844425
8559,OK,42.700,0.44,15940.200013574213
8560,OK,43.500,0.44,15928.999986499548
8561,OK,42.800,0.44,15926.899970509112
8562,OK,46.900,0.44,15922.099992167205
8563,OK,52.000,0.44,15912.599978037179
8564,OK,57.500,0.44,15920.399979222566
8565,OK,44.700,0.44,15913.300041574985
8566,OK,42.300,0.44,15929.299988783896
8567,OK,48.400,0.44,15887.600020505488
8568,OK,46.200,0.44,15936.399984639138
8569,OK,49.100,0.44,15922.500053420663
8570,OK,52.500,0.44,15887.800022028387
8571,OK,51.700,0.44,15932.400012388825
8572,OK,51.000,0.44,15916.300006210804
8573,OK,50.000,0.44,15925.90002110228
8574,OK,95.700,0.44,15858.899976592511
8575,OK,124.400,0.44,15830.199990887195
8576,OK,64.700,0.44,15901.500009931624
8577,OK,49.600,0.44,15876.89999723807
8578,OK,66.000,0.44,15862.600004766136
8579,OK,71.400,0.44,15907.699998933822
8580,OK,54.900,0.44,15979.800024069846
8581,OK,57.600,0.44,15774.80003470555
8582,OK,52.300,0.44,15965.69997491315
8583,OK,50.100,0.44,15926.800027955323
8584,OK,53.200,0.44,15902.700019069016
8585,OK,55.500,0.44,15914.299990981817
8586,OK,55.300,0.44,15927.29997355491
8587,OK,55.200,0.44,15931.999951135367
8588,OK,69.400,0.44,15887.699963059276
8589,OK,76.900,0.44,15879.90002008155
8590,OK,58.900,0.44,15873.000025749207
8591,OK,51.900,0.44,15899.799996986985
8592,OK,49.200,0.44,15932.99995874986
8593,OK,48.300,0.44,15891.70005172491
8594,OK,49.200,0.44,15915.199997834861
8595,OK,54.200,0.44,15925.80002034083
8596,OK,50.000,0.44,15915.699943434447
8597,OK,50.000,0.44,15943.100035656244
8598,OK,55.500,0.44,15894.100011792034
8599,OK,59.100,0.44,15927.900036331266
8600,OK,56.400,0.44,15902.199957054108
8601,OK,59.300,0.44,15756.200009491295
8602,OK,199.600,0.44,15662.699996028095
8603,OK,72.100,0.44,15842.79997041449
8604,OK,60.500,0.44,15918.30002143979
8605,OK,52.700,0.44,15948.299958836287
8606,OK,62.700,0.44,15898.199984803796
8607,OK,54.600,0.44,15897.69998099655
8608,OK,54.200,0.44,15902.499959338456
8609,OK,51.800,0.44,15924.09994918853
8610,OK,47.100,0.44,15922.8999982588
8611,OK,46.800,0.44,15879.100013989955
8612,OK,47.100,0.44,15989.49998151511
8613,OK,50.400,0.44,15822.000044863671
8614,OK,43.400,0.44,15962.500008754432
8615,OK,47.900,0.44,16006.999998353422
8616,OK,55.500,0.44,15873.099968302995
8617,OK,56.600,0.44,15819.899970665574
8618,OK,62.200,0.44,15925.80002034083
8619,OK,42.000,0.44,15960.799995809793
8620,OK,42.900,0.44,15944.89999115467
8621,OK,44.600,0.44,15841.699962038547
8622,OK,47.200,0.44,16011.399973649532
8623,OK,46.400,0.44,15930.900000967085
8624,OK,46.500,0.44,15923.500002827495
8625,OK,43.800,0.44,15864.800021518022
8626,OK,46.600,0.44,16000.100004021078
8627,OK,52.500,0.44,15903.999970760196
8628,OK,49.700,0.44,15872.800024226308
8629,OK,47.600,0.44,15927.799977362156
8630,OK,51.700,0.44,15937.59999377653
8631,OK,68.500,0.44,15863.900014664978
8632,OK,43.900,0.44,15949.699969496578
8633,OK,41.600,0.44,15941.599966026843
8634,OK,46.600,0.44,15942.400030326098
8635,OK,49.800,0.44,15906.799992080778
8636,OK,53.000,0.44,15921.200043521821
8637,OK,51.600,0.44,15833.69995933026
8638,OK,57.200,0.44,15993.89995681122
8639,OK,57.600,0.44,15898.899990133941
8640,OK,61.000,0.44,15880.999970249832
8641,OK,44.200,0.44,15903.5999677144
8642,OK,43.800,0.44,15917.700016871095
8643,OK,116.600,0.44,15879.300015512854
8644,OK,54.400,0.44,15833.700017537922
8645,OK,34.300,0.44,15946.800005622208
8646,OK,49.100,0.44,15952.899993862957
8647,OK,35.400,0.44,15971.000015269965
8648,OK,36.300,0.44,15893.700008746237
8649,OK,40.600,0.44,15963.000012561679
8650,OK,80.100,0.44,15876.200050115585
8651,OK,54.300,0.44,15928.400040138513
8652,OK,56.300,0.44,15845.499990973622
8653,OK,54.900,0.44,15960.399992763996
8654,OK,58.400,0.44,15864.900022279471
8655,OK,53.700,0.44,15872.100018896163
8656,OK,50.200,0.44,15879.400016274303
8657,OK,64.800,0.44,15892.299998085946
8658,OK,72.500,0.44,15895.699965767562
8659,OK,88.800,0.44,15918.499964755028
8660,OK,64.300,0.44,15760.499984025955
8661,OK,78.900,0.44,15891.999995801598
8662,OK,84.000,0.44,15848.400013055652
8663,OK,86.300,0.44,15855.000005103648
8664,OK,78.100,0.44,15880.300023127347
8665,OK,98.000,0.44,16149.000031873584
8666,OK,86.800,0.44,15560.400031972677
8667,OK,81.900,0.44,15852.200041990727
8668,OK,82.700,0.44,15839.80000577867
8669,OK,128.900,0.44,15832.000004593283
8670,OK,81.600,0.44,15820.199972949922
8671,OK,103.200,0.44,15842.200024053454
8672,OK,97.700,0.44,15838.29999435693
8673,OK,128.200,0.44,15778.300003148615
8674,OK,82.900,0.44,15872.200019657612
8675,OK,85.700,0.44,15838.199993595481
8676,OK,84.700,0.44,15873.800031840801
8677,OK,79.600,0.44,15845.399990212172
8678,OK,80.600,0.44,15862.10000095889
8679,OK,82.600,0.44,15868.600050453097
8680,OK,59.300,0.44,15922.79999749735
8681,OK,58.200,0.44,15848.500013817102
8682,OK,42.200,0.44,15962.500008754432
8683,OK,89.400,0.44,15860.399988014251
8684,OK,65.200,0.44,15974.49998371303
8685,OK,80.100,0.44,15894.399955868721
8686,OK,91.400,0.44,15752.699982840568
8687,OK,84.200,0.44,15811.49996491149
8688,OK,36.000,0.44,15944.099985063076
8689,OK,47.100,0.44,15928.200038615614
8690,OK,52.800,0.44,15951.799985487014
8691,OK,43.900,0.44,15947.300009429455
8692,OK,50.300,0.44,15935.800038278103
8693,OK,51.300,0.44,15914.699994027615
8694,OK,44.700,0.44,15950.099972542375
8695,OK,49.900,0.44,15933.599963318557
8696,OK,55.800,0.44,15942.09996983409
8697,OK,68.100,0.44,15904.600033536553
8698,OK,64.700,0.44,15862.00000019744
8699,OK,67.600,0.44,15876.299992669374
8700,OK,56.000,0.44,15957.800031173974
8701,OK,43.800,0.44,15859.999984968454
8702,OK,42.400,0.44,15956.600022036582
8703,OK,56.800,0.44,15889.200032688677
8704,OK,90.900,0.44,15826.999966520816
8705,OK,59.700,0.44,15673.600020818412
8706,OK,55.300,0.44,15871.800016611814
8707,OK,54.800,0.44,15868.499991483986
8708,OK,47.200,0.44,15880.600025411695
8709,OK,49.500,0.44,15946.700004860759
8710,OK,33.800,0.44,16071.099962573498
8711,OK,81.000,0.44,15736.20003182441
8712,OK,42.100,0.44,15874.899982009083
8713,OK,138.900,0.44,15860.500046983361
8714,OK,60.600,0.44,16214.100003708154
8715,OK,122.800,0.44,15671.100001782179
8716,OK,93.500,0.44,15829.999989364296
8717,OK,98.600,0.44,16189.899994060397
8718,OK,102.000,0.44,15577.999991364777
8719,OK,103.800,0.44,15956.399962306023
8720,OK,80.400,0.44,15628.200024366379
8721,OK,165.700,0.44,15926.799969747663
8722,OK,112.800,0.44,16166.799992788583
8723,OK,112.000,0.44,15369.099972303957
8724,OK,110.700,0.44,15710.700012277812
8725,OK,94.600,0.44,16370.599973015487
8726,OK,102.700,0.44,15464.700001757592
8727,OK,112.500,0.44,15804.2999682948
8728,OK,110.400,0.44,15801.100002136081
8729,OK,94.200,0.44,15865.899971686304
8730,OK,100.700,0.44,15597.700024954975
8731,OK,73.400,0.44,15989.49998151511
8732,OK,170.200,0.44,15733.20000898093
8733,OK,118.000,0.44,15695.100009907037
8734,OK,66.400,0.44,15857.799968216568
8735,OK,41.000,0.44,15964.40002322197
8736,OK,46.100,0.44,15901.300008408725
8737,OK,61.100,0.44,15960.100048687309
8738,OK,51.300,0.44,15873.499971348792
8739,OK,46.500,0.44,15882.000036071986
8740,OK,44.500,0.44,15956.400020513684
8741,OK,97.400,0.44,15853.499993681908
8742,OK,76.500,0.44,15912.29997575283
8743,OK,46.300,0.44,15969.700005371124
8744,OK,48.300,0.44,15885.600005276501
8745,OK,52.100,0.44,15962.90001180023
8746,OK,54.200,0.44,15914.300049189478
8747,OK,54.600,0.44,15856.300015002489
8748,OK,52.100,0.44,15965.100028552115
8749,OK,65.400,0.44,15828.999981749803
8750,OK,29.600,0.44,15927.999978885055
8751,OK,41.300,0.44,15940.4999576509
8752,OK,41.500,0.44,15967.499988619238
8753,OK,59.500,0.44,15906.60004876554
8754,OK,101.500,0.44,15866.70003598556
8755,OK,59.700,0.44,15824.200003407896
8756,OK,62.700,0.44,15918.699966277927
8757,OK,51.500,0.44,15933.700022287667
8758,OK,73.300,0.44,15861.000050790608
8759,OK,55.600,0.44,15935.799980070442
8760,OK,64.000,0.44,15830.599993932992
8761,OK,51.800,0.44,15955.30001213774
8762,OK,48.400,0.44,16016.000008676201
8763,OK,61.300,0.44,15779.20001000166
8764,OK,59.000,0.44,15915.700001642108
8765,OK,49.500,0.44,15928.200038615614
8766,OK,49.200,0.44,15893.399948254228
8767,OK,51.700,0.44,15979.700023308396
8768,OK,81.000,0.44,15758.700028527528
8769,OK,46.700,0.44,15963.300014846027
8770,OK,59.100,0.44,15865.700028371066
8771,OK,47.500,0.44,15874.899982009083
8772,OK,54.200,0.44,15986.300015356392
8773,OK,44.200,0.44,15875.999990385026
8774,OK,44.400,0.44,15932.000009343028
8775,OK,46.000,0.44,16003.099968656898
8776,OK,47.800,0.44,15855.800011195242
8777,OK,50.800,0.44,15919.89997541532
8778,OK,53.100,0.44,15906.099986750633
8779,OK,44.400,0.44,15911.300026345998
8780,OK,44.200,0.44,15986.60001764074
8781,OK,57.500,0.44,15922.8999982588
8782,OK,51.900,0.44,15927.09997203201
8783,OK,55.700,0.44,15913.499984890223
8784,OK,57.300,0.44,15906.59999055788
8785,OK,55.100,0.44,15904.800035059452
8786,OK,59.300,0.44,15865.00002304092
8787,OK,77.200,0.44,15915.29999859631
8788,OK,57.200,0.44,15905.799984466285
8789,OK,49.400,0.44,15857.199963647872
8790,OK,75.100,0.44,15878.900012467057
8791,OK,49.300,0.44,15929.699991829693
8792,OK,50.200,0.44,15911.099966615438
8793,OK,81.300,0.44,15920.299978461117
8794,OK,53.200,0.44,15844.599984120578
8795,OK,72.500,0.44,15953.399997670203
8796,OK,58.900,0.44,15905.599982943386
8797,OK,57.000,0.44,15916.500007733703
8798,OK,55.000,0.44,15878.30000789836
8799,OK,68.000,0.44,15822.699991986156
8800,OK,49.400,0.44,15983.39999327436
8801,OK,55.000,0.44,15804.700029548258
8802,OK,58.700,0.44,15929.299988783896
8803,OK,68.400,0.44,15898.899990133941
8804,OK,56.900,0.44,15938.600001391023
8805,OK,57.800,0.44,15882.199979387224
8806,OK,57.500,0.44,15832.300006877631
8807,OK,48.900,0.44,15936.10004056245
8808,OK,71.900,0.44,15865.999972447753
8809,OK,53.100,0.44,15879.000013228506
8810,OK,51.300,0.44,15974.299982190132
8811,OK,46.900,0.44,15921.29998607561
8812,OK,57.700,0.44,15886.400011368096
8813,OK,49.500,0.44,15885.70000603795
8814,OK,50.200,0.44,15941.599966026843
8815,OK,49.800,0.44,15900.099999271333
8816,OK,51.500,0.44,15999.199997168034
8817,OK,52.500,0.44,15848.80001610145
8818,OK,52.500,0.44,15925.000014249235
8819,OK,52.000,0.44,15946.40000257641
8820,OK,74.300,0.44,15877.199999522418
8821,OK,64.700,0.44,15888.100024312735
8822,OK,65.900,0.44,15965.69997491315
8823,OK,57.300,0.44,15877.800004091114
8824,OK,57.600,0.44,15964.40002322197
8825,OK,60.200,0.44,15862.800006289035
8826,OK,56.000,0.44,15899.799996986985
8827,OK,53.600,0.44,15895.499964244664
8828,OK,47.800,0.44,15911.899972707033
8829,OK,48.500,0.44,15911.699971184134
8830,OK,48.900,0.44,15926.600026432425
8831,OK,51.400,0.44,15889.300033450127
8832,OK,124.000,0.44,15775.499981828034
8833,OK,45.000,0.44,15898.699988611042
8834,OK,31.700,0.44,15960.099990479648
8835,OK,40.000,0.44,15935.300034470856
8836,OK,66.700,0.44,15848.500013817102
8837,OK,67.200,0.44,15924.100007396191
8838,OK,56.600,0.44,15911.799971945584
8839,OK,42.800,0.44,15971.70002060011
8840,OK,44.100,0.44,15914.599993266165
8841,OK,42.200,0.44,15934.200026094913
8842,OK,43.000,0.44,15871.800016611814
8843,OK,46.800,0.44,15961.700002662838
8844,OK,70.200,0.44,15974.49998371303
8845,OK,77.900,0.44,15806.099982000887
8846,OK,128.800,0.44,15732.900006696582
8847,OK,48.600,0.44,15957.900031935424
8848,OK,45.800,0.44,15906.299988273531
8849,OK,49.300,0.44,15907.90000045672
8850,OK,47.100,0.44,15856.500016525388
8851,OK,53.800,0.44,16040.300019085407
8852,OK,49.800,0.44,15898.699988611042
8853,OK,78.400,0.44,15919.000026769936
8854,OK,59.300,0.44,15803.400019649416
8855,OK,62.000,0.44,15937.799995299429
8856,OK,52.200,0.44,15925.199957564473
8857,OK,60.400,0.44,15875.300043262541
8858,OK,66.900,0.44,15879.700018558651
8859,OK,67.100,0.44,15959.300042595714
8860,OK,50.000,0.44,15930.09999487549
8861,OK,62.700,0.44,15897.200035396963
8862,OK,62.900,0.44,15833.89996085316
8863,OK,50.800,0.44,15907.90000045672
8864,OK,59.900,0.44,15967.599989380687
8865,OK,51.800,0.44,15821.499982848763
8866,OK,47.500,0.44,15899.599995464087
8867,OK,111.200,0.44,15833.100012969226
8868,OK,46.500,0.44,15919.399971608073
8869,OK,45.300,0.44,15959.69998743385
8870,OK,69.100,0.44,15868.600050453097
8871,OK,55.500,0.44,15889.499976765364
8872,OK,53.000,0.44,15906.299988273531
8873,OK,52.300,0.44,15914.699994027615
8874,OK,51.000,0.44,15900.70000384003
8875,OK,44.700,0.44,16004.600038286299
8876,OK,131.300,0.44,15691.399981733412
8877,OK,46.600,0.44,15980.70003092289
8878,OK,47.700,0.44,15918.899967800826
8879,OK,48.400,0.44,15958.29997677356
8880,OK,47.700,0.44,15895.100019406527
8881,OK,46.600,0.44,15924.30000891909
8882,OK,47.400,0.44,15919.399971608073
8883,OK,50.500,0.44,15954.0000022389
8884,OK,150.600,0.44,15688.900020904839
8885,OK,108.400,0.44,15797.199972439557
8886,OK,45.700,0.44,15916.999953333288
8887,OK,51.900,0.44,15939.499950036407
8888,OK,41.800,0.44,15909.799956716597
8889,OK,58.500,0.44,15880.999970249832
8890,OK,190.900,0.44,15732.800005935133
8891,OK,86.700,0.44,15884.599997662008
8892,OK,81.900,0.44,15852.499986067414
8893,OK,79.000,0.44,15882.099978625774
8894,OK,85.200,0.44,15862.200001720339
8895,OK,86.600,0.44,15868.199989199638
8896,OK,78.700,0.44,15843.199973460287
8897,OK,77.300,0.44,15910.300018731505
8898,OK,91.500,0.44,15880.899969488382
8899,OK,68.000,0.44,15820.099972188473
8900,OK,75.600,0.44,15898.700046818703
8901,OK,81.600,0.44,15760.399983264506
8902,OK,93.000,0.44,15823.299996554852
8903,OK,90.900,0.44,15843.699977267534
8904,OK,84.900,0.44,15897.299977950752
8905,OK,80.500,0.44,15825.500013306737
8906,OK,80.000,0.44,15895.799966529012
8907,OK,83.000,0.44,15848.70001534
8908,OK,81.100,0.44,15846.299997065216
8909,OK,85.000,0.44,15854.7000028193
8910,OK,60.900,0.44,15912.200033199042
8911,OK,61.800,0.44,15946.50000333786
8912,OK,84.000,0.44,15822.299988940358
8913,OK,65.200,0.44,15877.900004852563
8914,OK,84.200,0.44,15849.499963223934
8915,OK,58.200,0.44,15934.500028379261
8916,OK,79.700,0.44,15889.199974481016
8917,OK,98.000,0.44,15846.800000872463
8918,OK,87.800,0.44,15908.200002741069
8919,OK,114.400,0.44,15770.800004247576
8920,OK,68.900,0.44,15848.500013817102
8921,OK,62.300,0.44,15847.500006202608
8922,OK,69.500,0.44,15929.799992591143
8923,OK,54.300,0.44,15906.49998979643
8924,OK,46.100,0.44,15941.400022711605
8925,OK,51.300,0.44,15928.600041661412
8926,OK,48.400,0.44,15912.699978798628
8927,OK,56.200,0.44,15889.400034211576
8928,OK,53.800,0.44,15937.399992253631
8929,OK,41.900,0.44,15926.500025670975
8930,OK,48.000,0.44,15959.599986672401
8931,OK,61.800,0.44,15861.299994867295
8932,OK,111.800,0.44,15875.699988100678
8933,OK,59.000,0.44,15841.40001796186
8934,OK,51.600,0.44,15962.500008754432
8935,OK,56.200,0.44,15896.600030828267
8936,OK,53.500,0.44,15915.39999935776
8937,OK,53.700,0.44,15888.80002964288
8938,OK,53.300,0.44,15944.89999115467
8939,OK,56.400,0.44,15890.09998133406
8940,OK,155.500,0.44,15752.60004028678
8941,OK,56.200,0.44,15848.999959416687
8942,OK,44.900,0.44,15922.499995213002
8943,OK,54.700,0.44,15962.70001027733
8944,OK,72.900,0.44,15869.700000621378
8945,OK,67.400,0.44,15854.500001296401
8946,OK,38.200,0.44,16031.999955885112
8947,OK,48.800,0.44,15787.099953740835
8948,OK,34.000,0.44,16112.200042698532
8949,OK,170.900,0.44,15620.50002394244
8950,OK,43.400,0.44,16197.10004888475
8951,OK,50.300,0.44,15708.899998571724
8952,OK,66.100,0.44,15891.399991232902
8953,OK,43.100,0.44,16220.49999423325
8954,OK,50.000,0.44,16109.599964693189
8955,OK,77.800,0.44,15334.800002165139
8956,OK,54.200,0.44,15873.600030317903
8957,OK,41.300,0.44,16392.000019550323
8958,OK,49.200,0.44,15871.800016611814
8959,OK,45.800,0.44,16042.399976868182
8960,OK,50.600,0.44,15584.299981128424
8961,OK,47.500,0.44,16119.499981869012
8962,OK,60.900,0.44,16083.800001069903
8963,OK,76.400,0.44,15762.600000016391
8964,OK,90.300,0.44,15495.200001168996
8965,OK,117.600,0.44,15949.800028465688
8966,OK,108.600,0.44,15686.200000345707
8967,OK,81.300,0.44,15876.79999647662
8968,OK,107.000,0.44,15747.099998407066
8969,OK,74.800,0.44,15797.699976246804
8970,OK,39.700,0.44,16016.09995122999
8971,OK,46.100,0.44,15950.79997787252
8972,OK,57.300,0.44,15852.899989113212
8973,OK,43.300,0.44,15944.500046316534
8974,OK,69.600,0.44,15890.999988187104
8975,OK,55.200,0.44,15959.7999881953
8976,OK,52.700,0.44,15936.09998235479
8977,OK,47.300,0.44,15878.800011705607
8978,OK,50.300,0.44,15936.499985400587
8979,OK,58.100,0.44,15924.900013487786
8980,OK,51.000,0.44,15921.899990644306
8981,OK,49.700,0.44,15911.300026345998
8982,OK,73.900,0.44,15913.399984128773
8983,OK,64.100,0.44,15846.499998588115
8984,OK,89.100,0.44,15900.900005362928
8985,OK,76.300,0.44,15816.300001461059
8986,OK,51.100,0.44,15922.099992167205
8987,OK,49.800,0.44,15909.40001187846
8988,OK,54.100,0.44,15894.000011030585
8989,OK,51.400,0.44,15951.10003836453
8990,OK,58.300,0.44,15891.199989710003
8991,OK,47.100,0.44,15949.099964927882
8992,OK,48.400,0.44,15893.000003416091
8993,OK,45.200,0.44,15923.500002827495
8994,OK,52.100,0.44,15917.100012302399
8995,OK,50.500,0.44,15911.300026345998
8996,OK,47.200,0.44,15918.200020678341
8997,OK,47.300,0.44,15899.899997748435
8998,OK,35.800,0.44,15940.100012812763
8999,OK,37.000,0.44,15963.600017130375
9000,OK,35.800,0.44,15932.500013150275
9001,OK,40.200,0.44,15814.199985470623
9002,OK,53.500,0.44,15913.399984128773
9003,OK,58.700,0.44,15917.799959424883
9004,OK,45.100,0.44,15968.79999851808
9005,OK,47.800,0.44,15896.299970336258
9006,OK,45.600,0.44,15899.399993941188
9007,OK,43.000,0.44,15950.099972542375
9008,OK,42.500,0.44,15930.900000967085
9009,OK,52.100,0.44,15902.800019830465
9010,OK,52.400,0.44,15927.499975077808
9011,OK,56.800,0.44,15945.799998007715
9012,OK,65.800,0.44,15893.600007984787
9013,OK,60.500,0.44,15913.100040052086
9014,OK,40.200,0.44,15933.400020003319
9015,OK,43.400,0.44,15951.399982441217
9016,OK,62.100,0.44,15893.000003416091
9017,OK,57.700,0.44,15876.200050115585
9018,OK,55.100,0.44,15940.400015097111
9019,OK,51.400,0.44,15919.400029815733
9020,OK,54.400,0.44,15841.700020246208
9021,OK,75.300,0.44,15852.699987590313
9022,OK,42.700,0.44,15929.499990306795
9023,OK,41.900,0.44,15928.300039377064
9024,OK,44.000,0.44,15922.099992167205
9025,OK,42.800,0.44,15971.400018315762
9026,OK,50.200,0.44,15897.5999802351
9027,OK,47.400,0.44,15919.600031338632
9028,OK,47.400,0.44,15929.199988022447
9029,OK,62.600,0.44,15897.69998099655
9030,OK,47.800,0.44,15929.399989545345
9031,OK,46.700,0.44,15925.59996061027
9032,OK,48.100,0.44,15934.000024572015
9033,OK,47.500,0.44,15936.09998235479
9034,OK,42.600,0.44,15874.799981247634
9035,OK,46.100,0.44,15997.999988030642
9036,OK,52.400,0.44,15912.39997651428
9037,OK,56.600,0.44,15951.900044456124
9038,OK,66.500,0.44,15849.199960939586
9039,OK,54.900,0.44,15828.399977181107
9040,OK,68.500,0.44,15971.299959346652
9041,OK,51.500,0.44,15871.00001052022
9042,OK,63.500,0.44,15843.499975744635
9043,OK,52.700,0.44,15928.000037092716
9044,OK,56.900,0.44,15949.800028465688
9045,OK,54.600,0.44,15826.800023205578
9046,OK,79.000,0.44,15903.299965430051
9047,OK,48.900,0.44,15957.299969159067
9048,OK,76.300,0.44,15818.900021258742
9049,OK,45.800,0.44,15931.900008581579
9050,OK,44.400,0.44,15917.800017632544
9051,OK,48.200,0.44,15928.6999842152
9052,OK,60.800,0.44,15950.299974065274
9053,OK,64.500,0.44,15878.40000865981
9054,OK,63.100,0.44,15915.900003165007
9055,OK,50.400,0.44,15806.299983523786
9056,OK,73.200,0.44,15987.89996933192
9057,OK,56.300,0.44,15894.60001559928
9058,OK,56.700,0.44,15898.500045295805
9059,OK,49.700,0.44,15892.600000370294
9060,OK,51.500,0.44,15951.299981679767
9061,OK,55.000,0.44,15929.499990306795
9062,OK,53.500,0.44,15900.200000032783
9063,OK,55.100,0.44,15854.199999012053
9064,OK,67.000,0.44,15894.400014076382
9065,OK,52.700,0.44,15940.200013574213
9066,OK,48.000,0.44,15927.899978123605
9067,OK,68.000,0.44,15871.400013566017
9068,OK,84.400,0.44,15820.70003496483
9069,OK,48.300,0.44,15918.700024485588
9070,OK,71.800,0.44,15901.199949439615
9071,OK,56.900,0.44,15966.199978720397
9072,OK,42.100,0.44,15860.80004926771
9073,OK,49.300,0.44,15920.899983029813
9074,OK,63.500,0.44,15913.100040052086
9075,OK,55.000,0.44,15817.100007552654
9076,OK,68.600,0.44,15984.800003934652
9077,OK,55.900,0.44,15888.999972958118
9078,OK,53.700,0.44,15871.10001128167
9079,OK,58.000,0.44,15882.599982433021
9080,OK,44.100,0.44,15944.499988108873
9081,OK,52.600,0.44,15897.899982519448
9082,OK,62.400,0.44,15906.799992080778
9083,OK,66.600,0.44,15901.300008408725
9084,OK,52.100,0.44,15925.90002110228
9085,OK,57.300,0.44,15871.699957642704
9086,OK,45.800,0.44,15937.399992253631
9087,OK,45.600,0.44,15920.099976938218
9088,OK,43.000,0.44,15942.299971356988
9089,OK,47.600,0.44,15920.200035907328
9090,OK,46.700,0.44,15941.99996907264
9091,OK,43.700,0.44,15925.999963656068
9092,OK,43.100,0.44,15881.40003150329
9093,OK,47.300,0.44,15958.900039549917
9094,OK,44.700,0.44,15947.000007145107
9095,OK,58.500,0.44,15870.500006712973
9096,OK,48.400,0.44,15932.000009343028
9097,OK,63.900,0.44,15963.200014084578
9098,OK,50.900,0.44,15832.800010684878
9099,OK,40.500,0.44,15994.599962141365
9100,OK,151.400,0.44,15720.499970484525
9101,OK,94.300,0.44,15715.599991381168
9102,OK,115.800,0.44,15824.700007215142
9103,OK,48.100,0.44,15987.599967047572
9104,OK,50.200,0.44,15878.900012467057
9105,OK,57.200,0.44,15919.099969323725
9106,OK,48.300,0.44,15913.499984890223
9107,OK,48.900,0.44,15918.099961709231
9108,OK,124.500,0.44,15800.099994521588
9109,OK,112.000,0.44,15851.499978452921
9110,OK,58.300,0.44,15887.799963820726
9111,OK,48.600,0.44,15885.8000067994
9112,OK,36.100,0.44,15915.199997834861
9113,OK,40.200,0.44,15918.30002143979
9114,OK,38.300,0.44,15936.299983877689
9115,OK,41.000,0.44,15973.299974575639
9116,OK,48.100,0.44,15907.599998172373
9117,OK,124.400,0.44,15806.699986569583
9118,OK,53.600,0.44,15877.700003329664
9119,OK,51.800,0.44,15931.400004774332
9120,OK,61.900,0.44,15913.79998717457
9121,OK,48.200,0.44,15914.299990981817
9122,OK,47.400,0.44,15919.79997465387
9123,OK,48.100,0.44,15890.399983618408
9124,OK,63.400,0.44,15903.199964668602
9125,OK,99.900,0.44,15880.399965681136
9126,OK,73.000,0.44,15882.600040640682
9127,OK,80.400,0.44,15872.2999622114
9128,OK,77.000,0.44,15865.10002380237
9129,OK,77.600,0.44,15874.0000333637
9130,OK,78.800,0.44,15874.10003412515
9131,OK,85.200,0.44,15849.199960939586
9132,OK,82.300,0.44,15881.29997253418
9133,OK,91.800,0.44,15834.900026675314
9134,OK,83.700,0.44,15877.600002568215
9135,OK,93.900,0.44,15843.400033190846
9136,OK,96.500,0.44,15919.69997389242
9137,OK,65.300,0.44,15817.200008314103
9138,OK,85.700,0.44,15829.799987841398
9139,OK,87.000,0.44,15837.899991311133
9140,OK,76.200,0.44,15875.39998581633
9141,OK,83.500,0.44,15904.499974567443
9142,OK,61.600,0.44,15890.599985141307
9143,OK,80.000,0.44,15871.10001128167
9144,OK,81.600,0.44,15886.400011368096
9145,OK,78.100,0.44,15839.100000448525
9146,OK,80.200,0.44,15860.000043176115
9147,OK,63.000,0.44,15822.499990463257
9148,OK,50.300,0.44,15963.600017130375
9149,OK,77.200,0.44,15857.899968978018
9150,OK,84.900,0.44,15852.399985305965
9151,OK,137.600,0.44,15844.499983359128
9152,OK,190.000,0.44,15683.900041040033
9153,OK,212.400,0.44,15533.09999871999
9154,OK,85.200,0.44,15836.399979889393
9155,OK,58.100,0.44,15903.000021353364
9156,OK,58.700,0.44,15932.800015434623
9157,OK,52.800,0.44,15897.999983280897
9158,OK,46.100,0.44,15931.400004774332
9159,OK,43.700,0.44,15956.80002355948
9160,OK,56.000,0.44,15903.200022876263
9161,OK,50.100,0.44,15938.800002913922
9162,OK,52.300,0.44,15906.099986750633
9163,OK,50.400,0.44,15902.499959338456
9164,OK,45.700,0.44,15942.699974402785
9165,OK,127.300,0.44,15727.600024547428
9166,OK,68.800,0.44,16023.699950892478
9167,OK,54.400,0.44,15888.000023551285
9168,OK,54.800,0.44,15885.100001469254
9169,OK,55.400,0.44,15914.999996311963
9170,OK,59.000,0.44,15887.500019744039
9171,OK,79.900,0.44,15953.499998431653
9172,OK,71.700,0.44,15778.000000864267
9173,OK,73.500,0.44,15906.59999055788
9174,OK,141.600,0.44,15711.00001456216
9175,OK,59.300,0.44,15886.700013652444
9176,OK,70.600,0.44,15910.300018731505
9177,OK,121.500,0.44,15812.199970241636
9178,OK,40.200,0.44,15934.60002914071
9179,OK,38.800,0.44,15910.300018731505
9180,OK,100.600,0.44,15813.399979379028
9181,OK,32.200,0.44,16051.79999023676
9182,OK,129.100,0.44,15801.800007466227
9183,OK,70.500,0.44,15915.29999859631
9184,OK,47.000,0.44,15898.699988611042
9185,OK,46.100,0.44,16194.900032132864
9186,OK,64.300,0.44,15699.10004036501
9187,OK,82.600,0.44,16088.200034573674
9188,OK,74.500,0.44,15676.599985454232
9189,OK,103.000,0.44,15739.599999506027
9190,OK,82.600,0.44,15839.200001209974
9191,OK,45.900,0.44,15898.299985565245
9192,OK,40.600,0.44,15938.099997583777
9193,OK,48.400,0.44,16114.600002765656
9194,OK,59.300,0.44,15751.800034195185
9195,OK,79.800,0.44,16203.0000356026
9196,OK,72.700,0.44,15596.90001886338
9197,OK,77.500,0.44,15845.79999325797
9198,OK,105.100,0.44,15879.79996111244
9199,OK,110.700,0.44,15945.199993439019
9200,OK,90.900,0.44,15740.799950435758
9201,OK,108.500,0.44,15701.099997386336
9202,OK,161.900,0.44,15705.300029367208
9203,OK,111.700,0.44,15700.999996624887
9204,OK,65.700,0.44,15784.799994435161
9205,OK,41.700,0.44,16089.299984741956
9206,OK,149.700,0.44,15705.00002708286
9207,OK,46.700,0.44,15842.59996889159
9208,OK,58.000,0.44,15917.200013063848
9209,OK,57.000,0.44,15927.799977362156
9210,OK,63.200,0.44,15897.70003920421
9211,OK,50.000,0.44,15936.999989207834
9212,OK,47.900,0.44,15866.499976255
9213,OK,48.300,0.44,15949.39996721223
9214,OK,45.500,0.44,15934.299968648702
9215,OK,51.400,0.44,15883.300045970827
9216,OK,54.900,0.44,15936.899988446385
9217,OK,62.800,0.44,7432.199956383556
9218,OK,65.300,0.44,15926.100022625178
9219,OK,76.400,0.44,15843.00003014505
9220,OK,49.400,0.44,15896.000026259571
9221,OK,42.200,0.44,15932.299953419715
9222,OK,57.800,0.44,15924.399951472878
9223,OK,44.200,0.44,15945.599996484816
9224,OK,47.000,0.44,15914.199990220368
9225,OK,46.400,0.44,15899.599995464087
9226,OK,46.400,0.44,15928.59998345375
9227,OK,44.600,0.44,15929.500048514456
9228,OK,45.300,0.44,15907.799999695271
9229,OK,58.400,0.44,15850.000025238842
9230,OK,56.400,0.44,15919.099969323725
9231,OK,43.200,0.44,15931.900008581579
9232,OK,44.200,0.44,15930.399997159839
9233,OK,63.900,0.44,15914.699994027615
9234,OK,58.900,0.44,15905.999985989183
9235,OK,38.700,0.44,15934.199967887253
9236,OK,37.400,0.44,15985.499951057136
9237,OK,44.000,0.44,15901.500009931624
9238,OK,52.500,0.44,15933.800023049116
9239,OK,49.000,0.44,15943.200036417693
9240,OK,58.200,0.44,15915.099997073412
9241,OK,54.500,0.44,15892.499999608845
9242,OK,70.200,0.44,15889.499976765364
9243,OK,53.000,0.44,15886.800014413893
9244,OK,73.000,0.44,15902.400016784668
9245,OK,61.700,0.44,15842.79997041449
9246,OK,45.700,0.44,15913.700044620782
9247,OK,42.200,0.44,16011.70003414154
9248,OK,46.900,0.44,15892.199997324497
9249,OK,69.600,0.44,15874.199976678938
9250,OK,44.600,0.44,15937.999996822327
9251,OK,45.200,0.44,15914.900053758174
9252,OK,84.700,0.44,15902.300016023219
9253,OK,71.800,0.44,15880.600025411695
9254,OK,56.600,0.44,15902.500017546117
9255,OK,54.200,0.44,15921.499987598509
9256,OK,55.800,0.44,15901.100006885827
9257,OK,58.400,0.44,15905.900043435395
9258,OK,67.400,0.44,15911.500027868897
9259,OK,51.400,0.44,15864.89996407181
9260,OK,62.700,0.44,15876.599994953722
9261,OK,82.600,0.44,15815.100050531328
9262,OK,64.500,0.44,15988.10002906248
9263,OK,57.000,0.44,15859.399980399758
9264,OK,68.500,0.44,15894.000011030585
9265,OK,42.500,0.44,15941.500023473054
9266,OK,58.000,0.44,15942.700032610446
9267,OK,55.600,0.44,15918.40002220124
9268,OK,56.500,0.44,15857.899968978018
9269,OK,54.400,0.44,15900.899947155267
9270,OK,55.200,0.44,15879.599959589541
9271,OK,41.100,0.44,16014.100052416325
9272,OK,61.900,0.44,15848.999959416687
9273,OK,38.200,0.44,15952.800051309168
9274,OK,57.300,0.44,15858.700033277273
9275,OK,72.400,0.44,15951.199980918318
9276,OK,40.600,0.44,15916.400006972253
9277,OK,47.600,0.44,15858.100028708577
9278,OK,62.400,0.44,15880.700026173145
9279,OK,49.000,0.44,15929.799992591143
9280,OK,57.500,0.44,15846.199996303767
9281,OK,67.300,0.44,15885.000000707805
9282,OK,53.100,0.44,15906.899992842227
9283,OK,54.000,0.44,15911.700029391795
9284,OK,51.500,0.44,15954.400005284697
9285,OK,63.500,0.44,15945.299994200468
9286,OK,69.600,0.44,15855.300007387996
9287,OK,70.800,0.44,15887.40001898259
9288,OK,47.200,0.44,15921.39998683706
9289,OK,59.500,0.44,15966.899984050542
9290,OK,59.800,0.44,15854.099998250604
9291,OK,46.100,0.44,15923.099999781698
9292,OK,44.200,0.44,15925.100015010685
9293,OK,46.600,0.44,15917.699958663434
9294,OK,46.400,0.44,15944.699989631772
9295,OK,51.800,0.44,15908.300003502518
9296,OK,43.700,0.44,15930.19999563694
9297,OK,55.300,0.44,15933.000016957521
9298,OK,131.500,0.44,15761.799993924797
9299,OK,46.300,0.44,15925.000014249235
9300,OK,47.700,0.44,15936.799987684935
9301,OK,61.500,0.44,15788.00001880154
9302,OK,186.200,0.44,15697.299968451262
9303,OK,105.200,0.44,15843.099972698838
9304,OK,64.600,0.44,15980.70003092289
9305,OK,125.800,0.44,15665.600018110126
9306,OK,58.800,0.44,15921.799989882857
9307,OK,73.500,0.44,15876.299992669374
9308,OK,60.000,0.44,15875.000040978193
9309,OK,51.300,0.44,15907.499997410923
9310,OK,43.500,0.44,15966.799983289093
9311,OK,46.900,0.44,15935.99998159334
9312,OK,52.300,0.44,15919.79997465387
9313,OK,52.700,0.44,15838.39999511838
9314,OK,82.500,0.44,15927.799977362156
9315,OK,68.400,0.44,15913.600043859333
9316,OK,54.900,0.44,15905.999985989183
9317,OK,54.700,0.44,15898.899990133941
9318,OK,54.700,0.44,15938.800002913922
9319,OK,55.500,0.44,15886.300010606647
9320,OK,67.300,0.44,15887.599962297827
9321,OK,50.600,0.44,15925.600018817931
9322,OK,48.700,0.44,15920.799982268363
9323,OK,48.500,0.44,15921.099984552711
9324,OK,46.300,0.44,15927.29997355491
9325,OK,46.400,0.44,15905.399981420487
9326,OK,56.700,0.44,15926.700027193874
9327,OK,60.000,0.44,15924.40000968054
9328,OK,46.600,0.44,15925.90002110228
9329,OK,46.700,0.44,15919.600031338632
9330,OK,60.600,0.44,15920.900041237473
9331,OK,55.000,0.44,15885.8000067994
9332,OK,48.300,0.44,15931.400004774332
9333,OK,51.500,0.44,15935.100032947958
9334,OK,52.800,0.44,15917.199954856187
9335,OK,54.400,0.44,15882.299980148673
9336,OK,46.100,0.44,15947.099949698895
9337,OK,44.500,0.44,15918.100019916892
9338,OK,53.000,0.44,15883.199987001717
9339,OK,50.900,0.44,15938.700002152473
9340,OK,84.700,0.44,15857.60002490133
9341,OK,80.200,0.44,15881.29997253418
9342,OK,72.000,0.44,15888.80002964288
9343,OK,54.900,0.44,15908.200002741069
9344,OK,52.400,0.44,15898.599987849593
9345,OK,45.200,0.44,15913.299983367324
9346,OK,89.800,0.44,15832.600009161979
9347,OK,84.800,0.44,15837.900049518794
9348,OK,39.900,0.44,15911.999973468482
9349,OK,33.700,0.44,15952.49999081716
9350,OK,36.500,0.44,15945.399994961917
9351,OK,40.700,0.44,15943.200036417693
9352,OK,40.600,0.44,15928.499982692301
9353,OK,83.700,0.44,15897.899982519448
9354,OK,93.500,0.44,15818.600018974394
9355,OK,42.000,0.44,15934.60002914071
9356,OK,49.800,0.44,15930.399997159839
9357,OK,61.700,0.44,15910.300018731505
9358,OK,55.800,0.44,15921.799989882857
9359,OK,70.000,0.44,15876.499994192272
9360,OK,62.900,0.44,15900.900005362928
9361,OK,61.900,0.44,15844.999987166375
9362,OK,74.400,0.44,15908.200002741069
9363,OK,72.300,0.44,15853.299992159009
9364,OK,90.200,0.44,15881.30003074184
9365,OK,85.800,0.44,15838.099992834032
9366,OK,75.300,0.44,15868.099988438189
9367,OK,74.600,0.44,15876.299992669374
9368,OK,77.000,0.44,15933.499962557107
9369,OK,74.200,0.44,15847.900009248406
9370,OK,91.700,0.44,15863.60001238063
9371,OK,73.900,0.44,15845.399990212172
9372,OK,77.300,0.44,15888.59996991232
9373,OK,93.900,0.44,15876.99999799952
9374,OK,83.100,0.44,15819.599968381226
9375,OK,81.000,0.44,15895.700023975223
9376,OK,64.400,0.44,15895.300020929426
9377,OK,63.500,0.44,15864.100016187876
9378,OK,84.100,0.44,15850.30002752319
9379,OK,80.300,0.44,15892.900002654642
9380,OK,84.300,0.44,15866.599977016449
9381,OK,65.200,0.44,15896.299970336258
9382,OK,94.500,0.44,15839.300001971424
9383,OK,89.400,0.44,15848.200011532754
9384,OK,92.000,0.44,15895.599965006113
9385,OK,61.400,0.44,15873.90003260225
9386,OK,94.100,0.44,15896.199969574809
9387,OK,58.500,0.44,15880.599967204034
9388,OK,51.400,0.44,15922.8999982588
9389,OK,86.600,0.44,15835.200028959662
9390,OK,74.900,0.44,15930.800000205636
9391,OK,126.900,0.44,15844.000037759542
9392,OK,189.100,0.44,15727.599966339767
9393,OK,58.500,0.44,15899.499994702637
9394,OK,51.600,0.44,15921.799989882857
9395,OK,59.900,0.44,15882.999985478818
9396,OK,59.500,0.44,15928.79998497665
9397,OK,49.900,0.44,15913.199982605875
9398,OK,45.900,0.44,15919.200028292835
9399,OK,48.000,0.44,15928.59998345375
9400,OK,51.600,0.44,15920.099976938218
9401,OK,56.100,0.44,15810.20001322031
9402,OK,64.400,0.44,16069.60000935942
9403,OK,58.000,0.44,15699.299983680248
9404,OK,75.200,0.44,15972.399967722595
9405,OK,110.100,0.44,15707.99999171868
9406,OK,58.000,0.44,15864.100016187876
9407,OK,103.500,0.44,15739.09999569878
9408,OK,45.800,0.44,16000.999952666461
9409,OK,40.400,0.44,15992.999949958175
9410,OK,136.100,0.44,15640.700003132224
9411,OK,48.700,0.44,16007.500002160668
9412,OK,60.100,0.44,15895.799966529012
9413,OK,51.700,0.44,15886.600012890995
9414,OK,49.000,0.44,15933.000016957521
9415,OK,50.100,0.44,15893.000003416091
9416,OK,36.500,0.44,15967.599989380687
9417,OK,49.800,0.44,15884.39999613911
9418,OK,44.500,0.44,15939.500008244067
9419,OK,43.100,0.44,15914.299990981817
9420,OK,44.700,0.44,15955.100010614842
9421,OK,51.500,0.44,15911.799971945584
9422,OK,43.500,0.44,15968.100051395595
9423,OK,79.900,0.44,16109.000018332154
9424,OK,137.900,0.44,15578.099992126226
9425,OK,101.200,0.44,15797.699976246804
9426,OK,47.400,0.44,15998.599992599338
9427,OK,46.900,0.44,15863.000007811934
9428,OK,84.900,0.44,16019.999980926514
9429,OK,58.200,0.44,15755.800006445497
9430,OK,94.200,0.44,15941.000019665807
9431,OK,85.700,0.44,15826.700022444129
9432,OK,99.900,0.44,15907.499997410923
9433,OK,81.800,0.44,15846.199996303767
9434,OK,95.300,0.44,15805.600036401302
9435,OK,135.100,0.44,15949.899971019477
9436,OK,137.000,0.44,15575.500030536205
9437,OK,101.400,0.44,15826.000017113984
9438,OK,143.900,0.44,15707.89999095723
9439,OK,113.600,0.44,15824.100002646446
9440,OK,63.200,0.44,16026.70003194362
9441,OK,129.800,0.44,15646.300045773387
9442,OK,45.200,0.44,15882.499981671572
9443,OK,40.000,0.44,15970.20000917837
9444,OK,45.700,0.44,15932.400012388825
9445,OK,47.500,0.44,15903.099963907152
9446,OK,51.800,0.44,15933.30001924187
9447,OK,48.500,0.44,15914.899995550513
9448,OK,41.300,0.44,15926.299965940416
9449,OK,49.700,0.44,15925.999963656068
9450,OK,45.400,0.44,15889.899979811162
9451,OK,51.800,0.44,15981.499978806823
9452,OK,46.700,0.44,15837.200044188648
9453,OK,68.700,0.44,16001.900017727166
9454,OK,56.000,0.44,15906.199987512082
9455,OK,56.700,0.44,15823.800000362098
9456,OK,52.900,0.44,16006.599995307624
9457,OK,56.000,0.44,15890.100039541721
9458,OK,52.500,0.44,15932.100010104477
9459,OK,43.900,0.44,15919.000026769936
9460,OK,46.300,0.44,15855.400008149445
9461,OK,43.300,0.44,15932.200010865927
9462,OK,42.400,0.44,15940.200013574213
9463,OK,45.900,0.44,15927.29997355491
9464,OK,45.500,0.44,15945.799998007715
9465,OK,54.900,0.44,15904.099971521646
9466,OK,51.900,0.44,15938.600001391023
9467,OK,51.600,0.44,15908.600005786866
9468,OK,49.100,0.44,15902.400016784668
9469,OK,48.200,0.44,15906.59999055788
9470,OK,42.400,0.44,15949.60002694279
9471,OK,47.700,0.44,15911.499969661236
9472,OK,44.500,0.44,15949.50002618134
9473,OK,51.700,0.44,15922.499995213002
9474,OK,54.200,0.44,15907.199995126575
9475,OK,48.700,0.44,15930.399997159839
9476,OK,51.000,0.44,15871.700015850365
9477,OK,43.100,0.44,15939.00000443682
9478,OK,32.900,0.44,15976.19999665767
9479,OK,39.800,0.44,15935.299976263195
9480,OK,42.500,0.44,15850.700030568987
9481,OK,43.700,0.44,15960.299992002547
9482,OK,50.900,0.44,15928.299981169403
9483,OK,49.600,0.44,15923.500002827495
9484,OK,46.500,0.44,15799.599990714341
9485,OK,61.700,0.44,15994.300018064678
9486,OK,57.800,0.44,15894.100011792034
9487,OK,57.400,0.44,15925.200015772134
9488,OK,57.200,0.44,15870.000002905726
9489,OK,48.900,0.44,15944.099985063076
9490,OK,66.900,0.44,15801.29994545132
9491,OK,52.700,0.44,15907.199995126575
9492,OK,69.200,0.44,15938.399999868125
9493,OK,70.300,0.44,15889.899979811162
9494,OK,79.700,0.44,15920.299978461117
9495,OK,57.300,0.44,15864.199958741665
9496,OK,53.600,0.44,15898.600046057254
9497,OK,48.100,0.44,15892.399998847395
9498,OK,49.100,0.44,15951.00003760308
9499,OK,56.000,0.44,15878.100006375462
9500,OK,56.200,0.44,15954.100003000349
9501,OK,58.100,0.44,15938.900003675371
9502,OK,67.800,0.44,15683.800040278584
9503,OK,76.700,0.44,15888.300025835633
9504,OK,46.200,0.44,15922.099992167205
9505,OK,43.900,0.44,16002.400021534413
9506,OK,52.100,0.44,15826.599963475019
9507,OK,57.000,0.44,15858.500031754375
9508,OK,61.700,0.44,15985.300007741898
9509,OK,44.400,0.44,15851.69997997582
9510,OK,56.600,0.44,15974.399982951581
9511,OK,48.100,0.44,15887.700021266937
9512,OK,53.200,0.44,15913.599985651672
9513,OK,53.300,0.44,15921.799989882857
9514,OK,53.100,0.44,15910.000016447157
9515,OK,68.000,0.44,15862.200001720339
9516,OK,70.600,0.44,15921.799989882857
9517,OK,57.300,0.44,15887.299960013479
9518,OK,53.700,0.44,15941.89996831119
9519,OK,74.600,0.44,15919.600031338632
9520,OK,76.400,0.44,15853.499993681908
9521,OK,49.300,0.44,15866.800036747009
9522,OK,64.500,0.44,15909.800014924258
9523,OK,48.000,0.44,15898.799989372492
9524,OK,66.500,0.44,15880.800026934594
9525,OK,93.400,0.44,15841.100015677512
9526,OK,59.900,0.44,15867.699985392392
9527,OK,70.100,0.44,15853.100048843771
9528,OK,66.600,0.44,15977.699949871749
9529,OK,49.800,0.44,15949.29996645078
9530,OK,76.100,0.44,15810.10001245886
9531,OK,45.600,0.44,15869.39999833703
9532,OK,47.400,0.44,15984.79994572699
9533,OK,53.800,0.44,15884.899999946356
9534,OK,41.400,0.44,15995.300025679171
9535,OK,47.200,0.44,15804.499969817698
9536,OK,66.800,0.44,16020.199982449412
9537,OK,83.900,0.44,15832.600009161979
9538,OK,60.900,0.44,15895.300020929426
9539,OK,56.600,0.44,15925.70001957938
9540,OK,55.300,0.44,15919.700032100081
9541,OK,61.000,0.44,15909.000008832663
9542,OK,58.100,0.44,15847.800008486956
9543,OK,57.100,0.44,15881.999977864325
9544,OK,49.300,0.44,15908.900008071214
9545,OK,52.200,0.44,15960.399992763996
9546,OK,55.100,0.44,15910.800022538751
9547,OK,64.300,0.44,15897.199977189302
9548,OK,67.500,0.44,15909.60001340136
9549,OK,53.000,0.44,15900.099999271333
9550,OK,52.800,0.44,15923.099999781698
9551,OK,52.700,0.44,15909.200010355562
9552,OK,52.600,0.44,15915.39999935776
9553,OK,51.200,0.44,15909.60001340136
9554,OK,51.900,0.44,15918.000019155443
9555,OK,71.900,0.44,15883.699990808964
9556,OK,79.500,0.44,15865.500026848167
9557,OK,53.000,0.44,15892.99994520843
9558,OK,53.400,0.44,15933.500020764768
9559,OK,53.100,0.44,15904.600033536553
9560,OK,52.700,0.44,15918.29996323213
9561,OK,64.500,0.44,15889.200032688677
9562,OK,58.700,0.44,15922.200051136315
9563,OK,49.100,0.44,15913.699986413121
9564,OK,43.700,0.44,15935.600036755204
9565,OK,52.300,0.44,15878.40000865981
9566,OK,50.400,0.44,15895.300020929426
9567,OK,38.500,0.44,15935.699979308993
9568,OK,45.500,0.44,15976.299997419119
9569,OK,46.500,0.44,15948.0000147596
9570,OK,47.400,0.44,15883.799991570413
9571,OK,56.400,0.44,15879.600017797202
9572,OK,49.400,0.44,15913.000039290637
9573,OK,44.100,0.44,15945.699997246265
9574,OK,40.600,0.44,15931.000001728535
9575,OK,53.500,0.44,15903.300023637712
9576,OK,78.300,0.44,15847.30000467971
9577,OK,46.200,0.44,15947.200008668005
9578,OK,58.300,0.44,15899.499994702637
9579,OK,59.700,0.44,15962.90001180023
9580,OK,58.800,0.44,15882.099978625774
9581,OK,56.900,0.44,15871.800016611814
9582,OK,53.800,0.44,15896.20002778247
9583,OK,46.900,0.44,15956.100018229336
9584,OK,46.800,0.44,15904.599975328892
9585,OK,97.800,0.44,15865.10002380237
9586,OK,58.600,0.44,15904.700034298003
9587,OK,47.100,0.44,15919.300029054284
9588,OK,44.400,0.44,15952.899993862957
9589,OK,57.500,0.44,15875.29998505488
9590,OK,46.800,0.44,15899.699996225536
9591,OK,48.200,0.44,15929.899993352592
9592,OK,53.400,0.44,15909.899957478046
9593,OK,50.900,0.44,16000.000003259629
9594,OK,124.000,0.44,15719.099959824234
9595,OK,56.600,0.44,15914.499992504716
9596,OK,56.800,0.44,15905.399981420487
9597,OK,55.200,0.44,15907.299995888025
9598,OK,52.400,0.44,15903.100022114813
9599,OK,56.300,0.44,15887.20001745969
9600,OK,60.100,0.44,15839.200001209974
9601,OK,73.500,0.44,15890.000038780272
9602,OK,77.400,0.44,15805.200033355504
9603,OK,77.800,0.44,16001.40001391992
9604,OK,90.000,0.44,15597.100020386279
9605,OK,75.300,0.44,15900.50000231713
9606,OK,63.000,0.44,15886.700013652444
9607,OK,84.400,0.44,15866.39997549355
9608,OK,87.700,0.44,15834.399964660406
9609,OK,74.000,0.44,15890.699985902756
9610,OK,76.700,0.44,15841.000014916062
9611,OK,70.700,0.44,15902.300016023219
9612,OK,77.000,0.44,15860.900050029159
9613,OK,74.600,0.44,15873.800031840801
9614,OK,76.400,0.44,15873.399970587343
9615,OK,78.300,0.44,15876.99999799952
9616,OK,90.100,0.44,15857.200021855533
9617,OK,92.100,0.44,15864.700020756572
9618,OK,77.600,0.44,15892.099996563047
9619,OK,76.700,0.44,15882.69998319447
9620,OK,84.200,0.44,15838.899998925626
9621,OK,80.200,0.44,15876.399993430823
9622,OK,61.700,0.44,15893.900010269135
9623,OK,65.000,0.44,15897.799981757998
9624,OK,83.900,0.44,15857.80002642423
9625,OK,79.900,0.44,15901.300008408725
9626,OK,74.400,0.44,15868.899994529784
9627,OK,57.000,0.44,15840.799955185503
9628,OK,47.900,0.44,16009.600018151104
9629,OK,74.100,0.44,15878.699952736497
9630,OK,90.300,0.44,15853.900054935366
9631,OK,72.400,0.44,15904.599975328892
9632,OK,112.000,0.44,15874.499978963286
9633,OK,187.600,0.44,15545.599977485836
9634,OK,49.400,0.44,15946.100000292063
9635,OK,51.200,0.44,15885.400003753603
9636,OK,46.800,0.44,15890.499984379858
9637,OK,45.500,0.44,15927.20003100112
9638,OK,51.600,0.44,16009.600018151104
9639,OK,58.500,0.44,15914.099989458919
9640,OK,57.300,0.44,15933.20001848042
9641,OK,59.700,0.44,15901.900012977421
9642,OK,58.300,0.44,15851.59997921437
9643,OK,48.500,0.44,15933.299961034209
9644,OK,66.900,0.44,15939.699951559305
9645,OK,119.900,0.44,15835.3999722749
9646,OK,53.000,0.44,15894.60001559928
9647,OK,52.500,0.44,15909.900015685707
9648,OK,55.600,0.44,15843.300032429397
9649,OK,46.500,0.44,15961.29999961704
9650,OK,43.300,0.44,15884.899999946356
9651,OK,88.400,0.44,15902.799961622804
9652,OK,54.400,0.44,15880.899969488382
9653,OK,70.800,0.44,15867.89998691529
9654,OK,52.500,0.44,15979.199961293489
9655,OK,53.300,0.44,15912.49997727573
9656,OK,69.600,0.44,15851.899981498718
9657,OK,35.700,0.44,15998.699993360788
9658,OK,45.100,0.44,15828.699979465455
9659,OK,54.900,0.44,16013.799991924316
9660,OK,46.900,0.44,15856.20001424104
9661,OK,44.200,0.44,16289.099992718548
9662,OK,56.100,0.44,15956.90002432093
9663,OK,106.400,0.44,15525.399998296052
9664,OK,94.100,0.44,16083.099995739758
9665,OK,81.200,0.44,15943.300037179142
9666,OK,143.600,0.44,15876.79999647662
9667,OK,134.400,0.44,15279.399987775832
9668,OK,143.100,0.44,16077.299951575696
9669,OK,77.900,0.44,15467.500023078173
9670,OK,116.100,0.44,16524.900041986257
9671,OK,130.100,0.44,15005.69999916479
9672,OK,56.800,0.44,15888.399968389422
9673,OK,42.800,0.44,15935.300034470856
9674,OK,32.000,0.44,16198.099998291582
9675,OK,54.500,0.44,15648.100001271814
9676,OK,47.600,0.44,15896.09996881336
9677,OK,49.100,0.44,16043.399984482676
9678,OK,133.200,0.44,15658.400021493435
9679,OK,48.400,0.44,15905.00003658235
9680,OK,38.900,0.44,15973.899979144335
9681,OK,40.100,0.44,15935.99998159334
9682,OK,48.500,0.44,15892.199997324497
9683,OK,78.700,0.44,15861.499996390194
9684,OK,51.200,0.44,15910.700021777302
9685,OK,63.200,0.44,15912.29997575283
9686,OK,55.700,0.44,15901.300008408725
9687,OK,45.900,0.44,15914.899995550513
9688,OK,47.100,0.44,15918.900026008487
9689,OK,45.900,0.44,15912.599978037179
9690,OK,43.600,0.44,15842.299966607243
9691,OK,46.600,0.44,15919.300029054284
9692,OK,49.400,0.44,15946.60000409931
9693,OK,64.700,0.44,15858.299972023815
9694,OK,48.400,0.44,15982.399985659868
9695,OK,40.600,0.44,15928.499982692301
9696,OK,43.000,0.44,15937.100048176944
9697,OK,54.300,0.44,15924.30000891909
9698,OK,47.400,0.44,15922.299993690103
9699,OK,44.700,0.44,15928.899985738099
9700,OK,47.800,0.44,15926.500025670975
9701,OK,55.100,0.44,15798.19998005405
9702,OK,48.800,0.44,15925.90002110228
9703,OK,56.200,0.44,15882.899984717369
9704,OK,42.600,0.44,15846.599999349564
9705,OK,35.200,0.44,16007.900005206466
9706,OK,41.400,0.44,15905.199979897588
9707,OK,36.900,0.44,15906.000044196844
9708,OK,41.200,0.44,15903.199964668602
9709,OK,38.900,0.44,16002.000018488616
9710,OK,40.500,0.44,15885.600005276501
9711,OK,40.700,0.44,15962.299949023873
9712,OK,47.500,0.44,15922.099992167205
9713,OK,71.700,0.44,15944.099985063076
9714,OK,53.900,0.44,15903.70002668351
9715,OK,53.900,0.44,15872.700023464859
9716,OK,79.500,0.44,15848.400013055652
9717,OK,53.700,0.44,15984.400000888854
9718,OK,44.900,0.44,15936.399984639138
9719,OK,50.200,0.44,15830.699994694442
9720,OK,65.500,0.44,15919.000026769936
9721,OK,47.600,0.44,15947.300009429455
9722,OK,54.500,0.44,15899.19999241829
9723,OK,51.400,0.44,15910.89996509254
9724,OK,44.600,0.44,15886.300010606647
9725,OK,41.300,0.44,15993.800014257431
9726,OK,40.900,0.44,15882.79998395592
9727,OK,38.700,0.44,15897.299977950752
9728,OK,54.500,0.44,15904.599975328892
9729,OK,47.200,0.44,15908.500005025417
9730,OK,49.000,0.44,15932.500013150275
9731,OK,55.600,0.44,15884.29999537766
9732,OK,74.600,0.44,15902.099956292659
9733,OK,50.200,0.44,15866.799978539348
9734,OK,47.300,0.44,16001.600015442818
9735,OK,49.700,0.44,15906.100044958293
9736,OK,51.300,0.44,15878.700010944158
9737,OK,56.300,0.44,15904.500032775104
9738,OK,50.600,0.44,15910.400019492954
9739,OK,60.500,0.44,15921.999991405755
9740,OK,70.000,0.44,15945.999999530613
9741,OK,57.800,0.44,15873.099968302995
9742,OK,47.300,0.44,15918.000019155443
9743,OK,43.400,0.44,15940.60001662001
9744,OK,47.300,0.44,15897.199977189302
9745,OK,50.700,0.44,15908.300003502518
9746,OK,45.100,0.44,15912.799979560077
9747,OK,42.600,0.44,15952.39999005571
9748,OK,40.500,0.44,15889.300033450127
9749,OK,42.400,0.44,15957.399969920516
9750,OK,47.300,0.44,15920.599980745465
9751,OK,50.500,0.44,15957.700030412525
9752,OK,52.500,0.44,15885.600005276501
9753,OK,82.600,0.44,15935.199975501746
9754,OK,58.700,0.44,15822.300047148019
9755,OK,58.200,0.44,15911.199967376888
9756,OK,48.200,0.44,15902.800019830465
9757,OK,48.800,0.44,15942.700032610446
9758,OK,45.300,0.44,15838.999999687076
9759,OK,52.000,0.44,15885.300002992153
9760,OK,51.200,0.44,15952.799993101507
9761,OK,49.200,0.44,15941.89996831119
9762,OK,70.300,0.44,15925.80002034083
9763,OK,46.500,0.44,15824.200003407896
9764,OK,55.800,0.44,16000.800009351224
9765,OK,68.400,0.44,15919.099969323725
9766,OK,58.300,0.44,15906.799992080778
9767,OK,53.800,0.44,15847.700007725507
9768,OK,55.700,0.44,15921.699989121407
9769,OK,54.600,0.44,15966.199978720397
9770,OK,61.600,0.44,15881.200029980391
9771,OK,55.300,0.44,15860.899991821498
9772,OK,57.300,0.44,15930.699999444187
9773,OK,60.600,0.44,15880.300023127347
9774,OK,36.900,0.44,15940.900018904358
9775,OK,49.200,0.44,15982.09998337552
9776,OK,99.900,0.44,15762.299997732043
9777,OK,53.200,0.44,15962.400007992983
9778,OK,62.300,0.44,15889.399976003915
9779,OK,63.100,0.44,15918.099961709231
9780,OK,63.400,0.44,15901.400009170175
9781,OK,57.400,0.44,15910.499962046742
9782,OK,57.700,0.44,15898.899990133941
9783,OK,54.600,0.44,15900.099999271333
9784,OK,54.800,0.44,15872.60002270341
9785,OK,48.900,0.44,15896.800032351166
9786,OK,48.900,0.44,15914.300049189478
9787,OK,49.700,0.44,16052.899998612702
9788,OK,125.900,0.44,15633.600007276982
9789,OK,59.800,0.44,15869.299997575581
9790,OK,48.500,0.44,15972.900029737502
9791,OK,50.400,0.44,15936.19998311624
9792,OK,69.000,0.44,15858.899976592511
9793,OK,73.200,0.44,15851.999982260168
9794,OK,70.200,0.44,15918.499964755028
9795,OK,59.400,0.44,15914.099989458919
9796,OK,62.900,0.44,15875.199984293431
9797,OK,71.600,0.44,15900.300000794232
9798,OK,58.200,0.44,15882.700041402131
9799,OK,70.400,0.44,15898.199984803796
9800,OK,64.600,0.44,15870.499948505312
9801,OK,52.900,0.44,15823.900001123548
9802,OK,63.200,0.44,15944.599988870323
9803,OK,54.200,0.44,15914.10004766658
9804,OK,60.000,0.44,15921.099984552711
9805,OK,59.300,0.44,15914.199990220368
9806,OK,68.900,0.44,15853.299992159009
9807,OK,74.000,0.44,15945.699997246265
9808,OK,62.600,0.44,15877.900004852563
9809,OK,53.400,0.44,15904.599975328892
9810,OK,52.200,0.44,15884.29999537766
9811,OK,56.600,0.44,15931.70000705868
9812,OK,48.700,0.44,15927.19997279346
9813,OK,48.100,0.44,15912.099974229932
9814,OK,117.400,0.44,15827.600029297173
9815,OK,54.600,0.44,15914.099989458919
9816,OK,52.000,0.44,15912.900038529187
9817,OK,51.400,0.44,15930.699999444187
9818,OK,65.300,0.44,15855.400008149445
9819,OK,57.500,0.44,15949.100023135543
9820,OK,55.800,0.44,15866.39997549355
9821,OK,47.400,0.44,15918.600023724139
9822,OK,43.500,0.44,15876.99999799952
9823,OK,98.100,0.44,15896.199969574809
9824,OK,56.300,0.44,15896.700031589717
9825,OK,44.500,0.44,15924.399951472878
9826,OK,43.600,0.44,15909.200010355562
9827,OK,48.400,0.44,15929.699991829693
9828,OK,52.000,0.44,15926.999971270561
9829,OK,55.700,0.44,15892.199997324497
9830,OK,47.900,0.44,15858.499973546714
9831,OK,50.700,0.44,15999.700000975281
9832,OK,140.300,0.44,15761.499991640449
9833,OK,54.700,0.44,15881.700033787638
9834,OK,41.500,0.44,15836.9000419043
9835,OK,40.400,0.44,15993.600012734532
9836,OK,55.200,0.44,15997.299982700497
9837,OK,44.600,0.44,15810.900018550456
9838,OK,63.800,0.44,15976.800001226366
9839,OK,76.400,0.44,15822.399989701807
9840,OK,77.200,0.44,15865.700028371066
9841,OK,66.100,0.44,15897.100034635514
9842,OK,120.900,0.44,15804.599970579147
9843,OK,92.300,0.44,15836.600039619952
9844,OK,83.200,0.44,15885.8000067994
9845,OK,79.400,0.44,15835.499973036349
9846,OK,137.400,0.44,15825.300011783838
9847,OK,104.800,0.44,15839.500003494322
9848,OK,87.600,0.44,15955.600014422089
9849,OK,59.800,0.44,15812.799974810332
9850,OK,91.500,0.44,15875.199984293431
9851,OK,94.300,0.44,15829.000039957464
9852,OK,79.400,0.44,15864.000015426427
9853,OK,81.300,0.44,15837.399987503886
9854,OK,79.000,0.44,15895.799966529012
9855,OK,82.500,0.44,15876.199991907924
9856,OK,84.700,0.44,15828.499977942556
9857,OK,78.800,0.44,15863.200009334832
9858,OK,86.000,0.44,15883.899992331862
9859,OK,84.100,0.44,15869.700000621378
9860,OK,64.600,0.44,15873.999975156039
9861,OK,63.100,0.44,15902.500017546117
9862,OK,95.700,0.44,15868.199989199638
9863,OK,96.100,0.44,15832.600009161979
9864,OK,88.100,0.44,15896.999975666404
9865,OK,118.200,0.44,15771.400008816272
9866,OK,63.200,0.44,15879.200014751405
9867,OK,62.400,0.44,15897.200035396963
9868,OK,57.300,0.44,15883.399988524616
9869,OK,54.800,0.44,15978.200011886656
9870,OK,58.400,0.44,15871.599956881255
9871,OK,57.700,0.44,15997.399983461946
9872,OK,64.700,0.44,15891.999995801598
9873,OK,52.600,0.44,15862.600004766136
9874,OK,47.900,0.44,15926.599968224764
9875,OK,41.700,0.44,15927.499975077808
9876,OK,42.000,0.44,16025.10001976043
9877,OK,139.800,0.44,15678.899944759905
9878,OK,49.700,0.44,15922.79999749735
9879,OK,54.700,0.44,15911.500027868897
9880,OK,54.700,0.44,15934.300026856363
9881,OK,56.000,0.44,15890.899987425655
9882,OK,63.100,0.44,15912.39997651428
9883,OK,55.000,0.44,15873.300028033555
9884,OK,49.500,0.44,15947.500010952353
9885,OK,167.000,0.44,15723.399992566556
9886,OK,51.700,0.44,15899.299993179739
9887,OK,49.200,0.44,15865.099965594709
9888,OK,50.200,0.44,15991.199994459748
9889,OK,56.900,0.44,15912.29997575283
9890,OK,52.700,0.44,15846.499998588115
9891,OK,50.200,0.44,15951.099980156869
9892,OK,60.000,0.44,15868.699993006885
9893,OK,53.800,0.44,15903.699968475848
9894,OK,59.200,0.44,15860.80004926771
9895,OK,51.000,0.44,15909.899957478046
9896,OK,83.500,0.44,15826.49996271357
9897,OK,71.700,0.44,16202.600032556802
9898,OK,136.500,0.44,15720.900031737983
9899,OK,120.300,0.44,15986.800019163638
9900,OK,139.400,0.44,15878.600010182709
9901,OK,205.600,0.44,15350.999950896949
9902,OK,229.000,0.44,15713.400032836944
9903,OK,121.400,0.44,15805.400034878403
9904,OK,130.500,0.44,15722.69998723641
9905,OK,129.600,0.44,15850.499970838428
9906,OK,122.700,0.44,15394.299989566207
9907,OK,128.200,0.44,15692.599990870804
9908,OK,61.300,0.44,15845.499990973622
9909,OK,45.900,0.44,16331.399965565652
9910,OK,42.800,0.44,15789.800032507628
9911,OK,47.200,0.44,15930.29999639839
9912,OK,50.800,0.44,15799.79999223724
9913,OK,45.600,0.44,16209.599969442934
9914,OK,56.600,0.44,15507.200034335256
9915,OK,69.900,0.44,15934.300026856363
9916,OK,78.500,0.44,15920.199977699667
9917,OK,81.900,0.44,15888.299967627972
9918,OK,82.700,0.44,15846.700000111014
9919,OK,99.600,0.44,15712.899970822036
9920,OK,68.400,0.44,15794.500010088086
9921,OK,53.800,0.44,15934.999973978847
9922,OK,49.100,0.44,15981.499978806823
9923,OK,42.300,0.44,15960.799995809793
9924,OK,47.100,0.44,15845.200046896935
9925,OK,45.500,0.44,15933.700022287667
9926,OK,48.400,0.44,15927.900036331266
9927,OK,48.200,0.44,15941.200021188706
9928,OK,45.800,0.44,15942.09996983409
9929,OK,45.500,0.44,15955.900016706437
9930,OK,64.100,0.44,15869.49999909848
9931,OK,85.300,0.44,15865.199966356158
9932,OK,52.500,0.44,15892.499999608845
9933,OK,59.200,0.44,15950.99997939542
9934,OK,55.800,0.44,15915.999945718795
9935,OK,57.200,0.44,15905.199979897588
9936,OK,53.800,0.44,15897.999983280897
9937,OK,51.800,0.44,15897.60003844276
9938,OK,46.500,0.44,15934.000024572015
9939,OK,44.100,0.44,15850.899973884225
9940,OK,58.100,0.44,15920.999983791262
9941,OK,30.000,0.44,15956.500021275133
9942,OK,31.600,0.44,15953.399997670203
9943,OK,31.300,0.44,15903.099963907152
9944,OK,41.800,0.44,15970.20000917837
9945,OK,37.400,0.44,15957.600029651076
9946,OK,42.600,0.44,15915.29999859631
9947,OK,34.200,0.44,15956.200018990785
9948,OK,38.200,0.44,15933.800023049116
9949,OK,39.900,0.44,15935.000032186508
9950,OK,40.900,0.44,15925.300016533583
9951,OK,38.600,0.44,15891.5999927558
9952,OK,44.700,0.44,15968.499996233732
9953,OK,44.800,0.44,15994.999965187162
9954,OK,139.700,0.44,15709.999948740005
9955,OK,51.600,0.44,15886.700013652444
9956,OK,49.900,0.44,15936.400042846799
9957,OK,42.700,0.44,15938.199998345226
9958,OK,52.400,0.44,15924.19994994998
9959,OK,47.900,0.44,15841.699962038547
9960,OK,69.400,0.44,15981.599979568273
9961,OK,52.900,0.44,15899.899997748435
9962,OK,55.000,0.44,15902.599960099906
9963,OK,44.000,0.44,15952.999994624406
9964,OK,53.600,0.44,15905.00003658235
9965,OK,56.100,0.44,15863.70001314208
9966,OK,56.200,0.44,15989.29997999221
9967,OK,55.200,0.44,15851.69997997582
9968,OK,51.600,0.44,15904.700034298003
9969,OK,44.600,0.44,15928.59998345375
9970,OK,44.600,0.44,15988.399973139167
9971,OK,48.700,0.44,15910.100017208606
9972,OK,58.400,0.44,15871.400013566017
9973,OK,62.100,0.44,15940.100012812763
9974,OK,44.400,0.44,15895.800024736673
9975,OK,91.900,0.44,15812.099969480187
9976,OK,45.800,0.44,15980.60003016144
9977,OK,46.900,0.44,15947.200008668005
9978,OK,55.900,0.44,15915.29999859631
9979,OK,56.400,0.44,15907.90000045672
9980,OK,56.600,0.44,15907.099994365126
9981,OK,53.800,0.44,15924.900013487786
9982,OK,71.100,0.44,15872.899966780096
9983,OK,70.000,0.44,15853.899996727705
9984,OK,118.000,0.44,15832.600009161979
9985,OK,40.100,0.44,15917.00001154095
9986,OK,93.100,0.44,15817.70001212135
9987,OK,67.300,0.44,15964.999969583005
9988,OK,46.300,0.44,15902.600018307567
9989,OK,43.900,0.44,15868.500049691647
9990,OK,45.700,0.44,15900.699945632368
9991,OK,83.200,0.44,15947.400010190904
9992,OK,53.000,0.44,15874.199976678938
9993,OK,50.500,0.44,15934.80003066361
9994,OK,55.500,0.44,15845.099987927824
9995,OK,63.900,0.44,15948.399959597737
9996,OK,54.500,0.44,15840.900014154613
9997,OK,61.100,0.44,15986.000013072044
9998,OK,78.100,0.44,15830.599993932992
9999,OK,52.000,0.44,15987.800026778132
10000,OK,51.800,0.44,15813.999983947724
10001,OK,68.400,0.44,15812.099969480187
10002,OK,51.200,0.44,15980.099968146533
10003,OK,53.600,0.44,15898.099984042346
10004,OK,50.200,0.44,15940.000012051314
10005,OK,56.700,0.44,15833.400015253574
10006,OK,70.800,0.44,15946.900006383657
10007,OK,57.800,0.44,15924.999956041574
10008,OK,55.900,0.44,15903.699968475848
10009,OK,50.700,0.44,15890.29998285696
10010,OK,47.200,0.44,15927.500033285469
10011,OK,65.300,0.44,15913.299983367324
10012,OK,49.100,0.44,15931.900008581579
10013,OK,53.200,0.44,15890.699985902756
10014,OK,99.300,0.44,15797.799977008253
10015,OK,46.700,0.44,15897.200035396963
10016,OK,36.700,0.44,15953.299996908754
10017,OK,42.600,0.44,15945.399994961917
10018,OK,52.000,0.44,15913.199982605875
10019,OK,53.600,0.44,15875.099983531982
10020,OK,44.500,0.44,15947.299951221794
10021,OK,44.500,0.44,15913.299983367324
10022,OK,38.200,0.44,15909.900015685707
10023,OK,41.300,0.44,15935.000032186508
10024,OK,42.000,0.44,15895.200020167977
10025,OK,42.100,0.44,15930.29999639839
10026,OK,44.600,0.44,15987.399965524673
10027,OK,43.700,0.44,15929.999994114041
10028,OK,46.600,0.44,15940.200013574213
10029,OK,51.800,0.44,15891.7999942787
10030,OK,52.400,0.44,15893.30000570044
10031,OK,52.700,0.44,15937.70005274564
10032,OK,55.600,0.44,15909.900015685707
10033,OK,57.500,0.44,15896.800032351166
10034,OK,47.500,0.44,15943.199978210032
10035,OK,57.600,0.44,15901.100006885827
10036,OK,55.600,0.44,15895.100019406527
10037,OK,52.800,0.44,15929.499990306795
10038,OK,54.500,0.44,15858.099970500916
10039,OK,45.400,0.44,15951.199980918318
10040,OK,51.200,0.44,15961.19999885559
10041,OK,46.000,0.44,15932.900016196072
10042,OK,48.500,0.44,15850.399970076978
10043,OK,53.700,0.44,15896.09996881336
10044,OK,39.500,0.44,15944.299986585975
10045,OK,36.900,0.44,15969.100000802428
10046,OK,42.300,0.44,15918.700024485588
10047,OK,40.000,0.44,15944.500046316534
10048,OK,104.800,0.44,15816.300001461059
10049,OK,50.900,0.44,15935.099974740297
10050,OK,56.500,0.44,15916.000003926456
10051,OK,58.700,0.44,15873.300028033555
10052,OK,54.200,0.44,15946.40000257641
10053,OK,66.200,0.44,15861.499996390194
10054,OK,64.100,0.44,15881.499974057078
10055,OK,60.200,0.44,15902.800019830465
10056,OK,48.400,0.44,15926.100022625178
10057,OK,122.600,0.44,15762.199996970594
10058,OK,57.200,0.44,15871.699957642704
10059,OK,46.400,0.44,15915.099997073412
10060,OK,42.000,0.44,15978.000010363758
10061,OK,43.500,0.44,15920.299978461117
10062,OK,38.000,0.44,15944.299986585975
10063,OK,40.900,0.44,15997.700043953955
10064,OK,47.100,0.44,15883.699990808964
10065,OK,123.200,0.44,15803.599962964654
10066,OK,60.500,0.44,15978.700015693903
10067,OK,50.100,0.44,15897.70003920421
10068,OK,54.600,0.44,15949.300024658442
10069,OK,74.700,0.44,15861.399995628744
10070,OK,62.300,0.44,15844.499983359128
10071,OK,72.700,0.44,15872.200019657612
10072,OK,68.200,0.44,15868.599992245436
10073,OK,80.400,0.44,15915.29999859631
10074,OK,138.300,0.44,15810.600016266108
10075,OK,99.700,0.44,15783.899987582117
10076,OK,62.200,0.44,15892.800001893193
10077,OK,56.500,0.44,15979.09996053204
10078,OK,113.900,0.44,15712.999971583486
10079,OK,98.000,0.44,15835.800033528358
10080,OK,61.600,0.44,15892.600000370294
10081,OK,98.400,0.44,15913.90004614368
10082,OK,130.700,0.44,15723.599994089454
10083,OK,87.400,0.44,15904.099971521646
10084,OK,86.700,0.44,15846.499998588115
10085,OK,72.300,0.44,15859.399980399758
10086,OK,78.400,0.44,15897.69998099655
10087,OK,77.600,0.44,15916.599950287491
10088,OK,59.600,0.44,15858.299972023815
10089,OK,80.600,0.44,15842.9000293836
10090,OK,83.900,0.44,15883.199987001717
10091,OK,81.900,0.44,15885.300002992153
10092,OK,71.600,0.44,15864.200016949326
10093,OK,80.400,0.44,15849.99996703118
10094,OK,76.000,0.44,15895.900025498122
10095,OK,97.600,0.44,15891.099988948554
10096,OK,61.800,0.44,15926.399966701865
10097,OK,63.500,0.44,15864.400018472224
10098,OK,56.300,0.44,15902.00001373887
10099,OK,82.600,0.44,15713.800035882741
10100,OK,76.500,0.44,15909.3999536708
10101,OK,137.900,0.44,15556.199999991804
10102,OK,133.800,0.44,15868.399990722537
10103,OK,168.700,0.44,15575.799974612892
10104,OK,75.800,0.44,15821.799985133111
10105,OK,39.100,0.44,15941.800025757402
10106,OK,43.300,0.44,15917.200013063848
10107,OK,37.700,0.44,15939.20000595972
10108,OK,34.900,0.44,16005.299985408783
10109,OK,54.400,0.44,15910.89996509254
10110,OK,47.200,0.44,15893.500007223338
10111,OK,47.000,0.44,15927.20003100112
10112,OK,45.200,0.44,15950.89997863397
10113,OK,95.300,0.44,15819.599968381226
10114,OK,66.100,0.44,15885.300002992153
10115,OK,56.400,0.44,15912.000031676143
10116,OK,69.600,0.44,15923.200000543147
10117,OK,47.000,0.44,15871.299954596907
10118,OK,47.400,0.44,15914.899995550513
10119,OK,46.000,0.44,15966.599981766194
10120,OK,46.700,0.44,15898.000041488558
10121,OK,50.200,0.44,15932.400012388825
10122,OK,61.200,0.44,16059.299989137799
10123,OK,127.800,0.44,15637.399978004396
10124,OK,58.500,0.44,15882.599982433021
10125,OK,47.000,0.44,15935.699979308993
10126,OK,53.800,0.44,15898.599987849593
10127,OK,55.300,0.44,15922.499995213002
10128,OK,56.300,0.44,16128.999995999038
10129,OK,44.900,0.44,15945.199993439019
10130,OK,45.500,0.44,15922.200051136315
10131,OK,49.100,0.44,15935.200033709407
10132,OK,53.400,0.44,16113.99999819696
10133,OK,52.500,0.44,15748.00000526011
10134,OK,57.500,0.44,15935.700037516654
10135,OK,71.300,0.44,16175.800003111362
10136,OK,106.300,0.44,15427.90001258254
10137,OK,94.700,0.44,15750.599966850132
10138,OK,55.100,0.44,16082.599991932511
10139,OK,63.600,0.44,15694.100002292544
10140,OK,70.300,0.44,16116.200014948845
10141,OK,73.400,0.44,16070.600016973913
10142,OK,85.300,0.44,15762.499999254942
10143,OK,104.900,0.44,15580.999956000596
10144,OK,101.200,0.44,15814.099984709173
10145,OK,90.400,0.44,16238.30001335591
10146,OK,134.600,0.44,15363.600046839565
10147,OK,107.800,0.44,15758.499968796968
10148,OK,94.500,0.44,15884.099993854761
10149,OK,106.600,0.44,15747.800003737211
10150,OK,62.500,0.44,15848.200011532754
10151,OK,57.100,0.44,15848.70001534
10152,OK,72.200,0.44,15992.900007404387
10153,OK,76.400,0.44,15836.69998217374
10154,OK,41.200,0.44,15901.800012215972
10155,OK,44.000,0.44,16005.79998921603
10156,OK,45.300,0.44,15870.299946982414
10157,OK,53.800,0.44,15893.699950538576
10158,OK,47.500,0.44,15904.700034298003
10159,OK,49.700,0.44,15945.399994961917
10160,OK,44.700,0.44,16002.300020772964
10161,OK,52.600,0.44,15922.8999982588
10162,OK,61.700,0.44,15898.800047580153
10163,OK,52.300,0.44,15928.399981930852
10164,OK,55.400,0.44,15931.70000705868
10165,OK,74.600,0.44,15843.899978790432
10166,OK,49.700,0.44,15908.999950625002
10167,OK,41.900,0.44,15957.799972966313
10168,OK,52.800,0.44,15857.500024139881
10169,OK,67.800,0.44,15930.499997921288
10170,OK,45.000,0.44,15922.6999967359
10171,OK,42.300,0.44,15934.500028379261
10172,OK,45.000,0.44,15842.80002862215
10173,OK,47.800,0.44,15975.199989043176
10174,OK,63.800,0.44,15953.599999193102
10175,OK,68.800,0.44,15835.100028198212
10176,OK,89.400,0.44,15787.89995983243
10177,OK,52.400,0.44,16000.700008589774
10178,OK,48.600,0.44,15926.700027193874
10179,OK,47.200,0.44,15920.999983791262
10180,OK,53.800,0.44,15831.400000024587
10181,OK,51.200,0.44,15945.899998769164
10182,OK,41.500,0.44,15938.800002913922
10183,OK,43.900,0.44,15918.40002220124
10184,OK,59.100,0.44,15878.100006375462
10185,OK,72.200,0.44,15947.600011713803
10186,OK,54.800,0.44,15909.3999536708
10187,OK,56.100,0.44,15897.899982519448
10188,OK,61.500,0.44,15899.499994702637
10189,OK,50.800,0.44,15934.400027617812
10190,OK,54.600,0.44,15913.299983367324
10191,OK,69.400,0.44,15913.699986413121
10192,OK,46.300,0.44,15829.000039957464
10193,OK,58.400,0.44,16100.200009532273
10194,OK,109.900,0.44,15692.599990870804
10195,OK,50.800,0.44,15900.999947916716
10196,OK,58.300,0.44,15865.499968640506
10197,OK,51.400,0.44,15884.29999537766
10198,OK,28.700,0.44,16032.899962738156
10199,OK,42.900,0.44,15938.500000629574
10200,OK,47.200,0.44,15860.899991821498
10201,OK,53.300,0.44,16148.20002578199
10202,OK,163.900,0.44,15448.69999634102
10203,OK,101.600,0.44,15840.300009585917
10204,OK,52.000,0.44,15919.599973130971
10205,OK,69.300,0.44,15945.999999530613
10206,OK,51.800,0.44,15872.799966018647
10207,OK,74.100,0.44,15937.399992253631
10208,OK,48.000,0.44,15819.300024304539
10209,OK,46.500,0.44,15952.099987771362
10210,OK,48.100,0.44,15920.799982268363
10211,OK,46.100,0.44,15916.400006972253
10212,OK,42.900,0.44,15906.999993603677
10213,OK,44.500,0.44,15929.200046230108
10214,OK,45.000,0.44,15927.500033285469
10215,OK,50.500,0.44,15931.400004774332
10216,OK,52.500,0.44,15913.299983367324
10217,OK,52.500,0.44,15861.699997913092
10218,OK,69.400,0.44,15977.000002749264
10219,OK,61.200,0.44,15906.39998903498
10220,OK,47.800,0.44,15880.699967965484
10221,OK,47.000,0.44,15862.300002481788
10222,OK,43.300,0.44,15995.300025679171
10223,OK,61.200,0.44,15902.800019830465
10224,OK,73.300,0.44,15845.599991735071
10225,OK,49.500,0.44,15952.300047501922
10226,OK,61.000,0.44,15835.40003048256
10227,OK,68.200,0.44,15919.600031338632
10228,OK,47.500,0.44,15952.39999005571
10229,OK,48.700,0.44,15878.900012467057
10230,OK,49.900,0.44,15962.70001027733
10231,OK,61.700,0.44,15862.10000095889
10232,OK,70.300,0.44,15913.599985651672
10233,OK,52.200,0.44,15946.300001814961
10234,OK,48.800,0.44,15869.800001382828
10235,OK,45.500,0.44,15924.30000891909
10236,OK,47.600,0.44,15975.699992850423
10237,OK,50.900,0.44,15879.69996035099
10238,OK,52.000,0.44,15891.499991994351
10239,OK,60.300,0.44,15913.599985651672
10240,OK,52.700,0.44,15917.500015348196
10241,OK,54.600,0.44,15819.699969142675
10242,OK,50.000,0.44,15894.300013314933
10243,OK,36.900,0.44,16019.999980926514
10244,OK,138.900,0.44,15758.19996651262
10245,OK,55.700,0.44,15912.699978798628
10246,OK,52.000,0.44,15846.800000872463
10247,OK,67.300,0.44,15931.300004012883
10248,OK,61.700,0.44,15872.300020419061
10249,OK,95.500,0.44,15876.699995715171
10250,OK,61.400,0.44,15854.099998250604
10251,OK,55.800,0.44,15964.700025506318
10252,OK,59.200,0.44,15848.500013817102
10253,OK,58.900,0.44,15865.400026086718
10254,OK,52.700,0.44,15894.899959675968
10255,OK,42.900,0.44,15932.500013150275
10256,OK,53.600,0.44,15915.29999859631
10257,OK,53.900,0.44,15961.40000037849
10258,OK,60.200,0.44,15906.39998903498
10259,OK,46.300,0.44,15947.90001399815
10260,OK,44.800,0.44,15885.500004515052
10261,OK,44.800,0.44,15923.300001304597
10262,OK,51.000,0.44,15913.90004614368
10263,OK,51.600,0.44,15946.599945891649
10264,OK,54.300,0.44,15889.000031165779
10265,OK,52.600,0.44,15921.899990644306
10266,OK,59.400,0.44,15882.79998395592
10267,OK,46.900,0.44,15938.900003675371
10268,OK,49.500,0.44,15847.800008486956
10269,OK,33.300,0.44,15930.19999563694
10270,OK,34.100,0.44,15943.899983540177
10271,OK,43.900,0.44,15964.000020176172
10272,OK,46.900,0.44,15901.599952485412
10273,OK,45.300,0.44,15934.4999701716
10274,OK,61.900,0.44,15817.100007552654
10275,OK,42.100,0.44,16058.699984569103
10276,OK,46.400,0.44,15947.000007145107
10277,OK,56.000,0.44,15894.70001636073
10278,OK,48.500,0.44,15863.300010096282
10279,OK,51.400,0.44,15972.700028214604
10280,OK,57.200,0.44,15875.40004402399
10281,OK,44.500,0.44,15929.200046230108
10282,OK,47.200,0.44,15920.999983791262
10283,OK,54.900,0.44,15918.29996323213
10284,OK,56.300,0.44,15921.100042760372
10285,OK,78.500,0.44,15854.800003580749
10286,OK,60.200,0.44,15914.799994789064
10287,OK,58.700,0.44,15924.40000968054
10288,OK,99.200,0.44,15811.299963388592
10289,OK,81.700,0.44,15920.200035907328
10290,OK,42.700,0.44,15931.300004012883
10291,OK,45.500,0.44,15918.200020678341
10292,OK,46.900,0.44,15936.499985400587
10293,OK,45.100,0.44,15926.000021863729
10294,OK,42.700,0.44,15866.200032178313
10295,OK,44.200,0.44,15934.70002990216
10296,OK,50.900,0.44,15969.600004609674
10297,OK,119.100,0.44,15785.700001288205
10298,OK,46.500,0.44,15904.800035059452
10299,OK,43.700,0.44,15941.400022711605
10300,OK,47.600,0.44,15874.699980486184
10301,OK,69.900,0.44,15846.299997065216
10302,OK,52.200,0.44,15898.899990133941
10303,OK,79.000,0.44,15823.699999600649
10304,OK,82.100,0.44,15838.599996641278
10305,OK,86.300,0.44,15851.299976930022
10306,OK,82.400,0.44,15954.600006807595
10307,OK,60.900,0.44,15814.099984709173
10308,OK,68.100,0.44,15872.000018134713
10309,OK,72.100,0.44,15917.699958663434
10310,OK,76.500,0.44,15843.899978790432
10311,OK,78.500,0.44,15865.300025325269
10312,OK,76.800,0.44,15921.799989882857
10313,OK,90.700,0.44,15817.300009075552
10314,OK,90.200,0.44,15840.000007301569
10315,OK,72.300,0.44,15905.499982181937
10316,OK,129.800,0.44,15830.200049094856
10317,OK,82.800,0.44,15862.600004766136
10318,OK,78.800,0.44,15889.000031165779
10319,OK,77.900,0.44,15853.299992159009
10320,OK,81.700,0.44,15872.000018134713
10321,OK,80.600,0.44,15862.400003243238
10322,OK,80.000,0.44,15888.000023551285
10323,OK,77.900,0.44,15863.50001161918
10324,OK,85.200,0.44,15865.999972447753
10325,OK,72.100,0.44,15880.300023127347
10326,OK,72.900,0.44,15938.099997583777
10327,OK,57.700,0.44,15923.200000543147
10328,OK,63.900,0.44,15804.500028025359
10329,OK,82.700,0.44,15836.199978366494
10330,OK,77.600,0.44,15929.899993352592
10331,OK,67.000,0.44,15890.999988187104
10332,OK,126.300,0.44,15728.999977000058
10333,OK,73.900,0.44,15880.000020843
10334,OK,60.600,0.44,15888.500027358532
10335,OK,58.100,0.44,15875.40004402399
10336,OK,47.900,0.44,15925.59996061027
10337,OK,43.300,0.44,15922.599995974451
10338,OK,40.600,0.44,15946.899948175997
10339,OK,39.400,0.44,15936.19998311624
10340,OK,39.600,0.44,15945.299994200468
10341,OK,51.700,0.44,15917.300013825297
10342,OK,44.300,0.44,15975.200047250837
10343,OK,123.700,0.44,15729.899983853102
10344,OK,50.800,0.44,15943.000034894794
10345,OK,56.300,0.44,15916.100004687905
10346,OK,58.000,0.44,15945.399994961917
10347,OK,59.500,0.44,15903.799969237298
10348,OK,57.900,0.44,15878.30000789836
10349,OK,80.600,0.44,15875.599987339228
10350,OK,46.900,0.44,15911.00002406165
10351,OK,101.500,0.44,15808.70000179857
10352,OK,73.800,0.44,15884.699998423457
10353,OK,52.000,0.44,15909.700014162809
10354,OK,51.300,0.44,15908.499946817756
10355,OK,66.300,0.44,15872.000018134713
10356,OK,55.300,0.44,15923.999948427081
10357,OK,49.400,0.44,15847.30000467971
10358,OK,52.800,0.44,15959.89998895675
10359,OK,49.700,0.44,16014.099994208664
10360,OK,55.700,0.44,15858.499973546714
10361,OK,47.600,0.44,16239.400021731853
10362,OK,45.400,0.44,15875.999990385026
10363,OK,56.200,0.44,15956.999966874719
10364,OK,51.300,0.44,15593.700052704662
10365,OK,61.900,0.44,15904.000028967857
10366,OK,59.200,0.44,15921.29998607561
10367,OK,64.900,0.44,16102.300025522709
10368,OK,56.500,0.44,15930.09999487549
10369,OK,51.500,0.44,15720.100025646389
10370,OK,77.800,0.44,16286.999976728112
10371,OK,73.500,0.44,15879.600017797202
10372,OK,88.400,0.44,15483.999974094331
10373,OK,83.600,0.44,15846.800000872463
10374,OK,91.800,0.44,15969.000000040978
10375,OK,102.400,0.44,15679.80000982061
10376,OK,90.000,0.44,15870.90000975877
10377,OK,79.300,0.44,15923.700004350394
10378,OK,120.000,0.44,15728.200029116124
10379,OK,66.000,0.44,15813.599980901927
10380,OK,38.700,0.44,15963.400015607476
10381,OK,41.800,0.44,15943.900041747838
10382,OK,46.300,0.44,15961.500001139939
10383,OK,58.200,0.44,15879.700018558651
10384,OK,45.300,0.44,15893.900010269135
10385,OK,49.300,0.44,15905.900043435395
10386,OK,87.100,0.44,15945.499995723367
10387,OK,47.800,0.44,15938.600001391023
10388,OK,52.100,0.44,15924.499952234328
10389,OK,53.900,0.44,15896.10002702102
10390,OK,55.900,0.44,15918.19996247068
10391,OK,54.300,0.44,15920.899983029813
10392,OK,55.500,0.44,15908.500005025417
10393,OK,68.100,0.44,15897.5999802351
10394,OK,70.300,0.44,15921.29998607561
10395,OK,51.200,0.44,15862.300002481788
10396,OK,42.800,0.44,15879.300015512854
10397,OK,51.200,0.44,15948.300017043948
10398,OK,51.500,0.44,15852.699987590313
10399,OK,60.500,0.44,15838.599996641278
10400,OK,118.100,0.44,15855.100005865097
10401,OK,45.600,0.44,15906.49998979643
10402,OK,49.900,0.44,15899.399993941188
10403,OK,63.900,0.44,15933.600021526217
10404,OK,58.900,0.44,15884.799999184906
10405,OK,51.300,0.44,15874.0000333637
10406,OK,55.600,0.44,15890.899987425655
10407,OK,43.300,0.44,15930.000052321702
10408,OK,44.700,0.44,15941.300021950155
10409,OK,59.500,0.44,15871.499956119806
10410,OK,49.700,0.44,15944.799990393221
10411,OK,55.900,0.44,15929.499990306795
10412,OK,53.800,0.44,15886.200009845197
10413,OK,52.300,0.44,15917.400014586747
10414,OK,48.800,0.44,15911.1000248231
10415,OK,44.100,0.44,15938.600001391023
10416,OK,47.700,0.44,15927.30003176257
10417,OK,50.400,0.44,15962.400007992983
10418,OK,52.200,0.44,15889.999980572611
10419,OK,53.800,0.44,15885.90000756085
10420,OK,49.900,0.44,15966.900042258203
10421,OK,51.400,0.44,15906.199987512082
10422,OK,59.300,0.44,15858.400030992925
10423,OK,49.500,0.44,15908.400004263967
10424,OK,90.100,0.44,15843.399974983186
10425,OK,77.900,0.44,15949.000022374094
10426,OK,69.200,0.44,15886.200009845197
10427,OK,49.600,0.44,15917.400014586747
10428,OK,47.500,0.44,15941.299963742495
10429,OK,40.200,0.44,15944.699989631772
10430,OK,47.500,0.44,15930.699999444187
10431,OK,50.000,0.44,15917.499957140535
10432,OK,48.400,0.44,15907.399996649474
10433,OK,53.800,0.44,15875.099983531982
10434,OK,46.600,0.44,15933.400020003319
10435,OK,40.800,0.44,15925.600018817931
10436,OK,43.800,0.44,15954.600006807595
10437,OK,64.000,0.44,15873.400028795004
10438,OK,82.300,0.44,15851.59997921437
10439,OK,62.700,0.44,15969.600004609674
10440,OK,47.400,0.44,15928.999986499548
10441,OK,43.300,0.44,15889.599977526814
10442,OK,41.900,0.44,15960.199991241097
10443,OK,40.900,0.44,15943.799982778728
10444,OK,43.500,0.44,15895.700023975223
10445,OK,46.200,0.44,15944.599988870323
10446,OK,52.500,0.44,15907.499997410923
10447,OK,48.700,0.44,15947.399951983243
10448,OK,70.100,0.44,15883.00004368648
10449,OK,68.300,0.44,15890.899987425655
10450,OK,63.700,0.44,15882.599982433021
10451,OK,54.000,0.44,15849.200019147247
10452,OK,58.100,0.44,15968.69999775663
10453,OK,65.400,0.44,15914.699994027615
10454,OK,50.500,0.44,15921.200043521821
10455,OK,47.100,0.44,15855.499950703233
10456,OK,43.800,0.44,15939.400007482618
10457,OK,62.000,0.44,15864.900022279471
10458,OK,51.300,0.44,15994.699962902814
10459,OK,47.800,0.44,15905.09997913614
10460,OK,50.900,0.44,15952.29998929426
10461,OK,49.500,0.44,15837.500046472996
10462,OK,53.500,0.44,15980.300027877092
10463,OK,65.200,0.44,15827.299968805164
10464,OK,49.100,0.44,15941.500023473054
10465,OK,59.800,0.44,15883.599990047514
10466,OK,61.500,0.44,15966.399980243295
10467,OK,49.400,0.44,15905.799984466285
10468,OK,81.300,0.44,15875.899989623576
10469,OK,64.700,0.44,15885.8000067994
10470,OK,56.900,0.44,15896.400029305369
10471,OK,52.400,0.44,15923.400002066046
10472,OK,45.400,0.44,15893.600007984787
10473,OK,51.900,0.44,15942.2000288032
10474,OK,50.800,0.44,15920.300036668777
10475,OK,55.400,0.44,15932.600013911724
10476,OK,129.900,0.44,15677.399991545826
10477,OK,39.900,0.44,15995.800029486418
10478,OK,53.900,0.44,15914.299990981817
10479,OK,140.800,0.44,15816.600003745407
10480,OK,51.800,0.44,15865.299967117608
10481,OK,54.700,0.44,15897.799981757998
10482,OK,54.400,0.44,15958.39997753501
10483,OK,55.200,0.44,15852.800046559423
10484,OK,47.900,0.44,15911.500027868897
10485,OK,48.100,0.44,15915.099997073412
10486,OK,51.800,0.44,15956.80002355948
10487,OK,47.700,0.44,15906.799992080778
10488,OK,44.600,0.44,15868.299989961088
10489,OK,44.000,0.44,15963.800018653274
10490,OK,46.700,0.44,15936.699986923486
10491,OK,64.700,0.44,15894.999960437417
10492,OK,61.200,0.44,15891.5999927558
10493,OK,62.300,0.44,15937.69999453798
10494,OK,47.300,0.44,15910.800022538751
10495,OK,46.900,0.44,15897.999983280897
10496,OK,47.500,0.44,15900.60000307858
10497,OK,33.600,0.44,15929.999994114041
10498,OK,32.000,0.44,15994.999965187162
10499,OK,47.300,0.44,15912.700037006289
10500,OK,47.500,0.44,15907.100052572787
10501,OK,67.900,0.44,15793.500002473593
10502,OK,59.700,0.44,15884.099993854761
10503,OK,70.900,0.44,15930.599998682737
10504,OK,76.400,0.44,15889.499976765364
10505,OK,55.900,0.44,15908.900008071214
10506,OK,55.200,0.44,15915.999945718795
10507,OK,59.000,0.44,15921.599988359958
10508,OK,58.400,0.44,15868.699993006885
10509,OK,50.000,0.44,15923.500002827495
10510,OK,50.500,0.44,15896.20002778247
10511,OK,102.900,0.44,15808.60000103712
10512,OK,56.100,0.44,15950.300032272935
10513,OK,52.100,0.44,15919.79997465387
10514,OK,52.600,0.44,15920.199977699667
10515,OK,52.000,0.44,15916.399948764592
10516,OK,56.000,0.44,15916.700009256601
10517,OK,73.300,0.44,15870.700008235872
10518,OK,61.600,0.44,15901.200007647276
10519,OK,48.600,0.44,15880.499966442585
10520,OK,108.800,0.44,15878.399950452149
10521,OK,58.700,0.44,15879.500017035753
10522,OK,44.700,0.44,15931.000001728535
10523,OK,53.600,0.44,15911.800030153245
10524,OK,46.900,0.44,15937.099989969283
10525,OK,47.000,0.44,15913.300041574985
10526,OK,46.000,0.44,15928.899985738099
10527,OK,49.600,0.44,15938.299999106675
10528,OK,60.800,0.44,15871.699957642704
10529,OK,147.000,0.44,15744.200034532696
10530,OK,69.900,0.44,15889.199974481016
10531,OK,64.400,0.44,15927.29997355491
10532,OK,54.300,0.44,15924.500010441989
10533,OK,57.300,0.44,15907.299995888025
10534,OK,56.500,0.44,15825.500013306737
10535,OK,69.400,0.44,15876.89999723807
10536,OK,71.600,0.44,15858.000027947128
10537,OK,74.100,0.44,15878.600010182709
10538,OK,74.700,0.44,15871.200012043118
10539,OK,79.500,0.44,15875.099983531982
10540,OK,72.500,0.44,15888.399968389422
10541,OK,78.400,0.44,15853.599994443357
10542,OK,75.100,0.44,15888.69997067377
10543,OK,79.200,0.44,15857.899968978018
10544,OK,75.900,0.44,15902.10001450032
10545,OK,88.300,0.44,15843.800036236644
10546,OK,95.500,0.44,15869.700000621378
10547,OK,91.800,0.44,15866.799978539348
10548,OK,76.500,0.44,15881.999977864325
10549,OK,75.000,0.44,15851.299976930022
10550,OK,61.600,0.44,15937.69999453798
10551,OK,77.000,0.44,15868.899994529784
10552,OK,79.000,0.44,16004.29997779429
10553,OK,103.800,0.44,15712.900029029697
10554,OK,83.400,0.44,15832.200006116182
10555,OK,92.000,0.44,15851.099975407124
10556,OK,80.700,0.44,15907.599998172373
10557,OK,84.800,0.44,15841.200016438961
10558,OK,58.100,0.44,15883.199987001717
10559,OK,106.700,0.44,16047.900018747896
10560,OK,129.100,0.44,15626.300009898841
10561,OK,60.400,0.44,15823.5999988392
10562,OK,51.300,0.44,15976.000053342432
10563,OK,73.200,0.44,15847.000002395362
10564,OK,82.900,0.44,15920.300036668777
10565,OK,77.300,0.44,15868.799993768334
10566,OK,116.400,0.44,15827.300027012825
10567,OK,200.900,0.44,15580.800012685359
10568,OK,59.000,0.44,15879.299957305193
10569,OK,50.200,0.44,15912.899980321527
10570,OK,51.600,0.44,15928.000037092716
10571,OK,48.100,0.44,15981.89998185262
10572,OK,59.800,0.44,15900.900005362928
10573,OK,61.300,0.44,15927.899978123605
10574,OK,47.100,0.44,15917.500015348196
10575,OK,47.500,0.44,15913.99998869747
10576,OK,47.800,0.44,15929.100045468658
10577,OK,47.800,0.44,15924.100007396191
10578,OK,45.500,0.44,15946.900006383657
10579,OK,52.500,0.44,15872.300020419061
10580,OK,133.400,0.44,15858.99997735396
10581,OK,57.100,0.44,15859.09997811541
10582,OK,51.600,0.44,15916.600008495152
10583,OK,53.800,0.44,15915.800002403557
10584,OK,54.000,0.44,15926.500025670975
10585,OK,64.300,0.44,15894.900017883629
10586,OK,65.300,0.44,15957.00002508238
10587,OK,108.600,0.44,15795.499959494919
10588,OK,62.600,0.44,15796.69996863231
10589,OK,56.600,0.44,15906.70004952699
10590,OK,44.000,0.44,15943.799982778728
10591,OK,45.400,0.44,15910.400019492954
10592,OK,55.400,0.44,15884.39999613911
10593,OK,43.100,0.44,15962.600009515882
10594,OK,50.900,0.44,15966.999984811991
10595,OK,61.500,0.44,15837.799990549684
10596,OK,44.300,0.44,15935.99998159334
10597,OK,47.900,0.44,15926.499967463315
10598,OK,51.000,0.44,15856.599959079176
10599,OK,45.200,0.44,16069.000004790723
10600,OK,66.100,0.44,15862.200001720339
10601,OK,61.700,0.44,15742.800023872405
10602,OK,77.900,0.44,15915.099997073412
10603,OK,82.800,0.44,15762.099996209145
10604,OK,139.600,0.44,15745.999990031123
10605,OK,58.500,0.44,15899.899997748435
10606,OK,64.300,0.44,16016.2000101991
10607,OK,86.100,0.44,15876.599994953722
10608,OK,81.300,0.44,15843.300032429397
10609,OK,70.600,0.44,16173.699987120926
10610,OK,93.500,0.44,15757.900022435933
10611,OK,97.500,0.44,15820.70003496483
10612,OK,124.100,0.44,15974.999987520278
10613,OK,156.400,0.44,15580.60001116246
10614,OK,128.000,0.44,15652.899979613721
10615,OK,68.800,0.44,15926.099964417517
10616,OK,136.700,0.44,15725.49995034933
10617,OK,115.400,0.44,15728.70003292337
10618,OK,38.700,0.44,15876.79999647662
10619,OK,69.200,0.44,15892.600000370294
10620,OK,54.000,0.44,15924.599952995777
10621,OK,45.500,0.44,15879.500017035753
10622,OK,42.800,0.44,16025.999968405813
10623,OK,50.300,0.44,15851.59997921437
10624,OK,52.500,0.44,15858.699975069612
10625,OK,47.000,0.44,15963.200014084578
10626,OK,52.200,0.44,15951.999987009913
10627,OK,90.500,0.44,15897.100034635514
10628,OK,61.400,0.44,15760.999987833202
10629,OK,119.300,0.44,15846.099995542318
10630,OK,86.700,0.44,15834.200021345168
10631,OK,102.500,0.44,15829.300042241812
10632,OK,147.900,0.44,15717.600006610155
10633,OK,36.300,0.44,15925.200015772134
10634,OK,34.800,0.44,15978.300012648106
10635,OK,36.600,0.44,15936.599986162037
10636,OK,33.800,0.44,15951.700042933226
10637,OK,33.800,0.44,15954.799950122833
10638,OK,38.400,0.44,15940.200013574213
10639,OK,40.900,0.44,15922.700054943562
10640,OK,33.700,0.44,15944.800048600882
10641,OK,31.500,0.44,15916.100004687905
10642,OK,36.400,0.44,16019.600036088377
10643,OK,39.200,0.44,15937.300049699843
10644,OK,42.400,0.44,15928.499982692301
10645,OK,46.000,0.44,15930.100053083152
10646,OK,49.600,0.44,15921.39998683706
10647,OK,48.300,0.44,15930.900000967085
10648,OK,55.100,0.44,15890.29998285696
10649,OK,44.800,0.44,15918.39996399358
10650,OK,74.900,0.44,15899.499994702637
10651,OK,53.700,0.44,15911.500027868897
10652,OK,62.100,0.44,15911.499969661236
10653,OK,64.900,0.44,15820.899978280067
10654,OK,46.100,0.44,15864.800021518022
10655,OK,40.800,0.44,15927.799977362156
10656,OK,65.400,0.44,15907.90000045672
10657,OK,82.200,0.44,15948.199958074838
10658,OK,56.100,0.44,15930.900000967085
10659,OK,54.300,0.44,15890.09998133406
10660,OK,46.300,0.44,15917.200013063848
10661,OK,49.200,0.44,15944.500046316534
10662,OK,57.400,0.44,15907.199995126575
10663,OK,57.800,0.44,15900.60000307858
10664,OK,56.400,0.44,15862.800006289035
10665,OK,70.000,0.44,15944.499988108873
10666,OK,54.700,0.44,15903.000021353364
10667,OK,65.800,0.44,15897.299977950752
10668,OK,68.800,0.44,15888.59996991232
10669,OK,53.800,0.44,15938.199998345226
10670,OK,57.600,0.44,15872.999967541546
10671,OK,58.900,0.44,15908.800007309765
10672,OK,46.800,0.44,15890.899987425655
10673,OK,62.300,0.44,15903.900028206408
10674,OK,45.900,0.44,15927.499975077808
10675,OK,41.400,0.44,15952.899993862957
10676,OK,50.800,0.44,15902.400016784668
10677,OK,76.000,0.44,15883.199987001717
10678,OK,55.700,0.44,15913.199982605875
10679,OK,57.100,0.44,15897.300036158413
10680,OK,51.600,0.44,15873.099968302995
10681,OK,60.900,0.44,15858.899976592511
10682,OK,34.600,0.44,15994.099958334118
10683,OK,56.300,0.44,15895.799966529012
10684,OK,63.600,0.44,15979.500021785498
10685,OK,46.900,0.44,15917.400014586747
10686,OK,49.300,0.44,15878.50000942126
10687,OK,48.100,0.44,15917.199954856187
10688,OK,51.100,0.44,15896.299970336258
10689,OK,54.200,0.44,15976.499998942018
10690,OK,54.700,0.44,15858.300030231476
10691,OK,53.900,0.44,15861.299994867295
10692,OK,55.500,0.44,15989.799983799458
10693,OK,53.000,0.44,15868.900052737445
10694,OK,50.200,0.44,15891.7999942787
10695,OK,50.300,0.44,15904.000028967857
10696,OK,59.000,0.44,15894.699958153069
10697,OK,77.300,0.44,15950.699977111071
10698,OK,49.800,0.44,15915.39999935776
10699,OK,50.700,0.44,15909.000008832663
10700,OK,53.200,0.44,15874.700038693845
10701,OK,57.400,0.44,15851.600037422031
10702,OK,57.900,0.44,15779.500012286007
10703,OK,60.200,0.44,15909.200010355562
10704,OK,51.200,0.44,15862.10000095889
10705,OK,42.300,0.44,15899.3000513874
10706,OK,63.100,0.44,15991.499996744096
10707,OK,42.400,0.44,15863.200009334832
10708,OK,39.800,0.44,16021.199990063906
10709,OK,66.000,0.44,15901.600010693073
10710,OK,55.100,0.44,15918.50002296269
10711,OK,57.100,0.44,15921.39998683706
10712,OK,63.500,0.44,15852.299984544516
10713,OK,118.600,0.44,15749.900019727647
10714,OK,54.100,0.44,16013.299988117069
10715,OK,104.200,0.44,15716.299996711314
10716,OK,76.700,0.44,15852.899989113212
10717,OK,96.200,0.44,15919.90003362298
10718,OK,58.100,0.44,15836.500038858503
10719,OK,74.500,0.44,15867.200039792806
10720,OK,48.600,0.44,15851.400035899132
10721,OK,49.100,0.44,16013.599990401417
10722,OK,69.400,0.44,15899.699996225536
10723,OK,72.900,0.44,15879.100013989955
10724,OK,64.300,0.44,15875.599987339228
10725,OK,106.000,0.44,15844.799985643476
10726,OK,71.400,0.44,15851.799980737269
10727,OK,46.200,0.44,15919.999976176769
10728,OK,45.700,0.44,15871.300012804568
10729,OK,55.400,0.44,15998.499991837889
10730,OK,48.400,0.44,15870.300005190074
10731,OK,45.600,0.44,15884.099993854761
10732,OK,65.500,0.44,15914.399991743267
10733,OK,132.600,0.44,15903.099963907152
10734,OK,39.600,0.44,15967.399987857789
10735,OK,45.300,0.44,15910.99996585399
10736,OK,60.000,0.44,15883.499989286065
10737,OK,74.900,0.44,15941.399964503944
10738,OK,48.000,0.44,15939.700009766966
10739,OK,50.800,0.44,15809.900010935962
10740,OK,60.900,0.44,15868.500049691647
10741,OK,89.000,0.44,15929.000044707209
10742,OK,70.200,0.44,15872.40002118051
10743,OK,58.400,0.44,15897.900040727109
10744,OK,46.400,0.44,16001.100011635572
10745,OK,91.700,0.44,15840.000007301569
10746,OK,53.900,0.44,15808.299998752773
10747,OK,47.000,0.44,15998.39999107644
10748,OK,51.100,0.44,15855.800011195242
10749,OK,48.300,0.44,15920.299978461117
10750,OK,41.400,0.44,15929.399989545345
10751,OK,42.600,0.44,15941.700024995953
10752,OK,77.300,0.44,15858.400030992925
10753,OK,84.400,0.44,15755.50000416115
10754,OK,81.100,0.44,15867.900045122951
10755,OK,47.600,0.44,15899.19999241829
10756,OK,55.700,0.44,15896.499971859157
10757,OK,44.800,0.44,15947.100007906556
10758,OK,36.200,0.44,15954.300004523247
10759,OK,38.900,0.44,15974.999987520278
10760,OK,162.600,0.44,15710.400009993464
10761,OK,50.800,0.44,15920.599980745465
10762,OK,50.300,0.44,15913.600043859333
10763,OK,48.700,0.44,15910.700021777302
10764,OK,49.100,0.44,15877.900004852563
10765,OK,50.200,0.44,15892.399998847395
10766,OK,79.100,0.44,15882.199979387224
10767,OK,68.400,0.44,15870.800008997321
10768,OK,84.400,0.44,15886.400011368096
10769,OK,84.100,0.44,15914.999996311963
10770,OK,65.900,0.44,15867.499983869493
10771,OK,64.600,0.44,15868.199989199638
10772,OK,88.600,0.44,15878.30000789836
10773,OK,66.500,0.44,15849.899966269732
10774,OK,78.800,0.44,15860.099985729903
10775,OK,76.400,0.44,15906.299988273531
10776,OK,73.900,0.44,15859.799983445555
10777,OK,82.900,0.44,15841.699962038547
10778,OK,74.100,0.44,15872.000018134713
10779,OK,80.000,0.44,15873.89997439459
10780,OK,80.800,0.44,15945.399994961917
10781,OK,62.600,0.44,15872.200019657612
10782,OK,61.900,0.44,15940.59995841235
10783,OK,81.900,0.44,15807.799994945526
10784,OK,79.200,0.44,15869.700000621378
10785,OK,75.000,0.44,15851.000032853335
10786,OK,73.800,0.44,15909.60001340136
10787,OK,71.000,0.44,15874.400036409497
10788,OK,85.400,0.44,15879.700018558651
10789,OK,61.400,0.44,15867.699985392392
10790,OK,72.500,0.44,15864.199958741665
10791,OK,110.300,0.44,15844.19998107478
10792,OK,97.300,0.44,15903.3999661915
10793,OK,67.000,0.44,15882.499981671572
10794,OK,110.600,0.44,15739.599999506027
10795,OK,69.000,0.44,15835.800033528358
10796,OK,52.700,0.44,15919.69997389242
10797,OK,51.200,0.44,15931.80000782013
10798,OK,54.600,0.44,15910.200017970055
10799,OK,51.900,0.44,15984.500001650304
10800,OK,65.400,0.44,15895.699965767562
10801,OK,55.800,0.44,15828.499977942556
10802,OK,59.100,0.44,15927.699976600707
10803,OK,200.800,0.44,15597.400022670627
10804,OK,109.900,0.44,15830.299991648644
10805,OK,57.100,0.44,15897.999983280897
10806,OK,53.100,0.44,15916.000003926456
10807,OK,80.600,0.44,15786.300005856901
10808,OK,46.300,0.44,15930.800000205636
10809,OK,55.800,0.44,15937.69999453798
10810,OK,67.500,0.44,15809.300006367266
10811,OK,57.600,0.44,16188.399982638657
10812,OK,119.700,0.44,15524.799993727356
10813,OK,46.400,0.44,15926.200023386627
10814,OK,48.400,0.44,15862.500004004687
10815,OK,58.800,0.44,15940.50001585856
10816,OK,50.000,0.44,15902.300016023219
10817,OK,52.000,0.44,15969.200001563877
10818,OK,47.200,0.44,15835.599973797798
10819,OK,59.500,0.44,15955.800015944988
10820,OK,59.800,0.44,15905.999985989183
10821,OK,52.900,0.44,15936.299983877689
10822,OK,46.900,0.44,15843.300032429397
10823,OK,59.200,0.44,16021.9999961555
10824,OK,31.400,0.44,15993.100008927286
10825,OK,30.500,0.44,15868.800051975995
10826,OK,50.100,0.44,15891.199989710003
10827,OK,51.700,0.44,15945.899998769164
10828,OK,49.200,0.44,16120.199987199157
10829,OK,47.400,0.44,15970.500011462718
10830,OK,51.200,0.44,15612.900024279952
10831,OK,57.800,0.44,16029.59999581799
10832,OK,76.800,0.44,15980.099968146533
10833,OK,93.400,0.44,16271.899978164583
10834,OK,135.900,0.44,15416.800044476986
10835,OK,129.100,0.44,15792.599995620549
10836,OK,119.500,0.44,16025.400022044778
10837,OK,130.500,0.44,15490.10002054274
10838,OK,160.900,0.44,15739.499998744577
10839,OK,202.900,0.44,15649.100008886307
10840,OK,119.100,0.44,15787.700016517192
10841,OK,144.200,0.44,15681.29996303469
10842,OK,51.000,0.44,15852.900047320873
10843,OK,38.900,0.44,15963.900019414723
10844,OK,70.700,0.44,15913.299983367324
10845,OK,42.500,0.44,15921.799989882857
10846,OK,50.200,0.44,15966.999984811991
10847,OK,48.400,0.44,15864.99996483326
10848,OK,46.300,0.44,15880.600025411695
10849,OK,44.000,0.44,15956.600022036582
10850,OK,47.000,0.44,15923.300001304597
10851,OK,48.200,0.44,15934.299968648702
10852,OK,64.700,0.44,15900.599944870919
10853,OK,50.900,0.44,15881.200029980391
10854,OK,52.900,0.44,15900.400001555681
10855,OK,55.700,0.44,15977.60000731796
10856,OK,57.200,0.44,15913.89998793602
10857,OK,85.300,0.44,15831.999946385622
10858,OK,45.300,0.44,15842.200024053454
10859,OK,47.900,0.44,15926.899970509112
10860,OK,33.300,0.44,16004.800039809197
10861,OK,39.700,0.44,15970.20000917837
10862,OK,43.400,0.44,15822.899993509054
10863,OK,48.000,0.44,16016.699955798686
10864,OK,57.000,0.44,15930.999943520874
10865,OK,64.300,0.44,15937.300049699843
10866,OK,58.700,0.44,15874.599979724735
10867,OK,52.200,0.44,15906.999993603677
10868,OK,48.500,0.44,15938.500000629574
10869,OK,55.000,0.44,15917.200013063848
10870,OK,53.100,0.44,15900.200000032783
10871,OK,49.700,0.44,15919.099969323725
10872,OK,47.900,0.44,15932.799957226962
10873,OK,52.400,0.44,15902.20001526177
10874,OK,45.800,0.44,15952.799993101507
10875,OK,54.600,0.44,15894.300013314933
10876,OK,49.500,0.44,15895.799966529012
10877,OK,45.100,0.44,15928.299981169403
10878,OK,46.300,0.44,15917.599957901984
10879,OK,53.900,0.44,15949.300024658442
10880,OK,66.700,0.44,15851.000032853335
10881,OK,54.900,0.44,15917.300013825297
10882,OK,53.900,0.44,15906.299988273531
10883,OK,54.600,0.44,15888.999972958118
10884,OK,49.800,0.44,15967.599989380687
10885,OK,70.500,0.44,15896.30002854392
10886,OK,84.000,0.44,15819.20002354309
10887,OK,54.200,0.44,15899.600053671747
10888,OK,57.200,0.44,15893.20000493899
10889,OK,45.000,0.44,15909.100009594113
10890,OK,31.000,0.44,15967.999992426485
10891,OK,44.900,0.44,15931.400004774332
10892,OK,47.000,0.44,15935.799980070442
10893,OK,52.900,0.44,15906.799992080778
10894,OK,52.000,0.44,15918.800025247037
10895,OK,55.000,0.44,15934.80003066361
10896,OK,50.800,0.44,15910.599962808192
10897,OK,47.800,0.44,15960.00004792586
10898,OK,55.400,0.44,15858.199971262366
10899,OK,56.200,0.44,15937.999996822327
10900,OK,60.200,0.44,15811.59996567294
10901,OK,56.400,0.44,15945.199993439019
10902,OK,52.300,0.44,15933.700022287667
10903,OK,58.100,0.44,15814.899990800768
10904,OK,57.100,0.44,15834.999969229102
10905,OK,57.600,0.44,15955.40001289919
10906,OK,55.400,0.44,15903.899969998747
10907,OK,53.300,0.44,15919.000026769936
10908,OK,54.300,0.44,15864.800021518022
10909,OK,55.300,0.44,15894.900017883629
10910,OK,55.800,0.44,15967.399987857789
10911,OK,53.800,0.44,15886.200009845197
10912,OK,45.300,0.44,15897.500037681311
10913,OK,127.600,0.44,15805.59997819364
10914,OK,48.600,0.44,15901.900012977421
10915,OK,40.100,0.44,15933.900023810565
10916,OK,60.900,0.44,15864.400018472224
10917,OK,70.900,0.44,15964.29996425286
10918,OK,47.300,0.44,15897.799981757998
10919,OK,43.300,0.44,15940.800018142909
10920,OK,63.600,0.44,15865.299967117608
10921,OK,54.800,0.44,15919.500030577183
10922,OK,50.400,0.44,15943.799982778728
10923,OK,60.500,0.44,15868.699993006885
10924,OK,56.400,0.44,15889.399976003915
10925,OK,46.300,0.44,15968.199993949383
10926,OK,44.800,0.44,15932.199952658266
10927,OK,46.800,0.44,15931.300004012883
10928,OK,54.400,0.44,15890.599985141307
10929,OK,54.300,0.44,15928.399981930852
10930,OK,60.900,0.44,15953.399997670203
10931,OK,50.500,0.44,15929.699991829693
10932,OK,72.000,0.44,15869.49999909848
10933,OK,57.600,0.44,15928.399981930852
10934,OK,51.000,0.44,15900.800004601479
10935,OK,50.300,0.44,15953.800000716
10936,OK,55.700,0.44,15851.099975407124
10937,OK,55.300,0.44,15948.299958836287
10938,OK,54.900,0.44,15910.099959000945
10939,OK,153.800,0.44,15715.799992904067
10940,OK,50.900,0.44,15900.200000032783
10941,OK,44.800,0.44,15944.700047839433
10942,OK,59.900,0.44,15919.299970846623
10943,OK,89.200,0.44,15818.900021258742
10944,OK,47.500,0.44,15887.20001745969
10945,OK,50.100,0.44,15919.300029054284
10946,OK,51.200,0.44,15935.99998159334
10947,OK,52.300,0.44,15906.999993603677
10948,OK,53.100,0.44,15904.799976851791
10949,OK,55.400,0.44,15890.799986664206
10950,OK,53.000,0.44,15904.100029729307
10951,OK,52.100,0.44,15913.400042336434
10952,OK,52.900,0.44,15944.500046316534
10953,OK,48.400,0.44,15924.600011203438
10954,OK,48.000,0.44,15881.099971011281
10955,OK,48.500,0.44,15927.100030239671
10956,OK,51.600,0.44,15891.499991994351
10957,OK,50.600,0.44,15940.999961458147
10958,OK,65.400,0.44,15897.80003996566
10959,OK,51.100,0.44,15916.500007733703
10960,OK,51.500,0.44,15893.700008746237
10961,OK,57.300,0.44,15924.000006634742
10962,OK,42.400,0.44,15941.200021188706
10963,OK,50.500,0.44,15870.000002905726
10964,OK,43.100,0.44,15945.499995723367
10965,OK,44.200,0.44,15885.90000756085
10966,OK,42.000,0.44,16030.400001909584
10967,OK,42.800,0.44,15949.700027704239
10968,OK,57.100,0.44,15915.50000011921
10969,OK,62.200,0.44,15923.200000543147
10970,OK,47.700,0.44,15899.699996225536
10971,OK,91.700,0.44,15899.599995464087
10972,OK,50.900,0.44,15914.399991743267
10973,OK,66.400,0.44,15759.100031573325
10974,OK,48.000,0.44,16150.300041772425
10975,OK,140.200,0.44,15608.399990014732
10976,OK,67.200,0.44,15874.599979724735
10977,OK,51.200,0.44,15945.09999267757
10978,OK,52.600,0.44,15911.300026345998
10979,OK,56.600,0.44,15913.399984128773
10980,OK,77.300,0.44,15908.300003502518
10981,OK,59.200,0.44,15842.600027099252
10982,OK,47.200,0.44,15939.999953843653
10983,OK,56.800,0.44,15890.999988187104
10984,OK,112.600,0.44,15845.599991735071
10985,OK,105.000,0.44,15781.100024469197
10986,OK,56.200,0.44,15953.90000147745
10987,OK,44.000,0.44,15851.299976930022
10988,OK,54.300,0.44,15972.200024407357
10989,OK,37.000,0.44,15945.499995723367
10990,OK,37.900,0.44,15933.800023049116
10991,OK,109.800,0.44,15875.999990385026
10992,OK,65.800,0.44,15832.000004593283
10993,OK,56.300,0.44,15953.90000147745
10994,OK,58.800,0.44,15866.599977016449
10995,OK,84.900,0.44,15815.399994608015
10996,OK,74.000,0.44,15948.999964166433
10997,OK,62.500,0.44,15908.600005786866
10998,OK,64.500,0.44,15855.900011956692
10999,OK,66.800,0.44,15849.199960939586
11000,OK,87.300,0.44,15884.099993854761
11001,OK,83.200,0.44,15732.400002889335
11002,OK,89.200,0.44,15917.400014586747
11003,OK,66.700,0.44,15827.300027012825
11004,OK,88.000,0.44,15880.099963396788
11005,OK,81.600,0.44,15844.699984882027
11006,OK,77.400,0.44,15866.000030655414
11007,OK,61.100,0.44,15909.700014162809
11008,OK,78.800,0.44,15888.300025835633
11009,OK,91.700,0.44,15852.200041990727
11010,OK,60.500,0.44,15898.599987849593
11011,OK,69.400,0.44,15886.600012890995
11012,OK,88.000,0.44,15933.299961034209
11013,OK,74.400,0.44,15839.499945286661
11014,OK,74.300,0.44,15865.299967117608
11015,OK,63.200,0.44,15885.400003753603
11016,OK,59.400,0.44,15938.199998345226
11017,OK,82.400,0.44,15866.200032178313
11018,OK,66.400,0.44,15864.500019233674
11019,OK,80.400,0.44,15885.999950114638
11020,OK,60.900,0.44,15838.999999687076
11021,OK,47.600,0.44,15954.100003000349
11022,OK,75.300,0.44,15987.399965524673
11023,OK,76.600,0.44,15866.999980062246
11024,OK,152.200,0.44,15660.500037483871
11025,OK,60.800,0.44,15886.400011368096
11026,OK,41.700,0.44,15938.299999106675
11027,OK,61.000,0.44,15930.19999563694
11028,OK,58.900,0.44,15836.499980650842
11029,OK,48.700,0.44,15940.800018142909
11030,OK,43.400,0.44,15931.200003251433
11031,OK,39.300,0.44,15921.39998683706
11032,OK,42.800,0.44,15916.400006972253
11033,OK,50.700,0.44,15896.899974904954
11034,OK,53.700,0.44,15997.899987269193
11035,OK,138.900,0.44,15792.899997904897
11036,OK,66.700,0.44,15925.099956803024
11037,OK,56.100,0.44,15929.399989545345
11038,OK,49.800,0.44,15887.100016698241
11039,OK,49.200,0.44,15904.89997761324
11040,OK,50.200,0.44,15900.50000231713
11041,OK,52.300,0.44,15918.200020678341
11042,OK,52.400,0.44,15872.900024987757
11043,OK,95.200,0.44,15878.000005614012
11044,OK,57.000,0.44,15896.399971097708
11045,OK,51.700,0.44,15917.900018393993
11046,OK,51.600,0.44,15933.600021526217
11047,OK,53.600,0.44,15889.999980572611
11048,OK,54.100,0.44,15936.999989207834
11049,OK,56.800,0.44,15864.900022279471
11050,OK,54.400,0.44,15935.600036755204
11051,OK,64.900,0.44,15896.500030066818
11052,OK,63.700,0.44,15873.399970587343
11053,OK,111.100,0.44,15852.499986067414
11054,OK,59.600,0.44,15867.300040554255
11055,OK,60.300,0.44,15809.900010935962
11056,OK,50.900,0.44,15955.30001213774
11057,OK,51.100,0.44,15902.299957815558
11058,OK,48.000,0.44,16038.000001572073
11059,OK,56.600,0.44,15808.099997229874
11060,OK,57.600,0.44,15882.500039879233
11061,OK,47.000,0.44,15917.900018393993
11062,OK,47.800,0.44,15907.90000045672
11063,OK,50.000,0.44,16056.30002450198
11064,OK,82.600,0.44,15955.099952407181
11065,OK,72.000,0.44,15669.899992644787
11066,OK,71.400,0.44,16257.199982646853
11067,OK,146.300,0.44,15567.20002554357
11068,OK,122.600,0.44,16062.099952250719
11069,OK,159.700,0.44,15478.799992706627
11070,OK,133.600,0.44,15872.50002194196
11071,OK,129.900,0.44,15695.900015998632
11072,OK,135.400,0.44,15808.199997991323
11073,OK,124.800,0.44,15962.80001103878
11074,OK,188.100,0.44,15904.200030490756
11075,OK,190.400,0.44,15427.399950567633
11076,OK,106.200,0.44,15894.900017883629
11077,OK,81.200,0.44,15679.100004490465
11078,OK,128.000,0.44,15796.199964825064
11079,OK,114.300,0.44,16255.099966656417
11080,OK,116.900,0.44,15731.299994513392
11081,OK,131.500,0.44,15821.099979802966
11082,OK,235.400,0.44,15551.799966488034
11083,OK,167.100,0.44,15815.899998415262
11084,OK,221.100,0.44,15367.100015282631
11085,OK,119.100,0.44,15715.39998985827
11086,OK,99.600,0.44,15741.600014735013
11087,OK,125.800,0.44,15783.699986059219
11088,OK,74.100,0.44,15857.299964409322
11089,OK,49.500,0.44,15862.400003243238
11090,OK,36.000,0.44,15998.39999107644
11091,OK,40.500,0.44,15938.700002152473
11092,OK,53.300,0.44,15890.999988187104
11093,OK,50.200,0.44,15910.99996585399
11094,OK,81.800,0.44,15841.800021007657
11095,OK,69.900,0.44,15922.299993690103
11096,OK,67.600,0.44,15864.500019233674
11097,OK,42.900,0.44,15957.799972966313
11098,OK,43.300,0.44,15929.099987260997
11099,OK,47.300,0.44,15948.800020851195
11100,OK,52.100,0.44,15898.099984042346
11101,OK,56.900,0.44,15815.499995369464
11102,OK,52.500,0.44,15913.99998869747
11103,OK,63.100,0.44,15848.600014578551
11104,OK,55.500,0.44,15872.900024987757
11105,OK,40.600,0.44,15871.400013566017
11106,OK,40.500,0.44,15939.800010528415
11107,OK,41.000,0.44,15907.499997410923
11108,OK,39.900,0.44,15962.500008754432
11109,OK,54.100,0.44,15920.799982268363
11110,OK,44.800,0.44,15927.900036331266
11111,OK,46.400,0.44,15940.900018904358
11112,OK,50.000,0.44,15931.900008581579
11113,OK,53.500,0.44,15889.999980572611
11114,OK,47.800,0.44,15907.299995888025
11115,OK,44.000,0.44,15945.199993439019
11116,OK,52.400,0.44,15898.899990133941
11117,OK,45.000,0.44,15936.799987684935
11118,OK,48.800,0.44,15927.900036331266
11119,OK,43.800,0.44,15919.600031338632
11120,OK,32.900,0.44,15927.999978885055
11121,OK,38.200,0.44,15932.600013911724
11122,OK,37.500,0.44,15960.399992763996
11123,OK,48.900,0.44,15889.400034211576
11124,OK,43.600,0.44,15912.999981082976
11125,OK,43.600,0.44,15904.099971521646
11126,OK,51.800,0.44,15944.600047077984
11127,OK,53.300,0.44,15903.400024399161
11128,OK,47.100,0.44,15959.800046402961
11129,OK,50.700,0.44,15961.900004185736
11130,OK,52.000,0.44,15844.799985643476
11131,OK,72.300,0.44,15902.500017546117
11132,OK,57.700,0.44,15931.900008581579
11133,OK,64.000,0.44,15868.799993768334
11134,OK,85.000,0.44,15893.30000570044
11135,OK,53.700,0.44,15920.799982268363
11136,OK,53.700,0.44,15927.29997355491
11137,OK,54.300,0.44,15895.199961960316
11138,OK,53.900,0.44,15915.900003165007
11139,OK,55.400,0.44,15916.9000107795
11140,OK,60.400,0.44,15822.799992747605
11141,OK,45.200,0.44,15966.399980243295
11142,OK,48.700,0.44,15854.500001296401
11143,OK,63.900,0.44,15900.999947916716
11144,OK,51.100,0.44,15913.89998793602
11145,OK,49.200,0.44,15973.3000327833
11146,OK,52.900,0.44,15936.30004208535
11147,OK,63.900,0.44,15846.299997065216
11148,OK,68.800,0.44,15934.59997093305
11149,OK,55.600,0.44,15906.799992080778
11150,OK,53.000,0.44,15872.599964495748
11151,OK,52.300,0.44,15910.500020254403
11152,OK,78.300,0.44,15921.200043521821
11153,OK,58.800,0.44,15875.799988862127
11154,OK,82.900,0.44,15846.199996303767
11155,OK,53.300,0.44,15925.59996061027
11156,OK,46.900,0.44,15941.400022711605
11157,OK,56.500,0.44,15873.999975156039
11158,OK,50.000,0.44,15895.900025498122
11159,OK,47.400,0.44,15912.29997575283
11160,OK,50.100,0.44,15965.899976436049
11161,OK,64.700,0.44,15844.699984882027
11162,OK,57.400,0.44,15922.299993690103
11163,OK,66.800,0.44,15866.999980062246
11164,OK,51.300,0.44,16000.500007066876
11165,OK,67.000,0.44,15784.099989105016
11166,OK,58.800,0.44,15913.099981844425
11167,OK,49.900,0.44,15935.400035232306
11168,OK,49.600,0.44,15967.399987857789
11169,OK,53.300,0.44,15821.499982848763
11170,OK,48.300,0.44,16001.19995418936
11171,OK,46.900,0.44,15843.700035475194
11172,OK,50.100,0.44,15975.799993611872
11173,OK,47.200,0.44,15857.500024139881
11174,OK,49.300,0.44,16024.700016714633
11175,OK,49.400,0.44,15918.30002143979
11176,OK,55.000,0.44,15847.20000391826
11177,OK,60.900,0.44,15817.50001059845
11178,OK,88.900,0.44,15968.79999851808
11179,OK,57.600,0.44,15889.199974481016
11180,OK,50.500,0.44,15918.50002296269
11181,OK,50.400,0.44,15902.20001526177
11182,OK,51.500,0.44,15933.800023049116
11183,OK,53.200,0.44,15944.699989631772
11184,OK,58.900,0.44,15816.699946299195
11185,OK,82.800,0.44,15873.600030317903
11186,OK,58.900,0.44,15888.70002888143
11187,OK,53.300,0.44,15903.200022876263
11188,OK,49.700,0.44,15964.499965775758
11189,OK,66.700,0.44,15933.700022287667
11190,OK,56.800,0.44,16013.799991924316
11191,OK,119.200,0.44,15673.199959564954
11192,OK,53.100,0.44,15901.900012977421
11193,OK,50.100,0.44,15893.000003416091
11194,OK,58.700,0.44,15863.900014664978
11195,OK,54.700,0.44,15912.799979560077
11196,OK,40.400,0.44,15938.900003675371
11197,OK,42.000,0.44,15918.800025247037
11198,OK,40.300,0.44,15954.500006046146
11199,OK,45.400,0.44,15922.8999982588
11200,OK,45.700,0.44,15916.000003926456
11201,OK,71.200,0.44,15806.699986569583
11202,OK,45.300,0.44,15947.200008668005
11203,OK,60.400,0.44,15904.499974567443
11204,OK,67.200,0.44,15927.29997355491
11205,OK,50.700,0.44,15899.499994702637
11206,OK,52.300,0.44,15905.999985989183
11207,OK,52.700,0.44,15967.09998557344
11208,OK,51.500,0.44,15860.299987252802
11209,OK,49.300,0.44,15923.600003588945
11210,OK,48.300,0.44,15919.500030577183
11211,OK,46.600,0.44,15926.400024909526
11212,OK,45.600,0.44,15938.500000629574
11213,OK,45.800,0.44,15930.499997921288
11214,OK,43.800,0.44,15915.099997073412
11215,OK,46.200,0.44,15918.100019916892
11216,OK,41.800,0.44,15907.399996649474
11217,OK,40.800,0.44,15933.700022287667
11218,OK,51.200,0.44,15901.500009931624
11219,OK,43.600,0.44,15903.199964668602
11220,OK,38.000,0.44,15986.39995791018
11221,OK,133.200,0.44,15762.80000153929
11222,OK,53.400,0.44,15888.70002888143
11223,OK,44.100,0.44,15937.49999301508
11224,OK,44.300,0.44,15925.100015010685
11225,OK,46.400,0.44,15953.099995385855
11226,OK,59.000,0.44,15862.800006289035
11227,OK,43.000,0.44,15931.200003251433
11228,OK,43.500,0.44,15983.099990990013
11229,OK,120.400,0.44,15736.400033347309
11230,OK,60.300,0.44,15875.199984293431
11231,OK,32.900,0.44,16042.599978391081
11232,OK,39.100,0.44,15853.599994443357
11233,OK,44.300,0.44,15950.499975588173
11234,OK,48.800,0.44,15955.900016706437
11235,OK,48.500,0.44,15910.99996585399
11236,OK,52.500,0.44,15906.300046481192
11237,OK,122.300,0.44,15782.699978444725
11238,OK,51.900,0.44,15901.700011454523
11239,OK,52.300,0.44,15920.199977699667
11240,OK,54.400,0.44,15911.600028630346
11241,OK,56.100,0.44,15943.59998125583
11242,OK,77.500,0.44,15849.400020670146
11243,OK,56.300,0.44,15879.099955782294
11244,OK,42.900,0.44,15904.200030490756
11245,OK,82.100,0.44,15875.599987339228
11246,OK,84.100,0.44,15875.40004402399
11247,OK,72.400,0.44,15898.899990133941
11248,OK,74.700,0.44,15899.899997748435
11249,OK,76.600,0.44,15924.30000891909
11250,OK,68.500,0.44,15849.899966269732
11251,OK,83.100,0.44,15845.899994019419
11252,OK,79.400,0.44,15878.700010944158
11253,OK,63.100,0.44,15861.799998674542
11254,OK,83.500,0.44,15881.999977864325
11255,OK,84.000,0.44,15869.299997575581
11256,OK,88.700,0.44,15873.299969825894
11257,OK,100.100,0.44,15866.70003598556
11258,OK,85.700,0.44,15834.600024390966
11259,OK,90.200,0.44,15856.20001424104
11260,OK,85.500,0.44,15828.399977181107
11261,OK,82.500,0.44,15863.60001238063
11262,OK,64.700,0.44,15889.799979049712
11263,OK,63.000,0.44,15911.999973468482
11264,OK,82.200,0.44,15867.699985392392
11265,OK,79.200,0.44,15804.799972102046
11266,OK,61.900,0.44,15841.09995746985
11267,OK,60.600,0.44,15907.599998172373
11268,OK,81.000,0.44,15903.699968475848
11269,OK,72.500,0.44,15879.999962635338
11270,OK,90.900,0.44,15862.00000019744
11271,OK,88.300,0.44,15858.700033277273
11272,OK,94.300,0.44,15885.100001469254
11273,OK,122.600,0.44,15829.100040718913
11274,OK,149.200,0.44,15673.499961849302
11275,OK,54.900,0.44,15873.999975156039
11276,OK,57.600,0.44,15896.000026259571
11277,OK,52.700,0.44,15897.399978712201
11278,OK,42.000,0.44,16002.80002458021
11279,OK,52.700,0.44,15909.800014924258
11280,OK,54.400,0.44,15905.800042673945
11281,OK,51.500,0.44,15913.499984890223
11282,OK,49.100,0.44,15922.199992928654
11283,OK,48.400,0.44,15941.99996907264
11284,OK,61.100,0.44,15909.799956716597
11285,OK,62.200,0.44,15906.099986750633
11286,OK,49.500,0.44,15965.90003464371
11287,OK,60.200,0.44,15799.100045114756
11288,OK,48.600,0.44,16011.500032618642
11289,OK,53.400,0.44,15897.900040727109
11290,OK,53.900,0.44,15921.800048090518
11291,OK,56.300,0.44,15882.400039117783
11292,OK,52.800,0.44,15917.999960947782
11293,OK,65.500,0.44,15872.300020419061
11294,OK,156.900,0.44,15743.000025395304
11295,OK,51.800,0.44,15885.70000603795
11296,OK,47.900,0.44,15947.800013236701
11297,OK,54.400,0.44,15900.800004601479
11298,OK,49.600,0.44,16072.49997323379
11299,OK,100.900,0.44,15715.699992142618
11300,OK,59.100,0.44,15836.9000419043
11301,OK,54.400,0.44,15886.600012890995
11302,OK,51.800,0.44,15864.700020756572
11303,OK,57.000,0.44,15900.300000794232
11304,OK,50.600,0.44,15877.500001806766
11305,OK,41.100,0.44,16165.000037290156
11306,OK,48.300,0.44,15808.799944352359
11307,OK,61.800,0.44,15755.29994443059
11308,OK,52.800,0.44,15908.500005025417
11309,OK,47.300,0.44,16090.699995402247
11310,OK,43.900,0.44,16276.000009384006
11311,OK,46.600,0.44,15443.200012668967
11312,OK,54.400,0.44,16031.600011046976
11313,OK,57.000,0.44,16041.100025177002
11314,OK,63.500,0.44,15711.600019130856
11315,OK,53.100,0.44,16108.10001147911
11316,OK,71.900,0.44,15892.199997324497
11317,OK,82.700,0.44,15696.400019805878
11318,OK,99.000,0.44,15828.900039196014
11319,OK,56.100,0.44,15866.499976255
11320,OK,72.200,0.44,15863.300010096282
11321,OK,74.300,0.44,15864.300017710775
11322,OK,100.500,0.44,15860.4999887757
11323,OK,99.800,0.44,15889.099973719567
11324,OK,90.000,0.44,15815.799997653812
11325,OK,73.000,0.44,15826.200018636882
11326,OK,64.100,0.44,15912.599978037179
11327,OK,95.600,0.44,15774.799976497889
11328,OK,60.000,0.44,15860.799991060048
11329,OK,69.400,0.44,15916.499949526042
11330,OK,39.600,0.44,15902.500017546117
11331,OK,45.300,0.44,15918.900026008487
11332,OK,47.300,0.44,15934.200026094913
11333,OK,41.700,0.44,15929.899993352592
11334,OK,45.000,0.44,15923.700004350394
11335,OK,47.500,0.44,15910.699963569641
11336,OK,46.300,0.44,15909.900015685707
11337,OK,44.100,0.44,15917.399956379086
11338,OK,41.200,0.44,15981.299977283925
11339,OK,38.100,0.44,15919.399971608073
11340,OK,46.800,0.44,15992.200002074242
11341,OK,68.900,0.44,15879.999962635338
11342,OK,54.700,0.44,15895.300020929426
11343,OK,44.600,0.44,15935.199975501746
11344,OK,45.900,0.44,15915.700001642108
11345,OK,44.100,0.44,15870.90000975877
11346,OK,36.400,0.44,15928.000037092716
11347,OK,33.800,0.44,15959.499985910952
11348,OK,36.600,0.44,15937.899996060878
11349,OK,36.000,0.44,15996.199974324554
11350,OK,43.500,0.44,15946.300001814961
11351,OK,46.400,0.44,15892.900002654642
11352,OK,57.000,0.44,15956.80002355948
11353,OK,51.300,0.44,15916.300006210804
11354,OK,49.400,0.44,15908.900008071214
11355,OK,57.700,0.44,15952.699992340058
11356,OK,53.400,0.44,15850.699972361326
11357,OK,44.000,0.44,15876.79999647662
11358,OK,43.700,0.44,15952.49999081716
11359,OK,46.200,0.44,15924.600011203438
11360,OK,45.700,0.44,15913.599985651672
11361,OK,41.600,0.44,15939.00000443682
11362,OK,56.000,0.44,15897.899982519448
11363,OK,42.100,0.44,15932.800015434623
11364,OK,42.200,0.44,15927.899978123605
11365,OK,44.000,0.44,15944.99999191612
11366,OK,42.900,0.44,15897.099976427853
11367,OK,55.400,0.44,15969.400003086776
11368,OK,46.900,0.44,15927.399974316359
11369,OK,53.900,0.44,15833.800018299371
11370,OK,51.800,0.44,15934.59997093305
11371,OK,44.300,0.44,15949.39996721223
11372,OK,54.100,0.44,15921.799989882857
11373,OK,56.400,0.44,15911.200025584549
11374,OK,59.200,0.44,15843.699977267534
11375,OK,56.900,0.44,15892.099996563047
11376,OK,69.100,0.44,15937.899996060878
11377,OK,52.700,0.44,15890.499984379858
11378,OK,60.100,0.44,15904.800035059452
11379,OK,54.300,0.44,15910.500020254403
11380,OK,56.800,0.44,15927.19997279346
11381,OK,52.800,0.44,15829.199983272702
11382,OK,60.400,0.44,15985.400008503348
11383,OK,49.200,0.44,15949.699969496578
11384,OK,54.700,0.44,15808.900003321469
11385,OK,49.800,0.44,16017.099958844483
11386,OK,50.100,0.44,15885.300002992153
11387,OK,63.100,0.44,15897.399978712201
11388,OK,57.000,0.44,15924.499952234328
11389,OK,58.200,0.44,15890.799986664206
11390,OK,55.400,0.44,15906.199987512082
11391,OK,54.100,0.44,15907.499997410923
11392,OK,54.900,0.44,15918.800025247037
11393,OK,54.500,0.44,15895.100019406527
11394,OK,66.900,0.44,15916.200005449355
11395,OK,61.600,0.44,15868.899994529784
11396,OK,53.700,0.44,15860.900050029159
11397,OK,61.100,0.44,15914.999996311963
11398,OK,54.500,0.44,15949.29996645078
11399,OK,46.900,0.44,15906.800050288439
11400,OK,44.400,0.44,15897.799981757998
11401,OK,44.400,0.44,15829.29998403415
11402,OK,66.700,0.44,15938.099997583777
11403,OK,50.900,0.44,15918.600023724139
11404,OK,89.400,0.44,15835.900034289807
11405,OK,49.800,0.44,15903.300023637712
11406,OK,72.400,0.44,15936.400042846799
11407,OK,57.000,0.44,15919.89997541532
11408,OK,52.300,0.44,15870.300005190074
11409,OK,65.500,0.44,15910.099959000945
11410,OK,50.600,0.44,15867.599984630942
11411,OK,66.100,0.44,15901.799954008311
11412,OK,53.100,0.44,15928.999986499548
11413,OK,44.700,0.44,15960.499993525445
11414,OK,50.300,0.44,15914.199990220368
11415,OK,54.900,0.44,15920.899983029813
11416,OK,59.000,0.44,15889.200032688677
11417,OK,54.200,0.44,15910.500020254403
11418,OK,50.700,0.44,15932.700014673173
11419,OK,48.300,0.44,15933.600021526217
11420,OK,55.400,0.44,15809.900010935962
11421,OK,57.800,0.44,15915.199997834861
11422,OK,56.400,0.44,15922.299993690103
11423,OK,64.000,0.44,15956.90002432093
11424,OK,55.700,0.44,15907.599998172373
11425,OK,55.600,0.44,15874.399978201836
11426,OK,78.000,0.44,15861.599997151643
11427,OK,58.500,0.44,15900.099999271333
11428,OK,60.000,0.44,15926.299965940416
11429,OK,58.200,0.44,15822.20004638657
11430,OK,50.700,0.44,15910.200017970055
11431,OK,42.100,0.44,15922.200051136315
11432,OK,42.000,0.44,15943.400037940592
11433,OK,44.800,0.44,15934.4999701716
11434,OK,49.400,0.44,15916.700009256601
11435,OK,51.600,0.44,15924.000006634742
11436,OK,66.000,0.44,15904.600033536553
11437,OK,63.500,0.44,15986.300015356392
11438,OK,99.500,0.44,15811.400022357702
11439,OK,59.400,0.44,15862.300002481788
11440,OK,49.200,0.44,15910.399961285293
11441,OK,49.800,0.44,15924.40000968054
11442,OK,52.300,0.44,15909.50001263991
11443,OK,51.500,0.44,15931.300004012883
11444,OK,57.100,0.44,15825.899958144873
11445,OK,36.700,0.44,15975.499991327524
11446,OK,49.900,0.44,15871.499956119806
11447,OK,31.900,0.44,15969.600004609674
11448,OK,43.500,0.44,15924.100007396191
11449,OK,40.100,0.44,15949.099964927882
11450,OK,58.500,0.44,15897.799981757998
11451,OK,43.300,0.44,15936.500043608248
11452,OK,47.900,0.44,15913.200040813535
11453,OK,47.400,0.44,15935.199975501746
11454,OK,57.800,0.44,15878.600010182709
11455,OK,44.700,0.44,15907.499997410923
11456,OK,36.500,0.44,15988.400031346828
11457,OK,128.600,0.44,15818.900021258742
11458,OK,47.800,0.44,15887.000015936792
11459,OK,49.300,0.44,15920.900041237473
11460,OK,65.600,0.44,15886.300010606647
11461,OK,106.100,0.44,15878.900012467057
11462,OK,71.600,0.44,15905.399981420487
11463,OK,57.300,0.44,15849.300019908696
11464,OK,56.700,0.44,15995.200024917722
11465,OK,50.500,0.44,15853.399992920458
11466,OK,114.300,0.44,15805.79997971654
11467,OK,62.600,0.44,15912.200033199042
11468,OK,50.600,0.44,15887.500019744039
11469,OK,55.500,0.44,15957.400028128177
11470,OK,53.100,0.44,15895.499964244664
11471,OK,47.100,0.44,15922.999999020249
11472,OK,44.800,0.44,15912.60003624484
11473,OK,57.500,0.44,15849.799965508282
11474,OK,55.600,0.44,15979.1000187397
11475,OK,123.900,0.44,15717.600006610155
11476,OK,89.700,0.44,15881.399973295629
11477,OK,61.500,0.44,15908.900008071214
11478,OK,51.100,0.44,15934.199967887253
11479,OK,54.900,0.44,15883.600048255175
11480,OK,53.400,0.44,15916.600008495152
11481,OK,54.900,0.44,15920.800040476024
11482,OK,72.100,0.44,15836.000035051256
11483,OK,73.600,0.44,15890.800044871867
11484,OK,76.100,0.44,15887.599962297827
11485,OK,74.600,0.44,15876.99999799952
11486,OK,74.400,0.44,15917.599957901984
11487,OK,62.400,0.44,15900.400001555681
11488,OK,74.900,0.44,15834.700025152415
11489,OK,105.000,0.44,15858.800034038723
11490,OK,102.900,0.44,15820.699976757169
11491,OK,95.800,0.44,15883.900050539523
11492,OK,90.600,0.44,15834.299963898957
11493,OK,98.800,0.44,15855.99995451048
11494,OK,76.100,0.44,15822.299988940358
11495,OK,74.800,0.44,15904.099971521646
11496,OK,58.000,0.44,15929.799992591143
11497,OK,77.100,0.44,15882.500039879233
11498,OK,70.500,0.44,15827.89997337386
11499,OK,60.300,0.44,15910.400019492954
11500,OK,82.500,0.44,15868.699993006885
11501,OK,88.700,0.44,15733.000007458031
11502,OK,93.500,0.44,15822.699991986156
11503,OK,90.700,0.44,15820.39997447282
11504,OK,49.900,0.44,15947.600011713803
11505,OK,51.100,0.44,15797.600033693016
11506,OK,62.300,0.44,15852.899989113212
11507,OK,84.900,0.44,15924.100007396191
11508,OK,112.800,0.44,15807.799994945526
11509,OK,64.300,0.44,15886.900015175343
11510,OK,61.600,0.44,15868.799993768334
11511,OK,57.600,0.44,15891.7999942787
11512,OK,52.800,0.44,15949.800028465688
11513,OK,57.200,0.44,15868.499991483986
11514,OK,47.700,0.44,15945.299994200468
11515,OK,52.100,0.44,15956.600022036582
11516,OK,61.300,0.44,15904.500032775104
11517,OK,55.000,0.44,15941.99996907264
11518,OK,46.000,0.44,15909.60001340136
11519,OK,46.100,0.44,15923.500002827495
11520,OK,46.100,0.44,15903.300023637712
11521,OK,110.500,0.44,15831.099997740239
11522,OK,47.300,0.44,15862.200001720339
11523,OK,35.100,0.44,15956.000017467886
11524,OK,43.700,0.44,15987.600025255233
11525,OK,48.300,0.44,15933.09995951131
11526,OK,53.100,0.44,15931.60000629723
11527,OK,57.800,0.44,15825.400012545288
11528,OK,113.700,0.44,15802.400012034923
11529,OK,51.900,0.44,15912.899980321527
11530,OK,46.300,0.44,15921.100042760372
11531,OK,57.500,0.44,15948.799962643534
11532,OK,56.100,0.44,15904.300031252205
11533,OK,56.900,0.44,15941.900026518852
11534,OK,53.200,0.44,15903.099963907152
11535,OK,49.800,0.44,15934.4999701716
11536,OK,46.100,0.44,15881.600033026189
11537,OK,121.800,0.44,15777.199994772673
11538,OK,49.600,0.44,15970.400010701269
11539,OK,51.300,0.44,15904.599975328892
11540,OK,43.100,0.44,15932.799957226962
11541,OK,51.300,0.44,15925.79996213317
11542,OK,82.400,0.44,15877.300000283867
11543,OK,74.300,0.44,15868.499991483986
11544,OK,58.200,0.44,15934.59997093305
11545,OK,52.600,0.44,15813.499980140477
11546,OK,62.500,0.44,16149.39997671172
11547,OK,50.200,0.44,15873.999975156039
11548,OK,81.300,0.44,16150.699986610562
11549,OK,84.600,0.44,16015.700006391853
11550,OK,101.800,0.44,15482.70002240315
11551,OK,102.400,0.44,15718.700014986098
11552,OK,82.900,0.44,15868.099988438189
11553,OK,89.800,0.44,15760.700043756515
11554,OK,50.900,0.44,16429.200011771172
11555,OK,45.600,0.44,15417.000045999885
11556,OK,61.300,0.44,16414.999961853027
11557,OK,52.500,0.44,15484.700037632138
11558,OK,81.600,0.44,15823.999943677336
11559,OK,66.700,0.44,15839.400002732873
11560,OK,55.900,0.44,16339.799971319735
11561,OK,43.800,0.44,15793.400001712143
11562,OK,48.600,0.44,15808.70000179857
11563,OK,46.600,0.44,15990.399988368154
11564,OK,57.700,0.44,15614.59997901693
11565,OK,57.000,0.44,15958.599979057908
11566,OK,119.800,0.44,15708.799997810274
11567,OK,44.800,0.44,15899.20005062595
11568,OK,56.700,0.44,15899.299993179739
11569,OK,39.700,0.44,15942.09996983409
11570,OK,40.300,0.44,15933.900023810565
11571,OK,44.500,0.44,15926.999971270561
11572,OK,43.500,0.44,15919.599973130971
11573,OK,48.100,0.44,15914.399991743267
11574,OK,81.900,0.44,15918.900026008487
11575,OK,50.700,0.44,15910.99996585399
11576,OK,45.100,0.44,15915.000054519624
11577,OK,41.600,0.44,15919.499972369522
11578,OK,41.700,0.44,15933.500020764768
11579,OK,42.900,0.44,15984.300000127405
11580,OK,66.000,0.44,15880.600025411695
11581,OK,46.000,0.44,15895.800024736673
11582,OK,37.900,0.44,15997.999988030642
11583,OK,44.200,0.44,15932.700014673173
11584,OK,42.200,0.44,15949.800028465688
11585,OK,60.300,0.44,15901.000006124377
11586,OK,47.200,0.44,15893.800009507686
11587,OK,46.300,0.44,15934.400027617812
11588,OK,44.900,0.44,15936.699986923486
11589,OK,44.900,0.44,15940.60001662001
11590,OK,59.500,0.44,15883.999993093312
11591,OK,46.700,0.44,15903.60002592206
11592,OK,45.700,0.44,15873.100026510656
11593,OK,42.500,0.44,15927.700034808367
11594,OK,40.200,0.44,15985.900012310594
11595,OK,51.100,0.44,15936.699986923486
11596,OK,49.300,0.44,15909.40001187846
11597,OK,66.600,0.44,15868.499991483986
11598,OK,50.300,0.44,15908.900008071214
11599,OK,43.600,0.44,15930.19999563694
11600,OK,52.700,0.44,15894.000011030585
11601,OK,54.000,0.44,16293.09996496886
11602,OK,81.500,0.44,15431.699983309954
11603,OK,48.700,0.44,15932.500013150275
11604,OK,54.100,0.44,15889.600035734475
11605,OK,53.100,0.44,15926.700027193874
11606,OK,54.800,0.44,15911.200025584549
11607,OK,56.100,0.44,15907.199995126575
11608,OK,53.100,0.44,15868.999995291233
11609,OK,59.800,0.44,15941.400022711605
11610,OK,58.900,0.44,15895.000018645078
11611,OK,55.800,0.44,15915.50000011921
11612,OK,64.500,0.44,15886.900015175343
11613,OK,55.800,0.44,15949.199965689331
11614,OK,49.800,0.44,15851.499978452921
11615,OK,51.400,0.44,15879.90002008155
11616,OK,47.300,0.44,15945.800056215376
11617,OK,49.300,0.44,15903.50002516061
11618,OK,42.200,0.44,15900.400001555681
11619,OK,42.800,0.44,15908.800007309765
11620,OK,45.400,0.44,15925.200015772134
11621,OK,76.800,0.44,15879.000013228506
11622,OK,71.900,0.44,15901.99995553121
11623,OK,45.600,0.44,15909.499954432249
11624,OK,47.500,0.44,15960.599994286895
11625,OK,72.100,0.44,15908.700006548315
11626,OK,56.300,0.44,15927.29997355491
11627,OK,57.200,0.44,15906.39998903498
11628,OK,60.000,0.44,15887.20001745969
11629,OK,58.000,0.44,15860.699990298599
11630,OK,54.800,0.44,15937.299991492182
11631,OK,56.800,0.44,15908.10000197962
11632,OK,54.900,0.44,15912.199974991381
11633,OK,54.800,0.44,15903.799969237298
11634,OK,52.000,0.44,15921.699989121407
11635,OK,57.300,0.44,15906.899992842227
11636,OK,56.600,0.44,15904.89997761324
11637,OK,57.700,0.44,15903.300023637712
11638,OK,57.100,0.44,15895.499964244664
11639,OK,42.200,0.44,15938.099997583777
11640,OK,129.500,0.44,15885.300002992153
11641,OK,56.600,0.44,15845.899994019419
11642,OK,52.800,0.44,15870.000002905726
11643,OK,58.200,0.44,15859.299979638308
11644,OK,72.400,0.44,15912.200033199042
11645,OK,53.700,0.44,15826.300019398332
11646,OK,69.000,0.44,15909.60001340136
11647,OK,45.300,0.44,15877.400001045316
11648,OK,45.400,0.44,15973.699977621436
11649,OK,68.300,0.44,15878.700010944158
11650,OK,71.500,0.44,15903.400024399161
11651,OK,46.000,0.44,15889.799979049712
11652,OK,49.000,0.44,15921.900048851967
11653,OK,57.900,0.44,15943.200036417693
11654,OK,52.300,0.44,15882.79998395592
11655,OK,43.200,0.44,15888.59996991232
11656,OK,42.500,0.44,15951.399982441217
11657,OK,59.000,0.44,15944.399987347424
11658,OK,44.400,0.44,15906.60004876554
11659,OK,44.500,0.44,15907.199995126575
11660,OK,43.400,0.44,15973.900037351996
11661,OK,56.400,0.44,15863.70001314208
11662,OK,55.700,0.44,15914.700052235276
11663,OK,45.000,0.44,15932.900016196072
11664,OK,48.300,0.44,15935.399977024645
11665,OK,53.500,0.44,15929.400047753006
11666,OK,48.100,0.44,15914.899995550513
11667,OK,68.300,0.44,15946.300001814961
11668,OK,53.600,0.44,15856.600017286837
11669,OK,51.600,0.44,15895.299962721765
11670,OK,51.000,0.44,15921.29998607561
11671,OK,53.000,0.44,15911.800030153245
11672,OK,53.400,0.44,15927.600034046918
11673,OK,52.300,0.44,15895.899967290461
11674,OK,52.000,0.44,15916.100004687905
11675,OK,52.100,0.44,15912.899980321527
11676,OK,51.000,0.44,15923.999948427081
11677,OK,55.300,0.44,15928.299981169403
11678,OK,48.600,0.44,15925.90002110228
11679,OK,50.100,0.44,15906.099986750633
11680,OK,58.100,0.44,15875.899989623576
11681,OK,50.800,0.44,15944.499988108873
11682,OK,65.800,0.44,15883.699990808964
11683,OK,48.000,0.44,15865.499968640506
11684,OK,41.800,0.44,16019.799979403615
11685,OK,39.600,0.44,15929.899993352592
11686,OK,44.000,0.44,15892.299998085946
11687,OK,43.100,0.44,15941.000019665807
11688,OK,47.200,0.44,15953.499998431653
11689,OK,54.200,0.44,15900.200000032783
11690,OK,53.000,0.44,15883.500047493726
11691,OK,60.000,0.44,15892.899944446981
11692,OK,58.200,0.44,15956.000017467886
11693,OK,64.000,0.44,15885.500004515052
11694,OK,56.400,0.44,15921.39998683706
11695,OK,55.600,0.44,15836.89998369664
11696,OK,57.000,0.44,15892.499999608845
11697,OK,54.700,0.44,15983.999997843057
11698,OK,108.300,0.44,15787.300013471395
11699,OK,65.000,0.44,15948.199958074838
11700,OK,59.700,0.44,15811.199962627143
11701,OK,60.400,0.44,15913.399984128773
11702,OK,69.000,0.44,15881.999977864325
11703,OK,58.400,0.44,15853.899996727705
11704,OK,65.900,0.44,15869.39999833703
11705,OK,57.000,0.44,15907.799999695271
11706,OK,62.300,0.44,15836.89998369664
11707,OK,51.200,0.44,15868.199989199638
11708,OK,101.800,0.44,15826.400020159781
11709,OK,45.900,0.44,15897.5999802351
11710,OK,29.000,0.44,15959.89998895675
11711,OK,36.200,0.44,15972.99997229129
11712,OK,36.700,0.44,15933.800023049116
11713,OK,36.500,0.44,15960.899996571243
11714,OK,143.900,0.44,15779.699955601245
11715,OK,52.700,0.44,15916.400006972253
11716,OK,53.900,0.44,15910.000016447157
11717,OK,55.700,0.44,15916.400006972253
11718,OK,58.700,0.44,15905.799984466285
11719,OK,70.600,0.44,15879.500017035753
11720,OK,66.400,0.44,15876.399993430823
11721,OK,73.500,0.44,15819.799969904125
11722,OK,81.900,0.44,15871.10001128167
11723,OK,91.900,0.44,15861.199994105846
11724,OK,90.700,0.44,15859.400038607419
11725,OK,73.900,0.44,15889.300033450127
11726,OK,72.400,0.44,15926.100022625178
11727,OK,132.900,0.44,15788.599965162575
11728,OK,79.900,0.44,15932.800015434623
11729,OK,93.900,0.44,15871.700015850365
11730,OK,158.400,0.44,15828.199975658208
11731,OK,118.600,0.44,15719.100018031895
11732,OK,92.600,0.44,15882.899984717369
11733,OK,95.500,0.44,15797.599975485355
11734,OK,79.500,0.44,15912.999981082976
11735,OK,92.000,0.44,15836.79998293519
11736,OK,96.900,0.44,15855.900011956692
11737,OK,77.900,0.44,15819.600026588887
11738,OK,92.000,0.44,15924.800012726337
11739,OK,78.700,0.44,15851.100033614784
11740,OK,82.600,0.44,15881.000028457493
11741,OK,78.400,0.44,15843.600034713745
11742,OK,76.800,0.44,15876.699995715171
11743,OK,78.500,0.44,15854.199999012053
11744,OK,81.900,0.44,15906.60004876554
11745,OK,70.900,0.44,15796.999970916659
11746,OK,76.700,0.44,15880.100021604449
11747,OK,70.500,0.44,15888.499969150871
11748,OK,75.500,0.44,15858.99997735396
11749,OK,81.100,0.44,15974.299982190132
11750,OK,127.000,0.44,15818.100015167147
11751,OK,170.100,0.44,15604.100015480071
11752,OK,95.300,0.44,15852.699987590313
11753,OK,69.100,0.44,15896.20002778247
11754,OK,59.700,0.44,15904.900035820901
11755,OK,57.800,0.44,15908.200002741069
11756,OK,51.000,0.44,15931.100002489984
11757,OK,50.800,0.44,15913.699986413121
11758,OK,55.600,0.44,15879.69996035099
11759,OK,52.900,0.44,15960.300050210208
11760,OK,58.100,0.44,15938.900003675371
11761,OK,55.500,0.44,15902.700019069016
11762,OK,71.600,0.44,15890.19998209551
11763,OK,68.100,0.44,15870.100003667176
11764,OK,120.800,0.44,15830.000047571957
11765,OK,59.300,0.44,15892.800001893193
11766,OK,58.800,0.44,15916.999953333288
11767,OK,56.300,0.44,15903.899969998747
11768,OK,55.800,0.44,15834.900026675314
11769,OK,45.400,0.44,15975.399990566075
11770,OK,48.500,0.44,15915.600000880659
11771,OK,48.900,0.44,15966.499981004745
11772,OK,57.500,0.44,15859.199978876859
11773,OK,43.200,0.44,15911.700029391795
11774,OK,56.300,0.44,15951.499983202666
11775,OK,71.900,0.44,15872.800024226308
11776,OK,41.000,0.44,15919.100027531385
11777,OK,54.500,0.44,15934.60002914071
11778,OK,223.300,0.44,15733.400010503829
11779,OK,43.000,0.44,15913.099981844425
11780,OK,71.200,0.44,15883.699990808964
11781,OK,78.000,0.44,15745.899989269674
11782,OK,66.900,0.44,16107.000003103167
11783,OK,116.600,0.44,15734.000015072525
11784,OK,113.600,0.44,15898.799989372492
11785,OK,156.700,0.44,15586.199995595962
11786,OK,103.400,0.44,15666.200022678822
11787,OK,63.900,0.44,16005.399986170232
11788,OK,112.800,0.44,15638.899989426136
11789,OK,76.000,0.44,16375.200008042157
11790,OK,108.200,0.44,15541.300002951175
11791,OK,110.500,0.44,16190.499998629093
11792,OK,112.300,0.44,15761.599992401898
11793,OK,121.900,0.44,15806.299983523786
11794,OK,133.000,0.44,15902.00001373887
11795,OK,133.900,0.44,15712.699969299138
11796,OK,130.700,0.44,15903.000021353364
11797,OK,124.600,0.44,15362.69998177886
11798,OK,118.800,0.44,16042.500035837293
11799,OK,62.200,0.44,15528.000018093735
11800,OK,61.100,0.44,16219.599987380207
11801,OK,91.300,0.44,15460.099966730922
11802,OK,333.700,0.44,15735.799970570952
11803,OK,169.300,0.44,15657.699957955629
11804,OK,113.500,0.44,15822.800050955266
11805,OK,109.300,0.44,15659.900032915175
11806,OK,61.200,0.44,15818.000014405698
11807,OK,48.000,0.44,16179.800033569336
11808,OK,46.500,0.44,15941.89996831119
11809,OK,47.000,0.44,15898.700046818703
11810,OK,57.300,0.44,16016.799956560135
11811,OK,75.300,0.44,15885.999950114638
11812,OK,63.000,0.44,15924.500010441989
11813,OK,70.700,0.44,15887.100016698241
11814,OK,81.000,0.44,16139.20001545921
11815,OK,132.200,0.44,15748.200006783009
11816,OK,360.200,0.44,15476.700034923851
11817,OK,186.400,0.44,15313.500014599413
11818,OK,101.700,0.44,15796.500025317073
11819,OK,97.500,0.44,16317.400033585727
11820,OK,115.500,0.44,15613.900031894445
11821,OK,178.500,0.44,15685.199992731214
11822,OK,182.900,0.44,15498.400025535375
11823,OK,155.800,0.44,15742.599964141846
11824,OK,200.400,0.44,15696.10001752153
11825,OK,105.500,0.44,15750.499966088682
11826,OK,100.100,0.44,15796.69996863231
11827,OK,111.700,0.44,15764.09995323047
11828,OK,135.100,0.44,15779.400011524558
11829,OK,99.100,0.44,15946.800005622208
11830,OK,123.400,0.44,16066.099982708693
11831,OK,105.200,0.44,15503.100003115833
11832,OK,179.900,0.44,15766.599972266704
11833,OK,135.300,0.44,15754.899999592453
11834,OK,132.900,0.44,15972.99997229129
11835,OK,181.700,0.44,15441.29999820143
11836,OK,131.300,0.44,15971.69996239245
11837,OK,136.800,0.44,15997.599984984845
11838,OK,138.900,0.44,15405.200014356524
11839,OK,132.500,0.44,15769.399993587285
11840,OK,132.300,0.44,16338.699962943792
11841,OK,138.900,0.44,15551.500022411346
11842,OK,133.800,0.44,15815.499995369464
11843,OK,135.300,0.44,15312.40000622347
11844,OK,196.800,0.44,15849.100018385798
11845,OK,141.200,0.44,15661.599987652153
11846,OK,133.100,0.44,15814.999991562217
11847,OK,156.600,0.44,15518.30000244081
11848,OK,111.200,0.44,16025.699966121465
11849,OK,131.300,0.44,16097.69999049604
11850,OK,138.700,0.44,15565.000008791685
11851,OK,139.800,0.44,15602.400002535433
11852,OK,228.400,0.44,15688.300016336143
11853,OK,93.500,0.44,15719.300019554794
11854,OK,61.100,0.44,16270.89997055009
11855,OK,82.500,0.44,15566.600020974874
11856,OK,87.400,0.44,15805.600036401302
11857,OK,110.300,0.44,16268.699953798205
11858,OK,142.000,0.44,15489.200013689697
11859,OK,144.400,0.44,15978.499955963343
11860,OK,141.600,0.44,15827.399969566613
11861,OK,133.600,0.44,15948.500018566847
11862,OK,146.800,0.44,15800.900000613183
11863,OK,146.400,0.44,15607.499983161688
11864,OK,136.700,0.44,15867.99998767674
11865,OK,134.800,0.44,15689.199964981526
11866,OK,135.100,0.44,15769.300051033497
11867,OK,136.100,0.44,15811.400022357702
11868,OK,136.600,0.44,15426.6000026837
11869,OK,134.400,0.44,15646.699990611523
11870,OK,82.400,0.44,15852.399985305965
11871,OK,75.900,0.44,15848.49995560944
11872,OK,58.800,0.44,15952.49999081716
11873,OK,41.500,0.44,16180.299979168922
11874,OK,52.800,0.44,15726.500016171485
11875,OK,117.900,0.44,15837.299986742437
11876,OK,106.600,0.44,15941.799967549741
11877,OK,95.400,0.44,16115.800011903048
11878,OK,123.700,0.44,15592.099982313812
11879,OK,135.600,0.44,16046.900011133403
11880,OK,151.000,0.44,15357.099997345358
11881,OK,132.600,0.44,15718.700014986098
11882,OK,126.800,0.44,15726.500016171485
11883,OK,103.300,0.44,15811.200020834804
11884,OK,76.400,0.44,15919.79997465387
11885,OK,123.900,0.44,15684.30004408583
11886,OK,76.100,0.44,15814.799990039319
11887,OK,37.600,0.44,15943.400037940592
11888,OK,74.400,0.44,15916.599950287491
11889,OK,70.800,0.44,15909.699955955148
11890,OK,42.300,0.44,15927.899978123605
11891,OK,43.000,0.44,15911.200025584549
11892,OK,58.400,0.44,15946.50000333786
11893,OK,62.600,0.44,15896.199969574809
11894,OK,43.100,0.44,15910.399961285293
11895,OK,45.800,0.44,15932.100010104477
11896,OK,48.500,0.44,15931.70000705868
11897,OK,46.400,0.44,15908.200002741069
11898,OK,49.500,0.44,15916.300006210804
11899,OK,45.300,0.44,16030.90000571683
11900,OK,72.800,0.44,15804.899972863495
11901,OK,42.700,0.44,15807.699994184077
11902,OK,73.900,0.44,16033.500025514513
11903,OK,65.400,0.44,15771.400008816272
11904,OK,49.500,0.44,15849.799965508282
11905,OK,43.500,0.44,15887.499961536378
11906,OK,34.600,0.44,15955.800015944988
11907,OK,37.600,0.44,15888.999972958118
11908,OK,39.600,0.44,15931.70000705868
11909,OK,34.800,0.44,15962.69995206967
11910,OK,43.200,0.44,15917.700016871095
11911,OK,38.300,0.44,15941.199962981045
11912,OK,41.000,0.44,15927.399974316359
11913,OK,34.700,0.44,15967.499988619238
11914,OK,48.200,0.44,15927.700034808367
11915,OK,55.400,0.44,15946.700004860759
11916,OK,46.400,0.44,15951.099980156869
11917,OK,52.200,0.44,15888.70002888143
11918,OK,48.700,0.44,15923.300001304597
11919,OK,49.700,0.44,15928.099979646504
11920,OK,52.700,0.44,15951.399982441217
11921,OK,96.800,0.44,15784.89999519661
11922,OK,66.200,0.44,15904.400032013655
11923,OK,357.900,0.44,15435.200009960681
11924,OK,98.400,0.44,15866.699977777898
11925,OK,70.400,0.44,15942.10002804175
11926,OK,65.800,0.44,15848.899958655238
11927,OK,44.400,0.44,15976.09999589622
11928,OK,49.100,0.44,15894.200012553483
11929,OK,53.300,0.44,15917.00001154095
11930,OK,50.700,0.44,15971.200016792864
11931,OK,54.600,0.44,15815.699996892363
11932,OK,53.900,0.44,15919.80003286153
11933,OK,56.300,0.44,15935.799980070442
11934,OK,54.100,0.44,15900.099999271333
11935,OK,52.400,0.44,15916.300006210804
11936,OK,49.200,0.44,15922.299993690103
11937,OK,52.000,0.44,15865.899971686304
11938,OK,49.400,0.44,15899.899997748435
11939,OK,52.800,0.44,15892.299998085946
11940,OK,47.600,0.44,16018.499969504774
11941,OK,50.900,0.44,15832.300006877631
11942,OK,58.900,0.44,15900.900005362928
11943,OK,49.500,0.44,15967.000043019652
11944,OK,50.500,0.44,15910.599962808192
11945,OK,51.700,0.44,15858.000027947128
11946,OK,50.100,0.44,15975.899994373322
11947,OK,53.300,0.44,15884.40005434677
11948,OK,51.900,0.44,15876.399993430823
11949,OK,44.400,0.44,15979.1000187397
11950,OK,51.700,0.44,15868.299989961088
11951,OK,51.500,0.44,15953.499998431653
11952,OK,53.200,0.44,15885.000000707805
11953,OK,53.700,0.44,15870.000002905726
11954,OK,56.500,0.44,15931.60000629723
11955,OK,53.400,0.44,15877.900004852563
11956,OK,44.000,0.44,15949.100023135543
11957,OK,53.100,0.44,15987.79996857047
11958,OK,44.400,0.44,15851.399977691472
11959,OK,56.800,0.44,15952.099987771362
11960,OK,60.100,0.44,15880.299964919686
11961,OK,45.800,0.44,15957.699972204864
11962,OK,48.600,0.44,15891.999995801598
11963,OK,52.700,0.44,15923.300001304597
11964,OK,55.800,0.44,15910.699963569641
11965,OK,89.800,0.44,15786.200005095452
11966,OK,74.800,0.44,15931.60000629723
11967,OK,45.000,0.44,15970.799955539405
11968,OK,58.200,0.44,15850.40002828464
11969,OK,55.200,0.44,15999.80000173673
11970,OK,69.000,0.44,15871.099953074008
11971,OK,52.500,0.44,15892.199997324497
11972,OK,51.400,0.44,15948.700020089746
11973,OK,56.700,0.44,15828.00003234297
11974,OK,47.900,0.44,15940.899960696697
11975,OK,51.500,0.44,15935.899980831891
11976,OK,52.200,0.44,15918.29996323213
11977,OK,133.300,0.44,15790.79998191446
11978,OK,54.500,0.44,15935.200033709407
11979,OK,51.800,0.44,15898.399986326694
11980,OK,51.600,0.44,15923.900005873293
11981,OK,70.500,0.44,15866.999980062246
11982,OK,60.900,0.44,15767.799981404096
11983,OK,39.200,0.44,16065.799980424345
11984,OK,52.200,0.44,15915.099997073412
11985,OK,53.900,0.44,15889.700036495924
11986,OK,71.800,0.44,15845.899994019419
11987,OK,50.400,0.44,15919.099969323725
11988,OK,50.100,0.44,15914.499992504716
11989,OK,50.100,0.44,15890.999988187104
11990,OK,58.500,0.44,15963.599958922714
11991,OK,47.900,0.44,15933.700022287667
11992,OK,48.800,0.44,15869.099996052682
11993,OK,66.500,0.44,15888.300025835633
11994,OK,49.800,0.44,15980.000025592744
11995,OK,57.200,0.44,15908.10000197962
11996,OK,76.500,0.44,15895.900025498122
11997,OK,52.700,0.44,15906.49998979643
11998,OK,50.200,0.44,15918.100019916892
11999,OK,54.300,0.44,15889.199974481016
12000,OK,51.700,0.44,15921.19998531416
12001,OK,46.100,0.44,15770.500001963228
12002,OK,47.700,0.44,15905.899985227734
12003,OK,39.000,0.44,15941.299963742495
12004,OK,34.800,0.44,15900.900005362928
12005,OK,41.700,0.44,15961.29999961704
12006,OK,33.900,0.44,15952.29998929426
12007,OK,49.400,0.44,15916.000003926456
12008,OK,45.200,0.44,15869.299997575581
12009,OK,50.800,0.44,15960.499993525445
12010,OK,44.400,0.44,15916.500007733703
12011,OK,44.600,0.44,15996.79997889325
12012,OK,108.300,0.44,15731.899999082088
12013,OK,60.900,0.44,15926.900028716773
12014,OK,46.600,0.44,15958.499978296459
12015,OK,50.000,0.44,15926.399966701865
12016,OK,52.400,0.44,15890.19998209551
12017,OK,68.400,0.44,15893.599949777126
12018,OK,56.900,0.44,15929.999994114041
12019,OK,50.000,0.44,15936.299983877689
12020,OK,86.300,0.44,15840.200008824468
12021,OK,59.100,0.44,15870.600007474422
12022,OK,49.400,0.44,15926.999971270561
12023,OK,54.300,0.44,15948.200016282499
12024,OK,47.200,0.44,15815.899998415262
12025,OK,49.000,0.44,16044.099989812821
12026,OK,54.300,0.44,15895.300020929426
12027,OK,54.200,0.44,15915.700001642108
12028,OK,49.800,0.44,15916.400006972253
12029,OK,52.500,0.44,15886.400011368096
12030,OK,105.300,0.44,15789.999975822866
12031,OK,42.400,0.44,15918.800025247037
12032,OK,43.500,0.44,16006.499994546175
12033,OK,53.300,0.44,15906.199987512082
12034,OK,75.300,0.44,15848.099952563643
12035,OK,94.200,0.44,15816.800005268306
12036,OK,85.300,0.44,15840.699954424053
12037,OK,54.800,0.44,15939.400007482618
12038,OK,75.100,0.44,15863.800013903528
12039,OK,69.100,0.44,15876.199991907924
12040,OK,70.800,0.44,15859.499981161207
12041,OK,71.600,0.44,15882.999985478818
12042,OK,70.300,0.44,15907.599998172373
12043,OK,72.200,0.44,15844.19998107478
12044,OK,71.200,0.44,15889.300033450127
12045,OK,61.600,0.44,15938.399999868125
12046,OK,78.700,0.44,15848.799957893789
12047,OK,78.300,0.44,15915.700001642108
12048,OK,76.000,0.44,15862.200001720339
12049,OK,75.200,0.44,15863.800013903528
12050,OK,77.400,0.44,15908.00000121817
12051,OK,94.700,0.44,15830.099990125746
12052,OK,92.300,0.44,16517.999989446253
12053,OK,97.800,0.44,15187.500044703484
12054,OK,81.800,0.44,15855.499950703233
12055,OK,61.800,0.44,15907.599998172373
12056,OK,82.100,0.44,15838.699997402728
12057,OK,66.400,0.44,15891.299990471452
12058,OK,81.900,0.44,15876.099991146475
12059,OK,70.500,0.44,15868.599992245436
12060,OK,86.100,0.44,15901.200007647276
12061,OK,87.500,0.44,15909.799956716597
12062,OK,123.100,0.44,15843.499975744635
12063,OK,163.700,0.44,15566.600020974874
12064,OK,49.300,0.44,15913.499984890223
12065,OK,49.000,0.44,15896.799974143505
12066,OK,47.600,0.44,15897.500037681311
12067,OK,34.800,0.44,15945.900056976825
12068,OK,32.700,0.44,16000.999952666461
12069,OK,53.500,0.44,15973.800036590546
12070,OK,37.500,0.44,15918.499964755028
12071,OK,42.100,0.44,15916.400006972253
12072,OK,125.500,0.44,15778.300003148615
12073,OK,47.600,0.44,15932.700014673173
12074,OK,52.400,0.44,15912.999981082976
12075,OK,79.700,0.44,15953.099995385855
12076,OK,73.000,0.44,15805.200033355504
12077,OK,57.600,0.44,15958.699979819357
12078,OK,77.600,0.44,15815.399994608015
12079,OK,72.200,0.44,15903.49996695295
12080,OK,122.700,0.44,15763.900009915233
12081,OK,78.900,0.44,15878.100006375462
12082,OK,60.600,0.44,15912.200033199042
12083,OK,52.000,0.44,15896.799974143505
12084,OK,57.200,0.44,15903.200022876263
12085,OK,48.900,0.44,15891.69999351725
12086,OK,38.200,0.44,15987.79996857047
12087,OK,45.100,0.44,15791.799989528954
12088,OK,48.500,0.44,16021.699993871152
12089,OK,40.700,0.44,16203.300037886947
12090,OK,44.300,0.44,15872.60002270341
12091,OK,56.400,0.44,15773.700026329607
12092,OK,64.500,0.44,16058.699984569103
12093,OK,81.700,0.44,15844.50004156679
12094,OK,91.900,0.44,15677.899995353073
12095,OK,81.200,0.44,15799.000044353306
12096,OK,67.300,0.44,15924.600011203438
12097,OK,51.100,0.44,15897.399978712201
12098,OK,53.300,0.44,16061.200003605336
12099,OK,55.800,0.44,15736.699977423996
12100,OK,44.400,0.44,16196.90004736185
12101,OK,62.400,0.44,15746.39999307692
12102,OK,61.700,0.44,15702.900011092424
12103,OK,80.800,0.44,15885.200002230704
12104,OK,56.900,0.44,16105.999995488673
12105,OK,116.600,0.44,16027.500038035214
12106,OK,146.600,0.44,14966.300048399717
12107,OK,65.400,0.44,15921.699989121407
12108,OK,103.400,0.44,16043.799987528473
12109,OK,179.100,0.44,15524.499991443008
12110,OK,76.200,0.44,15845.099987927824
12111,OK,85.100,0.44,15822.599991224706
12112,OK,70.800,0.44,16079.80002881959
12113,OK,109.300,0.44,15787.200012709945
12114,OK,93.100,0.44,15990.300045814365
12115,OK,94.900,0.44,15876.199991907924
12116,OK,70.600,0.44,15670.90000025928
12117,OK,57.600,0.44,15866.299974732101
12118,OK,52.200,0.44,16286.699974443763
12119,OK,67.600,0.44,15525.099996011704
12120,OK,82.700,0.44,15807.899995706975
12121,OK,48.000,0.44,15991.599997505546
12122,OK,51.700,0.44,15908.10000197962
12123,OK,50.600,0.44,16245.500009972602
12124,OK,63.200,0.44,15463.59999338165
12125,OK,50.900,0.44,15963.100013323128
12126,OK,58.700,0.44,15862.900007050484
12127,OK,46.600,0.44,15953.299996908754
12128,OK,55.300,0.44,15958.300034981221
12129,OK,216.700,0.44,15719.79996515438
12130,OK,65.300,0.44,16067.399992607534
12131,OK,113.400,0.44,15707.400045357645
12132,OK,205.400,0.44,15439.69998601824
12133,OK,83.800,0.44,15774.199971929193
12134,OK,75.200,0.44,15980.899974238127
12135,OK,231.600,0.44,15696.600021328777
12136,OK,85.300,0.44,15989.999985322356
12137,OK,177.400,0.44,15722.499985713512
12138,OK,184.100,0.44,15649.300010409206
12139,OK,113.400,0.44,15580.699953716248
12140,OK,80.900,0.44,15844.599984120578
12141,OK,112.500,0.44,15863.699954934418
12142,OK,59.500,0.44,15848.600014578551
12143,OK,62.300,0.44,15867.500042077154
12144,OK,58.400,0.44,15946.50000333786
12145,OK,71.000,0.44,15882.599982433021
12146,OK,84.100,0.44,15849.500021431595
12147,OK,59.500,0.44,15922.100050374866
12148,OK,73.200,0.44,15893.800009507686
12149,OK,51.400,0.44,15874.800039455295
12150,OK,70.500,0.44,15865.600027609617
12151,OK,85.700,0.44,15869.099996052682
12152,OK,69.300,0.44,15944.89999115467
12153,OK,86.600,0.44,15880.599967204034
12154,OK,222.800,0.44,15889.499976765364
12155,OK,72.200,0.44,15646.599989850074
12156,OK,66.100,0.44,16002.80002458021
12157,OK,78.600,0.44,16247.30002367869
12158,OK,60.800,0.44,15337.699966039509
12159,OK,114.700,0.44,15819.499967619777
12160,OK,99.500,0.44,15886.500012129545
12161,OK,87.900,0.44,15749.499958474189
12162,OK,56.800,0.44,15908.300003502518
12163,OK,58.700,0.44,15936.899988446385
12164,OK,61.800,0.44,15856.599959079176
12165,OK,49.900,0.44,15925.000014249235
12166,OK,54.500,0.44,15887.30001822114
12167,OK,72.100,0.44,15931.200003251433
12168,OK,60.800,0.44,15900.70000384003
12169,OK,62.900,0.44,15901.000006124377
12170,OK,63.000,0.44,15891.7999942787
12171,OK,84.400,0.44,15832.200006116182
12172,OK,58.700,0.44,15897.5999802351
12173,OK,66.100,0.44,15900.300000794232
12174,OK,82.200,0.44,15884.19999461621
12175,OK,63.900,0.44,16047.999961301684
12176,OK,60.800,0.44,15727.699967101216
12177,OK,47.700,0.44,15934.500028379261
12178,OK,48.100,0.44,15947.400010190904
12179,OK,57.700,0.44,15905.599982943386
12180,OK,76.600,0.44,15856.399957556278
12181,OK,54.500,0.44,16178.400022909045
12182,OK,109.400,0.44,15874.999982770532
12183,OK,81.600,0.44,15342.700004111975
12184,OK,66.000,0.44,15845.69999249652
12185,OK,103.500,0.44,15918.899967800826
12186,OK,116.500,0.44,15844.600042328238
12187,OK,63.100,0.44,15829.400043003261
12188,OK,72.100,0.44,16093.20001443848
12189,OK,200.000,0.44,15476.300031878054
12190,OK,57.400,0.44,16046.999953687191
12191,OK,66.500,0.44,15821.89998589456
12192,OK,58.600,0.44,15904.799976851791
12193,OK,54.300,0.44,15895.200020167977
12194,OK,44.800,0.44,15909.300011117011
12195,OK,59.600,0.44,15903.000021353364
12196,OK,53.200,0.44,15903.300023637712
12197,OK,62.600,0.44,15917.699958663434
12198,OK,57.100,0.44,15886.400011368096
12199,OK,58.800,0.44,15887.899964582175
12200,OK,64.400,0.44,15923.200000543147
12201,OK,80.700,0.44,15736.500034108758
12202,OK,73.600,0.44,16223.50001707673
12203,OK,60.400,0.44,15569.599985610694
12204,OK,50.800,0.44,15885.400003753603
12205,OK,59.100,0.44,15945.699997246265
12206,OK,50.100,0.44,15876.89999723807
12207,OK,65.600,0.44,15864.800021518022
12208,OK,46.800,0.44,15969.800006132573
12209,OK,48.200,0.44,15927.19997279346
12210,OK,51.900,0.44,15872.699965257198
12211,OK,61.200,0.44,15916.80001001805
12212,OK,100.300,0.44,15836.999984458089
12213,OK,85.300,0.44,15866.999980062246
12214,OK,95.600,0.44,15801.000001374632
12215,OK,52.100,0.44,15929.699991829693
12216,OK,64.200,0.44,15862.00000019744
12217,OK,43.100,0.44,16027.000034227967
12218,OK,54.400,0.44,15934.199967887253
12219,OK,54.600,0.44,15893.20000493899
12220,OK,161.500,0.44,15784.89999519661
12221,OK,83.500,0.44,15849.499963223934
12222,OK,86.100,0.44,15849.599963985384
12223,OK,50.300,0.44,15918.200020678341
12224,OK,52.200,0.44,15884.699998423457
12225,OK,48.900,0.44,15897.000033874065
12226,OK,45.600,0.44,15910.499962046742
12227,OK,67.900,0.44,15924.000006634742
12228,OK,64.500,0.44,15856.000012718141
12229,OK,54.600,0.44,15961.099998094141
12230,OK,47.100,0.44,15851.400035899132
12231,OK,62.600,0.44,15908.800007309765
12232,OK,71.600,0.44,15901.300008408725
12233,OK,50.600,0.44,15918.800025247037
12234,OK,51.000,0.44,16002.200020011514
12235,OK,68.800,0.44,15751.500031910837
12236,OK,123.600,0.44,15947.300009429455
12237,OK,111.700,0.44,15712.800028268248
12238,OK,71.700,0.44,15893.500007223338
12239,OK,67.100,0.44,15871.300012804568
12240,OK,46.900,0.44,15926.099964417517
12241,OK,44.800,0.44,15922.199992928654
12242,OK,42.500,0.44,15991.599997505546
12243,OK,49.200,0.44,15937.49999301508
12244,OK,60.000,0.44,15908.800007309765
12245,OK,96.500,0.44,15653.599984943867
12246,OK,85.600,0.44,15967.599989380687
12247,OK,61.000,0.44,15902.500017546117
12248,OK,61.100,0.44,15826.899965759367
12249,OK,54.300,0.44,15964.699967298657
12250,OK,150.300,0.44,15773.699968121946
12251,OK,53.600,0.44,15823.099995031953
12252,OK,55.100,0.44,15939.400007482618
12253,OK,65.800,0.44,15896.999975666404
12254,OK,57.300,0.44,15956.299961544573
12255,OK,51.000,0.44,15866.199973970652
12256,OK,50.000,0.44,15851.59997921437
12257,OK,47.900,0.44,15896.30002854392
12258,OK,52.600,0.44,15909.100009594113
12259,OK,48.800,0.44,15923.600003588945
12260,OK,46.800,0.44,15921.499987598509
12261,OK,69.000,0.44,15913.599985651672
12262,OK,108.900,0.44,15833.500016015023
12263,OK,55.600,0.44,15941.400022711605
12264,OK,54.500,0.44,15913.200040813535
12265,OK,66.700,0.44,15789.900033269078
12266,OK,45.500,0.44,15943.799982778728
12267,OK,81.200,0.44,15859.999984968454
12268,OK,61.400,0.44,15893.800009507686
12269,OK,77.600,0.44,15849.300019908696
12270,OK,61.400,0.44,15944.099985063076
12271,OK,78.600,0.44,15850.30002752319
12272,OK,81.100,0.44,15799.500048160553
12273,OK,88.800,0.44,15928.59998345375
12274,OK,120.100,0.44,15756.999957375228
12275,OK,49.500,0.44,15934.199967887253
12276,OK,55.700,0.44,15913.400042336434
12277,OK,74.800,0.44,15878.700010944158
12278,OK,72.900,0.44,15864.100016187876
12279,OK,60.200,0.44,15901.200007647276
12280,OK,79.300,0.44,15875.40004402399
12281,OK,63.900,0.44,15932.400012388825
12282,OK,78.900,0.44,15885.90000756085
12283,OK,89.300,0.44,15770.800004247576
12284,OK,95.300,0.44,15835.100028198212
12285,OK,82.100,0.44,15881.000028457493
12286,OK,108.900,0.44,15727.20002150163
12287,OK,154.300,0.44,15735.99997209385
12288,OK,102.100,0.44,15998.50005004555
12289,OK,125.300,0.44,15670.79999949783
12290,OK,204.300,0.44,15711.900021415204
12291,OK,141.400,0.44,15782.499976921827
12292,OK,111.000,0.44,15696.699963882565
12293,OK,70.200,0.44,16199.80001123622
12294,OK,232.900,0.44,15616.900054737926
12295,OK,165.200,0.44,15420.900017488748
12296,OK,97.200,0.44,15836.400038097054
12297,OK,112.000,0.44,15803.400019649416
12298,OK,80.400,0.44,15875.899989623576
12299,OK,229.800,0.44,15691.80004298687
12300,OK,84.800,0.44,15903.200022876263
12301,OK,158.900,0.44,16217.200027313083
12302,OK,247.300,0.44,15393.79998575896
12303,OK,238.900,0.44,15104.99999858439
12304,OK,93.500,0.44,15955.499955452979
12305,OK,99.500,0.44,15680.300013627857
12306,OK,106.500,0.44,15959.099982865155
12307,OK,148.300,0.44,16046.800010371953
12308,OK,115.300,0.44,14852.799999061972
12309,OK,99.400,0.44,15804.100024979562
12310,OK,213.400,0.44,19965.799991041422
12311,OK,231.900,0.44,17110.200016759336
12312,OK,214.700,0.44,9984.199947211891
12313,OK,110.100,0.44,15676.499984692782
12314,OK,96.500,0.44,15864.000015426427
12315,OK,100.300,0.44,15762.80000153929
12316,OK,62.200,0.44,15925.600018817931
12317,OK,68.800,0.44,15887.19995925203
12318,OK,78.000,0.44,15895.599965006113
12319,OK,74.000,0.44,15851.59997921437
12320,OK,111.700,0.44,15819.999971427023
12321,OK,113.000,0.44,15857.000020332634
12322,OK,95.600,0.44,15827.89997337386
12323,OK,94.300,0.44,15830.400050617754
12324,OK,104.900,0.44,15894.80001712218
12325,OK,138.100,0.44,15755.800006445497
12326,OK,154.400,0.44,15685.299993492663
12327,OK,84.300,0.44,15830.399992410094
12328,OK,90.900,0.44,15892.800001893193
12329,OK,97.400,0.44,15796.000021509826
12330,OK,95.800,0.44,15869.900002144277
12331,OK,90.500,0.44,15742.500021588057
12332,OK,92.900,0.44,15842.400025576353
12333,OK,94.300,0.44,16339.999972842634
12334,OK,111.500,0.44,26896.000024862587
12335,OK,295.200,0.44,4314.599966164678
12336,OK,116.800,0.44,16477.400029543787
12337,OK,368.100,0.44,14836.499991361052
12338,OK,149.300,0.44,15527.899959124625
12339,OK,183.700,0.44,13423.099997453392
12340,OK,94.800,0.44,15915.600000880659
12341,OK,147.400,0.44,17278.40001694858
12342,OK,220.000,0.44,14284.20003503561
12343,OK,238.400,0.44,26676.19998101145
12344,OK,214.400,0.44,14159.500016830862
12345,OK,108.500,0.44,9147.799981292337
12346,OK,94.200,0.44,13197.100022807717
12347,OK,114.900,0.44,21079.399972222745
12348,OK,93.500,0.44,12490.299995988607
12349,OK,113.300,0.44,14735.99998280406
12350,OK,120.000,0.44,19022.49996783212
12351,OK,112.400,0.44,15473.300009034574
12352,OK,94.100,0.44,12059.400032740086
12353,OK,103.900,0.44,15679.299947805703
12354,OK,111.800,0.44,15844.800043851137
12355,OK,106.900,0.44,15738.299989607185
12356,OK,97.200,0.44,15854.500001296401
12357,OK,97.100,0.44,15836.099977605045
12358,OK,95.600,0.44,17397.499992512167
12359,OK,129.600,0.44,14564.10001264885
12360,OK,122.500,0.44,15456.09999448061
12361,OK,102.800,0.44,15922.200051136315
12362,OK,109.900,0.44,16990.499978419393
12363,OK,107.300,0.44,15599.000034853816
12364,OK,125.000,0.44,14220.200013369322
12365,OK,114.100,0.44,15866.299974732101
12366,OK,102.000,0.44,15925.90002110228
12367,OK,139.500,0.44,15657.899959478527
12368,OK,117.300,0.44,15769.099991302937
12369,OK,105.300,0.44,15831.900003831834
12370,OK,100.100,0.44,16006.599995307624
12371,OK,115.500,0.44,17147.90001278743
12372,OK,120.500,0.44,15630.800044164062
12373,OK,114.300,0.44,14388.399955350906
12374,OK,123.400,0.44,15952.899993862957
12375,OK,96.000,0.44,15614.59997901693
12376,OK,117.400,0.44,15801.000001374632
12377,OK,90.700,0.44,15960.00004792586
12378,OK,94.400,0.44,15761.799993924797
12379,OK,108.700,0.44,15833.600016776472
12380,OK,104.400,0.44,15907.699998933822
12381,OK,263.700,0.44,16647.899989038706
12382,OK,661.600,0.44,14084.999973420054
12383,OK,101.400,0.44,16177.699959371239
12384,OK,219.700,0.44,15320.500009693205
12385,OK,266.300,0.44,16222.700010985136
12386,OK,727.300,0.44,15160.699957050383
12387,OK,189.200,0.44,14785.500010475516
12388,OK,142.800,0.44,16033.699968829751
12389,OK,103.300,0.44,15619.300014805049
12390,OK,282.500,0.44,15652.099973522127
12391,OK,121.200,0.44,15783.59998529777
12392,OK,121.500,0.44,15803.499962203205
12393,OK,105.300,0.44,16036.000044550747
12394,OK,115.300,0.44,15505.400020629168
12395,OK,74.000,0.44,15771.500009577721
12396,OK,96.100,0.44,16389.199998229742
12397,OK,113.500,0.44,15545.0000311248
12398,OK,105.300,0.44,15539.299987722188
12399,OK,151.400,0.44,15757.500019390136
12400,OK,99.700,0.44,15884.699998423457
12401,OK,336.700,0.44,15483.499970287085
12402,OK,112.800,0.44,15648.000000510365
12403,OK,259.600,0.44,16591.899970080703
12404,OK,214.600,0.44,14708.700007759035
12405,OK,185.400,0.44,18070.099991746247
12406,OK,211.000,0.44,13183.19997517392
12407,OK,180.700,0.44,17568.90001706779
12408,OK,209.500,0.44,16578.699985984713
12409,OK,266.600,0.44,16406.99995914474
12410,OK,154.100,0.44,13831.600022967905
12411,OK,127.800,0.44,14294.199994765222
12412,OK,95.700,0.44,15940.699959173799
12413,OK,110.700,0.44,17084.999999497086
12414,OK,89.400,0.44,14684.900001157075
12415,OK,101.600,0.44,22630.999970715493
12416,OK,120.700,0.44,12775.000010151416
12417,OK,180.700,0.44,12852.099956944585
12418,OK,517.500,0.44,14923.499955330044
12419,OK,237.800,0.44,13972.600048873574
12420,OK,106.900,0.44,15719.399962108582
12421,OK,107.100,0.44,16375.900013372302
12422,OK,1490.500,0.44,14474.999974481761
12423,OK,309.100,0.44,14502.400008495897
12424,OK,126.500,0.44,15775.899984873831
12425,OK,102.500,0.44,15843.00003014505
12426,OK,108.800,0.44,15820.199972949922
12427,OK,77.600,0.44,15818.799962289631
12428,OK,74.600,0.44,15883.200045209378
12429,OK,92.700,0.44,16889.299964532256
12430,OK,119.400,0.44,14912.699989508837
12431,OK,137.300,0.44,15888.799971435219
12432,OK,143.500,0.44,15518.700005486608
12433,OK,109.500,0.44,15933.999966364354
12434,OK,142.600,0.44,15596.399956848472
12435,OK,111.900,0.44,15752.199979033321
12436,OK,122.700,0.44,15797.299973201007
12437,OK,108.200,0.44,15762.90000230074
12438,OK,112.800,0.44,15868.099988438189
12439,OK,108.800,0.44,15807.399991899729
12440,OK,228.600,0.44,15562.899992801249
12441,OK,125.500,0.44,15780.299960169941
12442,OK,72.600,0.44,15887.399960774928
12443,OK,89.100,0.44,15854.500001296401
12444,OK,109.800,0.44,15851.69997997582
12445,OK,108.700,0.44,15823.500056285411
12446,OK,116.600,0.44,15797.799977008253
12447,OK,117.000,0.44,15875.39998581633
12448,OK,130.600,0.44,17045.100044924766
12449,OK,134.100,0.44,14503.700018394738
12450,OK,114.100,0.44,15746.099990792572
12451,OK,95.200,0.44,15847.800008486956
12452,OK,88.500,0.44,15864.89996407181
12453,OK,109.100,0.44,15836.399979889393
12454,OK,93.700,0.44,15898.199984803796
12455,OK,126.000,0.44,15702.00000423938
12456,OK,75.000,0.44,16089.699987787753
12457,OK,105.000,0.44,15535.500016994774
12458,OK,179.900,0.44,15708.299994003028
12459,OK,87.200,0.44,18666.69999435544
12460,OK,116.900,0.44,13034.800009336323
12461,OK,211.900,0.44,15612.400020472705
12462,OK,153.700,0.44,20149.59999360144
12463,OK,93.100,0.44,11767.500021960586
12464,OK,149.900,0.44,16492.799972184002
12465,OK,167.600,0.44,14886.400022078305
12466,OK,481.000,0.44,15147.400030400604
12467,OK,86.100,0.44,15851.59997921437
12468,OK,132.800,0.44,15837.599989026785
12469,OK,102.800,0.44,15834.399964660406
12470,OK,83.200,0.44,15822.499990463257
12471,OK,100.700,0.44,15997.599984984845
12472,OK,265.900,0.44,15414.900030009449
12473,OK,180.200,0.44,15716.399997472763
12474,OK,93.100,0.44,15921.39998683706
12475,OK,94.400,0.44,15824.700007215142
12476,OK,99.900,0.44,15761.899994686246
12477,OK,94.900,0.44,15854.800003580749
12478,OK,94.500,0.44,15838.899998925626
12479,OK,100.900,0.44,15814.799990039319
12480,OK,99.300,0.44,15837.499988265336
12481,OK,99.100,0.44,15847.800008486956
12482,OK,87.300,0.44,15782.399976160377
12483,OK,98.000,0.44,15881.499974057078
12484,OK,85.100,0.44,15893.800009507686
12485,OK,118.600,0.44,16822.700039483607
12486,OK,97.600,0.44,14812.399982474744
12487,OK,111.100,0.44,15775.400039274246
12488,OK,57.800,0.44,15924.40000968054
12489,OK,91.600,0.44,15977.000002749264
12490,OK,143.600,0.44,16078.4000181593
12491,OK,110.100,0.44,15352.800022810698
12492,OK,240.500,0.44,15625.200001522899
12493,OK,86.400,0.44,15873.600030317903
12494,OK,87.200,0.44,16027.000034227967
12495,OK,102.800,0.44,15683.199977502227
12496,OK,73.500,0.44,15860.699990298599
12497,OK,102.300,0.44,15842.69996965304
12498,OK,106.100,0.44,15799.79999223724
12499,OK,87.900,0.44,15849.900024477392
12500,OK,79.300,0.44,15959.200041834265
12501,OK,92.500,0.44,15637.799981050193
12502,OK,82.900,0.44,15866.39997549355
12503,OK,71.000,0.44,15910.000016447157
12504,OK,74.400,0.44,15740.000002551824
12505,OK,58.100,0.44,15938.900003675371
12506,OK,80.000,0.44,15826.599963475019
12507,OK,92.700,0.44,15987.000020686537
12508,OK,118.200,0.44,15548.600000329316
12509,OK,81.000,0.44,15851.899981498718
12510,OK,66.200,0.44,15909.60001340136
12511,OK,81.900,0.44,15820.70003496483
12512,OK,85.800,0.44,15884.499996900558
12513,OK,138.400,0.44,15863.999957218766
12514,OK,117.000,0.44,15780.800022184849
12515,OK,98.700,0.44,15816.09999993816
12516,OK,105.600,0.44,15836.499980650842
12517,OK,97.900,0.44,15865.20002456382
12518,OK,97.700,0.44,15805.300034116954
12519,OK,90.400,0.44,15866.699977777898
12520,OK,94.500,0.44,15889.499976765364
12521,OK,106.400,0.44,15932.699956465513
12522,OK,109.400,0.44,16042.500035837293
12523,OK,243.700,0.44,15364.899998530746
12524,OK,134.700,0.44,15835.499973036349
12525,OK,108.100,0.44,15702.00000423938
12526,OK,123.600,0.44,15795.39995873347
12527,OK,169.900,0.44,15708.599996287376
12528,OK,118.700,0.44,15825.699956621975
12529,OK,102.700,0.44,15863.000007811934
12530,OK,104.900,0.44,15817.800012882799
12531,OK,73.700,0.44,15847.500006202608
12532,OK,100.100,0.44,15884.19999461621
12533,OK,97.000,0.44,15807.599993422627
12534,OK,97.600,0.44,15914.199990220368
12535,OK,146.400,0.44,16896.30001783371
12536,OK,177.900,0.44,14838.500006590039
12537,OK,132.300,0.44,16834.300011396408
12538,OK,132.500,0.44,14406.699978280813
12539,OK,128.900,0.44,17418.099974747747
12540,OK,219.100,0.44,15317.099983803928
12541,OK,298.600,0.44,14212.399953976274
12542,OK,284.600,0.44,14714.599994476885
12543,OK,109.600,0.44,15395.099995657802
12544,OK,113.700,0.44,15995.100024156272
12545,OK,114.900,0.44,15664.000005926937
12546,OK,115.200,0.44,15814.299986232072
12547,OK,112.200,0.44,15793.400001712143
12548,OK,74.800,0.44,15883.399988524616
12549,OK,69.600,0.44,15873.700031079352
12550,OK,74.000,0.44,15877.600002568215
12551,OK,72.500,0.44,15895.199961960316
12552,OK,131.100,0.44,15770.700003486127
12553,OK,93.600,0.44,15848.80001610145
12554,OK,118.200,0.44,15982.700046151876
12555,OK,191.000,0.44,15459.700021892786
12556,OK,313.500,0.44,15632.800001185387
12557,OK,106.600,0.44,15726.100013125688
12558,OK,93.700,0.44,15791.399986483157
12559,OK,66.700,0.44,15877.300000283867
12560,OK,94.300,0.44,15802.199952304363
12561,OK,94.400,0.44,15818.300016690046
12562,OK,107.700,0.44,15908.300003502518
12563,OK,113.300,0.44,15800.199995283037
12564,OK,167.100,0.44,16118.29997273162
12565,OK,152.800,0.44,15278.30003760755
12566,OK,122.900,0.44,16181.100043468177
12567,OK,248.900,0.44,15821.599983610213
12568,OK,570.300,0.44,14071.199984755367
12569,OK,93.500,0.44,15821.800043340772
12570,OK,61.600,0.44,15878.000005614012
12571,OK,117.200,0.44,15863.60001238063
12572,OK,87.000,0.44,15858.799975831062
12573,OK,74.400,0.44,15878.100006375462
12574,OK,75.300,0.44,15858.699975069612
12575,OK,83.600,0.44,15848.500013817102
12576,OK,75.600,0.44,15846.900001633912
12577,OK,63.300,0.44,15874.699980486184
12578,OK,63.600,0.44,15893.900010269135
12579,OK,64.700,0.44,15895.499964244664
12580,OK,63.400,0.44,15945.999999530613
12581,OK,59.400,0.44,15884.19999461621
12582,OK,69.200,0.44,15837.499988265336
12583,OK,69.100,0.44,15941.099962219596
12584,OK,65.500,0.44,15842.200024053454
12585,OK,46.200,0.44,15870.500006712973
12586,OK,91.400,0.44,15911.999973468482
12587,OK,66.600,0.44,15920.400037430227
12588,OK,60.200,0.44,15909.100009594113
12589,OK,62.300,0.44,15870.300005190074
12590,OK,78.400,0.44,16008.600010536611
12591,OK,83.700,0.44,15814.999991562217
12592,OK,65.400,0.44,15895.400021690875
12593,OK,61.400,0.44,15927.30003176257
12594,OK,100.800,0.44,15849.299961701035
12595,OK,82.500,0.44,15851.099975407124
12596,OK,75.300,0.44,15932.200010865927
12597,OK,61.100,0.44,15832.29994866997
12598,OK,62.800,0.44,15901.100006885827
12599,OK,80.400,0.44,15887.100016698241
12600,OK,65.400,0.44,15891.099988948554
12601,OK,88.500,0.44,15731.899999082088
12602,OK,78.900,0.44,15799.69999147579
12603,OK,78.200,0.44,15889.700036495924
12604,OK,80.300,0.44,15919.299970846623
12605,OK,97.200,0.44,15791.799989528954
12606,OK,97.000,0.44,15884.599997662008
12607,OK,78.300,0.44,15896.999975666404
12608,OK,66.300,0.44,15773.400024045259
12609,OK,65.000,0.44,15938.600001391023
12610,OK,51.800,0.44,15901.700011454523
12611,OK,49.200,0.44,15933.10001771897
12612,OK,67.400,0.44,15877.899946644902
12613,OK,59.100,0.44,16268.800012767315
12614,OK,70.300,0.44,15442.099946085364
12615,OK,67.600,0.44,15886.500012129545
12616,OK,103.900,0.44,15873.100026510656
12617,OK,78.600,0.44,15845.599991735071
12618,OK,72.400,0.44,15840.300009585917
12619,OK,50.600,0.44,15953.499998431653
12620,OK,51.600,0.44,15855.200006626546
12621,OK,55.900,0.44,15951.099980156869
12622,OK,67.200,0.44,15894.500014837831
12623,OK,57.500,0.44,15950.399974826723
12624,OK,67.500,0.44,15932.300011627376
12625,OK,53.500,0.44,15908.200002741069
12626,OK,55.800,0.44,15862.799948081374
12627,OK,52.300,0.44,15827.299968805164
12628,OK,43.700,0.44,15974.899986758828
12629,OK,42.800,0.44,15955.200011376292
12630,OK,49.000,0.44,15911.499969661236
12631,OK,51.500,0.44,15954.300004523247
12632,OK,70.100,0.44,15825.800015591085
12633,OK,54.200,0.44,15919.79997465387
12634,OK,66.900,0.44,15887.799963820726
12635,OK,55.200,0.44,15871.300012804568
12636,OK,51.700,0.44,15941.399964503944
12637,OK,80.300,0.44,16009.300015866756
12638,OK,68.200,0.44,15767.30003580451
12639,OK,74.800,0.44,15904.199972283095
12640,OK,133.800,0.44,15807.19999037683
12641,OK,57.400,0.44,15976.700000464916
12642,OK,60.600,0.44,15860.099985729903
12643,OK,94.300,0.44,15773.20002252236
12644,OK,79.000,0.44,16034.299973398447
12645,OK,85.700,0.44,15672.000008635223
12646,OK,75.500,0.44,15958.599979057908
12647,OK,64.000,0.44,15875.200042501092
12648,OK,73.900,0.44,15868.599992245436
12649,OK,59.700,0.44,15922.199992928654
12650,OK,61.600,0.44,15902.700019069016
12651,OK,82.100,0.44,15855.900011956692
12652,OK,94.400,0.44,15896.400029305369
12653,OK,89.900,0.44,15725.999954156578
12654,OK,68.800,0.44,15904.99997837469
12655,OK,67.800,0.44,15923.800005111843
12656,OK,66.100,0.44,15881.799976341426
12657,OK,67.700,0.44,15860.200044699013
12658,OK,61.700,0.44,15896.900033112615
12659,OK,55.000,0.44,15883.900050539523
12660,OK,67.300,0.44,15944.699989631772
12661,OK,56.600,0.44,15910.9000233002
12662,OK,60.800,0.44,15856.400015763938
12663,OK,60.200,0.44,15883.199987001717
12664,OK,55.300,0.44,15896.799974143505
12665,OK,55.700,0.44,15893.400006461889
12666,OK,87.900,0.44,15976.500057149678
12667,OK,59.000,0.44,15795.000013895333
12668,OK,98.200,0.44,15825.500013306737
12669,OK,66.400,0.44,15883.099986240268
12670,OK,52.000,0.44,15910.599962808192
12671,OK,87.500,0.44,15876.79999647662
12672,OK,63.600,0.44,15926.700027193874
12673,OK,96.200,0.44,15870.400005951524
12674,OK,100.700,0.44,15856.999962124974
12675,OK,55.700,0.44,15928.899985738099
12676,OK,67.400,0.44,15874.499978963286
12677,OK,114.900,0.44,15855.800011195242
12678,OK,87.700,0.44,15865.20002456382
12679,OK,77.700,0.44,15925.000014249235
12680,OK,113.700,0.44,15554.900048300624
12681,OK,94.700,0.44,15900.800004601479
12682,OK,71.400,0.44,15811.900026164949
12683,OK,80.300,0.44,15891.899995040148
12684,OK,85.200,0.44,15838.29999435693
12685,OK,79.300,0.44,15889.999980572611
12686,OK,98.500,0.44,15847.400005441159
12687,OK,117.700,0.44,15820.39997447282
12688,OK,93.800,0.44,15839.100000448525
12689,OK,119.900,0.44,15845.69999249652
12690,OK,60.100,0.44,15864.000015426427
12691,OK,50.900,0.44,15920.399979222566
12692,OK,83.100,0.44,15866.599977016449
12693,OK,59.700,0.44,15955.200011376292
12694,OK,65.600,0.44,15884.599997662008
12695,OK,117.600,0.44,15929.699991829693
12696,OK,92.200,0.44,15760.999987833202
12697,OK,117.300,0.44,15887.599962297827
12698,OK,68.500,0.44,15833.300014492124
12699,OK,108.300,0.44,15810.899960342795
12700,OK,70.900,0.44,15965.000027790666
12701,OK,84.000,0.44,15661.399986129254
12702,OK,83.700,0.44,15967.699990142137
12703,OK,62.800,0.44,15825.399954337627
12704,OK,59.600,0.44,15845.999994780868
12705,OK,59.800,0.44,15943.799982778728
12706,OK,171.100,0.44,15664.800012018532
12707,OK,147.000,0.44,15766.200027428567
12708,OK,90.900,0.44,15825.400012545288
12709,OK,129.200,0.44,15878.40000865981
12710,OK,74.800,0.44,15833.100012969226
12711,OK,69.800,0.44,15763.800009153783
12712,OK,55.300,0.44,15908.800007309765
12713,OK,51.300,0.44,15895.400021690875
12714,OK,45.400,0.44,15906.200045719743
12715,OK,59.200,0.44,15958.40003574267
12716,OK,161.900,0.44,15720.499970484525
12717,OK,91.300,0.44,15881.600033026189
12718,OK,54.400,0.44,15887.100016698241
12719,OK,51.400,0.44,15916.89995257184
12720,OK,68.800,0.44,15904.900035820901
12721,OK,64.200,0.44,15886.600012890995
12722,OK,65.300,0.44,15920.500038191676
12723,OK,65.000,0.44,15897.300036158413
12724,OK,110.200,0.44,15806.599985808134
12725,OK,56.300,0.44,15931.200003251433
12726,OK,98.000,0.44,15853.09999063611
12727,OK,143.500,0.44,15766.799973789603
12728,OK,106.700,0.44,15818.800020497292
12729,OK,57.300,0.44,15901.900012977421
12730,OK,48.200,0.44,15910.599962808192
12731,OK,43.500,0.44,15959.399985149503
12732,OK,56.200,0.44,15879.700018558651
12733,OK,63.800,0.44,15910.699963569641
12734,OK,87.400,0.44,15889.300033450127
12735,OK,91.400,0.44,15816.300001461059
12736,OK,82.600,0.44,15885.70000603795
12737,OK,55.800,0.44,15890.100039541721
12738,OK,52.900,0.44,15891.69999351725
12739,OK,70.700,0.44,15847.400005441159
12740,OK,81.500,0.44,15973.499976098537
12741,OK,249.300,0.44,15690.299973357469
12742,OK,137.000,0.44,15738.699992652982
12743,OK,109.500,0.44,15903.000021353364
12744,OK,208.100,0.44,15515.200037043542
12745,OK,128.400,0.44,16395.099984947592
12746,OK,227.000,0.44,15271.999989636242
12747,OK,124.300,0.44,15639.199991710484
12748,OK,118.200,0.44,15704.199962783605
12749,OK,156.100,0.44,15761.599992401898
12750,OK,71.000,0.44,15868.599992245436
12751,OK,66.000,0.44,15919.099969323725
12752,OK,93.300,0.44,15849.099960178137
12753,OK,89.200,0.44,15850.900032091886
12754,OK,91.800,0.44,15818.89996305108
12755,OK,60.900,0.44,15900.60000307858
12756,OK,62.400,0.44,15909.40001187846
12757,OK,85.100,0.44,15853.599994443357
12758,OK,61.700,0.44,15880.899969488382
12759,OK,62.600,0.44,15888.600028119981
12760,OK,60.400,0.44,15882.899984717369
12761,OK,69.000,0.44,15916.299948003143
12762,OK,76.100,0.44,15834.00001982227
12763,OK,93.300,0.44,15976.19999665767
12764,OK,100.400,0.44,15812.199970241636
12765,OK,98.500,0.44,15813.699981663376
12766,OK,98.300,0.44,15851.499978452921
12767,OK,120.200,0.44,15990.399988368154
12768,OK,103.500,0.44,15563.699998892844
12769,OK,92.200,0.44,15838.29999435693
12770,OK,88.100,0.44,15841.30001720041
12771,OK,85.300,0.44,15888.300025835633
12772,OK,109.300,0.44,15814.49998775497
12773,OK,72.700,0.44,15959.100041072816
12774,OK,75.800,0.44,15890.30004106462
12775,OK,81.800,0.44,15760.699985548854
12776,OK,67.100,0.44,15879.300015512854
12777,OK,76.600,0.44,15926.399966701865
12778,OK,70.800,0.44,15872.900024987757
12779,OK,54.200,0.44,15912.100032437593
12780,OK,72.600,0.44,15851.999982260168
12781,OK,108.700,0.44,15827.000024728477
12782,OK,52.000,0.44,15915.800002403557
12783,OK,59.300,0.44,15852.600045036525
12784,OK,54.300,0.44,15922.399994451553
12785,OK,78.400,0.44,15850.599971599877
12786,OK,56.600,0.44,15876.79999647662
12787,OK,70.600,0.44,15898.699988611042
12788,OK,54.800,0.44,15939.600009005517
12789,OK,113.000,0.44,15771.000005770475
12790,OK,80.900,0.44,15884.599997662008
12791,OK,79.800,0.44,15832.800010684878
12792,OK,61.700,0.44,15890.799986664206
12793,OK,45.000,0.44,15914.399991743267
12794,OK,55.900,0.44,15877.700003329664
12795,OK,56.700,0.44,15926.100022625178
12796,OK,59.900,0.44,15912.699978798628
12797,OK,67.300,0.44,15939.300006721169
12798,OK,69.500,0.44,15838.899998925626
12799,OK,75.300,0.44,15904.600033536553
12800,OK,66.700,0.44,15873.299969825894
12801,OK,132.700,0.44,15468.199970200658
12802,OK,151.900,0.44,15780.7000214234
12803,OK,57.200,0.44,15859.900042414665
12804,OK,59.000,0.44,16081.699985079467
12805,OK,52.200,0.44,15789.900033269078
12806,OK,79.800,0.44,15974.49998371303
12807,OK,71.100,0.44,15852.500044275075
12808,OK,85.000,0.44,15724.099997896701
12809,OK,80.300,0.44,15928.59998345375
12810,OK,52.400,0.44,15943.899983540177
12811,OK,56.600,0.44,15845.100046135485
12812,OK,55.100,0.44,15949.999971780926
12813,OK,59.400,0.44,16292.100015562028
12814,OK,76.200,0.44,15870.399947743863
12815,OK,67.900,0.44,15767.399978358299
12816,OK,68.300,0.44,15878.000005614012
12817,OK,120.400,0.44,16016.400011721998
12818,OK,155.000,0.44,15455.100045073777
12819,OK,165.300,0.44,15770.700003486127
12820,OK,120.800,0.44,15688.500017859042
12821,OK,67.500,0.44,15787.299955263734
12822,OK,66.200,0.44,15879.700018558651
12823,OK,48.300,0.44,15867.300040554255
12824,OK,57.800,0.44,15996.100031770766
12825,OK,45.900,0.44,15866.499976255
12826,OK,47.600,0.44,15944.699989631772
12827,OK,53.000,0.44,15926.800027955323
12828,OK,68.000,0.44,15885.999950114638
12829,OK,51.900,0.44,15917.600016109645
12830,OK,60.700,0.44,15882.299980148673
12831,OK,62.800,0.44,15873.89997439459
12832,OK,56.900,0.44,15932.800015434623
12833,OK,48.300,0.44,15935.499977786094
12834,OK,50.000,0.44,15918.50002296269
12835,OK,52.700,0.44,15913.500043097883
12836,OK,58.800,0.44,15867.99998767674
12837,OK,47.600,0.44,15915.700001642108
12838,OK,49.600,0.44,15969.000000040978
12839,OK,55.200,0.44,15900.49994410947
12840,OK,72.100,0.44,15883.499989286065
12841,OK,65.800,0.44,15914.399991743267
12842,OK,89.300,0.44,15870.600007474422
12843,OK,69.800,0.44,15838.999999687076
12844,OK,69.500,0.44,15823.099995031953
12845,OK,70.100,0.44,15897.5999802351
12846,OK,58.200,0.44,15879.90002008155
12847,OK,46.100,0.44,15912.599978037179
12848,OK,79.600,0.44,15828.499977942556
12849,OK,126.400,0.44,15848.500013817102
12850,OK,99.500,0.44,15905.299980659038
12851,OK,60.400,0.44,15868.700051214546
12852,OK,57.300,0.44,15908.300003502518
12853,OK,77.300,0.44,15877.300000283867
12854,OK,63.700,0.44,15893.699950538576
12855,OK,62.700,0.44,15900.60000307858
12856,OK,63.700,0.44,15863.300010096282
12857,OK,54.100,0.44,15910.500020254403
12858,OK,50.000,0.44,15906.400047242641
12859,OK,65.300,0.44,15907.599998172373
12860,OK,48.000,0.44,15931.300004012883
12861,OK,47.000,0.44,15947.800013236701
12862,OK,46.800,0.44,15883.499989286065
12863,OK,78.600,0.44,15858.699975069612
12864,OK,52.800,0.44,15918.499964755028
12865,OK,64.600,0.44,15893.799951300025
12866,OK,53.000,0.44,15964.200021699071
12867,OK,52.500,0.44,15890.40004182607
12868,OK,55.300,0.44,15889.700036495924
12869,OK,63.000,0.44,15925.500018056482
12870,OK,74.300,0.44,15811.200020834804
12871,OK,54.900,0.44,16002.400021534413
12872,OK,79.100,0.44,15837.799990549684
12873,OK,90.300,0.44,15778.100001625717
12874,OK,84.900,0.44,15927.800035569817
12875,OK,63.600,0.44,15895.200020167977
12876,OK,49.800,0.44,15889.999980572611
12877,OK,58.600,0.44,15895.300020929426
12878,OK,62.800,0.44,15916.400006972253
12879,OK,59.800,0.44,15897.199977189302
12880,OK,62.300,0.44,15914.099989458919
12881,OK,58.900,0.44,15919.600031338632
12882,OK,56.800,0.44,15876.199991907924
12883,OK,60.300,0.44,15936.299983877689
12884,OK,72.000,0.44,15867.800044361502
12885,OK,75.900,0.44,15857.300022616982
12886,OK,68.100,0.44,15858.299972023815
12887,OK,81.500,0.44,15942.700032610446
12888,OK,51.900,0.44,15890.799986664206
12889,OK,77.600,0.44,15897.200035396963
12890,OK,60.800,0.44,15911.300026345998
12891,OK,60.800,0.44,15871.499956119806
12892,OK,58.800,0.44,15883.00004368648
12893,OK,59.800,0.44,15864.200016949326
12894,OK,50.500,0.44,15948.10001552105
12895,OK,44.000,0.44,15901.700011454523
12896,OK,69.500,0.44,15951.899986248463
12897,OK,77.000,0.44,15852.100041229278
12898,OK,66.300,0.44,15951.200039125979
12899,OK,62.800,0.44,15853.699995204806
12900,OK,86.900,0.44,15839.500003494322
12901,OK,79.300,0.44,15741.700015496463
12902,OK,74.800,0.44,15874.099975917488
12903,OK,88.000,0.44,15833.999961614609
12904,OK,77.600,0.44,15858.800034038723
12905,OK,57.300,0.44,15860.000043176115
12906,OK,52.000,0.44,15916.100004687905
12907,OK,48.300,0.44,15895.799966529012
12908,OK,80.800,0.44,15945.799998007715
12909,OK,49.400,0.44,15871.300012804568
12910,OK,59.300,0.44,15931.000001728535
12911,OK,123.800,0.44,15783.799986820668
12912,OK,59.500,0.44,15895.399963483214
12913,OK,66.900,0.44,15854.099998250604
12914,OK,53.900,0.44,16011.000028811395
12915,OK,52.100,0.44,15810.900018550456
12916,OK,58.600,0.44,15980.900032445788
12917,OK,56.500,0.44,15883.499989286065
12918,OK,69.000,0.44,15869.900002144277
12919,OK,58.800,0.44,15861.799998674542
12920,OK,81.300,0.44,15924.799954518676
12921,OK,56.300,0.44,15947.699954267591
12922,OK,53.900,0.44,15885.600005276501
12923,OK,61.000,0.44,15907.90000045672
12924,OK,63.600,0.44,15883.799991570413
12925,OK,60.400,0.44,15908.999950625002
12926,OK,64.300,0.44,15900.50000231713
12927,OK,77.800,0.44,15919.399971608073
12928,OK,66.300,0.44,15892.800001893193
12929,OK,73.600,0.44,15863.900014664978
12930,OK,61.100,0.44,15878.600010182709
12931,OK,52.200,0.44,15964.19996349141
12932,OK,156.900,0.44,15684.29998587817
12933,OK,70.700,0.44,15973.699977621436
12934,OK,100.000,0.44,15755.900007206947
12935,OK,176.000,0.44,19707.700004801154
12936,OK,119.700,0.44,11845.000030007213
12937,OK,82.700,0.44,16111.999982967973
12938,OK,100.700,0.44,15573.30001378432
12939,OK,90.800,0.44,16085.90001706034
12940,OK,185.000,0.44,15488.400007598102
12941,OK,95.600,0.44,16493.699979037046
12942,OK,118.500,0.44,15070.599969476461
12943,OK,320.900,0.44,15614.59997901693
12944,OK,100.000,0.44,15786.5000073798
12945,OK,94.200,0.44,15876.299992669374
12946,OK,71.200,0.44,15933.30001924187
12947,OK,85.900,0.44,15831.199998501688
12948,OK,85.700,0.44,15911.999973468482
12949,OK,122.600,0.44,16163.700027391315
12950,OK,771.400,0.44,14708.100003190339
12951,OK,108.100,0.44,15621.900034602731
12952,OK,75.800,0.44,15865.20002456382
12953,OK,73.700,0.44,15881.999977864325
12954,OK,98.100,0.44,15835.3999722749
12955,OK,77.300,0.44,15877.300000283867
12956,OK,72.700,0.44,16014.69999877736
12957,OK,85.300,0.44,15779.699955601245
12958,OK,61.700,0.44,16033.499967306852
12959,OK,331.000,0.44,15610.600006766617
12960,OK,124.200,0.44,15347.199980169535
12961,OK,82.800,0.44,15899.499994702637
12962,OK,93.800,0.44,15820.999979041517
12963,OK,68.100,0.44,15907.799999695271
12964,OK,76.500,0.44,15871.200012043118
12965,OK,81.300,0.44,15964.19996349141
12966,OK,102.300,0.44,15738.99999493733
12967,OK,96.000,0.44,15851.59997921437
12968,OK,247.000,0.44,15566.100017167628
12969,OK,98.100,0.44,16030.300001148134
12970,OK,245.200,0.44,15490.799967665225
12971,OK,124.400,0.44,16606.899967882782
12972,OK,153.900,0.44,15193.499973975122
12973,OK,171.100,0.44,16100.50001181662
12974,OK,141.000,0.44,16676.499973982573
12975,OK,199.200,0.44,14081.800007261336
12976,OK,219.100,0.44,15687.299950513989
12977,OK,56.700,0.44,15897.899982519448
12978,OK,62.000,0.44,15905.400039628148
12979,OK,64.600,0.44,15928.200038615614
12980,OK,80.200,0.44,15816.800005268306
12981,OK,66.900,0.44,15913.099981844425
12982,OK,73.100,0.44,15862.800006289035
12983,OK,52.300,0.44,15893.900010269135
12984,OK,54.700,0.44,15906.199987512082
12985,OK,44.300,0.44,15907.099994365126
12986,OK,46.700,0.44,15917.199954856187
12987,OK,48.700,0.44,15905.700041912496
12988,OK,51.000,0.44,15915.099997073412
12989,OK,52.200,0.44,15905.899985227734
12990,OK,51.800,0.44,15924.40000968054
12991,OK,64.500,0.44,15915.39999935776
12992,OK,78.500,0.44,15882.999985478818
12993,OK,80.700,0.44,15966.199978720397
12994,OK,75.200,0.44,15848.70001534
12995,OK,61.500,0.44,15951.599983964115
12996,OK,66.600,0.44,15756.000007968396
12997,OK,64.100,0.44,15926.899970509112
12998,OK,139.700,0.44,15874.599979724735
12999,OK,74.900,0.44,15741.200011689216
13000,OK,78.900,0.44,16018.899972550571
13001,OK,95.100,0.44,15473.400009796023
13002,OK,76.500,0.44,15877.600002568215
13003,OK,61.300,0.44,15902.500017546117
13004,OK,68.800,0.44,15837.799990549684
13005,OK,89.700,0.44,15889.400034211576
13006,OK,75.700,0.44,15945.600054692477
13007,OK,71.900,0.44,15773.699968121946
13008,OK,115.900,0.44,15783.799986820668
13009,OK,103.100,0.44,15897.400036919862
13010,OK,71.400,0.44,15900.800004601479
13011,OK,122.500,0.44,15781.900030560791
13012,OK,61.800,0.44,15825.300011783838
13013,OK,80.000,0.44,15859.999984968454
13014,OK,76.800,0.44,15873.600030317903
13015,OK,68.500,0.44,15924.20000815764
13016,OK,82.600,0.44,15860.899991821498
13017,OK,64.000,0.44,15819.599968381226
13018,OK,61.000,0.44,15911.699971184134
13019,OK,61.200,0.44,15966.799983289093
13020,OK,126.900,0.44,15760.900045279413
13021,OK,51.300,0.44,15900.300000794232
13022,OK,47.900,0.44,15922.8999982588
13023,OK,66.100,0.44,15899.599995464087
13024,OK,68.100,0.44,15904.200030490756
13025,OK,47.600,0.44,15919.200028292835
13026,OK,53.400,0.44,15933.000016957521
13027,OK,144.000,0.44,15757.700020913035
13028,OK,86.600,0.44,15839.80000577867
13029,OK,67.000,0.44,15883.500047493726
13030,OK,66.300,0.44,15921.799989882857
13031,OK,79.900,0.44,15893.400006461889
13032,OK,90.700,0.44,15847.600006964058
13033,OK,100.600,0.44,15787.299955263734
13034,OK,66.000,0.44,15904.299973044544
13035,OK,106.400,0.44,15870.700008235872
13036,OK,66.000,0.44,15861.399995628744
13037,OK,87.400,0.44,15881.50003226474
13038,OK,96.500,0.44,15775.200037751347
13039,OK,57.800,0.44,15898.299985565245
13040,OK,64.600,0.44,15888.299967627972
13041,OK,66.100,0.44,15893.10000417754
13042,OK,63.400,0.44,15887.799963820726
13043,OK,72.200,0.44,15937.299991492182
13044,OK,63.100,0.44,15894.80001712218
13045,OK,84.700,0.44,15814.100042916834
13046,OK,92.600,0.44,15860.799991060048
13047,OK,70.200,0.44,15890.19998209551
13048,OK,62.200,0.44,15893.900010269135
13049,OK,114.500,0.44,15809.100004844368
13050,OK,99.300,0.44,15861.300053074956
13051,OK,96.500,0.44,15811.900026164949
13052,OK,96.000,0.44,15894.100011792034
13053,OK,116.300,0.44,15747.700002975762
13054,OK,85.200,0.44,15871.10001128167
13055,OK,80.400,0.44,15898.799989372492
13056,OK,66.400,0.44,15902.700019069016
13057,OK,88.400,0.44,15819.799969904125
13058,OK,61.600,0.44,15896.09996881336
13059,OK,64.400,0.44,15909.50001263991
13060,OK,128.700,0.44,15857.699967455119
13061,OK,102.200,0.44,15822.20004638657
13062,OK,73.400,0.44,15808.099997229874
13063,OK,79.300,0.44,15943.299978971481
13064,OK,59.900,0.44,15879.399958066642
13065,OK,76.500,0.44,15842.200024053454
13066,OK,63.200,0.44,15915.600000880659
13067,OK,61.600,0.44,15915.800002403557
13068,OK,73.100,0.44,15888.999972958118
13069,OK,80.500,0.44,15810.000011697412
13070,OK,78.200,0.44,15855.200006626546
13071,OK,58.700,0.44,15892.399998847395
13072,OK,45.300,0.44,15900.800004601479
13073,OK,63.100,0.44,15898.699988611042
13074,OK,51.600,0.44,15975.599992088974
13075,OK,143.700,0.44,15811.200020834804
13076,OK,74.500,0.44,15783.800045028329
13077,OK,94.200,0.44,15869.299997575581
13078,OK,53.000,0.44,15824.800007976592
13079,OK,68.600,0.44,16014.59999801591
13080,OK,75.600,0.44,15831.199998501688
13081,OK,59.500,0.44,15887.40001898259
13082,OK,57.000,0.44,15957.099967636168
13083,OK,152.700,0.44,15675.19997479394
13084,OK,78.600,0.44,15904.099971521646
13085,OK,110.300,0.44,15783.999988343567
13086,OK,83.500,0.44,15884.29999537766
13087,OK,81.400,0.44,15899.19999241829
13088,OK,71.800,0.44,15868.799993768334
13089,OK,68.100,0.44,15947.100007906556
13090,OK,56.600,0.44,15850.800031330436
13091,OK,90.200,0.44,15838.799998164177
13092,OK,67.000,0.44,15872.300020419061
13093,OK,52.500,0.44,15899.09999165684
13094,OK,81.400,0.44,15888.399968389422
13095,OK,85.700,0.44,15867.000038269907
13096,OK,83.300,0.44,15842.100023292005
13097,OK,68.100,0.44,15912.29997575283
13098,OK,66.200,0.44,16093.20001443848
13099,OK,162.800,0.44,15493.299986701459
13100,OK,93.900,0.44,15850.100026000291
13101,OK,92.400,0.44,15704.399964306504
13102,OK,231.500,0.44,15731.899999082088
13103,OK,109.400,0.44,15807.100047823042
13104,OK,116.400,0.44,15449.200000148267
13105,OK,110.800,0.44,15758.899971842766
13106,OK,110.200,0.44,15786.40000661835
13107,OK,96.900,0.44,15865.299967117608
13108,OK,69.000,0.44,15867.199981585145
13109,OK,158.800,0.44,15769.799996633083
13110,OK,86.300,0.44,15862.500004004687
13111,OK,76.900,0.44,15830.199990887195
13112,OK,55.100,0.44,16064.399969764054
13113,OK,250.300,0.44,15863.099950365722
13114,OK,102.300,0.44,15595.200005918741
13115,OK,120.900,0.44,15756.200009491295
13116,OK,110.400,0.44,15910.800022538751
13117,OK,160.500,0.44,15834.00001982227
13118,OK,107.100,0.44,15661.599987652153
13119,OK,131.700,0.44,15790.000034030527
13120,OK,99.100,0.44,15856.299956794828
13121,OK,191.900,0.44,16597.10000967607
13122,OK,285.500,0.44,14945.600007195026
13123,OK,137.800,0.44,16124.699963256717
13124,OK,118.800,0.44,16558.60000755638
13125,OK,408.700,0.44,14340.4999980703
13126,OK,211.000,0.44,15743.899974040687
13127,OK,258.000,0.44,15570.999996270984
13128,OK,198.300,0.44,16188.00003780052
13129,OK,109.800,0.44,15232.999983709306
13130,OK,349.200,0.44,15031.700022518635
13131,OK,360.800,0.44,16519.099997822195
13132,OK,131.200,0.44,14970.400021411479
13133,OK,573.000,0.44,15010.900038760155
13134,OK,366.000,0.44,15207.699965685606
13135,OK,233.000,0.44,15526.000002864748
13136,OK,100.100,0.44,15840.000007301569
13137,OK,92.700,0.44,15805.200033355504
13138,OK,105.400,0.44,15832.700009923428
13139,OK,92.000,0.44,15890.999988187104
13140,OK,103.200,0.44,15810.500015504658
13141,OK,68.600,0.44,15930.19999563694
13142,OK,107.800,0.44,15770.900005009025
13143,OK,100.700,0.44,16397.400002460927
13144,OK,117.000,0.44,16444.20000957325
13145,OK,327.100,0.44,14272.40000339225
13146,OK,102.300,0.44,15929.599991068244
13147,OK,105.900,0.44,16110.89997459203
13148,OK,133.200,0.44,15299.399965442717
13149,OK,115.200,0.44,15744.800039101392
13150,OK,94.700,0.44,15848.000010009855
13151,OK,89.900,0.44,17289.900046307594
13152,OK,157.700,0.44,14575.400040484965
13153,OK,112.900,0.44,16248.000029008836
13154,OK,128.500,0.44,15371.199988294393
13155,OK,126.600,0.44,15457.60000590235
13156,OK,170.400,0.44,15715.29998909682
13157,OK,107.500,0.44,15841.200016438961
13158,OK,102.000,0.44,15844.50004156679
13159,OK,105.800,0.44,15824.000001884997
13160,OK,87.400,0.44,15795.800019986928
13161,OK,96.500,0.44,15837.699989788234
13162,OK,98.900,0.44,15857.500024139881
13163,OK,117.000,0.44,15844.899986404926
13164,OK,110.300,0.44,15771.200007293373
13165,OK,96.200,0.44,15832.800010684878
13166,OK,87.000,0.44,15879.700018558651
13167,OK,64.000,0.44,15900.50000231713
13168,OK,71.200,0.44,15823.800000362098
13169,OK,86.000,0.44,15908.600005786866
13170,OK,91.700,0.44,15808.199997991323
13171,OK,86.000,0.44,15917.900018393993
13172,OK,117.600,0.44,15788.700024131685
13173,OK,105.200,0.44,16315.499960910529
13174,OK,156.100,0.44,15199.79996373877
13175,OK,90.100,0.44,15891.69999351725
13176,OK,91.700,0.44,15854.800003580749
13177,OK,102.400,0.44,15853.899996727705
13178,OK,104.200,0.44,15928.199980407953
13179,OK,138.000,0.44,16411.999997217208
13180,OK,189.000,0.44,14935.8999915421
13181,OK,102.200,0.44,15814.299986232072
13182,OK,76.700,0.44,15887.30001822114
13183,OK,94.900,0.44,15856.599959079176
13184,OK,103.400,0.44,15841.799962799996
13185,OK,111.800,0.44,15814.69998927787
13186,OK,104.100,0.44,15814.900049008429
13187,OK,103.100,0.44,15864.700020756572
13188,OK,97.000,0.44,15849.699964746833
13189,OK,94.700,0.44,15808.099997229874
13190,OK,93.900,0.44,15855.000005103648
13191,OK,101.000,0.44,15810.599958058447
13192,OK,122.700,0.44,15845.79999325797
13193,OK,90.400,0.44,15856.400015763938
13194,OK,65.500,0.44,15898.399986326694
13195,OK,76.200,0.44,15852.499986067414
13196,OK,70.400,0.44,15890.899987425655
13197,OK,61.100,0.44,15895.499964244664
13198,OK,70.400,0.44,15889.099973719567
13199,OK,121.600,0.44,15823.199995793402
13200,OK,100.500,0.44,15885.600005276501
13201,OK,107.900,0.44,15671.100001782179
13202,OK,289.000,0.44,15460.900031030178
13203,OK,477.700,0.44,15662.899997550994
13204,OK,126.200,0.44,15162.200026679784
13205,OK,134.600,0.44,15996.599977370352
13206,OK,97.400,0.44,15504.600014537573
13207,OK,97.300,0.44,15843.799978028983
13208,OK,95.500,0.44,16408.70003029704
13209,OK,89.400,0.44,15238.30002406612
13210,OK,112.600,0.44,15803.000016603619
13211,OK,139.400,0.44,15792.099991813302
13212,OK,71.400,0.44,15906.59999055788
13213,OK,109.400,0.44,15842.79997041449
13214,OK,100.300,0.44,15774.899977259338
13215,OK,83.300,0.44,15913.099981844425
13216,OK,100.300,0.44,17351.19998920709
13217,OK,115.400,0.44,14272.900007199496
13218,OK,107.400,0.44,15831.600001547486
13219,OK,88.800,0.44,15870.300005190074
13220,OK,120.400,0.44,17220.79998580739
13221,OK,97.200,0.44,14443.500025663525
13222,OK,99.300,0.44,15879.899961873889
13223,OK,117.300,0.44,15799.89999299869
13224,OK,253.800,0.44,15886.500012129545
13225,OK,284.600,0.44,15279.300045222044
13226,OK,146.600,0.44,15775.699983350933
13227,OK,116.900,0.44,15778.200002387166
13228,OK,157.300,0.44,15753.699990455061
13229,OK,145.800,0.44,15742.700023110956
13230,OK,119.400,0.44,15894.60001559928
13231,OK,394.300,0.44,15250.299999024719
13232,OK,124.000,0.44,15812.400029972196
13233,OK,100.600,0.44,15844.09998031333
13234,OK,102.500,0.44,15858.700033277273
13235,OK,132.300,0.44,15728.199970908463
13236,OK,113.400,0.44,15837.099985219538
13237,OK,121.300,0.44,15788.800024893135
13238,OK,117.400,0.44,17566.599999554455
13239,OK,150.900,0.44,14051.800011657178
13240,OK,122.500,0.44,15818.600018974394
13241,OK,119.600,0.44,15806.199982762337
13242,OK,115.300,0.44,15817.999956198037
13243,OK,99.000,0.44,15809.000004082918
13244,OK,98.500,0.44,15861.799998674542
13245,OK,102.600,0.44,15826.200018636882
13246,OK,104.700,0.44,15874.199976678938
13247,OK,109.500,0.44,15820.799977518618
13248,OK,104.900,0.44,15823.3999973163
13249,OK,107.100,0.44,15821.699984371662
13250,OK,111.500,0.44,15792.39999409765
13251,OK,126.600,0.44,15867.699985392392
13252,OK,113.700,0.44,15715.999994426966
13253,OK,116.300,0.44,15827.299968805164
13254,OK,99.700,0.44,16227.89999237284
13255,OK,117.500,0.44,15435.399953275919
13256,OK,414.600,0.44,16475.4000143148
13257,OK,287.400,0.44,14553.89999318868
13258,OK,74.600,0.44,15918.799967039376
13259,OK,146.500,0.44,15700.7000525482
13260,OK,111.300,0.44,15835.300029721111
13261,OK,114.300,0.44,16088.59997941181
13262,OK,116.100,0.44,15512.200014200062
13263,OK,118.300,0.44,15903.800027444959
13264,OK,117.000,0.44,15716.80000051856
13265,OK,104.400,0.44,15843.600034713745
13266,OK,123.900,0.44,15818.900021258742
13267,OK,122.800,0.44,15804.000024218112
13268,OK,132.100,0.44,15770.09999891743
13269,OK,122.900,0.44,15806.799987331033
13270,OK,117.100,0.44,15832.39994943142
13271,OK,87.400,0.44,15824.300004169345
13272,OK,98.700,0.44,15833.500016015023
13273,OK,89.500,0.44,15863.900014664978
13274,OK,95.500,0.44,15832.800010684878
13275,OK,82.200,0.44,15907.399996649474
13276,OK,83.800,0.44,15871.400013566017
13277,OK,65.600,0.44,15940.800018142909
13278,OK,114.400,0.44,15777.69999857992
13279,OK,115.100,0.44,16014.799999538809
13280,OK,122.700,0.44,15570.09998941794
13281,OK,84.500,0.44,15866.100031416863
13282,OK,100.800,0.44,15831.700002308935
13283,OK,96.200,0.44,15883.899992331862
13284,OK,64.400,0.44,15911.400027107447
13285,OK,68.800,0.44,15879.500017035753
13286,OK,89.500,0.44,15872.40002118051
13287,OK,84.500,0.44,15791.299985721707
13288,OK,60.100,0.44,15876.79999647662
13289,OK,76.800,0.44,15910.000016447157
13290,OK,68.100,0.44,15860.300045460463
13291,OK,66.300,0.44,15915.700001642108
13292,OK,71.400,0.44,15884.29999537766
13293,OK,88.600,0.44,15824.100002646446
13294,OK,77.700,0.44,15883.399988524616
13295,OK,79.100,0.44,15875.29998505488
13296,OK,99.400,0.44,15835.600032005459
13297,OK,91.700,0.44,15866.39997549355
13298,OK,74.000,0.44,15849.699964746833
13299,OK,81.500,0.44,15826.50002092123
13300,OK,82.200,0.44,15919.000026769936
13301,OK,101.200,0.44,15654.59999255836
13302,OK,87.700,0.44,15930.19999563694
13303,OK,133.900,0.44,16039.400012232363
13304,OK,337.700,0.44,15137.000009417534
13305,OK,85.300,0.44,15840.900014154613
13306,OK,69.800,0.44,15832.000004593283
13307,OK,93.100,0.44,15942.600031848997
13308,OK,95.600,0.44,15747.400000691414
13309,OK,53.600,0.44,15913.300041574985
13310,OK,85.700,0.44,15928.79998497665
13311,OK,83.200,0.44,15804.800030309707
13312,OK,56.300,0.44,15981.799981091172
13313,OK,66.100,0.44,15791.399986483157
13314,OK,89.200,0.44,15859.199978876859
13315,OK,87.300,0.44,15857.900027185678
13316,OK,108.200,0.44,15796.89997015521
13317,OK,98.700,0.44,15834.00001982227
13318,OK,74.200,0.44,15916.000003926456
13319,OK,89.100,0.44,15847.900009248406
13320,OK,63.500,0.44,15907.499997410923
13321,OK,66.000,0.44,15938.299999106675
13322,OK,61.400,0.44,15918.30002143979
13323,OK,68.400,0.44,15770.800004247576
13324,OK,68.800,0.44,15980.999974999577
13325,OK,59.800,0.44,15895.600023213774
13326,OK,61.800,0.44,15836.999984458089
13327,OK,71.600,0.44,15879.8000193201
13328,OK,52.200,0.44,15954.700007569045
13329,OK,54.800,0.44,15888.899972196668
13330,OK,61.600,0.44,15878.200007136911
13331,OK,49.800,0.44,15902.400016784668
13332,OK,43.600,0.44,15923.400002066046
13333,OK,44.600,0.44,16049.800033215433
13334,OK,73.500,0.44,15805.90003868565
13335,OK,77.500,0.44,15872.60002270341
13336,OK,55.900,0.44,15928.299981169403
13337,OK,76.700,0.44,15887.699963059276
13338,OK,60.700,0.44,15909.700014162809
13339,OK,62.600,0.44,15898.699988611042
13340,OK,68.400,0.44,15880.100021604449
13341,OK,65.300,0.44,15896.899974904954
13342,OK,79.600,0.44,15861.599997151643
13343,OK,79.700,0.44,15877.199999522418
13344,OK,64.400,0.44,15837.799990549684
13345,OK,75.200,0.44,15867.799986153841
13346,OK,52.200,0.44,15920.600038953125
13347,OK,65.000,0.44,15893.400006461889
13348,OK,73.500,0.44,15876.79999647662
13349,OK,76.600,0.44,15875.999990385026
13350,OK,74.300,0.44,15878.40000865981
13351,OK,74.100,0.44,15880.199964158237
13352,OK,66.100,0.44,15874.0000333637
13353,OK,66.600,0.44,15864.200016949326
13354,OK,55.900,0.44,15886.000008322299
13355,OK,61.500,0.44,15900.900005362928
13356,OK,46.600,0.44,15934.4999701716
13357,OK,66.700,0.44,15876.89999723807
13358,OK,72.100,0.44,15909.900015685707
13359,OK,60.300,0.44,15789.39997125417
13360,OK,45.600,0.44,15918.39996399358
13361,OK,45.100,0.44,16014.69999877736
13362,OK,90.600,0.44,15844.19998107478
13363,OK,86.500,0.44,15948.200016282499
13364,OK,63.300,0.44,15894.400014076382
13365,OK,90.500,0.44,15801.40000442043
13366,OK,63.400,0.44,15907.599998172373
13367,OK,71.700,0.44,15833.800018299371
13368,OK,66.400,0.44,15907.199995126575
13369,OK,63.300,0.44,15928.400040138513
13370,OK,67.000,0.44,15881.30003074184
13371,OK,51.500,0.44,15950.99997939542
13372,OK,174.800,0.44,15664.800012018532
13373,OK,96.300,0.44,15843.999979551882
13374,OK,86.600,0.44,15847.400005441159
13375,OK,71.000,0.44,15872.900024987757
13376,OK,70.200,0.44,15895.399963483214
13377,OK,88.400,0.44,15944.699989631772
13378,OK,69.500,0.44,15867.99998767674
13379,OK,73.800,0.44,15793.300000950694
13380,OK,63.000,0.44,15845.399990212172
13381,OK,57.100,0.44,16015.600005630404
13382,OK,144.100,0.44,15743.999974802136
13383,OK,192.800,0.44,15727.700025308877
13384,OK,85.700,0.44,15896.20002778247
13385,OK,111.700,0.44,15826.799964997917
13386,OK,59.500,0.44,15876.599994953722
13387,OK,61.600,0.44,15813.30003682524
13388,OK,59.300,0.44,15982.10004158318
13389,OK,83.500,0.44,15837.899991311133
13390,OK,59.600,0.44,15871.700015850365
13391,OK,81.600,0.44,15874.0000333637
13392,OK,87.800,0.44,15868.10004664585
13393,OK,77.500,0.44,15856.400015763938
13394,OK,81.500,0.44,15842.59996889159
13395,OK,63.800,0.44,15938.399999868125
13396,OK,62.800,0.44,15840.200008824468
13397,OK,81.100,0.44,15862.400003243238
13398,OK,79.500,0.44,15906.300046481192
13399,OK,94.800,0.44,15865.20002456382
13400,OK,70.400,0.44,15901.699953246862
13401,OK,74.800,0.44,15677.799994591624
13402,OK,67.900,0.44,16172.399977222085
13403,OK,207.300,0.44,15437.199966982007
13404,OK,107.100,0.44,15753.599989693612
13405,OK,104.000,0.44,15747.199999168515
13406,OK,101.800,0.44,16077.099950052798
13407,OK,147.400,0.44,15961.099998094141
13408,OK,109.000,0.44,15406.400023493916
13409,OK,93.300,0.44,16042.000032030046
13410,OK,105.200,0.44,15596.80001810193
13411,OK,82.600,0.44,15885.59994706884
13412,OK,60.100,0.44,15891.200047917664
13413,OK,65.100,0.44,15907.90000045672
13414,OK,72.500,0.44,15878.200007136911
13415,OK,76.300,0.44,15842.499968130141
13416,OK,88.000,0.44,15862.700005527586
13417,OK,79.800,0.44,15847.399947233498
13418,OK,78.900,0.44,15913.79998717457
13419,OK,84.400,0.44,15830.399992410094
13420,OK,80.000,0.44,15915.900003165007
13421,OK,75.700,0.44,15814.099984709173
13422,OK,83.300,0.44,15904.799976851791
13423,OK,108.100,0.44,15826.800023205578
13424,OK,96.200,0.44,15776.799991726875
13425,OK,73.500,0.44,16042.199975345284
13426,OK,179.400,0.44,15521.499968599528
13427,OK,67.300,0.44,15864.500019233674
13428,OK,75.000,0.44,15900.800004601479
13429,OK,82.000,0.44,15844.50004156679
13430,OK,78.600,0.44,15871.399955358356
13431,OK,68.200,0.44,15932.000009343028
13432,OK,114.700,0.44,16170.20001867786
13433,OK,98.700,0.44,15323.599975090474
13434,OK,75.700,0.44,15753.89999197796
13435,OK,336.000,0.44,15632.199996616691
13436,OK,91.400,0.44,15769.299992825836
13437,OK,76.100,0.44,15875.999990385026
13438,OK,59.800,0.44,15880.800026934594
13439,OK,63.100,0.44,15976.599999703467
13440,OK,97.900,0.44,15786.40000661835
13441,OK,61.600,0.44,15914.299990981817
13442,OK,56.100,0.44,15889.999980572611
13443,OK,55.200,0.44,15944.89999115467
13444,OK,72.000,0.44,15854.60000205785
13445,OK,57.000,0.44,15910.000016447157
13446,OK,83.900,0.44,15925.90002110228
13447,OK,81.300,0.44,15841.100015677512
13448,OK,83.100,0.44,15852.299984544516
13449,OK,79.100,0.44,15835.200028959662
13450,OK,61.900,0.44,15903.50002516061
13451,OK,51.200,0.44,15917.799959424883
13452,OK,72.800,0.44,15847.000002395362
13453,OK,55.900,0.44,15924.700011964887
13454,OK,44.200,0.44,15952.800051309168
13455,OK,60.100,0.44,15847.500006202608
13456,OK,70.800,0.44,15868.599992245436
13457,OK,71.300,0.44,15966.599981766194
13458,OK,74.000,0.44,16019.10003228113
13459,OK,105.400,0.44,15834.700025152415
13460,OK,346.000,0.44,15376.599971204996
13461,OK,87.100,0.44,15690.40003232658
13462,OK,53.100,0.44,15863.300010096282
13463,OK,51.400,0.44,15917.699958663434
13464,OK,59.100,0.44,15950.100030750036
13465,OK,51.500,0.44,16229.200002271682
13466,OK,56.700,0.44,15988.400031346828
13467,OK,60.100,0.44,15610.500006005168
13468,OK,44.100,0.44,16226.200037635863
13469,OK,46.900,0.44,15463.199990335852
13470,OK,67.200,0.44,16081.19998127222
13471,OK,55.700,0.44,15803.000016603619
13472,OK,71.400,0.44,16270.300024189055
13473,OK,60.300,0.44,15910.500020254403
13474,OK,96.200,0.44,15420.800016727298
13475,OK,57.100,0.44,15918.600023724139
13476,OK,70.400,0.44,15868.399990722537
13477,OK,65.400,0.44,16259.900003205985
13478,OK,53.400,0.44,15888.799971435219
13479,OK,58.500,0.44,15677.499992307276
13480,OK,61.900,0.44,16050.499980337918
13481,OK,65.700,0.44,15854.400000534952
13482,OK,102.300,0.44,15601.799997966737
13483,OK,94.500,0.44,15802.200010512024
13484,OK,78.400,0.44,15954.800008330494
13485,OK,93.800,0.44,15838.29999435693
13486,OK,205.600,0.44,15622.500039171427
13487,OK,81.000,0.44,16071.800026111305
13488,OK,55.400,0.44,15723.600052297115
13489,OK,140.900,0.44,15756.299952045083
13490,OK,157.700,0.44,15716.099995188415
13491,OK,55.800,0.44,15826.200018636882
13492,OK,58.800,0.44,15881.19997177273
13493,OK,61.700,0.44,15918.000019155443
13494,OK,64.400,0.44,15928.79998497665
13495,OK,57.100,0.44,15858.300030231476
13496,OK,51.000,0.44,15928.899985738099
13497,OK,54.000,0.44,15966.699982527643
13498,OK,63.000,0.44,15800.499997567385
13499,OK,76.900,0.44,15981.000033207238
13500,OK,61.600,0.44,15817.200008314103
13501,OK,176.700,0.44,15615.800046361983
13502,OK,94.100,0.44,15855.500008910894
13503,OK,89.800,0.44,15949.700027704239
13504,OK,61.100,0.44,15791.799989528954
13505,OK,51.000,0.44,15943.800040986389
13506,OK,56.300,0.44,15828.599978704005
13507,OK,57.700,0.44,15957.699972204864
13508,OK,82.900,0.44,15913.499984890223
13509,OK,96.500,0.44,15813.899983186275
13510,OK,65.500,0.44,15863.300010096282
13511,OK,56.600,0.44,15924.800012726337
13512,OK,130.500,0.44,15703.300014138222
13513,OK,66.000,0.44,15884.899999946356
13514,OK,72.500,0.44,15891.999995801598
13515,OK,53.100,0.44,15914.899995550513
13516,OK,57.800,0.44,15885.100001469254
13517,OK,45.600,0.44,15891.199989710003
13518,OK,41.700,0.44,15940.900018904358
13519,OK,49.100,0.44,15907.299995888025
13520,OK,43.900,0.44,15917.300013825297
13521,OK,38.300,0.44,15921.30004428327
13522,OK,56.800,0.44,15915.29999859631
13523,OK,57.800,0.44,15925.100015010685
13524,OK,63.300,0.44,15888.799971435219
13525,OK,54.700,0.44,15939.800010528415
13526,OK,88.200,0.44,15958.499978296459
13527,OK,88.300,0.44,15882.399980910122
13528,OK,77.600,0.44,15814.999991562217
13529,OK,85.300,0.44,15710.599953308702
13530,OK,44.900,0.44,16166.499990504235
13531,OK,111.300,0.44,15672.50001244247
13532,OK,105.900,0.44,16837.799979839474
13533,OK,130.100,0.44,14351.699966937304
13534,OK,81.700,0.44,15882.600040640682
13535,OK,71.700,0.44,16190.399997867644
13536,OK,195.100,0.44,15388.800005894154
13537,OK,361.000,0.44,15379.299991764128
13538,OK,190.500,0.44,15712.700027506799
13539,OK,58.300,0.44,15885.400003753603
13540,OK,57.600,0.44,16649.099998176098
13541,OK,86.500,0.44,15170.599974226207
13542,OK,79.300,0.44,16013.599990401417
13543,OK,81.400,0.44,15778.400003910065
13544,OK,73.600,0.44,15931.199945043772
13545,OK,82.100,0.44,15767.20003504306
13546,OK,95.300,0.44,16021.199990063906
13547,OK,239.000,0.44,15628.599969204515
13548,OK,221.400,0.44,15772.600017953664
13549,OK,71.000,0.44,15899.599995464087
13550,OK,323.200,0.44,15435.30001072213
13551,OK,147.300,0.44,15534.900012426078
13552,OK,75.800,0.44,15610.700007528067
13553,OK,95.300,0.44,16054.80001308024
13554,OK,126.300,0.44,15637.800039257854
13555,OK,108.500,0.44,15855.700010433793
13556,OK,176.900,0.44,15643.799968529493
13557,OK,68.700,0.44,15887.599962297827
13558,OK,129.900,0.44,16100.100008770823
13559,OK,111.600,0.44,15715.599991381168
13560,OK,117.400,0.44,15963.700017891824
13561,OK,120.100,0.44,15753.100044094026
13562,OK,256.700,0.44,15261.600026860833
13563,OK,82.200,0.44,15819.299966096878
13564,OK,43.700,0.44,15875.199984293431
13565,OK,45.200,0.44,15978.800016455352
13566,OK,62.300,0.44,15934.200026094913
13567,OK,75.100,0.44,15852.900047320873
13568,OK,78.200,0.44,15900.900005362928
13569,OK,76.200,0.44,15868.500049691647
13570,OK,60.100,0.44,15878.600010182709
13571,OK,57.000,0.44,15900.400001555681
13572,OK,71.000,0.44,15945.400053169578
13573,OK,57.200,0.44,15874.899982009083
13574,OK,63.500,0.44,15899.299993179739
13575,OK,55.400,0.44,15859.899984207004
13576,OK,58.600,0.44,15876.499994192272
13577,OK,49.600,0.44,15973.899979144335
13578,OK,53.700,0.44,15913.399984128773
13579,OK,53.400,0.44,15892.299998085946
13580,OK,78.900,0.44,15852.299984544516
13581,OK,80.000,0.44,15920.599980745465
13582,OK,75.600,0.44,15886.500012129545
13583,OK,66.300,0.44,15840.500011108816
13584,OK,89.700,0.44,15814.500045962632
13585,OK,77.200,0.44,16050.399979576468
13586,OK,82.900,0.44,16051.099984906614
13587,OK,128.600,0.44,15408.000035677105
13588,OK,358.000,0.44,15396.500006318092
13589,OK,65.900,0.44,15916.79995181039
13590,OK,44.800,0.44,15913.79998717457
13591,OK,52.300,0.44,15858.599974308163
13592,OK,64.100,0.44,15879.500017035753
13593,OK,49.800,0.44,16023.60000833869
13594,OK,55.600,0.44,15869.299997575581
13595,OK,65.700,0.44,15889.200032688677
13596,OK,90.200,0.44,15880.100021604449
13597,OK,80.300,0.44,15901.600010693073
13598,OK,69.000,0.44,15899.999998509884
13599,OK,57.600,0.44,15834.500023629516
13600,OK,64.600,0.44,15897.199977189302
13601,OK,61.700,0.44,15783.300041221082
13602,OK,76.600,0.44,15897.399978712201
13603,OK,59.700,0.44,15857.39996517077
13604,OK,70.900,0.44,15856.599959079176
13605,OK,47.600,0.44,15911.199967376888
13606,OK,69.000,0.44,15882.999985478818
13607,OK,60.400,0.44,15941.89996831119
13608,OK,54.700,0.44,15898.399986326694
13609,OK,57.100,0.44,15901.800012215972
13610,OK,53.300,0.44,15895.400021690875
13611,OK,60.700,0.44,15935.799980070442
13612,OK,100.100,0.44,15734.000015072525
13613,OK,73.500,0.44,15876.299992669374
13614,OK,38.100,0.44,15987.499966286123
13615,OK,41.800,0.44,15959.999989718199
13616,OK,47.400,0.44,15880.100021604449
13617,OK,57.300,0.44,15897.299977950752
13618,OK,48.000,0.44,15946.700004860759
13619,OK,40.800,0.44,15968.300052918494
13620,OK,160.600,0.44,15696.300019044429
13621,OK,60.200,0.44,15907.199995126575
13622,OK,60.500,0.44,15923.300001304597
13623,OK,74.900,0.44,15857.400023378432
13624,OK,66.500,0.44,15868.399990722537
13625,OK,71.700,0.44,15944.89999115467
13626,OK,61.000,0.44,15907.600056380033
13627,OK,69.600,0.44,15896.299970336258
13628,OK,52.800,0.44,15886.700013652444
13629,OK,50.600,0.44,15967.399987857789
13630,OK,54.500,0.44,15913.700044620782
13631,OK,54.600,0.44,15896.10002702102
13632,OK,51.800,0.44,16043.099982198328
13633,OK,78.200,0.44,15702.600008808076
13634,OK,53.600,0.44,15910.299960523844
13635,OK,64.200,0.44,15813.000034540892
13636,OK,48.900,0.44,15927.499975077808
13637,OK,81.100,0.44,15923.900005873293
13638,OK,58.200,0.44,15847.700007725507
13639,OK,96.200,0.44,15982.499986421317
13640,OK,103.400,0.44,15748.200006783009
13641,OK,53.300,0.44,15947.800013236701
13642,OK,62.300,0.44,15899.299993179739
13643,OK,65.900,0.44,15886.600012890995
13644,OK,65.800,0.44,15901.599952485412
13645,OK,64.100,0.44,15857.400023378432
13646,OK,62.700,0.44,15910.89996509254
13647,OK,61.600,0.44,15898.899990133941
13648,OK,58.900,0.44,15897.80003996566
13649,OK,71.800,0.44,15878.700010944158
13650,OK,72.500,0.44,15920.399979222566
13651,OK,62.900,0.44,15902.20001526177
13652,OK,56.000,0.44,15869.700000621378
13653,OK,55.500,0.44,15923.799946904182
13654,OK,60.600,0.44,15902.500017546117
13655,OK,59.300,0.44,15884.699998423457
13656,OK,73.200,0.44,15944.599988870323
13657,OK,118.000,0.44,15776.299987919629
13658,OK,80.100,0.44,15870.999952312559
13659,OK,52.100,0.44,15883.999993093312
13660,OK,67.900,0.44,15851.69997997582
13661,OK,63.600,0.44,15878.30000789836
13662,OK,51.700,0.44,15940.400015097111
13663,OK,52.100,0.44,15871.600015088916
13664,OK,71.800,0.44,16058.899986092001
13665,OK,119.100,0.44,15771.200007293373
13666,OK,109.700,0.44,15705.900033935905
13667,OK,87.300,0.44,15846.900001633912
13668,OK,61.700,0.44,15915.900003165007
13669,OK,75.800,0.44,15881.19997177273
13670,OK,92.200,0.44,15849.300019908696
13671,OK,64.900,0.44,15921.800048090518
13672,OK,70.500,0.44,15868.10004664585
13673,OK,68.100,0.44,15919.499972369522
13674,OK,68.100,0.44,15857.59996669367
13675,OK,67.300,0.44,15882.899984717369
13676,OK,137.000,0.44,15806.799987331033
13677,OK,87.300,0.44,15830.199990887195
13678,OK,61.900,0.44,15877.700003329664
13679,OK,104.600,0.44,15863.300010096282
13680,OK,57.900,0.44,15925.100015010685
13681,OK,62.300,0.44,15932.000009343028
13682,OK,72.900,0.44,15799.099986907095
13683,OK,71.800,0.44,15922.600054182112
13684,OK,63.300,0.44,15874.400036409497
13685,OK,80.600,0.44,15893.20000493899
13686,OK,184.300,0.44,15631.699992809445
13687,OK,90.400,0.44,15844.50004156679
13688,OK,73.500,0.44,15910.200017970055
13689,OK,84.900,0.44,15819.300024304539
13690,OK,84.000,0.44,15893.900010269135
13691,OK,103.400,0.44,15812.100027687848
13692,OK,99.500,0.44,15838.099992834032
13693,OK,94.200,0.44,15845.299989450723
13694,OK,98.100,0.44,15855.900011956692
13695,OK,83.800,0.44,15999.299997929484
13696,OK,88.800,0.44,15734.000015072525
13697,OK,88.200,0.44,15833.199955523014
13698,OK,93.200,0.44,15830.099990125746
13699,OK,88.500,0.44,15860.999992582947
13700,OK,89.100,0.44,15859.500039368868
13701,OK,103.100,0.44,15687.299950513989
13702,OK,81.700,0.44,15852.700045797974
13703,OK,84.500,0.44,15861.399995628744
13704,OK,80.000,0.44,15826.700022444129
13705,OK,79.400,0.44,15897.899982519448
13706,OK,76.900,0.44,15877.800004091114
13707,OK,91.000,0.44,15855.400008149445
13708,OK,86.600,0.44,15850.40002828464
13709,OK,88.500,0.44,15846.299997065216
13710,OK,75.800,0.44,15864.000015426427
13711,OK,88.600,0.44,15815.99999917671
13712,OK,78.800,0.44,15865.299967117608
13713,OK,80.900,0.44,15874.299977440387
13714,OK,69.100,0.44,15903.999970760196
13715,OK,63.200,0.44,15888.69997067377
13716,OK,63.400,0.44,15858.500031754375
13717,OK,63.200,0.44,15993.000008165836
13718,OK,101.300,0.44,15802.899957634509
13719,OK,69.600,0.44,15956.69996459037
13720,OK,62.200,0.44,15910.000016447157
13721,OK,82.200,0.44,15839.999949093908
13722,OK,74.100,0.44,15854.400000534952
13723,OK,60.300,0.44,15925.90002110228
13724,OK,67.700,0.44,15854.299999773502
13725,OK,75.000,0.44,15902.10001450032
13726,OK,57.600,0.44,15875.499986577779
13727,OK,53.000,0.44,15894.000011030585
13728,OK,53.300,0.44,15920.900041237473
13729,OK,59.900,0.44,15894.999960437417
13730,OK,58.300,0.44,15986.700018402189
13731,OK,99.300,0.44,15769.599995110184
13732,OK,58.500,0.44,15838.899998925626
13733,OK,41.000,0.44,15990.499989129603
13734,OK,73.100,0.44,16126.499976962805
13735,OK,60.200,0.44,15781.500027514994
13736,OK,62.700,0.44,15840.800013393164
13737,OK,59.100,0.44,15977.70000807941
13738,OK,186.100,0.44,15667.600033339113
13739,OK,91.000,0.44,15824.900008738041
13740,OK,88.900,0.44,15813.999983947724
13741,OK,87.400,0.44,15845.69999249652
13742,OK,87.800,0.44,15870.500006712973
13743,OK,69.000,0.44,15855.900011956692
13744,OK,62.800,0.44,15888.100024312735
13745,OK,67.600,0.44,15902.00001373887
13746,OK,89.600,0.44,15874.999982770532
13747,OK,86.900,0.44,15913.599985651672
13748,OK,71.700,0.44,15889.799979049712
13749,OK,57.700,0.44,15873.299969825894
13750,OK,70.400,0.44,15899.19999241829
13751,OK,72.500,0.44,15825.800015591085
13752,OK,84.500,0.44,15965.399972628802
13753,OK,131.700,0.44,15714.699984528124
13754,OK,56.600,0.44,16004.499979317188
13755,OK,48.200,0.44,15931.900008581579
13756,OK,60.800,0.44,15973.400033544749
13757,OK,91.900,0.44,15805.200033355504
13758,OK,97.900,0.44,15901.300008408725
13759,OK,78.600,0.44,15786.300005856901
13760,OK,83.000,0.44,15783.000038936734
13761,OK,83.000,0.44,15944.399987347424
13762,OK,80.200,0.44,15826.099959667772
13763,OK,83.400,0.44,15879.300015512854
13764,OK,67.300,0.44,15875.199984293431
13765,OK,93.800,0.44,15819.399966858327
13766,OK,109.700,0.44,15812.500030733645
13767,OK,121.400,0.44,16165.099979843944
13768,OK,180.600,0.44,15684.499987401068
13769,OK,212.700,0.44,15718.700014986098
13770,OK,86.000,0.44,15499.699977226555
13771,OK,83.800,0.44,16164.30003196001
13772,OK,96.200,0.44,15865.299967117608
13773,OK,80.600,0.44,15799.79999223724
13774,OK,65.400,0.44,15585.299988742918
13775,OK,63.300,0.44,15862.700005527586
13776,OK,60.800,0.44,16036.800050642341
13777,OK,58.900,0.44,16100.200009532273
13778,OK,58.500,0.44,15496.900014113635
13779,OK,55.100,0.44,16203.699982725084
13780,OK,70.300,0.44,15876.89999723807
13781,OK,69.400,0.44,15671.500004827976
13782,OK,97.200,0.44,16127.499984577298
13783,OK,75.200,0.44,15940.400015097111
13784,OK,84.900,0.44,15784.199989866465
13785,OK,86.800,0.44,15559.099963866174
13786,OK,79.900,0.44,15884.799999184906
13787,OK,83.400,0.44,15745.199983939528
13788,OK,66.000,0.44,16207.800013944507
13789,OK,55.800,0.44,15639.199991710484
13790,OK,48.200,0.44,16140.199964866042
13791,OK,53.000,0.44,15974.899986758828
13792,OK,93.600,0.44,15941.100020427257
13793,OK,65.900,0.44,15557.000006083399
13794,OK,68.700,0.44,16171.899973414838
13795,OK,81.300,0.44,15605.6999694556
13796,OK,139.700,0.44,15716.199995949864
13797,OK,90.900,0.44,15812.500030733645
13798,OK,48.700,0.44,15926.700027193874
13799,OK,51.000,0.44,16132.800024934113
13800,OK,45.900,0.44,15950.700035318732
13801,OK,61.700,0.44,15589.900023769587
13802,OK,88.400,0.44,16206.000000238419
13803,OK,58.900,0.44,15880.699967965484
13804,OK,98.800,0.44,15860.900050029159
13805,OK,76.600,0.44,15840.800013393164
13806,OK,64.800,0.44,15932.200010865927
13807,OK,81.700,0.44,15513.800026383251
13808,OK,100.100,0.44,16274.299996439368
13809,OK,140.400,0.44,15345.500025432557
13810,OK,109.600,0.44,16147.000016644597
13811,OK,59.300,0.44,15866.599977016449
13812,OK,66.100,0.44,15653.09998113662
13813,OK,100.000,0.44,15936.599986162037
13814,OK,83.500,0.44,15785.399999003857
13815,OK,95.900,0.44,15784.89999519661
13816,OK,118.000,0.44,15715.699992142618
13817,OK,51.900,0.44,15925.999963656068
13818,OK,51.300,0.44,15951.299981679767
13819,OK,47.800,0.44,15925.70001957938
13820,OK,50.500,0.44,15850.900032091886
13821,OK,59.700,0.44,15914.099989458919
13822,OK,48.500,0.44,16004.600038286299
13823,OK,42.200,0.44,15847.1999457106
13824,OK,48.200,0.44,15987.100021447986
13825,OK,53.200,0.44,15771.400008816272
13826,OK,59.600,0.44,15981.499978806823
13827,OK,60.600,0.44,15841.200016438961
13828,OK,66.400,0.44,15930.399997159839
13829,OK,67.700,0.44,15953.699999954551
13830,OK,56.900,0.44,15899.899997748435
13831,OK,58.500,0.44,15932.500013150275
13832,OK,62.200,0.44,15840.500011108816
13833,OK,75.800,0.44,15852.099983021617
13834,OK,118.600,0.44,15858.000027947128
13835,OK,48.500,0.44,15911.600028630346
13836,OK,68.700,0.44,15877.099998760968
13837,OK,53.000,0.44,15909.000008832663
13838,OK,58.000,0.44,15863.70001314208
13839,OK,41.400,0.44,15924.09994918853
13840,OK,105.000,0.44,15957.100025843829
13841,OK,83.400,0.44,15765.70002362132
13842,OK,97.500,0.44,15811.100020073354
13843,OK,109.200,0.44,15969.800006132573
13844,OK,95.900,0.44,15771.999955177307
13845,OK,59.800,0.44,15904.500032775104
13846,OK,50.600,0.44,15872.39996297285
13847,OK,58.300,0.44,15889.699978288263
13848,OK,49.100,0.44,15903.70002668351
13849,OK,56.300,0.44,15926.099964417517
13850,OK,55.200,0.44,15925.90002110228
13851,OK,62.100,0.44,15927.30003176257
13852,OK,52.800,0.44,15924.600011203438
13853,OK,66.300,0.44,15929.799992591143
13854,OK,66.900,0.44,15892.399998847395
13855,OK,77.700,0.44,15872.199961449951
13856,OK,76.600,0.44,15834.800025913864
13857,OK,77.500,0.44,15875.799988862127
13858,OK,69.100,0.44,15962.300007231534
13859,OK,61.300,0.44,15856.20001424104
13860,OK,60.300,0.44,15892.399998847395
13861,OK,54.200,0.44,15958.29997677356
13862,OK,64.100,0.44,15862.300002481788
13863,OK,69.300,0.44,15903.000021353364
13864,OK,58.400,0.44,15857.199963647872
13865,OK,49.800,0.44,15976.800001226366
13866,OK,50.700,0.44,15923.099999781698
13867,OK,121.200,0.44,15828.600036911666
13868,OK,82.200,0.44,15808.099997229874
13869,OK,103.500,0.44,15907.599998172373
13870,OK,52.900,0.44,15899.999998509884
13871,OK,106.000,0.44,15783.39998377487
13872,OK,64.000,0.44,15883.799991570413
13873,OK,61.700,0.44,15953.699999954551
13874,OK,60.300,0.44,15855.200006626546
13875,OK,62.100,0.44,15829.599986318499
13876,OK,62.300,0.44,15907.399996649474
13877,OK,62.700,0.44,15846.700000111014
13878,OK,71.400,0.44,15913.499984890223
13879,OK,52.900,0.44,15943.39997973293
13880,OK,62.700,0.44,15853.19999139756
13881,OK,51.000,0.44,15925.100015010685
13882,OK,51.400,0.44,15912.199974991381
13883,OK,74.400,0.44,15886.700013652444
13884,OK,82.600,0.44,15845.999994780868
13885,OK,49.700,0.44,16026.099969167262
13886,OK,49.500,0.44,15878.200007136911
13887,OK,68.000,0.44,15869.599999859929
13888,OK,47.300,0.44,15873.400028795004
13889,OK,46.100,0.44,16016.30001096055
13890,OK,57.600,0.44,15909.700014162809
13891,OK,66.800,0.44,15864.99996483326
13892,OK,49.900,0.44,15939.900011289865
13893,OK,69.100,0.44,15854.500001296401
13894,OK,55.900,0.44,15936.899988446385
13895,OK,67.000,0.44,15870.599949266762
13896,OK,70.500,0.44,15878.30000789836
13897,OK,87.400,0.44,15873.599972110242
13898,OK,55.200,0.44,15997.899987269193
13899,OK,57.600,0.44,15852.799988351762
13900,OK,67.100,0.44,15886.300010606647
13901,OK,52.500,0.44,15803.000016603619
13902,OK,77.600,0.44,15869.099996052682
13903,OK,49.100,0.44,15923.500002827495
13904,OK,58.300,0.44,15926.600026432425
13905,OK,57.500,0.44,15794.600010849535
13906,OK,50.900,0.44,15883.799991570413
13907,OK,68.600,0.44,15941.000019665807
13908,OK,57.300,0.44,15951.699984725565
13909,OK,80.500,0.44,15769.399993587285
13910,OK,62.100,0.44,15912.39997651428
13911,OK,93.400,0.44,15948.400017805398
13912,OK,60.900,0.44,15840.100008063018
13913,OK,80.300,0.44,15862.300002481788
13914,OK,90.500,0.44,15853.499993681908
13915,OK,62.900,0.44,15940.800018142909
13916,OK,63.000,0.44,15849.399962462485
13917,OK,61.700,0.44,15885.200002230704
13918,OK,75.900,0.44,15895.000018645078
13919,OK,65.300,0.44,15848.000010009855
13920,OK,76.400,0.44,15922.099992167205
13921,OK,119.300,0.44,15754.199994262308
13922,OK,83.800,0.44,15906.799992080778
13923,OK,67.700,0.44,15836.299979127944
13924,OK,49.300,0.44,15901.499951723963
13925,OK,47.100,0.44,15996.400034055114
13926,OK,64.500,0.44,15905.500040389597
13927,OK,66.300,0.44,15865.199966356158
13928,OK,65.400,0.44,15880.200022365898
13929,OK,49.300,0.44,15920.100035145879
13930,OK,62.800,0.44,15903.699968475848
13931,OK,44.600,0.44,15941.200021188706
13932,OK,45.700,0.44,15888.200025074184
13933,OK,46.200,0.44,15903.100022114813
13934,OK,46.200,0.44,15938.500000629574
13935,OK,50.300,0.44,15891.899995040148
13936,OK,55.400,0.44,15891.099988948554
13937,OK,67.300,0.44,15938.500000629574
13938,OK,114.700,0.44,15793.400001712143
13939,OK,83.200,0.44,15954.900009091944
13940,OK,83.200,0.44,15868.099988438189
13941,OK,68.900,0.44,15842.9000293836
13942,OK,63.200,0.44,15901.100006885827
13943,OK,88.900,0.44,15874.10003412515
13944,OK,73.100,0.44,15873.200027272105
13945,OK,63.000,0.44,15922.499995213002
13946,OK,100.000,0.44,15859.299979638308
13947,OK,63.500,0.44,15807.599993422627
13948,OK,59.200,0.44,15899.19999241829
13949,OK,48.800,0.44,15930.800000205636
13950,OK,42.600,0.44,15898.699988611042
13951,OK,42.700,0.44,15942.899975925684
13952,OK,79.400,0.44,15880.200022365898
13953,OK,69.900,0.44,15898.99999089539
13954,OK,53.900,0.44,15913.399984128773
13955,OK,54.600,0.44,15898.399986326694
13956,OK,63.700,0.44,15900.60000307858
13957,OK,50.100,0.44,15911.099966615438
13958,OK,48.500,0.44,15901.100006885827
13959,OK,61.600,0.44,15909.50001263991
13960,OK,85.600,0.44,15928.79998497665
13961,OK,123.800,0.44,15757.700020913035
13962,OK,57.900,0.44,15903.800027444959
13963,OK,55.100,0.44,15891.5999927558
13964,OK,56.200,0.44,15928.59998345375
13965,OK,73.000,0.44,15890.30004106462
13966,OK,69.200,0.44,15917.699958663434
13967,OK,64.300,0.44,15976.700000464916
13968,OK,62.700,0.44,15850.499970838428
13969,OK,124.500,0.44,15778.000000864267
13970,OK,183.600,0.44,15660.899982322007
13971,OK,151.200,0.44,15790.500037837774
13972,OK,81.500,0.44,15805.899980477989
13973,OK,58.600,0.44,15905.700041912496
13974,OK,69.400,0.44,15885.000000707805
13975,OK,56.900,0.44,15896.799974143505
13976,OK,94.800,0.44,15828.699979465455
13977,OK,59.800,0.44,15865.700028371066
13978,OK,57.200,0.44,15983.899997081608
13979,OK,135.000,0.44,15725.80001084134
13980,OK,112.100,0.44,15783.699986059219
13981,OK,71.100,0.44,15887.899964582175
13982,OK,45.000,0.44,15903.50002516061
13983,OK,44.600,0.44,15952.200046740472
13984,OK,67.300,0.44,15892.099996563047
13985,OK,55.100,0.44,15855.000005103648
13986,OK,69.600,0.44,15951.199980918318
13987,OK,96.100,0.44,15859.599981922656
13988,OK,66.900,0.44,15902.299957815558
13989,OK,69.000,0.44,15863.800013903528
13990,OK,65.900,0.44,15909.900015685707
13991,OK,78.600,0.44,15852.299984544516
13992,OK,106.000,0.44,15884.099993854761
13993,OK,89.600,0.44,15811.100020073354
13994,OK,103.600,0.44,15824.89995053038
13995,OK,78.800,0.44,15846.199996303767
13996,OK,111.300,0.44,18160.10003676638
13997,OK,102.000,0.44,13503.100024536252
13998,OK,117.500,0.44,15820.500033441931
13999,OK,90.900,0.44,15862.900007050484
14000,OK,104.400,0.44,15777.69999857992
14001,OK,112.700,0.44,15692.299988586456
14002,OK,88.100,0.44,15873.600030317903
14003,OK,94.400,0.44,15859.20003708452
14004,OK,87.600,0.44,15838.799998164177
14005,OK,78.900,0.44,15847.20000391826
14006,OK,98.400,0.44,15860.399988014251
14007,OK,106.200,0.44,15830.399992410094
14008,OK,97.800,0.44,15863.800013903528
14009,OK,80.700,0.44,15816.399944014847
14010,OK,81.100,0.44,15890.000038780272
14011,OK,86.500,0.44,15844.599984120578
14012,OK,57.600,0.44,15866.60003522411
14013,OK,48.500,0.44,15990.299987606704
14014,OK,77.700,0.44,15838.29999435693
14015,OK,68.700,0.44,15947.600011713803
14016,OK,70.300,0.44,15845.599991735071
14017,OK,85.500,0.44,15823.200054001063
14018,OK,78.500,0.44,15899.699996225536
14019,OK,61.600,0.44,15930.800000205636
14020,OK,69.200,0.44,15867.499983869493
14021,OK,86.900,0.44,15861.499996390194
14022,OK,74.200,0.44,15876.699995715171
14023,OK,70.600,0.44,15961.40000037849
14024,OK,53.100,0.44,15873.599972110242
14025,OK,54.800,0.44,15897.400036919862
14026,OK,59.700,0.44,15960.699995048344
14027,OK,79.500,0.44,15825.900016352534
14028,OK,66.700,0.44,15929.499990306795
14029,OK,50.500,0.44,15929.499990306795
14030,OK,112.600,0.44,15831.400000024587
14031,OK,106.700,0.44,15861.100051552057
14032,OK,67.600,0.44,15877.099998760968
14033,OK,73.700,0.44,15864.89996407181
14034,OK,75.200,0.44,15837.799990549684
14035,OK,80.200,0.44,15805.399976670742
14036,OK,71.000,0.44,15849.800023715943
14037,OK,61.300,0.44,15952.39999005571
14038,OK,92.300,0.44,15834.800025913864
14039,OK,95.400,0.44,15820.800035726279
14040,OK,58.600,0.44,15933.20001848042
14041,OK,73.000,0.44,15845.899994019419
14042,OK,79.900,0.44,15852.499986067414
14043,OK,70.300,0.44,15945.500053931028
14044,OK,105.100,0.44,15750.600025057793
14045,OK,58.600,0.44,15934.899973217398
14046,OK,66.900,0.44,15880.199964158237
14047,OK,86.300,0.44,15904.000028967857
14048,OK,104.800,0.44,15808.70000179857
14049,OK,59.300,0.44,15823.800000362098
14050,OK,64.200,0.44,15921.999991405755
14051,OK,49.000,0.44,15880.299964919686
14052,OK,54.300,0.44,16277.600021567196
14053,OK,60.900,0.44,15958.29997677356
14054,OK,66.500,0.44,15828.600036911666
14055,OK,56.900,0.44,15929.699991829693
14056,OK,59.800,0.44,15591.600036714226
14057,OK,51.800,0.44,16203.800041694194
14058,OK,64.800,0.44,15593.499992974102
14059,OK,67.900,0.44,15847.20000391826
14060,OK,61.900,0.44,16025.400022044778
14061,OK,44.000,0.44,16200.200014282018
14062,OK,52.900,0.44,15884.499996900558
14063,OK,56.100,0.44,15699.09998215735
14064,OK,63.000,0.44,16094.60002509877
14065,OK,78.600,0.44,15564.20000270009
14066,OK,93.900,0.44,15803.999966010451
14067,OK,66.000,0.44,15890.999988187104
14068,OK,75.400,0.44,16070.000012405217
14069,OK,47.600,0.44,15689.399966504425
14070,OK,72.500,0.44,15935.399977024645
14071,OK,94.400,0.44,15799.999993760139
14072,OK,77.700,0.44,16093.999962322414
14073,OK,144.500,0.44,16079.199966043234
14074,OK,228.200,0.44,15326.099994126707
14075,OK,87.300,0.44,15895.700023975223
14076,OK,188.000,0.44,15532.500052358955
14077,OK,75.200,0.44,16001.40001391992
14078,OK,160.000,0.44,15575.300029013306
14079,OK,61.300,0.44,15929.100045468658
14080,OK,67.600,0.44,15901.700011454523
14081,OK,49.900,0.44,15861.699997913092
14082,OK,56.600,0.44,15933.600021526217
14083,OK,54.900,0.44,15917.800017632544
14084,OK,59.600,0.44,15888.899972196668
14085,OK,50.800,0.44,15945.09999267757
14086,OK,83.000,0.44,15826.199960429221
14087,OK,81.800,0.44,15875.899989623576
14088,OK,70.500,0.44,15932.799957226962
14089,OK,59.400,0.44,15883.199987001717
14090,OK,58.900,0.44,15886.300010606647
14091,OK,57.100,0.44,15895.000018645078
14092,OK,51.200,0.44,15940.000012051314
14093,OK,53.900,0.44,15931.60000629723
14094,OK,61.300,0.44,15827.000024728477
14095,OK,60.900,0.44,15904.100029729307
14096,OK,73.900,0.44,15836.89998369664
14097,OK,49.100,0.44,15926.700027193874
14098,OK,55.900,0.44,15963.500016368926
14099,OK,81.900,0.44,15870.200004428625
14100,OK,77.300,0.44,15831.400000024587
14101,OK,87.800,0.44,15691.799984779209
14102,OK,86.700,0.44,15907.500055618584
14103,OK,81.000,0.44,15855.200006626546
14104,OK,56.300,0.44,15906.299988273531
14105,OK,65.500,0.44,15890.20004030317
14106,OK,59.800,0.44,15836.099977605045
14107,OK,60.700,0.44,15881.200029980391
14108,OK,59.600,0.44,15883.499989286065
14109,OK,65.100,0.44,15887.000015936792
14110,OK,93.400,0.44,15920.399979222566
14111,OK,56.300,0.44,15894.000011030585
14112,OK,48.200,0.44,15928.000037092716
14113,OK,65.500,0.44,15900.60000307858
14114,OK,69.600,0.44,15907.299995888025
14115,OK,55.000,0.44,15881.30003074184
14116,OK,54.700,0.44,15899.399993941188
14117,OK,52.900,0.44,15918.900026008487
14118,OK,58.500,0.44,15864.600019995123
14119,OK,74.700,0.44,15922.299993690103
14120,OK,60.700,0.44,15890.20004030317
14121,OK,57.700,0.44,15883.099986240268
14122,OK,58.500,0.44,15927.799977362156
14123,OK,61.800,0.44,15903.800027444959
14124,OK,71.900,0.44,15803.099959157407
14125,OK,51.500,0.44,15871.500014327466
14126,OK,45.800,0.44,15981.500037014484
14127,OK,50.200,0.44,15883.999993093312
14128,OK,58.300,0.44,15956.69996459037
14129,OK,65.900,0.44,15925.59996061027
14130,OK,58.400,0.44,15917.299955617636
14131,OK,71.100,0.44,15888.799971435219
14132,OK,55.600,0.44,15907.099994365126
14133,OK,61.900,0.44,16237.200004979968
14134,OK,150.500,0.44,15410.09999345988
14135,OK,56.900,0.44,15899.599995464087
14136,OK,57.200,0.44,15867.89998691529
14137,OK,55.800,0.44,15903.5999677144
14138,OK,42.600,0.44,15926.499967463315
14139,OK,43.300,0.44,15895.99996805191
14140,OK,52.100,0.44,15933.799964841455
14141,OK,74.100,0.44,15871.800016611814
14142,OK,56.700,0.44,15880.500024650246
14143,OK,94.900,0.44,15949.60002694279
14144,OK,84.600,0.44,15812.199970241636
14145,OK,61.600,0.44,15910.79996433109
14146,OK,82.300,0.44,15873.700031079352
14147,OK,63.700,0.44,15848.000010009855
14148,OK,55.100,0.44,15835.100028198212
14149,OK,88.300,0.44,15993.800014257431
14150,OK,77.500,0.44,15806.699986569583
14151,OK,56.600,0.44,15895.600023213774
14152,OK,53.000,0.44,15950.700035318732
14153,OK,80.100,0.44,15880.300023127347
14154,OK,60.700,0.44,15890.19998209551
14155,OK,64.300,0.44,15873.100026510656
14156,OK,60.200,0.44,15909.60001340136
14157,OK,69.000,0.44,15949.49996797368
14158,OK,80.500,0.44,15813.000034540892
14159,OK,50.600,0.44,15859.900042414665
14160,OK,73.000,0.44,15896.700031589717
14161,OK,87.000,0.44,15840.000007301569
14162,OK,74.200,0.44,15936.999989207834
14163,OK,87.200,0.44,15826.29996119067
14164,OK,50.600,0.44,15947.299951221794
14165,OK,76.000,0.44,15871.10001128167
14166,OK,58.200,0.44,15841.399959754199
14167,OK,75.600,0.44,15937.999996822327
14168,OK,55.000,0.44,15899.699996225536
14169,OK,77.100,0.44,15900.900005362928
14170,OK,47.400,0.44,15843.299974221736
14171,OK,71.700,0.44,15903.5999677144
14172,OK,91.400,0.44,15982.299984898418
14173,OK,59.100,0.44,15807.19999037683
14174,OK,52.300,0.44,15855.300007387996
14175,OK,64.700,0.44,15897.69998099655
14176,OK,86.800,0.44,15886.800014413893
14177,OK,53.700,0.44,15872.2999622114
14178,OK,44.600,0.44,15942.999976687133
14179,OK,44.400,0.44,15909.29995290935
14180,OK,47.400,0.44,15947.600011713803
14181,OK,52.300,0.44,15910.600021015853
14182,OK,57.500,0.44,15965.399972628802
14183,OK,82.400,0.44,15851.399977691472
14184,OK,100.000,0.44,15805.199975147843
14185,OK,75.900,0.44,15891.399991232902
14186,OK,61.400,0.44,15871.700015850365
14187,OK,62.000,0.44,16074.499988462776
14188,OK,208.600,0.44,15523.200039751828
14189,OK,93.000,0.44,15809.000004082918
14190,OK,61.600,0.44,15917.299955617636
14191,OK,54.100,0.44,15889.199974481016
14192,OK,53.800,0.44,15915.50000011921
14193,OK,55.300,0.44,15900.900005362928
14194,OK,64.900,0.44,15895.400021690875
14195,OK,56.400,0.44,15893.299947492778
14196,OK,65.100,0.44,15898.099984042346
14197,OK,55.300,0.44,15892.700001131743
14198,OK,77.100,0.44,15824.000001884997
14199,OK,97.600,0.44,15915.29999859631
14200,OK,67.500,0.44,15958.300034981221
14201,OK,66.400,0.44,15675.300033763051
14202,OK,105.600,0.44,15929.999994114041
14203,OK,84.700,0.44,15799.399989191443
14204,OK,61.300,0.44,15906.39998903498
14205,OK,59.500,0.44,15855.700010433793
14206,OK,52.500,0.44,15892.800001893193
14207,OK,48.000,0.44,15936.10004056245
14208,OK,53.900,0.44,15866.299974732101
14209,OK,59.300,0.44,15950.79997787252
14210,OK,57.900,0.44,15882.599982433021
14211,OK,50.400,0.44,15906.300046481192
14212,OK,36.300,0.44,15953.499998431653
14213,OK,64.400,0.44,15932.000009343028
14214,OK,75.400,0.44,15858.100028708577
14215,OK,54.600,0.44,15931.70000705868
14216,OK,59.700,0.44,15889.000031165779
14217,OK,49.600,0.44,15911.600028630346
14218,OK,48.000,0.44,15949.200023896992
14219,OK,59.100,0.44,15892.399998847395
14220,OK,54.900,0.44,15907.699998933822
14221,OK,49.900,0.44,15913.400042336434
14222,OK,51.400,0.44,15943.500038702041
14223,OK,52.700,0.44,15919.89997541532
14224,OK,53.700,0.44,15910.099959000945
14225,OK,68.200,0.44,15895.000018645078
14226,OK,63.900,0.44,15892.399998847395
14227,OK,140.000,0.44,15739.900001790375
14228,OK,66.400,0.44,15933.400020003319
14229,OK,53.700,0.44,15920.300036668777
14230,OK,57.800,0.44,15907.699998933822
14231,OK,56.300,0.44,15917.900018393993
14232,OK,55.500,0.44,15832.300006877631
14233,OK,50.300,0.44,15904.099971521646
14234,OK,45.600,0.44,15936.19998311624
14235,OK,115.700,0.44,15855.700010433793
14236,OK,100.100,0.44,15805.299975909293
14237,OK,57.000,0.44,15902.00001373887
14238,OK,48.100,0.44,15926.100022625178
14239,OK,47.000,0.44,15924.699953757226
14240,OK,43.800,0.44,15956.999966874719
14241,OK,47.900,0.44,15929.200046230108
14242,OK,61.800,0.44,15901.100006885827
14243,OK,135.000,0.44,15737.900044769049
14244,OK,109.000,0.44,15846.700000111014
14245,OK,49.900,0.44,15850.900032091886
14246,OK,44.800,0.44,15950.300032272935
14247,OK,65.500,0.44,15937.000047415495
14248,OK,66.700,0.44,15861.299994867295
14249,OK,100.500,0.44,15820.999979041517
14250,OK,71.400,0.44,15913.199982605875
14251,OK,121.500,0.44,15793.099999427795
14252,OK,101.200,0.44,15795.700019225478
14253,OK,96.900,0.44,15879.700018558651
14254,OK,78.600,0.44,15838.699997402728
14255,OK,86.000,0.44,15900.400001555681
14256,OK,75.200,0.44,15849.300019908696
14257,OK,64.700,0.44,15907.90000045672
14258,OK,80.800,0.44,15846.599999349564
14259,OK,87.500,0.44,15854.800003580749
14260,OK,86.300,0.44,15844.499983359128
14261,OK,83.200,0.44,15840.400010347366
14262,OK,61.700,0.44,15933.900023810565
14263,OK,78.300,0.44,15890.30004106462
14264,OK,70.600,0.44,15840.300009585917
14265,OK,84.700,0.44,15827.100025489926
14266,OK,59.400,0.44,15988.699975423515
14267,OK,90.900,0.44,15830.099990125746
14268,OK,72.300,0.44,15922.79999749735
14269,OK,72.700,0.44,15854.400000534952
14270,OK,81.400,0.44,15838.599996641278
14271,OK,87.000,0.44,15847.30000467971
14272,OK,83.600,0.44,15872.099960688502
14273,OK,61.000,0.44,15878.800011705607
14274,OK,82.500,0.44,15886.000008322299
14275,OK,71.500,0.44,15819.899970665574
14276,OK,74.100,0.44,15875.900047831237
14277,OK,75.600,0.44,15871.300012804568
14278,OK,73.300,0.44,15858.500031754375
14279,OK,60.200,0.44,15919.700032100081
14280,OK,107.000,0.44,15876.89999723807
14281,OK,94.200,0.44,15854.500001296401
14282,OK,107.200,0.44,15831.800003070384
14283,OK,79.600,0.44,15842.500026337802
14284,OK,84.700,0.44,15865.499968640506
14285,OK,89.600,0.44,15863.000007811934
14286,OK,84.900,0.44,15797.199972439557
14287,OK,87.000,0.44,15914.299990981817
14288,OK,88.600,0.44,15828.10003310442
14289,OK,70.400,0.44,15896.10002702102
14290,OK,74.000,0.44,15889.500034973025
14291,OK,52.700,0.44,15932.799957226962
14292,OK,55.000,0.44,15942.400030326098
14293,OK,70.900,0.44,15843.100030906498
14294,OK,86.500,0.44,15826.200018636882
14295,OK,71.600,0.44,15916.9000107795
14296,OK,72.900,0.44,15871.00001052022
14297,OK,69.200,0.44,15954.800008330494
14298,OK,83.100,0.44,15781.900030560791
14299,OK,65.500,0.44,15882.400039117783
14300,OK,55.400,0.44,15905.799984466285
14301,OK,48.200,0.44,15756.80001405999
14302,OK,163.000,0.44,15859.799983445555
14303,OK,71.400,0.44,15835.900034289807
14304,OK,74.200,0.44,15989.49998151511
14305,OK,135.300,0.44,15708.199993241578
14306,OK,67.200,0.44,15810.600016266108
14307,OK,68.200,0.44,15814.899990800768
14308,OK,73.600,0.44,15950.700035318732
14309,OK,56.200,0.44,15906.299988273531
14310,OK,62.800,0.44,16160.400002263486
14311,OK,57.900,0.44,15568.80003772676
14312,OK,69.800,0.44,15866.799978539348
14313,OK,49.200,0.44,15961.900004185736
14314,OK,58.900,0.44,16198.099998291582
14315,OK,125.000,0.44,15510.90000430122
14316,OK,59.200,0.44,15879.69996035099
14317,OK,53.800,0.44,15871.899959165603
14318,OK,53.800,0.44,15905.20003810525
14319,OK,53.800,0.44,16116.400016471744
14320,OK,52.000,0.44,15907.799999695271
14321,OK,51.600,0.44,15874.400036409497
14322,OK,48.200,0.44,15867.89998691529
14323,OK,65.400,0.44,16201.600024942309
14324,OK,58.800,0.44,15798.099979292601
14325,OK,59.500,0.44,15698.799979873002
14326,OK,53.900,0.44,15869.700000621378
14327,OK,55.700,0.44,15913.599985651672
14328,OK,48.300,0.44,15913.800045382231
14329,OK,48.000,0.44,16022.399999201298
14330,OK,61.500,0.44,15821.200038772076
14331,OK,57.100,0.44,16308.400023262948
14332,OK,49.300,0.44,15762.400056701154
14333,OK,63.700,0.44,15889.999980572611
14334,OK,65.700,0.44,15916.700009256601
14335,OK,87.500,0.44,15619.10001328215
14336,OK,87.100,0.44,15798.499982338399
14337,OK,104.500,0.44,15781.099966261536
14338,OK,85.800,0.44,15947.800013236701
14339,OK,186.900,0.44,15553.79998171702
14340,OK,57.200,0.44,15870.000002905726
14341,OK,61.200,0.44,15884.599997662008
14342,OK,64.100,0.44,15895.300020929426
14343,OK,66.300,0.44,15875.40004402399
14344,OK,55.900,0.44,15962.000004947186
14345,OK,53.200,0.44,15863.799955695868
14346,OK,49.700,0.44,15973.000030498952
14347,OK,46.700,0.44,15910.600021015853
14348,OK,87.500,0.44,15873.500029556453
14349,OK,74.100,0.44,15884.499996900558
14350,OK,78.500,0.44,15929.899993352592
14351,OK,56.300,0.44,15834.799967706203
14352,OK,76.600,0.44,15913.399984128773
14353,OK,57.900,0.44,15852.600045036525
14354,OK,109.500,0.44,15837.899991311133
14355,OK,85.300,0.44,15859.799983445555
14356,OK,54.000,0.44,15922.299993690103
14357,OK,52.300,0.44,15896.700031589717
14358,OK,64.200,0.44,15908.500005025417
14359,OK,65.400,0.44,15895.100019406527
14360,OK,58.000,0.44,15914.899995550513
14361,OK,52.800,0.44,15916.79995181039
14362,OK,50.800,0.44,15913.699986413121
14363,OK,68.800,0.44,15902.900020591915
14364,OK,65.600,0.44,15903.199964668602
14365,OK,51.800,0.44,15927.499975077808
14366,OK,47.300,0.44,15930.900000967085
14367,OK,52.800,0.44,15934.60002914071
14368,OK,56.200,0.44,15853.40005112812
14369,OK,52.300,0.44,15947.299951221794
14370,OK,55.700,0.44,15859.499981161207
14371,OK,57.500,0.44,15905.799984466285
14372,OK,52.700,0.44,15897.5999802351
14373,OK,50.500,0.44,15920.399979222566
14374,OK,52.800,0.44,15929.899993352592
14375,OK,42.800,0.44,15962.899953592569
14376,OK,63.000,0.44,16058.700042776763
14377,OK,45.800,0.44,15811.600023880601
14378,OK,66.800,0.44,15797.500032931566
14379,OK,62.600,0.44,15966.599981766194
14380,OK,65.700,0.44,15925.100015010685
14381,OK,72.600,0.44,15859.199978876859
14382,OK,65.500,0.44,15820.800035726279
14383,OK,59.000,0.44,15949.39996721223
14384,OK,45.500,0.44,15908.10000197962
14385,OK,52.100,0.44,15925.400017295033
14386,OK,50.400,0.44,15910.599962808192
14387,OK,65.300,0.44,15848.300012294203
14388,OK,51.300,0.44,15972.799970768392
14389,OK,64.000,0.44,15844.899986404926
14390,OK,98.100,0.44,15876.89999723807
14391,OK,77.200,0.44,15941.600024234504
14392,OK,61.000,0.44,15895.399963483214
14393,OK,49.600,0.44,15928.300039377064
14394,OK,61.500,0.44,15823.900001123548
14395,OK,55.400,0.44,15966.099977958947
14396,OK,57.600,0.44,15892.399998847395
14397,OK,52.000,0.44,15906.199987512082
14398,OK,41.500,0.44,15873.90003260225
14399,OK,42.800,0.44,15957.999974489212
14400,OK,44.200,0.44,15962.80001103878
14401,OK,57.900,0.44,15781.399968545884
14402,OK,74.600,0.44,16111.00003356114
14403,OK,235.800,0.44,15592.999989166856
14404,OK,351.200,0.44,15164.600044954568
14405,OK,74.700,0.44,15893.500007223338
14406,OK,91.800,0.44,15831.800003070384
14407,OK,48.100,0.44,15923.900005873293
14408,OK,56.300,0.44,15905.600041151047
14409,OK,54.100,0.44,15905.999985989183
14410,OK,65.100,0.44,15941.100020427257
14411,OK,58.400,0.44,15870.800008997321
14412,OK,52.000,0.44,15838.199993595481
14413,OK,51.800,0.44,15990.599989891052
14414,OK,52.500,0.44,15908.800007309765
14415,OK,49.700,0.44,15880.700026173145
14416,OK,55.700,0.44,15999.90000249818
14417,OK,59.500,0.44,15824.200003407896
14418,OK,89.000,0.44,15895.500022452325
14419,OK,53.700,0.44,15892.199997324497
14420,OK,66.100,0.44,15831.400000024587
14421,OK,51.300,0.44,15922.299993690103
14422,OK,54.900,0.44,15951.999987009913
14423,OK,58.600,0.44,15878.000005614012
14424,OK,87.800,0.44,15857.900027185678
14425,OK,59.600,0.44,15859.09997811541
14426,OK,70.000,0.44,15894.300013314933
14427,OK,53.900,0.44,15905.599982943386
14428,OK,75.400,0.44,15880.599967204034
14429,OK,46.800,0.44,15937.400050461292
14430,OK,46.700,0.44,15905.400039628148
14431,OK,45.700,0.44,15918.899967800826
14432,OK,58.400,0.44,15922.300051897764
14433,OK,52.000,0.44,15912.29997575283
14434,OK,58.000,0.44,15916.200005449355
14435,OK,85.400,0.44,15870.600007474422
14436,OK,62.200,0.44,15901.700011454523
14437,OK,126.200,0.44,15732.800005935133
14438,OK,55.600,0.44,15897.399978712201
14439,OK,45.100,0.44,15903.200022876263
14440,OK,65.700,0.44,15946.200001053512
14441,OK,68.000,0.44,15862.500004004687
14442,OK,61.400,0.44,15902.900020591915
14443,OK,51.700,0.44,15937.199990730733
14444,OK,79.900,0.44,15905.499982181937
14445,OK,66.600,0.44,15867.499983869493
14446,OK,52.700,0.44,15908.10000197962
14447,OK,56.000,0.44,15937.199990730733
14448,OK,59.200,0.44,15885.300002992153
14449,OK,54.200,0.44,15836.999984458089
14450,OK,58.600,0.44,15910.299960523844
14451,OK,46.900,0.44,15951.600042171776
14452,OK,71.100,0.44,15841.500018723309
14453,OK,49.600,0.44,15858.300030231476
14454,OK,67.200,0.44,15943.200036417693
14455,OK,85.900,0.44,15878.100006375462
14456,OK,109.300,0.44,15912.200033199042
14457,OK,99.100,0.44,15779.300010763109
14458,OK,93.900,0.44,15747.099998407066
14459,OK,58.900,0.44,15910.700021777302
14460,OK,74.200,0.44,15963.600017130375
14461,OK,70.200,0.44,15893.000003416091
14462,OK,65.600,0.44,15850.499970838428
14463,OK,53.400,0.44,15949.200023896992
14464,OK,65.400,0.44,15804.700029548258
14465,OK,61.500,0.44,15920.499979984015
14466,OK,47.900,0.44,15926.700027193874
14467,OK,76.000,0.44,15932.500013150275
14468,OK,60.300,0.44,15897.49997947365
14469,OK,77.200,0.44,15863.900014664978
14470,OK,75.700,0.44,15837.599989026785
14471,OK,78.200,0.44,15850.899973884225
14472,OK,72.200,0.44,15875.999990385026
14473,OK,64.300,0.44,15978.399955201894
14474,OK,51.000,0.44,20385.699986945838
14475,OK,109.300,0.44,11320.79999661073
14476,OK,79.400,0.44,15858.099970500916
14477,OK,53.000,0.44,15879.600017797202
14478,OK,51.500,0.44,16015.300003346056
14479,OK,168.400,0.44,15672.499954234809
14480,OK,149.700,0.44,15672.100009396672
14481,OK,75.600,0.44,15843.899978790432
14482,OK,67.200,0.44,15885.300002992153
14483,OK,67.400,0.44,15882.400039117783
14484,OK,58.500,0.44,15908.600005786866
14485,OK,53.300,0.44,15918.899967800826
14486,OK,47.400,0.44,16004.4000367634
14487,OK,61.300,0.44,15891.5999927558
14488,OK,94.100,0.44,15831.600001547486
14489,OK,54.600,0.44,15932.799957226962
14490,OK,78.700,0.44,15855.000005103648
14491,OK,71.600,0.44,15910.300018731505
14492,OK,66.900,0.44,15886.600012890995
14493,OK,58.300,0.44,15912.900038529187
14494,OK,57.200,0.44,15850.600029807538
14495,OK,50.700,0.44,15900.200000032783
14496,OK,40.300,0.44,15945.599996484816
14497,OK,35.800,0.44,15910.9000233002
14498,OK,48.800,0.44,15956.79996535182
14499,OK,135.000,0.44,15810.900018550456
14500,OK,59.600,0.44,15863.400010857731
14501,OK,61.100,0.44,15846.199996303767
14502,OK,57.000,0.44,15924.699953757226
14503,OK,83.500,0.44,15863.899956457317
14504,OK,62.000,0.44,15897.399978712201
14505,OK,70.800,0.44,15848.000010009855
14506,OK,68.900,0.44,15826.300019398332
14507,OK,66.400,0.44,15904.799976851791
14508,OK,79.400,0.44,15716.099995188415
14509,OK,74.500,0.44,15958.499978296459
14510,OK,87.400,0.44,15819.20002354309
14511,OK,67.300,0.44,15905.299980659038
14512,OK,109.600,0.44,15800.099994521588
14513,OK,97.600,0.44,15842.59996889159
14514,OK,107.900,0.44,15819.09996457398
14515,OK,108.800,0.44,15839.90000654012
14516,OK,69.000,0.44,15883.399988524616
14517,OK,82.100,0.44,15852.699987590313
14518,OK,79.300,0.44,15894.000011030585
14519,OK,81.000,0.44,15862.500004004687
14520,OK,80.600,0.44,15913.199982605875
14521,OK,65.300,0.44,15874.10003412515
14522,OK,92.700,0.44,15814.399986993521
14523,OK,69.900,0.44,15895.600023213774
14524,OK,96.700,0.44,15850.30002752319
14525,OK,107.200,0.44,15872.700023464859
14526,OK,102.400,0.44,15877.300000283867
14527,OK,94.800,0.44,15746.799996122718
14528,OK,72.900,0.44,16052.499995566905
14529,OK,120.200,0.44,15726.899961009622
14530,OK,88.600,0.44,15733.30000974238
14531,OK,81.500,0.44,15842.69996965304
14532,OK,101.200,0.44,15868.399990722537
14533,OK,187.900,0.44,15724.900003988296
14534,OK,84.900,0.44,15872.40002118051
14535,OK,55.800,0.44,15889.799979049712
14536,OK,75.600,0.44,15937.799995299429
14537,OK,87.900,0.44,15885.499946307391
14538,OK,119.600,0.44,15761.099988594651
14539,OK,106.400,0.44,15848.300012294203
14540,OK,118.100,0.44,15959.099982865155
14541,OK,264.400,0.44,15461.700037121773
14542,OK,96.500,0.44,15760.599984787405
14543,OK,83.900,0.44,15870.100003667176
14544,OK,80.700,0.44,15839.999949093908
14545,OK,81.000,0.44,15848.000010009855
14546,OK,67.400,0.44,15961.29999961704
14547,OK,89.700,0.44,15809.300006367266
14548,OK,68.500,0.44,15993.300010450184
14549,OK,181.800,0.44,15525.199996773154
14550,OK,48.500,0.44,15911.499969661236
14551,OK,62.600,0.44,15910.300018731505
14552,OK,58.000,0.44,15951.00003760308
14553,OK,133.800,0.44,16151.799994986504
14554,OK,113.700,0.44,15454.199980013072
14555,OK,105.300,0.44,16331.90002758056
14556,OK,239.800,0.44,15302.899992093444
14557,OK,391.800,0.44,15054.300019983202
14558,OK,82.100,0.44,15839.100000448525
14559,OK,63.000,0.44,15894.80001712218
14560,OK,98.500,0.44,15838.899998925626
14561,OK,78.000,0.44,15912.799979560077
14562,OK,64.400,0.44,15892.700001131743
14563,OK,54.600,0.44,15933.499962557107
14564,OK,122.000,0.44,15748.200006783009
14565,OK,60.400,0.44,15867.699985392392
14566,OK,58.900,0.44,15923.500002827495
14567,OK,88.800,0.44,15853.499993681908
14568,OK,82.000,0.44,15872.999967541546
14569,OK,73.400,0.44,15910.000016447157
14570,OK,53.700,0.44,15909.199952147901
14571,OK,50.700,0.44,15886.100009083748
14572,OK,71.300,0.44,15884.19999461621
14573,OK,64.100,0.44,15940.50001585856
14574,OK,75.100,0.44,15823.49999807775
14575,OK,72.700,0.44,15887.500019744039
14576,OK,82.100,0.44,15913.199982605875
14577,OK,107.600,0.44,15787.299955263734
14578,OK,75.800,0.44,15808.900003321469
14579,OK,69.400,0.44,16310.299979522824
14580,OK,162.500,0.44,15480.100002605468
14581,OK,122.800,0.44,15938.299999106675
14582,OK,301.400,0.44,15146.699966862798
14583,OK,63.100,0.44,16402.90004434064
14584,OK,91.600,0.44,15649.400011170655
14585,OK,59.600,0.44,15601.899998728186
14586,OK,57.500,0.44,15901.300008408725
14587,OK,64.100,0.44,15881.099971011281
14588,OK,58.200,0.44,16264.599980786443
14589,OK,47.400,0.44,15906.70004952699
14590,OK,56.100,0.44,15896.800032351166
14591,OK,61.600,0.44,15897.000033874065
14592,OK,105.200,0.44,15888.69997067377
14593,OK,71.200,0.44,15688.200015574694
14594,OK,86.600,0.44,15842.299966607243
14595,OK,110.500,0.44,15717.600006610155
14596,OK,54.100,0.44,15918.900026008487
14597,OK,57.400,0.44,16011.099971365184
14598,OK,226.700,0.44,15531.4999865368
14599,OK,90.900,0.44,15816.09999993816
14600,OK,79.000,0.44,15870.79995078966
14601,OK,85.800,0.44,15733.400010503829
14602,OK,88.100,0.44,15922.6999967359
14603,OK,96.100,0.44,15783.900045789778
14604,OK,81.200,0.44,15864.300017710775
14605,OK,87.200,0.44,15849.299961701035
14606,OK,69.400,0.44,15855.400008149445
14607,OK,77.500,0.44,15981.600037775934
14608,OK,82.700,0.44,15747.500001452863
14609,OK,93.300,0.44,15941.800025757402
14610,OK,50.900,0.44,15930.499997921288
14611,OK,103.500,0.44,15727.800026070327
14612,OK,61.400,0.44,15933.900023810565
14613,OK,63.400,0.44,15824.600006453693
14614,OK,58.500,0.44,15946.699946653098
14615,OK,70.800,0.44,15925.300016533583
14616,OK,56.800,0.44,15862.200001720339
14617,OK,93.200,0.44,15795.39995873347
14618,OK,43.700,0.44,15953.800000716
14619,OK,61.500,0.44,15945.10005088523
14620,OK,46.700,0.44,15849.500021431595
14621,OK,51.100,0.44,15947.599953506142
14622,OK,35.400,0.44,15864.900022279471
14623,OK,56.200,0.44,15981.700038537383
14624,OK,61.600,0.44,15869.599999859929
14625,OK,69.200,0.44,15919.400029815733
14626,OK,62.600,0.44,15858.99997735396
14627,OK,68.500,0.44,15911.600028630346
14628,OK,78.700,0.44,15921.699989121407
14629,OK,48.800,0.44,15891.999995801598
14630,OK,47.100,0.44,15899.400052148849
14631,OK,51.800,0.44,15969.800006132573
14632,OK,50.500,0.44,15922.499995213002
14633,OK,52.200,0.44,15859.299979638308
14634,OK,47.700,0.44,15876.99999799952
14635,OK,76.900,0.44,15980.299969669431
14636,OK,63.300,0.44,15844.900044612586
14637,OK,39.800,0.44,15936.499985400587
14638,OK,61.900,0.44,15955.200011376292
14639,OK,43.000,0.44,15889.099973719567
14640,OK,44.200,0.44,15917.900018393993
14641,OK,44.900,0.44,15925.600018817931
14642,OK,43.500,0.44,15923.400002066046
14643,OK,61.800,0.44,15908.800007309765
14644,OK,50.400,0.44,15901.100006885827
14645,OK,46.600,0.44,15904.799976851791
14646,OK,34.400,0.44,15976.800001226366
14647,OK,46.400,0.44,15926.599968224764
14648,OK,44.700,0.44,15939.20000595972
14649,OK,74.800,0.44,15900.60000307858
14650,OK,52.000,0.44,15931.999951135367
14651,OK,63.400,0.44,15909.300011117011
14652,OK,57.500,0.44,15824.499947484583
14653,OK,52.500,0.44,15914.300049189478
14654,OK,53.100,0.44,15917.500015348196
14655,OK,58.400,0.44,15891.499991994351
14656,OK,72.000,0.44,15902.10001450032
14657,OK,49.500,0.44,15939.20000595972
14658,OK,66.000,0.44,15886.500012129545
14659,OK,47.300,0.44,15890.20004030317
14660,OK,55.100,0.44,15957.799972966313
14661,OK,62.000,0.44,15896.899974904954
14662,OK,71.500,0.44,15898.700046818703
14663,OK,68.900,0.44,15896.399971097708
14664,OK,54.900,0.44,15874.899982009083
14665,OK,75.800,0.44,15898.399986326694
14666,OK,58.100,0.44,15906.999993603677
14667,OK,62.700,0.44,15891.899995040148
14668,OK,56.300,0.44,15881.30003074184
14669,OK,55.900,0.44,15931.400004774332
14670,OK,55.700,0.44,15851.59997921437
14671,OK,76.000,0.44,15913.299983367324
14672,OK,52.400,0.44,15921.700047329068
14673,OK,50.200,0.44,15912.800037767738
14674,OK,52.700,0.44,15841.499960515648
14675,OK,49.800,0.44,15982.599987182766
14676,OK,63.700,0.44,15878.700010944158
14677,OK,61.300,0.44,15888.90003040433
14678,OK,46.000,0.44,15908.10000197962
14679,OK,64.100,0.44,15979.999967385083
14680,OK,56.200,0.44,15869.000053498894
14681,OK,73.800,0.44,15850.299969315529
14682,OK,47.700,0.44,15931.70000705868
14683,OK,49.100,0.44,15907.000051811337
14684,OK,46.500,0.44,15970.20000917837
14685,OK,50.200,0.44,15851.69997997582
14686,OK,201.000,0.44,15811.500023119152
14687,OK,79.200,0.44,15812.99997633323
14688,OK,48.700,0.44,15947.100007906556
14689,OK,114.700,0.44,15883.299987763166
14690,OK,66.600,0.44,15804.999973624945
14691,OK,106.500,0.44,15892.399998847395
14692,OK,57.900,0.44,15825.500013306737
14693,OK,62.500,0.44,15942.400030326098
14694,OK,56.500,0.44,15863.50001161918
14695,OK,52.100,0.44,15925.200015772134
14696,OK,51.800,0.44,15901.800012215972
14697,OK,49.700,0.44,15901.600010693073
14698,OK,54.000,0.44,15960.799995809793
14699,OK,143.500,0.44,15787.99996059388
14700,OK,51.400,0.44,15905.800042673945
14701,OK,59.600,0.44,15789.699973538518
14702,OK,75.800,0.44,15755.600004922599
14703,OK,76.800,0.44,15889.500034973025
14704,OK,114.300,0.44,15790.699981153011
14705,OK,47.800,0.44,15934.70002990216
14706,OK,66.400,0.44,15898.400044534355
14707,OK,59.200,0.44,15960.999997332692
14708,OK,42.800,0.44,15900.70000384003
14709,OK,42.700,0.44,15811.8000254035
14710,OK,42.300,0.44,15918.100019916892
14711,OK,47.500,0.44,15904.000028967857
14712,OK,48.100,0.44,15921.19998531416
14713,OK,51.700,0.44,15880.200022365898
14714,OK,47.800,0.44,15970.399952493608
14715,OK,51.000,0.44,15906.39998903498
14716,OK,47.600,0.44,15918.40002220124
14717,OK,46.800,0.44,15902.700019069016
14718,OK,47.400,0.44,15947.300009429455
14719,OK,67.100,0.44,15850.299969315529
14720,OK,60.900,0.44,15937.69999453798
14721,OK,39.400,0.44,15895.000018645078
14722,OK,37.600,0.44,16000.200004782528
14723,OK,46.100,0.44,15946.800005622208
14724,OK,45.700,0.44,15921.200043521821
14725,OK,47.300,0.44,15886.200009845197
14726,OK,51.800,0.44,15968.099993187934
14727,OK,52.000,0.44,15873.400028795004
14728,OK,76.300,0.44,15940.300014335662
14729,OK,55.500,0.44,15870.700008235872
14730,OK,54.700,0.44,15939.900011289865
14731,OK,70.000,0.44,15880.599967204034
14732,OK,73.700,0.44,15894.199954345822
14733,OK,55.300,0.44,15885.799948591739
14734,OK,57.200,0.44,15900.300000794232
14735,OK,140.300,0.44,15760.199981741607
14736,OK,73.000,0.44,15836.89998369664
14737,OK,42.900,0.44,15933.30001924187
14738,OK,42.900,0.44,15950.89997863397
14739,OK,40.800,0.44,15948.200016282499
14740,OK,46.200,0.44,15862.799948081374
14741,OK,31.300,0.44,15949.200023896992
14742,OK,104.100,0.44,15891.5999927558
14743,OK,52.300,0.44,15853.499993681908
14744,OK,42.300,0.44,15900.60000307858
14745,OK,39.900,0.44,15946.800005622208
14746,OK,38.400,0.44,15931.100002489984
14747,OK,42.000,0.44,15953.099995385855
14748,OK,41.300,0.44,15944.199985824525
14749,OK,49.500,0.44,15970.499953255057
14750,OK,95.300,0.44,15765.000018291175
14751,OK,60.000,0.44,15910.200017970055
14752,OK,71.800,0.44,15928.399981930852
14753,OK,57.700,0.44,15881.30003074184
14754,OK,57.800,0.44,15953.699999954551
14755,OK,61.800,0.44,15886.299952398986
14756,OK,59.700,0.44,15824.300004169345
14757,OK,59.200,0.44,15916.199947241694
14758,OK,55.900,0.44,15888.899972196668
14759,OK,90.100,0.44,15892.299998085946
14760,OK,73.800,0.44,15863.199951127172
14761,OK,90.600,0.44,15873.800031840801
14762,OK,74.000,0.44,15875.999990385026
14763,OK,80.600,0.44,15861.199994105846
14764,OK,77.200,0.44,15872.599964495748
14765,OK,73.800,0.44,15871.700015850365
14766,OK,72.400,0.44,15880.799968726933
14767,OK,85.300,0.44,15863.50001161918
14768,OK,86.000,0.44,15866.100031416863
14769,OK,82.500,0.44,15868.399990722537
14770,OK,98.300,0.44,15809.000004082918
14771,OK,98.400,0.44,15848.900016862899
14772,OK,93.500,0.44,15871.799958404154
14773,OK,106.300,0.44,15871.699957642704
14774,OK,65.700,0.44,15862.900007050484
14775,OK,89.000,0.44,15834.200021345168
14776,OK,85.700,0.44,15853.399992920458
14777,OK,78.800,0.44,15866.499976255
14778,OK,85.900,0.44,15875.199984293431
14779,OK,84.400,0.44,15877.099998760968
14780,OK,62.900,0.44,15851.600037422031
14781,OK,78.900,0.44,15883.799991570413
14782,OK,63.500,0.44,15876.699995715171
14783,OK,65.400,0.44,15945.599996484816
14784,OK,113.700,0.44,15770.600002724677
14785,OK,64.200,0.44,15987.499966286123
14786,OK,85.200,0.44,15747.199999168515
14787,OK,58.300,0.44,15895.100019406527
14788,OK,52.900,0.44,15945.09999267757
14789,OK,57.100,0.44,15936.900046654046
14790,OK,48.700,0.44,15916.300006210804
14791,OK,76.500,0.44,15903.5999677144
14792,OK,78.400,0.44,15852.299984544516
14793,OK,51.500,0.44,15915.700001642108
14794,OK,50.700,0.44,15915.700001642108
14795,OK,51.000,0.44,15901.100006885827
14796,OK,50.100,0.44,15906.299988273531
14797,OK,60.800,0.44,15905.00003658235
14798,OK,52.500,0.44,15971.799963153899
14799,OK,103.300,0.44,15747.199999168515
14800,OK,61.200,0.44,15899.899997748435
14801,OK,63.200,0.44,15812.99997633323
14802,OK,74.000,0.44,15897.80003996566
14803,OK,55.000,0.44,15905.299980659038
14804,OK,87.100,0.44,15792.000049259514
14805,OK,67.200,0.44,15944.299986585975
14806,OK,81.400,0.44,15831.899945624173
14807,OK,64.500,0.44,15845.299989450723
14808,OK,38.400,0.44,15984.400000888854
14809,OK,55.000,0.44,15918.30002143979
14810,OK,58.400,0.44,15890.800044871867
14811,OK,49.300,0.44,15929.599991068244
14812,OK,51.200,0.44,15890.600043348968
14813,OK,46.700,0.44,16176.500008441508
14814,OK,52.600,0.44,15899.599995464087
14815,OK,67.900,0.44,15854.199999012053
14816,OK,73.400,0.44,15739.700000267476
14817,OK,108.000,0.44,15868.599992245436
14818,OK,72.300,0.44,15850.699972361326
14819,OK,58.600,0.44,15874.200034886599
14820,OK,51.300,0.44,16014.799999538809
14821,OK,44.500,0.44,16077.00000749901
14822,OK,91.100,0.44,16040.800022892654
14823,OK,103.000,0.44,15784.099989105016
14824,OK,117.800,0.44,15694.100002292544
14825,OK,102.200,0.44,15744.500036817044
14826,OK,135.800,0.44,15777.900000102818
14827,OK,138.100,0.44,15794.00000628084
14828,OK,127.100,0.44,15700.300049502403
14829,OK,102.900,0.44,15814.099984709173
14830,OK,109.600,0.44,15736.299974378198
14831,OK,44.000,0.44,15966.900042258203
14832,OK,42.800,0.44,15947.200008668005
14833,OK,39.600,0.44,15861.599997151643
14834,OK,64.700,0.44,15918.599965516478
14835,OK,72.800,0.44,15919.200028292835
14836,OK,53.800,0.44,15910.099959000945
14837,OK,64.900,0.44,15895.699965767562
14838,OK,50.500,0.44,15842.80002862215
14839,OK,67.300,0.44,15896.700031589717
14840,OK,46.400,0.44,15930.599998682737
14841,OK,38.500,0.44,15894.80001712218
14842,OK,39.800,0.44,15948.400017805398
14843,OK,58.700,0.44,16024.399956222624
14844,OK,65.600,0.44,15841.29995899275
14845,OK,48.500,0.44,15938.900003675371
14846,OK,44.000,0.44,15894.70001636073
14847,OK,73.800,0.44,15944.599988870323
14848,OK,65.700,0.44,15843.999979551882
14849,OK,49.800,0.44,15888.799971435219
14850,OK,44.700,0.44,15934.900031425059
14851,OK,49.700,0.44,15879.100013989955
14852,OK,83.300,0.44,15869.900002144277
14853,OK,55.700,0.44,15950.099972542375
14854,OK,71.800,0.44,15807.999996468425
14855,OK,58.500,0.44,15931.900008581579
14856,OK,62.600,0.44,15911.400027107447
14857,OK,58.100,0.44,15899.09999165684
14858,OK,46.600,0.44,15939.700009766966
14859,OK,75.500,0.44,15877.900004852563
14860,OK,55.900,0.44,15902.600018307567
14861,OK,49.700,0.44,15940.50001585856
14862,OK,45.400,0.44,15946.200001053512
14863,OK,49.700,0.44,15880.800026934594
14864,OK,38.800,0.44,15990.500047337264
14865,OK,53.300,0.44,15901.100006885827
14866,OK,50.100,0.44,15943.799982778728
14867,OK,65.800,0.44,15872.200019657612
14868,OK,53.800,0.44,15873.500029556453
14869,OK,56.100,0.44,15932.299953419715
14870,OK,50.300,0.44,15876.89999723807
14871,OK,49.000,0.44,15903.50002516061
14872,OK,45.300,0.44,15880.300023127347
14873,OK,51.600,0.44,16020.699986256659
14874,OK,54.100,0.44,15880.600025411695
14875,OK,55.300,0.44,15957.299969159067
14876,OK,59.700,0.44,15863.800013903528
14877,OK,50.600,0.44,15915.600000880659
14878,OK,43.100,0.44,15954.500006046146
14879,OK,60.900,0.44,15895.299962721765
14880,OK,63.800,0.44,15901.400009170175
14881,OK,73.400,0.44,15875.700046308339
14882,OK,58.300,0.44,15900.70000384003
14883,OK,54.000,0.44,15909.300011117011
14884,OK,55.200,0.44,15874.199976678938
14885,OK,54.200,0.44,15933.30001924187
14886,OK,55.100,0.44,15909.60001340136
14887,OK,50.500,0.44,15919.999976176769
14888,OK,76.300,0.44,15828.800038434565
14889,OK,48.800,0.44,15977.000002749264
14890,OK,55.300,0.44,15835.100028198212
14891,OK,51.800,0.44,15964.000020176172
14892,OK,50.600,0.44,15893.399948254228
14893,OK,54.400,0.44,15912.50003548339
14894,OK,69.600,0.44,15890.500042587519
14895,OK,69.500,0.44,15833.299956284463
14896,OK,59.400,0.44,15875.799988862127
14897,OK,69.500,0.44,15943.100035656244
14898,OK,48.500,0.44,15906.199987512082
14899,OK,41.200,0.44,15869.099996052682
14900,OK,50.300,0.44,15976.900001987815
14901,OK,45.500,0.44,15780.200017616153
14902,OK,49.800,0.44,15919.90003362298
14903,OK,52.200,0.44,15856.800018809736
14904,OK,82.600,0.44,15846.599999349564
14905,OK,61.400,0.44,15930.800000205636
14906,OK,60.800,0.44,15892.099996563047
14907,OK,51.500,0.44,15959.7999881953
14908,OK,61.200,0.44,15871.599956881255
14909,OK,48.900,0.44,15927.399974316359
14910,OK,55.900,0.44,15850.09996779263
14911,OK,51.600,0.44,15841.700020246208
14912,OK,88.800,0.44,15919.499972369522
14913,OK,50.700,0.44,15909.900015685707
14914,OK,54.400,0.44,15872.300020419061
14915,OK,65.800,0.44,15968.899999279529
14916,OK,49.500,0.44,15889.500034973025
14917,OK,77.400,0.44,15908.200002741069
14918,OK,58.300,0.44,15900.300000794232
14919,OK,62.600,0.44,15891.899995040148
14920,OK,102.000,0.44,15877.300000283867
14921,OK,78.500,0.44,15886.200009845197
14922,OK,69.300,0.44,15858.599974308163
14923,OK,61.900,0.44,15900.300000794232
14924,OK,59.000,0.44,15885.8000067994
14925,OK,64.600,0.44,15892.800001893193
14926,OK,59.000,0.44,15894.80001712218
14927,OK,57.700,0.44,15913.199982605875
14928,OK,66.400,0.44,15886.800014413893
14929,OK,45.500,0.44,15911.999973468482
14930,OK,46.100,0.44,16019.899980165064
14931,OK,167.400,0.44,15692.799992393702
14932,OK,55.000,0.44,15880.799968726933
14933,OK,64.000,0.44,15933.20001848042
14934,OK,55.700,0.44,15908.800007309765
14935,OK,71.400,0.44,15838.300052564591
14936,OK,50.700,0.44,15906.59999055788
14937,OK,49.300,0.44,15947.90001399815
14938,OK,54.800,0.44,15889.200032688677
14939,OK,58.500,0.44,15900.60000307858
14940,OK,53.700,0.44,15949.40002541989
14941,OK,58.000,0.44,15851.399977691472
14942,OK,56.500,0.44,15914.299990981817
14943,OK,52.000,0.44,15943.300037179142
14944,OK,53.600,0.44,15867.499983869493
14945,OK,65.000,0.44,15933.20001848042
14946,OK,51.600,0.44,15940.200013574213
14947,OK,52.300,0.44,15887.40001898259
14948,OK,53.500,0.44,15917.600016109645
14949,OK,52.100,0.44,15929.699991829693
14950,OK,77.500,0.44,15882.79998395592
14951,OK,53.500,0.44,15872.799966018647
14952,OK,82.400,0.44,15899.299993179739
14953,OK,55.100,0.44,15896.499971859157
14954,OK,50.300,0.44,15928.299981169403
14955,OK,47.400,0.44,15899.799996986985
14956,OK,43.700,0.44,15954.200003761798
14957,OK,45.600,0.44,15934.500028379261
14958,OK,48.500,0.44,15914.899995550513
14959,OK,53.800,0.44,15908.999950625002
14960,OK,53.600,0.44,15917.999960947782
14961,OK,55.000,0.44,15918.30002143979
14962,OK,48.800,0.44,15923.700004350394
14963,OK,61.500,0.44,15906.59999055788
14964,OK,55.000,0.44,15871.300012804568
14965,OK,55.300,0.44,15848.400013055652
14966,OK,47.700,0.44,15972.799970768392
14967,OK,125.800,0.44,15735.399967525154
14968,OK,67.600,0.44,15936.699986923486
14969,OK,49.900,0.44,15926.600026432425
14970,OK,53.300,0.44,15911.400027107447
14971,OK,57.300,0.44,15905.399981420487
14972,OK,58.100,0.44,15861.500054597855
14973,OK,54.700,0.44,15907.90000045672
14974,OK,48.600,0.44,15904.200030490756
14975,OK,39.000,0.44,15955.30001213774
14976,OK,110.200,0.44,15830.99999697879
14977,OK,55.700,0.44,15899.599995464087
14978,OK,43.200,0.44,15928.79998497665
14979,OK,50.700,0.44,15926.200023386627
14980,OK,54.300,0.44,15947.90001399815
14981,OK,46.900,0.44,15916.300006210804
14982,OK,49.500,0.44,15925.69996137172
14983,OK,67.000,0.44,15895.700023975223
14984,OK,52.800,0.44,15913.89998793602
14985,OK,96.900,0.44,15803.200018126518
14986,OK,69.300,0.44,15903.400024399161
14987,OK,56.100,0.44,15888.600028119981
14988,OK,72.100,0.44,15895.200020167977
14989,OK,60.500,0.44,15920.100035145879
14990,OK,58.700,0.44,15897.900040727109
14991,OK,64.300,0.44,15831.500000786036
14992,OK,107.300,0.44,15891.399991232902
14993,OK,58.200,0.44,15931.80000782013
14994,OK,63.000,0.44,15844.50004156679
14995,OK,79.200,0.44,15989.100036676973
14996,OK,82.600,0.44,15802.300011273474
14997,OK,68.000,0.44,15867.699985392392
14998,OK,81.200,0.44,15821.599983610213
14999,OK,78.400,0.44,15894.299955107272
15000,OK,89.700,0.44,15872.000018134713
15001,OK,101.900,0.44,15723.099990282208
15002,OK,67.800,0.44,15901.900012977421
15003,OK,64.600,0.44,15891.999995801598
15004,OK,95.700,0.44,15800.799999851733
15005,OK,80.900,0.44,15924.599952995777
15006,OK,98.500,0.44,15872.60002270341
15007,OK,88.400,0.44,15865.699970163405
15008,OK,85.800,0.44,15859.999984968454
15009,OK,87.200,0.44,15853.299992159009
15010,OK,76.000,0.44,15819.500025827438
15011,OK,83.600,0.44,15869.900002144277
15012,OK,78.500,0.44,15867.799986153841
15013,OK,78.600,0.44,15865.599969401956
15014,OK,76.600,0.44,15880.500024650246
15015,OK,78.000,0.44,15861.499996390194
15016,OK,73.800,0.44,15900.70000384003
15017,OK,75.700,0.44,15815.599996130913
15018,OK,39.100,0.44,16023.000003769994
15019,OK,79.200,0.44,15805.8000379242
15020,OK,80.400,0.44,15890.699985902756
15021,OK,99.800,0.44,15934.200026094913
15022,OK,155.700,0.44,15777.900000102818
15023,OK,180.300,0.44,15605.999971739948
15024,OK,54.500,0.44,15907.499997410923
15025,OK,71.300,0.44,15845.69999249652
15026,OK,44.600,0.44,15953.299996908754
15027,OK,46.100,0.44,15897.199977189302
15028,OK,56.800,0.44,15908.200002741069
15029,OK,52.600,0.44,15904.499974567443
15030,OK,50.400,0.44,15969.200001563877
15031,OK,51.400,0.44,15920.399979222566
15032,OK,60.300,0.44,15953.90000147745
15033,OK,72.400,0.44,15838.899998925626
15034,OK,69.800,0.44,15887.699963059276
15035,OK,71.300,0.44,15821.499982848763
15036,OK,68.600,0.44,15895.500022452325
15037,OK,59.800,0.44,15873.500029556453
15038,OK,67.800,0.44,15883.699990808964
15039,OK,47.100,0.44,15920.299978461117
15040,OK,55.900,0.44,15888.199966866523
15041,OK,43.500,0.44,15952.899993862957
15042,OK,63.600,0.44,15841.700020246208
15043,OK,48.900,0.44,15993.700013495982
15044,OK,51.800,0.44,15932.400012388825
15045,OK,62.500,0.44,16086.299961898476
15046,OK,56.200,0.44,16020.099981687963
15047,OK,56.900,0.44,15941.799967549741
15048,OK,52.300,0.44,15725.90001160279
15049,OK,64.000,0.44,16057.300032116473
15050,OK,71.800,0.44,15679.200005251914
15051,OK,114.500,0.44,16112.899989821017
15052,OK,123.200,0.44,15494.799998123199
15053,OK,147.300,0.44,15733.399952296168
15054,OK,105.000,0.44,16101.100016385317
15055,OK,62.900,0.44,15943.899983540177
15056,OK,52.800,0.44,15843.099972698838
15057,OK,65.600,0.44,15895.699965767562
15058,OK,76.200,0.44,15915.29999859631
15059,OK,83.600,0.44,15966.899984050542
15060,OK,115.900,0.44,15842.400025576353
15061,OK,123.400,0.44,15430.400031618774
15062,OK,83.500,0.44,15760.499984025955
15063,OK,44.700,0.44,16162.69996156916
15064,OK,54.400,0.44,15884.599997662008
15065,OK,63.900,0.44,15894.400014076382
15066,OK,76.300,0.44,16035.40003998205
15067,OK,82.300,0.44,15542.600012850016
15068,OK,133.500,0.44,15930.09999487549
15069,OK,93.600,0.44,15788.999968208373
15070,OK,129.100,0.44,15742.599964141846
15071,OK,129.300,0.44,15743.100026156753
15072,OK,66.900,0.44,15810.800017789006
15073,OK,48.300,0.44,15973.399975337088
15074,OK,32.600,0.44,16028.300044126809
15075,OK,39.900,0.44,15800.0000519678
15076,OK,63.600,0.44,15998.100046999753
15077,OK,43.200,0.44,15889.199974481016
15078,OK,80.300,0.44,15931.400004774332
15079,OK,98.200,0.44,15825.900016352534
15080,OK,69.700,0.44,15864.000015426427
15081,OK,61.000,0.44,15881.40003150329
15082,OK,41.900,0.44,15880.999970249832
15083,OK,46.200,0.44,15994.299959857017
15084,OK,43.500,0.44,15898.899990133941
15085,OK,50.300,0.44,15956.300019752234
15086,OK,74.300,0.44,15759.599977172911
15087,OK,70.500,0.44,16019.899980165064
15088,OK,41.300,0.44,15886.400011368096
15089,OK,43.000,0.44,15926.300024148077
15090,OK,46.600,0.44,15890.29998285696
15091,OK,89.600,0.44,15915.099997073412
15092,OK,44.600,0.44,15925.70001957938
15093,OK,45.500,0.44,15927.999978885055
15094,OK,43.000,0.44,15841.1999582313
15095,OK,66.300,0.44,15924.800012726337
15096,OK,50.800,0.44,15913.200040813535
15097,OK,45.000,0.44,15915.50000011921
15098,OK,64.300,0.44,15837.499988265336
15099,OK,77.400,0.44,15919.100027531385
15100,OK,61.000,0.44,15887.40001898259
15101,OK,79.400,0.44,15756.500011775643
15102,OK,77.500,0.44,15938.199998345226
15103,OK,59.000,0.44,15792.999998666346
15104,OK,57.500,0.44,15982.500044628978
15105,OK,49.500,0.44,15935.700037516654
15106,OK,52.200,0.44,15925.100015010685
15107,OK,52.100,0.44,15911.699971184134
15108,OK,51.500,0.44,15916.200005449355
15109,OK,58.800,0.44,15882.299980148673
15110,OK,59.100,0.44,15865.099965594709
15111,OK,41.000,0.44,15843.00003014505
15112,OK,52.700,0.44,15942.700032610446
15113,OK,40.900,0.44,15918.899967800826
15114,OK,56.300,0.44,15981.499978806823
15115,OK,51.600,0.44,15855.200006626546
15116,OK,63.400,0.44,15886.100009083748
15117,OK,56.000,0.44,15898.699988611042
15118,OK,53.100,0.44,15904.200030490756
15119,OK,48.800,0.44,15932.800015434623
15120,OK,57.500,0.44,15952.39999005571
15121,OK,50.700,0.44,15919.099969323725
15122,OK,50.800,0.44,15874.899982009083
15123,OK,50.100,0.44,15954.499947838485
15124,OK,54.600,0.44,15909.200010355562
15125,OK,57.600,0.44,15893.20000493899
15126,OK,50.900,0.44,15911.400027107447
15127,OK,65.900,0.44,17266.49998454377
15128,OK,116.300,0.44,14380.800013896078
15129,OK,97.100,0.44,15867.900045122951
15130,OK,48.500,0.44,15812.499972525984
15131,OK,45.900,0.44,15992.40000359714
15132,OK,55.400,0.44,15903.60002592206
15133,OK,76.700,0.44,15903.400024399161
15134,OK,72.200,0.44,15921.499987598509
15135,OK,58.900,0.44,15902.199957054108
15136,OK,56.300,0.44,15928.399981930852
15137,OK,57.200,0.44,15891.199989710003
15138,OK,53.400,0.44,15884.30005358532
15139,OK,53.700,0.44,15894.000011030585
15140,OK,46.400,0.44,15901.800012215972
15141,OK,39.700,0.44,15963.000012561679
15142,OK,104.600,0.44,15772.300015669316
15143,OK,45.200,0.44,15979.499963577837
15144,OK,47.000,0.44,15958.599979057908
15145,OK,56.000,0.44,15823.299996554852
15146,OK,54.400,0.44,15950.89997863397
15147,OK,55.500,0.44,15867.799986153841
15148,OK,53.600,0.44,15907.499997410923
15149,OK,47.200,0.44,15980.100026354194
15150,OK,58.300,0.44,15887.699963059276
15151,OK,59.700,0.44,15904.299973044544
15152,OK,57.100,0.44,15876.399993430823
15153,OK,54.700,0.44,15859.499981161207
15154,OK,52.000,0.44,15968.199993949383
15155,OK,67.000,0.44,15851.199976168573
15156,OK,55.800,0.44,16008.799953851849
15157,OK,62.200,0.44,15808.299998752773
15158,OK,52.700,0.44,15942.699974402785
15159,OK,58.000,0.44,15826.60002168268
15160,OK,49.300,0.44,15932.600013911724
15161,OK,67.400,0.44,15880.499966442585
15162,OK,53.000,0.44,15956.200018990785
15163,OK,61.900,0.44,15979.399962816387
15164,OK,62.500,0.44,15856.500016525388
15165,OK,62.200,0.44,15896.30002854392
15166,OK,56.100,0.44,15915.600000880659
15167,OK,52.600,0.44,15925.299958325922
15168,OK,68.200,0.44,15874.499978963286
15169,OK,59.000,0.44,15908.500005025417
15170,OK,69.700,0.44,15857.199963647872
15171,OK,71.600,0.44,15800.699999090284
15172,OK,40.300,0.44,15949.300024658442
15173,OK,54.300,0.44,15971.100016031414
15174,OK,108.100,0.44,15854.800003580749
15175,OK,66.600,0.44,15853.599994443357
15176,OK,47.300,0.44,15919.90003362298
15177,OK,48.200,0.44,15923.200000543147
15178,OK,44.400,0.44,15920.899983029813
15179,OK,42.800,0.44,15933.800023049116
15180,OK,49.600,0.44,15903.70002668351
15181,OK,43.700,0.44,15933.000016957521
15182,OK,44.600,0.44,15929.499990306795
15183,OK,45.800,0.44,15901.99995553121
15184,OK,70.100,0.44,15892.900002654642
15185,OK,76.300,0.44,15935.199975501746
15186,OK,58.300,0.44,15880.699967965484
15187,OK,57.100,0.44,15878.899954259396
15188,OK,51.400,0.44,15922.299993690103
15189,OK,53.200,0.44,15942.0000272803
15190,OK,54.700,0.44,15934.80003066361
15191,OK,59.500,0.44,15879.100013989955
15192,OK,60.500,0.44,15900.50000231713
15193,OK,86.000,0.44,15841.09995746985
15194,OK,55.300,0.44,15909.199952147901
15195,OK,46.900,0.44,15946.300001814961
15196,OK,45.900,0.44,15914.00004690513
15197,OK,52.500,0.44,15903.999970760196
15198,OK,43.000,0.44,15915.800002403557
15199,OK,32.400,0.44,15941.99996907264
15200,OK,48.500,0.44,15961.500001139939
15201,OK,51.300,0.44,15823.099995031953
15202,OK,40.200,0.44,15997.099981177598
15203,OK,49.000,0.44,15928.79998497665
15204,OK,61.400,0.44,15867.99998767674
15205,OK,49.600,0.44,15949.50002618134
15206,OK,55.000,0.44,15825.700014829636
15207,OK,82.000,0.44,15876.500052399933
15208,OK,40.400,0.44,15910.099959000945
15209,OK,41.600,0.44,15953.099995385855
15210,OK,44.100,0.44,15923.800005111843
15211,OK,63.900,0.44,15888.200025074184
15212,OK,53.400,0.44,15923.099999781698
15213,OK,38.900,0.44,15970.899956300855
15214,OK,101.000,0.44,15874.099975917488
15215,OK,52.900,0.44,15907.90000045672
15216,OK,45.200,0.44,15930.499997921288
15217,OK,46.200,0.44,15948.199958074838
15218,OK,47.700,0.44,15855.699952226132
15219,OK,46.300,0.44,15909.799956716597
15220,OK,38.600,0.44,15949.599968735129
15221,OK,40.300,0.44,15966.599981766194
15222,OK,131.100,0.44,15824.500005692244
15223,OK,67.100,0.44,15917.800017632544
15224,OK,56.700,0.44,15835.000027436763
15225,OK,75.000,0.44,15916.000003926456
15226,OK,60.300,0.44,15920.399979222566
15227,OK,61.000,0.44,15863.699954934418
15228,OK,52.600,0.44,15907.199995126575
15229,OK,54.600,0.44,15843.799978028983
15230,OK,81.500,0.44,15876.499994192272
15231,OK,60.600,0.44,15916.000003926456
15232,OK,71.100,0.44,15867.099980823696
15233,OK,64.900,0.44,15930.29999639839
15234,OK,57.800,0.44,15892.800001893193
15235,OK,60.100,0.44,15929.199988022447
15236,OK,93.100,0.44,15875.199984293431
15237,OK,77.000,0.44,15831.900003831834
15238,OK,80.600,0.44,15907.699998933822
15239,OK,65.400,0.44,15872.900024987757
15240,OK,99.300,0.44,15811.70002464205
15241,OK,92.900,0.44,15934.200026094913
15242,OK,61.400,0.44,15879.69996035099
15243,OK,83.200,0.44,15831.500000786036
15244,OK,76.200,0.44,15877.900004852563
15245,OK,76.200,0.44,15867.699985392392
15246,OK,77.700,0.44,15917.399956379086
15247,OK,83.200,0.44,15835.200028959662
15248,OK,79.300,0.44,15863.50001161918
15249,OK,74.700,0.44,15876.499994192272
15250,OK,108.300,0.44,15843.999979551882
15251,OK,106.800,0.44,15825.600014068186
15252,OK,100.100,0.44,15844.600042328238
15253,OK,92.900,0.44,15834.500023629516
15254,OK,78.000,0.44,15972.599969245493
15255,OK,113.700,0.44,15879.100013989955
15256,OK,77.800,0.44,15968.899999279529
15257,OK,131.400,0.44,15524.599992204458
15258,OK,76.200,0.44,15847.700007725507
15259,OK,50.600,0.44,15923.900005873293
15260,OK,54.400,0.44,15948.400017805398
15261,OK,55.100,0.44,15882.100036833435
15262,OK,51.600,0.44,15980.59997195378
15263,OK,55.900,0.44,15865.600027609617
15264,OK,49.100,0.44,15943.100035656244
15265,OK,47.900,0.44,15939.500008244067
15266,OK,63.500,0.44,15866.100031416863
15267,OK,87.300,0.44,15877.999947406352
15268,OK,64.400,0.44,15967.399987857789
15269,OK,47.400,0.44,15882.400039117783
15270,OK,112.700,0.44,15832.19994790852
15271,OK,66.300,0.44,15881.900035310537
15272,OK,64.100,0.44,15891.5999927558
15273,OK,64.700,0.44,15916.700009256601
15274,OK,90.500,0.44,15803.199959918857
15275,OK,69.600,0.44,15974.59998447448
15276,OK,71.400,0.44,15839.300001971424
15277,OK,103.600,0.44,15826.60002168268
15278,OK,73.400,0.44,15790.79998191446
15279,OK,75.100,0.44,15866.800036747009
15280,OK,76.000,0.44,15896.399971097708
15281,OK,65.800,0.44,15806.699986569583
15282,OK,97.600,0.44,15840.200008824468
15283,OK,58.100,0.44,15941.99996907264
15284,OK,46.300,0.44,15914.999996311963
15285,OK,55.600,0.44,15929.899993352592
15286,OK,50.800,0.44,15878.000005614012
15287,OK,57.900,0.44,15927.800035569817
15288,OK,54.200,0.44,15940.200013574213
15289,OK,75.100,0.44,15812.199970241636
15290,OK,41.200,0.44,16213.19999685511
15291,OK,60.300,0.44,15690.20003080368
15292,OK,48.600,0.44,15922.199992928654
15293,OK,57.500,0.44,16041.800030507147
15294,OK,144.500,0.44,15640.700003132224
15295,OK,86.500,0.44,15922.6999967359
15296,OK,62.900,0.44,15949.199965689331
15297,OK,74.100,0.44,15837.699989788234
15298,OK,131.500,0.44,16071.899968665093
15299,OK,124.400,0.44,15868.10004664585
15300,OK,124.600,0.44,15515.19997883588
15301,OK,122.400,0.44,15484.29997637868
15302,OK,115.600,0.44,15775.699983350933
15303,OK,139.000,0.44,15788.699965924025
15304,OK,116.100,0.44,15909.000008832663
15305,OK,152.100,0.44,15660.300035960972
15306,OK,131.200,0.44,15692.299988586456
15307,OK,62.900,0.44,15867.399983108044
15308,OK,36.100,0.44,16024.99996079132
15309,OK,40.100,0.44,15925.69996137172
15310,OK,43.600,0.44,15902.10001450032
15311,OK,47.400,0.44,15961.40000037849
15312,OK,51.200,0.44,15824.800007976592
15313,OK,54.900,0.44,15915.39999935776
15314,OK,64.500,0.44,15927.100030239671
15315,OK,66.000,0.44,15806.900046300143
15316,OK,59.500,0.44,15952.899993862957
15317,OK,54.800,0.44,15844.09998031333
15318,OK,49.600,0.44,15896.900033112615
15319,OK,38.000,0.44,15988.999977707863
15320,OK,40.700,0.44,16021.899995394051
15321,OK,52.400,0.44,15938.500000629574
15322,OK,68.300,0.44,15843.899978790432
15323,OK,46.300,0.44,15894.900017883629
15324,OK,66.200,0.44,15935.299976263195
15325,OK,48.400,0.44,15914.799994789064
15326,OK,46.600,0.44,15949.000022374094
15327,OK,45.200,0.44,15910.9000233002
15328,OK,43.000,0.44,15944.89999115467
15329,OK,46.700,0.44,15913.699986413121
15330,OK,56.100,0.44,15906.099986750633
15331,OK,47.800,0.44,15902.999963145703
15332,OK,55.100,0.44,15913.300041574985
15333,OK,58.700,0.44,15843.00003014505
15334,OK,41.200,0.44,15925.000014249235
15335,OK,30.700,0.44,15956.100018229336
15336,OK,47.600,0.44,15938.700002152473
15337,OK,38.800,0.44,15966.199978720397
15338,OK,38.100,0.44,15939.400007482618
15339,OK,42.300,0.44,15917.900018393993
15340,OK,38.800,0.44,15936.09998235479
15341,OK,46.000,0.44,15928.600041661412
15342,OK,68.600,0.44,15875.29998505488
15343,OK,48.400,0.44,15922.199992928654
15344,OK,46.200,0.44,15935.300034470856
15345,OK,50.400,0.44,15926.600026432425
15346,OK,67.600,0.44,15921.700047329068
15347,OK,65.900,0.44,15898.599987849593
15348,OK,49.900,0.44,15957.800031173974
15349,OK,52.000,0.44,15848.000010009855
15350,OK,56.500,0.44,15940.4999576509
15351,OK,57.100,0.44,15868.10004664585
15352,OK,42.400,0.44,15899.699996225536
15353,OK,56.800,0.44,15902.300016023219
15354,OK,52.500,0.44,15884.099993854761
15355,OK,43.900,0.44,15986.200014594942
15356,OK,38.100,0.44,15905.699983704835
15357,OK,41.200,0.44,15921.899990644306
15358,OK,58.700,0.44,15926.000021863729
15359,OK,49.800,0.44,15961.29999961704
15360,OK,66.000,0.44,15830.89999621734
15361,OK,86.300,0.44,15790.89998267591
15362,OK,49.700,0.44,15892.299998085946
15363,OK,72.800,0.44,15876.79999647662
15364,OK,60.000,0.44,15946.900006383657
15365,OK,44.900,0.44,15929.099987260997
15366,OK,53.100,0.44,15902.600018307567
15367,OK,56.800,0.44,15950.499975588173
15368,OK,54.400,0.44,15907.599998172373
15369,OK,54.500,0.44,15870.500006712973
15370,OK,56.400,0.44,15880.799968726933
15371,OK,46.000,0.44,15945.299994200468
15372,OK,48.800,0.44,15912.800037767738
15373,OK,56.600,0.44,15914.799994789064
15374,OK,57.700,0.44,15958.899981342256
15375,OK,53.200,0.44,15970.20000917837
15376,OK,73.700,0.44,15850.600029807538
15377,OK,138.000,0.44,15703.599958214909
15378,OK,99.900,0.44,15772.800019476563
15379,OK,46.800,0.44,15949.100023135543
15380,OK,59.200,0.44,15871.999959927052
15381,OK,67.000,0.44,15927.20003100112
15382,OK,75.700,0.44,15867.199981585145
15383,OK,48.100,0.44,15950.199973303825
15384,OK,50.300,0.44,15827.200026251376
15385,OK,97.400,0.44,15927.699976600707
15386,OK,46.200,0.44,15916.80001001805
15387,OK,57.300,0.44,15939.300006721169
15388,OK,60.800,0.44,15852.500044275075
15389,OK,59.900,0.44,15918.39996399358
15390,OK,62.500,0.44,15850.899973884225
15391,OK,48.300,0.44,16024.000011384487
15392,OK,51.900,0.44,15811.400022357702
15393,OK,60.000,0.44,15967.09998557344
15394,OK,62.400,0.44,15897.799981757998
15395,OK,51.800,0.44,15900.50000231713
15396,OK,47.000,0.44,15895.199961960316
15397,OK,105.300,0.44,15901.300008408725
15398,OK,50.300,0.44,15905.699983704835
15399,OK,60.100,0.44,15990.8999921754
15400,OK,68.900,0.44,15847.900009248406
15401,OK,103.200,0.44,15664.400008972734
15402,OK,74.200,0.44,16887.900012079626
15403,OK,84.400,0.44,16252.100002020597
15404,OK,86.900,0.44,17294.000019319355
15405,OK,95.500,0.44,15992.800006642938
15406,OK,94.800,0.44,17657.49999321997
15407,OK,101.800,0.44,14487.300009932369
15408,OK,74.700,0.44,12370.100012049079
15409,OK,119.900,0.44,26754.099992103875
15410,OK,113.900,0.44,4824.900010135025
15411,OK,64.500,0.44,15893.30000570044
15412,OK,58.400,0.44,15872.799966018647
15413,OK,52.700,0.44,15966.999984811991
15414,OK,75.900,0.44,15945.399994961917
15415,OK,55.100,0.44,15870.200004428625
15416,OK,54.600,0.44,15940.4999576509
15417,OK,53.900,0.44,15879.000013228506
15418,OK,56.000,0.44,15877.600002568215
15419,OK,53.400,0.44,15939.999953843653
15420,OK,51.900,0.44,15889.000031165779
15421,OK,52.700,0.44,15915.600000880659
15422,OK,51.600,0.44,15915.099997073412
15423,OK,55.800,0.44,15814.69998927787
15424,OK,46.800,0.44,15878.100006375462
15425,OK,47.000,0.44,15950.299974065274
15426,OK,47.600,0.44,15942.499972879887
15427,OK,48.000,0.44,15966.899984050542
15428,OK,55.600,0.44,15906.59999055788
15429,OK,65.100,0.44,15867.599984630942
15430,OK,35.000,0.44,15964.799968060106
15431,OK,42.800,0.44,15924.20000815764
15432,OK,30.100,0.44,15922.79999749735
15433,OK,36.600,0.44,15944.099985063076
15434,OK,52.600,0.44,15944.499988108873
15435,OK,40.100,0.44,15929.799992591143
15436,OK,42.500,0.44,15958.000032696873
15437,OK,55.500,0.44,15917.500015348196
15438,OK,59.300,0.44,15836.89998369664
15439,OK,39.800,0.44,15902.399958577007
15440,OK,57.400,0.44,15975.199989043176
15441,OK,94.100,0.44,15763.100003823638
15442,OK,42.100,0.44,15922.8999982588
15443,OK,39.100,0.44,15946.100000292063
15444,OK,40.700,0.44,15948.999964166433
15445,OK,48.800,0.44,15869.800001382828
15446,OK,52.500,0.44,15948.199958074838
15447,OK,85.900,0.44,15844.799985643476
15448,OK,58.700,0.44,15936.599986162037
15449,OK,45.200,0.44,15928.299981169403
15450,OK,42.300,0.44,16005.500045139343
15451,OK,60.100,0.44,15869.700000621378
15452,OK,48.200,0.44,15867.499983869493
15453,OK,56.100,0.44,15964.000020176172
15454,OK,65.200,0.44,15916.100004687905
15455,OK,58.500,0.44,15881.800034549087
15456,OK,52.500,0.44,15874.299977440387
15457,OK,135.400,0.44,15813.500038348138
15458,OK,56.700,0.44,15890.899987425655
15459,OK,55.200,0.44,15915.200056042522
15460,OK,56.600,0.44,15851.899981498718
15461,OK,52.000,0.44,15900.800004601479
15462,OK,43.700,0.44,15925.600018817931
15463,OK,45.900,0.44,15914.499992504716
15464,OK,64.600,0.44,15901.900012977421
15465,OK,79.800,0.44,15916.9000107795
15466,OK,64.300,0.44,15902.700019069016
15467,OK,64.000,0.44,15894.70001636073
15468,OK,74.600,0.44,15881.700033787638
15469,OK,77.000,0.44,15861.499996390194
15470,OK,100.200,0.44,15836.79998293519
15471,OK,86.200,0.44,15842.9000293836
15472,OK,79.500,0.44,15839.400002732873
15473,OK,56.400,0.44,15927.999978885055
15474,OK,87.100,0.44,15872.899966780096
15475,OK,79.300,0.44,15820.400032680482
15476,OK,77.400,0.44,15896.10002702102
15477,OK,61.300,0.44,15887.999965343624
15478,OK,73.500,0.44,15899.09999165684
15479,OK,94.700,0.44,15775.099978782237
15480,OK,79.500,0.44,15886.700013652444
15481,OK,79.300,0.44,15872.000018134713
15482,OK,79.900,0.44,15868.699993006885
15483,OK,77.800,0.44,15834.700025152415
15484,OK,72.900,0.44,15925.600018817931
15485,OK,98.800,0.44,15847.400005441159
15486,OK,93.000,0.44,15861.100051552057
15487,OK,116.900,0.44,15779.400011524558
15488,OK,96.600,0.44,15835.300029721111
15489,OK,49.100,0.44,15882.599982433021
15490,OK,28.300,0.44,15960.199991241097
15491,OK,35.500,0.44,15965.099970344454
15492,OK,70.700,0.44,15917.500015348196
15493,OK,74.200,0.44,15863.900014664978
15494,OK,63.200,0.44,15921.499987598509
15495,OK,51.400,0.44,15852.799988351762
15496,OK,60.600,0.44,15956.80002355948
15497,OK,68.300,0.44,15898.200043011457
15498,OK,68.900,0.44,15908.400004263967
15499,OK,56.000,0.44,15893.600007984787
15500,OK,87.800,0.44,15876.199991907924
15501,OK,48.500,0.44,15871.600015088916
15502,OK,52.800,0.44,15859.399980399758
15503,OK,63.700,0.44,15934.900031425059
15504,OK,55.100,0.44,15936.299983877689
15505,OK,69.800,0.44,15874.0000333637
15506,OK,58.400,0.44,15897.799981757998
15507,OK,96.100,0.44,15840.500011108816
15508,OK,68.000,0.44,15878.30000789836
15509,OK,78.700,0.44,15859.399980399758
15510,OK,74.300,0.44,15821.900044102222
15511,OK,65.900,0.44,15940.299956128001
15512,OK,87.700,0.44,15863.900014664978
15513,OK,68.600,0.44,15828.900039196014
15514,OK,69.100,0.44,15885.000000707805
15515,OK,71.200,0.44,15904.099971521646
15516,OK,69.900,0.44,15828.400035388768
15517,OK,46.900,0.44,15936.599986162037
15518,OK,56.500,0.44,15934.000024572015
15519,OK,78.700,0.44,15866.000030655414
15520,OK,65.000,0.44,15880.499966442585
15521,OK,54.800,0.44,16013.09998659417
15522,OK,86.700,0.44,15733.399952296168
15523,OK,78.600,0.44,16004.699980840087
15524,OK,44.200,0.44,15909.300011117011
15525,OK,63.900,0.44,15903.300023637712
15526,OK,55.700,0.44,15909.100009594113
15527,OK,104.500,0.44,15817.6000113599
15528,OK,112.400,0.44,15653.899987228215
15529,OK,85.300,0.44,15852.999989874661
15530,OK,88.200,0.44,15818.900021258742
15531,OK,69.900,0.44,16029.199992772192
15532,OK,74.900,0.44,15999.80000173673
15533,OK,59.400,0.44,15895.000018645078
15534,OK,64.200,0.44,15995.900030247867
15535,OK,190.300,0.44,15769.899997394532
15536,OK,199.100,0.44,15810.20001322031
15537,OK,133.300,0.44,15797.599975485355
15538,OK,127.500,0.44,15955.699956975877
15539,OK,226.000,0.44,15124.999976251274
15540,OK,119.400,0.44,15789.29997049272
15541,OK,73.500,0.44,15806.099982000887
15542,OK,66.900,0.44,15914.999996311963
15543,OK,80.300,0.44,15806.799987331033
15544,OK,73.000,0.44,15798.39998157695
15545,OK,63.700,0.44,15920.899983029813
15546,OK,73.600,0.44,15821.199980564415
15547,OK,44.000,0.44,15942.899975925684
15548,OK,71.600,0.44,15849.200019147247
15549,OK,63.400,0.44,15864.300017710775
15550,OK,97.300,0.44,15862.500004004687
15551,OK,49.300,0.44,15915.900003165007
15552,OK,59.600,0.44,16402.59998384863
15553,OK,79.300,0.44,15353.800030425191
15554,OK,72.800,0.44,15883.999993093312
15555,OK,85.900,0.44,15904.599975328892
15556,OK,57.200,0.44,15883.399988524616
15557,OK,110.000,0.44,15870.700008235872
15558,OK,58.200,0.44,15906.299988273531
15559,OK,49.800,0.44,15910.699963569641
15560,OK,29.100,0.44,15911.800030153245
15561,OK,48.700,0.44,15910.499962046742
15562,OK,32.800,0.44,15900.200000032783
15563,OK,39.800,0.44,15993.400011211634
15564,OK,41.200,0.44,15910.400019492954
15565,OK,38.100,0.44,15943.900041747838
15566,OK,43.100,0.44,15874.0000333637
15567,OK,39.800,0.44,15968.399995472282
15568,OK,36.600,0.44,16011.69997593388
15569,OK,46.300,0.44,15934.799972455949
15570,OK,51.700,0.44,15914.899995550513
15571,OK,53.800,0.44,15920.699981506914
15572,OK,55.800,0.44,15906.899992842227
15573,OK,55.500,0.44,15911.699971184134
15574,OK,56.000,0.44,15908.899949863553
15575,OK,56.500,0.44,15859.20003708452
15576,OK,66.500,0.44,15908.10000197962
15577,OK,55.900,0.44,15798.599983099848
15578,OK,83.300,0.44,15902.300016023219
15579,OK,55.500,0.44,15982.700046151876
15580,OK,83.600,0.44,15879.100013989955
15581,OK,46.800,0.44,15837.199985980988
15582,OK,62.400,0.44,16012.400039471686
15583,OK,54.500,0.44,15908.800007309765
15584,OK,54.800,0.44,15855.700010433793
15585,OK,54.200,0.44,15832.599950954318
15586,OK,54.600,0.44,15976.19999665767
15587,OK,46.000,0.44,15916.500007733703
15588,OK,39.600,0.44,15957.300027366728
15589,OK,40.500,0.44,15887.599962297827
15590,OK,45.700,0.44,15966.799983289093
15591,OK,67.300,0.44,15916.600008495152
15592,OK,68.400,0.44,15810.000011697412
15593,OK,68.100,0.44,15966.599981766194
15594,OK,91.600,0.44,15858.799975831062
15595,OK,51.000,0.44,15902.800019830465
15596,OK,62.800,0.44,15891.600050963461
15597,OK,61.000,0.44,15881.799976341426
15598,OK,60.800,0.44,15897.900040727109
15599,OK,50.900,0.44,15930.599998682737
15600,OK,48.300,0.44,15853.19999139756
15601,OK,60.500,0.44,15889.299975242466
15602,OK,196.900,0.44,15745.699987746775
15603,OK,61.400,0.44,15879.000013228506
15604,OK,98.600,0.44,15863.999957218766
15605,OK,51.800,0.44,15928.000037092716
15606,OK,53.000,0.44,15898.099984042346
15607,OK,65.600,0.44,15904.000028967857
15608,OK,53.900,0.44,15921.39998683706
15609,OK,55.500,0.44,15908.00000121817
15610,OK,59.500,0.44,15895.599965006113
15611,OK,59.900,0.44,15848.000010009855
15612,OK,51.100,0.44,15901.000006124377
15613,OK,46.100,0.44,15924.800012726337
15614,OK,45.900,0.44,15900.300000794232
15615,OK,57.400,0.44,15940.300014335662
15616,OK,45.400,0.44,15895.000018645078
15617,OK,43.500,0.44,15961.29999961704
15618,OK,41.400,0.44,15899.999998509884
15619,OK,47.400,0.44,15951.499983202666
15620,OK,87.200,0.44,15870.200004428625
15621,OK,98.700,0.44,15859.699982684106
15622,OK,54.300,0.44,15817.300009075552
15623,OK,106.200,0.44,15869.599999859929
15624,OK,59.400,0.44,15956.400020513684
15625,OK,53.200,0.44,15889.600035734475
15626,OK,57.100,0.44,15869.49999909848
15627,OK,54.800,0.44,15924.600011203438
15628,OK,53.300,0.44,15895.499964244664
15629,OK,63.400,0.44,15981.000033207238
15630,OK,53.800,0.44,15867.300040554255
15631,OK,49.500,0.44,15948.800020851195
15632,OK,54.800,0.44,15888.600028119981
15633,OK,61.900,0.44,15926.600026432425
15634,OK,68.100,0.44,15913.800045382231
15635,OK,58.200,0.44,15886.499953921884
15636,OK,51.500,0.44,15904.99997837469
15637,OK,47.400,0.44,15928.400040138513
15638,OK,57.500,0.44,15857.899968978018
15639,OK,69.600,0.44,15870.700008235872
15640,OK,69.100,0.44,16922.299982979894
15641,OK,1740.900,0.44,13664.89997599274
15642,OK,113.200,0.44,15289.300004951656
15643,OK,87.300,0.44,16176.10000539571
15644,OK,133.800,0.44,15722.700045444071
15645,OK,220.500,0.44,15609.499998390675
15646,OK,174.500,0.44,15589.40001996234
15647,OK,207.500,0.44,15980.59997195378
15648,OK,377.300,0.44,14785.00000666827
15649,OK,108.700,0.44,15947.300009429455
15650,OK,92.700,0.44,15648.300002794713
15651,OK,78.400,0.44,15886.500012129545
15652,OK,54.600,0.44,15889.000031165779
15653,OK,118.500,0.44,15831.900003831834
15654,OK,82.100,0.44,15915.099997073412
15655,OK,73.700,0.44,15838.39999511838
15656,OK,56.800,0.44,15922.999999020249
15657,OK,54.600,0.44,15909.700014162809
15658,OK,52.400,0.44,15904.299973044544
15659,OK,67.100,0.44,15878.700010944158
15660,OK,51.500,0.44,15883.899992331862
15661,OK,50.600,0.44,15926.199965178967
15662,OK,47.200,0.44,15967.999992426485
15663,OK,52.900,0.44,15902.599960099906
15664,OK,84.000,0.44,15839.400002732873
15665,OK,74.900,0.44,15850.000025238842
15666,OK,47.900,0.44,15898.799989372492
15667,OK,50.700,0.44,15877.800004091114
15668,OK,48.000,0.44,15955.000009853393
15669,OK,62.000,0.44,15888.600028119981
15670,OK,51.900,0.44,15913.79998717457
15671,OK,52.900,0.44,15891.69999351725
15672,OK,47.600,0.44,15904.599975328892
15673,OK,36.500,0.44,15967.300045304
15674,OK,62.600,0.44,15937.59999377653
15675,OK,62.000,0.44,15888.300025835633
15676,OK,53.500,0.44,15935.700037516654
15677,OK,49.000,0.44,15912.000031676143
15678,OK,47.500,0.44,15924.800012726337
15679,OK,62.400,0.44,15945.299994200468
15680,OK,126.100,0.44,15765.300020575523
15681,OK,57.400,0.44,15949.599968735129
15682,OK,56.700,0.44,15878.100006375462
15683,OK,56.800,0.44,15921.29998607561
15684,OK,49.100,0.44,15910.800022538751
15685,OK,61.800,0.44,15847.700007725507
15686,OK,53.100,0.44,15994.599962141365
15687,OK,155.300,0.44,15702.00000423938
15688,OK,119.400,0.44,15860.399988014251
15689,OK,54.900,0.44,15875.200042501092
15690,OK,65.300,0.44,15896.499971859157
15691,OK,58.100,0.44,15844.000037759542
15692,OK,59.100,0.44,15951.399982441217
15693,OK,58.100,0.44,15901.800012215972
15694,OK,59.400,0.44,15916.000003926456
15695,OK,59.200,0.44,15869.599999859929
15696,OK,57.200,0.44,15917.00001154095
15697,OK,130.600,0.44,15747.800003737211
15698,OK,92.100,0.44,15865.500026848167
15699,OK,52.700,0.44,15903.100022114813
15700,OK,56.400,0.44,15946.50000333786
15701,OK,59.100,0.44,15714.799985289574
15702,OK,93.500,0.44,15881.29997253418
15703,OK,79.700,0.44,15816.600003745407
15704,OK,62.700,0.44,15904.200030490756
15705,OK,72.000,0.44,16064.299969002604
15706,OK,125.800,0.44,15694.500005338341
15707,OK,55.300,0.44,15920.999983791262
15708,OK,55.000,0.44,15910.400019492954
15709,OK,55.200,0.44,15841.000014916062
15710,OK,45.000,0.44,15927.899978123605
15711,OK,55.400,0.44,15936.499985400587
15712,OK,54.400,0.44,15860.699990298599
15713,OK,73.600,0.44,15897.099976427853
15714,OK,77.000,0.44,15743.300027679652
15715,OK,80.000,0.44,15911.899972707033
15716,OK,74.800,0.44,15884.000051300973
15717,OK,89.800,0.44,15854.199999012053
15718,OK,79.800,0.44,15913.79998717457
15719,OK,62.600,0.44,15887.09995849058
15720,OK,74.400,0.44,15867.799986153841
15721,OK,70.800,0.44,15866.199973970652
15722,OK,72.900,0.44,15875.599987339228
15723,OK,73.200,0.44,15877.300000283867
15724,OK,74.400,0.44,15881.29997253418
15725,OK,77.000,0.44,15884.799999184906
15726,OK,91.700,0.44,15864.200016949326
15727,OK,90.900,0.44,15855.599951464683
15728,OK,79.900,0.44,15851.000032853335
15729,OK,78.800,0.44,15875.099983531982
15730,OK,101.500,0.44,15857.299964409322
15731,OK,97.800,0.44,15844.499983359128
15732,OK,89.200,0.44,15879.700018558651
15733,OK,79.100,0.44,15859.000035561621
15734,OK,77.000,0.44,15874.699980486184
15735,OK,80.700,0.44,15834.500023629516
15736,OK,86.600,0.44,15854.60000205785
15737,OK,88.100,0.44,15819.900028873235
15738,OK,45.100,0.44,15960.599994286895
15739,OK,66.200,0.44,15892.399998847395
15740,OK,73.900,0.44,15913.199982605875
15741,OK,87.500,0.44,15893.400006461889
15742,OK,117.800,0.44,15831.099997740239
15743,OK,177.400,0.44,15669.599990360439
15744,OK,95.500,0.44,15790.79998191446
15745,OK,68.500,0.44,15820.39997447282
15746,OK,77.700,0.44,15892.399998847395
15747,OK,75.300,0.44,15898.699988611042
15748,OK,70.700,0.44,15847.800008486956
15749,OK,86.500,0.44,15866.60003522411
15750,OK,68.100,0.44,16131.500015035272
15751,OK,175.500,0.44,15647.499996703118
15752,OK,120.100,0.44,15590.000024531037
15753,OK,86.000,0.44,15812.99997633323
15754,OK,116.400,0.44,15888.200025074184
15755,OK,59.200,0.44,15841.29995899275
15756,OK,55.300,0.44,15963.999961968511
15757,OK,147.800,0.44,15723.999997135252
15758,OK,119.000,0.44,15832.099947147071
15759,OK,59.600,0.44,15934.099967125803
15760,OK,42.100,0.44,15896.500030066818
15761,OK,62.400,0.44,15949.800028465688
15762,OK,171.600,0.44,15745.899989269674
15763,OK,77.800,0.44,15854.299999773502
15764,OK,68.800,0.44,15873.300028033555
15765,OK,80.900,0.44,15817.899955436587
15766,OK,65.400,0.44,15894.200012553483
15767,OK,58.400,0.44,15888.299967627972
15768,OK,49.000,0.44,15956.69996459037
15769,OK,56.600,0.44,15903.100022114813
15770,OK,58.600,0.44,15906.699991319329
15771,OK,77.200,0.44,15904.500032775104
15772,OK,62.300,0.44,15929.499990306795
15773,OK,60.200,0.44,15898.599987849593
15774,OK,58.800,0.44,15771.000005770475
15775,OK,65.400,0.44,15926.300024148077
15776,OK,44.200,0.44,15931.500005535781
15777,OK,49.800,0.44,15987.500024493784
15778,OK,100.100,0.44,15838.999999687076
15779,OK,127.500,0.44,15898.699988611042
15780,OK,109.300,0.44,16012.400039471686
15781,OK,139.000,0.44,15631.999995093793
15782,OK,269.600,0.44,15517.899999395013
15783,OK,204.600,0.44,15415.799978654832
15784,OK,57.400,0.44,15909.699955955148
15785,OK,44.800,0.44,15933.000016957521
15786,OK,69.800,0.44,15899.899997748435
15787,OK,69.100,0.44,15799.599990714341
15788,OK,40.900,0.44,15980.60003016144
15789,OK,43.000,0.44,16031.00000647828
15790,OK,55.500,0.44,16179.999976884574
15791,OK,54.000,0.44,15547.699993476272
15792,OK,48.700,0.44,15915.600000880659
15793,OK,44.800,0.44,15921.700047329068
15794,OK,60.800,0.44,15888.000023551285
15795,OK,43.900,0.44,15913.199982605875
15796,OK,59.600,0.44,15907.600056380033
15797,OK,42.400,0.44,15966.600039973855
15798,OK,47.700,0.44,15931.900008581579
15799,OK,64.200,0.44,15958.39997753501
15800,OK,56.600,0.44,15858.099970500916
15801,OK,84.400,0.44,15772.299957461655
15802,OK,77.100,0.44,15832.700009923428
15803,OK,44.500,0.44,16067.000047769397
15804,OK,75.300,0.44,16027.199977543205
15805,OK,268.200,0.44,15175.300010014325
15806,OK,113.000,0.44,15905.300038866699
15807,OK,110.600,0.44,15909.40001187846
15808,OK,96.100,0.44,15701.299998909235
15809,OK,76.500,0.44,16014.099994208664
15810,OK,65.000,0.44,16142.799984663725
15811,OK,54.100,0.44,15945.699997246265
15812,OK,60.300,0.44,15543.000015895814
15813,OK,64.000,0.44,15849.99996703118
15814,OK,65.100,0.44,16030.700004193932
15815,OK,129.900,0.44,15701.199998147786
15816,OK,51.100,0.44,15816.700004506856
15817,OK,54.600,0.44,15939.10000519827
15818,OK,52.100,0.44,15939.900011289865
15819,OK,55.600,0.44,15898.599987849593
15820,OK,78.800,0.44,15843.700035475194
15821,OK,112.800,0.44,15912.39997651428
15822,OK,60.700,0.44,15848.300012294203
15823,OK,65.100,0.44,15976.299997419119
15824,OK,66.000,0.44,15865.499968640506
15825,OK,54.600,0.44,15895.299962721765
15826,OK,48.200,0.44,15930.399997159839
15827,OK,62.200,0.44,15891.099988948554
15828,OK,65.800,0.44,15921.19998531416
15829,OK,47.500,0.44,15918.600023724139
15830,OK,40.000,0.44,15902.400016784668
15831,OK,42.200,0.44,15912.599978037179
15832,OK,52.800,0.44,15959.599986672401
15833,OK,47.100,0.44,15896.299970336258
15834,OK,41.300,0.44,15908.10000197962
15835,OK,50.300,0.44,16015.600005630404
15836,OK,59.800,0.44,15910.800022538751
15837,OK,67.800,0.44,15902.300016023219
15838,OK,66.400,0.44,15876.299992669374
15839,OK,69.200,0.44,15900.50000231713
15840,OK,72.800,0.44,15870.69995002821
15841,OK,62.700,0.44,15945.899998769164
15842,OK,62.200,0.44,15787.600015755743
15843,OK,63.100,0.44,15870.800008997321
15844,OK,43.600,0.44,15972.500026691705
15845,OK,48.700,0.44,15947.500010952353
15846,OK,59.700,0.44,15925.199957564473
15847,OK,62.900,0.44,15834.800025913864
15848,OK,64.500,0.44,15891.69999351725
15849,OK,51.000,0.44,15937.399992253631
15850,OK,56.500,0.44,15904.000028967857
15851,OK,51.100,0.44,15889.300033450127
15852,OK,56.300,0.44,15904.499974567443
15853,OK,41.100,0.44,15927.40003252402
15854,OK,43.000,0.44,16059.299989137799
15855,OK,81.100,0.44,15727.799967862666
15856,OK,75.300,0.44,15900.400001555681
15857,OK,51.500,0.44,15875.200042501092
15858,OK,68.000,0.44,15869.300055783242
15859,OK,72.100,0.44,15873.500029556453
15860,OK,56.700,0.44,15888.500027358532
15861,OK,57.500,0.44,15912.29997575283
15862,OK,81.400,0.44,15887.999965343624
15863,OK,56.000,0.44,15865.699970163405
15864,OK,45.700,0.44,15912.000031676143
15865,OK,48.600,0.44,15950.79997787252
15866,OK,41.800,0.44,15905.799984466285
15867,OK,62.300,0.44,15887.499961536378
15868,OK,57.800,0.44,15964.399965014309
15869,OK,48.800,0.44,15914.999996311963
15870,OK,54.700,0.44,15915.199997834861
15871,OK,56.500,0.44,15925.899962894619
15872,OK,58.400,0.44,15858.99997735396
15873,OK,55.500,0.44,15896.499971859157
15874,OK,67.400,0.44,15836.89998369664
15875,OK,81.600,0.44,15869.099996052682
15876,OK,54.100,0.44,15913.000039290637
15877,OK,65.900,0.44,15906.799992080778
15878,OK,54.300,0.44,15931.300004012883
15879,OK,69.600,0.44,15936.09998235479
15880,OK,72.700,0.44,15922.79999749735
15881,OK,65.700,0.44,15893.700008746237
15882,OK,84.900,0.44,15841.599961277097
15883,OK,91.800,0.44,15784.499992150813
15884,OK,65.900,0.44,15961.40000037849
15885,OK,79.600,0.44,15876.199991907924
15886,OK,64.900,0.44,15841.699962038547
15887,OK,53.500,0.44,15895.300020929426
15888,OK,51.900,0.44,15947.89995579049
15889,OK,135.400,0.44,15771.400008816272
15890,OK,62.200,0.44,15884.099993854761
15891,OK,74.700,0.44,15907.699998933822
15892,OK,59.100,0.44,15916.89995257184
15893,OK,72.000,0.44,15872.099960688502
15894,OK,68.700,0.44,15844.399982597679
15895,OK,66.200,0.44,15849.799965508282
15896,OK,59.600,0.44,16015.900007914752
15897,OK,63.800,0.44,15873.299969825894
15898,OK,80.800,0.44,15831.199998501688
15899,OK,59.700,0.44,15921.29998607561
15900,OK,49.800,0.44,15950.199973303825
15901,OK,60.500,0.44,15792.39999409765
15902,OK,49.000,0.44,15933.499962557107
15903,OK,66.000,0.44,15850.399970076978
15904,OK,57.000,0.44,15877.099998760968
15905,OK,65.300,0.44,16034.00002932176
15906,OK,92.700,0.44,15753.599989693612
15907,OK,101.100,0.44,15822.499990463257
15908,OK,117.100,0.44,15843.999979551882
15909,OK,51.900,0.44,15901.000006124377
15910,OK,55.400,0.44,15904.000028967857
15911,OK,49.300,0.44,15918.600023724139
15912,OK,62.000,0.44,15959.199983626604
15913,OK,106.000,0.44,15727.299964055419
15914,OK,73.400,0.44,15852.099983021617
15915,OK,47.500,0.44,15789.200027938932
15916,OK,46.100,0.44,16010.100021958351
15917,OK,76.400,0.44,15910.100017208606
15918,OK,57.100,0.44,15905.600041151047
15919,OK,58.700,0.44,15865.499968640506
15920,OK,66.000,0.44,15918.000019155443
15921,OK,64.600,0.44,15877.900004852563
15922,OK,58.700,0.44,15971.900022123009
15923,OK,81.200,0.44,15806.099982000887
15924,OK,121.000,0.44,15883.199987001717
15925,OK,56.100,0.44,15917.800017632544
15926,OK,50.700,0.44,15914.10004766658
15927,OK,53.000,0.44,15818.199957720935
15928,OK,57.300,0.44,15980.900032445788
15929,OK,53.300,0.44,15906.59999055788
15930,OK,53.900,0.44,15867.399983108044
15931,OK,56.100,0.44,15892.800001893193
15932,OK,64.800,0.44,15900.60000307858
15933,OK,56.800,0.44,15854.400000534952
15934,OK,49.800,0.44,15929.799992591143
15935,OK,54.000,0.44,15968.099993187934
15936,OK,62.500,0.44,15878.30000789836
15937,OK,64.600,0.44,15917.200013063848
15938,OK,59.700,0.44,15910.800022538751
15939,OK,59.500,0.44,15880.199964158237
15940,OK,53.900,0.44,15920.300036668777
15941,OK,51.200,0.44,15948.499960359186
15942,OK,62.100,0.44,15898.799989372492
15943,OK,62.000,0.44,15904.700034298003
15944,OK,64.700,0.44,15911.199967376888
15945,OK,55.400,0.44,15881.499974057078
15946,OK,49.500,0.44,15901.800012215972
15947,OK,59.900,0.44,15935.900039039552
15948,OK,81.200,0.44,15885.600005276501
15949,OK,67.800,0.44,15877.300000283867
15950,OK,62.200,0.44,15897.49997947365
15951,OK,64.200,0.44,15806.299983523786
15952,OK,59.200,0.44,15887.500019744039
15953,OK,50.100,0.44,15949.100023135543
15954,OK,57.600,0.44,15908.200002741069
15955,OK,55.800,0.44,15857.200021855533
15956,OK,53.200,0.44,15866.000030655414
15957,OK,50.400,0.44,15964.399965014309
15958,OK,61.500,0.44,15908.200002741069
15959,OK,64.000,0.44,15938.200056552887
15960,OK,81.100,0.44,15912.29997575283
15961,OK,131.400,0.44,15683.099976740777
15962,OK,77.600,0.44,15864.400018472224
15963,OK,64.100,0.44,15879.399958066642
15964,OK,70.300,0.44,15926.900028716773
15965,OK,56.300,0.44,15868.399990722537
15966,OK,56.100,0.44,15938.800002913922
15967,OK,56.400,0.44,15858.200029470026
15968,OK,43.200,0.44,15947.300009429455
15969,OK,51.000,0.44,15945.999999530613
15970,OK,113.800,0.44,15770.30000044033
15971,OK,58.100,0.44,15882.200037594885
15972,OK,56.100,0.44,15942.300029564649
15973,OK,54.400,0.44,15909.099951386452
15974,OK,50.600,0.44,15913.499984890223
15975,OK,41.900,0.44,15925.90002110228
15976,OK,47.900,0.44,15924.600011203438
15977,OK,59.500,0.44,15882.599982433021
15978,OK,90.100,0.44,15842.000022530556
15979,OK,59.200,0.44,15896.10002702102
15980,OK,62.200,0.44,15915.700001642108
15981,OK,55.200,0.44,15932.800015434623
15982,OK,78.600,0.44,15813.20003606379
15983,OK,63.800,0.44,15858.200029470026
15984,OK,72.400,0.44,15869.700000621378
15985,OK,82.800,0.44,16272.099979687482
15986,OK,91.600,0.44,15455.799992196262
15987,OK,95.400,0.44,15857.000020332634
15988,OK,77.400,0.44,15904.799976851791
15989,OK,88.000,0.44,15868.799993768334
15990,OK,94.600,0.44,15871.800016611814
15991,OK,65.300,0.44,15830.699994694442
15992,OK,70.900,0.44,15881.499974057078
15993,OK,87.200,0.44,15851.399977691472
15994,OK,68.100,0.44,15893.500007223338
15995,OK,87.800,0.44,15890.30004106462
15996,OK,99.600,0.44,15806.000039447099
15997,OK,86.100,0.44,15868.899994529784
15998,OK,85.500,0.44,15861.899999435991
15999,OK,89.800,0.44,15866.999980062246
16000,OK,72.500,0.44,15838.199993595481
16001,OK,86.300,0.44,15676.400042138994
16002,OK,64.400,0.44,16226.70004144311
16003,OK,93.000,0.44,15550.999960396439
16004,OK,78.000,0.44,15856.399957556278
16005,OK,110.300,0.44,15813.499980140477
16006,OK,94.800,0.44,15871.600015088916
16007,OK,83.600,0.44,15879.700018558651
16008,OK,83.300,0.44,15866.599977016449
16009,OK,83.400,0.44,15866.199973970652
16010,OK,76.800,0.44,15839.69994680956
16011,OK,64.600,0.44,15871.900017373264
16012,OK,62.700,0.44,15961.29999961704
16013,OK,79.200,0.44,15848.200011532754
16014,OK,81.800,0.44,15898.099984042346
16015,OK,103.100,0.44,15850.399970076978
16016,OK,151.600,0.44,15808.799944352359
16017,OK,138.300,0.44,15678.29999839887
16018,OK,65.400,0.44,15898.099984042346
16019,OK,53.200,0.44,15919.600031338632
16020,OK,46.300,0.44,15936.19998311624
16021,OK,51.700,0.44,15940.39995688945
16022,OK,51.400,0.44,15922.599995974451
16023,OK,48.500,0.44,15925.500018056482
16024,OK,51.600,0.44,15908.10000197962
16025,OK,55.900,0.44,15916.100004687905
16026,OK,48.600,0.44,15920.400037430227
16027,OK,54.100,0.44,15917.599957901984
16028,OK,56.900,0.44,15934.4999701716
16029,OK,163.500,0.44,15740.50000635907
16030,OK,73.800,0.44,15879.999962635338
16031,OK,67.400,0.44,15903.5999677144
16032,OK,56.600,0.44,15889.300033450127
16033,OK,54.400,0.44,15912.199974991381
16034,OK,53.500,0.44,15840.700012631714
16035,OK,53.400,0.44,15917.200013063848
16036,OK,50.700,0.44,15964.09996272996
16037,OK,78.000,0.44,15851.59997921437
16038,OK,106.400,0.44,15847.399947233498
16039,OK,57.700,0.44,15925.000014249235
16040,OK,61.000,0.44,15886.600012890995
16041,OK,59.500,0.44,15907.299995888025
16042,OK,59.000,0.44,15912.300033960491
16043,OK,87.200,0.44,15876.89999723807
16044,OK,58.000,0.44,15875.800047069788
16045,OK,116.600,0.44,15845.099987927824
16046,OK,67.800,0.44,15893.900010269135
16047,OK,51.800,0.44,16062.10001045838
16048,OK,47.200,0.44,15873.199969064444
16049,OK,73.900,0.44,15880.800026934594
16050,OK,66.000,0.44,16079.80002881959
16051,OK,110.400,0.44,15859.30003784597
16052,OK,242.100,0.44,15400.399977806956
16053,OK,79.200,0.44,16024.900018237531
16054,OK,66.100,0.44,15871.700015850365
16055,OK,66.900,0.44,16051.69998947531
16056,OK,137.400,0.44,15464.800002519041
16057,OK,49.700,0.44,15899.699996225536
16058,OK,143.100,0.44,15915.199997834861
16059,OK,62.100,0.44,16054.80001308024
16060,OK,108.900,0.44,15575.599973089993
16061,OK,69.000,0.44,15857.500024139881
16062,OK,57.800,0.44,15961.900004185736
16063,OK,70.800,0.44,15882.200037594885
16064,OK,85.500,0.44,15830.099990125746
16065,OK,59.700,0.44,16235.300048720092
16066,OK,77.000,0.44,15889.099973719567
16067,OK,164.600,0.44,15567.100024782121
16068,OK,134.900,0.44,15603.200008627027
16069,OK,89.800,0.44,15871.00001052022
16070,OK,69.700,0.44,15832.50000840053
16071,OK,67.200,0.44,15833.400015253574
16072,OK,43.600,0.44,15971.400018315762
16073,OK,43.400,0.44,15998.499991837889
16074,OK,40.400,0.44,15823.49999807775
16075,OK,78.900,0.44,15901.299950201064
16076,OK,50.100,0.44,15903.899969998747
16077,OK,51.600,0.44,15963.300014846027
16078,OK,45.000,0.44,15921.899990644306
16079,OK,56.100,0.44,15860.000043176115
16080,OK,47.700,0.44,15905.399981420487
16081,OK,46.600,0.44,15943.699982017279
16082,OK,38.700,0.44,15904.799976851791
16083,OK,46.700,0.44,15969.400003086776
16084,OK,55.500,0.44,15889.899979811162
16085,OK,44.600,0.44,15920.599980745465
16086,OK,36.900,0.44,15944.099985063076
16087,OK,62.200,0.44,15890.09998133406
16088,OK,54.000,0.44,15892.299998085946
16089,OK,46.800,0.44,15946.700004860759
16090,OK,39.900,0.44,15926.999971270561
16091,OK,34.500,0.44,15931.400004774332
16092,OK,39.000,0.44,15919.099969323725
16093,OK,40.200,0.44,15934.199967887253
16094,OK,38.600,0.44,15943.999984301627
16095,OK,36.400,0.44,15990.099986083806
16096,OK,38.500,0.44,15905.299980659038
16097,OK,45.000,0.44,15936.299983877689
16098,OK,48.900,0.44,15899.999998509884
16099,OK,49.200,0.44,15925.69996137172
16100,OK,46.400,0.44,15922.199992928654
16101,OK,53.100,0.44,15841.999964322895
16102,OK,71.000,0.44,15919.100027531385
16103,OK,53.300,0.44,15914.599993266165
16104,OK,72.600,0.44,15897.399978712201
16105,OK,60.800,0.44,15896.700031589717
16106,OK,58.000,0.44,15865.00002304092
16107,OK,55.500,0.44,15972.600027453154
16108,OK,54.800,0.44,15844.30004004389
16109,OK,74.200,0.44,15955.40001289919
16110,OK,52.400,0.44,15861.899999435991
16111,OK,81.900,0.44,15899.699996225536
16112,OK,69.600,0.44,15868.699993006885
16113,OK,72.000,0.44,15864.699962548912
16114,OK,107.100,0.44,15868.699993006885
16115,OK,52.600,0.44,15962.80001103878
16116,OK,49.500,0.44,15840.100008063018
16117,OK,55.300,0.44,15947.90001399815
16118,OK,55.100,0.44,15886.600012890995
16119,OK,56.100,0.44,15921.40004504472
16120,OK,58.400,0.44,15885.000000707805
16121,OK,53.300,0.44,15922.599995974451
16122,OK,62.700,0.44,15893.20000493899
16123,OK,62.300,0.44,15890.399983618408
16124,OK,58.400,0.44,15834.299963898957
16125,OK,78.700,0.44,15866.499976255
16126,OK,46.700,0.44,15910.000016447157
16127,OK,50.400,0.44,16002.200020011514
16128,OK,60.300,0.44,15920.099976938218
16129,OK,59.400,0.44,15809.300006367266
16130,OK,55.700,0.44,15870.200004428625
16131,OK,42.900,0.44,16007.099999114871
16132,OK,50.500,0.44,15894.80001712218
16133,OK,58.000,0.44,15937.59999377653
16134,OK,56.100,0.44,15901.300008408725
16135,OK,62.300,0.44,15891.5999927558
16136,OK,54.600,0.44,15901.399950962514
16137,OK,55.100,0.44,15919.300029054284
16138,OK,68.400,0.44,15838.199993595481
16139,OK,48.600,0.44,15936.899988446385
16140,OK,74.500,0.44,15874.300035648048
16141,OK,60.100,0.44,15879.700018558651
16142,OK,62.000,0.44,15903.300023637712
16143,OK,52.900,0.44,16004.999983124435
16144,OK,49.500,0.44,15912.100032437593
16145,OK,51.800,0.44,15886.900015175343
16146,OK,51.800,0.44,15971.70002060011
16147,OK,70.400,0.44,15820.200031157583
16148,OK,50.200,0.44,15964.900027029216
16149,OK,48.700,0.44,15912.49997727573
16150,OK,48.900,0.44,15901.300008408725
16151,OK,55.300,0.44,15912.199974991381
16152,OK,60.300,0.44,15886.500012129545
16153,OK,55.900,0.44,15923.799946904182
16154,OK,66.700,0.44,15887.999965343624
16155,OK,68.700,0.44,15890.599985141307
16156,OK,67.400,0.44,15868.599992245436
16157,OK,68.200,0.44,15939.20000595972
16158,OK,51.700,0.44,15923.499944619834
16159,OK,58.500,0.44,15932.199952658266
16160,OK,58.300,0.44,15889.499976765364
16161,OK,58.300,0.44,15890.399983618408
16162,OK,51.700,0.44,15923.200000543147
16163,OK,54.400,0.44,15922.299993690103
16164,OK,61.100,0.44,15866.899979300797
16165,OK,51.100,0.44,15932.699956465513
16166,OK,49.400,0.44,15948.600019328296
16167,OK,57.400,0.44,15863.100008573383
16168,OK,57.700,0.44,15921.999991405755
16169,OK,71.300,0.44,15885.300002992153
16170,OK,97.200,0.44,15835.300029721111
16171,OK,69.900,0.44,15988.600032869726
16172,OK,143.400,0.44,15692.599990870804
16173,OK,55.800,0.44,15903.199964668602
16174,OK,61.200,0.44,15957.00002508238
16175,OK,49.000,0.44,15920.799982268363
16176,OK,56.000,0.44,15916.200005449355
16177,OK,54.500,0.44,15906.60004876554
16178,OK,54.600,0.44,15922.499995213002
16179,OK,65.100,0.44,15890.799986664206
16180,OK,65.500,0.44,15888.299967627972
16181,OK,73.100,0.44,15893.700008746237
16182,OK,51.500,0.44,15913.500043097883
16183,OK,52.000,0.44,15902.10001450032
16184,OK,57.500,0.44,15883.899992331862
16185,OK,55.100,0.44,15900.300000794232
16186,OK,51.500,0.44,15921.29998607561
16187,OK,48.800,0.44,15901.400009170175
16188,OK,52.100,0.44,15915.600000880659
16189,OK,52.800,0.44,15880.900027696043
16190,OK,58.500,0.44,15867.99998767674
16191,OK,34.800,0.44,16188.899986445904
16192,OK,79.400,0.44,15614.59997901693
16193,OK,48.600,0.44,16012.199979741126
16194,OK,43.900,0.44,15930.499997921288
16195,OK,45.100,0.44,15838.799998164177
16196,OK,52.500,0.44,16025.499964598566
16197,OK,46.700,0.44,15920.799982268363
16198,OK,45.900,0.44,15915.900003165007
16199,OK,53.900,0.44,15790.000034030527
16200,OK,78.000,0.44,16010.19996451214
16201,OK,61.800,0.44,15741.699957288802
16202,OK,61.700,0.44,15888.199966866523
16203,OK,60.500,0.44,15968.899999279529
16204,OK,62.900,0.44,15874.099975917488
16205,OK,68.700,0.44,15905.399981420487
16206,OK,56.000,0.44,15864.500019233674
16207,OK,83.500,0.44,15875.199984293431
16208,OK,51.900,0.44,15901.600010693073
16209,OK,43.100,0.44,15935.300034470856
16210,OK,67.000,0.44,16048.300021793693
16211,OK,188.000,0.44,15548.900002613664
16212,OK,45.700,0.44,15918.50002296269
16213,OK,49.500,0.44,15984.199999365956
16214,OK,164.200,0.44,15662.899997550994
16215,OK,123.400,0.44,15825.300011783838
16216,OK,66.500,0.44,15950.100030750036
16217,OK,65.200,0.44,15875.199984293431
16218,OK,59.600,0.44,15904.99997837469
16219,OK,69.900,0.44,15909.60001340136
16220,OK,78.500,0.44,15876.499994192272
16221,OK,79.600,0.44,15879.299957305193
16222,OK,68.300,0.44,15886.300010606647
16223,OK,62.400,0.44,15910.400019492954
16224,OK,67.300,0.44,15849.100018385798
16225,OK,117.800,0.44,15820.100030396134
16226,OK,57.900,0.44,15891.000046394765
16227,OK,63.500,0.44,15894.300013314933
16228,OK,57.100,0.44,15905.299980659038
16229,OK,65.400,0.44,15889.599977526814
16230,OK,62.900,0.44,15909.800014924258
16231,OK,74.700,0.44,15873.200027272105
16232,OK,62.000,0.44,15812.199970241636
16233,OK,51.800,0.44,15929.799992591143
16234,OK,96.000,0.44,15807.399991899729
16235,OK,58.300,0.44,15895.700023975223
16236,OK,86.900,0.44,15880.400023888797
16237,OK,81.100,0.44,15902.600018307567
16238,OK,89.200,0.44,15882.79998395592
16239,OK,80.800,0.44,15821.599983610213
16240,OK,93.300,0.44,15867.399983108044
16241,OK,85.600,0.44,15847.600006964058
16242,OK,72.900,0.44,15898.199984803796
16243,OK,55.800,0.44,15920.399979222566
16244,OK,68.900,0.44,15878.699952736497
16245,OK,64.700,0.44,15836.399979889393
16246,OK,60.200,0.44,15907.499997410923
16247,OK,70.600,0.44,15846.399997826666
16248,OK,89.700,0.44,15864.199958741665
16249,OK,80.900,0.44,15898.499987088144
16250,OK,69.800,0.44,15852.399985305965
16251,OK,99.400,0.44,15848.000010009855
16252,OK,102.900,0.44,15865.500026848167
16253,OK,84.900,0.44,15819.699969142675
16254,OK,62.500,0.44,15903.70002668351
16255,OK,88.300,0.44,15853.399992920458
16256,OK,73.200,0.44,15876.79999647662
16257,OK,65.200,0.44,15893.600007984787
16258,OK,59.000,0.44,15917.200013063848
16259,OK,79.900,0.44,15848.600014578551
16260,OK,81.000,0.44,15919.500030577183
16261,OK,117.300,0.44,15788.900025654584
16262,OK,107.900,0.44,15876.399993430823
16263,OK,94.900,0.44,15787.200012709945
16264,OK,95.200,0.44,15884.899999946356
16265,OK,89.100,0.44,15802.100009750575
16266,OK,94.500,0.44,15825.699956621975
16267,OK,58.400,0.44,15919.79997465387
16268,OK,49.400,0.44,15891.399991232902
16269,OK,47.000,0.44,15909.60001340136
16270,OK,40.200,0.44,15954.099944792688
16271,OK,44.000,0.44,15923.400002066046
16272,OK,52.200,0.44,15939.00000443682
16273,OK,56.800,0.44,15901.699953246862
16274,OK,56.300,0.44,15978.100011125207
16275,OK,71.100,0.44,15898.799989372492
16276,OK,77.800,0.44,15840.700012631714
16277,OK,144.100,0.44,15746.299992315471
16278,OK,57.400,0.44,15879.600017797202
16279,OK,43.800,0.44,15871.499956119806
16280,OK,41.500,0.44,16012.599982786924
16281,OK,93.300,0.44,15740.200004074723
16282,OK,55.600,0.44,15874.399978201836
16283,OK,66.000,0.44,15919.69997389242
16284,OK,69.900,0.44,15851.70003818348
16285,OK,58.500,0.44,15938.199998345226
16286,OK,84.500,0.44,15849.99996703118
16287,OK,81.900,0.44,15931.899950373918
16288,OK,61.100,0.44,15815.399994608015
16289,OK,38.700,0.44,15996.8999796547
16290,OK,197.300,0.44,15563.199995085597
16291,OK,94.000,0.44,15870.90000975877
16292,OK,65.700,0.44,16131.199954543263
16293,OK,60.100,0.44,15929.299988783896
16294,OK,55.400,0.44,15787.400014232844
16295,OK,83.000,0.44,15767.799981404096
16296,OK,64.700,0.44,15837.399987503886
16297,OK,80.900,0.44,15926.499967463315
16298,OK,49.300,0.44,15860.099985729903
16299,OK,67.200,0.44,16385.30002674088
16300,OK,115.100,0.44,15501.89999397844
16301,OK,121.100,0.44,15579.500002786517
16302,OK,245.100,0.44,15556.300000753254
16303,OK,98.800,0.44,16104.499984066933
16304,OK,77.200,0.44,16002.499964088202
16305,OK,97.400,0.44,15942.300029564649
16306,OK,103.100,0.44,15498.399967327714
16307,OK,98.400,0.44,15702.200005762279
16308,OK,75.400,0.44,15872.699965257198
16309,OK,85.100,0.44,15852.399985305965
16310,OK,178.500,0.44,15696.300019044429
16311,OK,60.200,0.44,15822.09998741746
16312,OK,61.800,0.44,16015.100001823157
16313,OK,57.800,0.44,15817.199950106442
16314,OK,57.800,0.44,15933.000016957521
16315,OK,50.800,0.44,15916.700009256601
16316,OK,51.300,0.44,15910.700021777302
16317,OK,88.200,0.44,13250.299962237477
16318,OK,46.500,0.44,15927.19997279346
16319,OK,45.300,0.44,15941.500023473054
16320,OK,71.900,0.44,15892.499999608845
16321,OK,69.000,0.44,15893.20000493899
16322,OK,48.900,0.44,15963.200014084578
16323,OK,53.000,0.44,15917.300013825297
16324,OK,61.600,0.44,15902.799961622804
16325,OK,61.000,0.44,15819.999971427023
16326,OK,57.000,0.44,15913.79998717457
16327,OK,43.100,0.44,15899.600053671747
16328,OK,33.700,0.44,15985.800011549145
16329,OK,44.800,0.44,15949.199965689331
16330,OK,33.900,0.44,15939.700009766966
16331,OK,53.900,0.44,15933.20001848042
16332,OK,71.800,0.44,15890.599985141307
16333,OK,57.000,0.44,15909.50001263991
16334,OK,55.900,0.44,15930.09999487549
16335,OK,66.900,0.44,15875.39998581633
16336,OK,60.300,0.44,15867.599984630942
16337,OK,53.600,0.44,15904.299973044544
16338,OK,43.800,0.44,15997.899987269193
16339,OK,44.600,0.44,15875.599987339228
16340,OK,45.800,0.44,15948.900021612644
16341,OK,46.800,0.44,15815.199993085116
16342,OK,48.000,0.44,15951.299981679767
16343,OK,48.400,0.44,15903.899969998747
16344,OK,73.500,0.44,15929.300046991557
16345,OK,99.400,0.44,15847.400005441159
16346,OK,46.200,0.44,15932.900016196072
16347,OK,68.000,0.44,15832.700009923428
16348,OK,56.500,0.44,15939.399949274957
16349,OK,72.800,0.44,15909.700014162809
16350,OK,99.700,0.44,15829.400043003261
16351,OK,89.000,0.44,16541.100048925728
16352,OK,351.700,0.44,14824.500016402453
16353,OK,95.900,0.44,18387.99996767193
16354,OK,220.000,0.44,13095.400005113333
16355,OK,139.600,0.44,16064.599971286952
16356,OK,282.900,0.44,15765.200019814074
16357,OK,210.800,0.44,16083.900001831353
16358,OK,144.200,0.44,15025.500033516437
16359,OK,227.200,0.44,15279.599989298731
16360,OK,84.900,0.44,15831.400000024587
16361,OK,67.100,0.44,16052.299994044006
16362,OK,168.400,0.44,15710.400009993464
16363,OK,183.900,0.44,15564.800007268786
16364,OK,55.500,0.44,15977.500006556511
16365,OK,61.700,0.44,15859.399980399758
16366,OK,46.600,0.44,15870.000002905726
16367,OK,46.800,0.44,16008.400009013712
16368,OK,115.100,0.44,15759.099973365664
16369,OK,94.700,0.44,15818.200015928596
16370,OK,53.500,0.44,15918.499964755028
16371,OK,60.800,0.44,15890.799986664206
16372,OK,86.000,0.44,15866.699977777898
16373,OK,97.100,0.44,15815.599996130913
16374,OK,59.300,0.44,16001.800016965717
16375,OK,71.400,0.44,15847.600006964058
16376,OK,81.400,0.44,15923.500002827495
16377,OK,55.900,0.44,15845.199988689274
16378,OK,70.400,0.44,15878.200007136911
16379,OK,53.600,0.44,15900.60000307858
16380,OK,53.600,0.44,15941.000019665807
16381,OK,52.800,0.44,15859.899984207004
16382,OK,54.800,0.44,15945.899998769164
16383,OK,61.200,0.44,15931.400004774332
