bloco,status,tempo_python_us,tempo_fpga_us,rtt_total_us
0,OK,3907.400,0.44,15855.200006626546
1,OK,144.900,0.44,15778.9999502711
2,OK,173.800,0.44,15682.499972172081
3,OK,133.400,0.44,15802.399953827262
4,OK,78.700,0.44,15845.100046135485
5,OK,102.100,0.44,15879.69996035099
6,OK,117.400,0.44,15823.5999988392
7,OK,94.600,0.44,15846.900001633912
8,OK,91.700,0.44,15844.900044612586
9,OK,67.800,0.44,15872.60002270341
10,OK,72.700,0.44,15872.50002194196
11,OK,91.300,0.44,15854.400000534952
12,OK,47.200,0.44,15970.09995020926
13,OK,58.700,0.44,15938.900003675371
14,OK,61.200,0.44,15894.500014837831
15,OK,136.000,0.44,15763.000003062189
16,OK,126.500,0.44,15795.200015418231
17,OK,85.100,0.44,15939.20000595972
18,OK,63.700,0.44,15832.600009161979
19,OK,41.300,0.44,15948.199958074838
20,OK,56.000,0.44,15976.800001226366
21,OK,128.800,0.44,15712.499967776239
22,OK,103.200,0.44,15889.899979811162
23,OK,66.400,0.44,15900.800004601479
24,OK,68.800,0.44,15904.299973044544
25,OK,74.900,0.44,15929.699991829693
26,OK,102.200,0.44,16039.300011470914
27,OK,137.500,0.44,15598.899975884706
28,OK,73.100,0.44,16023.799951653928
29,OK,66.500,0.44,15658.700023777783
30,OK,79.200,0.44,16227.799991611391
31,OK,60.000,0.44,15939.10000519827
32,OK,107.500,0.44,15558.499959297478
33,OK,108.900,0.44,16155.800025444478
34,OK,89.000,0.44,16036.399989388883
35,OK,88.400,0.44,15267.999959178269
36,OK,88.400,0.44,15913.500043097883
37,OK,75.200,0.44,15983.799996320158
38,OK,144.500,0.44,15629.700035788119
39,OK,65.300,0.44,15928.399981930852
40,OK,175.000,0.44,15591.599978506565
41,OK,45.900,0.44,16035.800043027848
42,OK,67.500,0.44,15836.79998293519
43,OK,49.300,0.44,15952.199988532811
44,OK,74.700,0.44,15895.899967290461
45,OK,77.400,0.44,15928.600041661412
46,OK,78.200,0.44,15821.099979802966
47,OK,106.400,0.44,15841.999964322895
48,OK,109.600,0.44,15861.299994867295
49,OK,98.500,0.44,15805.69997895509
50,OK,91.400,0.44,15909.200010355562
51,OK,87.400,0.44,15850.299969315529
52,OK,118.500,0.44,15756.899956613779
53,OK,93.000,0.44,15871.700015850365
54,OK,99.100,0.44,15861.599997151643
55,OK,97.400,0.44,15814.59998851642
56,OK,92.900,0.44,15853.299992159009
57,OK,98.100,0.44,15855.400008149445
58,OK,98.600,0.44,15853.399992920458
59,OK,123.500,0.44,15852.299984544516
60,OK,131.900,0.44,15743.099967949092
61,OK,114.300,0.44,15843.699977267534
62,OK,89.700,0.44,15961.500001139939
63,OK,68.800,0.44,15791.199984960258
64,OK,92.000,0.44,15911.799971945584
65,OK,85.800,0.44,15876.399993430823
66,OK,89.000,0.44,15820.400032680482
67,OK,117.200,0.44,15846.700000111014
68,OK,104.800,0.44,15838.099992834032
69,OK,102.500,0.44,15804.499969817698
70,OK,104.700,0.44,15866.400033701211
71,OK,78.800,0.44,15870.90000975877
72,OK,127.900,0.44,15788.099961355329
73,OK,117.300,0.44,15831.500000786036
74,OK,121.500,0.44,15789.099968969822
75,OK,140.800,0.44,15779.600013047457
76,OK,113.100,0.44,15832.800010684878
77,OK,100.100,0.44,15813.999983947724
78,OK,105.400,0.44,15844.29998183623
79,OK,108.500,0.44,15855.200006626546
80,OK,97.900,0.44,15835.3999722749
81,OK,96.100,0.44,15820.500033441931
82,OK,87.900,0.44,15869.099996052682
83,OK,80.500,0.44,15869.900002144277
84,OK,84.100,0.44,15879.600017797202
85,OK,109.200,0.44,15845.899994019419
86,OK,98.200,0.44,15853.500051889569
87,OK,119.500,0.44,15828.899980988353
88,OK,114.500,0.44,15818.699961528182
89,OK,97.800,0.44,15802.300011273474
90,OK,77.500,0.44,15878.50000942126
91,OK,111.300,0.44,15838.999999687076
92,OK,110.200,0.44,15814.80004824698
93,OK,241.200,0.44,15740.200004074723
94,OK,97.600,0.44,15802.300011273474
95,OK,71.400,0.44,15903.200022876263
96,OK,85.400,0.44,15873.89997439459
97,OK,73.100,0.44,15851.80003894493
98,OK,93.100,0.44,15880.499966442585
99,OK,113.400,0.44,15831.700002308935
100,OK,87.200,0.44,15875.099983531982
101,OK,132.600,0.44,15641.700010746717
102,OK,115.700,0.44,15834.00001982227
103,OK,156.300,0.44,15757.200017105788
104,OK,103.400,0.44,15836.79998293519
105,OK,104.700,0.44,15864.200016949326
106,OK,93.400,0.44,15811.100020073354
107,OK,79.600,0.44,15889.099973719567
108,OK,79.100,0.44,15842.999971937388
109,OK,98.400,0.44,15848.500013817102
110,OK,107.400,0.44,15864.89996407181
111,OK,104.200,0.44,15861.300053074956
112,OK,82.100,0.44,15816.800005268306
113,OK,98.400,0.44,15863.29995188862
114,OK,100.300,0.44,15825.400012545288
115,OK,95.100,0.44,15909.40001187846
116,OK,104.400,0.44,15821.300039533526
117,OK,120.400,0.44,15785.800002049655
118,OK,108.300,0.44,15835.899976082146
119,OK,86.700,0.44,15841.000014916062
120,OK,90.600,0.44,15848.299954086542
121,OK,87.000,0.44,15877.199999522418
122,OK,95.700,0.44,15851.999982260168
123,OK,97.700,0.44,15894.199954345822
124,OK,74.100,0.44,15824.200003407896
125,OK,70.100,0.44,15912.49997727573
126,OK,118.700,0.44,15806.300041731447
127,OK,137.500,0.44,15794.699953403324
128,OK,73.900,0.44,15890.19998209551
129,OK,119.200,0.44,15786.200005095452
130,OK,150.600,0.44,15806.000039447099
131,OK,114.500,0.44,15811.600023880601
132,OK,118.800,0.44,15833.79996009171
133,OK,123.100,0.44,15800.099994521588
134,OK,109.700,0.44,15823.5999988392
135,OK,106.600,0.44,15845.999994780868
136,OK,110.900,0.44,15836.099977605045
137,OK,108.000,0.44,15804.900031071156
138,OK,118.100,0.44,15833.600016776472
139,OK,79.000,0.44,15919.400029815733
140,OK,137.400,0.44,15750.499966088682
141,OK,114.200,0.44,15869.599999859929
142,OK,179.700,0.44,15626.40001066029
143,OK,113.800,0.44,15828.499977942556
144,OK,116.400,0.44,15819.300024304539
145,OK,88.400,0.44,15885.70000603795
146,OK,114.300,0.44,15808.099997229874
147,OK,70.600,0.44,15887.20001745969
148,OK,80.200,0.44,15891.999995801598
149,OK,75.100,0.44,15893.700008746237
150,OK,96.100,0.44,15855.400008149445
151,OK,90.800,0.44,15825.500013306737
152,OK,89.700,0.44,15858.199971262366
153,OK,90.500,0.44,15888.799971435219
154,OK,110.100,0.44,15818.800020497292
155,OK,95.300,0.44,15978.700015693903
156,OK,94.900,0.44,15710.90001380071
157,OK,88.400,0.44,15836.700040381402
158,OK,89.000,0.44,15899.899997748435
159,OK,95.900,0.44,15794.799954164773
160,OK,75.000,0.44,15887.800022028387
161,OK,90.800,0.44,15858.800034038723
162,OK,104.800,0.44,15872.40002118051
163,OK,94.600,0.44,15815.599996130913
164,OK,72.400,0.44,15878.600010182709
165,OK,87.300,0.44,15848.600014578551
166,OK,83.900,0.44,15871.00001052022
167,OK,71.600,0.44,15898.199984803796
168,OK,93.100,0.44,15834.700025152415
169,OK,73.000,0.44,15905.299980659038
170,OK,91.000,0.44,15846.900001633912
171,OK,60.200,0.44,15898.399986326694
172,OK,93.300,0.44,15857.60002490133
173,OK,92.300,0.44,15856.20001424104
174,OK,61.100,0.44,15915.700001642108
175,OK,66.500,0.44,15886.700013652444
176,OK,67.500,0.44,15909.000008832663
177,OK,74.000,0.44,15850.499970838428
178,OK,72.400,0.44,15880.799968726933
179,OK,68.700,0.44,16015.400004107505
180,OK,78.500,0.44,15810.000011697412
181,OK,61.800,0.44,15905.899985227734
182,OK,61.800,0.44,15913.79998717457
183,OK,76.700,0.44,15875.899989623576
184,OK,74.900,0.44,15909.300011117011
185,OK,71.500,0.44,15905.300038866699
186,OK,70.200,0.44,15880.200022365898
187,OK,91.400,0.44,15842.600027099252
188,OK,69.000,0.44,15815.499995369464
189,OK,56.800,0.44,15960.899996571243
190,OK,57.300,0.44,15914.999996311963
191,OK,63.300,0.44,15908.900008071214
192,OK,83.400,0.44,15874.400036409497
193,OK,84.500,0.44,15869.39999833703
194,OK,83.100,0.44,15875.899989623576
195,OK,67.200,0.44,15914.299990981817
196,OK,95.200,0.44,15851.70003818348
197,OK,78.500,0.44,15897.500037681311
198,OK,74.400,0.44,15806.399984285235
199,OK,102.000,0.44,15875.40004402399
200,OK,67.900,0.44,15800.900000613183
201,OK,93.600,0.44,15826.899965759367
202,OK,114.900,0.44,15769.299992825836
203,OK,72.500,0.44,15980.099968146533
204,OK,64.600,0.44,15803.800022695214
205,OK,57.000,0.44,15935.399977024645
206,OK,72.200,0.44,15891.299990471452
207,OK,60.600,0.44,15861.899999435991
208,OK,59.800,0.44,15904.199972283095
209,OK,57.200,0.44,15959.999989718199
210,OK,69.100,0.44,15896.700031589717
211,OK,59.700,0.44,15715.999994426966
212,OK,59.200,0.44,15928.500040899962
213,OK,82.200,0.44,15856.10001347959
214,OK,54.800,0.44,15919.399971608073
215,OK,61.700,0.44,15890.999988187104
216,OK,52.400,0.44,15919.099969323725
217,OK,56.300,0.44,15922.399994451553
218,OK,61.700,0.44,15893.900010269135
219,OK,52.100,0.44,15899.19999241829
220,OK,65.800,0.44,15945.399994961917
221,OK,70.000,0.44,15885.90000756085
222,OK,59.300,0.44,15911.299968138337
223,OK,74.000,0.44,15884.599997662008
224,OK,99.700,0.44,15826.60002168268
225,OK,79.800,0.44,15893.000003416091
226,OK,68.300,0.44,15864.79996331036
227,OK,73.300,0.44,15904.500032775104
228,OK,65.400,0.44,15893.400006461889
229,OK,61.600,0.44,15894.300013314933
230,OK,58.000,0.44,15942.300029564649
231,OK,82.600,0.44,15842.399967368692
232,OK,68.600,0.44,15868.099988438189
233,OK,80.900,0.44,15835.800033528358
234,OK,81.400,0.44,15896.800032351166
235,OK,63.500,0.44,15927.19997279346
236,OK,80.500,0.44,15872.199961449951
237,OK,75.400,0.44,15894.500014837831
238,OK,107.200,0.44,15774.099971167743
239,OK,64.400,0.44,15878.800011705607
240,OK,77.700,0.44,15948.699961882085
241,OK,140.200,0.44,15811.200020834804
242,OK,70.200,0.44,15889.599977526814
243,OK,65.100,0.44,15855.900011956692
244,OK,84.700,0.44,15845.299989450723
245,OK,81.400,0.44,15833.90001906082
246,OK,96.400,0.44,15816.09999993816
247,OK,57.200,0.44,15875.599987339228
248,OK,49.900,0.44,15933.09995951131
249,OK,51.200,0.44,16021.099989302456
250,OK,167.400,0.44,15634.300012607127
251,OK,63.100,0.44,15928.59998345375
252,OK,65.400,0.44,15885.400003753603
253,OK,89.900,0.44,15879.200014751405
254,OK,85.900,0.44,15842.600027099252
255,OK,69.400,0.44,16180.399979930371
256,OK,276.800,0.44,15237.000014167279
257,OK,91.700,0.44,15874.099975917488
258,OK,108.600,0.44,15821.99998665601
259,OK,98.800,0.44,15825.900016352534
260,OK,100.900,0.44,17929.900030139834
261,OK,100.000,0.44,14534.599962644279
262,OK,93.000,0.44,15101.299970410764
263,OK,168.900,0.44,17249.600030481815
264,OK,132.500,0.44,16010.299965273589
265,OK,324.000,0.44,18255.400005728006
266,OK,105.200,0.44,11679.799994453788
267,OK,722.500,0.44,16032.40001713857
268,OK,412.300,0.44,14390.999975148588
269,OK,339.600,0.44,17056.999960914254
270,OK,130.800,0.44,13874.600001145154
271,OK,124.300,0.44,15710.200008470565
272,OK,103.700,0.44,15839.600004255772
273,OK,114.000,0.44,15821.89998589456
274,OK,117.900,0.44,15820.099972188473
275,OK,99.100,0.44,15879.700018558651
276,OK,93.600,0.44,15815.199993085116
277,OK,116.800,0.44,15815.300052054226
278,OK,125.000,0.44,15821.799985133111
279,OK,122.200,0.44,15839.200001209974
280,OK,99.200,0.44,15827.499970328063
281,OK,99.700,0.44,15802.80001508072
282,OK,88.900,0.44,15857.299964409322
283,OK,117.200,0.44,15806.099982000887
284,OK,93.900,0.44,15877.400001045316
285,OK,100.100,0.44,18478.60001726076
286,OK,115.100,0.44,13881.100050639361
287,OK,104.600,0.44,16596.80000739172
288,OK,116.700,0.44,15241.399989463389
289,OK,108.600,0.44,17364.60003303364
290,OK,111.100,0.44,14950.299984775484
291,OK,349.300,0.44,14528.299972880632
292,OK,266.700,0.44,17880.699946545064
293,OK,114.500,0.44,13196.200015954673
294,OK,112.300,0.44,16540.299984626472
295,OK,134.500,0.44,14565.299963578582
296,OK,224.700,0.44,15867.700043600053
297,OK,152.100,0.44,15569.399984087795
298,OK,127.700,0.44,15484.30003458634
299,OK,97.500,0.44,15841.999964322895
300,OK,110.700,0.44,15842.199965845793
301,OK,157.100,0.44,15631.899994332343
302,OK,116.700,0.44,15807.799994945526
303,OK,83.900,0.44,15847.20000391826
304,OK,71.900,0.44,15906.899992842227
305,OK,74.500,0.44,15880.599967204034
306,OK,61.500,0.44,15915.700001642108
307,OK,97.400,0.44,15806.300041731447
308,OK,72.100,0.44,15880.999970249832
309,OK,71.600,0.44,15945.799998007715
310,OK,51.000,0.44,15931.60000629723
311,OK,51.800,0.44,15871.900017373264
312,OK,65.500,0.44,15899.19999241829
313,OK,55.000,0.44,15947.200008668005
314,OK,148.400,0.44,15791.199984960258
315,OK,69.300,0.44,15876.100049354136
316,OK,71.200,0.44,15910.500020254403
317,OK,91.700,0.44,15830.89999621734
318,OK,85.300,0.44,15851.399977691472
319,OK,90.400,0.44,15942.999976687133
320,OK,70.500,0.44,17802.499991375953
321,OK,176.500,0.44,13777.60001923889
322,OK,113.900,0.44,15819.000022020191
323,OK,107.500,0.44,15776.800049934536
324,OK,84.400,0.44,15904.89997761324
325,OK,143.500,0.44,15757.500019390136
326,OK,115.500,0.44,15876.79999647662
327,OK,109.700,0.44,15789.40002946183
328,OK,106.400,0.44,15850.499970838428
329,OK,104.300,0.44,15769.499994348735
330,OK,98.200,0.44,15865.400026086718
331,OK,102.600,0.44,15821.599983610213
332,OK,107.300,0.44,15825.500013306737
333,OK,123.800,0.44,15857.799968216568
334,OK,96.600,0.44,15857.199963647872
335,OK,116.200,0.44,15920.199977699667
336,OK,116.000,0.44,15710.400009993464
337,OK,103.400,0.44,15811.899967957288
338,OK,99.700,0.44,15881.600033026189
339,OK,113.400,0.44,15821.299981325865
340,OK,70.900,0.44,15866.000030655414
341,OK,63.500,0.44,16271.099972072989
342,OK,535.100,0.44,14969.800016842782
343,OK,103.800,0.44,15885.300002992153
344,OK,129.300,0.44,15882.899984717369
345,OK,115.700,0.44,15887.299960013479
346,OK,235.800,0.44,15343.099948950112
347,OK,116.100,0.44,15832.200006116182
348,OK,118.700,0.44,15804.20002574101
349,OK,137.800,0.44,15635.000017937273
350,OK,117.500,0.44,15841.30001720041
351,OK,97.600,0.44,15862.300002481788
352,OK,93.900,0.44,15853.899996727705
353,OK,72.300,0.44,15888.80002964288
354,OK,99.800,0.44,15804.999973624945
355,OK,102.000,0.44,15852.599986828864
356,OK,100.600,0.44,15811.100020073354
357,OK,95.700,0.44,15883.699990808964
358,OK,71.800,0.44,15939.500008244067
359,OK,95.000,0.44,15806.899988092482
360,OK,125.600,0.44,15793.099999427795
361,OK,82.700,0.44,15860.899991821498
362,OK,80.100,0.44,15864.800021518022
363,OK,96.200,0.44,15840.200008824468
364,OK,90.500,0.44,15929.899993352592
365,OK,92.200,0.44,15803.899965249002
366,OK,59.500,0.44,15911.600028630346
367,OK,96.700,0.44,15936.400042846799
368,OK,100.700,0.44,15848.70001534
369,OK,110.800,0.44,15822.300047148019
370,OK,97.900,0.44,16021.799994632602
371,OK,100.900,0.44,15611.899958457798
372,OK,75.700,0.44,15833.500016015023
373,OK,97.600,0.44,15945.699997246265
374,OK,110.500,0.44,15705.00002708286
375,OK,115.700,0.44,15845.199988689274
376,OK,118.600,0.44,15859.600040130317
377,OK,80.000,0.44,16165.500041097403
378,OK,115.400,0.44,15512.499958276749
379,OK,182.300,0.44,15660.49997927621
380,OK,176.000,0.44,15683.099976740777
381,OK,173.500,0.44,15752.999985124916
382,OK,83.700,0.44,15857.60002490133
383,OK,118.600,0.44,15838.099992834032
384,OK,113.100,0.44,15839.500003494322
385,OK,126.400,0.44,15771.500009577721
386,OK,108.500,0.44,15835.3999722749
387,OK,111.300,0.44,15832.599950954318
388,OK,131.800,0.44,16302.899981383234
389,OK,125.300,0.44,15273.600001819432
390,OK,126.900,0.44,15825.099952053279
391,OK,114.100,0.44,15808.199997991323
392,OK,116.800,0.44,15792.999998666346
393,OK,84.700,0.44,15851.799980737269
394,OK,96.500,0.44,15848.80001610145
395,OK,109.700,0.44,15882.099978625774
396,OK,193.900,0.44,15760.199981741607
397,OK,139.700,0.44,15724.700002465397
398,OK,95.000,0.44,15884.899999946356
399,OK,127.000,0.44,15909.799956716597
400,OK,187.200,0.44,15612.200018949807
401,OK,130.000,0.44,45195.90002018958
402,OK,116.900,0.44,18335.499975364655
403,OK,102.400,0.44,17467.500001657754
404,OK,109.400,0.44,24885.10002149269
405,OK,110.100,0.44,38011.60003058612
406,OK,119.100,0.44,19312.80002463609
407,OK,119.600,0.44,17151.799984276295
408,OK,113.300,0.44,9971.899969968945
409,OK,135.800,0.44,15765.400021336973
410,OK,126.200,0.44,15778.400003910065
411,OK,125.100,0.44,15813.299978617579
412,OK,119.600,0.44,15825.999958906323
413,OK,107.600,0.44,18469.90000922233
414,OK,100.100,0.44,13180.100009776652
415,OK,97.500,0.44,15847.100003156811
416,OK,85.300,0.44,15889.700036495924
417,OK,117.300,0.44,15913.599985651672
418,OK,129.600,0.44,15675.19997479394
419,OK,116.100,0.44,16063.59996367246
420,OK,135.100,0.44,15330.999973230064
421,OK,142.000,0.44,15789.900033269078
422,OK,134.400,0.44,15768.399985972792
423,OK,83.700,0.44,15823.5999988392
424,OK,80.400,0.44,15884.19999461621
425,OK,124.300,0.44,15807.29999113828
426,OK,123.900,0.44,15828.199975658208
427,OK,793.500,0.44,15133.599983528256
428,OK,108.100,0.44,15821.99998665601
429,OK,115.800,0.44,15833.499957807362
430,OK,112.500,0.44,15836.199978366494
431,OK,111.700,0.44,15793.400001712143
432,OK,108.200,0.44,15909.29995290935
433,OK,114.200,0.44,15766.000025905669
434,OK,108.000,0.44,15910.300018731505
435,OK,115.900,0.44,15744.400036055595
436,OK,106.400,0.44,15848.70001534
437,OK,108.900,0.44,15827.599971089512
438,OK,120.800,0.44,15812.099969480187
439,OK,157.200,0.44,15803.499962203205
440,OK,210.600,0.44,15849.900024477392
441,OK,127.000,0.44,15886.100009083748
442,OK,131.200,0.44,15882.69998319447
443,OK,117.600,0.44,15547.100047115237
444,OK,393.200,0.44,15628.900029696524
445,OK,312.800,0.44,15445.600030943751
446,OK,313.000,0.44,15236.300008837134
447,OK,133.400,0.44,15807.899995706975
448,OK,107.000,0.44,15860.399988014251
449,OK,115.100,0.44,15852.099983021617
450,OK,189.600,0.44,15682.90003342554
451,OK,118.500,0.44,15817.200008314103
452,OK,97.400,0.44,15850.899973884225
453,OK,122.500,0.44,15782.399976160377
454,OK,89.200,0.44,15887.40001898259
455,OK,91.700,0.44,15863.599954172969
456,OK,96.300,0.44,15883.999993093312
457,OK,97.400,0.44,19459.09997448325
458,OK,112.600,0.44,12160.699989181012
459,OK,105.100,0.44,15826.300019398332
460,OK,111.300,0.44,15770.09999891743
461,OK,77.700,0.44,15886.299952398986
462,OK,66.900,0.44,15901.499951723963
463,OK,94.600,0.44,15884.499996900558
464,OK,79.100,0.44,15853.899996727705
465,OK,99.100,0.44,15898.99999089539
466,OK,106.500,0.44,15833.300014492124
467,OK,126.400,0.44,15977.60000731796
468,OK,141.900,0.44,15675.599977839738
469,OK,127.300,0.44,15986.700018402189
470,OK,119.500,0.44,15797.900035977364
471,OK,660.500,0.44,17416.40002001077
472,OK,143.100,0.44,13069.29998099804
473,OK,105.700,0.44,15856.199956033379
474,OK,112.600,0.44,15819.700027350336
475,OK,81.400,0.44,15886.100009083748
476,OK,83.800,0.44,15897.999983280897
477,OK,74.400,0.44,15813.400037586689
478,OK,71.500,0.44,15907.200053334236
479,OK,71.600,0.44,15868.199989199638
480,OK,73.600,0.44,15910.300018731505
481,OK,112.900,0.44,15912.40003472194
482,OK,75.100,0.44,15755.50000416115
483,OK,82.100,0.44,15975.799993611872
484,OK,60.100,0.44,15862.10000095889
485,OK,66.000,0.44,15914.799994789064
486,OK,71.500,0.44,15861.199994105846
487,OK,70.900,0.44,15934.399969410151
488,OK,95.000,0.44,15802.70001431927
489,OK,90.500,0.44,15890.999988187104
490,OK,68.000,0.44,15833.89996085316
491,OK,65.700,0.44,15864.800021518022
492,OK,87.100,0.44,15955.700015183538
493,OK,77.900,0.44,15798.499982338399
494,OK,63.900,0.44,15953.199996147305
495,OK,72.500,0.44,16085.999959614128
496,OK,76.200,0.44,15662.299992982298
497,OK,107.900,0.44,15877.500001806766
498,OK,112.900,0.44,15794.600010849535
499,OK,89.200,0.44,15903.300023637712
500,OK,73.600,0.44,15839.300001971424
501,OK,82.900,0.44,15785.800002049655
502,OK,87.900,0.44,15864.400018472224
503,OK,57.300,0.44,15885.100001469254
504,OK,64.100,0.44,15963.600017130375
505,OK,69.200,0.44,15822.700050193816
506,OK,77.000,0.44,15899.499994702637
507,OK,86.500,0.44,15848.900016862899
508,OK,69.900,0.44,15894.70001636073
509,OK,82.400,0.44,15888.799971435219
510,OK,84.800,0.44,15873.400028795004
511,OK,73.400,0.44,15816.300001461059
512,OK,60.100,0.44,15931.70000705868
513,OK,64.700,0.44,15697.799972258508
514,OK,72.800,0.44,15916.400006972253
515,OK,67.700,0.44,15880.000020843
516,OK,78.500,0.44,15889.099973719567
517,OK,88.700,0.44,15877.200057730079
518,OK,69.300,0.44,15874.599979724735
519,OK,56.300,0.44,15874.999982770532
520,OK,69.100,0.44,16026.799974497408
521,OK,111.500,0.44,15692.699991632253
522,OK,70.700,0.44,15901.400009170175
523,OK,76.000,0.44,15914.399991743267
524,OK,53.200,0.44,15862.10000095889
525,OK,44.700,0.44,15941.000019665807
526,OK,89.500,0.44,15877.400001045316
527,OK,41.800,0.44,15923.300001304597
528,OK,36.700,0.44,15927.399974316359
529,OK,47.800,0.44,15951.10003836453
530,OK,43.300,0.44,15952.099987771362
531,OK,52.300,0.44,15917.500015348196
532,OK,48.800,0.44,15938.199998345226
533,OK,60.000,0.44,15885.799948591739
534,OK,169.200,0.44,15729.999984614551
535,OK,90.600,0.44,15918.19996247068
536,OK,87.200,0.44,15910.800022538751
537,OK,67.300,0.44,15838.499995879829
538,OK,56.200,0.44,15943.899983540177
539,OK,70.300,0.44,15879.199956543744
540,OK,58.700,0.44,15921.19998531416
541,OK,56.400,0.44,15903.900028206408
542,OK,56.500,0.44,15894.49995663017
543,OK,60.300,0.44,15885.500004515052
544,OK,73.100,0.44,15941.099962219596
545,OK,62.900,0.44,15901.000006124377
546,OK,66.300,0.44,15787.200012709945
547,OK,52.500,0.44,15904.000028967857
548,OK,53.200,0.44,16009.299957659096
549,OK,68.400,0.44,15814.999991562217
550,OK,52.700,0.44,15914.099989458919
551,OK,70.200,0.44,15892.900002654642
552,OK,77.600,0.44,15845.899994019419
553,OK,61.900,0.44,15902.400016784668
554,OK,60.900,0.44,15916.700009256601
555,OK,64.200,0.44,15898.199984803796
556,OK,64.900,0.44,15881.999977864325
557,OK,55.500,0.44,15923.300001304597
558,OK,59.600,0.44,15899.699996225536
559,OK,54.100,0.44,15959.499985910952
560,OK,75.100,0.44,15857.900027185678
561,OK,58.900,0.44,15849.799965508282
562,OK,62.200,0.44,15931.399946566671
563,OK,73.400,0.44,15880.899969488382
564,OK,76.200,0.44,16183.300002012402
565,OK,156.500,0.44,15409.899991936982
566,OK,52.400,0.44,15907.000051811337
567,OK,57.200,0.44,15872.200019657612
568,OK,73.600,0.44,15943.899983540177
569,OK,67.100,0.44,15889.900038018823
570,OK,51.900,0.44,15863.300010096282
571,OK,55.800,0.44,15966.499981004745
572,OK,74.100,0.44,15791.500045452267
573,OK,65.700,0.44,15941.100020427257
574,OK,70.100,0.44,15836.300037335604
575,OK,62.900,0.44,15938.199998345226
576,OK,54.100,0.44,15947.800013236701
577,OK,77.100,0.44,15942.400030326098
578,OK,55.400,0.44,15773.400024045259
579,OK,61.100,0.44,15969.900006894022
580,OK,68.500,0.44,15897.200035396963
581,OK,53.300,0.44,15888.500027358532
582,OK,51.800,0.44,15936.399984639138
583,OK,61.300,0.44,15857.000020332634
584,OK,65.400,0.44,15985.800011549145
585,OK,58.400,0.44,15918.800025247037
586,OK,57.300,0.44,15833.200013730675
587,OK,46.100,0.44,15915.600000880659
588,OK,44.500,0.44,15956.600022036582
589,OK,50.000,0.44,15904.800035059452
590,OK,36.500,0.44,15953.599999193102
591,OK,62.500,0.44,15918.799967039376
592,OK,44.700,0.44,15887.100016698241
593,OK,47.200,0.44,15951.899986248463
594,OK,40.700,0.44,15923.099999781698
595,OK,63.500,0.44,15931.900008581579
596,OK,53.000,0.44,15898.799989372492
597,OK,72.700,0.44,15882.599982433021
598,OK,68.100,0.44,15938.800002913922
599,OK,49.900,0.44,15923.300001304597
600,OK,44.600,0.44,15899.799996986985
601,OK,50.500,0.44,15797.899977769703
602,OK,76.800,0.44,15953.199996147305
603,OK,59.000,0.44,15921.600046567619
604,OK,79.500,0.44,15843.699977267534
605,OK,72.300,0.44,15865.10002380237
606,OK,91.400,0.44,15967.09998557344
607,OK,60.600,0.44,15846.700000111014
608,OK,59.200,0.44,15956.69996459037
609,OK,54.200,0.44,15847.400005441159
610,OK,41.700,0.44,15939.500008244067
611,OK,47.200,0.44,15953.499998431653
612,OK,55.200,0.44,15895.100019406527
613,OK,43.000,0.44,15922.999999020249
614,OK,53.600,0.44,15963.799960445613
615,OK,43.200,0.44,15951.999987009913
616,OK,57.700,0.44,15850.09996779263
617,OK,50.900,0.44,15924.399951472878
618,OK,60.100,0.44,15926.899970509112
619,OK,53.900,0.44,15842.59996889159
620,OK,46.100,0.44,15997.599984984845
621,OK,40.400,0.44,15913.000039290637
622,OK,52.200,0.44,15923.500002827495
623,OK,44.100,0.44,15899.500052910298
624,OK,56.800,0.44,15908.999950625002
625,OK,40.000,0.44,15926.800027955323
626,OK,53.500,0.44,15936.899988446385
627,OK,49.000,0.44,15935.900039039552
628,OK,63.100,0.44,15867.100039031357
629,OK,51.000,0.44,15940.199955366552
630,OK,50.800,0.44,15871.699957642704
631,OK,43.700,0.44,15941.199962981045
632,OK,63.000,0.44,15946.800005622208
633,OK,43.900,0.44,15870.800008997321
634,OK,66.700,0.44,15857.60002490133
635,OK,54.200,0.44,15971.300017554313
636,OK,53.300,0.44,15898.199984803796
637,OK,52.800,0.44,15919.500030577183
638,OK,48.600,0.44,15935.799980070442
639,OK,56.800,0.44,15910.500020254403
640,OK,64.900,0.44,15888.80002964288
641,OK,60.900,0.44,15912.799979560077
642,OK,52.400,0.44,15914.10004766658
643,OK,50.600,0.44,15917.300013825297
644,OK,66.600,0.44,15869.199996814132
645,OK,72.900,0.44,15883.799991570413
646,OK,69.500,0.44,15912.000031676143
647,OK,52.100,0.44,15951.299981679767
648,OK,53.100,0.44,15798.699983861297
649,OK,88.600,0.44,15903.299965430051
650,OK,90.800,0.44,15735.399967525154
651,OK,59.700,0.44,15907.699998933822
652,OK,58.900,0.44,15922.199992928654
653,OK,65.000,0.44,15893.900010269135
654,OK,54.200,0.44,15940.000012051314
655,OK,66.600,0.44,15857.099962886423
656,OK,64.100,0.44,15923.500002827495
657,OK,80.900,0.44,16187.89997883141
658,OK,161.400,0.44,15403.099998366088
659,OK,107.600,0.44,15876.200050115585
660,OK,89.900,0.44,15829.50004376471
661,OK,66.700,0.44,15924.30000891909
662,OK,61.900,0.44,15901.800012215972
663,OK,60.200,0.44,15858.799975831062
664,OK,60.000,0.44,15842.299966607243
665,OK,60.000,0.44,15945.799998007715
666,OK,100.500,0.44,15828.400035388768
667,OK,81.100,0.44,15980.999974999577
668,OK,124.200,0.44,16809.299995657057
669,OK,137.900,0.44,14891.50000270456
670,OK,120.900,0.44,15648.200002033263
671,OK,123.900,0.44,15950.500033795834
672,OK,118.000,0.44,15757.899964228272
673,OK,126.500,0.44,15811.899967957288
674,OK,184.800,0.44,15786.200005095452
675,OK,215.700,0.44,15708.899998571724
676,OK,422.800,0.44,14978.499966673553
677,OK,106.400,0.44,15853.19999139756
678,OK,105.700,0.44,15753.800049424171
679,OK,127.800,0.44,15946.40000257641
680,OK,139.000,0.44,15668.700041715056
681,OK,193.100,0.44,15685.299993492663
682,OK,103.900,0.44,15811.500023119152
683,OK,110.000,0.44,15871.799958404154
684,OK,145.500,0.44,15743.49997099489
685,OK,128.300,0.44,16807.60004092008
686,OK,146.400,0.44,14808.49995277822
687,OK,104.800,0.44,15848.69995713234
688,OK,130.800,0.44,16408.400028012693
689,OK,123.000,0.44,16203.200037125498
690,OK,116.100,0.44,14756.399963516742
691,OK,135.500,0.44,15757.600020151585
692,OK,109.100,0.44,15843.999979551882
693,OK,101.400,0.44,15843.500033952296
694,OK,94.600,0.44,15837.199985980988
695,OK,126.400,0.44,15795.19995721057
696,OK,109.200,0.44,15861.100051552057
697,OK,136.500,0.44,15778.200002387166
698,OK,136.400,0.44,15761.699993163347
699,OK,153.400,0.44,16277.800023090094
700,OK,377.000,0.44,14984.700013883412
701,OK,481.900,0.44,14881.899987813085
702,OK,151.000,0.44,15888.300025835633
703,OK,115.000,0.44,15719.700022600591
704,OK,94.200,0.44,15871.999959927052
705,OK,74.600,0.44,15857.899968978018
706,OK,79.700,0.44,15903.199964668602
707,OK,70.200,0.44,15887.30001822114
708,OK,87.600,0.44,15834.499965421855
709,OK,73.200,0.44,15963.000012561679
710,OK,90.200,0.44,15786.900010425597
711,OK,63.900,0.44,15874.099975917488
712,OK,57.000,0.44,15945.299994200468
713,OK,73.300,0.44,15893.800009507686
714,OK,76.200,0.44,15859.999984968454
715,OK,92.200,0.44,15905.300038866699
716,OK,73.800,0.44,15982.199984136969
717,OK,121.600,0.44,15666.49996675551
718,OK,117.300,0.44,15830.79999545589
719,OK,60.800,0.44,15909.700014162809
720,OK,74.500,0.44,16059.799992945045
721,OK,73.200,0.44,15722.100040875375
722,OK,93.600,0.44,15867.599984630942
723,OK,98.900,0.44,15819.000022020191
724,OK,59.800,0.44,15922.199992928654
725,OK,48.100,0.44,15917.100012302399
726,OK,103.600,0.44,15847.20000391826
727,OK,88.600,0.44,15892.099996563047
728,OK,67.700,0.44,15909.60001340136
729,OK,49.500,0.44,15859.299979638308
730,OK,71.500,0.44,15895.599965006113
731,OK,60.900,0.44,15981.499978806823
732,OK,71.400,0.44,15869.599999859929
733,OK,70.700,0.44,15875.200042501092
734,OK,71.500,0.44,15916.299948003143
735,OK,70.300,0.44,15865.799970924854
736,OK,112.700,0.44,15788.10001956299
737,OK,61.500,0.44,15906.59999055788
738,OK,58.200,0.44,15894.200012553483
739,OK,58.100,0.44,15895.299962721765
740,OK,90.200,0.44,15898.699988611042
741,OK,63.200,0.44,15887.000015936792
742,OK,86.700,0.44,15860.399988014251
743,OK,72.000,0.44,15912.49997727573
744,OK,59.400,0.44,15886.800014413893
745,OK,58.500,0.44,15894.000011030585
746,OK,50.400,0.44,15959.099982865155
747,OK,68.300,0.44,15906.50004800409
748,OK,72.200,0.44,15897.900040727109
749,OK,73.700,0.44,15825.999958906323
750,OK,110.000,0.44,15843.499975744635
751,OK,115.100,0.44,15759.700036142021
752,OK,140.400,0.44,15880.300023127347
753,OK,125.900,0.44,15775.799984112382
754,OK,81.300,0.44,15812.799974810332
755,OK,78.600,0.44,15903.3999661915
756,OK,76.300,0.44,15905.199979897588
757,OK,76.100,0.44,15918.599965516478
758,OK,69.100,0.44,15823.500056285411
759,OK,65.200,0.44,15950.600034557283
760,OK,72.100,0.44,15823.300054762512
761,OK,59.300,0.44,15931.70000705868
762,OK,51.600,0.44,15878.900012467057
763,OK,52.600,0.44,15947.699954267591
764,OK,57.600,0.44,15869.199996814132
765,OK,97.800,0.44,15936.399984639138
766,OK,70.600,0.44,15811.899967957288
767,OK,111.100,0.44,15840.500011108816
768,OK,77.700,0.44,15922.199992928654
769,OK,71.100,0.44,15894.200012553483
770,OK,75.200,0.44,15801.900008227676
771,OK,59.800,0.44,15933.000016957521
772,OK,60.200,0.44,15880.500024650246
773,OK,77.000,0.44,15906.39998903498
774,OK,54.500,0.44,15920.199977699667
775,OK,65.600,0.44,15874.400036409497
776,OK,70.100,0.44,15946.999948937446
777,OK,125.000,0.44,15735.499968286604
778,OK,109.700,0.44,15826.900023967028
779,OK,63.700,0.44,15918.799967039376
780,OK,68.600,0.44,15922.000049613416
781,OK,56.300,0.44,15859.999984968454
782,OK,63.800,0.44,15852.999989874661
783,OK,87.900,0.44,15803.300018887967
784,OK,76.900,0.44,15967.999992426485
785,OK,80.500,0.44,15889.899979811162
786,OK,70.500,0.44,15865.899971686304
787,OK,62.800,0.44,15879.200014751405
788,OK,65.800,0.44,15952.899993862957
789,OK,71.700,0.44,15912.700037006289
790,OK,116.400,0.44,15732.699946966022
791,OK,55.300,0.44,15932.300011627376
792,OK,81.900,0.44,15827.99997413531
793,OK,61.200,0.44,15948.700020089746
794,OK,65.600,0.44,15873.400028795004
795,OK,55.500,0.44,15854.299999773502
796,OK,52.800,0.44,16039.500012993813
797,OK,59.800,0.44,15882.80004216358
798,OK,68.500,0.44,15865.10002380237
799,OK,74.900,0.44,15965.500031597912
800,OK,52.200,0.44,15813.399979379028
801,OK,60.100,0.44,15931.500005535781
802,OK,143.800,0.44,15721.30003478378
803,OK,74.500,0.44,15880.599967204034
804,OK,82.600,0.44,15880.599967204034
805,OK,61.500,0.44,15930.699999444187
806,OK,86.000,0.44,15875.700046308339
807,OK,78.900,0.44,15866.599977016449
808,OK,69.300,0.44,15900.099999271333
809,OK,74.100,0.44,15881.50003226474
810,OK,74.300,0.44,15845.700050704181
811,OK,64.700,0.44,15889.799979049712
812,OK,68.600,0.44,15896.30002854392
813,OK,69.100,0.44,15844.700043089688
814,OK,60.500,0.44,15918.999968562275
815,OK,73.900,0.44,15901.300008408725
816,OK,62.700,0.44,15918.999968562275
817,OK,60.200,0.44,15905.900043435395
818,OK,70.100,0.44,15880.000020843
819,OK,57.300,0.44,15942.700032610446
820,OK,82.800,0.44,15870.999952312559
821,OK,80.100,0.44,15922.599995974451
822,OK,77.100,0.44,15817.200008314103
823,OK,81.400,0.44,15857.199963647872
824,OK,75.800,0.44,15938.199998345226
825,OK,59.500,0.44,15841.40001796186
826,OK,52.800,0.44,15974.999987520278
827,OK,52.100,0.44,16013.399988878518
828,OK,100.100,0.44,15698.100032750517
829,OK,54.000,0.44,15934.4999701716
830,OK,62.800,0.44,15854.099998250604
831,OK,86.900,0.44,15941.599966026843
832,OK,80.500,0.44,15873.500029556453
833,OK,80.400,0.44,15805.899980477989
834,OK,62.200,0.44,15815.599996130913
835,OK,59.600,0.44,16002.499964088202
836,OK,79.700,0.44,15868.199989199638
837,OK,64.800,0.44,15890.899987425655
838,OK,46.200,0.44,15910.800022538751
839,OK,102.100,0.44,15852.999989874661
840,OK,67.400,0.44,15777.399996295571
841,OK,66.600,0.44,15901.499951723963
842,OK,74.400,0.44,15913.79998717457
843,OK,77.100,0.44,15867.799986153841
844,OK,71.200,0.44,15803.000016603619
845,OK,71.600,0.44,15859.30003784597
846,OK,50.800,0.44,15947.89995579049
847,OK,63.700,0.44,15931.70000705868
848,OK,163.200,0.44,15690.499974880368
849,OK,89.300,0.44,15898.700046818703
850,OK,76.900,0.44,15878.700010944158
851,OK,76.000,0.44,15878.800011705607
852,OK,77.200,0.44,15832.900011446327
853,OK,80.700,0.44,15906.299988273531
854,OK,107.700,0.44,15890.499984379858
855,OK,75.700,0.44,15804.100024979562
856,OK,69.900,0.44,15943.100035656244
857,OK,76.000,0.44,15895.300020929426
858,OK,73.000,0.44,15832.800010684878
859,OK,163.500,0.44,15766.499971505255
860,OK,53.700,0.44,15926.700027193874
861,OK,99.600,0.44,15879.90002008155
862,OK,80.400,0.44,15802.70001431927
863,OK,73.200,0.44,15902.600018307567
864,OK,91.300,0.44,15892.800001893193
865,OK,88.700,0.44,15837.200044188648
866,OK,93.600,0.44,15803.700021933764
867,OK,92.400,0.44,15919.69997389242
868,OK,122.800,0.44,15779.400011524558
869,OK,101.700,0.44,15763.200004585087
870,OK,134.600,0.44,15783.699986059219
871,OK,144.100,0.44,15784.99999595806
872,OK,81.500,0.44,15875.699988100678
873,OK,95.800,0.44,15792.699996381998
874,OK,99.500,0.44,15877.300000283867
875,OK,89.700,0.44,15859.10003632307
876,OK,118.200,0.44,15864.000015426427
877,OK,101.000,0.44,15817.70001212135
878,OK,84.900,0.44,15936.30004208535
879,OK,106.600,0.44,15686.099999584258
880,OK,101.400,0.44,15853.499993681908
881,OK,73.500,0.44,15881.19997177273
882,OK,89.900,0.44,15848.900016862899
883,OK,64.400,0.44,15917.599957901984
884,OK,86.800,0.44,15855.199948418885
885,OK,72.100,0.44,15896.700031589717
886,OK,93.300,0.44,15858.300030231476
887,OK,97.000,0.44,15833.000012207776
888,OK,89.700,0.44,15846.499998588115
889,OK,67.800,0.44,15927.30003176257
890,OK,100.500,0.44,15830.099990125746
891,OK,74.000,0.44,15900.50000231713
892,OK,117.100,0.44,15813.899983186275
893,OK,106.300,0.44,15890.999988187104
894,OK,63.500,0.44,15913.100040052086
895,OK,79.700,0.44,15828.700037673116
896,OK,51.000,0.44,15967.800049111247
897,OK,67.900,0.44,15854.60000205785
898,OK,58.900,0.44,15929.099987260997
899,OK,99.500,0.44,15924.900013487786
900,OK,69.400,0.44,15869.900002144277
901,OK,60.500,0.44,15822.199988178909
902,OK,81.800,0.44,16085.099952761084
903,OK,251.700,0.44,15559.500025119632
904,OK,243.500,0.44,15483.000024687499
905,OK,96.000,0.44,15884.39999613911
906,OK,225.700,0.44,15570.899995509535
907,OK,64.500,0.44,15904.199972283095
908,OK,74.600,0.44,15854.900004342198
909,OK,89.900,0.44,15904.699976090342
910,OK,77.800,0.44,15854.400000534952
911,OK,101.200,0.44,15887.800022028387
912,OK,68.200,0.44,15765.400021336973
913,OK,69.100,0.44,15960.699995048344
914,OK,66.700,0.44,15904.400032013655
915,OK,163.900,0.44,15756.400011014193
916,OK,101.100,0.44,15743.600029964
917,OK,61.500,0.44,15913.90004614368
918,OK,57.900,0.44,15927.999978885055
919,OK,63.700,0.44,15879.8000193201
920,OK,74.600,0.44,15927.29997355491
921,OK,85.600,0.44,15804.399969056249
922,OK,81.000,0.44,15917.00001154095
923,OK,102.500,0.44,15775.199979543686
924,OK,101.100,0.44,15886.400011368096
925,OK,79.400,0.44,15844.09998031333
926,OK,107.000,0.44,16138.400009367615
927,OK,200.300,0.44,15710.90001380071
928,OK,116.900,0.44,15515.499981120229
929,OK,129.100,0.44,16245.100006926805
930,OK,327.700,0.44,14975.700003560632
931,OK,113.400,0.44,15792.899997904897
932,OK,98.900,0.44,15844.100038520992
933,OK,102.500,0.44,15858.199971262366
934,OK,104.300,0.44,18238.79999574274
935,OK,125.300,0.44,20320.50001434982
936,OK,171.200,0.44,9585.599997080863
937,OK,109.900,0.44,22331.700020004064
938,OK,215.300,0.44,8421.300037298352
939,OK,125.500,0.44,20150.399999693036
940,OK,107.100,0.44,19158.200011588633
941,OK,219.100,0.44,24118.8999498263
942,OK,110.700,0.44,15561.600041110069
943,OK,134.200,0.44,15820.300031919032
944,OK,138.200,0.44,18650.799989700317
945,OK,108.300,0.44,14823.900011833757
946,OK,147.500,0.44,13832.600030582398
947,OK,113.800,0.44,15802.000008989125
948,OK,116.100,0.44,16231.400019023567
949,OK,143.000,0.44,15434.500004630536
950,OK,508.900,0.44,16041.600028984249
951,OK,143.900,0.44,15165.69999512285
952,OK,149.700,0.44,16688.100004103035
953,OK,1449.700,0.44,14503.499958664179
954,OK,122.800,0.44,15918.599965516478
955,OK,151.000,0.44,14636.999985668808
956,OK,105.800,0.44,15676.700044423342
957,OK,129.000,0.44,15835.600032005459
958,OK,127.800,0.44,15909.000008832663
959,OK,112.100,0.44,15728.600032161921
960,OK,121.100,0.44,15803.799964487553
961,OK,112.700,0.44,15814.000042155385
962,OK,132.500,0.44,15777.199994772673
963,OK,118.000,0.44,15928.59998345375
964,OK,122.600,0.44,15729.699982330203
965,OK,108.900,0.44,15829.799987841398
966,OK,77.100,0.44,15880.300023127347
967,OK,100.900,0.44,15843.200031667948
968,OK,113.500,0.44,15791.900048498064
969,OK,103.200,0.44,15904.400032013655
970,OK,129.000,0.44,15730.299986898899
971,OK,120.200,0.44,15970.400010701269
972,OK,120.400,0.44,15671.400004066527
973,OK,123.400,0.44,15819.000022020191
974,OK,110.300,0.44,15826.700022444129
975,OK,126.800,0.44,15839.200001209974
976,OK,128.200,0.44,15912.900038529187
977,OK,136.000,0.44,15583.800035528839
978,OK,125.300,0.44,16504.800005350262
979,OK,122.300,0.44,15727.999969385564
980,OK,277.400,0.44,14909.699966665357
981,OK,340.700,0.44,15509.49999364093
982,OK,126.900,0.44,15758.200024720281
983,OK,89.900,0.44,15913.200040813535
984,OK,106.000,0.44,15774.999978020787
985,OK,105.200,0.44,15796.199964825064
986,OK,106.900,0.44,15801.30000365898
987,OK,95.600,0.44,15839.500003494322
988,OK,97.100,0.44,15917.300013825297
989,OK,113.000,0.44,15751.800034195185
990,OK,122.000,0.44,15815.199993085116
991,OK,100.500,0.44,15857.899968978018
992,OK,115.200,0.44,15838.199993595481
993,OK,87.700,0.44,15835.50003124401
994,OK,100.800,0.44,15793.400001712143
995,OK,100.500,0.44,15940.199955366552
996,OK,106.200,0.44,15767.30003580451
997,OK,117.700,0.44,15877.099998760968
998,OK,183.400,0.44,15646.699990611523
999,OK,128.600,0.44,15783.899987582117
1000,OK,98.800,0.44,15866.70003598556
1001,OK,114.700,0.44,15714.299981482327
1002,OK,112.100,0.44,15773.30002328381
1003,OK,100.200,0.44,16060.49999827519
1004,OK,207.000,0.44,15788.699965924025
1005,OK,333.500,0.44,15465.300006326288
1006,OK,405.600,0.44,16484.599967952818
1007,OK,278.200,0.44,13926.99999269098
1008,OK,67.600,0.44,15937.100048176944
1009,OK,107.500,0.44,15872.800024226308
1010,OK,90.800,0.44,15815.899998415262
1011,OK,80.700,0.44,15892.499999608845
1012,OK,103.800,0.44,15812.499972525984
1013,OK,93.100,0.44,15875.000040978193
1014,OK,113.300,0.44,15763.200004585087
1015,OK,107.500,0.44,15837.400045711547
1016,OK,114.500,0.44,15804.2999682948
1017,OK,85.400,0.44,15866.599977016449
1018,OK,109.500,0.44,15810.800017789006
1019,OK,93.900,0.44,15838.899998925626
1020,OK,74.600,0.44,15930.29999639839
1021,OK,100.100,0.44,15802.80001508072
1022,OK,109.600,0.44,15799.499989952892
1023,OK,102.300,0.44,15831.800003070384
1024,OK,79.000,0.44,15863.799955695868
1025,OK,94.200,0.44,15700.299991294742
1026,OK,90.100,0.44,15820.300031919032
1027,OK,91.200,0.44,15921.29998607561
1028,OK,78.000,0.44,15805.199975147843
1029,OK,94.000,0.44,15862.599946558475
1030,OK,89.200,0.44,15816.09999993816
1031,OK,81.900,0.44,15841.1999582313
1032,OK,96.800,0.44,15852.699987590313
1033,OK,65.900,0.44,15916.200005449355
1034,OK,94.500,0.44,15818.699961528182
1035,OK,109.700,0.44,15857.100021094084
1036,OK,81.200,0.44,15887.899964582175
1037,OK,99.600,0.44,15837.499988265336
1038,OK,94.800,0.44,15788.10001956299
1039,OK,96.800,0.44,15861.699997913092
1040,OK,71.400,0.44,15914.799994789064
1041,OK,119.500,0.44,15772.700018715113
1042,OK,121.900,0.44,15849.200019147247
1043,OK,137.800,0.44,15811.099961865693
1044,OK,101.200,0.44,15831.700002308935
1045,OK,113.500,0.44,15788.500022608787
1046,OK,74.400,0.44,15874.600037932396
1047,OK,100.400,0.44,15856.600017286837
1048,OK,112.000,0.44,15761.399990879
1049,OK,110.900,0.44,15771.000005770475
1050,OK,167.400,0.44,15764.700016006827
1051,OK,152.500,0.44,15791.299985721707
1052,OK,84.700,0.44,15855.400008149445
1053,OK,125.100,0.44,15832.499950192869
1054,OK,104.600,0.44,16107.300005387515
1055,OK,164.500,0.44,15787.000011187047
1056,OK,160.700,0.44,15747.199999168515
1057,OK,388.200,0.44,14886.000019032508
1058,OK,100.900,0.44,15792.799997143447
1059,OK,95.300,0.44,15845.499990973622
1060,OK,98.800,0.44,15809.200005605817
1061,OK,70.400,0.44,15912.199974991381
1062,OK,77.400,0.44,15884.799999184906
1063,OK,103.800,0.44,15824.600006453693
1064,OK,73.500,0.44,15916.400006972253
1065,OK,112.300,0.44,15792.799997143447
1066,OK,122.700,0.44,15843.399974983186
1067,OK,121.500,0.44,16067.199991084635
1068,OK,104.000,0.44,15547.699993476272
1069,OK,162.100,0.44,15783.299983013421
1070,OK,106.100,0.44,15784.399991389364
1071,OK,85.900,0.44,15867.300040554255
1072,OK,68.200,0.44,15909.60001340136
1073,OK,58.800,0.44,15948.500018566847
1074,OK,77.100,0.44,15838.39999511838
1075,OK,89.500,0.44,15908.300003502518
1076,OK,85.600,0.44,15824.400004930794
1077,OK,81.900,0.44,15855.99995451048
1078,OK,91.400,0.44,15897.300036158413
1079,OK,80.000,0.44,15846.399997826666
1080,OK,111.200,0.44,15856.400015763938
1081,OK,108.800,0.44,15858.600032515824
1082,OK,105.000,0.44,15749.499958474189
1083,OK,89.300,0.44,15842.69996965304
1084,OK,47.300,0.44,15846.399997826666
1085,OK,48.600,0.44,16042.999981436878
1086,OK,67.100,0.44,15824.400004930794
1087,OK,60.800,0.44,15889.100031927228
1088,OK,70.600,0.44,15907.099994365126
1089,OK,63.900,0.44,15873.499971348792
1090,OK,59.000,0.44,15972.400025930256
1091,OK,65.100,0.44,15886.100009083748
1092,OK,51.500,0.44,15838.29999435693
1093,OK,59.200,0.44,15922.299993690103
1094,OK,72.300,0.44,15853.19999139756
1095,OK,103.800,0.44,15863.400010857731
1096,OK,83.300,0.44,15878.000005614012
1097,OK,98.400,0.44,15804.100024979562
1098,OK,66.400,0.44,15910.600021015853
1099,OK,61.900,0.44,15907.699998933822
1100,OK,76.900,0.44,15834.299963898957
1101,OK,102.200,0.44,15718.800015747547
1102,OK,76.600,0.44,15896.599972620606
1103,OK,86.300,0.44,15837.300044950098
1104,OK,121.400,0.44,16391.600016504526
1105,OK,99.400,0.44,15266.899950802326
1106,OK,95.600,0.44,15867.100039031357
1107,OK,82.200,0.44,15998.600050807
1108,OK,106.100,0.44,15683.300036471337
1109,OK,97.300,0.44,15832.200006116182
1110,OK,63.200,0.44,15939.00000443682
1111,OK,70.700,0.44,15893.600007984787
1112,OK,80.000,0.44,15809.400007128716
1113,OK,82.200,0.44,15907.499997410923
1114,OK,56.700,0.44,16002.200020011514
1115,OK,84.700,0.44,18099.599983543158
1116,OK,122.800,0.44,13471.299957018346
1117,OK,70.600,0.44,15926.100022625178
1118,OK,82.000,0.44,15825.300011783838
1119,OK,66.800,0.44,15944.099985063076
1120,OK,88.600,0.44,15792.199992574751
1121,OK,85.000,0.44,15927.29997355491
1122,OK,80.900,0.44,15795.100014656782
1123,OK,92.800,0.44,15885.100001469254
1124,OK,75.900,0.44,15886.200009845197
1125,OK,45.600,0.44,15910.100017208606
1126,OK,45.900,0.44,15940.59995841235
1127,OK,55.500,0.44,15960.899996571243
1128,OK,84.800,0.44,15837.800048757344
1129,OK,69.600,0.44,15889.599977526814
1130,OK,60.700,0.44,15931.400004774332
1131,OK,64.000,0.44,15853.799995966256
1132,OK,145.300,0.44,15768.199984449893
1133,OK,121.300,0.44,15801.800007466227
1134,OK,55.000,0.44,15958.499978296459
1135,OK,230.400,0.44,15731.399995274842
1136,OK,76.800,0.44,15790.099976584315
1137,OK,59.100,0.44,16013.09998659417
1138,OK,57.700,0.44,15804.900031071156
1139,OK,88.800,0.44,15878.600010182709
1140,OK,59.100,0.44,15866.499976255
1141,OK,88.400,0.44,15896.399971097708
1142,OK,92.100,0.44,15751.600032672286
1143,OK,70.200,0.44,15896.400029305369
1144,OK,67.000,0.44,15967.599989380687
1145,OK,62.300,0.44,15909.900015685707
1146,OK,62.500,0.44,15872.900024987757
1147,OK,59.500,0.44,15915.600000880659
1148,OK,60.200,0.44,15860.099985729903
1149,OK,32.600,0.44,15950.699977111071
1150,OK,37.600,0.44,15890.500042587519
1151,OK,33.200,0.44,15964.799968060106
1152,OK,64.300,0.44,15908.800007309765
1153,OK,48.900,0.44,15927.499975077808
1154,OK,47.100,0.44,15916.9000107795
1155,OK,82.600,0.44,15864.400018472224
1156,OK,63.300,0.44,15910.699963569641
1157,OK,62.000,0.44,15862.800006289035
1158,OK,82.600,0.44,15857.400023378432
1159,OK,58.800,0.44,15953.399997670203
1160,OK,82.800,0.44,15918.200020678341
1161,OK,81.600,0.44,15771.200007293373
1162,OK,79.800,0.44,15910.500020254403
1163,OK,81.900,0.44,15935.199975501746
1164,OK,134.400,0.44,15777.399996295571
1165,OK,53.900,0.44,15842.899971175939
1166,OK,59.300,0.44,15908.900008071214
1167,OK,49.000,0.44,15920.199977699667
1168,OK,47.000,0.44,15907.799999695271
1169,OK,62.000,0.44,15996.199974324554
1170,OK,175.500,0.44,15652.899979613721
1171,OK,102.400,0.44,15795.899962540716
1172,OK,76.100,0.44,16071.299964096397
1173,OK,91.100,0.44,15627.600019797683
1174,OK,64.600,0.44,15881.000028457493
1175,OK,81.800,0.44,15893.700008746237
1176,OK,65.700,0.44,15895.499964244664
1177,OK,94.200,0.44,15839.600004255772
1178,OK,76.200,0.44,15975.299989804626
1179,OK,93.000,0.44,15839.300001971424
1180,OK,95.300,0.44,15818.099956959486
1181,OK,76.800,0.44,15884.499996900558
1182,OK,115.600,0.44,15880.299964919686
1183,OK,73.200,0.44,15832.700009923428
1184,OK,71.900,0.44,15941.199962981045
1185,OK,70.600,0.44,15861.599997151643
1186,OK,157.700,0.44,15823.099995031953
1187,OK,70.300,0.44,15894.59995739162
1188,OK,84.200,0.44,15890.30004106462
1189,OK,82.400,0.44,15840.600011870265
1190,OK,83.800,0.44,15922.599995974451
1191,OK,66.800,0.44,15798.39998157695
1192,OK,102.200,0.44,15840.300009585917
1193,OK,85.500,0.44,15837.200044188648
1194,OK,78.700,0.44,15879.700018558651
1195,OK,80.500,0.44,15871.599956881255
1196,OK,87.200,0.44,15853.899996727705
1197,OK,85.700,0.44,15821.200038772076
1198,OK,95.900,0.44,15859.600040130317
1199,OK,80.900,0.44,15855.499950703233
1200,OK,76.200,0.44,15871.500014327466
1201,OK,106.400,0.44,15742.500021588057
1202,OK,71.700,0.44,15902.300016023219
1203,OK,119.000,0.44,15793.400001712143
1204,OK,107.200,0.44,15895.600023213774
1205,OK,98.300,0.44,15775.099978782237
1206,OK,103.000,0.44,15854.299999773502
1207,OK,82.300,0.44,15890.499984379858
1208,OK,109.400,0.44,15792.39999409765
1209,OK,89.600,0.44,15856.000012718141
1210,OK,95.900,0.44,15871.799958404154
1211,OK,84.600,0.44,15829.29998403415
1212,OK,81.800,0.44,15886.399953160435
1213,OK,91.500,0.44,15859.09997811541
1214,OK,94.400,0.44,15832.699951715767
1215,OK,70.500,0.44,15901.100006885827
1216,OK,76.700,0.44,15890.699985902756
1217,OK,77.800,0.44,15917.00001154095
1218,OK,120.700,0.44,15764.100011438131
1219,OK,88.500,0.44,15853.999997489154
1220,OK,107.900,0.44,15837.399987503886
1221,OK,90.800,0.44,15834.399964660406
1222,OK,94.400,0.44,15866.699977777898
1223,OK,74.700,0.44,15853.999997489154
1224,OK,68.100,0.44,15899.499994702637
1225,OK,48.700,0.44,15896.800032351166
1226,OK,56.000,0.44,15892.499999608845
1227,OK,47.800,0.44,16001.19995418936
1228,OK,69.300,0.44,15868.899994529784
1229,OK,58.900,0.44,15955.899958498776
1230,OK,80.600,0.44,15850.800031330436
1231,OK,84.200,0.44,15880.899969488382
1232,OK,59.900,0.44,15940.000012051314
1233,OK,150.800,0.44,15655.600000172853
1234,OK,67.100,0.44,15881.40003150329
1235,OK,56.000,0.44,15929.300046991557
1236,OK,44.600,0.44,15942.299971356988
1237,OK,45.200,0.44,15900.300000794232
1238,OK,51.200,0.44,15932.299953419715
1239,OK,60.200,0.44,15919.100027531385
1240,OK,58.400,0.44,15945.700055453926
1241,OK,65.300,0.44,15888.100024312735
1242,OK,69.000,0.44,15894.500014837831
1243,OK,57.600,0.44,15882.100036833435
1244,OK,67.400,0.44,15893.900010269135
1245,OK,49.300,0.44,15937.49999301508
1246,OK,59.200,0.44,15914.099989458919
1247,OK,64.100,0.44,15833.400015253574
1248,OK,125.200,0.44,15805.79997971654
1249,OK,86.500,0.44,16040.699963923544
1250,OK,59.800,0.44,15834.900026675314
1251,OK,63.800,0.44,15820.200031157583
1252,OK,58.100,0.44,15849.499963223934
1253,OK,81.800,0.44,16073.599981609732
1254,OK,81.300,0.44,15648.80000660196
1255,OK,63.000,0.44,15906.300046481192
1256,OK,69.800,0.44,15889.300033450127
1257,OK,97.300,0.44,15897.900040727109
1258,OK,94.400,0.44,15826.29996119067
1259,OK,144.800,0.44,16136.799997184426
1260,OK,146.500,0.44,15468.200028408319
1261,OK,161.600,0.44,15790.599980391562
1262,OK,150.600,0.44,15957.599971443415
1263,OK,116.100,0.44,15623.900049831718
1264,OK,79.700,0.44,16079.300025012344
1265,OK,88.400,0.44,15740.400005597621
1266,OK,133.000,0.44,15606.899978592992
1267,OK,86.900,0.44,15818.599960766733
1268,OK,90.800,0.44,15835.999976843596
1269,OK,58.800,0.44,15912.599978037179
1270,OK,52.600,0.44,16114.300000481308
1271,OK,65.200,0.44,15978.99995977059
1272,OK,66.500,0.44,15901.200007647276
1273,OK,76.900,0.44,15693.299996200949
1274,OK,84.100,0.44,15897.000033874065
1275,OK,127.600,0.44,15774.7000339441
1276,OK,223.200,0.44,15538.299980107695
1277,OK,55.300,0.44,15819.600026588887
1278,OK,55.000,0.44,15975.299989804626
1279,OK,58.100,0.44,15917.700016871095
1280,OK,49.100,0.44,15966.599981766194
1281,OK,50.400,0.44,15920.799982268363
1282,OK,62.100,0.44,15869.900002144277
1283,OK,59.100,0.44,15895.800024736673
1284,OK,59.700,0.44,15867.000038269907
1285,OK,52.300,0.44,15992.700005881488
1286,OK,72.600,0.44,15848.70001534
1287,OK,58.300,0.44,15972.299966961145
1288,OK,69.000,0.44,15852.199983783066
1289,OK,57.800,0.44,15913.89998793602
1290,OK,64.400,0.44,15870.700008235872
1291,OK,52.100,0.44,15895.300020929426
1292,OK,55.100,0.44,15925.199957564473
1293,OK,56.200,0.44,15941.099962219596
1294,OK,46.600,0.44,15907.100052572787
1295,OK,55.900,0.44,15962.899953592569
1296,OK,53.500,0.44,15900.200000032783
1297,OK,57.900,0.44,15898.899990133941
1298,OK,60.800,0.44,15917.899960186332
1299,OK,118.200,0.44,15845.79999325797
1300,OK,83.100,0.44,15844.399982597679
1301,OK,53.900,0.44,15836.399979889393
1302,OK,78.600,0.44,15833.200013730675
1303,OK,64.800,0.44,15902.099956292659
1304,OK,60.300,0.44,15828.400035388768
1305,OK,59.300,0.44,15872.999967541546
1306,OK,48.000,0.44,15949.100023135543
1307,OK,44.800,0.44,15920.699981506914
1308,OK,47.300,0.44,15914.300049189478
1309,OK,41.900,0.44,15936.999989207834
1310,OK,45.700,0.44,15931.300004012883
1311,OK,46.700,0.44,15922.79999749735
1312,OK,53.000,0.44,15927.000029478222
1313,OK,58.200,0.44,15929.499990306795
1314,OK,63.400,0.44,15886.200009845197
1315,OK,46.000,0.44,15916.200005449355
1316,OK,60.500,0.44,15935.300034470856
1317,OK,54.000,0.44,15914.499992504716
1318,OK,50.800,0.44,16312.39999551326
1319,OK,232.200,0.44,15198.600012809038
1320,OK,62.800,0.44,15925.200015772134
1321,OK,74.500,0.44,15872.200019657612
1322,OK,64.700,0.44,15954.200003761798
1323,OK,59.800,0.44,15813.499980140477
1324,OK,56.100,0.44,15938.800002913922
1325,OK,59.300,0.44,15879.400016274303
1326,OK,76.100,0.44,15965.499973390251
1327,OK,62.000,0.44,15903.60002592206
1328,OK,61.600,0.44,15881.899977102876
1329,OK,58.900,0.44,15800.699999090284
1330,OK,63.200,0.44,15984.900004696101
1331,OK,54.800,0.44,15890.000038780272
1332,OK,42.800,0.44,15969.100000802428
1333,OK,49.800,0.44,15760.499984025955
1334,OK,56.600,0.44,15979.499963577837
1335,OK,90.600,0.44,15871.799958404154
1336,OK,50.500,0.44,15905.09997913614
1337,OK,65.100,0.44,15900.800004601479
1338,OK,63.700,0.44,15908.700006548315
1339,OK,64.700,0.44,15885.000000707805
1340,OK,57.700,0.44,15947.200008668005
1341,OK,77.100,0.44,15810.800017789006
1342,OK,54.800,0.44,15921.799989882857
1343,OK,71.800,0.44,15902.399958577007
1344,OK,63.800,0.44,15942.899975925684
1345,OK,109.700,0.44,15773.20002252236
1346,OK,57.500,0.44,15881.599974818528
1347,OK,64.700,0.44,15911.700029391795
1348,OK,50.800,0.44,15912.50003548339
1349,OK,50.800,0.44,15891.999995801598
1350,OK,53.500,0.44,15933.30001924187
1351,OK,61.900,0.44,15908.900008071214
1352,OK,54.100,0.44,15883.999993093312
1353,OK,59.600,0.44,15953.800000716
1354,OK,99.500,0.44,15860.799991060048
1355,OK,71.200,0.44,15841.699962038547
1356,OK,56.300,0.44,15915.199997834861
1357,OK,92.400,0.44,15912.49997727573
1358,OK,55.800,0.44,15823.699999600649
1359,OK,70.200,0.44,15947.100007906556
1360,OK,63.900,0.44,15911.199967376888
1361,OK,60.800,0.44,15880.900027696043
1362,OK,50.700,0.44,15895.700023975223
1363,OK,65.400,0.44,15937.80005350709
1364,OK,50.100,0.44,15950.800036080182
1365,OK,56.800,0.44,15911.600028630346
1366,OK,57.000,0.44,15935.899980831891
1367,OK,86.800,0.44,15835.29997151345
1368,OK,77.900,0.44,15888.199966866523
1369,OK,65.100,0.44,15903.199964668602
1370,OK,56.500,0.44,15945.599996484816
1371,OK,67.100,0.44,15865.10002380237
1372,OK,62.100,0.44,15875.899989623576
1373,OK,59.000,0.44,15951.899986248463
1374,OK,109.900,0.44,15838.999999687076
1375,OK,72.000,0.44,15875.899989623576
1376,OK,69.300,0.44,15851.799980737269
1377,OK,59.100,0.44,15899.799996986985
1378,OK,88.500,0.44,15902.600018307567
1379,OK,63.300,0.44,15871.00001052022
1380,OK,65.200,0.44,15920.300036668777
1381,OK,88.500,0.44,15868.899994529784
1382,OK,66.900,0.44,15884.599997662008
1383,OK,64.700,0.44,15844.499983359128
1384,OK,57.000,0.44,15929.700050037354
1385,OK,65.100,0.44,15923.200000543147
1386,OK,63.000,0.44,15880.199964158237
1387,OK,57.000,0.44,15920.399979222566
1388,OK,68.200,0.44,15808.60000103712
1389,OK,54.400,0.44,15942.599973641336
1390,OK,90.600,0.44,15821.299981325865
1391,OK,66.000,0.44,15953.800000716
1392,OK,60.400,0.44,15896.899974904954
1393,OK,63.700,0.44,15866.900037508458
1394,OK,54.400,0.44,15908.600005786866
1395,OK,54.600,0.44,15903.699968475848
1396,OK,63.200,0.44,15913.499984890223
1397,OK,68.900,0.44,15891.7999942787
1398,OK,56.500,0.44,15931.49994732812
1399,OK,59.000,0.44,15876.99999799952
1400,OK,46.100,0.44,15937.399992253631
1401,OK,87.200,0.44,15686.600003391504
1402,OK,70.800,0.44,15922.199992928654
1403,OK,64.000,0.44,15879.099955782294
1404,OK,58.200,0.44,15955.29995393008
1405,OK,48.700,0.44,15964.499965775758
1406,OK,80.100,0.44,15866.900037508458
1407,OK,49.200,0.44,15885.100001469254
1408,OK,56.200,0.44,15934.70002990216
1409,OK,79.400,0.44,15862.299944274127
1410,OK,75.300,0.44,15894.100011792034
1411,OK,79.000,0.44,15888.399968389422
1412,OK,58.900,0.44,15901.200007647276
1413,OK,56.200,0.44,15847.1999457106
1414,OK,57.300,0.44,15964.500023983419
1415,OK,54.700,0.44,15927.999978885055
1416,OK,132.400,0.44,15797.199972439557
1417,OK,60.800,0.44,15855.400008149445
1418,OK,70.400,0.44,15932.700014673173
1419,OK,64.400,0.44,15879.700018558651
1420,OK,60.900,0.44,15941.100020427257
1421,OK,72.100,0.44,15871.700015850365
1422,OK,84.500,0.44,15880.500024650246
1423,OK,65.400,0.44,15839.400002732873
1424,OK,74.400,0.44,15950.000029988587
1425,OK,119.600,0.44,15800.900000613183
1426,OK,61.900,0.44,15855.000005103648
1427,OK,59.200,0.44,15898.799989372492
1428,OK,57.100,0.44,15945.299994200468
1429,OK,66.500,0.44,15856.000012718141
1430,OK,47.300,0.44,15958.40003574267
1431,OK,51.000,0.44,15845.79999325797
1432,OK,78.100,0.44,15952.100045979023
1433,OK,60.100,0.44,15894.200012553483
1434,OK,177.100,0.44,15684.19998511672
1435,OK,57.600,0.44,15948.199958074838
1436,OK,60.100,0.44,15910.000016447157
1437,OK,69.900,0.44,15940.60001662001
1438,OK,58.300,0.44,15843.899978790432
1439,OK,78.800,0.44,15919.300029054284
1440,OK,67.300,0.44,15874.599979724735
1441,OK,64.100,0.44,15852.500044275075
1442,OK,76.700,0.44,15878.200007136911
1443,OK,81.000,0.44,15887.30001822114
1444,OK,72.000,0.44,15878.50000942126
1445,OK,71.800,0.44,15892.499999608845
1446,OK,87.300,0.44,15828.699979465455
1447,OK,91.600,0.44,15880.700026173145
1448,OK,63.000,0.44,15905.899985227734
1449,OK,61.300,0.44,15915.099997073412
1450,OK,77.400,0.44,15846.199996303767
1451,OK,77.100,0.44,15899.19999241829
1452,OK,114.100,0.44,15827.000024728477
1453,OK,107.000,0.44,15838.100051041692
1454,OK,84.400,0.44,15840.400010347366
1455,OK,78.200,0.44,15887.499961536378
1456,OK,84.600,0.44,15862.800006289035
1457,OK,84.500,0.44,15851.500036660582
1458,OK,85.200,0.44,15829.199983272702
1459,OK,88.000,0.44,15760.199981741607
1460,OK,75.700,0.44,15891.69999351725
1461,OK,59.000,0.44,15906.699991319329
1462,OK,75.600,0.44,15888.600028119981
1463,OK,85.800,0.44,15831.800003070384
1464,OK,53.400,0.44,15966.499981004745
1465,OK,95.100,0.44,15845.299989450723
1466,OK,91.200,0.44,15873.000025749207
1467,OK,100.700,0.44,15945.399994961917
1468,OK,229.800,0.44,15541.600005235523
1469,OK,85.100,0.44,15783.70004426688
1470,OK,48.000,0.44,16013.09998659417
1471,OK,61.500,0.44,15876.89999723807
1472,OK,54.500,0.44,15911.600028630346
1473,OK,50.000,0.44,15931.000001728535
1474,OK,52.700,0.44,15926.400024909526
1475,OK,46.000,0.44,15899.19999241829
1476,OK,43.600,0.44,15975.099988281727
1477,OK,45.800,0.44,15927.399974316359
1478,OK,115.400,0.44,15779.400011524558
1479,OK,75.300,0.44,15891.499991994351
1480,OK,71.200,0.44,15856.300015002489
1481,OK,67.600,0.44,15915.50000011921
1482,OK,66.000,0.44,15895.99996805191
1483,OK,63.800,0.44,15931.80000782013
1484,OK,64.700,0.44,15811.199962627143
1485,OK,87.100,0.44,15957.300027366728
1486,OK,134.500,0.44,15713.89997843653
1487,OK,50.700,0.44,15903.3999661915
1488,OK,55.500,0.44,15968.79999851808
1489,OK,65.700,0.44,15889.399976003915
1490,OK,55.600,0.44,15887.800022028387
1491,OK,70.000,0.44,15895.000018645078
1492,OK,51.300,0.44,15861.299994867295
1493,OK,59.200,0.44,15932.200010865927
1494,OK,65.900,0.44,15876.99999799952
1495,OK,129.100,0.44,15788.899967446923
1496,OK,54.500,0.44,16036.79999243468
1497,OK,109.300,0.44,15663.300000596792
1498,OK,58.200,0.44,16082.099988125265
1499,OK,60.900,0.44,15830.299991648644
1500,OK,71.100,0.44,15903.999970760196
1501,OK,81.100,0.44,15645.299979951233
1502,OK,86.400,0.44,15987.399965524673
1503,OK,83.400,0.44,15871.199953835458
1504,OK,85.800,0.44,16089.899989310652
1505,OK,94.000,0.44,15500.000037718564
1506,OK,81.000,0.44,16295.299981720746
1507,OK,103.300,0.44,15939.600009005517
1508,OK,130.700,0.44,15502.900001592934
1509,OK,129.900,0.44,15649.300010409206
1510,OK,185.200,0.44,15683.499979786575
1511,OK,87.600,0.44,16300.70002283901
1512,OK,91.200,0.44,15500.799985602498
1513,OK,97.600,0.44,15781.599970068783
1514,OK,127.900,0.44,18433.700024615973
1515,OK,84.600,0.44,16328.70000321418
1516,OK,63.500,0.44,21038.400009274483
1517,OK,88.500,0.44,10825.000004842877
1518,OK,69.000,0.44,12753.299961332232
1519,OK,62.800,0.44,15742.499963380396
1520,OK,67.500,0.44,15918.50002296269
1521,OK,59.000,0.44,15838.199993595481
1522,OK,79.100,0.44,15939.600009005517
1523,OK,155.400,0.44,15856.10001347959
1524,OK,194.100,0.44,15750.400023534894
1525,OK,85.800,0.44,15820.999979041517
1526,OK,99.900,0.44,15885.400003753603
1527,OK,77.600,0.44,15896.299970336258
1528,OK,110.000,0.44,15687.700011767447
1529,OK,106.000,0.44,15872.799966018647
1530,OK,117.600,0.44,15833.500016015023
1531,OK,122.100,0.44,15677.599993068725
1532,OK,68.900,0.44,15829.3999847956
1533,OK,42.100,0.44,15915.700001642108
1534,OK,42.600,0.44,16003.100026864558
1535,OK,84.900,0.44,15921.499987598509
1536,OK,80.200,0.44,15798.19998005405
1537,OK,72.300,0.44,15826.900023967028
1538,OK,52.800,0.44,15926.899970509112
1539,OK,82.600,0.44,15898.899990133941
1540,OK,77.800,0.44,15877.500001806766
1541,OK,67.900,0.44,15888.999972958118
1542,OK,54.500,0.44,15908.600005786866
1543,OK,102.000,0.44,15829.899988602847
1544,OK,63.000,0.44,15874.200034886599
1545,OK,41.700,0.44,15996.599977370352
1546,OK,69.200,0.44,15898.699988611042
1547,OK,68.400,0.44,15845.400048419833
1548,OK,72.500,0.44,15910.000016447157
1549,OK,56.900,0.44,15919.300029054284
1550,OK,62.300,0.44,15893.500007223338
1551,OK,55.600,0.44,15900.50000231713
1552,OK,56.500,0.44,15917.600016109645
1553,OK,65.700,0.44,15931.900008581579
1554,OK,64.700,0.44,15863.400010857731
1555,OK,60.800,0.44,15904.699976090342
1556,OK,48.800,0.44,15954.899950884283
1557,OK,60.400,0.44,15842.999971937388
1558,OK,52.700,0.44,15930.599998682737
1559,OK,58.400,0.44,15898.399986326694
1560,OK,43.900,0.44,43958.20002537221
1561,OK,95.600,0.44,3747.1000105142593
1562,OK,75.100,0.44,15927.500033285469
1563,OK,84.200,0.44,22968.700039200485
1564,OK,93.800,0.44,24811.499984934926
1565,OK,86.600,0.44,15786.60000814125
1566,OK,76.800,0.44,15878.600010182709
1567,OK,57.100,0.44,15859.199978876859
1568,OK,76.400,0.44,15914.599993266165
1569,OK,51.500,0.44,15935.599978547543
1570,OK,66.700,0.44,15896.500030066818
1571,OK,60.100,0.44,15878.100006375462
1572,OK,53.600,0.44,15971.69996239245
1573,OK,60.000,0.44,15837.899991311133
1574,OK,82.500,0.44,15849.000017624348
1575,OK,72.700,0.44,15931.500005535781
1576,OK,58.800,0.44,15856.400015763938
1577,OK,78.200,0.44,15865.299967117608
1578,OK,50.600,0.44,15923.900005873293
1579,OK,52.900,0.44,15998.099988792092
1580,OK,126.700,0.44,15742.499963380396
1581,OK,71.000,0.44,15866.299974732101
1582,OK,57.700,0.44,15901.000006124377
1583,OK,74.200,0.44,15870.700008235872
1584,OK,60.300,0.44,15972.299966961145
1585,OK,67.900,0.44,15853.599994443357
1586,OK,74.000,0.44,15881.999977864325
1587,OK,64.400,0.44,15967.399987857789
1588,OK,54.100,0.44,15901.400009170175
1589,OK,84.700,0.44,15871.600015088916
1590,OK,73.300,0.44,15837.799990549684
1591,OK,106.200,0.44,15812.299971003085
1592,OK,44.600,0.44,15994.899964425713
1593,OK,65.900,0.44,15864.900022279471
1594,OK,85.600,0.44,15870.599949266762
1595,OK,54.000,0.44,15928.299981169403
1596,OK,53.700,0.44,15938.800002913922
1597,OK,62.400,0.44,15906.199987512082
1598,OK,51.300,0.44,15880.299964919686
1599,OK,82.400,0.44,15918.700024485588
1600,OK,59.700,0.44,15858.300030231476
1601,OK,66.800,0.44,15748.600009828806
1602,OK,79.600,0.44,15853.19999139756
1603,OK,84.200,0.44,15886.700013652444
1604,OK,66.500,0.44,15912.999981082976
1605,OK,47.800,0.44,15933.500020764768
1606,OK,45.700,0.44,15886.200009845197
1607,OK,91.600,0.44,15927.499975077808
1608,OK,70.500,0.44,15824.600006453693
1609,OK,59.600,0.44,15903.5999677144
1610,OK,47.800,0.44,15964.40002322197
1611,OK,62.200,0.44,15870.800008997321
1612,OK,51.900,0.44,15934.200026094913
1613,OK,69.400,0.44,15892.700001131743
1614,OK,77.200,0.44,15938.199998345226
1615,OK,61.300,0.44,15802.100009750575
1616,OK,65.000,0.44,15838.499995879829
1617,OK,56.300,0.44,15984.800003934652
1618,OK,52.600,0.44,15911.699971184134
1619,OK,69.200,0.44,15892.399998847395
1620,OK,57.700,0.44,15851.199976168573
1621,OK,69.100,0.44,15861.199994105846
1622,OK,70.600,0.44,15921.29998607561
1623,OK,71.900,0.44,15880.499966442585
1624,OK,56.700,0.44,15902.700019069016
1625,OK,54.800,0.44,15967.19998633489
1626,OK,70.400,0.44,15932.499954942614
1627,OK,65.200,0.44,15870.300005190074
1628,OK,59.500,0.44,15904.000028967857
1629,OK,67.300,0.44,15860.4999887757
1630,OK,55.900,0.44,15924.899955280125
1631,OK,60.500,0.44,15908.500005025417
1632,OK,63.600,0.44,15894.799958914518
1633,OK,62.800,0.44,15845.599991735071
1634,OK,72.800,0.44,15895.400021690875
1635,OK,66.000,0.44,15929.899993352592
1636,OK,56.300,0.44,15908.500005025417
1637,OK,59.800,0.44,15916.999953333288
1638,OK,74.800,0.44,15883.499989286065
1639,OK,79.700,0.44,15823.299996554852
1640,OK,94.800,0.44,15839.59994604811
1641,OK,100.000,0.44,15879.8000193201
1642,OK,44.100,0.44,15875.499986577779
1643,OK,48.900,0.44,15932.000009343028
1644,OK,48.600,0.44,15895.99996805191
1645,OK,75.200,0.44,15871.800016611814
1646,OK,106.200,0.44,15874.099975917488
1647,OK,45.200,0.44,15930.399997159839
1648,OK,46.100,0.44,15928.399981930852
1649,OK,46.400,0.44,15844.699984882027
1650,OK,52.100,0.44,15976.900001987815
1651,OK,52.800,0.44,15940.50001585856
1652,OK,53.900,0.44,15880.099963396788
1653,OK,55.900,0.44,15927.999978885055
1654,OK,67.900,0.44,15964.999969583005
1655,OK,64.200,0.44,15800.699999090284
1656,OK,61.400,0.44,15945.199993439019
1657,OK,71.300,0.44,15905.799984466285
1658,OK,64.000,0.44,15845.499990973622
1659,OK,66.000,0.44,15882.200037594885
1660,OK,62.100,0.44,15939.300006721169
1661,OK,55.600,0.44,15921.099984552711
1662,OK,62.900,0.44,15899.09999165684
1663,OK,52.600,0.44,15935.499977786094
1664,OK,75.400,0.44,15864.000015426427
1665,OK,57.500,0.44,15784.99999595806
1666,OK,70.800,0.44,15894.300013314933
1667,OK,77.800,0.44,15872.100018896163
1668,OK,71.500,0.44,15940.000012051314
1669,OK,65.300,0.44,15922.499995213002
1670,OK,67.100,0.44,15853.599994443357
1671,OK,49.900,0.44,15904.000028967857
1672,OK,51.900,0.44,15919.300029054284
1673,OK,97.300,0.44,15805.90003868565
1674,OK,49.800,0.44,15911.400027107447
1675,OK,44.900,0.44,15919.700032100081
1676,OK,46.100,0.44,15952.999994624406
1677,OK,49.200,0.44,15894.59995739162
1678,OK,52.000,0.44,15907.099994365126
1679,OK,42.100,0.44,15923.500002827495
1680,OK,107.900,0.44,15878.800011705607
1681,OK,41.500,0.44,15912.50003548339
1682,OK,61.600,0.44,15884.899999946356
1683,OK,35.500,0.44,15945.799998007715
1684,OK,56.600,0.44,15908.300003502518
1685,OK,49.100,0.44,15936.899988446385
1686,OK,91.700,0.44,15861.499996390194
1687,OK,56.000,0.44,15910.599962808192
1688,OK,73.600,0.44,15837.999992072582
1689,OK,60.700,0.44,15972.100023645908
1690,OK,64.000,0.44,15894.70001636073
1691,OK,75.400,0.44,15877.500001806766
1692,OK,67.200,0.44,15886.100009083748
1693,OK,59.800,0.44,15908.400004263967
1694,OK,79.800,0.44,15824.900008738041
1695,OK,98.800,0.44,15817.50001059845
1696,OK,93.600,0.44,15846.099995542318
1697,OK,86.800,0.44,15878.200007136911
1698,OK,95.100,0.44,15868.300048168749
1699,OK,84.100,0.44,15859.700040891767
1700,OK,86.600,0.44,15892.199997324497
1701,OK,89.100,0.44,15743.200026918203
1702,OK,92.900,0.44,15847.700007725507
1703,OK,116.700,0.44,15794.700011610985
1704,OK,68.900,0.44,15868.0000458844
1705,OK,66.200,0.44,15902.20001526177
1706,OK,92.200,0.44,15855.700010433793
1707,OK,87.900,0.44,15853.900054935366
1708,OK,93.800,0.44,15864.79996331036
1709,OK,103.300,0.44,15849.000017624348
1710,OK,103.000,0.44,15849.99996703118
1711,OK,90.000,0.44,15838.899998925626
1712,OK,89.800,0.44,15870.90000975877
1713,OK,89.700,0.44,15848.999959416687
1714,OK,86.700,0.44,15867.900045122951
1715,OK,91.100,0.44,15860.399988014251
1716,OK,91.000,0.44,15848.199953325093
1717,OK,89.500,0.44,15880.499966442585
1718,OK,69.800,0.44,15837.099985219538
1719,OK,83.000,0.44,15829.199983272702
1720,OK,81.700,0.44,15894.200012553483
1721,OK,100.900,0.44,15914.299990981817
1722,OK,112.500,0.44,15793.700003996491
1723,OK,114.700,0.44,15828.699979465455
1724,OK,106.800,0.44,15853.799995966256
1725,OK,94.900,0.44,15880.699967965484
1726,OK,126.800,0.44,15903.100022114813
1727,OK,99.400,0.44,15636.600030120462
1728,OK,81.100,0.44,15860.999992582947
1729,OK,64.100,0.44,15879.899961873889
1730,OK,54.200,0.44,15902.799961622804
1731,OK,52.800,0.44,15897.80003996566
1732,OK,41.400,0.44,16009.300015866756
1733,OK,53.500,0.44,15905.799984466285
1734,OK,50.600,0.44,15938.500000629574
1735,OK,49.100,0.44,15875.599987339228
1736,OK,49.300,0.44,16019.09997407347
1737,OK,167.100,0.44,15679.700009059161
1738,OK,54.100,0.44,15921.39998683706
1739,OK,59.700,0.44,15952.39999005571
1740,OK,81.000,0.44,15882.899984717369
1741,OK,60.600,0.44,15847.500006202608
1742,OK,86.400,0.44,15882.599982433021
1743,OK,109.100,0.44,15777.399996295571
1744,OK,52.700,0.44,15951.400040648878
1745,OK,70.300,0.44,15864.700020756572
1746,OK,57.400,0.44,15888.80002964288
1747,OK,43.500,0.44,15965.600032359362
1748,OK,57.000,0.44,15938.600001391023
1749,OK,77.800,0.44,15832.700009923428
1750,OK,42.600,0.44,15956.100018229336
1751,OK,58.300,0.44,16054.500010795891
1752,OK,144.600,0.44,15575.99997613579
1753,OK,54.000,0.44,16303.399985190481
1754,OK,53.200,0.44,15651.899971999228
1755,OK,145.100,0.44,15687.500010244548
1756,OK,68.500,0.44,16212.099988479167
1757,OK,66.000,0.44,15604.599961079657
1758,OK,77.300,0.44,15820.899978280067
1759,OK,72.200,0.44,15934.200026094913
1760,OK,66.600,0.44,15878.900012467057
1761,OK,83.000,0.44,15885.600005276501
1762,OK,82.100,0.44,15875.599987339228
1763,OK,97.900,0.44,15861.499996390194
1764,OK,93.200,0.44,15781.499969307333
1765,OK,59.300,0.44,15909.60001340136
1766,OK,50.700,0.44,15815.400052815676
1767,OK,47.600,0.44,16027.89998287335
1768,OK,59.700,0.44,16026.999976020306
1769,OK,69.300,0.44,15785.700001288205
1770,OK,72.900,0.44,15883.999993093312
1771,OK,67.100,0.44,16276.69995650649
1772,OK,81.400,0.44,15948.299958836287
1773,OK,95.600,0.44,15793.90000551939
1774,OK,116.700,0.44,15372.900001239032
1775,OK,169.500,0.44,15809.100004844368
1776,OK,150.000,0.44,15735.700028017163
1777,OK,149.800,0.44,15721.29997657612
1778,OK,97.200,0.44,15707.799990195781
1779,OK,121.300,0.44,15854.400000534952
1780,OK,41.800,0.44,15935.499977786094
1781,OK,60.700,0.44,15941.500023473054
1782,OK,53.700,0.44,15874.899982009083
1783,OK,65.500,0.44,15921.700047329068
1784,OK,53.500,0.44,15939.500008244067
1785,OK,58.600,0.44,15907.600056380033
1786,OK,52.500,0.44,15911.499969661236
1787,OK,54.500,0.44,15865.400026086718
1788,OK,47.000,0.44,15970.09995020926
1789,OK,52.700,0.44,15921.899990644306
1790,OK,58.800,0.44,15939.20000595972
1791,OK,61.000,0.44,15894.200012553483
1792,OK,57.800,0.44,15877.700003329664
1793,OK,51.900,0.44,15858.800034038723
1794,OK,53.600,0.44,15860.100043937564
1795,OK,48.800,0.44,15953.099995385855
1796,OK,41.800,0.44,15888.100024312735
1797,OK,40.600,0.44,15910.000016447157
1798,OK,33.700,0.44,15958.599979057908
1799,OK,40.300,0.44,15954.0000022389
1800,OK,44.500,0.44,15917.299955617636
1801,OK,45.300,0.44,15863.29995188862
1802,OK,45.800,0.44,15977.70000807941
1803,OK,53.200,0.44,15932.899957988411
1804,OK,71.300,0.44,15902.00001373887
1805,OK,60.500,0.44,15889.199974481016
1806,OK,58.500,0.44,15909.50001263991
1807,OK,61.500,0.44,15902.999963145703
1808,OK,57.900,0.44,15883.700049016625
1809,OK,60.700,0.44,15886.100009083748
1810,OK,67.500,0.44,15869.199996814132
1811,OK,54.500,0.44,15924.40000968054
1812,OK,61.900,0.44,15893.699950538576
1813,OK,56.800,0.44,15905.600041151047
1814,OK,57.400,0.44,15890.900045633316
1815,OK,56.900,0.44,15940.100012812763
1816,OK,54.200,0.44,15872.999967541546
1817,OK,49.600,0.44,15858.200029470026
1818,OK,51.700,0.44,15963.799960445613
1819,OK,76.900,0.44,15854.500001296401
1820,OK,52.100,0.44,15980.300027877092
1821,OK,43.800,0.44,15935.900039039552
1822,OK,48.800,0.44,15945.999999530613
1823,OK,44.000,0.44,15852.399985305965
1824,OK,46.200,0.44,15925.400017295033
1825,OK,46.600,0.44,15916.700009256601
1826,OK,49.300,0.44,15959.599986672401
1827,OK,61.300,0.44,15905.1000373438
1828,OK,61.200,0.44,15902.400016784668
1829,OK,57.500,0.44,15960.299992002547
1830,OK,76.300,0.44,15895.899967290461
1831,OK,67.800,0.44,15799.69999147579
1832,OK,56.800,0.44,15885.400003753603
1833,OK,64.900,0.44,15984.700003173202
1834,OK,51.500,0.44,15935.100032947958
1835,OK,54.500,0.44,15913.800045382231
1836,OK,61.900,0.44,15920.299978461117
1837,OK,63.200,0.44,15888.600028119981
1838,OK,58.200,0.44,15910.200017970055
1839,OK,58.600,0.44,15980.200027115643
1840,OK,63.100,0.44,15822.199988178909
1841,OK,60.800,0.44,15894.500014837831
1842,OK,59.300,0.44,15837.899991311133
1843,OK,49.900,0.44,15899.599995464087
1844,OK,52.500,0.44,15931.000001728535
1845,OK,63.400,0.44,15867.100039031357
1846,OK,49.400,0.44,15927.600034046918
1847,OK,60.600,0.44,15850.499970838428
1848,OK,60.800,0.44,15883.999993093312
1849,OK,60.300,0.44,15955.900016706437
1850,OK,50.800,0.44,15913.300041574985
1851,OK,54.400,0.44,15912.000031676143
1852,OK,59.600,0.44,15920.399979222566
1853,OK,84.000,0.44,15852.899989113212
1854,OK,53.700,0.44,15909.000008832663
1855,OK,51.700,0.44,15901.700011454523
1856,OK,53.500,0.44,15875.39998581633
1857,OK,64.200,0.44,15930.900000967085
1858,OK,52.800,0.44,15943.300037179142
1859,OK,60.600,0.44,15872.699965257198
1860,OK,79.900,0.44,15894.80001712218
1861,OK,59.900,0.44,15969.800006132573
1862,OK,58.000,0.44,15898.699988611042
1863,OK,54.100,0.44,15872.700023464859
1864,OK,59.000,0.44,15910.400019492954
1865,OK,66.900,0.44,15958.000032696873
1866,OK,59.900,0.44,15848.69995713234
1867,OK,63.100,0.44,15940.900018904358
1868,OK,57.800,0.44,15876.700053922832
1869,OK,58.100,0.44,15890.29998285696
1870,OK,64.600,0.44,15899.999998509884
1871,OK,67.500,0.44,15796.79996939376
1872,OK,61.700,0.44,15995.799971278757
1873,OK,60.000,0.44,15850.900032091886
1874,OK,64.400,0.44,15908.400004263967
1875,OK,55.500,0.44,15914.499992504716
1876,OK,60.300,0.44,15874.300035648048
1877,OK,58.400,0.44,15904.799976851791
1878,OK,59.400,0.44,15912.799979560077
1879,OK,66.600,0.44,15849.500021431595
1880,OK,52.000,0.44,15986.29995714873
1881,OK,67.500,0.44,15830.399992410094
1882,OK,51.200,0.44,15900.60000307858
1883,OK,47.800,0.44,15923.700004350394
1884,OK,44.900,0.44,15916.500007733703
1885,OK,43.400,0.44,15937.69999453798
1886,OK,43.900,0.44,15978.200011886656
1887,OK,51.600,0.44,15892.199997324497
1888,OK,96.800,0.44,15834.00001982227
1889,OK,85.400,0.44,15824.100002646446
1890,OK,51.800,0.44,15904.499974567443
1891,OK,49.100,0.44,15812.299971003085
1892,OK,78.700,0.44,15960.499993525445
1893,OK,50.000,0.44,15910.99996585399
1894,OK,48.400,0.44,15910.700021777302
1895,OK,43.300,0.44,15883.099986240268
1896,OK,46.200,0.44,15982.899989467114
1897,OK,39.300,0.44,15963.000012561679
1898,OK,55.100,0.44,15879.79996111244
1899,OK,46.900,0.44,15947.600011713803
1900,OK,49.600,0.44,15937.69999453798
1901,OK,58.000,0.44,15775.699983350933
1902,OK,67.000,0.44,15957.900031935424
1903,OK,49.700,0.44,15887.20001745969
1904,OK,49.400,0.44,15912.999981082976
1905,OK,45.800,0.44,15905.799984466285
1906,OK,55.700,0.44,15924.800012726337
1907,OK,59.500,0.44,15914.399991743267
1908,OK,65.600,0.44,15896.600030828267
1909,OK,65.300,0.44,15899.499994702637
1910,OK,66.900,0.44,15844.000037759542
1911,OK,63.800,0.44,15928.199980407953
1912,OK,114.200,0.44,15799.400047399104
1913,OK,54.900,0.44,15966.400038450956
1914,OK,51.200,0.44,15913.99998869747
1915,OK,129.600,0.44,15745.09998317808
1916,OK,99.900,0.44,15910.700021777302
1917,OK,50.200,0.44,15885.600005276501
1918,OK,33.800,0.44,15954.500006046146
1919,OK,73.500,0.44,15839.200001209974
1920,OK,54.400,0.44,15905.199979897588
1921,OK,63.900,0.44,15921.099984552711
1922,OK,55.500,0.44,15914.399991743267
1923,OK,100.500,0.44,15825.800015591085
1924,OK,109.300,0.44,15875.699988100678
1925,OK,63.100,0.44,15874.999982770532
1926,OK,57.700,0.44,15924.600011203438
1927,OK,77.200,0.44,15937.69999453798
1928,OK,107.100,0.44,15789.49997201562
1929,OK,64.600,0.44,15841.900021769106
1930,OK,54.500,0.44,15844.100038520992
1931,OK,73.700,0.44,15907.199995126575
1932,OK,62.100,0.44,15945.599996484816
1933,OK,61.700,0.44,16244.500002358109
1934,OK,73.200,0.44,15484.000032301992
1935,OK,78.100,0.44,15931.100002489984
1936,OK,82.100,0.44,15869.800001382828
1937,OK,68.200,0.44,15860.799991060048
1938,OK,87.800,0.44,15850.100026000291
1939,OK,64.900,0.44,15899.399993941188
1940,OK,65.700,0.44,15900.50000231713
1941,OK,66.400,0.44,15962.000004947186
1942,OK,64.400,0.44,15827.399969566613
1943,OK,84.500,0.44,15860.899991821498
1944,OK,64.400,0.44,15904.89997761324
1945,OK,63.200,0.44,15868.2000474073
1946,OK,81.000,0.44,15898.799989372492
1947,OK,61.000,0.44,15870.300005190074
1948,OK,84.500,0.44,15892.499999608845
1949,OK,100.400,0.44,15804.499969817698
1950,OK,82.000,0.44,15890.600043348968
1951,OK,81.200,0.44,15862.00000019744
1952,OK,95.700,0.44,15833.100012969226
1953,OK,80.900,0.44,15919.199970085174
1954,OK,80.000,0.44,15784.299990627915
1955,OK,51.300,0.44,15962.80001103878
1956,OK,109.400,0.44,15866.70003598556
1957,OK,107.000,0.44,15790.800040122122
1958,OK,84.900,0.44,15910.599962808192
1959,OK,100.300,0.44,15803.099959157407
1960,OK,88.800,0.44,15825.200011022389
1961,OK,61.600,0.44,16054.000006988645
1962,OK,57.800,0.44,15747.099998407066
1963,OK,53.000,0.44,15907.099994365126
1964,OK,46.600,0.44,16020.399983972311
1965,OK,59.700,0.44,15886.200009845197
1966,OK,49.300,0.44,15941.099962219596
1967,OK,70.200,0.44,15881.399973295629
1968,OK,56.600,0.44,15859.299979638308
1969,OK,61.700,0.44,15961.40000037849
1970,OK,77.200,0.44,15867.699985392392
1971,OK,58.200,0.44,15896.30002854392
1972,OK,172.700,0.44,15748.800011351705
1973,OK,59.800,0.44,15857.299964409322
1974,OK,62.300,0.44,15913.79998717457
1975,OK,57.700,0.44,15948.299958836287
1976,OK,57.600,0.44,15908.900008071214
1977,OK,58.700,0.44,15869.599999859929
1978,OK,74.800,0.44,15922.599995974451
1979,OK,158.300,0.44,15759.399975650012
1980,OK,76.000,0.44,15824.79994976893
1981,OK,58.400,0.44,15938.299999106675
1982,OK,68.100,0.44,15862.10000095889
1983,OK,70.300,0.44,15950.900036841631
1984,OK,56.300,0.44,15834.200021345168
1985,OK,43.800,0.44,16053.700004704297
1986,OK,83.900,0.44,15778.399945702404
1987,OK,47.200,0.44,15897.70003920421
1988,OK,40.700,0.44,15952.699992340058
1989,OK,42.900,0.44,16206.900007091463
1990,OK,97.000,0.44,15604.900021571666
1991,OK,82.000,0.44,16194.999974686652
1992,OK,76.800,0.44,15813.699981663376
1993,OK,89.500,0.44,15817.400009837002
1994,OK,133.100,0.44,15667.199972085655
1995,OK,117.700,0.44,16256.500035524368
1996,OK,120.600,0.44,15448.399994056672
1997,OK,117.700,0.44,16051.899990998209
1998,OK,133.600,0.44,15472.800005227327
1999,OK,136.400,0.44,15785.199997480959
2000,OK,87.800,0.44,15732.100000604987
2001,OK,64.400,0.44,15773.699968121946
2002,OK,46.500,0.44,16164.900036528707
2003,OK,51.300,0.44,15673.100017011166
2004,OK,69.600,0.44,16083.300055470318
2005,OK,62.900,0.44,15829.29998403415
2006,OK,68.400,0.44,15997.599984984845
2007,OK,74.200,0.44,16108.900017570704
2008,OK,105.200,0.44,15905.700041912496
2009,OK,200.500,0.44,15320.000005885959
2010,OK,127.300,0.44,15890.399983618408
2011,OK,186.000,0.44,15624.200052116066
2012,OK,159.600,0.44,15804.100024979562
2013,OK,186.500,0.44,15585.399989504367
2014,OK,127.200,0.44,15681.799966841936
2015,OK,87.700,0.44,15988.400031346828
2016,OK,202.900,0.44,15563.199995085597
2017,OK,75.700,0.44,15868.299989961088
2018,OK,61.200,0.44,15855.800011195242
2019,OK,40.400,0.44,15954.100003000349
2020,OK,46.600,0.44,15938.099997583777
2021,OK,45.500,0.44,15984.900004696101
2022,OK,53.600,0.44,15951.599983964115
2023,OK,64.200,0.44,15861.899999435991
2024,OK,79.800,0.44,15837.00004266575
2025,OK,68.600,0.44,15986.200014594942
2026,OK,50.800,0.44,15894.000011030585
2027,OK,45.500,0.44,15953.599999193102
2028,OK,54.200,0.44,15894.500014837831
2029,OK,54.700,0.44,15943.400037940592
2030,OK,61.200,0.44,15861.499996390194
2031,OK,57.500,0.44,15902.700019069016
2032,OK,75.800,0.44,15893.600007984787
2033,OK,47.300,0.44,15914.899995550513
2034,OK,41.200,0.44,15890.799986664206
2035,OK,68.000,0.44,15921.599988359958
2036,OK,64.800,0.44,15899.999998509884
2037,OK,58.100,0.44,15940.400015097111
2038,OK,80.000,0.44,15855.100005865097
2039,OK,50.200,0.44,15915.39999935776
2040,OK,52.900,0.44,15932.400012388825
2041,OK,64.300,0.44,15899.399993941188
2042,OK,63.200,0.44,15896.299970336258
2043,OK,64.800,0.44,15896.000026259571
2044,OK,59.900,0.44,15850.500029046088
2045,OK,57.200,0.44,15958.599979057908
2046,OK,48.500,0.44,15925.90002110228
2047,OK,46.700,0.44,15941.200021188706
2048,OK,73.700,0.44,15885.400003753603
2049,OK,61.300,0.44,15668.499981984496
2050,OK,58.700,0.44,15946.4999451302
2051,OK,56.000,0.44,15901.89995476976
2052,OK,48.800,0.44,15933.900023810565
2053,OK,60.100,0.44,15911.300026345998
2054,OK,59.500,0.44,15885.70000603795
2055,OK,58.400,0.44,15876.199991907924
2056,OK,70.500,0.44,15859.399980399758
2057,OK,55.300,0.44,15951.799985487014
2058,OK,53.900,0.44,15852.999989874661
2059,OK,53.000,0.44,15862.600004766136
2060,OK,50.500,0.44,16118.600033223629
2061,OK,64.100,0.44,15740.50000635907
2062,OK,75.200,0.44,15893.800009507686
2063,OK,54.100,0.44,15893.599949777126
2064,OK,42.300,0.44,15936.2000413239
2065,OK,31.200,0.44,15992.200002074242
2066,OK,64.900,0.44,15867.300040554255
2067,OK,49.400,0.44,15959.800046402961
2068,OK,55.000,0.44,15905.599982943386
2069,OK,52.500,0.44,15872.099960688502
2070,OK,52.000,0.44,15882.999985478818
2071,OK,43.200,0.44,15943.899983540177
2072,OK,42.000,0.44,15930.499997921288
2073,OK,75.400,0.44,15918.800025247037
2074,OK,48.100,0.44,15843.699977267534
2075,OK,57.500,0.44,15951.099980156869
2076,OK,66.200,0.44,15974.399982951581
2077,OK,64.400,0.44,15789.100027177483
2078,OK,74.200,0.44,15894.80001712218
2079,OK,63.300,0.44,15888.199966866523
2080,OK,61.800,0.44,15896.900033112615
2081,OK,58.600,0.44,15900.300000794232
2082,OK,61.800,0.44,15927.40003252402
2083,OK,53.400,0.44,15940.299956128001
2084,OK,53.800,0.44,15893.600007984787
2085,OK,56.400,0.44,15924.100007396191
2086,OK,62.500,0.44,15887.699963059276
2087,OK,60.700,0.44,15912.29997575283
2088,OK,61.300,0.44,15876.300050877035
2089,OK,52.400,0.44,15975.499991327524
2090,OK,86.400,0.44,15738.300047814846
2091,OK,77.800,0.44,15915.100055281073
2092,OK,63.000,0.44,15914.300049189478
2093,OK,53.200,0.44,15871.599956881255
2094,OK,62.700,0.44,15925.59996061027
2095,OK,59.900,0.44,15888.80002964288
2096,OK,78.800,0.44,15820.400032680482
2097,OK,55.800,0.44,15936.09998235479
2098,OK,61.000,0.44,15896.999975666404
2099,OK,57.100,0.44,15884.799999184906
2100,OK,79.800,0.44,15967.999992426485
2101,OK,92.800,0.44,15709.700004663318
2102,OK,106.200,0.44,15789.49997201562
2103,OK,62.600,0.44,15909.50001263991
2104,OK,80.200,0.44,15879.999962635338
2105,OK,69.100,0.44,15887.500019744039
2106,OK,71.100,0.44,15859.199978876859
2107,OK,63.300,0.44,15988.899976946414
2108,OK,55.900,0.44,15934.799972455949
2109,OK,62.300,0.44,15884.899999946356
2110,OK,54.200,0.44,15930.599998682737
2111,OK,60.500,0.44,15904.599975328892
2112,OK,62.100,0.44,15897.300036158413
2113,OK,48.700,0.44,15923.700004350394
2114,OK,62.900,0.44,15901.600010693073
2115,OK,68.000,0.44,15889.099973719567
2116,OK,167.600,0.44,15672.900015488267
2117,OK,56.700,0.44,15871.500014327466
2118,OK,38.900,0.44,15963.000012561679
2119,OK,47.700,0.44,15982.600045390427
2120,OK,48.400,0.44,15872.700023464859
2121,OK,65.500,0.44,15924.40000968054
2122,OK,65.100,0.44,15878.50000942126
2123,OK,61.500,0.44,15939.09994699061
2124,OK,60.100,0.44,15867.89998691529
2125,OK,58.700,0.44,15889.499976765364
2126,OK,76.000,0.44,15853.799995966256
2127,OK,62.000,0.44,15923.099999781698
2128,OK,57.900,0.44,15904.599975328892
2129,OK,53.700,0.44,15924.500010441989
2130,OK,54.500,0.44,15912.099974229932
2131,OK,54.400,0.44,15899.999998509884
2132,OK,84.900,0.44,15906.39998903498
2133,OK,106.800,0.44,15854.400000534952
2134,OK,49.500,0.44,15924.000006634742
2135,OK,52.100,0.44,15913.199982605875
2136,OK,54.600,0.44,15910.300018731505
2137,OK,52.800,0.44,15849.099960178137
2138,OK,74.400,0.44,15923.700004350394
2139,OK,58.000,0.44,15900.50000231713
2140,OK,58.700,0.44,15907.499997410923
2141,OK,54.100,0.44,15929.999994114041
2142,OK,74.100,0.44,15895.399963483214
2143,OK,48.500,0.44,15914.200048428029
2144,OK,44.800,0.44,15955.499955452979
2145,OK,76.400,0.44,15798.800042830408
2146,OK,51.900,0.44,16040.500020608306
2147,OK,62.100,0.44,15832.40000763908
2148,OK,54.700,0.44,15944.99999191612
2149,OK,60.000,0.44,15842.200024053454
2150,OK,57.600,0.44,15898.899990133941
2151,OK,57.700,0.44,16006.699996069074
2152,OK,70.000,0.44,15803.599962964654
2153,OK,57.700,0.44,15959.69998743385
2154,OK,56.100,0.44,15858.800034038723
2155,OK,125.500,0.44,15778.200002387166
2156,OK,66.600,0.44,15893.30000570044
2157,OK,57.000,0.44,15962.500008754432
2158,OK,70.000,0.44,15889.799979049712
2159,OK,72.400,0.44,15848.399954847991
2160,OK,76.700,0.44,15862.200001720339
2161,OK,74.900,0.44,15965.999977197498
2162,OK,60.200,0.44,15858.899976592511
2163,OK,53.700,0.44,15833.100012969226
2164,OK,99.200,0.44,15922.999999020249
2165,OK,63.600,0.44,15842.80002862215
2166,OK,59.600,0.44,15945.500053931028
2167,OK,56.400,0.44,15908.500005025417
2168,OK,54.100,0.44,15916.700009256601
2169,OK,50.900,0.44,15925.500018056482
2170,OK,56.300,0.44,15901.400009170175
2171,OK,50.900,0.44,15928.200038615614
2172,OK,67.500,0.44,15877.700003329664
2173,OK,126.300,0.44,15779.600013047457
2174,OK,97.300,0.44,15810.20001322031
2175,OK,62.400,0.44,15914.199990220368
2176,OK,61.100,0.44,15791.699988767505
2177,OK,79.600,0.44,15968.79999851808
2178,OK,57.000,0.44,15883.799991570413
2179,OK,49.500,0.44,15902.00001373887
2180,OK,75.800,0.44,15902.400016784668
2181,OK,76.200,0.44,15855.599951464683
2182,OK,75.300,0.44,15924.700011964887
2183,OK,75.300,0.44,15843.499975744635
2184,OK,79.700,0.44,15900.200000032783
2185,OK,78.400,0.44,15843.599976506084
2186,OK,82.900,0.44,15896.999975666404
2187,OK,93.300,0.44,15843.899978790432
2188,OK,78.000,0.44,15842.299966607243
2189,OK,90.100,0.44,15867.599984630942
2190,OK,85.600,0.44,15925.899962894619
2191,OK,64.700,0.44,15910.99996585399
2192,OK,83.300,0.44,15882.500039879233
2193,OK,82.500,0.44,15847.500006202608
2194,OK,86.800,0.44,15854.099998250604
2195,OK,80.200,0.44,15854.900004342198
2196,OK,90.000,0.44,15843.099972698838
2197,OK,88.400,0.44,15900.899947155267
2198,OK,80.300,0.44,15876.89999723807
2199,OK,74.700,0.44,15866.499976255
2200,OK,96.100,0.44,15864.000015426427
2201,OK,78.100,0.44,15748.300007544458
2202,OK,101.900,0.44,15934.000024572015
2203,OK,89.900,0.44,15810.20001322031
2204,OK,102.500,0.44,15782.400034368038
2205,OK,98.600,0.44,15867.099980823696
2206,OK,88.300,0.44,15875.099983531982
2207,OK,132.100,0.44,15731.899999082088
2208,OK,89.400,0.44,15908.599947579205
2209,OK,90.900,0.44,15833.599958568811
2210,OK,73.700,0.44,15865.20002456382
2211,OK,60.000,0.44,15832.50000840053
2212,OK,66.500,0.44,15975.399990566075
2213,OK,52.600,0.44,15939.999953843653
2214,OK,70.700,0.44,15924.800012726337
2215,OK,60.200,0.44,15895.400021690875
2216,OK,59.600,0.44,15893.09994596988
2217,OK,76.500,0.44,15940.60001662001
2218,OK,60.500,0.44,15857.100021094084
2219,OK,51.800,0.44,15887.700021266937
2220,OK,78.600,0.44,15915.39999935776
2221,OK,171.500,0.44,15648.100001271814
2222,OK,54.700,0.44,15927.000029478222
2223,OK,55.200,0.44,15900.60000307858
2224,OK,45.900,0.44,15927.600034046918
2225,OK,46.800,0.44,15940.60001662001
2226,OK,50.000,0.44,15938.700002152473
2227,OK,120.100,0.44,15789.999975822866
2228,OK,72.700,0.44,15923.600003588945
2229,OK,54.600,0.44,15906.199987512082
2230,OK,53.100,0.44,15867.099980823696
2231,OK,68.100,0.44,15899.09999165684
2232,OK,56.000,0.44,15914.899995550513
2233,OK,54.000,0.44,15931.300004012883
2234,OK,60.700,0.44,15864.000015426427
2235,OK,42.000,0.44,15946.60000409931
2236,OK,54.600,0.44,15913.79998717457
2237,OK,63.000,0.44,15892.900002654642
2238,OK,50.200,0.44,16125.299967825413
2239,OK,50.200,0.44,15930.19999563694
2240,OK,51.700,0.44,16044.999996665865
2241,OK,67.000,0.44,15918.100019916892
2242,OK,68.100,0.44,15854.60000205785
2243,OK,90.200,0.44,15832.300006877631
2244,OK,72.200,0.44,15601.4000531286
2245,OK,99.500,0.44,15827.99997413531
2246,OK,68.100,0.44,15825.300011783838
2247,OK,54.100,0.44,16170.800023246557
2248,OK,47.600,0.44,15940.60001662001
2249,OK,51.700,0.44,15750.99996989593
2250,OK,53.600,0.44,15890.500042587519
2251,OK,60.500,0.44,16227.399988565594
2252,OK,80.200,0.44,15602.100000251085
2253,OK,118.400,0.44,15803.700021933764
2254,OK,69.600,0.44,15879.899961873889
2255,OK,64.800,0.44,15866.799978539348
2256,OK,58.900,0.44,15864.100016187876
2257,OK,67.300,0.44,16072.099970187992
2258,OK,116.000,0.44,15548.600000329316
2259,OK,39.600,0.44,16020.59998549521
2260,OK,47.700,0.44,15912.599978037179
2261,OK,118.200,0.44,15868.399990722537
2262,OK,51.000,0.44,15886.300010606647
2263,OK,62.200,0.44,15887.40001898259
2264,OK,46.700,0.44,15913.099981844425
2265,OK,52.100,0.44,15916.9000107795
2266,OK,51.500,0.44,15943.000034894794
2267,OK,49.600,0.44,15876.699995715171
2268,OK,46.000,0.44,15930.29999639839
2269,OK,47.300,0.44,15910.99996585399
2270,OK,43.800,0.44,15927.30003176257
2271,OK,61.200,0.44,15949.300024658442
2272,OK,50.500,0.44,15871.10001128167
2273,OK,47.500,0.44,15924.600011203438
2274,OK,46.600,0.44,15950.499975588173
2275,OK,46.400,0.44,15942.300029564649
2276,OK,50.800,0.44,15871.200012043118
2277,OK,56.900,0.44,15966.500039212406
2278,OK,51.600,0.44,15855.300007387996
2279,OK,64.200,0.44,15884.40005434677
2280,OK,62.100,0.44,15977.60000731796
2281,OK,49.800,0.44,15894.399955868721
2282,OK,60.500,0.44,15942.899975925684
2283,OK,62.100,0.44,15803.200018126518
2284,OK,63.800,0.44,15871.999959927052
2285,OK,77.100,0.44,15940.099954605103
2286,OK,67.400,0.44,15893.800009507686
2287,OK,83.600,0.44,15864.400018472224
2288,OK,51.700,0.44,15908.700006548315
2289,OK,49.700,0.44,15882.099978625774
2290,OK,50.300,0.44,15917.999960947782
2291,OK,85.100,0.44,15855.700010433793
2292,OK,83.100,0.44,15870.100003667176
2293,OK,89.200,0.44,15873.300028033555
2294,OK,93.000,0.44,15840.800013393164
2295,OK,106.800,0.44,15831.600001547486
2296,OK,131.900,0.44,15826.60002168268
2297,OK,113.100,0.44,15815.000049769878
2298,OK,228.500,0.44,15673.000016249716
2299,OK,98.900,0.44,15839.700005017221
2300,OK,99.300,0.44,15835.900034289807
2301,OK,101.600,0.44,15711.10001532361
2302,OK,92.500,0.44,16090.599994640797
2303,OK,101.100,0.44,15607.999986968935
2304,OK,114.300,0.44,15872.2999622114
2305,OK,112.900,0.44,15819.300024304539
2306,OK,94.400,0.44,15769.699995871633
2307,OK,107.400,0.44,15814.899990800768
2308,OK,94.600,0.44,15850.600029807538
2309,OK,63.100,0.44,15914.799994789064
2310,OK,114.400,0.44,15839.100000448525
2311,OK,114.000,0.44,15859.299979638308
2312,OK,117.200,0.44,15748.300007544458
2313,OK,101.100,0.44,15868.399990722537
2314,OK,102.600,0.44,15867.699985392392
2315,OK,87.400,0.44,15832.50000840053
2316,OK,91.000,0.44,15855.000005103648
2317,OK,94.800,0.44,15806.199982762337
2318,OK,71.800,0.44,15871.600015088916
2319,OK,66.600,0.44,15881.600033026189
2320,OK,63.900,0.44,15983.199991751462
2321,OK,108.200,0.44,15788.500022608787
2322,OK,69.800,0.44,15899.599995464087
2323,OK,96.400,0.44,15880.200022365898
2324,OK,89.900,0.44,15876.699995715171
2325,OK,86.100,0.44,15796.400024555624
2326,OK,93.000,0.44,15862.10000095889
2327,OK,98.400,0.44,15867.799986153841
2328,OK,99.900,0.44,15803.200018126518
2329,OK,74.100,0.44,15888.999972958118
2330,OK,103.400,0.44,15828.400035388768
2331,OK,78.100,0.44,15861.299994867295
2332,OK,91.300,0.44,15872.100018896163
2333,OK,71.600,0.44,15875.999990385026
2334,OK,64.200,0.44,15925.69996137172
2335,OK,84.500,0.44,15826.200018636882
2336,OK,85.300,0.44,15905.800042673945
2337,OK,82.200,0.44,15841.599961277097
2338,OK,64.800,0.44,15884.499996900558
2339,OK,81.900,0.44,15876.199991907924
2340,OK,67.700,0.44,15887.600020505488
2341,OK,61.100,0.44,15913.699986413121
2342,OK,79.300,0.44,15890.599985141307
2343,OK,52.200,0.44,15914.599993266165
2344,OK,55.700,0.44,15942.09996983409
2345,OK,79.000,0.44,15867.199981585145
2346,OK,53.300,0.44,15898.100042250007
2347,OK,55.900,0.44,15928.899985738099
2348,OK,52.300,0.44,15915.800002403557
2349,OK,83.400,0.44,15874.399978201836
2350,OK,58.000,0.44,15906.899992842227
2351,OK,100.400,0.44,15840.600011870265
2352,OK,57.700,0.44,15913.599985651672
2353,OK,105.300,0.44,15867.99998767674
2354,OK,70.100,0.44,15830.79999545589
2355,OK,86.000,0.44,15897.899982519448
2356,OK,92.200,0.44,15876.099991146475
2357,OK,76.200,0.44,15820.999979041517
2358,OK,87.000,0.44,15892.199997324497
2359,OK,111.100,0.44,15768.79998901859
2360,OK,68.400,0.44,15879.300015512854
2361,OK,86.200,0.44,15877.499943599105
2362,OK,77.500,0.44,15859.999984968454
2363,OK,62.300,0.44,15941.000019665807
2364,OK,57.800,0.44,15896.600030828267
2365,OK,59.900,0.44,15956.100018229336
2366,OK,60.200,0.44,15890.09998133406
2367,OK,55.600,0.44,15951.099980156869
2368,OK,76.700,0.44,15773.400024045259
2369,OK,52.100,0.44,15928.999986499548
2370,OK,54.300,0.44,15888.59996991232
2371,OK,63.100,0.44,15957.099967636168
2372,OK,67.100,0.44,15859.500039368868
2373,OK,59.900,0.44,15892.099996563047
2374,OK,66.800,0.44,15959.000040311366
2375,OK,65.400,0.44,15771.000005770475
2376,OK,69.600,0.44,15993.499953765422
2377,OK,73.200,0.44,16509.29998140782
2378,OK,61.100,0.44,15309.49998414144
2379,OK,67.100,0.44,15872.50002194196
2380,OK,67.500,0.44,15895.599965006113
2381,OK,75.600,0.44,15861.099993344396
2382,OK,60.900,0.44,15851.799980737269
2383,OK,63.400,0.44,15889.000031165779
2384,OK,135.600,0.44,15834.999969229102
2385,OK,58.300,0.44,15864.500019233674
2386,OK,60.000,0.44,15952.999994624406
2387,OK,61.200,0.44,15789.199969731271
2388,OK,60.100,0.44,16017.70002162084
2389,OK,59.500,0.44,15835.199970752
2390,OK,57.000,0.44,15907.299995888025
2391,OK,59.400,0.44,15885.500004515052
2392,OK,66.400,0.44,15911.599970422685
2393,OK,70.500,0.44,15954.400005284697
2394,OK,58.700,0.44,15903.000021353364
2395,OK,57.400,0.44,15902.700019069016
2396,OK,57.700,0.44,15850.399970076978
2397,OK,83.200,0.44,15891.499991994351
2398,OK,47.000,0.44,15901.200007647276
2399,OK,51.900,0.44,15948.600019328296
2400,OK,49.800,0.44,15900.099999271333
2401,OK,58.100,0.44,15830.99999697879
2402,OK,51.500,0.44,15907.699998933822
2403,OK,76.500,0.44,15902.499959338456
2404,OK,59.200,0.44,15885.8000067994
2405,OK,71.200,0.44,15845.500049181283
2406,OK,54.300,0.44,18271.10000886023
2407,OK,99.600,0.44,13541.000022087246
2408,OK,81.500,0.44,15780.800022184849
2409,OK,76.500,0.44,15962.100005708635
2410,OK,58.500,0.44,15882.399980910122
2411,OK,58.300,0.44,15904.299973044544
2412,OK,48.200,0.44,15867.600042838603
2413,OK,45.000,0.44,15959.999989718199
2414,OK,46.200,0.44,15939.899953082204
2415,OK,64.200,0.44,15880.899969488382
2416,OK,49.300,0.44,15895.300020929426
2417,OK,49.200,0.44,16005.300043616444
2418,OK,140.400,0.44,15704.000019468367
2419,OK,52.000,0.44,15949.39996721223
2420,OK,63.700,0.44,15886.600012890995
2421,OK,63.400,0.44,15918.700024485588
2422,OK,50.700,0.44,15905.400039628148
2423,OK,53.300,0.44,15851.300035137683
2424,OK,44.300,0.44,15935.899980831891
2425,OK,64.400,0.44,15925.000014249235
2426,OK,75.300,0.44,15889.599977526814
2427,OK,51.700,0.44,15904.500032775104
2428,OK,38.100,0.44,15937.399992253631
2429,OK,35.700,0.44,15943.39997973293
2430,OK,43.000,0.44,15885.400003753603
2431,OK,43.400,0.44,15963.200014084578
2432,OK,125.700,0.44,15836.399979889393
2433,OK,70.800,0.44,15874.700038693845
2434,OK,72.500,0.44,15940.50001585856
2435,OK,69.000,0.44,15873.599972110242
2436,OK,78.800,0.44,15862.200001720339
2437,OK,68.600,0.44,15861.800056882203
2438,OK,78.400,0.44,15868.299989961088
2439,OK,58.000,0.44,15885.70000603795
2440,OK,89.200,0.44,15840.499952901155
2441,OK,82.900,0.44,15890.29998285696
2442,OK,65.800,0.44,15892.600000370294
2443,OK,68.000,0.44,15883.899992331862
2444,OK,86.800,0.44,15870.399947743863
2445,OK,93.700,0.44,15830.299991648644
2446,OK,63.800,0.44,15897.899982519448
2447,OK,102.500,0.44,15851.600037422031
2448,OK,81.500,0.44,15869.900002144277
2449,OK,66.300,0.44,15911.199967376888
2450,OK,83.100,0.44,15893.800009507686
2451,OK,65.300,0.44,15860.900050029159
2452,OK,83.700,0.44,15869.800001382828
2453,OK,92.400,0.44,15843.399974983186
2454,OK,86.600,0.44,15872.499963734299
2455,OK,69.300,0.44,15901.800012215972
2456,OK,86.500,0.44,15833.200013730675
2457,OK,84.900,0.44,15810.799959581345
2458,OK,84.700,0.44,15957.499970681965
2459,OK,118.500,0.44,15748.600009828806
2460,OK,87.000,0.44,15860.899991821498
2461,OK,92.600,0.44,15894.100011792034
2462,OK,86.900,0.44,15840.300009585917
2463,OK,97.500,0.44,15851.69997997582
2464,OK,79.000,0.44,15855.600009672344
2465,OK,61.500,0.44,15899.09999165684
2466,OK,59.000,0.44,15844.599984120578
2467,OK,38.300,0.44,16014.199994970113
2468,OK,86.200,0.44,15872.099960688502
2469,OK,84.900,0.44,15866.70003598556
2470,OK,98.900,0.44,15885.500004515052
2471,OK,150.200,0.44,15716.599998995662
2472,OK,68.200,0.44,15912.199974991381
2473,OK,88.000,0.44,15843.100030906498
2474,OK,66.900,0.44,15883.999993093312
2475,OK,64.800,0.44,15939.599950797856
2476,OK,61.200,0.44,15906.299988273531
2477,OK,57.600,0.44,15918.100019916892
2478,OK,59.500,0.44,15909.800014924258
2479,OK,70.500,0.44,15852.899989113212
2480,OK,76.800,0.44,15905.299980659038
2481,OK,52.000,0.44,15878.30000789836
2482,OK,54.400,0.44,15951.499983202666
2483,OK,59.000,0.44,15915.900003165007
2484,OK,168.900,0.44,15693.1999954395
2485,OK,80.100,0.44,15871.399955358356
2486,OK,58.500,0.44,15918.50002296269
2487,OK,56.400,0.44,15894.300013314933
2488,OK,47.500,0.44,15864.900022279471
2489,OK,66.000,0.44,15853.899996727705
2490,OK,96.300,0.44,15936.10004056245
2491,OK,70.000,0.44,15886.800014413893
2492,OK,69.200,0.44,15807.19999037683
2493,OK,79.600,0.44,15906.49998979643
2494,OK,71.900,0.44,15849.700022954494
2495,OK,53.500,0.44,15878.700010944158
2496,OK,39.400,0.44,16094.999969936907
2497,OK,122.600,0.44,15611.900016665459
2498,OK,50.600,0.44,15904.399973805994
2499,OK,44.500,0.44,15940.50001585856
2500,OK,47.800,0.44,16189.899994060397
2501,OK,61.200,0.44,15849.900024477392
2502,OK,47.500,0.44,15931.900008581579
2503,OK,62.400,0.44,15940.100012812763
2504,OK,80.100,0.44,15970.500011462718
2505,OK,97.900,0.44,15503.000002354383
2506,OK,83.700,0.44,16216.500021982938
2507,OK,103.800,0.44,15547.799994237721
2508,OK,114.100,0.44,16003.699973225594
2509,OK,83.700,0.44,15877.500001806766
2510,OK,94.400,0.44,15743.000025395304
2511,OK,99.900,0.44,15733.600012026727
2512,OK,104.700,0.44,15808.299998752773
2513,OK,82.200,0.44,15843.199973460287
2514,OK,85.300,0.44,15823.49999807775
2515,OK,56.000,0.44,15893.700008746237
2516,OK,59.900,0.44,15933.20001848042
2517,OK,54.900,0.44,15883.599990047514
2518,OK,45.600,0.44,15956.499963067472
2519,OK,72.300,0.44,15836.599981412292
2520,OK,53.700,0.44,15873.89997439459
2521,OK,48.400,0.44,15928.6999842152
2522,OK,60.500,0.44,15888.100024312735
2523,OK,52.600,0.44,15920.400037430227
2524,OK,53.300,0.44,15971.49996086955
2525,OK,58.400,0.44,15916.200005449355
2526,OK,61.900,0.44,15864.200016949326
2527,OK,56.600,0.44,15867.499983869493
2528,OK,55.200,0.44,15928.300039377064
2529,OK,88.300,0.44,15886.100009083748
2530,OK,53.700,0.44,15961.099998094141
2531,OK,54.100,0.44,15864.99996483326
2532,OK,49.600,0.44,15861.499996390194
2533,OK,76.800,0.44,16141.100029926747
2534,OK,216.200,0.44,15579.800005070865
2535,OK,222.200,0.44,15531.399985775352
2536,OK,72.200,0.44,15908.10000197962
2537,OK,76.200,0.44,15832.099947147071
2538,OK,90.700,0.44,15819.09996457398
2539,OK,65.100,0.44,15946.200001053512
2540,OK,75.000,0.44,15859.399980399758
2541,OK,84.600,0.44,15916.700009256601
2542,OK,82.400,0.44,15782.299975398928
2543,OK,75.500,0.44,15911.900030914694
2544,OK,89.400,0.44,15822.499990463257
2545,OK,87.600,0.44,15920.499979984015
2546,OK,59.300,0.44,15801.30000365898
2547,OK,86.200,0.44,15895.299962721765
2548,OK,52.800,0.44,15887.799963820726
2549,OK,61.100,0.44,15924.800012726337
2550,OK,77.200,0.44,15834.199963137507
2551,OK,76.700,0.44,15863.599954172969
2552,OK,73.400,0.44,15918.600023724139
2553,OK,64.200,0.44,15880.699967965484
2554,OK,66.300,0.44,15880.699967965484
2555,OK,84.200,0.44,15916.89995257184
2556,OK,123.500,0.44,15802.600013557822
2557,OK,81.900,0.44,15859.20003708452
2558,OK,64.600,0.44,15867.799986153841
2559,OK,80.900,0.44,15938.099997583777
2560,OK,38.200,0.44,15861.200052313507
2561,OK,39.100,0.44,15941.200021188706
2562,OK,35.400,0.44,15852.899989113212
2563,OK,44.700,0.44,15985.900012310594
2564,OK,53.400,0.44,15949.899971019477
2565,OK,45.100,0.44,15879.000013228506
2566,OK,41.600,0.44,15961.40000037849
2567,OK,57.500,0.44,15882.399980910122
2568,OK,42.900,0.44,15964.29996425286
2569,OK,52.100,0.44,15935.599978547543
2570,OK,72.200,0.44,15875.799988862127
2571,OK,56.000,0.44,15927.399974316359
2572,OK,119.900,0.44,15819.700027350336
2573,OK,60.600,0.44,15917.400014586747
2574,OK,52.500,0.44,15936.999989207834
2575,OK,59.900,0.44,15889.199974481016
2576,OK,59.600,0.44,15916.599950287491
2577,OK,58.500,0.44,15901.400009170175
2578,OK,56.800,0.44,15917.800017632544
2579,OK,60.200,0.44,15930.599998682737
2580,OK,53.700,0.44,15857.59996669367
2581,OK,53.000,0.44,15953.099995385855
2582,OK,57.600,0.44,15970.10000841692
2583,OK,118.000,0.44,15709.600003901869
2584,OK,75.000,0.44,15863.60001238063
2585,OK,67.600,0.44,15881.900035310537
2586,OK,71.100,0.44,15948.700020089746
2587,OK,48.400,0.44,15931.200003251433
2588,OK,56.400,0.44,15912.099974229932
2589,OK,60.500,0.44,15884.099993854761
2590,OK,53.400,0.44,15890.19998209551
2591,OK,54.300,0.44,15896.699973382056
2592,OK,58.600,0.44,15931.400004774332
2593,OK,58.600,0.44,15903.999970760196
2594,OK,60.200,0.44,15842.100023292005
2595,OK,65.300,0.44,15942.900034133345
2596,OK,47.100,0.44,15880.099963396788
2597,OK,57.300,0.44,15875.199984293431
2598,OK,59.500,0.44,15945.799998007715
2599,OK,53.200,0.44,15922.999999020249
2600,OK,59.500,0.44,15880.800026934594
2601,OK,51.100,0.44,15812.300029210746
2602,OK,73.500,0.44,15964.799968060106
2603,OK,62.200,0.44,15902.299957815558
2604,OK,67.400,0.44,15884.599997662008
2605,OK,79.100,0.44,15828.200033865869
2606,OK,64.300,0.44,15934.6999716945
2607,OK,62.600,0.44,15848.69995713234
2608,OK,53.900,0.44,15889.999980572611
2609,OK,39.800,0.44,15968.499996233732
2610,OK,110.500,0.44,15798.2999808155
2611,OK,54.200,0.44,15889.699978288263
2612,OK,89.300,0.44,15876.399993430823
2613,OK,60.300,0.44,15887.700021266937
2614,OK,62.500,0.44,15931.200003251433
2615,OK,53.600,0.44,15858.399972785264
2616,OK,54.500,0.44,15921.29998607561
2617,OK,61.000,0.44,15941.99996907264
2618,OK,88.500,0.44,15876.099991146475
2619,OK,57.800,0.44,15863.900014664978
2620,OK,55.300,0.44,15860.699990298599
2621,OK,49.900,0.44,15991.499996744096
2622,OK,49.300,0.44,15901.700011454523
2623,OK,51.600,0.44,15909.50001263991
2624,OK,54.500,0.44,15969.300002325326
2625,OK,62.000,0.44,15830.699994694442
2626,OK,90.200,0.44,15907.299995888025
2627,OK,70.400,0.44,15891.200047917664
2628,OK,56.000,0.44,15950.200031511486
2629,OK,55.000,0.44,15893.800009507686
2630,OK,70.000,0.44,15917.600016109645
2631,OK,61.000,0.44,15903.60002592206
2632,OK,62.500,0.44,15914.499992504716
2633,OK,67.600,0.44,15859.399980399758
2634,OK,58.400,0.44,15855.300007387996
2635,OK,87.500,0.44,15889.000031165779
2636,OK,45.800,0.44,15897.799981757998
2637,OK,145.400,0.44,15832.100005354732
2638,OK,69.500,0.44,15817.200008314103
2639,OK,113.000,0.44,15896.299970336258
2640,OK,71.400,0.44,15823.299996554852
2641,OK,88.100,0.44,15907.299995888025
2642,OK,113.400,0.44,15789.40002946183
2643,OK,54.600,0.44,15900.200000032783
2644,OK,58.600,0.44,15961.29999961704
2645,OK,59.700,0.44,15923.799946904182
2646,OK,62.700,0.44,15866.39997549355
2647,OK,58.900,0.44,15911.500027868897
2648,OK,59.600,0.44,15904.599975328892
2649,OK,59.900,0.44,15903.50002516061
2650,OK,66.000,0.44,15903.099963907152
2651,OK,67.900,0.44,15858.599974308163
2652,OK,59.100,0.44,15876.000048592687
2653,OK,83.900,0.44,15936.899988446385
2654,OK,55.300,0.44,15827.599971089512
2655,OK,72.700,0.44,15956.300019752234
2656,OK,56.200,0.44,15910.099959000945
2657,OK,56.100,0.44,15858.600032515824
2658,OK,57.900,0.44,15962.100005708635
2659,OK,57.300,0.44,15835.200028959662
2660,OK,56.800,0.44,15941.299963742495
2661,OK,58.700,0.44,15955.600014422089
2662,OK,56.900,0.44,15824.900008738041
2663,OK,70.700,0.44,15937.199990730733
2664,OK,56.900,0.44,15955.30001213774
2665,OK,68.600,0.44,15847.700007725507
2666,OK,95.400,0.44,15860.300045460463
2667,OK,77.100,0.44,15915.100055281073
2668,OK,56.500,0.44,15914.999996311963
2669,OK,61.000,0.44,15896.599972620606
2670,OK,53.900,0.44,15929.799992591143
2671,OK,62.900,0.44,15862.800006289035
2672,OK,54.900,0.44,15943.999984301627
2673,OK,54.800,0.44,15910.100017208606
2674,OK,65.900,0.44,15893.500007223338
2675,OK,68.600,0.44,15895.000018645078
2676,OK,58.000,0.44,15809.299948159605
2677,OK,70.100,0.44,15975.99999513477
2678,OK,181.600,0.44,15709.200000856072
2679,OK,83.200,0.44,15907.399996649474
2680,OK,54.500,0.44,15860.4999887757
2681,OK,71.200,0.44,15933.09995951131
2682,OK,56.300,0.44,15929.999994114041
2683,OK,60.700,0.44,15868.299989961088
2684,OK,59.200,0.44,15911.800030153245
2685,OK,53.700,0.44,15935.599978547543
2686,OK,52.400,0.44,15865.799970924854
2687,OK,173.900,0.44,15705.20002860576
2688,OK,65.100,0.44,15954.400005284697
2689,OK,99.800,0.44,15848.999959416687
2690,OK,46.000,0.44,15947.000007145107
2691,OK,50.100,0.44,15892.600000370294
2692,OK,60.900,0.44,15909.000008832663
2693,OK,49.600,0.44,15951.899986248463
2694,OK,69.700,0.44,15875.199984293431
2695,OK,58.000,0.44,15797.00002912432
2696,OK,136.900,0.44,15819.600026588887
2697,OK,61.700,0.44,15884.30005358532
2698,OK,56.300,0.44,15917.900018393993
2699,OK,60.400,0.44,15842.000022530556
2700,OK,50.500,0.44,15904.400032013655
2701,OK,64.500,0.44,15815.99999917671
2702,OK,49.800,0.44,15888.500027358532
2703,OK,66.900,0.44,15903.400024399161
2704,OK,72.100,0.44,15891.999995801598
2705,OK,84.100,0.44,15888.799971435219
2706,OK,102.500,0.44,15845.69999249652
2707,OK,94.100,0.44,15856.900019571185
2708,OK,101.000,0.44,15858.599974308163
2709,OK,86.700,0.44,15834.300022106618
2710,OK,100.500,0.44,15861.399995628744
2711,OK,80.500,0.44,15869.39999833703
2712,OK,89.600,0.44,15850.000025238842
2713,OK,86.800,0.44,15853.599994443357
2714,OK,87.900,0.44,15844.29998183623
2715,OK,86.800,0.44,15860.699990298599
2716,OK,71.300,0.44,15914.099989458919
2717,OK,90.800,0.44,15868.199989199638
2718,OK,84.300,0.44,15858.099970500916
2719,OK,97.000,0.44,15824.600006453693
2720,OK,101.600,0.44,15832.40000763908
2721,OK,99.800,0.44,15861.299994867295
2722,OK,102.500,0.44,15846.599999349564
2723,OK,99.500,0.44,15857.59996669367
2724,OK,91.600,0.44,15858.100028708577
2725,OK,106.200,0.44,15813.999983947724
2726,OK,59.200,0.44,15890.799986664206
2727,OK,59.700,0.44,15911.099966615438
2728,OK,68.800,0.44,15902.20001526177
2729,OK,89.500,0.44,15849.599963985384
2730,OK,91.300,0.44,15880.900027696043
2731,OK,77.800,0.44,15818.100015167147
2732,OK,81.300,0.44,15827.200026251376
2733,OK,40.600,0.44,15953.90000147745
2734,OK,58.400,0.44,15910.9000233002
2735,OK,57.700,0.44,15889.500034973025
2736,OK,52.400,0.44,16031.600011046976
2737,OK,55.700,0.44,15931.000001728535
2738,OK,55.600,0.44,15913.299983367324
2739,OK,57.900,0.44,15924.699953757226
2740,OK,72.000,0.44,15870.200004428625
2741,OK,56.200,0.44,15914.199990220368
2742,OK,64.100,0.44,15837.099985219538
2743,OK,57.100,0.44,15910.000016447157
2744,OK,149.500,0.44,15718.900016508996
2745,OK,58.800,0.44,15892.000054009259
2746,OK,45.100,0.44,15932.900016196072
2747,OK,43.700,0.44,15951.10003836453
2748,OK,48.600,0.44,15925.400017295033
2749,OK,127.800,0.44,15842.100023292005
2750,OK,80.000,0.44,15846.900001633912
2751,OK,59.700,0.44,15847.500006202608
2752,OK,61.600,0.44,15907.199995126575
2753,OK,63.500,0.44,15865.399967879057
2754,OK,62.500,0.44,15886.900015175343
2755,OK,64.400,0.44,15951.199980918318
2756,OK,60.300,0.44,15945.599996484816
2757,OK,63.700,0.44,16043.099982198328
2758,OK,60.200,0.44,15769.699995871633
2759,OK,70.400,0.44,15878.200007136911
2760,OK,71.800,0.44,15965.100028552115
2761,OK,60.200,0.44,15882.599982433021
2762,OK,61.000,0.44,16054.400010034442
2763,OK,54.400,0.44,15681.799966841936
2764,OK,61.800,0.44,15813.599980901927
2765,OK,58.100,0.44,15930.699999444187
2766,OK,35.100,0.44,16031.799954362214
2767,OK,55.500,0.44,15921.39998683706
2768,OK,55.700,0.44,16148.400027304888
2769,OK,131.600,0.44,15603.800013195723
2770,OK,49.700,0.44,15919.399971608073
2771,OK,57.100,0.44,15889.699978288263
2772,OK,64.600,0.44,16135.699988808483
2773,OK,75.900,0.44,15650.899964384735
2774,OK,73.300,0.44,16307.700017932802
2775,OK,87.100,0.44,15472.700004465878
2776,OK,99.400,0.44,15904.199972283095
2777,OK,99.700,0.44,15651.000023353845
2778,OK,80.800,0.44,15825.299953576177
2779,OK,62.400,0.44,15864.099957980216
2780,OK,72.200,0.44,15929.499990306795
2781,OK,42.700,0.44,15935.599978547543
2782,OK,74.500,0.44,15904.399973805994
2783,OK,44.500,0.44,15963.100013323128
2784,OK,55.000,0.44,15886.599954683334
2785,OK,59.600,0.44,15903.60002592206
2786,OK,58.600,0.44,15936.600044369698
2787,OK,57.200,0.44,15937.299991492182
2788,OK,70.300,0.44,15844.000037759542
2789,OK,62.700,0.44,15932.800015434623
2790,OK,49.900,0.44,15791.699988767505
2791,OK,43.800,0.44,16003.199969418347
2792,OK,49.300,0.44,15895.499964244664
2793,OK,84.100,0.44,15877.099998760968
2794,OK,54.100,0.44,15947.400010190904
2795,OK,44.500,0.44,15943.49998049438
2796,OK,57.200,0.44,15822.899993509054
2797,OK,48.500,0.44,16003.399970941246
2798,OK,57.900,0.44,15908.300003502518
2799,OK,59.700,0.44,15904.700034298003
2800,OK,52.800,0.44,15892.399998847395
2801,OK,61.300,0.44,15779.20001000166
2802,OK,100.200,0.44,15888.80002964288
2803,OK,75.800,0.44,15948.400017805398
2804,OK,58.600,0.44,15821.299981325865
2805,OK,54.700,0.44,15967.499988619238
2806,OK,62.000,0.44,15848.100010771304
2807,OK,46.400,0.44,15962.500008754432
2808,OK,60.000,0.44,15889.299975242466
2809,OK,49.800,0.44,15880.800026934594
2810,OK,48.500,0.44,15933.799964841455
2811,OK,54.600,0.44,15893.700008746237
2812,OK,51.700,0.44,15919.300029054284
2813,OK,66.500,0.44,15920.899983029813
2814,OK,45.300,0.44,15883.599990047514
2815,OK,48.600,0.44,15954.500006046146
2816,OK,52.000,0.44,15887.000015936792
2817,OK,51.000,0.44,15939.900011289865
2818,OK,55.000,0.44,15888.200025074184
2819,OK,58.400,0.44,15976.299997419119
2820,OK,48.400,0.44,15897.299977950752
2821,OK,66.200,0.44,15840.200008824468
2822,OK,50.000,0.44,15965.099970344454
2823,OK,60.600,0.44,15943.400037940592
2824,OK,61.400,0.44,15844.999987166375
2825,OK,57.200,0.44,15960.299992002547
2826,OK,54.200,0.44,15915.900003165007
2827,OK,64.000,0.44,15898.099984042346
2828,OK,69.200,0.44,15897.000033874065
2829,OK,73.100,0.44,15889.699978288263
2830,OK,61.100,0.44,15921.799989882857
2831,OK,67.600,0.44,15819.400025065988
2832,OK,75.200,0.44,15874.099975917488
2833,OK,51.700,0.44,15903.799969237298
2834,OK,41.300,0.44,15914.499992504716
2835,OK,50.300,0.44,15871.700015850365
2836,OK,48.400,0.44,15971.599961631
2837,OK,73.500,0.44,15934.500028379261
2838,OK,52.500,0.44,15891.69999351725
2839,OK,112.000,0.44,15844.599984120578
2840,OK,62.100,0.44,15905.700041912496
2841,OK,64.300,0.44,15910.399961285293
2842,OK,89.100,0.44,15867.800044361502
2843,OK,74.300,0.44,15869.099996052682
2844,OK,73.700,0.44,15832.300006877631
2845,OK,67.100,0.44,15891.399991232902
2846,OK,71.900,0.44,15944.799990393221
2847,OK,58.100,0.44,15865.300025325269
2848,OK,57.800,0.44,15964.399965014309
2849,OK,63.700,0.44,15897.500037681311
2850,OK,61.800,0.44,15907.199995126575
2851,OK,61.900,0.44,15895.900025498122
2852,OK,62.900,0.44,15839.500003494322
2853,OK,88.800,0.44,15886.800014413893
2854,OK,83.800,0.44,15871.499956119806
2855,OK,74.400,0.44,15829.100040718913
2856,OK,75.000,0.44,15916.600008495152
2857,OK,65.100,0.44,15858.599974308163
2858,OK,67.200,0.44,15917.600016109645
2859,OK,92.900,0.44,15832.799952477217
2860,OK,79.500,0.44,15865.10002380237
2861,OK,56.400,0.44,15905.299980659038
2862,OK,59.500,0.44,15950.600034557283
2863,OK,49.700,0.44,15876.89999723807
2864,OK,47.800,0.44,15997.600043192506
2865,OK,47.600,0.44,15896.599972620606
2866,OK,51.900,0.44,15892.499999608845
2867,OK,63.400,0.44,15878.000005614012
2868,OK,49.900,0.44,15941.100020427257
2869,OK,51.000,0.44,15910.699963569641
2870,OK,57.400,0.44,15880.399965681136
2871,OK,48.900,0.44,15912.49997727573
2872,OK,45.300,0.44,15930.900000967085
2873,OK,58.100,0.44,15903.100022114813
2874,OK,61.100,0.44,15906.899992842227
2875,OK,48.300,0.44,15943.300037179142
2876,OK,51.400,0.44,15944.99999191612
2877,OK,60.500,0.44,15943.099977448583
2878,OK,59.200,0.44,15843.999979551882
2879,OK,58.500,0.44,15970.500011462718
2880,OK,67.600,0.44,15835.3999722749
2881,OK,91.700,0.44,15907.300054095685
2882,OK,76.300,0.44,15879.69996035099
2883,OK,79.600,0.44,15818.599960766733
2884,OK,79.900,0.44,15889.799979049712
2885,OK,75.100,0.44,15874.499978963286
2886,OK,64.900,0.44,15926.699968986213
2887,OK,54.000,0.44,15888.59996991232
2888,OK,57.100,0.44,15906.400047242641
2889,OK,57.800,0.44,15951.199980918318
2890,OK,55.400,0.44,15779.20001000166
2891,OK,55.100,0.44,15970.400010701269
2892,OK,58.500,0.44,15912.40003472194
2893,OK,75.500,0.44,15870.500006712973
2894,OK,62.600,0.44,15897.299977950752
2895,OK,52.000,0.44,15948.400017805398
2896,OK,51.800,0.44,15920.800040476024
2897,OK,54.200,0.44,15912.199974991381
2898,OK,66.200,0.44,15902.300016023219
2899,OK,61.200,0.44,15887.000015936792
2900,OK,52.000,0.44,15938.399999868125
2901,OK,69.600,0.44,15672.999958042055
2902,OK,53.100,0.44,15924.600011203438
2903,OK,52.500,0.44,15882.80004216358
2904,OK,53.100,0.44,15938.800002913922
2905,OK,43.200,0.44,15926.800027955323
2906,OK,49.600,0.44,15881.099971011281
2907,OK,39.500,0.44,15941.199962981045
2908,OK,56.300,0.44,15842.999971937388
2909,OK,73.800,0.44,15878.200007136911
2910,OK,55.300,0.44,15932.800015434623
2911,OK,48.900,0.44,15945.199993439019
2912,OK,118.800,0.44,15805.90003868565
2913,OK,77.800,0.44,15779.500012286007
2914,OK,50.200,0.44,15960.400050971657
2915,OK,61.700,0.44,15866.899979300797
2916,OK,72.800,0.44,15966.500039212406
2917,OK,61.200,0.44,15815.99999917671
2918,OK,49.500,0.44,15961.800003424287
2919,OK,48.400,0.44,15955.200011376292
2920,OK,106.300,0.44,15829.699987079948
2921,OK,57.400,0.44,15853.399992920458
2922,OK,43.700,0.44,16021.799994632602
2923,OK,49.700,0.44,15885.100001469254
2924,OK,61.500,0.44,15930.19999563694
2925,OK,69.600,0.44,15822.999994270504
2926,OK,66.900,0.44,15972.599969245493
2927,OK,54.900,0.44,15914.699994027615
2928,OK,55.300,0.44,15940.100012812763
2929,OK,132.700,0.44,15732.200001366436
2930,OK,103.400,0.44,15882.599982433021
2931,OK,57.600,0.44,15892.299998085946
2932,OK,68.500,0.44,15941.300021950155
2933,OK,64.200,0.44,15868.299989961088
2934,OK,62.000,0.44,15911.499969661236
2935,OK,81.100,0.44,15809.300006367266
2936,OK,95.000,0.44,15842.499968130141
2937,OK,60.100,0.44,15844.999987166375
2938,OK,81.900,0.44,15885.300002992153
2939,OK,80.700,0.44,15866.200032178313
2940,OK,91.700,0.44,15890.700044110417
2941,OK,99.500,0.44,15836.100035812706
2942,OK,84.600,0.44,15823.099995031953
2943,OK,96.400,0.44,15883.399988524616
2944,OK,118.800,0.44,15830.89999621734
2945,OK,91.000,0.44,15929.999994114041
2946,OK,182.700,0.44,15633.90000956133
2947,OK,83.800,0.44,15847.30000467971
2948,OK,85.000,0.44,15837.700047995895
2949,OK,97.900,0.44,15842.000022530556
2950,OK,82.500,0.44,15894.899959675968
2951,OK,78.600,0.44,15833.700017537922
2952,OK,83.600,0.44,15870.700008235872
2953,OK,101.500,0.44,15859.699982684106
2954,OK,110.500,0.44,15816.700004506856
2955,OK,104.500,0.44,15821.799985133111
2956,OK,89.600,0.44,15930.19999563694
2957,OK,87.300,0.44,15834.300022106618
2958,OK,66.000,0.44,15875.900047831237
2959,OK,88.500,0.44,15902.899962384254
2960,OK,85.100,0.44,15815.099992323667
2961,OK,86.200,0.44,15928.79998497665
2962,OK,89.400,0.44,15799.200045876205
2963,OK,69.300,0.44,15893.500007223338
2964,OK,58.600,0.44,15879.90002008155
2965,OK,63.000,0.44,15935.899980831891
2966,OK,77.100,0.44,15912.799979560077
2967,OK,134.600,0.44,15860.299987252802
2968,OK,182.700,0.44,15537.000028416514
2969,OK,50.900,0.44,15895.500022452325
2970,OK,45.000,0.44,15900.60000307858
2971,OK,54.800,0.44,16016.500012483448
2972,OK,48.300,0.44,15849.499963223934
2973,OK,42.700,0.44,16032.900020945817
2974,OK,58.100,0.44,15877.500001806766
2975,OK,48.900,0.44,15906.200045719743
2976,OK,44.000,0.44,15937.59999377653
2977,OK,135.100,0.44,15792.2999933362
2978,OK,55.500,0.44,15859.09997811541
2979,OK,77.800,0.44,15926.900028716773
2980,OK,80.000,0.44,15899.000049103051
2981,OK,63.000,0.44,15925.70001957938
2982,OK,68.100,0.44,15880.400023888797
2983,OK,63.400,0.44,15910.199959762394
2984,OK,59.900,0.44,15920.599980745465
2985,OK,97.100,0.44,15744.89998165518
2986,OK,55.600,0.44,15887.699963059276
2987,OK,52.400,0.44,15908.400004263967
2988,OK,51.400,0.44,15925.80002034083
2989,OK,58.700,0.44,15970.799955539405
2990,OK,62.100,0.44,15878.50000942126
2991,OK,52.500,0.44,15944.199985824525
2992,OK,68.900,0.44,15896.700031589717
2993,OK,90.500,0.44,15851.500036660582
2994,OK,74.400,0.44,15936.799987684935
2995,OK,54.500,0.44,15867.100039031357
2996,OK,71.700,0.44,15912.199974991381
2997,OK,71.800,0.44,15833.700017537922
2998,OK,53.200,0.44,16030.099999625236
2999,OK,41.600,0.44,15929.100045468658
3000,OK,44.800,0.44,16063.799965195358
3001,OK,77.100,0.44,15680.899959988892
3002,OK,66.200,0.44,15739.499998744577
3003,OK,79.500,0.44,16201.2999644503
3004,OK,68.300,0.44,15783.000038936734
3005,OK,61.000,0.44,15901.300008408725
3006,OK,60.400,0.44,15909.899957478046
3007,OK,103.400,0.44,15621.699974872172
3008,OK,165.000,0.44,15721.999981906265
3009,OK,120.200,0.44,15937.199990730733
3010,OK,100.500,0.44,15795.600018464029
3011,OK,117.300,0.44,15743.400028441101
3012,OK,161.000,0.44,15860.699990298599
3013,OK,124.600,0.44,15665.200015064329
3014,OK,85.300,0.44,15933.800023049116
3015,OK,172.600,0.44,15580.000006593764
3016,OK,61.900,0.44,15911.600028630346
3017,OK,53.800,0.44,15842.69996965304
3018,OK,33.700,0.44,16055.400017648935
3019,OK,42.300,0.44,15850.09996779263
3020,OK,49.800,0.44,16028.099984396249
3021,OK,65.600,0.44,15813.499980140477
3022,OK,58.500,0.44,15980.799973476678
3023,OK,51.500,0.44,15908.800007309765
3024,OK,51.900,0.44,15878.30000789836
3025,OK,48.300,0.44,15908.300003502518
3026,OK,58.500,0.44,15897.999983280897
3027,OK,45.400,0.44,15910.200017970055
3028,OK,46.700,0.44,15939.400007482618
3029,OK,49.000,0.44,15994.900022633374
3030,OK,63.200,0.44,15869.199996814132
3031,OK,40.700,0.44,15861.899999435991
3032,OK,42.800,0.44,15979.300020262599
3033,OK,37.500,0.44,15922.399994451553
3034,OK,62.500,0.44,15885.200002230704
3035,OK,39.500,0.44,15995.300025679171
3036,OK,56.000,0.44,15928.499982692301
3037,OK,50.000,0.44,15838.599996641278
3038,OK,50.000,0.44,15983.799996320158
3039,OK,47.500,0.44,15888.499969150871
3040,OK,36.400,0.44,15948.799962643534
3041,OK,46.100,0.44,15869.100054260343
3042,OK,50.000,0.44,15966.199978720397
3043,OK,44.300,0.44,15956.200018990785
3044,OK,56.100,0.44,15896.20002778247
3045,OK,45.700,0.44,15931.200003251433
3046,OK,71.800,0.44,15913.79998717457
3047,OK,52.100,0.44,15892.299998085946
3048,OK,49.100,0.44,15897.299977950752
3049,OK,56.800,0.44,15923.400002066046
3050,OK,56.100,0.44,15868.199989199638
3051,OK,64.000,0.44,15866.499976255
3052,OK,61.900,0.44,15960.800054017454
3053,OK,52.400,0.44,15907.399996649474
3054,OK,84.300,0.44,15884.899999946356
3055,OK,62.100,0.44,15865.800029132515
3056,OK,71.500,0.44,15901.400009170175
3057,OK,56.100,0.44,15903.000021353364
3058,OK,58.200,0.44,15918.799967039376
3059,OK,61.900,0.44,15969.100000802428
3060,OK,54.700,0.44,15851.899981498718
3061,OK,56.700,0.44,15941.499965265393
3062,OK,70.700,0.44,15883.700049016625
3063,OK,69.000,0.44,15872.700023464859
3064,OK,71.700,0.44,15990.99999293685
3065,OK,58.300,0.44,15790.000034030527
3066,OK,63.500,0.44,15972.700028214604
3067,OK,65.400,0.44,15842.700027860701
3068,OK,77.400,0.44,15872.099960688502
3069,OK,68.200,0.44,15918.599965516478
3070,OK,60.400,0.44,15884.799999184906
3071,OK,49.800,0.44,15988.200029823929
3072,OK,54.400,0.44,15848.400013055652
3073,OK,45.900,0.44,15837.299986742437
3074,OK,45.200,0.44,15926.500025670975
3075,OK,60.400,0.44,15903.400024399161
3076,OK,62.600,0.44,15945.599996484816
3077,OK,60.600,0.44,15913.299983367324
3078,OK,57.300,0.44,15926.199965178967
3079,OK,97.800,0.44,15826.899965759367
3080,OK,50.700,0.44,15920.999983791262
3081,OK,60.100,0.44,15918.30002143979
3082,OK,52.000,0.44,15899.999998509884
3083,OK,53.100,0.44,15872.50002194196
3084,OK,92.500,0.44,15904.600033536553
3085,OK,55.400,0.44,15911.700029391795
3086,OK,58.000,0.44,15881.099971011281
3087,OK,69.900,0.44,15937.399992253631
3088,OK,88.200,0.44,15812.199970241636
3089,OK,55.600,0.44,15866.799978539348
3090,OK,50.900,0.44,15929.900051560253
3091,OK,74.300,0.44,15870.500006712973
3092,OK,54.800,0.44,15960.899996571243
3093,OK,63.700,0.44,15859.499981161207
3094,OK,56.400,0.44,15910.299960523844
3095,OK,59.300,0.44,15953.599999193102
3096,OK,51.700,0.44,15957.100025843829
3097,OK,72.200,0.44,15756.999957375228
3098,OK,69.500,0.44,15974.59998447448
3099,OK,61.700,0.44,15904.100029729307
3100,OK,67.300,0.44,15940.299956128001
3101,OK,72.900,0.44,15716.399997472763
3102,OK,83.200,0.44,15916.79995181039
3103,OK,76.000,0.44,15860.699990298599
3104,OK,69.100,0.44,15871.800016611814
3105,OK,64.800,0.44,15914.199990220368
3106,OK,64.400,0.44,15896.500030066818
3107,OK,66.400,0.44,15795.999963302165
3108,OK,93.200,0.44,15833.800018299371
3109,OK,55.200,0.44,15872.699965257198
3110,OK,49.200,0.44,15931.500005535781
3111,OK,51.000,0.44,15904.99997837469
3112,OK,50.000,0.44,15917.499957140535
3113,OK,49.700,0.44,16000.100004021078
3114,OK,56.700,0.44,15900.800004601479
3115,OK,77.300,0.44,15827.79997261241
3116,OK,53.800,0.44,15928.299981169403
3117,OK,115.800,0.44,15815.899998415262
3118,OK,59.100,0.44,15911.099966615438
3119,OK,58.600,0.44,15941.800025757402
3120,OK,49.400,0.44,15900.70000384003
3121,OK,48.100,0.44,15936.09998235479
3122,OK,76.000,0.44,15857.500024139881
3123,OK,51.300,0.44,15947.79995502904
3124,OK,54.800,0.44,15895.599965006113
3125,OK,55.400,0.44,15881.40003150329
3126,OK,52.000,0.44,15932.899957988411
3127,OK,57.500,0.44,15896.20002778247
3128,OK,54.300,0.44,15883.999993093312
3129,OK,41.000,0.44,15957.699972204864
3130,OK,35.300,0.44,15893.000003416091
3131,OK,42.000,0.44,15927.900036331266
3132,OK,33.800,0.44,15945.799998007715
3133,OK,38.200,0.44,15952.699992340058
3134,OK,62.400,0.44,15914.400049950927
3135,OK,74.600,0.44,15852.399985305965
3136,OK,58.100,0.44,15894.59995739162
3137,OK,40.900,0.44,15947.100007906556
3138,OK,49.300,0.44,15870.90000975877
3139,OK,50.700,0.44,15984.700003173202
3140,OK,103.700,0.44,15775.499981828034
3141,OK,107.800,0.44,15908.999950625002
3142,OK,69.600,0.44,15880.899969488382
3143,OK,56.100,0.44,15900.800004601479
3144,OK,48.700,0.44,15850.699972361326
3145,OK,48.400,0.44,15990.299987606704
3146,OK,74.600,0.44,15869.49999909848
3147,OK,51.500,0.44,16047.599958255887
3148,OK,156.800,0.44,15676.79998697713
3149,OK,56.700,0.44,15892.700001131743
3150,OK,64.400,0.44,15889.299975242466
3151,OK,52.900,0.44,15948.500018566847
3152,OK,58.200,0.44,15923.600003588945
3153,OK,61.100,0.44,15906.50004800409
3154,OK,63.800,0.44,15884.899999946356
3155,OK,68.500,0.44,15891.199989710003
3156,OK,52.000,0.44,15921.000041998923
3157,OK,59.300,0.44,15937.100048176944
3158,OK,102.300,0.44,15835.700032766908
3159,OK,77.000,0.44,15898.900048341602
3160,OK,63.800,0.44,15832.200006116182
3161,OK,73.900,0.44,15959.69998743385
3162,OK,96.600,0.44,15835.899976082146
3163,OK,61.600,0.44,15907.699998933822
3164,OK,66.000,0.44,15840.900014154613
3165,OK,72.500,0.44,15856.800018809736
3166,OK,90.300,0.44,15917.899960186332
3167,OK,79.700,0.44,15822.899993509054
3168,OK,79.200,0.44,15861.300053074956
3169,OK,77.200,0.44,15933.19996027276
3170,OK,96.100,0.44,15838.099992834032
3171,OK,105.100,0.44,15878.100006375462
3172,OK,80.100,0.44,15860.899991821498
3173,OK,81.200,0.44,15847.100003156811
3174,OK,92.400,0.44,15886.700013652444
3175,OK,79.900,0.44,15879.400016274303
3176,OK,84.400,0.44,15829.3999847956
3177,OK,78.200,0.44,15868.400048930198
3178,OK,85.800,0.44,15895.000018645078
3179,OK,94.700,0.44,15837.699989788234
3180,OK,98.200,0.44,15835.800033528358
3181,OK,83.200,0.44,15881.399973295629
3182,OK,78.300,0.44,15858.99997735396
3183,OK,80.700,0.44,15852.199983783066
3184,OK,77.200,0.44,15882.899984717369
3185,OK,81.600,0.44,15870.700008235872
3186,OK,80.300,0.44,15898.399986326694
3187,OK,79.800,0.44,15800.699999090284
3188,OK,36.600,0.44,16010.599967557937
3189,OK,80.800,0.44,15894.100011792034
3190,OK,92.700,0.44,15795.000013895333
3191,OK,62.500,0.44,15924.100007396191
3192,OK,101.100,0.44,15830.199990887195
3193,OK,72.600,0.44,15934.399969410151
3194,OK,64.500,0.44,15861.899999435991
3195,OK,49.700,0.44,15942.400030326098
3196,OK,78.800,0.44,15879.099955782294
3197,OK,63.800,0.44,15921.29998607561
3198,OK,54.700,0.44,15894.999960437417
3199,OK,68.800,0.44,15858.500031754375
3200,OK,67.000,0.44,15899.000049103051
3201,OK,62.800,0.44,15792.4999948591
3202,OK,61.500,0.44,15904.199972283095
3203,OK,62.800,0.44,15873.200027272105
3204,OK,55.500,0.44,15926.799969747663
3205,OK,70.100,0.44,15947.700012475252
3206,OK,116.900,0.44,15759.199974127114
3207,OK,55.500,0.44,15851.90003970638
3208,OK,46.400,0.44,15901.200007647276
3209,OK,43.900,0.44,15929.099987260997
3210,OK,46.300,0.44,16029.899998102337
3211,OK,118.900,0.44,15728.799975477159
3212,OK,82.100,0.44,15905.499982181937
3213,OK,70.200,0.44,15889.799979049712
3214,OK,79.900,0.44,15851.80003894493
3215,OK,70.500,0.44,15850.40002828464
3216,OK,65.600,0.44,16058.199980761856
3217,OK,66.100,0.44,15793.200000189245
3218,OK,58.800,0.44,15901.600010693073
3219,OK,56.100,0.44,15968.499996233732
3220,OK,68.900,0.44,15821.499982848763
3221,OK,49.000,0.44,15945.299994200468
3222,OK,60.900,0.44,15890.599985141307
3223,OK,64.600,0.44,15881.29997253418
3224,OK,64.700,0.44,16141.599975526333
3225,OK,48.500,0.44,15914.999996311963
3226,OK,53.200,0.44,16147.900023497641
3227,OK,131.200,0.44,15285.199973732233
3228,OK,68.600,0.44,16100.099950563163
3229,OK,50.400,0.44,15791.399986483157
3230,OK,56.100,0.44,15827.199968043715
3231,OK,56.600,0.44,15993.400011211634
3232,OK,43.800,0.44,16064.900031778961
3233,OK,52.800,0.44,15779.10000924021
3234,OK,55.200,0.44,15866.599977016449
3235,OK,68.600,0.44,16027.799982111901
3236,OK,96.200,0.44,16158.599988557398
3237,OK,135.000,0.44,15518.000000156462
3238,OK,120.700,0.44,15824.300004169345
3239,OK,114.700,0.44,15647.499996703118
3240,OK,130.800,0.44,15811.799967195839
3241,OK,83.800,0.44,15924.000006634742
3242,OK,113.800,0.44,15674.400026910007
3243,OK,56.400,0.44,15971.200016792864
3244,OK,46.800,0.44,15928.499982692301
3245,OK,42.600,0.44,15951.199980918318
3246,OK,48.900,0.44,15886.000008322299
3247,OK,66.400,0.44,15935.500035993755
3248,OK,59.300,0.44,15906.299988273531
3249,OK,54.800,0.44,15889.399976003915
3250,OK,55.000,0.44,15907.100052572787
3251,OK,52.500,0.44,15884.699998423457
3252,OK,46.800,0.44,15953.199996147305
3253,OK,54.400,0.44,15946.100000292063
3254,OK,84.600,0.44,15896.799974143505
3255,OK,78.900,0.44,15872.699965257198
3256,OK,70.500,0.44,15890.29998285696
3257,OK,74.200,0.44,15864.99996483326
3258,OK,49.400,0.44,15935.99998159334
3259,OK,50.500,0.44,15899.299993179739
3260,OK,59.800,0.44,15921.899990644306
3261,OK,47.100,0.44,15950.399974826723
3262,OK,57.700,0.44,15907.90000045672
3263,OK,49.500,0.44,15923.099999781698
3264,OK,62.500,0.44,15880.600025411695
3265,OK,48.600,0.44,15937.899996060878
3266,OK,81.700,0.44,15897.299977950752
3267,OK,77.700,0.44,15837.899991311133
3268,OK,63.900,0.44,15913.099981844425
3269,OK,57.400,0.44,15883.699990808964
3270,OK,49.200,0.44,15943.59998125583
3271,OK,56.700,0.44,15896.09996881336
3272,OK,53.900,0.44,15921.50004580617
3273,OK,49.300,0.44,15904.599975328892
3274,OK,61.400,0.44,15848.300012294203
3275,OK,58.100,0.44,15992.900007404387
3276,OK,57.900,0.44,15907.699998933822
3277,OK,57.700,0.44,15892.499999608845
3278,OK,54.500,0.44,15907.099994365126
3279,OK,75.500,0.44,15841.600019484758
3280,OK,51.200,0.44,15909.60001340136
3281,OK,46.500,0.44,15915.199997834861
3282,OK,41.000,0.44,15937.999996822327
3283,OK,42.400,0.44,15979.000017978251
3284,OK,49.800,0.44,15895.000018645078
3285,OK,44.900,0.44,15930.09999487549
3286,OK,63.700,0.44,15910.300018731505
3287,OK,59.200,0.44,15907.90000045672
3288,OK,78.000,0.44,15848.199953325093
3289,OK,55.600,0.44,15875.899989623576
3290,OK,49.200,0.44,15975.099988281727
3291,OK,76.400,0.44,15838.099992834032
3292,OK,51.200,0.44,15982.399985659868
3293,OK,61.300,0.44,15791.999991051853
3294,OK,65.000,0.44,15954.600006807595
3295,OK,99.600,0.44,15927.800035569817
3296,OK,66.100,0.44,15835.900034289807
3297,OK,60.200,0.44,15917.900018393993
3298,OK,55.400,0.44,15910.400019492954
3299,OK,63.200,0.44,15887.399960774928
3300,OK,50.100,0.44,15961.099998094141
3301,OK,62.400,0.44,15785.499999765307
3302,OK,70.500,0.44,15881.40003150329
3303,OK,57.300,0.44,15907.799999695271
3304,OK,60.800,0.44,15918.30002143979
3305,OK,63.900,0.44,15907.799999695271
3306,OK,63.800,0.44,15870.200004428625
3307,OK,59.200,0.44,15942.900034133345
3308,OK,69.700,0.44,15901.199949439615
3309,OK,65.600,0.44,15814.299986232072
3310,OK,46.900,0.44,15981.499978806823
3311,OK,51.000,0.44,15928.300039377064
3312,OK,59.500,0.44,15905.400039628148
3313,OK,57.900,0.44,15773.30002328381
3314,OK,52.400,0.44,15919.700032100081
3315,OK,57.700,0.44,15921.899990644306
3316,OK,51.700,0.44,15916.200005449355
3317,OK,49.800,0.44,15876.099991146475
3318,OK,48.900,0.44,15925.000014249235
3319,OK,51.600,0.44,15897.000033874065
3320,OK,65.300,0.44,15876.700053922832
3321,OK,53.600,0.44,15992.000000551343
3322,OK,66.600,0.44,15888.69997067377
3323,OK,48.200,0.44,15864.100016187876
3324,OK,71.400,0.44,15850.000025238842
3325,OK,64.500,0.44,15919.499972369522
3326,OK,71.600,0.44,15870.600007474422
3327,OK,52.500,0.44,15884.39999613911
3328,OK,89.400,0.44,15881.499974057078
3329,OK,48.500,0.44,15874.899982009083
3330,OK,50.000,0.44,15942.199970595539
3331,OK,51.800,0.44,15939.00000443682
3332,OK,57.200,0.44,15881.599974818528
3333,OK,74.500,0.44,15908.00000121817
3334,OK,56.400,0.44,15912.900038529187
3335,OK,58.100,0.44,15850.09996779263
3336,OK,56.700,0.44,15913.200040813535
3337,OK,46.200,0.44,15946.60000409931
3338,OK,61.300,0.44,15935.199975501746
3339,OK,54.900,0.44,15931.400004774332
3340,OK,61.300,0.44,15877.300000283867
3341,OK,63.500,0.44,15957.700030412525
3342,OK,84.600,0.44,15795.200015418231
3343,OK,89.700,0.44,15908.00000121817
3344,OK,54.800,0.44,15896.599972620606
3345,OK,59.000,0.44,15888.100024312735
3346,OK,54.000,0.44,15937.299991492182
3347,OK,59.700,0.44,15931.49994732812
3348,OK,74.200,0.44,15843.599976506084
3349,OK,72.800,0.44,15896.399971097708
3350,OK,64.800,0.44,15861.799998674542
3351,OK,57.500,0.44,15933.700022287667
3352,OK,56.400,0.44,15859.899984207004
3353,OK,56.200,0.44,15925.899962894619
3354,OK,55.900,0.44,15890.20004030317
3355,OK,73.100,0.44,15951.799985487014
3356,OK,60.600,0.44,15819.700027350336
3357,OK,49.700,0.44,15927.799977362156
3358,OK,58.800,0.44,15894.200012553483
3359,OK,56.800,0.44,15909.300011117011
3360,OK,56.400,0.44,15918.600023724139
3361,OK,55.600,0.44,15910.700021777302
3362,OK,56.500,0.44,15926.500025670975
3363,OK,58.900,0.44,15811.799967195839
3364,OK,56.300,0.44,15975.499991327524
3365,OK,48.400,0.44,15936.999989207834
3366,OK,63.700,0.44,15889.899979811162
3367,OK,52.000,0.44,15886.699955444783
3368,OK,52.400,0.44,15948.299958836287
3369,OK,48.400,0.44,15925.79996213317
3370,OK,50.800,0.44,15981.499978806823
3371,OK,55.600,0.44,15841.900021769106
3372,OK,54.200,0.44,15952.599991578609
3373,OK,57.700,0.44,15894.500014837831
3374,OK,53.900,0.44,15892.600000370294
3375,OK,57.800,0.44,15923.200000543147
3376,OK,57.300,0.44,15895.200020167977
3377,OK,47.400,0.44,15975.99999513477
3378,OK,56.700,0.44,15934.200026094913
3379,OK,56.000,0.44,15830.89999621734
3380,OK,87.500,0.44,15803.999966010451
3381,OK,54.700,0.44,15977.100003510714
3382,OK,53.200,0.44,15916.700009256601
3383,OK,46.300,0.44,15904.199972283095
3384,OK,47.600,0.44,15909.000008832663
3385,OK,38.800,0.44,15976.900001987815
3386,OK,84.700,0.44,15904.600033536553
3387,OK,52.000,0.44,15910.300018731505
3388,OK,49.500,0.44,15897.299977950752
3389,OK,62.400,0.44,15925.000014249235
3390,OK,57.200,0.44,15921.699989121407
3391,OK,60.600,0.44,15837.500046472996
3392,OK,91.700,0.44,15895.899967290461
3393,OK,70.800,0.44,15885.899949353188
3394,OK,71.600,0.44,15860.59998953715
3395,OK,165.600,0.44,15759.599977172911
3396,OK,60.200,0.44,15876.99999799952
3397,OK,49.800,0.44,15901.299950201064
3398,OK,45.800,0.44,15916.9000107795
3399,OK,47.400,0.44,15940.200013574213
3400,OK,51.600,0.44,15921.099984552711
3401,OK,77.100,0.44,15768.79998901859
3402,OK,59.800,0.44,15862.500004004687
3403,OK,70.000,0.44,15914.800052996725
3404,OK,89.400,0.44,15850.40002828464
3405,OK,102.200,0.44,15879.399958066642
3406,OK,97.700,0.44,15781.299967784435
3407,OK,101.600,0.44,15879.69996035099
3408,OK,89.200,0.44,15852.800046559423
3409,OK,82.800,0.44,15864.100016187876
3410,OK,89.900,0.44,15835.3999722749
3411,OK,83.200,0.44,15894.900017883629
3412,OK,93.700,0.44,15837.200044188648
3413,OK,98.200,0.44,15851.70003818348
3414,OK,87.400,0.44,15871.500014327466
3415,OK,88.000,0.44,15833.000012207776
3416,OK,87.100,0.44,15869.800001382828
3417,OK,100.500,0.44,15849.400020670146
3418,OK,106.000,0.44,15856.300015002489
3419,OK,112.000,0.44,15817.900013644248
3420,OK,92.500,0.44,15826.700022444129
3421,OK,76.200,0.44,15879.69996035099
3422,OK,79.900,0.44,15864.500019233674
3423,OK,78.100,0.44,15855.200006626546
3424,OK,60.600,0.44,15897.199977189302
3425,OK,36.200,0.44,15983.099990990013
3426,OK,78.400,0.44,15860.099985729903
3427,OK,92.200,0.44,15891.7999942787
3428,OK,135.300,0.44,15740.899951197207
3429,OK,82.800,0.44,15858.600032515824
3430,OK,65.000,0.44,15912.199974991381
3431,OK,41.600,0.44,15933.20001848042
3432,OK,47.000,0.44,15890.799986664206
3433,OK,38.300,0.44,15970.799955539405
3434,OK,44.200,0.44,15926.000021863729
3435,OK,98.300,0.44,15856.400015763938
3436,OK,46.000,0.44,15950.599976349622
3437,OK,72.900,0.44,15756.999957375228
3438,OK,56.700,0.44,16018.200025428087
3439,OK,130.000,0.44,15739.399997983128
3440,OK,50.600,0.44,15958.19997601211
3441,OK,51.700,0.44,15861.099993344396
3442,OK,59.500,0.44,15956.300019752234
3443,OK,47.700,0.44,15938.900003675371
3444,OK,50.500,0.44,15958.40003574267
3445,OK,112.700,0.44,15712.999971583486
3446,OK,99.100,0.44,15888.80002964288
3447,OK,88.500,0.44,15901.000006124377
3448,OK,67.800,0.44,15934.199967887253
3449,OK,64.400,0.44,15907.799999695271
3450,OK,61.600,0.44,15820.799977518618
3451,OK,40.900,0.44,15933.500020764768
3452,OK,76.200,0.44,15936.699986923486
3453,OK,88.800,0.44,15883.099986240268
3454,OK,89.500,0.44,15846.299997065216
3455,OK,72.900,0.44,15773.399965837598
3456,OK,46.600,0.44,15962.500008754432
3457,OK,46.400,0.44,16094.200022052974
3458,OK,45.700,0.44,16253.30001115799
3459,OK,102.600,0.44,15652.700036298484
3460,OK,95.800,0.44,15801.500005181879
3461,OK,120.800,0.44,15688.999963458627
3462,OK,104.100,0.44,15795.30001617968
3463,OK,85.200,0.44,15817.900013644248
3464,OK,69.700,0.44,15860.299987252802
3465,OK,54.100,0.44,16424.9999797903
3466,OK,49.600,0.44,15609.699999913573
3467,OK,54.800,0.44,15909.800014924258
3468,OK,58.800,0.44,15914.800052996725
3469,OK,71.900,0.44,15937.099989969283
3470,OK,83.400,0.44,16086.900024674833
3471,OK,83.200,0.44,15411.60000488162
3472,OK,96.500,0.44,15812.699974048883
3473,OK,64.700,0.44,15953.600057400763
3474,OK,134.400,0.44,15860.59998953715
3475,OK,250.600,0.44,15401.899989228696
3476,OK,45.700,0.44,15938.900003675371
3477,OK,57.300,0.44,15937.099989969283
3478,OK,49.600,0.44,15942.599973641336
3479,OK,52.100,0.44,15949.599968735129
3480,OK,58.300,0.44,15862.00000019744
3481,OK,61.000,0.44,15979.1000187397
3482,OK,56.800,0.44,15846.900001633912
3483,OK,54.400,0.44,15960.999997332692
3484,OK,51.500,0.44,15842.700027860701
3485,OK,47.500,0.44,15941.100020427257
3486,OK,45.500,0.44,15927.799977362156
3487,OK,45.400,0.44,15935.299976263195
3488,OK,57.600,0.44,15917.100012302399
3489,OK,50.700,0.44,15897.799981757998
3490,OK,48.500,0.44,15878.000005614012
3491,OK,28.400,0.44,15989.099978469312
3492,OK,37.800,0.44,15913.199982605875
3493,OK,44.500,0.44,15911.599970422685
3494,OK,38.600,0.44,15955.999959260225
3495,OK,55.800,0.44,15902.199957054108
3496,OK,38.000,0.44,15946.900006383657
3497,OK,45.700,0.44,15949.000022374094
3498,OK,49.200,0.44,15898.499987088144
3499,OK,41.000,0.44,15999.69994276762
3500,OK,45.300,0.44,15943.200036417693
3501,OK,51.900,0.44,15796.300023794174
3502,OK,76.500,0.44,15862.700005527586
3503,OK,78.000,0.44,15930.19999563694
3504,OK,56.700,0.44,15935.499977786094
3505,OK,61.800,0.44,15863.900014664978
3506,OK,63.300,0.44,15908.10000197962
3507,OK,60.200,0.44,15881.599974818528
3508,OK,59.200,0.44,15924.900013487786
3509,OK,62.200,0.44,15884.19999461621
3510,OK,58.100,0.44,15921.799989882857
3511,OK,60.500,0.44,15907.799999695271
3512,OK,65.900,0.44,15906.699991319329
3513,OK,60.100,0.44,15838.499995879829
3514,OK,78.200,0.44,15827.99997413531
3515,OK,44.500,0.44,15955.800015944988
3516,OK,51.600,0.44,15931.500005535781
3517,OK,51.300,0.44,15871.600015088916
3518,OK,46.000,0.44,15903.49996695295
3519,OK,37.500,0.44,15917.800017632544
3520,OK,42.000,0.44,15902.900020591915
3521,OK,48.100,0.44,15936.09998235479
3522,OK,55.800,0.44,16008.70001129806
3523,OK,60.600,0.44,15864.200016949326
3524,OK,59.600,0.44,15911.099966615438
3525,OK,66.000,0.44,15898.200043011457
3526,OK,69.300,0.44,15869.49999909848
3527,OK,54.600,0.44,15872.100018896163
3528,OK,89.100,0.44,15862.10000095889
3529,OK,83.600,0.44,15875.799988862127
3530,OK,61.200,0.44,15905.999985989183
3531,OK,53.200,0.44,15887.20001745969
3532,OK,60.800,0.44,15924.599952995777
3533,OK,62.100,0.44,15926.699968986213
3534,OK,53.900,0.44,15928.899985738099
3535,OK,57.300,0.44,15885.200002230704
3536,OK,58.700,0.44,15911.300026345998
3537,OK,59.200,0.44,15897.199977189302
3538,OK,83.300,0.44,15847.100003156811
3539,OK,49.300,0.44,15962.300007231534
3540,OK,60.800,0.44,15928.299981169403
3541,OK,58.700,0.44,15871.499956119806
3542,OK,52.300,0.44,15855.900011956692
3543,OK,67.800,0.44,15897.5999802351
3544,OK,45.900,0.44,15940.300014335662
3545,OK,50.900,0.44,15939.199947752059
3546,OK,48.600,0.44,15871.10001128167
3547,OK,49.800,0.44,15957.099967636168
3548,OK,54.400,0.44,15905.799984466285
3549,OK,72.000,0.44,15859.999984968454
3550,OK,53.300,0.44,15988.999977707863
3551,OK,55.800,0.44,15790.600038599223
3552,OK,50.100,0.44,15966.399980243295
3553,OK,52.100,0.44,15900.50000231713
3554,OK,76.000,0.44,15935.99998159334
3555,OK,66.300,0.44,15803.000016603619
3556,OK,58.000,0.44,15941.000019665807
3557,OK,66.000,0.44,15913.499984890223
3558,OK,53.600,0.44,15954.600006807595
3559,OK,59.300,0.44,15896.000026259571
3560,OK,73.500,0.44,15839.600004255772
3561,OK,46.400,0.44,15993.800014257431
3562,OK,64.300,0.44,15817.70001212135
3563,OK,56.500,0.44,15950.299974065274
3564,OK,62.600,0.44,15887.30001822114
3565,OK,51.300,0.44,15936.799987684935
3566,OK,51.200,0.44,15972.499968484044
3567,OK,80.300,0.44,15746.699995361269
3568,OK,61.300,0.44,15955.900016706437
3569,OK,62.700,0.44,15852.400043513626
3570,OK,106.100,0.44,15801.900008227676
3571,OK,58.700,0.44,15929.299988783896
3572,OK,65.200,0.44,15885.300002992153
3573,OK,45.200,0.44,15929.599991068244
3574,OK,51.800,0.44,15907.499997410923
3575,OK,59.700,0.44,15960.699995048344
3576,OK,64.600,0.44,15869.299997575581
3577,OK,68.700,0.44,15857.900027185678
3578,OK,62.800,0.44,15857.400023378432
3579,OK,54.300,0.44,15937.69999453798
3580,OK,48.300,0.44,15979.799965862185
3581,OK,44.300,0.44,15873.79997363314
3582,OK,48.600,0.44,15946.200001053512
3583,OK,57.600,0.44,15934.500028379261
3584,OK,47.300,0.44,15872.100018896163
3585,OK,50.200,0.44,15875.099983531982
3586,OK,51.900,0.44,15889.300033450127
3587,OK,47.900,0.44,15916.9000107795
3588,OK,51.200,0.44,15919.69997389242
3589,OK,50.300,0.44,15924.40000968054
3590,OK,60.600,0.44,15852.899989113212
3591,OK,42.500,0.44,15960.399992763996
3592,OK,55.400,0.44,15956.500021275133
3593,OK,54.200,0.44,15916.89995257184
3594,OK,52.000,0.44,15927.000029478222
3595,OK,69.600,0.44,15837.899991311133
3596,OK,53.400,0.44,15957.300027366728
3597,OK,86.300,0.44,15873.89997439459
3598,OK,60.500,0.44,15882.600040640682
3599,OK,67.900,0.44,16008.400009013712
3600,OK,80.800,0.44,15815.699996892363
3601,OK,65.200,0.44,15816.400002222508
3602,OK,63.300,0.44,15863.800013903528
3603,OK,106.200,0.44,15847.20000391826
3604,OK,79.400,0.44,15887.20001745969
3605,OK,92.300,0.44,15845.600049942732
3606,OK,97.800,0.44,15891.999995801598
3607,OK,57.500,0.44,15883.199987001717
3608,OK,182.000,0.44,15710.600011516362
3609,OK,75.800,0.44,15882.199979387224
3610,OK,69.800,0.44,15887.500019744039
3611,OK,75.100,0.44,15943.300037179142
3612,OK,57.200,0.44,15874.800039455295
3613,OK,65.500,0.44,15890.599985141307
3614,OK,86.900,0.44,15865.20002456382
3615,OK,69.300,0.44,15879.700018558651
3616,OK,46.500,0.44,15964.399965014309
3617,OK,63.800,0.44,15891.999995801598
3618,OK,97.100,0.44,15793.600003235042
3619,OK,46.500,0.44,15928.999986499548
3620,OK,54.400,0.44,15889.699978288263
3621,OK,45.300,0.44,15936.999989207834
3622,OK,49.900,0.44,15976.499998942018
3623,OK,67.900,0.44,15850.09996779263
3624,OK,94.400,0.44,15934.099967125803
3625,OK,58.400,0.44,15857.099962886423
3626,OK,54.100,0.44,15930.000052321702
3627,OK,117.000,0.44,15728.90003444627
3628,OK,50.000,0.44,15909.699955955148
3629,OK,42.600,0.44,15943.500038702041
3630,OK,46.100,0.44,15944.500046316534
3631,OK,57.200,0.44,15842.80002862215
3632,OK,64.100,0.44,15870.000002905726
3633,OK,68.000,0.44,15931.49994732812
3634,OK,62.700,0.44,15904.399973805994
3635,OK,89.500,0.44,15916.200005449355
3636,OK,85.600,0.44,15822.699991986156
3637,OK,76.300,0.44,15859.299979638308
3638,OK,90.900,0.44,15838.39999511838
3639,OK,112.200,0.44,15836.399979889393
3640,OK,81.900,0.44,15884.39999613911
3641,OK,84.300,0.44,15893.20000493899
3642,OK,103.200,0.44,15826.999966520816
3643,OK,108.100,0.44,15829.699987079948
3644,OK,66.200,0.44,15943.500038702041
3645,OK,95.400,0.44,15817.200008314103
3646,OK,69.200,0.44,15870.200004428625
3647,OK,69.800,0.44,15869.900002144277
3648,OK,79.400,0.44,15812.599973287433
3649,OK,62.500,0.44,15972.500026691705
3650,OK,72.500,0.44,15900.70000384003
3651,OK,83.900,0.44,15872.200019657612
3652,OK,79.500,0.44,15852.299984544516
3653,OK,86.300,0.44,15847.30000467971
3654,OK,88.100,0.44,15802.80001508072
3655,OK,81.600,0.44,15893.900010269135
3656,OK,86.000,0.44,15866.000030655414
3657,OK,89.300,0.44,15877.500001806766
3658,OK,92.100,0.44,15871.999959927052
3659,OK,98.000,0.44,15850.399970076978
3660,OK,148.400,0.44,15759.300033096224
3661,OK,153.500,0.44,15676.400042138994
3662,OK,60.700,0.44,15924.700011964887
3663,OK,60.000,0.44,15892.600000370294
3664,OK,63.900,0.44,15894.000011030585
3665,OK,54.100,0.44,16037.699999287724
3666,OK,54.100,0.44,15916.000003926456
3667,OK,58.700,0.44,15896.499971859157
3668,OK,55.400,0.44,15878.800011705607
3669,OK,62.300,0.44,15923.400002066046
3670,OK,55.700,0.44,15929.799992591143
3671,OK,55.700,0.44,15906.099986750633
3672,OK,60.600,0.44,15900.300000794232
3673,OK,57.700,0.44,15897.70003920421
3674,OK,138.500,0.44,15745.799988508224
3675,OK,51.900,0.44,15909.100009594113
3676,OK,45.100,0.44,15962.400007992983
3677,OK,45.000,0.44,15895.800024736673
3678,OK,44.000,0.44,15945.999999530613
3679,OK,43.200,0.44,15873.700031079352
3680,OK,66.600,0.44,15880.799968726933
3681,OK,77.500,0.44,15847.000002395362
3682,OK,57.400,0.44,15922.099992167205
3683,OK,54.800,0.44,15876.199991907924
3684,OK,62.700,0.44,15959.099982865155
3685,OK,64.300,0.44,15885.100001469254
3686,OK,58.000,0.44,15922.999999020249
3687,OK,62.600,0.44,15881.099971011281
3688,OK,46.500,0.44,15920.499979984015
3689,OK,56.100,0.44,15959.499985910952
3690,OK,73.600,0.44,15865.599969401956
3691,OK,62.300,0.44,15888.200025074184
3692,OK,54.900,0.44,16254.899965133518
3693,OK,59.900,0.44,16019.899980165064
3694,OK,54.300,0.44,15668.899985030293
3695,OK,65.800,0.44,15696.300019044429
3696,OK,69.000,0.44,15922.199992928654
3697,OK,56.500,0.44,15893.600007984787
3698,OK,50.900,0.44,16285.400022752583
3699,OK,51.100,0.44,15582.300024107099
3700,OK,53.300,0.44,16272.099979687482
3701,OK,76.400,0.44,15413.299959618598
3702,OK,63.200,0.44,15883.699990808964
3703,OK,55.300,0.44,15834.400022868067
3704,OK,45.500,0.44,16267.400002107024
3705,OK,49.400,0.44,18113.200028892606
3706,OK,76.700,0.44,13357.400021050125
3707,OK,57.300,0.44,15971.900022123009
3708,OK,91.500,0.44,15943.60003946349
3709,OK,83.500,0.44,16092.400008346885
3710,OK,91.000,0.44,15561.29998061806
3711,OK,87.700,0.44,15917.799959424883
3712,OK,93.600,0.44,15798.600041307509
3713,OK,133.900,0.44,15703.100012615323
3714,OK,47.300,0.44,15884.699998423457
3715,OK,41.000,0.44,15960.199991241097
3716,OK,65.100,0.44,15919.90003362298
3717,OK,43.700,0.44,15882.399980910122
3718,OK,52.600,0.44,16005.199984647334
3719,OK,59.400,0.44,15808.099997229874
3720,OK,48.100,0.44,15981.499978806823
3721,OK,76.800,0.44,15896.399971097708
3722,OK,51.800,0.44,15881.30003074184
3723,OK,65.900,0.44,15886.000008322299
3724,OK,49.000,0.44,15929.799992591143
3725,OK,50.400,0.44,15902.300016023219
3726,OK,56.000,0.44,15854.60000205785
3727,OK,57.200,0.44,15909.700014162809
3728,OK,43.400,0.44,15942.499972879887
3729,OK,69.300,0.44,15886.300010606647
3730,OK,44.100,0.44,15932.399954181165
3731,OK,52.800,0.44,15884.19999461621
3732,OK,44.700,0.44,15939.10000519827
3733,OK,38.600,0.44,15947.499952744693
3734,OK,48.000,0.44,15931.70000705868
3735,OK,38.600,0.44,15959.499985910952
3736,OK,54.200,0.44,15908.500005025417
3737,OK,49.800,0.44,15931.100002489984
3738,OK,58.200,0.44,15924.800012726337
3739,OK,54.500,0.44,15903.199964668602
3740,OK,69.700,0.44,15833.89996085316
3741,OK,55.600,0.44,15942.399972118437
3742,OK,75.800,0.44,15861.899999435991
3743,OK,59.800,0.44,15956.80002355948
3744,OK,52.900,0.44,15945.20005164668
3745,OK,70.000,0.44,15841.999964322895
3746,OK,51.800,0.44,15848.100010771304
3747,OK,66.100,0.44,16005.80004742369
3748,OK,60.400,0.44,15891.69999351725
3749,OK,62.500,0.44,15903.100022114813
3750,OK,57.500,0.44,15850.999974645674
3751,OK,56.300,0.44,15958.200034219772
3752,OK,55.700,0.44,15870.300005190074
3753,OK,63.500,0.44,15934.299968648702
3754,OK,62.000,0.44,15828.500036150217
3755,OK,58.700,0.44,15967.09998557344
3756,OK,59.300,0.44,15833.999961614609
3757,OK,87.500,0.44,15917.300013825297
3758,OK,92.700,0.44,15810.000011697412
3759,OK,47.100,0.44,15975.799993611872
3760,OK,58.600,0.44,15954.999951645732
3761,OK,42.800,0.44,15886.600012890995
3762,OK,48.000,0.44,15903.699968475848
3763,OK,58.200,0.44,15896.999975666404
3764,OK,53.100,0.44,15916.600008495152
3765,OK,55.200,0.44,15893.800009507686
3766,OK,55.100,0.44,15930.800000205636
3767,OK,41.100,0.44,15951.00003760308
3768,OK,43.200,0.44,15851.199976168573
3769,OK,43.400,0.44,15969.500003848225
3770,OK,53.700,0.44,15926.499967463315
3771,OK,57.500,0.44,15901.300008408725
3772,OK,52.500,0.44,15909.60001340136
3773,OK,50.500,0.44,15912.60003624484
3774,OK,46.800,0.44,15928.099979646504
3775,OK,56.600,0.44,15898.799989372492
3776,OK,64.300,0.44,15916.200005449355
3777,OK,67.600,0.44,15950.800036080182
3778,OK,50.000,0.44,15905.20003810525
3779,OK,52.200,0.44,15843.999979551882
3780,OK,64.500,0.44,15961.800003424287
3781,OK,59.500,0.44,15903.70002668351
3782,OK,103.700,0.44,15944.099985063076
3783,OK,71.900,0.44,15759.000030811876
3784,OK,51.100,0.44,15932.900016196072
3785,OK,55.800,0.44,15872.000018134713
3786,OK,67.700,0.44,15924.500010441989
3787,OK,63.400,0.44,15892.700001131743
3788,OK,72.400,0.44,15898.699988611042
3789,OK,78.900,0.44,15851.099975407124
3790,OK,84.000,0.44,15859.199978876859
3791,OK,62.700,0.44,15881.999977864325
3792,OK,65.200,0.44,15858.499973546714
3793,OK,68.900,0.44,15897.70003920421
3794,OK,56.800,0.44,15910.000016447157
3795,OK,48.000,0.44,15944.499988108873
3796,OK,81.000,0.44,15832.300006877631
3797,OK,55.100,0.44,15920.999983791262
3798,OK,72.600,0.44,15956.79996535182
3799,OK,83.600,0.44,15878.000005614012
3800,OK,56.400,0.44,15936.399984639138
3801,OK,65.700,0.44,15714.199980720878
3802,OK,95.800,0.44,15846.099995542318
3803,OK,73.400,0.44,15882.500039879233
3804,OK,60.500,0.44,15972.800028976053
3805,OK,46.000,0.44,15897.5999802351
3806,OK,58.700,0.44,15882.199979387224
3807,OK,87.000,0.44,15941.600024234504
3808,OK,56.900,0.44,15910.100017208606
3809,OK,62.200,0.44,15903.300023637712
3810,OK,62.700,0.44,15894.000011030585
3811,OK,70.100,0.44,15867.499983869493
3812,OK,132.900,0.44,15826.50002092123
3813,OK,71.500,0.44,15845.299989450723
3814,OK,79.300,0.44,15909.700014162809
3815,OK,57.900,0.44,15915.199997834861
3816,OK,71.000,0.44,15868.799993768334
3817,OK,64.100,0.44,15872.700023464859
3818,OK,49.800,0.44,15906.999993603677
3819,OK,43.800,0.44,15912.29997575283
3820,OK,43.000,0.44,15957.600029651076
3821,OK,54.200,0.44,15908.10000197962
3822,OK,46.800,0.44,15927.399974316359
3823,OK,48.200,0.44,15875.999990385026
3824,OK,53.300,0.44,15917.299955617636
3825,OK,52.500,0.44,15918.40002220124
3826,OK,57.600,0.44,15914.099989458919
3827,OK,59.600,0.44,15909.999958239496
3828,OK,60.300,0.44,15960.199991241097
3829,OK,63.300,0.44,15828.299976419657
3830,OK,62.300,0.44,15910.599962808192
3831,OK,61.400,0.44,15896.10002702102
3832,OK,53.500,0.44,15905.900043435395
3833,OK,66.400,0.44,15935.200033709407
3834,OK,59.800,0.44,15843.400033190846
3835,OK,54.700,0.44,15902.499959338456
3836,OK,50.600,0.44,15883.00004368648
3837,OK,79.200,0.44,15923.800005111843
3838,OK,55.600,0.44,15904.100029729307
3839,OK,50.600,0.44,15925.899962894619
3840,OK,62.400,0.44,15851.200034376234
3841,OK,53.800,0.44,15973.19997381419
3842,OK,65.900,0.44,15901.900012977421
3843,OK,68.900,0.44,15879.199956543744
3844,OK,60.700,0.44,15884.39999613911
3845,OK,64.600,0.44,15989.899984560907
3846,OK,133.000,0.44,15787.500014994293
3847,OK,53.300,0.44,15875.699988100678
3848,OK,50.200,0.44,15910.599962808192
3849,OK,55.800,0.44,15842.100023292005
3850,OK,72.200,0.44,15960.499993525445
3851,OK,58.500,0.44,15913.699986413121
3852,OK,60.100,0.44,15886.200009845197
3853,OK,59.800,0.44,15896.699973382056
3854,OK,61.100,0.44,15882.399980910122
3855,OK,125.600,0.44,15782.00003132224
3856,OK,70.000,0.44,15893.900010269135
3857,OK,72.600,0.44,15885.8000067994
3858,OK,58.000,0.44,15927.100030239671
3859,OK,55.100,0.44,15904.99997837469
3860,OK,46.400,0.44,15918.000019155443
3861,OK,49.600,0.44,15939.10000519827
3862,OK,56.500,0.44,15907.699998933822
3863,OK,57.000,0.44,15930.900000967085
3864,OK,133.900,0.44,15802.300011273474
3865,OK,53.500,0.44,15884.29999537766
3866,OK,57.300,0.44,15973.299974575639
3867,OK,60.000,0.44,15850.299969315529
3868,OK,60.400,0.44,15884.39999613911
3869,OK,57.800,0.44,15895.700023975223
3870,OK,59.200,0.44,15885.500004515052
3871,OK,79.600,0.44,15844.999987166375
3872,OK,80.800,0.44,15900.800004601479
3873,OK,92.500,0.44,15855.200006626546
3874,OK,63.700,0.44,15898.900048341602
3875,OK,63.900,0.44,15872.60002270341
3876,OK,74.900,0.44,15889.299975242466
3877,OK,83.100,0.44,15860.500046983361
3878,OK,77.700,0.44,15863.60001238063
3879,OK,71.100,0.44,15907.199995126575
3880,OK,82.000,0.44,15901.600010693073
3881,OK,75.600,0.44,15843.100030906498
3882,OK,80.700,0.44,15884.099993854761
3883,OK,89.800,0.44,15851.899981498718
3884,OK,91.300,0.44,15890.40004182607
3885,OK,91.900,0.44,15810.400014743209
3886,OK,79.000,0.44,15886.300010606647
3887,OK,79.400,0.44,15844.100038520992
3888,OK,76.900,0.44,15930.900000967085
3889,OK,90.900,0.44,15839.400002732873
3890,OK,88.700,0.44,15857.60002490133
3891,OK,89.100,0.44,15868.0000458844
3892,OK,95.600,0.44,15832.800010684878
3893,OK,97.600,0.44,15864.400018472224
3894,OK,101.400,0.44,15811.70002464205
3895,OK,69.200,0.44,15900.400001555681
3896,OK,99.300,0.44,15862.400003243238
3897,OK,89.400,0.44,15959.199983626604
3898,OK,130.100,0.44,15682.000026572496
3899,OK,85.200,0.44,15895.500022452325
3900,OK,63.800,0.44,15817.50001059845
3901,OK,56.200,0.44,15861.100051552057
3902,OK,64.600,0.44,15880.900027696043
3903,OK,63.900,0.44,15931.500005535781
3904,OK,64.500,0.44,15922.6999967359
3905,OK,61.500,0.44,15883.899992331862
3906,OK,56.600,0.44,15865.699970163405
3907,OK,55.700,0.44,15919.90003362298
3908,OK,59.800,0.44,15898.700046818703
3909,OK,53.600,0.44,15911.999973468482
3910,OK,60.100,0.44,15925.899962894619
3911,OK,76.000,0.44,16054.900013841689
3912,OK,142.400,0.44,15552.899974863976
3913,OK,54.500,0.44,15917.500015348196
3914,OK,60.400,0.44,15908.200002741069
3915,OK,62.500,0.44,15842.500026337802
3916,OK,49.300,0.44,15920.399979222566
3917,OK,51.300,0.44,15934.900031425059
3918,OK,82.800,0.44,15873.79997363314
3919,OK,79.100,0.44,15903.50002516061
3920,OK,61.300,0.44,15893.30000570044
3921,OK,55.400,0.44,15911.799971945584
3922,OK,54.400,0.44,15901.100006885827
3923,OK,63.300,0.44,15888.500027358532
3924,OK,43.700,0.44,15934.100025333464
3925,OK,49.900,0.44,16060.199995990843
3926,OK,104.300,0.44,15877.600002568215
3927,OK,84.100,0.44,15819.000022020191
3928,OK,88.900,0.44,15784.499992150813
3929,OK,73.700,0.44,15989.999985322356
3930,OK,91.200,0.44,16094.200022052974
3931,OK,116.000,0.44,15721.999981906265
3932,OK,122.700,0.44,15762.899944093078
3933,OK,119.300,0.44,15927.20003100112
3934,OK,120.500,0.44,15420.300012920052
3935,OK,119.000,0.44,15815.799997653812
3936,OK,88.000,0.44,15922.299993690103
3937,OK,92.600,0.44,15808.100055437535
3938,OK,89.200,0.44,16143.699991516769
3939,OK,91.700,0.44,15941.500023473054
3940,OK,145.400,0.44,15394.399990327656
3941,OK,133.100,0.44,15817.000006791204
3942,OK,115.700,0.44,15732.400002889335
3943,OK,72.800,0.44,15835.50003124401
3944,OK,56.600,0.44,15860.200044699013
3945,OK,53.400,0.44,16170.800023246557
3946,OK,48.900,0.44,15661.499986890703
3947,OK,59.100,0.44,15994.300018064678
3948,OK,124.100,0.44,15658.199961762875
3949,OK,53.800,0.44,15862.900007050484
3950,OK,41.300,0.44,16111.300035845488
3951,OK,179.700,0.44,15566.900023259223
3952,OK,42.800,0.44,15882.599982433021
3953,OK,81.800,0.44,15972.000022884458
3954,OK,53.000,0.44,15837.299986742437
3955,OK,65.900,0.44,15921.099984552711
3956,OK,53.500,0.44,15901.900012977421
3957,OK,52.300,0.44,15862.00000019744
3958,OK,58.500,0.44,16097.999992780387
3959,OK,74.900,0.44,15731.79999832064
3960,OK,54.200,0.44,15898.99999089539
3961,OK,76.300,0.44,15843.800036236644
3962,OK,60.600,0.44,15948.999964166433
3963,OK,53.300,0.44,15907.699998933822
3964,OK,63.400,0.44,15903.60002592206
3965,OK,55.400,0.44,15888.899972196668
3966,OK,47.100,0.44,15966.799983289093
3967,OK,60.600,0.44,15896.299970336258
3968,OK,51.300,0.44,15928.299981169403
3969,OK,57.000,0.44,15877.800004091114
3970,OK,56.300,0.44,15925.899962894619
3971,OK,51.800,0.44,15926.000021863729
3972,OK,57.600,0.44,15891.999995801598
3973,OK,59.900,0.44,15867.399983108044
3974,OK,59.300,0.44,15916.399948764592
3975,OK,72.200,0.44,15865.900029893965
3976,OK,74.500,0.44,15932.699956465513
3977,OK,58.500,0.44,15853.09999063611
3978,OK,44.400,0.44,15933.30001924187
3979,OK,43.300,0.44,15910.9000233002
3980,OK,35.100,0.44,15971.999964676797
3981,OK,53.800,0.44,15915.199997834861
3982,OK,45.800,0.44,15905.599982943386
3983,OK,38.400,0.44,15979.000017978251
3984,OK,46.600,0.44,15894.80001712218
3985,OK,50.600,0.44,15878.700010944158
3986,OK,46.600,0.44,15989.799983799458
3987,OK,53.800,0.44,15900.70000384003
3988,OK,52.000,0.44,15923.700004350394
3989,OK,54.400,0.44,15930.09999487549
3990,OK,58.700,0.44,15906.299988273531
3991,OK,92.100,0.44,15823.3999973163
3992,OK,67.600,0.44,15865.800029132515
3993,OK,56.000,0.44,15984.600002411753
3994,OK,51.100,0.44,15926.800027955323
3995,OK,52.300,0.44,15911.300026345998
3996,OK,61.200,0.44,15780.800022184849
3997,OK,75.300,0.44,15948.799962643534
3998,OK,57.900,0.44,15926.100022625178
3999,OK,58.900,0.44,15922.599995974451
4000,OK,57.800,0.44,15898.099984042346
4001,OK,74.200,0.44,15714.899986051023
4002,OK,71.400,0.44,15924.900013487786
4003,OK,54.700,0.44,15920.499979984015
4004,OK,55.700,0.44,15927.100030239671
4005,OK,69.800,0.44,15878.600010182709
4006,OK,64.500,0.44,15892.199997324497
4007,OK,68.700,0.44,15917.300013825297
4008,OK,60.200,0.44,15770.700003486127
4009,OK,44.100,0.44,15980.099968146533
4010,OK,45.300,0.44,15989.50003972277
4011,OK,50.900,0.44,15885.70000603795
4012,OK,58.300,0.44,15903.100022114813
4013,OK,55.900,0.44,15903.900028206408
4014,OK,59.000,0.44,15920.999983791262
4015,OK,56.200,0.44,15906.699991319329
4016,OK,52.000,0.44,15939.300006721169
4017,OK,62.700,0.44,15882.90004292503
4018,OK,59.900,0.44,15910.500020254403
4019,OK,63.000,0.44,15925.199957564473
4020,OK,71.200,0.44,15887.19995925203
4021,OK,69.300,0.44,15866.400033701211
4022,OK,67.400,0.44,15860.000043176115
4023,OK,52.700,0.44,15949.300024658442
4024,OK,59.200,0.44,15875.999990385026
4025,OK,52.500,0.44,15891.299990471452
4026,OK,75.400,0.44,15898.099984042346
4027,OK,58.800,0.44,15935.99998159334
4028,OK,49.400,0.44,15911.300026345998
4029,OK,50.100,0.44,15890.500042587519
4030,OK,51.800,0.44,15918.200020678341
4031,OK,48.900,0.44,15919.400029815733
4032,OK,50.100,0.44,15927.799977362156
4033,OK,78.200,0.44,15879.100013989955
4034,OK,81.800,0.44,15894.900017883629
4035,OK,59.500,0.44,15951.799985487014
4036,OK,152.800,0.44,15749.000012874603
4037,OK,52.700,0.44,15910.100017208606
4038,OK,85.600,0.44,17074.599978514016
4039,OK,83.500,0.44,14693.600009195507
4040,OK,61.100,0.44,15862.500004004687
4041,OK,65.200,0.44,15891.299990471452
4042,OK,83.500,0.44,15872.799966018647
4043,OK,83.700,0.44,15833.200013730675
4044,OK,69.800,0.44,15887.500019744039
4045,OK,81.200,0.44,15935.299976263195
4046,OK,76.900,0.44,15802.600013557822
4047,OK,58.700,0.44,15854.400000534952
4048,OK,59.200,0.44,16037.599998526275
4049,OK,59.600,0.44,15901.300008408725
4050,OK,62.700,0.44,15865.00002304092
4051,OK,133.800,0.44,15806.900046300143
4052,OK,59.600,0.44,15856.300015002489
4053,OK,61.000,0.44,15956.79996535182
4054,OK,79.300,0.44,15844.999987166375
4055,OK,57.700,0.44,15942.900034133345
4056,OK,67.600,0.44,15861.899999435991
4057,OK,49.900,0.44,15947.400010190904
4058,OK,73.100,0.44,15831.400000024587
4059,OK,58.300,0.44,15943.200036417693
4060,OK,55.000,0.44,15909.800014924258
4061,OK,65.400,0.44,15885.100001469254
4062,OK,83.100,0.44,15881.399973295629
4063,OK,54.700,0.44,15856.300015002489
4064,OK,68.500,0.44,15876.699995715171
4065,OK,55.500,0.44,15866.299974732101
4066,OK,54.800,0.44,15949.000022374094
4067,OK,48.800,0.44,15917.200013063848
4068,OK,51.600,0.44,15934.500028379261
4069,OK,52.700,0.44,15902.800019830465
4070,OK,49.600,0.44,15913.599985651672
4071,OK,45.600,0.44,15911.00002406165
4072,OK,40.600,0.44,15919.000026769936
4073,OK,42.400,0.44,15922.199992928654
4074,OK,47.600,0.44,15878.40000865981
4075,OK,44.800,0.44,16029.39999429509
4076,OK,65.900,0.44,15905.899985227734
4077,OK,58.000,0.44,15906.100044958293
4078,OK,53.900,0.44,15835.099969990551
4079,OK,60.600,0.44,15915.50000011921
4080,OK,57.100,0.44,15892.900002654642
4081,OK,57.400,0.44,15944.299986585975
4082,OK,46.300,0.44,15942.499972879887
4083,OK,141.000,0.44,15826.900023967028
4084,OK,58.700,0.44,15847.799950279295
4085,OK,37.300,0.44,15949.40002541989
4086,OK,47.000,0.44,15919.999976176769
4087,OK,48.400,0.44,15934.899973217398
4088,OK,51.400,0.44,15890.900045633316
4089,OK,44.400,0.44,15921.799989882857
4090,OK,112.400,0.44,15854.299999773502
4091,OK,82.200,0.44,15825.00000949949
4092,OK,55.800,0.44,15873.700031079352
4093,OK,47.500,0.44,16007.500002160668
4094,OK,56.600,0.44,15879.400016274303
4095,OK,54.100,0.44,15930.399997159839
4096,OK,49.700,0.44,15932.100010104477
4097,OK,58.800,0.44,15830.79999545589
4098,OK,69.300,0.44,15866.199973970652
4099,OK,61.000,0.44,15892.399998847395
4100,OK,141.000,0.44,15793.500002473593
4101,OK,64.400,0.44,15792.999998666346
4102,OK,72.500,0.44,15811.49996491149
4103,OK,55.200,0.44,15918.000019155443
4104,OK,55.200,0.44,15929.999994114041
4105,OK,77.500,0.44,15954.400005284697
4106,OK,69.300,0.44,15823.800000362098
4107,OK,66.800,0.44,15878.600010182709
4108,OK,74.300,0.44,15896.20002778247
4109,OK,76.600,0.44,15881.799976341426
4110,OK,77.200,0.44,15905.1000373438
4111,OK,65.900,0.44,15868.399990722537
4112,OK,83.000,0.44,15867.300040554255
4113,OK,85.800,0.44,15842.100023292005
4114,OK,84.900,0.44,15879.400016274303
4115,OK,85.500,0.44,15878.100006375462
4116,OK,115.300,0.44,15818.799962289631
4117,OK,100.500,0.44,15840.600011870265
4118,OK,107.500,0.44,15865.699970163405
4119,OK,93.600,0.44,15851.59997921437
4120,OK,89.700,0.44,15852.200041990727
4121,OK,80.700,0.44,15872.100018896163
4122,OK,95.500,0.44,15848.300012294203
4123,OK,83.000,0.44,15883.299987763166
4124,OK,84.600,0.44,15852.699987590313
4125,OK,93.900,0.44,15826.60002168268
4126,OK,77.000,0.44,15951.099980156869
4127,OK,96.600,0.44,15823.900001123548
4128,OK,94.900,0.44,15827.900031581521
4129,OK,94.400,0.44,15873.700031079352
4130,OK,100.800,0.44,15844.19998107478
4131,OK,73.900,0.44,15935.399977024645
4132,OK,82.300,0.44,15832.300006877631
4133,OK,139.200,0.44,15694.70000686124
4134,OK,80.700,0.44,15909.800014924258
4135,OK,65.900,0.44,15844.899986404926
4136,OK,56.000,0.44,15898.699988611042
4137,OK,57.700,0.44,15831.199998501688
4138,OK,53.500,0.44,15985.100006219
4139,OK,76.900,0.44,15863.60001238063
4140,OK,69.200,0.44,15894.60001559928
4141,OK,62.500,0.44,15898.300043772906
4142,OK,59.700,0.44,15916.200005449355
4143,OK,90.600,0.44,15862.300002481788
4144,OK,66.200,0.44,15904.199972283095
4145,OK,67.900,0.44,15946.300001814961
4146,OK,62.000,0.44,15992.100001312792
4147,OK,156.400,0.44,15693.599998485297
4148,OK,62.300,0.44,15874.699980486184
4149,OK,55.400,0.44,15922.8999982588
4150,OK,60.000,0.44,15906.39998903498
4151,OK,62.100,0.44,15897.299977950752
4152,OK,58.200,0.44,15854.299999773502
4153,OK,59.300,0.44,15877.500001806766
4154,OK,53.800,0.44,15953.399997670203
4155,OK,107.000,0.44,15897.500037681311
4156,OK,70.800,0.44,15840.400010347366
4157,OK,57.900,0.44,15866.899979300797
4158,OK,66.600,0.44,15976.700000464916
4159,OK,62.800,0.44,15899.19999241829
4160,OK,49.100,0.44,15777.399996295571
4161,OK,94.600,0.44,15998.099988792092
4162,OK,75.200,0.44,15875.39998581633
4163,OK,61.800,0.44,15890.800044871867
4164,OK,61.100,0.44,15854.500001296401
4165,OK,65.700,0.44,15816.400002222508
4166,OK,62.700,0.44,16030.400001909584
4167,OK,44.700,0.44,15934.4999701716
4168,OK,99.400,0.44,15741.299954243004
4169,OK,99.100,0.44,15821.299981325865
4170,OK,70.000,0.44,16216.900025028735
4171,OK,60.300,0.44,15837.00004266575
4172,OK,58.800,0.44,15885.400003753603
4173,OK,73.700,0.44,16022.900003008544
4174,OK,63.800,0.44,15639.199991710484
4175,OK,73.500,0.44,15895.299962721765
4176,OK,93.500,0.44,15772.000013384968
4177,OK,70.000,0.44,16122.90000775829
4178,OK,79.400,0.44,16078.30001739785
4179,OK,110.900,0.44,15949.50002618134
4180,OK,129.500,0.44,15363.599988631904
4181,OK,121.400,0.44,16108.999960124493
4182,OK,134.200,0.44,15625.10000076145
4183,OK,138.700,0.44,15739.399997983128
4184,OK,139.700,0.44,16061.499947682023
4185,OK,142.400,0.44,15742.20001930371
4186,OK,141.200,0.44,15902.800019830465
4187,OK,140.900,0.44,15486.299991607666
4188,OK,180.800,0.44,15535.600017756224
4189,OK,160.400,0.44,16215.299954637885
4190,OK,154.900,0.44,15517.599997110665
4191,OK,155.900,0.44,16236.600000411272
4192,OK,152.700,0.44,15196.79999910295
4193,OK,143.100,0.44,16071.799967903644
4194,OK,154.800,0.44,15564.600005745888
4195,OK,156.800,0.44,15654.799994081259
4196,OK,155.600,0.44,15697.200025897473
4197,OK,141.200,0.44,15652.899979613721
4198,OK,77.600,0.44,15828.299976419657
4199,OK,73.900,0.44,15838.999999687076
4200,OK,54.600,0.44,15871.500014327466
4201,OK,48.900,0.44,15745.499986223876
4202,OK,52.700,0.44,15985.00000545755
4203,OK,44.600,0.44,15918.499964755028
4204,OK,54.800,0.44,15883.299987763166
4205,OK,65.500,0.44,15917.900018393993
4206,OK,47.600,0.44,15917.699958663434
4207,OK,58.000,0.44,15868.899994529784
4208,OK,64.100,0.44,15945.199993439019
4209,OK,86.800,0.44,15893.000003416091
4210,OK,55.900,0.44,15924.800012726337
4211,OK,45.500,0.44,15838.099992834032
4212,OK,79.700,0.44,15931.300004012883
4213,OK,93.600,0.44,15831.199998501688
4214,OK,68.400,0.44,15978.200011886656
4215,OK,85.600,0.44,15933.500020764768
4216,OK,67.600,0.44,15801.100002136081
4217,OK,48.900,0.44,15933.20001848042
4218,OK,46.900,0.44,15883.399988524616
4219,OK,67.700,0.44,15911.400027107447
4220,OK,58.800,0.44,15913.99998869747
4221,OK,49.700,0.44,15935.200033709407
4222,OK,56.700,0.44,15853.09999063611
4223,OK,52.200,0.44,15958.29997677356
4224,OK,60.200,0.44,15892.199997324497
4225,OK,73.900,0.44,15904.799976851791
4226,OK,73.900,0.44,15931.80000782013
4227,OK,58.600,0.44,15857.999969739467
4228,OK,46.200,0.44,15944.699989631772
4229,OK,50.100,0.44,15832.000004593283
4230,OK,49.700,0.44,15950.89997863397
4231,OK,58.900,0.44,15913.099981844425
4232,OK,60.100,0.44,15863.60001238063
4233,OK,46.700,0.44,15910.400019492954
4234,OK,38.900,0.44,15928.000037092716
4235,OK,49.500,0.44,15946.100000292063
4236,OK,43.100,0.44,15942.799975164235
4237,OK,60.700,0.44,15914.999996311963
4238,OK,46.000,0.44,15914.10004766658
4239,OK,55.100,0.44,15887.20001745969
4240,OK,49.600,0.44,15942.499972879887
4241,OK,59.400,0.44,15905.799984466285
4242,OK,54.100,0.44,15954.400005284697
4243,OK,54.100,0.44,15914.699994027615
4244,OK,60.800,0.44,15880.700026173145
4245,OK,50.400,0.44,15964.899968821555
4246,OK,63.400,0.44,15884.19999461621
4247,OK,63.000,0.44,15886.100009083748
4248,OK,60.700,0.44,15896.800032351166
4249,OK,60.500,0.44,15928.80004318431
4250,OK,70.800,0.44,15873.299969825894
4251,OK,74.200,0.44,15843.899978790432
4252,OK,71.600,0.44,15890.799986664206
4253,OK,76.700,0.44,15927.20003100112
4254,OK,58.900,0.44,15897.299977950752
4255,OK,70.400,0.44,15929.399989545345
4256,OK,60.100,0.44,15845.79999325797
4257,OK,61.300,0.44,15882.700041402131
4258,OK,52.300,0.44,15912.999981082976
4259,OK,67.500,0.44,15923.700004350394
4260,OK,76.700,0.44,15861.299994867295
4261,OK,57.300,0.44,15956.600022036582
4262,OK,57.700,0.44,15889.899979811162
4263,OK,78.200,0.44,15813.400037586689
4264,OK,84.100,0.44,15943.59998125583
4265,OK,74.900,0.44,15883.099986240268
4266,OK,70.300,0.44,15816.09999993816
4267,OK,52.600,0.44,15947.90001399815
4268,OK,78.300,0.44,15899.499994702637
4269,OK,90.800,0.44,15804.19996753335
4270,OK,66.100,0.44,15898.400044534355
4271,OK,70.700,0.44,15946.50000333786
4272,OK,69.900,0.44,15901.100006885827
4273,OK,58.700,0.44,15905.899985227734
4274,OK,59.900,0.44,15836.89998369664
4275,OK,74.900,0.44,15892.099996563047
4276,OK,55.800,0.44,15875.699988100678
4277,OK,50.700,0.44,15898.000041488558
4278,OK,54.700,0.44,15988.500032108277
4279,OK,101.900,0.44,15865.599969401956
4280,OK,69.200,0.44,15854.60000205785
4281,OK,70.000,0.44,15907.699998933822
4282,OK,66.000,0.44,15951.899986248463
4283,OK,52.100,0.44,15831.199998501688
4284,OK,48.800,0.44,15978.199953678995
4285,OK,55.200,0.44,15852.999989874661
4286,OK,56.500,0.44,15968.299994710833
4287,OK,58.100,0.44,15863.000007811934
4288,OK,58.300,0.44,15884.29999537766
4289,OK,50.100,0.44,15994.700021110475
4290,OK,57.000,0.44,15930.29999639839
4291,OK,75.600,0.44,15875.700046308339
4292,OK,79.600,0.44,15851.90003970638
4293,OK,79.400,0.44,15826.50002092123
4294,OK,94.400,0.44,15891.69999351725
4295,OK,57.300,0.44,15907.099994365126
4296,OK,79.000,0.44,15897.60003844276
4297,OK,63.800,0.44,15878.499951213598
4298,OK,50.600,0.44,15940.70001738146
4299,OK,60.500,0.44,15913.400042336434
4300,OK,64.200,0.44,15886.000008322299
4301,OK,76.800,0.44,15767.000033520162
4302,OK,71.800,0.44,15834.099962376058
4303,OK,59.000,0.44,15982.899989467114
4304,OK,144.500,0.44,15749.4000159204
4305,OK,54.600,0.44,15885.70000603795
4306,OK,76.400,0.44,15846.199996303767
4307,OK,48.400,0.44,15944.699989631772
4308,OK,49.600,0.44,15905.999985989183
4309,OK,60.600,0.44,15923.500002827495
4310,OK,64.900,0.44,15870.399947743863
4311,OK,46.600,0.44,15935.99998159334
4312,OK,45.900,0.44,15918.40002220124
4313,OK,45.700,0.44,15816.900006029755
4314,OK,49.200,0.44,15984.800003934652
4315,OK,54.700,0.44,15904.299973044544
4316,OK,47.100,0.44,15924.40000968054
4317,OK,49.200,0.44,15891.299990471452
4318,OK,47.100,0.44,15958.300034981221
4319,OK,78.400,0.44,15895.100019406527
4320,OK,49.900,0.44,15921.899990644306
4321,OK,57.700,0.44,15928.79998497665
4322,OK,56.600,0.44,15917.900018393993
4323,OK,51.800,0.44,15937.799995299429
4324,OK,55.400,0.44,15896.10002702102
4325,OK,56.400,0.44,15877.800004091114
4326,OK,55.000,0.44,15946.200001053512
4327,OK,63.300,0.44,15884.099993854761
4328,OK,68.000,0.44,15918.30002143979
4329,OK,59.600,0.44,15792.599995620549
4330,OK,75.800,0.44,15986.000013072044
4331,OK,69.100,0.44,15947.300009429455
4332,OK,84.900,0.44,15840.200008824468
4333,OK,77.600,0.44,15870.800008997321
4334,OK,96.100,0.44,15853.799995966256
4335,OK,58.700,0.44,15965.90003464371
4336,OK,148.100,0.44,15808.099997229874
4337,OK,60.700,0.44,15767.699980642647
4338,OK,50.200,0.44,15935.100032947958
4339,OK,57.200,0.44,15907.90000045672
4340,OK,58.100,0.44,15895.000018645078
4341,OK,58.200,0.44,15912.29997575283
4342,OK,60.000,0.44,15878.200007136911
4343,OK,52.100,0.44,15920.400037430227
4344,OK,53.400,0.44,15898.99999089539
4345,OK,119.200,0.44,15831.199998501688
4346,OK,66.300,0.44,15837.199985980988
4347,OK,85.500,0.44,15901.100006885827
4348,OK,68.300,0.44,15904.699976090342
4349,OK,72.300,0.44,15919.999976176769
4350,OK,87.900,0.44,15807.599993422627
4351,OK,59.000,0.44,15928.299981169403
4352,OK,62.700,0.44,15837.999992072582
4353,OK,75.600,0.44,16027.600038796663
4354,OK,148.100,0.44,15729.700040537864
4355,OK,62.000,0.44,15823.49999807775
4356,OK,53.500,0.44,15889.799979049712
4357,OK,57.100,0.44,15974.399982951581
4358,OK,58.400,0.44,15893.30000570044
4359,OK,63.000,0.44,15914.399991743267
4360,OK,75.800,0.44,15878.100006375462
4361,OK,75.400,0.44,15805.000031832606
4362,OK,92.000,0.44,15859.799983445555
4363,OK,89.400,0.44,15851.500036660582
4364,OK,94.000,0.44,15881.000028457493
4365,OK,66.700,0.44,15913.500043097883
4366,OK,66.600,0.44,15850.899973884225
4367,OK,84.500,0.44,15855.400008149445
4368,OK,82.200,0.44,15870.600007474422
4369,OK,80.500,0.44,15876.299992669374
4370,OK,88.800,0.44,15836.199978366494
4371,OK,82.900,0.44,15898.699988611042
4372,OK,67.200,0.44,15878.900012467057
4373,OK,83.200,0.44,15858.000027947128
4374,OK,77.900,0.44,15885.500004515052
4375,OK,87.500,0.44,15859.600040130317
4376,OK,75.200,0.44,15942.199970595539
4377,OK,135.000,0.44,15766.099968459457
4378,OK,102.400,0.44,15856.600017286837
4379,OK,88.100,0.44,15836.79998293519
4380,OK,90.100,0.44,15859.299979638308
4381,OK,80.600,0.44,15870.600007474422
4382,OK,88.600,0.44,15849.899966269732
4383,OK,81.900,0.44,15865.500026848167
4384,OK,70.000,0.44,15960.499993525445
4385,OK,92.200,0.44,15798.599983099848
4386,OK,90.300,0.44,15850.500029046088
4387,OK,60.200,0.44,15949.800028465688
4388,OK,121.300,0.44,15736.400033347309
4389,OK,57.500,0.44,15947.000007145107
4390,OK,97.300,0.44,15830.699994694442
4391,OK,91.500,0.44,15939.800010528415
4392,OK,157.400,0.44,15690.499974880368
4393,OK,90.600,0.44,15843.200031667948
4394,OK,68.100,0.44,15900.60000307858
4395,OK,62.100,0.44,15929.799992591143
4396,OK,57.400,0.44,15943.999984301627
4397,OK,54.600,0.44,15916.600008495152
4398,OK,68.900,0.44,15922.099992167205
4399,OK,62.200,0.44,15809.800010174513
4400,OK,59.100,0.44,15903.5999677144
4401,OK,67.300,0.44,15778.800006955862
4402,OK,52.200,0.44,15928.299981169403
4403,OK,45.400,0.44,15940.400015097111
4404,OK,46.800,0.44,15906.49998979643
4405,OK,58.100,0.44,15901.300008408725
4406,OK,64.800,0.44,15974.69998523593
4407,OK,97.600,0.44,15799.499989952892
4408,OK,60.600,0.44,15919.099969323725
4409,OK,78.400,0.44,15865.999972447753
4410,OK,60.500,0.44,15854.800003580749
4411,OK,54.000,0.44,15915.999945718795
4412,OK,47.200,0.44,15934.6999716945
4413,OK,57.000,0.44,15906.699991319329
4414,OK,46.700,0.44,15906.999993603677
4415,OK,46.700,0.44,15978.200011886656
4416,OK,64.900,0.44,15925.600018817931
4417,OK,53.000,0.44,16141.900036018342
4418,OK,57.400,0.44,15921.699989121407
4419,OK,68.600,0.44,15605.100023094565
4420,OK,64.800,0.44,15882.399980910122
4421,OK,60.900,0.44,16166.099987458438
4422,OK,78.400,0.44,15918.100019916892
4423,OK,104.300,0.44,15726.800018455833
4424,OK,102.800,0.44,16079.999972134829
4425,OK,166.700,0.44,15472.900005988777
4426,OK,126.300,0.44,15763.000003062189
4427,OK,156.600,0.44,15853.30005036667
4428,OK,128.600,0.44,16126.700036693364
4429,OK,137.000,0.44,15660.199976991862
4430,OK,131.300,0.44,15423.400036524981
4431,OK,182.800,0.44,15803.900023456663
4432,OK,128.000,0.44,15672.40001168102
4433,OK,126.700,0.44,15974.80004420504
4434,OK,125.600,0.44,15631.699992809445
4435,OK,88.800,0.44,15713.099972344935
4436,OK,54.300,0.44,15889.499976765364
4437,OK,44.800,0.44,16019.400034565479
4438,OK,62.200,0.44,15974.099980667233
4439,OK,45.400,0.44,15935.399977024645
4440,OK,58.000,0.44,15973.600035067648
4441,OK,62.700,0.44,16154.599958099425
4442,OK,80.900,0.44,15942.2000288032
4443,OK,99.100,0.44,15699.699986726046
4444,OK,98.600,0.44,16005.999990738928
4445,OK,118.800,0.44,15528.70002342388
4446,OK,133.300,0.44,15825.10001026094
4447,OK,131.200,0.44,15971.899963915348
4448,OK,128.100,0.44,15584.200038574636
4449,OK,154.400,0.44,15984.300000127405
4450,OK,132.000,0.44,15750.200022011995
4451,OK,154.300,0.44,15568.399976473302
4452,OK,116.300,0.44,15656.199946533889
4453,OK,73.100,0.44,15838.699997402728
4454,OK,50.100,0.44,15876.299992669374
4455,OK,45.400,0.44,16201.499965973198
4456,OK,88.000,0.44,15808.70000179857
4457,OK,64.100,0.44,15812.300029210746
4458,OK,74.800,0.44,15868.399990722537
4459,OK,94.300,0.44,15980.800031684339
4460,OK,102.900,0.44,16223.200014792383
4461,OK,120.700,0.44,15612.400020472705
4462,OK,130.000,0.44,15610.500006005168
4463,OK,127.800,0.44,15752.39998055622
4464,OK,174.900,0.44,15672.900015488267
4465,OK,127.500,0.44,15707.299986388534
4466,OK,55.900,0.44,15880.700026173145
4467,OK,43.700,0.44,15976.700000464916
4468,OK,60.700,0.44,15893.700008746237
4469,OK,45.000,0.44,15937.900054268539
4470,OK,43.500,0.44,15866.000030655414
4471,OK,57.800,0.44,15915.700001642108
4472,OK,97.300,0.44,15904.000028967857
4473,OK,79.400,0.44,15761.30004832521
4474,OK,68.700,0.44,15942.199970595539
4475,OK,59.200,0.44,15896.599972620606
4476,OK,53.400,0.44,15929.599991068244
4477,OK,47.300,0.44,15853.000048082322
4478,OK,45.800,0.44,16035.799984820187
4479,OK,44.700,0.44,15886.799956206232
4480,OK,44.500,0.44,15936.999989207834
4481,OK,48.100,0.44,15879.69996035099
4482,OK,52.900,0.44,15979.400021024048
4483,OK,69.900,0.44,15869.800001382828
4484,OK,46.400,0.44,15942.999976687133
4485,OK,77.300,0.44,15817.70001212135
4486,OK,48.700,0.44,15940.60001662001
4487,OK,60.300,0.44,15956.90002432093
4488,OK,74.600,0.44,15811.69996643439
4489,OK,56.400,0.44,15859.999984968454
4490,OK,48.900,0.44,15929.099987260997
4491,OK,39.500,0.44,15947.90001399815
4492,OK,43.100,0.44,16005.299985408783
4493,OK,50.400,0.44,15907.199995126575
4494,OK,100.600,0.44,15874.599979724735
4495,OK,60.100,0.44,15891.69999351725
4496,OK,53.500,0.44,15846.499998588115
4497,OK,46.200,0.44,15949.000022374094
4498,OK,56.600,0.44,15898.399986326694
4499,OK,54.900,0.44,15910.299960523844
4500,OK,63.900,0.44,15924.399951472878
4501,OK,63.600,0.44,15782.899979967624
4502,OK,56.600,0.44,15962.000004947186
4503,OK,52.500,0.44,15860.199986491352
4504,OK,55.500,0.44,15893.20000493899
4505,OK,49.700,0.44,15933.20001848042
4506,OK,62.600,0.44,15978.600014932454
4507,OK,142.100,0.44,15707.800048403442
4508,OK,61.200,0.44,15855.500008910894
4509,OK,60.200,0.44,15951.899986248463
4510,OK,39.000,0.44,15927.799977362156
4511,OK,42.800,0.44,15930.499997921288
4512,OK,64.200,0.44,15901.300008408725
4513,OK,56.300,0.44,15859.899984207004
4514,OK,67.100,0.44,15947.000007145107
4515,OK,59.000,0.44,15907.799999695271
4516,OK,59.400,0.44,15865.699970163405
4517,OK,44.800,0.44,15900.099999271333
4518,OK,53.500,0.44,15941.000019665807
4519,OK,58.500,0.44,15892.399998847395
4520,OK,53.100,0.44,15833.399957045913
4521,OK,53.700,0.44,15957.900031935424
4522,OK,51.800,0.44,15950.99997939542
4523,OK,59.100,0.44,15901.800012215972
4524,OK,48.800,0.44,15862.200001720339
4525,OK,52.300,0.44,15935.699979308993
4526,OK,45.300,0.44,15933.500020764768
4527,OK,51.000,0.44,15950.99997939542
4528,OK,61.600,0.44,15900.899947155267
4529,OK,45.700,0.44,15929.599991068244
4530,OK,42.400,0.44,15920.899983029813
4531,OK,47.400,0.44,15886.900015175343
4532,OK,50.100,0.44,15932.400012388825
4533,OK,53.400,0.44,15890.29998285696
4534,OK,53.200,0.44,15919.100027531385
4535,OK,53.500,0.44,15900.70000384003
4536,OK,58.000,0.44,15905.300038866699
4537,OK,57.200,0.44,15890.19998209551
4538,OK,79.000,0.44,15875.899989623576
4539,OK,90.300,0.44,15827.79997261241
4540,OK,64.700,0.44,15938.500000629574
4541,OK,77.500,0.44,15845.79999325797
4542,OK,81.800,0.44,15875.599987339228
4543,OK,53.100,0.44,15971.200016792864
4544,OK,55.100,0.44,15862.600004766136
4545,OK,63.900,0.44,15909.900015685707
4546,OK,52.200,0.44,15879.099955782294
4547,OK,54.200,0.44,15985.100006219
4548,OK,54.000,0.44,15851.000032853335
4549,OK,51.400,0.44,15904.199972283095
4550,OK,51.100,0.44,15906.199987512082
4551,OK,59.500,0.44,15878.799953497946
4552,OK,54.800,0.44,15929.500048514456
4553,OK,67.700,0.44,15934.70002990216
4554,OK,101.900,0.44,15820.200031157583
4555,OK,56.900,0.44,15912.699978798628
4556,OK,57.600,0.44,15840.900014154613
4557,OK,88.400,0.44,15869.49999909848
4558,OK,74.600,0.44,15858.499973546714
4559,OK,51.000,0.44,15922.500053420663
4560,OK,50.200,0.44,15937.399992253631
4561,OK,78.300,0.44,15827.499970328063
4562,OK,52.700,0.44,15995.699970517308
4563,OK,54.200,0.44,15916.000003926456
4564,OK,59.300,0.44,15943.099977448583
4565,OK,74.600,0.44,15839.80000577867
4566,OK,76.100,0.44,15819.800028111786
4567,OK,55.900,0.44,15902.900020591915
4568,OK,64.400,0.44,15940.60001662001
4569,OK,45.900,0.44,15910.199959762394
4570,OK,46.100,0.44,15931.000001728535
4571,OK,48.900,0.44,15871.10001128167
4572,OK,72.600,0.44,15930.599998682737
4573,OK,49.500,0.44,15912.100032437593
4574,OK,59.500,0.44,15950.399974826723
4575,OK,56.800,0.44,15814.600046724081
4576,OK,55.300,0.44,15965.69997491315
4577,OK,57.300,0.44,15901.700011454523
4578,OK,68.900,0.44,15927.800035569817
4579,OK,50.600,0.44,15880.200022365898
4580,OK,77.200,0.44,15933.900023810565
4581,OK,62.100,0.44,15927.599975839257
4582,OK,63.700,0.44,15887.399960774928
4583,OK,51.600,0.44,15836.999984458089
4584,OK,63.300,0.44,15982.599987182766
4585,OK,61.900,0.44,15880.799968726933
4586,OK,52.800,0.44,15925.299958325922
4587,OK,59.400,0.44,15860.000043176115
4588,OK,53.100,0.44,15902.400016784668
4589,OK,65.700,0.44,15947.300009429455
4590,OK,78.200,0.44,15867.399983108044
4591,OK,55.100,0.44,16143.799992278218
4592,OK,59.200,0.44,15674.500027671456
4593,OK,55.400,0.44,15910.700021777302
4594,OK,59.300,0.44,15929.599991068244
4595,OK,145.600,0.44,15671.400004066527
4596,OK,60.800,0.44,15955.200011376292
4597,OK,57.900,0.44,15847.800008486956
4598,OK,54.700,0.44,16032.700019422919
4599,OK,43.500,0.44,15862.300002481788
4600,OK,43.500,0.44,15872.099960688502
4601,OK,53.700,0.44,16232.900030445307
4602,OK,393.800,0.44,14907.90001116693
4603,OK,63.500,0.44,15857.60002490133
4604,OK,59.000,0.44,15912.699978798628
4605,OK,54.500,0.44,15906.49998979643
4606,OK,70.100,0.44,15872.100018896163
4607,OK,61.000,0.44,15936.899988446385
4608,OK,67.200,0.44,15892.299998085946
4609,OK,67.000,0.44,15694.100002292544
4610,OK,69.100,0.44,15879.600017797202
4611,OK,64.800,0.44,15886.500012129545
4612,OK,109.500,0.44,15748.800011351705
4613,OK,95.300,0.44,15941.000019665807
4614,OK,66.700,0.44,15857.000020332634
4615,OK,66.300,0.44,15857.699967455119
4616,OK,64.100,0.44,15914.599993266165
4617,OK,63.700,0.44,15972.099965438247
4618,OK,166.000,0.44,15747.299999929965
4619,OK,59.300,0.44,15827.200026251376
4620,OK,79.600,0.44,15860.200044699013
4621,OK,76.500,0.44,15891.69999351725
4622,OK,84.000,0.44,15870.400005951524
4623,OK,94.000,0.44,15835.799975320697
4624,OK,99.400,0.44,15865.10002380237
4625,OK,89.500,0.44,15809.099946636707
4626,OK,94.000,0.44,15890.19998209551
4627,OK,85.800,0.44,15854.400000534952
4628,OK,82.200,0.44,15870.400005951524
4629,OK,88.100,0.44,15844.000037759542
4630,OK,87.700,0.44,15853.899996727705
4631,OK,85.000,0.44,15862.10000095889
4632,OK,84.400,0.44,15901.100006885827
4633,OK,65.000,0.44,15868.600050453097
4634,OK,80.600,0.44,15848.000010009855
4635,OK,104.300,0.44,15852.299984544516
4636,OK,97.900,0.44,15819.299966096878
4637,OK,99.100,0.44,15871.300012804568
4638,OK,98.200,0.44,15885.500004515052
4639,OK,136.200,0.44,15782.599977683276
4640,OK,67.400,0.44,15886.699955444783
4641,OK,83.600,0.44,15842.80002862215
4642,OK,62.400,0.44,15918.200020678341
4643,OK,96.500,0.44,15830.399992410094
4644,OK,84.800,0.44,15839.300001971424
4645,OK,85.900,0.44,15908.800007309765
4646,OK,158.600,0.44,15757.00001558289
4647,OK,91.600,0.44,15745.699987746775
4648,OK,60.800,0.44,15897.70003920421
4649,OK,48.900,0.44,15926.899970509112
4650,OK,90.400,0.44,15935.399977024645
4651,OK,91.200,0.44,15874.399978201836
4652,OK,55.400,0.44,15956.099960021675
4653,OK,77.800,0.44,15893.499949015677
4654,OK,62.500,0.44,15892.299998085946
4655,OK,57.700,0.44,15848.900016862899
4656,OK,55.500,0.44,15979.800024069846
4657,OK,59.400,0.44,15880.799968726933
4658,OK,54.800,0.44,15857.500024139881
4659,OK,138.800,0.44,15773.899969644845
4660,OK,64.400,0.44,15920.099976938218
4661,OK,64.400,0.44,15874.600037932396
4662,OK,60.100,0.44,15879.600017797202
4663,OK,59.400,0.44,15929.499990306795
4664,OK,93.000,0.44,15923.999948427081
4665,OK,131.200,0.44,15685.79999729991
4666,OK,60.700,0.44,15909.000008832663
4667,OK,50.500,0.44,15971.599961631
4668,OK,63.100,0.44,15904.89997761324
4669,OK,55.000,0.44,15866.799978539348
4670,OK,70.400,0.44,15894.400014076382
4671,OK,45.600,0.44,16062.700015027076
4672,OK,118.300,0.44,15616.499993484467
4673,OK,52.600,0.44,15938.800002913922
4674,OK,44.800,0.44,16169.300011824816
4675,OK,47.600,0.44,15686.099999584258
4676,OK,57.700,0.44,16196.200042031705
4677,OK,64.600,0.44,15705.199970398098
4678,OK,73.100,0.44,15853.399992920458
4679,OK,57.100,0.44,15921.699989121407
4680,OK,61.900,0.44,16208.69996258989
4681,OK,78.900,0.44,15495.700004976243
4682,OK,164.000,0.44,15981.299977283925
4683,OK,121.400,0.44,15656.1000039801
4684,OK,132.000,0.44,16333.700041286647
4685,OK,126.900,0.44,21646.10003819689
4686,OK,149.100,0.44,9270.39998350665
4687,OK,82.600,0.44,16389.39999975264
4688,OK,73.300,0.44,15430.90003542602
4689,OK,74.200,0.44,16135.899990331382
4690,OK,79.000,0.44,15726.200013887137
4691,OK,91.200,0.44,16169.200011063367
4692,OK,92.300,0.44,15839.500003494322
4693,OK,90.300,0.44,15681.800025049597
4694,OK,114.900,0.44,15632.599999662489
4695,OK,132.300,0.44,15960.899996571243
4696,OK,128.300,0.44,15690.299973357469
4697,OK,87.600,0.44,15898.200043011457
4698,OK,87.500,0.44,15793.400001712143
4699,OK,78.600,0.44,15911.600028630346
4700,OK,75.400,0.44,16198.099998291582
4701,OK,103.200,0.44,15306.699962820858
4702,OK,118.500,0.44,15778.700006194413
4703,OK,54.800,0.44,16063.999966718256
4704,OK,107.200,0.44,16045.099997427315
4705,OK,66.600,0.44,15852.999989874661
4706,OK,66.400,0.44,15653.799986466765
4707,OK,71.500,0.44,16277.100017759949
4708,OK,114.500,0.44,15544.400026556104
4709,OK,103.200,0.44,15994.500019587576
4710,OK,142.900,0.44,16034.399974159896
4711,OK,130.600,0.44,15916.500007733703
4712,OK,140.300,0.44,15365.900006145239
4713,OK,139.300,0.44,15741.300012450665
4714,OK,143.200,0.44,15625.400003045797
4715,OK,86.800,0.44,15824.000001884997
4716,OK,58.400,0.44,15867.599984630942
4717,OK,47.800,0.44,16065.799980424345
4718,OK,60.700,0.44,15912.899980321527
4719,OK,73.300,0.44,16072.999977041036
4720,OK,59.900,0.44,15897.399978712201
4721,OK,70.700,0.44,16059.999994467944
4722,OK,64.400,0.44,15461.200033314526
4723,OK,81.000,0.44,16144.099994562566
4724,OK,72.600,0.44,15965.400030836463
4725,OK,71.300,0.44,15489.000012166798
4726,OK,134.000,0.44,15920.700039714575
4727,OK,88.200,0.44,15741.600014735013
4728,OK,61.500,0.44,16004.50003752485
4729,OK,54.300,0.44,15948.400017805398
4730,OK,62.400,0.44,15764.100011438131
4731,OK,70.200,0.44,15997.799986507744
4732,OK,138.500,0.44,15762.499999254942
4733,OK,136.600,0.44,15663.60000288114
4734,OK,116.500,0.44,15741.100010927767
4735,OK,35.900,0.44,16001.30001315847
4736,OK,98.400,0.44,15896.000026259571
4737,OK,56.900,0.44,15865.699970163405
4738,OK,62.200,0.44,15870.79995078966
4739,OK,45.000,0.44,15919.499972369522
4740,OK,50.300,0.44,15966.499981004745
4741,OK,48.800,0.44,15838.199993595481
4742,OK,66.200,0.44,15963.900019414723
4743,OK,57.600,0.44,15890.09998133406
4744,OK,69.500,0.44,15874.499978963286
4745,OK,42.400,0.44,15926.899970509112
4746,OK,44.600,0.44,15960.499993525445
4747,OK,62.100,0.44,15871.00001052022
4748,OK,59.400,0.44,15969.200001563877
4749,OK,51.400,0.44,15895.199961960316
4750,OK,58.900,0.44,15933.900023810565
4751,OK,74.200,0.44,15828.299976419657
4752,OK,45.700,0.44,15945.499995723367
4753,OK,69.900,0.44,15832.300006877631
4754,OK,59.000,0.44,15899.699996225536
4755,OK,49.900,0.44,15904.700034298003
4756,OK,48.400,0.44,15937.799995299429
4757,OK,56.800,0.44,15878.700010944158
4758,OK,76.500,0.44,15902.500017546117
4759,OK,50.500,0.44,15924.700011964887
4760,OK,62.300,0.44,15976.299997419119
4761,OK,47.100,0.44,15891.899995040148
4762,OK,58.600,0.44,15878.800011705607
4763,OK,48.800,0.44,15982.09998337552
4764,OK,57.000,0.44,15877.300000283867
4765,OK,56.900,0.44,15885.200002230704
4766,OK,55.000,0.44,15959.7999881953
4767,OK,55.100,0.44,15904.499974567443
4768,OK,50.400,0.44,15869.700000621378
4769,OK,51.400,0.44,15948.499960359186
4770,OK,52.800,0.44,15914.699994027615
4771,OK,55.600,0.44,15903.799969237298
4772,OK,54.800,0.44,15905.299980659038
4773,OK,52.700,0.44,15947.400010190904
4774,OK,52.900,0.44,15931.200003251433
4775,OK,49.900,0.44,15837.399987503886
4776,OK,70.800,0.44,15915.099997073412
4777,OK,49.600,0.44,15943.099977448583
4778,OK,44.300,0.44,15862.300002481788
4779,OK,40.600,0.44,15950.99997939542
4780,OK,49.100,0.44,15924.100007396191
4781,OK,67.700,0.44,15945.199993439019
4782,OK,64.700,0.44,15887.800022028387
4783,OK,92.300,0.44,15848.400013055652
4784,OK,76.600,0.44,15912.200033199042
4785,OK,72.800,0.44,15840.000007301569
4786,OK,84.300,0.44,15880.699967965484
4787,OK,59.400,0.44,15917.299955617636
4788,OK,52.500,0.44,15872.900024987757
4789,OK,91.300,0.44,15871.500014327466
4790,OK,70.200,0.44,15865.300025325269
4791,OK,51.400,0.44,15965.500031597912
4792,OK,51.300,0.44,15899.799996986985
4793,OK,54.700,0.44,15913.79998717457
4794,OK,58.800,0.44,15947.000007145107
4795,OK,61.600,0.44,15854.7000028193
4796,OK,63.600,0.44,15868.899994529784
4797,OK,52.000,0.44,16004.30003600195
4798,OK,63.800,0.44,15848.400013055652
4799,OK,56.800,0.44,15913.399984128773
4800,OK,70.500,0.44,15915.900003165007
4801,OK,107.200,0.44,15638.899989426136
4802,OK,70.900,0.44,15867.599984630942
4803,OK,44.800,0.44,15929.299988783896
4804,OK,47.000,0.44,16003.400029148906
4805,OK,75.900,0.44,15814.799990039319
4806,OK,49.700,0.44,15877.199999522418
4807,OK,49.600,0.44,15944.699989631772
4808,OK,63.800,0.44,15893.500007223338
4809,OK,57.900,0.44,15872.39996297285
4810,OK,53.100,0.44,15944.900049362332
4811,OK,59.000,0.44,15877.400001045316
4812,OK,57.400,0.44,15994.400018826127
4813,OK,55.500,0.44,15846.099995542318
4814,OK,68.900,0.44,15865.00002304092
4815,OK,54.100,0.44,15926.600026432425
4816,OK,85.500,0.44,15857.900027185678
4817,OK,66.400,0.44,15944.299986585975
4818,OK,50.500,0.44,15884.699998423457
4819,OK,58.800,0.44,15860.699990298599
4820,OK,85.800,0.44,15898.399986326694
4821,OK,62.900,0.44,15883.299987763166
4822,OK,56.500,0.44,15932.000009343028
4823,OK,64.100,0.44,15863.29995188862
4824,OK,52.100,0.44,15936.700045131147
4825,OK,61.200,0.44,15881.399973295629
4826,OK,50.800,0.44,15933.30001924187
4827,OK,73.100,0.44,15935.899980831891
4828,OK,143.400,0.44,15675.099974032491
4829,OK,70.100,0.44,15889.400034211576
4830,OK,52.900,0.44,15878.40000865981
4831,OK,70.800,0.44,15907.199995126575
4832,OK,101.600,0.44,15859.30003784597
4833,OK,61.800,0.44,15883.599990047514
4834,OK,55.900,0.44,15900.200000032783
4835,OK,48.300,0.44,15914.699994027615
4836,OK,43.900,0.44,15975.499991327524
4837,OK,46.000,0.44,15924.700011964887
4838,OK,44.600,0.44,15928.099979646504
4839,OK,43.500,0.44,15862.400003243238
4840,OK,48.400,0.44,15970.500011462718
4841,OK,51.800,0.44,15910.79996433109
4842,OK,66.600,0.44,15901.800012215972
4843,OK,66.700,0.44,15875.099983531982
4844,OK,62.400,0.44,15934.299968648702
4845,OK,49.800,0.44,15910.800022538751
4846,OK,49.300,0.44,15925.400017295033
4847,OK,51.300,0.44,15909.300011117011
4848,OK,47.800,0.44,15909.100009594113
4849,OK,45.700,0.44,15917.900018393993
4850,OK,40.200,0.44,15949.000022374094
4851,OK,50.000,0.44,15906.999993603677
4852,OK,51.200,0.44,15943.999984301627
4853,OK,54.300,0.44,15904.199972283095
4854,OK,47.600,0.44,15923.099999781698
4855,OK,46.600,0.44,15923.900005873293
4856,OK,70.600,0.44,15922.79999749735
4857,OK,54.400,0.44,15918.800025247037
4858,OK,55.900,0.44,15874.599979724735
4859,OK,53.200,0.44,15913.000039290637
4860,OK,45.000,0.44,15961.40000037849
4861,OK,112.600,0.44,15829.099982511252
4862,OK,50.500,0.44,15861.899999435991
4863,OK,47.100,0.44,15944.200044032186
4864,OK,69.500,0.44,15876.399993430823
4865,OK,51.100,0.44,15927.40003252402
4866,OK,56.800,0.44,15851.899981498718
4867,OK,41.500,0.44,15999.099996406585
4868,OK,147.300,0.44,15789.899975061417
4869,OK,110.100,0.44,15753.400046378374
4870,OK,50.300,0.44,15965.100028552115
4871,OK,57.700,0.44,15970.900014508516
4872,OK,49.700,0.44,15886.800014413893
4873,OK,65.200,0.44,15862.500004004687
4874,OK,47.300,0.44,15908.900008071214
4875,OK,38.800,0.44,15994.900022633374
4876,OK,161.300,0.44,15698.399976827204
4877,OK,59.400,0.44,15897.999983280897
4878,OK,50.300,0.44,15936.699986923486
4879,OK,55.300,0.44,15896.600030828267
4880,OK,54.400,0.44,15936.699986923486
4881,OK,92.000,0.44,15835.900034289807
4882,OK,59.100,0.44,15886.300010606647
4883,OK,66.900,0.44,15910.300018731505
4884,OK,76.800,0.44,15892.399998847395
4885,OK,81.300,0.44,15813.09997709468
4886,OK,82.200,0.44,15909.900015685707
4887,OK,88.400,0.44,15848.600014578551
4888,OK,117.600,0.44,15896.899974904954
4889,OK,97.400,0.44,15797.799977008253
4890,OK,88.200,0.44,15861.499996390194
4891,OK,90.800,0.44,15859.699982684106
4892,OK,105.300,0.44,15816.799947060645
4893,OK,90.600,0.44,15985.800011549145
4894,OK,136.000,0.44,15622.699982486665
4895,OK,96.100,0.44,15848.80001610145
4896,OK,105.900,0.44,15842.600027099252
4897,OK,104.100,0.44,15872.40002118051
4898,OK,91.100,0.44,15811.199962627143
4899,OK,105.500,0.44,15858.300030231476
4900,OK,96.100,0.44,15818.100015167147
4901,OK,89.000,0.44,15742.399962618947
4902,OK,82.400,0.44,15892.399998847395
4903,OK,172.300,0.44,15660.899982322007
4904,OK,98.700,0.44,15807.599993422627
4905,OK,93.900,0.44,15843.099972698838
4906,OK,78.900,0.44,15915.900003165007
4907,OK,66.900,0.44,15803.799964487553
4908,OK,60.100,0.44,15940.999961458147
4909,OK,101.700,0.44,15844.799985643476
4910,OK,109.900,0.44,15917.599957901984
4911,OK,138.100,0.44,15798.900043591857
4912,OK,75.000,0.44,15819.300024304539
4913,OK,74.000,0.44,15882.399980910122
4914,OK,78.100,0.44,15878.700010944158
4915,OK,67.800,0.44,15878.100006375462
4916,OK,61.800,0.44,15891.80005248636
4917,OK,73.100,0.44,15897.299977950752
4918,OK,63.800,0.44,15924.20000815764
4919,OK,55.000,0.44,15879.8000193201
4920,OK,83.100,0.44,15924.500010441989
4921,OK,63.800,0.44,15884.799999184906
4922,OK,82.900,0.44,15894.200012553483
4923,OK,67.000,0.44,15893.400006461889
4924,OK,55.300,0.44,15914.199990220368
4925,OK,145.100,0.44,15766.200027428567
4926,OK,54.600,0.44,15881.699975579977
4927,OK,62.200,0.44,15914.200048428029
4928,OK,44.200,0.44,15870.400005951524
4929,OK,52.100,0.44,16082.79999345541
4930,OK,173.500,0.44,15633.90000956133
4931,OK,65.700,0.44,15890.999988187104
4932,OK,76.600,0.44,15804.700029548258
4933,OK,79.700,0.44,15886.200009845197
4934,OK,58.900,0.44,15917.900018393993
4935,OK,105.000,0.44,15870.300005190074
4936,OK,68.900,0.44,15879.90002008155
4937,OK,42.200,0.44,15950.599976349622
4938,OK,75.700,0.44,15854.60000205785
4939,OK,45.600,0.44,15890.30004106462
4940,OK,43.700,0.44,16142.09997933358
4941,OK,53.800,0.44,15778.800006955862
4942,OK,54.700,0.44,15836.79998293519
4943,OK,55.000,0.44,16307.300014887005
4944,OK,63.200,0.44,15745.299984700978
4945,OK,79.000,0.44,15957.500028889626
4946,OK,104.100,0.44,15866.800036747009
4947,OK,103.200,0.44,15960.499993525445
4948,OK,114.400,0.44,15511.800011154264
4949,OK,110.600,0.44,16267.800005152822
4950,OK,127.800,0.44,15791.499987244606
4951,OK,117.500,0.44,15389.800013508648
4952,OK,118.000,0.44,15666.899969801307
4953,OK,62.000,0.44,15941.500023473054
4954,OK,42.100,0.44,15888.200025074184
4955,OK,61.900,0.44,15913.699986413121
4956,OK,74.500,0.44,15838.099992834032
4957,OK,101.500,0.44,15915.700001642108
4958,OK,74.800,0.44,15658.700023777783
4959,OK,54.600,0.44,15884.19999461621
4960,OK,47.000,0.44,15866.70003598556
4961,OK,48.500,0.44,16111.999982967973
4962,OK,57.100,0.44,15985.700010787696
4963,OK,67.300,0.44,15814.59998851642
4964,OK,87.300,0.44,15808.70000179857
4965,OK,92.000,0.44,15853.799995966256
4966,OK,120.600,0.44,15734.699962195009
4967,OK,125.800,0.44,15749.300015158951
4968,OK,51.100,0.44,15841.40001796186
4969,OK,53.700,0.44,15980.299969669431
4970,OK,63.700,0.44,15913.600043859333
4971,OK,49.700,0.44,15909.200010355562
4972,OK,42.600,0.44,15894.400014076382
4973,OK,51.400,0.44,15992.19994386658
4974,OK,56.000,0.44,15917.799959424883
4975,OK,53.800,0.44,15846.299997065216
4976,OK,50.900,0.44,15956.90002432093
4977,OK,90.800,0.44,15817.400009837002
4978,OK,51.700,0.44,15894.70001636073
4979,OK,40.200,0.44,15945.899998769164
4980,OK,60.500,0.44,15921.899990644306
4981,OK,54.400,0.44,15971.299959346652
4982,OK,71.400,0.44,15836.000035051256
4983,OK,59.500,0.44,15935.599978547543
4984,OK,49.500,0.44,15911.400027107447
4985,OK,54.000,0.44,15926.200023386627
4986,OK,59.500,0.44,15891.5999927558
4987,OK,51.300,0.44,15934.59997093305
4988,OK,50.700,0.44,15886.000008322299
4989,OK,58.700,0.44,15933.10001771897
4990,OK,48.900,0.44,15935.199975501746
4991,OK,68.300,0.44,15907.499997410923
4992,OK,62.100,0.44,15891.899995040148
4993,OK,52.700,0.44,15915.199997834861
4994,OK,56.500,0.44,15897.500037681311
4995,OK,54.400,0.44,15928.79998497665
4996,OK,58.500,0.44,15912.599978037179
4997,OK,60.300,0.44,15876.89999723807
4998,OK,51.700,0.44,15882.500039879233
4999,OK,41.100,0.44,15905.199979897588
5000,OK,37.800,0.44,15992.800006642938
5001,OK,77.100,0.44,15690.40003232658
5002,OK,55.500,0.44,16222.900012508035
5003,OK,61.400,0.44,15651.200024876744
5004,OK,77.800,0.44,15924.699953757226
5005,OK,58.400,0.44,15871.599956881255
5006,OK,59.700,0.44,15882.300038356334
5007,OK,44.800,0.44,15871.400013566017
5008,OK,43.200,0.44,15968.79999851808
5009,OK,53.900,0.44,15892.600000370294
5010,OK,72.900,0.44,15867.99998767674
5011,OK,71.800,0.44,15846.00005298853
5012,OK,51.600,0.44,15961.19999885559
5013,OK,54.900,0.44,15884.39999613911
5014,OK,53.600,0.44,15870.200004428625
5015,OK,54.100,0.44,16017.300018575042
5016,OK,58.900,0.44,15890.30004106462
5017,OK,57.900,0.44,15828.199975658208
5018,OK,72.500,0.44,15978.400013409555
5019,OK,89.700,0.44,15872.000018134713
5020,OK,57.700,0.44,15911.800030153245
5021,OK,63.800,0.44,15897.299977950752
5022,OK,56.900,0.44,15881.899977102876
5023,OK,51.500,0.44,15873.399970587343
5024,OK,54.000,0.44,15900.200000032783
5025,OK,51.300,0.44,15906.59999055788
5026,OK,52.100,0.44,15910.400019492954
5027,OK,43.400,0.44,15924.800012726337
5028,OK,45.200,0.44,16007.30000063777
5029,OK,56.500,0.44,15924.900013487786
5030,OK,71.900,0.44,15834.700025152415
5031,OK,62.300,0.44,15941.699966788292
5032,OK,71.100,0.44,15867.799986153841
5033,OK,54.400,0.44,15924.900013487786
5034,OK,66.300,0.44,15901.000006124377
5035,OK,54.800,0.44,15919.000026769936
5036,OK,56.000,0.44,15881.800034549087
5037,OK,62.000,0.44,15940.100012812763
5038,OK,59.400,0.44,15879.000013228506
5039,OK,63.900,0.44,15859.699982684106
5040,OK,60.200,0.44,15869.700000621378
5041,OK,49.700,0.44,15922.599995974451
5042,OK,71.500,0.44,15852.399985305965
5043,OK,50.000,0.44,16031.900013331324
5044,OK,54.100,0.44,15896.399971097708
5045,OK,88.300,0.44,15858.899976592511
5046,OK,75.500,0.44,15841.499960515648
5047,OK,68.000,0.44,15931.70000705868
5048,OK,55.200,0.44,15847.400005441159
5049,OK,62.100,0.44,15951.699984725565
5050,OK,55.100,0.44,15898.899990133941
5051,OK,53.800,0.44,15917.900018393993
5052,OK,51.900,0.44,15861.899999435991
5053,OK,54.200,0.44,15947.600011713803
5054,OK,60.100,0.44,15938.500000629574
5055,OK,57.900,0.44,15914.099989458919
5056,OK,72.700,0.44,15867.99998767674
5057,OK,60.200,0.44,15883.699990808964
5058,OK,63.000,0.44,15895.000018645078
5059,OK,68.900,0.44,15922.599995974451
5060,OK,58.900,0.44,15986.200014594942
5061,OK,56.900,0.44,15864.600019995123
5062,OK,59.800,0.44,15901.200007647276
5063,OK,61.800,0.44,15910.300018731505
5064,OK,60.600,0.44,15888.90003040433
5065,OK,55.100,0.44,15885.300002992153
5066,OK,61.400,0.44,15902.499959338456
5067,OK,53.500,0.44,15897.999983280897
5068,OK,60.800,0.44,15897.899982519448
5069,OK,58.200,0.44,15894.400014076382
5070,OK,105.900,0.44,15883.100044447929
5071,OK,62.000,0.44,15872.2999622114
5072,OK,59.800,0.44,15806.499985046685
5073,OK,44.600,0.44,15966.099977958947
5074,OK,43.800,0.44,15887.999965343624
5075,OK,48.900,0.44,15917.700016871095
5076,OK,44.200,0.44,15975.800051819533
5077,OK,45.100,0.44,15940.70001738146
5078,OK,47.000,0.44,15962.100005708635
5079,OK,54.000,0.44,15875.29998505488
5080,OK,56.200,0.44,15920.00003438443
5081,OK,46.100,0.44,15868.299989961088
5082,OK,47.600,0.44,16004.200035240501
5083,OK,53.400,0.44,15882.099978625774
5084,OK,70.000,0.44,15878.000005614012
5085,OK,61.100,0.44,15948.0000147596
5086,OK,62.800,0.44,15897.899982519448
5087,OK,57.100,0.44,15928.6999842152
5088,OK,58.300,0.44,15877.199999522418
5089,OK,49.800,0.44,15922.499995213002
5090,OK,53.300,0.44,15887.000015936792
5091,OK,57.500,0.44,15955.40001289919
5092,OK,46.900,0.44,15924.19994994998
5093,OK,57.600,0.44,15907.199995126575
5094,OK,51.800,0.44,15930.800000205636
5095,OK,61.000,0.44,15895.299962721765
5096,OK,57.800,0.44,15916.9000107795
5097,OK,56.900,0.44,15915.900003165007
5098,OK,74.400,0.44,15832.800010684878
5099,OK,58.800,0.44,15964.499965775758
5100,OK,61.500,0.44,15867.299982346594
5101,OK,59.300,0.44,15728.499973192811
5102,OK,98.200,0.44,15929.199988022447
5103,OK,176.800,0.44,15651.799971237779
5104,OK,69.800,0.44,15957.099967636168
5105,OK,66.800,0.44,15872.300020419061
5106,OK,58.100,0.44,15912.199974991381
5107,OK,56.100,0.44,15877.099998760968
5108,OK,63.200,0.44,15943.799982778728
5109,OK,65.900,0.44,15855.300007387996
5110,OK,66.600,0.44,15874.099975917488
5111,OK,51.800,0.44,15973.499976098537
5112,OK,102.900,0.44,15771.400008816272
5113,OK,85.800,0.44,15939.300006721169
5114,OK,72.800,0.44,15882.79998395592
5115,OK,64.100,0.44,15913.200040813535
5116,OK,55.600,0.44,15901.499951723963
5117,OK,46.500,0.44,15963.900019414723
5118,OK,58.600,0.44,15879.200014751405
5119,OK,51.100,0.44,15908.400004263967
5120,OK,49.200,0.44,15945.399994961917
5121,OK,70.300,0.44,15698.699979111552
5122,OK,82.500,0.44,15835.300029721111
5123,OK,58.000,0.44,15906.200045719743
5124,OK,69.900,0.44,15979.1000187397
5125,OK,72.900,0.44,15897.899982519448
5126,OK,70.800,0.44,15823.800000362098
5127,OK,58.300,0.44,15990.099986083806
5128,OK,61.100,0.44,15742.699964903295
5129,OK,88.500,0.44,15941.399964503944
5130,OK,60.000,0.44,15869.900002144277
5131,OK,79.400,0.44,15880.600025411695
5132,OK,55.900,0.44,15896.600030828267
5133,OK,79.300,0.44,15895.400021690875
5134,OK,81.200,0.44,15869.599999859929
5135,OK,77.800,0.44,15821.299981325865
5136,OK,84.700,0.44,15881.40003150329
5137,OK,64.300,0.44,15921.799989882857
5138,OK,64.200,0.44,15868.699993006885
5139,OK,82.300,0.44,15868.300048168749
5140,OK,86.100,0.44,15888.80002964288
5141,OK,78.000,0.44,15879.400016274303
5142,OK,97.800,0.44,15821.199980564415
5143,OK,95.900,0.44,15847.800008486956
5144,OK,97.900,0.44,15901.900012977421
5145,OK,89.000,0.44,15839.400002732873
5146,OK,86.100,0.44,15880.900027696043
5147,OK,63.200,0.44,15881.999977864325
5148,OK,82.200,0.44,15878.40000865981
5149,OK,81.200,0.44,15889.199974481016
5150,OK,82.700,0.44,15852.799988351762
5151,OK,64.800,0.44,15870.800008997321
5152,OK,47.000,0.44,15938.89994546771
5153,OK,93.500,0.44,15865.400026086718
5154,OK,104.900,0.44,15821.799985133111
5155,OK,102.400,0.44,15866.999980062246
5156,OK,71.600,0.44,15890.000038780272
5157,OK,74.400,0.44,15886.400011368096
5158,OK,50.300,0.44,15970.30000993982
5159,OK,53.300,0.44,15839.500003494322
5160,OK,54.300,0.44,15987.79996857047
5161,OK,77.500,0.44,15800.699999090284
5162,OK,75.900,0.44,15991.499996744096
5163,OK,58.500,0.44,15828.999981749803
5164,OK,55.500,0.44,15637.499978765845
5165,OK,71.000,0.44,15943.800040986389
5166,OK,58.600,0.44,15903.199964668602
5167,OK,59.100,0.44,15900.60000307858
5168,OK,55.100,0.44,15918.19996247068
5169,OK,116.000,0.44,15804.40002726391
5170,OK,78.200,0.44,15846.499998588115
5171,OK,73.700,0.44,15896.599972620606
5172,OK,56.500,0.44,15927.19997279346
5173,OK,59.200,0.44,15905.300038866699
5174,OK,58.100,0.44,15898.99999089539
5175,OK,64.300,0.44,15913.099981844425
5176,OK,60.300,0.44,15941.89996831119
5177,OK,162.200,0.44,15737.500041723251
5178,OK,55.400,0.44,15845.299989450723
5179,OK,46.700,0.44,15968.399995472282
5180,OK,66.100,0.44,16014.799999538809
5181,OK,57.700,0.44,15801.700006704777
5182,OK,49.800,0.44,15928.100037854165
5183,OK,74.400,0.44,15828.900039196014
5184,OK,78.500,0.44,15894.70001636073
5185,OK,73.600,0.44,15955.999959260225
5186,OK,61.200,0.44,15856.699959840626
5187,OK,56.500,0.44,15887.100016698241
5188,OK,55.700,0.44,15958.100033458322
5189,OK,56.700,0.44,15901.499951723963
5190,OK,46.900,0.44,16065.399977378547
5191,OK,97.900,0.44,15845.299989450723
5192,OK,79.400,0.44,15955.000009853393
5193,OK,91.600,0.44,15946.50000333786
5194,OK,111.100,0.44,15634.800016414374
5195,OK,107.700,0.44,15742.800023872405
5196,OK,84.500,0.44,15793.90000551939
5197,OK,73.300,0.44,15858.900034800172
5198,OK,64.100,0.44,16204.899991862476
5199,OK,56.100,0.44,15652.500034775585
5200,OK,45.400,0.44,15963.100013323128
5201,OK,71.000,0.44,15749.899961519986
5202,OK,57.800,0.44,15883.600048255175
5203,OK,49.800,0.44,16206.500004045665
5204,OK,49.000,0.44,16016.2000101991
5205,OK,55.800,0.44,15909.100009594113
5206,OK,66.900,0.44,15883.499989286065
5207,OK,73.000,0.44,15921.499987598509
5208,OK,82.900,0.44,15823.800000362098
5209,OK,83.100,0.44,16066.899988800287
5210,OK,102.200,0.44,15422.00002586469
5211,OK,93.500,0.44,16160.700004547834
5212,OK,121.700,0.44,15490.10002054274
5213,OK,121.200,0.44,15845.499990973622
5214,OK,113.300,0.44,15785.299998242408
5215,OK,115.200,0.44,15696.800022851676
5216,OK,56.000,0.44,15886.700013652444
5217,OK,73.900,0.44,15838.999999687076
5218,OK,41.300,0.44,15984.900004696101
5219,OK,67.100,0.44,15957.499970681965
5220,OK,47.400,0.44,15855.300007387996
5221,OK,47.500,0.44,15919.300029054284
5222,OK,45.700,0.44,15876.89999723807
5223,OK,57.800,0.44,15977.900009602308
5224,OK,74.500,0.44,15941.000019665807
5225,OK,55.400,0.44,15916.500007733703
5226,OK,57.400,0.44,15824.500005692244
5227,OK,50.100,0.44,15903.899969998747
5228,OK,72.800,0.44,15904.89997761324
5229,OK,45.300,0.44,15900.300000794232
5230,OK,46.200,0.44,15954.900009091944
5231,OK,70.500,0.44,15887.000015936792
5232,OK,47.500,0.44,15920.600038953125
5233,OK,62.400,0.44,15936.499985400587
5234,OK,60.600,0.44,15864.800021518022
5235,OK,52.900,0.44,15936.299983877689
5236,OK,57.700,0.44,15898.200043011457
5237,OK,45.100,0.44,15943.59998125583
5238,OK,68.600,0.44,15871.10001128167
5239,OK,62.700,0.44,15920.099976938218
5240,OK,53.800,0.44,15925.79996213317
5241,OK,54.100,0.44,15907.500055618584
5242,OK,58.900,0.44,15907.399996649474
5243,OK,50.100,0.44,15945.399994961917
5244,OK,60.100,0.44,15877.899946644902
5245,OK,62.100,0.44,15900.900005362928
5246,OK,50.400,0.44,15932.400012388825
5247,OK,56.800,0.44,15900.300000794232
5248,OK,54.100,0.44,15926.000021863729
5249,OK,57.700,0.44,15899.799996986985
5250,OK,51.400,0.44,15906.39998903498
5251,OK,62.200,0.44,15967.19998633489
5252,OK,57.300,0.44,15901.700011454523
5253,OK,59.000,0.44,15866.799978539348
5254,OK,61.200,0.44,15896.999975666404
5255,OK,56.800,0.44,15918.600023724139
5256,OK,49.400,0.44,15887.30001822114
5257,OK,52.700,0.44,15889.999980572611
5258,OK,47.900,0.44,15937.600051984191
5259,OK,43.300,0.44,15946.60000409931
5260,OK,55.700,0.44,15825.999958906323
5261,OK,71.600,0.44,15895.700023975223
5262,OK,51.000,0.44,15947.100007906556
5263,OK,44.600,0.44,15972.200024407357
5264,OK,77.500,0.44,15846.199996303767
5265,OK,69.400,0.44,15888.499969150871
5266,OK,66.400,0.44,15963.899961207062
5267,OK,48.900,0.44,15897.899982519448
5268,OK,48.400,0.44,15867.399983108044
5269,OK,51.200,0.44,15924.600011203438
5270,OK,58.300,0.44,15957.100025843829
5271,OK,63.000,0.44,15914.999996311963
5272,OK,91.100,0.44,15830.79999545589
5273,OK,53.800,0.44,15809.200005605817
5274,OK,51.800,0.44,16016.700014006346
5275,OK,51.200,0.44,15893.800009507686
5276,OK,53.400,0.44,15883.099986240268
5277,OK,45.100,0.44,15875.899989623576
5278,OK,43.600,0.44,16028.199985157698
5279,OK,50.500,0.44,15871.10001128167
5280,OK,54.100,0.44,15911.999973468482
5281,OK,56.800,0.44,15931.100002489984
5282,OK,41.000,0.44,15953.099995385855
5283,OK,49.500,0.44,15928.6999842152
5284,OK,50.600,0.44,15868.899994529784
5285,OK,47.600,0.44,15954.500006046146
5286,OK,48.400,0.44,15935.99998159334
5287,OK,51.200,0.44,15870.500006712973
5288,OK,58.400,0.44,15894.500014837831
5289,OK,58.100,0.44,15906.999993603677
5290,OK,78.100,0.44,15890.499984379858
5291,OK,61.400,0.44,15907.099994365126
5292,OK,55.400,0.44,15913.199982605875
5293,OK,67.500,0.44,15890.499984379858
5294,OK,69.400,0.44,15900.70000384003
5295,OK,51.500,0.44,15867.99998767674
5296,OK,54.800,0.44,15919.80003286153
5297,OK,50.200,0.44,15917.800017632544
5298,OK,54.700,0.44,15929.399989545345
5299,OK,52.600,0.44,15938.600001391023
5300,OK,55.200,0.44,15858.99997735396
5301,OK,63.200,0.44,15804.20002574101
5302,OK,55.400,0.44,15983.899997081608
5303,OK,66.400,0.44,15915.900003165007
5304,OK,67.200,0.44,15875.199984293431
5305,OK,104.400,0.44,15746.699995361269
5306,OK,104.700,0.44,15808.300056960434
5307,OK,47.500,0.44,15955.200011376292
5308,OK,58.600,0.44,15889.400034211576
5309,OK,62.800,0.44,15960.999997332692
5310,OK,60.100,0.44,15895.400021690875
5311,OK,73.600,0.44,15950.500033795834
5312,OK,64.800,0.44,15792.2999933362
5313,OK,59.500,0.44,15984.400000888854
5314,OK,124.500,0.44,15750.800026580691
5315,OK,59.800,0.44,15894.300013314933
5316,OK,77.300,0.44,15850.900032091886
5317,OK,45.600,0.44,15885.90000756085
5318,OK,48.400,0.44,15987.89996933192
5319,OK,89.700,0.44,15854.800003580749
5320,OK,48.300,0.44,15925.70001957938
5321,OK,62.200,0.44,15910.500020254403
5322,OK,48.000,0.44,15928.000037092716
5323,OK,48.600,0.44,15922.999999020249
5324,OK,55.200,0.44,15931.400004774332
5325,OK,50.100,0.44,15925.90002110228
5326,OK,50.400,0.44,15863.60001238063
5327,OK,52.400,0.44,15998.899994883686
5328,OK,50.500,0.44,15905.20003810525
5329,OK,53.600,0.44,15873.89997439459
5330,OK,53.100,0.44,15898.99999089539
5331,OK,41.800,0.44,15906.299988273531
5332,OK,29.300,0.44,15946.900006383657
5333,OK,39.400,0.44,15896.400029305369
5334,OK,35.200,0.44,15969.000000040978
5335,OK,44.600,0.44,15923.499944619834
5336,OK,50.300,0.44,15991.399995982647
5337,OK,47.900,0.44,15898.499987088144
5338,OK,44.100,0.44,15921.899990644306
5339,OK,39.600,0.44,15936.900046654046
5340,OK,65.600,0.44,15899.19999241829
5341,OK,46.800,0.44,15946.200001053512
5342,OK,198.900,0.44,15665.900020394474
5343,OK,87.900,0.44,15834.500023629516
5344,OK,91.100,0.44,15903.49996695295
5345,OK,49.800,0.44,15952.999994624406
5346,OK,63.400,0.44,15907.799999695271
5347,OK,74.600,0.44,15798.19998005405
5348,OK,46.800,0.44,16042.89998067543
5349,OK,114.800,0.44,15958.39997753501
5350,OK,84.800,0.44,15617.800003383309
5351,OK,64.300,0.44,15891.499991994351
5352,OK,69.100,0.44,15919.100027531385
5353,OK,94.200,0.44,15911.999973468482
5354,OK,65.000,0.44,15910.300018731505
5355,OK,66.500,0.44,15879.500017035753
5356,OK,54.700,0.44,15886.699955444783
5357,OK,56.500,0.44,15927.19997279346
5358,OK,61.800,0.44,15867.699985392392
5359,OK,53.600,0.44,15894.300013314933
5360,OK,85.400,0.44,15878.50000942126
5361,OK,51.300,0.44,15904.900035820901
5362,OK,59.500,0.44,15922.099992167205
5363,OK,51.300,0.44,15904.500032775104
5364,OK,60.200,0.44,15890.599985141307
5365,OK,59.100,0.44,15858.599974308163
5366,OK,70.000,0.44,15901.799954008311
5367,OK,75.900,0.44,15902.999963145703
5368,OK,68.700,0.44,15863.800013903528
5369,OK,66.600,0.44,15873.500029556453
5370,OK,80.900,0.44,15767.799981404096
5371,OK,84.500,0.44,15894.60001559928
5372,OK,86.800,0.44,15848.80001610145
5373,OK,82.100,0.44,15883.299987763166
5374,OK,98.500,0.44,15848.199953325093
5375,OK,82.400,0.44,15889.600035734475
5376,OK,89.200,0.44,15844.599984120578
5377,OK,106.200,0.44,15857.39996517077
5378,OK,85.700,0.44,15816.700004506856
5379,OK,94.300,0.44,15878.50000942126
5380,OK,92.500,0.44,15853.399992920458
5381,OK,91.300,0.44,15878.900012467057
5382,OK,95.600,0.44,15804.40002726391
5383,OK,87.400,0.44,15914.799994789064
5384,OK,86.800,0.44,15855.300007387996
5385,OK,64.000,0.44,15899.599995464087
5386,OK,84.000,0.44,15856.300015002489
5387,OK,91.000,0.44,15846.900001633912
5388,OK,94.600,0.44,15843.299974221736
5389,OK,85.400,0.44,15866.000030655414
5390,OK,97.400,0.44,15875.599987339228
5391,OK,104.900,0.44,15845.90005222708
5392,OK,91.300,0.44,15906.099986750633
5393,OK,208.600,0.44,15631.799993570894
5394,OK,65.100,0.44,15875.899989623576
5395,OK,57.600,0.44,15885.100001469254
5396,OK,43.600,0.44,15927.799977362156
5397,OK,42.900,0.44,15919.999976176769
5398,OK,39.600,0.44,15937.69999453798
5399,OK,48.600,0.44,15958.200034219772
5400,OK,41.500,0.44,15944.299986585975
5401,OK,53.300,0.44,15842.899971175939
5402,OK,50.300,0.44,15907.699998933822
5403,OK,50.900,0.44,15962.600009515882
5404,OK,162.900,0.44,15707.99999171868
5405,OK,54.200,0.44,15920.299978461117
5406,OK,61.900,0.44,15887.899964582175
5407,OK,85.200,0.44,15878.2999496907
5408,OK,59.200,0.44,15875.200042501092
5409,OK,59.200,0.44,15928.500040899962
5410,OK,55.900,0.44,15842.79997041449
5411,OK,54.800,0.44,15978.799958247691
5412,OK,60.300,0.44,15831.500000786036
5413,OK,51.400,0.44,15915.700001642108
5414,OK,49.500,0.44,15962.199948262423
5415,OK,67.400,0.44,15959.999989718199
5416,OK,116.200,0.44,15669.29998807609
5417,OK,49.900,0.44,15966.299979481846
5418,OK,65.900,0.44,15993.199951481074
5419,OK,142.100,0.44,15739.399997983128
5420,OK,61.200,0.44,15867.599984630942
5421,OK,79.200,0.44,15969.300002325326
5422,OK,101.600,0.44,15832.100005354732
5423,OK,89.800,0.44,15906.49998979643
5424,OK,91.600,0.44,15875.300043262541
5425,OK,88.800,0.44,15693.800000008196
5426,OK,91.900,0.44,15947.400010190904
5427,OK,79.100,0.44,15837.199985980988
5428,OK,51.800,0.44,16215.800016652793
5429,OK,51.300,0.44,15578.699996694922
5430,OK,59.900,0.44,16483.99996338412
5431,OK,102.300,0.44,15735.599969048053
5432,OK,111.500,0.44,15955.30001213774
5433,OK,120.200,0.44,15354.099974501878
5434,OK,118.200,0.44,16191.200003959239
5435,OK,122.200,0.44,15839.700005017221
5436,OK,129.900,0.44,15397.800016216934
5437,OK,125.200,0.44,15716.699999757111
5438,OK,159.100,0.44,15796.300023794174
5439,OK,114.700,0.44,15867.699985392392
5440,OK,176.400,0.44,15570.699993986636
5441,OK,48.700,0.44,15835.3999722749
5442,OK,61.800,0.44,15971.899963915348
5443,OK,61.800,0.44,15911.1000248231
5444,OK,43.600,0.44,15868.899994529784
5445,OK,61.900,0.44,15972.300025168806
5446,OK,52.500,0.44,15879.500017035753
5447,OK,51.500,0.44,15882.100036833435
5448,OK,51.700,0.44,15953.199996147305
5449,OK,60.100,0.44,15952.099987771362
5450,OK,51.700,0.44,15879.500017035753
5451,OK,52.400,0.44,15970.500011462718
5452,OK,52.400,0.44,15838.799998164177
5453,OK,58.300,0.44,15979.400021024048
5454,OK,60.700,0.44,15796.90002836287
5455,OK,56.200,0.44,15895.900025498122
5456,OK,42.100,0.44,15864.600019995123
5457,OK,46.400,0.44,16075.099993031472
5458,OK,59.300,0.44,15881.19997177273
5459,OK,49.800,0.44,15958.200034219772
5460,OK,63.700,0.44,15854.199999012053
5461,OK,58.800,0.44,15944.399987347424
5462,OK,61.200,0.44,15907.299995888025
5463,OK,57.500,0.44,15860.70004850626
5464,OK,56.100,0.44,15884.599997662008
5465,OK,58.000,0.44,15888.399968389422
5466,OK,40.500,0.44,15931.400004774332
5467,OK,45.800,0.44,15995.29996747151
5468,OK,46.700,0.44,15835.499973036349
5469,OK,50.300,0.44,16041.900031268597
5470,OK,55.900,0.44,15832.599950954318
5471,OK,65.900,0.44,15891.499991994351
5472,OK,63.000,0.44,15880.399965681136
5473,OK,66.100,0.44,15907.099994365126
5474,OK,40.900,0.44,15989.200037438422
5475,OK,44.300,0.44,15894.59995739162
5476,OK,46.300,0.44,15920.999983791262
5477,OK,46.700,0.44,15917.400014586747
5478,OK,51.400,0.44,15939.300006721169
5479,OK,51.100,0.44,15906.899992842227
5480,OK,52.100,0.44,15888.299967627972
5481,OK,75.600,0.44,15887.999965343624
5482,OK,74.700,0.44,15917.300013825297
5483,OK,58.000,0.44,15883.199987001717
5484,OK,54.900,0.44,15904.599975328892
5485,OK,48.600,0.44,15930.19999563694
5486,OK,63.700,0.44,15863.699954934418
5487,OK,69.500,0.44,15965.69997491315
5488,OK,60.400,0.44,15868.199989199638
5489,OK,52.200,0.44,15971.300017554313
5490,OK,65.700,0.44,15900.999947916716
5491,OK,55.900,0.44,15909.800014924258
5492,OK,67.400,0.44,15855.400008149445
5493,OK,64.800,0.44,15846.199996303767
5494,OK,71.500,0.44,15943.49998049438
5495,OK,78.700,0.44,15849.100018385798
5496,OK,68.500,0.44,15867.699985392392
5497,OK,47.800,0.44,15969.700005371124
5498,OK,53.600,0.44,15968.79999851808
5499,OK,60.100,0.44,15762.70000077784
5500,OK,67.700,0.44,15909.099951386452
5501,OK,52.200,0.44,15856.400015763938
5502,OK,48.100,0.44,15862.00000019744
5503,OK,59.200,0.44,15929.599991068244
5504,OK,48.600,0.44,15887.40001898259
5505,OK,55.200,0.44,15899.999998509884
5506,OK,64.000,0.44,15946.60000409931
5507,OK,51.600,0.44,15865.600027609617
5508,OK,58.400,0.44,15916.500007733703
5509,OK,58.500,0.44,15958.50003650412
5510,OK,59.100,0.44,15969.800006132573
5511,OK,225.800,0.44,15636.400028597564
5512,OK,69.000,0.44,15855.600009672344
5513,OK,69.600,0.44,15908.00000121817
5514,OK,69.200,0.44,15918.200020678341
5515,OK,59.500,0.44,15888.70002888143
5516,OK,80.100,0.44,15879.499958828092
5517,OK,59.500,0.44,15875.39998581633
5518,OK,68.100,0.44,15874.600037932396
5519,OK,70.300,0.44,15872.100018896163
5520,OK,55.200,0.44,15963.199955876917
5521,OK,53.600,0.44,15917.900018393993
5522,OK,59.000,0.44,15865.600027609617
5523,OK,50.700,0.44,15919.79997465387
5524,OK,51.800,0.44,15914.499992504716
5525,OK,64.400,0.44,15955.600014422089
5526,OK,65.200,0.44,15869.599999859929
5527,OK,72.800,0.44,15892.199997324497
5528,OK,61.800,0.44,15904.000028967857
5529,OK,63.800,0.44,15875.099983531982
5530,OK,59.700,0.44,15899.19999241829
5531,OK,52.400,0.44,15926.400024909526
5532,OK,56.400,0.44,15905.500040389597
5533,OK,58.900,0.44,15918.40002220124
5534,OK,63.400,0.44,15882.299980148673
5535,OK,58.800,0.44,15903.49996695295
5536,OK,51.000,0.44,15920.300036668777
5537,OK,54.600,0.44,15914.600051473826
5538,OK,62.200,0.44,15921.800048090518
5539,OK,144.500,0.44,15736.20003182441
5540,OK,60.600,0.44,15860.999992582947
5541,OK,82.500,0.44,15937.799995299429
5542,OK,64.500,0.44,15861.199994105846
5543,OK,55.300,0.44,15928.79998497665
5544,OK,67.000,0.44,15858.99997735396
5545,OK,58.400,0.44,15918.100019916892
5546,OK,57.800,0.44,15905.799984466285
5547,OK,78.600,0.44,15876.199991907924
5548,OK,55.800,0.44,15906.800050288439
5549,OK,56.300,0.44,15904.399973805994
5550,OK,53.900,0.44,15883.099986240268
5551,OK,54.600,0.44,15937.69999453798
5552,OK,71.000,0.44,15896.299970336258
5553,OK,74.400,0.44,15892.600000370294
5554,OK,58.000,0.44,15859.700040891767
5555,OK,67.700,0.44,15918.599965516478
5556,OK,55.000,0.44,15910.200017970055
5557,OK,54.000,0.44,15905.20003810525
5558,OK,57.000,0.44,15828.699979465455
5559,OK,48.000,0.44,16019.800037611276
5560,OK,66.900,0.44,15851.299976930022
5561,OK,58.500,0.44,15921.29998607561
5562,OK,60.500,0.44,15886.600012890995
5563,OK,48.300,0.44,15924.700011964887
5564,OK,55.800,0.44,15908.800007309765
5565,OK,46.600,0.44,15949.50002618134
5566,OK,50.300,0.44,15933.799964841455
5567,OK,70.700,0.44,15865.600027609617
5568,OK,57.200,0.44,15914.099989458919
5569,OK,61.700,0.44,15885.600005276501
5570,OK,53.400,0.44,15874.200034886599
5571,OK,60.600,0.44,15963.400015607476
5572,OK,57.100,0.44,15889.899979811162
5573,OK,53.100,0.44,15897.200035396963
5574,OK,49.300,0.44,15958.29997677356
5575,OK,112.700,0.44,15822.299988940358
5576,OK,49.000,0.44,15827.399969566613
5577,OK,40.000,0.44,15939.500008244067
5578,OK,46.100,0.44,15884.29999537766
5579,OK,43.700,0.44,16002.6999656111
5580,OK,67.500,0.44,15833.89996085316
5581,OK,41.100,0.44,15959.999989718199
5582,OK,86.400,0.44,15810.20001322031
5583,OK,61.000,0.44,15915.600000880659
5584,OK,41.000,0.44,15949.50002618134
5585,OK,46.900,0.44,15892.399998847395
5586,OK,39.900,0.44,15961.500001139939
5587,OK,43.100,0.44,15925.000014249235
5588,OK,44.800,0.44,15922.600054182112
5589,OK,43.900,0.44,15961.19999885559
5590,OK,115.900,0.44,15765.500022098422
5591,OK,55.700,0.44,15942.600031848997
5592,OK,60.600,0.44,15948.600019328296
5593,OK,61.500,0.44,15783.200040459633
5594,OK,65.000,0.44,15943.299978971481
5595,OK,85.000,0.44,15894.100011792034
5596,OK,61.500,0.44,15831.299999263138
5597,OK,87.900,0.44,15822.499990463257
5598,OK,81.400,0.44,15889.099973719567
5599,OK,85.100,0.44,15864.500019233674
5600,OK,84.600,0.44,15868.799993768334
5601,OK,135.800,0.44,15713.90003664419
5602,OK,94.800,0.44,15849.399962462485
5603,OK,83.100,0.44,15832.100005354732
5604,OK,87.300,0.44,15879.999962635338
5605,OK,79.800,0.44,15860.199986491352
5606,OK,87.200,0.44,15842.899971175939
5607,OK,65.500,0.44,15900.70000384003
5608,OK,76.700,0.44,15900.70000384003
5609,OK,89.500,0.44,15835.999976843596
5610,OK,79.000,0.44,15858.600032515824
5611,OK,80.100,0.44,15868.0000458844
5612,OK,78.200,0.44,15879.299957305193
5613,OK,79.500,0.44,15883.299987763166
5614,OK,79.400,0.44,15840.300009585917
5615,OK,63.000,0.44,15938.900003675371
5616,OK,58.000,0.44,15885.999950114638
5617,OK,72.800,0.44,15891.099988948554
5618,OK,69.500,0.44,16056.10002297908
5619,OK,88.200,0.44,15687.19994975254
5620,OK,86.900,0.44,15821.100038010627
5621,OK,47.400,0.44,15950.99997939542
5622,OK,37.300,0.44,15899.19999241829
5623,OK,34.300,0.44,15967.799990903586
5624,OK,49.300,0.44,15911.399968899786
5625,OK,56.300,0.44,15996.299975086004
5626,OK,48.800,0.44,15907.399996649474
5627,OK,46.500,0.44,15907.799999695271
5628,OK,42.900,0.44,16107.90000995621
5629,OK,322.500,0.44,15303.299995139241
5630,OK,50.100,0.44,15914.099989458919
5631,OK,45.200,0.44,15914.099989458919
5632,OK,40.900,0.44,15974.200039636344
5633,OK,46.900,0.44,15849.200019147247
5634,OK,55.500,0.44,15937.199990730733
5635,OK,103.900,0.44,15782.599977683276
5636,OK,61.300,0.44,15888.000023551285
5637,OK,53.700,0.44,15914.899995550513
5638,OK,52.900,0.44,15909.50001263991
5639,OK,50.500,0.44,15899.19999241829
5640,OK,65.300,0.44,15905.900043435395
5641,OK,54.900,0.44,15964.29996425286
5642,OK,58.200,0.44,15852.499986067414
5643,OK,53.100,0.44,15964.09996272996
5644,OK,154.000,0.44,15747.099998407066
5645,OK,70.100,0.44,15869.700000621378
5646,OK,62.400,0.44,15891.299990471452
5647,OK,55.600,0.44,15869.900002144277
5648,OK,39.500,0.44,16229.700006078929
5649,OK,128.800,0.44,15464.399999473244
5650,OK,50.900,0.44,15909.40001187846
5651,OK,57.200,0.44,15931.70000705868
5652,OK,60.500,0.44,15921.29998607561
5653,OK,47.600,0.44,16107.700008433312
5654,OK,49.700,0.44,16087.700030766428
5655,OK,75.600,0.44,15840.000007301569
5656,OK,74.800,0.44,16004.399978555739
5657,OK,71.700,0.44,15979.20001950115
5658,OK,83.600,0.44,15444.599965121597
5659,OK,92.900,0.44,15747.099998407066
5660,OK,106.200,0.44,15812.499972525984
5661,OK,54.300,0.44,15913.299983367324
5662,OK,52.800,0.44,16337.60001277551
5663,OK,65.100,0.44,15500.799985602498
5664,OK,52.900,0.44,16028.599988203496
5665,OK,53.400,0.44,16178.700025193393
5666,OK,64.300,0.44,15848.399954847991
5667,OK,55.300,0.44,15573.000011499971
5668,OK,53.800,0.44,16054.70001231879
5669,OK,128.300,0.44,15628.400025889277
5670,OK,49.100,0.44,15868.499991483986
5671,OK,55.200,0.44,15911.999973468482
5672,OK,51.800,0.44,15947.099949698895
5673,OK,48.800,0.44,15985.700010787696
5674,OK,61.000,0.44,15873.099968302995
5675,OK,49.000,0.44,15901.600010693073
5676,OK,48.300,0.44,15971.399960108101
5677,OK,52.100,0.44,15920.900041237473
5678,OK,53.500,0.44,15887.399960774928
5679,OK,51.300,0.44,15908.700006548315
5680,OK,55.900,0.44,15933.400020003319
5681,OK,58.800,0.44,15876.700053922832
5682,OK,55.100,0.44,15899.599995464087
5683,OK,57.600,0.44,15946.200001053512
5684,OK,62.400,0.44,15841.399959754199
5685,OK,56.200,0.44,15946.40000257641
5686,OK,52.600,0.44,15917.500015348196
5687,OK,53.000,0.44,15906.59999055788
5688,OK,53.700,0.44,15951.999987009913
5689,OK,61.800,0.44,15872.899966780096
5690,OK,48.100,0.44,15947.100007906556
5691,OK,53.800,0.44,15912.000031676143
5692,OK,59.400,0.44,15888.499969150871
5693,OK,59.200,0.44,15920.00003438443
5694,OK,59.600,0.44,15882.600040640682
5695,OK,50.100,0.44,15898.899990133941
5696,OK,62.600,0.44,15943.100035656244
5697,OK,55.200,0.44,15904.500032775104
5698,OK,46.900,0.44,15932.800015434623
5699,OK,62.300,0.44,15858.299972023815
5700,OK,56.300,0.44,15846.700000111014
5701,OK,48.600,0.44,15842.899971175939
5702,OK,50.100,0.44,15935.700037516654
5703,OK,44.800,0.44,15921.899990644306
5704,OK,46.400,0.44,15922.6999967359
5705,OK,59.700,0.44,15910.9000233002
5706,OK,68.400,0.44,15924.20000815764
5707,OK,50.200,0.44,15910.9000233002
5708,OK,48.800,0.44,15915.099997073412
5709,OK,48.000,0.44,15952.49999081716
5710,OK,49.600,0.44,15896.499971859157
5711,OK,55.300,0.44,15963.700017891824
5712,OK,94.600,0.44,15783.100039698184
5713,OK,60.100,0.44,15960.499993525445
5714,OK,76.000,0.44,15761.100046802312
5715,OK,58.100,0.44,15999.199997168034
5716,OK,60.600,0.44,15862.500004004687
5717,OK,55.900,0.44,15887.000015936792
5718,OK,49.200,0.44,15880.799968726933
5719,OK,71.300,0.44,15888.100024312735
5720,OK,64.000,0.44,15885.200002230704
5721,OK,57.300,0.44,15911.700029391795
5722,OK,49.300,0.44,15929.399989545345
5723,OK,52.300,0.44,15939.499950036407
5724,OK,55.800,0.44,15878.100006375462
5725,OK,58.200,0.44,15985.300007741898
5726,OK,62.500,0.44,15834.900026675314
5727,OK,93.700,0.44,15873.099968302995
5728,OK,57.500,0.44,15886.599954683334
5729,OK,54.100,0.44,15960.099990479648
5730,OK,65.800,0.44,15846.800000872463
5731,OK,49.000,0.44,15913.200040813535
5732,OK,54.700,0.44,15917.099954094738
5733,OK,61.900,0.44,15941.299963742495
5734,OK,50.000,0.44,15875.29998505488
5735,OK,55.100,0.44,16015.000001061708
5736,OK,62.000,0.44,15902.399958577007
5737,OK,61.300,0.44,15887.900022789836
5738,OK,70.700,0.44,15881.30003074184
5739,OK,49.700,0.44,15957.999974489212
5740,OK,78.400,0.44,15857.500024139881
5741,OK,55.400,0.44,15885.100001469254
5742,OK,47.100,0.44,15901.500009931624
5743,OK,44.100,0.44,15909.50001263991
5744,OK,48.800,0.44,15935.599978547543
5745,OK,58.400,0.44,15931.60000629723
5746,OK,68.800,0.44,15872.000018134713
5747,OK,51.100,0.44,15838.300052564591
5748,OK,72.200,0.44,15937.999996822327
5749,OK,78.100,0.44,15896.500030066818
5750,OK,57.000,0.44,15925.100015010685
5751,OK,61.600,0.44,15873.099968302995
5752,OK,53.300,0.44,15906.100044958293
5753,OK,78.700,0.44,15884.30005358532
5754,OK,55.200,0.44,15901.400009170175
5755,OK,53.300,0.44,15907.399996649474
5756,OK,56.500,0.44,15863.50001161918
5757,OK,74.500,0.44,15930.800000205636
5758,OK,70.100,0.44,15968.199993949383
5759,OK,62.700,0.44,15888.100024312735
5760,OK,76.300,0.44,15832.000004593283
5761,OK,56.100,0.44,15904.300031252205
5762,OK,63.800,0.44,15920.399979222566
5763,OK,62.400,0.44,15844.40004080534
5764,OK,77.300,0.44,15913.499984890223
5765,OK,77.100,0.44,15879.700018558651
5766,OK,103.200,0.44,15850.699972361326
5767,OK,88.700,0.44,15821.699984371662
5768,OK,60.200,0.44,15881.000028457493
5769,OK,69.700,0.44,15840.000007301569
5770,OK,81.400,0.44,15883.100044447929
5771,OK,65.400,0.44,15954.600006807595
5772,OK,169.100,0.44,15729.399980045855
5773,OK,87.400,0.44,15790.99998343736
5774,OK,84.700,0.44,15896.899974904954
5775,OK,65.300,0.44,15880.999970249832
5776,OK,84.800,0.44,15852.899989113212
5777,OK,69.100,0.44,15884.599997662008
5778,OK,63.600,0.44,15874.200034886599
5779,OK,72.100,0.44,15889.000031165779
5780,OK,66.200,0.44,15951.699984725565
5781,OK,61.700,0.44,15905.399981420487
5782,OK,83.600,0.44,15781.000023707747
5783,OK,90.600,0.44,15890.499984379858
5784,OK,98.000,0.44,15848.299954086542
5785,OK,77.100,0.44,15805.400034878403
5786,OK,70.000,0.44,15892.399998847395
5787,OK,98.700,0.44,15968.299994710833
5788,OK,80.900,0.44,15803.700021933764
5789,OK,101.600,0.44,15868.899994529784
5790,OK,69.900,0.44,15883.899992331862
5791,OK,123.300,0.44,15753.099985886365
5792,OK,95.900,0.44,15867.199981585145
5793,OK,69.700,0.44,15883.399988524616
5794,OK,65.100,0.44,15855.800011195242
5795,OK,61.600,0.44,15919.80003286153
5796,OK,81.600,0.44,15882.299980148673
5797,OK,101.000,0.44,15837.699989788234
5798,OK,69.800,0.44,15932.900016196072
5799,OK,71.100,0.44,15829.799987841398
5800,OK,77.900,0.44,15889.599977526814
5801,OK,79.500,0.44,15757.600020151585
5802,OK,83.100,0.44,15825.300011783838
5803,OK,64.800,0.44,15954.400005284697
5804,OK,63.700,0.44,15860.200044699013
5805,OK,67.800,0.44,15891.099988948554
5806,OK,81.600,0.44,15900.60000307858
5807,OK,65.800,0.44,15880.500024650246
5808,OK,80.400,0.44,15858.199971262366
5809,OK,80.100,0.44,15940.099954605103
5810,OK,93.200,0.44,15724.700002465397
5811,OK,89.200,0.44,15898.000041488558
5812,OK,75.400,0.44,15834.500023629516
5813,OK,108.800,0.44,15896.20002778247
5814,OK,92.600,0.44,15830.399992410094
5815,OK,66.700,0.44,15897.70003920421
5816,OK,82.700,0.44,15890.500042587519
5817,OK,126.700,0.44,15763.400006107986
5818,OK,68.400,0.44,15916.600008495152
5819,OK,87.000,0.44,15911.799971945584
5820,OK,83.000,0.44,15753.299987409264
5821,OK,69.000,0.44,15911.700029391795
5822,OK,70.100,0.44,15860.799991060048
5823,OK,55.900,0.44,15932.699956465513
5824,OK,84.900,0.44,15859.499981161207
5825,OK,56.000,0.44,15924.800012726337
5826,OK,113.800,0.44,15848.80001610145
5827,OK,121.100,0.44,15821.600041817874
5828,OK,134.600,0.44,15730.30004510656
5829,OK,86.500,0.44,15864.200016949326
5830,OK,92.800,0.44,15886.000008322299
5831,OK,71.600,0.44,15836.800041142851
5832,OK,81.200,0.44,15892.900002654642
5833,OK,89.600,0.44,15852.999989874661
5834,OK,89.600,0.44,15895.900025498122
5835,OK,94.000,0.44,15845.400048419833
5836,OK,95.800,0.44,15823.699999600649
5837,OK,92.100,0.44,15920.300036668777
5838,OK,73.200,0.44,15855.200006626546
5839,OK,145.500,0.44,15722.599986474961
5840,OK,91.200,0.44,15870.800008997321
5841,OK,68.400,0.44,15911.500027868897
5842,OK,90.100,0.44,15773.900027852505
5843,OK,91.200,0.44,15892.100054770708
5844,OK,71.600,0.44,15826.899965759367
5845,OK,84.800,0.44,15963.000012561679
5846,OK,91.600,0.44,15845.199988689274
5847,OK,67.700,0.44,15848.899958655238
5848,OK,86.700,0.44,15846.199996303767
5849,OK,94.600,0.44,15813.799982424825
5850,OK,97.600,0.44,15840.700012631714
5851,OK,196.400,0.44,15746.59999459982
5852,OK,143.500,0.44,15819.600026588887
5853,OK,117.800,0.44,15798.799984622747
5854,OK,106.800,0.44,15958.000032696873
5855,OK,90.500,0.44,15763.700008392334
5856,OK,90.700,0.44,15840.100008063018
5857,OK,96.200,0.44,15816.700004506856
5858,OK,75.700,0.44,15876.699995715171
5859,OK,95.900,0.44,15880.800026934594
5860,OK,95.200,0.44,15842.100023292005
5861,OK,93.900,0.44,15849.600022193044
5862,OK,91.400,0.44,15835.700032766908
5863,OK,92.600,0.44,15842.69996965304
5864,OK,100.700,0.44,15879.599959589541
5865,OK,91.200,0.44,15853.999997489154
5866,OK,109.100,0.44,15823.099995031953
5867,OK,103.100,0.44,15854.099998250604
5868,OK,104.000,0.44,15841.30001720041
5869,OK,100.900,0.44,15844.50004156679
5870,OK,85.200,0.44,15855.700010433793
5871,OK,86.300,0.44,15851.600037422031
5872,OK,92.600,0.44,15853.799995966256
5873,OK,90.000,0.44,15860.999992582947
5874,OK,95.500,0.44,15855.500008910894
5875,OK,91.000,0.44,15819.800028111786
5876,OK,92.400,0.44,15844.999987166375
5877,OK,87.300,0.44,15854.500001296401
5878,OK,98.400,0.44,15844.599984120578
5879,OK,91.200,0.44,15924.500010441989
5880,OK,133.400,0.44,15727.499965578318
5881,OK,105.900,0.44,15816.900006029755
5882,OK,105.500,0.44,15839.400002732873
5883,OK,92.900,0.44,15797.199972439557
5884,OK,79.200,0.44,15921.899990644306
5885,OK,110.600,0.44,15838.699997402728
5886,OK,70.000,0.44,15908.400004263967
5887,OK,82.300,0.44,15921.800048090518
5888,OK,69.800,0.44,15806.900046300143
5889,OK,89.100,0.44,15922.79999749735
5890,OK,71.300,0.44,15865.299967117608
5891,OK,88.200,0.44,15833.100012969226
5892,OK,77.600,0.44,15892.700001131743
5893,OK,96.200,0.44,15842.499968130141
5894,OK,103.500,0.44,15890.999988187104
5895,OK,138.300,0.44,15788.00001880154
5896,OK,108.500,0.44,15808.399999514222
5897,OK,83.300,0.44,15866.400033701211
5898,OK,68.100,0.44,15880.800026934594
5899,OK,124.800,0.44,15830.599993932992
5900,OK,177.400,0.44,15748.700010590255
5901,OK,92.900,0.44,15684.799989685416
5902,OK,93.300,0.44,15795.40001694113
5903,OK,64.100,0.44,16003.300028387457
5904,OK,177.900,0.44,15657.000010833144
5905,OK,93.100,0.44,15861.199994105846
5906,OK,62.900,0.44,15835.100028198212
5907,OK,51.800,0.44,15957.899973727763
5908,OK,49.100,0.44,15990.599989891052
5909,OK,50.900,0.44,15815.499995369464
5910,OK,66.700,0.44,15890.399983618408
5911,OK,75.000,0.44,15906.099986750633
5912,OK,72.100,0.44,15929.000044707209
5913,OK,60.500,0.44,15854.500001296401
5914,OK,71.400,0.44,15962.099947500974
5915,OK,80.600,0.44,15822.699991986156
5916,OK,80.300,0.44,15906.099986750633
5917,OK,61.600,0.44,15897.199977189302
5918,OK,64.100,0.44,15889.299975242466
5919,OK,59.500,0.44,16127.2999830544
5920,OK,51.800,0.44,16009.700018912554
5921,OK,56.200,0.44,15548.700001090765
5922,OK,52.900,0.44,16242.999990936369
5923,OK,66.500,0.44,16052.399994805455
5924,OK,55.200,0.44,15459.20001808554
5925,OK,68.500,0.44,15915.800002403557
5926,OK,67.300,0.44,16153.69995124638
5927,OK,86.700,0.44,15820.799977518618
5928,OK,87.400,0.44,15730.999992229044
5929,OK,107.400,0.44,16077.900014352053
5930,OK,117.200,0.44,16033.400024753064
5931,OK,106.800,0.44,15728.100028354675
5932,OK,132.700,0.44,15959.999989718199
5933,OK,131.300,0.44,15330.10002458468
5934,OK,130.100,0.44,15798.900043591857
5935,OK,108.600,0.44,16100.60001257807
5936,OK,75.500,0.44,15997.300040908158
5937,OK,184.600,0.44,15745.600045192987
5938,OK,129.800,0.44,15809.899952728301
5939,OK,166.500,0.44,15250.800002831966
5940,OK,116.100,0.44,15867.100039031357
5941,OK,123.600,0.44,15648.69994763285
5942,OK,72.500,0.44,16101.9999650307
5943,OK,130.900,0.44,15616.499993484467
5944,OK,62.000,0.44,15801.600005943328
5945,OK,69.400,0.44,15936.999989207834
5946,OK,42.700,0.44,15915.50000011921
5947,OK,65.400,0.44,15883.099986240268
5948,OK,45.200,0.44,15918.999968562275
5949,OK,46.400,0.44,15908.800007309765
5950,OK,60.300,0.44,16003.400029148906
5951,OK,48.900,0.44,15925.000014249235
5952,OK,51.200,0.44,15879.400016274303
5953,OK,59.300,0.44,15901.300008408725
5954,OK,72.200,0.44,15909.800014924258
5955,OK,52.600,0.44,15920.999983791262
5956,OK,60.600,0.44,15903.3999661915
5957,OK,60.200,0.44,15883.399988524616
5958,OK,59.100,0.44,15868.599992245436
5959,OK,47.000,0.44,15905.09997913614
5960,OK,39.000,0.44,15947.200008668005
5961,OK,48.000,0.44,15904.299973044544
5962,OK,54.600,0.44,15940.000012051314
5963,OK,47.200,0.44,15956.999966874719
5964,OK,71.800,0.44,15866.50003446266
5965,OK,55.600,0.44,15915.900003165007
5966,OK,71.900,0.44,15927.700034808367
5967,OK,53.600,0.44,15897.399978712201
5968,OK,49.500,0.44,15932.700014673173
5969,OK,57.200,0.44,15912.799979560077
5970,OK,47.500,0.44,15924.699953757226
5971,OK,45.500,0.44,15952.39999005571
5972,OK,59.600,0.44,15899.899997748435
5973,OK,48.400,0.44,15955.900016706437
5974,OK,51.200,0.44,15888.099966105074
5975,OK,53.000,0.44,15938.299999106675
5976,OK,66.100,0.44,15915.599942672998
5977,OK,51.400,0.44,15833.90001906082
5978,OK,74.300,0.44,15892.600000370294
5979,OK,51.800,0.44,15932.600013911724
5980,OK,51.500,0.44,15878.600010182709
5981,OK,42.400,0.44,15946.200001053512
5982,OK,42.400,0.44,15917.500015348196
5983,OK,45.700,0.44,15938.700002152473
5984,OK,77.200,0.44,15902.300016023219
5985,OK,86.300,0.44,15881.599974818528
5986,OK,58.000,0.44,15798.39998157695
5987,OK,62.200,0.44,15917.900018393993
5988,OK,118.400,0.44,15782.799979206175
5989,OK,56.300,0.44,15857.60002490133
5990,OK,69.900,0.44,15917.00001154095
5991,OK,62.100,0.44,15934.59997093305
5992,OK,78.300,0.44,15803.199959918857
5993,OK,73.700,0.44,15984.199999365956
5994,OK,58.700,0.44,15913.99998869747
5995,OK,58.200,0.44,15903.800027444959
5996,OK,60.100,0.44,15858.600032515824
5997,OK,56.600,0.44,15953.199996147305
5998,OK,58.400,0.44,15908.500005025417
5999,OK,58.300,0.44,15931.69994885102
6000,OK,97.700,0.44,15759.299974888563
6001,OK,76.600,0.44,15840.400010347366
6002,OK,76.500,0.44,15904.400032013655
6003,OK,230.100,0.44,15609.399997629225
6004,OK,83.400,0.44,15910.499962046742
6005,OK,52.600,0.44,15912.899980321527
6006,OK,58.500,0.44,15904.300031252205
6007,OK,59.000,0.44,15892.800001893193
6008,OK,58.800,0.44,15926.700027193874
6009,OK,61.000,0.44,15885.8000067994
6010,OK,60.700,0.44,15932.599955704063
6011,OK,56.800,0.44,15809.400007128716
6012,OK,48.900,0.44,15942.300029564649
6013,OK,52.100,0.44,15922.79999749735
6014,OK,109.200,0.44,15822.499990463257
6015,OK,47.300,0.44,15856.800018809736
6016,OK,48.000,0.44,15995.700028724968
6017,OK,46.200,0.44,15925.80002034083
6018,OK,61.800,0.44,15912.999981082976
6019,OK,52.300,0.44,15862.800006289035
6020,OK,61.000,0.44,15941.500023473054
6021,OK,52.400,0.44,15950.099972542375
6022,OK,77.700,0.44,15838.29999435693
6023,OK,58.200,0.44,15867.300040554255
6024,OK,52.000,0.44,15934.299968648702
6025,OK,65.000,0.44,15919.399971608073
6026,OK,48.900,0.44,15920.299978461117
6027,OK,74.200,0.44,15934.300026856363
6028,OK,52.400,0.44,15839.500003494322
6029,OK,52.800,0.44,15907.199995126575
6030,OK,53.300,0.44,15990.099986083806
6031,OK,55.900,0.44,15871.600015088916
6032,OK,53.900,0.44,15913.599985651672
6033,OK,57.000,0.44,15923.500002827495
6034,OK,60.700,0.44,15881.600033026189
6035,OK,63.600,0.44,15913.299983367324
6036,OK,64.400,0.44,15825.400012545288
6037,OK,60.700,0.44,15926.100022625178
6038,OK,65.000,0.44,15919.300029054284
6039,OK,54.600,0.44,15895.399963483214
6040,OK,72.400,0.44,15879.90002008155
6041,OK,65.100,0.44,15935.000032186508
6042,OK,130.500,0.44,15732.900006696582
6043,OK,68.900,0.44,15941.700024995953
6044,OK,53.400,0.44,15910.200017970055
6045,OK,72.500,0.44,15903.000021353364
6046,OK,59.900,0.44,15854.900004342198
6047,OK,82.800,0.44,15932.300011627376
6048,OK,61.800,0.44,15850.19996855408
6049,OK,84.500,0.44,15831.700002308935
6050,OK,45.000,0.44,15896.899974904954
6051,OK,42.100,0.44,15934.899973217398
6052,OK,50.000,0.44,15970.20000917837
6053,OK,47.800,0.44,15888.899972196668
6054,OK,46.800,0.44,15994.199959095567
6055,OK,119.500,0.44,15742.399962618947
6056,OK,65.900,0.44,15954.500006046146
6057,OK,76.800,0.44,15909.700014162809
6058,OK,56.100,0.44,15812.400029972196
6059,OK,56.600,0.44,16001.40001391992
6060,OK,62.700,0.44,15892.700001131743
6061,OK,59.100,0.44,15889.999980572611
6062,OK,56.700,0.44,15883.499989286065
6063,OK,61.300,0.44,15915.199997834861
6064,OK,47.100,0.44,15941.699966788292
6065,OK,53.300,0.44,15914.299990981817
6066,OK,58.100,0.44,15861.099993344396
6067,OK,53.300,0.44,15974.399982951581
6068,OK,62.500,0.44,15876.599994953722
6069,OK,47.900,0.44,15958.19997601211
6070,OK,52.100,0.44,15895.99996805191
6071,OK,72.200,0.44,15875.699988100678
6072,OK,60.400,0.44,15923.500002827495
6073,OK,59.900,0.44,15864.300017710775
6074,OK,47.800,0.44,15932.99995874986
6075,OK,52.700,0.44,15940.100012812763
6076,OK,60.600,0.44,15902.700019069016
6077,OK,63.900,0.44,15878.900012467057
6078,OK,62.300,0.44,15881.40003150329
6079,OK,60.100,0.44,15874.699980486184
6080,OK,83.900,0.44,15896.700031589717
6081,OK,155.800,0.44,15745.600045192987
6082,OK,55.500,0.44,15908.400004263967
6083,OK,54.100,0.44,15899.600053671747
6084,OK,97.100,0.44,15895.700023975223
6085,OK,100.400,0.44,15866.699977777898
6086,OK,79.400,0.44,15904.400032013655
6087,OK,80.100,0.44,15813.500038348138
6088,OK,64.100,0.44,15931.000001728535
6089,OK,59.500,0.44,15880.599967204034
6090,OK,58.300,0.44,15882.899984717369
6091,OK,103.700,0.44,15907.499997410923
6092,OK,103.900,0.44,15843.199973460287
6093,OK,49.900,0.44,15929.599991068244
6094,OK,55.200,0.44,15864.900022279471
6095,OK,50.400,0.44,15924.499952234328
6096,OK,54.100,0.44,15935.699979308993
6097,OK,50.000,0.44,15875.29998505488
6098,OK,57.300,0.44,15902.599960099906
6099,OK,57.900,0.44,15948.200016282499
6100,OK,135.000,0.44,15729.399980045855
6101,OK,91.600,0.44,15722.69998723641
6102,OK,204.000,0.44,15716.399997472763
6103,OK,187.900,0.44,15775.900043081492
6104,OK,58.200,0.44,15895.800024736673
6105,OK,58.300,0.44,15940.099954605103
6106,OK,124.300,0.44,15817.200008314103
6107,OK,59.500,0.44,15830.499993171543
6108,OK,49.100,0.44,15914.799994789064
6109,OK,52.500,0.44,15948.699961882085
6110,OK,62.200,0.44,15872.300020419061
6111,OK,81.200,0.44,15874.799981247634
6112,OK,77.000,0.44,15901.200007647276
6113,OK,87.600,0.44,15927.599975839257
6114,OK,63.300,0.44,15841.799962799996
6115,OK,83.200,0.44,15853.19999139756
6116,OK,77.900,0.44,15865.999972447753
6117,OK,81.800,0.44,15905.20003810525
6118,OK,78.300,0.44,15851.100033614784
6119,OK,91.900,0.44,15788.500022608787
6120,OK,62.300,0.44,15944.099985063076
6121,OK,82.000,0.44,15860.199986491352
6122,OK,84.400,0.44,15843.499975744635
6123,OK,86.200,0.44,15899.19999241829
6124,OK,86.500,0.44,15825.700014829636
6125,OK,81.200,0.44,15868.799993768334
6126,OK,92.000,0.44,15878.799953497946
6127,OK,103.600,0.44,15847.400005441159
6128,OK,94.300,0.44,15954.400005284697
6129,OK,81.200,0.44,15809.400007128716
6130,OK,66.100,0.44,15857.100021094084
6131,OK,85.400,0.44,15886.700013652444
6132,OK,69.600,0.44,15858.800034038723
6133,OK,63.800,0.44,15938.700002152473
6134,OK,92.100,0.44,15850.600029807538
6135,OK,70.700,0.44,15858.699975069612
6136,OK,82.600,0.44,15818.799962289631
6137,OK,62.900,0.44,15918.000019155443
6138,OK,82.500,0.44,15819.10002278164
6139,OK,67.000,0.44,15949.900029227138
6140,OK,82.900,0.44,15804.399969056249
6141,OK,59.500,0.44,15969.800006132573
6142,OK,47.900,0.44,15892.199997324497
6143,OK,38.800,0.44,15943.39997973293
6144,OK,50.900,0.44,15928.000037092716
6145,OK,45.300,0.44,15839.999949093908
6146,OK,45.300,0.44,16004.599980078638
6147,OK,131.200,0.44,15731.899999082088
6148,OK,54.300,0.44,15896.499971859157
6149,OK,50.300,0.44,15927.399974316359
6150,OK,58.900,0.44,15938.299999106675
6151,OK,58.900,0.44,15917.700016871095
6152,OK,76.100,0.44,15837.999992072582
6153,OK,54.400,0.44,15891.399991232902
6154,OK,49.400,0.44,15969.600004609674
6155,OK,134.700,0.44,15747.299999929965
6156,OK,59.200,0.44,15888.399968389422
6157,OK,64.100,0.44,15938.099997583777
6158,OK,65.500,0.44,15862.700005527586
6159,OK,42.000,0.44,15907.90000045672
6160,OK,56.500,0.44,15961.800003424287
6161,OK,63.700,0.44,15849.399962462485
6162,OK,51.000,0.44,15950.99997939542
6163,OK,62.500,0.44,15863.000007811934
6164,OK,57.600,0.44,15899.499994702637
6165,OK,54.200,0.44,15915.700001642108
6166,OK,67.700,0.44,16027.700039558113
6167,OK,36.300,0.44,16021.199990063906
6168,OK,50.400,0.44,15787.300013471395
6169,OK,56.300,0.44,16101.300017908216
6170,OK,63.700,0.44,15998.39999107644
6171,OK,79.800,0.44,15543.999965302646
6172,OK,68.400,0.44,15872.100018896163
6173,OK,53.400,0.44,15879.300015512854
6174,OK,46.600,0.44,16202.000027988106
6175,OK,65.300,0.44,15607.599983923137
6176,OK,125.200,0.44,16157.800040673465
6177,OK,53.800,0.44,15752.899984363467
6178,OK,62.600,0.44,16099.20000191778
6179,OK,98.000,0.44,15511.500008869916
6180,OK,298.700,0.44,15692.700049839914
6181,OK,72.400,0.44,15862.500004004687
6182,OK,129.500,0.44,15708.699997048825
6183,OK,68.300,0.44,15832.300006877631
6184,OK,52.200,0.44,15893.700008746237
6185,OK,44.400,0.44,16041.800030507147
6186,OK,48.300,0.44,15875.29998505488
6187,OK,73.300,0.44,15855.700010433793
6188,OK,60.800,0.44,15932.499954942614
6189,OK,49.600,0.44,15953.399997670203
6190,OK,54.700,0.44,15847.000002395362
6191,OK,53.900,0.44,15952.29998929426
6192,OK,51.200,0.44,15969.499945640564
6193,OK,59.400,0.44,15835.199970752
6194,OK,69.900,0.44,15898.799989372492
6195,OK,60.100,0.44,15911.800030153245
6196,OK,60.300,0.44,15881.399973295629
6197,OK,58.900,0.44,15907.90000045672
6198,OK,59.900,0.44,15874.399978201836
6199,OK,66.500,0.44,15863.50001161918
6200,OK,52.100,0.44,15904.99997837469
6201,OK,53.200,0.44,15826.100017875433
6202,OK,71.300,0.44,15916.200005449355
6203,OK,55.300,0.44,15859.500039368868
6204,OK,68.800,0.44,15914.900053758174
6205,OK,45.700,0.44,15922.999999020249
6206,OK,43.300,0.44,15933.400020003319
6207,OK,44.600,0.44,15950.99997939542
6208,OK,51.200,0.44,15929.200046230108
6209,OK,45.600,0.44,15921.499987598509
6210,OK,56.200,0.44,15894.60001559928
6211,OK,70.900,0.44,15899.699996225536
6212,OK,44.900,0.44,15935.299976263195
6213,OK,40.500,0.44,15962.90001180023
6214,OK,48.600,0.44,15890.399983618408
6215,OK,113.400,0.44,15905.299980659038
6216,OK,53.000,0.44,15906.49998979643
6217,OK,47.800,0.44,15883.499989286065
6218,OK,56.800,0.44,15929.300046991557
6219,OK,65.100,0.44,15879.700018558651
6220,OK,50.200,0.44,15891.5999927558
6221,OK,58.900,0.44,15967.499988619238
6222,OK,66.500,0.44,15848.799957893789
6223,OK,71.000,0.44,15877.800004091114
6224,OK,71.200,0.44,15950.699977111071
6225,OK,92.500,0.44,15918.30002143979
6226,OK,62.900,0.44,15859.10003632307
6227,OK,57.700,0.44,15895.199961960316
6228,OK,63.600,0.44,15884.799999184906
6229,OK,60.200,0.44,15822.399989701807
6230,OK,56.600,0.44,15920.699981506914
6231,OK,48.900,0.44,15911.199967376888
6232,OK,43.000,0.44,15935.299976263195
6233,OK,55.200,0.44,15859.599981922656
6234,OK,72.800,0.44,15919.200028292835
6235,OK,60.100,0.44,15948.900021612644
6236,OK,65.300,0.44,15786.700008902699
6237,OK,52.900,0.44,15940.39995688945
6238,OK,89.400,0.44,15823.199995793402
6239,OK,62.500,0.44,15961.500001139939
6240,OK,64.100,0.44,15902.499959338456
6241,OK,56.900,0.44,15912.000031676143
6242,OK,60.400,0.44,15882.300038356334
6243,OK,48.300,0.44,15907.699998933822
6244,OK,58.300,0.44,15927.899978123605
6245,OK,40.400,0.44,15902.400016784668
6246,OK,45.800,0.44,15977.100003510714
6247,OK,48.700,0.44,15942.599973641336
6248,OK,79.400,0.44,15880.200022365898
6249,OK,73.300,0.44,15815.699996892363
6250,OK,53.600,0.44,15964.899968821555
6251,OK,61.100,0.44,15905.700041912496
6252,OK,64.600,0.44,15877.300000283867
6253,OK,53.700,0.44,15910.000016447157
6254,OK,47.900,0.44,15869.599999859929
6255,OK,92.200,0.44,15941.200021188706
6256,OK,51.200,0.44,15881.50003226474
6257,OK,50.100,0.44,15928.79998497665
6258,OK,109.400,0.44,15897.500037681311
6259,OK,56.800,0.44,15897.399978712201
6260,OK,68.500,0.44,15896.199969574809
6261,OK,54.000,0.44,15867.800044361502
6262,OK,54.200,0.44,15923.800005111843
6263,OK,62.800,0.44,15864.000015426427
6264,OK,105.500,0.44,15870.700008235872
6265,OK,76.000,0.44,15875.200042501092
6266,OK,65.600,0.44,15912.200033199042
6267,OK,53.000,0.44,15855.299949180335
6268,OK,49.700,0.44,15954.800008330494
6269,OK,47.800,0.44,15943.70004022494
6270,OK,63.800,0.44,15950.399974826723
6271,OK,65.400,0.44,15843.100030906498
6272,OK,63.900,0.44,15935.000032186508
6273,OK,55.600,0.44,15927.699976600707
6274,OK,80.300,0.44,15871.900017373264
6275,OK,68.600,0.44,15903.100022114813
6276,OK,65.400,0.44,15882.899984717369
6277,OK,62.200,0.44,15854.800003580749
6278,OK,97.700,0.44,15805.79997971654
6279,OK,53.100,0.44,15866.699977777898
6280,OK,41.500,0.44,15953.90000147745
6281,OK,54.500,0.44,15890.19998209551
6282,OK,49.500,0.44,15936.09998235479
6283,OK,49.800,0.44,15949.800028465688
6284,OK,83.900,0.44,15924.899955280125
6285,OK,57.900,0.44,15844.30004004389
6286,OK,55.500,0.44,15929.299988783896
6287,OK,81.600,0.44,16031.899955123663
6288,OK,93.100,0.44,15624.699997715652
6289,OK,59.900,0.44,15961.40000037849
6290,OK,72.400,0.44,15885.600005276501
6291,OK,69.700,0.44,15901.700011454523
6292,OK,56.000,0.44,15808.70000179857
6293,OK,66.300,0.44,15969.900006894022
6294,OK,55.400,0.44,15896.400029305369
6295,OK,52.600,0.44,15909.200010355562
6296,OK,49.800,0.44,15905.399981420487
6297,OK,65.500,0.44,15890.19998209551
6298,OK,55.800,0.44,15959.200041834265
6299,OK,56.800,0.44,15904.599975328892
6300,OK,54.900,0.44,15874.999982770532
6301,OK,47.600,0.44,15798.699983861297
6302,OK,43.200,0.44,15966.400038450956
6303,OK,45.000,0.44,15941.300021950155
6304,OK,44.500,0.44,15907.199995126575
6305,OK,46.600,0.44,15929.399989545345
6306,OK,54.200,0.44,15922.499995213002
6307,OK,67.700,0.44,15891.399991232902
6308,OK,45.900,0.44,15924.600011203438
6309,OK,105.400,0.44,15819.199965335429
6310,OK,46.400,0.44,15938.500000629574
6311,OK,41.200,0.44,15932.799957226962
6312,OK,69.700,0.44,15859.599981922656
6313,OK,52.300,0.44,15939.900011289865
6314,OK,62.400,0.44,15906.39998903498
6315,OK,51.300,0.44,15915.099997073412
6316,OK,49.700,0.44,15930.800000205636
6317,OK,56.100,0.44,15875.50004478544
6318,OK,56.500,0.44,15957.999974489212
6319,OK,68.700,0.44,15952.799993101507
6320,OK,156.700,0.44,15740.900009404868
6321,OK,59.800,0.44,15902.599960099906
6322,OK,55.500,0.44,15926.500025670975
6323,OK,61.700,0.44,15869.800001382828
6324,OK,53.400,0.44,15923.600003588945
6325,OK,62.700,0.44,15912.900038529187
6326,OK,52.500,0.44,15870.000002905726
6327,OK,81.000,0.44,15890.599985141307
6328,OK,72.600,0.44,15842.499968130141
6329,OK,47.400,0.44,15956.099960021675
6330,OK,110.300,0.44,15790.900040883571
6331,OK,47.800,0.44,15922.79999749735
6332,OK,49.100,0.44,15918.200020678341
6333,OK,49.700,0.44,16003.900032956153
6334,OK,65.800,0.44,15865.699970163405
6335,OK,87.800,0.44,15850.500029046088
6336,OK,61.200,0.44,15875.499986577779
6337,OK,91.300,0.44,15840.600011870265
6338,OK,78.000,0.44,15893.10000417754
6339,OK,92.200,0.44,15849.100018385798
6340,OK,85.200,0.44,15883.499989286065
6341,OK,99.000,0.44,15809.800010174513
6342,OK,84.300,0.44,15872.700023464859
6343,OK,86.800,0.44,15856.599959079176
6344,OK,150.700,0.44,15863.100008573383
6345,OK,170.900,0.44,15735.700028017163
6346,OK,181.800,0.44,15762.90000230074
6347,OK,181.400,0.44,15571.60000083968
6348,OK,90.300,0.44,15897.400036919862
6349,OK,70.600,0.44,15895.500022452325
6350,OK,67.600,0.44,15898.399986326694
6351,OK,69.900,0.44,15898.300043772906
6352,OK,82.500,0.44,15818.300016690046
6353,OK,94.600,0.44,15834.899968467653
6354,OK,101.700,0.44,15826.60002168268
6355,OK,76.200,0.44,15915.50000011921
6356,OK,87.900,0.44,15850.20002676174
6357,OK,88.600,0.44,15889.700036495924
6358,OK,98.300,0.44,15853.499993681908
6359,OK,119.700,0.44,15778.499946463853
6360,OK,91.600,0.44,15871.799958404154
6361,OK,99.500,0.44,15925.500018056482
6362,OK,78.300,0.44,15790.79998191446
6363,OK,75.800,0.44,15845.399990212172
6364,OK,61.700,0.44,15934.200026094913
6365,OK,88.400,0.44,15875.699988100678
6366,OK,86.500,0.44,15841.999964322895
6367,OK,83.700,0.44,15886.100009083748
6368,OK,112.400,0.44,15753.99999273941
6369,OK,65.300,0.44,15860.099985729903
6370,OK,50.300,0.44,15916.69995104894
6371,OK,42.800,0.44,15918.600023724139
6372,OK,37.700,0.44,15953.499998431653
6373,OK,43.800,0.44,15920.099976938218
6374,OK,40.100,0.44,16002.600023057312
6375,OK,61.800,0.44,15949.900029227138
6376,OK,47.400,0.44,15912.49997727573
6377,OK,49.000,0.44,15858.699975069612
6378,OK,61.500,0.44,15914.099989458919
6379,OK,48.900,0.44,15934.6999716945
6380,OK,50.500,0.44,15966.099977958947
6381,OK,55.300,0.44,15924.30000891909
6382,OK,72.600,0.44,15848.400013055652
6383,OK,84.500,0.44,15841.999964322895
6384,OK,54.100,0.44,15953.499998431653
6385,OK,147.900,0.44,15684.899990446866
6386,OK,69.700,0.44,15872.000018134713
6387,OK,66.000,0.44,15929.800050798804
6388,OK,69.300,0.44,15949.200023896992
6389,OK,73.300,0.44,15849.800023715943
6390,OK,76.300,0.44,15848.200011532754
6391,OK,64.800,0.44,15978.600014932454
6392,OK,65.100,0.44,15854.099998250604
6393,OK,46.400,0.44,15926.699968986213
6394,OK,53.400,0.44,15927.000029478222
6395,OK,62.800,0.44,15869.800001382828
6396,OK,87.500,0.44,16088.100033812225
6397,OK,55.700,0.44,16013.599990401417
6398,OK,69.500,0.44,15702.300006523728
6399,OK,52.200,0.44,15940.800018142909
6400,OK,46.200,0.44,15702.400007285178
6401,OK,63.400,0.44,15808.399999514222
6402,OK,103.100,0.44,15883.699990808964
6403,OK,58.300,0.44,16216.000018175691
6404,OK,53.100,0.44,15919.499972369522
6405,OK,60.700,0.44,15830.99999697879
6406,OK,82.700,0.44,16078.800021205097
6407,OK,69.400,0.44,15860.799991060048
6408,OK,89.900,0.44,15780.300018377602
6409,OK,110.700,0.44,15662.499994505197
6410,OK,130.500,0.44,15789.200027938932
6411,OK,129.000,0.44,15744.799980893731
6412,OK,164.900,0.44,15868.599992245436
6413,OK,129.800,0.44,15644.499973859638
6414,OK,127.000,0.44,15698.700037319213
6415,OK,63.800,0.44,16087.29996951297
6416,OK,178.300,0.44,15511.900011915714
6417,OK,52.600,0.44,15857.70002566278
6418,OK,57.400,0.44,15922.999999020249
6419,OK,47.900,0.44,15881.799976341426
6420,OK,46.500,0.44,15954.300004523247
6421,OK,50.200,0.44,15971.600019838661
6422,OK,50.200,0.44,15880.800026934594
6423,OK,55.300,0.44,16577.100032009184
6424,OK,58.300,0.44,15208.900033030659
6425,OK,56.800,0.44,15946.800005622208
6426,OK,53.000,0.44,15947.400010190904
6427,OK,69.900,0.44,15816.400002222508
6428,OK,52.100,0.44,15897.000033874065
6429,OK,40.600,0.44,15935.400035232306
6430,OK,45.000,0.44,15944.499988108873
6431,OK,64.700,0.44,15967.999992426485
6432,OK,49.900,0.44,15891.299990471452
6433,OK,53.800,0.44,15900.70000384003
6434,OK,47.100,0.44,15947.700012475252
6435,OK,50.300,0.44,15879.400016274303
6436,OK,60.000,0.44,15944.699989631772
6437,OK,50.200,0.44,15869.49999909848
6438,OK,52.200,0.44,15917.199954856187
6439,OK,59.800,0.44,15965.199971105903
6440,OK,48.100,0.44,15930.900000967085
6441,OK,60.800,0.44,15886.400011368096
6442,OK,68.000,0.44,15926.800027955323
6443,OK,49.500,0.44,15912.699978798628
6444,OK,57.700,0.44,15895.600023213774
6445,OK,51.500,0.44,15867.799986153841
6446,OK,53.900,0.44,15914.199990220368
6447,OK,51.200,0.44,15869.800001382828
6448,OK,73.400,0.44,15977.500006556511
6449,OK,57.600,0.44,15966.299979481846
6450,OK,52.200,0.44,15906.49998979643
6451,OK,56.600,0.44,15913.299983367324
6452,OK,57.900,0.44,15857.999969739467
6453,OK,62.700,0.44,15917.899960186332
6454,OK,58.800,0.44,15885.100001469254
6455,OK,43.100,0.44,15932.200010865927
6456,OK,59.200,0.44,15886.899956967682
6457,OK,56.400,0.44,15959.499985910952
6458,OK,49.900,0.44,16035.29998101294
6459,OK,121.900,0.44,15698.399976827204
6460,OK,58.700,0.44,15872.60002270341
6461,OK,59.000,0.44,15959.999989718199
6462,OK,59.200,0.44,15840.399952139705
6463,OK,49.100,0.44,15947.499952744693
6464,OK,45.600,0.44,15931.000001728535
6465,OK,62.100,0.44,15868.199989199638
6466,OK,52.100,0.44,15901.600010693073
6467,OK,43.700,0.44,15966.999984811991
6468,OK,43.100,0.44,15834.900026675314
6469,OK,49.900,0.44,15979.1000187397
6470,OK,61.100,0.44,15899.599995464087
6471,OK,55.300,0.44,15865.099965594709
6472,OK,53.900,0.44,15854.49994308874
6473,OK,69.600,0.44,15951.199980918318
6474,OK,55.300,0.44,15935.899980831891
6475,OK,49.700,0.44,15906.699991319329
6476,OK,53.800,0.44,15903.50002516061
6477,OK,54.700,0.44,15960.200049448758
6478,OK,75.700,0.44,15862.600004766136
6479,OK,62.700,0.44,15880.100021604449
6480,OK,61.500,0.44,15954.400005284697
6481,OK,70.400,0.44,15898.499987088144
6482,OK,74.400,0.44,15884.700056631118
6483,OK,60.100,0.44,15912.999981082976
6484,OK,59.500,0.44,15815.399994608015
6485,OK,65.400,0.44,15970.999957062304
6486,OK,60.400,0.44,15849.99996703118
6487,OK,59.400,0.44,15881.19997177273
6488,OK,44.600,0.44,15929.399989545345
6489,OK,58.900,0.44,15917.700016871095
6490,OK,49.100,0.44,15921.29998607561
6491,OK,52.100,0.44,15921.099984552711
6492,OK,69.700,0.44,15913.399984128773
6493,OK,89.800,0.44,15853.100048843771
6494,OK,80.100,0.44,15856.299956794828
6495,OK,62.200,0.44,15946.800005622208
6496,OK,60.600,0.44,15847.400005441159
6497,OK,60.000,0.44,15920.299978461117
6498,OK,59.700,0.44,15899.399993941188
6499,OK,90.200,0.44,15809.700009413064
6500,OK,84.300,0.44,15901.600010693073
6501,OK,57.900,0.44,15818.100015167147
6502,OK,54.400,0.44,15902.700019069016
6503,OK,57.000,0.44,15883.999993093312
6504,OK,56.200,0.44,15919.600031338632
6505,OK,54.100,0.44,15913.400042336434
6506,OK,50.700,0.44,15887.100016698241
6507,OK,57.200,0.44,15925.999963656068
6508,OK,58.100,0.44,15866.899979300797
6509,OK,50.600,0.44,16018.100024666637
6510,OK,61.900,0.44,15860.000043176115
6511,OK,53.500,0.44,15844.200039282441
6512,OK,77.900,0.44,15907.699998933822
6513,OK,59.300,0.44,15995.19996671006
6514,OK,130.900,0.44,15725.70001007989
6515,OK,56.500,0.44,15808.80000256002
6516,OK,43.900,0.44,15974.600042682141
6517,OK,45.900,0.44,15915.199997834861
6518,OK,49.500,0.44,15918.099961709231
6519,OK,59.300,0.44,15930.699999444187
6520,OK,47.000,0.44,15898.599987849593
6521,OK,51.600,0.44,15969.000000040978
6522,OK,63.100,0.44,15829.899988602847
6523,OK,51.700,0.44,15960.499993525445
6524,OK,59.000,0.44,15912.29997575283
6525,OK,71.700,0.44,15877.600002568215
6526,OK,71.200,0.44,15891.400049440563
6527,OK,54.800,0.44,15926.499967463315
6528,OK,66.700,0.44,15882.599982433021
6529,OK,39.700,0.44,15942.800033371896
6530,OK,53.100,0.44,15927.600034046918
6531,OK,53.700,0.44,15906.60004876554
6532,OK,55.300,0.44,15916.700009256601
6533,OK,54.300,0.44,15911.800030153245
6534,OK,57.000,0.44,15858.499973546714
6535,OK,57.600,0.44,15940.999961458147
6536,OK,50.300,0.44,15886.800014413893
6537,OK,55.200,0.44,15965.69997491315
6538,OK,54.300,0.44,15875.799988862127
6539,OK,65.300,0.44,15914.099989458919
6540,OK,60.500,0.44,15882.000036071986
6541,OK,81.400,0.44,15906.199987512082
6542,OK,60.200,0.44,15815.99999917671
6543,OK,72.900,0.44,15943.299978971481
6544,OK,60.800,0.44,15943.800040986389
6545,OK,52.400,0.44,15914.799994789064
6546,OK,66.700,0.44,15784.599992912263
6547,OK,77.800,0.44,15996.6999781318
6548,OK,61.700,0.44,15891.7999942787
6549,OK,51.300,0.44,15901.99995553121
6550,OK,52.700,0.44,15932.699956465513
6551,OK,221.400,0.44,15669.39998883754
6552,OK,90.700,0.44,15774.000028613955
6553,OK,69.300,0.44,15870.100003667176
6554,OK,56.200,0.44,15895.200020167977
6555,OK,59.800,0.44,15978.800016455352
6556,OK,51.400,0.44,15889.400034211576
6557,OK,37.700,0.44,16032.100014854223
6558,OK,148.800,0.44,15674.900030717254
6559,OK,86.400,0.44,15840.699954424053
6560,OK,36.800,0.44,15939.799952320755
6561,OK,44.200,0.44,15952.000045217574
6562,OK,57.400,0.44,15916.200005449355
6563,OK,57.900,0.44,15903.200022876263
6564,OK,63.700,0.44,15994.999965187162
6565,OK,55.000,0.44,15912.999981082976
6566,OK,59.700,0.44,15849.600022193044
6567,OK,92.100,0.44,15836.299979127944
6568,OK,59.100,0.44,15893.800009507686
6569,OK,61.200,0.44,15932.600013911724
6570,OK,57.600,0.44,15834.400022868067
6571,OK,60.200,0.44,16042.599978391081
6572,OK,59.000,0.44,15788.599965162575
6573,OK,53.300,0.44,15934.100025333464
6574,OK,61.700,0.44,15905.199979897588
6575,OK,62.000,0.44,15860.799991060048
6576,OK,84.500,0.44,15883.100044447929
6577,OK,86.300,0.44,15866.199973970652
6578,OK,102.600,0.44,15868.899994529784
6579,OK,81.400,0.44,15866.799978539348
6580,OK,67.300,0.44,15848.300012294203
6581,OK,89.900,0.44,15900.099999271333
6582,OK,69.600,0.44,15889.199974481016
6583,OK,86.100,0.44,15862.400003243238
6584,OK,84.400,0.44,15862.800006289035
6585,OK,83.900,0.44,15873.400028795004
6586,OK,79.700,0.44,15829.50004376471
6587,OK,78.900,0.44,15860.799991060048
6588,OK,79.900,0.44,15881.40003150329
6589,OK,80.700,0.44,15929.999994114041
6590,OK,96.800,0.44,15799.100045114756
6591,OK,67.800,0.44,15890.499984379858
6592,OK,77.000,0.44,15894.500014837831
6593,OK,81.500,0.44,15861.899999435991
6594,OK,76.200,0.44,15864.199958741665
6595,OK,86.100,0.44,15851.799980737269
6596,OK,83.800,0.44,15847.09994494915
6597,OK,78.900,0.44,15888.299967627972
6598,OK,87.600,0.44,15900.900005362928
6599,OK,91.300,0.44,15804.599970579147
6600,OK,84.800,0.44,15891.299990471452
6601,OK,101.100,0.44,15696.799964644015
6602,OK,84.800,0.44,15872.699965257198
6603,OK,63.500,0.44,15873.000025749207
6604,OK,66.500,0.44,15885.399945545942
6605,OK,73.900,0.44,15787.200012709945
6606,OK,45.300,0.44,15976.399998180568
6607,OK,62.400,0.44,15898.499987088144
6608,OK,54.900,0.44,15950.699977111071
6609,OK,58.100,0.44,15899.09999165684
6610,OK,49.600,0.44,15916.999953333288
6611,OK,49.500,0.44,15929.799992591143
6612,OK,94.000,0.44,15867.599984630942
6613,OK,57.700,0.44,15961.40000037849
6614,OK,61.700,0.44,15918.900026008487
6615,OK,65.900,0.44,15907.699998933822
6616,OK,76.700,0.44,15822.799992747605
6617,OK,72.900,0.44,15858.299972023815
6618,OK,72.800,0.44,15907.199995126575
6619,OK,154.800,0.44,15693.699999246746
6620,OK,59.000,0.44,15897.899982519448
6621,OK,54.400,0.44,15912.100032437593
6622,OK,66.800,0.44,15960.799995809793
6623,OK,52.000,0.44,15878.800011705607
6624,OK,61.600,0.44,15874.300035648048
6625,OK,39.000,0.44,16126.499976962805
6626,OK,95.100,0.44,15654.799994081259
6627,OK,58.700,0.44,15895.700023975223
6628,OK,43.800,0.44,15932.100010104477
6629,OK,71.300,0.44,16156.800033058971
6630,OK,87.500,0.44,15862.500004004687
6631,OK,135.500,0.44,15907.499997410923
6632,OK,65.700,0.44,15721.099975053221
6633,OK,93.900,0.44,15901.800012215972
6634,OK,100.100,0.44,15777.400054503232
6635,OK,81.900,0.44,15833.600016776472
6636,OK,79.800,0.44,15831.600001547486
6637,OK,53.200,0.44,16295.200039166957
6638,OK,47.300,0.44,15507.599979173392
6639,OK,58.000,0.44,16168.200003448874
6640,OK,79.900,0.44,15682.100027333945
6641,OK,51.100,0.44,15949.300024658442
6642,OK,57.100,0.44,16385.499970056117
6643,OK,64.100,0.44,15409.699990414083
6644,OK,78.200,0.44,15847.699949517846
6645,OK,68.700,0.44,16023.300006054342
6646,OK,114.100,0.44,15730.799990706146
6647,OK,101.400,0.44,15724.30005762726
6648,OK,74.200,0.44,15853.399992920458
6649,OK,84.200,0.44,15938.600001391023
6650,OK,82.900,0.44,15876.299992669374
6651,OK,45.600,0.44,15913.699986413121
6652,OK,48.500,0.44,15901.900012977421
6653,OK,49.800,0.44,15909.000008832663
6654,OK,76.300,0.44,15862.10000095889
6655,OK,71.000,0.44,15898.899990133941
6656,OK,51.000,0.44,15945.999999530613
6657,OK,51.900,0.44,15852.999989874661
6658,OK,44.700,0.44,15913.299983367324
6659,OK,35.800,0.44,15972.099965438247
6660,OK,64.300,0.44,15871.800016611814
6661,OK,51.400,0.44,15921.999991405755
6662,OK,78.100,0.44,15891.69999351725
6663,OK,31.100,0.44,15866.100031416863
6664,OK,76.100,0.44,15949.999971780926
6665,OK,48.300,0.44,15934.400027617812
6666,OK,53.800,0.44,15895.500022452325
6667,OK,60.200,0.44,15861.899999435991
6668,OK,43.900,0.44,15950.500033795834
6669,OK,43.200,0.44,15929.299988783896
6670,OK,41.000,0.44,15941.600024234504
6671,OK,47.900,0.44,15881.899977102876
6672,OK,52.500,0.44,15947.300009429455
6673,OK,48.700,0.44,15917.200013063848
6674,OK,39.800,0.44,15940.299956128001
6675,OK,39.800,0.44,15920.399979222566
6676,OK,45.700,0.44,15946.200001053512
6677,OK,57.000,0.44,15939.400007482618
6678,OK,48.900,0.44,15935.700037516654
6679,OK,52.800,0.44,15888.999972958118
6680,OK,48.100,0.44,15911.499969661236
6681,OK,46.700,0.44,15928.199980407953
6682,OK,46.200,0.44,15924.30000891909
6683,OK,48.600,0.44,15929.499990306795
6684,OK,60.800,0.44,15870.400005951524
6685,OK,51.500,0.44,15929.699991829693
6686,OK,52.300,0.44,15916.300006210804
6687,OK,46.900,0.44,15982.400043867528
6688,OK,48.100,0.44,15871.300012804568
6689,OK,51.600,0.44,15933.800023049116
6690,OK,50.600,0.44,15927.699976600707
6691,OK,53.800,0.44,15920.300036668777
6692,OK,56.100,0.44,15913.499984890223
6693,OK,59.400,0.44,15873.000025749207
6694,OK,51.400,0.44,15881.699975579977
6695,OK,44.000,0.44,15927.500033285469
6696,OK,46.800,0.44,15916.200005449355
6697,OK,47.700,0.44,15957.299969159067
6698,OK,63.800,0.44,15876.199991907924
6699,OK,51.900,0.44,15915.39999935776
6700,OK,50.600,0.44,15920.399979222566
6701,OK,59.900,0.44,15845.499990973622
6702,OK,76.600,0.44,15894.500014837831
6703,OK,62.400,0.44,15889.800037257373
6704,OK,63.100,0.44,15843.299974221736
6705,OK,51.800,0.44,15913.500043097883
6706,OK,49.500,0.44,15846.900001633912
6707,OK,46.900,0.44,16077.399952337146
6708,OK,48.600,0.44,15858.200029470026
6709,OK,50.400,0.44,15900.099999271333
6710,OK,51.400,0.44,15857.400023378432
6711,OK,50.400,0.44,15967.09998557344
6712,OK,51.300,0.44,15934.299968648702
6713,OK,71.500,0.44,15880.700026173145
6714,OK,76.200,0.44,15858.99997735396
6715,OK,79.800,0.44,15894.000011030585
6716,OK,67.700,0.44,15929.100045468658
6717,OK,53.600,0.44,15919.299970846623
6718,OK,83.300,0.44,15854.60000205785
6719,OK,76.700,0.44,15808.80000256002
6720,OK,53.600,0.44,15988.799976184964
6721,OK,56.500,0.44,15867.499983869493
6722,OK,51.600,0.44,15975.599992088974
6723,OK,55.800,0.44,15831.700002308935
6724,OK,54.000,0.44,15939.900011289865
6725,OK,55.000,0.44,15944.699989631772
6726,OK,52.600,0.44,15833.300014492124
6727,OK,65.800,0.44,15930.399997159839
6728,OK,49.100,0.44,15946.200001053512
6729,OK,71.300,0.44,15898.699988611042
6730,OK,75.700,0.44,15871.10001128167
6731,OK,57.700,0.44,15852.299984544516
6732,OK,52.000,0.44,15969.500003848225
6733,OK,46.100,0.44,15956.89996611327
6734,OK,54.100,0.44,15932.799957226962
6735,OK,113.300,0.44,15795.19995721057
6736,OK,62.800,0.44,15884.19999461621
6737,OK,59.700,0.44,15915.50000011921
6738,OK,64.100,0.44,15921.899990644306
6739,OK,65.100,0.44,15875.499986577779
6740,OK,139.300,0.44,15801.700006704777
6741,OK,71.100,0.44,15854.400000534952
6742,OK,71.700,0.44,15943.400037940592
6743,OK,77.600,0.44,15900.200000032783
6744,OK,108.700,0.44,15775.499981828034
6745,OK,70.100,0.44,15851.299976930022
6746,OK,61.800,0.44,15957.200026605278
6747,OK,48.000,0.44,15919.399971608073
6748,OK,46.500,0.44,15926.300024148077
6749,OK,46.300,0.44,15874.400036409497
6750,OK,45.300,0.44,15964.40002322197
6751,OK,50.400,0.44,15971.500019077212
6752,OK,64.600,0.44,15904.500032775104
6753,OK,55.500,0.44,15915.199997834861
6754,OK,67.500,0.44,15876.499994192272
6755,OK,69.400,0.44,15888.100024312735
6756,OK,71.800,0.44,15901.500009931624
6757,OK,56.500,0.44,15871.299954596907
6758,OK,62.600,0.44,15965.999977197498
6759,OK,63.200,0.44,15865.600027609617
6760,OK,49.500,0.44,15931.70000705868
6761,OK,66.800,0.44,15898.799989372492
6762,OK,60.500,0.44,15866.799978539348
6763,OK,51.300,0.44,15892.800001893193
6764,OK,60.400,0.44,15973.000030498952
6765,OK,60.300,0.44,15899.499994702637
6766,OK,54.500,0.44,15899.599995464087
6767,OK,59.200,0.44,15911.699971184134
6768,OK,58.400,0.44,15826.300019398332
6769,OK,58.300,0.44,15944.199985824525
6770,OK,68.800,0.44,15929.899993352592
6771,OK,55.100,0.44,15925.000014249235
6772,OK,58.800,0.44,15817.100007552654
6773,OK,68.600,0.44,15982.199984136969
6774,OK,56.000,0.44,15909.200010355562
6775,OK,102.400,0.44,15818.700019735843
6776,OK,53.800,0.44,15856.599959079176
6777,OK,52.100,0.44,15925.100015010685
6778,OK,50.900,0.44,15925.500018056482
6779,OK,55.200,0.44,15916.400006972253
6780,OK,57.200,0.44,15898.399986326694
6781,OK,52.900,0.44,15924.40000968054
6782,OK,56.500,0.44,15898.099984042346
6783,OK,109.200,0.44,15886.200009845197
6784,OK,105.800,0.44,15795.900020748377
6785,OK,57.600,0.44,15903.100022114813
6786,OK,55.800,0.44,15901.300008408725
6787,OK,57.300,0.44,15816.700004506856
6788,OK,47.200,0.44,15941.800025757402
6789,OK,45.500,0.44,15999.299997929484
6790,OK,45.100,0.44,15941.600024234504
6791,OK,141.300,0.44,15746.299992315471
6792,OK,94.900,0.44,15845.199988689274
6793,OK,54.100,0.44,15915.099997073412
6794,OK,47.900,0.44,15937.49999301508
6795,OK,46.800,0.44,15914.899995550513
6796,OK,59.000,0.44,15874.799981247634
6797,OK,64.000,0.44,15897.199977189302
6798,OK,99.200,0.44,15858.300030231476
6799,OK,97.200,0.44,15867.300040554255
6800,OK,166.900,0.44,15813.19997785613
6801,OK,122.200,0.44,15593.000047374517
6802,OK,103.900,0.44,15849.499963223934
6803,OK,88.600,0.44,15834.600024390966
6804,OK,96.600,0.44,15871.300012804568
6805,OK,102.200,0.44,15877.400001045316
6806,OK,72.900,0.44,15834.400022868067
6807,OK,91.700,0.44,15803.000016603619
6808,OK,77.900,0.44,15939.799952320755
6809,OK,85.500,0.44,15868.400048930198
6810,OK,88.700,0.44,15715.699992142618
6811,OK,106.200,0.44,15851.499978452921
6812,OK,106.600,0.44,15838.899998925626
6813,OK,75.200,0.44,15858.400030992925
6814,OK,68.400,0.44,15878.999955020845
6815,OK,87.000,0.44,15859.500039368868
6816,OK,84.600,0.44,15851.799980737269
6817,OK,62.700,0.44,15927.399974316359
6818,OK,91.800,0.44,15852.399985305965
6819,OK,87.700,0.44,15868.999995291233
6820,OK,93.800,0.44,15868.999995291233
6821,OK,86.500,0.44,15821.599983610213
6822,OK,86.300,0.44,15866.900037508458
6823,OK,86.200,0.44,15843.200031667948
6824,OK,89.000,0.44,15869.099996052682
6825,OK,99.500,0.44,15852.500044275075
6826,OK,94.100,0.44,15836.399979889393
6827,OK,91.800,0.44,15830.299991648644
6828,OK,91.200,0.44,15847.100003156811
6829,OK,63.900,0.44,15968.499996233732
6830,OK,69.100,0.44,15802.600013557822
6831,OK,68.700,0.44,15874.299977440387
6832,OK,51.000,0.44,15974.200039636344
6833,OK,58.600,0.44,15977.500006556511
6834,OK,59.800,0.44,15902.099956292659
6835,OK,53.000,0.44,15895.799966529012
6836,OK,62.000,0.44,15906.299988273531
6837,OK,89.400,0.44,15919.499972369522
6838,OK,55.300,0.44,15778.300003148615
6839,OK,76.400,0.44,15982.199984136969
6840,OK,58.900,0.44,15875.799988862127
6841,OK,85.400,0.44,15903.100022114813
6842,OK,54.500,0.44,15861.799998674542
6843,OK,125.500,0.44,15837.599989026785
6844,OK,59.100,0.44,15876.099991146475
6845,OK,71.900,0.44,15892.800001893193
6846,OK,70.200,0.44,15804.499969817698
6847,OK,60.000,0.44,15913.699986413121
6848,OK,57.900,0.44,15905.399981420487
6849,OK,45.400,0.44,15919.79997465387
6850,OK,82.800,0.44,15873.999975156039
6851,OK,99.100,0.44,15876.600053161383
6852,OK,79.800,0.44,15854.400000534952
6853,OK,67.000,0.44,15942.400030326098
6854,OK,51.700,0.44,15867.099980823696
6855,OK,52.600,0.44,15919.89997541532
6856,OK,51.300,0.44,15893.500007223338
6857,OK,41.700,0.44,15935.200033709407
6858,OK,42.200,0.44,15969.400003086776
6859,OK,44.600,0.44,15936.699986923486
6860,OK,47.700,0.44,16014.399996493012
6861,OK,57.100,0.44,16343.299997970462
6862,OK,77.900,0.44,15333.999996073544
6863,OK,58.100,0.44,15939.700009766966
6864,OK,49.100,0.44,15875.799988862127
6865,OK,48.200,0.44,16443.500004243106
6866,OK,50.400,0.44,15747.800003737211
6867,OK,55.500,0.44,15948.800020851195
6868,OK,66.300,0.44,15606.500033754855
6869,OK,74.500,0.44,16131.300013512373
6870,OK,87.100,0.44,15720.100025646389
6871,OK,94.400,0.44,15980.60003016144
6872,OK,104.200,0.44,16164.29997375235
6873,OK,128.200,0.44,15821.99998665601
6874,OK,124.600,0.44,15702.10000500083
6875,OK,128.500,0.44,15442.90001038462
6876,OK,116.500,0.44,15819.700027350336
6877,OK,117.600,0.44,15735.899971332401
6878,OK,117.200,0.44,15657.200012356043
6879,OK,72.600,0.44,15991.099993698299
6880,OK,138.500,0.44,15608.59999153763
6881,OK,55.700,0.44,16033.400024753064
6882,OK,115.400,0.44,15746.099990792572
6883,OK,43.900,0.44,15852.699987590313
6884,OK,44.400,0.44,15984.300000127405
6885,OK,48.000,0.44,15927.900036331266
6886,OK,71.600,0.44,15903.300023637712
6887,OK,65.300,0.44,15856.300015002489
6888,OK,68.000,0.44,15954.500006046146
6889,OK,47.700,0.44,15804.599970579147
6890,OK,44.800,0.44,15991.399995982647
6891,OK,40.600,0.44,15905.20003810525
6892,OK,53.100,0.44,15955.100010614842
6893,OK,45.600,0.44,15933.30001924187
6894,OK,62.900,0.44,15885.400003753603
6895,OK,44.100,0.44,15945.299994200468
6896,OK,42.700,0.44,15940.800018142909
6897,OK,49.000,0.44,15924.000006634742
6898,OK,61.100,0.44,15898.199984803796
6899,OK,51.100,0.44,15922.099992167205
6900,OK,58.400,0.44,15894.399955868721
6901,OK,55.500,0.44,15857.699967455119
6902,OK,61.200,0.44,15884.19999461621
6903,OK,61.800,0.44,15923.200000543147
6904,OK,59.200,0.44,15897.60003844276
6905,OK,61.000,0.44,15883.699990808964
6906,OK,69.900,0.44,15887.999965343624
6907,OK,63.300,0.44,15914.299990981817
6908,OK,57.300,0.44,15887.30001822114
6909,OK,51.400,0.44,15927.19997279346
6910,OK,56.100,0.44,15925.200015772134
6911,OK,46.800,0.44,15874.799981247634
6912,OK,42.600,0.44,15920.600038953125
6913,OK,40.300,0.44,15935.100032947958
6914,OK,34.900,0.44,15984.500001650304
6915,OK,86.600,0.44,15837.799990549684
6916,OK,70.700,0.44,15829.799987841398
6917,OK,50.300,0.44,15942.299971356988
6918,OK,51.400,0.44,15977.900009602308
6919,OK,54.400,0.44,15892.600000370294
6920,OK,67.700,0.44,15861.099993344396
6921,OK,53.200,0.44,15899.499994702637
6922,OK,80.900,0.44,15870.800008997321
6923,OK,61.600,0.44,15973.000030498952
6924,OK,44.100,0.44,15835.899976082146
6925,OK,54.000,0.44,16002.999967895448
6926,OK,46.300,0.44,15923.099999781698
6927,OK,50.800,0.44,15963.000012561679
6928,OK,60.400,0.44,15859.09997811541
6929,OK,61.300,0.44,15911.00002406165
6930,OK,63.400,0.44,15916.000003926456
6931,OK,52.200,0.44,15895.399963483214
6932,OK,43.300,0.44,15870.500006712973
6933,OK,44.200,0.44,15983.59999479726
6934,OK,60.300,0.44,15882.90004292503
6935,OK,65.200,0.44,15967.699990142137
6936,OK,55.100,0.44,15915.900003165007
6937,OK,53.000,0.44,15908.300003502518
6938,OK,59.500,0.44,15871.200012043118
6939,OK,61.200,0.44,15948.300017043948
6940,OK,78.700,0.44,15852.099983021617
6941,OK,57.200,0.44,15906.39998903498
6942,OK,58.000,0.44,15926.000021863729
6943,OK,61.900,0.44,15885.70000603795
6944,OK,55.500,0.44,15887.600020505488
6945,OK,51.100,0.44,15965.200029313564
6946,OK,68.800,0.44,15896.400029305369
6947,OK,68.400,0.44,15828.599978704005
6948,OK,58.900,0.44,15912.800037767738
6949,OK,65.000,0.44,15912.100032437593
6950,OK,54.900,0.44,15918.30002143979
6951,OK,56.200,0.44,15818.600018974394
6952,OK,82.600,0.44,15934.4999701716
6953,OK,55.700,0.44,15927.699976600707
6954,OK,51.600,0.44,15870.000002905726
6955,OK,77.000,0.44,15861.699997913092
6956,OK,55.400,0.44,15945.699997246265
6957,OK,52.200,0.44,15884.39999613911
6958,OK,52.100,0.44,15929.699991829693
6959,OK,47.600,0.44,15948.999964166433
6960,OK,49.000,0.44,15887.999965343624
6961,OK,79.400,0.44,15847.20000391826
6962,OK,53.000,0.44,15951.999987009913
6963,OK,61.900,0.44,15886.700013652444
6964,OK,62.400,0.44,15976.599999703467
6965,OK,48.200,0.44,15926.899970509112
6966,OK,48.000,0.44,15934.000024572015
6967,OK,72.200,0.44,15883.699990808964
6968,OK,62.800,0.44,15884.599997662008
6969,OK,57.500,0.44,15911.999973468482
6970,OK,57.700,0.44,15919.599973130971
6971,OK,61.000,0.44,15926.599968224764
6972,OK,58.600,0.44,15831.700002308935
6973,OK,59.800,0.44,15911.300026345998
6974,OK,61.600,0.44,15925.500018056482
6975,OK,70.900,0.44,15868.999995291233
6976,OK,62.300,0.44,15972.900029737502
6977,OK,50.800,0.44,15957.100025843829
6978,OK,172.900,0.44,15631.999995093793
6979,OK,58.100,0.44,15930.499997921288
6980,OK,58.500,0.44,15883.999993093312
6981,OK,56.700,0.44,15882.599982433021
6982,OK,48.600,0.44,15913.699986413121
6983,OK,44.900,0.44,15957.600029651076
6984,OK,45.400,0.44,15927.999978885055
6985,OK,49.600,0.44,15880.100021604449
6986,OK,49.800,0.44,15951.999987009913
6987,OK,47.200,0.44,15912.699978798628
6988,OK,63.000,0.44,15910.79996433109
6989,OK,64.600,0.44,15954.400005284697
6990,OK,58.500,0.44,15881.200029980391
6991,OK,49.500,0.44,15920.299978461117
6992,OK,50.700,0.44,15932.399954181165
6993,OK,53.400,0.44,15855.900011956692
6994,OK,65.900,0.44,15874.299977440387
6995,OK,61.600,0.44,15916.700009256601
6996,OK,41.000,0.44,15903.099963907152
6997,OK,44.200,0.44,15940.70001738146
6998,OK,45.800,0.44,15869.299997575581
6999,OK,43.600,0.44,15979.1000187397
7000,OK,38.900,0.44,15957.499970681965
7001,OK,67.100,0.44,15825.300011783838
7002,OK,48.900,0.44,15870.700008235872
7003,OK,48.600,0.44,15990.900050383061
7004,OK,55.200,0.44,15837.299986742437
7005,OK,48.100,0.44,15906.199987512082
7006,OK,45.200,0.44,15985.00000545755
7007,OK,55.200,0.44,15856.000012718141
7008,OK,54.400,0.44,15979.500021785498
7009,OK,61.100,0.44,15895.600023213774
7010,OK,58.000,0.44,15936.299983877689
7011,OK,60.800,0.44,15887.800022028387
7012,OK,71.100,0.44,15880.299964919686
7013,OK,71.600,0.44,15873.399970587343
7014,OK,60.800,0.44,15844.09998031333
7015,OK,85.700,0.44,15878.600010182709
7016,OK,124.900,0.44,15713.90003664419
7017,OK,80.800,0.44,15861.699997913092
7018,OK,53.900,0.44,15849.799965508282
7019,OK,52.300,0.44,15917.300013825297
7020,OK,47.500,0.44,15970.20000917837
7021,OK,54.700,0.44,15864.399960264564
7022,OK,51.300,0.44,15931.300004012883
7023,OK,48.400,0.44,15908.300003502518
7024,OK,80.800,0.44,15914.999996311963
7025,OK,143.200,0.44,15753.79999121651
7026,OK,112.000,0.44,15850.600029807538
7027,OK,59.800,0.44,15888.000023551285
7028,OK,54.800,0.44,15909.000008832663
7029,OK,69.300,0.44,15910.599962808192
7030,OK,64.300,0.44,15915.099997073412
7031,OK,95.900,0.44,15871.400013566017
7032,OK,58.000,0.44,15837.799990549684
7033,OK,56.800,0.44,15913.200040813535
7034,OK,59.800,0.44,15868.299989961088
7035,OK,79.300,0.44,15882.899984717369
7036,OK,101.100,0.44,15879.300015512854
7037,OK,79.600,0.44,15913.099981844425
7038,OK,121.700,0.44,15740.39994738996
7039,OK,77.600,0.44,15851.400035899132
7040,OK,91.600,0.44,15918.699966277927
7041,OK,107.500,0.44,15804.0999667719
7042,OK,154.100,0.44,15809.100004844368
7043,OK,97.600,0.44,15850.40002828464
7044,OK,104.300,0.44,15814.59998851642
7045,OK,78.900,0.44,15874.599979724735
7046,OK,98.400,0.44,15862.700005527586
7047,OK,83.900,0.44,15881.19997177273
7048,OK,87.800,0.44,15856.800018809736
7049,OK,92.900,0.44,15833.89996085316
7050,OK,87.000,0.44,15864.300017710775
7051,OK,80.800,0.44,15853.399992920458
7052,OK,66.500,0.44,15904.89997761324
7053,OK,87.000,0.44,15859.399980399758
7054,OK,87.100,0.44,15859.999984968454
7055,OK,65.300,0.44,15866.70003598556
7056,OK,49.300,0.44,15979.1000187397
7057,OK,101.300,0.44,15834.00001982227
7058,OK,106.200,0.44,15836.000035051256
7059,OK,89.400,0.44,15893.10000417754
7060,OK,124.200,0.44,15901.400009170175
7061,OK,189.400,0.44,15512.499958276749
7062,OK,73.700,0.44,15882.899984717369
7063,OK,51.400,0.44,15889.199974481016
7064,OK,33.500,0.44,15995.50002720207
7065,OK,43.500,0.44,15936.999989207834
7066,OK,41.400,0.44,15954.800008330494
7067,OK,47.900,0.44,15918.40002220124
7068,OK,43.000,0.44,15942.799975164235
7069,OK,45.100,0.44,15957.699972204864
7070,OK,118.700,0.44,15813.599980901927
7071,OK,58.500,0.44,15901.200007647276
7072,OK,53.300,0.44,15863.300010096282
7073,OK,50.200,0.44,15929.799992591143
7074,OK,64.900,0.44,15877.600002568215
7075,OK,124.900,0.44,15740.300004836172
7076,OK,83.800,0.44,15901.100006885827
7077,OK,86.400,0.44,15853.40005112812
7078,OK,71.000,0.44,15889.800037257373
7079,OK,64.200,0.44,15912.200033199042
7080,OK,62.300,0.44,15837.499988265336
7081,OK,62.800,0.44,15901.800012215972
7082,OK,40.100,0.44,16031.200008001179
7083,OK,73.600,0.44,15813.900041393936
7084,OK,43.300,0.44,16133.299970533699
7085,OK,95.400,0.44,15645.000035874546
7086,OK,47.300,0.44,16090.29999235645
7087,OK,86.100,0.44,15843.600034713745
7088,OK,80.500,0.44,15842.999971937388
7089,OK,76.300,0.44,16074.499988462776
7090,OK,79.200,0.44,15738.400048576295
7091,OK,100.500,0.44,15728.000027593225
7092,OK,75.000,0.44,16263.60003137961
7093,OK,79.500,0.44,15989.099978469312
7094,OK,113.800,0.44,15579.20000050217
7095,OK,118.700,0.44,15969.200001563877
7096,OK,119.700,0.44,15829.999989364296
7097,OK,129.800,0.44,15611.900016665459
7098,OK,124.200,0.44,15883.099986240268
7099,OK,141.000,0.44,15692.799992393702
7100,OK,129.600,0.44,15741.700015496463
7101,OK,162.500,0.44,15741.500013973564
7102,OK,184.300,0.44,15293.699980247766
7103,OK,80.900,0.44,15908.10000197962
7104,OK,140.400,0.44,15646.100044250488
7105,OK,62.300,0.44,15830.599993932992
7106,OK,49.600,0.44,15901.300008408725
7107,OK,39.600,0.44,16009.199956897646
7108,OK,49.100,0.44,15903.800027444959
7109,OK,48.200,0.44,15880.200022365898
7110,OK,53.600,0.44,15920.500038191676
7111,OK,56.000,0.44,15937.69999453798
7112,OK,75.200,0.44,15887.30001822114
7113,OK,84.200,0.44,15877.900004852563
7114,OK,61.400,0.44,15910.200017970055
7115,OK,54.900,0.44,15906.400047242641
7116,OK,56.100,0.44,15911.999973468482
7117,OK,62.900,0.44,15932.800015434623
7118,OK,58.000,0.44,16070.199955720454
7119,OK,67.100,0.44,15673.700021579862
7120,OK,53.000,0.44,15974.899986758828
7121,OK,47.600,0.44,15898.799989372492
7122,OK,31.200,0.44,16004.899982362986
7123,OK,48.600,0.44,15899.799996986985
7124,OK,36.700,0.44,15910.9000233002
7125,OK,57.900,0.44,15866.200032178313
7126,OK,46.100,0.44,15935.499977786094
7127,OK,61.900,0.44,15966.200036928058
7128,OK,46.500,0.44,15923.700004350394
7129,OK,47.600,0.44,15901.500009931624
7130,OK,39.800,0.44,15968.199993949383
7131,OK,57.300,0.44,15890.700044110417
7132,OK,49.000,0.44,15949.199965689331
7133,OK,59.200,0.44,15909.60001340136
7134,OK,56.600,0.44,15903.50002516061
7135,OK,51.900,0.44,15937.899996060878
7136,OK,62.600,0.44,15832.900011446327
7137,OK,42.300,0.44,15945.299994200468
7138,OK,49.100,0.44,15903.5999677144
7139,OK,62.900,0.44,15925.600018817931
7140,OK,71.200,0.44,15879.8000193201
7141,OK,71.200,0.44,15866.799978539348
7142,OK,64.600,0.44,15930.399997159839
7143,OK,61.300,0.44,15898.199984803796
7144,OK,57.300,0.44,15904.199972283095
7145,OK,51.500,0.44,15906.299988273531
7146,OK,64.700,0.44,15845.999994780868
7147,OK,55.000,0.44,16013.999993447214
7148,OK,63.300,0.44,15887.800022028387
7149,OK,58.000,0.44,15896.699973382056
7150,OK,52.100,0.44,15885.200002230704
7151,OK,74.600,0.44,15893.500007223338
7152,OK,86.000,0.44,15860.699990298599
7153,OK,70.400,0.44,15844.599984120578
7154,OK,44.300,0.44,15935.899980831891
7155,OK,56.700,0.44,15917.999960947782
7156,OK,73.800,0.44,15899.599995464087
7157,OK,48.300,0.44,15944.699989631772
7158,OK,47.100,0.44,15960.999997332692
7159,OK,58.200,0.44,15846.599999349564
7160,OK,51.300,0.44,15895.200020167977
7161,OK,50.600,0.44,15908.500005025417
7162,OK,49.600,0.44,15896.09996881336
7163,OK,49.500,0.44,15971.199958585203
7164,OK,54.900,0.44,15883.699990808964
7165,OK,58.900,0.44,15950.299974065274
7166,OK,115.200,0.44,15895.000018645078
7167,OK,69.300,0.44,15889.499976765364
7168,OK,64.700,0.44,15874.999982770532
7169,OK,64.000,0.44,15834.199963137507
7170,OK,59.700,0.44,15891.200047917664
7171,OK,54.300,0.44,15925.000014249235
7172,OK,61.100,0.44,15841.499960515648
7173,OK,55.500,0.44,15900.300000794232
7174,OK,50.600,0.44,15916.9000107795
7175,OK,67.100,0.44,15875.999990385026
7176,OK,55.500,0.44,15929.999994114041
7177,OK,61.200,0.44,15893.500007223338
7178,OK,50.100,0.44,15973.09997305274
7179,OK,68.000,0.44,15875.50004478544
7180,OK,72.400,0.44,15871.600015088916
7181,OK,64.600,0.44,15956.600022036582
7182,OK,66.400,0.44,15877.500001806766
7183,OK,59.700,0.44,15808.099997229874
7184,OK,60.100,0.44,16011.600033380091
7185,OK,82.400,0.44,15753.699990455061
7186,OK,53.100,0.44,15909.000008832663
7187,OK,68.100,0.44,15873.000025749207
7188,OK,71.300,0.44,15932.200010865927
7189,OK,52.600,0.44,15830.499993171543
7190,OK,53.600,0.44,15976.900001987815
7191,OK,62.600,0.44,15933.799964841455
7192,OK,53.600,0.44,15951.599983964115
7193,OK,61.800,0.44,15815.99999917671
7194,OK,75.700,0.44,15973.3000327833
7195,OK,87.300,0.44,15781.400026753545
7196,OK,80.800,0.44,15935.400035232306
7197,OK,64.700,0.44,15859.399980399758
7198,OK,68.500,0.44,15879.90002008155
7199,OK,69.900,0.44,15857.39996517077
7200,OK,56.700,0.44,15927.699976600707
7201,OK,92.500,0.44,15648.49994610995
7202,OK,100.200,0.44,15901.300008408725
7203,OK,73.000,0.44,15901.400009170175
7204,OK,81.500,0.44,15824.299945961684
7205,OK,105.200,0.44,15874.099975917488
7206,OK,65.800,0.44,15910.599962808192
7207,OK,136.900,0.44,15695.300011429936
7208,OK,54.800,0.44,15923.600003588945
7209,OK,59.800,0.44,15847.900009248406
7210,OK,56.200,0.44,16051.70004768297
7211,OK,56.300,0.44,15884.699998423457
7212,OK,55.100,0.44,15899.699996225536
7213,OK,77.200,0.44,15898.299985565245
7214,OK,57.400,0.44,15856.900019571185
7215,OK,50.100,0.44,15901.300008408725
7216,OK,48.000,0.44,15941.099962219596
7217,OK,50.200,0.44,15909.800014924258
7218,OK,50.100,0.44,15916.299948003143
7219,OK,49.400,0.44,15886.800014413893
7220,OK,50.800,0.44,15923.999948427081
7221,OK,48.700,0.44,15908.400004263967
7222,OK,49.700,0.44,15855.500008910894
7223,OK,64.100,0.44,15950.699977111071
7224,OK,60.500,0.44,15871.499956119806
7225,OK,48.000,0.44,15876.599994953722
7226,OK,60.600,0.44,15946.700004860759
7227,OK,64.800,0.44,15956.200018990785
7228,OK,43.100,0.44,15805.399976670742
7229,OK,53.500,0.44,15951.799985487014
7230,OK,49.500,0.44,15925.000014249235
7231,OK,48.400,0.44,15898.600046057254
7232,OK,39.000,0.44,15950.600034557283
7233,OK,49.500,0.44,15927.000029478222
7234,OK,48.500,0.44,15922.999999020249
7235,OK,43.000,0.44,15935.399977024645
7236,OK,123.800,0.44,15785.399999003857
7237,OK,65.700,0.44,15868.099988438189
7238,OK,66.800,0.44,15873.699972871691
7239,OK,67.700,0.44,15912.100032437593
7240,OK,50.900,0.44,15966.700040735304
7241,OK,60.100,0.44,15824.79994976893
7242,OK,60.100,0.44,15919.000026769936
7243,OK,70.800,0.44,15935.99998159334
7244,OK,148.000,0.44,15773.1999643147
7245,OK,58.200,0.44,15878.50000942126
7246,OK,51.400,0.44,15926.899970509112
7247,OK,53.100,0.44,15924.700011964887
7248,OK,67.500,0.44,15871.299954596907
7249,OK,55.800,0.44,15925.600018817931
7250,OK,74.300,0.44,15933.899965602905
7251,OK,57.400,0.44,15943.39997973293
7252,OK,72.300,0.44,15876.79999647662
7253,OK,245.400,0.44,15617.50000109896
7254,OK,116.600,0.44,15819.600026588887
7255,OK,64.500,0.44,15881.200029980391
7256,OK,46.500,0.44,15905.999985989183
7257,OK,43.800,0.44,15963.500016368926
7258,OK,51.100,0.44,15892.399998847395
7259,OK,60.500,0.44,15933.20001848042
7260,OK,58.100,0.44,15861.399995628744
7261,OK,83.100,0.44,15881.699975579977
7262,OK,99.200,0.44,15844.800043851137
7263,OK,98.300,0.44,15873.700031079352
7264,OK,96.200,0.44,15872.800024226308
7265,OK,71.300,0.44,15857.000020332634
7266,OK,93.500,0.44,15862.00000019744
7267,OK,65.600,0.44,15838.29999435693
7268,OK,88.500,0.44,15860.899991821498
7269,OK,94.900,0.44,15841.799962799996
7270,OK,84.400,0.44,15916.300006210804
7271,OK,83.400,0.44,15819.199965335429
7272,OK,70.100,0.44,15884.19999461621
7273,OK,90.900,0.44,15856.600017286837
7274,OK,83.300,0.44,15867.099980823696
7275,OK,101.700,0.44,15863.300010096282
7276,OK,104.700,0.44,15831.099997740239
7277,OK,92.300,0.44,15830.599993932992
7278,OK,88.100,0.44,15846.700000111014
7279,OK,87.900,0.44,15850.30002752319
7280,OK,65.100,0.44,15914.999996311963
7281,OK,86.400,0.44,15837.399987503886
7282,OK,66.000,0.44,15881.099971011281
7283,OK,69.900,0.44,15946.700004860759
7284,OK,89.500,0.44,15820.200031157583
7285,OK,87.100,0.44,15952.899993862957
7286,OK,164.700,0.44,15740.50000635907
7287,OK,157.200,0.44,15682.59997293353
7288,OK,58.600,0.44,15902.500017546117
7289,OK,70.400,0.44,15846.199996303767
7290,OK,60.900,0.44,15936.699986923486
7291,OK,71.900,0.44,15903.900028206408
7292,OK,88.100,0.44,15914.099989458919
7293,OK,65.200,0.44,15882.499981671572
7294,OK,63.000,0.44,15891.5999927558
7295,OK,65.400,0.44,15899.399993941188
7296,OK,56.600,0.44,15907.099994365126
7297,OK,77.000,0.44,15867.499983869493
7298,OK,75.400,0.44,15906.199987512082
7299,OK,62.300,0.44,15848.80001610145
7300,OK,135.500,0.44,15806.399984285235
7301,OK,61.400,0.44,15726.100013125688
7302,OK,68.300,0.44,16090.699995402247
7303,OK,89.700,0.44,15646.199986804277
7304,OK,74.400,0.44,15891.299990471452
7305,OK,85.600,0.44,15964.30002246052
7306,OK,57.100,0.44,15876.099991146475
7307,OK,145.400,0.44,15691.49998249486
7308,OK,86.700,0.44,15916.600008495152
7309,OK,58.800,0.44,15917.499957140535
7310,OK,60.600,0.44,15879.90002008155
7311,OK,73.600,0.44,15796.500025317073
7312,OK,40.100,0.44,16040.700022131205
7313,OK,59.200,0.44,15811.600023880601
7314,OK,38.500,0.44,15948.999964166433
7315,OK,45.600,0.44,15926.000021863729
7316,OK,74.600,0.44,16210.999980103225
7317,OK,50.900,0.44,15936.299983877689
7318,OK,56.400,0.44,15999.90000249818
7319,OK,73.900,0.44,16003.699973225594
7320,OK,80.900,0.44,15798.999986145645
7321,OK,119.300,0.44,15587.400004733354
7322,OK,118.800,0.44,15669.100044760853
7323,OK,71.100,0.44,15830.299991648644
7324,OK,62.800,0.44,15854.500001296401
7325,OK,45.700,0.44,16240.299970377237
7326,OK,50.300,0.44,15625.600004568696
7327,OK,50.200,0.44,16177.000012248755
7328,OK,65.500,0.44,15994.799963664263
7329,OK,63.500,0.44,15669.49998959899
7330,OK,63.400,0.44,15953.399997670203
7331,OK,71.500,0.44,15722.999989520758
7332,OK,90.000,0.44,15899.799996986985
7333,OK,77.400,0.44,15897.69998099655
7334,OK,196.500,0.44,15533.09999871999
7335,OK,68.900,0.44,15907.299995888025
7336,OK,59.000,0.44,15915.900003165007
7337,OK,48.600,0.44,15904.399973805994
7338,OK,49.900,0.44,15905.299980659038
7339,OK,51.000,0.44,15960.499993525445
7340,OK,55.700,0.44,15881.29997253418
7341,OK,50.200,0.44,15949.599968735129
7342,OK,49.500,0.44,15883.299987763166
7343,OK,52.100,0.44,16007.700003683567
7344,OK,70.100,0.44,15892.900002654642
7345,OK,134.000,0.44,15807.699994184077
7346,OK,90.800,0.44,15824.100002646446
7347,OK,60.300,0.44,15959.400043357164
7348,OK,62.700,0.44,15879.69996035099
7349,OK,56.200,0.44,15917.100012302399
7350,OK,59.300,0.44,15881.899977102876
7351,OK,50.400,0.44,15879.90002008155
7352,OK,50.600,0.44,15954.899950884283
7353,OK,64.000,0.44,15920.699981506914
7354,OK,76.600,0.44,15852.999989874661
7355,OK,100.700,0.44,15874.300035648048
7356,OK,55.700,0.44,15903.49996695295
7357,OK,53.700,0.44,15940.100012812763
7358,OK,70.700,0.44,15880.599967204034
7359,OK,59.000,0.44,15942.300029564649
7360,OK,53.700,0.44,15858.199971262366
7361,OK,77.000,0.44,15912.700037006289
7362,OK,53.200,0.44,15908.800007309765
7363,OK,60.400,0.44,15898.799989372492
7364,OK,45.000,0.44,15945.999999530613
7365,OK,50.700,0.44,15870.100003667176
7366,OK,51.100,0.44,15900.099999271333
7367,OK,49.000,0.44,15938.399999868125
7368,OK,54.200,0.44,15921.900048851967
7369,OK,56.200,0.44,15889.499976765364
7370,OK,52.300,0.44,15929.299988783896
7371,OK,67.400,0.44,15883.799991570413
7372,OK,66.400,0.44,15914.999996311963
7373,OK,56.900,0.44,15903.3999661915
7374,OK,80.100,0.44,15866.699977777898
7375,OK,58.000,0.44,15909.800014924258
7376,OK,57.900,0.44,15867.299982346594
7377,OK,55.200,0.44,15921.599988359958
7378,OK,48.500,0.44,15965.300030075014
7379,OK,54.900,0.44,15861.699997913092
7380,OK,84.100,0.44,15841.900021769106
7381,OK,73.900,0.44,15864.400018472224
7382,OK,55.100,0.44,15969.700005371124
7383,OK,55.400,0.44,15938.900003675371
7384,OK,76.000,0.44,15913.79998717457
7385,OK,56.200,0.44,15818.100015167147
7386,OK,64.800,0.44,15983.799996320158
7387,OK,54.900,0.44,15899.899997748435
7388,OK,53.900,0.44,15899.299993179739
7389,OK,64.700,0.44,15892.900002654642
7390,OK,97.900,0.44,15813.599980901927
7391,OK,48.100,0.44,15923.400002066046
7392,OK,39.000,0.44,15895.599965006113
7393,OK,58.600,0.44,15912.100032437593
7394,OK,43.100,0.44,15918.30002143979
7395,OK,52.900,0.44,15910.100017208606
7396,OK,48.600,0.44,15964.899968821555
7397,OK,47.700,0.44,15933.09995951131
7398,OK,62.900,0.44,15920.499979984015
7399,OK,56.700,0.44,15920.399979222566
7400,OK,55.700,0.44,15868.399990722537
7401,OK,69.500,0.44,15801.40000442043
7402,OK,86.500,0.44,15882.899984717369
7403,OK,62.700,0.44,15882.299980148673
7404,OK,69.800,0.44,15879.100013989955
7405,OK,59.200,0.44,15834.999969229102
7406,OK,68.300,0.44,15936.599986162037
7407,OK,52.400,0.44,15867.599984630942
7408,OK,68.900,0.44,15959.69998743385
7409,OK,52.400,0.44,15852.499986067414
7410,OK,79.800,0.44,15887.500019744039
7411,OK,55.400,0.44,15923.500002827495
7412,OK,48.900,0.44,15879.299957305193
7413,OK,45.900,0.44,15967.09998557344
7414,OK,75.500,0.44,15945.09999267757
7415,OK,60.700,0.44,15875.199984293431
7416,OK,56.900,0.44,15902.899962384254
7417,OK,66.500,0.44,15903.300023637712
7418,OK,60.400,0.44,15926.499967463315
7419,OK,60.900,0.44,15837.199985980988
7420,OK,61.400,0.44,15875.300043262541
7421,OK,95.200,0.44,15909.200010355562
7422,OK,51.500,0.44,15864.000015426427
7423,OK,54.100,0.44,15927.600034046918
7424,OK,53.200,0.44,15883.999993093312
7425,OK,50.100,0.44,15897.70003920421
7426,OK,47.000,0.44,15953.90000147745
7427,OK,47.900,0.44,15897.199977189302
7428,OK,52.700,0.44,15916.000003926456
7429,OK,56.000,0.44,15911.799971945584
7430,OK,39.600,0.44,16009.900020435452
7431,OK,141.200,0.44,15656.00000321865
7432,OK,50.100,0.44,15914.299990981817
7433,OK,53.300,0.44,15921.999991405755
7434,OK,59.600,0.44,15971.399960108101
7435,OK,142.300,0.44,15684.09998435527
7436,OK,52.500,0.44,15934.799972455949
7437,OK,61.200,0.44,15835.699974559247
7438,OK,52.800,0.44,16042.100032791495
7439,OK,74.200,0.44,15820.800035726279
7440,OK,59.300,0.44,15940.200013574213
7441,OK,58.900,0.44,15897.199977189302
7442,OK,47.400,0.44,15917.00001154095
7443,OK,44.400,0.44,15924.000006634742
7444,OK,45.100,0.44,15895.700023975223
7445,OK,46.700,0.44,15945.599996484816
7446,OK,77.100,0.44,15849.099960178137
7447,OK,50.100,0.44,15942.400030326098
7448,OK,61.200,0.44,15896.399971097708
7449,OK,59.200,0.44,15939.700009766966
7450,OK,59.300,0.44,15869.39999833703
7451,OK,57.900,0.44,15910.300018731505
7452,OK,65.600,0.44,15914.899995550513
7453,OK,73.800,0.44,15972.99997229129
7454,OK,67.300,0.44,15766.200027428567
7455,OK,76.100,0.44,15919.300029054284
7456,OK,73.600,0.44,15842.80002862215
7457,OK,70.700,0.44,15908.00000121817
7458,OK,48.800,0.44,15932.399954181165
7459,OK,49.900,0.44,15849.600022193044
7460,OK,54.400,0.44,15947.90001399815
7461,OK,51.900,0.44,15932.700014673173
7462,OK,56.200,0.44,15891.399991232902
7463,OK,51.100,0.44,15906.49998979643
7464,OK,53.900,0.44,15943.39997973293
7465,OK,59.300,0.44,15891.899995040148
7466,OK,51.200,0.44,15927.399974316359
7467,OK,72.000,0.44,15909.300011117011
7468,OK,59.200,0.44,15875.199984293431
7469,OK,59.600,0.44,15921.699989121407
7470,OK,102.800,0.44,15868.199989199638
7471,OK,51.500,0.44,15875.599987339228
7472,OK,46.300,0.44,15919.199970085174
7473,OK,42.300,0.44,15988.099970854819
7474,OK,46.700,0.44,15863.50001161918
7475,OK,40.600,0.44,15971.099957823753
7476,OK,100.500,0.44,15855.000005103648
7477,OK,59.000,0.44,15911.999973468482
7478,OK,60.600,0.44,15853.299992159009
7479,OK,53.400,0.44,15893.700008746237
7480,OK,60.500,0.44,15867.199981585145
7481,OK,91.100,0.44,15909.200010355562
7482,OK,47.000,0.44,15939.00000443682
7483,OK,58.200,0.44,15996.999980416149
7484,OK,98.800,0.44,15727.30002226308
7485,OK,64.300,0.44,15935.600036755204
7486,OK,57.900,0.44,15910.499962046742
7487,OK,52.900,0.44,15896.800032351166
7488,OK,51.500,0.44,15920.999983791262
7489,OK,50.200,0.44,15924.600011203438
7490,OK,56.500,0.44,15898.900048341602
7491,OK,54.300,0.44,15878.800011705607
7492,OK,71.100,0.44,15891.999995801598
7493,OK,73.100,0.44,15879.999962635338
7494,OK,140.900,0.44,15785.199997480959
7495,OK,101.600,0.44,15863.50001161918
7496,OK,101.500,0.44,15858.700033277273
7497,OK,92.800,0.44,15865.600027609617
7498,OK,88.400,0.44,16919.700021389872
7499,OK,95.000,0.44,14811.70003535226
7500,OK,68.300,0.44,15843.800036236644
7501,OK,79.500,0.44,15740.099945105612
7502,OK,98.100,0.44,15810.000011697412
7503,OK,88.800,0.44,15926.500025670975
7504,OK,93.400,0.44,15815.799997653812
7505,OK,80.800,0.44,15893.900010269135
7506,OK,88.600,0.44,15816.500002983958
7507,OK,91.400,0.44,15870.500006712973
7508,OK,97.000,0.44,15865.099965594709
7509,OK,83.800,0.44,15842.299966607243
7510,OK,110.300,0.44,15833.800018299371
7511,OK,79.500,0.44,15927.09997203201
7512,OK,61.600,0.44,15925.399959087372
7513,OK,66.900,0.44,15858.600032515824
7514,OK,84.800,0.44,15869.000053498894
7515,OK,85.400,0.44,15838.899998925626
7516,OK,113.100,0.44,15832.100005354732
7517,OK,84.200,0.44,15887.100016698241
7518,OK,84.300,0.44,15786.300005856901
7519,OK,46.000,0.44,15981.99998261407
7520,OK,68.100,0.44,15885.000000707805
7521,OK,96.100,0.44,15875.999990385026
7522,OK,104.200,0.44,15860.399988014251
7523,OK,80.600,0.44,15831.800003070384
7524,OK,67.900,0.44,15891.5999927558
7525,OK,74.100,0.44,15847.000002395362
7526,OK,47.400,0.44,15955.000009853393
7527,OK,52.400,0.44,15954.900009091944
7528,OK,58.000,0.44,15904.500032775104
7529,OK,49.500,0.44,15925.69996137172
7530,OK,69.800,0.44,15902.900020591915
7531,OK,55.500,0.44,15889.700036495924
7532,OK,51.700,0.44,15922.8999982588
7533,OK,61.400,0.44,15903.299965430051
7534,OK,66.400,0.44,15828.200033865869
7535,OK,69.300,0.44,15960.400050971657
7536,OK,138.100,0.44,15678.900002967566
7537,OK,46.200,0.44,15903.000021353364
7538,OK,44.700,0.44,16017.200017813593
7539,OK,55.100,0.44,15913.000039290637
7540,OK,55.300,0.44,15932.000009343028
7541,OK,54.100,0.44,15876.499994192272
7542,OK,61.500,0.44,15946.900006383657
7543,OK,109.800,0.44,15801.800007466227
7544,OK,90.300,0.44,15875.50004478544
7545,OK,55.500,0.44,15895.500022452325
7546,OK,61.500,0.44,15885.90000756085
7547,OK,42.000,0.44,15971.70002060011
7548,OK,74.600,0.44,15850.799973122776
7549,OK,48.300,0.44,15909.60001340136
7550,OK,41.200,0.44,16161.000006832182
7551,OK,46.900,0.44,15910.499962046742
7552,OK,52.200,0.44,15734.300017356873
7553,OK,49.500,0.44,16022.800002247095
7554,OK,48.000,0.44,15940.000012051314
7555,OK,60.400,0.44,16204.799991101027
7556,OK,88.800,0.44,15803.799964487553
7557,OK,91.600,0.44,15515.39998035878
7558,OK,79.600,0.44,15891.69999351725
7559,OK,87.500,0.44,16148.799972143024
7560,OK,127.600,0.44,16016.10000943765
7561,OK,137.500,0.44,15707.99999171868
7562,OK,168.000,0.44,15457.300003618002
7563,OK,120.800,0.44,15758.999972604215
7564,OK,81.700,0.44,16177.500016056001
7565,OK,72.000,0.44,15879.8000193201
7566,OK,72.800,0.44,15503.50000616163
7567,OK,84.000,0.44,15888.200025074184
7568,OK,62.700,0.44,15891.899995040148
7569,OK,68.200,0.44,15907.499997410923
7570,OK,141.100,0.44,15755.000000353903
7571,OK,57.900,0.44,15832.100005354732
7572,OK,45.900,0.44,15919.500030577183
7573,OK,48.000,0.44,15951.599983964115
7574,OK,56.800,0.44,15908.800007309765
7575,OK,52.800,0.44,15939.00000443682
7576,OK,46.700,0.44,15890.799986664206
7577,OK,60.400,0.44,15942.10002804175
7578,OK,62.000,0.44,15888.999972958118
7579,OK,62.800,0.44,15938.299999106675
7580,OK,51.600,0.44,15908.500005025417
7581,OK,59.700,0.44,15902.900020591915
7582,OK,45.900,0.44,15914.299990981817
7583,OK,47.600,0.44,15986.300015356392
7584,OK,53.500,0.44,15847.600006964058
7585,OK,68.700,0.44,15904.699976090342
7586,OK,60.200,0.44,15885.70000603795
7587,OK,44.200,0.44,15917.900018393993
7588,OK,31.000,0.44,15885.200002230704
7589,OK,40.600,0.44,15991.499996744096
7590,OK,58.300,0.44,15905.199979897588
7591,OK,37.700,0.44,15957.099967636168
7592,OK,55.900,0.44,15867.799986153841
7593,OK,43.100,0.44,16030.600003432482
7594,OK,46.400,0.44,15905.1000373438
7595,OK,33.700,0.44,15950.099972542375
7596,OK,40.300,0.44,15912.40003472194
7597,OK,47.000,0.44,15913.699986413121
7598,OK,37.700,0.44,15951.300039887428
7599,OK,46.500,0.44,15909.100009594113
7600,OK,35.900,0.44,15952.199988532811
7601,OK,49.700,0.44,15868.299989961088
7602,OK,48.300,0.44,15947.600011713803
7603,OK,54.400,0.44,15894.49995663017
7604,OK,49.800,0.44,15940.400015097111
7605,OK,69.200,0.44,15888.899972196668
7606,OK,63.100,0.44,15878.0999481678
7607,OK,52.800,0.44,15932.799957226962
7608,OK,49.400,0.44,15919.400029815733
7609,OK,65.800,0.44,15918.29996323213
7610,OK,53.200,0.44,15862.300002481788
7611,OK,57.200,0.44,15938.900003675371
7612,OK,39.300,0.44,15937.999996822327
7613,OK,45.000,0.44,15901.700011454523
7614,OK,47.900,0.44,15934.299968648702
7615,OK,50.900,0.44,15952.899993862957
7616,OK,56.700,0.44,15882.499981671572
7617,OK,53.700,0.44,15932.000009343028
7618,OK,63.500,0.44,15886.200009845197
7619,OK,56.400,0.44,15894.900017883629
7620,OK,126.200,0.44,15807.29999113828
7621,OK,67.300,0.44,15851.899981498718
7622,OK,56.700,0.44,15912.799979560077
7623,OK,52.500,0.44,15836.89998369664
7624,OK,74.100,0.44,15953.399997670203
7625,OK,53.200,0.44,15866.60003522411
7626,OK,49.400,0.44,15911.1000248231
7627,OK,46.500,0.44,15859.399980399758
7628,OK,44.700,0.44,15994.00001578033
7629,OK,48.900,0.44,15965.600032359362
7630,OK,48.200,0.44,15936.299983877689
7631,OK,64.700,0.44,15865.499968640506
7632,OK,67.500,0.44,15911.599970422685
7633,OK,58.600,0.44,15983.299992512912
7634,OK,62.800,0.44,15757.700020913035
7635,OK,59.000,0.44,15890.399983618408
7636,OK,59.600,0.44,15896.900033112615
7637,OK,58.200,0.44,15947.300009429455
7638,OK,52.200,0.44,15861.699997913092
7639,OK,54.000,0.44,15902.099956292659
7640,OK,62.400,0.44,15950.000029988587
7641,OK,55.300,0.44,15921.29998607561
7642,OK,88.000,0.44,15889.200032688677
7643,OK,87.100,0.44,15800.199995283037
7644,OK,54.800,0.44,15912.899980321527
7645,OK,75.200,0.44,15944.499988108873
7646,OK,82.400,0.44,15835.599973797798
7647,OK,66.600,0.44,15849.700022954494
7648,OK,64.300,0.44,15979.699965100735
7649,OK,49.600,0.44,15885.500004515052
7650,OK,53.500,0.44,15960.599994286895
7651,OK,56.400,0.44,15859.399980399758
7652,OK,79.400,0.44,15848.099952563643
7653,OK,55.100,0.44,15922.399994451553
7654,OK,48.600,0.44,15919.700032100081
7655,OK,50.600,0.44,15885.000000707805
7656,OK,47.600,0.44,15928.200038615614
7657,OK,44.100,0.44,15907.599998172373
7658,OK,36.700,0.44,15959.199983626604
7659,OK,56.900,0.44,15968.59999699518
7660,OK,62.200,0.44,15922.199992928654
7661,OK,53.300,0.44,15956.999966874719
7662,OK,66.300,0.44,15843.799978028983
7663,OK,80.400,0.44,15850.399970076978
7664,OK,121.300,0.44,15779.700013808906
7665,OK,60.000,0.44,15895.600023213774
7666,OK,59.200,0.44,15880.800026934594
7667,OK,56.900,0.44,15943.199978210032
7668,OK,55.800,0.44,15934.299968648702
7669,OK,58.700,0.44,15887.900022789836
7670,OK,48.400,0.44,15853.599994443357
7671,OK,44.300,0.44,15982.700046151876
7672,OK,45.300,0.44,15889.400034211576
7673,OK,46.400,0.44,15975.499991327524
7674,OK,61.000,0.44,15887.500019744039
7675,OK,49.800,0.44,15944.499988108873
7676,OK,60.100,0.44,15882.199979387224
7677,OK,51.100,0.44,15923.600003588945
7678,OK,47.800,0.44,15900.400001555681
7679,OK,48.800,0.44,15947.200008668005
7680,OK,50.900,0.44,15913.599985651672
7681,OK,49.200,0.44,15833.300014492124
7682,OK,33.400,0.44,15960.499993525445
7683,OK,43.000,0.44,15931.100002489984
7684,OK,37.000,0.44,15981.89998185262
7685,OK,55.400,0.44,15894.099953584373
7686,OK,51.300,0.44,15916.69995104894
7687,OK,66.900,0.44,15865.10002380237
7688,OK,61.400,0.44,15887.19995925203
7689,OK,49.100,0.44,15942.199970595539
7690,OK,48.000,0.44,15911.099966615438
7691,OK,51.300,0.44,15923.999948427081
7692,OK,41.200,0.44,15997.799986507744
7693,OK,85.600,0.44,15845.099987927824
7694,OK,55.500,0.44,15821.599983610213
7695,OK,84.800,0.44,15883.699990808964
7696,OK,66.000,0.44,15924.800012726337
7697,OK,63.700,0.44,15893.20000493899
7698,OK,65.900,0.44,15927.30003176257
7699,OK,74.500,0.44,15861.699997913092
7700,OK,51.300,0.44,15925.999963656068
7701,OK,62.900,0.44,15789.40002946183
7702,OK,156.900,0.44,15778.100001625717
7703,OK,68.400,0.44,15868.10004664585
7704,OK,78.600,0.44,15879.299957305193
7705,OK,71.300,0.44,15896.499971859157
7706,OK,56.400,0.44,15898.499987088144
7707,OK,49.400,0.44,15935.699979308993
7708,OK,56.700,0.44,15895.800024736673
7709,OK,50.400,0.44,15932.300011627376
7710,OK,61.400,0.44,15890.09998133406
7711,OK,52.000,0.44,15894.100011792034
7712,OK,130.200,0.44,15835.600032005459
7713,OK,70.800,0.44,15926.800027955323
7714,OK,63.600,0.44,15815.799997653812
7715,OK,58.100,0.44,15910.000016447157
7716,OK,61.700,0.44,15901.500009931624
7717,OK,59.300,0.44,15897.099976427853
7718,OK,77.900,0.44,15881.999977864325
7719,OK,58.100,0.44,15859.299979638308
7720,OK,74.800,0.44,15875.899989623576
7721,OK,68.000,0.44,15929.699991829693
7722,OK,57.900,0.44,15884.099993854761
7723,OK,78.900,0.44,15836.89998369664
7724,OK,77.600,0.44,15924.700011964887
7725,OK,62.600,0.44,15867.199981585145
7726,OK,79.000,0.44,15905.800042673945
7727,OK,101.300,0.44,15791.199984960258
7728,OK,105.800,0.44,15852.899989113212
7729,OK,143.000,0.44,15748.500009067357
7730,OK,83.200,0.44,15917.900018393993
7731,OK,68.500,0.44,15873.299969825894
7732,OK,83.300,0.44,15881.30003074184
7733,OK,77.900,0.44,15859.900042414665
7734,OK,81.700,0.44,15850.699972361326
7735,OK,77.300,0.44,15957.600029651076
7736,OK,91.700,0.44,15805.899980477989
7737,OK,83.100,0.44,15845.79999325797
7738,OK,83.400,0.44,15874.799981247634
7739,OK,88.200,0.44,15859.699982684106
7740,OK,104.900,0.44,15833.600016776472
7741,OK,79.700,0.44,15874.0000333637
7742,OK,86.000,0.44,15862.00000019744
7743,OK,109.600,0.44,15850.100026000291
7744,OK,58.500,0.44,15877.500001806766
7745,OK,83.600,0.44,15873.300028033555
7746,OK,70.500,0.44,15880.899969488382
7747,OK,85.900,0.44,15935.299976263195
7748,OK,158.700,0.44,15790.699981153011
7749,OK,172.200,0.44,15578.499995172024
7750,OK,58.500,0.44,15896.600030828267
7751,OK,48.100,0.44,15937.49999301508
7752,OK,55.800,0.44,15979.499963577837
7753,OK,64.900,0.44,15959.999989718199
7754,OK,66.400,0.44,15898.199984803796
7755,OK,52.800,0.44,15895.700023975223
7756,OK,56.200,0.44,15903.899969998747
7757,OK,71.000,0.44,15894.000011030585
7758,OK,56.900,0.44,15911.499969661236
7759,OK,69.800,0.44,15789.39997125417
7760,OK,87.200,0.44,15955.30001213774
7761,OK,60.700,0.44,15893.499949015677
7762,OK,163.700,0.44,15776.499989442527
7763,OK,60.100,0.44,15784.500050358474
7764,OK,91.800,0.44,15937.399992253631
7765,OK,87.400,0.44,15846.099995542318
7766,OK,75.900,0.44,15809.800010174513
7767,OK,47.100,0.44,15991.699998266995
7768,OK,85.900,0.44,15838.099992834032
7769,OK,85.600,0.44,15918.000019155443
7770,OK,52.300,0.44,15847.30000467971
7771,OK,47.400,0.44,15971.599961631
7772,OK,63.500,0.44,15882.69998319447
7773,OK,45.100,0.44,16264.99998383224
7774,OK,120.600,0.44,15454.59998305887
7775,OK,48.400,0.44,16115.599952172488
7776,OK,61.700,0.44,15785.900002811104
7777,OK,55.400,0.44,16401.599976234138
7778,OK,66.400,0.44,15411.70000564307
7779,OK,84.900,0.44,15787.90001804009
7780,OK,63.500,0.44,15909.000008832663
7781,OK,77.900,0.44,16305.700002703816
7782,OK,60.100,0.44,15766.000025905669
7783,OK,52.100,0.44,15751.700033433735
7784,OK,53.000,0.44,16062.999959103763
7785,OK,65.500,0.44,15788.300021085888
7786,OK,111.500,0.44,15807.29999113828
7787,OK,137.800,0.44,16249.799984507263
7788,OK,119.400,0.44,15280.899999197572
7789,OK,125.000,0.44,15901.499951723963
7790,OK,160.300,0.44,15603.300009388477
7791,OK,93.700,0.44,15904.500032775104
7792,OK,248.800,0.44,15636.999974958599
7793,OK,106.300,0.44,15712.700027506799
7794,OK,50.300,0.44,15967.399987857789
7795,OK,49.300,0.44,15986.400016117841
7796,OK,65.500,0.44,15855.800011195242
7797,OK,84.900,0.44,15879.099955782294
7798,OK,64.500,0.44,15961.900004185736
7799,OK,82.100,0.44,15843.099972698838
7800,OK,60.000,0.44,15878.50000942126
7801,OK,58.800,0.44,15880.700026173145
7802,OK,84.800,0.44,15720.200026407838
7803,OK,46.600,0.44,15947.600011713803
7804,OK,51.800,0.44,15980.299969669431
7805,OK,57.700,0.44,15885.000000707805
7806,OK,62.100,0.44,15827.600029297173
7807,OK,78.200,0.44,15896.399971097708
7808,OK,71.300,0.44,15898.99999089539
7809,OK,77.900,0.44,15930.699999444187
7810,OK,44.900,0.44,15860.300045460463
7811,OK,63.900,0.44,15928.600041661412
7812,OK,57.500,0.44,15927.399974316359
7813,OK,58.500,0.44,15882.200037594885
7814,OK,45.100,0.44,15889.299975242466
7815,OK,49.700,0.44,15983.799996320158
7816,OK,66.300,0.44,15870.69995002821
7817,OK,52.600,0.44,15906.799992080778
7818,OK,51.300,0.44,15945.199993439019
7819,OK,59.200,0.44,15898.699988611042
7820,OK,46.400,0.44,15920.599980745465
7821,OK,55.300,0.44,15916.600008495152
7822,OK,60.900,0.44,15886.600012890995
7823,OK,57.500,0.44,15966.599981766194
7824,OK,57.800,0.44,15828.499977942556
7825,OK,69.300,0.44,15915.29999859631
7826,OK,58.300,0.44,15881.399973295629
7827,OK,54.100,0.44,15916.000003926456
7828,OK,52.800,0.44,15918.200020678341
7829,OK,55.100,0.44,15898.200043011457
7830,OK,50.100,0.44,15925.200015772134
7831,OK,65.500,0.44,15959.499985910952
7832,OK,57.400,0.44,15854.899946134537
7833,OK,57.200,0.44,15962.000004947186
7834,OK,54.200,0.44,15881.499974057078
7835,OK,55.700,0.44,15882.600040640682
7836,OK,50.600,0.44,15901.400009170175
7837,OK,43.400,0.44,15964.499965775758
7838,OK,61.600,0.44,15935.599978547543
7839,OK,43.000,0.44,15846.299997065216
7840,OK,45.200,0.44,15850.999974645674
7841,OK,55.800,0.44,16016.2000101991
7842,OK,64.800,0.44,15908.00000121817
7843,OK,56.100,0.44,15917.799959424883
7844,OK,58.200,0.44,15897.000033874065
7845,OK,81.600,0.44,15884.799999184906
7846,OK,81.800,0.44,15806.799987331033
7847,OK,64.000,0.44,15902.500017546117
7848,OK,58.800,0.44,15926.500025670975
7849,OK,57.900,0.44,15869.599999859929
7850,OK,83.700,0.44,15847.400005441159
7851,OK,95.500,0.44,15850.500029046088
7852,OK,71.300,0.44,15971.999964676797
7853,OK,64.400,0.44,15852.099983021617
7854,OK,53.900,0.44,15925.90002110228
7855,OK,73.700,0.44,15844.899986404926
7856,OK,90.200,0.44,15871.600015088916
7857,OK,53.300,0.44,15917.300013825297
7858,OK,43.000,0.44,15910.99996585399
7859,OK,44.000,0.44,15956.80002355948
7860,OK,57.300,0.44,15876.100049354136
7861,OK,47.400,0.44,15968.79999851808
7862,OK,59.100,0.44,15911.300026345998
7863,OK,72.900,0.44,15957.499970681965
7864,OK,65.200,0.44,15822.299988940358
7865,OK,58.800,0.44,15938.700002152473
7866,OK,68.400,0.44,15931.100002489984
7867,OK,72.800,0.44,15759.599977172911
7868,OK,64.600,0.44,15924.40000968054
7869,OK,53.600,0.44,15958.599979057908
7870,OK,58.500,0.44,15917.600016109645
7871,OK,76.500,0.44,15856.700018048286
7872,OK,57.000,0.44,15948.600019328296
7873,OK,55.600,0.44,15857.400023378432
7874,OK,53.100,0.44,15922.499995213002
7875,OK,53.700,0.44,15952.999994624406
7876,OK,60.100,0.44,15870.69995002821
7877,OK,53.600,0.44,15917.800017632544
7878,OK,70.200,0.44,15891.399991232902
7879,OK,70.700,0.44,15884.29999537766
7880,OK,50.300,0.44,15955.200011376292
7881,OK,51.600,0.44,15888.90003040433
7882,OK,46.900,0.44,15888.999972958118
7883,OK,48.100,0.44,15925.000014249235
7884,OK,48.700,0.44,15958.39997753501
7885,OK,78.400,0.44,15813.800040632486
7886,OK,44.500,0.44,15946.200001053512
7887,OK,50.200,0.44,15963.900019414723
7888,OK,160.100,0.44,15679.90001058206
7889,OK,80.300,0.44,15859.10003632307
7890,OK,57.400,0.44,15939.500008244067
7891,OK,61.100,0.44,15872.39996297285
7892,OK,68.900,0.44,15932.400012388825
7893,OK,84.700,0.44,15903.100022114813
7894,OK,53.900,0.44,15844.19998107478
7895,OK,53.000,0.44,15899.799996986985
7896,OK,55.900,0.44,15903.000021353364
7897,OK,42.300,0.44,15950.800036080182
7898,OK,46.900,0.44,15877.800004091114
7899,OK,45.000,0.44,15938.500000629574
7900,OK,47.700,0.44,15916.80001001805
7901,OK,74.000,0.44,15855.700010433793
7902,OK,57.300,0.44,15916.200005449355
7903,OK,69.500,0.44,15844.09998031333
7904,OK,53.200,0.44,15943.400037940592
7905,OK,81.000,0.44,15921.19998531416
7906,OK,69.700,0.44,15829.899988602847
7907,OK,54.800,0.44,15913.399984128773
7908,OK,52.800,0.44,15907.90000045672
7909,OK,54.200,0.44,15959.700045641512
7910,OK,76.500,0.44,15819.499967619777
7911,OK,68.200,0.44,15925.70001957938
7912,OK,73.600,0.44,15894.500014837831
7913,OK,62.500,0.44,15871.799958404154
7914,OK,51.400,0.44,15950.699977111071
7915,OK,57.200,0.44,15894.500014837831
7916,OK,55.200,0.44,15972.399967722595
7917,OK,74.300,0.44,15870.100003667176
7918,OK,87.100,0.44,15822.600049432367
7919,OK,75.400,0.44,15870.300005190074
7920,OK,58.800,0.44,15928.899985738099
7921,OK,62.100,0.44,15867.599984630942
7922,OK,57.500,0.44,15905.600041151047
7923,OK,62.800,0.44,15876.79999647662
7924,OK,71.100,0.44,15896.899974904954
7925,OK,55.000,0.44,15915.39999935776
7926,OK,56.100,0.44,15941.700024995953
7927,OK,85.500,0.44,15773.20002252236
7928,OK,62.200,0.44,15995.999972801656
7929,OK,48.200,0.44,15932.600013911724
7930,OK,54.500,0.44,15923.099999781698
7931,OK,71.200,0.44,15821.700042579323
7932,OK,69.900,0.44,16003.600030671805
7933,OK,61.400,0.44,15850.09996779263
7934,OK,52.300,0.44,15922.299993690103
7935,OK,55.500,0.44,15890.600043348968
7936,OK,107.200,0.44,15779.700013808906
7937,OK,97.700,0.44,15859.10003632307
7938,OK,42.600,0.44,15881.000028457493
7939,OK,37.500,0.44,15968.300052918494
7940,OK,44.900,0.44,15930.900000967085
7941,OK,39.800,0.44,15923.800005111843
7942,OK,40.300,0.44,16202.69997511059
7943,OK,186.200,0.44,15495.600004214793
7944,OK,53.300,0.44,15943.59998125583
7945,OK,70.100,0.44,15896.699973382056
7946,OK,74.700,0.44,15873.500029556453
7947,OK,71.400,0.44,15886.399953160435
7948,OK,51.900,0.44,15895.399963483214
7949,OK,51.800,0.44,15897.200035396963
7950,OK,44.200,0.44,15904.299973044544
7951,OK,64.100,0.44,15900.70000384003
7952,OK,73.900,0.44,15893.900010269135
7953,OK,66.800,0.44,15887.40001898259
7954,OK,82.000,0.44,15865.899971686304
7955,OK,86.500,0.44,15856.900019571185
7956,OK,67.100,0.44,15857.099962886423
7957,OK,80.300,0.44,15878.899954259396
7958,OK,86.200,0.44,15919.79997465387
7959,OK,88.200,0.44,15833.600016776472
7960,OK,63.900,0.44,15848.000010009855
7961,OK,96.200,0.44,15847.500006202608
7962,OK,83.300,0.44,15849.299961701035
7963,OK,102.200,0.44,15841.000014916062
7964,OK,69.500,0.44,15873.79997363314
7965,OK,100.000,0.44,15881.599974818528
7966,OK,164.500,0.44,15751.999977510422
7967,OK,68.000,0.44,15960.599994286895
7968,OK,102.900,0.44,15781.400026753545
7969,OK,61.400,0.44,15899.399993941188
7970,OK,77.500,0.44,15827.99997413531
7971,OK,59.000,0.44,15954.800008330494
7972,OK,59.400,0.44,15843.900036998093
7973,OK,80.700,0.44,15863.300010096282
7974,OK,65.300,0.44,15913.099981844425
7975,OK,86.600,0.44,15894.80001712218
7976,OK,71.000,0.44,15865.900029893965
7977,OK,96.600,0.44,15893.700008746237
7978,OK,133.400,0.44,15737.899986561388
7979,OK,83.900,0.44,15847.30000467971
7980,OK,67.000,0.44,15893.20000493899
7981,OK,54.600,0.44,15849.699964746833
7982,OK,47.700,0.44,15899.499994702637
7983,OK,38.600,0.44,16002.000018488616
7984,OK,43.000,0.44,15938.199998345226
7985,OK,39.900,0.44,15936.900046654046
7986,OK,47.400,0.44,15931.100002489984
7987,OK,47.000,0.44,15926.999971270561
7988,OK,46.400,0.44,15948.499960359186
7989,OK,69.100,0.44,15887.900022789836
7990,OK,53.000,0.44,15942.699974402785
7991,OK,52.900,0.44,15917.100012302399
7992,OK,50.200,0.44,15897.299977950752
7993,OK,57.100,0.44,15879.599959589541
7994,OK,51.800,0.44,15957.299969159067
7995,OK,169.500,0.44,15704.399964306504
7996,OK,90.400,0.44,15940.900018904358
7997,OK,96.000,0.44,15751.199971418828
7998,OK,104.900,0.44,15931.300004012883
7999,OK,77.100,0.44,15869.700000621378
8000,OK,80.900,0.44,15838.199993595481
8001,OK,87.800,0.44,15718.800015747547
8002,OK,97.400,0.44,15872.699965257198
8003,OK,55.700,0.44,15925.299958325922
8004,OK,57.800,0.44,15914.799994789064
8005,OK,60.500,0.44,15879.899961873889
8006,OK,59.600,0.44,15922.499995213002
8007,OK,49.400,0.44,15995.499968994409
8008,OK,78.700,0.44,15865.899971686304
8009,OK,73.700,0.44,16107.90000995621
8010,OK,98.700,0.44,15815.399994608015
8011,OK,103.600,0.44,15600.099985022098
8012,OK,79.600,0.44,15851.300035137683
8013,OK,64.800,0.44,15825.10001026094
8014,OK,63.500,0.44,16208.100016228855
8015,OK,48.400,0.44,15662.699996028095
8016,OK,46.300,0.44,15908.00000121817
8017,OK,50.800,0.44,15999.099996406585
8018,OK,84.200,0.44,15929.299988783896
8019,OK,101.900,0.44,16012.400039471686
8020,OK,111.500,0.44,15893.900010269135
8021,OK,144.400,0.44,15854.099998250604
8022,OK,130.000,0.44,15823.299996554852
8023,OK,128.600,0.44,15471.800055820495
8024,OK,113.300,0.44,15827.000024728477
8025,OK,114.400,0.44,15649.699955247343
8026,OK,113.100,0.44,15805.8000379242
8027,OK,53.600,0.44,15898.799989372492
8028,OK,87.700,0.44,16007.799946237355
8029,OK,46.100,0.44,15805.79997971654
8030,OK,51.000,0.44,15930.599998682737
8031,OK,45.200,0.44,15900.300000794232
8032,OK,49.100,0.44,15915.700001642108
8033,OK,52.600,0.44,15911.999973468482
8034,OK,52.200,0.44,15908.500005025417
8035,OK,49.500,0.44,15952.400048263371
8036,OK,65.000,0.44,15898.699988611042
8037,OK,58.100,0.44,15945.499995723367
8038,OK,62.100,0.44,15838.499995879829
8039,OK,56.500,0.44,15944.99999191612
8040,OK,59.800,0.44,15866.799978539348
8041,OK,74.000,0.44,15932.900016196072
8042,OK,85.700,0.44,15821.400040294975
8043,OK,68.400,0.44,15877.199999522418
8044,OK,67.500,0.44,15896.30002854392
8045,OK,65.900,0.44,15895.300020929426
8046,OK,56.700,0.44,15875.100041739643
8047,OK,53.200,0.44,15932.800015434623
8048,OK,58.800,0.44,15843.299974221736
8049,OK,63.200,0.44,15957.700030412525
8050,OK,53.600,0.44,15912.29997575283
8051,OK,60.500,0.44,15887.000015936792
8052,OK,71.400,0.44,15895.100019406527
8053,OK,60.600,0.44,15914.10004766658
8054,OK,50.300,0.44,15928.000037092716
8055,OK,60.400,0.44,15921.800048090518
8056,OK,59.900,0.44,15850.299969315529
8057,OK,52.500,0.44,15944.699989631772
8058,OK,53.200,0.44,15861.599997151643
8059,OK,46.400,0.44,15937.299991492182
8060,OK,54.400,0.44,15903.300023637712
8061,OK,59.600,0.44,15928.6999842152
8062,OK,53.900,0.44,15929.499990306795
8063,OK,56.500,0.44,15837.499988265336
8064,OK,51.500,0.44,15967.499988619238
8065,OK,52.700,0.44,15903.60002592206
8066,OK,44.800,0.44,15864.400018472224
8067,OK,42.900,0.44,15906.299988273531
8068,OK,51.800,0.44,16012.700041756034
8069,OK,60.700,0.44,15940.300014335662
8070,OK,57.500,0.44,15844.799985643476
8071,OK,78.700,0.44,15901.000006124377
8072,OK,51.300,0.44,15904.600033536553
8073,OK,58.000,0.44,15894.500014837831
8074,OK,46.800,0.44,15901.800012215972
8075,OK,37.500,0.44,15949.100023135543
8076,OK,43.800,0.44,15885.90000756085
8077,OK,42.300,0.44,15880.000020843
8078,OK,44.700,0.44,15960.599994286895
8079,OK,54.900,0.44,15899.699996225536
8080,OK,54.800,0.44,15949.60002694279
8081,OK,52.800,0.44,15902.599960099906
8082,OK,59.800,0.44,15830.599993932992
8083,OK,49.500,0.44,15971.000015269965
8084,OK,54.700,0.44,15876.100049354136
8085,OK,52.500,0.44,16004.200035240501
8086,OK,51.200,0.44,15906.299988273531
8087,OK,50.100,0.44,15935.300034470856
8088,OK,57.100,0.44,15899.499994702637
8089,OK,61.300,0.44,15910.9000233002
8090,OK,54.900,0.44,15946.60000409931
8091,OK,109.500,0.44,15735.99997209385
8092,OK,52.600,0.44,15892.099996563047
8093,OK,77.800,0.44,15997.399983461946
8094,OK,69.700,0.44,15761.399990879
8095,OK,57.400,0.44,15919.500030577183
8096,OK,52.900,0.44,15932.100010104477
8097,OK,74.000,0.44,15897.199977189302
8098,OK,53.700,0.44,15926.999971270561
8099,OK,50.300,0.44,15839.100000448525
8100,OK,51.500,0.44,15980.200027115643
8101,OK,58.200,0.44,15787.800017278641
8102,OK,47.100,0.44,15916.600008495152
8103,OK,48.000,0.44,15917.400014586747
8104,OK,75.300,0.44,15857.200021855533
8105,OK,56.800,0.44,15938.399999868125
8106,OK,82.400,0.44,15837.999992072582
8107,OK,58.000,0.44,15927.30003176257
8108,OK,52.800,0.44,15951.200039125979
8109,OK,56.800,0.44,15855.500008910894
8110,OK,53.300,0.44,15889.299975242466
8111,OK,90.100,0.44,15860.199986491352
8112,OK,60.000,0.44,15910.600021015853
8113,OK,81.400,0.44,15883.399988524616
8114,OK,62.300,0.44,15908.700006548315
8115,OK,69.900,0.44,15944.099985063076
8116,OK,60.700,0.44,15924.40000968054
8117,OK,66.500,0.44,15868.199989199638
8118,OK,56.800,0.44,15961.500001139939
8119,OK,64.300,0.44,15837.899991311133
8120,OK,54.700,0.44,15958.599979057908
8121,OK,82.300,0.44,15814.200043678284
8122,OK,60.500,0.44,15935.000032186508
8123,OK,77.100,0.44,15872.199961449951
8124,OK,140.100,0.44,15733.10000821948
8125,OK,75.600,0.44,15886.199951637536
8126,OK,41.200,0.44,15960.399992763996
8127,OK,44.700,0.44,15906.799992080778
8128,OK,49.000,0.44,15899.799996986985
8129,OK,66.000,0.44,15862.00000019744
8130,OK,60.700,0.44,15916.100004687905
8131,OK,49.600,0.44,15908.400004263967
8132,OK,46.600,0.44,15931.900008581579
8133,OK,47.800,0.44,15928.299981169403
8134,OK,46.500,0.44,15921.499987598509
8135,OK,48.100,0.44,15921.799989882857
8136,OK,47.600,0.44,15923.400002066046
8137,OK,47.900,0.44,15924.600011203438
8138,OK,49.800,0.44,15926.099964417517
8139,OK,69.600,0.44,15889.200032688677
8140,OK,53.000,0.44,15898.799989372492
8141,OK,47.300,0.44,15928.299981169403
8142,OK,50.000,0.44,15916.9000107795
8143,OK,52.000,0.44,15901.600010693073
8144,OK,47.000,0.44,15898.199984803796
8145,OK,36.700,0.44,15959.89998895675
8146,OK,43.200,0.44,15933.599963318557
8147,OK,45.900,0.44,15919.89997541532
8148,OK,45.300,0.44,15932.599955704063
8149,OK,43.100,0.44,15938.500000629574
8150,OK,50.200,0.44,15883.00004368648
8151,OK,44.800,0.44,15961.099998094141
8152,OK,67.800,0.44,15963.899961207062
8153,OK,58.600,0.44,15922.80005570501
8154,OK,55.800,0.44,15893.800009507686
8155,OK,55.900,0.44,15897.799981757998
8156,OK,49.600,0.44,15944.500046316534
8157,OK,149.600,0.44,15720.400027930737
8158,OK,63.800,0.44,15821.200038772076
8159,OK,44.000,0.44,16014.399996493012
8160,OK,44.200,0.44,15907.299995888025
8161,OK,44.200,0.44,15954.0000022389
8162,OK,47.000,0.44,15870.100003667176
8163,OK,41.000,0.44,15975.799993611872
8164,OK,102.200,0.44,15899.799996986985
8165,OK,61.300,0.44,15886.200009845197
8166,OK,51.200,0.44,15864.900022279471
8167,OK,62.100,0.44,15861.799998674542
8168,OK,60.700,0.44,15903.5999677144
8169,OK,62.500,0.44,15931.60000629723
8170,OK,63.000,0.44,15915.199997834861
8171,OK,57.100,0.44,15923.800005111843
8172,OK,80.700,0.44,15836.89998369664
8173,OK,61.100,0.44,15872.700023464859
8174,OK,116.200,0.44,15798.099979292601
8175,OK,54.500,0.44,15896.500030066818
8176,OK,45.600,0.44,15918.100019916892
8177,OK,44.100,0.44,15986.60001764074
8178,OK,84.900,0.44,15815.399994608015
8179,OK,45.300,0.44,15934.799972455949
8180,OK,63.000,0.44,15927.700034808367
8181,OK,70.600,0.44,15925.400017295033
8182,OK,90.800,0.44,15832.900011446327
8183,OK,93.300,0.44,15836.000035051256
8184,OK,86.800,0.44,15869.39999833703
8185,OK,90.700,0.44,15845.399990212172
8186,OK,88.600,0.44,15862.500004004687
8187,OK,85.900,0.44,15851.200034376234
8188,OK,87.700,0.44,15851.299976930022
8189,OK,83.600,0.44,15863.800013903528
8190,OK,135.600,0.44,15771.300008054823
8191,OK,96.500,0.44,15871.700015850365
8192,OK,102.400,0.44,15820.699976757169
8193,OK,84.700,0.44,15728.90003444627
8194,OK,98.200,0.44,16204.999992623925
8195,OK,95.500,0.44,15522.90003746748
8196,OK,86.900,0.44,15868.699993006885
8197,OK,99.800,0.44,15847.20000391826
8198,OK,66.200,0.44,15866.70003598556
8199,OK,73.000,0.44,15910.299960523844
8200,OK,93.500,0.44,15813.799982424825
8201,OK,117.700,0.44,15689.599968027323
8202,OK,108.100,0.44,15836.499980650842
8203,OK,77.900,0.44,15859.599981922656
8204,OK,99.600,0.44,15834.599966183305
8205,OK,89.500,0.44,15859.799983445555
8206,OK,68.200,0.44,15850.399970076978
8207,OK,47.600,0.44,15977.800008840859
8208,OK,107.800,0.44,15849.000017624348
8209,OK,85.000,0.44,15914.299990981817
8210,OK,135.000,0.44,15782.799979206175
8211,OK,86.000,0.44,15780.60002066195
8212,OK,64.000,0.44,15884.39999613911
8213,OK,63.100,0.44,15931.900008581579
8214,OK,52.700,0.44,15916.000003926456
8215,OK,51.300,0.44,15932.500013150275
8216,OK,62.700,0.44,15932.200010865927
8217,OK,54.100,0.44,15950.100030750036
8218,OK,77.600,0.44,15813.599980901927
8219,OK,53.800,0.44,15951.999987009913
8220,OK,55.600,0.44,15889.500034973025
8221,OK,58.800,0.44,15911.799971945584
8222,OK,57.800,0.44,15934.6999716945
8223,OK,62.400,0.44,15867.599984630942
8224,OK,88.000,0.44,15815.499995369464
8225,OK,49.400,0.44,15878.000005614012
8226,OK,42.400,0.44,15931.200003251433
8227,OK,44.400,0.44,15933.000016957521
8228,OK,68.000,0.44,15871.800016611814
8229,OK,55.400,0.44,15973.799978382885
8230,OK,59.400,0.44,15887.500019744039
8231,OK,73.200,0.44,15938.600001391023
8232,OK,74.900,0.44,15781.500027514994
8233,OK,70.000,0.44,15959.099982865155
8234,OK,74.600,0.44,15915.600000880659
8235,OK,64.800,0.44,15884.499996900558
8236,OK,61.500,0.44,15896.299970336258
8237,OK,61.600,0.44,15825.299953576177
8238,OK,54.300,0.44,16035.899985581636
8239,OK,111.900,0.44,15742.999967187643
8240,OK,52.900,0.44,16006.299993023276
8241,OK,99.300,0.44,15823.299996554852
8242,OK,88.900,0.44,15819.000022020191
8243,OK,65.300,0.44,15936.899988446385
8244,OK,60.500,0.44,15886.700013652444
8245,OK,54.000,0.44,15907.100052572787
8246,OK,74.600,0.44,15899.499994702637
8247,OK,72.000,0.44,15822.699991986156
8248,OK,63.500,0.44,15859.199978876859
8249,OK,59.900,0.44,16347.199969459325
8250,OK,47.200,0.44,15552.499971818179
8251,OK,53.200,0.44,15997.300040908158
8252,OK,75.200,0.44,15636.199968867004
8253,OK,55.600,0.44,16431.199968792498
8254,OK,68.400,0.44,15466.000011656433
8255,OK,64.900,0.44,15942.09996983409
8256,OK,127.400,0.44,15809.699951205403
8257,OK,124.900,0.44,15662.399993743747
8258,OK,49.600,0.44,15859.899984207004
8259,OK,43.500,0.44,15955.800015944988
8260,OK,50.000,0.44,15920.499979984015
8261,OK,50.600,0.44,15944.599988870323
8262,OK,65.600,0.44,15882.700041402131
8263,OK,61.900,0.44,15870.800008997321
8264,OK,64.400,0.44,15960.599994286895
8265,OK,48.900,0.44,15865.00002304092
8266,OK,49.000,0.44,16011.499974410981
8267,OK,57.700,0.44,15838.799998164177
8268,OK,59.700,0.44,15893.800009507686
8269,OK,50.500,0.44,15876.79999647662
8270,OK,55.800,0.44,15977.300005033612
8271,OK,63.800,0.44,15897.899982519448
8272,OK,66.100,0.44,15944.499988108873
8273,OK,97.800,0.44,15773.900027852505
8274,OK,57.600,0.44,15896.799974143505
8275,OK,46.900,0.44,15935.300034470856
8276,OK,69.100,0.44,15883.599990047514
8277,OK,57.700,0.44,15904.199972283095
8278,OK,36.100,0.44,15938.199998345226
8279,OK,39.200,0.44,16005.79998921603
8280,OK,47.600,0.44,15890.29998285696
8281,OK,43.100,0.44,15965.999977197498
8282,OK,45.000,0.44,15896.199969574809
8283,OK,37.000,0.44,15910.699963569641
8284,OK,41.900,0.44,15980.39997043088
8285,OK,46.700,0.44,15868.399990722537
8286,OK,36.700,0.44,15988.400031346828
8287,OK,47.700,0.44,15916.600008495152
8288,OK,39.700,0.44,15906.999993603677
8289,OK,43.000,0.44,15948.0000147596
8290,OK,65.900,0.44,15905.199979897588
8291,OK,54.800,0.44,15905.999985989183
8292,OK,64.000,0.44,15892.099996563047
8293,OK,58.400,0.44,15903.299965430051
8294,OK,59.400,0.44,15911.300026345998
8295,OK,60.000,0.44,15921.50004580617
8296,OK,60.400,0.44,15891.69999351725
8297,OK,65.100,0.44,15871.600015088916
8298,OK,79.600,0.44,15886.600012890995
8299,OK,78.300,0.44,15891.200047917664
8300,OK,45.000,0.44,15905.300038866699
8301,OK,61.400,0.44,15859.30003784597
8302,OK,48.000,0.44,15893.600007984787
8303,OK,60.500,0.44,15884.599997662008
8304,OK,67.900,0.44,15888.300025835633
8305,OK,62.300,0.44,15937.49999301508
8306,OK,83.900,0.44,15797.700034454465
8307,OK,52.700,0.44,15969.900006894022
8308,OK,45.700,0.44,15949.60002694279
8309,OK,59.400,0.44,15841.1999582313
8310,OK,50.800,0.44,15887.19995925203
8311,OK,55.100,0.44,15980.000025592744
8312,OK,53.100,0.44,15916.000003926456
8313,OK,49.200,0.44,15939.00000443682
8314,OK,70.400,0.44,15827.200026251376
8315,OK,59.500,0.44,15990.299987606704
8316,OK,64.300,0.44,15866.499976255
8317,OK,60.700,0.44,15910.800022538751
8318,OK,61.300,0.44,15892.499999608845
8319,OK,61.300,0.44,15912.699978798628
8320,OK,61.800,0.44,15826.800023205578
8321,OK,53.400,0.44,15988.899976946414
8322,OK,58.100,0.44,15894.900017883629
8323,OK,64.900,0.44,15898.99999089539
8324,OK,59.000,0.44,15832.699951715767
8325,OK,52.900,0.44,15935.99998159334
8326,OK,52.000,0.44,15889.699978288263
8327,OK,52.700,0.44,15894.900017883629
8328,OK,47.300,0.44,16009.899962227792
8329,OK,58.200,0.44,15880.000020843
8330,OK,67.000,0.44,15904.799976851791
8331,OK,81.300,0.44,15840.700012631714
8332,OK,53.600,0.44,15916.700009256601
8333,OK,51.800,0.44,15909.899957478046
8334,OK,50.400,0.44,15938.199998345226
8335,OK,56.900,0.44,15893.30000570044
8336,OK,60.200,0.44,15883.899992331862
8337,OK,50.900,0.44,15890.599985141307
8338,OK,54.100,0.44,16003.999975509942
8339,OK,53.300,0.44,15871.300012804568
8340,OK,55.200,0.44,15950.000029988587
8341,OK,52.000,0.44,15838.29999435693
8342,OK,53.200,0.44,16003.500029910356
8343,OK,49.900,0.44,15882.899984717369
8344,OK,43.000,0.44,15939.700009766966
8345,OK,43.700,0.44,15828.300034627318
8346,OK,55.500,0.44,16002.90002534166
8347,OK,125.800,0.44,15835.300029721111
8348,OK,55.400,0.44,15914.999996311963
8349,OK,56.100,0.44,15872.200019657612
8350,OK,78.900,0.44,15895.99996805191
8351,OK,65.100,0.44,15868.399990722537
8352,OK,162.300,0.44,15743.799973279238
8353,OK,49.600,0.44,15902.400016784668
8354,OK,52.900,0.44,15969.100000802428
8355,OK,60.000,0.44,15905.700041912496
8356,OK,77.800,0.44,15860.299987252802
8357,OK,73.700,0.44,15883.600048255175
8358,OK,63.700,0.44,15852.800046559423
8359,OK,58.200,0.44,15913.500043097883
8360,OK,47.900,0.44,15915.099997073412
8361,OK,77.500,0.44,15855.800011195242
8362,OK,51.300,0.44,15932.100010104477
8363,OK,52.600,0.44,15904.399973805994
8364,OK,98.900,0.44,15876.800054684281
8365,OK,68.900,0.44,15890.799986664206
8366,OK,60.400,0.44,15894.000011030585
8367,OK,60.800,0.44,15909.60001340136
8368,OK,59.600,0.44,15908.200002741069
8369,OK,62.500,0.44,15900.800004601479
8370,OK,80.700,0.44,15898.499987088144
8371,OK,64.700,0.44,15873.500029556453
8372,OK,51.800,0.44,15918.499964755028
8373,OK,58.800,0.44,15909.799956716597
8374,OK,52.100,0.44,15927.29997355491
8375,OK,60.000,0.44,15878.000005614012
8376,OK,57.100,0.44,15911.599970422685
8377,OK,52.600,0.44,15913.99998869747
8378,OK,53.300,0.44,15909.900015685707
8379,OK,57.500,0.44,15912.49997727573
8380,OK,47.000,0.44,15948.200016282499
8381,OK,59.700,0.44,15874.999982770532
8382,OK,81.500,0.44,15940.50001585856
8383,OK,65.300,0.44,15865.400026086718
8384,OK,68.400,0.44,15844.499983359128
8385,OK,58.900,0.44,15951.199980918318
8386,OK,56.500,0.44,15877.500001806766
8387,OK,46.400,0.44,15983.59999479726
8388,OK,111.500,0.44,15766.600030474365
8389,OK,60.900,0.44,15896.599972620606
8390,OK,55.800,0.44,15940.200013574213
8391,OK,61.300,0.44,15895.300020929426
8392,OK,58.100,0.44,15913.79998717457
8393,OK,60.000,0.44,15912.999981082976
8394,OK,61.000,0.44,15850.30002752319
8395,OK,46.800,0.44,15925.199957564473
8396,OK,58.000,0.44,15940.50001585856
8397,OK,136.100,0.44,15729.999984614551
8398,OK,54.400,0.44,15902.199957054108
8399,OK,40.300,0.44,15955.29995393008
8400,OK,52.500,0.44,15946.800005622208
8401,OK,56.200,0.44,15810.10001245886
8402,OK,62.500,0.44,15909.300011117011
8403,OK,48.900,0.44,15975.899994373322
8404,OK,120.400,0.44,15784.199989866465
8405,OK,70.200,0.44,15855.100005865097
8406,OK,48.400,0.44,15916.400006972253
8407,OK,45.700,0.44,15932.900016196072
8408,OK,59.900,0.44,15900.50000231713
8409,OK,54.400,0.44,15875.699988100678
8410,OK,69.300,0.44,15895.800024736673
8411,OK,76.900,0.44,15882.100036833435
8412,OK,78.700,0.44,15893.900010269135
8413,OK,94.900,0.44,15866.699977777898
8414,OK,84.400,0.44,15848.999959416687
8415,OK,96.900,0.44,15854.400000534952
8416,OK,126.400,0.44,15835.599973797798
8417,OK,83.400,0.44,15848.400013055652
8418,OK,87.700,0.44,15892.800001893193
8419,OK,103.300,0.44,15768.000041134655
8420,OK,81.000,0.44,15881.29997253418
8421,OK,83.600,0.44,15878.600010182709
8422,OK,86.100,0.44,15903.300023637712
8423,OK,84.700,0.44,15832.600009161979
8424,OK,103.500,0.44,15834.200021345168
8425,OK,86.500,0.44,15856.900019571185
8426,OK,123.500,0.44,15832.100005354732
8427,OK,89.500,0.44,15832.200006116182
8428,OK,82.900,0.44,15840.699954424053
8429,OK,83.000,0.44,15842.399967368692
8430,OK,80.700,0.44,15904.99997837469
8431,OK,66.900,0.44,15850.19996855408
8432,OK,83.400,0.44,15960.899996571243
8433,OK,67.000,0.44,15899.399993941188
8434,OK,54.600,0.44,15831.800003070384
8435,OK,91.100,0.44,15857.900027185678
8436,OK,93.100,0.44,15877.600002568215
8437,OK,108.200,0.44,15885.000000707805
8438,OK,143.900,0.44,15675.4000345245
8439,OK,104.600,0.44,15843.199973460287
8440,OK,74.800,0.44,15871.800016611814
8441,OK,74.900,0.44,15909.40001187846
8442,OK,66.200,0.44,15847.400005441159
8443,OK,51.000,0.44,15926.300024148077
8444,OK,53.300,0.44,15981.500037014484
8445,OK,58.300,0.44,15915.29999859631
8446,OK,60.200,0.44,15905.400039628148
8447,OK,72.400,0.44,15874.099975917488
8448,OK,57.100,0.44,15897.899982519448
8449,OK,56.300,0.44,15937.799995299429
8450,OK,89.900,0.44,15860.099985729903
8451,OK,74.500,0.44,15901.800012215972
8452,OK,123.900,0.44,15752.40003876388
8453,OK,77.500,0.44,15894.500014837831
8454,OK,64.200,0.44,15928.000037092716
8455,OK,61.900,0.44,15868.599992245436
8456,OK,60.200,0.44,15883.499989286065
8457,OK,57.300,0.44,15906.59999055788
8458,OK,57.800,0.44,15857.199963647872
8459,OK,51.300,0.44,15932.100010104477
8460,OK,130.100,0.44,15739.499998744577
8461,OK,50.600,0.44,15978.200011886656
8462,OK,50.700,0.44,15854.800003580749
8463,OK,56.500,0.44,15910.800022538751
8464,OK,53.200,0.44,15877.599944360554
8465,OK,55.400,0.44,15938.900003675371
8466,OK,76.600,0.44,15831.700002308935
8467,OK,46.300,0.44,15982.499986421317
8468,OK,57.100,0.44,15916.099946480244
8469,OK,63.100,0.44,16033.200023230165
8470,OK,45.900,0.44,15917.800017632544
8471,OK,65.200,0.44,15833.199955523014
8472,OK,76.600,0.44,16095.9999775514
8473,OK,106.400,0.44,15757.599961943924
8474,OK,110.400,0.44,15787.300013471395
8475,OK,128.400,0.44,15790.200035553426
8476,OK,133.700,0.44,15828.499977942556
8477,OK,142.700,0.44,15742.600022349507
8478,OK,149.000,0.44,15647.19999441877
8479,OK,116.100,0.44,15829.099982511252
8480,OK,104.300,0.44,15807.399991899729
8481,OK,53.200,0.44,16096.09997831285
8482,OK,64.600,0.44,15908.399946056306
8483,OK,57.600,0.44,15880.699967965484
8484,OK,76.800,0.44,15780.200017616153
8485,OK,76.000,0.44,15858.799975831062
8486,OK,72.200,0.44,15839.400002732873
8487,OK,55.100,0.44,16101.9999650307
8488,OK,121.600,0.44,15590.200026053935
8489,OK,46.900,0.44,15805.79997971654
8490,OK,41.700,0.44,15986.39995791018
8491,OK,46.300,0.44,15943.59998125583
8492,OK,60.000,0.44,15889.400034211576
8493,OK,51.000,0.44,15911.500027868897
8494,OK,47.800,0.44,15934.59997093305
8495,OK,62.400,0.44,15936.09998235479
8496,OK,50.000,0.44,15945.09999267757
8497,OK,63.100,0.44,15824.900008738041
8498,OK,78.300,0.44,15939.900011289865
8499,OK,52.400,0.44,15893.500007223338
8500,OK,59.800,0.44,15912.999981082976
8501,OK,66.800,0.44,15707.499987911433
8502,OK,58.400,0.44,15933.900023810565
8503,OK,155.200,0.44,15738.599991891533
8504,OK,83.100,0.44,15887.399960774928
8505,OK,133.300,0.44,15834.400022868067
8506,OK,95.300,0.44,15871.700015850365
8507,OK,77.800,0.44,15877.600002568215
8508,OK,64.000,0.44,15892.700001131743
8509,OK,60.900,0.44,15903.400024399161
8510,OK,57.100,0.44,15897.799981757998
8511,OK,59.200,0.44,15888.200025074184
8512,OK,49.500,0.44,15939.600009005517
8513,OK,53.600,0.44,15903.900028206408
8514,OK,63.700,0.44,15887.700021266937
8515,OK,51.200,0.44,15942.09996983409
8516,OK,55.200,0.44,15894.400014076382
8517,OK,45.900,0.44,15933.599963318557
8518,OK,56.500,0.44,15904.199972283095
8519,OK,54.100,0.44,15918.900026008487
8520,OK,69.700,0.44,15903.70002668351
8521,OK,70.900,0.44,15898.300043772906
8522,OK,54.500,0.44,15881.900035310537
8523,OK,56.600,0.44,15924.000006634742
8524,OK,47.500,0.44,15925.199957564473
8525,OK,46.100,0.44,15923.200000543147
8526,OK,58.300,0.44,15917.100012302399
8527,OK,83.200,0.44,15888.69997067377
8528,OK,81.400,0.44,15920.700039714575
8529,OK,70.600,0.44,15825.700014829636
8530,OK,53.600,0.44,15898.499987088144
8531,OK,66.400,0.44,15908.800007309765
8532,OK,51.400,0.44,15870.000002905726
8533,OK,47.100,0.44,15965.700033120811
8534,OK,50.700,0.44,15930.09999487549
8535,OK,80.300,0.44,15922.6999967359
8536,OK,54.600,0.44,15819.300024304539
8537,OK,52.100,0.44,15979.700023308396
8538,OK,51.700,0.44,15915.29999859631
8539,OK,52.800,0.44,15924.000006634742
8540,OK,53.000,0.44,15898.699988611042
8541,OK,58.300,0.44,15914.899995550513
8542,OK,59.800,0.44,15883.599990047514
8543,OK,62.000,0.44,15894.000011030585
8544,OK,54.400,0.44,15901.399950962514
8545,OK,54.300,0.44,15898.699988611042
8546,OK,56.700,0.44,15963.399957399815
8547,OK,59.400,0.44,15839.300001971424
8548,OK,57.900,0.44,15874.099975917488
8549,OK,58.100,0.44,15897.49997947365
8550,OK,60.100,0.44,16015.800007153302
8551,OK,60.300,0.44,15898.100042250007
8552,OK,57.400,0.44,15825.899958144873
8553,OK,56.700,0.44,15922.499995213002
8554,OK,73.700,0.44,15887.20001745969
8555,OK,55.700,0.44,15913.599985651672
8556,OK,63.600,0.44,15863.300010096282
8557,OK,57.600,0.44,15943.799982778728
8558,OK,54.500,0.44,15885.8000067994
8559,OK,50.500,0.44,15924.799954518676
8560,OK,70.300,0.44,15879.300015512854
8561,OK,52.400,0.44,15912.100032437593
8562,OK,86.400,0.44,15956.300019752234
8563,OK,57.500,0.44,15890.499984379858
8564,OK,76.400,0.44,15803.199959918857
8565,OK,72.500,0.44,15915.199997834861
8566,OK,47.400,0.44,15881.50003226474
8567,OK,50.800,0.44,15884.899999946356
8568,OK,61.300,0.44,15970.09995020926
8569,OK,55.300,0.44,15845.69999249652
8570,OK,54.500,0.44,15952.999994624406
8571,OK,72.800,0.44,15925.80002034083
8572,OK,65.600,0.44,15844.999987166375
8573,OK,51.200,0.44,15961.600001901388
8574,OK,58.100,0.44,15853.09999063611
8575,OK,67.600,0.44,15878.40000865981
8576,OK,48.900,0.44,15966.699982527643
8577,OK,61.400,0.44,16252.699948381633
8578,OK,47.900,0.44,15528.399962931871
8579,OK,66.100,0.44,15959.599986672401
8580,OK,57.900,0.44,15917.999960947782
8581,OK,66.800,0.44,15898.599987849593
8582,OK,66.600,0.44,15893.500007223338
8583,OK,64.500,0.44,15906.099986750633
8584,OK,61.400,0.44,15907.399996649474
8585,OK,62.500,0.44,15884.19999461621
8586,OK,58.700,0.44,15916.600008495152
8587,OK,66.400,0.44,15917.999960947782
8588,OK,83.100,0.44,15775.200037751347
8589,OK,150.700,0.44,15856.500016525388
8590,OK,59.800,0.44,15841.29995899275
8591,OK,55.700,0.44,15952.699992340058
8592,OK,63.000,0.44,15885.400003753603
8593,OK,61.500,0.44,15931.300004012883
8594,OK,131.400,0.44,15741.000010166317
8595,OK,51.300,0.44,15896.199969574809
8596,OK,52.900,0.44,15919.400029815733
8597,OK,53.900,0.44,15969.800006132573
8598,OK,53.600,0.44,15920.100035145879
8599,OK,54.900,0.44,15860.60004774481
8600,OK,55.000,0.44,15900.800004601479
8601,OK,77.800,0.44,15838.899998925626
8602,OK,66.800,0.44,15891.499991994351
8603,OK,70.200,0.44,15826.899965759367
8604,OK,62.800,0.44,15919.400029815733
8605,OK,74.300,0.44,15888.100024312735
8606,OK,87.800,0.44,15948.700020089746
8607,OK,63.700,0.44,15834.00001982227
8608,OK,61.400,0.44,15890.000038780272
8609,OK,58.000,0.44,15866.899979300797
8610,OK,58.000,0.44,15858.299972023815
8611,OK,56.900,0.44,15999.299997929484
8612,OK,56.400,0.44,15914.299990981817
8613,OK,60.500,0.44,15887.20001745969
8614,OK,45.600,0.44,15888.899972196668
8615,OK,62.100,0.44,15957.100025843829
8616,OK,57.000,0.44,15897.999983280897
8617,OK,50.300,0.44,15901.699953246862
8618,OK,54.100,0.44,15901.400009170175
8619,OK,52.500,0.44,15959.199983626604
8620,OK,64.200,0.44,15923.800005111843
8621,OK,49.900,0.44,15903.400024399161
8622,OK,50.700,0.44,15891.000046394765
8623,OK,60.500,0.44,15882.400039117783
8624,OK,52.000,0.44,15947.200008668005
8625,OK,63.300,0.44,15887.499961536378
8626,OK,54.300,0.44,15916.200005449355
8627,OK,65.200,0.44,15896.800032351166
8628,OK,61.500,0.44,15914.599993266165
8629,OK,48.100,0.44,15911.200025584549
8630,OK,120.800,0.44,15725.000004749745
8631,OK,53.300,0.44,15866.50003446266
8632,OK,41.500,0.44,15976.900001987815
8633,OK,58.600,0.44,15960.499993525445
8634,OK,64.700,0.44,15916.9000107795
8635,OK,50.700,0.44,15878.700010944158
8636,OK,51.700,0.44,16001.499956473708
8637,OK,134.100,0.44,15737.200039438903
8638,OK,64.900,0.44,15837.999992072582
8639,OK,59.200,0.44,15880.100021604449
8640,OK,35.000,0.44,15961.800003424287
8641,OK,44.900,0.44,15913.499984890223
8642,OK,39.800,0.44,15978.900017216802
8643,OK,49.300,0.44,15911.00002406165
8644,OK,49.100,0.44,15917.599957901984
8645,OK,86.600,0.44,15948.600019328296
8646,OK,59.400,0.44,15928.899985738099
8647,OK,62.700,0.44,15903.200022876263
8648,OK,65.500,0.44,15878.000005614012
8649,OK,63.000,0.44,15847.500006202608
8650,OK,91.800,0.44,15900.800004601479
8651,OK,68.300,0.44,15801.900008227676
8652,OK,81.000,0.44,15863.400010857731
8653,OK,95.100,0.44,15889.399976003915
8654,OK,73.600,0.44,15918.200020678341
8655,OK,74.300,0.44,15833.800018299371
8656,OK,91.000,0.44,15833.200013730675
8657,OK,66.900,0.44,15931.900008581579
8658,OK,123.300,0.44,15807.399991899729
8659,OK,96.900,0.44,15847.000002395362
8660,OK,81.800,0.44,15851.70003818348
8661,OK,85.600,0.44,15859.499981161207
8662,OK,86.500,0.44,15862.500004004687
8663,OK,83.000,0.44,15843.999979551882
8664,OK,80.700,0.44,15791.099984198809
8665,OK,76.800,0.44,15857.500024139881
8666,OK,80.900,0.44,15881.399973295629
8667,OK,83.400,0.44,15888.000023551285
8668,OK,86.300,0.44,15853.299992159009
8669,OK,70.900,0.44,15902.10001450032
8670,OK,76.800,0.44,15892.800001893193
8671,OK,100.800,0.44,15827.299968805164
8672,OK,94.200,0.44,15857.49996593222
8673,OK,94.700,0.44,15852.699987590313
8674,OK,95.100,0.44,15863.400010857731
8675,OK,84.900,0.44,15824.700007215142
8676,OK,54.900,0.44,15941.100020427257
8677,OK,72.000,0.44,15917.600016109645
8678,OK,84.700,0.44,15886.500012129545
8679,OK,69.200,0.44,15855.500008910894
8680,OK,129.300,0.44,15915.29999859631
8681,OK,208.100,0.44,15476.399974431843
8682,OK,50.600,0.44,15922.299993690103
8683,OK,35.500,0.44,15969.500003848225
8684,OK,40.700,0.44,15945.899998769164
8685,OK,44.000,0.44,15895.599965006113
8686,OK,47.700,0.44,15958.29997677356
8687,OK,47.700,0.44,15909.60001340136
8688,OK,42.000,0.44,15934.000024572015
8689,OK,46.900,0.44,15957.899973727763
8690,OK,139.200,0.44,15766.799973789603
8691,OK,52.400,0.44,15896.400029305369
8692,OK,52.600,0.44,15856.000012718141
8693,OK,49.200,0.44,15967.600047588348
8694,OK,49.700,0.44,15945.599996484816
8695,OK,162.200,0.44,15748.600009828806
8696,OK,63.100,0.44,15895.300020929426
8697,OK,58.600,0.44,15929.899993352592
8698,OK,68.500,0.44,15850.20002676174
8699,OK,51.600,0.44,15874.10003412515
8700,OK,55.000,0.44,15957.499970681965
8701,OK,70.300,0.44,15873.999975156039
8702,OK,58.800,0.44,15837.999992072582
8703,OK,65.100,0.44,15888.000023551285
8704,OK,87.800,0.44,15872.700023464859
8705,OK,57.000,0.44,15822.399989701807
8706,OK,61.900,0.44,15875.599987339228
8707,OK,141.600,0.44,15625.400003045797
8708,OK,54.700,0.44,16056.900029070675
8709,OK,49.900,0.44,16099.500004202127
8710,OK,49.500,0.44,15722.099982667714
8711,OK,62.300,0.44,16161.30000911653
8712,OK,63.200,0.44,15962.70001027733
8713,OK,71.000,0.44,15549.999952781945
8714,OK,76.200,0.44,15863.699954934418
8715,OK,48.200,0.44,16279.79998011142
8716,OK,64.700,0.44,15825.200011022389
8717,OK,113.800,0.44,15798.39998157695
8718,OK,109.500,0.44,15947.500010952353
8719,OK,121.000,0.44,15929.599991068244
8720,OK,118.000,0.44,15558.19995701313
8721,OK,183.000,0.44,16001.899959519506
8722,OK,118.400,0.44,15809.399948921055
8723,OK,118.700,0.44,15576.09997689724
8724,OK,122.000,0.44,16140.39996638894
8725,OK,133.000,0.44,15398.399962577969
8726,OK,143.600,0.44,15848.200011532754
8727,OK,133.800,0.44,15644.09997081384
8728,OK,174.000,0.44,15803.399961441755
8729,OK,131.900,0.44,15737.799985799938
8730,OK,94.000,0.44,15718.600014224648
8731,OK,58.000,0.44,15891.399991232902
8732,OK,68.600,0.44,15882.200037594885
8733,OK,106.500,0.44,15803.100017365068
8734,OK,47.500,0.44,15979.600022546947
8735,OK,45.100,0.44,15896.799974143505
8736,OK,83.600,0.44,15836.999984458089
8737,OK,53.600,0.44,15954.800008330494
8738,OK,49.700,0.44,15932.000009343028
8739,OK,65.000,0.44,15877.099998760968
8740,OK,64.800,0.44,15975.399990566075
8741,OK,53.300,0.44,15909.199952147901
8742,OK,61.700,0.44,15919.999976176769
8743,OK,59.600,0.44,15856.699959840626
8744,OK,83.000,0.44,15905.00003658235
8745,OK,60.600,0.44,15908.400004263967
8746,OK,56.300,0.44,15901.599952485412
8747,OK,58.900,0.44,15799.100045114756
8748,OK,58.300,0.44,15936.000039801002
8749,OK,39.100,0.44,15977.300005033612
8750,OK,46.000,0.44,15876.79999647662
8751,OK,44.100,0.44,15906.39998903498
8752,OK,54.000,0.44,15895.699965767562
8753,OK,47.400,0.44,15951.700042933226
8754,OK,42.700,0.44,15925.79996213317
8755,OK,59.600,0.44,15941.600024234504
8756,OK,43.400,0.44,15841.900021769106
8757,OK,55.600,0.44,15916.300006210804
8758,OK,47.900,0.44,15959.499985910952
8759,OK,60.800,0.44,15926.000021863729
8760,OK,66.400,0.44,15854.59994385019
8761,OK,62.600,0.44,15878.30000789836
8762,OK,57.200,0.44,15904.499974567443
8763,OK,52.400,0.44,15997.899987269193
8764,OK,76.700,0.44,15799.399989191443
8765,OK,45.100,0.44,15953.90000147745
8766,OK,60.700,0.44,15908.400004263967
8767,OK,54.600,0.44,15914.299990981817
8768,OK,65.600,0.44,15900.70000384003
8769,OK,67.900,0.44,15893.800009507686
8770,OK,52.800,0.44,15947.300009429455
8771,OK,59.500,0.44,15890.499984379858
8772,OK,56.500,0.44,15842.600027099252
8773,OK,73.100,0.44,15894.300013314933
8774,OK,50.600,0.44,15841.100015677512
8775,OK,52.900,0.44,15973.299974575639
8776,OK,42.100,0.44,15958.899981342256
8777,OK,46.600,0.44,15952.799993101507
8778,OK,52.300,0.44,15837.999992072582
8779,OK,51.200,0.44,15990.300045814365
8780,OK,73.500,0.44,15940.50001585856
8781,OK,64.000,0.44,15888.200025074184
8782,OK,63.900,0.44,15813.899983186275
8783,OK,63.300,0.44,15901.600010693073
8784,OK,54.800,0.44,15921.200043521821
8785,OK,61.400,0.44,15866.199973970652
8786,OK,57.600,0.44,15897.400036919862
8787,OK,54.500,0.44,15905.899985227734
8788,OK,51.300,0.44,15887.299960013479
8789,OK,47.200,0.44,15904.600033536553
8790,OK,43.800,0.44,15929.899993352592
8791,OK,45.700,0.44,15978.600014932454
8792,OK,48.500,0.44,15923.300001304597
8793,OK,49.100,0.44,15925.200015772134
8794,OK,53.600,0.44,15960.199991241097
8795,OK,66.900,0.44,15879.599959589541
8796,OK,69.400,0.44,15892.299998085946
8797,OK,55.000,0.44,15936.900046654046
8798,OK,60.600,0.44,15857.999969739467
8799,OK,57.000,0.44,15933.600021526217
8800,OK,63.400,0.44,15882.599982433021
8801,OK,53.900,0.44,15841.500018723309
8802,OK,56.000,0.44,15895.300020929426
8803,OK,65.400,0.44,15898.899990133941
8804,OK,48.100,0.44,15961.800003424287
8805,OK,54.500,0.44,15882.999985478818
8806,OK,71.700,0.44,15900.60000307858
8807,OK,69.600,0.44,15877.500001806766
8808,OK,63.200,0.44,15966.799983289093
8809,OK,53.600,0.44,15926.399966701865
8810,OK,93.300,0.44,15778.000000864267
8811,OK,91.600,0.44,15842.299966607243
8812,OK,52.800,0.44,15861.399995628744
8813,OK,49.400,0.44,15889.699978288263
8814,OK,48.500,0.44,16039.600013755262
8815,OK,54.300,0.44,15867.800044361502
8816,OK,55.800,0.44,15932.400012388825
8817,OK,55.000,0.44,15821.000037249178
8818,OK,63.600,0.44,15933.800023049116
8819,OK,45.900,0.44,15897.299977950752
8820,OK,34.900,0.44,15966.200036928058
8821,OK,46.300,0.44,15905.199979897588
8822,OK,52.300,0.44,15986.700018402189
8823,OK,74.700,0.44,15890.599985141307
8824,OK,58.200,0.44,15856.799960602075
8825,OK,50.800,0.44,15933.20001848042
8826,OK,64.100,0.44,15896.199969574809
8827,OK,66.500,0.44,15868.299989961088
8828,OK,60.800,0.44,15903.100022114813
8829,OK,61.900,0.44,15915.099997073412
8830,OK,59.400,0.44,15905.09997913614
8831,OK,56.800,0.44,15931.400004774332
8832,OK,62.300,0.44,15889.499976765364
8833,OK,61.200,0.44,15854.299999773502
8834,OK,53.100,0.44,15908.300003502518
8835,OK,44.400,0.44,15920.499979984015
8836,OK,44.400,0.44,15975.399990566075
8837,OK,43.600,0.44,15881.600033026189
8838,OK,48.300,0.44,15982.299984898418
8839,OK,117.200,0.44,15750.600025057793
8840,OK,49.600,0.44,15900.200000032783
8841,OK,52.900,0.44,15882.79998395592
8842,OK,47.500,0.44,15969.500003848225
8843,OK,51.500,0.44,15951.699984725565
8844,OK,49.200,0.44,15803.799964487553
8845,OK,39.400,0.44,15982.10004158318
8846,OK,32.700,0.44,15970.800013747066
8847,OK,46.700,0.44,15911.00002406165
8848,OK,35.800,0.44,15907.000051811337
8849,OK,43.100,0.44,16007.700003683567
8850,OK,59.600,0.44,15913.199982605875
8851,OK,45.000,0.44,15875.000040978193
8852,OK,57.100,0.44,15986.799960955977
8853,OK,58.400,0.44,15879.200014751405
8854,OK,49.600,0.44,15871.00001052022
8855,OK,54.300,0.44,15974.80004420504
8856,OK,107.700,0.44,15723.599994089454
8857,OK,78.500,0.44,15925.100015010685
8858,OK,61.100,0.44,15989.60004048422
8859,OK,76.500,0.44,15816.900006029755
8860,OK,65.000,0.44,15890.000038780272
8861,OK,71.300,0.44,15919.399971608073
8862,OK,88.400,0.44,15827.599971089512
8863,OK,63.700,0.44,15861.899999435991
8864,OK,55.300,0.44,15930.800000205636
8865,OK,78.600,0.44,15821.399982087314
8866,OK,115.400,0.44,15902.10001450032
8867,OK,64.100,0.44,15870.89995155111
8868,OK,67.500,0.44,15875.199984293431
8869,OK,50.500,0.44,15928.999986499548
8870,OK,55.600,0.44,15841.500018723309
8871,OK,53.800,0.44,15910.000016447157
8872,OK,49.700,0.44,15942.499972879887
8873,OK,60.200,0.44,15898.399986326694
8874,OK,63.600,0.44,15953.800000716
8875,OK,71.700,0.44,15826.999966520816
8876,OK,86.000,0.44,15909.100009594113
8877,OK,49.200,0.44,15887.900022789836
8878,OK,44.400,0.44,15943.39997973293
8879,OK,52.400,0.44,15874.099975917488
8880,OK,79.500,0.44,15843.599976506084
8881,OK,69.700,0.44,15882.399980910122
8882,OK,73.900,0.44,15897.799981757998
8883,OK,82.700,0.44,15884.099993854761
8884,OK,68.000,0.44,15858.800034038723
8885,OK,91.400,0.44,15881.799976341426
8886,OK,65.200,0.44,15861.099993344396
8887,OK,65.700,0.44,15917.400014586747
8888,OK,93.500,0.44,15860.300045460463
8889,OK,91.200,0.44,15864.599961787462
8890,OK,91.000,0.44,15832.50000840053
8891,OK,92.500,0.44,15878.900012467057
8892,OK,80.200,0.44,15865.600027609617
8893,OK,81.600,0.44,15905.900043435395
8894,OK,67.000,0.44,15915.600000880659
8895,OK,73.100,0.44,15830.299991648644
8896,OK,90.800,0.44,15824.000001884997
8897,OK,86.200,0.44,15871.00001052022
8898,OK,85.300,0.44,15895.099961198866
8899,OK,84.000,0.44,15842.400025576353
8900,OK,86.700,0.44,15855.900011956692
8901,OK,88.500,0.44,15722.69998723641
8902,OK,82.000,0.44,15882.500039879233
8903,OK,110.300,0.44,15868.199989199638
8904,OK,84.400,0.44,15865.10002380237
8905,OK,66.800,0.44,15847.700007725507
8906,OK,53.400,0.44,15928.899985738099
8907,OK,89.100,0.44,15846.499998588115
8908,OK,73.500,0.44,15961.500001139939
8909,OK,163.400,0.44,15799.000044353306
8910,OK,199.200,0.44,15548.399998806417
8911,OK,60.800,0.44,15858.499973546714
8912,OK,43.700,0.44,15935.800038278103
8913,OK,41.800,0.44,15925.500018056482
8914,OK,35.200,0.44,15966.099977958947
8915,OK,52.600,0.44,15933.499962557107
8916,OK,53.400,0.44,15917.900018393993
8917,OK,46.300,0.44,15951.499983202666
8918,OK,50.900,0.44,15874.999982770532
8919,OK,50.900,0.44,16009.400016628206
8920,OK,128.700,0.44,15780.7000214234
8921,OK,60.600,0.44,15817.000006791204
8922,OK,58.700,0.44,15943.70004022494
8923,OK,135.200,0.44,15857.500024139881
8924,OK,57.300,0.44,15898.399986326694
8925,OK,54.400,0.44,15899.19999241829
8926,OK,48.600,0.44,15949.899971019477
8927,OK,90.900,0.44,15777.59999781847
8928,OK,57.200,0.44,15960.599994286895
8929,OK,60.900,0.44,15892.299998085946
8930,OK,56.200,0.44,16076.500003691763
8931,OK,47.400,0.44,15818.400017451495
8932,OK,56.300,0.44,15865.600027609617
8933,OK,56.500,0.44,15907.699998933822
8934,OK,60.600,0.44,15912.60003624484
8935,OK,92.600,0.44,15899.500052910298
8936,OK,64.000,0.44,15815.799997653812
8937,OK,47.800,0.44,15897.099976427853
8938,OK,73.600,0.44,15923.600003588945
8939,OK,77.700,0.44,16097.59998973459
8940,OK,49.600,0.44,15962.80001103878
8941,OK,61.600,0.44,15736.10003106296
8942,OK,58.400,0.44,16229.300003033131
8943,OK,61.500,0.44,15745.300042908639
8944,OK,70.200,0.44,15781.500027514994
8945,OK,107.500,0.44,16029.999998863786
8946,OK,106.200,0.44,15665.400016587228
8947,OK,102.000,0.44,16312.899999320507
8948,OK,141.100,0.44,15578.799997456372
8949,OK,141.400,0.44,15483.000024687499
8950,OK,144.200,0.44,15811.999968718737
8951,OK,130.400,0.44,15719.69996439293
8952,OK,139.000,0.44,15683.699981309474
8953,OK,68.500,0.44,15942.899975925684
8954,OK,65.400,0.44,16318.099980708212
8955,OK,67.100,0.44,15565.100009553134
8956,OK,75.300,0.44,15973.399975337088
8957,OK,76.200,0.44,16054.500010795891
8958,OK,75.100,0.44,15844.699984882027
8959,OK,98.900,0.44,15893.10000417754
8960,OK,104.300,0.44,15606.000029947609
8961,OK,167.000,0.44,15718.700014986098
8962,OK,133.200,0.44,15752.099978271872
8963,OK,116.800,0.44,16069.50000859797
8964,OK,136.300,0.44,15697.000024374574
8965,OK,146.000,0.44,15818.89996305108
8966,OK,148.200,0.44,15893.600007984787
8967,OK,150.100,0.44,15573.900018353015
8968,OK,212.200,0.44,15713.199973106384
8969,OK,154.200,0.44,16014.099994208664
8970,OK,218.900,0.44,15481.30001174286
8971,OK,245.000,0.44,15587.100002449006
8972,OK,155.800,0.44,15702.500008046627
8973,OK,169.600,0.44,15653.100039344281
8974,OK,154.200,0.44,15860.500046983361
8975,OK,162.300,0.44,15698.399976827204
8976,OK,147.800,0.44,15717.700007371604
8977,OK,218.100,0.44,15873.399970587343
8978,OK,153.300,0.44,15687.700011767447
8979,OK,143.500,0.44,15676.199982408434
8980,OK,143.500,0.44,15720.800030976534
8981,OK,105.100,0.44,15774.199971929193
8982,OK,68.000,0.44,15855.599951464683
8983,OK,48.200,0.44,16130.399948451668
8984,OK,69.200,0.44,15784.299990627915
8985,OK,52.000,0.44,15812.399971764535
8986,OK,61.200,0.44,15878.50000942126
8987,OK,48.300,0.44,16341.300040949136
8988,OK,67.700,0.44,15719.500021077693
8989,OK,92.300,0.44,16152.800002600998
8990,OK,86.300,0.44,15820.899978280067
8991,OK,100.800,0.44,15855.700010433793
8992,OK,103.500,0.44,15986.100013833493
8993,OK,131.500,0.44,15718.399954494089
8994,OK,157.200,0.44,15595.100005157292
8995,OK,157.100,0.44,15553.89998247847
8996,OK,175.000,0.44,15629.999979864806
8997,OK,90.600,0.44,15796.200023032725
8998,OK,57.800,0.44,15889.999980572611
8999,OK,53.900,0.44,16192.000010050833
9000,OK,73.400,0.44,15865.699970163405
9001,OK,137.900,0.44,15630.7999859564
9002,OK,185.600,0.44,15471.499995328486
9003,OK,78.300,0.44,16213.29999761656
9004,OK,106.400,0.44,15832.900011446327
9005,OK,125.600,0.44,15907.599998172373
9006,OK,111.000,0.44,15890.799986664206
9007,OK,157.700,0.44,15763.200004585087
9008,OK,154.500,0.44,15416.299982462078
9009,OK,144.600,0.44,15709.300001617521
9010,OK,99.700,0.44,16226.599982474
9011,OK,139.600,0.44,15437.599970027804
9012,OK,142.400,0.44,16157.699981704354
9013,OK,264.000,0.44,15177.3999677971
9014,OK,142.900,0.44,15725.400007795542
9015,OK,74.200,0.44,15887.399960774928
9016,OK,84.700,0.44,15931.300004012883
9017,OK,147.200,0.44,15864.099957980216
9018,OK,90.900,0.44,15892.900002654642
9019,OK,115.200,0.44,15862.800006289035
9020,OK,140.600,0.44,16165.399982128292
9021,OK,153.300,0.44,15214.299957733601
9022,OK,144.300,0.44,15647.699998226017
9023,OK,80.100,0.44,15832.40000763908
9024,OK,135.000,0.44,15837.599989026785
9025,OK,52.400,0.44,15836.499980650842
9026,OK,39.800,0.44,15974.69998523593
9027,OK,46.300,0.44,15853.09999063611
9028,OK,40.900,0.44,16013.999993447214
9029,OK,43.300,0.44,15886.900015175343
9030,OK,41.600,0.44,15945.399994961917
9031,OK,44.300,0.44,15882.69998319447
9032,OK,43.400,0.44,15957.399969920516
9033,OK,45.500,0.44,15971.299959346652
9034,OK,50.600,0.44,15931.80000782013
9035,OK,55.300,0.44,15885.600005276501
9036,OK,49.100,0.44,15950.099972542375
9037,OK,54.700,0.44,15920.599980745465
9038,OK,54.800,0.44,15835.599973797798
9039,OK,48.100,0.44,15912.50003548339
9040,OK,32.600,0.44,15957.00002508238
9041,OK,42.900,0.44,15939.600009005517
9042,OK,62.600,0.44,15889.699978288263
9043,OK,73.200,0.44,15879.600017797202
9044,OK,63.800,0.44,15917.600016109645
9045,OK,50.500,0.44,15895.300020929426
9046,OK,43.900,0.44,15914.199990220368
9047,OK,39.800,0.44,15986.50001687929
9048,OK,45.800,0.44,15914.999996311963
9049,OK,39.600,0.44,15934.4999701716
9050,OK,44.900,0.44,15922.599995974451
9051,OK,54.200,0.44,15911.399968899786
9052,OK,53.400,0.44,15941.000019665807
9053,OK,63.000,0.44,15902.700019069016
9054,OK,70.500,0.44,15933.30001924187
9055,OK,59.500,0.44,15910.79996433109
9056,OK,56.400,0.44,15862.300002481788
9057,OK,57.600,0.44,15942.2000288032
9058,OK,53.900,0.44,15898.099984042346
9059,OK,51.300,0.44,15920.799982268363
9060,OK,58.200,0.44,15870.800008997321
9061,OK,58.000,0.44,15902.099956292659
9062,OK,56.500,0.44,15968.59999699518
9063,OK,110.800,0.44,15828.999981749803
9064,OK,56.700,0.44,15905.09997913614
9065,OK,62.500,0.44,15908.300003502518
9066,OK,50.900,0.44,15913.79998717457
9067,OK,45.800,0.44,15938.600001391023
9068,OK,71.400,0.44,15856.20001424104
9069,OK,68.500,0.44,15899.699996225536
9070,OK,52.100,0.44,15885.70000603795
9071,OK,48.300,0.44,15952.799993101507
9072,OK,47.400,0.44,15922.79999749735
9073,OK,42.400,0.44,15881.600033026189
9074,OK,43.100,0.44,15924.29995071143
9075,OK,82.500,0.44,15813.299978617579
9076,OK,48.200,0.44,15925.600018817931
9077,OK,51.900,0.44,15934.399969410151
9078,OK,54.600,0.44,15863.70001314208
9079,OK,51.400,0.44,15922.999999020249
9080,OK,54.200,0.44,15932.200010865927
9081,OK,71.000,0.44,15889.099973719567
9082,OK,69.100,0.44,15895.000018645078
9083,OK,58.300,0.44,15893.600007984787
9084,OK,62.400,0.44,15904.600033536553
9085,OK,54.600,0.44,15932.900016196072
9086,OK,58.100,0.44,15889.799979049712
9087,OK,41.300,0.44,15911.999973468482
9088,OK,57.900,0.44,15986.200014594942
9089,OK,59.600,0.44,15867.299982346594
9090,OK,50.500,0.44,15899.799996986985
9091,OK,57.400,0.44,15899.899997748435
9092,OK,69.700,0.44,15865.400026086718
9093,OK,70.600,0.44,15883.800049778074
9094,OK,141.700,0.44,15817.000006791204
9095,OK,76.900,0.44,15995.300025679171
9096,OK,102.900,0.44,15774.399973452091
9097,OK,62.400,0.44,15829.3999847956
9098,OK,82.200,0.44,15891.5999927558
9099,OK,56.900,0.44,15913.500043097883
9100,OK,76.500,0.44,15938.399999868125
9101,OK,53.600,0.44,15789.700031746179
9102,OK,72.800,0.44,15900.50000231713
9103,OK,81.200,0.44,15892.399998847395
9104,OK,55.900,0.44,15914.099989458919
9105,OK,51.000,0.44,15907.799999695271
9106,OK,53.900,0.44,15956.700022798032
9107,OK,69.100,0.44,15868.999995291233
9108,OK,56.200,0.44,15894.60001559928
9109,OK,47.000,0.44,15905.300038866699
9110,OK,38.700,0.44,15961.500001139939
9111,OK,48.000,0.44,15864.099957980216
9112,OK,61.100,0.44,15989.49998151511
9113,OK,127.100,0.44,15819.600026588887
9114,OK,58.700,0.44,15872.099960688502
9115,OK,54.700,0.44,15925.100015010685
9116,OK,60.100,0.44,15916.9000107795
9117,OK,60.400,0.44,15892.499999608845
9118,OK,122.600,0.44,15817.100007552654
9119,OK,60.000,0.44,15915.199997834861
9120,OK,77.300,0.44,15877.300000283867
9121,OK,70.600,0.44,15907.100052572787
9122,OK,60.900,0.44,15903.60002592206
9123,OK,59.100,0.44,15912.899980321527
9124,OK,63.400,0.44,15874.799981247634
9125,OK,57.600,0.44,15905.399981420487
9126,OK,56.400,0.44,15865.299967117608
9127,OK,54.000,0.44,15949.200023896992
9128,OK,59.100,0.44,15873.90003260225
9129,OK,55.900,0.44,15887.800022028387
9130,OK,54.300,0.44,15905.00003658235
9131,OK,52.400,0.44,15972.299966961145
9132,OK,70.900,0.44,15820.500033441931
9133,OK,54.800,0.44,15936.700045131147
9134,OK,54.500,0.44,15924.40000968054
9135,OK,67.100,0.44,15866.099973209202
9136,OK,64.200,0.44,15941.89996831119
9137,OK,62.400,0.44,15867.700043600053
9138,OK,74.800,0.44,15825.700014829636
9139,OK,68.700,0.44,15832.100005354732
9140,OK,75.600,0.44,15963.000012561679
9141,OK,48.400,0.44,15845.100046135485
9142,OK,49.400,0.44,16024.400014430285
9143,OK,57.200,0.44,15889.700036495924
9144,OK,49.100,0.44,15940.699959173799
9145,OK,60.500,0.44,15920.899983029813
9146,OK,53.800,0.44,15895.200020167977
9147,OK,50.800,0.44,15921.699989121407
9148,OK,80.700,0.44,15844.19998107478
9149,OK,60.800,0.44,15926.099964417517
9150,OK,60.000,0.44,15853.19999139756
9151,OK,48.800,0.44,15956.300019752234
9152,OK,49.000,0.44,15916.300006210804
9153,OK,103.600,0.44,15800.399996805936
9154,OK,71.800,0.44,15847.799950279295
9155,OK,45.700,0.44,15910.79996433109
9156,OK,42.300,0.44,15977.300005033612
9157,OK,55.800,0.44,15906.899992842227
9158,OK,43.200,0.44,15881.000028457493
9159,OK,101.000,0.44,15860.399988014251
9160,OK,167.800,0.44,15637.999982573092
9161,OK,47.200,0.44,15957.500028889626
9162,OK,42.700,0.44,15946.50000333786
9163,OK,58.300,0.44,15905.599982943386
9164,OK,41.100,0.44,15877.400001045316
9165,OK,46.900,0.44,15977.200004272163
9166,OK,60.900,0.44,15975.399990566075
9167,OK,139.500,0.44,15764.800016768277
9168,OK,54.500,0.44,15855.100005865097
9169,OK,54.300,0.44,15918.099961709231
9170,OK,51.400,0.44,15897.099976427853
9171,OK,47.100,0.44,15882.899984717369
9172,OK,61.300,0.44,15921.799989882857
9173,OK,64.300,0.44,15901.200007647276
9174,OK,57.500,0.44,15902.300016023219
9175,OK,80.900,0.44,15919.500030577183
9176,OK,99.700,0.44,15840.400010347366
9177,OK,103.900,0.44,15880.299964919686
9178,OK,69.000,0.44,15806.499985046685
9179,OK,94.700,0.44,15881.29997253418
9180,OK,62.500,0.44,15890.499984379858
9181,OK,81.800,0.44,15906.000044196844
9182,OK,90.000,0.44,15837.299986742437
9183,OK,90.300,0.44,15844.699984882027
9184,OK,105.200,0.44,15841.200016438961
9185,OK,93.300,0.44,15852.299984544516
9186,OK,85.600,0.44,15917.500015348196
9187,OK,71.500,0.44,15868.599992245436
9188,OK,70.000,0.44,15883.699990808964
9189,OK,117.100,0.44,15827.100025489926
9190,OK,89.200,0.44,15745.199983939528
9191,OK,104.500,0.44,15820.099972188473
9192,OK,104.600,0.44,15854.199999012053
9193,OK,95.000,0.44,15838.899998925626
9194,OK,83.900,0.44,15829.199983272702
9195,OK,57.900,0.44,15876.79999647662
9196,OK,50.500,0.44,15972.499968484044
9197,OK,80.000,0.44,15870.399947743863
9198,OK,83.500,0.44,15890.09998133406
9199,OK,119.300,0.44,15783.60004350543
9200,OK,83.500,0.44,15832.200006116182
9201,OK,121.500,0.44,15677.199990022928
9202,OK,61.500,0.44,15914.400049950927
9203,OK,63.300,0.44,15857.199963647872
9204,OK,67.300,0.44,15931.900008581579
9205,OK,86.200,0.44,16576.40002667904
9206,OK,66.200,0.44,15224.300033878535
9207,OK,60.200,0.44,15803.800022695214
9208,OK,70.600,0.44,15960.199991241097
9209,OK,55.200,0.44,15926.599968224764
9210,OK,54.500,0.44,15900.60000307858
9211,OK,68.200,0.44,15830.99999697879
9212,OK,91.900,0.44,15878.100006375462
9213,OK,62.100,0.44,15896.09996881336
9214,OK,57.500,0.44,15990.399988368154
9215,OK,70.600,0.44,15733.800013549626
9216,OK,74.600,0.44,16018.499969504774
9217,OK,60.900,0.44,15822.699991986156
9218,OK,64.200,0.44,15858.199971262366
9219,OK,114.300,0.44,15798.800042830408
9220,OK,74.300,0.44,15834.200021345168
9221,OK,52.000,0.44,15929.599991068244
9222,OK,72.600,0.44,15890.999988187104
9223,OK,55.100,0.44,15946.300001814961
9224,OK,57.100,0.44,15886.300010606647
9225,OK,43.500,0.44,15941.100020427257
9226,OK,57.200,0.44,15880.700026173145
9227,OK,82.300,0.44,15907.099994365126
9228,OK,64.500,0.44,15889.400034211576
9229,OK,79.200,0.44,15878.200007136911
9230,OK,56.700,0.44,15887.000015936792
9231,OK,51.800,0.44,15944.799990393221
9232,OK,64.400,0.44,16026.900033466518
9233,OK,89.800,0.44,15815.299993846565
9234,OK,82.700,0.44,15962.70001027733
9235,OK,111.900,0.44,15938.199998345226
9236,OK,128.600,0.44,15602.300001773983
9237,OK,107.500,0.44,15699.299983680248
9238,OK,84.800,0.44,15880.100021604449
9239,OK,77.500,0.44,15865.999972447753
9240,OK,48.000,0.44,15906.699991319329
9241,OK,48.200,0.44,16090.499993879348
9242,OK,57.400,0.44,15879.79996111244
9243,OK,59.900,0.44,15718.800015747547
9244,OK,63.500,0.44,15926.199965178967
9245,OK,59.600,0.44,15953.299996908754
9246,OK,55.000,0.44,15902.600018307567
9247,OK,55.600,0.44,15946.700004860759
9248,OK,134.700,0.44,15692.999993916601
9249,OK,60.400,0.44,15874.299977440387
9250,OK,46.500,0.44,15990.700048860162
9251,OK,50.200,0.44,15824.800007976592
9252,OK,47.200,0.44,15936.799987684935
9253,OK,52.000,0.44,15937.799995299429
9254,OK,62.700,0.44,15943.199978210032
9255,OK,46.900,0.44,15927.100030239671
9256,OK,51.400,0.44,15886.000008322299
9257,OK,85.500,0.44,15883.399988524616
9258,OK,65.100,0.44,15913.099981844425
9259,OK,47.500,0.44,15887.40001898259
9260,OK,62.400,0.44,15893.30000570044
9261,OK,42.600,0.44,15955.700015183538
9262,OK,42.300,0.44,15943.299978971481
9263,OK,66.200,0.44,15865.00002304092
9264,OK,66.600,0.44,15876.299992669374
9265,OK,60.500,0.44,15921.999991405755
9266,OK,53.300,0.44,15878.800011705607
9267,OK,58.100,0.44,15931.200003251433
9268,OK,39.800,0.44,15951.099980156869
9269,OK,64.600,0.44,15983.49999403581
9270,OK,58.300,0.44,15865.599969401956
9271,OK,44.100,0.44,15917.899960186332
9272,OK,48.300,0.44,15880.400023888797
9273,OK,35.500,0.44,15950.499975588173
9274,OK,50.700,0.44,15854.699944611639
9275,OK,46.400,0.44,15961.29999961704
9276,OK,53.700,0.44,15953.499998431653
9277,OK,46.200,0.44,15904.89997761324
9278,OK,40.600,0.44,15978.300012648106
9279,OK,66.800,0.44,15876.499994192272
9280,OK,46.800,0.44,15956.69996459037
9281,OK,47.100,0.44,15861.899999435991
9282,OK,50.000,0.44,15904.599975328892
9283,OK,48.100,0.44,15947.400010190904
9284,OK,67.300,0.44,15916.600008495152
9285,OK,90.200,0.44,15791.099984198809
9286,OK,51.700,0.44,15970.30000993982
9287,OK,70.600,0.44,15924.499952234328
9288,OK,60.000,0.44,15888.200025074184
9289,OK,50.300,0.44,15899.899997748435
9290,OK,59.200,0.44,15913.800045382231
9291,OK,57.600,0.44,15847.600006964058
9292,OK,48.200,0.44,15924.29995071143
9293,OK,45.500,0.44,15915.099997073412
9294,OK,54.300,0.44,15947.700012475252
9295,OK,56.700,0.44,15932.900016196072
9296,OK,89.600,0.44,15884.29999537766
9297,OK,53.700,0.44,15924.500010441989
9298,OK,71.200,0.44,15828.499977942556
9299,OK,106.900,0.44,15864.79996331036
9300,OK,67.300,0.44,15893.799951300025
9301,OK,54.500,0.44,15898.199984803796
9302,OK,61.000,0.44,15841.500018723309
9303,OK,57.400,0.44,15911.499969661236
9304,OK,79.700,0.44,15902.900020591915
9305,OK,46.500,0.44,15851.999982260168
9306,OK,46.700,0.44,15968.600055202842
9307,OK,65.400,0.44,15870.600007474422
9308,OK,64.600,0.44,15903.299965430051
9309,OK,46.900,0.44,15879.299957305193
9310,OK,54.300,0.44,15935.699979308993
9311,OK,49.700,0.44,15907.90000045672
9312,OK,48.400,0.44,15952.799993101507
9313,OK,45.400,0.44,15930.29999639839
9314,OK,99.200,0.44,15837.499988265336
9315,OK,52.700,0.44,15938.900003675371
9316,OK,74.500,0.44,15935.700037516654
9317,OK,53.400,0.44,15896.699973382056
9318,OK,79.700,0.44,15861.399995628744
9319,OK,59.100,0.44,15922.999999020249
9320,OK,59.500,0.44,15926.100022625178
9321,OK,55.000,0.44,15817.300009075552
9322,OK,52.600,0.44,15928.299981169403
9323,OK,65.100,0.44,15977.60000731796
9324,OK,58.400,0.44,15921.899990644306
9325,OK,76.000,0.44,15819.299966096878
9326,OK,70.300,0.44,15904.400032013655
9327,OK,69.200,0.44,15892.199997324497
9328,OK,52.200,0.44,15872.50002194196
9329,OK,51.600,0.44,15956.100018229336
9330,OK,58.900,0.44,15897.000033874065
9331,OK,60.800,0.44,15920.899983029813
9332,OK,64.700,0.44,15894.60001559928
9333,OK,63.200,0.44,15900.60000307858
9334,OK,65.300,0.44,15898.500045295805
9335,OK,63.200,0.44,15891.499991994351
9336,OK,61.700,0.44,15901.100006885827
9337,OK,61.400,0.44,15909.300011117011
9338,OK,67.600,0.44,15827.400027774274
9339,OK,136.500,0.44,15757.400018628687
9340,OK,52.500,0.44,15904.400032013655
9341,OK,40.500,0.44,15949.899971019477
9342,OK,56.700,0.44,16015.000001061708
9343,OK,46.300,0.44,15877.700003329664
9344,OK,56.100,0.44,15885.400003753603
9345,OK,71.600,0.44,15907.299995888025
9346,OK,60.500,0.44,15894.000011030585
9347,OK,60.900,0.44,15887.499961536378
9348,OK,58.400,0.44,15912.900038529187
9349,OK,58.700,0.44,15909.60001340136
9350,OK,70.200,0.44,15896.899974904954
9351,OK,54.100,0.44,15910.100017208606
9352,OK,52.100,0.44,15873.600030317903
9353,OK,50.100,0.44,15941.900026518852
9354,OK,54.000,0.44,15975.300048012286
9355,OK,76.700,0.44,15867.799986153841
9356,OK,66.500,0.44,15863.400010857731
9357,OK,60.600,0.44,15921.899990644306
9358,OK,53.000,0.44,15888.90003040433
9359,OK,62.200,0.44,15874.10003412515
9360,OK,64.200,0.44,15925.200015772134
9361,OK,54.000,0.44,15876.499994192272
9362,OK,52.200,0.44,15985.200006980449
9363,OK,64.900,0.44,15857.900027185678
9364,OK,50.700,0.44,15872.799966018647
9365,OK,49.200,0.44,15930.699999444187
9366,OK,80.500,0.44,15880.200022365898
9367,OK,46.300,0.44,15999.100054614246
9368,OK,72.300,0.44,15865.599969401956
9369,OK,89.400,0.44,15959.69998743385
9370,OK,53.500,0.44,15890.999988187104
9371,OK,60.500,0.44,15891.7999942787
9372,OK,57.800,0.44,15843.800036236644
9373,OK,53.000,0.44,15922.8999982588
9374,OK,70.100,0.44,15885.600005276501
9375,OK,57.900,0.44,15901.599952485412
9376,OK,58.100,0.44,15971.799963153899
9377,OK,49.100,0.44,15899.999998509884
9378,OK,138.800,0.44,15749.000012874603
9379,OK,59.100,0.44,15893.699950538576
9380,OK,52.300,0.44,15966.699982527643
9381,OK,62.600,0.44,15888.500027358532
9382,OK,63.100,0.44,15982.299984898418
9383,OK,63.500,0.44,15820.899978280067
9384,OK,57.500,0.44,15911.299968138337
9385,OK,48.000,0.44,15936.499985400587
9386,OK,142.200,0.44,15740.699949674308
9387,OK,85.900,0.44,15817.100007552654
9388,OK,53.500,0.44,16000.100004021078
9389,OK,62.700,0.44,15864.89996407181
9390,OK,55.400,0.44,15916.999953333288
9391,OK,57.800,0.44,15817.800012882799
9392,OK,51.500,0.44,15989.900042768568
9393,OK,48.400,0.44,15969.200001563877
9394,OK,67.600,0.44,15861.299994867295
9395,OK,54.400,0.44,15898.899990133941
9396,OK,131.900,0.44,15787.500014994293
9397,OK,62.800,0.44,15872.300020419061
9398,OK,56.000,0.44,15974.69998523593
9399,OK,45.400,0.44,15860.999992582947
9400,OK,51.700,0.44,15878.0999481678
9401,OK,62.500,0.44,15837.199985980988
9402,OK,78.600,0.44,15936.400042846799
9403,OK,78.100,0.44,15894.80001712218
9404,OK,82.400,0.44,15850.600029807538
9405,OK,85.000,0.44,15820.000029634684
9406,OK,59.100,0.44,15919.399971608073
9407,OK,78.600,0.44,15862.200001720339
9408,OK,87.200,0.44,15878.600010182709
9409,OK,82.300,0.44,15864.300017710775
9410,OK,93.100,0.44,15893.799951300025
9411,OK,68.700,0.44,15874.899982009083
9412,OK,84.500,0.44,15820.100030396134
9413,OK,86.800,0.44,15891.69999351725
9414,OK,87.700,0.44,15830.79999545589
9415,OK,94.900,0.44,15913.499984890223
9416,OK,101.100,0.44,15828.499977942556
9417,OK,87.400,0.44,15825.500013306737
9418,OK,89.700,0.44,15837.1000434272
9419,OK,80.400,0.44,15870.800008997321
9420,OK,83.900,0.44,15912.40003472194
9421,OK,99.200,0.44,15915.199997834861
9422,OK,91.800,0.44,15778.700006194413
9423,OK,104.300,0.44,15777.099994011223
9424,OK,58.800,0.44,15953.800000716
9425,OK,95.300,0.44,15859.299979638308
9426,OK,127.400,0.44,15800.499997567385
9427,OK,90.700,0.44,15831.199998501688
9428,OK,139.200,0.44,15878.200007136911
9429,OK,83.800,0.44,15706.799982581288
9430,OK,50.300,0.44,15887.900022789836
9431,OK,37.100,0.44,15926.400024909526
9432,OK,42.700,0.44,15958.40003574267
9433,OK,37.800,0.44,15944.699989631772
9434,OK,38.600,0.44,15933.699964080006
9435,OK,46.500,0.44,15941.300021950155
9436,OK,46.000,0.44,15943.70004022494
9437,OK,100.100,0.44,15867.000038269907
9438,OK,67.600,0.44,15857.59996669367
9439,OK,57.000,0.44,15889.799979049712
9440,OK,53.100,0.44,15898.400044534355
9441,OK,56.900,0.44,15878.200007136911
9442,OK,46.000,0.44,15956.499963067472
9443,OK,96.100,0.44,15861.799998674542
9444,OK,57.400,0.44,15897.199977189302
9445,OK,57.600,0.44,15905.199979897588
9446,OK,55.800,0.44,15896.900033112615
9447,OK,74.600,0.44,15904.100029729307
9448,OK,66.200,0.44,15872.800024226308
9449,OK,53.100,0.44,15881.499974057078
9450,OK,61.500,0.44,15929.899993352592
9451,OK,79.600,0.44,15860.899991821498
9452,OK,65.600,0.44,15944.799990393221
9453,OK,63.300,0.44,15876.800054684281
9454,OK,63.900,0.44,15922.499995213002
9455,OK,52.800,0.44,16099.900007247925
9456,OK,64.200,0.44,16034.199972636998
9457,OK,68.100,0.44,15829.799987841398
9458,OK,63.100,0.44,15954.899950884283
9459,OK,64.700,0.44,15986.50001687929
9460,OK,73.000,0.44,15471.699996851385
9461,OK,102.100,0.44,15785.600000526756
9462,OK,58.700,0.44,15883.500047493726
9463,OK,53.600,0.44,16475.000011269003
9464,OK,46.200,0.44,15688.899962697178
9465,OK,58.800,0.44,15547.599992714822
9466,OK,68.300,0.44,16206.200001761317
9467,OK,61.600,0.44,16045.299998950213
9468,OK,62.000,0.44,15937.799995299429
9469,OK,66.600,0.44,15620.199963450432
9470,OK,94.600,0.44,15776.899992488325
9471,OK,105.300,0.44,16215.300012845546
9472,OK,120.100,0.44,15454.299980774522
9473,OK,171.800,0.44,15876.99999799952
9474,OK,119.700,0.44,15760.199981741607
9475,OK,115.800,0.44,15746.100049000233
9476,OK,110.000,0.44,15747.099998407066
9477,OK,84.400,0.44,15718.800015747547
9478,OK,81.800,0.44,15830.99999697879
9479,OK,42.000,0.44,16007.800004445016
9480,OK,74.200,0.44,15861.699997913092
9481,OK,63.500,0.44,15933.500020764768
9482,OK,70.200,0.44,15927.29997355491
9483,OK,53.000,0.44,15870.800008997321
9484,OK,53.800,0.44,15873.199969064444
9485,OK,64.500,0.44,15917.500015348196
9486,OK,48.900,0.44,15992.699947673827
9487,OK,69.000,0.44,15775.900043081492
9488,OK,78.800,0.44,15914.099989458919
9489,OK,58.900,0.44,15914.599993266165
9490,OK,83.100,0.44,15876.199991907924
9491,OK,73.600,0.44,15891.399991232902
9492,OK,51.800,0.44,15918.900026008487
9493,OK,56.700,0.44,15841.899963561445
9494,OK,51.200,0.44,15972.800028976053
9495,OK,43.000,0.44,15921.499987598509
9496,OK,55.300,0.44,15867.99998767674
9497,OK,66.700,0.44,15875.29998505488
9498,OK,54.600,0.44,16000.000003259629
9499,OK,52.300,0.44,15851.69997997582
9500,OK,46.800,0.44,15870.500006712973
9501,OK,56.200,0.44,15887.40001898259
9502,OK,58.300,0.44,15873.699972871691
9503,OK,53.400,0.44,15957.299969159067
9504,OK,54.500,0.44,15865.900029893965
9505,OK,55.500,0.44,15933.699964080006
9506,OK,67.000,0.44,15900.800004601479
9507,OK,58.700,0.44,15878.700010944158
9508,OK,50.400,0.44,15930.699999444187
9509,OK,57.000,0.44,15883.999993093312
9510,OK,48.600,0.44,15947.800013236701
9511,OK,57.400,0.44,15887.999965343624
9512,OK,49.700,0.44,15932.700014673173
9513,OK,51.400,0.44,15930.09999487549
9514,OK,54.500,0.44,15881.599974818528
9515,OK,50.600,0.44,15925.400017295033
9516,OK,49.800,0.44,15975.799993611872
9517,OK,63.300,0.44,15857.300022616982
9518,OK,60.100,0.44,15929.299988783896
9519,OK,71.000,0.44,15918.700024485588
9520,OK,47.800,0.44,15935.599978547543
9521,OK,53.200,0.44,15879.399958066642
9522,OK,54.900,0.44,15895.199961960316
9523,OK,54.100,0.44,15941.89996831119
9524,OK,64.200,0.44,15867.399983108044
9525,OK,57.800,0.44,15912.100032437593
9526,OK,46.800,0.44,15911.00002406165
9527,OK,56.300,0.44,15952.900052070618
9528,OK,58.000,0.44,15915.39999935776
9529,OK,58.800,0.44,15896.700031589717
9530,OK,58.600,0.44,15901.100006885827
9531,OK,58.100,0.44,15899.399993941188
9532,OK,81.800,0.44,15811.199962627143
9533,OK,62.400,0.44,15890.799986664206
9534,OK,40.600,0.44,15960.499993525445
9535,OK,59.700,0.44,15880.900027696043
9536,OK,63.100,0.44,15947.100007906556
9537,OK,53.100,0.44,15952.599991578609
9538,OK,58.200,0.44,15928.59998345375
9539,OK,59.900,0.44,15819.599968381226
9540,OK,51.700,0.44,15935.399977024645
9541,OK,55.800,0.44,15918.499964755028
9542,OK,56.600,0.44,15912.49997727573
9543,OK,61.300,0.44,15908.900008071214
9544,OK,77.500,0.44,15897.100034635514
9545,OK,68.800,0.44,15875.499986577779
9546,OK,63.400,0.44,15948.0000147596
9547,OK,50.400,0.44,15814.899990800768
9548,OK,56.200,0.44,15958.000032696873
9549,OK,73.900,0.44,15893.600007984787
9550,OK,55.400,0.44,15968.499996233732
9551,OK,60.700,0.44,15882.000036071986
9552,OK,55.800,0.44,15876.99999799952
9553,OK,66.100,0.44,15822.09998741746
9554,OK,63.700,0.44,15958.100033458322
9555,OK,52.600,0.44,15823.900001123548
9556,OK,113.100,0.44,15856.600017286837
9557,OK,57.300,0.44,15916.200005449355
9558,OK,65.900,0.44,15971.400018315762
9559,OK,60.300,0.44,15814.299986232072
9560,OK,52.600,0.44,15898.699988611042
9561,OK,53.200,0.44,16027.799982111901
9562,OK,53.900,0.44,15921.39998683706
9563,OK,62.400,0.44,15885.90000756085
9564,OK,61.700,0.44,15835.40003048256
9565,OK,54.600,0.44,15920.899983029813
9566,OK,51.900,0.44,15921.599988359958
9567,OK,58.500,0.44,15911.1000248231
9568,OK,58.100,0.44,15879.400016274303
9569,OK,60.100,0.44,15914.899995550513
9570,OK,57.700,0.44,15885.500004515052
9571,OK,61.600,0.44,15899.699996225536
9572,OK,55.600,0.44,15978.199953678995
9573,OK,73.500,0.44,15903.3999661915
9574,OK,76.900,0.44,15907.799999695271
9575,OK,69.600,0.44,15884.699998423457
9576,OK,64.100,0.44,15857.999969739467
9577,OK,124.100,0.44,15817.900013644248
9578,OK,53.500,0.44,15807.40005010739
9579,OK,117.200,0.44,15933.400020003319
9580,OK,84.500,0.44,15852.000040467829
9581,OK,180.600,0.44,15620.70002546534
9582,OK,66.700,0.44,15916.300006210804
9583,OK,64.100,0.44,15921.099984552711
9584,OK,56.400,0.44,15918.700024485588
9585,OK,58.200,0.44,16609.299986157566
9586,OK,59.600,0.44,15144.500008318573
9587,OK,58.300,0.44,15968.499996233732
9588,OK,67.700,0.44,15914.999996311963
9589,OK,57.000,0.44,15911.200025584549
9590,OK,55.600,0.44,15831.600001547486
9591,OK,51.800,0.44,15932.900016196072
9592,OK,53.100,0.44,15910.9000233002
9593,OK,49.700,0.44,15921.099984552711
9594,OK,51.300,0.44,15880.599967204034
9595,OK,54.100,0.44,15987.500024493784
9596,OK,54.300,0.44,15863.599954172969
9597,OK,56.600,0.44,15918.599965516478
9598,OK,54.700,0.44,15882.599982433021
9599,OK,51.100,0.44,15899.19999241829
9600,OK,36.900,0.44,15970.500011462718
9601,OK,66.400,0.44,15869.39999833703
9602,OK,63.200,0.44,15864.700020756572
9603,OK,68.400,0.44,15854.199999012053
9604,OK,59.900,0.44,15903.5999677144
9605,OK,60.500,0.44,15905.999985989183
9606,OK,61.800,0.44,15893.499949015677
9607,OK,64.100,0.44,15936.999989207834
9608,OK,60.400,0.44,15853.299992159009
9609,OK,59.500,0.44,15886.599954683334
9610,OK,51.400,0.44,15914.199990220368
9611,OK,57.600,0.44,15921.699989121407
9612,OK,61.700,0.44,15895.400021690875
9613,OK,57.000,0.44,15904.399973805994
9614,OK,59.100,0.44,15895.99996805191
9615,OK,138.600,0.44,15728.90003444627
9616,OK,72.300,0.44,15930.399997159839
9617,OK,51.400,0.44,15921.19998531416
9618,OK,55.400,0.44,15964.200021699071
9619,OK,63.000,0.44,15841.30001720041
9620,OK,60.000,0.44,15962.600009515882
9621,OK,63.300,0.44,15838.29999435693
9622,OK,52.700,0.44,15891.399991232902
9623,OK,48.300,0.44,15965.700033120811
9624,OK,138.200,0.44,15739.19999646023
9625,OK,60.500,0.44,15944.199985824525
9626,OK,64.100,0.44,15861.100051552057
9627,OK,59.100,0.44,15886.400011368096
9628,OK,51.500,0.44,15951.500041410327
9629,OK,72.700,0.44,15873.299969825894
9630,OK,72.400,0.44,15877.800004091114
9631,OK,57.700,0.44,15936.900046654046
9632,OK,57.000,0.44,15926.599968224764
9633,OK,144.800,0.44,15726.300014648587
9634,OK,57.200,0.44,15889.299975242466
9635,OK,46.000,0.44,15881.799976341426
9636,OK,41.600,0.44,15993.69995528832
9637,OK,43.400,0.44,15933.400020003319
9638,OK,47.400,0.44,15854.099998250604
9639,OK,63.600,0.44,15934.80003066361
9640,OK,94.500,0.44,15879.500017035753
9641,OK,100.400,0.44,15860.4999887757
9642,OK,82.400,0.44,15840.300009585917
9643,OK,102.400,0.44,15835.29997151345
9644,OK,93.600,0.44,15875.699988100678
9645,OK,91.200,0.44,16003.699973225594
9646,OK,187.600,0.44,15582.799969706684
9647,OK,67.100,0.44,15930.499997921288
9648,OK,68.200,0.44,15945.699997246265
9649,OK,72.000,0.44,15811.400022357702
9650,OK,95.800,0.44,15831.600001547486
9651,OK,95.000,0.44,15814.799990039319
9652,OK,87.000,0.44,15880.100021604449
9653,OK,201.300,0.44,15697.200025897473
9654,OK,87.700,0.44,15909.900015685707
9655,OK,80.800,0.44,15887.100016698241
9656,OK,86.200,0.44,15829.3999847956
9657,OK,101.400,0.44,15842.899971175939
9658,OK,91.500,0.44,15830.599993932992
9659,OK,82.900,0.44,15829.49998555705
9660,OK,83.100,0.44,15861.400053836405
9661,OK,87.200,0.44,15865.899971686304
9662,OK,87.200,0.44,15849.000017624348
9663,OK,70.000,0.44,15864.700020756572
9664,OK,53.800,0.44,15943.49998049438
9665,OK,82.900,0.44,15884.699998423457
9666,OK,86.500,0.44,15853.799995966256
9667,OK,120.000,0.44,15801.40000442043
9668,OK,86.500,0.44,15911.200025584549
9669,OK,133.900,0.44,15756.000007968396
9670,OK,92.200,0.44,15884.899999946356
9671,OK,72.600,0.44,15932.300011627376
9672,OK,61.900,0.44,15779.00000847876
9673,OK,69.600,0.44,16005.200042854995
9674,OK,56.300,0.44,15874.700038693845
9675,OK,57.300,0.44,15946.50000333786
9676,OK,57.300,0.44,15833.300014492124
9677,OK,58.000,0.44,15932.000009343028
9678,OK,56.800,0.44,15964.100020937622
9679,OK,56.300,0.44,15910.100017208606
9680,OK,59.000,0.44,15898.199984803796
9681,OK,61.800,0.44,15856.000012718141
9682,OK,54.000,0.44,15903.199964668602
9683,OK,53.400,0.44,15941.700024995953
9684,OK,66.800,0.44,15908.00000121817
9685,OK,59.400,0.44,15903.799969237298
9686,OK,55.500,0.44,15904.200030490756
9687,OK,57.700,0.44,15960.999997332692
9688,OK,163.900,0.44,15662.599995266646
9689,OK,90.000,0.44,15839.300001971424
9690,OK,47.000,0.44,15924.600011203438
9691,OK,46.900,0.44,15887.40001898259
9692,OK,46.600,0.44,16027.199977543205
9693,OK,60.200,0.44,15688.70001938194
9694,OK,52.700,0.44,15929.199988022447
9695,OK,58.800,0.44,15913.89998793602
9696,OK,63.200,0.44,15890.699985902756
9697,OK,71.300,0.44,15887.899964582175
9698,OK,68.100,0.44,15959.499985910952
9699,OK,56.900,0.44,15881.599974818528
9700,OK,55.100,0.44,16038.799949456006
9701,OK,103.900,0.44,15529.100026469678
9702,OK,81.600,0.44,15852.199983783066
9703,OK,76.000,0.44,15908.700006548315
9704,OK,56.200,0.44,15892.499999608845
9705,OK,46.900,0.44,15906.799992080778
9706,OK,45.800,0.44,15916.200005449355
9707,OK,67.200,0.44,15848.200011532754
9708,OK,52.700,0.44,16262.400022242218
9709,OK,59.500,0.44,15950.89997863397
9710,OK,65.100,0.44,15828.799980226904
9711,OK,80.200,0.44,15626.50001142174
9712,OK,93.900,0.44,16201.599966734648
9713,OK,100.200,0.44,16110.699973069131
9714,OK,128.500,0.44,15607.699984684587
9715,OK,163.900,0.44,15492.99998441711
9716,OK,128.200,0.44,15836.199978366494
9717,OK,115.800,0.44,15741.800016257912
9718,OK,129.100,0.44,15771.900012623519
9719,OK,83.200,0.44,15821.099979802966
9720,OK,72.500,0.44,15863.000007811934
9721,OK,152.500,0.44,15718.600014224648
9722,OK,51.500,0.44,15859.10003632307
9723,OK,41.800,0.44,15987.400023732334
9724,OK,61.400,0.44,15929.299988783896
9725,OK,44.100,0.44,15904.800035059452
9726,OK,56.300,0.44,15894.000011030585
9727,OK,61.600,0.44,15908.700006548315
9728,OK,58.900,0.44,15904.99997837469
9729,OK,50.700,0.44,15880.499966442585
9730,OK,61.800,0.44,15910.399961285293
9731,OK,82.600,0.44,15881.19997177273
9732,OK,60.300,0.44,15900.70000384003
9733,OK,62.200,0.44,15906.699991319329
9734,OK,60.200,0.44,15904.100029729307
9735,OK,57.800,0.44,15894.899959675968
9736,OK,59.400,0.44,15949.900029227138
9737,OK,76.200,0.44,15823.199995793402
9738,OK,65.100,0.44,15933.30001924187
9739,OK,52.100,0.44,15954.399947077036
9740,OK,50.600,0.44,15893.000003416091
9741,OK,53.700,0.44,15909.60001340136
9742,OK,45.400,0.44,15961.19999885559
9743,OK,57.300,0.44,15859.799983445555
9744,OK,47.200,0.44,15893.900010269135
9745,OK,51.600,0.44,15964.100020937622
9746,OK,57.200,0.44,15837.599989026785
9747,OK,64.800,0.44,15992.50000435859
9748,OK,61.700,0.44,15842.200024053454
9749,OK,52.900,0.44,15914.999996311963
9750,OK,60.600,0.44,15874.199976678938
9751,OK,59.000,0.44,15952.000045217574
9752,OK,62.000,0.44,15802.70001431927
9753,OK,66.300,0.44,15941.099962219596
9754,OK,51.100,0.44,15861.499996390194
9755,OK,47.100,0.44,15898.299985565245
9756,OK,39.100,0.44,15922.599995974451
9757,OK,49.300,0.44,15951.099980156869
9758,OK,46.900,0.44,15900.099999271333
9759,OK,47.600,0.44,15949.40002541989
9760,OK,75.800,0.44,15885.8000067994
9761,OK,46.900,0.44,15907.699998933822
9762,OK,45.800,0.44,15940.899960696697
9763,OK,53.800,0.44,15911.1000248231
9764,OK,57.600,0.44,15945.799998007715
9765,OK,67.800,0.44,15879.700018558651
9766,OK,67.800,0.44,15849.200019147247
9767,OK,60.500,0.44,15916.600008495152
9768,OK,54.100,0.44,15937.099989969283
9769,OK,56.000,0.44,15967.499988619238
9770,OK,58.000,0.44,15840.000007301569
9771,OK,61.300,0.44,15875.099983531982
9772,OK,48.300,0.44,15950.199973303825
9773,OK,44.200,0.44,15888.500027358532
9774,OK,44.700,0.44,15861.899999435991
9775,OK,44.700,0.44,15988.600032869726
9776,OK,59.300,0.44,15885.500004515052
9777,OK,61.900,0.44,15940.4999576509
9778,OK,116.700,0.44,15797.00002912432
9779,OK,60.700,0.44,15886.800014413893
9780,OK,60.900,0.44,16001.100011635572
9781,OK,55.500,0.44,15836.499980650842
9782,OK,53.900,0.44,15907.799999695271
9783,OK,43.500,0.44,15940.300014335662
9784,OK,45.900,0.44,15923.200000543147
9785,OK,50.500,0.44,15839.200001209974
9786,OK,47.300,0.44,15960.299992002547
9787,OK,59.800,0.44,15932.100010104477
9788,OK,52.800,0.44,15936.2000413239
9789,OK,56.600,0.44,15882.69998319447
9790,OK,47.100,0.44,15922.200051136315
9791,OK,53.800,0.44,15879.500017035753
9792,OK,51.800,0.44,15992.300002835691
9793,OK,72.300,0.44,15844.899986404926
9794,OK,52.500,0.44,15992.40000359714
9795,OK,63.000,0.44,15821.599983610213
9796,OK,73.700,0.44,15916.80001001805
9797,OK,60.000,0.44,15873.800031840801
9798,OK,52.400,0.44,15883.499989286065
9799,OK,54.000,0.44,15922.299993690103
9800,OK,53.000,0.44,15924.500010441989
9801,OK,52.800,0.44,15853.699995204806
9802,OK,68.900,0.44,16031.10000723973
9803,OK,101.600,0.44,15683.499979786575
9804,OK,65.100,0.44,15858.200029470026
9805,OK,58.300,0.44,15922.099992167205
9806,OK,56.900,0.44,15930.29999639839
9807,OK,62.500,0.44,15939.300006721169
9808,OK,49.500,0.44,15944.099985063076
9809,OK,59.600,0.44,15902.499959338456
9810,OK,62.600,0.44,15913.299983367324
9811,OK,55.600,0.44,15896.699973382056
9812,OK,62.300,0.44,15853.599994443357
9813,OK,49.600,0.44,15986.599959433079
9814,OK,57.200,0.44,15898.299985565245
9815,OK,62.700,0.44,15947.700012475252
9816,OK,135.300,0.44,15654.899994842708
9817,OK,71.100,0.44,15912.60003624484
9818,OK,42.700,0.44,15918.19996247068
9819,OK,45.500,0.44,15923.600003588945
9820,OK,47.100,0.44,15912.49997727573
9821,OK,51.800,0.44,15891.80005248636
9822,OK,67.400,0.44,15919.600031338632
9823,OK,54.200,0.44,15968.499996233732
9824,OK,83.800,0.44,15798.099979292601
9825,OK,49.600,0.44,15936.299983877689
9826,OK,52.000,0.44,15950.600034557283
9827,OK,54.500,0.44,15870.600007474422
9828,OK,56.100,0.44,15890.900045633316
9829,OK,56.400,0.44,15982.999990228564
9830,OK,142.800,0.44,15697.60002894327
9831,OK,74.100,0.44,15921.30004428327
9832,OK,57.300,0.44,15893.600007984787
9833,OK,57.300,0.44,15954.300004523247
9834,OK,56.900,0.44,15844.29998183623
9835,OK,68.700,0.44,15896.09996881336
9836,OK,54.900,0.44,15933.10001771897
9837,OK,60.700,0.44,15899.699996225536
9838,OK,60.900,0.44,15886.600012890995
9839,OK,48.500,0.44,15936.09998235479
9840,OK,64.800,0.44,15901.100006885827
9841,OK,54.400,0.44,15904.299973044544
9842,OK,49.900,0.44,15924.09994918853
9843,OK,54.300,0.44,15916.299948003143
9844,OK,50.900,0.44,15920.500038191676
9845,OK,56.600,0.44,15898.399986326694
9846,OK,48.300,0.44,15982.399985659868
9847,OK,75.700,0.44,15840.100008063018
9848,OK,61.900,0.44,15929.699991829693
9849,OK,54.800,0.44,15892.800001893193
9850,OK,60.200,0.44,15901.700011454523
9851,OK,58.500,0.44,15930.29999639839
9852,OK,96.900,0.44,15817.400009837002
9853,OK,90.600,0.44,15884.099993854761
9854,OK,149.400,0.44,15753.499988932163
9855,OK,59.100,0.44,15862.800006289035
9856,OK,74.100,0.44,15901.100006885827
9857,OK,59.100,0.44,15876.300050877035
9858,OK,43.200,0.44,15931.900008581579
9859,OK,45.700,0.44,15913.099981844425
9860,OK,38.100,0.44,16087.30002772063
9861,OK,138.000,0.44,15676.600043661892
9862,OK,72.700,0.44,15959.7999881953
9863,OK,56.500,0.44,15864.399960264564
9864,OK,54.700,0.44,15921.899990644306
9865,OK,52.800,0.44,15899.899997748435
9866,OK,83.400,0.44,15853.299992159009
9867,OK,51.800,0.44,15833.300014492124
9868,OK,42.200,0.44,16031.800012569875
9869,OK,160.600,0.44,15749.6000174433
9870,OK,59.000,0.44,15929.399989545345
9871,OK,65.500,0.44,15887.100016698241
9872,OK,64.400,0.44,15912.800037767738
9873,OK,78.700,0.44,15856.000012718141
9874,OK,54.300,0.44,15889.799979049712
9875,OK,72.000,0.44,15856.300015002489
9876,OK,80.200,0.44,15895.100019406527
9877,OK,81.400,0.44,15873.79997363314
9878,OK,83.400,0.44,15905.199979897588
9879,OK,67.200,0.44,15902.600018307567
9880,OK,69.200,0.44,15885.90000756085
9881,OK,68.900,0.44,15880.100021604449
9882,OK,70.600,0.44,15847.500006202608
9883,OK,91.200,0.44,15880.300023127347
9884,OK,90.200,0.44,15871.700015850365
9885,OK,65.200,0.44,15886.300010606647
9886,OK,70.200,0.44,15898.100042250007
9887,OK,82.400,0.44,15866.60003522411
9888,OK,89.400,0.44,15848.400013055652
9889,OK,87.500,0.44,15815.499995369464
9890,OK,101.600,0.44,15869.900002144277
9891,OK,71.700,0.44,15884.899999946356
9892,OK,80.700,0.44,15872.39996297285
9893,OK,79.000,0.44,15870.90000975877
9894,OK,78.800,0.44,15956.200018990785
9895,OK,122.500,0.44,15697.60002894327
9896,OK,96.100,0.44,15894.900017883629
9897,OK,86.000,0.44,15794.500010088086
9898,OK,80.700,0.44,15880.900027696043
9899,OK,81.100,0.44,15704.600024037063
9900,OK,65.600,0.44,15875.000040978193
9901,OK,92.000,0.44,15751.299972180277
9902,OK,106.300,0.44,15949.800028465688
9903,OK,159.600,0.44,15634.400013368577
9904,OK,78.200,0.44,15933.19996027276
9905,OK,101.400,0.44,15765.400021336973
9906,OK,103.700,0.44,15827.000024728477
9907,OK,140.800,0.44,15803.699963726103
9908,OK,104.400,0.44,15797.00002912432
9909,OK,59.700,0.44,15899.799996986985
9910,OK,57.600,0.44,15846.199996303767
9911,OK,64.100,0.44,15963.699959684163
9912,OK,60.900,0.44,15925.299958325922
9913,OK,50.500,0.44,15912.999981082976
9914,OK,51.500,0.44,15914.999996311963
9915,OK,58.400,0.44,15862.700005527586
9916,OK,52.000,0.44,15980.000025592744
9917,OK,74.800,0.44,15885.8000067994
9918,OK,56.000,0.44,15880.900027696043
9919,OK,59.600,0.44,15951.899986248463
9920,OK,139.200,0.44,15718.000009655952
9921,OK,54.600,0.44,15894.80001712218
9922,OK,55.100,0.44,15913.599985651672
9923,OK,54.900,0.44,15904.800035059452
9924,OK,59.200,0.44,15894.70001636073
9925,OK,51.500,0.44,15956.999966874719
9926,OK,46.400,0.44,15885.600005276501
9927,OK,46.500,0.44,15988.699975423515
9928,OK,73.100,0.44,15859.799983445555
9929,OK,63.900,0.44,15896.899974904954
9930,OK,64.800,0.44,15914.899995550513
9931,OK,60.700,0.44,15835.900034289807
9932,OK,66.800,0.44,15905.09997913614
9933,OK,77.200,0.44,15918.899967800826
9934,OK,57.500,0.44,15879.600017797202
9935,OK,49.300,0.44,16194.099967833608
9936,OK,57.600,0.44,15895.699965767562
9937,OK,54.700,0.44,16059.699992183596
9938,OK,61.600,0.44,15496.199950575829
9939,OK,64.600,0.44,16297.099995426834
9940,OK,80.000,0.44,15974.200039636344
9941,OK,120.900,0.44,15108.600025996566
9942,OK,99.100,0.44,15972.599969245493
9943,OK,117.100,0.44,15858.299972023815
9944,OK,136.300,0.44,15807.999996468425
9945,OK,175.200,0.44,15646.799991372973
9946,OK,136.200,0.44,15897.399978712201
9947,OK,138.300,0.44,15757.100016344339
9948,OK,126.200,0.44,16067.000047769397
9949,OK,140.200,0.44,15459.10001732409
9950,OK,124.400,0.44,15912.899980321527
9951,OK,145.500,0.44,15550.000010989606
9952,OK,116.300,0.44,15836.800041142851
9953,OK,149.700,0.44,15707.199985627085
9954,OK,152.900,0.44,15713.499975390732
9955,OK,67.800,0.44,15831.500000786036
9956,OK,41.100,0.44,15949.200023896992
9957,OK,60.300,0.44,15943.699982017279
9958,OK,81.000,0.44,15821.399982087314
9959,OK,96.900,0.44,15901.600010693073
9960,OK,51.000,0.44,15961.19999885559
9961,OK,51.600,0.44,15853.799995966256
9962,OK,55.200,0.44,15937.099989969283
9963,OK,49.600,0.44,15879.90002008155
9964,OK,46.600,0.44,15944.600047077984
9965,OK,38.900,0.44,15935.599978547543
9966,OK,45.800,0.44,15946.100000292063
9967,OK,57.700,0.44,15908.499946817756
9968,OK,62.100,0.44,15864.100016187876
9969,OK,40.000,0.44,15935.799980070442
9970,OK,42.700,0.44,15968.499996233732
9971,OK,95.500,0.44,15842.100023292005
9972,OK,56.600,0.44,15935.499977786094
9973,OK,57.800,0.44,15904.800035059452
9974,OK,53.600,0.44,15893.700008746237
9975,OK,51.000,0.44,15938.600001391023
9976,OK,55.200,0.44,15889.099973719567
9977,OK,47.800,0.44,15935.800038278103
9978,OK,57.700,0.44,15877.400001045316
9979,OK,51.000,0.44,15996.200032532215
9980,OK,61.300,0.44,15854.299999773502
9981,OK,60.200,0.44,15890.899987425655
9982,OK,60.800,0.44,15861.799998674542
9983,OK,77.900,0.44,15851.199976168573
9984,OK,58.000,0.44,15916.80001001805
9985,OK,55.100,0.44,15911.399968899786
9986,OK,49.000,0.44,15925.300016533583
9987,OK,54.300,0.44,15985.299949534237
9988,OK,56.300,0.44,15834.900026675314
9989,OK,56.000,0.44,15979.699965100735
9990,OK,52.400,0.44,15938.299999106675
9991,OK,60.700,0.44,15883.599990047514
9992,OK,54.800,0.44,15841.30001720041
9993,OK,54.700,0.44,15988.699975423515
9994,OK,58.900,0.44,15854.7000028193
9995,OK,49.200,0.44,15974.099980667233
9996,OK,59.000,0.44,15899.499994702637
9997,OK,64.100,0.44,15837.800048757344
9998,OK,89.300,0.44,15899.799996986985
9999,OK,67.900,0.44,15951.199980918318
10000,OK,59.600,0.44,15829.799987841398
10001,OK,83.300,0.44,15792.2999933362
10002,OK,52.900,0.44,15919.100027531385
10003,OK,54.900,0.44,15856.000012718141
10004,OK,51.700,0.44,15915.50000011921
10005,OK,43.100,0.44,15972.799970768392
10006,OK,43.300,0.44,15883.900050539523
10007,OK,47.100,0.44,15955.29995393008
10008,OK,52.700,0.44,15887.700021266937
10009,OK,50.900,0.44,15900.099999271333
10010,OK,70.300,0.44,15905.600041151047
10011,OK,46.600,0.44,15904.299973044544
10012,OK,49.300,0.44,15871.500014327466
10013,OK,47.900,0.44,15977.000002749264
10014,OK,64.900,0.44,15924.40000968054
10015,OK,53.400,0.44,15901.600010693073
10016,OK,51.000,0.44,15912.899980321527
10017,OK,51.900,0.44,15884.899999946356
10018,OK,48.700,0.44,15927.09997203201
10019,OK,51.700,0.44,15935.200033709407
10020,OK,58.800,0.44,15963.200014084578
10021,OK,58.100,0.44,15919.79997465387
10022,OK,61.100,0.44,15847.400005441159
10023,OK,45.900,0.44,15865.500026848167
10024,OK,49.800,0.44,15992.300002835691
10025,OK,71.500,0.44,15815.699996892363
10026,OK,69.400,0.44,15898.399986326694
10027,OK,64.300,0.44,15965.400030836463
10028,OK,55.100,0.44,15852.599986828864
10029,OK,54.500,0.44,15948.600019328296
10030,OK,77.700,0.44,15866.70003598556
10031,OK,53.600,0.44,15872.499963734299
10032,OK,53.600,0.44,15956.000017467886
10033,OK,52.400,0.44,15904.89997761324
10034,OK,54.300,0.44,15926.000021863729
10035,OK,66.700,0.44,15876.299992669374
10036,OK,48.700,0.44,15941.799967549741
10037,OK,50.300,0.44,15921.099984552711
10038,OK,51.600,0.44,15917.599957901984
10039,OK,92.400,0.44,15882.000036071986
10040,OK,64.300,0.44,15901.100006885827
10041,OK,59.900,0.44,15946.40000257641
10042,OK,62.900,0.44,15901.000006124377
10043,OK,59.500,0.44,15900.800004601479
10044,OK,69.200,0.44,15864.800021518022
10045,OK,68.900,0.44,15869.599999859929
10046,OK,65.800,0.44,15950.79997787252
10047,OK,68.100,0.44,15860.200044699013
10048,OK,55.700,0.44,15840.900014154613
10049,OK,62.500,0.44,15938.100055791438
10050,OK,81.900,0.44,15871.699957642704
10051,OK,77.500,0.44,15851.90003970638
10052,OK,70.800,0.44,15897.299977950752
10053,OK,81.800,0.44,15918.39996399358
10054,OK,63.100,0.44,15893.700008746237
10055,OK,64.200,0.44,15813.399979379028
10056,OK,56.900,0.44,15990.799991413951
10057,OK,67.700,0.44,15866.699977777898
10058,OK,57.100,0.44,15876.599994953722
10059,OK,61.800,0.44,15869.599999859929
10060,OK,53.400,0.44,15904.900035820901
10061,OK,55.000,0.44,15950.500033795834
10062,OK,54.300,0.44,15896.600030828267
10063,OK,54.000,0.44,15947.700012475252
10064,OK,54.800,0.44,15875.700046308339
10065,OK,54.100,0.44,15903.400024399161
10066,OK,89.100,0.44,15839.600004255772
10067,OK,92.400,0.44,15871.10001128167
10068,OK,69.500,0.44,15923.200000543147
10069,OK,54.600,0.44,15912.199974991381
10070,OK,52.400,0.44,15896.000026259571
10071,OK,53.900,0.44,15919.79997465387
10072,OK,52.100,0.44,15921.39998683706
10073,OK,66.200,0.44,15887.100016698241
10074,OK,56.500,0.44,15925.80002034083
10075,OK,58.000,0.44,15897.69998099655
10076,OK,43.900,0.44,15942.399972118437
10077,OK,64.900,0.44,15880.099963396788
10078,OK,42.800,0.44,15948.700020089746
10079,OK,51.600,0.44,15928.399981930852
10080,OK,73.100,0.44,15878.600010182709
10081,OK,56.900,0.44,15950.500033795834
10082,OK,54.800,0.44,15886.699955444783
10083,OK,54.800,0.44,15945.899998769164
10084,OK,53.000,0.44,15881.499974057078
10085,OK,58.300,0.44,15882.79998395592
10086,OK,58.700,0.44,15932.800015434623
10087,OK,50.200,0.44,15921.099984552711
10088,OK,55.100,0.44,15897.49997947365
10089,OK,69.100,0.44,15886.700013652444
10090,OK,54.900,0.44,15891.000046394765
10091,OK,56.500,0.44,15936.399984639138
10092,OK,55.900,0.44,15920.999983791262
10093,OK,73.700,0.44,15961.800003424287
10094,OK,64.500,0.44,15812.000026926398
10095,OK,67.900,0.44,15897.199977189302
10096,OK,51.900,0.44,15922.099992167205
10097,OK,110.800,0.44,15817.70001212135
10098,OK,81.400,0.44,15843.099972698838
10099,OK,47.300,0.44,15936.299983877689
10100,OK,48.700,0.44,15956.80002355948
10101,OK,63.200,0.44,15834.700025152415
10102,OK,49.800,0.44,15819.199965335429
10103,OK,47.100,0.44,15880.099963396788
10104,OK,43.900,0.44,15993.600012734532
10105,OK,166.300,0.44,15668.399981223047
10106,OK,89.100,0.44,15893.900010269135
10107,OK,92.600,0.44,15831.800003070384
10108,OK,82.300,0.44,15938.399999868125
10109,OK,63.400,0.44,15792.199992574751
10110,OK,90.800,0.44,15964.500023983419
10111,OK,66.600,0.44,15839.300001971424
10112,OK,82.100,0.44,15862.200001720339
10113,OK,55.200,0.44,15852.999989874661
10114,OK,75.000,0.44,15881.899977102876
10115,OK,76.500,0.44,15893.30000570044
10116,OK,80.800,0.44,15873.89997439459
10117,OK,78.300,0.44,15857.400023378432
10118,OK,77.500,0.44,15916.9000107795
10119,OK,79.600,0.44,15855.000005103648
10120,OK,81.200,0.44,15864.99996483326
10121,OK,85.000,0.44,15922.80005570501
10122,OK,81.600,0.44,15861.899999435991
10123,OK,81.500,0.44,15871.999959927052
10124,OK,89.000,0.44,15819.400025065988
10125,OK,80.700,0.44,15866.799978539348
10126,OK,67.700,0.44,15896.999975666404
10127,OK,88.100,0.44,15880.199964158237
10128,OK,92.400,0.44,15815.799997653812
10129,OK,82.600,0.44,15852.900047320873
10130,OK,81.300,0.44,15888.000023551285
10131,OK,79.200,0.44,15878.200007136911
10132,OK,88.300,0.44,15989.50003972277
10133,OK,86.400,0.44,15740.70000788197
10134,OK,95.100,0.44,15833.200013730675
10135,OK,67.200,0.44,15874.499978963286
10136,OK,51.500,0.44,15966.499981004745
10137,OK,85.900,0.44,15810.000011697412
10138,OK,83.500,0.44,15898.399986326694
10139,OK,92.600,0.44,15876.100049354136
10140,OK,115.100,0.44,15776.19998715818
10141,OK,63.500,0.44,15869.700000621378
10142,OK,62.500,0.44,15901.100006885827
10143,OK,60.600,0.44,15929.199988022447
10144,OK,62.600,0.44,15920.099976938218
10145,OK,50.500,0.44,15920.399979222566
10146,OK,57.800,0.44,15978.100011125207
10147,OK,74.500,0.44,15874.699980486184
10148,OK,69.600,0.44,15803.800022695214
10149,OK,82.600,0.44,15984.099998604506
10150,OK,57.400,0.44,15907.100052572787
10151,OK,59.300,0.44,15918.800025247037
10152,OK,66.800,0.44,15845.899994019419
10153,OK,154.800,0.44,15692.200046032667
10154,OK,53.100,0.44,15980.500029399991
10155,OK,53.500,0.44,15939.699951559305
10156,OK,59.800,0.44,15858.99997735396
10157,OK,60.100,0.44,15917.900018393993
10158,OK,57.900,0.44,15916.400006972253
10159,OK,52.500,0.44,15955.100010614842
10160,OK,54.700,0.44,15859.700040891767
10161,OK,159.800,0.44,15787.700016517192
10162,OK,66.600,0.44,15885.300002992153
10163,OK,89.100,0.44,15848.80001610145
10164,OK,72.500,0.44,15868.799993768334
10165,OK,57.300,0.44,16135.000041685998
10166,OK,112.900,0.44,15639.69999551773
10167,OK,49.000,0.44,15904.000028967857
10168,OK,43.600,0.44,15936.30004208535
10169,OK,53.600,0.44,15981.099975761026
10170,OK,55.000,0.44,16076.300002168864
10171,OK,54.900,0.44,15899.19999241829
10172,OK,59.100,0.44,16012.599982786924
10173,OK,76.000,0.44,15731.499996036291
10174,OK,71.000,0.44,16115.600010380149
10175,OK,74.300,0.44,15528.199961408973
10176,OK,78.800,0.44,15986.799960955977
10177,OK,68.800,0.44,16111.700038891286
10178,OK,90.100,0.44,15595.200005918741
10179,OK,86.600,0.44,15762.399998493493
10180,OK,62.900,0.44,15862.10000095889
10181,OK,44.200,0.44,16253.699955996126
10182,OK,55.500,0.44,15837.500046472996
10183,OK,54.000,0.44,15614.59997901693
10184,OK,50.900,0.44,16084.100003354251
10185,OK,63.500,0.44,15818.700019735843
10186,OK,68.300,0.44,16265.799989923835
10187,OK,78.000,0.44,15507.79998069629
10188,OK,105.400,0.44,16324.399970471859
10189,OK,148.200,0.44,15490.20002130419
10190,OK,149.500,0.44,15713.499975390732
10191,OK,115.900,0.44,15676.200040616095
10192,OK,114.900,0.44,15901.200007647276
10193,OK,127.300,0.44,15749.599959235638
10194,OK,89.100,0.44,15770.800004247576
10195,OK,65.000,0.44,15829.29998403415
10196,OK,56.000,0.44,15911.600028630346
10197,OK,45.200,0.44,15959.200041834265
10198,OK,42.900,0.44,15966.400038450956
10199,OK,63.200,0.44,15885.600005276501
10200,OK,50.200,0.44,15945.999999530613
10201,OK,62.300,0.44,15797.00002912432
10202,OK,58.500,0.44,15877.099998760968
10203,OK,70.200,0.44,15913.499984890223
10204,OK,65.000,0.44,15948.500018566847
10205,OK,50.300,0.44,15873.79997363314
10206,OK,50.200,0.44,15899.400052148849
10207,OK,48.100,0.44,15903.3999661915
10208,OK,43.600,0.44,15944.100043270737
10209,OK,57.100,0.44,15957.299969159067
10210,OK,51.200,0.44,15848.70001534
10211,OK,44.900,0.44,15943.500038702041
10212,OK,63.100,0.44,15885.000000707805
10213,OK,52.000,0.44,15910.400019492954
10214,OK,53.100,0.44,15932.200010865927
10215,OK,51.300,0.44,15912.40003472194
10216,OK,58.900,0.44,15900.200000032783
10217,OK,51.800,0.44,15978.100011125207
10218,OK,60.100,0.44,15829.099982511252
10219,OK,54.500,0.44,15951.799985487014
10220,OK,57.100,0.44,15903.5999677144
10221,OK,56.400,0.44,15886.700013652444
10222,OK,70.000,0.44,15917.600016109645
10223,OK,64.900,0.44,15898.199984803796
10224,OK,61.200,0.44,15877.300000283867
10225,OK,50.300,0.44,15934.400027617812
10226,OK,60.200,0.44,15882.400039117783
10227,OK,53.500,0.44,15931.999951135367
10228,OK,73.800,0.44,15883.099986240268
10229,OK,48.800,0.44,15945.799998007715
10230,OK,57.000,0.44,15895.500022452325
10231,OK,55.800,0.44,15912.599978037179
10232,OK,76.000,0.44,15936.499985400587
10233,OK,59.500,0.44,15866.39997549355
10234,OK,57.100,0.44,15822.199988178909
10235,OK,65.600,0.44,15945.09999267757
10236,OK,54.700,0.44,15899.799996986985
10237,OK,49.100,0.44,15912.49997727573
10238,OK,65.200,0.44,15848.900016862899
10239,OK,44.800,0.44,15958.099975250661
10240,OK,70.200,0.44,15928.199980407953
10241,OK,53.400,0.44,15844.499983359128
10242,OK,50.300,0.44,15917.699958663434
10243,OK,50.600,0.44,15928.499982692301
10244,OK,67.900,0.44,15892.499999608845
10245,OK,76.700,0.44,15884.29999537766
10246,OK,56.000,0.44,15941.800025757402
10247,OK,53.700,0.44,15876.299992669374
10248,OK,74.900,0.44,15889.499976765364
10249,OK,56.500,0.44,15913.800045382231
10250,OK,79.700,0.44,15890.999988187104
10251,OK,57.700,0.44,15908.600005786866
10252,OK,52.900,0.44,15896.999975666404
10253,OK,61.000,0.44,15861.599997151643
10254,OK,80.800,0.44,15851.59997921437
10255,OK,53.000,0.44,15907.199995126575
10256,OK,51.700,0.44,15994.500019587576
10257,OK,88.200,0.44,15882.199979387224
10258,OK,72.300,0.44,15869.900002144277
10259,OK,77.600,0.44,15937.199990730733
10260,OK,56.800,0.44,15891.90005324781
10261,OK,60.100,0.44,15901.500009931624
10262,OK,63.800,0.44,15837.099985219538
10263,OK,104.600,0.44,15876.79999647662
10264,OK,92.900,0.44,15809.700009413064
10265,OK,71.200,0.44,15889.600035734475
10266,OK,42.600,0.44,15950.599976349622
10267,OK,51.800,0.44,15920.099976938218
10268,OK,46.500,0.44,15937.999996822327
10269,OK,46.800,0.44,15951.199980918318
10270,OK,67.500,0.44,15902.700019069016
10271,OK,61.700,0.44,15871.700015850365
10272,OK,60.300,0.44,15869.900002144277
10273,OK,52.000,0.44,15994.800021871924
10274,OK,70.400,0.44,15879.600017797202
10275,OK,51.200,0.44,15908.300003502518
10276,OK,52.900,0.44,15879.899961873889
10277,OK,54.000,0.44,15916.400006972253
10278,OK,72.100,0.44,15888.200025074184
10279,OK,62.500,0.44,15948.600019328296
10280,OK,50.900,0.44,15938.199998345226
10281,OK,50.900,0.44,15875.999990385026
10282,OK,49.900,0.44,15895.500022452325
10283,OK,54.800,0.44,15960.199991241097
10284,OK,48.800,0.44,15925.70001957938
10285,OK,63.700,0.44,15956.700022798032
10286,OK,60.400,0.44,15839.500003494322
10287,OK,56.300,0.44,15954.700007569045
10288,OK,56.000,0.44,15866.699977777898
10289,OK,59.900,0.44,15912.900038529187
10290,OK,62.000,0.44,15886.100009083748
10291,OK,51.500,0.44,15935.600036755204
10292,OK,62.900,0.44,15902.399958577007
10293,OK,61.900,0.44,15916.700009256601
10294,OK,89.100,0.44,15826.200018636882
10295,OK,57.600,0.44,15930.699999444187
10296,OK,61.100,0.44,15948.500018566847
10297,OK,101.000,0.44,15679.600008297712
10298,OK,58.100,0.44,15920.999983791262
10299,OK,54.100,0.44,15906.699991319329
10300,OK,68.600,0.44,15978.500014171004
10301,OK,117.500,0.44,15638.39998561889
10302,OK,58.800,0.44,15918.100019916892
10303,OK,81.800,0.44,15796.80002760142
10304,OK,48.700,0.44,15816.20000069961
10305,OK,56.500,0.44,15977.70000807941
10306,OK,45.500,0.44,15893.400006461889
10307,OK,50.700,0.44,15943.000034894794
10308,OK,51.300,0.44,15888.999972958118
10309,OK,55.500,0.44,15893.700008746237
10310,OK,42.900,0.44,15964.999969583005
10311,OK,51.700,0.44,15910.99996585399
10312,OK,54.900,0.44,15944.89999115467
10313,OK,68.200,0.44,15899.499994702637
10314,OK,67.900,0.44,15903.50002516061
10315,OK,59.500,0.44,15854.199999012053
10316,OK,46.300,0.44,15929.899993352592
10317,OK,52.900,0.44,15923.300001304597
10318,OK,56.800,0.44,15898.99999089539
10319,OK,47.900,0.44,15919.499972369522
10320,OK,52.100,0.44,15908.999950625002
10321,OK,55.900,0.44,15924.20000815764
10322,OK,42.500,0.44,15885.8000067994
10323,OK,40.100,0.44,15958.499978296459
10324,OK,46.400,0.44,15918.50002296269
10325,OK,47.400,0.44,15936.999989207834
10326,OK,67.000,0.44,15908.500005025417
10327,OK,63.000,0.44,15863.900014664978
10328,OK,42.200,0.44,15955.800015944988
10329,OK,102.000,0.44,15825.900016352534
10330,OK,48.000,0.44,15908.200002741069
10331,OK,45.900,0.44,15936.500043608248
10332,OK,58.200,0.44,15901.399950962514
10333,OK,62.300,0.44,15899.299993179739
10334,OK,59.900,0.44,15889.499976765364
10335,OK,65.500,0.44,15836.099977605045
10336,OK,70.700,0.44,16014.69999877736
10337,OK,152.400,0.44,15745.199983939528
10338,OK,74.700,0.44,15806.099982000887
10339,OK,61.100,0.44,15852.199983783066
10340,OK,50.200,0.44,15978.000010363758
10341,OK,44.900,0.44,16003.799973987043
10342,OK,52.700,0.44,15885.300002992153
10343,OK,56.700,0.44,15835.499973036349
10344,OK,55.100,0.44,15968.499996233732
10345,OK,56.200,0.44,15934.999973978847
10346,OK,90.900,0.44,15812.899975571781
10347,OK,86.400,0.44,15876.699995715171
10348,OK,60.100,0.44,15904.299973044544
10349,OK,55.300,0.44,15962.400007992983
10350,OK,59.500,0.44,15855.100005865097
10351,OK,57.400,0.44,15918.600023724139
10352,OK,64.100,0.44,15884.599997662008
10353,OK,58.800,0.44,15875.499986577779
10354,OK,76.100,0.44,15877.400001045316
10355,OK,85.800,0.44,15868.10004664585
10356,OK,92.000,0.44,15869.599999859929
10357,OK,83.200,0.44,15863.800013903528
10358,OK,84.300,0.44,15861.899999435991
10359,OK,84.200,0.44,15862.400003243238
10360,OK,78.500,0.44,15890.399983618408
10361,OK,80.400,0.44,15867.89998691529
10362,OK,79.200,0.44,15863.49995341152
10363,OK,65.200,0.44,15914.599993266165
10364,OK,67.600,0.44,15889.400034211576
10365,OK,67.400,0.44,15860.799991060048
10366,OK,86.300,0.44,15856.600017286837
10367,OK,113.600,0.44,15825.800015591085
10368,OK,88.100,0.44,15872.50002194196
10369,OK,99.600,0.44,15853.599994443357
10370,OK,81.400,0.44,15846.900001633912
10371,OK,75.000,0.44,15908.300003502518
10372,OK,79.800,0.44,15850.000025238842
10373,OK,68.000,0.44,15895.000018645078
10374,OK,87.900,0.44,15884.19999461621
10375,OK,90.400,0.44,15808.70000179857
10376,OK,66.000,0.44,16003.399970941246
10377,OK,74.900,0.44,15788.799966685474
10378,OK,69.400,0.44,15888.899972196668
10379,OK,99.200,0.44,15943.099977448583
10380,OK,132.300,0.44,15651.799971237779
10381,OK,77.400,0.44,15841.800021007657
10382,OK,43.200,0.44,15939.300006721169
10383,OK,59.200,0.44,15918.19996247068
10384,OK,50.700,0.44,16008.400009013712
10385,OK,57.200,0.44,15909.200010355562
10386,OK,67.200,0.44,15888.70002888143
10387,OK,56.400,0.44,15963.000012561679
10388,OK,60.700,0.44,15849.299961701035
10389,OK,54.700,0.44,15879.299957305193
10390,OK,61.900,0.44,15933.299961034209
10391,OK,54.900,0.44,15910.000016447157
10392,OK,53.000,0.44,15941.89996831119
10393,OK,136.900,0.44,15758.40002624318
10394,OK,60.000,0.44,15892.99994520843
10395,OK,67.300,0.44,15985.199948772788
10396,OK,57.000,0.44,15863.800013903528
10397,OK,57.700,0.44,15949.40002541989
10398,OK,57.900,0.44,15923.500002827495
10399,OK,98.400,0.44,15762.099996209145
10400,OK,83.000,0.44,15837.399987503886
10401,OK,58.800,0.44,15827.600029297173
10402,OK,50.000,0.44,15909.300011117011
10403,OK,50.600,0.44,15980.500029399991
10404,OK,60.000,0.44,15792.599995620549
10405,OK,43.200,0.44,15967.399987857789
10406,OK,71.700,0.44,15886.700013652444
10407,OK,45.600,0.44,15918.899967800826
10408,OK,41.900,0.44,15923.999948427081
10409,OK,54.800,0.44,15924.500010441989
10410,OK,48.800,0.44,16026.300028897822
10411,OK,53.400,0.44,16052.899998612702
10412,OK,58.100,0.44,16123.700013849884
10413,OK,65.400,0.44,15439.200040418655
10414,OK,68.400,0.44,15856.699959840626
10415,OK,54.500,0.44,15944.099985063076
10416,OK,63.000,0.44,16123.700013849884
10417,OK,50.300,0.44,15950.499975588173
10418,OK,46.000,0.44,15849.100018385798
10419,OK,66.700,0.44,15668.699983507395
10420,OK,53.800,0.44,16092.200006823987
10421,OK,53.100,0.44,15700.199990533292
10422,OK,69.000,0.44,16430.100018624216
10423,OK,50.900,0.44,15417.699993122369
10424,OK,64.300,0.44,15947.800013236701
10425,OK,100.600,0.44,15764.30001296103
10426,OK,81.900,0.44,15947.200008668005
10427,OK,107.500,0.44,15764.699957799166
10428,OK,49.500,0.44,15949.700027704239
10429,OK,49.900,0.44,15941.000019665807
10430,OK,50.800,0.44,15927.500033285469
10431,OK,53.200,0.44,15880.799968726933
10432,OK,59.800,0.44,15931.60000629723
10433,OK,59.000,0.44,15829.200041480362
10434,OK,53.100,0.44,15935.699979308993
10435,OK,49.100,0.44,15915.800002403557
10436,OK,46.700,0.44,15921.599988359958
10437,OK,46.100,0.44,15935.099974740297
10438,OK,60.400,0.44,15906.299988273531
10439,OK,50.200,0.44,15962.000004947186
10440,OK,46.900,0.44,15925.600018817931
10441,OK,53.300,0.44,15914.599993266165
10442,OK,50.800,0.44,15926.900028716773
10443,OK,46.200,0.44,15934.099967125803
10444,OK,50.700,0.44,15940.60001662001
10445,OK,57.800,0.44,15894.500014837831
10446,OK,59.700,0.44,15908.699948340654
10447,OK,63.100,0.44,15900.900005362928
10448,OK,61.000,0.44,15916.499949526042
10449,OK,56.300,0.44,15908.899949863553
10450,OK,61.000,0.44,15840.000007301569
10451,OK,65.400,0.44,15960.799995809793
10452,OK,58.500,0.44,15885.8000067994
10453,OK,59.700,0.44,15916.400006972253
10454,OK,60.800,0.44,15877.199999522418
10455,OK,51.300,0.44,15923.800005111843
10456,OK,51.200,0.44,15925.70001957938
10457,OK,53.500,0.44,15898.499987088144
10458,OK,44.300,0.44,15966.800041496754
10459,OK,57.400,0.44,15844.899986404926
10460,OK,54.000,0.44,15979.400021024048
10461,OK,61.700,0.44,15894.100011792034
10462,OK,71.700,0.44,15833.999961614609
10463,OK,71.300,0.44,15960.099990479648
10464,OK,59.300,0.44,15889.499976765364
10465,OK,54.600,0.44,15822.899993509054
10466,OK,78.200,0.44,15914.099989458919
10467,OK,79.700,0.44,15833.100012969226
10468,OK,49.700,0.44,15983.699995558709
10469,OK,63.500,0.44,15861.300053074956
10470,OK,55.700,0.44,15943.699982017279
10471,OK,52.700,0.44,15935.900039039552
10472,OK,55.100,0.44,15910.100017208606
10473,OK,52.600,0.44,15860.899991821498
10474,OK,44.300,0.44,15939.20000595972
10475,OK,53.800,0.44,15928.100037854165
10476,OK,65.100,0.44,15893.400006461889
10477,OK,69.800,0.44,15896.599972620606
10478,OK,70.800,0.44,15943.099977448583
10479,OK,54.600,0.44,15877.500001806766
10480,OK,55.900,0.44,15913.99998869747
10481,OK,55.300,0.44,15887.500019744039
10482,OK,52.600,0.44,15927.799977362156
10483,OK,57.200,0.44,15875.300043262541
10484,OK,48.100,0.44,15927.30003176257
10485,OK,48.700,0.44,15896.699973382056
10486,OK,49.700,0.44,16010.599967557937
10487,OK,50.000,0.44,15852.699987590313
10488,OK,73.100,0.44,15901.200007647276
10489,OK,52.300,0.44,15903.50002516061
10490,OK,45.900,0.44,15921.39998683706
10491,OK,55.900,0.44,15888.59996991232
10492,OK,51.400,0.44,15892.600000370294
10493,OK,55.300,0.44,15924.599952995777
10494,OK,52.600,0.44,15866.60003522411
10495,OK,57.000,0.44,15917.600016109645
10496,OK,55.500,0.44,15897.400036919862
10497,OK,56.600,0.44,15898.099984042346
10498,OK,86.100,0.44,15875.699988100678
10499,OK,51.000,0.44,15903.400024399161
10500,OK,61.700,0.44,15884.599997662008
10501,OK,72.900,0.44,15827.600029297173
10502,OK,54.300,0.44,15920.900041237473
10503,OK,49.800,0.44,15906.39998903498
10504,OK,83.600,0.44,15865.399967879057
10505,OK,75.800,0.44,15857.699967455119
10506,OK,71.100,0.44,15894.70001636073
10507,OK,57.400,0.44,15926.800027955323
10508,OK,53.400,0.44,15909.000008832663
10509,OK,51.300,0.44,15928.899985738099
10510,OK,68.800,0.44,15850.40002828464
10511,OK,68.600,0.44,15906.300046481192
10512,OK,48.300,0.44,15893.09994596988
10513,OK,79.000,0.44,15882.199979387224
10514,OK,62.700,0.44,15876.399993430823
10515,OK,55.600,0.44,15939.800010528415
10516,OK,47.900,0.44,15910.399961285293
10517,OK,47.200,0.44,15916.700009256601
10518,OK,44.800,0.44,15917.700016871095
10519,OK,41.100,0.44,15965.200029313564
10520,OK,53.400,0.44,15898.499987088144
10521,OK,49.400,0.44,15924.500010441989
10522,OK,92.100,0.44,15852.399985305965
10523,OK,52.100,0.44,15911.800030153245
10524,OK,47.600,0.44,15942.499972879887
10525,OK,54.700,0.44,15879.79996111244
10526,OK,80.600,0.44,15934.900031425059
10527,OK,135.100,0.44,15736.10003106296
10528,OK,69.600,0.44,15891.399991232902
10529,OK,63.000,0.44,15949.900029227138
10530,OK,72.000,0.44,15882.499981671572
10531,OK,75.000,0.44,15899.700054433197
10532,OK,59.700,0.44,15883.200045209378
10533,OK,57.800,0.44,15901.799954008311
10534,OK,58.500,0.44,15925.000014249235
10535,OK,57.900,0.44,15882.399980910122
10536,OK,57.600,0.44,15906.300046481192
10537,OK,56.400,0.44,15979.400021024048
10538,OK,118.800,0.44,15691.300039179623
10539,OK,78.000,0.44,15868.399990722537
10540,OK,53.100,0.44,15896.20002778247
10541,OK,52.100,0.44,15909.099951386452
10542,OK,69.200,0.44,15903.100022114813
10543,OK,59.300,0.44,15906.099986750633
10544,OK,62.800,0.44,15856.999962124974
10545,OK,48.300,0.44,15990.499989129603
10546,OK,53.700,0.44,15841.600019484758
10547,OK,57.000,0.44,15959.499985910952
10548,OK,32.500,0.44,15952.000045217574
10549,OK,45.900,0.44,15962.90001180023
10550,OK,40.900,0.44,15881.40003150329
10551,OK,61.100,0.44,15932.799957226962
10552,OK,48.300,0.44,15946.60000409931
10553,OK,72.500,0.44,15892.299998085946
10554,OK,80.700,0.44,15883.199987001717
10555,OK,63.600,0.44,15924.19994994998
10556,OK,74.700,0.44,15812.300029210746
10557,OK,50.500,0.44,15934.59997093305
10558,OK,142.400,0.44,15744.600037578493
10559,OK,49.800,0.44,15914.10004766658
10560,OK,45.400,0.44,15900.400001555681
10561,OK,53.500,0.44,15962.70001027733
10562,OK,49.900,0.44,15908.10000197962
10563,OK,50.700,0.44,15899.499994702637
10564,OK,38.000,0.44,16019.09997407347
10565,OK,156.500,0.44,15746.299992315471
10566,OK,59.600,0.44,15872.60002270341
10567,OK,48.700,0.44,15938.900003675371
10568,OK,56.500,0.44,15934.900031425059
10569,OK,49.100,0.44,15920.199977699667
10570,OK,79.500,0.44,15881.899977102876
10571,OK,75.500,0.44,15849.600022193044
10572,OK,55.700,0.44,15916.100004687905
10573,OK,60.900,0.44,15894.100011792034
10574,OK,124.800,0.44,15795.000013895333
10575,OK,126.200,0.44,15756.899956613779
10576,OK,49.300,0.44,15916.300006210804
10577,OK,49.200,0.44,15915.39999935776
10578,OK,46.100,0.44,15934.999973978847
10579,OK,63.500,0.44,15873.000025749207
10580,OK,47.700,0.44,15910.699963569641
10581,OK,67.100,0.44,15896.499971859157
10582,OK,75.300,0.44,15884.099993854761
10583,OK,84.700,0.44,15906.699991319329
10584,OK,95.700,0.44,15835.700032766908
10585,OK,103.000,0.44,15818.399959243834
10586,OK,93.300,0.44,15922.999999020249
10587,OK,167.400,0.44,15788.10001956299
10588,OK,95.900,0.44,15858.699975069612
10589,OK,95.800,0.44,15849.600022193044
10590,OK,115.600,0.44,15781.800029799342
10591,OK,88.900,0.44,15849.000017624348
10592,OK,83.600,0.44,15856.399957556278
10593,OK,80.900,0.44,15884.19999461621
10594,OK,93.600,0.44,15869.099996052682
10595,OK,108.100,0.44,15811.100020073354
10596,OK,92.600,0.44,15894.999960437417
10597,OK,83.700,0.44,15866.50003446266
10598,OK,68.900,0.44,15856.600017286837
10599,OK,97.800,0.44,15880.999970249832
10600,OK,94.300,0.44,15841.699962038547
10601,OK,92.900,0.44,15670.399996452034
10602,OK,107.100,0.44,15818.600018974394
10603,OK,72.100,0.44,15933.399961795658
10604,OK,103.100,0.44,15868.399990722537
10605,OK,70.200,0.44,15830.79999545589
10606,OK,86.500,0.44,15909.200010355562
10607,OK,100.500,0.44,15815.099992323667
10608,OK,88.000,0.44,15837.1000434272
10609,OK,85.500,0.44,15823.5999988392
10610,OK,54.400,0.44,15920.299978461117
10611,OK,61.200,0.44,15884.499996900558
10612,OK,50.200,0.44,15978.200011886656
10613,OK,48.400,0.44,16005.80004742369
10614,OK,72.200,0.44,15829.49998555705
10615,OK,55.600,0.44,15923.099999781698
10616,OK,60.000,0.44,15886.399953160435
10617,OK,51.600,0.44,15916.9000107795
10618,OK,56.000,0.44,15948.700020089746
10619,OK,58.000,0.44,15926.200023386627
10620,OK,57.100,0.44,15864.500019233674
10621,OK,107.900,0.44,15886.900015175343
10622,OK,61.200,0.44,15844.499983359128
10623,OK,54.800,0.44,15879.8000193201
10624,OK,47.600,0.44,15908.900008071214
10625,OK,44.400,0.44,15966.200036928058
10626,OK,58.000,0.44,15882.499981671572
10627,OK,94.700,0.44,15879.90002008155
10628,OK,86.500,0.44,15800.599998328835
10629,OK,56.300,0.44,16000.099945813417
10630,OK,57.300,0.44,15886.899956967682
10631,OK,57.300,0.44,15955.200011376292
10632,OK,67.300,0.44,15788.600023370236
10633,OK,49.500,0.44,15978.200011886656
10634,OK,58.900,0.44,15945.09999267757
10635,OK,73.800,0.44,15881.899977102876
10636,OK,121.100,0.44,15753.499988932163
10637,OK,57.900,0.44,15905.699983704835
10638,OK,52.300,0.44,15951.199980918318
10639,OK,57.700,0.44,16059.899993706495
10640,OK,55.000,0.44,15826.200018636882
10641,OK,84.200,0.44,15825.900016352534
10642,OK,76.000,0.44,16173.299984075129
10643,OK,111.300,0.44,15644.599974621087
10644,OK,147.900,0.44,15653.19998189807
10645,OK,69.600,0.44,15919.400029815733
10646,OK,60.000,0.44,15852.499986067414
10647,OK,50.800,0.44,16120.799991767853
10648,OK,84.200,0.44,15710.700012277812
10649,OK,51.100,0.44,16093.400015961379
10650,OK,64.500,0.44,15989.39998075366
10651,OK,81.700,0.44,15937.59999377653
10652,OK,81.900,0.44,15506.100025959313
10653,OK,83.500,0.44,15995.700028724968
10654,OK,81.100,0.44,15813.100035302341
10655,OK,79.300,0.44,15847.700007725507
10656,OK,98.100,0.44,15864.500019233674
10657,OK,103.200,0.44,15749.899961519986
10658,OK,50.100,0.44,15839.400002732873
10659,OK,56.800,0.44,15999.90000249818
10660,OK,42.200,0.44,15882.999985478818
10661,OK,46.100,0.44,15961.900004185736
10662,OK,50.500,0.44,15908.600005786866
10663,OK,47.100,0.44,15890.100039541721
10664,OK,50.500,0.44,15958.39997753501
10665,OK,52.800,0.44,15896.299970336258
10666,OK,50.700,0.44,15934.200026094913
10667,OK,46.600,0.44,15866.799978539348
10668,OK,51.400,0.44,15948.700020089746
10669,OK,45.700,0.44,15956.199960783124
10670,OK,227.900,0.44,15772.600017953664
10671,OK,71.200,0.44,15853.799995966256
10672,OK,53.600,0.44,15930.699999444187
10673,OK,51.900,0.44,15898.99999089539
10674,OK,47.800,0.44,15951.500041410327
10675,OK,50.100,0.44,15879.700018558651
10676,OK,57.200,0.44,15968.59999699518
10677,OK,59.000,0.44,15899.799996986985
10678,OK,60.400,0.44,15892.199997324497
10679,OK,49.500,0.44,15916.299948003143
10680,OK,52.100,0.44,15947.100007906556
10681,OK,62.400,0.44,15868.199989199638
10682,OK,51.500,0.44,15941.299963742495
10683,OK,58.800,0.44,15859.30003784597
10684,OK,47.600,0.44,15969.100000802428
10685,OK,58.000,0.44,15872.300020419061
10686,OK,49.600,0.44,15873.79997363314
10687,OK,65.500,0.44,15942.0000272803
10688,OK,58.900,0.44,15848.199953325093
10689,OK,49.500,0.44,15928.999986499548
10690,OK,42.700,0.44,15918.699966277927
10691,OK,44.100,0.44,15936.299983877689
10692,OK,42.700,0.44,15943.300037179142
10693,OK,48.900,0.44,15921.899990644306
10694,OK,47.100,0.44,15907.799999695271
10695,OK,48.600,0.44,15936.499985400587
10696,OK,47.400,0.44,15945.299994200468
10697,OK,70.500,0.44,15826.699964236468
10698,OK,99.000,0.44,15906.49998979643
10699,OK,50.400,0.44,15909.60001340136
10700,OK,54.600,0.44,15919.200028292835
10701,OK,61.500,0.44,15776.30004612729
10702,OK,77.400,0.44,15799.599990714341
10703,OK,84.400,0.44,15922.79999749735
10704,OK,54.900,0.44,15858.100028708577
10705,OK,45.100,0.44,15858.100028708577
10706,OK,59.200,0.44,15916.9000107795
10707,OK,74.600,0.44,15878.000005614012
10708,OK,50.200,0.44,15912.799979560077
10709,OK,49.900,0.44,15886.399953160435
10710,OK,66.300,0.44,15933.999966364354
10711,OK,80.300,0.44,15882.200037594885
10712,OK,50.500,0.44,15876.699995715171
10713,OK,54.800,0.44,15996.90003786236
10714,OK,59.600,0.44,15835.800033528358
10715,OK,52.300,0.44,16012.299980502576
10716,OK,80.700,0.44,15859.699982684106
10717,OK,56.800,0.44,15916.700009256601
10718,OK,59.500,0.44,15854.60000205785
10719,OK,81.600,0.44,15856.299956794828
10720,OK,55.700,0.44,15887.799963820726
10721,OK,59.100,0.44,15887.000015936792
10722,OK,51.000,0.44,15944.400045555085
10723,OK,86.400,0.44,15920.200035907328
10724,OK,53.100,0.44,15922.599995974451
10725,OK,59.600,0.44,15895.000018645078
10726,OK,56.200,0.44,15872.60002270341
10727,OK,57.400,0.44,15891.899995040148
10728,OK,53.000,0.44,15889.100031927228
10729,OK,45.800,0.44,15951.199980918318
10730,OK,51.300,0.44,15919.600031338632
10731,OK,71.400,0.44,15928.999986499548
10732,OK,73.100,0.44,15887.40001898259
10733,OK,122.000,0.44,15698.899980634451
10734,OK,55.200,0.44,15928.399981930852
10735,OK,71.900,0.44,15891.899995040148
10736,OK,51.300,0.44,15973.599976859987
10737,OK,64.100,0.44,15871.900017373264
10738,OK,67.100,0.44,15920.799982268363
10739,OK,78.700,0.44,15852.800046559423
10740,OK,57.400,0.44,15910.000016447157
10741,OK,49.500,0.44,15911.599970422685
10742,OK,51.100,0.44,15934.799972455949
10743,OK,60.200,0.44,15969.500003848225
10744,OK,64.300,0.44,15838.699997402728
10745,OK,56.000,0.44,15953.199996147305
10746,OK,82.600,0.44,15858.300030231476
10747,OK,50.500,0.44,15872.40002118051
10748,OK,51.700,0.44,15906.300046481192
10749,OK,55.800,0.44,15929.699991829693
10750,OK,79.700,0.44,15898.599987849593
10751,OK,70.800,0.44,15888.90003040433
10752,OK,60.600,0.44,15862.800006289035
10753,OK,57.600,0.44,15903.70002668351
10754,OK,61.000,0.44,15887.100016698241
10755,OK,69.400,0.44,15839.80000577867
10756,OK,114.000,0.44,15837.499988265336
10757,OK,50.100,0.44,15863.200009334832
10758,OK,45.700,0.44,15937.59999377653
10759,OK,47.200,0.44,15909.50001263991
10760,OK,60.200,0.44,15910.9000233002
10761,OK,48.600,0.44,15922.299993690103
10762,OK,48.100,0.44,15923.099999781698
10763,OK,45.900,0.44,15931.000001728535
10764,OK,46.000,0.44,15942.499972879887
10765,OK,66.400,0.44,15900.699945632368
10766,OK,93.700,0.44,15808.999945875257
10767,OK,82.700,0.44,15907.099994365126
10768,OK,56.600,0.44,15838.799998164177
10769,OK,65.300,0.44,15956.500021275133
10770,OK,54.800,0.44,15919.300029054284
10771,OK,55.500,0.44,15914.499992504716
10772,OK,56.800,0.44,15879.8000193201
10773,OK,50.100,0.44,16000.300005543977
10774,OK,52.900,0.44,15880.100021604449
10775,OK,57.100,0.44,15919.200028292835
10776,OK,47.900,0.44,15889.900038018823
10777,OK,58.300,0.44,15898.899990133941
10778,OK,55.500,0.44,15931.100002489984
10779,OK,61.700,0.44,15878.30000789836
10780,OK,65.200,0.44,15910.100017208606
10781,OK,58.100,0.44,15904.399973805994
10782,OK,57.500,0.44,15889.499976765364
10783,OK,52.900,0.44,15899.499994702637
10784,OK,51.900,0.44,15970.700012985617
10785,OK,60.200,0.44,15834.300022106618
10786,OK,56.200,0.44,15942.600031848997
10787,OK,56.100,0.44,15857.70002566278
10788,OK,48.200,0.44,15980.000025592744
10789,OK,159.200,0.44,15693.699999246746
10790,OK,79.900,0.44,15909.000008832663
10791,OK,53.700,0.44,15844.900044612586
10792,OK,47.400,0.44,15957.499970681965
10793,OK,59.000,0.44,15878.30000789836
10794,OK,77.000,0.44,15920.300036668777
10795,OK,61.700,0.44,15915.600000880659
10796,OK,118.200,0.44,15831.800003070384
10797,OK,95.100,0.44,15826.100017875433
10798,OK,63.100,0.44,15835.900034289807
10799,OK,57.000,0.44,15908.900008071214
10800,OK,41.000,0.44,15949.50002618134
10801,OK,46.600,0.44,15838.499995879829
10802,OK,71.300,0.44,18109.80000300333
10803,OK,104.800,0.44,19815.800013020635
10804,OK,83.400,0.44,30470.60000244528
10805,OK,96.800,0.44,5848.499946296215
10806,OK,88.500,0.44,26015.29995445162
10807,OK,110.600,0.44,10933.800018392503
10808,OK,134.200,0.44,15745.999990031123
10809,OK,88.800,0.44,15834.500023629516
10810,OK,96.300,0.44,15810.000011697412
10811,OK,55.500,0.44,15881.700033787638
10812,OK,49.900,0.44,15908.500005025417
10813,OK,48.200,0.44,16016.900015529245
10814,OK,57.800,0.44,15873.300028033555
10815,OK,60.000,0.44,15893.899952061474
10816,OK,69.400,0.44,15887.30001822114
10817,OK,72.400,0.44,15899.599995464087
10818,OK,80.200,0.44,15878.000005614012
10819,OK,77.200,0.44,15865.899971686304
10820,OK,96.400,0.44,15856.799960602075
10821,OK,80.300,0.44,15834.600024390966
10822,OK,79.800,0.44,15880.800026934594
10823,OK,76.200,0.44,15884.499996900558
10824,OK,86.600,0.44,15853.999997489154
10825,OK,86.800,0.44,15838.199993595481
10826,OK,104.600,0.44,15816.600003745407
10827,OK,84.000,0.44,15844.799985643476
10828,OK,83.700,0.44,15961.900004185736
10829,OK,95.600,0.44,15788.10001956299
10830,OK,91.700,0.44,15839.80000577867
10831,OK,75.000,0.44,15876.199991907924
10832,OK,91.600,0.44,15859.299979638308
10833,OK,80.800,0.44,15897.500037681311
10834,OK,79.700,0.44,15911.599970422685
10835,OK,84.400,0.44,15876.499994192272
10836,OK,70.000,0.44,15889.999980572611
10837,OK,64.600,0.44,15853.499993681908
10838,OK,81.800,0.44,15863.000007811934
10839,OK,67.200,0.44,15972.299966961145
10840,OK,144.100,0.44,15699.399984441698
10841,OK,92.300,0.44,15905.299980659038
10842,OK,64.300,0.44,15866.000030655414
10843,OK,56.100,0.44,15910.400019492954
10844,OK,53.100,0.44,15942.400030326098
10845,OK,80.800,0.44,15861.099993344396
10846,OK,50.800,0.44,16018.000023905188
10847,OK,58.200,0.44,15875.699988100678
10848,OK,47.800,0.44,15888.200025074184
10849,OK,47.200,0.44,15931.000001728535
10850,OK,50.900,0.44,15973.800036590546
10851,OK,56.400,0.44,15907.599998172373
10852,OK,59.800,0.44,15917.100012302399
10853,OK,165.600,0.44,15671.700006350875
10854,OK,52.700,0.44,15883.299987763166
10855,OK,44.400,0.44,15956.90002432093
10856,OK,74.200,0.44,15869.49999909848
10857,OK,44.800,0.44,15976.19999665767
10858,OK,74.100,0.44,15875.40004402399
10859,OK,158.000,0.44,15657.70001616329
10860,OK,101.900,0.44,15901.100006885827
10861,OK,65.300,0.44,15937.099989969283
10862,OK,74.700,0.44,15820.099972188473
10863,OK,70.900,0.44,15949.999971780926
10864,OK,59.200,0.44,15842.899971175939
10865,OK,61.200,0.44,15795.499959494919
10866,OK,70.600,0.44,17243.999987840652
10867,OK,101.100,0.44,14529.899985063821
10868,OK,80.700,0.44,15854.500001296401
10869,OK,52.900,0.44,15890.30004106462
10870,OK,42.000,0.44,16046.700009610504
10871,OK,92.300,0.44,15787.200012709945
10872,OK,61.000,0.44,15902.20001526177
10873,OK,45.200,0.44,15954.400005284697
10874,OK,63.000,0.44,16083.800001069903
10875,OK,47.800,0.44,15935.300034470856
10876,OK,58.600,0.44,16001.900017727166
10877,OK,67.500,0.44,15955.000009853393
10878,OK,76.200,0.44,15574.300021398813
10879,OK,126.400,0.44,15750.299964565784
10880,OK,62.300,0.44,15862.400003243238
10881,OK,52.200,0.44,15936.399984639138
10882,OK,49.500,0.44,16058.99998685345
10883,OK,57.100,0.44,15976.19999665767
10884,OK,67.100,0.44,15954.800008330494
10885,OK,95.100,0.44,15738.699992652982
10886,OK,122.900,0.44,15909.999958239496
10887,OK,136.800,0.44,15727.499965578318
10888,OK,133.700,0.44,15705.10002784431
10889,OK,124.100,0.44,15809.000004082918
10890,OK,120.400,0.44,15810.700017027557
10891,OK,113.000,0.44,15622.499980963767
10892,OK,43.300,0.44,15945.799998007715
10893,OK,46.500,0.44,15944.099985063076
10894,OK,49.900,0.44,15918.799967039376
10895,OK,49.000,0.44,15927.799977362156
10896,OK,52.100,0.44,15915.900003165007
10897,OK,61.800,0.44,15945.299994200468
10898,OK,76.500,0.44,15887.40001898259
10899,OK,65.800,0.44,15863.300010096282
10900,OK,72.800,0.44,15916.600008495152
10901,OK,51.900,0.44,15806.299983523786
10902,OK,53.300,0.44,15931.200003251433
10903,OK,66.900,0.44,15955.900016706437
10904,OK,65.600,0.44,15837.399987503886
10905,OK,81.300,0.44,15920.699981506914
10906,OK,89.500,0.44,15742.299961857498
10907,OK,64.200,0.44,15872.999967541546
10908,OK,45.400,0.44,15904.500032775104
10909,OK,60.000,0.44,15936.799987684935
10910,OK,48.700,0.44,15949.200023896992
10911,OK,80.800,0.44,15861.199994105846
10912,OK,45.800,0.44,15881.799976341426
10913,OK,52.200,0.44,15954.099944792688
10914,OK,68.700,0.44,15854.400000534952
10915,OK,68.100,0.44,15990.599989891052
10916,OK,63.000,0.44,15807.800053153187
10917,OK,72.400,0.44,15907.499997410923
10918,OK,57.900,0.44,15886.700013652444
10919,OK,67.700,0.44,15894.80001712218
10920,OK,53.000,0.44,15849.300019908696
10921,OK,42.200,0.44,15978.000010363758
10922,OK,49.300,0.44,15940.900018904358
10923,OK,42.100,0.44,15872.40002118051
10924,OK,39.100,0.44,15999.399998690933
10925,OK,45.400,0.44,15932.799957226962
10926,OK,88.200,0.44,15842.69996965304
10927,OK,58.900,0.44,15884.799999184906
10928,OK,49.200,0.44,15919.400029815733
10929,OK,61.900,0.44,15924.900013487786
10930,OK,45.700,0.44,15910.400019492954
10931,OK,45.500,0.44,16090.09999083355
10932,OK,55.300,0.44,15748.500009067357
10933,OK,69.500,0.44,15962.600009515882
10934,OK,59.400,0.44,15875.999990385026
10935,OK,51.800,0.44,15902.20001526177
10936,OK,41.700,0.44,15973.699977621436
10937,OK,75.100,0.44,15888.299967627972
10938,OK,58.400,0.44,15902.800019830465
10939,OK,59.300,0.44,15898.299985565245
10940,OK,64.700,0.44,15912.49997727573
10941,OK,61.100,0.44,15889.100031927228
10942,OK,54.300,0.44,15984.700003173202
10943,OK,65.300,0.44,15857.300022616982
10944,OK,60.200,0.44,15838.100051041692
10945,OK,63.000,0.44,15922.6999967359
10946,OK,129.800,0.44,15806.799987331033
10947,OK,60.100,0.44,15845.79999325797
10948,OK,75.900,0.44,15879.700018558651
10949,OK,51.900,0.44,15904.299973044544
10950,OK,72.300,0.44,15945.09999267757
10951,OK,63.100,0.44,15808.399999514222
10952,OK,62.900,0.44,16002.200020011514
10953,OK,91.900,0.44,15880.600025411695
10954,OK,62.000,0.44,15863.400010857731
10955,OK,59.700,0.44,15851.70003818348
10956,OK,74.200,0.44,15869.299997575581
10957,OK,49.200,0.44,15922.599995974451
10958,OK,66.400,0.44,15856.300015002489
10959,OK,42.400,0.44,15952.199988532811
10960,OK,91.100,0.44,15860.799991060048
10961,OK,53.900,0.44,15937.999996822327
10962,OK,50.800,0.44,15894.899959675968
10963,OK,105.900,0.44,15819.699969142675
10964,OK,69.100,0.44,15868.999995291233
10965,OK,50.200,0.44,15965.499973390251
10966,OK,67.000,0.44,15904.300031252205
10967,OK,56.900,0.44,15875.29998505488
10968,OK,80.800,0.44,15939.800010528415
10969,OK,58.600,0.44,15919.79997465387
10970,OK,66.100,0.44,15831.099997740239
10971,OK,65.100,0.44,15920.499979984015
10972,OK,54.500,0.44,15932.899957988411
10973,OK,53.200,0.44,15858.900034800172
10974,OK,55.400,0.44,15896.000026259571
10975,OK,50.900,0.44,15940.60001662001
10976,OK,53.100,0.44,15872.099960688502
10977,OK,52.800,0.44,15957.800031173974
10978,OK,48.000,0.44,15946.60000409931
10979,OK,57.000,0.44,15938.500000629574
10980,OK,75.600,0.44,15868.399990722537
10981,OK,88.200,0.44,15862.400003243238
10982,OK,77.000,0.44,15848.70001534
10983,OK,86.300,0.44,15882.599982433021
10984,OK,65.800,0.44,15888.299967627972
10985,OK,78.200,0.44,15892.399998847395
10986,OK,59.700,0.44,15892.199997324497
10987,OK,64.600,0.44,15845.299989450723
10988,OK,64.500,0.44,15931.500005535781
10989,OK,59.000,0.44,15854.899946134537
10990,OK,45.400,0.44,15910.800022538751
10991,OK,92.500,0.44,15868.199989199638
10992,OK,50.500,0.44,15918.900026008487
10993,OK,74.000,0.44,15914.299990981817
10994,OK,53.900,0.44,15896.800032351166
10995,OK,49.500,0.44,15943.400037940592
10996,OK,56.500,0.44,15938.199998345226
10997,OK,62.500,0.44,15887.699963059276
10998,OK,58.800,0.44,15900.300000794232
10999,OK,58.100,0.44,15912.799979560077
11000,OK,72.200,0.44,15865.400026086718
11001,OK,65.600,0.44,15775.499981828034
11002,OK,76.800,0.44,15844.700043089688
11003,OK,58.000,0.44,15906.200045719743
11004,OK,56.700,0.44,15916.9000107795
11005,OK,51.100,0.44,15919.599973130971
11006,OK,48.000,0.44,15892.900002654642
11007,OK,52.800,0.44,15943.299978971481
11008,OK,53.200,0.44,15909.3999536708
11009,OK,75.400,0.44,15895.000018645078
11010,OK,53.200,0.44,15873.199969064444
11011,OK,36.400,0.44,15959.499985910952
11012,OK,52.400,0.44,15941.99996907264
11013,OK,37.800,0.44,15912.100032437593
11014,OK,39.900,0.44,15959.100041072816
11015,OK,46.100,0.44,15909.800014924258
11016,OK,38.000,0.44,15942.300029564649
11017,OK,45.800,0.44,15929.199988022447
11018,OK,49.300,0.44,15920.099976938218
11019,OK,53.000,0.44,15902.400016784668
11020,OK,68.900,0.44,15942.899975925684
11021,OK,119.300,0.44,15790.699981153011
11022,OK,50.100,0.44,15949.599968735129
11023,OK,57.800,0.44,15882.500039879233
11024,OK,56.000,0.44,15927.800035569817
11025,OK,63.800,0.44,15892.099996563047
11026,OK,63.800,0.44,15868.299989961088
11027,OK,68.700,0.44,15899.19999241829
11028,OK,106.200,0.44,15820.800035726279
11029,OK,54.100,0.44,15864.499961026013
11030,OK,51.000,0.44,15981.400036253035
11031,OK,76.100,0.44,15850.699972361326
11032,OK,50.000,0.44,15906.099986750633
11033,OK,43.600,0.44,15901.800012215972
11034,OK,36.900,0.44,15978.400013409555
11035,OK,41.600,0.44,16000.300005543977
11036,OK,64.100,0.44,15896.399971097708
11037,OK,62.300,0.44,15898.399986326694
11038,OK,63.900,0.44,15866.60003522411
11039,OK,99.500,0.44,15883.599990047514
11040,OK,63.700,0.44,15890.700044110417
11041,OK,60.900,0.44,15874.499978963286
11042,OK,61.900,0.44,15886.699955444783
11043,OK,63.200,0.44,15935.600036755204
11044,OK,62.600,0.44,15864.000015426427
11045,OK,61.600,0.44,15895.299962721765
11046,OK,64.400,0.44,15858.000027947128
11047,OK,79.600,0.44,15863.50001161918
11048,OK,82.400,0.44,15873.399970587343
11049,OK,81.100,0.44,15871.400013566017
11050,OK,94.100,0.44,15866.60003522411
11051,OK,107.400,0.44,15864.900022279471
11052,OK,86.100,0.44,15832.900011446327
11053,OK,89.300,0.44,15872.100018896163
11054,OK,84.400,0.44,15862.800006289035
11055,OK,132.600,0.44,15884.799999184906
11056,OK,92.400,0.44,15760.399983264506
11057,OK,126.500,0.44,15819.399966858327
11058,OK,85.700,0.44,15936.299983877689
11059,OK,89.200,0.44,15783.799986820668
11060,OK,85.900,0.44,15866.799978539348
11061,OK,86.000,0.44,15875.300043262541
11062,OK,93.100,0.44,15848.900016862899
11063,OK,94.400,0.44,15858.700033277273
11064,OK,101.100,0.44,15846.700000111014
11065,OK,96.200,0.44,15858.199971262366
11066,OK,90.200,0.44,15849.599963985384
11067,OK,91.300,0.44,15844.599984120578
11068,OK,78.200,0.44,15873.199969064444
11069,OK,84.600,0.44,15865.700028371066
11070,OK,68.300,0.44,15897.80003996566
11071,OK,66.500,0.44,15875.799988862127
11072,OK,66.500,0.44,15866.60003522411
11073,OK,87.100,0.44,15933.30001924187
11074,OK,122.300,0.44,15713.500033598393
11075,OK,82.600,0.44,15922.8999982588
11076,OK,60.800,0.44,15810.10001245886
11077,OK,44.800,0.44,15935.799980070442
11078,OK,300.900,0.44,15674.899972509593
11079,OK,41.300,0.44,15930.19999563694
11080,OK,42.500,0.44,15953.000052832067
11081,OK,56.500,0.44,15874.399978201836
11082,OK,46.100,0.44,15988.00002830103
11083,OK,45.300,0.44,15964.000020176172
11084,OK,160.700,0.44,15641.100006178021
11085,OK,65.200,0.44,15977.70000807941
11086,OK,61.400,0.44,15896.900033112615
11087,OK,65.200,0.44,15943.300037179142
11088,OK,62.400,0.44,15825.899958144873
11089,OK,53.200,0.44,15873.000025749207
11090,OK,49.200,0.44,15969.199943356216
11091,OK,100.300,0.44,15872.60002270341
11092,OK,73.400,0.44,15862.900007050484
11093,OK,59.200,0.44,15965.899976436049
11094,OK,60.200,0.44,15907.199995126575
11095,OK,77.000,0.44,15892.099996563047
11096,OK,61.500,0.44,15885.100001469254
11097,OK,62.400,0.44,15913.599985651672
11098,OK,58.200,0.44,15909.800014924258
11099,OK,58.700,0.44,15971.500019077212
11100,OK,50.700,0.44,16057.70003516227
11101,OK,65.400,0.44,15576.599980704486
11102,OK,168.700,0.44,16022.199997678399
11103,OK,68.900,0.44,15603.200008627027
11104,OK,87.400,0.44,15861.299994867295
11105,OK,94.000,0.44,15837.399987503886
11106,OK,70.700,0.44,15877.400001045316
11107,OK,50.400,0.44,16175.900003872812
11108,OK,51.200,0.44,15939.900011289865
11109,OK,51.400,0.44,15880.399965681136
11110,OK,63.700,0.44,16202.300030272454
11111,OK,71.700,0.44,15420.100011397153
11112,OK,100.000,0.44,16074.499988462776
11113,OK,118.500,0.44,15536.000020802021
11114,OK,82.200,0.44,15922.099992167205
11115,OK,84.400,0.44,16171.400027815253
11116,OK,72.700,0.44,15544.499969109893
11117,OK,79.800,0.44,15832.800010684878
11118,OK,77.500,0.44,15960.899996571243
11119,OK,120.900,0.44,15669.900050852448
11120,OK,51.500,0.44,15868.999995291233
11121,OK,44.600,0.44,15943.799982778728
11122,OK,79.600,0.44,15972.299966961145
11123,OK,56.500,0.44,15889.399976003915
11124,OK,48.900,0.44,15909.700014162809
11125,OK,51.800,0.44,15873.199969064444
11126,OK,55.500,0.44,15988.700033631176
11127,OK,50.200,0.44,15908.300003502518
11128,OK,61.800,0.44,15909.50001263991
11129,OK,62.000,0.44,15922.8999982588
11130,OK,68.600,0.44,15803.100017365068
11131,OK,47.100,0.44,15935.799980070442
11132,OK,58.900,0.44,15936.699986923486
11133,OK,64.000,0.44,15890.20004030317
11134,OK,63.100,0.44,15970.10000841692
11135,OK,67.200,0.44,15860.999992582947
11136,OK,47.300,0.44,15948.099957313389
11137,OK,47.400,0.44,15935.99998159334
11138,OK,56.900,0.44,15904.699976090342
11139,OK,54.300,0.44,15891.499991994351
11140,OK,58.400,0.44,15897.500037681311
11141,OK,47.600,0.44,15950.000029988587
11142,OK,60.200,0.44,15900.200000032783
11143,OK,45.100,0.44,15923.500002827495
11144,OK,52.500,0.44,15944.89999115467
11145,OK,72.700,0.44,15863.100008573383
11146,OK,57.000,0.44,15925.500018056482
11147,OK,57.300,0.44,15901.800012215972
11148,OK,52.800,0.44,15853.799995966256
11149,OK,51.000,0.44,15983.49999403581
11150,OK,56.500,0.44,15829.699987079948
11151,OK,44.500,0.44,15967.899991665035
11152,OK,54.000,0.44,15901.200007647276
11153,OK,54.800,0.44,15903.200022876263
11154,OK,52.400,0.44,15923.700004350394
11155,OK,58.800,0.44,15902.899962384254
11156,OK,55.100,0.44,15921.899990644306
11157,OK,55.900,0.44,15909.599955193698
11158,OK,55.900,0.44,15904.89997761324
11159,OK,54.600,0.44,15958.899981342256
11160,OK,72.400,0.44,15888.000023551285
11161,OK,54.700,0.44,15927.999978885055
11162,OK,56.000,0.44,15892.499999608845
11163,OK,55.200,0.44,15949.900029227138
11164,OK,106.200,0.44,15689.499967265874
11165,OK,52.300,0.44,15896.10002702102
11166,OK,44.200,0.44,15964.600024744868
11167,OK,60.800,0.44,15937.899996060878
11168,OK,60.600,0.44,15932.400012388825
11169,OK,69.400,0.44,15887.800022028387
11170,OK,79.500,0.44,15906.899992842227
11171,OK,81.000,0.44,15817.200008314103
11172,OK,45.500,0.44,15929.199988022447
11173,OK,57.900,0.44,15922.099992167205
11174,OK,42.900,0.44,15819.800028111786
11175,OK,85.800,0.44,15979.500021785498
11176,OK,50.700,0.44,15884.799999184906
11177,OK,50.800,0.44,15897.899982519448
11178,OK,51.100,0.44,15929.799992591143
11179,OK,52.900,0.44,15932.399954181165
11180,OK,61.300,0.44,15926.599968224764
11181,OK,59.700,0.44,15873.999975156039
11182,OK,62.600,0.44,15948.700020089746
11183,OK,64.400,0.44,15853.899996727705
11184,OK,61.100,0.44,15905.399981420487
11185,OK,66.900,0.44,15890.20004030317
11186,OK,62.600,0.44,18015.799985732883
11187,OK,107.000,0.44,13743.499992415309
11188,OK,55.600,0.44,15889.400034211576
11189,OK,54.000,0.44,15921.899990644306
11190,OK,63.200,0.44,15861.299994867295
11191,OK,55.600,0.44,15919.89997541532
11192,OK,71.700,0.44,15929.799992591143
11193,OK,43.700,0.44,15848.900016862899
11194,OK,66.400,0.44,15881.799976341426
11195,OK,63.900,0.44,15955.900016706437
11196,OK,47.900,0.44,15940.999961458147
11197,OK,53.500,0.44,15876.699995715171
11198,OK,59.300,0.44,15883.599990047514
11199,OK,70.300,0.44,15891.7999942787
11200,OK,53.500,0.44,15904.299973044544
11201,OK,97.600,0.44,15808.500000275671
11202,OK,52.400,0.44,16032.40001713857
11203,OK,59.400,0.44,15746.699995361269
11204,OK,59.400,0.44,15941.900026518852
11205,OK,71.500,0.44,15834.199963137507
11206,OK,54.400,0.44,15960.899996571243
11207,OK,52.600,0.44,15872.100018896163
11208,OK,46.600,0.44,15946.40000257641
11209,OK,53.400,0.44,15876.79999647662
11210,OK,72.300,0.44,15898.699988611042
11211,OK,73.900,0.44,15919.099969323725
11212,OK,64.700,0.44,15881.30003074184
11213,OK,56.200,0.44,15940.39995688945
11214,OK,71.100,0.44,15859.399980399758
11215,OK,44.000,0.44,15969.800006132573
11216,OK,41.400,0.44,15903.70002668351
11217,OK,122.800,0.44,15733.700012788177
11218,OK,49.000,0.44,15937.69999453798
11219,OK,55.500,0.44,15919.099969323725
11220,OK,65.100,0.44,15929.199988022447
11221,OK,83.200,0.44,15839.90000654012
11222,OK,62.900,0.44,15897.5999802351
11223,OK,63.200,0.44,15891.299990471452
11224,OK,71.300,0.44,15905.999985989183
11225,OK,62.000,0.44,15877.700003329664
11226,OK,58.100,0.44,15902.10001450032
11227,OK,53.800,0.44,15921.999991405755
11228,OK,71.400,0.44,15951.800043694675
11229,OK,59.000,0.44,15863.199951127172
11230,OK,68.000,0.44,15843.300032429397
11231,OK,95.800,0.44,15848.100010771304
11232,OK,66.300,0.44,15902.300016023219
11233,OK,51.300,0.44,15985.00000545755
11234,OK,52.800,0.44,15860.4999887757
11235,OK,43.700,0.44,15931.200003251433
11236,OK,46.400,0.44,15884.599997662008
11237,OK,46.700,0.44,15956.400020513684
11238,OK,48.900,0.44,15928.80004318431
11239,OK,50.200,0.44,15906.49998979643
11240,OK,47.400,0.44,15866.70003598556
11241,OK,35.400,0.44,16002.000018488616
11242,OK,46.700,0.44,15917.900018393993
11243,OK,34.800,0.44,16017.100017052144
11244,OK,44.600,0.44,15854.60000205785
11245,OK,37.600,0.44,15942.999976687133
11246,OK,37.100,0.44,15955.899958498776
11247,OK,46.600,0.44,15906.200045719743
11248,OK,40.900,0.44,15981.199976522475
11249,OK,49.500,0.44,15874.599979724735
11250,OK,47.500,0.44,16000.000003259629
11251,OK,180.700,0.44,15784.100047312677
11252,OK,127.600,0.44,15693.299996200949
11253,OK,59.300,0.44,15962.80001103878
11254,OK,54.700,0.44,15876.000048592687
11255,OK,59.100,0.44,15896.499971859157
11256,OK,63.000,0.44,15886.900015175343
11257,OK,68.400,0.44,15856.299956794828
11258,OK,74.800,0.44,15939.400007482618
11259,OK,145.100,0.44,15791.599988006055
11260,OK,91.500,0.44,15845.199988689274
11261,OK,52.300,0.44,15888.600028119981
11262,OK,43.800,0.44,15927.599975839257
11263,OK,44.200,0.44,15947.100007906556
11264,OK,58.800,0.44,15862.700005527586
11265,OK,48.700,0.44,15861.799998674542
11266,OK,47.100,0.44,15921.200043521821
11267,OK,174.500,0.44,15701.600001193583
11268,OK,51.600,0.44,15996.999980416149
11269,OK,62.600,0.44,15909.700014162809
11270,OK,61.700,0.44,15909.300011117011
11271,OK,62.100,0.44,15827.200026251376
11272,OK,66.000,0.44,15895.499964244664
11273,OK,63.900,0.44,15914.899995550513
11274,OK,73.100,0.44,15884.499996900558
11275,OK,85.700,0.44,15918.999968562275
11276,OK,101.500,0.44,15824.400004930794
11277,OK,125.200,0.44,15803.899965249002
11278,OK,94.900,0.44,15832.200006116182
11279,OK,87.400,0.44,15854.800003580749
11280,OK,77.200,0.44,15876.599994953722
11281,OK,78.000,0.44,15880.899969488382
11282,OK,103.800,0.44,15832.000004593283
11283,OK,65.600,0.44,15895.500022452325
11284,OK,98.200,0.44,15863.300010096282
11285,OK,84.000,0.44,15852.899989113212
11286,OK,85.000,0.44,15864.199958741665
11287,OK,85.000,0.44,15859.899984207004
11288,OK,84.400,0.44,15902.600018307567
11289,OK,66.300,0.44,15905.400039628148
11290,OK,90.600,0.44,15773.600025568157
11291,OK,68.600,0.44,15912.699978798628
11292,OK,89.600,0.44,15862.200001720339
11293,OK,86.800,0.44,15857.80002642423
11294,OK,89.400,0.44,15858.299972023815
11295,OK,102.300,0.44,15801.100002136081
11296,OK,59.400,0.44,15912.699978798628
11297,OK,87.900,0.44,15866.099973209202
11298,OK,93.300,0.44,15824.700007215142
11299,OK,76.800,0.44,16066.300042439252
11300,OK,174.700,0.44,15599.700040183961
11301,OK,89.200,0.44,15739.299997221678
11302,OK,79.500,0.44,15877.800004091114
11303,OK,51.200,0.44,15877.400001045316
11304,OK,58.000,0.44,15910.500020254403
11305,OK,54.000,0.44,15931.500005535781
11306,OK,44.000,0.44,15922.299993690103
11307,OK,44.000,0.44,15917.100012302399
11308,OK,47.000,0.44,15875.999990385026
11309,OK,45.400,0.44,15960.599994286895
11310,OK,47.000,0.44,15951.700042933226
11311,OK,98.300,0.44,15787.099953740835
11312,OK,69.300,0.44,15924.800012726337
11313,OK,61.800,0.44,15894.60001559928
11314,OK,59.800,0.44,15936.500043608248
11315,OK,60.800,0.44,15867.89998691529
11316,OK,58.800,0.44,15951.499983202666
11317,OK,65.600,0.44,15877.099998760968
11318,OK,56.600,0.44,15848.400013055652
11319,OK,75.600,0.44,15892.399998847395
11320,OK,78.400,0.44,15913.299983367324
11321,OK,56.700,0.44,15923.499944619834
11322,OK,79.000,0.44,15828.999981749803
11323,OK,46.500,0.44,15936.399984639138
11324,OK,55.000,0.44,15909.800014924258
11325,OK,48.700,0.44,15871.600015088916
11326,OK,47.800,0.44,15888.59996991232
11327,OK,46.800,0.44,16194.500029087067
11328,OK,48.200,0.44,15892.800001893193
11329,OK,54.500,0.44,15951.10003836453
11330,OK,61.700,0.44,15832.700009923428
11331,OK,77.000,0.44,15818.800020497292
11332,OK,109.000,0.44,15871.10001128167
11333,OK,95.400,0.44,16151.600051671267
11334,OK,85.300,0.44,15688.80002014339
11335,OK,132.000,0.44,16156.700032297522
11336,OK,127.700,0.44,15301.89998447895
11337,OK,99.600,0.44,15879.599959589541
11338,OK,171.100,0.44,15873.200027272105
11339,OK,119.000,0.44,16094.099963083863
11340,OK,117.300,0.44,15877.099998760968
11341,OK,126.300,0.44,15281.40000300482
11342,OK,116.900,0.44,16325.499978847802
11343,OK,163.200,0.44,15156.700043007731
11344,OK,84.900,0.44,15889.200032688677
11345,OK,107.600,0.44,15784.599992912263
11346,OK,61.400,0.44,15917.700016871095
11347,OK,51.700,0.44,15854.60000205785
11348,OK,68.300,0.44,15857.999969739467
11349,OK,45.100,0.44,16047.899960540235
11350,OK,56.700,0.44,15835.899976082146
11351,OK,45.000,0.44,15953.499998431653
11352,OK,48.200,0.44,15907.299995888025
11353,OK,100.800,0.44,15861.299994867295
11354,OK,61.300,0.44,15905.899985227734
11355,OK,50.100,0.44,15934.6999716945
11356,OK,68.000,0.44,15879.100013989955
11357,OK,59.100,0.44,15930.09999487549
11358,OK,104.800,0.44,15845.79999325797
11359,OK,62.000,0.44,15895.100019406527
11360,OK,106.600,0.44,15885.90000756085
11361,OK,78.200,0.44,15875.899989623576
11362,OK,59.200,0.44,15880.200022365898
11363,OK,70.600,0.44,15851.399977691472
11364,OK,53.300,0.44,15900.70000384003
11365,OK,37.000,0.44,15958.000032696873
11366,OK,46.800,0.44,15936.2000413239
11367,OK,34.200,0.44,15899.999998509884
11368,OK,48.400,0.44,15983.39999327436
11369,OK,46.000,0.44,15878.30000789836
11370,OK,49.700,0.44,15914.799994789064
11371,OK,56.900,0.44,15888.70002888143
11372,OK,35.500,0.44,15916.000003926456
11373,OK,55.000,0.44,15977.999952156097
11374,OK,47.100,0.44,15930.800000205636
11375,OK,41.500,0.44,15936.19998311624
11376,OK,46.800,0.44,15920.400037430227
11377,OK,41.800,0.44,15978.500014171004
11378,OK,66.200,0.44,15846.499998588115
11379,OK,50.700,0.44,16002.299962565303
11380,OK,64.700,0.44,15819.599968381226
11381,OK,60.800,0.44,15922.199992928654
11382,OK,64.200,0.44,15877.700003329664
11383,OK,51.400,0.44,15894.000011030585
11384,OK,47.900,0.44,15910.100017208606
11385,OK,44.500,0.44,15938.900003675371
11386,OK,68.100,0.44,15928.399981930852
11387,OK,51.300,0.44,15944.500046316534
11388,OK,55.700,0.44,15878.30000789836
11389,OK,61.500,0.44,15880.299964919686
11390,OK,43.800,0.44,15889.299975242466
11391,OK,45.700,0.44,15958.300034981221
11392,OK,54.200,0.44,15944.399987347424
11393,OK,61.100,0.44,15892.800001893193
11394,OK,62.300,0.44,15932.600013911724
11395,OK,58.800,0.44,15859.999984968454
11396,OK,57.600,0.44,15880.199964158237
11397,OK,51.800,0.44,15910.600021015853
11398,OK,47.700,0.44,15933.700022287667
11399,OK,47.800,0.44,15927.000029478222
11400,OK,57.800,0.44,15908.900008071214
11401,OK,61.300,0.44,15852.299984544516
11402,OK,58.100,0.44,15872.700023464859
11403,OK,57.500,0.44,15912.099974229932
11404,OK,49.000,0.44,15880.799968726933
11405,OK,53.600,0.44,15918.50002296269
11406,OK,63.600,0.44,15942.09996983409
11407,OK,59.200,0.44,15893.400006461889
11408,OK,87.200,0.44,15930.4000553675
11409,OK,62.600,0.44,15894.200012553483
11410,OK,53.600,0.44,15906.699991319329
11411,OK,137.300,0.44,15761.29999011755
11412,OK,68.400,0.44,15874.699980486184
11413,OK,63.900,0.44,15853.09999063611
11414,OK,56.300,0.44,15868.900052737445
11415,OK,47.000,0.44,15945.499995723367
11416,OK,45.900,0.44,15965.400030836463
11417,OK,47.900,0.44,15864.400018472224
11418,OK,49.600,0.44,15952.899993862957
11419,OK,74.900,0.44,15828.099974896759
11420,OK,86.400,0.44,15924.100007396191
11421,OK,64.600,0.44,15913.79998717457
11422,OK,61.300,0.44,15894.80001712218
11423,OK,73.800,0.44,15862.200001720339
11424,OK,60.100,0.44,15930.000052321702
11425,OK,56.600,0.44,15852.499986067414
11426,OK,58.700,0.44,15907.099994365126
11427,OK,56.600,0.44,15894.900017883629
11428,OK,53.800,0.44,15959.69998743385
11429,OK,52.200,0.44,15836.79998293519
11430,OK,57.200,0.44,15974.099980667233
11431,OK,50.700,0.44,15931.000001728535
11432,OK,67.500,0.44,15896.400029305369
11433,OK,65.500,0.44,15886.700013652444
11434,OK,62.900,0.44,15882.199979387224
11435,OK,50.200,0.44,15912.000031676143
11436,OK,47.900,0.44,15932.200010865927
11437,OK,46.700,0.44,15924.900013487786
11438,OK,56.800,0.44,15888.499969150871
11439,OK,52.100,0.44,15934.80003066361
11440,OK,52.600,0.44,15978.700015693903
11441,OK,161.600,0.44,15738.199988845736
11442,OK,59.300,0.44,15847.400005441159
11443,OK,50.400,0.44,15913.299983367324
11444,OK,53.400,0.44,15928.300039377064
11445,OK,56.600,0.44,15955.599956214428
11446,OK,59.700,0.44,15848.999959416687
11447,OK,71.400,0.44,15886.300010606647
11448,OK,60.200,0.44,15942.10002804175
11449,OK,60.700,0.44,15885.70000603795
11450,OK,55.600,0.44,15890.09998133406
11451,OK,62.400,0.44,15922.700054943562
11452,OK,58.700,0.44,15897.099976427853
11453,OK,55.000,0.44,15879.599959589541
11454,OK,90.200,0.44,15877.600002568215
11455,OK,56.600,0.44,15942.399972118437
11456,OK,56.800,0.44,15912.200033199042
11457,OK,53.900,0.44,15908.400004263967
11458,OK,68.100,0.44,15875.999990385026
11459,OK,69.500,0.44,15853.899996727705
11460,OK,56.300,0.44,15911.899972707033
11461,OK,60.900,0.44,15931.200003251433
11462,OK,56.900,0.44,15845.79999325797
11463,OK,66.100,0.44,15946.800005622208
11464,OK,51.600,0.44,15930.900000967085
11465,OK,58.800,0.44,15895.300020929426
11466,OK,47.100,0.44,15933.000016957521
11467,OK,71.200,0.44,15893.400006461889
11468,OK,58.200,0.44,15918.40002220124
11469,OK,54.500,0.44,15911.499969661236
11470,OK,58.700,0.44,15914.900053758174
11471,OK,57.500,0.44,15897.399978712201
11472,OK,63.300,0.44,15913.79998717457
11473,OK,60.700,0.44,15905.199979897588
11474,OK,79.800,0.44,15815.699996892363
11475,OK,58.800,0.44,15898.000041488558
11476,OK,44.600,0.44,16008.899954613298
11477,OK,78.600,0.44,15848.80001610145
11478,OK,60.800,0.44,15890.699985902756
11479,OK,54.700,0.44,15929.099987260997
11480,OK,58.400,0.44,15916.9000107795
11481,OK,85.600,0.44,15818.699961528182
11482,OK,87.900,0.44,15914.999996311963
11483,OK,61.000,0.44,15852.199983783066
11484,OK,57.500,0.44,15948.600019328296
11485,OK,56.500,0.44,15857.80002642423
11486,OK,156.900,0.44,15789.50003022328
11487,OK,81.000,0.44,15826.900023967028
11488,OK,57.300,0.44,15946.50000333786
11489,OK,60.900,0.44,15930.19999563694
11490,OK,59.000,0.44,15879.600017797202
11491,OK,54.800,0.44,15929.299988783896
11492,OK,49.700,0.44,15909.100009594113
11493,OK,54.500,0.44,15899.20005062595
11494,OK,52.700,0.44,15925.79996213317
11495,OK,156.400,0.44,15738.799993414432
11496,OK,56.900,0.44,15887.100016698241
11497,OK,50.600,0.44,15931.300004012883
11498,OK,44.400,0.44,15893.900010269135
11499,OK,47.400,0.44,15933.600021526217
11500,OK,51.000,0.44,15886.500012129545
11501,OK,78.900,0.44,15805.69997895509
11502,OK,77.600,0.44,15943.39997973293
11503,OK,65.200,0.44,15891.70005172491
11504,OK,60.500,0.44,15864.800021518022
11505,OK,80.200,0.44,15828.00003234297
11506,OK,77.100,0.44,15865.00002304092
11507,OK,78.500,0.44,15919.600031338632
11508,OK,66.800,0.44,15884.39999613911
11509,OK,80.300,0.44,15715.899993665516
11510,OK,63.000,0.44,15890.699985902756
11511,OK,85.600,0.44,15861.799998674542
11512,OK,83.300,0.44,15880.200022365898
11513,OK,99.300,0.44,15830.000047571957
11514,OK,124.600,0.44,15839.400002732873
11515,OK,101.100,0.44,15826.700022444129
11516,OK,101.100,0.44,15853.299992159009
11517,OK,99.300,0.44,15795.30001617968
11518,OK,89.300,0.44,15858.199971262366
11519,OK,87.900,0.44,15902.00001373887
11520,OK,86.800,0.44,15794.00000628084
11521,OK,87.600,0.44,15869.599999859929
11522,OK,81.900,0.44,15879.700018558651
11523,OK,84.200,0.44,15844.799985643476
11524,OK,51.700,0.44,15912.200033199042
11525,OK,73.500,0.44,15905.500040389597
11526,OK,96.200,0.44,15892.299998085946
11527,OK,98.200,0.44,15814.500045962632
11528,OK,71.700,0.44,15840.300009585917
11529,OK,82.800,0.44,15864.699962548912
11530,OK,43.500,0.44,15938.500000629574
11531,OK,44.700,0.44,15877.600002568215
11532,OK,34.200,0.44,16005.299985408783
11533,OK,48.700,0.44,15869.299997575581
11534,OK,48.500,0.44,15978.900017216802
11535,OK,48.100,0.44,15909.900015685707
11536,OK,50.100,0.44,15923.899947665632
11537,OK,48.900,0.44,15972.200024407357
11538,OK,174.500,0.44,15658.89996709302
11539,OK,56.200,0.44,15889.799979049712
11540,OK,55.900,0.44,15939.899953082204
11541,OK,58.200,0.44,15986.700018402189
11542,OK,71.300,0.44,15808.70000179857
11543,OK,51.600,0.44,15925.200015772134
11544,OK,68.900,0.44,15952.39999005571
11545,OK,58.800,0.44,15865.099965594709
11546,OK,55.800,0.44,15926.300024148077
11547,OK,54.000,0.44,15876.300050877035
11548,OK,40.700,0.44,15956.200018990785
11549,OK,51.600,0.44,15874.399978201836
11550,OK,40.500,0.44,16007.900005206466
11551,OK,157.500,0.44,15681.499964557588
11552,OK,51.200,0.44,16113.099991343915
11553,OK,89.700,0.44,15775.700041558594
11554,OK,71.700,0.44,16094.59996689111
11555,OK,156.900,0.44,15555.100049823523
11556,OK,132.900,0.44,15912.000031676143
11557,OK,89.000,0.44,16148.799972143024
11558,OK,128.700,0.44,15771.799953654408
11559,OK,103.300,0.44,15474.999963771552
11560,OK,125.100,0.44,15935.600036755204
11561,OK,112.800,0.44,16007.500002160668
11562,OK,120.200,0.44,15515.099978074431
11563,OK,162.400,0.44,15698.200033511966
11564,OK,72.700,0.44,15924.800012726337
11565,OK,60.200,0.44,15871.599956881255
11566,OK,47.300,0.44,16254.80002257973
11567,OK,57.100,0.44,15771.60001033917
11568,OK,51.600,0.44,15819.700027350336
11569,OK,57.900,0.44,15770.500001963228
11570,OK,72.600,0.44,15905.399981420487
11571,OK,57.800,0.44,15947.300009429455
11572,OK,115.200,0.44,15692.799992393702
11573,OK,70.700,0.44,15923.700004350394
11574,OK,65.800,0.44,15931.900008581579
11575,OK,45.600,0.44,15869.39999833703
11576,OK,48.000,0.44,15967.799990903586
11577,OK,61.500,0.44,15900.899947155267
11578,OK,48.500,0.44,15914.600051473826
11579,OK,50.600,0.44,15962.500008754432
11580,OK,49.200,0.44,15916.499949526042
11581,OK,48.700,0.44,15921.19998531416
11582,OK,48.200,0.44,15932.000009343028
11583,OK,64.200,0.44,15932.700014673173
11584,OK,61.700,0.44,15893.799951300025
11585,OK,57.200,0.44,15869.49999909848
11586,OK,86.100,0.44,15931.400004774332
11587,OK,70.200,0.44,15835.700032766908
11588,OK,58.000,0.44,15888.499969150871
11589,OK,47.600,0.44,15940.800018142909
11590,OK,68.800,0.44,15887.40001898259
11591,OK,44.400,0.44,15952.49999081716
11592,OK,57.800,0.44,15901.699953246862
11593,OK,57.400,0.44,15912.599978037179
11594,OK,53.300,0.44,15910.100017208606
11595,OK,56.200,0.44,15924.999956041574
11596,OK,49.100,0.44,15873.89997439459
11597,OK,57.200,0.44,15925.200015772134
11598,OK,72.500,0.44,15899.499994702637
11599,OK,49.100,0.44,15927.100030239671
11600,OK,57.000,0.44,15894.400014076382
11601,OK,53.500,0.44,15840.100008063018
11602,OK,58.300,0.44,15900.099999271333
11603,OK,61.000,0.44,15896.399971097708
11604,OK,60.200,0.44,15914.699994027615
11605,OK,55.200,0.44,15877.700003329664
11606,OK,57.200,0.44,15939.400007482618
11607,OK,58.900,0.44,15851.200034376234
11608,OK,58.700,0.44,15884.499996900558
11609,OK,74.600,0.44,15886.900015175343
11610,OK,48.500,0.44,15899.999998509884
11611,OK,60.900,0.44,15978.199953678995
11612,OK,42.200,0.44,15875.699988100678
11613,OK,44.200,0.44,15946.300001814961
11614,OK,50.500,0.44,15822.600049432367
11615,OK,65.800,0.44,15947.400010190904
11616,OK,77.800,0.44,15903.5999677144
11617,OK,67.100,0.44,15941.200021188706
11618,OK,57.200,0.44,15842.500026337802
11619,OK,44.700,0.44,15999.299997929484
11620,OK,54.200,0.44,15840.900014154613
11621,OK,64.200,0.44,15940.999961458147
11622,OK,59.700,0.44,15871.200012043118
11623,OK,61.800,0.44,15930.19999563694
11624,OK,59.800,0.44,15917.499957140535
11625,OK,67.800,0.44,15835.200028959662
11626,OK,95.800,0.44,15889.999980572611
11627,OK,58.600,0.44,15940.799959935248
11628,OK,58.800,0.44,15906.899992842227
11629,OK,85.800,0.44,15774.899977259338
11630,OK,53.400,0.44,15937.299991492182
11631,OK,70.800,0.44,15902.999963145703
11632,OK,47.000,0.44,15945.400053169578
11633,OK,54.700,0.44,15836.300037335604
11634,OK,58.300,0.44,15898.099984042346
11635,OK,47.300,0.44,15952.999994624406
11636,OK,44.500,0.44,15949.60002694279
11637,OK,45.800,0.44,15948.700020089746
11638,OK,50.000,0.44,15852.799988351762
11639,OK,65.500,0.44,15889.599977526814
11640,OK,60.400,0.44,15985.999954864383
11641,OK,44.600,0.44,15869.49999909848
11642,OK,49.300,0.44,15911.199967376888
11643,OK,47.300,0.44,15906.099986750633
11644,OK,54.600,0.44,15940.50001585856
11645,OK,56.300,0.44,15885.400003753603
11646,OK,59.000,0.44,15888.200025074184
11647,OK,54.900,0.44,15898.499987088144
11648,OK,50.600,0.44,15915.900003165007
11649,OK,57.200,0.44,15978.100011125207
11650,OK,55.100,0.44,15860.899991821498
11651,OK,65.200,0.44,15863.800013903528
11652,OK,53.100,0.44,15887.699963059276
11653,OK,57.100,0.44,15951.199980918318
11654,OK,69.300,0.44,15840.700012631714
11655,OK,76.200,0.44,15961.40000037849
11656,OK,54.700,0.44,15828.399977181107
11657,OK,66.700,0.44,15953.800000716
11658,OK,81.400,0.44,15806.500043254346
11659,OK,50.600,0.44,15960.199991241097
11660,OK,57.900,0.44,15951.999987009913
11661,OK,82.200,0.44,15809.000004082918
11662,OK,59.100,0.44,15963.500016368926
11663,OK,74.200,0.44,15864.699962548912
11664,OK,55.000,0.44,15874.200034886599
11665,OK,47.900,0.44,15929.100045468658
11666,OK,76.300,0.44,15901.700011454523
11667,OK,68.800,0.44,15853.399992920458
11668,OK,63.700,0.44,15975.199989043176
11669,OK,65.400,0.44,15759.399975650012
11670,OK,59.300,0.44,15943.49998049438
11671,OK,52.000,0.44,15912.300033960491
11672,OK,63.500,0.44,15879.69996035099
11673,OK,82.600,0.44,15812.799974810332
11674,OK,47.800,0.44,15906.299988273531
11675,OK,48.700,0.44,15934.4999701716
11676,OK,48.100,0.44,15916.600008495152
11677,OK,46.300,0.44,15977.900009602308
11678,OK,46.400,0.44,15924.800012726337
11679,OK,48.400,0.44,15905.399981420487
11680,OK,48.200,0.44,15974.69998523593
11681,OK,46.300,0.44,15897.199977189302
11682,OK,50.000,0.44,15843.699977267534
11683,OK,46.600,0.44,15938.099997583777
11684,OK,50.600,0.44,15902.10001450032
11685,OK,49.300,0.44,15917.199954856187
11686,OK,48.900,0.44,15901.400009170175
11687,OK,51.500,0.44,15927.399974316359
11688,OK,50.100,0.44,15870.400005951524
11689,OK,54.100,0.44,15911.399968899786
11690,OK,46.700,0.44,15985.300007741898
11691,OK,51.000,0.44,15944.100043270737
11692,OK,67.400,0.44,15882.499981671572
11693,OK,47.700,0.44,15929.099987260997
11694,OK,60.000,0.44,15916.600008495152
11695,OK,69.700,0.44,15948.500018566847
11696,OK,56.700,0.44,15869.199996814132
11697,OK,56.100,0.44,15900.70000384003
11698,OK,56.400,0.44,15921.099984552711
11699,OK,59.900,0.44,15886.500012129545
11700,OK,53.800,0.44,15911.699971184134
11701,OK,78.900,0.44,15750.100021250546
11702,OK,60.900,0.44,15869.099996052682
11703,OK,60.200,0.44,15931.60000629723
11704,OK,57.100,0.44,15937.899996060878
11705,OK,158.500,0.44,15708.799997810274
11706,OK,57.200,0.44,15886.499953921884
11707,OK,44.500,0.44,15969.700005371124
11708,OK,56.300,0.44,15827.89997337386
11709,OK,58.000,0.44,15988.799976184964
11710,OK,45.800,0.44,15808.900003321469
11711,OK,37.800,0.44,15974.80004420504
11712,OK,95.200,0.44,15835.200028959662
11713,OK,71.400,0.44,15950.89997863397
11714,OK,56.900,0.44,15849.400020670146
11715,OK,51.800,0.44,15932.599955704063
11716,OK,57.200,0.44,15936.399984639138
11717,OK,66.800,0.44,15923.200000543147
11718,OK,59.800,0.44,15859.499981161207
11719,OK,58.100,0.44,15911.300026345998
11720,OK,69.200,0.44,15896.899974904954
11721,OK,136.900,0.44,15698.500035796314
11722,OK,78.400,0.44,15912.49997727573
11723,OK,57.000,0.44,15891.099988948554
11724,OK,57.800,0.44,15945.799998007715
11725,OK,60.900,0.44,15863.70001314208
11726,OK,59.600,0.44,15919.400029815733
11727,OK,69.200,0.44,15859.000035561621
11728,OK,55.000,0.44,15906.60004876554
11729,OK,62.600,0.44,15893.799951300025
11730,OK,80.700,0.44,15855.99995451048
11731,OK,83.300,0.44,15896.800032351166
11732,OK,84.400,0.44,15832.099947147071
11733,OK,82.500,0.44,15870.000002905726
11734,OK,95.600,0.44,15871.600015088916
11735,OK,99.200,0.44,15846.399997826666
11736,OK,88.800,0.44,15852.299984544516
11737,OK,59.400,0.44,15905.999985989183
11738,OK,56.700,0.44,15917.100012302399
11739,OK,76.300,0.44,15923.600003588945
11740,OK,62.800,0.44,15845.299989450723
11741,OK,86.600,0.44,15873.699972871691
11742,OK,80.200,0.44,15873.499971348792
11743,OK,79.100,0.44,15880.000020843
11744,OK,77.600,0.44,15845.999994780868
11745,OK,90.500,0.44,15854.800003580749
11746,OK,85.300,0.44,15868.799993768334
11747,OK,85.900,0.44,15852.299984544516
11748,OK,82.200,0.44,15903.60002592206
11749,OK,98.900,0.44,15828.599978704005
11750,OK,73.800,0.44,15897.400036919862
11751,OK,66.100,0.44,15866.100031416863
11752,OK,73.800,0.44,15903.199964668602
11753,OK,100.500,0.44,15840.199950616807
11754,OK,95.800,0.44,15852.699987590313
11755,OK,91.200,0.44,15825.799957383424
11756,OK,121.200,0.44,15780.300018377602
11757,OK,86.400,0.44,15963.300014846027
11758,OK,157.700,0.44,15589.499962516129
11759,OK,39.300,0.44,15947.499952744693
11760,OK,44.200,0.44,15967.499988619238
11761,OK,36.800,0.44,16015.500004868954
11762,OK,61.300,0.44,15892.399998847395
11763,OK,47.300,0.44,15836.9000419043
11764,OK,44.300,0.44,16006.999998353422
11765,OK,46.500,0.44,15946.200001053512
11766,OK,115.000,0.44,15766.700031235814
11767,OK,61.200,0.44,15871.499956119806
11768,OK,51.100,0.44,15923.900005873293
11769,OK,66.100,0.44,15923.700004350394
11770,OK,51.000,0.44,15923.700004350394
11771,OK,51.600,0.44,15999.200055375695
11772,OK,168.300,0.44,15626.900014467537
11773,OK,92.900,0.44,15946.800005622208
11774,OK,70.700,0.44,15844.09998031333
11775,OK,61.500,0.44,15906.999993603677
11776,OK,69.300,0.44,15947.400010190904
11777,OK,54.200,0.44,15810.10001245886
11778,OK,53.400,0.44,15882.999985478818
11779,OK,41.500,0.44,15978.300012648106
11780,OK,50.700,0.44,15919.499972369522
11781,OK,43.100,0.44,15873.100026510656
11782,OK,45.000,0.44,16267.400002107024
11783,OK,48.300,0.44,15972.000022884458
11784,OK,55.400,0.44,15779.700013808906
11785,OK,57.300,0.44,15997.099981177598
11786,OK,78.500,0.44,15700.099989771843
11787,OK,95.700,0.44,15726.200013887137
11788,OK,92.100,0.44,15827.800030820072
11789,OK,65.800,0.44,15840.200008824468
11790,OK,51.800,0.44,15857.500024139881
11791,OK,46.500,0.44,16041.600028984249
11792,OK,62.400,0.44,15822.999994270504
11793,OK,53.100,0.44,15897.199977189302
11794,OK,56.100,0.44,15941.300021950155
11795,OK,58.800,0.44,16412.600001785904
11796,OK,55.500,0.44,15731.79999832064
11797,OK,56.400,0.44,15618.500008713454
11798,OK,67.000,0.44,15828.499977942556
11799,OK,148.000,0.44,15691.399981733412
11800,OK,51.600,0.44,15956.299961544573
11801,OK,58.100,0.44,15856.800018809736
11802,OK,58.200,0.44,15864.800021518022
11803,OK,53.000,0.44,16028.599988203496
11804,OK,51.500,0.44,15886.099950876087
11805,OK,49.400,0.44,15846.299997065216
11806,OK,49.900,0.44,15907.399996649474
11807,OK,73.300,0.44,15933.800023049116
11808,OK,53.300,0.44,15936.799987684935
11809,OK,54.300,0.44,15921.699989121407
11810,OK,59.900,0.44,15823.000052478164
11811,OK,60.900,0.44,15930.29999639839
11812,OK,57.200,0.44,15973.400033544749
11813,OK,76.600,0.44,15859.499981161207
11814,OK,71.100,0.44,15859.10003632307
11815,OK,59.100,0.44,15915.700001642108
11816,OK,56.800,0.44,15843.299974221736
11817,OK,35.800,0.44,15966.700040735304
11818,OK,75.600,0.44,15893.599949777126
11819,OK,57.600,0.44,15984.300000127405
11820,OK,73.800,0.44,15886.700013652444
11821,OK,53.600,0.44,15916.200005449355
11822,OK,55.300,0.44,15923.800005111843
11823,OK,54.500,0.44,15934.799972455949
11824,OK,64.400,0.44,15903.49996695295
11825,OK,59.600,0.44,15886.200009845197
11826,OK,83.000,0.44,15868.999995291233
11827,OK,52.700,0.44,15865.699970163405
11828,OK,49.400,0.44,15978.099952917546
11829,OK,79.400,0.44,15850.299969315529
11830,OK,52.400,0.44,15885.500004515052
11831,OK,55.600,0.44,15925.200015772134
11832,OK,58.400,0.44,15950.79997787252
11833,OK,39.600,0.44,15899.899997748435
11834,OK,44.000,0.44,15938.099997583777
11835,OK,48.800,0.44,15917.300013825297
11836,OK,45.300,0.44,15971.000015269965
11837,OK,58.500,0.44,15882.199979387224
11838,OK,74.400,0.44,15907.399996649474
11839,OK,51.200,0.44,15933.599963318557
11840,OK,55.700,0.44,15925.80002034083
11841,OK,77.300,0.44,15887.09995849058
11842,OK,84.100,0.44,15861.200052313507
11843,OK,78.300,0.44,15836.399979889393
11844,OK,66.300,0.44,15968.000050634146
11845,OK,46.400,0.44,15929.000044707209
11846,OK,61.700,0.44,15787.699958309531
11847,OK,62.400,0.44,15932.500013150275
11848,OK,78.200,0.44,15877.199999522418
11849,OK,61.000,0.44,15841.100015677512
11850,OK,73.500,0.44,15950.199973303825
11851,OK,56.000,0.44,15917.499957140535
11852,OK,63.500,0.44,15818.000014405698
11853,OK,57.200,0.44,15891.69999351725
11854,OK,51.500,0.44,15926.200023386627
11855,OK,52.900,0.44,15973.599976859987
11856,OK,69.500,0.44,15807.899995706975
11857,OK,49.500,0.44,15943.60003946349
11858,OK,68.300,0.44,15936.999989207834
11859,OK,56.100,0.44,15907.499997410923
11860,OK,58.100,0.44,15837.399987503886
11861,OK,49.000,0.44,15876.79999647662
11862,OK,44.600,0.44,15961.700002662838
11863,OK,44.700,0.44,15953.499998431653
11864,OK,48.900,0.44,15902.899962384254
11865,OK,49.700,0.44,15891.999995801598
11866,OK,45.500,0.44,15984.600002411753
11867,OK,44.100,0.44,15949.900029227138
11868,OK,54.500,0.44,15909.300011117011
11869,OK,53.500,0.44,15872.800024226308
11870,OK,54.000,0.44,15956.399962306023
11871,OK,75.100,0.44,15870.200004428625
11872,OK,66.200,0.44,15868.0000458844
11873,OK,66.700,0.44,15934.200026094913
11874,OK,56.300,0.44,15947.199950460345
11875,OK,63.700,0.44,15888.299967627972
11876,OK,80.300,0.44,15843.300032429397
11877,OK,60.100,0.44,15922.79999749735
11878,OK,59.200,0.44,15893.400006461889
11879,OK,49.700,0.44,15828.399977181107
11880,OK,76.500,0.44,15942.399972118437
11881,OK,54.000,0.44,15858.700033277273
11882,OK,54.500,0.44,15863.000007811934
11883,OK,56.700,0.44,15972.100023645908
11884,OK,54.300,0.44,15956.90002432093
11885,OK,67.200,0.44,15842.000022530556
11886,OK,65.600,0.44,15953.299996908754
11887,OK,51.900,0.44,15858.200029470026
11888,OK,82.300,0.44,15963.300014846027
11889,OK,65.700,0.44,15878.700010944158
11890,OK,66.300,0.44,15879.600017797202
11891,OK,54.600,0.44,15925.000014249235
11892,OK,60.700,0.44,15891.499991994351
11893,OK,67.400,0.44,15857.199963647872
11894,OK,82.000,0.44,15884.39999613911
11895,OK,66.700,0.44,15888.80002964288
11896,OK,65.900,0.44,15881.399973295629
11897,OK,58.000,0.44,15913.500043097883
11898,OK,45.000,0.44,15933.600021526217
11899,OK,73.000,0.44,15901.600010693073
11900,OK,117.100,0.44,15800.299996044487
11901,OK,118.000,0.44,15610.000002197921
11902,OK,51.900,0.44,15957.999974489212
11903,OK,122.100,0.44,15799.400047399104
11904,OK,52.900,0.44,15891.899995040148
11905,OK,47.500,0.44,15911.999973468482
11906,OK,48.100,0.44,15908.300003502518
11907,OK,58.300,0.44,15918.000019155443
11908,OK,47.400,0.44,15910.399961285293
11909,OK,53.900,0.44,15921.999991405755
11910,OK,57.600,0.44,15981.299977283925
11911,OK,58.800,0.44,15813.19997785613
11912,OK,53.400,0.44,15789.200027938932
11913,OK,54.800,0.44,16028.199985157698
11914,OK,64.100,0.44,15892.399998847395
11915,OK,58.300,0.44,15891.600050963461
11916,OK,57.900,0.44,15917.599957901984
11917,OK,57.700,0.44,15901.000006124377
11918,OK,57.800,0.44,15892.700001131743
11919,OK,65.900,0.44,15892.199997324497
11920,OK,71.900,0.44,15853.09999063611
11921,OK,67.400,0.44,15971.500019077212
11922,OK,96.200,0.44,15838.499995879829
11923,OK,61.800,0.44,15900.200000032783
11924,OK,53.100,0.44,15927.19997279346
11925,OK,145.600,0.44,15827.100025489926
11926,OK,62.400,0.44,15906.59999055788
11927,OK,61.700,0.44,15876.99999799952
11928,OK,61.000,0.44,15885.70000603795
11929,OK,60.000,0.44,15892.199997324497
11930,OK,57.000,0.44,15918.40002220124
11931,OK,65.500,0.44,15879.79996111244
11932,OK,52.400,0.44,15911.799971945584
11933,OK,59.000,0.44,15866.900037508458
11934,OK,112.900,0.44,15847.30000467971
11935,OK,53.500,0.44,15877.899946644902
11936,OK,51.900,0.44,15931.200003251433
11937,OK,63.200,0.44,15934.60002914071
11938,OK,59.100,0.44,15925.199957564473
11939,OK,73.000,0.44,15885.000000707805
11940,OK,72.400,0.44,15873.800031840801
11941,OK,60.500,0.44,15901.200007647276
11942,OK,53.000,0.44,15900.999947916716
11943,OK,124.400,0.44,15768.79998901859
11944,OK,88.300,0.44,15859.499981161207
11945,OK,48.600,0.44,15893.700008746237
11946,OK,56.900,0.44,15892.199997324497
11947,OK,42.900,0.44,15944.699989631772
11948,OK,39.200,0.44,15899.499994702637
11949,OK,45.000,0.44,15972.99997229129
11950,OK,177.300,0.44,15682.69997369498
11951,OK,54.400,0.44,15898.499987088144
11952,OK,88.300,0.44,15925.400017295033
11953,OK,78.000,0.44,15873.299969825894
11954,OK,67.800,0.44,15938.900003675371
11955,OK,64.200,0.44,15811.8000254035
11956,OK,82.900,0.44,15912.799979560077
11957,OK,55.900,0.44,15936.699986923486
11958,OK,56.200,0.44,15848.900016862899
11959,OK,82.600,0.44,15835.300029721111
11960,OK,80.600,0.44,15872.60002270341
11961,OK,84.900,0.44,15871.300012804568
11962,OK,78.900,0.44,15857.60002490133
11963,OK,84.300,0.44,15900.800004601479
11964,OK,85.200,0.44,15851.499978452921
11965,OK,89.500,0.44,15854.400000534952
11966,OK,95.400,0.44,15853.299992159009
11967,OK,117.600,0.44,15834.00001982227
11968,OK,99.300,0.44,15842.500026337802
11969,OK,95.400,0.44,15857.59996669367
11970,OK,78.200,0.44,15871.499956119806
11971,OK,93.000,0.44,15866.799978539348
11972,OK,89.800,0.44,15879.499958828092
11973,OK,86.500,0.44,15817.6000113599
11974,OK,81.800,0.44,15859.20003708452
11975,OK,80.600,0.44,15878.100006375462
11976,OK,79.200,0.44,15867.100039031357
11977,OK,58.400,0.44,15916.89995257184
11978,OK,74.600,0.44,15868.299989961088
11979,OK,61.200,0.44,15916.700009256601
11980,OK,88.800,0.44,15842.499968130141
11981,OK,56.000,0.44,15933.999966364354
11982,OK,77.700,0.44,15887.700021266937
11983,OK,88.900,0.44,15832.50000840053
11984,OK,94.400,0.44,15855.200006626546
11985,OK,94.400,0.44,15857.60002490133
11986,OK,120.900,0.44,15786.000003572553
11987,OK,82.000,0.44,15861.899999435991
11988,OK,61.700,0.44,15904.399973805994
11989,OK,59.400,0.44,15906.099986750633
11990,OK,64.000,0.44,15987.699967809021
11991,OK,64.500,0.44,15875.499986577779
11992,OK,60.900,0.44,15902.700019069016
11993,OK,58.900,0.44,15920.599980745465
11994,OK,71.900,0.44,15868.999995291233
11995,OK,57.300,0.44,15871.399955358356
11996,OK,85.100,0.44,15876.199991907924
11997,OK,59.400,0.44,15905.799984466285
11998,OK,55.300,0.44,15945.899998769164
11999,OK,93.700,0.44,15830.79999545589
12000,OK,140.900,0.44,15711.899963207543
12001,OK,52.500,0.44,15859.399980399758
12002,OK,53.400,0.44,15846.499998588115
12003,OK,53.600,0.44,16023.100004531443
12004,OK,43.400,0.44,15989.199979230762
12005,OK,70.500,0.44,15748.400008305907
12006,OK,45.700,0.44,15959.299984388053
12007,OK,70.000,0.44,15890.499984379858
12008,OK,57.700,0.44,16039.700014516711
12009,OK,152.400,0.44,15647.399995941669
12010,OK,46.200,0.44,15867.99998767674
12011,OK,51.800,0.44,15981.99998261407
12012,OK,45.500,0.44,16188.499983400106
12013,OK,52.700,0.44,15865.400026086718
12014,OK,53.500,0.44,15796.499967109412
12015,OK,49.200,0.44,16012.699983548373
12016,OK,63.200,0.44,15755.100001115352
12017,OK,60.400,0.44,15858.699975069612
12018,OK,92.600,0.44,15815.399994608015
12019,OK,47.500,0.44,16448.099981062114
12020,OK,48.500,0.44,15475.900028832257
12021,OK,86.500,0.44,15882.69998319447
12022,OK,59.900,0.44,15945.799998007715
12023,OK,59.900,0.44,16036.199987865984
12024,OK,77.300,0.44,15915.29999859631
12025,OK,82.800,0.44,16079.399967566133
12026,OK,100.000,0.44,15505.700022913516
12027,OK,103.400,0.44,15767.699980642647
12028,OK,75.200,0.44,15800.599998328835
12029,OK,59.300,0.44,16034.199972636998
12030,OK,190.900,0.44,15534.100006334484
12031,OK,58.000,0.44,15806.599985808134
12032,OK,45.000,0.44,15994.599962141365
12033,OK,47.400,0.44,15928.899985738099
12034,OK,52.000,0.44,15881.800034549087
12035,OK,67.500,0.44,15969.400003086776
12036,OK,55.600,0.44,15929.199988022447
12037,OK,57.400,0.44,15896.499971859157
12038,OK,54.200,0.44,15853.299992159009
12039,OK,55.500,0.44,15923.600003588945
12040,OK,59.400,0.44,15914.699994027615
12041,OK,60.300,0.44,15905.400039628148
12042,OK,99.300,0.44,15799.600048922002
12043,OK,54.800,0.44,15938.500000629574
12044,OK,60.300,0.44,15909.40001187846
12045,OK,61.500,0.44,15812.599973287433
12046,OK,58.300,0.44,15972.400025930256
12047,OK,58.900,0.44,15856.400015763938
12048,OK,33.100,0.44,15945.399994961917
12049,OK,28.400,0.44,16008.90001282096
12050,OK,51.500,0.44,15932.800015434623
12051,OK,47.100,0.44,15878.700010944158
12052,OK,59.300,0.44,15912.999981082976
12053,OK,48.600,0.44,15932.100010104477
12054,OK,48.100,0.44,15944.89999115467
12055,OK,47.300,0.44,15858.99997735396
12056,OK,46.500,0.44,15981.499978806823
12057,OK,39.100,0.44,15894.399955868721
12058,OK,45.900,0.44,15946.800005622208
12059,OK,38.700,0.44,15937.69999453798
12060,OK,45.400,0.44,15906.59999055788
12061,OK,38.700,0.44,15942.400030326098
12062,OK,43.000,0.44,15993.700013495982
12063,OK,62.300,0.44,15902.20001526177
12064,OK,56.300,0.44,15906.899992842227
12065,OK,47.700,0.44,15832.300006877631
12066,OK,66.000,0.44,15960.999997332692
12067,OK,47.600,0.44,15934.799972455949
12068,OK,53.000,0.44,15888.799971435219
12069,OK,74.100,0.44,15921.599988359958
12070,OK,57.900,0.44,15923.500002827495
12071,OK,58.900,0.44,15914.599993266165
12072,OK,57.800,0.44,15851.499978452921
12073,OK,50.500,0.44,15975.099988281727
12074,OK,69.700,0.44,15916.89995257184
12075,OK,61.000,0.44,15836.89998369664
12076,OK,77.000,0.44,15900.900005362928
12077,OK,58.700,0.44,15905.600041151047
12078,OK,59.800,0.44,15870.90000975877
12079,OK,55.800,0.44,15866.200032178313
12080,OK,61.200,0.44,15930.499997921288
12081,OK,53.100,0.44,15883.100044447929
12082,OK,50.600,0.44,15940.100012812763
12083,OK,53.100,0.44,15943.099977448583
12084,OK,58.200,0.44,15828.900039196014
12085,OK,50.800,0.44,15896.900033112615
12086,OK,51.400,0.44,15962.70001027733
12087,OK,46.200,0.44,15965.400030836463
12088,OK,51.600,0.44,15879.999962635338
12089,OK,51.500,0.44,15939.500008244067
12090,OK,66.400,0.44,15910.89996509254
12091,OK,61.800,0.44,15880.299964919686
12092,OK,56.300,0.44,15815.099992323667
12093,OK,57.600,0.44,15986.000013072044
12094,OK,65.700,0.44,15880.399965681136
12095,OK,52.700,0.44,15965.69997491315
12096,OK,55.700,0.44,15843.400033190846
12097,OK,51.300,0.44,16009.300015866756
12098,OK,66.200,0.44,15863.300010096282
12099,OK,50.500,0.44,15883.600048255175
12100,OK,75.700,0.44,15899.399993941188
12101,OK,66.800,0.44,15849.300019908696
12102,OK,64.900,0.44,15928.79998497665
12103,OK,59.000,0.44,15869.599999859929
12104,OK,66.400,0.44,15884.699998423457
12105,OK,69.000,0.44,15873.700031079352
12106,OK,53.900,0.44,15911.500027868897
12107,OK,56.900,0.44,15932.199952658266
12108,OK,94.500,0.44,15798.39998157695
12109,OK,87.500,0.44,15851.799980737269
12110,OK,100.400,0.44,15848.80001610145
12111,OK,96.500,0.44,15850.999974645674
12112,OK,60.000,0.44,15836.399979889393
12113,OK,73.000,0.44,15943.59998125583
12114,OK,58.100,0.44,15881.200029980391
12115,OK,56.200,0.44,15832.300006877631
12116,OK,50.500,0.44,15928.099979646504
12117,OK,48.900,0.44,15913.399984128773
12118,OK,46.600,0.44,15953.099995385855
12119,OK,59.100,0.44,15885.000000707805
12120,OK,52.300,0.44,15966.399980243295
12121,OK,49.400,0.44,15903.000021353364
12122,OK,43.700,0.44,15962.80001103878
12123,OK,53.200,0.44,15859.09997811541
12124,OK,53.800,0.44,15916.200005449355
12125,OK,62.000,0.44,15923.200000543147
12126,OK,61.400,0.44,15912.799979560077
12127,OK,67.200,0.44,15926.899970509112
12128,OK,62.600,0.44,15894.400014076382
12129,OK,68.200,0.44,15864.000015426427
12130,OK,46.600,0.44,15924.000006634742
12131,OK,64.400,0.44,15900.900005362928
12132,OK,45.500,0.44,15965.299971867353
12133,OK,43.900,0.44,15982.600045390427
12134,OK,44.300,0.44,15835.199970752
12135,OK,46.600,0.44,15924.19994994998
12136,OK,46.800,0.44,15950.199973303825
12137,OK,46.900,0.44,15906.999993603677
12138,OK,69.400,0.44,15962.899953592569
12139,OK,83.900,0.44,15780.200017616153
12140,OK,53.400,0.44,15909.100009594113
12141,OK,50.000,0.44,15919.399971608073
12142,OK,50.000,0.44,15917.500015348196
12143,OK,58.000,0.44,15883.100044447929
12144,OK,48.500,0.44,15908.200002741069
12145,OK,45.500,0.44,15928.399981930852
12146,OK,42.000,0.44,15924.900013487786
12147,OK,35.400,0.44,16022.700001485646
12148,OK,46.200,0.44,15905.09997913614
12149,OK,79.500,0.44,15907.799999695271
12150,OK,52.600,0.44,15882.299980148673
12151,OK,56.100,0.44,15934.100025333464
12152,OK,55.300,0.44,15874.299977440387
12153,OK,62.000,0.44,15952.899993862957
12154,OK,62.800,0.44,15896.20002778247
12155,OK,78.600,0.44,15793.099999427795
12156,OK,45.600,0.44,15918.900026008487
12157,OK,50.800,0.44,15965.600032359362
12158,OK,51.200,0.44,15924.000006634742
12159,OK,69.500,0.44,15902.400016784668
12160,OK,62.000,0.44,15893.400006461889
12161,OK,63.200,0.44,15924.30000891909
12162,OK,66.500,0.44,15861.499996390194
12163,OK,84.000,0.44,15849.200019147247
12164,OK,84.800,0.44,15835.799975320697
12165,OK,41.200,0.44,15996.300033293664
12166,OK,161.800,0.44,15681.000018958002
12167,OK,53.400,0.44,15990.599989891052
12168,OK,49.700,0.44,15907.799999695271
12169,OK,57.100,0.44,15918.899967800826
12170,OK,49.900,0.44,15865.899971686304
12171,OK,44.600,0.44,15952.599991578609
12172,OK,61.200,0.44,15915.900003165007
12173,OK,52.200,0.44,15952.599991578609
12174,OK,140.500,0.44,15722.100040875375
12175,OK,61.300,0.44,15987.400023732334
12176,OK,66.600,0.44,16057.200031355023
12177,OK,87.700,0.44,15618.399949744344
12178,OK,66.900,0.44,15838.599996641278
12179,OK,63.500,0.44,15942.500031087548
12180,OK,79.600,0.44,15866.200032178313
12181,OK,60.800,0.44,15848.400013055652
12182,OK,79.900,0.44,15858.199971262366
12183,OK,86.700,0.44,15888.59996991232
12184,OK,68.000,0.44,15913.099981844425
12185,OK,99.100,0.44,15811.299963388592
12186,OK,94.600,0.44,15859.199978876859
12187,OK,92.800,0.44,15839.200001209974
12188,OK,91.900,0.44,15892.499999608845
12189,OK,78.300,0.44,15876.599994953722
12190,OK,84.500,0.44,15861.199994105846
12191,OK,79.800,0.44,15856.900019571185
12192,OK,80.200,0.44,15878.600010182709
12193,OK,78.800,0.44,15881.999977864325
12194,OK,78.100,0.44,15872.900024987757
12195,OK,85.300,0.44,15881.700033787638
12196,OK,85.700,0.44,15846.599999349564
12197,OK,68.900,0.44,15887.299960013479
12198,OK,64.900,0.44,15908.00000121817
12199,OK,75.900,0.44,15889.400034211576
12200,OK,80.800,0.44,15905.299980659038
12201,OK,96.600,0.44,15662.000048905611
12202,OK,80.700,0.44,15899.400052148849
12203,OK,90.400,0.44,15830.299991648644
12204,OK,94.000,0.44,15854.800003580749
12205,OK,64.200,0.44,15885.600005276501
12206,OK,108.300,0.44,15823.49999807775
12207,OK,86.500,0.44,15880.100021604449
12208,OK,68.300,0.44,15860.799991060048
12209,OK,92.800,0.44,15929.299988783896
12210,OK,144.100,0.44,15838.599996641278
12211,OK,169.500,0.44,15583.39997427538
12212,OK,56.000,0.44,15870.800008997321
12213,OK,41.500,0.44,15922.8999982588
12214,OK,38.600,0.44,15966.599981766194
12215,OK,61.500,0.44,15898.400044534355
12216,OK,49.200,0.44,15992.100001312792
12217,OK,47.700,0.44,15907.399996649474
12218,OK,47.600,0.44,15924.30000891909
12219,OK,48.100,0.44,15956.80002355948
12220,OK,59.700,0.44,15907.499997410923
12221,OK,130.400,0.44,15810.399956535548
12222,OK,53.300,0.44,15855.200006626546
12223,OK,51.100,0.44,15934.799972455949
12224,OK,47.700,0.44,15887.30001822114
12225,OK,61.600,0.44,15943.100035656244
12226,OK,64.700,0.44,15890.899987425655
12227,OK,75.500,0.44,15924.700011964887
12228,OK,94.800,0.44,15788.300021085888
12229,OK,51.800,0.44,15884.29999537766
12230,OK,115.500,0.44,15951.999987009913
12231,OK,60.100,0.44,15846.499998588115
12232,OK,59.200,0.44,15973.499976098537
12233,OK,65.500,0.44,15850.899973884225
12234,OK,64.500,0.44,15837.899991311133
12235,OK,61.100,0.44,15970.400010701269
12236,OK,64.000,0.44,15890.899987425655
12237,OK,55.500,0.44,15899.299993179739
12238,OK,60.900,0.44,16073.299979325384
12239,OK,59.900,0.44,16004.200035240501
12240,OK,53.400,0.44,15766.799973789603
12241,OK,53.800,0.44,15869.49999909848
12242,OK,56.100,0.44,15736.299974378198
12243,OK,66.900,0.44,15927.799977362156
12244,OK,65.800,0.44,15851.100033614784
12245,OK,54.300,0.44,16180.999984499067
12246,OK,48.400,0.44,15759.499976411462
12247,OK,64.100,0.44,16060.800000559539
12248,OK,92.000,0.44,16014.099994208664
12249,OK,80.200,0.44,15488.300006836653
12250,OK,222.900,0.44,15974.899986758828
12251,OK,80.100,0.44,15799.299988429993
12252,OK,99.900,0.44,15666.999970562756
12253,OK,132.400,0.44,15820.400032680482
12254,OK,64.200,0.44,15896.500030066818
12255,OK,51.900,0.44,15903.60002592206
12256,OK,69.600,0.44,15977.3999475874
12257,OK,117.100,0.44,15627.400018274784
12258,OK,40.800,0.44,15973.19997381419
12259,OK,49.200,0.44,15977.299946825951
12260,OK,46.900,0.44,15868.999995291233
12261,OK,50.700,0.44,15942.199970595539
12262,OK,49.900,0.44,15911.099966615438
12263,OK,53.500,0.44,15931.000001728535
12264,OK,55.000,0.44,15934.60002914071
12265,OK,52.500,0.44,15898.299985565245
12266,OK,53.300,0.44,15977.60000731796
12267,OK,59.100,0.44,15830.699994694442
12268,OK,65.100,0.44,15857.100021094084
12269,OK,45.100,0.44,15941.200021188706
12270,OK,64.800,0.44,15939.400007482618
12271,OK,57.400,0.44,15908.800007309765
12272,OK,51.000,0.44,15915.099997073412
12273,OK,56.400,0.44,15909.899957478046
12274,OK,53.400,0.44,15914.499992504716
12275,OK,48.400,0.44,15961.40000037849
12276,OK,57.500,0.44,15898.599987849593
12277,OK,50.400,0.44,15918.000019155443
12278,OK,56.300,0.44,15938.099997583777
12279,OK,56.000,0.44,15867.89998691529
12280,OK,46.200,0.44,15965.899976436049
12281,OK,66.500,0.44,15899.19999241829
12282,OK,72.600,0.44,15879.300015512854
12283,OK,59.700,0.44,15915.800002403557
12284,OK,58.900,0.44,15865.999972447753
12285,OK,48.900,0.44,15931.099944282323
12286,OK,58.700,0.44,15908.600005786866
12287,OK,45.000,0.44,15952.899993862957
12288,OK,47.000,0.44,15872.999967541546
12289,OK,45.900,0.44,15858.299972023815
12290,OK,38.000,0.44,15944.600047077984
12291,OK,42.600,0.44,15895.99996805191
12292,OK,40.200,0.44,15947.700012475252
12293,OK,53.000,0.44,15909.300011117011
12294,OK,45.500,0.44,15929.200046230108
12295,OK,47.300,0.44,15914.700052235276
12296,OK,59.900,0.44,15916.400006972253
12297,OK,49.500,0.44,15927.500033285469
12298,OK,69.700,0.44,15900.900005362928
12299,OK,55.600,0.44,15912.699978798628
12300,OK,58.900,0.44,15908.700006548315
12301,OK,63.200,0.44,15859.20003708452
12302,OK,76.100,0.44,15821.699984371662
12303,OK,113.400,0.44,15782.999980729073
12304,OK,84.000,0.44,15933.500020764768
12305,OK,58.400,0.44,15924.500010441989
12306,OK,62.200,0.44,15878.200007136911
12307,OK,63.200,0.44,15947.300009429455
12308,OK,58.900,0.44,15792.999998666346
12309,OK,69.900,0.44,15857.199963647872
12310,OK,48.100,0.44,15947.600011713803
12311,OK,83.300,0.44,15876.200050115585
12312,OK,56.200,0.44,15866.39997549355
12313,OK,50.000,0.44,15914.499992504716
12314,OK,56.800,0.44,15919.500030577183
12315,OK,57.600,0.44,15858.799975831062
12316,OK,51.000,0.44,15944.199985824525
12317,OK,59.100,0.44,15872.300020419061
12318,OK,52.900,0.44,15950.199973303825
12319,OK,50.500,0.44,15915.700001642108
12320,OK,43.900,0.44,15915.700001642108
12321,OK,46.400,0.44,15941.89996831119
12322,OK,73.800,0.44,15904.89997761324
12323,OK,53.200,0.44,15960.399992763996
12324,OK,108.000,0.44,15757.300017867237
12325,OK,47.500,0.44,15901.500009931624
12326,OK,52.200,0.44,15962.300007231534
12327,OK,59.000,0.44,15937.299991492182
12328,OK,57.700,0.44,15817.400009837002
12329,OK,91.600,0.44,15922.200051136315
12330,OK,50.800,0.44,15903.799969237298
12331,OK,51.900,0.44,15911.899972707033
12332,OK,52.600,0.44,15879.100013989955
12333,OK,72.800,0.44,15905.300038866699
12334,OK,56.600,0.44,15912.899980321527
12335,OK,55.300,0.44,15896.499971859157
12336,OK,48.800,0.44,15958.000032696873
12337,OK,51.700,0.44,15874.999982770532
12338,OK,60.200,0.44,15804.30002650246
12339,OK,87.500,0.44,15931.100002489984
12340,OK,53.200,0.44,15936.899988446385
12341,OK,50.800,0.44,15884.599997662008
12342,OK,53.100,0.44,15869.49999909848
12343,OK,68.000,0.44,15923.300001304597
12344,OK,84.200,0.44,15933.799964841455
12345,OK,74.700,0.44,15849.900024477392
12346,OK,62.800,0.44,15879.000013228506
12347,OK,78.000,0.44,15906.39998903498
12348,OK,54.900,0.44,15913.89998793602
12349,OK,89.000,0.44,15857.799968216568
12350,OK,65.100,0.44,15921.899990644306
12351,OK,63.500,0.44,15891.499991994351
12352,OK,123.900,0.44,15783.199982251972
12353,OK,52.300,0.44,15920.499979984015
12354,OK,59.700,0.44,15893.399948254228
12355,OK,57.600,0.44,15912.49997727573
12356,OK,56.100,0.44,15877.600002568215
12357,OK,52.300,0.44,15930.800000205636
12358,OK,52.000,0.44,15880.200022365898
12359,OK,55.300,0.44,15917.900018393993
12360,OK,56.700,0.44,15942.899975925684
12361,OK,60.100,0.44,15909.900015685707
12362,OK,51.900,0.44,15860.200044699013
12363,OK,43.900,0.44,15928.899985738099
12364,OK,45.300,0.44,15950.99997939542
12365,OK,44.800,0.44,15881.200029980391
12366,OK,48.400,0.44,15960.399992763996
12367,OK,60.000,0.44,15922.8999982588
12368,OK,50.400,0.44,15936.30004208535
12369,OK,53.700,0.44,15903.899969998747
12370,OK,55.400,0.44,15877.400001045316
12371,OK,69.200,0.44,15887.700021266937
12372,OK,57.600,0.44,15903.699968475848
12373,OK,62.100,0.44,15925.399959087372
12374,OK,62.100,0.44,15892.700001131743
12375,OK,65.000,0.44,15948.600019328296
12376,OK,61.700,0.44,15849.000017624348
12377,OK,68.700,0.44,15891.600050963461
12378,OK,54.100,0.44,15860.099985729903
12379,OK,70.700,0.44,15917.299955617636
12380,OK,52.000,0.44,15917.00001154095
12381,OK,64.700,0.44,15914.499992504716
12382,OK,94.200,0.44,15796.199964825064
12383,OK,55.100,0.44,15905.09997913614
12384,OK,52.400,0.44,15924.100007396191
12385,OK,72.600,0.44,15891.5999927558
12386,OK,72.700,0.44,15899.999998509884
12387,OK,60.800,0.44,15889.499976765364
12388,OK,71.100,0.44,15898.199984803796
12389,OK,56.700,0.44,15885.600005276501
12390,OK,145.800,0.44,15788.999968208373
12391,OK,58.100,0.44,15982.999990228564
12392,OK,57.100,0.44,15838.999999687076
12393,OK,61.300,0.44,15902.500017546117
12394,OK,60.300,0.44,15901.200007647276
12395,OK,60.500,0.44,15884.599997662008
12396,OK,52.100,0.44,15905.999985989183
12397,OK,60.400,0.44,15927.29997355491
12398,OK,55.500,0.44,15900.099999271333
12399,OK,77.900,0.44,15942.500031087548
12400,OK,55.000,0.44,15896.199969574809
12401,OK,50.900,0.44,15898.699988611042
12402,OK,74.300,0.44,15867.599984630942
12403,OK,71.300,0.44,15779.199951793998
12404,OK,55.700,0.44,15927.000029478222
12405,OK,61.100,0.44,15997.899987269193
12406,OK,57.900,0.44,15898.699988611042
12407,OK,53.200,0.44,15877.400001045316
12408,OK,119.000,0.44,15865.800029132515
12409,OK,60.900,0.44,15862.500004004687
12410,OK,59.200,0.44,15940.799959935248
12411,OK,60.000,0.44,15818.800020497292
12412,OK,48.100,0.44,15941.699966788292
12413,OK,50.200,0.44,15902.700019069016
12414,OK,44.000,0.44,15898.199984803796
12415,OK,81.800,0.44,15897.400036919862
12416,OK,75.400,0.44,15881.799976341426
12417,OK,83.700,0.44,15863.70001314208
12418,OK,89.200,0.44,15879.200014751405
12419,OK,93.400,0.44,15863.999957218766
12420,OK,75.200,0.44,15829.199983272702
12421,OK,112.100,0.44,15907.699998933822
12422,OK,83.300,0.44,15863.200009334832
12423,OK,88.300,0.44,15886.100009083748
12424,OK,87.500,0.44,15805.099974386394
12425,OK,100.000,0.44,15866.70003598556
12426,OK,86.200,0.44,15852.499986067414
12427,OK,83.500,0.44,15872.200019657612
12428,OK,75.600,0.44,15797.699976246804
12429,OK,103.000,0.44,16013.299988117069
12430,OK,89.000,0.44,15714.800043497235
12431,OK,83.400,0.44,15854.7000028193
12432,OK,65.200,0.44,15878.40000865981
12433,OK,92.800,0.44,15851.400035899132
12434,OK,76.500,0.44,15905.799984466285
12435,OK,89.200,0.44,15840.000007301569
12436,OK,100.700,0.44,15831.400000024587
12437,OK,67.600,0.44,15887.000015936792
12438,OK,67.100,0.44,15893.10000417754
12439,OK,61.300,0.44,15975.099988281727
12440,OK,87.200,0.44,15796.199964825064
12441,OK,65.700,0.44,15910.200017970055
12442,OK,75.200,0.44,15948.700020089746
12443,OK,149.800,0.44,15691.200038418174
12444,OK,84.700,0.44,15853.599994443357
12445,OK,64.600,0.44,15893.900010269135
12446,OK,62.700,0.44,15918.900026008487
12447,OK,65.000,0.44,15918.39996399358
12448,OK,52.200,0.44,16026.400029659271
12449,OK,65.100,0.44,15859.800041653216
12450,OK,55.300,0.44,15903.60002592206
12451,OK,65.900,0.44,15780.49996169284
12452,OK,72.900,0.44,15959.499985910952
12453,OK,63.800,0.44,15916.9000107795
12454,OK,58.300,0.44,15908.600005786866
12455,OK,55.100,0.44,15865.10002380237
12456,OK,86.500,0.44,15884.39999613911
12457,OK,144.700,0.44,15758.799971081316
12458,OK,94.700,0.44,15852.999989874661
12459,OK,78.000,0.44,15955.699956975877
12460,OK,62.500,0.44,15835.3999722749
12461,OK,62.600,0.44,15816.20000069961
12462,OK,82.200,0.44,15922.79999749735
12463,OK,61.800,0.44,15850.299969315529
12464,OK,126.600,0.44,15804.40002726391
12465,OK,52.200,0.44,15979.699965100735
12466,OK,68.800,0.44,15929.199988022447
12467,OK,60.000,0.44,15883.799991570413
12468,OK,60.400,0.44,15964.19996349141
12469,OK,82.900,0.44,15787.90001804009
12470,OK,85.400,0.44,15862.800006289035
12471,OK,72.100,0.44,15891.399991232902
12472,OK,81.300,0.44,15909.899957478046
12473,OK,57.800,0.44,16164.30003196001
12474,OK,53.900,0.44,15656.599949579686
12475,OK,54.200,0.44,16076.500003691763
12476,OK,63.400,0.44,15890.700044110417
12477,OK,76.600,0.44,15801.000001374632
12478,OK,98.600,0.44,16024.200012907386
12479,OK,73.500,0.44,15601.499995682389
12480,OK,71.900,0.44,16068.199998699129
12481,OK,94.700,0.44,15798.700042068958
12482,OK,115.400,0.44,15722.499985713512
12483,OK,121.300,0.44,15815.799997653812
12484,OK,100.900,0.44,15810.800017789006
12485,OK,51.200,0.44,16410.29998427257
12486,OK,57.600,0.44,15476.599975954741
12487,OK,76.900,0.44,16320.199996698648
12488,OK,71.100,0.44,15511.600009631366
12489,OK,80.300,0.44,15835.899976082146
12490,OK,77.900,0.44,15812.400029972196
12491,OK,152.500,0.44,15765.200019814074
12492,OK,50.800,0.44,16007.30000063777
12493,OK,60.900,0.44,15698.199975304306
12494,OK,41.300,0.44,15975.299989804626
12495,OK,82.400,0.44,15850.999974645674
12496,OK,102.000,0.44,15926.099964417517
12497,OK,53.000,0.44,15877.900004852563
12498,OK,84.000,0.44,18529.699998907745
12499,OK,107.700,0.44,13119.000010192394
12500,OK,52.400,0.44,15972.99997229129
12501,OK,56.000,0.44,15838.699997402728
12502,OK,56.600,0.44,15898.500045295805
12503,OK,73.500,0.44,15915.700001642108
12504,OK,72.800,0.44,15897.5999802351
12505,OK,74.300,0.44,15832.300006877631
12506,OK,59.600,0.44,15879.90002008155
12507,OK,53.900,0.44,15924.000006634742
12508,OK,54.600,0.44,15948.400017805398
12509,OK,44.200,0.44,15921.499987598509
12510,OK,52.600,0.44,15926.700027193874
12511,OK,75.700,0.44,15906.100044958293
12512,OK,64.800,0.44,15880.400023888797
12513,OK,47.300,0.44,15925.600018817931
12514,OK,53.500,0.44,15819.899970665574
12515,OK,58.700,0.44,15850.30002752319
12516,OK,48.200,0.44,15895.599965006113
12517,OK,41.100,0.44,15915.39999935776
12518,OK,45.400,0.44,15935.100032947958
12519,OK,35.900,0.44,15926.400024909526
12520,OK,44.300,0.44,15902.700019069016
12521,OK,39.000,0.44,15949.49996797368
12522,OK,45.300,0.44,15924.40000968054
12523,OK,44.500,0.44,15948.199958074838
12524,OK,46.900,0.44,15890.899987425655
12525,OK,57.400,0.44,15903.999970760196
12526,OK,63.900,0.44,15986.200014594942
12527,OK,76.000,0.44,15871.00001052022
12528,OK,64.300,0.44,15895.400021690875
12529,OK,75.000,0.44,15824.300004169345
12530,OK,63.200,0.44,15900.800004601479
12531,OK,45.900,0.44,15938.199998345226
12532,OK,52.700,0.44,15922.299993690103
12533,OK,55.200,0.44,15895.000018645078
12534,OK,54.900,0.44,15924.19994994998
12535,OK,41.100,0.44,15934.899973217398
12536,OK,42.900,0.44,15933.700022287667
12537,OK,60.400,0.44,15923.700004350394
12538,OK,54.700,0.44,15909.3999536708
12539,OK,59.400,0.44,15934.400027617812
12540,OK,74.500,0.44,15883.699990808964
12541,OK,62.300,0.44,15900.200000032783
12542,OK,59.300,0.44,15900.400001555681
12543,OK,61.000,0.44,15894.80001712218
12544,OK,57.200,0.44,15816.500002983958
12545,OK,83.300,0.44,15882.899984717369
12546,OK,83.700,0.44,15916.700009256601
12547,OK,65.000,0.44,15830.499993171543
12548,OK,57.300,0.44,15890.09998133406
12549,OK,47.900,0.44,15974.80004420504
12550,OK,46.300,0.44,15963.400015607476
12551,OK,58.400,0.44,15921.29998607561
12552,OK,64.800,0.44,15873.699972871691
12553,OK,64.300,0.44,15920.900041237473
12554,OK,73.400,0.44,15898.600046057254
12555,OK,72.900,0.44,15787.300013471395
12556,OK,94.400,0.44,15968.299994710833
12557,OK,72.300,0.44,15849.500021431595
12558,OK,58.400,0.44,15900.900005362928
12559,OK,60.500,0.44,15909.799956716597
12560,OK,67.500,0.44,15822.199988178909
12561,OK,60.800,0.44,15911.199967376888
12562,OK,58.300,0.44,15981.099975761026
12563,OK,58.200,0.44,15862.00000019744
12564,OK,55.100,0.44,15878.800011705607
12565,OK,68.400,0.44,15935.299976263195
12566,OK,50.700,0.44,15933.19996027276
12567,OK,66.400,0.44,15878.900012467057
12568,OK,81.100,0.44,15803.300018887967
12569,OK,110.100,0.44,15890.29998285696
12570,OK,61.300,0.44,15890.499984379858
12571,OK,59.200,0.44,15892.199997324497
12572,OK,62.500,0.44,15896.400029305369
12573,OK,50.900,0.44,15953.499998431653
12574,OK,47.900,0.44,15892.199997324497
12575,OK,51.400,0.44,15935.99998159334
12576,OK,63.400,0.44,15946.800005622208
12577,OK,55.200,0.44,15825.00000949949
12578,OK,54.900,0.44,15987.89996933192
12579,OK,57.800,0.44,15810.400014743209
12580,OK,53.700,0.44,15965.700033120811
12581,OK,57.700,0.44,15904.799976851791
12582,OK,56.200,0.44,15925.400017295033
12583,OK,93.300,0.44,15921.39998683706
12584,OK,56.700,0.44,15837.1000434272
12585,OK,63.400,0.44,15934.6999716945
12586,OK,59.000,0.44,15924.700011964887
12587,OK,62.900,0.44,15893.400006461889
12588,OK,59.800,0.44,15852.399985305965
12589,OK,70.000,0.44,15941.400022711605
12590,OK,56.600,0.44,15844.600042328238
12591,OK,84.400,0.44,15863.800013903528
12592,OK,145.600,0.44,15748.00000526011
12593,OK,55.900,0.44,15920.200035907328
12594,OK,51.800,0.44,15911.099966615438
12595,OK,50.900,0.44,15956.79996535182
12596,OK,132.400,0.44,15806.999988853931
12597,OK,63.000,0.44,15916.9000107795
12598,OK,53.900,0.44,15912.29997575283
12599,OK,54.200,0.44,15898.099984042346
12600,OK,53.200,0.44,15933.30001924187
12601,OK,72.200,0.44,15825.400012545288
12602,OK,213.400,0.44,15647.399995941669
12603,OK,49.800,0.44,15897.899982519448
12604,OK,54.100,0.44,15920.799982268363
12605,OK,49.000,0.44,15920.299978461117
12606,OK,46.700,0.44,15923.200000543147
12607,OK,47.900,0.44,15897.5999802351
12608,OK,48.500,0.44,15949.700027704239
12609,OK,65.900,0.44,15852.699987590313
12610,OK,49.600,0.44,15926.799969747663
12611,OK,50.800,0.44,15952.199988532811
12612,OK,46.300,0.44,15890.899987425655
12613,OK,37.500,0.44,15968.199993949383
12614,OK,46.800,0.44,15910.99996585399
12615,OK,54.500,0.44,15922.600054182112
12616,OK,51.600,0.44,15921.499987598509
12617,OK,51.000,0.44,15903.70002668351
12618,OK,44.800,0.44,15940.400015097111
12619,OK,51.000,0.44,15932.800015434623
12620,OK,61.900,0.44,15883.200045209378
12621,OK,46.700,0.44,15955.600014422089
12622,OK,143.400,0.44,15690.599975641817
12623,OK,72.900,0.44,15944.799990393221
12624,OK,69.300,0.44,15890.399983618408
12625,OK,53.300,0.44,15936.399984639138
12626,OK,62.200,0.44,15891.899995040148
12627,OK,60.200,0.44,15931.300004012883
12628,OK,62.700,0.44,15856.400015763938
12629,OK,103.500,0.44,15873.300028033555
12630,OK,50.100,0.44,16000.899951905012
12631,OK,118.500,0.44,15682.199969887733
12632,OK,56.700,0.44,15862.300002481788
12633,OK,60.800,0.44,15889.399976003915
12634,OK,43.000,0.44,15942.400030326098
12635,OK,41.600,0.44,15929.799992591143
12636,OK,43.000,0.44,15946.60000409931
12637,OK,48.400,0.44,16005.299985408783
12638,OK,108.300,0.44,15706.599981058389
12639,OK,93.000,0.44,15983.299992512912
12640,OK,58.800,0.44,15910.499962046742
12641,OK,63.800,0.44,15904.000028967857
12642,OK,65.200,0.44,15821.599983610213
12643,OK,62.000,0.44,15987.99997009337
12644,OK,66.900,0.44,15874.800039455295
12645,OK,59.300,0.44,15862.00000019744
12646,OK,69.500,0.44,15863.60001238063
12647,OK,74.300,0.44,15855.100005865097
12648,OK,79.000,0.44,15964.100020937622
12649,OK,78.600,0.44,15888.999972958118
12650,OK,77.100,0.44,15802.400012034923
12651,OK,88.700,0.44,15857.60002490133
12652,OK,96.100,0.44,15872.000018134713
12653,OK,82.200,0.44,15897.999983280897
12654,OK,82.900,0.44,15852.799988351762
12655,OK,84.900,0.44,15831.800003070384
12656,OK,84.800,0.44,15875.29998505488
12657,OK,81.600,0.44,15883.899992331862
12658,OK,66.800,0.44,15873.000025749207
12659,OK,86.800,0.44,15860.59998953715
12660,OK,83.700,0.44,15859.899984207004
12661,OK,84.800,0.44,15870.90000975877
12662,OK,79.300,0.44,15850.500029046088
12663,OK,79.800,0.44,15872.999967541546
12664,OK,93.900,0.44,15865.900029893965
12665,OK,98.600,0.44,15914.199990220368
12666,OK,68.900,0.44,15824.700007215142
12667,OK,152.500,0.44,15773.30002328381
12668,OK,69.800,0.44,15885.100001469254
12669,OK,70.100,0.44,15848.099952563643
12670,OK,84.600,0.44,15921.29998607561
12671,OK,91.800,0.44,15846.499998588115
12672,OK,88.000,0.44,15828.699979465455
12673,OK,95.700,0.44,15894.80001712218
12674,OK,144.700,0.44,15693.09999467805
12675,OK,80.900,0.44,15914.800052996725
12676,OK,63.100,0.44,15888.200025074184
12677,OK,57.000,0.44,15866.800036747009
12678,OK,50.600,0.44,15981.000033207238
12679,OK,70.900,0.44,15881.099971011281
12680,OK,60.500,0.44,15952.400048263371
12681,OK,55.800,0.44,15852.500044275075
12682,OK,78.000,0.44,15911.499969661236
12683,OK,53.000,0.44,15915.50000011921
12684,OK,46.400,0.44,15902.900020591915
12685,OK,41.800,0.44,15951.00003760308
12686,OK,141.800,0.44,15724.700002465397
12687,OK,53.700,0.44,15932.600013911724
12688,OK,63.000,0.44,15905.500040389597
12689,OK,115.900,0.44,15852.500044275075
12690,OK,74.400,0.44,15898.899990133941
12691,OK,72.800,0.44,15819.400025065988
12692,OK,90.700,0.44,15836.399979889393
12693,OK,60.400,0.44,16002.59996484965
12694,OK,61.500,0.44,15883.099986240268
12695,OK,87.300,0.44,15810.10001245886
12696,OK,57.900,0.44,16201.40002341941
12697,OK,58.100,0.44,15606.899978592992
12698,OK,50.000,0.44,15912.799979560077
12699,OK,50.000,0.44,15974.100038874894
12700,OK,48.700,0.44,15864.599961787462
12701,OK,80.000,0.44,15848.400013055652
12702,OK,62.100,0.44,15900.400001555681
12703,OK,75.400,0.44,15906.899992842227
12704,OK,96.500,0.44,15814.899990800768
12705,OK,63.600,0.44,16028.499987442046
12706,OK,49.300,0.44,15970.800013747066
12707,OK,69.600,0.44,15922.099992167205
12708,OK,93.300,0.44,15670.399996452034
12709,OK,97.700,0.44,15919.499972369522
12710,OK,95.300,0.44,15728.299971669912
12711,OK,68.300,0.44,15822.09998741746
12712,OK,79.900,0.44,16222.00000565499
12713,OK,44.900,0.44,15771.80001186207
12714,OK,51.000,0.44,16066.899988800287
12715,OK,60.500,0.44,15575.499972328544
12716,OK,71.400,0.44,15885.399945545942
12717,OK,59.400,0.44,16294.500033836812
12718,OK,66.500,0.44,15937.59999377653
12719,OK,86.800,0.44,15392.099972814322
12720,OK,99.300,0.44,16187.600034754723
12721,OK,81.600,0.44,15496.00000726059
12722,OK,75.500,0.44,15853.799995966256
12723,OK,69.800,0.44,15870.600007474422
12724,OK,115.900,0.44,15721.999981906265
12725,OK,52.700,0.44,15960.699995048344
12726,OK,45.700,0.44,15930.800000205636
12727,OK,49.700,0.44,15922.999999020249
12728,OK,49.300,0.44,15947.400010190904
12729,OK,53.500,0.44,15933.900023810565
12730,OK,54.900,0.44,15926.600026432425
12731,OK,70.600,0.44,15857.80002642423
12732,OK,62.900,0.44,15862.10000095889
12733,OK,50.200,0.44,15960.399992763996
12734,OK,63.000,0.44,15889.299975242466
12735,OK,54.700,0.44,15927.30003176257
12736,OK,58.800,0.44,15886.300010606647
12737,OK,55.200,0.44,15903.60002592206
12738,OK,54.900,0.44,15923.900005873293
12739,OK,59.000,0.44,15969.500003848225
12740,OK,55.000,0.44,15822.599991224706
12741,OK,66.800,0.44,15907.400054857135
12742,OK,44.600,0.44,15966.399980243295
12743,OK,59.600,0.44,15915.600000880659
12744,OK,56.800,0.44,15906.899992842227
12745,OK,50.400,0.44,15924.000006634742
12746,OK,67.200,0.44,15892.399998847395
12747,OK,68.700,0.44,15929.499990306795
12748,OK,60.200,0.44,15896.599972620606
12749,OK,53.300,0.44,15907.399996649474
12750,OK,54.100,0.44,15917.500015348196
12751,OK,58.200,0.44,15890.999988187104
12752,OK,48.400,0.44,15891.399991232902
12753,OK,79.000,0.44,15913.500043097883
12754,OK,52.100,0.44,15870.200004428625
12755,OK,52.900,0.44,15899.699996225536
12756,OK,66.600,0.44,15900.200000032783
12757,OK,46.900,0.44,15996.299975086004
12758,OK,99.100,0.44,15761.999995447695
12759,OK,60.800,0.44,15952.199988532811
12760,OK,66.300,0.44,15856.199956033379
12761,OK,158.200,0.44,15870.600007474422
12762,OK,51.400,0.44,15905.09997913614
12763,OK,63.500,0.44,15911.300026345998
12764,OK,133.100,0.44,15795.200015418231
12765,OK,50.700,0.44,15924.799954518676
12766,OK,57.100,0.44,15818.099956959486
12767,OK,44.900,0.44,16009.799961466342
12768,OK,42.800,0.44,15924.600011203438
12769,OK,43.300,0.44,15910.800022538751
12770,OK,70.300,0.44,15876.89999723807
12771,OK,59.100,0.44,15908.200002741069
12772,OK,47.700,0.44,15987.000020686537
12773,OK,62.600,0.44,15867.99998767674
12774,OK,72.400,0.44,15855.800011195242
12775,OK,55.100,0.44,16011.90003566444
12776,OK,54.700,0.44,15870.100003667176
12777,OK,52.700,0.44,15929.999994114041
12778,OK,55.100,0.44,15830.599993932992
12779,OK,51.300,0.44,15982.899989467114
12780,OK,50.400,0.44,15932.599955704063
12781,OK,58.700,0.44,15844.600042328238
12782,OK,81.200,0.44,15865.20002456382
12783,OK,48.700,0.44,15888.000023551285
12784,OK,51.700,0.44,15936.899988446385
12785,OK,48.800,0.44,15962.80001103878
12786,OK,45.200,0.44,15897.200035396963
12787,OK,56.800,0.44,15965.099970344454
12788,OK,77.800,0.44,15923.500002827495
12789,OK,61.500,0.44,15818.299958482385
12790,OK,57.700,0.44,15979.199961293489
12791,OK,59.800,0.44,15812.800033017993
12792,OK,79.100,0.44,15936.500043608248
12793,OK,59.500,0.44,15893.10000417754
12794,OK,61.300,0.44,15914.799994789064
12795,OK,60.300,0.44,15881.800034549087
12796,OK,56.900,0.44,15927.699976600707
12797,OK,61.400,0.44,15823.5999988392
12798,OK,69.500,0.44,15924.900013487786
12799,OK,47.900,0.44,15934.60002914071
12800,OK,50.700,0.44,15869.199996814132
12801,OK,57.900,0.44,15798.900043591857
12802,OK,65.000,0.44,15928.299981169403
12803,OK,49.800,0.44,15931.70000705868
12804,OK,67.600,0.44,15881.19997177273
12805,OK,54.700,0.44,15908.10000197962
12806,OK,53.200,0.44,15868.899994529784
12807,OK,51.900,0.44,15926.399966701865
12808,OK,51.900,0.44,15971.200016792864
12809,OK,57.600,0.44,15861.699997913092
12810,OK,53.500,0.44,15863.900014664978
12811,OK,53.100,0.44,15924.399951472878
12812,OK,53.600,0.44,15903.50002516061
12813,OK,55.100,0.44,15995.700028724968
12814,OK,62.400,0.44,15924.500010441989
12815,OK,60.200,0.44,15792.699996381998
12816,OK,66.100,0.44,15919.300029054284
12817,OK,84.700,0.44,15843.699977267534
12818,OK,58.200,0.44,15891.7999942787
12819,OK,56.200,0.44,15936.600044369698
12820,OK,65.500,0.44,15886.800014413893
12821,OK,60.100,0.44,15920.799982268363
12822,OK,61.200,0.44,15892.600000370294
12823,OK,62.800,0.44,15891.299990471452
12824,OK,73.900,0.44,15815.799997653812
12825,OK,48.700,0.44,15910.99996585399
12826,OK,40.700,0.44,15918.900026008487
12827,OK,143.000,0.44,15975.599992088974
12828,OK,63.500,0.44,15690.699976403266
12829,OK,48.700,0.44,15913.399984128773
12830,OK,61.500,0.44,15882.000036071986
12831,OK,60.900,0.44,15920.999983791262
12832,OK,49.100,0.44,15893.900010269135
12833,OK,46.100,0.44,15959.7999881953
12834,OK,48.400,0.44,15925.500018056482
12835,OK,49.100,0.44,15928.299981169403
12836,OK,64.400,0.44,15829.699987079948
12837,OK,49.000,0.44,15985.100006219
12838,OK,51.000,0.44,15920.699981506914
12839,OK,58.000,0.44,15898.200043011457
12840,OK,49.900,0.44,15904.000028967857
12841,OK,47.700,0.44,15948.399959597737
12842,OK,52.300,0.44,15894.80001712218
12843,OK,39.200,0.44,15936.899988446385
12844,OK,35.900,0.44,15951.799985487014
12845,OK,58.900,0.44,15918.599965516478
12846,OK,42.000,0.44,15929.400047753006
12847,OK,43.500,0.44,15952.799993101507
12848,OK,49.700,0.44,15885.200002230704
12849,OK,42.700,0.44,15917.900018393993
12850,OK,53.100,0.44,15903.199964668602
12851,OK,43.500,0.44,15976.09999589622
12852,OK,57.600,0.44,15864.99996483326
12853,OK,48.500,0.44,15931.100002489984
12854,OK,46.700,0.44,15952.599991578609
12855,OK,140.100,0.44,15764.699957799166
12856,OK,54.400,0.44,15910.700021777302
12857,OK,73.900,0.44,15917.400014586747
12858,OK,62.300,0.44,15899.899997748435
12859,OK,60.100,0.44,15916.100004687905
12860,OK,65.300,0.44,15920.100035145879
12861,OK,61.500,0.44,15890.09998133406
12862,OK,60.900,0.44,15901.700011454523
12863,OK,51.400,0.44,16004.999983124435
12864,OK,125.400,0.44,15715.599991381168
12865,OK,64.300,0.44,15868.399990722537
12866,OK,130.900,0.44,15889.199974481016
12867,OK,58.400,0.44,15910.000016447157
12868,OK,68.500,0.44,15910.300018731505
12869,OK,56.100,0.44,15890.700044110417
12870,OK,60.500,0.44,15890.09998133406
12871,OK,50.100,0.44,15948.900021612644
12872,OK,56.000,0.44,15895.300020929426
12873,OK,58.600,0.44,15883.399988524616
12874,OK,116.400,0.44,15737.000037916005
12875,OK,51.500,0.44,15918.799967039376
12876,OK,42.400,0.44,15932.400012388825
12877,OK,44.000,0.44,15964.600024744868
12878,OK,65.100,0.44,15861.099993344396
12879,OK,62.000,0.44,15856.700018048286
12880,OK,66.200,0.44,15977.800008840859
12881,OK,60.700,0.44,15905.199979897588
12882,OK,97.400,0.44,15865.600027609617
12883,OK,75.600,0.44,15824.100002646446
12884,OK,154.400,0.44,15776.400046888739
12885,OK,97.000,0.44,15868.899994529784
12886,OK,80.500,0.44,15878.100006375462
12887,OK,77.100,0.44,15847.700007725507
12888,OK,81.400,0.44,15889.000031165779
12889,OK,90.300,0.44,15848.400013055652
12890,OK,93.700,0.44,15858.199971262366
12891,OK,85.000,0.44,15871.10001128167
12892,OK,84.000,0.44,15850.799973122776
12893,OK,85.200,0.44,15860.799991060048
12894,OK,82.400,0.44,15880.700026173145
12895,OK,83.000,0.44,15877.400001045316
12896,OK,94.000,0.44,15850.500029046088
12897,OK,93.200,0.44,15862.700005527586
12898,OK,97.900,0.44,15849.099960178137
12899,OK,83.100,0.44,15853.800054173917
12900,OK,84.100,0.44,15882.199979387224
12901,OK,87.200,0.44,15712.900029029697
12902,OK,55.100,0.44,15938.500000629574
12903,OK,83.400,0.44,15864.600019995123
12904,OK,71.900,0.44,15882.80004216358
12905,OK,105.100,0.44,15877.700003329664
12906,OK,164.200,0.44,15661.399986129254
12907,OK,82.400,0.44,15946.200001053512
12908,OK,76.500,0.44,15800.900000613183
12909,OK,52.200,0.44,15912.200033199042
12910,OK,45.300,0.44,15954.200003761798
12911,OK,72.800,0.44,15916.500007733703
12912,OK,109.300,0.44,15927.20003100112
12913,OK,61.100,0.44,15851.59997921437
12914,OK,58.700,0.44,15971.600019838661
12915,OK,100.800,0.44,15728.899976238608
12916,OK,59.100,0.44,15835.699974559247
12917,OK,99.300,0.44,15865.099965594709
12918,OK,59.400,0.44,15870.600007474422
12919,OK,76.800,0.44,15956.89996611327
12920,OK,138.400,0.44,15706.400037743151
12921,OK,50.800,0.44,15911.400027107447
12922,OK,45.000,0.44,15952.899993862957
12923,OK,40.700,0.44,15873.79997363314
12924,OK,51.800,0.44,15922.300051897764
12925,OK,52.400,0.44,15962.79995283112
12926,OK,51.000,0.44,15855.900011956692
12927,OK,54.200,0.44,15892.299998085946
12928,OK,43.600,0.44,15944.799990393221
12929,OK,72.800,0.44,15870.600007474422
12930,OK,47.200,0.44,15891.399991232902
12931,OK,44.800,0.44,15953.399997670203
12932,OK,48.600,0.44,16253.700014203787
12933,OK,46.000,0.44,15916.000003926456
12934,OK,63.300,0.44,15830.99999697879
12935,OK,61.700,0.44,16038.40000461787
12936,OK,98.500,0.44,15476.69997671619
12937,OK,65.000,0.44,15877.300000283867
12938,OK,48.100,0.44,16162.300016731024
12939,OK,48.300,0.44,15924.100007396191
12940,OK,57.100,0.44,15733.600012026727
12941,OK,73.200,0.44,15888.300025835633
12942,OK,84.600,0.44,16193.200019188225
12943,OK,135.400,0.44,15808.69994359091
12944,OK,116.500,0.44,16071.700025349855
12945,OK,124.700,0.44,15629.29997453466
12946,OK,122.600,0.44,16018.199967220426
12947,OK,140.200,0.44,15327.400004025549
12948,OK,135.200,0.44,15798.900043591857
12949,OK,128.900,0.44,15622.299979440868
12950,OK,156.900,0.44,15749.200014397502
12951,OK,101.600,0.44,15916.79995181039
12952,OK,76.800,0.44,15738.699992652982
12953,OK,83.400,0.44,15839.80000577867
12954,OK,70.000,0.44,15854.500001296401
12955,OK,42.700,0.44,16024.200012907386
12956,OK,48.400,0.44,15925.69996137172
12957,OK,57.500,0.44,15891.100047156215
12958,OK,65.100,0.44,15947.300009429455
12959,OK,53.700,0.44,15872.899966780096
12960,OK,53.100,0.44,15968.69999775663
12961,OK,54.700,0.44,15867.199981585145
12962,OK,49.300,0.44,15925.100015010685
12963,OK,46.200,0.44,15948.0000147596
12964,OK,54.000,0.44,15924.700011964887
12965,OK,65.100,0.44,15890.09998133406
12966,OK,77.900,0.44,15935.799980070442
12967,OK,61.000,0.44,15881.600033026189
12968,OK,62.200,0.44,15879.399958066642
12969,OK,55.500,0.44,15911.1000248231
12970,OK,58.600,0.44,15909.29995290935
12971,OK,46.600,0.44,15935.99998159334
12972,OK,55.600,0.44,15885.8000067994
12973,OK,49.800,0.44,15950.499975588173
12974,OK,51.100,0.44,15902.400016784668
12975,OK,56.900,0.44,15900.900005362928
12976,OK,48.300,0.44,15949.899971019477
12977,OK,70.100,0.44,15894.49995663017
12978,OK,66.400,0.44,15903.49996695295
12979,OK,62.000,0.44,15909.3999536708
12980,OK,59.500,0.44,15874.299977440387
12981,OK,50.300,0.44,15932.700014673173
12982,OK,57.600,0.44,15869.800001382828
12983,OK,60.700,0.44,15910.400019492954
12984,OK,54.600,0.44,15878.900012467057
12985,OK,52.200,0.44,15950.400033034384
12986,OK,51.600,0.44,15884.19999461621
12987,OK,57.300,0.44,15896.899974904954
12988,OK,48.300,0.44,15896.400029305369
12989,OK,72.300,0.44,15904.100029729307
12990,OK,50.600,0.44,15927.800035569817
12991,OK,54.400,0.44,15892.000054009259
12992,OK,66.300,0.44,15852.400043513626
12993,OK,52.100,0.44,15990.100044291466
12994,OK,67.600,0.44,15899.299993179739
12995,OK,59.500,0.44,15904.800035059452
12996,OK,55.400,0.44,15877.199999522418
12997,OK,52.700,0.44,15992.600005120039
12998,OK,54.100,0.44,15912.699978798628
12999,OK,54.000,0.44,15863.70001314208
13000,OK,54.800,0.44,15889.099973719567
13001,OK,63.100,0.44,15871.200012043118
13002,OK,63.100,0.44,15926.899970509112
13003,OK,68.700,0.44,15883.699990808964
13004,OK,75.200,0.44,15819.899970665574
13005,OK,52.600,0.44,15930.29999639839
13006,OK,62.600,0.44,15917.700016871095
13007,OK,49.600,0.44,15873.89997439459
13008,OK,53.800,0.44,15876.399993430823
13009,OK,50.600,0.44,15953.099995385855
13010,OK,51.500,0.44,15845.399990212172
13011,OK,77.700,0.44,15895.699965767562
13012,OK,56.200,0.44,15910.800022538751
13013,OK,48.400,0.44,15872.599964495748
13014,OK,48.000,0.44,15976.19999665767
13015,OK,46.300,0.44,15930.900000967085
13016,OK,46.500,0.44,15911.999973468482
13017,OK,88.300,0.44,15920.399979222566
13018,OK,70.300,0.44,15891.399991232902
13019,OK,69.400,0.44,15861.599997151643
13020,OK,73.900,0.44,15933.800023049116
13021,OK,60.900,0.44,15852.499986067414
13022,OK,52.400,0.44,15856.700018048286
13023,OK,53.700,0.44,15917.400014586747
13024,OK,52.600,0.44,15966.699982527643
13025,OK,59.200,0.44,15878.399950452149
13026,OK,56.900,0.44,15896.899974904954
13027,OK,58.400,0.44,15826.400020159781
13028,OK,49.100,0.44,15974.70004344359
13029,OK,73.300,0.44,15870.200004428625
13030,OK,48.400,0.44,15897.299977950752
13031,OK,52.400,0.44,15930.599998682737
13032,OK,50.600,0.44,15971.999964676797
13033,OK,72.400,0.44,15852.699987590313
13034,OK,89.100,0.44,15852.799988351762
13035,OK,69.600,0.44,15888.399968389422
13036,OK,80.300,0.44,15891.80005248636
13037,OK,68.000,0.44,15980.099968146533
13038,OK,47.900,0.44,15884.599997662008
13039,OK,51.600,0.44,15948.10001552105
13040,OK,52.400,0.44,15876.699995715171
13041,OK,48.400,0.44,15959.299984388053
13042,OK,49.800,0.44,15885.90000756085
13043,OK,53.000,0.44,15893.600007984787
13044,OK,48.000,0.44,15934.6999716945
13045,OK,55.800,0.44,15952.49999081716
13046,OK,67.500,0.44,15888.80002964288
13047,OK,78.300,0.44,15899.399993941188
13048,OK,80.800,0.44,15888.80002964288
13049,OK,68.300,0.44,15819.599968381226
13050,OK,60.000,0.44,15922.399994451553
13051,OK,65.900,0.44,15824.000001884997
13052,OK,94.200,0.44,15873.699972871691
13053,OK,88.700,0.44,15916.200005449355
13054,OK,124.300,0.44,15823.3999973163
13055,OK,63.100,0.44,15904.300031252205
13056,OK,65.400,0.44,15817.300009075552
13057,OK,79.700,0.44,15865.20002456382
13058,OK,50.300,0.44,15909.800014924258
13059,OK,63.500,0.44,15924.399951472878
13060,OK,58.200,0.44,15877.799945883453
13061,OK,43.600,0.44,15978.600014932454
13062,OK,60.400,0.44,15889.599977526814
13063,OK,65.100,0.44,15927.600034046918
13064,OK,43.900,0.44,15980.500029399991
13065,OK,65.300,0.44,15828.499977942556
13066,OK,47.000,0.44,15917.900018393993
13067,OK,67.500,0.44,15915.600000880659
13068,OK,70.200,0.44,15830.500051379204
13069,OK,58.100,0.44,15897.69998099655
13070,OK,84.800,0.44,15834.399964660406
13071,OK,73.100,0.44,15926.400024909526
13072,OK,57.300,0.44,15907.499997410923
13073,OK,54.400,0.44,15929.199988022447
13074,OK,76.100,0.44,15876.300050877035
13075,OK,61.700,0.44,15943.59998125583
13076,OK,64.600,0.44,15860.799991060048
13077,OK,47.700,0.44,15922.999999020249
13078,OK,58.000,0.44,15914.199990220368
13079,OK,81.500,0.44,15835.200028959662
13080,OK,61.000,0.44,15931.70000705868
13081,OK,63.400,0.44,15866.499976255
13082,OK,76.900,0.44,15928.6999842152
13083,OK,55.600,0.44,15915.29999859631
13084,OK,59.200,0.44,15943.39997973293
13085,OK,56.900,0.44,15897.000033874065
13086,OK,65.600,0.44,15846.099995542318
13087,OK,54.100,0.44,15910.599962808192
13088,OK,50.600,0.44,15914.899995550513
13089,OK,131.100,0.44,15851.69997997582
13090,OK,53.800,0.44,15914.800052996725
13091,OK,53.300,0.44,15909.800014924258
13092,OK,54.200,0.44,15905.09997913614
13093,OK,55.700,0.44,15879.899961873889
13094,OK,63.100,0.44,15958.50003650412
13095,OK,62.000,0.44,15859.09997811541
13096,OK,49.200,0.44,15934.900031425059
13097,OK,52.300,0.44,15927.499975077808
13098,OK,72.700,0.44,15833.000012207776
13099,OK,55.900,0.44,15896.30002854392
13100,OK,42.800,0.44,15944.89999115467
13101,OK,56.800,0.44,15797.500032931566
13102,OK,66.800,0.44,15967.899991665035
13103,OK,59.400,0.44,15865.399967879057
13104,OK,58.500,0.44,15924.900013487786
13105,OK,67.400,0.44,15855.100005865097
13106,OK,57.600,0.44,15957.00002508238
13107,OK,115.400,0.44,15800.799999851733
13108,OK,63.100,0.44,15886.600012890995
13109,OK,56.400,0.44,15847.800008486956
13110,OK,95.000,0.44,15907.699998933822
13111,OK,59.800,0.44,15889.699978288263
13112,OK,59.100,0.44,15906.999993603677
13113,OK,54.700,0.44,15847.20000391826
13114,OK,55.800,0.44,15948.400017805398
13115,OK,60.300,0.44,15874.899982009083
13116,OK,91.700,0.44,15893.500007223338
13117,OK,97.000,0.44,15533.19999948144
13118,OK,77.900,0.44,15931.900008581579
13119,OK,87.500,0.44,15845.599991735071
13120,OK,86.300,0.44,15856.600017286837
13121,OK,90.900,0.44,15833.000012207776
13122,OK,84.800,0.44,15893.600007984787
13123,OK,81.600,0.44,15875.000040978193
13124,OK,101.900,0.44,15853.599994443357
13125,OK,82.600,0.44,15854.099998250604
13126,OK,84.500,0.44,15887.600020505488
13127,OK,65.200,0.44,15878.599951975048
13128,OK,73.700,0.44,15852.599986828864
13129,OK,96.300,0.44,15855.300007387996
13130,OK,79.500,0.44,15893.09994596988
13131,OK,85.500,0.44,15853.500051889569
13132,OK,85.100,0.44,15892.399998847395
13133,OK,78.900,0.44,15824.600006453693
13134,OK,60.600,0.44,15907.799999695271
13135,OK,79.600,0.44,15868.699993006885
13136,OK,103.200,0.44,15870.400005951524
13137,OK,85.700,0.44,15855.700010433793
13138,OK,82.600,0.44,15877.500001806766
13139,OK,116.100,0.44,15821.399982087314
13140,OK,125.600,0.44,15789.799974299967
13141,OK,118.900,0.44,15867.800044361502
13142,OK,125.300,0.44,15724.800003226846
13143,OK,92.500,0.44,15849.000017624348
13144,OK,64.800,0.44,15843.00003014505
13145,OK,41.900,0.44,15958.100033458322
13146,OK,64.400,0.44,15883.399988524616
13147,OK,70.000,0.44,15944.099985063076
13148,OK,62.400,0.44,15951.200039125979
13149,OK,60.700,0.44,15899.899997748435
13150,OK,59.500,0.44,15889.100031927228
13151,OK,54.500,0.44,15931.500005535781
13152,OK,59.800,0.44,15905.899985227734
13153,OK,62.300,0.44,15893.500007223338
13154,OK,56.700,0.44,15887.399960774928
13155,OK,59.300,0.44,15881.200029980391
13156,OK,43.900,0.44,15910.100017208606
13157,OK,41.700,0.44,15965.7999756746
13158,OK,74.800,0.44,15899.3000513874
13159,OK,75.700,0.44,15899.499994702637
13160,OK,54.100,0.44,15921.999991405755
13161,OK,55.500,0.44,15861.499996390194
13162,OK,48.500,0.44,15992.300002835691
13163,OK,78.200,0.44,15794.900013133883
13164,OK,66.000,0.44,15872.200019657612
13165,OK,42.900,0.44,15976.399998180568
13166,OK,45.800,0.44,16177.100013010204
13167,OK,48.000,0.44,15993.800014257431
13168,OK,59.200,0.44,16041.099966969341
13169,OK,55.400,0.44,15465.500007849187
13170,OK,81.000,0.44,16296.899993903935
13171,OK,53.300,0.44,15545.0000311248
13172,OK,55.200,0.44,15824.200003407896
13173,OK,46.800,0.44,15905.699983704835
13174,OK,51.500,0.44,16469.69997091219
13175,OK,63.600,0.44,15888.90003040433
13176,OK,66.500,0.44,15600.400045514107
13177,OK,69.900,0.44,15986.700018402189
13178,OK,64.700,0.44,15601.19999339804
13179,OK,62.400,0.44,16011.600033380091
13180,OK,72.300,0.44,15991.399995982647
13181,OK,60.800,0.44,16002.400021534413
13182,OK,64.100,0.44,15722.499985713512
13183,OK,82.400,0.44,15697.400027420372
13184,OK,85.300,0.44,15957.300027366728
13185,OK,121.700,0.44,15681.30002124235
13186,OK,54.400,0.44,15913.99998869747
13187,OK,60.400,0.44,15836.199978366494
13188,OK,54.000,0.44,15977.300005033612
13189,OK,54.800,0.44,15925.200015772134
13190,OK,57.700,0.44,15963.300014846027
13191,OK,59.500,0.44,15856.199956033379
13192,OK,48.900,0.44,15958.499978296459
13193,OK,48.900,0.44,15880.999970249832
13194,OK,49.100,0.44,15915.39999935776
13195,OK,74.000,0.44,15889.899979811162
13196,OK,57.200,0.44,15907.399996649474
13197,OK,56.200,0.44,15957.899973727763
13198,OK,55.900,0.44,15865.799970924854
13199,OK,122.500,0.44,15864.700020756572
13200,OK,60.900,0.44,15934.300026856363
13201,OK,68.700,0.44,15778.500004671514
13202,OK,63.600,0.44,15822.400047909468
13203,OK,60.100,0.44,15895.000018645078
13204,OK,76.700,0.44,15890.799986664206
13205,OK,56.700,0.44,15922.599995974451
13206,OK,61.200,0.44,15878.40000865981
13207,OK,47.900,0.44,15951.800043694675
13208,OK,57.200,0.44,15892.900002654642
13209,OK,50.700,0.44,15922.599995974451
13210,OK,49.900,0.44,15932.400012388825
13211,OK,71.900,0.44,15895.400021690875
13212,OK,53.600,0.44,15895.799966529012
13213,OK,60.400,0.44,15876.199991907924
13214,OK,45.100,0.44,15937.299991492182
13215,OK,47.700,0.44,15891.5999927558
13216,OK,57.000,0.44,15868.099988438189
13217,OK,69.900,0.44,15937.000047415495
13218,OK,50.400,0.44,15858.400030992925
13219,OK,49.600,0.44,15952.49999081716
13220,OK,49.100,0.44,15915.50000011921
13221,OK,59.700,0.44,15933.800023049116
13222,OK,58.600,0.44,15844.700043089688
13223,OK,71.200,0.44,15955.000009853393
13224,OK,57.500,0.44,15921.699989121407
13225,OK,72.900,0.44,15888.300025835633
13226,OK,56.200,0.44,15883.399988524616
13227,OK,56.700,0.44,15912.50003548339
13228,OK,53.200,0.44,15905.699983704835
13229,OK,48.400,0.44,15976.700000464916
13230,OK,42.500,0.44,15839.90000654012
13231,OK,114.800,0.44,15886.800014413893
13232,OK,56.600,0.44,15856.400015763938
13233,OK,58.500,0.44,15905.09997913614
13234,OK,48.300,0.44,15924.100007396191
13235,OK,51.500,0.44,15895.700023975223
13236,OK,45.200,0.44,15922.599995974451
13237,OK,54.100,0.44,15920.899983029813
13238,OK,56.600,0.44,15958.599979057908
13239,OK,72.300,0.44,15893.10000417754
13240,OK,57.000,0.44,15841.800021007657
13241,OK,70.300,0.44,15880.899969488382
13242,OK,58.700,0.44,15958.899981342256
13243,OK,59.700,0.44,15865.500026848167
13244,OK,67.100,0.44,15906.799992080778
13245,OK,59.400,0.44,15887.09995849058
13246,OK,56.100,0.44,15894.500014837831
13247,OK,61.000,0.44,15886.100009083748
13248,OK,45.100,0.44,15890.499984379858
13249,OK,47.500,0.44,15953.599999193102
13250,OK,47.800,0.44,15931.70000705868
13251,OK,48.600,0.44,15951.699984725565
13252,OK,62.800,0.44,15868.899994529784
13253,OK,85.000,0.44,15914.299990981817
13254,OK,45.900,0.44,15925.70001957938
13255,OK,120.300,0.44,15779.700013808906
13256,OK,56.200,0.44,15921.30004428327
13257,OK,58.800,0.44,15943.799982778728
13258,OK,71.200,0.44,15780.800022184849
13259,OK,49.600,0.44,15944.100043270737
13260,OK,70.800,0.44,15940.400015097111
13261,OK,52.800,0.44,15925.70001957938
13262,OK,54.700,0.44,15876.700053922832
13263,OK,58.500,0.44,15950.89997863397
13264,OK,103.200,0.44,15828.500036150217
13265,OK,69.500,0.44,15873.200027272105
13266,OK,65.800,0.44,15886.100009083748
13267,OK,67.700,0.44,15919.600031338632
13268,OK,52.900,0.44,15871.300012804568
13269,OK,49.500,0.44,15878.200007136911
13270,OK,49.500,0.44,15953.099995385855
13271,OK,53.300,0.44,15955.100010614842
13272,OK,62.100,0.44,15845.899994019419
13273,OK,59.000,0.44,15944.89999115467
13274,OK,73.000,0.44,15846.499998588115
13275,OK,54.400,0.44,15927.899978123605
13276,OK,60.300,0.44,15914.599993266165
13277,OK,65.500,0.44,15816.300001461059
13278,OK,64.800,0.44,15954.600006807595
13279,OK,56.400,0.44,15914.10004766658
13280,OK,69.400,0.44,15892.700001131743
13281,OK,86.000,0.44,15860.799991060048
13282,OK,62.300,0.44,15885.500004515052
13283,OK,63.100,0.44,15996.199974324554
13284,OK,111.400,0.44,15673.6999633722
13285,OK,60.200,0.44,15878.800011705607
13286,OK,60.100,0.44,15928.999986499548
13287,OK,62.200,0.44,15889.699978288263
13288,OK,58.000,0.44,15894.200012553483
13289,OK,54.100,0.44,15882.79998395592
13290,OK,49.800,0.44,15892.800001893193
13291,OK,43.700,0.44,16025.999968405813
13292,OK,46.800,0.44,15937.69999453798
13293,OK,61.700,0.44,15873.999975156039
13294,OK,69.400,0.44,15951.999987009913
13295,OK,55.800,0.44,15905.900043435395
13296,OK,56.100,0.44,15805.499977432191
13297,OK,58.000,0.44,15964.499965775758
13298,OK,59.600,0.44,15935.399977024645
13299,OK,55.900,0.44,15859.799983445555
13300,OK,88.000,0.44,15886.500012129545
13301,OK,72.500,0.44,15781.800029799342
13302,OK,52.000,0.44,15921.099984552711
13303,OK,62.400,0.44,15851.59997921437
13304,OK,71.400,0.44,15889.900038018823
13305,OK,55.000,0.44,15913.399984128773
13306,OK,79.100,0.44,15891.899995040148
13307,OK,53.900,0.44,15919.200028292835
13308,OK,67.400,0.44,15863.50001161918
13309,OK,69.100,0.44,15927.899978123605
13310,OK,64.900,0.44,15856.999962124974
13311,OK,50.500,0.44,15937.59999377653
13312,OK,49.000,0.44,15905.400039628148
13313,OK,71.200,0.44,15861.099993344396
13314,OK,60.400,0.44,15899.999998509884
13315,OK,59.200,0.44,16021.599993109703
13316,OK,62.000,0.44,15795.900020748377
13317,OK,60.400,0.44,15888.799971435219
13318,OK,69.400,0.44,15786.60000814125
13319,OK,52.900,0.44,15944.199985824525
13320,OK,79.700,0.44,15852.999989874661
13321,OK,64.700,0.44,15920.799982268363
13322,OK,56.500,0.44,15947.500010952353
13323,OK,97.200,0.44,15879.300015512854
13324,OK,108.200,0.44,15745.499986223876
13325,OK,60.800,0.44,15872.599964495748
13326,OK,63.600,0.44,15893.000003416091
13327,OK,59.400,0.44,15913.000039290637
13328,OK,60.200,0.44,15917.900018393993
13329,OK,56.200,0.44,15870.800008997321
13330,OK,50.900,0.44,15926.699968986213
13331,OK,52.200,0.44,15932.500013150275
13332,OK,135.300,0.44,15831.700002308935
13333,OK,71.500,0.44,15865.300025325269
13334,OK,52.900,0.44,15932.000009343028
13335,OK,56.500,0.44,15938.500000629574
13336,OK,55.700,0.44,15829.699987079948
13337,OK,61.500,0.44,15994.199959095567
13338,OK,53.600,0.44,15899.699996225536
13339,OK,50.600,0.44,15907.90000045672
13340,OK,54.600,0.44,15908.300003502518
13341,OK,116.000,0.44,15828.700037673116
13342,OK,57.800,0.44,15903.3999661915
13343,OK,58.500,0.44,15907.099994365126
13344,OK,58.300,0.44,15909.300011117011
13345,OK,58.800,0.44,15903.800027444959
13346,OK,79.400,0.44,15872.300020419061
13347,OK,68.100,0.44,15822.499990463257
13348,OK,96.600,0.44,15867.600042838603
13349,OK,76.100,0.44,15869.299997575581
13350,OK,97.200,0.44,15845.899994019419
13351,OK,79.200,0.44,15877.900004852563
13352,OK,101.700,0.44,15858.100028708577
13353,OK,79.900,0.44,15892.700001131743
13354,OK,82.600,0.44,15867.399983108044
13355,OK,78.500,0.44,15915.50000011921
13356,OK,67.100,0.44,15826.800023205578
13357,OK,77.300,0.44,15885.000000707805
13358,OK,80.700,0.44,15915.29999859631
13359,OK,67.100,0.44,15858.899976592511
13360,OK,83.900,0.44,15859.799983445555
13361,OK,88.000,0.44,15869.39999833703
13362,OK,94.500,0.44,15846.399997826666
13363,OK,78.800,0.44,15884.899999946356
13364,OK,88.100,0.44,15858.99997735396
13365,OK,82.500,0.44,15876.89999723807
13366,OK,84.100,0.44,15845.899994019419
13367,OK,66.000,0.44,15870.100003667176
13368,OK,81.000,0.44,15926.800027955323
13369,OK,78.300,0.44,15845.400048419833
13370,OK,88.600,0.44,15879.500017035753
13371,OK,64.900,0.44,15854.800003580749
13372,OK,47.300,0.44,15937.199990730733
13373,OK,85.200,0.44,15885.300002992153
13374,OK,123.900,0.44,15796.500025317073
13375,OK,119.000,0.44,15866.599977016449
13376,OK,102.300,0.44,15925.899962894619
13377,OK,175.700,0.44,15593.99999678135
13378,OK,62.800,0.44,15902.10001450032
13379,OK,63.600,0.44,15827.400027774274
13380,OK,54.800,0.44,15899.09999165684
13381,OK,45.400,0.44,15968.69999775663
13382,OK,49.600,0.44,15973.999979905784
13383,OK,50.100,0.44,15933.500020764768
13384,OK,63.100,0.44,15886.500012129545
13385,OK,65.500,0.44,15924.000006634742
13386,OK,56.400,0.44,15895.900025498122
13387,OK,71.000,0.44,15885.8000067994
13388,OK,71.300,0.44,15890.20004030317
13389,OK,75.100,0.44,15867.399983108044
13390,OK,122.900,0.44,15738.499991130084
13391,OK,51.600,0.44,15916.700009256601
13392,OK,56.200,0.44,15900.200000032783
13393,OK,55.900,0.44,15892.199997324497
13394,OK,60.000,0.44,15930.499997921288
13395,OK,56.700,0.44,15968.099993187934
13396,OK,53.600,0.44,15855.700010433793
13397,OK,145.000,0.44,15795.899962540716
13398,OK,61.500,0.44,15851.80003894493
13399,OK,57.100,0.44,15891.399991232902
13400,OK,58.900,0.44,15866.400033701211
13401,OK,47.500,0.44,16078.499960713089
13402,OK,250.300,0.44,15497.999964281917
13403,OK,114.800,0.44,15898.499987088144
13404,OK,41.400,0.44,15857.500024139881
13405,OK,60.100,0.44,16177.200013771653
13406,OK,69.400,0.44,15655.700000934303
13407,OK,50.500,0.44,16105.999995488673
13408,OK,59.800,0.44,16189.899994060397
13409,OK,62.000,0.44,15384.099970106035
13410,OK,66.000,0.44,16064.400027971715
13411,OK,102.900,0.44,15803.299960680306
13412,OK,94.400,0.44,15802.199952304363
13413,OK,95.500,0.44,16177.799960132688
13414,OK,113.500,0.44,15613.30002732575
13415,OK,66.700,0.44,16032.599960453808
13416,OK,66.100,0.44,15705.499972682446
13417,OK,64.000,0.44,16314.00000769645
13418,OK,80.500,0.44,15514.499973505735
13419,OK,91.600,0.44,16153.300006408244
13420,OK,120.300,0.44,15512.100013438612
13421,OK,124.300,0.44,15733.600012026727
13422,OK,86.200,0.44,15719.100018031895
13423,OK,57.300,0.44,15947.600011713803
13424,OK,53.700,0.44,16004.29997779429
13425,OK,47.400,0.44,15891.5999927558
13426,OK,135.800,0.44,15699.199982918799
13427,OK,79.200,0.44,15824.800007976592
13428,OK,53.200,0.44,15923.800005111843
13429,OK,63.200,0.44,15893.899952061474
13430,OK,48.700,0.44,15912.699978798628
13431,OK,90.300,0.44,15861.699997913092
13432,OK,67.100,0.44,15898.99999089539
13433,OK,85.500,0.44,15895.800024736673
13434,OK,53.100,0.44,15885.8000067994
13435,OK,53.800,0.44,15951.200039125979
13436,OK,52.100,0.44,15916.700009256601
13437,OK,53.200,0.44,15939.899953082204
13438,OK,67.900,0.44,15895.400021690875
13439,OK,67.800,0.44,15914.499992504716
13440,OK,60.200,0.44,15857.400023378432
13441,OK,76.900,0.44,15887.700021266937
13442,OK,78.700,0.44,15820.59997599572
13443,OK,42.200,0.44,15943.699982017279
13444,OK,35.600,0.44,15929.300046991557
13445,OK,55.100,0.44,15875.899989623576
13446,OK,31.000,0.44,15967.40004606545
13447,OK,42.200,0.44,15938.199998345226
13448,OK,44.000,0.44,15915.50000011921
13449,OK,44.900,0.44,15888.200025074184
13450,OK,45.200,0.44,15949.800028465688
13451,OK,41.200,0.44,15945.20005164668
13452,OK,52.400,0.44,15902.300016023219
13453,OK,47.800,0.44,15917.199954856187
13454,OK,48.500,0.44,15973.20003202185
13455,OK,43.800,0.44,15938.099997583777
13456,OK,46.300,0.44,15876.099991146475
13457,OK,46.000,0.44,15925.79996213317
13458,OK,45.900,0.44,15926.600026432425
13459,OK,48.300,0.44,15935.099974740297
13460,OK,63.400,0.44,15924.000006634742
13461,OK,47.800,0.44,15857.80002642423
13462,OK,45.600,0.44,15971.500019077212
13463,OK,49.700,0.44,15964.900027029216
13464,OK,51.400,0.44,15852.300042752177
13465,OK,53.900,0.44,15922.500053420663
13466,OK,52.100,0.44,15882.599982433021
13467,OK,37.600,0.44,15959.69998743385
13468,OK,53.100,0.44,15949.50002618134
13469,OK,49.200,0.44,15921.999991405755
13470,OK,74.100,0.44,15893.599949777126
13471,OK,73.000,0.44,15881.700033787638
13472,OK,67.900,0.44,15907.500055618584
13473,OK,61.600,0.44,15974.999987520278
13474,OK,58.400,0.44,15883.299987763166
13475,OK,51.200,0.44,15840.400010347366
13476,OK,47.600,0.44,15868.399990722537
13477,OK,52.500,0.44,15978.700015693903
13478,OK,56.600,0.44,15868.699993006885
13479,OK,57.000,0.44,15947.800013236701
13480,OK,68.600,0.44,15885.100001469254
13481,OK,73.800,0.44,15874.999982770532
13482,OK,51.500,0.44,15929.799992591143
13483,OK,56.600,0.44,15897.5999802351
13484,OK,100.000,0.44,15865.499968640506
13485,OK,97.100,0.44,15831.099997740239
13486,OK,64.100,0.44,15888.299967627972
13487,OK,85.300,0.44,15971.900022123009
13488,OK,54.800,0.44,15835.40003048256
13489,OK,73.300,0.44,15947.89995579049
13490,OK,61.400,0.44,15856.300015002489
13491,OK,61.800,0.44,15897.400036919862
13492,OK,61.700,0.44,15902.20001526177
13493,OK,63.300,0.44,15914.799994789064
13494,OK,53.600,0.44,15862.600004766136
13495,OK,50.300,0.44,15950.199973303825
13496,OK,55.800,0.44,15874.900040216744
13497,OK,45.400,0.44,15968.499996233732
13498,OK,57.100,0.44,15925.79996213317
13499,OK,70.200,0.44,15889.299975242466
13500,OK,57.200,0.44,15853.599994443357
13501,OK,67.200,0.44,15819.299966096878
13502,OK,72.300,0.44,15872.899966780096
13503,OK,84.100,0.44,15862.10000095889
13504,OK,61.400,0.44,15907.299995888025
13505,OK,55.400,0.44,15893.400006461889
13506,OK,55.200,0.44,15925.899962894619
13507,OK,58.900,0.44,15870.300005190074
13508,OK,56.800,0.44,15912.200033199042
13509,OK,54.500,0.44,15960.499993525445
13510,OK,62.800,0.44,15908.00000121817
13511,OK,71.300,0.44,15897.799981757998
13512,OK,75.500,0.44,15911.800030153245
13513,OK,64.400,0.44,15889.999980572611
13514,OK,64.200,0.44,15886.500012129545
13515,OK,49.800,0.44,15929.899993352592
13516,OK,64.800,0.44,15891.500050202012
13517,OK,56.900,0.44,15880.100021604449
13518,OK,51.400,0.44,15902.20001526177
13519,OK,90.700,0.44,15711.900021415204
13520,OK,59.000,0.44,15912.599978037179
13521,OK,68.400,0.44,15848.80001610145
13522,OK,57.000,0.44,15914.699994027615
13523,OK,65.400,0.44,15876.299992669374
13524,OK,147.100,0.44,15753.000043332577
13525,OK,80.000,0.44,15972.399967722595
13526,OK,63.600,0.44,15871.399955358356
13527,OK,58.800,0.44,15837.399987503886
13528,OK,78.000,0.44,15999.399998690933
13529,OK,62.000,0.44,15889.599977526814
13530,OK,58.800,0.44,15888.299967627972
13531,OK,54.400,0.44,15876.499994192272
13532,OK,54.300,0.44,15934.4999701716
13533,OK,70.300,0.44,15886.400011368096
13534,OK,54.000,0.44,15901.200007647276
13535,OK,53.400,0.44,15869.599999859929
13536,OK,80.700,0.44,15932.300011627376
13537,OK,93.100,0.44,15864.099957980216
13538,OK,66.500,0.44,15905.399981420487
13539,OK,68.600,0.44,15863.49995341152
13540,OK,66.800,0.44,15937.500051222742
13541,OK,52.200,0.44,15904.599975328892
13542,OK,55.700,0.44,15854.099998250604
13543,OK,35.100,0.44,15928.59998345375
13544,OK,42.800,0.44,15925.400017295033
13545,OK,40.000,0.44,15952.49999081716
13546,OK,37.000,0.44,15989.400038961321
13547,OK,47.500,0.44,15887.100016698241
13548,OK,64.200,0.44,15901.100006885827
13549,OK,52.400,0.44,15882.79998395592
13550,OK,42.900,0.44,15927.999978885055
13551,OK,44.000,0.44,16001.100011635572
13552,OK,47.500,0.44,15864.800021518022
13553,OK,63.000,0.44,15919.100027531385
13554,OK,121.200,0.44,15806.000039447099
13555,OK,70.200,0.44,15960.099990479648
13556,OK,57.400,0.44,15859.899984207004
13557,OK,62.500,0.44,15962.100005708635
13558,OK,64.500,0.44,15885.500004515052
13559,OK,63.000,0.44,15920.500038191676
13560,OK,73.300,0.44,15855.900011956692
13561,OK,52.100,0.44,15941.800025757402
13562,OK,58.500,0.44,15827.79997261241
13563,OK,110.200,0.44,15853.299992159009
13564,OK,59.400,0.44,15890.399983618408
13565,OK,54.000,0.44,15918.600023724139
13566,OK,46.700,0.44,15937.799995299429
13567,OK,63.800,0.44,15909.40001187846
13568,OK,54.300,0.44,15927.700034808367
13569,OK,51.300,0.44,15861.599997151643
13570,OK,75.100,0.44,15907.799999695271
13571,OK,54.700,0.44,15894.899959675968
13572,OK,110.300,0.44,15833.000012207776
13573,OK,62.900,0.44,15881.19997177273
13574,OK,46.100,0.44,15958.999982103705
13575,OK,56.800,0.44,15900.800004601479
13576,OK,59.800,0.44,15963.500016368926
13577,OK,64.700,0.44,15837.999992072582
13578,OK,52.500,0.44,15930.599998682737
13579,OK,82.400,0.44,15878.30000789836
13580,OK,92.200,0.44,15847.20000391826
13581,OK,98.500,0.44,15860.099985729903
13582,OK,80.500,0.44,15804.799972102046
13583,OK,84.900,0.44,15889.199974481016
13584,OK,70.800,0.44,15898.99999089539
13585,OK,75.300,0.44,15874.299977440387
13586,OK,76.000,0.44,15905.999985989183
13587,OK,62.500,0.44,15892.499999608845
13588,OK,82.600,0.44,15873.000025749207
13589,OK,80.400,0.44,15880.999970249832
13590,OK,80.800,0.44,15848.000010009855
13591,OK,83.900,0.44,15861.899999435991
13592,OK,65.600,0.44,15896.800032351166
13593,OK,79.800,0.44,15890.20004030317
13594,OK,79.700,0.44,15865.800029132515
13595,OK,85.000,0.44,15815.99999917671
13596,OK,78.100,0.44,15868.2000474073
13597,OK,94.500,0.44,15859.199978876859
13598,OK,92.800,0.44,15874.599979724735
13599,OK,68.200,0.44,15900.50000231713
13600,OK,84.200,0.44,15848.400013055652
13601,OK,69.900,0.44,15753.099985886365
13602,OK,75.800,0.44,16005.399986170232
13603,OK,111.300,0.44,15778.900007717311
13604,OK,119.700,0.44,15791.899990290403
13605,OK,106.200,0.44,15813.999983947724
13606,OK,97.700,0.44,15860.099985729903
13607,OK,116.300,0.44,15873.199969064444
13608,OK,143.600,0.44,15781.600028276443
13609,OK,83.600,0.44,15791.399986483157
13610,OK,64.400,0.44,15818.100015167147
13611,OK,75.200,0.44,15877.700003329664
13612,OK,57.900,0.44,15952.899993862957
13613,OK,57.400,0.44,15858.599974308163
13614,OK,40.700,0.44,15988.900035154074
13615,OK,46.500,0.44,15928.000037092716
13616,OK,48.000,0.44,15929.199988022447
13617,OK,48.600,0.44,15893.800009507686
13618,OK,50.200,0.44,15975.99999513477
13619,OK,111.400,0.44,15739.499998744577
13620,OK,70.800,0.44,15948.599961120635
13621,OK,63.200,0.44,15857.60002490133
13622,OK,63.300,0.44,16024.399956222624
13623,OK,64.800,0.44,15867.599984630942
13624,OK,62.000,0.44,15878.800011705607
13625,OK,81.100,0.44,15820.799977518618
13626,OK,56.700,0.44,15962.000004947186
13627,OK,132.600,0.44,15759.499976411462
13628,OK,71.600,0.44,15856.600017286837
13629,OK,60.400,0.44,15901.499951723963
13630,OK,55.400,0.44,15973.499976098537
13631,OK,55.800,0.44,15778.000000864267
13632,OK,79.800,0.44,15987.700026016682
13633,OK,65.600,0.44,15885.999950114638
13634,OK,94.600,0.44,15871.00001052022
13635,OK,64.300,0.44,15879.500017035753
13636,OK,59.300,0.44,15893.10000417754
13637,OK,55.000,0.44,15848.80001610145
13638,OK,58.500,0.44,15980.899974238127
13639,OK,53.100,0.44,15912.200033199042
13640,OK,81.400,0.44,15970.09995020926
13641,OK,78.300,0.44,16061.300004366785
13642,OK,148.400,0.44,15601.799997966737
13643,OK,117.500,0.44,15801.000001374632
13644,OK,109.300,0.44,15715.39998985827
13645,OK,65.700,0.44,15870.700008235872
13646,OK,46.000,0.44,16508.499975316226
13647,OK,77.400,0.44,15656.500007025898
13648,OK,67.100,0.44,15665.700018871576
13649,OK,58.100,0.44,15823.800000362098
13650,OK,63.800,0.44,15858.499973546714
13651,OK,78.200,0.44,15915.199997834861
13652,OK,61.500,0.44,15909.000008832663
13653,OK,52.800,0.44,16376.699961256236
13654,OK,59.200,0.44,15437.799971550703
13655,OK,60.000,0.44,15960.599994286895
13656,OK,67.700,0.44,16282.099997624755
13657,OK,91.700,0.44,15579.400002025068
13658,OK,109.900,0.44,15820.000029634684
13659,OK,116.600,0.44,16023.900010623038
13660,OK,130.800,0.44,15904.100029729307
13661,OK,129.900,0.44,15800.499997567385
13662,OK,139.200,0.44,15765.59996465221
13663,OK,132.800,0.44,15941.900026518852
13664,OK,135.000,0.44,15600.999991875142
13665,OK,132.400,0.44,15921.899990644306
13666,OK,140.700,0.44,15350.000001490116
13667,OK,157.600,0.44,16067.99999717623
13668,OK,154.500,0.44,15604.30001700297
13669,OK,142.200,0.44,15687.100007198751
13670,OK,149.200,0.44,15806.899988092482
13671,OK,116.600,0.44,15533.600002527237
13672,OK,81.900,0.44,15934.999973978847
13673,OK,133.100,0.44,15617.70000262186
13674,OK,83.800,0.44,15955.900016706437
13675,OK,152.300,0.44,15679.100004490465
13676,OK,36.300,0.44,15948.300017043948
13677,OK,57.200,0.44,15921.899990644306
13678,OK,60.700,0.44,15845.300047658384
13679,OK,80.500,0.44,15908.300003502518
13680,OK,58.800,0.44,15893.900010269135
13681,OK,52.300,0.44,15949.300024658442
13682,OK,50.900,0.44,15912.60003624484
13683,OK,67.800,0.44,15887.499961536378
13684,OK,55.200,0.44,15931.80000782013
13685,OK,57.300,0.44,15849.600022193044
13686,OK,59.600,0.44,15917.700016871095
13687,OK,52.700,0.44,15924.700011964887
13688,OK,58.700,0.44,15908.600005786866
13689,OK,90.300,0.44,15880.600025411695
13690,OK,62.400,0.44,15938.299999106675
13691,OK,53.100,0.44,15862.300002481788
13692,OK,62.000,0.44,15910.600021015853
13693,OK,55.700,0.44,15901.100006885827
13694,OK,47.900,0.44,15955.40001289919
13695,OK,59.500,0.44,15905.799984466285
13696,OK,59.800,0.44,15896.899974904954
13697,OK,46.700,0.44,15923.300001304597
13698,OK,59.700,0.44,15919.599973130971
13699,OK,54.000,0.44,15898.100042250007
13700,OK,56.900,0.44,15916.100004687905
13701,OK,63.500,0.44,15791.800047736615
13702,OK,48.700,0.44,16119.099978823215
13703,OK,61.300,0.44,15694.900008384138
13704,OK,70.300,0.44,15901.100006885827
13705,OK,55.500,0.44,15821.599983610213
13706,OK,53.800,0.44,15906.59999055788
13707,OK,39.600,0.44,15947.200008668005
13708,OK,47.300,0.44,15923.300001304597
13709,OK,55.900,0.44,15956.400020513684
13710,OK,58.500,0.44,15856.999962124974
13711,OK,64.900,0.44,15898.099984042346
13712,OK,46.900,0.44,15934.300026856363
13713,OK,56.800,0.44,15885.899949353188
13714,OK,73.900,0.44,15933.20001848042
13715,OK,64.600,0.44,15861.799998674542
13716,OK,59.000,0.44,15958.499978296459
13717,OK,159.100,0.44,15755.100001115352
13718,OK,83.500,0.44,15899.999998509884
13719,OK,56.300,0.44,15784.099989105016
13720,OK,58.100,0.44,15862.00000019744
13721,OK,52.800,0.44,15984.600002411753
13722,OK,53.100,0.44,15920.100035145879
13723,OK,54.900,0.44,15903.899969998747
13724,OK,57.000,0.44,15815.299993846565
13725,OK,61.800,0.44,16004.000033717602
13726,OK,56.800,0.44,15904.799976851791
13727,OK,59.100,0.44,15880.200022365898
13728,OK,57.800,0.44,15836.499980650842
13729,OK,52.500,0.44,15989.300038199872
13730,OK,69.200,0.44,15886.500012129545
13731,OK,97.500,0.44,15824.200003407896
13732,OK,69.900,0.44,15936.30004208535
13733,OK,73.200,0.44,15802.500012796372
13734,OK,87.700,0.44,15963.799960445613
13735,OK,60.600,0.44,15835.099969990551
13736,OK,55.900,0.44,15948.300017043948
13737,OK,58.800,0.44,15915.29999859631
13738,OK,61.300,0.44,15908.700006548315
13739,OK,56.400,0.44,15843.999979551882
13740,OK,55.500,0.44,15953.199996147305
13741,OK,58.300,0.44,15914.300049189478
13742,OK,59.800,0.44,15916.200005449355
13743,OK,58.900,0.44,15883.799991570413
13744,OK,51.300,0.44,15934.399969410151
13745,OK,75.900,0.44,15891.7999942787
13746,OK,58.400,0.44,15827.200026251376
13747,OK,88.000,0.44,15855.200006626546
13748,OK,61.300,0.44,15915.50000011921
13749,OK,47.500,0.44,15869.49999909848
13750,OK,50.800,0.44,15920.199977699667
13751,OK,64.100,0.44,15919.999976176769
13752,OK,54.300,0.44,15961.900004185736
13753,OK,96.000,0.44,15815.99999917671
13754,OK,61.000,0.44,15842.79997041449
13755,OK,54.000,0.44,16024.800017476082
13756,OK,66.200,0.44,15831.199998501688
13757,OK,55.700,0.44,15955.40001289919
13758,OK,65.600,0.44,15846.499998588115
13759,OK,87.400,0.44,15845.899994019419
13760,OK,63.100,0.44,15940.800018142909
13761,OK,52.000,0.44,15854.800003580749
13762,OK,52.600,0.44,15936.2000413239
13763,OK,53.200,0.44,15877.600002568215
13764,OK,47.100,0.44,15974.000038113445
13765,OK,66.500,0.44,15873.099968302995
13766,OK,48.100,0.44,15922.299993690103
13767,OK,47.400,0.44,15902.499959338456
13768,OK,38.400,0.44,15953.199996147305
13769,OK,45.200,0.44,15937.299991492182
13770,OK,49.900,0.44,15920.199977699667
13771,OK,56.900,0.44,15926.899970509112
13772,OK,62.200,0.44,15947.90001399815
13773,OK,53.700,0.44,15915.900003165007
13774,OK,70.900,0.44,15858.400030992925
13775,OK,120.100,0.44,15820.899978280067
13776,OK,54.000,0.44,15921.999991405755
13777,OK,57.300,0.44,15887.600020505488
13778,OK,58.400,0.44,15925.90002110228
13779,OK,51.400,0.44,15897.70003920421
13780,OK,56.700,0.44,15956.79996535182
13781,OK,87.300,0.44,15842.59996889159
13782,OK,93.900,0.44,15865.700028371066
13783,OK,68.000,0.44,15839.100000448525
13784,OK,57.400,0.44,15915.099997073412
13785,OK,69.800,0.44,15905.799984466285
13786,OK,67.700,0.44,15912.699978798628
13787,OK,56.200,0.44,15809.500007890165
13788,OK,65.100,0.44,15912.199974991381
13789,OK,52.500,0.44,15892.499999608845
13790,OK,49.100,0.44,15915.29999859631
13791,OK,64.000,0.44,15920.799982268363
13792,OK,50.000,0.44,15928.500040899962
13793,OK,52.100,0.44,15890.399983618408
13794,OK,33.500,0.44,15989.200037438422
13795,OK,45.600,0.44,15924.700011964887
13796,OK,32.400,0.44,15945.299994200468
13797,OK,48.100,0.44,15865.499968640506
13798,OK,51.000,0.44,15910.300018731505
13799,OK,49.400,0.44,15930.800000205636
13800,OK,50.700,0.44,15917.900018393993
13801,OK,57.900,0.44,15806.099982000887
13802,OK,56.200,0.44,15924.600011203438
13803,OK,48.100,0.44,15936.999989207834
13804,OK,49.100,0.44,15955.899958498776
13805,OK,52.000,0.44,15922.79999749735
13806,OK,170.900,0.44,15701.099997386336
13807,OK,59.900,0.44,15929.599991068244
13808,OK,77.300,0.44,15802.100009750575
13809,OK,58.800,0.44,16025.00001899898
13810,OK,71.500,0.44,15966.099977958947
13811,OK,89.500,0.44,15741.900017019361
13812,OK,105.500,0.44,15891.7999942787
13813,OK,59.700,0.44,15883.600048255175
13814,OK,53.700,0.44,15825.999958906323
13815,OK,51.800,0.44,15949.999971780926
13816,OK,105.000,0.44,15880.899969488382
13817,OK,61.800,0.44,15901.399950962514
13818,OK,59.800,0.44,15757.100016344339
13819,OK,50.900,0.44,16116.700018756092
13820,OK,58.100,0.44,15823.3999973163
13821,OK,60.100,0.44,15898.299985565245
13822,OK,48.700,0.44,15858.700033277273
13823,OK,59.800,0.44,15960.499993525445
13824,OK,48.300,0.44,15922.999999020249
13825,OK,70.900,0.44,15795.699961017817
13826,OK,110.100,0.44,15900.50000231713
13827,OK,61.700,0.44,15899.299993179739
13828,OK,59.100,0.44,15900.70000384003
13829,OK,57.600,0.44,15923.900005873293
13830,OK,57.100,0.44,15889.899979811162
13831,OK,62.100,0.44,15876.699995715171
13832,OK,55.200,0.44,15921.099984552711
13833,OK,79.200,0.44,15817.800012882799
13834,OK,79.300,0.44,15868.399990722537
13835,OK,78.400,0.44,15857.400023378432
13836,OK,72.200,0.44,15898.599987849593
13837,OK,73.700,0.44,15879.300015512854
13838,OK,73.300,0.44,15922.999999020249
13839,OK,60.900,0.44,15870.100003667176
13840,OK,81.600,0.44,15913.200040813535
13841,OK,86.800,0.44,15854.500001296401
13842,OK,98.100,0.44,15824.100002646446
13843,OK,79.900,0.44,15880.599967204034
13844,OK,78.100,0.44,15860.4999887757
13845,OK,63.700,0.44,15916.300006210804
13846,OK,80.500,0.44,15867.499983869493
13847,OK,66.400,0.44,15902.400016784668
13848,OK,80.000,0.44,15842.000022530556
13849,OK,82.600,0.44,15874.399978201836
13850,OK,77.200,0.44,15851.399977691472
13851,OK,66.000,0.44,15900.900005362928
13852,OK,67.200,0.44,15877.800004091114
13853,OK,90.600,0.44,15849.699964746833
13854,OK,347.000,0.44,15620.200021658093
13855,OK,82.400,0.44,15847.900009248406
13856,OK,51.100,0.44,15989.799983799458
13857,OK,68.300,0.44,15899.799996986985
13858,OK,79.300,0.44,15898.799989372492
13859,OK,154.100,0.44,15661.000041291118
13860,OK,94.300,0.44,15852.699987590313
13861,OK,89.000,0.44,15918.099961709231
13862,OK,68.300,0.44,15856.700018048286
13863,OK,60.500,0.44,15931.70000705868
13864,OK,54.900,0.44,15925.300016533583
13865,OK,60.400,0.44,15881.600033026189
13866,OK,55.900,0.44,15893.400006461889
13867,OK,82.100,0.44,15879.600017797202
13868,OK,66.600,0.44,15903.799969237298
13869,OK,71.900,0.44,15859.500039368868
13870,OK,65.300,0.44,15969.900006894022
13871,OK,53.100,0.44,15897.200035396963
13872,OK,58.400,0.44,15913.399984128773
13873,OK,55.300,0.44,15940.999961458147
13874,OK,117.100,0.44,15686.500002630055
13875,OK,44.400,0.44,15928.999986499548
13876,OK,42.800,0.44,15977.400005795062
13877,OK,46.100,0.44,15915.800002403557
13878,OK,52.000,0.44,15931.80000782013
13879,OK,60.400,0.44,15918.30002143979
13880,OK,85.000,0.44,15850.699972361326
13881,OK,58.100,0.44,15986.199956387281
13882,OK,51.500,0.44,15924.100007396191
13883,OK,60.600,0.44,15858.600032515824
13884,OK,108.100,0.44,15760.899987071753
13885,OK,73.000,0.44,16217.200027313083
13886,OK,119.000,0.44,15533.800004050136
13887,OK,62.500,0.44,15884.599997662008
13888,OK,55.800,0.44,15863.49995341152
13889,OK,70.100,0.44,15969.500003848225
13890,OK,59.700,0.44,15900.900005362928
13891,OK,58.100,0.44,15995.700028724968
13892,OK,92.100,0.44,15870.300005190074
13893,OK,69.500,0.44,15866.000030655414
13894,OK,67.500,0.44,16036.499990150332
13895,OK,113.100,0.44,15629.000030457973
13896,OK,106.400,0.44,15662.10004966706
13897,OK,110.400,0.44,15861.299994867295
13898,OK,61.700,0.44,16325.899981893599
13899,OK,49.800,0.44,15590.700029861182
13900,OK,64.900,0.44,15844.999987166375
13901,OK,110.100,0.44,15689.199964981526
13902,OK,73.800,0.44,15946.40000257641
13903,OK,73.300,0.44,16162.69996156916
13904,OK,113.800,0.44,15498.700027819723
13905,OK,93.500,0.44,15967.600047588348
13906,OK,92.000,0.44,15873.099968302995
13907,OK,118.300,0.44,15834.500023629516
13908,OK,113.200,0.44,15651.899971999228
13909,OK,60.400,0.44,15965.199971105903
13910,OK,71.600,0.44,15815.499995369464
13911,OK,73.200,0.44,15948.699961882085
13912,OK,77.300,0.44,15907.699998933822
13913,OK,115.400,0.44,15616.899996530265
13914,OK,48.600,0.44,15931.399946566671
13915,OK,75.000,0.44,16004.800039809197
13916,OK,42.000,0.44,15791.099984198809
13917,OK,77.200,0.44,15898.99999089539
13918,OK,51.500,0.44,15935.299976263195
13919,OK,44.500,0.44,15967.899991665035
13920,OK,48.900,0.44,15809.000004082918
13921,OK,50.200,0.44,15945.899998769164
13922,OK,54.700,0.44,15915.39999935776
13923,OK,101.100,0.44,15826.000017113984
13924,OK,78.500,0.44,15895.500022452325
13925,OK,70.900,0.44,15910.200017970055
13926,OK,57.000,0.44,15902.800019830465
13927,OK,54.100,0.44,15955.100010614842
13928,OK,75.100,0.44,15814.500045962632
13929,OK,48.300,0.44,15887.800022028387
13930,OK,45.200,0.44,15930.29999639839
13931,OK,48.500,0.44,15937.59999377653
13932,OK,59.700,0.44,15905.199979897588
13933,OK,43.400,0.44,15951.799985487014
13934,OK,36.300,0.44,15925.100015010685
13935,OK,46.700,0.44,15957.599971443415
13936,OK,57.100,0.44,15864.499961026013
13937,OK,42.100,0.44,15991.399995982647
13938,OK,55.800,0.44,15903.699968475848
13939,OK,60.500,0.44,15950.599976349622
13940,OK,45.800,0.44,15863.000007811934
13941,OK,45.900,0.44,15941.400022711605
13942,OK,52.900,0.44,15904.099971521646
13943,OK,45.500,0.44,15957.399969920516
13944,OK,59.700,0.44,15913.599985651672
13945,OK,68.100,0.44,15921.29998607561
13946,OK,54.500,0.44,15857.200021855533
13947,OK,48.400,0.44,15915.199997834861
13948,OK,44.900,0.44,15991.899999789894
13949,OK,63.000,0.44,15865.20002456382
13950,OK,88.900,0.44,15854.199999012053
13951,OK,86.700,0.44,15808.500000275671
13952,OK,85.800,0.44,15966.399980243295
13953,OK,59.900,0.44,15898.099984042346
13954,OK,59.400,0.44,15902.500017546117
13955,OK,47.600,0.44,15858.200029470026
13956,OK,57.500,0.44,15974.899986758828
13957,OK,58.300,0.44,15846.399997826666
13958,OK,53.000,0.44,15959.499985910952
13959,OK,40.900,0.44,15986.799960955977
13960,OK,58.400,0.44,15790.600038599223
13961,OK,45.300,0.44,15900.900005362928
13962,OK,43.800,0.44,16016.700014006346
13963,OK,123.300,0.44,15791.199984960258
13964,OK,53.000,0.44,15912.199974991381
13965,OK,72.800,0.44,15863.000007811934
13966,OK,70.000,0.44,15934.900031425059
13967,OK,49.100,0.44,15907.699998933822
13968,OK,60.900,0.44,15957.999974489212
13969,OK,65.100,0.44,15886.400011368096
13970,OK,60.300,0.44,15887.600020505488
13971,OK,59.500,0.44,15916.700009256601
13972,OK,68.500,0.44,15890.09998133406
13973,OK,54.100,0.44,15860.399988014251
13974,OK,46.300,0.44,15883.800049778074
13975,OK,38.700,0.44,15967.19998633489
13976,OK,62.600,0.44,15907.699998933822
13977,OK,72.000,0.44,15912.699978798628
13978,OK,60.400,0.44,15892.099996563047
13979,OK,57.600,0.44,15902.400016784668
13980,OK,50.000,0.44,15905.500040389597
13981,OK,47.500,0.44,15874.299977440387
13982,OK,74.400,0.44,15896.999975666404
13983,OK,53.600,0.44,15918.000019155443
13984,OK,73.500,0.44,15911.399968899786
13985,OK,76.400,0.44,15919.299970846623
13986,OK,81.100,0.44,15822.600049432367
13987,OK,81.400,0.44,15860.799991060048
13988,OK,70.400,0.44,15893.000003416091
13989,OK,56.800,0.44,15893.600007984787
13990,OK,52.500,0.44,15951.499983202666
13991,OK,84.600,0.44,15804.800030309707
13992,OK,63.300,0.44,15975.399990566075
13993,OK,63.200,0.44,15914.699994027615
13994,OK,55.300,0.44,15875.29998505488
13995,OK,55.000,0.44,15890.09998133406
13996,OK,47.400,0.44,15899.399993941188
13997,OK,45.800,0.44,15932.200010865927
13998,OK,45.900,0.44,15887.000015936792
13999,OK,56.200,0.44,15962.70001027733
14000,OK,40.500,0.44,15962.300007231534
14001,OK,66.600,0.44,15799.69999147579
14002,OK,80.100,0.44,15815.499995369464
14003,OK,59.900,0.44,15935.200033709407
14004,OK,51.600,0.44,15922.999999020249
14005,OK,61.200,0.44,15921.39998683706
14006,OK,56.900,0.44,16008.600010536611
14007,OK,68.600,0.44,15779.10000924021
14008,OK,51.100,0.44,15907.099994365126
14009,OK,48.000,0.44,15900.70000384003
14010,OK,47.700,0.44,15932.299953419715
14011,OK,48.600,0.44,15884.899999946356
14012,OK,69.300,0.44,15945.699997246265
14013,OK,55.000,0.44,15944.199985824525
14014,OK,63.200,0.44,15890.900045633316
14015,OK,58.300,0.44,15913.599985651672
14016,OK,57.300,0.44,15910.100017208606
14017,OK,85.300,0.44,15844.399982597679
14018,OK,48.600,0.44,15897.000033874065
14019,OK,63.800,0.44,15905.800042673945
14020,OK,64.800,0.44,15920.599980745465
14021,OK,54.900,0.44,15914.999996311963
14022,OK,55.300,0.44,15898.699988611042
14023,OK,57.700,0.44,15895.100019406527
14024,OK,49.500,0.44,15947.79995502904
14025,OK,59.500,0.44,15922.400052659214
14026,OK,51.600,0.44,15914.899995550513
14027,OK,61.800,0.44,15918.499964755028
14028,OK,49.000,0.44,15923.300001304597
14029,OK,67.600,0.44,15887.700021266937
14030,OK,48.600,0.44,15933.799964841455
14031,OK,65.100,0.44,15909.000008832663
14032,OK,59.500,0.44,15832.100005354732
14033,OK,69.800,0.44,15970.800013747066
14034,OK,77.600,0.44,15841.600019484758
14035,OK,58.200,0.44,15898.400044534355
14036,OK,53.700,0.44,15951.599983964115
14037,OK,62.700,0.44,15795.200015418231
14038,OK,52.900,0.44,15938.199998345226
14039,OK,80.000,0.44,15913.300041574985
14040,OK,116.100,0.44,15767.30003580451
14041,OK,50.300,0.44,15881.000028457493
14042,OK,42.400,0.44,15993.300010450184
14043,OK,43.300,0.44,15949.200023896992
14044,OK,50.000,0.44,15885.8000067994
14045,OK,44.500,0.44,15910.200017970055
14046,OK,136.600,0.44,15750.699967611581
14047,OK,85.600,0.44,15884.799999184906
14048,OK,57.500,0.44,15893.30000570044
14049,OK,71.900,0.44,15883.699990808964
14050,OK,54.700,0.44,15880.300023127347
14051,OK,42.000,0.44,15943.400037940592
14052,OK,44.700,0.44,15929.999994114041
14053,OK,62.100,0.44,15982.999990228564
14054,OK,159.400,0.44,15706.099977251142
14055,OK,97.600,0.44,15852.299984544516
14056,OK,55.900,0.44,15898.399986326694
14057,OK,52.200,0.44,15900.099999271333
14058,OK,47.600,0.44,15951.899986248463
14059,OK,62.600,0.44,15872.800024226308
14060,OK,47.200,0.44,15895.499964244664
14061,OK,83.800,0.44,15899.399993941188
14062,OK,93.900,0.44,15839.69994680956
14063,OK,112.700,0.44,15833.600016776472
14064,OK,94.100,0.44,15849.500021431595
14065,OK,101.700,0.44,15849.099960178137
14066,OK,87.600,0.44,15859.30003784597
14067,OK,93.200,0.44,15855.799952987581
14068,OK,88.200,0.44,15878.899954259396
14069,OK,96.000,0.44,15828.099974896759
14070,OK,94.200,0.44,15852.399985305965
14071,OK,72.000,0.44,16076.90000673756
14072,OK,71.200,0.44,15659.299970138818
14073,OK,97.400,0.44,15852.999989874661
14074,OK,106.700,0.44,15845.600049942732
14075,OK,91.000,0.44,15883.899992331862
14076,OK,98.600,0.44,15823.900001123548
14077,OK,100.600,0.44,15844.29998183623
14078,OK,92.400,0.44,15845.899994019419
14079,OK,83.200,0.44,15825.099952053279
14080,OK,64.100,0.44,15900.800004601479
14081,OK,79.000,0.44,15861.299994867295
14082,OK,81.400,0.44,15909.60001340136
14083,OK,65.100,0.44,15881.800034549087
14084,OK,46.500,0.44,15923.300001304597
14085,OK,93.200,0.44,15845.69999249652
14086,OK,83.600,0.44,15899.19999241829
14087,OK,124.500,0.44,15789.999975822866
14088,OK,133.300,0.44,15788.199962116778
14089,OK,73.200,0.44,15846.599999349564
14090,OK,41.800,0.44,15979.400021024048
14091,OK,41.500,0.44,15907.799999695271
14092,OK,36.300,0.44,15948.200016282499
14093,OK,42.600,0.44,15984.700003173202
14094,OK,47.200,0.44,15913.89998793602
14095,OK,44.900,0.44,15961.099998094141
14096,OK,47.500,0.44,15870.500006712973
14097,OK,131.700,0.44,15846.700000111014
14098,OK,52.500,0.44,15903.800027444959
14099,OK,65.800,0.44,15808.299998752773
14100,OK,46.900,0.44,16009.000013582408
14101,OK,54.700,0.44,15759.199974127114
14102,OK,60.600,0.44,15985.900012310594
14103,OK,76.200,0.44,15837.999992072582
14104,OK,117.500,0.44,15850.399970076978
14105,OK,73.400,0.44,15829.199983272702
14106,OK,63.800,0.44,15952.799993101507
14107,OK,65.400,0.44,15851.499978452921
14108,OK,63.500,0.44,15873.800031840801
14109,OK,50.100,0.44,15939.900011289865
14110,OK,51.300,0.44,15927.000029478222
14111,OK,46.300,0.44,15909.000008832663
14112,OK,53.600,0.44,15956.999966874719
14113,OK,65.900,0.44,16016.900015529245
14114,OK,87.900,0.44,15797.900035977364
14115,OK,82.400,0.44,15959.999989718199
14116,OK,124.400,0.44,15604.000014718622
14117,OK,65.800,0.44,16128.499992191792
14118,OK,54.200,0.44,15820.59997599572
14119,OK,54.200,0.44,16132.900025695562
14120,OK,59.200,0.44,15882.399980910122
14121,OK,57.100,0.44,15859.599981922656
14122,OK,78.100,0.44,15881.40003150329
14123,OK,92.000,0.44,15932.400012388825
14124,OK,90.000,0.44,16010.000021196902
14125,OK,110.000,0.44,15785.199997480959
14126,OK,119.200,0.44,15399.400028400123
14127,OK,116.500,0.44,15772.699960507452
14128,OK,116.600,0.44,15722.299984190613
14129,OK,88.400,0.44,15885.000000707805
14130,OK,90.300,0.44,15811.8000254035
14131,OK,57.300,0.44,15798.899985384196
14132,OK,39.100,0.44,16029.999998863786
14133,OK,43.900,0.44,15858.000027947128
14134,OK,45.700,0.44,15941.099962219596
14135,OK,79.200,0.44,15889.099973719567
14136,OK,43.800,0.44,15964.700025506318
14137,OK,46.800,0.44,15895.100019406527
14138,OK,52.100,0.44,15909.799956716597
14139,OK,70.400,0.44,15923.300001304597
14140,OK,69.500,0.44,15851.400035899132
14141,OK,53.700,0.44,15949.700027704239
14142,OK,67.000,0.44,15832.300006877631
14143,OK,56.300,0.44,16032.50001790002
14144,OK,62.800,0.44,15903.70002668351
14145,OK,72.500,0.44,15918.19996247068
14146,OK,52.800,0.44,15786.000003572553
14147,OK,52.700,0.44,15932.100010104477
14148,OK,43.000,0.44,15954.900009091944
14149,OK,59.200,0.44,15880.299964919686
14150,OK,44.400,0.44,15958.800038788468
14151,OK,50.800,0.44,15963.200014084578
14152,OK,60.800,0.44,15857.200021855533
14153,OK,57.400,0.44,15971.49996086955
14154,OK,62.300,0.44,15835.799975320697
14155,OK,61.100,0.44,15912.899980321527
14156,OK,58.900,0.44,15911.500027868897
14157,OK,70.000,0.44,15888.299967627972
14158,OK,50.000,0.44,15959.69998743385
14159,OK,57.600,0.44,15846.399997826666
14160,OK,46.700,0.44,15956.000017467886
14161,OK,57.900,0.44,15928.099979646504
14162,OK,49.400,0.44,15879.300015512854
14163,OK,49.400,0.44,15969.300002325326
14164,OK,64.100,0.44,15870.999952312559
14165,OK,59.900,0.44,15896.599972620606
14166,OK,94.500,0.44,15898.199984803796
14167,OK,120.000,0.44,15836.999984458089
14168,OK,49.000,0.44,15932.800015434623
14169,OK,71.100,0.44,15895.000018645078
14170,OK,57.000,0.44,15850.000025238842
14171,OK,60.000,0.44,15936.700045131147
14172,OK,53.400,0.44,15897.400036919862
14173,OK,71.200,0.44,15870.300005190074
14174,OK,51.300,0.44,15928.199980407953
14175,OK,51.300,0.44,15906.50004800409
14176,OK,49.000,0.44,15888.300025835633
14177,OK,50.100,0.44,15934.70002990216
14178,OK,39.700,0.44,15995.099965948611
14179,OK,72.100,0.44,15892.000054009259
14180,OK,48.400,0.44,15890.600043348968
14181,OK,46.300,0.44,15885.200002230704
14182,OK,54.300,0.44,15982.499986421317
14183,OK,45.600,0.44,15902.299957815558
14184,OK,66.000,0.44,15894.900017883629
14185,OK,60.400,0.44,15893.600007984787
14186,OK,69.000,0.44,15900.800004601479
14187,OK,61.700,0.44,15957.400028128177
14188,OK,54.900,0.44,15840.200008824468
14189,OK,53.800,0.44,15882.899984717369
14190,OK,47.500,0.44,15966.600039973855
14191,OK,49.500,0.44,15943.39997973293
14192,OK,57.900,0.44,15908.500005025417
14193,OK,61.600,0.44,15946.100000292063
14194,OK,81.100,0.44,15837.199985980988
14195,OK,59.600,0.44,15897.099976427853
14196,OK,63.000,0.44,15870.800008997321
14197,OK,45.700,0.44,15932.200010865927
14198,OK,64.500,0.44,15948.900021612644
14199,OK,56.800,0.44,15910.399961285293
14200,OK,60.200,0.44,15873.599972110242
14201,OK,63.400,0.44,15836.199978366494
14202,OK,53.200,0.44,15862.300002481788
14203,OK,50.200,0.44,15924.600011203438
14204,OK,58.700,0.44,15948.699961882085
14205,OK,54.500,0.44,15852.799988351762
14206,OK,65.900,0.44,15921.799989882857
14207,OK,63.300,0.44,15935.599978547543
14208,OK,68.100,0.44,15917.400014586747
14209,OK,66.400,0.44,15836.399979889393
14210,OK,51.100,0.44,15884.000051300973
14211,OK,50.300,0.44,15961.19999885559
14212,OK,75.400,0.44,15910.099959000945
14213,OK,55.400,0.44,15929.399989545345
14214,OK,59.200,0.44,15934.70002990216
14215,OK,60.300,0.44,15826.400020159781
14216,OK,53.000,0.44,15969.300002325326
14217,OK,55.700,0.44,15837.599989026785
14218,OK,57.300,0.44,15929.500048514456
14219,OK,56.700,0.44,15919.69997389242
14220,OK,59.000,0.44,15895.400021690875
14221,OK,72.300,0.44,15904.799976851791
14222,OK,66.800,0.44,15904.89997761324
14223,OK,80.800,0.44,15860.60004774481
14224,OK,62.300,0.44,15893.10000417754
14225,OK,63.800,0.44,15961.999946739525
14226,OK,60.300,0.44,15856.600017286837
14227,OK,50.100,0.44,15926.999971270561
14228,OK,57.800,0.44,15900.70000384003
14229,OK,61.400,0.44,15904.89997761324
14230,OK,62.400,0.44,15883.399988524616
14231,OK,52.600,0.44,15979.400021024048
14232,OK,59.900,0.44,15865.599969401956
14233,OK,84.000,0.44,15871.500014327466
14234,OK,60.200,0.44,15959.399985149503
14235,OK,70.900,0.44,15834.700025152415
14236,OK,60.500,0.44,15905.300038866699
14237,OK,69.700,0.44,15934.899973217398
14238,OK,57.700,0.44,15932.299953419715
14239,OK,64.100,0.44,15844.499983359128
14240,OK,58.300,0.44,15895.600023213774
14241,OK,54.900,0.44,15894.000011030585
14242,OK,56.900,0.44,15902.600018307567
14243,OK,56.600,0.44,15948.500018566847
14244,OK,57.600,0.44,15898.599987849593
14245,OK,57.200,0.44,15874.300035648048
14246,OK,63.700,0.44,15933.20001848042
14247,OK,68.800,0.44,15880.100021604449
14248,OK,56.400,0.44,15860.299987252802
14249,OK,59.800,0.44,15910.99996585399
14250,OK,60.600,0.44,15862.700005527586
14251,OK,51.300,0.44,15935.799980070442
14252,OK,66.000,0.44,15943.500038702041
14253,OK,45.800,0.44,15840.700012631714
14254,OK,50.500,0.44,15933.999966364354
14255,OK,47.300,0.44,16028.499987442046
14256,OK,88.600,0.44,15791.099984198809
14257,OK,64.700,0.44,15890.000038780272
14258,OK,46.800,0.44,15895.899967290461
14259,OK,57.300,0.44,15894.999960437417
14260,OK,55.700,0.44,15987.800026778132
14261,OK,48.100,0.44,15873.90003260225
14262,OK,49.100,0.44,16002.000018488616
14263,OK,107.700,0.44,15752.599982079118
14264,OK,218.100,0.44,15732.400002889335
14265,OK,69.600,0.44,15913.199982605875
14266,OK,59.100,0.44,15799.300046637654
14267,OK,77.600,0.44,15946.60000409931
14268,OK,66.800,0.44,16003.099968656898
14269,OK,84.600,0.44,15739.499998744577
14270,OK,55.700,0.44,15944.99999191612
14271,OK,60.900,0.44,15844.29998183623
14272,OK,100.300,0.44,15837.699989788234
14273,OK,114.900,0.44,15858.499973546714
14274,OK,62.100,0.44,15880.900027696043
14275,OK,48.100,0.44,15877.199999522418
14276,OK,58.600,0.44,15974.300040397793
14277,OK,58.600,0.44,15913.800045382231
14278,OK,51.900,0.44,15922.199992928654
14279,OK,70.900,0.44,15902.600018307567
14280,OK,56.400,0.44,15923.500002827495
14281,OK,58.800,0.44,15826.999966520816
14282,OK,120.000,0.44,15795.800019986928
14283,OK,52.900,0.44,15899.599995464087
14284,OK,44.600,0.44,15933.400020003319
14285,OK,45.700,0.44,15957.899973727763
14286,OK,50.300,0.44,15920.499979984015
14287,OK,49.400,0.44,15869.800001382828
14288,OK,76.800,0.44,15908.00000121817
14289,OK,62.800,0.44,15869.599999859929
14290,OK,83.100,0.44,15904.799976851791
14291,OK,89.000,0.44,15814.69998927787
14292,OK,86.400,0.44,15902.800019830465
14293,OK,93.400,0.44,15824.700007215142
14294,OK,86.900,0.44,15919.500030577183
14295,OK,77.500,0.44,15847.700007725507
14296,OK,63.900,0.44,15948.199958074838
14297,OK,68.800,0.44,15846.099995542318
14298,OK,85.200,0.44,15868.899994529784
14299,OK,90.200,0.44,15859.599981922656
14300,OK,90.400,0.44,15882.599982433021
14301,OK,91.600,0.44,15696.900023613125
14302,OK,101.100,0.44,15894.900017883629
14303,OK,100.300,0.44,15815.099992323667
14304,OK,92.900,0.44,15818.499960005283
14305,OK,111.100,0.44,15859.30003784597
14306,OK,97.800,0.44,15792.4999948591
14307,OK,87.900,0.44,15913.79998717457
14308,OK,89.200,0.44,15831.900003831834
14309,OK,83.600,0.44,15876.599994953722
14310,OK,72.400,0.44,15893.30000570044
14311,OK,75.400,0.44,15874.599979724735
14312,OK,88.300,0.44,15879.600017797202
14313,OK,67.500,0.44,15858.700033277273
14314,OK,86.600,0.44,15848.69995713234
14315,OK,65.800,0.44,15867.499983869493
14316,OK,90.600,0.44,15927.999978885055
14317,OK,152.000,0.44,15689.899970311671
14318,OK,75.600,0.44,15923.099999781698
14319,OK,70.300,0.44,15827.099967282265
14320,OK,60.400,0.44,15882.399980910122
14321,OK,47.300,0.44,15937.999996822327
14322,OK,55.300,0.44,15930.09999487549
14323,OK,51.800,0.44,15904.500032775104
14324,OK,51.700,0.44,15944.699989631772
14325,OK,61.700,0.44,15886.000008322299
14326,OK,78.900,0.44,15920.500038191676
14327,OK,62.900,0.44,15841.800021007657
14328,OK,54.200,0.44,15930.499997921288
14329,OK,56.500,0.44,15935.800038278103
14330,OK,148.300,0.44,15739.299997221678
14331,OK,53.300,0.44,15912.300033960491
14332,OK,69.500,0.44,15892.399998847395
14333,OK,57.000,0.44,15911.500027868897
14334,OK,68.000,0.44,15905.800042673945
14335,OK,67.900,0.44,15939.600009005517
14336,OK,54.200,0.44,15924.19994994998
14337,OK,56.100,0.44,15800.599998328835
14338,OK,86.000,0.44,15928.999986499548
14339,OK,69.300,0.44,15881.699975579977
14340,OK,60.800,0.44,15921.29998607561
14341,OK,61.100,0.44,15844.100038520992
14342,OK,86.300,0.44,15901.000006124377
14343,OK,56.800,0.44,15871.900017373264
14344,OK,103.000,0.44,15837.699989788234
14345,OK,49.400,0.44,15902.20001526177
14346,OK,52.700,0.44,16021.899995394051
14347,OK,79.800,0.44,15765.899966936558
14348,OK,54.500,0.44,15948.10001552105
14349,OK,87.500,0.44,15811.500023119152
14350,OK,82.800,0.44,16272.200038656592
14351,OK,97.100,0.44,15851.200034376234
14352,OK,110.300,0.44,15470.89999075979
14353,OK,83.700,0.44,15846.099995542318
14354,OK,68.300,0.44,15869.599999859929
14355,OK,54.500,0.44,16186.60002714023
14356,OK,48.000,0.44,15899.399993941188
14357,OK,52.500,0.44,15784.399991389364
14358,OK,53.200,0.44,16163.600026629865
14359,OK,55.700,0.44,16098.199994303286
14360,OK,55.100,0.44,15384.299971628934
14361,OK,52.400,0.44,15868.699993006885
14362,OK,57.200,0.44,16328.500001691282
14363,OK,49.100,0.44,16079.500026535243
14364,OK,56.400,0.44,15493.999992031604
14365,OK,127.000,0.44,15702.300006523728
14366,OK,91.200,0.44,15767.800039611757
14367,OK,66.400,0.44,15826.199960429221
14368,OK,47.400,0.44,15966.200036928058
14369,OK,46.500,0.44,15918.699966277927
14370,OK,100.100,0.44,15836.999984458089
14371,OK,66.100,0.44,15915.999945718795
14372,OK,44.900,0.44,15915.50000011921
14373,OK,46.800,0.44,15898.400044534355
14374,OK,50.100,0.44,15981.89998185262
14375,OK,70.700,0.44,15898.399986326694
14376,OK,54.900,0.44,15899.800055194646
14377,OK,54.000,0.44,15904.200030490756
14378,OK,54.800,0.44,15926.100022625178
14379,OK,47.200,0.44,15968.199993949383
14380,OK,51.400,0.44,15878.40000865981
14381,OK,52.700,0.44,15920.899983029813
14382,OK,33.900,0.44,15950.800036080182
14383,OK,55.200,0.44,15933.30001924187
14384,OK,42.600,0.44,15915.800002403557
14385,OK,33.300,0.44,15971.500019077212
14386,OK,49.400,0.44,15888.199966866523
14387,OK,39.500,0.44,15950.699977111071
14388,OK,64.400,0.44,15896.999975666404
14389,OK,56.100,0.44,15944.89999115467
14390,OK,47.000,0.44,15941.300021950155
14391,OK,54.500,0.44,15900.699945632368
14392,OK,55.400,0.44,15882.500039879233
14393,OK,61.200,0.44,15933.799964841455
14394,OK,49.800,0.44,15875.499986577779
14395,OK,52.500,0.44,15922.6999967359
14396,OK,50.900,0.44,15915.29999859631
14397,OK,69.100,0.44,15931.70000705868
14398,OK,58.800,0.44,15946.200001053512
14399,OK,73.500,0.44,15861.399995628744
14400,OK,79.300,0.44,15794.400009326637
14401,OK,105.300,0.44,15802.100009750575
14402,OK,109.700,0.44,15867.599984630942
14403,OK,59.900,0.44,15850.500029046088
14404,OK,77.200,0.44,15857.39996517077
14405,OK,70.500,0.44,15944.699989631772
14406,OK,60.700,0.44,15860.4999887757
14407,OK,60.000,0.44,15923.700004350394
14408,OK,51.400,0.44,15878.50000942126
14409,OK,59.000,0.44,15950.99997939542
14410,OK,54.900,0.44,15926.200023386627
14411,OK,54.100,0.44,15907.600056380033
14412,OK,52.800,0.44,15917.899960186332
14413,OK,60.800,0.44,15898.099984042346
14414,OK,68.600,0.44,15906.199987512082
14415,OK,58.200,0.44,15894.60001559928
14416,OK,59.300,0.44,15849.900024477392
14417,OK,55.400,0.44,15925.199957564473
14418,OK,50.900,0.44,15810.900018550456
14419,OK,60.400,0.44,15980.500029399991
14420,OK,42.700,0.44,15901.89995476976
14421,OK,68.700,0.44,15910.79996433109
14422,OK,102.900,0.44,15896.700031589717
14423,OK,59.800,0.44,15867.800044361502
14424,OK,97.200,0.44,15860.299987252802
14425,OK,85.100,0.44,15879.90002008155
14426,OK,81.400,0.44,15850.499970838428
14427,OK,62.000,0.44,15928.999986499548
14428,OK,80.000,0.44,15902.299957815558
14429,OK,60.400,0.44,15858.199971262366
14430,OK,59.000,0.44,15838.699997402728
14431,OK,60.800,0.44,15919.599973130971
14432,OK,48.400,0.44,15880.900027696043
14433,OK,46.500,0.44,15925.899962894619
14434,OK,60.100,0.44,15945.799998007715
14435,OK,51.400,0.44,15920.499979984015
14436,OK,50.100,0.44,15872.599964495748
14437,OK,53.300,0.44,15920.900041237473
14438,OK,54.400,0.44,15899.599995464087
14439,OK,55.100,0.44,15916.599950287491
14440,OK,50.000,0.44,15946.60000409931
14441,OK,90.200,0.44,15818.599960766733
14442,OK,58.000,0.44,15891.69999351725
14443,OK,52.100,0.44,15919.80003286153
14444,OK,78.000,0.44,15870.89995155111
14445,OK,92.600,0.44,15854.199999012053
14446,OK,132.400,0.44,15854.299999773502
14447,OK,50.800,0.44,15887.899964582175
14448,OK,68.600,0.44,15882.700041402131
14449,OK,67.600,0.44,15960.200049448758
14450,OK,52.800,0.44,15870.400005951524
14451,OK,57.700,0.44,15942.399972118437
14452,OK,52.300,0.44,15917.200013063848
14453,OK,54.900,0.44,15832.100005354732
14454,OK,52.800,0.44,15978.300012648106
14455,OK,49.300,0.44,15890.999988187104
14456,OK,53.600,0.44,15971.399960108101
14457,OK,57.300,0.44,15924.100007396191
14458,OK,59.900,0.44,15897.299977950752
14459,OK,61.000,0.44,15927.19997279346
14460,OK,65.500,0.44,15835.099969990551
14461,OK,63.500,0.44,15850.899973884225
14462,OK,48.100,0.44,15918.200020678341
14463,OK,38.600,0.44,16016.900015529245
14464,OK,162.300,0.44,15744.600037578493
14465,OK,55.500,0.44,15873.999975156039
14466,OK,63.200,0.44,15960.299992002547
14467,OK,78.400,0.44,15846.299997065216
14468,OK,73.800,0.44,15887.600020505488
14469,OK,75.800,0.44,15835.799975320697
14470,OK,66.200,0.44,15854.299999773502
14471,OK,49.700,0.44,16017.199959605932
14472,OK,50.700,0.44,15880.400023888797
14473,OK,62.400,0.44,15883.499989286065
14474,OK,50.800,0.44,15815.600054338574
14475,OK,69.400,0.44,15937.099989969283
14476,OK,59.200,0.44,15911.400027107447
14477,OK,45.600,0.44,15894.000011030585
14478,OK,47.100,0.44,15890.899987425655
14479,OK,49.400,0.44,15953.299996908754
14480,OK,50.500,0.44,15885.000000707805
14481,OK,36.600,0.44,15971.899963915348
14482,OK,52.600,0.44,15893.800009507686
14483,OK,37.400,0.44,16010.699968319386
14484,OK,56.200,0.44,15888.400026597083
14485,OK,78.700,0.44,15862.300002481788
14486,OK,70.300,0.44,15904.800035059452
14487,OK,64.900,0.44,15938.700002152473
14488,OK,64.500,0.44,15894.900017883629
14489,OK,61.200,0.44,15898.300043772906
14490,OK,60.600,0.44,15904.400032013655
14491,OK,58.800,0.44,15866.199973970652
14492,OK,65.400,0.44,15937.899996060878
14493,OK,61.600,0.44,15890.19998209551
14494,OK,52.700,0.44,15901.500009931624
14495,OK,63.000,0.44,15881.100029218942
14496,OK,134.200,0.44,15769.899997394532
14497,OK,101.400,0.44,15843.600034713745
14498,OK,44.600,0.44,15917.00001154095
14499,OK,44.000,0.44,15934.4999701716
14500,OK,61.200,0.44,15936.000039801002
14501,OK,54.600,0.44,15793.89994731173
14502,OK,38.000,0.44,15975.699992850423
14503,OK,120.900,0.44,15797.100029885769
14504,OK,54.000,0.44,15882.90004292503
14505,OK,53.000,0.44,15909.899957478046
14506,OK,51.600,0.44,15913.79998717457
14507,OK,45.700,0.44,15926.200023386627
14508,OK,46.700,0.44,15917.900018393993
14509,OK,55.400,0.44,15878.40000865981
14510,OK,60.800,0.44,15924.600011203438
14511,OK,113.400,0.44,15885.8000067994
14512,OK,76.500,0.44,15943.39997973293
14513,OK,60.600,0.44,15765.499963890761
14514,OK,74.700,0.44,15950.300032272935
14515,OK,47.900,0.44,15891.899995040148
14516,OK,56.600,0.44,15899.1000498645
14517,OK,55.700,0.44,15979.899966623634
14518,OK,58.700,0.44,15867.000038269907
14519,OK,82.100,0.44,15898.699988611042
14520,OK,63.100,0.44,15856.499958317727
14521,OK,77.800,0.44,15872.800024226308
14522,OK,87.600,0.44,15904.000028967857
14523,OK,82.900,0.44,15757.899964228272
14524,OK,110.900,0.44,15861.299994867295
14525,OK,100.600,0.44,15852.199983783066
14526,OK,96.600,0.44,15871.500014327466
14527,OK,74.900,0.44,15907.89994224906
14528,OK,83.600,0.44,15871.399955358356
14529,OK,63.200,0.44,15877.400001045316
14530,OK,73.600,0.44,15879.700018558651
14531,OK,77.000,0.44,15891.099988948554
14532,OK,76.500,0.44,15877.900004852563
14533,OK,79.400,0.44,15886.899956967682
14534,OK,80.700,0.44,15824.600006453693
14535,OK,83.200,0.44,15860.799991060048
14536,OK,88.700,0.44,15881.599974818528
14537,OK,82.700,0.44,15855.699952226132
14538,OK,91.200,0.44,15917.600016109645
14539,OK,66.100,0.44,15882.999985478818
14540,OK,74.500,0.44,15861.099993344396
14541,OK,85.800,0.44,15806.100040208548
14542,OK,75.300,0.44,15910.600021015853
14543,OK,86.100,0.44,15870.800008997321
14544,OK,84.900,0.44,15911.300026345998
14545,OK,146.000,0.44,15817.100007552654
14546,OK,180.600,0.44,15637.200034689158
14547,OK,67.700,0.44,15864.900022279471
14548,OK,65.700,0.44,15893.900010269135
14549,OK,77.500,0.44,15899.400052148849
14550,OK,66.400,0.44,15857.000020332634
14551,OK,64.600,0.44,15888.90003040433
14552,OK,59.500,0.44,15933.600021526217
14553,OK,81.000,0.44,15855.800011195242
14554,OK,76.300,0.44,15960.099990479648
14555,OK,76.500,0.44,15859.399980399758
14556,OK,58.900,0.44,15915.50000011921
14557,OK,56.800,0.44,15883.599990047514
14558,OK,58.000,0.44,15901.100006885827
14559,OK,134.700,0.44,15771.200007293373
14560,OK,62.500,0.44,15889.399976003915
14561,OK,61.900,0.44,15906.999993603677
14562,OK,56.200,0.44,15927.600034046918
14563,OK,62.000,0.44,15862.200001720339
14564,OK,75.900,0.44,15878.900012467057
14565,OK,54.100,0.44,15908.300003502518
14566,OK,59.800,0.44,15904.89997761324
14567,OK,89.100,0.44,15899.899997748435
14568,OK,59.700,0.44,15830.700052902102
14569,OK,59.200,0.44,15931.000001728535
14570,OK,59.300,0.44,15865.599969401956
14571,OK,61.400,0.44,15920.800040476024
14572,OK,47.800,0.44,15985.599951818585
14573,OK,72.000,0.44,15869.700000621378
14574,OK,40.500,0.44,15936.2000413239
14575,OK,60.000,0.44,15848.300012294203
14576,OK,42.200,0.44,16169.300011824816
14577,OK,51.000,0.44,15907.699998933822
14578,OK,62.400,0.44,16007.400001399219
14579,OK,69.900,0.44,15572.699951007962
14580,OK,71.400,0.44,15927.599975839257
14581,OK,62.500,0.44,15881.100029218942
14582,OK,55.300,0.44,16007.600002922118
14583,OK,47.500,0.44,16262.999968603253
14584,OK,64.600,0.44,15583.299973513931
14585,OK,67.700,0.44,16046.600008849055
14586,OK,118.800,0.44,15668.799984268844
14587,OK,92.200,0.44,15860.799991060048
14588,OK,127.800,0.44,15680.200012866408
14589,OK,153.400,0.44,15822.899993509054
14590,OK,168.900,0.44,15728.200029116124
14591,OK,111.700,0.44,15827.600029297173
14592,OK,114.000,0.44,15763.700008392334
14593,OK,95.900,0.44,15696.600021328777
14594,OK,51.600,0.44,15892.700001131743
14595,OK,40.800,0.44,15977.800008840859
14596,OK,219.600,0.44,15811.8000254035
14597,OK,49.100,0.44,15822.399989701807
14598,OK,65.000,0.44,15980.400028638542
14599,OK,59.000,0.44,15892.099996563047
14600,OK,49.300,0.44,15904.299973044544
14601,OK,55.100,0.44,15838.60005484894
14602,OK,45.000,0.44,15929.399989545345
14603,OK,55.000,0.44,15910.000016447157
14604,OK,53.900,0.44,15972.599969245493
14605,OK,70.000,0.44,15867.700043600053
14606,OK,72.200,0.44,15883.999993093312
14607,OK,72.100,0.44,15906.999993603677
14608,OK,52.200,0.44,15916.000003926456
14609,OK,50.600,0.44,15908.00000121817
14610,OK,58.800,0.44,15876.300050877035
14611,OK,56.000,0.44,15940.50001585856
14612,OK,63.200,0.44,15913.300041574985
14613,OK,58.600,0.44,15921.899990644306
14614,OK,56.400,0.44,15909.200010355562
14615,OK,59.400,0.44,15895.900025498122
14616,OK,50.300,0.44,15921.899990644306
14617,OK,61.100,0.44,15918.599965516478
14618,OK,81.000,0.44,15878.800011705607
14619,OK,60.700,0.44,15882.400039117783
14620,OK,54.600,0.44,15898.99999089539
14621,OK,57.300,0.44,15873.399970587343
14622,OK,72.400,0.44,15875.39998581633
14623,OK,68.600,0.44,16315.200016833842
14624,OK,64.600,0.44,15451.000013854355
14625,OK,50.100,0.44,15954.600006807595
14626,OK,47.600,0.44,15906.799992080778
14627,OK,60.000,0.44,15936.399984639138
14628,OK,55.900,0.44,15849.099960178137
14629,OK,54.800,0.44,15973.399975337088
14630,OK,58.300,0.44,15909.800014924258
14631,OK,55.000,0.44,15866.599977016449
14632,OK,96.900,0.44,15815.699996892363
14633,OK,49.800,0.44,15943.699982017279
14634,OK,39.700,0.44,15910.499962046742
14635,OK,44.200,0.44,15928.6999842152
14636,OK,60.600,0.44,15872.40002118051
14637,OK,86.000,0.44,15982.499986421317
14638,OK,56.800,0.44,15905.199979897588
14639,OK,59.400,0.44,15914.699994027615
14640,OK,56.300,0.44,15892.900002654642
14641,OK,51.900,0.44,15949.700027704239
14642,OK,63.100,0.44,15807.500050868839
14643,OK,58.200,0.44,15907.90000045672
14644,OK,51.800,0.44,15915.800002403557
14645,OK,54.500,0.44,15931.100002489984
14646,OK,52.600,0.44,15976.399998180568
14647,OK,70.900,0.44,15879.79996111244
14648,OK,69.500,0.44,15846.900001633912
14649,OK,60.400,0.44,15881.399973295629
14650,OK,70.000,0.44,15994.200017303228
14651,OK,62.800,0.44,15854.900004342198
14652,OK,53.600,0.44,15915.39999935776
14653,OK,56.700,0.44,15963.399957399815
14654,OK,63.700,0.44,15880.400023888797
14655,OK,60.500,0.44,15898.599987849593
14656,OK,57.100,0.44,15920.200035907328
14657,OK,59.800,0.44,15916.000003926456
14658,OK,63.100,0.44,15880.600025411695
14659,OK,54.900,0.44,15797.299973201007
14660,OK,60.100,0.44,16028.399986680597
14661,OK,57.000,0.44,15882.099978625774
14662,OK,57.500,0.44,15809.500007890165
14663,OK,65.000,0.44,15871.899959165603
14664,OK,50.000,0.44,15952.999994624406
14665,OK,58.800,0.44,15907.199995126575
14666,OK,55.400,0.44,15988.500032108277
14667,OK,78.700,0.44,15812.700032256544
14668,OK,58.200,0.44,16011.59997517243
14669,OK,73.900,0.44,15758.499968796968
14670,OK,47.000,0.44,15938.900003675371
14671,OK,46.000,0.44,15919.599973130971
14672,OK,49.100,0.44,15950.400033034384
14673,OK,80.900,0.44,15870.100003667176
14674,OK,73.400,0.44,15869.49999909848
14675,OK,110.300,0.44,15812.400029972196
14676,OK,52.800,0.44,15981.399978045374
14677,OK,54.800,0.44,15910.499962046742
14678,OK,52.400,0.44,15871.799958404154
14679,OK,57.900,0.44,15872.900024987757
14680,OK,60.100,0.44,15959.499985910952
14681,OK,55.100,0.44,15900.70000384003
14682,OK,47.900,0.44,15905.09997913614
14683,OK,49.000,0.44,15964.200021699071
14684,OK,55.300,0.44,15894.100011792034
14685,OK,64.900,0.44,15931.899950373918
14686,OK,80.700,0.44,15878.40000865981
14687,OK,70.800,0.44,15906.199987512082
14688,OK,66.300,0.44,15842.999971937388
14689,OK,51.900,0.44,15938.800002913922
14690,OK,58.000,0.44,15915.50000011921
14691,OK,60.400,0.44,15907.799999695271
14692,OK,59.400,0.44,15890.399983618408
14693,OK,163.200,0.44,15696.600021328777
14694,OK,188.000,0.44,15706.199978012592
14695,OK,91.700,0.44,15847.700007725507
14696,OK,82.100,0.44,15876.399993430823
14697,OK,64.400,0.44,15923.200000543147
14698,OK,157.700,0.44,15728.199970908463
14699,OK,68.100,0.44,15908.10000197962
14700,OK,62.300,0.44,15908.10000197962
14701,OK,67.500,0.44,15851.399977691472
14702,OK,295.900,0.44,15374.900016468018
14703,OK,57.000,0.44,15918.600023724139
14704,OK,77.600,0.44,15888.099966105074
14705,OK,53.900,0.44,15911.199967376888
14706,OK,46.100,0.44,15919.499972369522
14707,OK,45.200,0.44,15946.900006383657
14708,OK,45.500,0.44,15891.499991994351
14709,OK,45.300,0.44,15914.799994789064
14710,OK,58.600,0.44,15923.200000543147
14711,OK,54.300,0.44,15934.799972455949
14712,OK,51.600,0.44,15932.399954181165
14713,OK,49.400,0.44,15930.699999444187
14714,OK,65.500,0.44,15902.10001450032
14715,OK,66.100,0.44,15917.899960186332
14716,OK,44.000,0.44,15849.399962462485
14717,OK,35.100,0.44,15952.099987771362
14718,OK,38.700,0.44,15944.900049362332
14719,OK,37.900,0.44,15939.300006721169
14720,OK,38.700,0.44,15869.39999833703
14721,OK,47.500,0.44,15959.299984388053
14722,OK,44.900,0.44,15950.600034557283
14723,OK,46.800,0.44,15935.200033709407
14724,OK,56.500,0.44,15816.600003745407
14725,OK,46.600,0.44,15844.399982597679
14726,OK,63.100,0.44,16003.800032194704
14727,OK,52.000,0.44,15919.999976176769
14728,OK,71.100,0.44,15912.799979560077
14729,OK,69.600,0.44,15853.699995204806
14730,OK,70.300,0.44,15910.100017208606
14731,OK,62.600,0.44,15905.599982943386
14732,OK,64.600,0.44,15870.800008997321
14733,OK,57.300,0.44,15914.199990220368
14734,OK,57.400,0.44,15906.899992842227
14735,OK,68.300,0.44,15919.700032100081
14736,OK,72.700,0.44,15850.700030568987
14737,OK,66.900,0.44,15894.80001712218
14738,OK,61.500,0.44,15920.999983791262
14739,OK,61.600,0.44,15849.400020670146
14740,OK,44.300,0.44,15911.500027868897
14741,OK,38.900,0.44,15994.200017303228
14742,OK,68.000,0.44,15849.399962462485
14743,OK,45.200,0.44,15978.200011886656
14744,OK,128.200,0.44,15739.299997221678
14745,OK,69.100,0.44,15896.599972620606
14746,OK,52.100,0.44,15909.999958239496
14747,OK,47.600,0.44,15916.400006972253
14748,OK,44.800,0.44,15933.10001771897
14749,OK,51.500,0.44,15885.300002992153
14750,OK,67.700,0.44,15910.100017208606
14751,OK,84.900,0.44,15861.399995628744
14752,OK,88.900,0.44,15833.400015253574
14753,OK,107.200,0.44,15826.49996271357
14754,OK,94.100,0.44,15846.800000872463
14755,OK,88.600,0.44,15865.800029132515
14756,OK,116.300,0.44,15865.500026848167
14757,OK,136.400,0.44,15777.49999705702
14758,OK,66.100,0.44,15888.499969150871
14759,OK,70.300,0.44,15833.299956284463
14760,OK,86.500,0.44,15817.400009837002
14761,OK,69.200,0.44,15903.3999661915
14762,OK,83.600,0.44,15924.900013487786
14763,OK,81.700,0.44,15815.699996892363
14764,OK,83.700,0.44,15879.199956543744
14765,OK,74.500,0.44,18069.49998717755
14766,OK,112.300,0.44,13631.100009661168
14767,OK,89.700,0.44,15846.900001633912
14768,OK,67.900,0.44,15883.599990047514
14769,OK,65.400,0.44,15902.899962384254
14770,OK,68.500,0.44,15904.100029729307
14771,OK,114.100,0.44,15827.100025489926
14772,OK,107.200,0.44,15833.600016776472
14773,OK,105.600,0.44,15831.099997740239
14774,OK,78.300,0.44,15863.000007811934
14775,OK,79.000,0.44,15925.099956803024
14776,OK,92.600,0.44,15838.199993595481
14777,OK,100.600,0.44,15842.80002862215
14778,OK,92.100,0.44,15889.299975242466
14779,OK,111.800,0.44,15757.300017867237
14780,OK,79.700,0.44,15831.099997740239
14781,OK,54.500,0.44,15924.20000815764
14782,OK,51.600,0.44,15924.699953757226
14783,OK,56.100,0.44,15977.199946064502
14784,OK,65.900,0.44,15925.79996213317
14785,OK,62.200,0.44,15870.600007474422
14786,OK,54.500,0.44,15908.200002741069
14787,OK,57.000,0.44,15899.299993179739
14788,OK,57.100,0.44,15871.599956881255
14789,OK,53.100,0.44,15976.399998180568
14790,OK,60.500,0.44,15875.499986577779
14791,OK,53.000,0.44,15915.39999935776
14792,OK,128.000,0.44,15790.400037076324
14793,OK,79.300,0.44,15907.90000045672
14794,OK,62.400,0.44,15899.799996986985
14795,OK,58.600,0.44,15843.899978790432
14796,OK,57.100,0.44,15870.600007474422
14797,OK,56.600,0.44,15973.900037351996
14798,OK,65.400,0.44,15878.30000789836
14799,OK,81.300,0.44,15946.800005622208
14800,OK,106.100,0.44,15824.000001884997
14801,OK,62.000,0.44,15798.799984622747
14802,OK,98.500,0.44,15786.999952979386
14803,OK,82.400,0.44,15910.000016447157
14804,OK,58.300,0.44,16036.99999395758
14805,OK,226.800,0.44,15600.099985022098
14806,OK,63.100,0.44,15866.60003522411
14807,OK,52.900,0.44,15913.499984890223
14808,OK,56.800,0.44,15927.20003100112
14809,OK,73.500,0.44,15778.300003148615
14810,OK,46.600,0.44,16247.29996547103
14811,OK,52.600,0.44,15804.600028786808
14812,OK,54.400,0.44,16127.0999815315
14813,OK,67.500,0.44,15901.600010693073
14814,OK,72.700,0.44,15555.100049823523
14815,OK,72.000,0.44,15928.399981930852
14816,OK,45.600,0.44,15855.300007387996
14817,OK,50.400,0.44,16224.000020883977
14818,OK,50.400,0.44,16027.300036512315
14819,OK,64.200,0.44,15834.599966183305
14820,OK,62.200,0.44,15822.899993509054
14821,OK,68.900,0.44,16050.100035499781
14822,OK,96.700,0.44,15854.099998250604
14823,OK,109.300,0.44,15520.600019954145
14824,OK,126.500,0.44,15848.600014578551
14825,OK,137.700,0.44,15721.099975053221
14826,OK,169.900,0.44,15667.299972847104
14827,OK,78.300,0.44,16020.299983210862
14828,OK,236.200,0.44,15425.799996592104
14829,OK,53.300,0.44,15802.90001584217
14830,OK,61.200,0.44,16873.90002189204
14831,OK,63.800,0.44,14945.799950510263
14832,OK,48.700,0.44,15954.100003000349
14833,OK,46.900,0.44,15927.09997203201
14834,OK,50.000,0.44,15866.39997549355
14835,OK,55.500,0.44,15950.299974065274
14836,OK,93.600,0.44,15856.799960602075
14837,OK,53.600,0.44,15925.70001957938
14838,OK,53.900,0.44,15844.19998107478
14839,OK,58.400,0.44,15970.10000841692
14840,OK,41.600,0.44,15919.79997465387
14841,OK,74.000,0.44,15924.600011203438
14842,OK,43.500,0.44,15828.700037673116
14843,OK,61.100,0.44,16015.700006391853
14844,OK,49.200,0.44,15878.499951213598
14845,OK,48.600,0.44,15934.999973978847
14846,OK,56.800,0.44,15905.799984466285
14847,OK,49.600,0.44,15951.099980156869
14848,OK,63.000,0.44,15878.000005614012
14849,OK,53.100,0.44,15855.300007387996
14850,OK,51.100,0.44,15934.199967887253
14851,OK,59.500,0.44,15895.800024736673
14852,OK,54.900,0.44,15909.300011117011
14853,OK,77.000,0.44,15888.600028119981
14854,OK,59.800,0.44,15886.400011368096
14855,OK,51.000,0.44,15880.500024650246
14856,OK,49.400,0.44,15987.99997009337
14857,OK,56.400,0.44,15856.800018809736
14858,OK,50.600,0.44,15924.40000968054
14859,OK,56.900,0.44,15907.699998933822
14860,OK,74.800,0.44,15887.40001898259
14861,OK,55.500,0.44,15925.000014249235
14862,OK,59.400,0.44,15938.399999868125
14863,OK,56.900,0.44,15865.600027609617
14864,OK,57.100,0.44,15891.5999927558
14865,OK,44.000,0.44,16107.100003864616
14866,OK,64.800,0.44,15737.59998427704
14867,OK,56.900,0.44,15911.499969661236
14868,OK,69.700,0.44,15896.199969574809
14869,OK,62.200,0.44,15932.700014673173
14870,OK,49.500,0.44,15887.699963059276
14871,OK,43.300,0.44,15925.90002110228
14872,OK,86.100,0.44,15855.600009672344
14873,OK,97.200,0.44,15838.799998164177
14874,OK,46.800,0.44,15898.800047580153
14875,OK,31.800,0.44,16044.099989812821
14876,OK,69.600,0.44,15873.699972871691
14877,OK,59.100,0.44,15866.299974732101
14878,OK,46.400,0.44,15919.999976176769
14879,OK,50.700,0.44,15889.999980572611
14880,OK,52.800,0.44,16022.399999201298
14881,OK,63.600,0.44,15739.19999646023
14882,OK,57.400,0.44,16052.700055297464
14883,OK,55.100,0.44,15856.600017286837
14884,OK,57.900,0.44,15903.49996695295
14885,OK,55.400,0.44,15879.400016274303
14886,OK,53.500,0.44,15924.40000968054
14887,OK,44.300,0.44,15942.699974402785
14888,OK,45.700,0.44,15924.20000815764
14889,OK,50.200,0.44,15870.000002905726
14890,OK,48.100,0.44,15957.400028128177
14891,OK,128.600,0.44,15882.400039117783
14892,OK,60.100,0.44,15910.200017970055
14893,OK,73.900,0.44,15845.899994019419
14894,OK,75.600,0.44,15901.400009170175
14895,OK,61.100,0.44,15971.299959346652
14896,OK,60.300,0.44,15813.09997709468
14897,OK,47.900,0.44,15872.700023464859
14898,OK,46.800,0.44,15987.79996857047
14899,OK,48.200,0.44,15896.800032351166
14900,OK,71.200,0.44,15835.29997151345
14901,OK,51.100,0.44,15889.999980572611
14902,OK,92.300,0.44,15808.500000275671
14903,OK,61.900,0.44,16015.700006391853
14904,OK,109.100,0.44,15757.900022435933
14905,OK,53.000,0.44,15901.199949439615
14906,OK,49.400,0.44,15950.199973303825
14907,OK,64.200,0.44,15918.999968562275
14908,OK,56.600,0.44,15861.799998674542
14909,OK,52.300,0.44,15946.700004860759
14910,OK,52.900,0.44,15927.499975077808
14911,OK,73.300,0.44,15843.300032429397
14912,OK,51.800,0.44,15953.199996147305
14913,OK,56.000,0.44,15870.800008997321
14914,OK,54.500,0.44,15925.899962894619
14915,OK,57.600,0.44,15900.50000231713
14916,OK,56.000,0.44,15930.29999639839
14917,OK,63.600,0.44,15874.399978201836
14918,OK,57.700,0.44,15917.399956379086
14919,OK,56.800,0.44,15906.899992842227
14920,OK,55.300,0.44,15914.399991743267
14921,OK,53.700,0.44,15928.199980407953
14922,OK,70.600,0.44,15882.700041402131
14923,OK,61.500,0.44,15876.299992669374
14924,OK,135.500,0.44,15861.699997913092
14925,OK,61.000,0.44,15755.4000033997
14926,OK,60.700,0.44,15971.80002136156
14927,OK,61.500,0.44,15832.700009923428
14928,OK,72.300,0.44,15922.79999749735
14929,OK,113.100,0.44,15811.59996567294
14930,OK,63.000,0.44,15888.799971435219
14931,OK,60.600,0.44,15953.599999193102
14932,OK,75.500,0.44,15871.700015850365
14933,OK,82.300,0.44,15823.199995793402
14934,OK,70.000,0.44,15920.199977699667
14935,OK,69.800,0.44,15851.099975407124
14936,OK,108.100,0.44,15769.599995110184
14937,OK,67.300,0.44,15962.90001180023
14938,OK,54.700,0.44,15914.499992504716
14939,OK,54.800,0.44,15862.999949604273
14940,OK,53.800,0.44,15878.800011705607
14941,OK,75.500,0.44,15951.700042933226
14942,OK,60.200,0.44,15898.500045295805
14943,OK,49.300,0.44,15849.500021431595
14944,OK,48.300,0.44,15922.099992167205
14945,OK,48.200,0.44,15995.999972801656
14946,OK,51.600,0.44,15876.79999647662
14947,OK,50.600,0.44,15904.499974567443
14948,OK,32.300,0.44,15877.400001045316
14949,OK,27.500,0.44,15993.100008927286
14950,OK,56.400,0.44,15877.500001806766
14951,OK,76.600,0.44,15955.799957737327
14952,OK,46.600,0.44,15860.900050029159
14953,OK,52.000,0.44,15915.39999935776
14954,OK,46.000,0.44,15938.299999106675
14955,OK,51.700,0.44,15910.600021015853
14956,OK,47.900,0.44,15906.100044958293
14957,OK,59.900,0.44,15964.899968821555
14958,OK,204.000,0.44,15674.400026910007
14959,OK,68.300,0.44,15875.900047831237
14960,OK,43.800,0.44,15925.500018056482
14961,OK,47.300,0.44,15928.79998497665
14962,OK,47.400,0.44,15941.800025757402
14963,OK,54.700,0.44,15874.799981247634
14964,OK,46.900,0.44,15981.700038537383
14965,OK,150.200,0.44,15757.400018628687
14966,OK,57.100,0.44,15894.799958914518
14967,OK,55.800,0.44,15903.999970760196
14968,OK,60.300,0.44,15932.99995874986
14969,OK,50.400,0.44,15931.60000629723
14970,OK,56.600,0.44,15863.900014664978
14971,OK,49.200,0.44,15928.100037854165
14972,OK,51.600,0.44,15973.3000327833
14973,OK,56.400,0.44,15891.999995801598
14974,OK,146.400,0.44,15738.899994175881
14975,OK,143.200,0.44,15744.000033009797
14976,OK,46.300,0.44,15925.600018817931
14977,OK,58.600,0.44,15915.600000880659
14978,OK,60.300,0.44,15919.999976176769
14979,OK,50.100,0.44,15842.600027099252
14980,OK,57.300,0.44,15932.200010865927
14981,OK,73.500,0.44,15903.899969998747
14982,OK,83.400,0.44,15868.199989199638
14983,OK,98.100,0.44,15839.400002732873
14984,OK,87.400,0.44,15830.699994694442
14985,OK,87.800,0.44,15946.700004860759
14986,OK,85.800,0.44,15768.500044941902
14987,OK,87.400,0.44,15875.999990385026
14988,OK,84.100,0.44,15903.199964668602
14989,OK,80.100,0.44,15880.999970249832
14990,OK,80.100,0.44,15843.500033952296
14991,OK,101.700,0.44,15852.199983783066
14992,OK,90.400,0.44,15870.400005951524
14993,OK,91.600,0.44,15856.799960602075
14994,OK,92.600,0.44,15861.499996390194
14995,OK,69.800,0.44,15878.699952736497
14996,OK,67.100,0.44,15880.600025411695
14997,OK,69.600,0.44,15907.799999695271
14998,OK,66.100,0.44,15831.099997740239
14999,OK,85.000,0.44,15889.799979049712
15000,OK,81.600,0.44,15878.000005614012
15001,OK,87.600,0.44,15697.799972258508
15002,OK,111.500,0.44,15852.299984544516
15003,OK,75.100,0.44,15888.200025074184
15004,OK,79.500,0.44,15895.000018645078
15005,OK,84.000,0.44,15805.600036401302
15006,OK,80.600,0.44,15889.399976003915
15007,OK,88.500,0.44,15943.299978971481
15008,OK,81.000,0.44,15781.699970830232
15009,OK,101.200,0.44,15853.19999139756
15010,OK,116.500,0.44,15788.999968208373
15011,OK,92.100,0.44,15869.199996814132
15012,OK,64.300,0.44,15910.499962046742
15013,OK,56.800,0.44,15902.899962384254
15014,OK,73.600,0.44,15830.79999545589
15015,OK,53.700,0.44,16001.100011635572
15016,OK,76.100,0.44,15879.8000193201
15017,OK,65.700,0.44,15913.599985651672
15018,OK,55.400,0.44,15917.100012302399
15019,OK,59.400,0.44,15892.800001893193
15020,OK,57.200,0.44,15916.300006210804
15021,OK,60.400,0.44,15890.999988187104
15022,OK,56.700,0.44,15896.599972620606
15023,OK,55.200,0.44,15870.400005951524
15024,OK,75.200,0.44,15850.30002752319
15025,OK,62.500,0.44,15951.499983202666
15026,OK,60.500,0.44,15801.30000365898
15027,OK,57.600,0.44,15959.000040311366
15028,OK,60.800,0.44,15912.900038529187
15029,OK,59.600,0.44,15887.900022789836
15030,OK,49.800,0.44,15878.799953497946
15031,OK,47.100,0.44,15953.199996147305
15032,OK,67.700,0.44,15895.299962721765
15033,OK,44.600,0.44,16002.000018488616
15034,OK,126.100,0.44,15669.899992644787
15035,OK,61.100,0.44,15961.29999961704
15036,OK,42.600,0.44,16134.49997967109
15037,OK,73.800,0.44,15761.999995447695
15038,OK,57.800,0.44,15914.699994027615
15039,OK,58.700,0.44,15895.699965767562
15040,OK,74.000,0.44,15904.300031252205
15041,OK,72.700,0.44,15831.199998501688
15042,OK,62.700,0.44,15940.200013574213
15043,OK,75.300,0.44,16202.600032556802
15044,OK,97.500,0.44,15956.200018990785
15045,OK,123.000,0.44,15417.699993122369
15046,OK,117.800,0.44,16140.300023835152
15047,OK,129.200,0.44,15448.399994056672
15048,OK,80.600,0.44,15772.800019476563
15049,OK,61.800,0.44,16237.200004979968
15050,OK,78.700,0.44,15910.400019492954
15051,OK,53.100,0.44,15865.399967879057
15052,OK,55.000,0.44,15560.700034257025
15053,OK,48.800,0.44,16112.100041937083
15054,OK,294.500,0.44,15447.499987203628
15055,OK,54.300,0.44,15816.500002983958
15056,OK,56.500,0.44,15943.49998049438
15057,OK,60.700,0.44,15868.599992245436
15058,OK,50.900,0.44,15940.100012812763
15059,OK,57.900,0.44,16026.599972974509
15060,OK,53.100,0.44,15844.799985643476
15061,OK,52.100,0.44,15835.199970752
15062,OK,59.700,0.44,15981.600037775934
15063,OK,62.100,0.44,15874.299977440387
15064,OK,46.300,0.44,15976.499998942018
15065,OK,54.700,0.44,15843.699977267534
15066,OK,46.200,0.44,15941.000019665807
15067,OK,44.900,0.44,15920.400037430227
15068,OK,45.800,0.44,15934.999973978847
15069,OK,53.000,0.44,15920.499979984015
15070,OK,45.300,0.44,15907.099994365126
15071,OK,35.900,0.44,15967.699990142137
15072,OK,46.900,0.44,15914.699994027615
15073,OK,37.700,0.44,15938.800002913922
15074,OK,56.700,0.44,15915.600000880659
15075,OK,45.900,0.44,15931.000001728535
15076,OK,43.200,0.44,15942.900034133345
15077,OK,57.800,0.44,15889.900038018823
15078,OK,44.400,0.44,15925.399959087372
15079,OK,38.700,0.44,15959.299984388053
15080,OK,46.800,0.44,15909.40001187846
15081,OK,39.900,0.44,16000.100004021078
15082,OK,48.700,0.44,15865.999972447753
15083,OK,40.900,0.44,15911.300026345998
15084,OK,51.300,0.44,15968.299994710833
15085,OK,48.000,0.44,15900.800004601479
15086,OK,44.100,0.44,15947.700012475252
15087,OK,66.200,0.44,15886.799956206232
15088,OK,61.700,0.44,15901.199949439615
15089,OK,46.300,0.44,15951.499983202666
15090,OK,49.600,0.44,15887.000015936792
15091,OK,53.200,0.44,15909.899957478046
15092,OK,86.900,0.44,15810.500015504658
15093,OK,66.900,0.44,16004.4000367634
15094,OK,78.200,0.44,15804.500028025359
15095,OK,52.700,0.44,15889.699978288263
15096,OK,34.600,0.44,15917.100012302399
15097,OK,57.500,0.44,15955.40001289919
15098,OK,44.900,0.44,15917.900018393993
15099,OK,44.000,0.44,15928.6999842152
15100,OK,48.600,0.44,15916.80001001805
15101,OK,53.900,0.44,15888.299967627972
15102,OK,59.800,0.44,15930.800000205636
15103,OK,55.300,0.44,15888.499969150871
15104,OK,53.200,0.44,15846.599999349564
15105,OK,91.700,0.44,15864.699962548912
15106,OK,52.900,0.44,15964.999969583005
15107,OK,53.300,0.44,15947.500010952353
15108,OK,59.300,0.44,15814.799990039319
15109,OK,54.300,0.44,15922.499995213002
15110,OK,63.400,0.44,15924.700011964887
15111,OK,46.000,0.44,15925.299958325922
15112,OK,48.600,0.44,15923.300001304597
15113,OK,64.600,0.44,15868.10004664585
15114,OK,67.800,0.44,15897.49997947365
15115,OK,56.200,0.44,15996.90003786236
15116,OK,58.500,0.44,15859.699982684106
15117,OK,124.700,0.44,15794.099948834628
15118,OK,59.300,0.44,15932.600013911724
15119,OK,58.000,0.44,15853.19999139756
15120,OK,55.200,0.44,15905.600041151047
15121,OK,58.300,0.44,15891.899995040148
15122,OK,54.500,0.44,15959.200041834265
15123,OK,48.200,0.44,15879.499958828092
15124,OK,46.400,0.44,15948.399959597737
15125,OK,47.600,0.44,15906.999993603677
15126,OK,56.200,0.44,15819.300024304539
15127,OK,63.400,0.44,15983.49999403581
15128,OK,54.900,0.44,15829.60004452616
15129,OK,55.500,0.44,15926.200023386627
15130,OK,49.800,0.44,15929.200046230108
15131,OK,49.500,0.44,15900.400001555681
15132,OK,53.700,0.44,15948.0000147596
15133,OK,52.500,0.44,15992.300002835691
15134,OK,65.300,0.44,15778.200002387166
15135,OK,68.400,0.44,15951.599983964115
15136,OK,115.200,0.44,15771.899954415858
15137,OK,59.900,0.44,15927.699976600707
15138,OK,65.100,0.44,15913.599985651672
15139,OK,76.200,0.44,15776.19998715818
15140,OK,64.700,0.44,15969.300002325326
15141,OK,73.700,0.44,15886.200009845197
15142,OK,54.900,0.44,15912.60003624484
15143,OK,56.300,0.44,15847.399947233498
15144,OK,62.500,0.44,15935.599978547543
15145,OK,111.500,0.44,15864.500019233674
15146,OK,54.700,0.44,15869.800001382828
15147,OK,51.100,0.44,15962.400007992983
15148,OK,58.600,0.44,15909.899957478046
15149,OK,56.300,0.44,15912.999981082976
15150,OK,71.900,0.44,15895.099961198866
15151,OK,71.800,0.44,15817.100007552654
15152,OK,50.700,0.44,15915.700001642108
15153,OK,52.800,0.44,15887.299960013479
15154,OK,45.600,0.44,15931.300004012883
15155,OK,49.500,0.44,15946.000057738274
15156,OK,46.800,0.44,15925.69996137172
15157,OK,64.300,0.44,15901.500009931624
15158,OK,47.100,0.44,15926.899970509112
15159,OK,49.100,0.44,15927.19997279346
15160,OK,46.700,0.44,15928.6999842152
15161,OK,51.900,0.44,15916.000003926456
15162,OK,55.000,0.44,15920.600038953125
15163,OK,56.100,0.44,15893.700008746237
15164,OK,58.100,0.44,15917.900018393993
15165,OK,57.500,0.44,15907.999943010509
15166,OK,59.400,0.44,15900.70000384003
15167,OK,76.200,0.44,15874.899982009083
15168,OK,55.800,0.44,15898.099984042346
15169,OK,48.300,0.44,15919.399971608073
15170,OK,43.500,0.44,15971.69996239245
15171,OK,43.700,0.44,15909.900015685707
15172,OK,40.800,0.44,15963.899961207062
15173,OK,50.200,0.44,15912.39997651428
15174,OK,51.500,0.44,15899.700054433197
15175,OK,55.800,0.44,15888.999972958118
15176,OK,51.600,0.44,15918.600023724139
15177,OK,50.000,0.44,15906.300046481192
15178,OK,40.200,0.44,16046.400007326156
15179,OK,174.700,0.44,15648.900007363409
15180,OK,72.900,0.44,15905.20003810525
15181,OK,61.100,0.44,15865.700028371066
15182,OK,59.600,0.44,15875.999990385026
15183,OK,73.000,0.44,16012.699983548373
15184,OK,64.200,0.44,15859.09997811541
15185,OK,64.900,0.44,15892.499999608845
15186,OK,60.900,0.44,15863.000007811934
15187,OK,54.700,0.44,15964.40002322197
15188,OK,94.600,0.44,15793.90000551939
15189,OK,97.500,0.44,15816.800005268306
15190,OK,47.100,0.44,15906.59999055788
15191,OK,38.700,0.44,15986.599959433079
15192,OK,43.400,0.44,15914.499992504716
15193,OK,40.800,0.44,15954.600006807595
15194,OK,45.100,0.44,15927.09997203201
15195,OK,115.900,0.44,15819.599968381226
15196,OK,56.500,0.44,15879.200014751405
15197,OK,63.800,0.44,15901.700011454523
15198,OK,78.800,0.44,15869.50005730614
15199,OK,66.100,0.44,15891.499991994351
15200,OK,59.100,0.44,15885.999950114638
15201,OK,100.200,0.44,15781.200025230646
15202,OK,62.600,0.44,15836.199978366494
15203,OK,89.500,0.44,15853.999997489154
15204,OK,64.000,0.44,15878.200007136911
15205,OK,97.300,0.44,15893.30000570044
15206,OK,62.400,0.44,15857.300022616982
15207,OK,80.900,0.44,15867.400041315705
15208,OK,74.500,0.44,15889.400034211576
15209,OK,60.100,0.44,15901.700011454523
15210,OK,79.100,0.44,15875.000040978193
15211,OK,109.900,0.44,15834.199963137507
15212,OK,66.500,0.44,15880.599967204034
15213,OK,83.700,0.44,15843.400033190846
15214,OK,83.000,0.44,15860.699990298599
15215,OK,82.300,0.44,15884.699998423457
15216,OK,89.400,0.44,15850.900032091886
15217,OK,68.500,0.44,15909.199952147901
15218,OK,96.600,0.44,15850.700030568987
15219,OK,84.200,0.44,15894.59995739162
15220,OK,94.300,0.44,15867.89998691529
15221,OK,96.500,0.44,15799.399989191443
15222,OK,96.900,0.44,15853.100048843771
15223,OK,129.500,0.44,15826.800023205578
15224,OK,88.100,0.44,15827.79997261241
15225,OK,85.200,0.44,15863.899956457317
15226,OK,66.700,0.44,15860.399988014251
15227,OK,51.200,0.44,15952.29998929426
15228,OK,128.600,0.44,15828.499977942556
15229,OK,109.500,0.44,15939.400007482618
15230,OK,88.000,0.44,15772.900020238012
15231,OK,71.400,0.44,15867.89998691529
15232,OK,68.300,0.44,15840.900014154613
15233,OK,47.800,0.44,15895.699965767562
15234,OK,46.400,0.44,15985.900012310594
15235,OK,45.700,0.44,15888.200025074184
15236,OK,44.100,0.44,16001.900017727166
15237,OK,71.900,0.44,15842.500026337802
15238,OK,62.900,0.44,15939.299948513508
15239,OK,47.300,0.44,15934.900031425059
15240,OK,50.300,0.44,15905.499982181937
15241,OK,62.300,0.44,15944.299986585975
15242,OK,149.200,0.44,15699.20004112646
15243,OK,54.200,0.44,15933.600021526217
15244,OK,68.200,0.44,15886.199951637536
15245,OK,82.500,0.44,15855.200006626546
15246,OK,67.500,0.44,15936.499985400587
15247,OK,70.600,0.44,15890.19998209551
15248,OK,80.000,0.44,15845.69999249652
15249,OK,120.300,0.44,15821.100038010627
15250,OK,87.600,0.44,15877.600002568215
15251,OK,64.900,0.44,15822.500048670918
15252,OK,68.800,0.44,15983.899997081608
15253,OK,57.500,0.44,15864.399960264564
15254,OK,55.600,0.44,15899.599995464087
15255,OK,52.100,0.44,15938.199998345226
15256,OK,93.300,0.44,15862.10000095889
15257,OK,65.100,0.44,15905.800042673945
15258,OK,61.000,0.44,15886.400011368096
15259,OK,49.400,0.44,15947.800013236701
15260,OK,54.200,0.44,15856.800018809736
15261,OK,57.800,0.44,15950.299974065274
15262,OK,69.000,0.44,15925.400017295033
15263,OK,46.100,0.44,16191.700007766485
15264,OK,72.100,0.44,15944.99999191612
15265,OK,51.800,0.44,15550.500014796853
15266,OK,52.100,0.44,15870.400005951524
15267,OK,50.700,0.44,15925.400017295033
15268,OK,53.400,0.44,16158.799990080297
15269,OK,45.900,0.44,16011.799976695329
15270,OK,72.700,0.44,15990.299987606704
15271,OK,57.200,0.44,15597.400022670627
15272,OK,59.100,0.44,16074.199986178428
15273,OK,66.100,0.44,15948.200016282499
15274,OK,75.200,0.44,15892.499999608845
15275,OK,91.200,0.44,15656.500007025898
15276,OK,103.000,0.44,15809.000004082918
15277,OK,92.600,0.44,15803.200018126518
15278,OK,94.600,0.44,15739.399997983128
15279,OK,109.000,0.44,15807.399991899729
15280,OK,71.300,0.44,15866.099973209202
15281,OK,69.900,0.44,15942.2000288032
15282,OK,62.400,0.44,15889.399976003915
15283,OK,42.700,0.44,15923.900005873293
15284,OK,44.500,0.44,15938.700002152473
15285,OK,50.400,0.44,15875.800047069788
15286,OK,74.300,0.44,15862.00000019744
15287,OK,54.500,0.44,15947.99995655194
15288,OK,56.700,0.44,15912.999981082976
15289,OK,57.300,0.44,15918.999968562275
15290,OK,72.300,0.44,15868.499991483986
15291,OK,46.500,0.44,15904.099971521646
15292,OK,40.200,0.44,15938.399999868125
15293,OK,60.500,0.44,16008.400009013712
15294,OK,66.600,0.44,15811.300021596253
15295,OK,49.600,0.44,15962.300007231534
15296,OK,49.600,0.44,15931.60000629723
15297,OK,57.700,0.44,15951.299981679767
15298,OK,66.200,0.44,15811.70002464205
15299,OK,78.000,0.44,15929.899993352592
15300,OK,67.700,0.44,15873.499971348792
15301,OK,72.000,0.44,15716.499998234212
15302,OK,54.500,0.44,15943.199978210032
15303,OK,50.400,0.44,15815.99999917671
15304,OK,44.300,0.44,15932.600013911724
15305,OK,44.900,0.44,15924.800012726337
15306,OK,65.600,0.44,15899.499994702637
15307,OK,54.300,0.44,15885.90000756085
15308,OK,66.400,0.44,15983.699995558709
15309,OK,48.800,0.44,15941.499965265393
15310,OK,48.800,0.44,15925.000014249235
15311,OK,56.300,0.44,15938.399999868125
15312,OK,61.700,0.44,15866.400033701211
15313,OK,89.200,0.44,15901.400009170175
15314,OK,58.100,0.44,15906.899992842227
15315,OK,111.200,0.44,15856.20001424104
15316,OK,74.100,0.44,15855.600009672344
15317,OK,82.300,0.44,15901.400009170175
15318,OK,60.400,0.44,15902.999963145703
15319,OK,62.500,0.44,15886.200009845197
15320,OK,60.900,0.44,15922.099992167205
15321,OK,64.100,0.44,15865.800029132515
15322,OK,58.700,0.44,15885.200002230704
15323,OK,61.500,0.44,15851.200034376234
15324,OK,56.000,0.44,15925.80002034083
15325,OK,52.800,0.44,15970.600012224168
15326,OK,52.200,0.44,15898.699988611042
15327,OK,54.400,0.44,15849.000017624348
15328,OK,67.500,0.44,15951.799985487014
15329,OK,63.600,0.44,15896.600030828267
15330,OK,69.400,0.44,15836.500038858503
15331,OK,60.500,0.44,15990.699990652502
15332,OK,59.400,0.44,15842.999971937388
15333,OK,56.600,0.44,15907.399996649474
15334,OK,58.700,0.44,15895.200020167977
15335,OK,54.800,0.44,15900.099999271333
15336,OK,59.400,0.44,15905.699983704835
15337,OK,59.300,0.44,15853.09999063611
15338,OK,77.200,0.44,15882.099978625774
15339,OK,56.800,0.44,15880.499966442585
15340,OK,77.300,0.44,15871.899959165603
15341,OK,50.000,0.44,15985.600010026246
15342,OK,52.200,0.44,15912.899980321527
15343,OK,58.700,0.44,15908.800007309765
15344,OK,71.200,0.44,15893.30000570044
15345,OK,66.300,0.44,15954.200003761798
15346,OK,58.000,0.44,15878.50000942126
15347,OK,71.800,0.44,15858.899976592511
15348,OK,60.300,0.44,15931.70000705868
15349,OK,59.300,0.44,15904.500032775104
15350,OK,55.900,0.44,15865.00002304092
15351,OK,55.700,0.44,15923.099999781698
15352,OK,68.300,0.44,15829.400043003261
15353,OK,57.500,0.44,15920.499979984015
15354,OK,66.400,0.44,15896.899974904954
15355,OK,88.900,0.44,15851.59997921437
15356,OK,75.300,0.44,16002.999967895448
15357,OK,99.800,0.44,15671.00000102073
15358,OK,112.700,0.44,15803.300018887967
15359,OK,93.000,0.44,15860.59998953715
15360,OK,108.600,0.44,15810.799959581345
15361,OK,86.500,0.44,15805.299975909293
15362,OK,92.800,0.44,15769.200050272048
15363,OK,94.200,0.44,15920.099976938218
15364,OK,97.900,0.44,15813.600039109588
15365,OK,85.900,0.44,15873.099968302995
15366,OK,66.300,0.44,15880.500024650246
15367,OK,70.900,0.44,15886.300010606647
15368,OK,91.200,0.44,15811.500023119152
15369,OK,67.000,0.44,15881.29997253418
15370,OK,87.400,0.44,15859.09997811541
15371,OK,70.200,0.44,15904.099971521646
15372,OK,84.900,0.44,15861.399995628744
15373,OK,62.800,0.44,15919.300029054284
15374,OK,96.500,0.44,15843.699977267534
15375,OK,100.200,0.44,15826.200018636882
15376,OK,97.600,0.44,15836.399979889393
15377,OK,93.600,0.44,15847.500006202608
15378,OK,83.500,0.44,15886.200009845197
15379,OK,94.800,0.44,15787.99996059388
15380,OK,79.400,0.44,15913.000039290637
15381,OK,98.300,0.44,15850.000025238842
15382,OK,97.000,0.44,15822.499990463257
15383,OK,86.100,0.44,15844.499983359128
15384,OK,70.900,0.44,15867.200039792806
15385,OK,68.300,0.44,15883.199987001717
15386,OK,65.400,0.44,15920.00003438443
15387,OK,116.500,0.44,15874.399978201836
15388,OK,68.800,0.44,15855.300007387996
15389,OK,100.000,0.44,15878.200007136911
15390,OK,65.500,0.44,15804.40002726391
15391,OK,61.200,0.44,15904.300031252205
15392,OK,105.500,0.44,15814.100042916834
15393,OK,47.400,0.44,16022.09999691695
15394,OK,56.900,0.44,15840.799955185503
15395,OK,88.300,0.44,15902.700019069016
15396,OK,63.600,0.44,15841.700020246208
15397,OK,91.600,0.44,15904.499974567443
15398,OK,50.100,0.44,15907.699998933822
15399,OK,47.600,0.44,15900.70000384003
15400,OK,77.700,0.44,15946.300001814961
15401,OK,95.700,0.44,15881.29997253418
15402,OK,90.300,0.44,15642.5999593921
15403,OK,96.200,0.44,15840.200008824468
15404,OK,64.400,0.44,15950.99997939542
15405,OK,59.700,0.44,15833.400015253574
15406,OK,86.300,0.44,15888.600028119981
15407,OK,58.700,0.44,15925.400017295033
15408,OK,56.800,0.44,15910.000016447157
15409,OK,83.200,0.44,15797.200030647218
15410,OK,94.900,0.44,15936.899988446385
15411,OK,66.800,0.44,15879.299957305193
15412,OK,77.400,0.44,15880.000020843
15413,OK,63.600,0.44,15845.499990973622
15414,OK,56.200,0.44,15936.899988446385
15415,OK,83.700,0.44,15861.000050790608
15416,OK,56.500,0.44,15925.80002034083
15417,OK,54.300,0.44,15831.600001547486
15418,OK,76.200,0.44,15966.799983289093
15419,OK,83.400,0.44,15882.499981671572
15420,OK,76.500,0.44,15875.699988100678
15421,OK,77.900,0.44,15902.399958577007
15422,OK,71.700,0.44,15848.099952563643
15423,OK,75.900,0.44,15816.700004506856
15424,OK,85.900,0.44,15929.499990306795
15425,OK,68.100,0.44,15811.70002464205
15426,OK,68.400,0.44,15968.299994710833
15427,OK,73.300,0.44,15864.700020756572
15428,OK,81.200,0.44,15793.89994731173
15429,OK,102.700,0.44,15931.70000705868
15430,OK,67.100,0.44,15856.300015002489
15431,OK,67.900,0.44,15894.100011792034
15432,OK,97.300,0.44,15804.600028786808
15433,OK,81.700,0.44,15893.500007223338
15434,OK,90.900,0.44,15830.599993932992
15435,OK,80.800,0.44,15983.49999403581
15436,OK,131.700,0.44,15668.800042476505
15437,OK,90.900,0.44,15848.900016862899
15438,OK,67.100,0.44,15891.7999942787
15439,OK,74.400,0.44,15869.49999909848
15440,OK,86.300,0.44,15835.100028198212
15441,OK,54.100,0.44,15927.100030239671
15442,OK,86.100,0.44,15863.70001314208
15443,OK,80.700,0.44,15916.400006972253
15444,OK,99.100,0.44,15872.60002270341
15445,OK,89.100,0.44,15827.900031581521
15446,OK,73.300,0.44,15955.000009853393
15447,OK,118.400,0.44,15754.899999592453
15448,OK,77.700,0.44,15795.50001770258
15449,OK,77.600,0.44,15943.500038702041
15450,OK,103.400,0.44,15826.799964997917
15451,OK,96.700,0.44,15856.000012718141
15452,OK,88.600,0.44,15808.199997991323
15453,OK,74.200,0.44,15893.799951300025
15454,OK,64.600,0.44,15920.699981506914
15455,OK,65.000,0.44,15834.899968467653
15456,OK,57.600,0.44,15987.99997009337
15457,OK,90.100,0.44,15832.50000840053
15458,OK,103.500,0.44,15805.299975909293
15459,OK,64.000,0.44,15855.400008149445
15460,OK,63.600,0.44,15875.599987339228
15461,OK,53.600,0.44,15892.499999608845
15462,OK,52.500,0.44,15954.500006046146
15463,OK,59.000,0.44,15928.100037854165
15464,OK,72.900,0.44,15813.000034540892
15465,OK,75.100,0.44,15918.50002296269
15466,OK,102.800,0.44,15860.199986491352
15467,OK,98.300,0.44,15803.400019649416
15468,OK,110.000,0.44,15848.900016862899
15469,OK,107.800,0.44,15825.699956621975
15470,OK,92.300,0.44,15833.200013730675
15471,OK,97.100,0.44,15870.399947743863
15472,OK,95.900,0.44,15867.89998691529
15473,OK,105.100,0.44,15891.899995040148
15474,OK,102.600,0.44,15771.000005770475
15475,OK,67.500,0.44,15873.79997363314
15476,OK,87.700,0.44,15847.899951040745
15477,OK,159.100,0.44,15778.100001625717
15478,OK,95.300,0.44,15864.300017710775
15479,OK,91.000,0.44,15823.800000362098
15480,OK,106.300,0.44,15867.699985392392
15481,OK,105.900,0.44,15827.299968805164
15482,OK,115.300,0.44,15848.400013055652
15483,OK,86.100,0.44,15844.800043851137
15484,OK,95.900,0.44,15834.100020583719
15485,OK,104.400,0.44,15797.999978531152
15486,OK,77.500,0.44,15870.000002905726
15487,OK,92.200,0.44,15821.99998665601
15488,OK,95.900,0.44,15886.400011368096
15489,OK,99.400,0.44,15817.200008314103
15490,OK,111.800,0.44,15816.20000069961
15491,OK,75.700,0.44,15865.499968640506
15492,OK,76.700,0.44,15883.799991570413
15493,OK,98.400,0.44,15861.099993344396
15494,OK,110.900,0.44,15836.69998217374
15495,OK,119.000,0.44,15798.2999808155
15496,OK,110.100,0.44,15831.500000786036
15497,OK,108.200,0.44,15847.700007725507
15498,OK,113.600,0.44,15801.19994468987
15499,OK,82.100,0.44,15880.800026934594
15500,OK,95.200,0.44,15815.299993846565
15501,OK,74.000,0.44,15823.5999988392
15502,OK,84.500,0.44,15860.699990298599
15503,OK,66.500,0.44,15847.900009248406
15504,OK,103.900,0.44,15957.300027366728
15505,OK,64.800,0.44,15870.300005190074
15506,OK,83.700,0.44,15886.000008322299
15507,OK,78.500,0.44,15761.999995447695
15508,OK,78.000,0.44,15967.599989380687
15509,OK,94.700,0.44,15935.99998159334
15510,OK,62.200,0.44,15847.100003156811
15511,OK,128.300,0.44,15774.099971167743
15512,OK,60.900,0.44,15910.79996433109
15513,OK,54.900,0.44,15923.300001304597
15514,OK,62.100,0.44,15888.90003040433
15515,OK,57.500,0.44,15851.199976168573
15516,OK,57.800,0.44,15915.800002403557
15517,OK,81.700,0.44,15921.40004504472
15518,OK,58.300,0.44,15896.599972620606
15519,OK,150.900,0.44,15700.099989771843
15520,OK,108.000,0.44,15853.19999139756
15521,OK,96.200,0.44,15902.600018307567
15522,OK,57.900,0.44,15816.600003745407
15523,OK,58.700,0.44,15944.89999115467
15524,OK,60.600,0.44,15858.900034800172
15525,OK,56.400,0.44,15875.999990385026
15526,OK,50.800,0.44,15885.200002230704
15527,OK,41.100,0.44,15923.999948427081
15528,OK,53.400,0.44,15811.400022357702
15529,OK,41.700,0.44,15948.600019328296
15530,OK,44.900,0.44,15896.499971859157
15531,OK,47.800,0.44,16188.599984161556
15532,OK,51.100,0.44,15915.199997834861
15533,OK,55.700,0.44,15989.199979230762
15534,OK,64.000,0.44,15668.199979700148
15535,OK,98.400,0.44,15841.599961277097
15536,OK,90.400,0.44,15750.400023534894
15537,OK,47.300,0.44,15909.300011117011
15538,OK,68.900,0.44,15966.100036166608
15539,OK,68.300,0.44,15840.900014154613
15540,OK,53.900,0.44,15933.299961034209
15541,OK,62.500,0.44,15915.000054519624
15542,OK,73.100,0.44,15787.300013471395
15543,OK,112.200,0.44,15892.299998085946
15544,OK,66.400,0.44,15980.899974238127
15545,OK,70.800,0.44,16103.999980259687
15546,OK,78.400,0.44,15643.500024452806
15547,OK,102.000,0.44,15906.799992080778
15548,OK,142.900,0.44,15715.39998985827
15549,OK,121.100,0.44,15658.399963285774
15550,OK,64.600,0.44,15856.09995527193
15551,OK,51.800,0.44,15924.700011964887
15552,OK,55.500,0.44,15950.89997863397
15553,OK,60.400,0.44,15870.600007474422
15554,OK,61.800,0.44,15998.899994883686
15555,OK,49.800,0.44,15868.599992245436
15556,OK,50.800,0.44,15901.600010693073
15557,OK,52.500,0.44,15907.199995126575
15558,OK,53.300,0.44,15950.099972542375
15559,OK,64.500,0.44,15889.999980572611
15560,OK,75.200,0.44,15902.999963145703
15561,OK,53.400,0.44,15922.79999749735
15562,OK,69.800,0.44,15881.699975579977
15563,OK,60.300,0.44,15884.799999184906
15564,OK,49.800,0.44,15969.200001563877
15565,OK,70.500,0.44,15864.700020756572
15566,OK,63.000,0.44,15894.299955107272
15567,OK,43.700,0.44,15965.999977197498
15568,OK,63.100,0.44,15842.099965084344
15569,OK,51.000,0.44,16000.900010112673
15570,OK,66.500,0.44,15860.200044699013
15571,OK,75.800,0.44,15856.600017286837
15572,OK,51.600,0.44,15902.499959338456
15573,OK,59.800,0.44,15939.00000443682
15574,OK,57.800,0.44,15928.79998497665
15575,OK,58.700,0.44,15863.400010857731
15576,OK,63.100,0.44,15929.399989545345
15577,OK,53.500,0.44,15928.199980407953
15578,OK,64.300,0.44,15884.899999946356
15579,OK,49.600,0.44,15873.699972871691
15580,OK,80.600,0.44,15911.900030914694
15581,OK,56.700,0.44,15861.699997913092
15582,OK,53.400,0.44,15969.900006894022
15583,OK,58.200,0.44,15878.30000789836
15584,OK,70.600,0.44,15919.69997389242
15585,OK,50.900,0.44,15904.399973805994
15586,OK,57.600,0.44,15924.500010441989
15587,OK,49.400,0.44,15936.2000413239
15588,OK,57.900,0.44,15907.699998933822
15589,OK,82.200,0.44,15878.000005614012
15590,OK,68.500,0.44,15894.70001636073
15591,OK,56.600,0.44,15911.799971945584
15592,OK,55.100,0.44,15854.500001296401
15593,OK,124.900,0.44,15845.999994780868
15594,OK,48.900,0.44,15913.99998869747
15595,OK,81.600,0.44,15805.299975909293
15596,OK,113.400,0.44,15876.399993430823
15597,OK,55.300,0.44,15911.200025584549
15598,OK,54.500,0.44,15905.00003658235
15599,OK,49.800,0.44,15919.000026769936
15600,OK,54.400,0.44,15894.999960437417
15601,OK,55.700,0.44,15808.900003321469
15602,OK,42.500,0.44,15931.500005535781
15603,OK,45.800,0.44,15996.100031770766
15604,OK,46.200,0.44,15929.599991068244
15605,OK,66.800,0.44,15920.299978461117
15606,OK,70.400,0.44,15904.099971521646
15607,OK,58.900,0.44,15792.4999948591
15608,OK,64.300,0.44,15863.900014664978
15609,OK,66.800,0.44,15882.600040640682
15610,OK,51.700,0.44,15939.900011289865
15611,OK,99.300,0.44,15860.299987252802
15612,OK,45.300,0.44,15922.000049613416
15613,OK,54.000,0.44,15925.199957564473
15614,OK,48.400,0.44,15894.70001636073
15615,OK,45.300,0.44,15947.600011713803
15616,OK,49.100,0.44,15896.600030828267
15617,OK,48.400,0.44,15992.900007404387
15618,OK,68.100,0.44,15859.09997811541
15619,OK,71.900,0.44,15945.599996484816
15620,OK,100.200,0.44,15812.299971003085
15621,OK,62.500,0.44,15851.899981498718
15622,OK,61.100,0.44,15911.400027107447
15623,OK,73.400,0.44,15890.30004106462
15624,OK,53.200,0.44,15858.699975069612
15625,OK,64.000,0.44,15910.99996585399
15626,OK,64.800,0.44,15945.499995723367
15627,OK,68.600,0.44,15857.400023378432
15628,OK,53.200,0.44,15904.799976851791
15629,OK,60.100,0.44,15908.199944533408
15630,OK,53.700,0.44,15866.000030655414
15631,OK,56.100,0.44,15940.200013574213
15632,OK,51.600,0.44,15940.200013574213
15633,OK,82.200,0.44,15899.09999165684
15634,OK,55.600,0.44,15809.200005605817
15635,OK,71.600,0.44,15972.600027453154
15636,OK,50.900,0.44,15904.400032013655
15637,OK,68.900,0.44,15919.100027531385
15638,OK,63.200,0.44,15859.500039368868
15639,OK,56.200,0.44,15962.200006470084
15640,OK,54.300,0.44,15863.699954934418
15641,OK,58.900,0.44,15887.20001745969
15642,OK,51.200,0.44,15973.299974575639
15643,OK,50.100,0.44,15841.800021007657
15644,OK,60.900,0.44,15932.800015434623
15645,OK,53.400,0.44,15919.999976176769
15646,OK,56.300,0.44,15920.700039714575
15647,OK,77.600,0.44,15823.3999973163
15648,OK,57.900,0.44,15963.400015607476
15649,OK,75.200,0.44,15949.60002694279
15650,OK,62.000,0.44,15889.699978288263
15651,OK,62.700,0.44,15876.99999799952
15652,OK,142.900,0.44,15759.69997793436
15653,OK,65.800,0.44,15855.000005103648
15654,OK,56.200,0.44,15916.999953333288
15655,OK,57.000,0.44,15949.200023896992
15656,OK,66.400,0.44,15853.499993681908
15657,OK,49.200,0.44,15935.000032186508
15658,OK,57.300,0.44,15913.299983367324
15659,OK,54.000,0.44,15917.500015348196
15660,OK,66.800,0.44,15903.200022876263
15661,OK,59.300,0.44,15900.60000307858
15662,OK,53.600,0.44,15914.699994027615
15663,OK,53.300,0.44,15915.099997073412
15664,OK,53.700,0.44,15912.39997651428
15665,OK,60.300,0.44,15878.999955020845
15666,OK,51.600,0.44,15904.599975328892
15667,OK,48.700,0.44,15912.899980321527
15668,OK,51.800,0.44,15987.000020686537
15669,OK,53.900,0.44,15897.49997947365
15670,OK,55.400,0.44,15857.799968216568
15671,OK,49.000,0.44,15929.699991829693
15672,OK,90.900,0.44,15896.000026259571
15673,OK,60.200,0.44,15956.700022798032
15674,OK,60.800,0.44,15832.900011446327
15675,OK,77.100,0.44,15890.100039541721
15676,OK,59.100,0.44,15885.000000707805
15677,OK,50.000,0.44,15922.79999749735
15678,OK,59.200,0.44,15897.399978712201
15679,OK,53.800,0.44,15926.100022625178
15680,OK,58.000,0.44,15888.000023551285
15681,OK,57.600,0.44,15915.999945718795
15682,OK,60.000,0.44,15900.800004601479
15683,OK,54.900,0.44,15945.499995723367
15684,OK,65.300,0.44,15851.400035899132
15685,OK,86.600,0.44,15833.500016015023
15686,OK,62.600,0.44,15902.20001526177
15687,OK,159.000,0.44,15741.300012450665
15688,OK,62.000,0.44,16005.79998921603
15689,OK,52.500,0.44,15895.199961960316
15690,OK,59.400,0.44,15819.400025065988
15691,OK,91.200,0.44,15954.700007569045
15692,OK,67.200,0.44,15854.199999012053
15693,OK,64.400,0.44,15901.400009170175
15694,OK,55.700,0.44,15901.299950201064
15695,OK,65.700,0.44,15981.500037014484
15696,OK,160.900,0.44,15677.799994591624
15697,OK,75.400,0.44,15823.099995031953
15698,OK,59.300,0.44,15901.799954008311
15699,OK,45.500,0.44,15936.799987684935
15700,OK,48.300,0.44,15928.099979646504
15701,OK,77.500,0.44,15845.099987927824
15702,OK,105.800,0.44,15786.100004334003
15703,OK,51.400,0.44,16002.700023818761
15704,OK,58.300,0.44,15967.09998557344
15705,OK,177.500,0.44,15648.80000660196
15706,OK,90.500,0.44,15831.400000024587
15707,OK,51.700,0.44,15969.800006132573
15708,OK,55.600,0.44,15923.400002066046
15709,OK,61.200,0.44,15908.400004263967
15710,OK,78.200,0.44,15877.099998760968
15711,OK,63.500,0.44,15892.800001893193
15712,OK,58.400,0.44,15904.99997837469
15713,OK,64.000,0.44,15863.300010096282
15714,OK,94.900,0.44,15838.599996641278
15715,OK,89.100,0.44,15876.099991146475
15716,OK,74.700,0.44,15865.799970924854
15717,OK,75.500,0.44,15888.099966105074
15718,OK,101.700,0.44,15901.900012977421
15719,OK,81.400,0.44,15843.400033190846
15720,OK,90.100,0.44,15894.80001712218
15721,OK,82.700,0.44,15819.20002354309
15722,OK,78.100,0.44,15870.300005190074
15723,OK,101.400,0.44,15832.600009161979
15724,OK,87.200,0.44,15888.69997067377
15725,OK,69.400,0.44,15854.400000534952
15726,OK,89.900,0.44,15853.899996727705
15727,OK,87.800,0.44,15888.299967627972
15728,OK,103.900,0.44,15820.800035726279
15729,OK,86.200,0.44,15780.39996093139
15730,OK,102.400,0.44,15862.00000019744
15731,OK,87.100,0.44,15850.30002752319
15732,OK,80.100,0.44,15899.999998509884
15733,OK,64.600,0.44,15851.59997921437
15734,OK,77.000,0.44,15857.400023378432
15735,OK,89.000,0.44,15871.00001052022
15736,OK,63.800,0.44,15908.900008071214
15737,OK,68.400,0.44,15875.599987339228
15738,OK,92.800,0.44,15867.99998767674
15739,OK,93.900,0.44,15841.200016438961
15740,OK,68.100,0.44,15933.899965602905
15741,OK,85.100,0.44,15822.09998741746
15742,OK,67.300,0.44,15885.400003753603
15743,OK,67.800,0.44,15902.099956292659
15744,OK,77.800,0.44,15845.299989450723
15745,OK,53.400,0.44,15952.099987771362
15746,OK,85.400,0.44,15947.90001399815
15747,OK,56.300,0.44,15842.400025576353
15748,OK,58.600,0.44,15990.799991413951
15749,OK,58.300,0.44,15896.199969574809
15750,OK,58.500,0.44,15917.800017632544
15751,OK,58.800,0.44,15900.900005362928
15752,OK,61.000,0.44,15818.500018212944
15753,OK,61.500,0.44,15968.499996233732
15754,OK,158.500,0.44,15698.499977588654
15755,OK,55.300,0.44,15891.7999942787
15756,OK,46.000,0.44,15903.200022876263
15757,OK,42.300,0.44,15970.600012224168
15758,OK,45.100,0.44,15866.899979300797
15759,OK,51.800,0.44,15947.100007906556
15760,OK,48.600,0.44,15963.900019414723
15761,OK,64.000,0.44,15839.100000448525
15762,OK,41.100,0.44,16106.60000005737
15763,OK,116.200,0.44,15678.499999921769
15764,OK,51.800,0.44,15898.199984803796
15765,OK,42.700,0.44,15970.20000917837
15766,OK,50.700,0.44,15907.90000045672
15767,OK,57.000,0.44,15867.699985392392
15768,OK,66.800,0.44,15874.199976678938
15769,OK,81.600,0.44,16215.399955399334
15770,OK,64.900,0.44,15643.900027498603
15771,OK,92.100,0.44,15941.299963742495
15772,OK,96.100,0.44,15795.000013895333
15773,OK,113.500,0.44,15937.999996822327
15774,OK,109.400,0.44,15679.6999508515
15775,OK,98.700,0.44,15889.800037257373
15776,OK,70.700,0.44,15751.299972180277
15777,OK,42.900,0.44,16297.099995426834
15778,OK,53.700,0.44,15793.400001712143
15779,OK,73.200,0.44,15917.200013063848
15780,OK,53.500,0.44,15654.199989512563
15781,OK,47.800,0.44,15980.300027877092
15782,OK,67.600,0.44,15973.899979144335
15783,OK,94.300,0.44,15660.200035199523
15784,OK,45.800,0.44,15904.499974567443
15785,OK,39.700,0.44,16001.800016965717
15786,OK,72.400,0.44,15906.099986750633
15787,OK,53.700,0.44,15887.000015936792
15788,OK,70.800,0.44,15864.399960264564
15789,OK,49.700,0.44,15974.799985997379
15790,OK,51.100,0.44,15895.100019406527
15791,OK,51.400,0.44,15902.700019069016
15792,OK,51.100,0.44,15919.700032100081
15793,OK,57.100,0.44,15961.900004185736
15794,OK,54.700,0.44,15917.800017632544
15795,OK,55.500,0.44,15910.800022538751
15796,OK,66.500,0.44,15859.09997811541
15797,OK,75.000,0.44,15941.599966026843
15798,OK,60.100,0.44,15860.799991060048
15799,OK,63.400,0.44,15849.400020670146
15800,OK,57.600,0.44,15864.500019233674
15801,OK,81.600,0.44,15835.700032766908
15802,OK,67.600,0.44,15894.299955107272
15803,OK,68.800,0.44,15889.300033450127
15804,OK,69.800,0.44,15913.699986413121
15805,OK,62.900,0.44,15837.400045711547
15806,OK,59.600,0.44,15947.699954267591
15807,OK,61.900,0.44,15875.999990385026
15808,OK,46.300,0.44,15950.99997939542
15809,OK,74.400,0.44,15876.699995715171
15810,OK,65.200,0.44,15919.100027531385
15811,OK,48.100,0.44,15916.100004687905
15812,OK,58.500,0.44,15881.600033026189
15813,OK,49.600,0.44,15935.199975501746
15814,OK,56.700,0.44,15879.600017797202
15815,OK,81.300,0.44,15926.300024148077
15816,OK,57.800,0.44,15898.799989372492
15817,OK,91.000,0.44,15860.399988014251
15818,OK,49.600,0.44,15849.600022193044
15819,OK,52.500,0.44,15912.799979560077
15820,OK,121.500,0.44,15803.800022695214
15821,OK,75.900,0.44,15906.699991319329
15822,OK,74.100,0.44,15913.599985651672
15823,OK,71.600,0.44,15813.500038348138
15824,OK,70.600,0.44,15957.500028889626
15825,OK,58.300,0.44,15834.00001982227
15826,OK,59.900,0.44,15855.800011195242
15827,OK,58.800,0.44,15907.699998933822
15828,OK,59.200,0.44,15938.099997583777
15829,OK,58.200,0.44,15872.800024226308
15830,OK,75.600,0.44,15904.199972283095
15831,OK,53.500,0.44,15849.700022954494
15832,OK,47.300,0.44,15986.099955625832
15833,OK,49.300,0.44,15852.699987590313
15834,OK,51.500,0.44,16004.899982362986
15835,OK,65.500,0.44,15886.500012129545
15836,OK,69.000,0.44,15924.100007396191
15837,OK,56.300,0.44,15841.500018723309
15838,OK,71.000,0.44,15924.900013487786
15839,OK,56.700,0.44,15847.999951802194
15840,OK,111.600,0.44,15924.40000968054
15841,OK,56.800,0.44,15877.500001806766
15842,OK,58.500,0.44,15924.20000815764
15843,OK,64.400,0.44,15859.30003784597
15844,OK,69.900,0.44,15825.700014829636
15845,OK,85.300,0.44,15878.899954259396
15846,OK,56.400,0.44,15902.900020591915
15847,OK,45.900,0.44,15988.099970854819
15848,OK,41.800,0.44,15907.299995888025
15849,OK,46.100,0.44,15904.099971521646
15850,OK,46.700,0.44,15954.599948599935
15851,OK,60.400,0.44,15883.899992331862
15852,OK,49.700,0.44,15980.300027877092
15853,OK,52.500,0.44,15907.90000045672
15854,OK,52.300,0.44,15946.700004860759
15855,OK,61.200,0.44,15902.400016784668
15856,OK,60.600,0.44,15862.300002481788
15857,OK,81.100,0.44,15858.399972785264
15858,OK,61.600,0.44,15866.000030655414
15859,OK,72.400,0.44,15839.80000577867
15860,OK,82.500,0.44,15904.199972283095
15861,OK,65.400,0.44,15840.600011870265
15862,OK,69.400,0.44,15917.900018393993
15863,OK,58.400,0.44,15902.00001373887
15864,OK,62.100,0.44,15935.600036755204
15865,OK,88.600,0.44,15813.799982424825
15866,OK,52.800,0.44,15953.399997670203
15867,OK,100.600,0.44,15807.09998961538
15868,OK,65.100,0.44,15987.100021447986
15869,OK,79.500,0.44,15902.00001373887
15870,OK,59.800,0.44,15847.30000467971
15871,OK,64.500,0.44,15900.70000384003
15872,OK,59.700,0.44,15895.600023213774
15873,OK,53.700,0.44,15822.000044863671
15874,OK,49.800,0.44,15901.500009931624
15875,OK,58.800,0.44,16037.199995480478
15876,OK,67.700,0.44,15886.899956967682
15877,OK,73.200,0.44,15880.500024650246
15878,OK,64.000,0.44,15806.500043254346
15879,OK,81.100,0.44,15957.00002508238
15880,OK,63.400,0.44,15921.39998683706
15881,OK,62.700,0.44,15880.699967965484
15882,OK,55.600,0.44,15892.900002654642
15883,OK,58.600,0.44,15938.700002152473
15884,OK,63.800,0.44,15863.400010857731
15885,OK,110.600,0.44,15769.799996633083
15886,OK,56.100,0.44,15871.00001052022
15887,OK,41.500,0.44,15946.900006383657
15888,OK,59.100,0.44,15985.200006980449
15889,OK,56.200,0.44,15896.900033112615
15890,OK,66.900,0.44,15918.19996247068
15891,OK,58.700,0.44,15921.799989882857
15892,OK,71.900,0.44,15896.899974904954
15893,OK,58.900,0.44,15912.40003472194
15894,OK,60.000,0.44,15880.800026934594
15895,OK,61.300,0.44,15896.899974904954
15896,OK,56.800,0.44,15911.600028630346
15897,OK,56.800,0.44,15870.200004428625
15898,OK,57.700,0.44,15941.700024995953
15899,OK,56.300,0.44,15916.200005449355
15900,OK,58.900,0.44,15836.200036574155
15901,OK,90.800,0.44,15778.000000864267
15902,OK,55.700,0.44,15902.300016023219
15903,OK,53.300,0.44,15947.600011713803
15904,OK,96.900,0.44,15819.299966096878
15905,OK,82.300,0.44,15900.300000794232
15906,OK,79.100,0.44,15952.799993101507
15907,OK,59.900,0.44,15888.80002964288
15908,OK,58.300,0.44,15877.400001045316
15909,OK,43.900,0.44,15795.100014656782
15910,OK,62.600,0.44,16038.30000385642
15911,OK,72.600,0.44,15855.100005865097
15912,OK,32.600,0.44,15964.30002246052
15913,OK,38.800,0.44,15905.399981420487
15914,OK,46.800,0.44,15981.500037014484
15915,OK,47.300,0.44,15888.400026597083
15916,OK,48.700,0.44,15917.900018393993
15917,OK,52.800,0.44,15888.200025074184
15918,OK,55.500,0.44,15944.400045555085
15919,OK,166.400,0.44,15760.800044517964
15920,OK,151.200,0.44,15662.499994505197
15921,OK,48.900,0.44,15859.20003708452
15922,OK,57.000,0.44,15972.99997229129
15923,OK,61.800,0.44,15903.299965430051
15924,OK,53.800,0.44,15903.400024399161
15925,OK,44.500,0.44,15892.800001893193
15926,OK,55.900,0.44,16024.900018237531
15927,OK,108.200,0.44,15767.09997607395
15928,OK,58.600,0.44,15911.400027107447
15929,OK,64.200,0.44,15853.299992159009
15930,OK,46.700,0.44,15888.000023551285
15931,OK,51.000,0.44,15943.200036417693
15932,OK,58.700,0.44,15913.399984128773
15933,OK,56.200,0.44,15919.100027531385
15934,OK,56.600,0.44,15895.000018645078
15935,OK,122.700,0.44,15790.900040883571
15936,OK,80.800,0.44,15902.10001450032
15937,OK,61.800,0.44,15905.799984466285
15938,OK,77.100,0.44,15886.100009083748
15939,OK,61.500,0.44,15907.299995888025
15940,OK,63.400,0.44,15886.500012129545
15941,OK,62.700,0.44,15877.500001806766
15942,OK,57.400,0.44,15841.30001720041
15943,OK,78.600,0.44,15867.199981585145
15944,OK,76.400,0.44,15922.299993690103
15945,OK,65.300,0.44,15865.600027609617
15946,OK,117.000,0.44,15834.399964660406
15947,OK,94.700,0.44,15842.9000293836
15948,OK,94.800,0.44,15899.19999241829
15949,OK,83.500,0.44,15780.49996169284
15950,OK,96.700,0.44,15889.099973719567
15951,OK,92.900,0.44,15842.59996889159
15952,OK,79.000,0.44,15879.499958828092
15953,OK,83.600,0.44,15898.500045295805
15954,OK,68.300,0.44,15888.400026597083
15955,OK,69.300,0.44,15863.699954934418
15956,OK,89.200,0.44,15846.599999349564
15957,OK,88.500,0.44,15838.499995879829
15958,OK,60.100,0.44,15905.599982943386
15959,OK,77.700,0.44,15902.399958577007
15960,OK,105.600,0.44,15844.19998107478
15961,OK,75.300,0.44,15857.59996669367
15962,OK,82.000,0.44,15876.599994953722
15963,OK,94.100,0.44,15862.700005527586
15964,OK,92.100,0.44,15845.299989450723
15965,OK,91.700,0.44,15873.600030317903
15966,OK,70.700,0.44,16163.799969945103
15967,OK,79.700,0.44,15596.700017340481
15968,OK,90.400,0.44,15856.000012718141
15969,OK,79.800,0.44,15856.09995527193
15970,OK,81.200,0.44,15878.700010944158
15971,OK,42.800,0.44,15915.099997073412
15972,OK,43.700,0.44,15889.199974481016
15973,OK,39.400,0.44,15996.999980416149
15974,OK,43.800,0.44,15927.900036331266
15975,OK,42.500,0.44,15976.499998942018
15976,OK,75.200,0.44,15907.199995126575
15977,OK,52.500,0.44,15875.899989623576
15978,OK,79.300,0.44,15848.299954086542
15979,OK,53.900,0.44,15913.199982605875
15980,OK,60.400,0.44,15884.799999184906
15981,OK,58.100,0.44,15959.399985149503
15982,OK,60.800,0.44,15914.299990981817
15983,OK,67.500,0.44,15784.299990627915
15984,OK,75.200,0.44,15876.699995715171
15985,OK,50.600,0.44,16028.599988203496
15986,OK,136.300,0.44,15769.199992064387
15987,OK,86.700,0.44,15837.399987503886
15988,OK,138.200,0.44,15755.50000416115
15989,OK,53.400,0.44,15980.799973476678
15990,OK,55.600,0.44,15792.599995620549
15991,OK,30.600,0.44,16174.300049897283
15992,OK,82.500,0.44,15680.600015912205
15993,OK,48.100,0.44,15924.800012726337
15994,OK,56.500,0.44,15923.400002066046
15995,OK,46.500,0.44,16121.599997859448
15996,OK,50.100,0.44,16014.799999538809
15997,OK,56.200,0.44,15878.900012467057
15998,OK,77.500,0.44,15743.899974040687
15999,OK,77.700,0.44,16083.900001831353
16000,OK,156.500,0.44,15382.600016891956
16001,OK,60.500,0.44,15762.099996209145
16002,OK,85.200,0.44,16061.700007412583
16003,OK,109.100,0.44,15619.599958881736
16004,OK,48.200,0.44,16272.799985017627
16005,OK,64.600,0.44,15753.599989693612
16006,OK,60.000,0.44,16181.99999211356
16007,OK,79.900,0.44,15530.499978922307
16008,OK,99.400,0.44,15792.60005382821
16009,OK,123.000,0.44,15887.500019744039
16010,OK,116.900,0.44,16071.099962573498
16011,OK,123.200,0.44,15578.299993649125
16012,OK,138.500,0.44,16102.700028568506
16013,OK,128.700,0.44,15516.099985688925
16014,OK,127.600,0.44,15794.300008565187
16015,OK,124.600,0.44,15668.799984268844
16016,OK,134.500,0.44,15607.999986968935
16017,OK,39.400,0.44,15981.799981091172
16018,OK,66.800,0.44,15862.10000095889
16019,OK,35.500,0.44,16015.200002584606
16020,OK,44.700,0.44,15897.799981757998
16021,OK,54.500,0.44,15956.80002355948
16022,OK,53.200,0.44,15870.200004428625
16023,OK,47.500,0.44,15966.600039973855
16024,OK,48.300,0.44,15896.599972620606
16025,OK,53.300,0.44,15903.799969237298
16026,OK,49.000,0.44,15888.000023551285
16027,OK,47.200,0.44,15995.999972801656
16028,OK,71.500,0.44,15910.400019492954
16029,OK,61.100,0.44,15907.499997410923
16030,OK,58.200,0.44,15901.300008408725
16031,OK,61.000,0.44,15878.700010944158
16032,OK,52.600,0.44,15912.599978037179
16033,OK,45.800,0.44,15873.499971348792
16034,OK,47.700,0.44,15957.399969920516
16035,OK,45.500,0.44,15931.500005535781
16036,OK,61.500,0.44,15876.99999799952
16037,OK,49.900,0.44,15920.600038953125
16038,OK,62.300,0.44,15904.799976851791
16039,OK,55.900,0.44,15944.599988870323
16040,OK,53.300,0.44,15934.80003066361
16041,OK,62.300,0.44,15847.600006964058
16042,OK,51.200,0.44,15960.799995809793
16043,OK,61.400,0.44,15872.700023464859
16044,OK,69.400,0.44,15886.499953921884
16045,OK,57.000,0.44,15944.99999191612
16046,OK,57.000,0.44,15887.500019744039
16047,OK,45.900,0.44,15958.899981342256
16048,OK,56.600,0.44,15917.600016109645
16049,OK,58.300,0.44,15891.999995801598
16050,OK,52.600,0.44,15902.500017546117
16051,OK,57.900,0.44,15927.09997203201
16052,OK,77.700,0.44,15821.199980564415
16053,OK,80.900,0.44,15865.500026848167
16054,OK,56.500,0.44,16017.60002085939
16055,OK,62.700,0.44,15825.200011022389
16056,OK,91.600,0.44,15863.300010096282
16057,OK,70.700,0.44,15894.200012553483
16058,OK,55.100,0.44,15873.800031840801
16059,OK,52.200,0.44,15919.200028292835
16060,OK,63.200,0.44,15964.09996272996
16061,OK,55.400,0.44,15860.999992582947
16062,OK,68.400,0.44,15914.199990220368
16063,OK,49.400,0.44,15908.00000121817
16064,OK,56.600,0.44,15953.800000716
16065,OK,56.100,0.44,15858.300030231476
16066,OK,43.100,0.44,15963.600017130375
16067,OK,60.100,0.44,15897.900040727109
16068,OK,55.200,0.44,15933.10001771897
16069,OK,51.100,0.44,15861.499996390194
16070,OK,55.300,0.44,15963.400015607476
16071,OK,62.400,0.44,15892.900002654642
16072,OK,58.400,0.44,15881.700033787638
16073,OK,55.200,0.44,15912.100032437593
16074,OK,53.400,0.44,15916.300006210804
16075,OK,53.400,0.44,15906.699991319329
16076,OK,58.300,0.44,15875.099983531982
16077,OK,50.300,0.44,15948.400017805398
16078,OK,46.000,0.44,15923.700004350394
16079,OK,57.400,0.44,15942.800033371896
16080,OK,45.400,0.44,15934.60002914071
16081,OK,94.400,0.44,15871.900017373264
16082,OK,72.700,0.44,15897.099976427853
16083,OK,61.200,0.44,15895.399963483214
16084,OK,69.000,0.44,15909.100009594113
16085,OK,59.900,0.44,15825.699956621975
16086,OK,70.100,0.44,15887.000015936792
16087,OK,48.000,0.44,15898.99999089539
16088,OK,47.500,0.44,15977.000002749264
16089,OK,55.100,0.44,15922.6999967359
16090,OK,56.000,0.44,15862.900007050484
16091,OK,57.800,0.44,15906.39998903498
16092,OK,62.000,0.44,15863.800013903528
16093,OK,43.100,0.44,16701.099986676127
16094,OK,42.700,0.44,15217.59998286143
16095,OK,48.600,0.44,15912.599978037179
16096,OK,71.900,0.44,15940.60001662001
16097,OK,64.400,0.44,15827.100025489926
16098,OK,75.300,0.44,15898.099984042346
16099,OK,53.300,0.44,15919.100027531385
16100,OK,51.400,0.44,15936.399984639138
16101,OK,83.000,0.44,15722.000040113926
16102,OK,66.500,0.44,15947.200008668005
16103,OK,57.000,0.44,15868.399990722537
16104,OK,61.700,0.44,15947.200008668005
16105,OK,53.800,0.44,15920.100035145879
16106,OK,59.000,0.44,15861.799998674542
16107,OK,62.900,0.44,15946.800005622208
16108,OK,60.400,0.44,15831.800003070384
16109,OK,54.200,0.44,15900.899947155267
16110,OK,58.100,0.44,15899.599995464087
16111,OK,58.500,0.44,15936.899988446385
16112,OK,75.500,0.44,15886.900015175343
16113,OK,64.100,0.44,15878.700010944158
16114,OK,62.000,0.44,15905.899985227734
16115,OK,63.600,0.44,15863.200009334832
16116,OK,50.500,0.44,15992.200002074242
16117,OK,137.000,0.44,15749.000012874603
16118,OK,70.000,0.44,15852.199983783066
16119,OK,64.200,0.44,15914.199990220368
16120,OK,62.200,0.44,15869.900002144277
16121,OK,88.800,0.44,15981.200034730136
16122,OK,135.200,0.44,15610.700007528067
16123,OK,45.900,0.44,15932.900016196072
16124,OK,46.800,0.44,15973.399975337088
16125,OK,70.600,0.44,15867.099980823696
16126,OK,67.700,0.44,15971.69996239245
16127,OK,60.100,0.44,15850.899973884225
16128,OK,55.100,0.44,15847.799950279295
16129,OK,56.600,0.44,15983.799996320158
16130,OK,55.800,0.44,15904.699976090342
16131,OK,47.300,0.44,15807.599993422627
16132,OK,51.900,0.44,15968.299994710833
16133,OK,51.900,0.44,15870.500006712973
16134,OK,48.500,0.44,15939.300006721169
16135,OK,52.000,0.44,15925.299958325922
16136,OK,52.600,0.44,15887.900022789836
16137,OK,54.800,0.44,15944.299986585975
16138,OK,72.600,0.44,15877.600002568215
16139,OK,56.000,0.44,15932.300011627376
16140,OK,62.400,0.44,15867.099980823696
16141,OK,50.600,0.44,15919.999976176769
16142,OK,48.200,0.44,15916.300006210804
16143,OK,55.400,0.44,15885.70000603795
16144,OK,46.500,0.44,15957.399969920516
16145,OK,58.600,0.44,15874.999982770532
16146,OK,45.900,0.44,15940.50001585856
16147,OK,48.400,0.44,15935.500035993755
16148,OK,58.500,0.44,15903.900028206408
16149,OK,56.400,0.44,15910.800022538751
16150,OK,58.400,0.44,15955.50001366064
16151,OK,69.600,0.44,15847.600006964058
16152,OK,66.500,0.44,15900.099999271333
16153,OK,73.200,0.44,15934.399969410151
16154,OK,49.800,0.44,15861.699997913092
16155,OK,91.600,0.44,15898.700046818703
16156,OK,52.300,0.44,15944.099985063076
16157,OK,64.100,0.44,15871.10001128167
16158,OK,55.100,0.44,15847.799950279295
16159,OK,81.800,0.44,15921.499987598509
16160,OK,78.400,0.44,15874.599979724735
16161,OK,57.300,0.44,15889.099973719567
16162,OK,44.000,0.44,15906.899992842227
16163,OK,142.700,0.44,15757.100016344339
16164,OK,57.600,0.44,15974.899986758828
16165,OK,51.000,0.44,15933.599963318557
16166,OK,59.300,0.44,15886.200009845197
16167,OK,47.000,0.44,15945.399994961917
16168,OK,58.600,0.44,15883.400046732277
16169,OK,45.900,0.44,15939.899953082204
16170,OK,49.900,0.44,15925.80002034083
16171,OK,55.300,0.44,15825.300011783838
16172,OK,103.000,0.44,15877.400001045316
16173,OK,84.800,0.44,15853.09999063611
16174,OK,56.800,0.44,15890.399983618408
16175,OK,61.200,0.44,15854.000055696815
16176,OK,46.300,0.44,15970.299951732159
16177,OK,59.500,0.44,15874.099975917488
16178,OK,55.000,0.44,15928.499982692301
16179,OK,87.600,0.44,15883.999993093312
16180,OK,86.500,0.44,15802.80001508072
16181,OK,90.900,0.44,15885.400003753603
16182,OK,82.600,0.44,15827.200026251376
16183,OK,85.400,0.44,15841.500018723309
16184,OK,85.900,0.44,15872.700023464859
16185,OK,87.400,0.44,15838.40005332604
16186,OK,92.200,0.44,15875.899989623576
16187,OK,91.600,0.44,15838.599996641278
16188,OK,86.400,0.44,15859.400038607419
16189,OK,83.700,0.44,15842.700027860701
16190,OK,82.300,0.44,15858.199971262366
16191,OK,80.500,0.44,15904.000028967857
16192,OK,69.100,0.44,15895.300020929426
16193,OK,97.800,0.44,15896.499971859157
16194,OK,84.600,0.44,15814.099984709173
16195,OK,83.900,0.44,15834.199963137507
16196,OK,80.500,0.44,15862.699947319925
16197,OK,80.200,0.44,15854.500001296401
16198,OK,65.900,0.44,15901.499951723963
16199,OK,62.600,0.44,15927.30003176257
16200,OK,62.800,0.44,15906.49998979643
16201,OK,100.900,0.44,15716.199995949864
16202,OK,92.000,0.44,15836.999984458089
16203,OK,322.000,0.44,15580.400009639561
16204,OK,105.000,0.44,15795.000013895333
16205,OK,61.700,0.44,15875.999990385026
16206,OK,62.400,0.44,15922.999999020249
16207,OK,102.900,0.44,15826.400020159781
16208,OK,93.200,0.44,15929.499990306795
16209,OK,137.400,0.44,15710.399951785803
16210,OK,85.700,0.44,15841.500018723309
16211,OK,63.100,0.44,15839.500003494322
16212,OK,65.800,0.44,15935.599978547543
16213,OK,61.200,0.44,15899.19999241829
16214,OK,68.500,0.44,15911.499969661236
16215,OK,65.800,0.44,15902.799961622804
16216,OK,66.100,0.44,15879.099955782294
16217,OK,67.100,0.44,15952.39999005571
16218,OK,60.300,0.44,15878.600010182709
16219,OK,70.100,0.44,15875.900047831237
16220,OK,66.500,0.44,15884.39999613911
16221,OK,78.100,0.44,15870.100003667176
16222,OK,106.000,0.44,15909.200010355562
16223,OK,140.100,0.44,15691.000036895275
16224,OK,57.500,0.44,15947.200008668005
16225,OK,86.300,0.44,15858.600032515824
16226,OK,77.300,0.44,15913.399984128773
16227,OK,65.100,0.44,15865.600027609617
16228,OK,64.700,0.44,15902.10001450032
16229,OK,60.500,0.44,15971.599961631
16230,OK,82.900,0.44,15788.700024131685
16231,OK,81.200,0.44,15863.800013903528
16232,OK,78.000,0.44,15939.799952320755
16233,OK,94.100,0.44,15813.599980901927
16234,OK,76.500,0.44,16083.299997262657
16235,OK,91.900,0.44,15635.699965059757
16236,OK,81.700,0.44,15928.79998497665
16237,OK,105.800,0.44,15774.099971167743
16238,OK,93.900,0.44,15852.599986828864
16239,OK,94.500,0.44,15898.899990133941
16240,OK,78.000,0.44,15845.999994780868
16241,OK,87.200,0.44,15867.599984630942
16242,OK,80.300,0.44,15880.400023888797
16243,OK,65.700,0.44,15814.999991562217
16244,OK,74.400,0.44,15879.599959589541
16245,OK,443.500,0.44,15523.999987635761
16246,OK,93.500,0.44,15856.600017286837
16247,OK,61.000,0.44,15906.099986750633
16248,OK,63.200,0.44,15856.400015763938
16249,OK,54.600,0.44,15890.09998133406
16250,OK,48.700,0.44,15969.700005371124
16251,OK,51.800,0.44,15944.499988108873
16252,OK,60.400,0.44,15899.700054433197
16253,OK,62.300,0.44,15933.800023049116
16254,OK,65.100,0.44,15874.699980486184
16255,OK,73.700,0.44,15921.200043521821
16256,OK,63.000,0.44,15869.39999833703
16257,OK,90.200,0.44,15783.49998453632
16258,OK,50.500,0.44,15961.40000037849
16259,OK,46.400,0.44,15968.59999699518
16260,OK,61.400,0.44,15888.500027358532
16261,OK,68.700,0.44,15841.100015677512
16262,OK,57.300,0.44,15893.299947492778
16263,OK,43.300,0.44,15937.80005350709
16264,OK,64.500,0.44,15890.000038780272
16265,OK,58.800,0.44,15950.500033795834
16266,OK,45.700,0.44,15896.500030066818
16267,OK,45.300,0.44,15941.100020427257
16268,OK,92.900,0.44,15841.800021007657
16269,OK,74.300,0.44,15953.399997670203
16270,OK,130.900,0.44,15688.000014051795
16271,OK,44.100,0.44,15897.399978712201
16272,OK,49.300,0.44,15983.299992512912
16273,OK,52.100,0.44,15905.500040389597
16274,OK,51.200,0.44,15927.399974316359
16275,OK,63.700,0.44,15850.800031330436
16276,OK,55.100,0.44,15954.0000022389
16277,OK,78.300,0.44,15870.89995155111
16278,OK,58.600,0.44,15940.900018904358
16279,OK,49.900,0.44,15887.19995925203
16280,OK,47.600,0.44,15892.900002654642
16281,OK,47.500,0.44,15915.600000880659
16282,OK,58.200,0.44,15919.79997465387
16283,OK,56.100,0.44,15958.19997601211
16284,OK,58.800,0.44,15888.200025074184
16285,OK,81.000,0.44,15872.000018134713
16286,OK,60.400,0.44,15919.700032100081
16287,OK,42.300,0.44,15960.499993525445
16288,OK,64.700,0.44,15858.299972023815
16289,OK,63.900,0.44,15941.900026518852
16290,OK,51.800,0.44,15872.700023464859
16291,OK,91.000,0.44,15822.699991986156
16292,OK,55.500,0.44,15905.799984466285
16293,OK,86.600,0.44,15861.599997151643
16294,OK,48.500,0.44,15965.90003464371
16295,OK,61.500,0.44,15882.400039117783
16296,OK,48.900,0.44,15950.99997939542
16297,OK,55.000,0.44,15882.199979387224
16298,OK,57.700,0.44,15911.300026345998
16299,OK,66.600,0.44,15914.299990981817
16300,OK,68.300,0.44,15919.79997465387
16301,OK,70.600,0.44,15695.700014475733
16302,OK,71.100,0.44,15957.099967636168
16303,OK,60.300,0.44,15817.50001059845
16304,OK,61.000,0.44,15989.50003972277
16305,OK,60.700,0.44,15826.300019398332
16306,OK,56.100,0.44,15958.000032696873
16307,OK,59.000,0.44,15842.199965845793
16308,OK,60.000,0.44,15905.599982943386
16309,OK,59.600,0.44,15917.600016109645
16310,OK,57.400,0.44,15890.19998209551
16311,OK,56.900,0.44,15941.600024234504
16312,OK,53.100,0.44,15919.399971608073
16313,OK,59.300,0.44,15915.900003165007
16314,OK,58.600,0.44,15812.000026926398
16315,OK,57.900,0.44,15952.699992340058
16316,OK,71.500,0.44,15857.000020332634
16317,OK,60.400,0.44,15889.599977526814
16318,OK,75.500,0.44,15979.799965862185
16319,OK,62.700,0.44,15891.499991994351
16320,OK,67.000,0.44,15889.500034973025
16321,OK,84.700,0.44,15844.50004156679
16322,OK,65.200,0.44,15929.999994114041
16323,OK,71.000,0.44,15848.49995560944
16324,OK,80.200,0.44,15871.10001128167
16325,OK,58.200,0.44,15919.499972369522
16326,OK,62.100,0.44,15930.699999444187
16327,OK,68.400,0.44,15882.599982433021
16328,OK,60.700,0.44,15880.400023888797
16329,OK,88.500,0.44,15843.300032429397
16330,OK,75.600,0.44,15890.09998133406
16331,OK,70.800,0.44,15872.099960688502
16332,OK,60.900,0.44,15833.600016776472
16333,OK,72.100,0.44,15913.099981844425
16334,OK,63.700,0.44,15909.199952147901
16335,OK,89.900,0.44,15803.000016603619
16336,OK,67.300,0.44,15916.600008495152
16337,OK,73.100,0.44,15839.500003494322
16338,OK,60.700,0.44,15958.200034219772
16339,OK,62.700,0.44,15828.899980988353
16340,OK,62.500,0.44,15907.499997410923
16341,OK,61.600,0.44,15971.80002136156
16342,OK,71.700,0.44,15888.099966105074
16343,OK,78.000,0.44,15828.300034627318
16344,OK,61.800,0.44,15922.199992928654
16345,OK,88.300,0.44,15879.300015512854
16346,OK,75.300,0.44,15859.09997811541
16347,OK,65.600,0.44,15920.799982268363
16348,OK,93.600,0.44,15792.39999409765
16349,OK,57.800,0.44,15888.299967627972
16350,OK,56.600,0.44,15897.999983280897
16351,OK,53.400,0.44,15971.599961631
16352,OK,47.200,0.44,15882.80004216358
16353,OK,78.800,0.44,15909.099951386452
16354,OK,78.900,0.44,15906.300046481192
16355,OK,82.700,0.44,15878.000005614012
16356,OK,70.700,0.44,15841.500018723309
16357,OK,66.300,0.44,15952.699992340058
16358,OK,100.800,0.44,15782.799979206175
16359,OK,78.300,0.44,15891.200047917664
16360,OK,67.800,0.44,15904.599975328892
16361,OK,66.900,0.44,15899.899997748435
16362,OK,69.800,0.44,15830.89999621734
16363,OK,100.200,0.44,15853.700053412467
16364,OK,99.100,0.44,15826.800023205578
16365,OK,68.800,0.44,15898.399986326694
16366,OK,77.300,0.44,15818.400017451495
16367,OK,66.900,0.44,15948.599961120635
16368,OK,95.500,0.44,15882.299980148673
16369,OK,125.600,0.44,15774.900035466999
16370,OK,79.700,0.44,15835.999976843596
16371,OK,98.800,0.44,15819.199965335429
16372,OK,64.100,0.44,15915.199997834861
16373,OK,75.800,0.44,15969.100000802428
16374,OK,70.900,0.44,15836.299979127944
16375,OK,62.100,0.44,15916.69995104894
16376,OK,68.200,0.44,15890.29998285696
16377,OK,61.200,0.44,15870.800008997321
16378,OK,58.500,0.44,15944.199985824525
16379,OK,63.600,0.44,15888.799971435219
16380,OK,60.300,0.44,15874.899982009083
16381,OK,57.000,0.44,15914.599993266165
16382,OK,63.800,0.44,15916.500007733703
16383,OK,66.700,0.44,15913.89998793602
