bloco,status,tempo_python_us,tempo_fpga_us,rtt_total_us
0,OK,5683.000,0.44,16366.299998480827
1,OK,144.400,0.44,15519.200009293854
2,OK,94.400,0.44,15813.999983947724
3,OK,76.700,0.44,16058.399982284755
4,OK,396.300,0.44,23682.400002144277
5,OK,130.900,0.44,7828.400004655123
6,OK,242.500,0.44,15301.099978387356
7,OK,74.800,0.44,15824.600006453693
8,OK,322.600,0.44,15558.600018266588
9,OK,79.700,0.44,15790.700039360672
10,OK,67.800,0.44,15913.79998717457
11,OK,99.100,0.44,15812.900033779442
12,OK,69.100,0.44,15990.499989129603
13,OK,70.600,0.44,15827.800030820072
14,OK,79.700,0.44,15877.700003329664
15,OK,69.800,0.44,15896.09996881336
16,OK,96.500,0.44,15873.100026510656
17,OK,62.100,0.44,15912.899980321527
18,OK,66.400,0.44,15874.399978201836
19,OK,60.700,0.44,15787.000011187047
20,OK,72.000,0.44,15939.400007482618
21,OK,54.600,0.44,15924.999956041574
22,OK,58.700,0.44,15897.399978712201
23,OK,53.600,0.44,15949.29996645078
24,OK,53.900,0.44,15926.400024909526
25,OK,68.600,0.44,15930.699999444187
26,OK,60.300,0.44,15812.500030733645
27,OK,71.700,0.44,15910.300018731505
28,OK,58.300,0.44,15907.699998933822
29,OK,80.600,0.44,15889.300033450127
30,OK,81.500,0.44,15801.100002136081
31,OK,70.000,0.44,15956.300019752234
32,OK,50.800,0.44,15916.600008495152
33,OK,54.700,0.44,15913.499984890223
34,OK,53.500,0.44,15908.10000197962
35,OK,49.300,0.44,15917.999960947782
36,OK,49.700,0.44,15922.599995974451
37,OK,84.000,0.44,15836.300037335604
38,OK,56.800,0.44,16000.800009351224
39,OK,70.100,0.44,15849.300019908696
40,OK,69.100,0.44,15943.199978210032
41,OK,64.300,0.44,15844.499983359128
42,OK,72.800,0.44,15795.799961779267
43,OK,79.700,0.44,15983.59999479726
44,OK,67.500,0.44,15877.700003329664
45,OK,59.500,0.44,15912.100032437593
46,OK,59.200,0.44,15897.299977950752
47,OK,66.200,0.44,15887.800022028387
48,OK,64.200,0.44,15912.60003624484
49,OK,59.400,0.44,15897.500037681311
50,OK,65.400,0.44,15911.400027107447
51,OK,61.800,0.44,15865.999972447753
52,OK,65.800,0.44,15906.39998903498
53,OK,59.800,0.44,15887.699963059276
54,OK,181.000,0.44,15812.100027687848
55,OK,62.400,0.44,15862.400003243238
56,OK,63.600,0.44,15843.800036236644
57,OK,91.800,0.44,15947.600011713803
58,OK,66.000,0.44,15868.899994529784
59,OK,89.400,0.44,15881.799976341426
60,OK,60.500,0.44,15894.100011792034
61,OK,80.400,0.44,15892.700001131743
62,OK,80.000,0.44,15801.700006704777
63,OK,57.100,0.44,15986.800019163638
64,OK,68.100,0.44,15846.700000111014
65,OK,72.600,0.44,15922.8999982588
66,OK,53.800,0.44,15922.199992928654
67,OK,78.300,0.44,15889.700036495924
68,OK,72.500,0.44,15906.000044196844
69,OK,61.700,0.44,15904.000028967857
70,OK,58.100,0.44,15894.300013314933
71,OK,62.100,0.44,15905.999985989183
72,OK,58.800,0.44,15888.600028119981
73,OK,58.100,0.44,15905.599982943386
74,OK,51.800,0.44,15922.599995974451
75,OK,63.200,0.44,15892.800001893193
76,OK,52.200,0.44,15910.200017970055
77,OK,51.400,0.44,15940.70001738146
78,OK,55.900,0.44,15893.10000417754
79,OK,64.500,0.44,15910.699963569641
80,OK,77.300,0.44,15879.90002008155
81,OK,80.000,0.44,15831.299999263138
82,OK,91.400,0.44,15923.200000543147
83,OK,67.000,0.44,15878.50000942126
84,OK,57.800,0.44,15912.199974991381
85,OK,66.000,0.44,15803.100017365068
86,OK,51.000,0.44,15958.39997753501
87,OK,94.500,0.44,15831.400000024587
88,OK,58.500,0.44,15902.099956292659
89,OK,75.100,0.44,15825.00000949949
90,OK,57.400,0.44,15936.799987684935
91,OK,61.200,0.44,15910.599962808192
92,OK,51.000,0.44,15893.500007223338
93,OK,93.700,0.44,15854.500001296401
94,OK,51.200,0.44,15955.50001366064
95,OK,74.700,0.44,15889.899979811162
96,OK,105.000,0.44,15845.499990973622
97,OK,67.500,0.44,15920.899983029813
98,OK,81.000,0.44,15824.800007976592
99,OK,77.900,0.44,15869.800001382828
100,OK,70.300,0.44,15944.599988870323
101,OK,81.300,0.44,15767.799981404096
102,OK,54.900,0.44,15912.700037006289
103,OK,61.300,0.44,15886.800014413893
104,OK,122.300,0.44,15821.199980564415
105,OK,97.000,0.44,15819.600026588887
106,OK,101.100,0.44,15878.40000865981
107,OK,77.500,0.44,15834.199963137507
108,OK,98.500,0.44,15834.300022106618
109,OK,109.900,0.44,16047.09995444864
110,OK,101.900,0.44,15759.499976411462
111,OK,88.000,0.44,15846.299997065216
112,OK,115.400,0.44,15850.499970838428
113,OK,229.800,0.44,15496.10000802204
114,OK,60.100,0.44,15922.599995974451
115,OK,84.100,0.44,15915.999945718795
116,OK,70.100,0.44,15880.899969488382
117,OK,59.100,0.44,15924.000006634742
118,OK,70.300,0.44,15891.5999927558
119,OK,61.700,0.44,15909.700014162809
120,OK,107.400,0.44,15806.800045538694
121,OK,73.800,0.44,15959.999989718199
122,OK,85.300,0.44,15771.60001033917
123,OK,76.000,0.44,15877.900004852563
124,OK,69.000,0.44,15877.900004852563
125,OK,70.900,0.44,15899.399993941188
126,OK,60.200,0.44,15975.199989043176
127,OK,64.800,0.44,15838.39999511838
128,OK,63.400,0.44,15876.699995715171
129,OK,83.400,0.44,15957.200026605278
130,OK,73.900,0.44,15753.499988932163
131,OK,70.000,0.44,15949.200023896992
132,OK,91.300,0.44,15817.6000113599
133,OK,106.200,0.44,15861.699997913092
134,OK,58.100,0.44,15885.8000067994
135,OK,95.600,0.44,15824.200003407896
136,OK,71.100,0.44,15957.799972966313
137,OK,77.800,0.44,16047.19995521009
138,OK,105.700,0.44,15964.600024744868
139,OK,201.800,0.44,15252.99996137619
140,OK,66.900,0.44,15921.899990644306
141,OK,79.600,0.44,15889.899979811162
142,OK,64.100,0.44,15904.400032013655
143,OK,61.800,0.44,15892.299998085946
144,OK,59.400,0.44,15900.900005362928
145,OK,60.800,0.44,15912.49997727573
146,OK,66.800,0.44,15889.699978288263
147,OK,62.600,0.44,15932.900016196072
148,OK,70.900,0.44,15894.399955868721
149,OK,61.000,0.44,15893.400006461889
150,OK,63.000,0.44,15882.599982433021
151,OK,78.600,0.44,15938.900003675371
152,OK,57.200,0.44,15803.800022695214
153,OK,72.500,0.44,15952.700050547719
154,OK,52.800,0.44,15865.099965594709
155,OK,58.700,0.44,15935.799980070442
156,OK,64.600,0.44,15862.700005527586
157,OK,66.400,0.44,15861.400053836405
158,OK,85.100,0.44,15877.700003329664
159,OK,82.500,0.44,15829.699987079948
160,OK,84.100,0.44,15859.599981922656
161,OK,97.300,0.44,15930.29999639839
162,OK,112.900,0.44,15780.299960169941
163,OK,90.200,0.44,15992.100001312792
164,OK,205.700,0.44,15480.900008697063
165,OK,187.600,0.44,15751.399972941726
166,OK,72.900,0.44,15928.999986499548
167,OK,62.400,0.44,15900.60000307858
168,OK,53.500,0.44,15924.500010441989
169,OK,73.600,0.44,15870.400005951524
170,OK,60.300,0.44,15906.199987512082
171,OK,65.400,0.44,15910.399961285293
172,OK,68.500,0.44,15931.500005535781
173,OK,119.500,0.44,15880.100021604449
174,OK,105.100,0.44,15763.900009915233
175,OK,66.800,0.44,15901.600010693073
176,OK,63.000,0.44,15902.400016784668
177,OK,86.200,0.44,15866.999980062246
178,OK,73.400,0.44,15878.000005614012
179,OK,77.800,0.44,15943.699982017279
180,OK,68.400,0.44,15815.700055100024
181,OK,58.400,0.44,15846.800000872463
182,OK,82.600,0.44,15900.800004601479
183,OK,50.900,0.44,15908.900008071214
184,OK,61.200,0.44,15931.300004012883
185,OK,56.600,0.44,15920.499979984015
186,OK,80.300,0.44,15842.69996965304
187,OK,74.900,0.44,15953.699999954551
188,OK,79.700,0.44,16014.59999801591
189,OK,77.300,0.44,15885.000000707805
190,OK,238.200,0.44,15399.000025354326
191,OK,58.600,0.44,15950.199973303825
192,OK,67.900,0.44,15916.099946480244
193,OK,54.100,0.44,15916.400006972253
194,OK,60.900,0.44,15860.4999887757
195,OK,52.300,0.44,15873.100026510656
196,OK,56.600,0.44,15910.700021777302
197,OK,64.500,0.44,15943.400037940592
198,OK,67.600,0.44,15912.60003624484
199,OK,64.500,0.44,15889.099973719567
200,OK,54.800,0.44,15936.2000413239
201,OK,78.500,0.44,15808.900003321469
202,OK,60.400,0.44,15852.399985305965
203,OK,69.500,0.44,15891.299990471452
204,OK,102.900,0.44,15880.000020843
205,OK,85.300,0.44,15886.500012129545
206,OK,65.700,0.44,15861.599997151643
207,OK,64.900,0.44,15943.099977448583
208,OK,70.000,0.44,15852.399985305965
209,OK,96.600,0.44,15925.80002034083
210,OK,71.400,0.44,15813.600039109588
211,OK,70.700,0.44,15904.500032775104
212,OK,77.900,0.44,15625.400003045797
213,OK,69.100,0.44,15847.900009248406
214,OK,65.300,0.44,15945.699997246265
215,OK,93.700,0.44,15828.399977181107
216,OK,79.100,0.44,15947.599953506142
217,OK,99.100,0.44,15850.19996855408
218,OK,66.500,0.44,15838.799998164177
219,OK,76.200,0.44,15946.899948175997
220,OK,63.100,0.44,15893.30000570044
221,OK,80.600,0.44,15880.300023127347
222,OK,60.100,0.44,15913.99998869747
223,OK,70.100,0.44,15870.300005190074
224,OK,64.400,0.44,15912.800037767738
225,OK,61.000,0.44,15909.699955955148
226,OK,73.500,0.44,15866.099973209202
227,OK,63.900,0.44,15913.500043097883
228,OK,63.700,0.44,15914.799994789064
229,OK,65.900,0.44,15921.699989121407
230,OK,75.800,0.44,15873.099968302995
231,OK,76.300,0.44,15891.399991232902
232,OK,64.500,0.44,15874.799981247634
233,OK,64.700,0.44,15907.099994365126
234,OK,65.100,0.44,15817.899955436587
235,OK,75.100,0.44,16077.900014352053
236,OK,186.200,0.44,15456.599998287857
237,OK,62.300,0.44,15881.19997177273
238,OK,60.600,0.44,15925.600018817931
239,OK,63.400,0.44,15892.600000370294
240,OK,81.100,0.44,15881.799976341426
241,OK,61.100,0.44,15873.500029556453
242,OK,86.400,0.44,15914.599993266165
243,OK,49.200,0.44,15899.599995464087
244,OK,52.400,0.44,15907.199995126575
245,OK,72.000,0.44,15836.89998369664
246,OK,50.200,0.44,15987.500024493784
247,OK,62.100,0.44,15872.499963734299
248,OK,66.700,0.44,15917.699958663434
249,OK,59.500,0.44,15859.799983445555
250,OK,67.500,0.44,15933.30001924187
251,OK,55.500,0.44,15928.79998497665
252,OK,67.800,0.44,15893.20000493899
253,OK,62.200,0.44,15888.59996991232
254,OK,60.500,0.44,15889.100031927228
255,OK,67.400,0.44,15890.19998209551
256,OK,67.900,0.44,15940.70001738146
257,OK,63.100,0.44,15894.60001559928
258,OK,63.400,0.44,15900.900005362928
259,OK,73.400,0.44,15884.799999184906
260,OK,82.400,0.44,15883.699990808964
261,OK,67.600,0.44,15829.899988602847
262,OK,71.800,0.44,15873.89997439459
263,OK,83.600,0.44,15983.699995558709
264,OK,83.700,0.44,15832.000004593283
265,OK,59.600,0.44,15876.099991146475
266,OK,88.700,0.44,15866.199973970652
267,OK,56.400,0.44,15927.399974316359
268,OK,57.100,0.44,15912.199974991381
269,OK,64.800,0.44,15876.99999799952
270,OK,61.800,0.44,15894.80001712218
271,OK,67.200,0.44,15898.200043011457
272,OK,59.600,0.44,15895.500022452325
273,OK,59.400,0.44,15945.299994200468
274,OK,70.900,0.44,15891.399991232902
275,OK,63.000,0.44,15900.70000384003
276,OK,64.200,0.44,15904.499974567443
277,OK,57.900,0.44,15859.199978876859
278,OK,64.900,0.44,15923.800005111843
279,OK,63.900,0.44,15909.800014924258
280,OK,64.900,0.44,15895.599965006113
281,OK,62.300,0.44,15891.299990471452
282,OK,70.500,0.44,15871.699957642704
283,OK,67.200,0.44,15904.000028967857
284,OK,64.100,0.44,15848.799957893789
285,OK,70.800,0.44,15878.999955020845
286,OK,62.500,0.44,15912.29997575283
287,OK,57.700,0.44,15911.800030153245
288,OK,64.900,0.44,15876.199991907924
289,OK,71.600,0.44,15919.100027531385
290,OK,52.900,0.44,15877.800004091114
291,OK,53.500,0.44,15971.80002136156
292,OK,72.900,0.44,15816.300001461059
293,OK,73.200,0.44,15940.4999576509
294,OK,60.800,0.44,15947.800013236701
295,OK,62.400,0.44,15922.999999020249
296,OK,69.800,0.44,15799.69999147579
297,OK,57.600,0.44,15977.500006556511
298,OK,60.200,0.44,15859.599981922656
299,OK,59.600,0.44,15911.800030153245
300,OK,59.200,0.44,15908.200002741069
301,OK,64.900,0.44,15766.600030474365
302,OK,93.000,0.44,15891.7999942787
303,OK,54.900,0.44,15922.199992928654
304,OK,69.200,0.44,15863.800013903528
305,OK,64.400,0.44,15922.499995213002
306,OK,70.100,0.44,15895.99996805191
307,OK,59.200,0.44,15894.200012553483
308,OK,85.500,0.44,15898.499987088144
309,OK,57.900,0.44,15852.500044275075
310,OK,55.400,0.44,15954.400005284697
311,OK,62.700,0.44,15908.600005786866
312,OK,75.800,0.44,15825.00000949949
313,OK,75.400,0.44,15940.39995688945
314,OK,73.900,0.44,15848.600014578551
315,OK,69.600,0.44,15870.200004428625
316,OK,86.500,0.44,15818.600018974394
317,OK,92.600,0.44,15902.899962384254
318,OK,81.100,0.44,15899.299993179739
319,OK,89.400,0.44,15796.599967870861
320,OK,58.300,0.44,15940.59995841235
321,OK,59.000,0.44,15882.399980910122
322,OK,58.000,0.44,15895.400021690875
323,OK,58.800,0.44,15942.500031087548
324,OK,62.100,0.44,15866.70003598556
325,OK,64.400,0.44,15893.400006461889
326,OK,60.700,0.44,15900.999947916716
327,OK,54.100,0.44,15916.700009256601
328,OK,62.300,0.44,15884.799999184906
329,OK,61.700,0.44,15911.099966615438
330,OK,69.600,0.44,15910.000016447157
331,OK,53.700,0.44,15902.20001526177
332,OK,53.300,0.44,15911.799971945584
333,OK,47.200,0.44,15950.199973303825
334,OK,56.400,0.44,15881.699975579977
335,OK,67.500,0.44,15944.89999115467
336,OK,62.200,0.44,15864.500019233674
337,OK,48.700,0.44,15910.199959762394
338,OK,50.400,0.44,15933.19996027276
339,OK,51.900,0.44,15892.900002654642
340,OK,68.300,0.44,15883.999993093312
341,OK,73.500,0.44,15874.0000333637
342,OK,105.000,0.44,15931.300004012883
343,OK,63.700,0.44,15767.1999768354
344,OK,73.100,0.44,16001.700016204268
345,OK,55.900,0.44,15899.19999241829
346,OK,57.900,0.44,15919.80003286153
347,OK,67.300,0.44,15835.899976082146
348,OK,67.700,0.44,15905.699983704835
349,OK,69.800,0.44,15886.799956206232
350,OK,67.100,0.44,15864.000015426427
351,OK,83.900,0.44,15849.900024477392
352,OK,72.900,0.44,15879.999962635338
353,OK,55.000,0.44,15942.10002804175
354,OK,55.300,0.44,15927.399974316359
355,OK,71.900,0.44,15841.800021007657
356,OK,63.300,0.44,15883.799991570413
357,OK,72.500,0.44,15891.7999942787
358,OK,76.300,0.44,15886.700013652444
359,OK,55.600,0.44,15941.900026518852
360,OK,56.400,0.44,15887.499961536378
361,OK,59.900,0.44,15915.199997834861
362,OK,63.100,0.44,15915.29999859631
363,OK,55.400,0.44,15907.399996649474
364,OK,55.500,0.44,15907.199995126575
365,OK,50.300,0.44,15926.000021863729
366,OK,89.900,0.44,15896.499971859157
367,OK,172.000,0.44,15774.799976497889
368,OK,82.200,0.44,15861.599997151643
369,OK,73.800,0.44,15947.500010952353
370,OK,66.500,0.44,15868.099988438189
371,OK,59.000,0.44,15933.700022287667
372,OK,63.100,0.44,15856.700018048286
373,OK,66.500,0.44,15879.200014751405
374,OK,67.300,0.44,15880.299964919686
375,OK,75.100,0.44,15880.100021604449
376,OK,55.600,0.44,15936.799987684935
377,OK,52.100,0.44,15920.200035907328
378,OK,60.300,0.44,15855.000005103648
379,OK,54.200,0.44,15965.700033120811
380,OK,56.700,0.44,15915.50000011921
381,OK,67.800,0.44,15893.799951300025
382,OK,71.300,0.44,15837.799990549684
383,OK,95.100,0.44,15886.000008322299
384,OK,64.600,0.44,15922.199992928654
385,OK,60.800,0.44,15812.400029972196
386,OK,70.400,0.44,15855.300007387996
387,OK,59.400,0.44,15938.299999106675
388,OK,69.800,0.44,15902.800019830465
389,OK,70.800,0.44,15882.69998319447
390,OK,66.800,0.44,15880.700026173145
391,OK,62.700,0.44,15903.300023637712
392,OK,99.400,0.44,15820.300031919032
393,OK,72.200,0.44,16031.10000723973
394,OK,123.000,0.44,15683.199977502227
395,OK,64.800,0.44,15914.699994027615
396,OK,65.200,0.44,15890.800044871867
397,OK,81.600,0.44,15884.599997662008
398,OK,76.200,0.44,15896.199969574809
399,OK,100.900,0.44,15826.300019398332
400,OK,83.000,0.44,15874.200034886599
401,OK,92.500,0.44,29209.000000264496
402,OK,104.400,0.44,25080.899999011308
403,OK,116.500,0.44,33648.19998387247
404,OK,120.100,0.44,25132.59998522699
405,OK,104.700,0.44,16408.59997132793
406,OK,127.700,0.44,13226.19995335117
407,OK,119.000,0.44,17722.69996581599
408,OK,110.400,0.44,13967.699953354895
409,OK,70.600,0.44,15805.899980477989
410,OK,73.300,0.44,15866.799978539348
411,OK,62.900,0.44,15899.699996225536
412,OK,70.300,0.44,15932.99995874986
413,OK,66.100,0.44,15900.200000032783
414,OK,66.300,0.44,15891.999995801598
415,OK,75.300,0.44,15845.099987927824
416,OK,80.700,0.44,15852.000040467829
417,OK,69.200,0.44,15902.599960099906
418,OK,60.800,0.44,15858.100028708577
419,OK,61.400,0.44,15954.500006046146
420,OK,109.000,0.44,15837.599989026785
421,OK,79.300,0.44,15832.600009161979
422,OK,86.600,0.44,15914.899995550513
423,OK,63.700,0.44,15835.200028959662
424,OK,66.000,0.44,15842.200024053454
425,OK,63.000,0.44,15864.99996483326
426,OK,76.600,0.44,15920.299978461117
427,OK,69.200,0.44,15880.600025411695
428,OK,64.900,0.44,15900.400001555681
429,OK,66.400,0.44,15913.299983367324
430,OK,65.800,0.44,15902.900020591915
431,OK,59.800,0.44,15885.799948591739
432,OK,73.300,0.44,15869.39999833703
433,OK,69.000,0.44,15878.600010182709
434,OK,96.700,0.44,15890.600043348968
435,OK,83.700,0.44,15813.299978617579
436,OK,84.400,0.44,15902.10001450032
437,OK,57.200,0.44,15879.000013228506
438,OK,54.000,0.44,16084.500006400049
439,OK,101.400,0.44,15824.700007215142
440,OK,255.600,0.44,15338.8999751769
441,OK,75.900,0.44,15867.399983108044
442,OK,73.400,0.44,15857.60002490133
443,OK,67.600,0.44,15924.800012726337
444,OK,56.200,0.44,15876.099991146475
445,OK,56.500,0.44,15933.19996027276
446,OK,56.000,0.44,15913.199982605875
447,OK,62.600,0.44,15944.799990393221
448,OK,80.600,0.44,15834.700025152415
449,OK,86.800,0.44,15845.899994019419
450,OK,94.500,0.44,15863.50001161918
451,OK,64.600,0.44,15889.599977526814
452,OK,73.100,0.44,15871.500014327466
453,OK,60.200,0.44,15877.099998760968
454,OK,52.100,0.44,15912.100032437593
455,OK,62.100,0.44,15963.299956638366
456,OK,57.900,0.44,15904.800035059452
457,OK,62.400,0.44,15926.000021863729
458,OK,59.500,0.44,15895.599965006113
459,OK,67.000,0.44,15849.100018385798
460,OK,99.900,0.44,15800.900000613183
461,OK,70.700,0.44,15973.600035067648
462,OK,58.800,0.44,15785.299998242408
463,OK,54.400,0.44,15989.800042007118
464,OK,144.000,0.44,15928.499982692301
465,OK,262.800,0.44,15970.10000841692
466,OK,202.100,0.44,15141.199983190745
467,OK,76.000,0.44,15914.199990220368
468,OK,76.800,0.44,15794.600010849535
469,OK,63.400,0.44,15933.599963318557
470,OK,60.600,0.44,15904.399973805994
471,OK,64.700,0.44,15921.699989121407
472,OK,64.900,0.44,15871.00001052022
473,OK,65.200,0.44,15904.800035059452
474,OK,61.100,0.44,15896.30002854392
475,OK,80.300,0.44,15875.900047831237
476,OK,80.000,0.44,15877.900004852563
477,OK,64.700,0.44,15887.900022789836
478,OK,57.100,0.44,15893.10000417754
479,OK,67.200,0.44,15920.499979984015
480,OK,61.500,0.44,15885.000000707805
481,OK,59.900,0.44,15882.399980910122
482,OK,68.500,0.44,15896.09996881336
483,OK,62.800,0.44,15914.399991743267
484,OK,60.400,0.44,15884.200052823871
485,OK,61.500,0.44,15906.899992842227
486,OK,64.200,0.44,15904.400032013655
487,OK,62.500,0.44,15891.69999351725
488,OK,59.700,0.44,15888.299967627972
489,OK,50.000,0.44,15931.400004774332
490,OK,49.200,0.44,15933.399961795658
491,OK,70.400,0.44,15871.400013566017
492,OK,68.700,0.44,15952.50004902482
493,OK,51.800,0.44,15892.600000370294
494,OK,77.200,0.44,15900.60000307858
495,OK,48.200,0.44,15924.500010441989
496,OK,54.000,0.44,15899.399993941188
497,OK,51.900,0.44,15900.900005362928
498,OK,49.900,0.44,15963.599958922714
499,OK,58.500,0.44,15916.000003926456
500,OK,58.800,0.44,15895.399963483214
501,OK,68.200,0.44,15795.700019225478
502,OK,76.800,0.44,16207.499953452498
503,OK,93.000,0.44,15452.700026798993
504,OK,75.500,0.44,15923.600003588945
505,OK,67.000,0.44,15887.30001822114
506,OK,55.000,0.44,15878.30000789836
507,OK,67.000,0.44,15930.399997159839
508,OK,68.000,0.44,15854.099998250604
509,OK,75.900,0.44,15867.89998691529
510,OK,54.400,0.44,15928.299981169403
511,OK,67.500,0.44,15831.099997740239
512,OK,93.500,0.44,15907.399996649474
513,OK,75.600,0.44,15503.900009207428
514,OK,65.100,0.44,15943.800040986389
515,OK,67.600,0.44,15797.200030647218
516,OK,93.500,0.44,15918.200020678341
517,OK,74.900,0.44,15864.700020756572
518,OK,87.500,0.44,15887.19995925203
519,OK,75.900,0.44,15825.999958906323
520,OK,73.300,0.44,15925.100015010685
521,OK,62.600,0.44,15895.500022452325
522,OK,64.600,0.44,15907.799999695271
523,OK,64.400,0.44,15917.300013825297
524,OK,56.200,0.44,15885.100001469254
525,OK,58.600,0.44,15944.89999115467
526,OK,58.100,0.44,15860.099985729903
527,OK,59.500,0.44,15924.30000891909
528,OK,58.100,0.44,15901.400009170175
529,OK,73.300,0.44,15878.50000942126
530,OK,71.100,0.44,15905.899985227734
531,OK,73.100,0.44,15879.8000193201
532,OK,60.400,0.44,15904.200030490756
533,OK,59.700,0.44,15946.40000257641
534,OK,59.200,0.44,15901.100006885827
535,OK,63.000,0.44,15868.299989961088
536,OK,62.000,0.44,15960.099990479648
537,OK,62.800,0.44,15845.399990212172
538,OK,59.100,0.44,15948.900021612644
539,OK,66.800,0.44,15850.09996779263
540,OK,55.500,0.44,15933.400020003319
541,OK,57.900,0.44,15894.70001636073
542,OK,61.200,0.44,15871.300012804568
543,OK,68.100,0.44,15885.200002230704
544,OK,75.400,0.44,15855.700010433793
545,OK,90.900,0.44,15896.000026259571
546,OK,72.400,0.44,15853.899996727705
547,OK,78.500,0.44,15947.600011713803
548,OK,65.600,0.44,15896.499971859157
549,OK,63.700,0.44,15882.300038356334
550,OK,62.800,0.44,15909.800014924258
551,OK,61.900,0.44,15909.699955955148
552,OK,72.300,0.44,15881.899977102876
553,OK,54.100,0.44,15868.0000458844
554,OK,60.200,0.44,15909.800014924258
555,OK,57.100,0.44,15924.30000891909
556,OK,60.400,0.44,15900.900005362928
557,OK,69.600,0.44,15895.500022452325
558,OK,78.400,0.44,15896.700031589717
559,OK,58.000,0.44,15887.30001822114
560,OK,83.600,0.44,15833.800018299371
561,OK,54.100,0.44,15920.899983029813
562,OK,52.600,0.44,15916.300006210804
563,OK,57.400,0.44,15918.099961709231
564,OK,61.700,0.44,15905.300038866699
565,OK,53.700,0.44,16026.699973735958
566,OK,68.200,0.44,16011.199972126633
567,OK,198.000,0.44,15656.699950341135
568,OK,157.300,0.44,15501.99999473989
569,OK,54.700,0.44,15906.199987512082
570,OK,82.000,0.44,15903.699968475848
571,OK,69.900,0.44,15893.399948254228
572,OK,69.500,0.44,15894.200012553483
573,OK,76.700,0.44,15969.700005371124
574,OK,62.800,0.44,15853.299992159009
575,OK,62.500,0.44,15912.599978037179
576,OK,63.900,0.44,15880.200022365898
577,OK,61.400,0.44,15791.400044690818
578,OK,61.400,0.44,15948.10001552105
579,OK,58.200,0.44,15904.299973044544
580,OK,56.700,0.44,15901.99995553121
581,OK,60.200,0.44,15823.800000362098
582,OK,54.300,0.44,16038.100002333522
583,OK,74.000,0.44,15887.800022028387
584,OK,75.200,0.44,15891.7999942787
585,OK,51.100,0.44,15899.20005062595
586,OK,76.700,0.44,15861.599997151643
587,OK,75.600,0.44,15884.499996900558
588,OK,59.000,0.44,15911.699971184134
589,OK,60.600,0.44,15832.800010684878
590,OK,56.400,0.44,15956.099960021675
591,OK,69.700,0.44,15954.300004523247
592,OK,49.200,0.44,15904.000028967857
593,OK,60.900,0.44,15841.699962038547
594,OK,59.100,0.44,15889.400034211576
595,OK,61.000,0.44,15855.500008910894
596,OK,54.800,0.44,15979.20001950115
597,OK,60.100,0.44,15897.100034635514
598,OK,53.000,0.44,15959.89998895675
599,OK,57.700,0.44,15882.999985478818
600,OK,56.800,0.44,15914.899995550513
601,OK,59.000,0.44,16069.300007075071
602,OK,161.500,0.44,15452.799969352782
603,OK,59.200,0.44,15903.400024399161
604,OK,50.800,0.44,15887.000015936792
605,OK,58.900,0.44,15885.100001469254
606,OK,61.700,0.44,15898.499987088144
607,OK,51.400,0.44,15921.100042760372
608,OK,50.800,0.44,15954.500006046146
609,OK,52.800,0.44,15901.100006885827
610,OK,59.500,0.44,15887.40001898259
611,OK,60.200,0.44,15956.599963828921
612,OK,70.100,0.44,15852.099983021617
613,OK,69.400,0.44,15909.50001263991
614,OK,69.200,0.44,15885.90000756085
615,OK,59.800,0.44,15925.90002110228
616,OK,59.400,0.44,15878.600010182709
617,OK,80.300,0.44,15908.300003502518
618,OK,75.500,0.44,15919.89997541532
619,OK,64.700,0.44,15826.900023967028
620,OK,55.200,0.44,15961.29999961704
621,OK,57.400,0.44,15952.400048263371
622,OK,63.100,0.44,15812.800033017993
623,OK,56.500,0.44,15901.100006885827
624,OK,55.500,0.44,15923.700004350394
625,OK,72.000,0.44,15885.70000603795
626,OK,70.100,0.44,15888.300025835633
627,OK,63.300,0.44,15892.299998085946
628,OK,55.900,0.44,15926.900028716773
629,OK,62.000,0.44,15888.500027358532
630,OK,57.400,0.44,15913.299983367324
631,OK,53.200,0.44,15893.900010269135
632,OK,54.300,0.44,15879.700018558651
633,OK,57.000,0.44,16109.300020616502
634,OK,180.400,0.44,15527.700015809387
635,OK,58.500,0.44,15882.099978625774
636,OK,57.700,0.44,15850.699972361326
637,OK,61.600,0.44,15992.600005120039
638,OK,70.300,0.44,15878.800011705607
639,OK,52.000,0.44,15918.40002220124
640,OK,75.800,0.44,15874.099975917488
641,OK,65.100,0.44,15880.099963396788
642,OK,74.500,0.44,15955.000009853393
643,OK,72.600,0.44,15867.89998691529
644,OK,85.600,0.44,15806.899988092482
645,OK,74.000,0.44,15909.900015685707
646,OK,73.600,0.44,15870.000002905726
647,OK,61.200,0.44,15977.800008840859
648,OK,55.500,0.44,15915.199997834861
649,OK,57.100,0.44,15937.799995299429
650,OK,73.800,0.44,15818.700019735843
651,OK,61.000,0.44,15950.000029988587
652,OK,86.400,0.44,15819.799969904125
653,OK,70.200,0.44,15949.800028465688
654,OK,63.700,0.44,15833.100012969226
655,OK,76.100,0.44,15820.900036487728
656,OK,75.700,0.44,15988.999977707863
657,OK,59.800,0.44,15905.699983704835
658,OK,82.900,0.44,15905.499982181937
659,OK,62.500,0.44,15773.30002328381
660,OK,65.400,0.44,16013.999993447214
661,OK,70.300,0.44,15904.299973044544
662,OK,65.200,0.44,15873.000025749207
663,OK,67.500,0.44,15874.899982009083
664,OK,56.300,0.44,15938.099997583777
665,OK,78.000,0.44,15890.499984379858
666,OK,77.200,0.44,15859.700040891767
667,OK,74.000,0.44,15881.799976341426
668,OK,73.000,0.44,15870.700008235872
669,OK,63.400,0.44,15877.900004852563
670,OK,67.900,0.44,15843.699977267534
671,OK,91.000,0.44,15844.699984882027
672,OK,75.100,0.44,15958.200034219772
673,OK,81.500,0.44,15882.099978625774
674,OK,59.100,0.44,15873.599972110242
675,OK,60.000,0.44,15916.200005449355
676,OK,64.300,0.44,15896.20002778247
677,OK,60.800,0.44,15889.300033450127
678,OK,64.700,0.44,15931.200003251433
679,OK,74.800,0.44,15819.900028873235
680,OK,60.600,0.44,15918.200020678341
681,OK,78.800,0.44,15946.200001053512
682,OK,66.900,0.44,15875.700046308339
683,OK,57.300,0.44,15928.899985738099
684,OK,64.900,0.44,15881.200029980391
685,OK,67.000,0.44,15904.199972283095
686,OK,64.600,0.44,15831.199998501688
687,OK,66.800,0.44,15942.09996983409
688,OK,57.000,0.44,15868.499991483986
689,OK,55.200,0.44,15924.900013487786
690,OK,56.700,0.44,15899.399993941188
691,OK,47.200,0.44,15942.0000272803
692,OK,49.300,0.44,15930.800000205636
693,OK,54.200,0.44,15917.100012302399
694,OK,68.600,0.44,15893.800009507686
695,OK,77.800,0.44,15938.900003675371
696,OK,53.900,0.44,15859.09997811541
697,OK,76.100,0.44,15875.100041739643
698,OK,57.200,0.44,15852.699987590313
699,OK,68.200,0.44,15973.899979144335
700,OK,51.500,0.44,15897.799981757998
701,OK,58.300,0.44,15806.999988853931
702,OK,71.500,0.44,15854.400000534952
703,OK,57.800,0.44,15967.799990903586
704,OK,78.900,0.44,15880.400023888797
705,OK,60.700,0.44,15906.699991319329
706,OK,81.700,0.44,15908.700006548315
707,OK,84.000,0.44,15814.59998851642
708,OK,66.100,0.44,15945.399994961917
709,OK,62.500,0.44,15917.100012302399
710,OK,61.300,0.44,15779.900015331805
711,OK,76.400,0.44,15990.99999293685
712,OK,69.100,0.44,15902.20001526177
713,OK,58.100,0.44,15890.29998285696
714,OK,59.900,0.44,15856.800018809736
715,OK,57.800,0.44,15960.299992002547
716,OK,59.700,0.44,15917.500015348196
717,OK,58.500,0.44,15910.9000233002
718,OK,55.600,0.44,15908.00000121817
719,OK,60.200,0.44,15891.90005324781
720,OK,61.700,0.44,15922.299993690103
721,OK,73.600,0.44,15841.599961277097
722,OK,94.700,0.44,15892.900002654642
723,OK,56.700,0.44,15920.799982268363
724,OK,56.100,0.44,15908.300003502518
725,OK,59.100,0.44,15915.199997834861
726,OK,55.500,0.44,15883.999993093312
727,OK,60.100,0.44,15946.100000292063
728,OK,60.900,0.44,15874.200034886599
729,OK,57.900,0.44,15928.600041661412
730,OK,59.500,0.44,15903.999970760196
731,OK,58.800,0.44,15889.099973719567
732,OK,63.000,0.44,15870.69995002821
733,OK,61.100,0.44,15919.90003362298
734,OK,58.600,0.44,15870.100003667176
735,OK,61.600,0.44,15891.099988948554
736,OK,63.600,0.44,15883.099986240268
737,OK,51.200,0.44,15937.199990730733
738,OK,70.500,0.44,15914.399991743267
739,OK,53.500,0.44,15897.100034635514
740,OK,53.800,0.44,15919.499972369522
741,OK,59.200,0.44,15932.499954942614
742,OK,91.300,0.44,15798.099979292601
743,OK,51.800,0.44,15918.800025247037
744,OK,57.900,0.44,15904.799976851791
745,OK,49.800,0.44,15918.40002220124
746,OK,67.400,0.44,15930.699999444187
747,OK,58.900,0.44,15860.299987252802
748,OK,69.300,0.44,15888.500027358532
749,OK,99.800,0.44,15870.600007474422
750,OK,66.900,0.44,15919.400029815733
751,OK,63.800,0.44,15922.399994451553
752,OK,55.500,0.44,15906.899992842227
753,OK,58.600,0.44,15882.700041402131
754,OK,56.800,0.44,15930.29999639839
755,OK,56.700,0.44,15866.300032939762
756,OK,55.100,0.44,15968.69999775663
757,OK,50.400,0.44,15941.800025757402
758,OK,59.500,0.44,15903.800027444959
759,OK,54.800,0.44,15910.800022538751
760,OK,51.700,0.44,15912.900038529187
761,OK,56.400,0.44,15922.400052659214
762,OK,71.400,0.44,15911.500027868897
763,OK,61.600,0.44,15902.800019830465
764,OK,62.200,0.44,15893.500007223338
765,OK,63.500,0.44,15886.300010606647
766,OK,65.800,0.44,15932.899957988411
767,OK,59.400,0.44,15911.700029391795
768,OK,63.500,0.44,15872.800024226308
769,OK,64.300,0.44,15829.49998555705
770,OK,59.800,0.44,15921.40004504472
771,OK,65.300,0.44,15952.699992340058
772,OK,64.400,0.44,15832.29994866997
773,OK,74.100,0.44,15860.099985729903
774,OK,71.500,0.44,15990.000043530017
775,OK,80.900,0.44,15804.30002650246
776,OK,84.500,0.44,15840.000007301569
777,OK,78.100,0.44,15951.999987009913
778,OK,67.100,0.44,15897.5999802351
779,OK,62.100,0.44,15880.300023127347
780,OK,64.100,0.44,15829.999989364296
781,OK,89.500,0.44,15907.000051811337
782,OK,62.500,0.44,15950.400033034384
783,OK,67.000,0.44,15914.099989458919
784,OK,65.500,0.44,15822.10004562512
785,OK,65.600,0.44,15973.599976859987
786,OK,63.300,0.44,15914.199990220368
787,OK,64.800,0.44,15889.500034973025
788,OK,56.900,0.44,15845.399990212172
789,OK,61.200,0.44,15967.899991665035
790,OK,78.500,0.44,15879.79996111244
791,OK,56.700,0.44,15887.999965343624
792,OK,56.300,0.44,15844.50004156679
793,OK,61.100,0.44,15919.69997389242
794,OK,50.500,0.44,15945.899998769164
795,OK,57.200,0.44,15885.400003753603
796,OK,54.900,0.44,15893.699950538576
797,OK,53.100,0.44,15972.199966199696
798,OK,60.500,0.44,15868.899994529784
799,OK,60.700,0.44,15902.700019069016
800,OK,54.400,0.44,15930.599998682737
801,OK,62.800,0.44,15791.999991051853
802,OK,64.900,0.44,15904.600033536553
803,OK,72.300,0.44,15884.29999537766
804,OK,68.800,0.44,15890.599985141307
805,OK,63.700,0.44,15957.599971443415
806,OK,58.800,0.44,15900.800004601479
807,OK,57.400,0.44,15869.200055021793
808,OK,49.200,0.44,15908.599947579205
809,OK,60.100,0.44,15876.89999723807
810,OK,74.400,0.44,15894.300013314933
811,OK,55.100,0.44,15901.700011454523
812,OK,78.500,0.44,15894.100011792034
813,OK,55.700,0.44,15926.100022625178
814,OK,55.200,0.44,15908.699948340654
815,OK,54.300,0.44,15871.399955358356
816,OK,52.200,0.44,15959.69998743385
817,OK,53.400,0.44,15919.399971608073
818,OK,59.200,0.44,15918.499964755028
819,OK,56.400,0.44,15884.099993854761
820,OK,52.100,0.44,15995.900030247867
821,OK,53.200,0.44,15880.999970249832
822,OK,57.100,0.44,15922.8999982588
823,OK,49.900,0.44,15912.29997575283
824,OK,60.400,0.44,15908.10000197962
825,OK,58.000,0.44,15962.500008754432
826,OK,66.200,0.44,15799.499989952892
827,OK,62.700,0.44,15880.000020843
828,OK,61.300,0.44,15943.59998125583
829,OK,58.800,0.44,15916.099946480244
830,OK,59.800,0.44,15905.20003810525
831,OK,75.700,0.44,15880.499966442585
832,OK,74.100,0.44,15894.70001636073
833,OK,57.900,0.44,15917.600016109645
834,OK,56.800,0.44,15958.40003574267
835,OK,106.700,0.44,15788.00001880154
836,OK,63.900,0.44,15896.599972620606
837,OK,60.800,0.44,15911.799971945584
838,OK,63.800,0.44,15846.700000111014
839,OK,58.300,0.44,15911.799971945584
840,OK,60.300,0.44,15877.800004091114
841,OK,59.600,0.44,15958.000032696873
842,OK,52.900,0.44,15870.700008235872
843,OK,56.900,0.44,15912.200033199042
844,OK,53.900,0.44,15922.199992928654
845,OK,73.700,0.44,15905.1000373438
846,OK,59.000,0.44,15878.699952736497
847,OK,57.900,0.44,15783.299983013421
848,OK,55.400,0.44,15906.699991319329
849,OK,86.200,0.44,15856.09995527193
850,OK,75.700,0.44,15866.70003598556
851,OK,56.500,0.44,15909.50001263991
852,OK,55.000,0.44,15885.8000067994
853,OK,58.200,0.44,15994.300018064678
854,OK,68.700,0.44,15886.599954683334
855,OK,59.600,0.44,15856.999962124974
856,OK,52.200,0.44,15918.000019155443
857,OK,62.800,0.44,15887.999965343624
858,OK,49.000,0.44,15934.400027617812
859,OK,64.200,0.44,15921.39998683706
860,OK,56.600,0.44,15901.400009170175
861,OK,54.200,0.44,15925.000014249235
862,OK,65.100,0.44,15908.600005786866
863,OK,63.600,0.44,15889.399976003915
864,OK,59.200,0.44,15923.500002827495
865,OK,52.100,0.44,15892.499999608845
866,OK,58.500,0.44,15857.60002490133
867,OK,64.300,0.44,15898.700046818703
868,OK,60.800,0.44,15955.700015183538
869,OK,78.100,0.44,15849.499963223934
870,OK,78.900,0.44,15810.599958058447
871,OK,61.200,0.44,15976.800001226366
872,OK,65.800,0.44,15815.99999917671
873,OK,94.500,0.44,15947.99995655194
874,OK,84.000,0.44,15800.799999851733
875,OK,80.900,0.44,15811.200020834804
876,OK,79.700,0.44,16016.999958083034
877,OK,61.400,0.44,15778.600005432963
878,OK,63.400,0.44,15923.500002827495
879,OK,62.400,0.44,15953.699999954551
880,OK,59.700,0.44,15894.500014837831
881,OK,65.600,0.44,15911.999973468482
882,OK,61.700,0.44,15905.899985227734
883,OK,58.800,0.44,15893.800009507686
884,OK,69.700,0.44,15896.599972620606
885,OK,80.400,0.44,15828.399977181107
886,OK,64.600,0.44,15928.899985738099
887,OK,76.800,0.44,15873.300028033555
888,OK,65.100,0.44,15869.49999909848
889,OK,54.200,0.44,15919.69997389242
890,OK,53.900,0.44,15910.700021777302
891,OK,54.800,0.44,15903.900028206408
892,OK,50.700,0.44,15917.300013825297
893,OK,49.600,0.44,15936.599986162037
894,OK,49.800,0.44,15880.599967204034
895,OK,51.600,0.44,15921.899990644306
896,OK,51.100,0.44,15918.899967800826
897,OK,51.100,0.44,15869.39999833703
898,OK,45.100,0.44,15981.699980329722
899,OK,46.400,0.44,15939.600009005517
900,OK,63.300,0.44,15878.900012467057
901,OK,65.000,0.44,15820.699976757169
902,OK,48.500,0.44,15904.599975328892
903,OK,66.600,0.44,15913.099981844425
904,OK,51.100,0.44,15918.800025247037
905,OK,55.500,0.44,15830.99999697879
906,OK,59.000,0.44,15964.600024744868
907,OK,50.500,0.44,15925.600018817931
908,OK,51.300,0.44,15938.500000629574
909,OK,60.000,0.44,15865.599969401956
910,OK,60.100,0.44,15926.099964417517
911,OK,50.700,0.44,15930.09999487549
912,OK,54.100,0.44,15911.400027107447
913,OK,67.600,0.44,15865.199966356158
914,OK,53.300,0.44,15949.899971019477
915,OK,54.300,0.44,15902.799961622804
916,OK,51.400,0.44,15914.299990981817
917,OK,49.100,0.44,15911.800030153245
918,OK,48.900,0.44,15914.299990981817
919,OK,52.900,0.44,15929.599991068244
920,OK,49.100,0.44,15930.699999444187
921,OK,56.400,0.44,15879.100013989955
922,OK,53.400,0.44,15926.500025670975
923,OK,54.200,0.44,15922.599995974451
924,OK,54.400,0.44,15906.59999055788
925,OK,52.600,0.44,15903.800027444959
926,OK,54.800,0.44,15919.300029054284
927,OK,50.500,0.44,15952.699992340058
928,OK,68.900,0.44,15856.899961363524
929,OK,64.100,0.44,15895.900025498122
930,OK,67.600,0.44,15887.100016698241
931,OK,51.500,0.44,15898.799989372492
932,OK,48.100,0.44,15947.800013236701
933,OK,48.100,0.44,15899.299993179739
934,OK,52.200,0.44,15895.800024736673
935,OK,77.200,0.44,15914.799994789064
936,OK,49.900,0.44,15868.799993768334
937,OK,51.200,0.44,16006.099991500378
938,OK,57.500,0.44,15934.60002914071
939,OK,71.600,0.44,15904.900035820901
940,OK,73.000,0.44,15830.599993932992
941,OK,70.100,0.44,15926.500025670975
942,OK,55.600,0.44,15922.79999749735
943,OK,69.300,0.44,15903.49996695295
944,OK,65.800,0.44,15871.800016611814
945,OK,61.800,0.44,15897.70003920421
946,OK,60.700,0.44,15912.700037006289
947,OK,64.300,0.44,15846.099995542318
948,OK,61.500,0.44,15867.000038269907
949,OK,63.300,0.44,15981.300035491586
950,OK,58.000,0.44,15861.499996390194
951,OK,69.200,0.44,15878.30000789836
952,OK,65.200,0.44,15858.700033277273
953,OK,62.100,0.44,15973.3000327833
954,OK,61.000,0.44,15900.200000032783
955,OK,74.600,0.44,15893.299947492778
956,OK,79.700,0.44,15890.499984379858
957,OK,62.100,0.44,15913.600043859333
958,OK,64.700,0.44,15887.599962297827
959,OK,60.300,0.44,15902.500017546117
960,OK,64.400,0.44,15897.899982519448
961,OK,56.700,0.44,15892.299998085946
962,OK,57.500,0.44,15952.29998929426
963,OK,64.500,0.44,15841.699962038547
964,OK,64.000,0.44,15899.399993941188
965,OK,56.500,0.44,15905.599982943386
966,OK,58.500,0.44,15895.600023213774
967,OK,59.100,0.44,15909.000008832663
968,OK,77.200,0.44,15887.799963820726
969,OK,69.500,0.44,15914.799994789064
970,OK,60.500,0.44,15882.899984717369
971,OK,57.600,0.44,15909.40001187846
972,OK,53.700,0.44,15927.599975839257
973,OK,54.400,0.44,15886.200009845197
974,OK,54.400,0.44,15989.29997999221
975,OK,53.500,0.44,15913.599985651672
976,OK,58.000,0.44,15832.700009923428
977,OK,104.400,0.44,15828.700037673116
978,OK,51.500,0.44,15996.79997889325
979,OK,85.600,0.44,15722.299984190613
980,OK,80.700,0.44,15938.700002152473
981,OK,56.700,0.44,15892.600000370294
982,OK,65.900,0.44,15899.499994702637
983,OK,66.700,0.44,15831.600001547486
984,OK,53.900,0.44,15989.29997999221
985,OK,59.000,0.44,15907.199995126575
986,OK,55.800,0.44,15910.700021777302
987,OK,62.000,0.44,15813.399979379028
988,OK,46.400,0.44,16007.099999114871
989,OK,51.000,0.44,15934.899973217398
990,OK,52.300,0.44,15905.1000373438
991,OK,52.200,0.44,15838.50005408749
992,OK,45.900,0.44,15934.500028379261
993,OK,47.700,0.44,15938.099997583777
994,OK,47.400,0.44,15919.100027531385
995,OK,63.600,0.44,15819.299966096878
996,OK,58.300,0.44,16002.80002458021
997,OK,48.900,0.44,15876.299992669374
998,OK,58.100,0.44,15897.5999802351
999,OK,52.100,0.44,15882.399980910122
1000,OK,57.000,0.44,15955.30001213774
1001,OK,65.800,0.44,15793.90000551939
1002,OK,107.400,0.44,15794.899954926223
1003,OK,86.500,0.44,15842.000022530556
1004,OK,64.600,0.44,15943.699982017279
1005,OK,59.500,0.44,15899.999998509884
1006,OK,60.000,0.44,15913.099981844425
1007,OK,60.400,0.44,15896.500030066818
1008,OK,60.800,0.44,15915.39999935776
1009,OK,72.300,0.44,15887.20001745969
1010,OK,75.000,0.44,15886.699955444783
1011,OK,57.300,0.44,15921.099984552711
1012,OK,59.300,0.44,15913.90004614368
1013,OK,61.500,0.44,15885.100001469254
1014,OK,54.000,0.44,15922.099992167205
1015,OK,59.400,0.44,15892.299998085946
1016,OK,55.000,0.44,15916.399948764592
1017,OK,56.200,0.44,15920.299978461117
1018,OK,54.000,0.44,15913.099981844425
1019,OK,56.100,0.44,15862.400003243238
1020,OK,55.400,0.44,15908.600005786866
1021,OK,55.300,0.44,15906.49998979643
1022,OK,64.600,0.44,15870.400005951524
1023,OK,71.600,0.44,15881.999977864325
1024,OK,59.700,0.44,15926.800027955323
1025,OK,57.800,0.44,15771.70001110062
1026,OK,52.400,0.44,15829.49998555705
1027,OK,73.900,0.44,15971.200016792864
1028,OK,56.600,0.44,15886.600012890995
1029,OK,59.100,0.44,15931.900008581579
1030,OK,52.600,0.44,15863.70001314208
1031,OK,52.900,0.44,15935.399977024645
1032,OK,56.700,0.44,15916.000003926456
1033,OK,57.100,0.44,15911.800030153245
1034,OK,53.900,0.44,15885.299944784492
1035,OK,56.000,0.44,15910.800022538751
1036,OK,57.400,0.44,15913.400042336434
1037,OK,73.700,0.44,15890.499984379858
1038,OK,68.900,0.44,15899.299993179739
1039,OK,55.700,0.44,15945.499995723367
1040,OK,56.000,0.44,15923.200000543147
1041,OK,58.200,0.44,15854.60000205785
1042,OK,54.700,0.44,15899.899997748435
1043,OK,53.700,0.44,15907.699998933822
1044,OK,55.500,0.44,15912.699978798628
1045,OK,64.100,0.44,15941.300021950155
1046,OK,62.400,0.44,15858.599974308163
1047,OK,59.600,0.44,15914.799994789064
1048,OK,48.000,0.44,15869.900002144277
1049,OK,65.500,0.44,15932.599955704063
1050,OK,47.100,0.44,15970.700012985617
1051,OK,52.400,0.44,15923.900005873293
1052,OK,53.300,0.44,15869.599999859929
1053,OK,79.300,0.44,15813.999983947724
1054,OK,75.800,0.44,15801.100002136081
1055,OK,71.000,0.44,15997.099981177598
1056,OK,81.200,0.44,15799.69999147579
1057,OK,60.900,0.44,15821.099979802966
1058,OK,57.000,0.44,15869.099996052682
1059,OK,56.200,0.44,15920.100035145879
1060,OK,60.700,0.44,15906.100044958293
1061,OK,64.700,0.44,15883.899992331862
1062,OK,65.000,0.44,15935.799980070442
1063,OK,64.300,0.44,15890.000038780272
1064,OK,69.400,0.44,15909.100009594113
1065,OK,57.900,0.44,15841.30001720041
1066,OK,68.900,0.44,15947.500010952353
1067,OK,54.800,0.44,15894.100011792034
1068,OK,61.100,0.44,15905.399981420487
1069,OK,59.200,0.44,15924.799954518676
1070,OK,61.600,0.44,15908.10000197962
1071,OK,54.600,0.44,15920.399979222566
1072,OK,57.200,0.44,15870.500006712973
1073,OK,59.300,0.44,15916.000003926456
1074,OK,59.600,0.44,15938.800002913922
1075,OK,56.200,0.44,15912.900038529187
1076,OK,57.400,0.44,15914.699994027615
1077,OK,78.100,0.44,15808.199997991323
1078,OK,59.700,0.44,15980.59997195378
1079,OK,97.700,0.44,15815.99999917671
1080,OK,77.500,0.44,15823.900001123548
1081,OK,63.900,0.44,15834.199963137507
1082,OK,79.200,0.44,15904.599975328892
1083,OK,63.300,0.44,15954.100003000349
1084,OK,46.900,0.44,15970.999957062304
1085,OK,60.600,0.44,15913.400042336434
1086,OK,61.700,0.44,15893.699950538576
1087,OK,60.100,0.44,15890.699985902756
1088,OK,51.300,0.44,15779.300010763109
1089,OK,54.400,0.44,16026.60003118217
1090,OK,62.500,0.44,15913.100040052086
1091,OK,82.900,0.44,15884.699998423457
1092,OK,51.300,0.44,15883.00004368648
1093,OK,77.500,0.44,15908.600005786866
1094,OK,55.400,0.44,15838.899998925626
1095,OK,83.700,0.44,15858.499973546714
1096,OK,52.100,0.44,15915.29999859631
1097,OK,70.700,0.44,15940.200013574213
1098,OK,54.000,0.44,15880.499966442585
1099,OK,52.900,0.44,15916.000003926456
1100,OK,57.900,0.44,15898.699988611042
1101,OK,74.100,0.44,15796.69996863231
1102,OK,53.900,0.44,16153.300006408244
1103,OK,224.500,0.44,15454.899985343218
1104,OK,60.600,0.44,15884.899999946356
1105,OK,52.400,0.44,15871.400013566017
1106,OK,54.300,0.44,15943.800040986389
1107,OK,75.400,0.44,15899.599995464087
1108,OK,64.600,0.44,15912.699978798628
1109,OK,55.500,0.44,15907.90000045672
1110,OK,64.100,0.44,15897.999983280897
1111,OK,56.400,0.44,15906.199987512082
1112,OK,59.600,0.44,15891.299990471452
1113,OK,59.100,0.44,15902.600018307567
1114,OK,56.100,0.44,15909.40001187846
1115,OK,53.100,0.44,15916.200005449355
1116,OK,53.500,0.44,15932.500013150275
1117,OK,71.700,0.44,15879.500017035753
1118,OK,69.600,0.44,15904.700034298003
1119,OK,67.800,0.44,15895.199961960316
1120,OK,56.300,0.44,15914.899995550513
1121,OK,52.400,0.44,15888.59996991232
1122,OK,50.600,0.44,15938.600001391023
1123,OK,71.100,0.44,15828.199975658208
1124,OK,53.700,0.44,15907.90000045672
1125,OK,43.700,0.44,15932.900016196072
1126,OK,43.500,0.44,15979.799965862185
1127,OK,51.000,0.44,15856.499958317727
1128,OK,52.100,0.44,15955.100010614842
1129,OK,58.000,0.44,15934.799972455949
1130,OK,53.400,0.44,15869.599999859929
1131,OK,56.300,0.44,15857.899968978018
1132,OK,75.400,0.44,15982.999990228564
1133,OK,56.700,0.44,15907.499997410923
1134,OK,56.400,0.44,15907.799999695271
1135,OK,63.800,0.44,15794.00000628084
1136,OK,62.500,0.44,15997.999988030642
1137,OK,59.800,0.44,15892.499999608845
1138,OK,54.700,0.44,15844.40004080534
1139,OK,53.100,0.44,15968.899999279529
1140,OK,62.600,0.44,15897.70003920421
1141,OK,56.100,0.44,15905.700041912496
1142,OK,53.800,0.44,15908.400004263967
1143,OK,57.200,0.44,15890.09998133406
1144,OK,71.000,0.44,15910.400019492954
1145,OK,80.100,0.44,15840.599953662604
1146,OK,48.600,0.44,15913.100040052086
1147,OK,52.000,0.44,15921.099984552711
1148,OK,67.100,0.44,15898.000041488558
1149,OK,53.000,0.44,15948.200016282499
1150,OK,59.500,0.44,15865.900029893965
1151,OK,61.300,0.44,15912.899980321527
1152,OK,62.100,0.44,15893.800009507686
1153,OK,55.800,0.44,15922.6999967359
1154,OK,56.600,0.44,15869.299997575581
1155,OK,61.600,0.44,15929.599991068244
1156,OK,64.600,0.44,15906.699991319329
1157,OK,54.600,0.44,15892.499999608845
1158,OK,53.500,0.44,15917.300013825297
1159,OK,64.700,0.44,15880.500024650246
1160,OK,55.300,0.44,15895.300020929426
1161,OK,64.600,0.44,15921.39998683706
1162,OK,54.900,0.44,15910.000016447157
1163,OK,54.200,0.44,15910.800022538751
1164,OK,56.100,0.44,15908.499946817756
1165,OK,58.000,0.44,15905.999985989183
1166,OK,54.200,0.44,15826.000017113984
1167,OK,61.300,0.44,15999.199997168034
1168,OK,63.000,0.44,15940.000012051314
1169,OK,49.000,0.44,15842.399967368692
1170,OK,56.200,0.44,15916.300006210804
1171,OK,52.100,0.44,15955.30001213774
1172,OK,58.600,0.44,15865.700028371066
1173,OK,74.400,0.44,15911.299968138337
1174,OK,66.200,0.44,15831.700002308935
1175,OK,62.600,0.44,15926.100022625178
1176,OK,54.100,0.44,15899.899997748435
1177,OK,65.600,0.44,15904.400032013655
1178,OK,52.100,0.44,15917.699958663434
1179,OK,47.100,0.44,15961.799945216626
1180,OK,62.000,0.44,15867.300040554255
1181,OK,65.300,0.44,15846.900001633912
1182,OK,82.900,0.44,15887.30001822114
1183,OK,81.500,0.44,15879.000013228506
1184,OK,70.100,0.44,15898.499987088144
1185,OK,52.800,0.44,15935.99998159334
1186,OK,71.300,0.44,15863.300010096282
1187,OK,85.200,0.44,15944.699989631772
1188,OK,51.800,0.44,15895.700023975223
1189,OK,58.900,0.44,15911.300026345998
1190,OK,57.700,0.44,15911.299968138337
1191,OK,58.800,0.44,15911.599970422685
1192,OK,57.100,0.44,15911.199967376888
1193,OK,53.100,0.44,15865.300025325269
1194,OK,54.900,0.44,15925.300016533583
1195,OK,53.900,0.44,15930.599998682737
1196,OK,58.100,0.44,15912.699978798628
1197,OK,58.200,0.44,15847.900009248406
1198,OK,63.200,0.44,15950.600034557283
1199,OK,70.000,0.44,15860.400046221912
1200,OK,70.000,0.44,15928.399981930852
1201,OK,60.100,0.44,15815.899998415262
1202,OK,54.500,0.44,15815.799997653812
1203,OK,67.900,0.44,15963.599958922714
1204,OK,73.100,0.44,15872.699965257198
1205,OK,66.400,0.44,15811.70002464205
1206,OK,65.500,0.44,15913.199982605875
1207,OK,74.600,0.44,15852.300042752177
1208,OK,54.400,0.44,15946.300001814961
1209,OK,48.800,0.44,15905.1000373438
1210,OK,52.300,0.44,16001.900017727166
1211,OK,83.500,0.44,15865.199966356158
1212,OK,72.300,0.44,15912.29997575283
1213,OK,69.000,0.44,15866.299974732101
1214,OK,70.900,0.44,15914.199990220368
1215,OK,57.900,0.44,15894.900017883629
1216,OK,54.700,0.44,15881.29997253418
1217,OK,53.900,0.44,15925.80002034083
1218,OK,55.100,0.44,15914.299990981817
1219,OK,56.600,0.44,15904.199972283095
1220,OK,73.500,0.44,15909.800014924258
1221,OK,54.100,0.44,15878.100006375462
1222,OK,52.500,0.44,15902.600018307567
1223,OK,56.900,0.44,15943.899983540177
1224,OK,58.600,0.44,15859.400038607419
1225,OK,54.400,0.44,15908.700006548315
1226,OK,53.700,0.44,15907.599998172373
1227,OK,49.000,0.44,15925.600018817931
1228,OK,46.300,0.44,15930.29999639839
1229,OK,60.800,0.44,15905.800042673945
1230,OK,77.200,0.44,15896.800032351166
1231,OK,56.200,0.44,15946.900006383657
1232,OK,66.300,0.44,15850.500029046088
1233,OK,50.500,0.44,15940.699959173799
1234,OK,55.700,0.44,15912.099974229932
1235,OK,53.800,0.44,15902.799961622804
1236,OK,54.400,0.44,15919.200028292835
1237,OK,61.600,0.44,15881.599974818528
1238,OK,52.100,0.44,15925.200015772134
1239,OK,49.100,0.44,15905.999985989183
1240,OK,47.900,0.44,15914.099989458919
1241,OK,52.900,0.44,15911.600028630346
1242,OK,69.900,0.44,15898.799989372492
1243,OK,55.100,0.44,15906.799992080778
1244,OK,65.400,0.44,15853.399992920458
1245,OK,57.000,0.44,15994.700021110475
1246,OK,51.100,0.44,15904.000028967857
1247,OK,48.100,0.44,15892.199997324497
1248,OK,57.300,0.44,15881.599974818528
1249,OK,47.700,0.44,15940.300014335662
1250,OK,53.300,0.44,15926.100022625178
1251,OK,50.000,0.44,15933.399961795658
1252,OK,61.200,0.44,15918.19996247068
1253,OK,54.000,0.44,15876.699995715171
1254,OK,53.300,0.44,15941.500023473054
1255,OK,57.100,0.44,15890.19998209551
1256,OK,65.600,0.44,15884.599997662008
1257,OK,68.300,0.44,15893.700008746237
1258,OK,85.100,0.44,15850.20002676174
1259,OK,55.700,0.44,15961.900004185736
1260,OK,47.500,0.44,15877.400001045316
1261,OK,53.200,0.44,16012.700041756034
1262,OK,64.800,0.44,15848.70001534
1263,OK,71.500,0.44,15682.199969887733
1264,OK,64.500,0.44,15940.899960696697
1265,OK,65.000,0.44,15876.099991146475
1266,OK,93.200,0.44,15860.299987252802
1267,OK,105.000,0.44,15829.800046049058
1268,OK,90.600,0.44,15862.500004004687
1269,OK,87.700,0.44,15858.299972023815
1270,OK,103.700,0.44,15885.70000603795
1271,OK,98.800,0.44,15834.200021345168
1272,OK,89.900,0.44,15856.700018048286
1273,OK,67.800,0.44,15838.799998164177
1274,OK,100.000,0.44,15853.19999139756
1275,OK,104.500,0.44,15831.900003831834
1276,OK,86.200,0.44,15849.500021431595
1277,OK,68.000,0.44,15900.200000032783
1278,OK,83.000,0.44,15852.200041990727
1279,OK,89.700,0.44,15853.799995966256
1280,OK,61.100,0.44,15915.600000880659
1281,OK,76.400,0.44,15831.199998501688
1282,OK,104.300,0.44,15873.199969064444
1283,OK,129.700,0.44,15811.70002464205
1284,OK,91.000,0.44,15901.000006124377
1285,OK,79.800,0.44,15838.499995879829
1286,OK,61.700,0.44,15874.10003412515
1287,OK,81.600,0.44,15860.899991821498
1288,OK,83.400,0.44,15967.899991665035
1289,OK,72.600,0.44,15779.400011524558
1290,OK,95.300,0.44,15881.699975579977
1291,OK,83.500,0.44,15852.999989874661
1292,OK,75.300,0.44,15926.999971270561
1293,OK,67.500,0.44,15922.999999020249
1294,OK,66.700,0.44,15893.699950538576
1295,OK,72.000,0.44,15815.299993846565
1296,OK,80.300,0.44,15935.200033709407
1297,OK,68.600,0.44,15949.39996721223
1298,OK,68.000,0.44,15838.499995879829
1299,OK,59.200,0.44,15906.400047242641
1300,OK,58.500,0.44,15920.099976938218
1301,OK,64.800,0.44,15752.599982079118
1302,OK,96.200,0.44,15874.699980486184
1303,OK,55.400,0.44,15891.199989710003
1304,OK,63.200,0.44,15853.399992920458
1305,OK,54.800,0.44,15881.600033026189
1306,OK,57.500,0.44,15876.199991907924
1307,OK,49.900,0.44,15931.999951135367
1308,OK,51.800,0.44,15889.199974481016
1309,OK,51.500,0.44,15921.30004428327
1310,OK,49.400,0.44,15960.299992002547
1311,OK,60.000,0.44,15903.200022876263
1312,OK,69.000,0.44,15905.399981420487
1313,OK,44.500,0.44,15927.499975077808
1314,OK,46.400,0.44,15924.09994918853
1315,OK,45.200,0.44,15912.49997727573
1316,OK,49.500,0.44,15870.800008997321
1317,OK,49.400,0.44,15978.000010363758
1318,OK,45.000,0.44,15878.50000942126
1319,OK,54.600,0.44,15929.800050798804
1320,OK,45.700,0.44,15949.200023896992
1321,OK,54.800,0.44,15905.799984466285
1322,OK,78.600,0.44,15838.699997402728
1323,OK,54.500,0.44,15992.000000551343
1324,OK,75.600,0.44,15912.49997727573
1325,OK,52.900,0.44,15920.499979984015
1326,OK,57.600,0.44,15818.599960766733
1327,OK,55.800,0.44,15914.999996311963
1328,OK,60.800,0.44,15895.200020167977
1329,OK,49.500,0.44,15916.500007733703
1330,OK,52.700,0.44,15910.600021015853
1331,OK,45.500,0.44,15923.900005873293
1332,OK,53.500,0.44,15934.999973978847
1333,OK,56.100,0.44,15920.899983029813
1334,OK,66.400,0.44,15855.300007387996
1335,OK,72.300,0.44,15884.099993854761
1336,OK,84.300,0.44,15887.600020505488
1337,OK,64.600,0.44,15952.700050547719
1338,OK,56.000,0.44,15875.50004478544
1339,OK,57.100,0.44,15900.400001555681
1340,OK,62.100,0.44,15881.900035310537
1341,OK,63.100,0.44,15915.800002403557
1342,OK,60.500,0.44,15896.900033112615
1343,OK,61.100,0.44,15913.599985651672
1344,OK,54.600,0.44,15906.899992842227
1345,OK,55.200,0.44,15904.900035820901
1346,OK,56.400,0.44,15886.100009083748
1347,OK,55.300,0.44,15964.19996349141
1348,OK,53.000,0.44,15918.40002220124
1349,OK,56.400,0.44,15912.300033960491
1350,OK,67.900,0.44,15828.199975658208
1351,OK,49.900,0.44,15989.599982276559
1352,OK,54.700,0.44,15823.3999973163
1353,OK,92.600,0.44,15947.400010190904
1354,OK,62.500,0.44,15866.299974732101
1355,OK,66.500,0.44,15923.700004350394
1356,OK,55.400,0.44,15899.09999165684
1357,OK,62.500,0.44,15847.400005441159
1358,OK,61.700,0.44,15916.000003926456
1359,OK,51.400,0.44,15893.000003416091
1360,OK,63.800,0.44,15900.200000032783
1361,OK,91.400,0.44,15866.300032939762
1362,OK,46.500,0.44,15905.999985989183
1363,OK,52.800,0.44,15958.000032696873
1364,OK,58.000,0.44,15894.699958153069
1365,OK,68.800,0.44,15866.499976255
1366,OK,53.000,0.44,15908.200002741069
1367,OK,53.900,0.44,15949.900029227138
1368,OK,49.300,0.44,15905.299980659038
1369,OK,54.400,0.44,15921.999991405755
1370,OK,47.600,0.44,15959.399985149503
1371,OK,53.900,0.44,15942.399972118437
1372,OK,48.100,0.44,15829.799987841398
1373,OK,53.800,0.44,15862.10000095889
1374,OK,54.400,0.44,15993.200009688735
1375,OK,46.300,0.44,15918.000019155443
1376,OK,52.400,0.44,15896.699973382056
1377,OK,76.400,0.44,15882.099978625774
1378,OK,53.200,0.44,15944.399987347424
1379,OK,80.200,0.44,15849.99996703118
1380,OK,67.200,0.44,15933.600021526217
1381,OK,51.700,0.44,15929.599991068244
1382,OK,47.000,0.44,15910.200017970055
1383,OK,53.200,0.44,15884.699998423457
1384,OK,47.200,0.44,15917.199954856187
1385,OK,56.700,0.44,15917.700016871095
1386,OK,48.800,0.44,15899.19999241829
1387,OK,53.400,0.44,15928.100037854165
1388,OK,46.900,0.44,15914.499992504716
1389,OK,50.600,0.44,15927.599975839257
1390,OK,46.800,0.44,15930.19999563694
1391,OK,50.600,0.44,15925.000014249235
1392,OK,47.200,0.44,15922.79999749735
1393,OK,62.200,0.44,15904.799976851791
1394,OK,66.100,0.44,15891.899995040148
1395,OK,46.500,0.44,15941.500023473054
1396,OK,49.400,0.44,15989.400038961321
1397,OK,97.800,0.44,15730.499988421798
1398,OK,50.400,0.44,15949.699969496578
1399,OK,51.000,0.44,15903.800027444959
1400,OK,52.700,0.44,15868.099988438189
1401,OK,78.800,0.44,15840.400010347366
1402,OK,61.600,0.44,15922.999999020249
1403,OK,56.000,0.44,15897.399978712201
1404,OK,52.600,0.44,15918.999968562275
1405,OK,70.200,0.44,15959.7999881953
1406,OK,55.000,0.44,15882.099978625774
1407,OK,57.400,0.44,15831.500000786036
1408,OK,56.400,0.44,15873.599972110242
1409,OK,58.200,0.44,15997.599984984845
1410,OK,54.200,0.44,15806.399984285235
1411,OK,61.000,0.44,15957.900031935424
1412,OK,56.000,0.44,15882.999985478818
1413,OK,56.600,0.44,15947.500010952353
1414,OK,59.300,0.44,15945.199993439019
1415,OK,62.100,0.44,15859.499981161207
1416,OK,56.500,0.44,15899.499994702637
1417,OK,58.700,0.44,15941.000019665807
1418,OK,69.900,0.44,15874.499978963286
1419,OK,68.600,0.44,15890.999988187104
1420,OK,64.000,0.44,15841.799962799996
1421,OK,75.600,0.44,15960.099990479648
1422,OK,56.800,0.44,15919.199970085174
1423,OK,55.100,0.44,15881.800034549087
1424,OK,56.300,0.44,15920.600038953125
1425,OK,56.700,0.44,15919.199970085174
1426,OK,56.000,0.44,15897.099976427853
1427,OK,58.800,0.44,15902.10001450032
1428,OK,61.400,0.44,15918.19996247068
1429,OK,60.800,0.44,15915.099997073412
1430,OK,55.700,0.44,15901.000006124377
1431,OK,68.300,0.44,15814.600046724081
1432,OK,59.600,0.44,15987.900027539581
1433,OK,57.400,0.44,15884.39999613911
1434,OK,55.000,0.44,15895.300020929426
1435,OK,67.300,0.44,15835.40003048256
1436,OK,75.400,0.44,15879.90002008155
1437,OK,58.400,0.44,15883.199987001717
1438,OK,58.300,0.44,15856.599959079176
1439,OK,67.300,0.44,15906.49998979643
1440,OK,53.100,0.44,15951.499983202666
1441,OK,58.700,0.44,15877.300000283867
1442,OK,53.000,0.44,15966.600039973855
1443,OK,46.200,0.44,15843.999979551882
1444,OK,48.100,0.44,15995.19996671006
1445,OK,55.800,0.44,15902.400016784668
1446,OK,61.700,0.44,15910.000016447157
1447,OK,77.000,0.44,15838.699997402728
1448,OK,60.200,0.44,15958.699979819357
1449,OK,55.700,0.44,15920.099976938218
1450,OK,58.400,0.44,15898.100042250007
1451,OK,63.800,0.44,15914.599993266165
1452,OK,54.000,0.44,15912.100032437593
1453,OK,52.700,0.44,15903.3999661915
1454,OK,49.600,0.44,15912.899980321527
1455,OK,55.100,0.44,15896.600030828267
1456,OK,51.900,0.44,15884.499996900558
1457,OK,53.600,0.44,15967.100043781102
1458,OK,59.300,0.44,15854.400000534952
1459,OK,57.500,0.44,15874.500037170947
1460,OK,56.400,0.44,15903.70002668351
1461,OK,49.300,0.44,15950.399974826723
1462,OK,74.500,0.44,15864.900022279471
1463,OK,63.600,0.44,15902.300016023219
1464,OK,78.100,0.44,15915.600000880659
1465,OK,49.000,0.44,15914.599993266165
1466,OK,55.600,0.44,15856.800018809736
1467,OK,65.300,0.44,15998.999995645136
1468,OK,57.200,0.44,15887.399960774928
1469,OK,62.700,0.44,15825.199952814728
1470,OK,53.400,0.44,15846.199996303767
1471,OK,51.500,0.44,15979.999967385083
1472,OK,56.700,0.44,15923.900005873293
1473,OK,55.200,0.44,15904.199972283095
1474,OK,68.900,0.44,15854.400000534952
1475,OK,52.800,0.44,15942.09996983409
1476,OK,69.000,0.44,15892.99994520843
1477,OK,49.900,0.44,15924.20000815764
1478,OK,55.500,0.44,15892.499999608845
1479,OK,50.300,0.44,15947.599953506142
1480,OK,59.700,0.44,15886.800014413893
1481,OK,52.700,0.44,15919.79997465387
1482,OK,58.600,0.44,15898.199984803796
1483,OK,57.100,0.44,15922.599995974451
1484,OK,47.100,0.44,15927.600034046918
1485,OK,55.800,0.44,15914.199990220368
1486,OK,50.900,0.44,15907.299995888025
1487,OK,48.300,0.44,15909.200010355562
1488,OK,48.900,0.44,15889.800037257373
1489,OK,49.700,0.44,15944.299986585975
1490,OK,64.400,0.44,15906.39998903498
1491,OK,64.900,0.44,15916.200005449355
1492,OK,45.500,0.44,15918.30002143979
1493,OK,44.700,0.44,15934.6999716945
1494,OK,50.300,0.44,15910.79996433109
1495,OK,52.700,0.44,15936.299983877689
1496,OK,48.100,0.44,15919.90003362298
1497,OK,51.600,0.44,15897.500037681311
1498,OK,46.300,0.44,15932.300011627376
1499,OK,52.700,0.44,15946.700004860759
1500,OK,53.200,0.44,15886.199951637536
1501,OK,53.700,0.44,15814.999991562217
1502,OK,62.700,0.44,15875.39998581633
1503,OK,124.200,0.44,15905.20003810525
1504,OK,54.700,0.44,15888.80002964288
1505,OK,62.300,0.44,15842.59996889159
1506,OK,75.900,0.44,15949.300024658442
1507,OK,59.600,0.44,15886.000008322299
1508,OK,62.600,0.44,15890.399983618408
1509,OK,57.700,0.44,15860.70004850626
1510,OK,61.200,0.44,15969.700005371124
1511,OK,57.900,0.44,15901.400009170175
1512,OK,63.500,0.44,15852.299984544516
1513,OK,55.200,0.44,15902.00001373887
1514,OK,102.000,0.44,15861.799998674542
1515,OK,125.400,0.44,15858.100028708577
1516,OK,84.400,0.44,15869.39999833703
1517,OK,65.700,0.44,15906.299988273531
1518,OK,56.800,0.44,15896.199969574809
1519,OK,57.500,0.44,15912.900038529187
1520,OK,59.200,0.44,15888.999972958118
1521,OK,57.600,0.44,15914.899995550513
1522,OK,55.800,0.44,15908.200002741069
1523,OK,57.700,0.44,15902.799961622804
1524,OK,57.400,0.44,15911.299968138337
1525,OK,59.800,0.44,15912.899980321527
1526,OK,68.600,0.44,15911.900030914694
1527,OK,54.700,0.44,15897.400036919862
1528,OK,54.800,0.44,15914.400049950927
1529,OK,67.900,0.44,15881.099971011281
1530,OK,65.800,0.44,15960.199991241097
1531,OK,53.600,0.44,15874.400036409497
1532,OK,59.200,0.44,15887.30001822114
1533,OK,56.300,0.44,15954.800008330494
1534,OK,53.100,0.44,16172.399977222085
1535,OK,175.800,0.44,15383.799967821687
1536,OK,70.700,0.44,16138.400009367615
1537,OK,57.000,0.44,15573.799959383905
1538,OK,64.700,0.44,15933.399961795658
1539,OK,62.000,0.44,15881.100029218942
1540,OK,56.600,0.44,15853.599994443357
1541,OK,101.700,0.44,15972.700028214604
1542,OK,65.900,0.44,15848.899958655238
1543,OK,69.000,0.44,15880.700026173145
1544,OK,78.100,0.44,15818.700019735843
1545,OK,69.100,0.44,15931.100002489984
1546,OK,63.000,0.44,15885.8000067994
1547,OK,57.000,0.44,15889.500034973025
1548,OK,57.900,0.44,15901.000006124377
1549,OK,55.700,0.44,15919.399971608073
1550,OK,53.200,0.44,15919.000026769936
1551,OK,53.700,0.44,15896.09996881336
1552,OK,52.700,0.44,15912.49997727573
1553,OK,62.500,0.44,15912.899980321527
1554,OK,55.800,0.44,15942.2000288032
1555,OK,67.000,0.44,15835.999976843596
1556,OK,70.300,0.44,15916.700009256601
1557,OK,80.600,0.44,15938.600001391023
1558,OK,63.400,0.44,15901.89995476976
1559,OK,55.500,0.44,15893.000003416091
1560,OK,49.800,0.44,15825.799957383424
1561,OK,48.900,0.44,15983.299992512912
1562,OK,56.000,0.44,16014.799999538809
1563,OK,61.100,0.44,15782.700036652386
1564,OK,81.300,0.44,15849.400020670146
1565,OK,60.100,0.44,16015.800007153302
1566,OK,91.100,0.44,15818.400017451495
1567,OK,56.200,0.44,15929.799992591143
1568,OK,72.300,0.44,15886.100009083748
1569,OK,99.400,0.44,15828.800038434565
1570,OK,84.500,0.44,15887.600020505488
1571,OK,62.800,0.44,15835.900034289807
1572,OK,70.200,0.44,15950.099972542375
1573,OK,59.500,0.44,15923.500002827495
1574,OK,56.000,0.44,15894.000011030585
1575,OK,52.200,0.44,15805.399976670742
1576,OK,46.600,0.44,16022.900003008544
1577,OK,56.100,0.44,15907.099994365126
1578,OK,55.700,0.44,15906.199987512082
1579,OK,52.100,0.44,15837.799990549684
1580,OK,45.300,0.44,15969.100000802428
1581,OK,49.000,0.44,15918.100019916892
1582,OK,57.600,0.44,15908.00000121817
1583,OK,64.900,0.44,15932.400012388825
1584,OK,50.900,0.44,15903.899969998747
1585,OK,56.400,0.44,15886.699955444783
1586,OK,56.700,0.44,15892.499999608845
1587,OK,48.600,0.44,15856.600017286837
1588,OK,50.500,0.44,15985.600010026246
1589,OK,52.900,0.44,15869.199996814132
1590,OK,62.400,0.44,15948.600019328296
1591,OK,54.600,0.44,15902.700019069016
1592,OK,58.500,0.44,15923.300001304597
1593,OK,57.400,0.44,15924.499952234328
1594,OK,55.000,0.44,15846.700000111014
1595,OK,52.400,0.44,15955.000009853393
1596,OK,74.600,0.44,15892.199997324497
1597,OK,54.000,0.44,15856.900019571185
1598,OK,73.900,0.44,15951.399982441217
1599,OK,55.400,0.44,15887.800022028387
1600,OK,55.100,0.44,15893.10000417754
1601,OK,64.400,0.44,15814.999991562217
1602,OK,53.600,0.44,15908.300003502518
1603,OK,53.300,0.44,15900.60000307858
1604,OK,53.100,0.44,15868.699993006885
1605,OK,54.100,0.44,15967.499988619238
1606,OK,61.700,0.44,15908.900008071214
1607,OK,70.500,0.44,15890.599985141307
1608,OK,71.300,0.44,15897.69998099655
1609,OK,69.400,0.44,15849.500021431595
1610,OK,60.400,0.44,15836.800041142851
1611,OK,57.000,0.44,16016.000008676201
1612,OK,63.300,0.44,15889.799979049712
1613,OK,56.400,0.44,15899.299993179739
1614,OK,60.300,0.44,15825.999958906323
1615,OK,71.300,0.44,15940.70001738146
1616,OK,58.500,0.44,15928.999986499548
1617,OK,55.300,0.44,15817.799954675138
1618,OK,56.000,0.44,15913.299983367324
1619,OK,60.600,0.44,15961.600001901388
1620,OK,57.000,0.44,15896.20002778247
1621,OK,59.600,0.44,15908.500005025417
1622,OK,54.100,0.44,15883.099986240268
1623,OK,65.200,0.44,15918.700024485588
1624,OK,73.200,0.44,15891.399991232902
1625,OK,55.200,0.44,15922.8999982588
1626,OK,53.200,0.44,15892.199997324497
1627,OK,56.700,0.44,15917.899960186332
1628,OK,57.100,0.44,15921.999991405755
1629,OK,55.000,0.44,15907.799999695271
1630,OK,56.900,0.44,15909.900015685707
1631,OK,53.600,0.44,15832.600009161979
1632,OK,50.600,0.44,15930.599998682737
1633,OK,57.200,0.44,15949.39996721223
1634,OK,52.500,0.44,15882.79998395592
1635,OK,66.900,0.44,15882.399980910122
1636,OK,69.100,0.44,15926.199965178967
1637,OK,81.700,0.44,15883.399988524616
1638,OK,70.500,0.44,15910.400019492954
1639,OK,55.000,0.44,15824.800007976592
1640,OK,68.400,0.44,15972.100023645908
1641,OK,89.500,0.44,15751.299972180277
1642,OK,54.400,0.44,16002.400021534413
1643,OK,59.100,0.44,15883.899992331862
1644,OK,54.000,0.44,15879.200014751405
1645,OK,87.700,0.44,15810.499957296997
1646,OK,69.300,0.44,15956.000017467886
1647,OK,56.400,0.44,15897.099976427853
1648,OK,54.600,0.44,15905.299980659038
1649,OK,69.200,0.44,15890.700044110417
1650,OK,57.500,0.44,15931.70000705868
1651,OK,78.100,0.44,15852.899989113212
1652,OK,83.900,0.44,15924.699953757226
1653,OK,72.400,0.44,15884.099993854761
1654,OK,53.400,0.44,15910.300018731505
1655,OK,62.200,0.44,15900.900005362928
1656,OK,53.600,0.44,15898.699988611042
1657,OK,62.600,0.44,15879.69996035099
1658,OK,64.100,0.44,15932.499954942614
1659,OK,58.400,0.44,15903.900028206408
1660,OK,63.300,0.44,15900.49994410947
1661,OK,58.700,0.44,15876.599994953722
1662,OK,65.700,0.44,15873.89997439459
1663,OK,78.700,0.44,15918.899967800826
1664,OK,66.900,0.44,15897.200035396963
1665,OK,81.200,0.44,15825.200011022389
1666,OK,82.500,0.44,15873.299969825894
1667,OK,192.700,0.44,15855.000005103648
1668,OK,59.200,0.44,15874.400036409497
1669,OK,57.100,0.44,15849.700022954494
1670,OK,57.400,0.44,15894.300013314933
1671,OK,62.100,0.44,15893.600007984787
1672,OK,49.900,0.44,15904.200030490756
1673,OK,57.600,0.44,15919.700032100081
1674,OK,55.200,0.44,15965.5999741517
1675,OK,75.800,0.44,15782.20003284514
1676,OK,74.800,0.44,15904.099971521646
1677,OK,68.500,0.44,15798.19998005405
1678,OK,48.700,0.44,15988.399973139167
1679,OK,65.800,0.44,15850.000025238842
1680,OK,86.900,0.44,15875.700046308339
1681,OK,74.700,0.44,15995.300025679171
1682,OK,58.300,0.44,15834.199963137507
1683,OK,74.700,0.44,15944.499988108873
1684,OK,59.700,0.44,15889.400034211576
1685,OK,78.900,0.44,15830.99999697879
1686,OK,66.800,0.44,15942.999976687133
1687,OK,68.400,0.44,15855.799952987581
1688,OK,49.600,0.44,15945.999999530613
1689,OK,52.700,0.44,15875.799988862127
1690,OK,63.000,0.44,15955.40001289919
1691,OK,55.300,0.44,15878.600010182709
1692,OK,60.500,0.44,15927.19997279346
1693,OK,67.700,0.44,15864.600019995123
1694,OK,69.800,0.44,15967.600047588348
1695,OK,59.200,0.44,15886.199951637536
1696,OK,54.100,0.44,15905.700041912496
1697,OK,56.900,0.44,15920.299978461117
1698,OK,57.100,0.44,15886.200009845197
1699,OK,56.500,0.44,15917.300013825297
1700,OK,59.100,0.44,15895.699965767562
1701,OK,57.400,0.44,15851.199976168573
1702,OK,76.500,0.44,15826.000017113984
1703,OK,60.000,0.44,15905.499982181937
1704,OK,59.900,0.44,15925.500018056482
1705,OK,57.400,0.44,15878.100006375462
1706,OK,51.000,0.44,15953.399997670203
1707,OK,53.200,0.44,15871.400013566017
1708,OK,51.200,0.44,15956.69996459037
1709,OK,48.300,0.44,15880.300023127347
1710,OK,54.100,0.44,15911.900030914694
1711,OK,54.000,0.44,15905.600041151047
1712,OK,48.500,0.44,15921.799989882857
1713,OK,57.100,0.44,15913.699986413121
1714,OK,59.100,0.44,15907.299995888025
1715,OK,58.100,0.44,15894.900017883629
1716,OK,54.300,0.44,15912.49997727573
1717,OK,55.500,0.44,15975.199989043176
1718,OK,86.200,0.44,15816.900006029755
1719,OK,76.300,0.44,15883.199987001717
1720,OK,89.400,0.44,15823.900001123548
1721,OK,66.600,0.44,15907.499997410923
1722,OK,70.100,0.44,15921.899990644306
1723,OK,54.600,0.44,15858.899976592511
1724,OK,56.200,0.44,15928.6999842152
1725,OK,59.200,0.44,15914.600051473826
1726,OK,50.700,0.44,15949.900029227138
1727,OK,59.400,0.44,15888.399968389422
1728,OK,55.800,0.44,15858.299972023815
1729,OK,67.900,0.44,15922.399994451553
1730,OK,61.700,0.44,15876.99999799952
1731,OK,54.500,0.44,15955.100010614842
1732,OK,55.700,0.44,15948.399959597737
1733,OK,54.700,0.44,15905.20003810525
1734,OK,58.800,0.44,15922.999999020249
1735,OK,51.900,0.44,15913.299983367324
1736,OK,63.200,0.44,15900.300000794232
1737,OK,57.200,0.44,15901.600010693073
1738,OK,56.500,0.44,15878.50000942126
1739,OK,76.300,0.44,15858.99997735396
1740,OK,52.700,0.44,15895.299962721765
1741,OK,60.200,0.44,15879.700018558651
1742,OK,56.900,0.44,15917.399956379086
1743,OK,76.400,0.44,15846.700000111014
1744,OK,56.200,0.44,15977.800008840859
1745,OK,50.400,0.44,15887.20001745969
1746,OK,55.300,0.44,15850.499970838428
1747,OK,56.200,0.44,16012.199979741126
1748,OK,68.500,0.44,15877.500001806766
1749,OK,76.800,0.44,15889.399976003915
1750,OK,83.900,0.44,15825.999958906323
1751,OK,58.000,0.44,15927.599975839257
1752,OK,75.500,0.44,15906.799992080778
1753,OK,64.900,0.44,15917.900018393993
1754,OK,75.600,0.44,15846.700000111014
1755,OK,58.200,0.44,15880.500024650246
1756,OK,60.900,0.44,15931.200003251433
1757,OK,61.700,0.44,15899.799996986985
1758,OK,56.400,0.44,15900.300000794232
1759,OK,60.900,0.44,15908.899949863553
1760,OK,62.700,0.44,15873.199969064444
1761,OK,60.500,0.44,15927.699976600707
1762,OK,88.100,0.44,15909.799956716597
1763,OK,56.400,0.44,15921.099984552711
1764,OK,64.100,0.44,15868.10004664585
1765,OK,56.000,0.44,15908.900008071214
1766,OK,62.600,0.44,15900.70000384003
1767,OK,60.000,0.44,15919.80003286153
1768,OK,62.100,0.44,15871.00001052022
1769,OK,70.500,0.44,15910.99996585399
1770,OK,57.500,0.44,15878.100006375462
1771,OK,52.600,0.44,15918.200020678341
1772,OK,58.600,0.44,15937.69999453798
1773,OK,73.900,0.44,15887.000015936792
1774,OK,72.700,0.44,15886.699955444783
1775,OK,51.400,0.44,15873.499971348792
1776,OK,65.400,0.44,15929.299988783896
1777,OK,56.800,0.44,15875.099983531982
1778,OK,50.000,0.44,15917.200013063848
1779,OK,58.800,0.44,15931.300004012883
1780,OK,49.300,0.44,15969.000000040978
1781,OK,64.200,0.44,15834.700025152415
1782,OK,58.100,0.44,15899.999998509884
1783,OK,58.100,0.44,15916.299948003143
1784,OK,57.500,0.44,15903.900028206408
1785,OK,66.800,0.44,15832.300006877631
1786,OK,55.300,0.44,15991.499996744096
1787,OK,49.000,0.44,15895.100019406527
1788,OK,49.400,0.44,15978.200011886656
1789,OK,53.700,0.44,15756.599954329431
1790,OK,52.800,0.44,16066.49998575449
1791,OK,58.000,0.44,15895.099961198866
1792,OK,65.200,0.44,15887.600020505488
1793,OK,57.500,0.44,15859.000035561621
1794,OK,56.900,0.44,15882.299980148673
1795,OK,53.800,0.44,15980.500029399991
1796,OK,61.400,0.44,15895.800024736673
1797,OK,56.400,0.44,15890.900045633316
1798,OK,60.000,0.44,15880.000020843
1799,OK,59.800,0.44,15946.700004860759
1800,OK,55.300,0.44,15899.19999241829
1801,OK,76.100,0.44,15729.299979284406
1802,OK,49.700,0.44,15928.000037092716
1803,OK,70.200,0.44,15898.499987088144
1804,OK,67.400,0.44,15907.499997410923
1805,OK,56.100,0.44,15945.899998769164
1806,OK,60.100,0.44,15916.9000107795
1807,OK,53.700,0.44,15910.600021015853
1808,OK,63.000,0.44,15864.600019995123
1809,OK,46.800,0.44,15890.799986664206
1810,OK,58.300,0.44,15909.200010355562
1811,OK,63.500,0.44,15898.700046818703
1812,OK,52.700,0.44,15913.599985651672
1813,OK,53.400,0.44,15934.80003066361
1814,OK,52.800,0.44,15915.39999935776
1815,OK,53.400,0.44,15915.600000880659
1816,OK,52.800,0.44,15911.700029391795
1817,OK,52.400,0.44,15923.800005111843
1818,OK,64.100,0.44,15915.000054519624
1819,OK,50.500,0.44,15923.600003588945
1820,OK,47.600,0.44,15929.499990306795
1821,OK,48.000,0.44,15891.499991994351
1822,OK,45.900,0.44,15943.100035656244
1823,OK,47.400,0.44,15908.10000197962
1824,OK,47.700,0.44,15955.900016706437
1825,OK,79.400,0.44,15843.899978790432
1826,OK,58.900,0.44,15901.399950962514
1827,OK,52.900,0.44,15914.999996311963
1828,OK,53.800,0.44,15913.100040052086
1829,OK,51.600,0.44,15940.900018904358
1830,OK,47.600,0.44,15919.200028292835
1831,OK,58.300,0.44,15913.100040052086
1832,OK,63.900,0.44,15795.600018464029
1833,OK,47.900,0.44,16004.499979317188
1834,OK,50.000,0.44,15909.100009594113
1835,OK,51.700,0.44,15916.400006972253
1836,OK,59.400,0.44,15950.89997863397
1837,OK,48.700,0.44,15915.800002403557
1838,OK,52.800,0.44,15922.999999020249
1839,OK,59.200,0.44,15892.399998847395
1840,OK,59.900,0.44,15909.50001263991
1841,OK,54.000,0.44,15866.499976255
1842,OK,69.100,0.44,15939.500008244067
1843,OK,68.100,0.44,15870.700008235872
1844,OK,84.100,0.44,15896.000026259571
1845,OK,88.000,0.44,15772.100014146417
1846,OK,79.000,0.44,16005.499986931682
1847,OK,59.000,0.44,15904.000028967857
1848,OK,57.600,0.44,15901.600010693073
1849,OK,55.300,0.44,15897.399978712201
1850,OK,61.600,0.44,15924.700011964887
1851,OK,56.100,0.44,15900.60000307858
1852,OK,58.000,0.44,15907.500055618584
1853,OK,63.500,0.44,15895.600023213774
1854,OK,57.400,0.44,15898.500045295805
1855,OK,55.300,0.44,15900.800004601479
1856,OK,75.500,0.44,15887.899964582175
1857,OK,67.300,0.44,15891.999995801598
1858,OK,54.000,0.44,15872.000018134713
1859,OK,56.000,0.44,15924.100007396191
1860,OK,60.700,0.44,15901.600010693073
1861,OK,55.900,0.44,15904.700034298003
1862,OK,55.200,0.44,15887.700021266937
1863,OK,67.600,0.44,15865.400026086718
1864,OK,61.400,0.44,15911.399968899786
1865,OK,61.400,0.44,15865.400026086718
1866,OK,54.600,0.44,15909.799956716597
1867,OK,51.300,0.44,15855.699952226132
1868,OK,72.700,0.44,15882.79998395592
1869,OK,57.900,0.44,15938.800002913922
1870,OK,68.900,0.44,15924.900013487786
1871,OK,79.300,0.44,15964.200021699071
1872,OK,74.700,0.44,15838.100051041692
1873,OK,51.900,0.44,15848.600014578551
1874,OK,59.700,0.44,15901.400009170175
1875,OK,48.800,0.44,15920.599980745465
1876,OK,57.700,0.44,15951.200039125979
1877,OK,65.800,0.44,15816.09999993816
1878,OK,69.100,0.44,15960.899996571243
1879,OK,61.700,0.44,15911.899972707033
1880,OK,62.700,0.44,15898.399986326694
1881,OK,78.400,0.44,15842.69996965304
1882,OK,53.200,0.44,15894.80001712218
1883,OK,67.500,0.44,15887.100016698241
1884,OK,64.500,0.44,15902.300016023219
1885,OK,54.600,0.44,15893.900010269135
1886,OK,58.100,0.44,15919.099969323725
1887,OK,53.500,0.44,15882.69998319447
1888,OK,53.500,0.44,15936.399984639138
1889,OK,60.000,0.44,15898.399986326694
1890,OK,62.100,0.44,15912.799979560077
1891,OK,54.700,0.44,15916.700009256601
1892,OK,59.500,0.44,15836.400038097054
1893,OK,50.700,0.44,15909.000008832663
1894,OK,55.800,0.44,15923.500002827495
1895,OK,51.100,0.44,15908.10000197962
1896,OK,50.300,0.44,15913.500043097883
1897,OK,50.700,0.44,15923.300001304597
1898,OK,69.400,0.44,15893.500007223338
1899,OK,71.100,0.44,15878.30000789836
1900,OK,60.200,0.44,15910.800022538751
1901,OK,55.300,0.44,15861.199994105846
1902,OK,50.100,0.44,15940.70001738146
1903,OK,59.700,0.44,15855.100005865097
1904,OK,63.700,0.44,15898.200043011457
1905,OK,57.400,0.44,15893.799951300025
1906,OK,55.400,0.44,15891.5999927558
1907,OK,64.500,0.44,15914.499992504716
1908,OK,57.100,0.44,15910.600021015853
1909,OK,49.400,0.44,15934.300026856363
1910,OK,62.600,0.44,15869.599999859929
1911,OK,55.300,0.44,15918.099961709231
1912,OK,54.000,0.44,15907.799999695271
1913,OK,66.600,0.44,15953.399997670203
1914,OK,53.500,0.44,15851.899981498718
1915,OK,69.500,0.44,15892.299998085946
1916,OK,54.700,0.44,15922.79999749735
1917,OK,61.000,0.44,15900.200000032783
1918,OK,54.400,0.44,15968.79999851808
1919,OK,58.000,0.44,15845.399990212172
1920,OK,53.400,0.44,15956.90002432093
1921,OK,60.200,0.44,15905.399981420487
1922,OK,65.700,0.44,15894.100011792034
1923,OK,61.800,0.44,15876.699995715171
1924,OK,52.400,0.44,15908.00000121817
1925,OK,67.900,0.44,15902.500017546117
1926,OK,66.900,0.44,15857.999969739467
1927,OK,57.600,0.44,15938.800002913922
1928,OK,65.000,0.44,15903.000021353364
1929,OK,52.500,0.44,15911.899972707033
1930,OK,51.800,0.44,15921.499987598509
1931,OK,61.300,0.44,15901.699953246862
1932,OK,57.200,0.44,15885.70000603795
1933,OK,56.800,0.44,15902.500017546117
1934,OK,57.700,0.44,15889.600035734475
1935,OK,51.000,0.44,15970.500011462718
1936,OK,54.000,0.44,15885.100001469254
1937,OK,49.200,0.44,15908.900008071214
1938,OK,60.900,0.44,15902.500017546117
1939,OK,68.300,0.44,15901.699953246862
1940,OK,53.100,0.44,15926.299965940416
1941,OK,56.200,0.44,15798.900043591857
1942,OK,96.600,0.44,15970.400010701269
1943,OK,63.500,0.44,15852.399985305965
1944,OK,63.100,0.44,15887.699963059276
1945,OK,52.100,0.44,15904.800035059452
1946,OK,62.900,0.44,15896.999975666404
1947,OK,62.400,0.44,15863.60001238063
1948,OK,54.200,0.44,15906.699991319329
1949,OK,71.000,0.44,15984.900004696101
1950,OK,58.000,0.44,15910.700021777302
1951,OK,62.700,0.44,15906.199987512082
1952,OK,59.000,0.44,15866.60003522411
1953,OK,56.800,0.44,15945.299994200468
1954,OK,58.000,0.44,15863.799955695868
1955,OK,67.100,0.44,15935.000032186508
1956,OK,62.500,0.44,15910.699963569641
1957,OK,62.200,0.44,15881.799976341426
1958,OK,58.800,0.44,15914.799994789064
1959,OK,55.100,0.44,15909.900015685707
1960,OK,58.000,0.44,15922.499995213002
1961,OK,62.100,0.44,15898.700046818703
1962,OK,62.300,0.44,15913.200040813535
1963,OK,55.000,0.44,15923.300001304597
1964,OK,76.400,0.44,15883.799991570413
1965,OK,70.700,0.44,15810.499957296997
1966,OK,59.700,0.44,15977.60000731796
1967,OK,59.700,0.44,15906.699991319329
1968,OK,57.600,0.44,15888.600028119981
1969,OK,57.300,0.44,15921.699989121407
1970,OK,62.400,0.44,15904.200030490756
1971,OK,56.400,0.44,15909.900015685707
1972,OK,74.400,0.44,15793.099999427795
1973,OK,56.000,0.44,15993.500011973083
1974,OK,71.200,0.44,15870.300005190074
1975,OK,58.300,0.44,15960.299992002547
1976,OK,65.200,0.44,15841.000014916062
1977,OK,55.100,0.44,15919.000026769936
1978,OK,61.300,0.44,15886.600012890995
1979,OK,61.700,0.44,15944.200044032186
1980,OK,60.000,0.44,15832.100005354732
1981,OK,64.400,0.44,15849.499963223934
1982,OK,77.100,0.44,15975.599992088974
1983,OK,60.200,0.44,15844.29998183623
1984,OK,63.700,0.44,16005.599987693131
1985,OK,79.000,0.44,15769.799996633083
1986,OK,54.000,0.44,15895.900025498122
1987,OK,50.800,0.44,15910.79996433109
1988,OK,51.900,0.44,15843.100030906498
1989,OK,47.500,0.44,15964.30002246052
1990,OK,46.400,0.44,15941.799967549741
1991,OK,55.200,0.44,15912.099974229932
1992,OK,51.600,0.44,15934.299968648702
1993,OK,56.800,0.44,15877.400001045316
1994,OK,51.900,0.44,15965.69997491315
1995,OK,58.100,0.44,15850.799973122776
1996,OK,53.000,0.44,15938.799944706261
1997,OK,55.400,0.44,15885.600005276501
1998,OK,57.400,0.44,15890.399983618408
1999,OK,53.800,0.44,15911.399968899786
2000,OK,54.500,0.44,15936.2000413239
2001,OK,59.700,0.44,15928.70004242286
2002,OK,58.300,0.44,15771.500009577721
2003,OK,55.200,0.44,15923.200000543147
2004,OK,58.700,0.44,15899.399993941188
2005,OK,53.300,0.44,15896.900033112615
2006,OK,60.800,0.44,15923.200000543147
2007,OK,62.500,0.44,15904.100029729307
2008,OK,58.900,0.44,15922.399994451553
2009,OK,69.900,0.44,15876.800054684281
2010,OK,55.300,0.44,15923.700004350394
2011,OK,58.200,0.44,15904.600033536553
2012,OK,56.000,0.44,15956.000017467886
2013,OK,51.200,0.44,15862.600004766136
2014,OK,52.800,0.44,15900.400001555681
2015,OK,55.900,0.44,15920.199977699667
2016,OK,52.700,0.44,15916.400006972253
2017,OK,52.300,0.44,15953.699999954551
2018,OK,70.200,0.44,15855.200006626546
2019,OK,52.500,0.44,15947.100007906556
2020,OK,66.300,0.44,15915.099997073412
2021,OK,67.100,0.44,15834.00001982227
2022,OK,64.600,0.44,15883.899992331862
2023,OK,75.400,0.44,15874.699980486184
2024,OK,52.800,0.44,16011.200030334294
2025,OK,54.700,0.44,15863.000007811934
2026,OK,52.700,0.44,15907.499997410923
2027,OK,55.100,0.44,15902.999963145703
2028,OK,58.600,0.44,15906.800050288439
2029,OK,52.400,0.44,15880.400023888797
2030,OK,72.300,0.44,15941.200021188706
2031,OK,50.800,0.44,15899.699996225536
2032,OK,52.300,0.44,15930.800000205636
2033,OK,59.000,0.44,16148.999973665923
2034,OK,172.700,0.44,15497.300017159432
2035,OK,69.900,0.44,15895.100019406527
2036,OK,58.800,0.44,15926.599968224764
2037,OK,58.000,0.44,15894.500014837831
2038,OK,60.500,0.44,15908.600005786866
2039,OK,56.900,0.44,15895.699965767562
2040,OK,61.400,0.44,15887.20001745969
2041,OK,61.800,0.44,15886.899956967682
2042,OK,58.700,0.44,15872.300020419061
2043,OK,83.800,0.44,15868.199989199638
2044,OK,71.600,0.44,15915.800002403557
2045,OK,56.500,0.44,15895.600023213774
2046,OK,48.400,0.44,15924.699953757226
2047,OK,57.900,0.44,15863.599954172969
2048,OK,56.200,0.44,15912.29997575283
2049,OK,90.100,0.44,15608.69999229908
2050,OK,53.100,0.44,16024.400014430285
2051,OK,53.300,0.44,15900.70000384003
2052,OK,57.500,0.44,15815.399994608015
2053,OK,61.700,0.44,15922.999999020249
2054,OK,54.000,0.44,15910.499962046742
2055,OK,55.100,0.44,15891.499991994351
2056,OK,48.000,0.44,15910.200017970055
2057,OK,54.800,0.44,15923.400002066046
2058,OK,48.100,0.44,15852.499986067414
2059,OK,55.200,0.44,15900.70000384003
2060,OK,58.500,0.44,15970.600012224168
2061,OK,51.500,0.44,15931.300004012883
2062,OK,46.600,0.44,15950.000029988587
2063,OK,67.700,0.44,15807.799994945526
2064,OK,52.500,0.44,16040.800022892654
2065,OK,53.800,0.44,15912.099974229932
2066,OK,61.600,0.44,15853.399992920458
2067,OK,56.100,0.44,15921.799989882857
2068,OK,52.900,0.44,15913.599985651672
2069,OK,48.600,0.44,15916.80001001805
2070,OK,59.400,0.44,15893.20000493899
2071,OK,56.700,0.44,15872.800024226308
2072,OK,62.700,0.44,15922.399994451553
2073,OK,69.400,0.44,15881.599974818528
2074,OK,58.500,0.44,15863.60001238063
2075,OK,86.300,0.44,15973.799978382885
2076,OK,74.200,0.44,15784.299990627915
2077,OK,69.800,0.44,15897.999983280897
2078,OK,66.000,0.44,15894.200012553483
2079,OK,60.900,0.44,15899.999998509884
2080,OK,50.700,0.44,15924.700011964887
2081,OK,57.900,0.44,15905.00003658235
2082,OK,50.200,0.44,15953.399997670203
2083,OK,66.500,0.44,15893.600007984787
2084,OK,67.000,0.44,15893.10000417754
2085,OK,65.200,0.44,15885.8000067994
2086,OK,54.400,0.44,15903.50002516061
2087,OK,61.300,0.44,15809.600008651614
2088,OK,54.100,0.44,15955.30001213774
2089,OK,62.700,0.44,15910.200017970055
2090,OK,53.300,0.44,15904.000028967857
2091,OK,50.700,0.44,15853.399992920458
2092,OK,46.400,0.44,15923.400002066046
2093,OK,58.900,0.44,15891.499991994351
2094,OK,54.000,0.44,15869.49999909848
2095,OK,65.100,0.44,15919.700032100081
2096,OK,46.500,0.44,15938.800002913922
2097,OK,49.700,0.44,16005.399986170232
2098,OK,62.900,0.44,15790.300036314875
2099,OK,49.900,0.44,15939.700009766966
2100,OK,98.300,0.44,15843.599976506084
2101,OK,59.500,0.44,15826.000017113984
2102,OK,54.500,0.44,15903.199964668602
2103,OK,52.200,0.44,15948.10001552105
2104,OK,68.100,0.44,15894.399955868721
2105,OK,73.900,0.44,15893.399948254228
2106,OK,55.700,0.44,15946.700004860759
2107,OK,60.800,0.44,15861.499996390194
2108,OK,52.800,0.44,15903.60002592206
2109,OK,59.100,0.44,15898.099984042346
2110,OK,53.300,0.44,15909.100009594113
2111,OK,54.100,0.44,15915.900003165007
2112,OK,57.900,0.44,15914.299990981817
2113,OK,56.900,0.44,15898.900048341602
2114,OK,52.000,0.44,15908.900008071214
2115,OK,53.500,0.44,15913.499984890223
2116,OK,68.000,0.44,15901.200007647276
2117,OK,65.600,0.44,15963.999961968511
2118,OK,59.900,0.44,15899.399993941188
2119,OK,53.500,0.44,15870.200004428625
2120,OK,52.500,0.44,15942.999976687133
2121,OK,58.600,0.44,15840.199950616807
2122,OK,56.700,0.44,15932.700014673173
2123,OK,53.700,0.44,15930.30005460605
2124,OK,54.000,0.44,15893.10000417754
2125,OK,56.800,0.44,15924.20000815764
2126,OK,55.500,0.44,15877.800004091114
2127,OK,49.400,0.44,15937.59999377653
2128,OK,47.100,0.44,15926.699968986213
2129,OK,48.700,0.44,15912.900038529187
2130,OK,45.800,0.44,15889.000031165779
2131,OK,46.300,0.44,15941.200021188706
2132,OK,78.100,0.44,15829.3999847956
2133,OK,45.200,0.44,15954.200003761798
2134,OK,66.400,0.44,15940.000012051314
2135,OK,48.500,0.44,15914.599993266165
2136,OK,52.900,0.44,15915.600000880659
2137,OK,56.200,0.44,15844.499983359128
2138,OK,58.100,0.44,16031.600011046976
2139,OK,59.200,0.44,15920.899983029813
2140,OK,67.100,0.44,15872.60002270341
2141,OK,54.900,0.44,15793.80000475794
2142,OK,50.400,0.44,16040.799964684993
2143,OK,72.200,0.44,15897.199977189302
2144,OK,59.200,0.44,15871.900017373264
2145,OK,52.700,0.44,15864.99996483326
2146,OK,56.000,0.44,15970.500011462718
2147,OK,57.900,0.44,15886.000008322299
2148,OK,60.100,0.44,15903.999970760196
2149,OK,56.300,0.44,15866.60003522411
2150,OK,57.400,0.44,15930.29999639839
2151,OK,86.900,0.44,15843.100030906498
2152,OK,56.700,0.44,15894.500014837831
2153,OK,55.200,0.44,15941.100020427257
2154,OK,54.300,0.44,15932.600013911724
2155,OK,60.100,0.44,15906.799992080778
2156,OK,67.300,0.44,15893.599949777126
2157,OK,71.000,0.44,15873.099968302995
2158,OK,74.600,0.44,15924.900013487786
2159,OK,61.300,0.44,15910.9000233002
2160,OK,55.000,0.44,15904.000028967857
2161,OK,64.000,0.44,15847.600006964058
2162,OK,61.600,0.44,15909.000008832663
2163,OK,61.400,0.44,15944.800048600882
2164,OK,52.200,0.44,15914.099989458919
2165,OK,63.100,0.44,15863.100008573383
2166,OK,58.900,0.44,15887.100016698241
2167,OK,52.900,0.44,15971.399960108101
2168,OK,54.000,0.44,15937.999996822327
2169,OK,73.600,0.44,15868.299989961088
2170,OK,66.900,0.44,15870.800008997321
2171,OK,67.100,0.44,15878.50000942126
2172,OK,74.900,0.44,15961.29999961704
2173,OK,70.600,0.44,15871.600015088916
2174,OK,55.300,0.44,15860.200044699013
2175,OK,78.800,0.44,15849.700022954494
2176,OK,83.600,0.44,15756.100008729845
2177,OK,79.900,0.44,16062.999959103763
2178,OK,71.300,0.44,15804.899972863495
2179,OK,52.700,0.44,15946.50000333786
2180,OK,53.300,0.44,15866.39997549355
2181,OK,56.400,0.44,15923.800005111843
2182,OK,54.600,0.44,15895.600023213774
2183,OK,61.400,0.44,15896.20002778247
2184,OK,53.700,0.44,15871.999959927052
2185,OK,56.500,0.44,15983.400051482022
2186,OK,63.600,0.44,15847.000002395362
2187,OK,63.100,0.44,15885.8000067994
2188,OK,73.500,0.44,15878.700010944158
2189,OK,53.000,0.44,15907.699998933822
2190,OK,54.300,0.44,15911.799971945584
2191,OK,58.100,0.44,15962.200006470084
2192,OK,54.300,0.44,15819.400025065988
2193,OK,50.100,0.44,15951.699984725565
2194,OK,52.700,0.44,15931.300004012883
2195,OK,53.900,0.44,15889.300033450127
2196,OK,57.400,0.44,15939.00000443682
2197,OK,52.100,0.44,15888.80002964288
2198,OK,61.500,0.44,15925.899962894619
2199,OK,56.900,0.44,15892.800001893193
2200,OK,67.600,0.44,15968.79999851808
2201,OK,59.300,0.44,15744.599979370832
2202,OK,62.400,0.44,15870.200004428625
2203,OK,77.200,0.44,15917.599957901984
2204,OK,55.200,0.44,15903.400024399161
2205,OK,53.400,0.44,15906.899992842227
2206,OK,55.400,0.44,15909.300011117011
2207,OK,60.600,0.44,15902.199957054108
2208,OK,53.000,0.44,15915.50000011921
2209,OK,51.800,0.44,15912.29997575283
2210,OK,53.700,0.44,15922.8999982588
2211,OK,53.900,0.44,15858.700033277273
2212,OK,53.600,0.44,15920.699981506914
2213,OK,68.700,0.44,15976.800001226366
2214,OK,54.000,0.44,15841.200016438961
2215,OK,52.500,0.44,15925.999963656068
2216,OK,51.500,0.44,15884.39999613911
2217,OK,55.300,0.44,15919.199970085174
2218,OK,55.100,0.44,15946.50000333786
2219,OK,49.800,0.44,15929.799992591143
2220,OK,58.800,0.44,15847.20000391826
2221,OK,52.000,0.44,15966.099977958947
2222,OK,54.500,0.44,15853.399992920458
2223,OK,51.700,0.44,15921.999991405755
2224,OK,55.400,0.44,15958.300034981221
2225,OK,51.900,0.44,15875.499986577779
2226,OK,52.900,0.44,15899.899997748435
2227,OK,54.400,0.44,15913.399984128773
2228,OK,69.000,0.44,15961.600001901388
2229,OK,53.200,0.44,15856.300015002489
2230,OK,51.900,0.44,15918.200020678341
2231,OK,56.800,0.44,15912.39997651428
2232,OK,57.100,0.44,15901.700011454523
2233,OK,54.900,0.44,15931.70000705868
2234,OK,54.500,0.44,15908.400004263967
2235,OK,55.800,0.44,15893.600007984787
2236,OK,57.000,0.44,15909.200010355562
2237,OK,56.300,0.44,15905.799984466285
2238,OK,54.800,0.44,15950.79997787252
2239,OK,77.500,0.44,15833.400015253574
2240,OK,69.200,0.44,15891.999995801598
2241,OK,67.600,0.44,15945.499995723367
2242,OK,52.200,0.44,16157.900041434914
2243,OK,88.200,0.44,15533.900004811585
2244,OK,51.400,0.44,15961.600001901388
2245,OK,55.800,0.44,15906.799992080778
2246,OK,60.500,0.44,15881.30003074184
2247,OK,92.500,0.44,15877.800004091114
2248,OK,68.300,0.44,15830.79999545589
2249,OK,80.100,0.44,15908.300003502518
2250,OK,77.500,0.44,15803.399961441755
2251,OK,55.100,0.44,15976.299997419119
2252,OK,74.900,0.44,15826.900023967028
2253,OK,61.400,0.44,15889.599977526814
2254,OK,57.700,0.44,15947.699954267591
2255,OK,69.900,0.44,15916.000003926456
2256,OK,56.000,0.44,15880.000020843
2257,OK,55.700,0.44,15916.600008495152
2258,OK,56.900,0.44,15913.89998793602
2259,OK,53.700,0.44,15914.899995550513
2260,OK,53.000,0.44,15888.400026597083
2261,OK,56.500,0.44,15865.900029893965
2262,OK,52.800,0.44,15919.299970846623
2263,OK,50.400,0.44,15921.799989882857
2264,OK,52.400,0.44,15955.699956975877
2265,OK,54.800,0.44,15899.3000513874
2266,OK,52.100,0.44,15893.400006461889
2267,OK,58.700,0.44,15909.100009594113
2268,OK,64.500,0.44,15922.399994451553
2269,OK,90.000,0.44,15851.200034376234
2270,OK,94.300,0.44,15824.200003407896
2271,OK,61.800,0.44,15956.400020513684
2272,OK,63.400,0.44,15842.79997041449
2273,OK,54.700,0.44,15937.399992253631
2274,OK,58.500,0.44,15901.600010693073
2275,OK,58.700,0.44,15896.399971097708
2276,OK,75.400,0.44,15914.299990981817
2277,OK,64.900,0.44,15809.699951205403
2278,OK,85.600,0.44,15848.799957893789
2279,OK,61.900,0.44,16096.599982120097
2280,OK,69.100,0.44,15736.899978946894
2281,OK,50.200,0.44,15901.99995553121
2282,OK,64.300,0.44,15974.299982190132
2283,OK,59.400,0.44,15864.200016949326
2284,OK,59.400,0.44,15876.400051638484
2285,OK,63.200,0.44,15900.099999271333
2286,OK,57.600,0.44,15905.599982943386
2287,OK,62.200,0.44,15952.899993862957
2288,OK,54.900,0.44,15896.000026259571
2289,OK,53.100,0.44,15911.900030914694
2290,OK,59.900,0.44,15854.7000028193
2291,OK,55.700,0.44,15909.800014924258
2292,OK,54.600,0.44,15916.600008495152
2293,OK,65.900,0.44,15864.000015426427
2294,OK,50.500,0.44,15886.099950876087
2295,OK,57.700,0.44,15913.299983367324
2296,OK,68.900,0.44,15878.900012467057
2297,OK,81.900,0.44,15842.399967368692
2298,OK,73.600,0.44,15882.79998395592
2299,OK,70.600,0.44,15967.399987857789
2300,OK,59.400,0.44,15899.699996225536
2301,OK,69.800,0.44,15792.999998666346
2302,OK,54.900,0.44,15935.399977024645
2303,OK,104.900,0.44,15847.100003156811
2304,OK,58.000,0.44,15897.300036158413
2305,OK,54.900,0.44,15920.300036668777
2306,OK,63.100,0.44,15909.700014162809
2307,OK,55.700,0.44,15908.700006548315
2308,OK,72.700,0.44,15837.499988265336
2309,OK,61.300,0.44,15975.799993611872
2310,OK,54.100,0.44,15912.699978798628
2311,OK,50.200,0.44,15870.600007474422
2312,OK,53.600,0.44,15894.399955868721
2313,OK,45.300,0.44,15960.399992763996
2314,OK,50.800,0.44,15917.099954094738
2315,OK,45.700,0.44,15932.300011627376
2316,OK,46.500,0.44,15856.800018809736
2317,OK,47.700,0.44,15996.200032532215
2318,OK,51.900,0.44,15917.100012302399
2319,OK,46.300,0.44,15899.09999165684
2320,OK,46.200,0.44,15865.20002456382
2321,OK,45.800,0.44,15996.8999796547
2322,OK,70.200,0.44,15868.800051975995
2323,OK,55.400,0.44,15899.999998509884
2324,OK,70.500,0.44,15930.19999563694
2325,OK,54.600,0.44,15919.300029054284
2326,OK,48.200,0.44,15915.099997073412
2327,OK,47.400,0.44,15880.999970249832
2328,OK,63.700,0.44,15941.99996907264
2329,OK,56.900,0.44,15937.69999453798
2330,OK,56.800,0.44,15934.399969410151
2331,OK,53.600,0.44,15883.399988524616
2332,OK,58.600,0.44,15908.600005786866
2333,OK,56.000,0.44,15906.39998903498
2334,OK,64.600,0.44,15903.000021353364
2335,OK,70.500,0.44,15902.399958577007
2336,OK,55.500,0.44,15923.300001304597
2337,OK,53.200,0.44,15906.899992842227
2338,OK,53.400,0.44,15903.70002668351
2339,OK,63.100,0.44,15908.700006548315
2340,OK,55.000,0.44,15892.399998847395
2341,OK,57.800,0.44,15942.399972118437
2342,OK,64.900,0.44,15878.100006375462
2343,OK,61.400,0.44,15884.099993854761
2344,OK,59.900,0.44,15853.699995204806
2345,OK,55.800,0.44,15941.200021188706
2346,OK,48.400,0.44,15927.40003252402
2347,OK,54.700,0.44,15847.30000467971
2348,OK,53.500,0.44,15946.200001053512
2349,OK,52.300,0.44,15915.39999935776
2350,OK,65.700,0.44,15909.800014924258
2351,OK,55.100,0.44,15912.49997727573
2352,OK,73.200,0.44,15856.800018809736
2353,OK,48.600,0.44,15920.400037430227
2354,OK,53.800,0.44,15922.499995213002
2355,OK,63.700,0.44,15863.70001314208
2356,OK,64.600,0.44,15908.10000197962
2357,OK,51.900,0.44,15910.000016447157
2358,OK,48.500,0.44,15921.799989882857
2359,OK,59.600,0.44,15890.599985141307
2360,OK,44.900,0.44,15951.399982441217
2361,OK,50.700,0.44,15918.700024485588
2362,OK,48.000,0.44,15923.400002066046
2363,OK,72.100,0.44,15876.399993430823
2364,OK,63.200,0.44,15911.500027868897
2365,OK,52.200,0.44,15898.200043011457
2366,OK,51.200,0.44,15938.89994546771
2367,OK,54.800,0.44,15934.200026094913
2368,OK,49.700,0.44,15869.599999859929
2369,OK,48.800,0.44,15985.700010787696
2370,OK,55.600,0.44,15901.600010693073
2371,OK,51.800,0.44,15913.399984128773
2372,OK,49.400,0.44,15924.599952995777
2373,OK,58.200,0.44,15855.199948418885
2374,OK,54.600,0.44,15896.499971859157
2375,OK,50.400,0.44,15961.500001139939
2376,OK,73.400,0.44,15812.600031495094
2377,OK,54.100,0.44,15978.399955201894
2378,OK,60.200,0.44,15918.39996399358
2379,OK,55.400,0.44,15804.799972102046
2380,OK,73.500,0.44,15832.099947147071
2381,OK,65.100,0.44,16005.999990738928
2382,OK,67.800,0.44,15812.700032256544
2383,OK,57.900,0.44,15867.000038269907
2384,OK,49.900,0.44,15971.000015269965
2385,OK,54.900,0.44,15934.199967887253
2386,OK,53.400,0.44,15923.300001304597
2387,OK,58.900,0.44,15894.80001712218
2388,OK,65.900,0.44,15853.799995966256
2389,OK,61.700,0.44,15944.400045555085
2390,OK,59.700,0.44,15831.500000786036
2391,OK,56.100,0.44,15986.29995714873
2392,OK,57.000,0.44,15853.699995204806
2393,OK,62.900,0.44,15885.70000603795
2394,OK,52.300,0.44,15905.899985227734
2395,OK,54.000,0.44,15930.19999563694
2396,OK,53.200,0.44,15906.699991319329
2397,OK,56.400,0.44,15903.800027444959
2398,OK,51.700,0.44,15920.399979222566
2399,OK,53.500,0.44,15918.800025247037
2400,OK,54.100,0.44,15906.800050288439
2401,OK,76.900,0.44,15796.199964825064
2402,OK,58.400,0.44,16002.199961803854
2403,OK,79.000,0.44,15811.999968718737
2404,OK,73.600,0.44,15861.199994105846
2405,OK,84.600,0.44,15862.10000095889
2406,OK,61.200,0.44,15839.100000448525
2407,OK,78.400,0.44,15955.900016706437
2408,OK,54.300,0.44,15943.799982778728
2409,OK,53.100,0.44,15879.300015512854
2410,OK,57.600,0.44,15895.200020167977
2411,OK,57.300,0.44,15879.400016274303
2412,OK,51.600,0.44,15967.799990903586
2413,OK,59.200,0.44,15867.099980823696
2414,OK,55.200,0.44,15961.600001901388
2415,OK,65.700,0.44,15835.599973797798
2416,OK,54.100,0.44,15900.400001555681
2417,OK,52.800,0.44,15917.200013063848
2418,OK,62.700,0.44,15897.099976427853
2419,OK,54.800,0.44,15946.999948937446
2420,OK,53.400,0.44,15874.10003412515
2421,OK,58.100,0.44,15873.200027272105
2422,OK,52.300,0.44,15938.900003675371
2423,OK,51.100,0.44,15910.300018731505
2424,OK,55.600,0.44,15894.200012553483
2425,OK,62.700,0.44,15917.600016109645
2426,OK,59.100,0.44,15901.400009170175
2427,OK,68.300,0.44,15920.700039714575
2428,OK,70.500,0.44,15861.299994867295
2429,OK,54.400,0.44,15898.200043011457
2430,OK,55.500,0.44,15921.999991405755
2431,OK,74.000,0.44,15876.500052399933
2432,OK,66.300,0.44,15969.300002325326
2433,OK,69.800,0.44,15841.200016438961
2434,OK,84.400,0.44,15816.699946299195
2435,OK,73.900,0.44,15954.0000022389
2436,OK,60.800,0.44,15849.800023715943
2437,OK,55.200,0.44,15894.900017883629
2438,OK,65.300,0.44,15877.700003329664
2439,OK,71.700,0.44,15942.800033371896
2440,OK,49.600,0.44,15917.900018393993
2441,OK,63.500,0.44,15879.199956543744
2442,OK,66.200,0.44,15912.800037767738
2443,OK,64.200,0.44,15924.499952234328
2444,OK,75.200,0.44,15854.7000028193
2445,OK,69.300,0.44,15888.100024312735
2446,OK,68.100,0.44,15871.299954596907
2447,OK,77.100,0.44,15896.700031589717
2448,OK,52.500,0.44,15912.49997727573
2449,OK,57.300,0.44,15902.10001450032
2450,OK,50.300,0.44,15928.600041661412
2451,OK,57.900,0.44,15908.600005786866
2452,OK,51.400,0.44,15848.100010771304
2453,OK,52.900,0.44,15931.100002489984
2454,OK,57.700,0.44,15894.300013314933
2455,OK,55.100,0.44,15893.999952822924
2456,OK,53.900,0.44,16000.400006305426
2457,OK,81.900,0.44,15842.80002862215
2458,OK,62.600,0.44,15919.100027531385
2459,OK,68.300,0.44,15874.699980486184
2460,OK,58.100,0.44,15903.3999661915
2461,OK,53.200,0.44,15899.599995464087
2462,OK,58.800,0.44,15876.499994192272
2463,OK,58.900,0.44,15948.0000147596
2464,OK,58.600,0.44,15902.400016784668
2465,OK,49.500,0.44,15891.600050963461
2466,OK,57.400,0.44,15887.100016698241
2467,OK,58.800,0.44,15933.999966364354
2468,OK,51.400,0.44,15883.899992331862
2469,OK,75.600,0.44,15918.700024485588
2470,OK,63.100,0.44,15908.600005786866
2471,OK,54.400,0.44,15894.200012553483
2472,OK,55.400,0.44,15879.100013989955
2473,OK,54.500,0.44,15900.200000032783
2474,OK,61.800,0.44,15961.500001139939
2475,OK,52.000,0.44,15912.39997651428
2476,OK,53.400,0.44,15868.199989199638
2477,OK,48.100,0.44,16008.500009775162
2478,OK,61.800,0.44,15800.099994521588
2479,OK,75.200,0.44,15919.69997389242
2480,OK,50.400,0.44,15885.70000603795
2481,OK,54.700,0.44,15858.800034038723
2482,OK,66.300,0.44,15950.599976349622
2483,OK,72.500,0.44,15898.600046057254
2484,OK,82.200,0.44,15764.700016006827
2485,OK,57.100,0.44,16017.80002238229
2486,OK,52.400,0.44,15904.199972283095
2487,OK,64.200,0.44,15838.999999687076
2488,OK,71.200,0.44,15922.79999749735
2489,OK,56.600,0.44,15920.300036668777
2490,OK,56.800,0.44,15903.100022114813
2491,OK,54.200,0.44,15914.599993266165
2492,OK,54.700,0.44,15870.500006712973
2493,OK,55.800,0.44,15915.199997834861
2494,OK,63.200,0.44,15927.100030239671
2495,OK,52.900,0.44,15913.90004614368
2496,OK,53.800,0.44,15915.900003165007
2497,OK,57.100,0.44,15867.400041315705
2498,OK,58.100,0.44,15948.500018566847
2499,OK,69.100,0.44,15837.299986742437
2500,OK,56.600,0.44,15882.099978625774
2501,OK,65.100,0.44,15819.899970665574
2502,OK,57.400,0.44,15862.200001720339
2503,OK,54.200,0.44,15972.199966199696
2504,OK,85.100,0.44,15840.200008824468
2505,OK,53.500,0.44,15854.400000534952
2506,OK,51.000,0.44,15951.599983964115
2507,OK,61.800,0.44,15825.00000949949
2508,OK,74.900,0.44,15944.299986585975
2509,OK,54.900,0.44,15904.199972283095
2510,OK,52.600,0.44,15917.700016871095
2511,OK,57.600,0.44,15881.30003074184
2512,OK,53.000,0.44,15943.299978971481
2513,OK,52.400,0.44,15927.399974316359
2514,OK,63.900,0.44,15881.700033787638
2515,OK,70.900,0.44,15877.500001806766
2516,OK,65.900,0.44,15896.199969574809
2517,OK,49.000,0.44,15916.400006972253
2518,OK,50.500,0.44,15919.499972369522
2519,OK,47.800,0.44,15914.999996311963
2520,OK,53.700,0.44,15948.900021612644
2521,OK,57.000,0.44,15886.700013652444
2522,OK,52.000,0.44,15893.20000493899
2523,OK,51.600,0.44,15926.700027193874
2524,OK,55.400,0.44,15915.50000011921
2525,OK,52.900,0.44,15911.300026345998
2526,OK,56.000,0.44,15916.200005449355
2527,OK,55.900,0.44,15915.100055281073
2528,OK,68.300,0.44,15908.500005025417
2529,OK,59.700,0.44,15888.300025835633
2530,OK,56.100,0.44,15914.400049950927
2531,OK,58.600,0.44,15903.699968475848
2532,OK,57.100,0.44,15913.500043097883
2533,OK,57.800,0.44,15890.699985902756
2534,OK,59.800,0.44,15944.89999115467
2535,OK,58.700,0.44,15862.800006289035
2536,OK,55.800,0.44,15971.600019838661
2537,OK,80.900,0.44,15793.400001712143
2538,OK,50.900,0.44,15893.20000493899
2539,OK,58.000,0.44,15943.59998125583
2540,OK,60.600,0.44,15907.199995126575
2541,OK,61.600,0.44,15877.300000283867
2542,OK,55.200,0.44,15857.900027185678
2543,OK,46.600,0.44,16089.599987026304
2544,OK,52.500,0.44,15843.800036236644
2545,OK,59.600,0.44,15897.200035396963
2546,OK,52.600,0.44,15879.300015512854
2547,OK,57.300,0.44,15948.599961120635
2548,OK,57.500,0.44,15901.600010693073
2549,OK,72.200,0.44,15901.400009170175
2550,OK,53.300,0.44,15935.599978547543
2551,OK,55.300,0.44,15906.099986750633
2552,OK,55.700,0.44,15860.899991821498
2553,OK,53.800,0.44,15958.200034219772
2554,OK,68.000,0.44,15863.100008573383
2555,OK,73.400,0.44,15902.699960861355
2556,OK,59.200,0.44,15933.600021526217
2557,OK,50.500,0.44,15942.0000272803
2558,OK,61.200,0.44,15870.000002905726
2559,OK,62.600,0.44,15862.10000095889
2560,OK,54.500,0.44,15888.300025835633
2561,OK,114.300,0.44,15799.100045114756
2562,OK,49.300,0.44,15939.00000443682
2563,OK,48.500,0.44,15918.000019155443
2564,OK,59.100,0.44,15886.200009845197
2565,OK,59.900,0.44,15908.600005786866
2566,OK,54.300,0.44,15906.59999055788
2567,OK,57.800,0.44,15912.200033199042
2568,OK,66.000,0.44,15921.19998531416
2569,OK,64.000,0.44,15891.5999927558
2570,OK,53.100,0.44,15920.099976938218
2571,OK,63.800,0.44,15835.599973797798
2572,OK,50.100,0.44,15948.599961120635
2573,OK,84.900,0.44,15825.00000949949
2574,OK,115.600,0.44,15801.40000442043
2575,OK,83.700,0.44,15909.100009594113
2576,OK,67.200,0.44,15867.099980823696
2577,OK,66.000,0.44,15881.30003074184
2578,OK,81.900,0.44,15898.300043772906
2579,OK,67.900,0.44,15851.69997997582
2580,OK,85.000,0.44,15847.499947994947
2581,OK,80.100,0.44,15835.799975320697
2582,OK,58.900,0.44,15921.799989882857
2583,OK,102.200,0.44,15931.500005535781
2584,OK,90.700,0.44,15825.00000949949
2585,OK,102.700,0.44,15788.900025654584
2586,OK,91.900,0.44,15816.20000069961
2587,OK,63.800,0.44,15886.399953160435
2588,OK,65.800,0.44,15918.000019155443
2589,OK,79.400,0.44,15876.89999723807
2590,OK,85.800,0.44,15890.29998285696
2591,OK,93.900,0.44,15801.600005943328
2592,OK,88.300,0.44,15883.299987763166
2593,OK,61.300,0.44,15860.999992582947
2594,OK,57.600,0.44,15933.500020764768
2595,OK,113.700,0.44,15788.600023370236
2596,OK,86.500,0.44,15857.000020332634
2597,OK,100.000,0.44,15945.699997246265
2598,OK,94.200,0.44,15819.10002278164
2599,OK,89.300,0.44,15797.899977769703
2600,OK,65.000,0.44,15897.999983280897
2601,OK,73.900,0.44,15800.900000613183
2602,OK,54.800,0.44,15907.099994365126
2603,OK,52.400,0.44,15920.200035907328
2604,OK,62.200,0.44,15882.499981671572
2605,OK,70.200,0.44,15932.200010865927
2606,OK,58.000,0.44,15919.100027531385
2607,OK,74.300,0.44,15832.100005354732
2608,OK,66.400,0.44,15885.90000756085
2609,OK,68.600,0.44,15902.599960099906
2610,OK,64.900,0.44,15903.899969998747
2611,OK,81.400,0.44,15885.500004515052
2612,OK,68.000,0.44,15906.899992842227
2613,OK,60.800,0.44,15911.299968138337
2614,OK,61.100,0.44,15898.599987849593
2615,OK,91.700,0.44,15850.499970838428
2616,OK,57.900,0.44,15858.899976592511
2617,OK,54.800,0.44,15906.39998903498
2618,OK,73.000,0.44,15908.500005025417
2619,OK,65.200,0.44,15923.899947665632
2620,OK,56.600,0.44,15835.600032005459
2621,OK,61.100,0.44,15971.500019077212
2622,OK,67.800,0.44,15903.3999661915
2623,OK,59.400,0.44,15883.199987001717
2624,OK,55.900,0.44,15780.000016093254
2625,OK,54.300,0.44,16029.49999505654
2626,OK,57.600,0.44,15914.099989458919
2627,OK,58.300,0.44,15895.300020929426
2628,OK,55.000,0.44,15934.299968648702
2629,OK,58.600,0.44,15896.09996881336
2630,OK,53.400,0.44,15903.300023637712
2631,OK,58.000,0.44,15906.099986750633
2632,OK,53.900,0.44,15884.099993854761
2633,OK,56.800,0.44,15927.800035569817
2634,OK,59.400,0.44,15910.499962046742
2635,OK,59.400,0.44,15881.499974057078
2636,OK,120.400,0.44,15809.800010174513
2637,OK,86.200,0.44,15885.70000603795
2638,OK,62.400,0.44,15922.79999749735
2639,OK,64.300,0.44,15859.499981161207
2640,OK,56.800,0.44,15822.499990463257
2641,OK,55.000,0.44,15964.200021699071
2642,OK,56.100,0.44,15894.300013314933
2643,OK,56.900,0.44,15943.400037940592
2644,OK,57.400,0.44,15864.900022279471
2645,OK,51.500,0.44,15909.000008832663
2646,OK,56.400,0.44,15915.099997073412
2647,OK,49.700,0.44,15891.399991232902
2648,OK,66.700,0.44,15895.799966529012
2649,OK,53.200,0.44,15841.600019484758
2650,OK,69.900,0.44,15892.299998085946
2651,OK,71.500,0.44,15975.199989043176
2652,OK,79.700,0.44,15821.400040294975
2653,OK,68.900,0.44,15951.999987009913
2654,OK,66.300,0.44,15856.700018048286
2655,OK,58.900,0.44,15828.899980988353
2656,OK,72.000,0.44,15958.39997753501
2657,OK,54.300,0.44,15898.100042250007
2658,OK,58.200,0.44,15975.799993611872
2659,OK,73.300,0.44,15724.800003226846
2660,OK,57.000,0.44,15969.300002325326
2661,OK,74.800,0.44,15860.799991060048
2662,OK,68.800,0.44,15942.399972118437
2663,OK,59.700,0.44,15806.800045538694
2664,OK,56.200,0.44,16028.599988203496
2665,OK,55.100,0.44,15839.700005017221
2666,OK,60.400,0.44,15910.699963569641
2667,OK,75.300,0.44,15877.099998760968
2668,OK,77.900,0.44,15886.600012890995
2669,OK,70.200,0.44,15892.299998085946
2670,OK,59.000,0.44,16170.999966561794
2671,OK,73.700,0.44,15601.999999489635
2672,OK,61.400,0.44,15895.399963483214
2673,OK,52.400,0.44,15943.900041747838
2674,OK,63.500,0.44,15899.799996986985
2675,OK,69.800,0.44,18854.89997221157
2676,OK,112.300,0.44,12800.9999752976
2677,OK,52.000,0.44,15902.20001526177
2678,OK,78.500,0.44,15898.000041488558
2679,OK,81.200,0.44,15869.700000621378
2680,OK,65.900,0.44,15919.099969323725
2681,OK,54.900,0.44,15942.900034133345
2682,OK,56.100,0.44,15834.299963898957
2683,OK,66.200,0.44,15928.999986499548
2684,OK,47.800,0.44,15964.499965775758
2685,OK,57.100,0.44,15878.50000942126
2686,OK,63.000,0.44,15891.499991994351
2687,OK,77.400,0.44,15855.599951464683
2688,OK,73.200,0.44,15890.399983618408
2689,OK,54.900,0.44,15918.40002220124
2690,OK,53.100,0.44,15898.899990133941
2691,OK,92.400,0.44,15866.699977777898
2692,OK,63.300,0.44,15958.999982103705
2693,OK,58.700,0.44,15853.19999139756
2694,OK,53.500,0.44,15921.499987598509
2695,OK,58.200,0.44,15885.500004515052
2696,OK,61.000,0.44,15934.4999701716
2697,OK,58.800,0.44,15877.899946644902
2698,OK,56.200,0.44,15887.800022028387
2699,OK,51.300,0.44,15936.800045892596
2700,OK,56.700,0.44,15906.999993603677
2701,OK,72.400,0.44,15762.80000153929
2702,OK,59.200,0.44,15931.69994885102
2703,OK,69.300,0.44,15942.09996983409
2704,OK,53.900,0.44,15857.999969739467
2705,OK,81.700,0.44,15887.500019744039
2706,OK,64.800,0.44,15797.100029885769
2707,OK,57.800,0.44,15848.600014578551
2708,OK,108.100,0.44,15845.599991735071
2709,OK,65.700,0.44,15939.400007482618
2710,OK,62.200,0.44,15891.199989710003
2711,OK,62.700,0.44,15866.699977777898
2712,OK,70.600,0.44,15922.8999982588
2713,OK,53.700,0.44,15894.399955868721
2714,OK,53.300,0.44,15914.899995550513
2715,OK,57.600,0.44,15918.39996399358
2716,OK,52.400,0.44,15912.900038529187
2717,OK,58.500,0.44,15908.900008071214
2718,OK,53.800,0.44,15915.199997834861
2719,OK,60.200,0.44,15904.700034298003
2720,OK,70.900,0.44,15897.200035396963
2721,OK,54.200,0.44,15894.60001559928
2722,OK,51.800,0.44,15901.900012977421
2723,OK,56.300,0.44,15958.29997677356
2724,OK,55.600,0.44,15868.099988438189
2725,OK,52.200,0.44,15905.999985989183
2726,OK,54.000,0.44,15910.9000233002
2727,OK,58.300,0.44,15919.90003362298
2728,OK,56.800,0.44,15908.700006548315
2729,OK,56.800,0.44,15907.199995126575
2730,OK,54.300,0.44,15903.000021353364
2731,OK,51.300,0.44,15876.300050877035
2732,OK,58.900,0.44,15943.100035656244
2733,OK,60.100,0.44,16209.699970204383
2734,OK,153.800,0.44,15450.500010047108
2735,OK,63.000,0.44,15929.600049275905
2736,OK,110.700,0.44,15780.800022184849
2737,OK,78.300,0.44,15940.4999576509
2738,OK,89.500,0.44,16164.100030437112
2739,OK,74.900,0.44,15494.299994315952
2740,OK,72.500,0.44,15899.899997748435
2741,OK,50.400,0.44,15819.20002354309
2742,OK,50.000,0.44,16012.599982786924
2743,OK,58.900,0.44,15868.299989961088
2744,OK,57.200,0.44,15944.099985063076
2745,OK,52.000,0.44,15910.400019492954
2746,OK,73.400,0.44,15886.600012890995
2747,OK,69.800,0.44,15895.200020167977
2748,OK,60.400,0.44,15912.799979560077
2749,OK,55.900,0.44,15938.500000629574
2750,OK,58.900,0.44,15898.99999089539
2751,OK,53.300,0.44,15904.099971521646
2752,OK,54.800,0.44,15851.899981498718
2753,OK,81.100,0.44,15869.800001382828
2754,OK,48.300,0.44,15934.4999701716
2755,OK,52.100,0.44,15912.300033960491
2756,OK,50.700,0.44,15923.500002827495
2757,OK,56.100,0.44,15904.800035059452
2758,OK,62.600,0.44,15897.799981757998
2759,OK,49.700,0.44,15928.400040138513
2760,OK,80.400,0.44,15874.199976678938
2761,OK,84.400,0.44,16125.80002984032
2762,OK,62.000,0.44,15672.899957280606
2763,OK,75.400,0.44,15807.799994945526
2764,OK,56.000,0.44,15895.400021690875
2765,OK,48.800,0.44,15955.599956214428
2766,OK,54.100,0.44,15939.20000595972
2767,OK,51.400,0.44,15898.399986326694
2768,OK,58.600,0.44,15910.000016447157
2769,OK,58.000,0.44,15871.399955358356
2770,OK,48.800,0.44,15917.700016871095
2771,OK,58.000,0.44,15901.800012215972
2772,OK,57.200,0.44,15944.89999115467
2773,OK,107.600,0.44,15810.999961104244
2774,OK,84.800,0.44,15949.999971780926
2775,OK,71.200,0.44,15858.799975831062
2776,OK,66.700,0.44,15845.69999249652
2777,OK,56.400,0.44,15938.800002913922
2778,OK,49.800,0.44,15911.400027107447
2779,OK,53.800,0.44,15886.899956967682
2780,OK,58.700,0.44,15864.699962548912
2781,OK,60.200,0.44,15938.299999106675
2782,OK,51.600,0.44,15956.90002432093
2783,OK,52.900,0.44,15866.799978539348
2784,OK,68.800,0.44,15887.19995925203
2785,OK,55.100,0.44,15945.999999530613
2786,OK,59.800,0.44,15900.099999271333
2787,OK,71.200,0.44,15896.499971859157
2788,OK,72.100,0.44,15870.400005951524
2789,OK,71.200,0.44,15850.299969315529
2790,OK,66.300,0.44,15966.899984050542
2791,OK,58.400,0.44,15895.199961960316
2792,OK,53.800,0.44,15915.50000011921
2793,OK,61.100,0.44,15903.299965430051
2794,OK,58.400,0.44,15908.699948340654
2795,OK,58.200,0.44,15907.099994365126
2796,OK,52.600,0.44,15942.599973641336
2797,OK,49.200,0.44,15881.29997253418
2798,OK,54.600,0.44,15943.49998049438
2799,OK,54.300,0.44,15853.499993681908
2800,OK,50.100,0.44,15961.40000037849
2801,OK,72.200,0.44,15743.300027679652
2802,OK,67.800,0.44,15949.40002541989
2803,OK,54.300,0.44,15911.400027107447
2804,OK,56.600,0.44,15853.599994443357
2805,OK,55.400,0.44,15965.7999756746
2806,OK,56.800,0.44,15900.70000384003
2807,OK,58.300,0.44,15843.299974221736
2808,OK,66.800,0.44,15923.899947665632
2809,OK,57.000,0.44,15898.899990133941
2810,OK,64.000,0.44,15910.000016447157
2811,OK,55.900,0.44,15913.399984128773
2812,OK,68.200,0.44,15886.300010606647
2813,OK,55.500,0.44,15874.700038693845
2814,OK,64.800,0.44,15928.70004242286
2815,OK,63.300,0.44,15842.79997041449
2816,OK,51.700,0.44,15965.999977197498
2817,OK,59.100,0.44,15908.300003502518
2818,OK,51.000,0.44,15955.699956975877
2819,OK,58.100,0.44,15866.299974732101
2820,OK,53.400,0.44,15928.6999842152
2821,OK,53.600,0.44,15894.000011030585
2822,OK,55.300,0.44,15879.199956543744
2823,OK,59.500,0.44,15875.40004402399
2824,OK,71.100,0.44,15887.299960013479
2825,OK,78.700,0.44,15873.299969825894
2826,OK,71.300,0.44,15891.299990471452
2827,OK,63.400,0.44,15872.700023464859
2828,OK,64.300,0.44,15906.49998979643
2829,OK,57.700,0.44,15916.300006210804
2830,OK,54.200,0.44,15976.09999589622
2831,OK,60.800,0.44,15815.599996130913
2832,OK,83.700,0.44,15938.700002152473
2833,OK,57.300,0.44,15897.69998099655
2834,OK,96.600,0.44,15838.199993595481
2835,OK,87.300,0.44,15863.199951127172
2836,OK,54.800,0.44,15898.699988611042
2837,OK,66.000,0.44,15940.400015097111
2838,OK,57.600,0.44,15895.400021690875
2839,OK,116.800,0.44,15817.000006791204
2840,OK,116.800,0.44,15819.699969142675
2841,OK,82.900,0.44,15870.700008235872
2842,OK,64.800,0.44,15902.500017546117
2843,OK,80.100,0.44,15870.299946982414
2844,OK,81.800,0.44,15868.099988438189
2845,OK,86.500,0.44,15890.599985141307
2846,OK,69.500,0.44,15880.300023127347
2847,OK,61.800,0.44,15896.30002854392
2848,OK,77.100,0.44,15925.299958325922
2849,OK,71.400,0.44,15848.100010771304
2850,OK,68.200,0.44,15934.899973217398
2851,OK,68.500,0.44,15797.500032931566
2852,OK,71.200,0.44,15936.900046654046
2853,OK,63.500,0.44,15906.099986750633
2854,OK,80.200,0.44,15871.199953835458
2855,OK,58.300,0.44,15930.599998682737
2856,OK,73.400,0.44,15870.500006712973
2857,OK,71.200,0.44,15900.400001555681
2858,OK,76.300,0.44,15847.20000391826
2859,OK,60.400,0.44,15940.50001585856
2860,OK,57.900,0.44,15856.09995527193
2861,OK,54.500,0.44,15907.599998172373
2862,OK,54.300,0.44,15912.60003624484
2863,OK,49.500,0.44,15915.800002403557
2864,OK,57.800,0.44,15889.799979049712
2865,OK,82.400,0.44,15882.999985478818
2866,OK,55.800,0.44,15887.500019744039
2867,OK,51.600,0.44,15962.200006470084
2868,OK,70.100,0.44,15839.700005017221
2869,OK,68.700,0.44,15926.700027193874
2870,OK,68.400,0.44,15896.09996881336
2871,OK,56.100,0.44,15934.399969410151
2872,OK,54.900,0.44,15915.199997834861
2873,OK,57.800,0.44,15903.400024399161
2874,OK,59.500,0.44,15880.799968726933
2875,OK,63.000,0.44,15928.999986499548
2876,OK,63.700,0.44,15835.499973036349
2877,OK,55.100,0.44,15913.89998793602
2878,OK,62.100,0.44,15957.100025843829
2879,OK,51.900,0.44,15849.900024477392
2880,OK,54.100,0.44,15953.199996147305
2881,OK,102.400,0.44,15804.599970579147
2882,OK,51.100,0.44,15991.799999028444
2883,OK,74.600,0.44,15866.199973970652
2884,OK,67.000,0.44,15892.099996563047
2885,OK,82.700,0.44,15830.599993932992
2886,OK,58.300,0.44,15939.900011289865
2887,OK,62.900,0.44,15854.900004342198
2888,OK,56.000,0.44,15943.59998125583
2889,OK,57.900,0.44,15885.200002230704
2890,OK,59.200,0.44,15939.10000519827
2891,OK,60.300,0.44,15837.500046472996
2892,OK,55.100,0.44,15955.000009853393
2893,OK,56.000,0.44,15865.099965594709
2894,OK,53.900,0.44,15910.299960523844
2895,OK,53.200,0.44,15910.099959000945
2896,OK,51.800,0.44,15913.699986413121
2897,OK,62.700,0.44,15926.099964417517
2898,OK,55.000,0.44,15911.600028630346
2899,OK,55.000,0.44,15917.800017632544
2900,OK,58.900,0.44,15878.2999496907
2901,OK,57.500,0.44,16013.799991924316
2902,OK,155.600,0.44,15534.800011664629
2903,OK,57.300,0.44,15900.900005362928
2904,OK,56.400,0.44,15887.100016698241
2905,OK,56.600,0.44,15917.199954856187
2906,OK,53.600,0.44,15917.500015348196
2907,OK,59.400,0.44,15913.399984128773
2908,OK,54.500,0.44,15891.299990471452
2909,OK,56.500,0.44,15944.599988870323
2910,OK,71.400,0.44,15872.899966780096
2911,OK,82.300,0.44,15881.200029980391
2912,OK,55.700,0.44,15818.000014405698
2913,OK,54.800,0.44,15934.4999701716
2914,OK,56.500,0.44,15924.800012726337
2915,OK,57.700,0.44,15870.700008235872
2916,OK,59.000,0.44,15891.499991994351
2917,OK,50.700,0.44,15927.09997203201
2918,OK,109.000,0.44,15851.299976930022
2919,OK,56.900,0.44,15907.500055618584
2920,OK,56.700,0.44,15909.100009594113
2921,OK,52.900,0.44,15903.699968475848
2922,OK,52.300,0.44,15924.100007396191
2923,OK,54.600,0.44,15919.500030577183
2924,OK,65.300,0.44,15839.500003494322
2925,OK,49.400,0.44,16023.400006815791
2926,OK,51.400,0.44,15860.299987252802
2927,OK,67.600,0.44,15947.99995655194
2928,OK,54.600,0.44,15856.10001347959
2929,OK,54.800,0.44,15973.3000327833
2930,OK,55.000,0.44,15919.80003286153
2931,OK,56.300,0.44,15904.500032775104
2932,OK,57.800,0.44,15818.900021258742
2933,OK,56.200,0.44,15987.500024493784
2934,OK,61.700,0.44,16135.599988047034
2935,OK,56.300,0.44,15691.999986302108
2936,OK,65.100,0.44,15842.200024053454
2937,OK,54.100,0.44,15903.300023637712
2938,OK,90.200,0.44,15899.999998509884
2939,OK,79.300,0.44,15807.29999113828
2940,OK,66.300,0.44,15965.000027790666
2941,OK,93.600,0.44,15839.999949093908
2942,OK,67.500,0.44,15869.299997575581
2943,OK,72.600,0.44,15946.100000292063
2944,OK,53.300,0.44,15922.8999982588
2945,OK,59.600,0.44,15917.100012302399
2946,OK,63.200,0.44,15883.999993093312
2947,OK,55.900,0.44,15940.100012812763
2948,OK,92.400,0.44,15784.399991389364
2949,OK,59.200,0.44,15950.499975588173
2950,OK,71.600,0.44,15843.599976506084
2951,OK,57.100,0.44,15920.499979984015
2952,OK,119.600,0.44,15852.000040467829
2953,OK,71.900,0.44,15917.500015348196
2954,OK,52.600,0.44,15904.399973805994
2955,OK,56.900,0.44,15905.999985989183
2956,OK,61.000,0.44,15930.19999563694
2957,OK,52.700,0.44,15872.999967541546
2958,OK,52.100,0.44,15926.300024148077
2959,OK,52.900,0.44,15916.400006972253
2960,OK,60.200,0.44,15907.099994365126
2961,OK,64.700,0.44,15910.399961285293
2962,OK,58.500,0.44,15868.599992245436
2963,OK,57.100,0.44,15885.500004515052
2964,OK,84.400,0.44,15917.400014586747
2965,OK,80.200,0.44,15828.799980226904
2966,OK,90.300,0.44,15868.999995291233
2967,OK,59.900,0.44,15881.600033026189
2968,OK,55.000,0.44,15921.799989882857
2969,OK,79.600,0.44,15892.900002654642
2970,OK,53.600,0.44,15894.299955107272
2971,OK,53.200,0.44,15888.70002888143
2972,OK,54.400,0.44,15933.499962557107
2973,OK,52.800,0.44,15910.9000233002
2974,OK,51.000,0.44,15907.099994365126
2975,OK,55.800,0.44,15935.399977024645
2976,OK,64.700,0.44,15878.100006375462
2977,OK,61.200,0.44,15944.89999115467
2978,OK,94.300,0.44,15844.40004080534
2979,OK,70.500,0.44,15883.999993093312
2980,OK,53.300,0.44,15934.900031425059
2981,OK,58.100,0.44,15889.799979049712
2982,OK,57.300,0.44,15875.29998505488
2983,OK,56.300,0.44,15911.499969661236
2984,OK,53.300,0.44,15934.100025333464
2985,OK,52.300,0.44,15908.00000121817
2986,OK,45.700,0.44,15920.499979984015
2987,OK,52.700,0.44,15940.70001738146
2988,OK,56.200,0.44,15936.499985400587
2989,OK,61.000,0.44,15861.799998674542
2990,OK,54.600,0.44,15935.99998159334
2991,OK,69.100,0.44,15814.69998927787
2992,OK,69.300,0.44,15943.099977448583
2993,OK,62.700,0.44,15836.999984458089
2994,OK,69.100,0.44,15967.799990903586
2995,OK,54.300,0.44,15906.100044958293
2996,OK,57.100,0.44,15911.800030153245
2997,OK,56.600,0.44,15899.499994702637
2998,OK,54.900,0.44,15909.900015685707
2999,OK,54.200,0.44,15916.000003926456
3000,OK,52.900,0.44,15913.099981844425
3001,OK,60.700,0.44,15766.199969220906
3002,OK,71.000,0.44,16054.199950303882
3003,OK,133.300,0.44,15566.200017929077
3004,OK,73.500,0.44,15877.800004091114
3005,OK,71.500,0.44,15879.600017797202
3006,OK,68.700,0.44,15870.500006712973
3007,OK,76.900,0.44,15890.100039541721
3008,OK,54.000,0.44,15904.299973044544
3009,OK,62.600,0.44,15896.199969574809
3010,OK,67.300,0.44,15898.199984803796
3011,OK,56.000,0.44,15894.000011030585
3012,OK,60.900,0.44,15936.899988446385
3013,OK,55.900,0.44,15770.600002724677
3014,OK,69.300,0.44,16003.500029910356
3015,OK,60.000,0.44,15913.599985651672
3016,OK,58.900,0.44,15925.200015772134
3017,OK,63.700,0.44,15830.599993932992
3018,OK,51.800,0.44,15913.199982605875
3019,OK,47.200,0.44,16028.599988203496
3020,OK,63.300,0.44,15846.199996303767
3021,OK,49.300,0.44,15848.400013055652
3022,OK,54.900,0.44,15889.699978288263
3023,OK,47.500,0.44,15896.399971097708
3024,OK,52.400,0.44,15920.700039714575
3025,OK,46.200,0.44,15918.499964755028
3026,OK,46.400,0.44,15916.69995104894
3027,OK,52.900,0.44,15925.199957564473
3028,OK,53.000,0.44,15899.799996986985
3029,OK,48.800,0.44,15923.099999781698
3030,OK,51.700,0.44,15939.500008244067
3031,OK,48.800,0.44,15861.799998674542
3032,OK,46.500,0.44,15912.899980321527
3033,OK,51.400,0.44,15936.19998311624
3034,OK,45.700,0.44,15938.900003675371
3035,OK,70.600,0.44,15904.099971521646
3036,OK,58.000,0.44,15877.300000283867
3037,OK,49.700,0.44,15918.000019155443
3038,OK,58.000,0.44,15915.700001642108
3039,OK,57.700,0.44,15948.499960359186
3040,OK,59.000,0.44,15881.399973295629
3041,OK,56.800,0.44,15905.00003658235
3042,OK,58.600,0.44,16164.899978321046
3043,OK,180.700,0.44,15513.800026383251
3044,OK,57.900,0.44,15841.999964322895
3045,OK,119.200,0.44,15878.2999496907
3046,OK,69.400,0.44,15837.599989026785
3047,OK,61.200,0.44,15957.399969920516
3048,OK,58.700,0.44,15824.900008738041
3049,OK,56.300,0.44,15959.499985910952
3050,OK,58.600,0.44,15881.000028457493
3051,OK,52.300,0.44,15951.399982441217
3052,OK,69.200,0.44,15862.10000095889
3053,OK,59.700,0.44,15933.000016957521
3054,OK,51.600,0.44,15889.699978288263
3055,OK,58.500,0.44,15900.50000231713
3056,OK,82.200,0.44,15827.599971089512
3057,OK,61.600,0.44,15909.899957478046
3058,OK,76.400,0.44,15884.599997662008
3059,OK,60.000,0.44,15903.400024399161
3060,OK,52.000,0.44,15876.299992669374
3061,OK,54.100,0.44,15998.000046238303
3062,OK,60.700,0.44,15809.900010935962
3063,OK,72.600,0.44,15977.200004272163
3064,OK,60.600,0.44,15908.700006548315
3065,OK,61.600,0.44,15880.699967965484
3066,OK,60.900,0.44,15896.800032351166
3067,OK,64.200,0.44,15873.000025749207
3068,OK,67.800,0.44,15915.700001642108
3069,OK,66.700,0.44,15973.19997381419
3070,OK,163.700,0.44,15650.599962100387
3071,OK,73.400,0.44,15897.60003844276
3072,OK,55.000,0.44,15925.100015010685
3073,OK,94.800,0.44,15756.500011775643
3074,OK,65.600,0.44,15868.599992245436
3075,OK,64.400,0.44,15876.699995715171
3076,OK,77.000,0.44,15950.89997863397
3077,OK,61.300,0.44,15909.599955193698
3078,OK,58.600,0.44,15925.69996137172
3079,OK,58.900,0.44,15771.199949085712
3080,OK,70.000,0.44,16023.100004531443
3081,OK,58.200,0.44,15920.499979984015
3082,OK,59.400,0.44,15906.000044196844
3083,OK,51.800,0.44,15839.80000577867
3084,OK,50.000,0.44,15948.10001552105
3085,OK,54.800,0.44,15966.800041496754
3086,OK,76.300,0.44,15888.90003040433
3087,OK,79.000,0.44,15820.099972188473
3088,OK,61.800,0.44,15909.700014162809
3089,OK,72.100,0.44,15892.700001131743
3090,OK,50.900,0.44,15934.6999716945
3091,OK,61.200,0.44,15882.299980148673
3092,OK,54.000,0.44,15940.300014335662
3093,OK,55.000,0.44,15896.999975666404
3094,OK,53.600,0.44,15899.600053671747
3095,OK,52.900,0.44,15868.499991483986
3096,OK,51.900,0.44,15933.09995951131
3097,OK,49.000,0.44,15982.09998337552
3098,OK,59.800,0.44,15848.500013817102
3099,OK,51.500,0.44,15928.100037854165
3100,OK,65.900,0.44,15911.299968138337
3101,OK,59.300,0.44,15763.100003823638
3102,OK,51.400,0.44,15938.299999106675
3103,OK,61.000,0.44,15945.399994961917
3104,OK,55.900,0.44,15853.899996727705
3105,OK,55.400,0.44,15945.399994961917
3106,OK,56.200,0.44,15846.599999349564
3107,OK,62.700,0.44,15898.099984042346
3108,OK,56.600,0.44,15918.999968562275
3109,OK,56.800,0.44,15889.600035734475
3110,OK,52.100,0.44,15955.30001213774
3111,OK,64.500,0.44,15876.89999723807
3112,OK,58.500,0.44,15921.699989121407
3113,OK,56.900,0.44,15906.799992080778
3114,OK,55.800,0.44,15925.300016533583
3115,OK,69.000,0.44,15888.200025074184
3116,OK,55.600,0.44,15914.299990981817
3117,OK,57.500,0.44,15842.000022530556
3118,OK,58.600,0.44,15832.600009161979
3119,OK,79.200,0.44,15897.80003996566
3120,OK,58.500,0.44,15970.800013747066
3121,OK,59.000,0.44,15829.199983272702
3122,OK,55.800,0.44,15872.499963734299
3123,OK,57.500,0.44,15930.900000967085
3124,OK,54.700,0.44,15903.800027444959
3125,OK,55.500,0.44,15919.599973130971
3126,OK,51.900,0.44,15842.200024053454
3127,OK,57.100,0.44,15969.400003086776
3128,OK,53.800,0.44,15916.399948764592
3129,OK,70.500,0.44,15865.900029893965
3130,OK,90.400,0.44,15880.300023127347
3131,OK,52.800,0.44,15900.099999271333
3132,OK,52.600,0.44,15932.500013150275
3133,OK,57.400,0.44,15983.100049197674
3134,OK,72.900,0.44,15672.000008635223
3135,OK,61.000,0.44,15888.100024312735
3136,OK,63.200,0.44,15886.700013652444
3137,OK,55.300,0.44,15919.100027531385
3138,OK,54.600,0.44,15957.900031935424
3139,OK,67.700,0.44,15854.900004342198
3140,OK,52.000,0.44,15968.899999279529
3141,OK,55.500,0.44,15872.800024226308
3142,OK,64.700,0.44,15896.09996881336
3143,OK,52.900,0.44,15908.300003502518
3144,OK,71.400,0.44,15899.19999241829
3145,OK,56.000,0.44,15824.800007976592
3146,OK,67.000,0.44,15833.300014492124
3147,OK,127.700,0.44,15811.399964150041
3148,OK,52.900,0.44,15902.699960861355
3149,OK,48.800,0.44,15908.800007309765
3150,OK,52.800,0.44,15950.599976349622
3151,OK,71.400,0.44,15878.700010944158
3152,OK,69.100,0.44,15901.300008408725
3153,OK,60.400,0.44,15841.200016438961
3154,OK,60.900,0.44,15946.50000333786
3155,OK,53.100,0.44,15918.200020678341
3156,OK,53.400,0.44,15907.699998933822
3157,OK,67.000,0.44,15896.900033112615
3158,OK,74.000,0.44,15895.300020929426
3159,OK,74.200,0.44,15939.900011289865
3160,OK,58.500,0.44,15868.099988438189
3161,OK,63.200,0.44,15880.999970249832
3162,OK,55.400,0.44,15929.999994114041
3163,OK,61.100,0.44,15950.400033034384
3164,OK,60.700,0.44,15851.500036660582
3165,OK,64.000,0.44,15914.899995550513
3166,OK,61.000,0.44,15897.60003844276
3167,OK,79.800,0.44,15932.600013911724
3168,OK,72.100,0.44,15853.399992920458
3169,OK,73.500,0.44,15914.199990220368
3170,OK,61.700,0.44,15834.300022106618
3171,OK,74.200,0.44,15877.600002568215
3172,OK,77.100,0.44,15881.899977102876
3173,OK,66.000,0.44,15910.100017208606
3174,OK,64.300,0.44,15890.19998209551
3175,OK,68.500,0.44,15862.600004766136
3176,OK,62.800,0.44,15923.600003588945
3177,OK,56.700,0.44,15887.600020505488
3178,OK,74.500,0.44,15925.100015010685
3179,OK,61.400,0.44,15856.10001347959
3180,OK,58.600,0.44,15917.00001154095
3181,OK,58.400,0.44,15906.59999055788
3182,OK,58.300,0.44,15925.100015010685
3183,OK,54.400,0.44,15902.699960861355
3184,OK,84.200,0.44,15903.200022876263
3185,OK,56.300,0.44,15842.099965084344
3186,OK,79.500,0.44,15880.200022365898
3187,OK,56.900,0.44,15868.799993768334
3188,OK,72.100,0.44,15893.700008746237
3189,OK,57.600,0.44,15957.900031935424
3190,OK,51.700,0.44,15895.199961960316
3191,OK,62.300,0.44,15909.700014162809
3192,OK,57.200,0.44,15880.600025411695
3193,OK,64.900,0.44,15915.29999859631
3194,OK,52.900,0.44,15956.69996459037
3195,OK,57.200,0.44,15918.700024485588
3196,OK,52.500,0.44,15850.09996779263
3197,OK,61.600,0.44,15902.500017546117
3198,OK,54.700,0.44,15937.799995299429
3199,OK,76.500,0.44,15894.099953584373
3200,OK,54.700,0.44,15880.800026934594
3201,OK,60.400,0.44,15811.899967957288
3202,OK,83.200,0.44,15881.499974057078
3203,OK,59.300,0.44,15899.799996986985
3204,OK,56.500,0.44,15904.300031252205
3205,OK,52.300,0.44,15907.90000045672
3206,OK,56.000,0.44,15898.699988611042
3207,OK,62.300,0.44,15918.50002296269
3208,OK,53.700,0.44,15885.100001469254
3209,OK,54.600,0.44,15913.000039290637
3210,OK,80.300,0.44,15872.800024226308
3211,OK,73.400,0.44,15888.600028119981
3212,OK,82.200,0.44,15878.600010182709
3213,OK,55.500,0.44,15949.900029227138
3214,OK,52.200,0.44,15879.200014751405
3215,OK,51.300,0.44,15913.299983367324
3216,OK,71.000,0.44,15938.500000629574
3217,OK,53.100,0.44,15868.199989199638
3218,OK,70.700,0.44,15884.29999537766
3219,OK,56.800,0.44,15962.600009515882
3220,OK,53.200,0.44,15876.299992669374
3221,OK,54.100,0.44,15863.199951127172
3222,OK,63.700,0.44,15884.799999184906
3223,OK,54.300,0.44,15971.099957823753
3224,OK,55.300,0.44,15925.59996061027
3225,OK,72.400,0.44,15895.600023213774
3226,OK,82.800,0.44,15850.700030568987
3227,OK,50.700,0.44,15862.200001720339
3228,OK,53.400,0.44,15907.099994365126
3229,OK,53.300,0.44,15954.200003761798
3230,OK,60.400,0.44,15849.699964746833
3231,OK,56.200,0.44,15860.199986491352
3232,OK,55.500,0.44,15976.09999589622
3233,OK,61.200,0.44,15893.700008746237
3234,OK,73.400,0.44,15905.09997913614
3235,OK,60.600,0.44,15909.50001263991
3236,OK,55.800,0.44,15912.100032437593
3237,OK,54.800,0.44,15917.100012302399
3238,OK,69.700,0.44,15883.999993093312
3239,OK,71.600,0.44,15952.49999081716
3240,OK,59.700,0.44,15911.1000248231
3241,OK,63.600,0.44,15891.299990471452
3242,OK,71.200,0.44,15907.90000045672
3243,OK,58.600,0.44,15875.800047069788
3244,OK,56.500,0.44,15904.199972283095
3245,OK,58.600,0.44,15923.600003588945
3246,OK,51.900,0.44,15854.800003580749
3247,OK,57.000,0.44,15854.7000028193
3248,OK,59.100,0.44,15914.599993266165
3249,OK,53.400,0.44,15953.800000716
3250,OK,48.800,0.44,15923.400002066046
3251,OK,57.800,0.44,15925.500018056482
3252,OK,74.500,0.44,15893.700008746237
3253,OK,76.000,0.44,15879.79996111244
3254,OK,71.100,0.44,15876.399993430823
3255,OK,58.000,0.44,15898.99999089539
3256,OK,75.600,0.44,15874.200034886599
3257,OK,51.800,0.44,15907.799999695271
3258,OK,63.100,0.44,15903.400024399161
3259,OK,58.000,0.44,15886.299952398986
3260,OK,51.000,0.44,15916.500007733703
3261,OK,68.300,0.44,15904.100029729307
3262,OK,56.500,0.44,15954.0000022389
3263,OK,74.700,0.44,15850.700030568987
3264,OK,61.800,0.44,15888.200025074184
3265,OK,53.000,0.44,15914.499992504716
3266,OK,71.200,0.44,15836.69998217374
3267,OK,79.100,0.44,15971.799963153899
3268,OK,62.400,0.44,15838.39999511838
3269,OK,106.200,0.44,15910.9000233002
3270,OK,62.100,0.44,15895.100019406527
3271,OK,52.900,0.44,15955.800015944988
3272,OK,77.800,0.44,15804.700029548258
3273,OK,63.300,0.44,15971.80002136156
3274,OK,87.000,0.44,15876.099991146475
3275,OK,81.100,0.44,15817.50001059845
3276,OK,54.100,0.44,15921.599988359958
3277,OK,66.600,0.44,15874.799981247634
3278,OK,59.700,0.44,15941.200021188706
3279,OK,60.500,0.44,15909.300011117011
3280,OK,71.500,0.44,15885.90000756085
3281,OK,65.200,0.44,15876.499994192272
3282,OK,51.200,0.44,15901.700011454523
3283,OK,48.600,0.44,15925.000014249235
3284,OK,50.800,0.44,15917.800017632544
3285,OK,58.900,0.44,15904.000028967857
3286,OK,54.700,0.44,15911.999973468482
3287,OK,49.100,0.44,15911.00002406165
3288,OK,55.900,0.44,15886.400011368096
3289,OK,50.100,0.44,15915.099997073412
3290,OK,47.700,0.44,15905.899985227734
3291,OK,45.100,0.44,15912.49997727573
3292,OK,46.600,0.44,15924.700011964887
3293,OK,70.300,0.44,15891.69999351725
3294,OK,71.800,0.44,15894.699958153069
3295,OK,51.800,0.44,15874.500037170947
3296,OK,91.400,0.44,15878.799953497946
3297,OK,84.100,0.44,15844.30004004389
3298,OK,70.400,0.44,15946.40000257641
3299,OK,53.000,0.44,15922.599995974451
3300,OK,49.300,0.44,15946.800005622208
3301,OK,53.300,0.44,15800.799999851733
3302,OK,63.600,0.44,15928.499982692301
3303,OK,53.400,0.44,15911.099966615438
3304,OK,63.000,0.44,15894.80001712218
3305,OK,53.600,0.44,15843.500033952296
3306,OK,57.600,0.44,15960.199991241097
3307,OK,71.500,0.44,15911.400027107447
3308,OK,68.600,0.44,15904.199972283095
3309,OK,55.200,0.44,15859.500039368868
3310,OK,70.000,0.44,15944.99999191612
3311,OK,51.600,0.44,15911.300026345998
3312,OK,53.200,0.44,15917.200013063848
3313,OK,63.200,0.44,15878.40000865981
3314,OK,49.100,0.44,15920.600038953125
3315,OK,49.900,0.44,15924.700011964887
3316,OK,53.300,0.44,15961.900004185736
3317,OK,50.800,0.44,15926.200023386627
3318,OK,47.100,0.44,15875.29998505488
3319,OK,53.300,0.44,15872.099960688502
3320,OK,63.400,0.44,15987.400023732334
3321,OK,72.500,0.44,15905.899985227734
3322,OK,56.600,0.44,15929.899993352592
3323,OK,57.100,0.44,15851.300035137683
3324,OK,71.700,0.44,15871.099953074008
3325,OK,57.100,0.44,15936.09998235479
3326,OK,49.200,0.44,15909.60001340136
3327,OK,46.700,0.44,15921.499987598509
3328,OK,49.600,0.44,15870.000002905726
3329,OK,48.900,0.44,15962.300007231534
3330,OK,51.600,0.44,15925.000014249235
3331,OK,46.600,0.44,15929.599991068244
3332,OK,45.300,0.44,15922.199992928654
3333,OK,65.100,0.44,15911.800030153245
3334,OK,72.400,0.44,15905.20003810525
3335,OK,56.800,0.44,15918.599965516478
3336,OK,57.100,0.44,15898.799989372492
3337,OK,55.100,0.44,15875.099983531982
3338,OK,56.400,0.44,15890.399983618408
3339,OK,69.300,0.44,15920.700039714575
3340,OK,51.800,0.44,15899.499994702637
3341,OK,63.000,0.44,15909.50001263991
3342,OK,76.700,0.44,15845.100046135485
3343,OK,51.200,0.44,15911.499969661236
3344,OK,54.400,0.44,15844.899986404926
3345,OK,47.900,0.44,15992.300002835691
3346,OK,88.800,0.44,15872.000018134713
3347,OK,57.800,0.44,15920.399979222566
3348,OK,72.200,0.44,15858.99997735396
3349,OK,68.100,0.44,15850.499970838428
3350,OK,91.400,0.44,15865.00002304092
3351,OK,79.200,0.44,15933.10001771897
3352,OK,54.900,0.44,15819.199965335429
3353,OK,47.300,0.44,15972.300025168806
3354,OK,50.200,0.44,15907.699998933822
3355,OK,56.800,0.44,15853.09999063611
3356,OK,55.100,0.44,15955.40001289919
3357,OK,56.700,0.44,15898.099984042346
3358,OK,59.700,0.44,15919.69997389242
3359,OK,60.800,0.44,15903.200022876263
3360,OK,58.700,0.44,15894.70001636073
3361,OK,50.100,0.44,15963.300014846027
3362,OK,58.600,0.44,15864.099957980216
3363,OK,52.300,0.44,15942.300029564649
3364,OK,53.900,0.44,15901.200007647276
3365,OK,53.000,0.44,15861.499996390194
3366,OK,67.000,0.44,15958.499978296459
3367,OK,62.600,0.44,15887.799963820726
3368,OK,57.500,0.44,15906.59999055788
3369,OK,69.700,0.44,15900.099999271333
3370,OK,53.500,0.44,15911.200025584549
3371,OK,57.500,0.44,15869.299997575581
3372,OK,69.500,0.44,15922.499995213002
3373,OK,74.600,0.44,15890.399983618408
3374,OK,71.800,0.44,15895.600023213774
3375,OK,82.000,0.44,15837.399987503886
3376,OK,116.700,0.44,15842.100023292005
3377,OK,97.300,0.44,15758.100023958832
3378,OK,89.700,0.44,15922.599995974451
3379,OK,85.000,0.44,15734.400018118322
3380,OK,61.700,0.44,15958.19997601211
3381,OK,58.200,0.44,15899.399993941188
3382,OK,52.200,0.44,15888.099966105074
3383,OK,54.100,0.44,15883.299987763166
3384,OK,51.500,0.44,15971.70002060011
3385,OK,50.600,0.44,15920.600038953125
3386,OK,54.900,0.44,15906.999993603677
3387,OK,58.600,0.44,15906.100044958293
3388,OK,54.100,0.44,15944.399987347424
3389,OK,65.500,0.44,15910.800022538751
3390,OK,53.700,0.44,15898.499987088144
3391,OK,72.700,0.44,15835.600032005459
3392,OK,65.700,0.44,15978.000010363758
3393,OK,54.400,0.44,15917.800017632544
3394,OK,59.600,0.44,15909.899957478046
3395,OK,58.800,0.44,15885.59994706884
3396,OK,56.000,0.44,15929.399989545345
3397,OK,59.100,0.44,15916.000003926456
3398,OK,56.000,0.44,15893.500007223338
3399,OK,59.600,0.44,15890.399983618408
3400,OK,53.900,0.44,15903.099963907152
3401,OK,78.100,0.44,16014.399996493012
3402,OK,168.400,0.44,15495.600004214793
3403,OK,75.600,0.44,15918.50002296269
3404,OK,53.400,0.44,15921.200043521821
3405,OK,59.000,0.44,15936.800045892596
3406,OK,50.700,0.44,15860.999992582947
3407,OK,58.100,0.44,15919.90003362298
3408,OK,52.600,0.44,15932.699956465513
3409,OK,58.600,0.44,15902.099956292659
3410,OK,54.300,0.44,15908.300003502518
3411,OK,59.100,0.44,15897.199977189302
3412,OK,82.600,0.44,15868.099988438189
3413,OK,53.700,0.44,15890.09998133406
3414,OK,53.500,0.44,15906.100044958293
3415,OK,57.400,0.44,15878.799953497946
3416,OK,55.600,0.44,15912.60003624484
3417,OK,49.900,0.44,15954.400005284697
3418,OK,78.800,0.44,15841.599961277097
3419,OK,70.500,0.44,15892.199997324497
3420,OK,57.700,0.44,15855.000005103648
3421,OK,54.100,0.44,15927.899978123605
3422,OK,56.800,0.44,15934.200026094913
3423,OK,54.700,0.44,15916.000003926456
3424,OK,52.400,0.44,15912.29997575283
3425,OK,56.700,0.44,15833.400015253574
3426,OK,55.700,0.44,15867.200039792806
3427,OK,89.500,0.44,15985.500009264797
3428,OK,55.700,0.44,15851.80003894493
3429,OK,55.100,0.44,16000.500007066876
3430,OK,71.300,0.44,15779.10000924021
3431,OK,52.000,0.44,15973.299974575639
3432,OK,72.200,0.44,15941.89996831119
3433,OK,47.800,0.44,15894.300013314933
3434,OK,56.200,0.44,15908.500005025417
3435,OK,54.700,0.44,15911.099966615438
3436,OK,57.500,0.44,15906.799992080778
3437,OK,56.100,0.44,15900.400001555681
3438,OK,54.300,0.44,15925.70001957938
3439,OK,54.800,0.44,15903.5999677144
3440,OK,82.700,0.44,15898.699988611042
3441,OK,66.300,0.44,15879.100013989955
3442,OK,61.000,0.44,15899.499994702637
3443,OK,55.600,0.44,15910.500020254403
3444,OK,63.900,0.44,15913.099981844425
3445,OK,74.000,0.44,15885.8000067994
3446,OK,58.300,0.44,15885.8000067994
3447,OK,51.400,0.44,15898.700046818703
3448,OK,51.700,0.44,15906.900051049888
3449,OK,56.600,0.44,16159.999999217689
3450,OK,66.500,0.44,15672.499954234809
3451,OK,50.800,0.44,15842.79997041449
3452,OK,61.300,0.44,15899.699996225536
3453,OK,49.500,0.44,15925.80002034083
3454,OK,51.000,0.44,15933.20001848042
3455,OK,56.400,0.44,15912.899980321527
3456,OK,57.100,0.44,15914.999996311963
3457,OK,98.500,0.44,15899.899997748435
3458,OK,63.900,0.44,15811.49996491149
3459,OK,72.900,0.44,15905.899985227734
3460,OK,53.500,0.44,15913.499984890223
3461,OK,59.700,0.44,15833.000012207776
3462,OK,65.500,0.44,15944.299986585975
3463,OK,51.800,0.44,15937.099989969283
3464,OK,65.200,0.44,15889.300033450127
3465,OK,56.200,0.44,15864.000015426427
3466,OK,61.100,0.44,15982.09998337552
3467,OK,62.300,0.44,15896.399971097708
3468,OK,58.900,0.44,15916.600008495152
3469,OK,55.400,0.44,15866.199973970652
3470,OK,51.400,0.44,15945.599996484816
3471,OK,68.800,0.44,15891.899995040148
3472,OK,50.100,0.44,15911.500027868897
3473,OK,52.700,0.44,15804.499969817698
3474,OK,61.600,0.44,15987.499966286123
3475,OK,53.300,0.44,15926.700027193874
3476,OK,59.300,0.44,15885.500004515052
3477,OK,62.400,0.44,15837.299986742437
3478,OK,53.700,0.44,16013.599990401417
3479,OK,77.000,0.44,15802.400012034923
3480,OK,56.400,0.44,15914.299990981817
3481,OK,51.300,0.44,15918.700024485588
3482,OK,62.800,0.44,15882.999985478818
3483,OK,62.300,0.44,15918.30002143979
3484,OK,62.700,0.44,15881.100029218942
3485,OK,71.600,0.44,15917.099954094738
3486,OK,65.800,0.44,15852.900047320873
3487,OK,61.100,0.44,15898.499987088144
3488,OK,53.900,0.44,15918.700024485588
3489,OK,53.300,0.44,15926.399966701865
3490,OK,49.100,0.44,15919.000026769936
3491,OK,52.400,0.44,15916.700009256601
3492,OK,58.700,0.44,15898.99999089539
3493,OK,51.700,0.44,15900.900005362928
3494,OK,57.000,0.44,15963.500016368926
3495,OK,51.800,0.44,15907.799999695271
3496,OK,56.600,0.44,15874.500037170947
3497,OK,54.900,0.44,15934.100025333464
3498,OK,69.400,0.44,15914.400049950927
3499,OK,69.300,0.44,15876.79999647662
3500,OK,59.200,0.44,15804.100024979562
3501,OK,66.800,0.44,15832.300006877631
3502,OK,52.100,0.44,15923.700004350394
3503,OK,67.500,0.44,15856.600017286837
3504,OK,57.100,0.44,15991.699998266995
3505,OK,54.500,0.44,15878.600010182709
3506,OK,54.100,0.44,15912.49997727573
3507,OK,55.400,0.44,15907.90000045672
3508,OK,59.100,0.44,15876.89999723807
3509,OK,55.500,0.44,15937.999996822327
3510,OK,53.700,0.44,15898.499987088144
3511,OK,51.900,0.44,15908.400004263967
3512,OK,55.000,0.44,15911.999973468482
3513,OK,125.800,0.44,15842.59996889159
3514,OK,67.800,0.44,15899.899997748435
3515,OK,56.100,0.44,15909.700014162809
3516,OK,55.800,0.44,15909.700014162809
3517,OK,56.400,0.44,15904.89997761324
3518,OK,51.300,0.44,15964.700025506318
3519,OK,59.100,0.44,15848.000010009855
3520,OK,54.800,0.44,15913.499984890223
3521,OK,52.200,0.44,15915.700001642108
3522,OK,54.100,0.44,15955.099952407181
3523,OK,56.900,0.44,15873.89997439459
3524,OK,56.000,0.44,15911.299968138337
3525,OK,50.700,0.44,15955.30001213774
3526,OK,53.800,0.44,15857.70002566278
3527,OK,63.300,0.44,15903.699968475848
3528,OK,61.700,0.44,15902.299957815558
3529,OK,99.600,0.44,15925.999963656068
3530,OK,52.500,0.44,15787.100011948496
3531,OK,55.700,0.44,15899.699996225536
3532,OK,50.600,0.44,15927.100030239671
3533,OK,55.800,0.44,15909.800014924258
3534,OK,56.400,0.44,15900.200000032783
3535,OK,57.000,0.44,15843.599976506084
3536,OK,50.300,0.44,15972.200024407357
3537,OK,63.300,0.44,15913.399984128773
3538,OK,52.200,0.44,15910.099959000945
3539,OK,61.100,0.44,15849.600022193044
3540,OK,50.600,0.44,15944.200044032186
3541,OK,74.300,0.44,15957.199968397617
3542,OK,58.900,0.44,15895.100019406527
3543,OK,59.300,0.44,15898.499987088144
3544,OK,64.600,0.44,15881.499974057078
3545,OK,54.500,0.44,15938.700002152473
3546,OK,52.400,0.44,15898.400044534355
3547,OK,46.800,0.44,15913.199982605875
3548,OK,53.700,0.44,15859.499981161207
3549,OK,54.600,0.44,15976.700000464916
3550,OK,55.500,0.44,15937.69999453798
3551,OK,67.600,0.44,15890.29998285696
3552,OK,67.400,0.44,15818.300016690046
3553,OK,59.100,0.44,15910.99996585399
3554,OK,103.800,0.44,15813.399979379028
3555,OK,72.100,0.44,16006.799996830523
3556,OK,53.400,0.44,15881.800034549087
3557,OK,68.000,0.44,15916.9000107795
3558,OK,75.200,0.44,15828.300034627318
3559,OK,59.100,0.44,15921.29998607561
3560,OK,63.600,0.44,15865.500026848167
3561,OK,56.500,0.44,15943.49998049438
3562,OK,58.500,0.44,15834.700025152415
3563,OK,55.600,0.44,15963.699959684163
3564,OK,57.900,0.44,15902.20001526177
3565,OK,72.600,0.44,15878.30000789836
3566,OK,52.300,0.44,15927.000029478222
3567,OK,61.100,0.44,15968.199993949383
3568,OK,56.900,0.44,15887.100016698241
3569,OK,55.200,0.44,15903.400024399161
3570,OK,60.600,0.44,15895.399963483214
3571,OK,51.300,0.44,15925.299958325922
3572,OK,55.000,0.44,15880.499966442585
3573,OK,59.500,0.44,15914.499992504716
3574,OK,49.800,0.44,15893.800009507686
3575,OK,52.700,0.44,15932.699956465513
3576,OK,55.600,0.44,15902.700019069016
3577,OK,70.400,0.44,15926.699968986213
3578,OK,55.500,0.44,15863.899956457317
3579,OK,112.600,0.44,15798.50004054606
3580,OK,95.100,0.44,15982.999990228564
3581,OK,66.900,0.44,15804.2999682948
3582,OK,58.800,0.44,15945.799998007715
3583,OK,60.100,0.44,15886.100009083748
3584,OK,52.000,0.44,15850.999974645674
3585,OK,62.900,0.44,15894.199954345822
3586,OK,53.100,0.44,15853.599994443357
3587,OK,48.900,0.44,15911.999973468482
3588,OK,55.500,0.44,15899.899997748435
3589,OK,50.100,0.44,15943.39997973293
3590,OK,52.400,0.44,15910.399961285293
3591,OK,54.000,0.44,15933.800023049116
3592,OK,58.300,0.44,15907.299995888025
3593,OK,56.500,0.44,15894.999960437417
3594,OK,66.300,0.44,15883.599990047514
3595,OK,68.600,0.44,15900.300000794232
3596,OK,75.400,0.44,15888.500027358532
3597,OK,76.100,0.44,15851.899981498718
3598,OK,53.200,0.44,15935.700037516654
3599,OK,58.400,0.44,15962.600009515882
3600,OK,53.200,0.44,15863.200009334832
3601,OK,97.000,0.44,15746.50005204603
3602,OK,52.900,0.44,15931.400004774332
3603,OK,83.700,0.44,15850.19996855408
3604,OK,58.800,0.44,15948.0000147596
3605,OK,61.400,0.44,15888.90003040433
3606,OK,56.500,0.44,15913.699986413121
3607,OK,71.700,0.44,15910.9000233002
3608,OK,56.600,0.44,15922.299993690103
3609,OK,58.500,0.44,15771.400008816272
3610,OK,73.600,0.44,15990.299987606704
3611,OK,59.900,0.44,15843.599976506084
3612,OK,47.500,0.44,15961.40000037849
3613,OK,51.100,0.44,15909.200010355562
3614,OK,53.000,0.44,15974.69998523593
3615,OK,79.100,0.44,15839.700005017221
3616,OK,57.400,0.44,15881.200029980391
3617,OK,55.400,0.44,15946.999948937446
3618,OK,56.700,0.44,15874.399978201836
3619,OK,54.300,0.44,15863.300010096282
3620,OK,57.500,0.44,15974.299982190132
3621,OK,66.800,0.44,15890.599985141307
3622,OK,54.700,0.44,15885.400003753603
3623,OK,57.600,0.44,15912.000031676143
3624,OK,55.400,0.44,15876.699995715171
3625,OK,57.400,0.44,15892.800001893193
3626,OK,56.600,0.44,15919.199970085174
3627,OK,54.500,0.44,15907.299995888025
3628,OK,58.600,0.44,15932.800015434623
3629,OK,57.500,0.44,15873.999975156039
3630,OK,71.900,0.44,15893.20000493899
3631,OK,78.800,0.44,15875.50004478544
3632,OK,54.400,0.44,15839.600004255772
3633,OK,54.000,0.44,15942.999976687133
3634,OK,61.500,0.44,15959.700045641512
3635,OK,69.700,0.44,15900.200000032783
3636,OK,62.900,0.44,15841.200016438961
3637,OK,70.200,0.44,15959.89998895675
3638,OK,58.200,0.44,15895.99996805191
3639,OK,56.600,0.44,15897.099976427853
3640,OK,60.400,0.44,15854.500001296401
3641,OK,59.200,0.44,15933.30001924187
3642,OK,58.200,0.44,15930.699999444187
3643,OK,56.100,0.44,15900.900005362928
3644,OK,55.800,0.44,15906.099986750633
3645,OK,63.200,0.44,15902.600018307567
3646,OK,57.700,0.44,15921.19998531416
3647,OK,52.600,0.44,15910.200017970055
3648,OK,62.500,0.44,18840.2000349015
3649,OK,118.200,0.44,12788.899999577552
3650,OK,53.300,0.44,16023.100004531443
3651,OK,58.300,0.44,15903.200022876263
3652,OK,54.600,0.44,15840.200008824468
3653,OK,53.700,0.44,15949.200023896992
3654,OK,55.300,0.44,15850.09996779263
3655,OK,59.400,0.44,15914.599993266165
3656,OK,87.900,0.44,15832.700009923428
3657,OK,69.900,0.44,15969.000000040978
3658,OK,57.700,0.44,15917.699958663434
3659,OK,60.100,0.44,15823.799942154437
3660,OK,78.200,0.44,15848.000010009855
3661,OK,61.500,0.44,15940.300014335662
3662,OK,52.600,0.44,15911.799971945584
3663,OK,55.300,0.44,15910.89996509254
3664,OK,61.900,0.44,15915.800002403557
3665,OK,64.200,0.44,15867.799986153841
3666,OK,49.100,0.44,15878.0999481678
3667,OK,82.100,0.44,15824.100002646446
3668,OK,52.200,0.44,15960.200049448758
3669,OK,53.900,0.44,15909.799956716597
3670,OK,54.900,0.44,15914.499992504716
3671,OK,50.000,0.44,15849.200019147247
3672,OK,53.100,0.44,15988.899976946414
3673,OK,60.600,0.44,15903.799969237298
3674,OK,55.000,0.44,15930.09999487549
3675,OK,48.300,0.44,15921.099984552711
3676,OK,80.900,0.44,15886.500012129545
3677,OK,70.700,0.44,15858.899976592511
3678,OK,71.900,0.44,15957.299969159067
3679,OK,55.900,0.44,15878.000005614012
3680,OK,53.200,0.44,15928.100037854165
3681,OK,62.000,0.44,15805.000031832606
3682,OK,77.000,0.44,15926.800027955323
3683,OK,67.800,0.44,15860.099985729903
3684,OK,50.300,0.44,15942.699974402785
3685,OK,54.900,0.44,15913.599985651672
3686,OK,59.200,0.44,15914.899995550513
3687,OK,54.400,0.44,15883.599990047514
3688,OK,56.600,0.44,15912.699978798628
3689,OK,49.000,0.44,15922.099992167205
3690,OK,56.600,0.44,15925.600018817931
3691,OK,71.600,0.44,15886.400011368096
3692,OK,68.900,0.44,15892.299998085946
3693,OK,56.900,0.44,15913.99998869747
3694,OK,57.000,0.44,15904.300031252205
3695,OK,58.000,0.44,15911.799971945584
3696,OK,52.300,0.44,15896.899974904954
3697,OK,51.800,0.44,15912.49997727573
3698,OK,56.000,0.44,15907.499997410923
3699,OK,56.900,0.44,15926.400024909526
3700,OK,58.400,0.44,15907.299995888025
3701,OK,74.800,0.44,15801.900008227676
3702,OK,55.800,0.44,15924.900013487786
3703,OK,69.200,0.44,15889.100031927228
3704,OK,75.100,0.44,15876.599994953722
3705,OK,53.000,0.44,15935.99998159334
3706,OK,61.100,0.44,15838.499995879829
3707,OK,86.700,0.44,15821.499982848763
3708,OK,81.800,0.44,15935.899980831891
3709,OK,58.400,0.44,15884.39999613911
3710,OK,63.000,0.44,15911.400027107447
3711,OK,67.700,0.44,15886.300010606647
3712,OK,59.000,0.44,15902.20001526177
3713,OK,59.200,0.44,15901.500009931624
3714,OK,52.600,0.44,15864.300017710775
3715,OK,49.000,0.44,15969.200001563877
3716,OK,47.300,0.44,15926.300024148077
3717,OK,49.100,0.44,15915.50000011921
3718,OK,63.200,0.44,15917.600016109645
3719,OK,63.500,0.44,15957.899973727763
3720,OK,55.200,0.44,15879.300015512854
3721,OK,55.100,0.44,15898.700046818703
3722,OK,47.700,0.44,15920.899983029813
3723,OK,48.100,0.44,15915.39999935776
3724,OK,51.900,0.44,15970.800013747066
3725,OK,53.800,0.44,15911.999973468482
3726,OK,52.700,0.44,15899.799996986985
3727,OK,62.100,0.44,15934.200026094913
3728,OK,51.800,0.44,15921.499987598509
3729,OK,59.600,0.44,15866.699977777898
3730,OK,64.400,0.44,15920.199977699667
3731,OK,62.300,0.44,15868.299989961088
3732,OK,60.600,0.44,15929.899993352592
3733,OK,50.300,0.44,15899.599995464087
3734,OK,55.300,0.44,15892.800001893193
3735,OK,49.800,0.44,15916.500007733703
3736,OK,53.400,0.44,15847.400005441159
3737,OK,51.700,0.44,15894.200012553483
3738,OK,56.300,0.44,15967.100043781102
3739,OK,62.400,0.44,15893.600007984787
3740,OK,63.100,0.44,15886.500012129545
3741,OK,52.900,0.44,15912.799979560077
3742,OK,56.000,0.44,15890.09998133406
3743,OK,56.600,0.44,15922.199992928654
3744,OK,67.700,0.44,15899.19999241829
3745,OK,61.800,0.44,15904.99997837469
3746,OK,54.300,0.44,15911.099966615438
3747,OK,60.700,0.44,15879.400016274303
3748,OK,55.300,0.44,15919.400029815733
3749,OK,58.400,0.44,15870.90000975877
3750,OK,61.300,0.44,15947.000007145107
3751,OK,58.700,0.44,15919.89997541532
3752,OK,68.500,0.44,15889.100031927228
3753,OK,55.000,0.44,15838.799998164177
3754,OK,53.300,0.44,15931.200003251433
3755,OK,58.500,0.44,15900.70000384003
3756,OK,62.200,0.44,15920.299978461117
3757,OK,54.800,0.44,15869.39999833703
3758,OK,67.200,0.44,15830.400050617754
3759,OK,54.000,0.44,15955.900016706437
3760,OK,68.200,0.44,15897.69998099655
3761,OK,58.700,0.44,15881.40003150329
3762,OK,67.900,0.44,15924.500010441989
3763,OK,58.200,0.44,15892.800001893193
3764,OK,62.000,0.44,15914.699994027615
3765,OK,59.600,0.44,15874.900040216744
3766,OK,51.500,0.44,15917.299955617636
3767,OK,55.500,0.44,15931.400004774332
3768,OK,59.800,0.44,15904.89997761324
3769,OK,55.000,0.44,15840.400010347366
3770,OK,65.200,0.44,15987.499966286123
3771,OK,70.100,0.44,15883.099986240268
3772,OK,67.700,0.44,15962.80001103878
3773,OK,62.500,0.44,15798.799984622747
3774,OK,70.300,0.44,15900.60000307858
3775,OK,54.600,0.44,15912.700037006289
3776,OK,52.200,0.44,15900.60000307858
3777,OK,60.500,0.44,15946.300001814961
3778,OK,57.400,0.44,15912.000031676143
3779,OK,53.700,0.44,15901.600010693073
3780,OK,57.600,0.44,15945.299994200468
3781,OK,53.700,0.44,15879.999962635338
3782,OK,67.100,0.44,15860.799991060048
3783,OK,74.800,0.44,15879.600017797202
3784,OK,61.800,0.44,15875.099983531982
3785,OK,82.500,0.44,15930.399997159839
3786,OK,71.200,0.44,15900.800004601479
3787,OK,59.900,0.44,15849.799965508282
3788,OK,59.800,0.44,15816.400002222508
3789,OK,57.600,0.44,16026.000026613474
3790,OK,48.200,0.44,15907.699998933822
3791,OK,49.500,0.44,15918.30002143979
3792,OK,55.700,0.44,15848.200011532754
3793,OK,49.300,0.44,16003.599972464144
3794,OK,50.200,0.44,15912.100032437593
3795,OK,58.700,0.44,15931.400004774332
3796,OK,55.400,0.44,15836.700040381402
3797,OK,57.100,0.44,15959.69998743385
3798,OK,70.400,0.44,15870.600007474422
3799,OK,73.000,0.44,15868.699993006885
3800,OK,66.700,0.44,15963.799960445613
3801,OK,53.500,0.44,15961.500001139939
3802,OK,185.100,0.44,15571.500000078231
3803,OK,57.700,0.44,15910.000016447157
3804,OK,57.200,0.44,15877.500001806766
3805,OK,56.300,0.44,15929.199988022447
3806,OK,55.700,0.44,16012.600040994585
3807,OK,55.200,0.44,15747.199999168515
3808,OK,70.900,0.44,15899.19999241829
3809,OK,69.400,0.44,15889.499976765364
3810,OK,62.700,0.44,15959.69998743385
3811,OK,52.300,0.44,15920.900041237473
3812,OK,68.500,0.44,15887.600020505488
3813,OK,72.000,0.44,15851.400035899132
3814,OK,72.000,0.44,15953.699999954551
3815,OK,55.800,0.44,15846.599999349564
3816,OK,57.400,0.44,15955.30001213774
3817,OK,59.500,0.44,15898.699988611042
3818,OK,57.500,0.44,15904.700034298003
3819,OK,55.000,0.44,15901.100006885827
3820,OK,53.300,0.44,15922.999999020249
3821,OK,55.200,0.44,15900.400001555681
3822,OK,52.800,0.44,15965.899976436049
3823,OK,74.700,0.44,15767.29997759685
3824,OK,58.500,0.44,15929.300046991557
3825,OK,50.000,0.44,15961.099998094141
3826,OK,61.900,0.44,15865.700028371066
3827,OK,68.800,0.44,15886.499953921884
3828,OK,54.100,0.44,15947.600011713803
3829,OK,53.000,0.44,15916.400006972253
3830,OK,68.800,0.44,15907.099994365126
3831,OK,53.400,0.44,15878.800011705607
3832,OK,51.800,0.44,15933.700022287667
3833,OK,56.300,0.44,15935.100032947958
3834,OK,77.700,0.44,15804.40002726391
3835,OK,80.700,0.44,15946.300001814961
3836,OK,76.000,0.44,15862.200001720339
3837,OK,56.600,0.44,15901.600010693073
3838,OK,53.600,0.44,15916.100004687905
3839,OK,51.700,0.44,15893.900010269135
3840,OK,70.100,0.44,15924.30000891909
3841,OK,65.000,0.44,15920.099976938218
3842,OK,53.500,0.44,15914.699994027615
3843,OK,54.100,0.44,15880.099963396788
3844,OK,60.500,0.44,15920.499979984015
3845,OK,61.000,0.44,15909.700014162809
3846,OK,53.900,0.44,15919.399971608073
3847,OK,54.100,0.44,15906.799992080778
3848,OK,56.300,0.44,15905.299980659038
3849,OK,63.300,0.44,15897.799981757998
3850,OK,60.600,0.44,15922.8999982588
3851,OK,55.000,0.44,15916.500007733703
3852,OK,77.100,0.44,15823.099995031953
3853,OK,69.000,0.44,15888.299967627972
3854,OK,55.300,0.44,15890.399983618408
3855,OK,85.400,0.44,15907.799999695271
3856,OK,57.900,0.44,15928.999986499548
3857,OK,55.600,0.44,15795.900020748377
3858,OK,69.300,0.44,15968.79999851808
3859,OK,57.100,0.44,15905.599982943386
3860,OK,58.000,0.44,15875.699988100678
3861,OK,57.700,0.44,15950.800036080182
3862,OK,59.600,0.44,15920.300036668777
3863,OK,54.700,0.44,15929.199988022447
3864,OK,53.200,0.44,15837.799990549684
3865,OK,67.000,0.44,15930.399997159839
3866,OK,58.200,0.44,15847.399947233498
3867,OK,55.300,0.44,15977.70000807941
3868,OK,68.300,0.44,15896.199969574809
3869,OK,92.500,0.44,15860.699990298599
3870,OK,72.200,0.44,15802.90001584217
3871,OK,74.200,0.44,15940.60001662001
3872,OK,65.000,0.44,15892.700001131743
3873,OK,62.500,0.44,15897.900040727109
3874,OK,61.700,0.44,15938.99994622916
3875,OK,53.600,0.44,15897.899982519448
3876,OK,66.900,0.44,15902.400016784668
3877,OK,53.000,0.44,15863.900014664978
3878,OK,65.600,0.44,15954.800008330494
3879,OK,55.900,0.44,15867.99998767674
3880,OK,70.700,0.44,15919.500030577183
3881,OK,56.700,0.44,15903.800027444959
3882,OK,72.400,0.44,15934.299968648702
3883,OK,67.600,0.44,15778.700006194413
3884,OK,77.000,0.44,15956.400020513684
3885,OK,92.500,0.44,15858.100028708577
3886,OK,60.300,0.44,15940.200013574213
3887,OK,65.100,0.44,15822.199988178909
3888,OK,55.400,0.44,15905.199979897588
3889,OK,63.300,0.44,15902.500017546117
3890,OK,58.700,0.44,15907.199995126575
3891,OK,59.100,0.44,15905.999985989183
3892,OK,52.400,0.44,15919.90003362298
3893,OK,54.000,0.44,15909.900015685707
3894,OK,57.500,0.44,15901.399950962514
3895,OK,59.800,0.44,15919.200028292835
3896,OK,71.300,0.44,15896.500030066818
3897,OK,57.300,0.44,15913.89998793602
3898,OK,56.200,0.44,15892.199997324497
3899,OK,55.800,0.44,15945.899998769164
3900,OK,57.200,0.44,15964.09996272996
3901,OK,71.100,0.44,15678.499999921769
3902,OK,60.600,0.44,16027.199977543205
3903,OK,63.900,0.44,15807.699994184077
3904,OK,56.200,0.44,15934.4999701716
3905,OK,60.800,0.44,15873.400028795004
3906,OK,69.500,0.44,15903.899969998747
3907,OK,62.300,0.44,15896.400029305369
3908,OK,53.200,0.44,15918.100019916892
3909,OK,67.000,0.44,15874.600037932396
3910,OK,77.100,0.44,15895.200020167977
3911,OK,57.700,0.44,15912.200033199042
3912,OK,50.300,0.44,15921.40004504472
3913,OK,53.000,0.44,15892.800001893193
3914,OK,57.400,0.44,15928.299981169403
3915,OK,51.900,0.44,15908.999950625002
3916,OK,52.500,0.44,15886.200009845197
3917,OK,62.800,0.44,15934.80003066361
3918,OK,61.600,0.44,15893.30000570044
3919,OK,51.500,0.44,15904.99997837469
3920,OK,64.200,0.44,15875.899989623576
3921,OK,52.400,0.44,15914.800052996725
3922,OK,71.500,0.44,15891.299990471452
3923,OK,71.400,0.44,15962.200006470084
3924,OK,54.300,0.44,15864.900022279471
3925,OK,53.600,0.44,15909.50001263991
3926,OK,56.400,0.44,15886.300010606647
3927,OK,55.400,0.44,15897.299977950752
3928,OK,51.600,0.44,15915.50000011921
3929,OK,60.900,0.44,15908.500005025417
3930,OK,55.700,0.44,15947.600011713803
3931,OK,57.900,0.44,15861.099993344396
3932,OK,57.500,0.44,15948.10001552105
3933,OK,57.600,0.44,15864.500019233674
3934,OK,66.700,0.44,15930.800000205636
3935,OK,59.500,0.44,15926.100022625178
3936,OK,73.000,0.44,15862.200001720339
3937,OK,85.200,0.44,15903.000021353364
3938,OK,109.600,0.44,15630.099980626255
3939,OK,90.100,0.44,15885.90000756085
3940,OK,79.100,0.44,15906.899992842227
3941,OK,85.600,0.44,15812.400029972196
3942,OK,72.300,0.44,15843.899978790432
3943,OK,77.400,0.44,15894.500014837831
3944,OK,72.900,0.44,15829.199983272702
3945,OK,66.400,0.44,15899.699996225536
3946,OK,90.200,0.44,15860.099985729903
3947,OK,93.200,0.44,15888.100024312735
3948,OK,71.000,0.44,15872.300020419061
3949,OK,101.100,0.44,15837.699989788234
3950,OK,94.100,0.44,15860.200044699013
3951,OK,81.700,0.44,15886.000008322299
3952,OK,107.500,0.44,15824.000001884997
3953,OK,99.000,0.44,15826.100017875433
3954,OK,86.000,0.44,15902.800019830465
3955,OK,68.700,0.44,15859.799983445555
3956,OK,73.800,0.44,15875.999990385026
3957,OK,88.800,0.44,15896.399971097708
3958,OK,96.900,0.44,15741.300012450665
3959,OK,66.700,0.44,15969.899948686361
3960,OK,95.100,0.44,15855.400008149445
3961,OK,140.500,0.44,15719.200018793344
3962,OK,76.200,0.44,15856.600017286837
3963,OK,115.600,0.44,15792.199992574751
3964,OK,53.900,0.44,15887.800022028387
3965,OK,49.800,0.44,15940.50001585856
3966,OK,70.200,0.44,15896.399971097708
3967,OK,65.400,0.44,15967.300045304
3968,OK,57.700,0.44,15904.000028967857
3969,OK,58.200,0.44,15905.09997913614
3970,OK,54.100,0.44,15907.599998172373
3971,OK,54.600,0.44,15925.199957564473
3972,OK,59.100,0.44,15893.600007984787
3973,OK,54.600,0.44,15917.600016109645
3974,OK,52.300,0.44,15907.199995126575
3975,OK,62.900,0.44,15848.900016862899
3976,OK,89.500,0.44,15846.099995542318
3977,OK,50.100,0.44,15908.900008071214
3978,OK,53.600,0.44,15915.099997073412
3979,OK,58.000,0.44,15948.200016282499
3980,OK,70.100,0.44,15953.599999193102
3981,OK,59.500,0.44,15907.599998172373
3982,OK,60.000,0.44,15882.700041402131
3983,OK,54.700,0.44,15885.400003753603
3984,OK,54.800,0.44,15917.400014586747
3985,OK,52.600,0.44,15930.29999639839
3986,OK,49.200,0.44,15857.300022616982
3987,OK,53.000,0.44,15871.200012043118
3988,OK,46.700,0.44,15982.899989467114
3989,OK,96.600,0.44,15783.699986059219
3990,OK,46.800,0.44,15960.199991241097
3991,OK,68.000,0.44,15915.099997073412
3992,OK,60.700,0.44,15944.599988870323
3993,OK,47.800,0.44,15927.499975077808
3994,OK,52.700,0.44,15867.89998691529
3995,OK,46.900,0.44,15896.09996881336
3996,OK,46.000,0.44,15966.600039973855
3997,OK,49.400,0.44,15906.100044958293
3998,OK,46.900,0.44,15925.200015772134
3999,OK,47.800,0.44,15925.90002110228
4000,OK,50.500,0.44,15921.29998607561
4001,OK,79.800,0.44,16023.300006054342
4002,OK,118.500,0.44,15515.29997959733
4003,OK,57.200,0.44,15959.099982865155
4004,OK,51.400,0.44,15892.800001893193
4005,OK,65.500,0.44,15895.599965006113
4006,OK,63.900,0.44,15956.69996459037
4007,OK,56.800,0.44,15821.699984371662
4008,OK,60.800,0.44,15909.60001340136
4009,OK,60.700,0.44,15894.400014076382
4010,OK,70.600,0.44,15897.80003996566
4011,OK,57.000,0.44,15878.700010944158
4012,OK,69.100,0.44,15880.599967204034
4013,OK,48.700,0.44,15916.500007733703
4014,OK,46.300,0.44,15846.099995542318
4015,OK,57.400,0.44,15993.400011211634
4016,OK,54.900,0.44,15854.199999012053
4017,OK,50.600,0.44,15967.300045304
4018,OK,55.200,0.44,15891.099988948554
4019,OK,47.700,0.44,15935.000032186508
4020,OK,58.200,0.44,15906.199987512082
4021,OK,49.800,0.44,15908.500005025417
4022,OK,49.800,0.44,15888.399968389422
4023,OK,46.800,0.44,15991.099993698299
4024,OK,50.300,0.44,15921.699989121407
4025,OK,57.700,0.44,15929.200046230108
4026,OK,48.800,0.44,15889.000031165779
4027,OK,67.700,0.44,15937.59999377653
4028,OK,51.700,0.44,15925.500018056482
4029,OK,58.100,0.44,15865.500026848167
4030,OK,70.100,0.44,15883.00004368648
4031,OK,53.000,0.44,15924.900013487786
4032,OK,73.000,0.44,15887.20001745969
4033,OK,63.200,0.44,15861.599997151643
4034,OK,75.400,0.44,16017.300018575042
4035,OK,55.100,0.44,15841.1999582313
4036,OK,60.900,0.44,15862.500004004687
4037,OK,54.700,0.44,15997.899987269193
4038,OK,75.100,0.44,15741.200011689216
4039,OK,67.400,0.44,15926.200023386627
4040,OK,81.900,0.44,15890.500042587519
4041,OK,58.500,0.44,15863.60001238063
4042,OK,55.200,0.44,15916.700009256601
4043,OK,56.900,0.44,15898.199984803796
4044,OK,64.700,0.44,15900.200000032783
4045,OK,58.900,0.44,15920.199977699667
4046,OK,71.200,0.44,15886.400011368096
4047,OK,51.300,0.44,15918.39996399358
4048,OK,61.400,0.44,15875.799988862127
4049,OK,81.700,0.44,15889.600035734475
4050,OK,70.800,0.44,15939.20000595972
4051,OK,54.100,0.44,15848.000010009855
4052,OK,58.900,0.44,15928.79998497665
4053,OK,57.000,0.44,15835.899976082146
4054,OK,65.700,0.44,15961.800003424287
4055,OK,55.800,0.44,15908.400004263967
4056,OK,54.200,0.44,15902.400016784668
4057,OK,61.800,0.44,15850.500029046088
4058,OK,65.500,0.44,15970.600012224168
4059,OK,64.900,0.44,15841.100015677512
4060,OK,74.000,0.44,15961.999946739525
4061,OK,65.300,0.44,15817.300009075552
4062,OK,58.500,0.44,15958.899981342256
4063,OK,61.200,0.44,15830.79999545589
4064,OK,80.300,0.44,15860.699990298599
4065,OK,73.800,0.44,15899.20005062595
4066,OK,57.700,0.44,15969.400003086776
4067,OK,58.400,0.44,15898.099984042346
4068,OK,54.800,0.44,15893.30000570044
4069,OK,57.700,0.44,15917.299955617636
4070,OK,64.200,0.44,15875.200042501092
4071,OK,65.500,0.44,15901.200007647276
4072,OK,65.800,0.44,15889.400034211576
4073,OK,55.700,0.44,15916.400006972253
4074,OK,77.500,0.44,15868.499991483986
4075,OK,59.300,0.44,15934.200026094913
4076,OK,62.600,0.44,15885.90000756085
4077,OK,55.000,0.44,15911.699971184134
4078,OK,57.600,0.44,15906.200045719743
4079,OK,56.900,0.44,15922.79999749735
4080,OK,61.900,0.44,15893.500007223338
4081,OK,62.000,0.44,15894.900017883629
4082,OK,60.600,0.44,15911.899972707033
4083,OK,55.000,0.44,15840.700012631714
4084,OK,61.000,0.44,15957.599971443415
4085,OK,56.700,0.44,15933.000016957521
4086,OK,70.500,0.44,15881.700033787638
4087,OK,53.700,0.44,15914.499992504716
4088,OK,54.400,0.44,15898.399986326694
4089,OK,77.800,0.44,15856.000012718141
4090,OK,65.000,0.44,15822.999994270504
4091,OK,55.800,0.44,15945.799998007715
4092,OK,54.300,0.44,15915.800002403557
4093,OK,75.400,0.44,15896.199969574809
4094,OK,53.200,0.44,15910.099959000945
4095,OK,54.300,0.44,15913.099981844425
4096,OK,53.300,0.44,15856.499958317727
4097,OK,59.700,0.44,15879.500017035753
4098,OK,56.100,0.44,15925.899962894619
4099,OK,57.700,0.44,15906.099986750633
4100,OK,72.200,0.44,15853.899996727705
4101,OK,56.000,0.44,15831.700002308935
4102,OK,63.600,0.44,15932.900016196072
4103,OK,60.300,0.44,15896.700031589717
4104,OK,54.200,0.44,15863.200009334832
4105,OK,70.000,0.44,15933.299961034209
4106,OK,56.200,0.44,15907.199995126575
4107,OK,54.100,0.44,15905.799984466285
4108,OK,57.600,0.44,15894.000011030585
4109,OK,68.400,0.44,15883.199987001717
4110,OK,58.400,0.44,15905.899985227734
4111,OK,50.600,0.44,15906.299988273531
4112,OK,55.100,0.44,15913.79998717457
4113,OK,47.000,0.44,15958.19997601211
4114,OK,51.200,0.44,15878.100006375462
4115,OK,50.700,0.44,15876.599994953722
4116,OK,68.500,0.44,15912.999981082976
4117,OK,50.000,0.44,15918.899967800826
4118,OK,51.100,0.44,15917.300013825297
4119,OK,52.100,0.44,15886.000008322299
4120,OK,47.500,0.44,15877.700003329664
4121,OK,74.300,0.44,15892.099996563047
4122,OK,64.200,0.44,15889.899979811162
4123,OK,45.900,0.44,15976.299997419119
4124,OK,49.800,0.44,15939.900011289865
4125,OK,58.900,0.44,15901.599952485412
4126,OK,50.500,0.44,15905.00003658235
4127,OK,51.400,0.44,15911.700029391795
4128,OK,63.700,0.44,15926.299965940416
4129,OK,52.300,0.44,15920.699981506914
4130,OK,54.500,0.44,15907.399996649474
4131,OK,58.000,0.44,15899.799996986985
4132,OK,54.400,0.44,15918.899967800826
4133,OK,53.900,0.44,15855.700010433793
4134,OK,58.700,0.44,15887.599962297827
4135,OK,56.900,0.44,15850.600029807538
4136,OK,54.700,0.44,15978.200011886656
4137,OK,52.200,0.44,16110.89997459203
4138,OK,47.900,0.44,15711.200016085058
4139,OK,47.700,0.44,15896.600030828267
4140,OK,90.100,0.44,15927.600034046918
4141,OK,54.100,0.44,15822.999994270504
4142,OK,82.300,0.44,15941.200021188706
4143,OK,59.000,0.44,15815.99999917671
4144,OK,79.200,0.44,15962.400007992983
4145,OK,52.500,0.44,15890.09998133406
4146,OK,56.200,0.44,15924.20000815764
4147,OK,60.500,0.44,15862.200001720339
4148,OK,58.900,0.44,15844.29998183623
4149,OK,68.900,0.44,15890.799986664206
4150,OK,66.100,0.44,15965.200029313564
4151,OK,50.400,0.44,15913.399984128773
4152,OK,57.800,0.44,15908.10000197962
4153,OK,58.300,0.44,15899.899997748435
4154,OK,67.000,0.44,15895.99996805191
4155,OK,71.300,0.44,15892.900002654642
4156,OK,56.400,0.44,15909.799956716597
4157,OK,54.700,0.44,15908.800007309765
4158,OK,59.900,0.44,15898.099984042346
4159,OK,58.600,0.44,15903.70002668351
4160,OK,55.800,0.44,15894.200012553483
4161,OK,57.900,0.44,15916.700009256601
4162,OK,55.800,0.44,15914.099989458919
4163,OK,59.800,0.44,15903.60002592206
4164,OK,58.500,0.44,15862.500004004687
4165,OK,65.400,0.44,15897.999983280897
4166,OK,66.800,0.44,15895.200020167977
4167,OK,73.100,0.44,15938.700002152473
4168,OK,86.700,0.44,15878.800011705607
4169,OK,53.900,0.44,15860.899991821498
4170,OK,63.800,0.44,15890.599985141307
4171,OK,58.700,0.44,15901.700011454523
4172,OK,60.000,0.44,15935.499977786094
4173,OK,54.900,0.44,15856.800018809736
4174,OK,57.700,0.44,15837.399987503886
4175,OK,69.700,0.44,16011.69997593388
4176,OK,51.300,0.44,15913.500043097883
4177,OK,53.900,0.44,15916.499949526042
4178,OK,60.600,0.44,15777.299995534122
4179,OK,52.400,0.44,16021.699993871152
4180,OK,50.600,0.44,15952.900052070618
4181,OK,75.100,0.44,15901.600010693073
4182,OK,59.500,0.44,15782.900038175285
4183,OK,87.500,0.44,15938.600001391023
4184,OK,56.400,0.44,15887.900022789836
4185,OK,51.900,0.44,15948.500018566847
4186,OK,60.500,0.44,15811.000019311905
4187,OK,53.300,0.44,15991.499996744096
4188,OK,52.500,0.44,15879.000013228506
4189,OK,55.200,0.44,15901.300008408725
4190,OK,58.600,0.44,15909.000008832663
4191,OK,52.600,0.44,15932.799957226962
4192,OK,57.500,0.44,15827.99997413531
4193,OK,54.800,0.44,15984.500001650304
4194,OK,65.000,0.44,15872.300020419061
4195,OK,58.000,0.44,15919.100027531385
4196,OK,69.600,0.44,15918.600023724139
4197,OK,56.300,0.44,15875.499986577779
4198,OK,54.400,0.44,15886.000008322299
4199,OK,55.500,0.44,15921.999991405755
4200,OK,57.900,0.44,15912.599978037179
4201,OK,64.300,0.44,15795.099956449121
4202,OK,52.200,0.44,15924.800012726337
4203,OK,56.200,0.44,15920.600038953125
4204,OK,61.200,0.44,15897.000033874065
4205,OK,55.200,0.44,15866.50003446266
4206,OK,66.500,0.44,15861.099993344396
4207,OK,71.500,0.44,15958.999982103705
4208,OK,64.400,0.44,15853.799995966256
4209,OK,60.800,0.44,15947.600011713803
4210,OK,58.100,0.44,15896.30002854392
4211,OK,58.700,0.44,15912.900038529187
4212,OK,59.000,0.44,15862.200001720339
4213,OK,63.900,0.44,15857.59996669367
4214,OK,74.600,0.44,15928.399981930852
4215,OK,54.600,0.44,15961.099998094141
4216,OK,59.100,0.44,15863.200009334832
4217,OK,56.900,0.44,15851.400035899132
4218,OK,95.900,0.44,15921.999991405755
4219,OK,68.700,0.44,15919.299970846623
4220,OK,59.700,0.44,15889.600035734475
4221,OK,54.500,0.44,15842.500026337802
4222,OK,56.700,0.44,15988.300030585378
4223,OK,67.700,0.44,15885.70000603795
4224,OK,72.300,0.44,15899.599995464087
4225,OK,58.300,0.44,15871.00001052022
4226,OK,57.000,0.44,15917.00001154095
4227,OK,57.700,0.44,15912.899980321527
4228,OK,54.200,0.44,15892.700001131743
4229,OK,57.000,0.44,15928.899985738099
4230,OK,53.400,0.44,15880.600025411695
4231,OK,55.600,0.44,15930.09999487549
4232,OK,53.700,0.44,15904.099971521646
4233,OK,51.600,0.44,15912.599978037179
4234,OK,51.700,0.44,15885.500004515052
4235,OK,55.300,0.44,15916.000003926456
4236,OK,73.100,0.44,15893.30000570044
4237,OK,77.000,0.44,15872.599964495748
4238,OK,78.900,0.44,15883.999993093312
4239,OK,63.400,0.44,15954.500006046146
4240,OK,69.200,0.44,15939.500008244067
4241,OK,57.200,0.44,15836.299979127944
4242,OK,77.200,0.44,15837.499988265336
4243,OK,77.600,0.44,15927.09997203201
4244,OK,54.200,0.44,15808.900003321469
4245,OK,60.800,0.44,15923.700004350394
4246,OK,53.700,0.44,15940.099954605103
4247,OK,70.900,0.44,15880.399965681136
4248,OK,72.200,0.44,15915.600000880659
4249,OK,52.800,0.44,15871.600015088916
4250,OK,70.300,0.44,15897.899982519448
4251,OK,74.900,0.44,15905.799984466285
4252,OK,50.800,0.44,15872.60002270341
4253,OK,64.000,0.44,15885.200002230704
4254,OK,70.300,0.44,15843.099972698838
4255,OK,54.200,0.44,15911.899972707033
4256,OK,65.300,0.44,15914.699994027615
4257,OK,64.600,0.44,15950.500033795834
4258,OK,69.700,0.44,15875.199984293431
4259,OK,79.000,0.44,15844.699984882027
4260,OK,67.800,0.44,16041.200025938451
4261,OK,138.200,0.44,15591.800038237125
4262,OK,51.300,0.44,15949.900029227138
4263,OK,82.700,0.44,15895.100019406527
4264,OK,64.600,0.44,15897.60003844276
4265,OK,53.500,0.44,15937.49999301508
4266,OK,59.400,0.44,15816.500002983958
4267,OK,60.300,0.44,15879.599959589541
4268,OK,68.600,0.44,15923.500002827495
4269,OK,61.200,0.44,15911.800030153245
4270,OK,69.900,0.44,15848.400013055652
4271,OK,56.800,0.44,15922.099992167205
4272,OK,57.700,0.44,15889.900038018823
4273,OK,55.600,0.44,15910.399961285293
4274,OK,62.600,0.44,15898.400044534355
4275,OK,60.300,0.44,15920.999983791262
4276,OK,59.900,0.44,15897.200035396963
4277,OK,55.700,0.44,15900.70000384003
4278,OK,90.700,0.44,15841.999964322895
4279,OK,68.600,0.44,15884.599997662008
4280,OK,77.100,0.44,15900.799946393818
4281,OK,54.900,0.44,15913.099981844425
4282,OK,58.700,0.44,15951.799985487014
4283,OK,55.300,0.44,15865.099965594709
4284,OK,57.500,0.44,15946.900006383657
4285,OK,55.700,0.44,15845.599991735071
4286,OK,55.200,0.44,15922.80005570501
4287,OK,53.700,0.44,15925.400017295033
4288,OK,55.400,0.44,15880.500024650246
4289,OK,60.300,0.44,15939.20000595972
4290,OK,56.200,0.44,15903.70002668351
4291,OK,67.500,0.44,15866.300032939762
4292,OK,119.400,0.44,15857.400023378432
4293,OK,62.100,0.44,15917.400014586747
4294,OK,61.500,0.44,15840.300009585917
4295,OK,66.200,0.44,15973.900037351996
4296,OK,54.200,0.44,15905.900043435395
4297,OK,56.100,0.44,15907.300054095685
4298,OK,54.400,0.44,15939.300006721169
4299,OK,60.300,0.44,15874.400036409497
4300,OK,53.500,0.44,15942.299971356988
4301,OK,80.100,0.44,15749.100013636053
4302,OK,58.400,0.44,15950.500033795834
4303,OK,52.600,0.44,15934.999973978847
4304,OK,78.200,0.44,15875.29998505488
4305,OK,67.400,0.44,15895.299962721765
4306,OK,60.300,0.44,15897.199977189302
4307,OK,69.500,0.44,15882.399980910122
4308,OK,67.000,0.44,15792.4999948591
4309,OK,62.100,0.44,15962.90001180023
4310,OK,56.500,0.44,15820.100030396134
4311,OK,84.500,0.44,15975.799993611872
4312,OK,55.900,0.44,15899.19999241829
4313,OK,57.900,0.44,15843.699977267534
4314,OK,55.200,0.44,15920.999983791262
4315,OK,52.200,0.44,15919.199970085174
4316,OK,50.100,0.44,15876.399993430823
4317,OK,48.300,0.44,15942.300029564649
4318,OK,65.300,0.44,15820.60003420338
4319,OK,55.000,0.44,15968.399995472282
4320,OK,111.200,0.44,15911.799971945584
4321,OK,58.500,0.44,15885.8000067994
4322,OK,59.500,0.44,15909.800014924258
4323,OK,55.300,0.44,15917.200013063848
4324,OK,59.200,0.44,15878.800011705607
4325,OK,57.500,0.44,15908.00000121817
4326,OK,54.400,0.44,15873.000025749207
4327,OK,54.900,0.44,15900.300000794232
4328,OK,52.900,0.44,15971.80002136156
4329,OK,57.600,0.44,15892.499999608845
4330,OK,68.700,0.44,15909.599955193698
4331,OK,60.900,0.44,15857.300022616982
4332,OK,53.700,0.44,15943.099977448583
4333,OK,65.000,0.44,15867.99998767674
4334,OK,69.300,0.44,15971.599961631
4335,OK,57.100,0.44,15901.600010693073
4336,OK,66.700,0.44,15847.400005441159
4337,OK,60.000,0.44,15874.599979724735
4338,OK,61.600,0.44,15987.600025255233
4339,OK,56.900,0.44,15894.49995663017
4340,OK,53.300,0.44,15885.500004515052
4341,OK,61.500,0.44,15896.799974143505
4342,OK,59.100,0.44,15920.199977699667
4343,OK,59.500,0.44,15874.799981247634
4344,OK,57.800,0.44,15865.300025325269
4345,OK,90.900,0.44,15825.799957383424
4346,OK,53.300,0.44,15980.999974999577
4347,OK,68.400,0.44,15895.899967290461
4348,OK,67.900,0.44,15900.900005362928
4349,OK,49.300,0.44,15876.299992669374
4350,OK,53.100,0.44,15925.59996061027
4351,OK,57.200,0.44,15902.300016023219
4352,OK,57.600,0.44,15877.400001045316
4353,OK,59.800,0.44,15907.299995888025
4354,OK,63.300,0.44,15848.200011532754
4355,OK,57.600,0.44,15922.6999967359
4356,OK,56.100,0.44,15969.200001563877
4357,OK,86.600,0.44,15850.399970076978
4358,OK,60.000,0.44,15867.89998691529
4359,OK,63.200,0.44,15917.00001154095
4360,OK,81.400,0.44,15889.199974481016
4361,OK,87.300,0.44,15870.000002905726
4362,OK,66.300,0.44,15924.900013487786
4363,OK,52.500,0.44,15928.300039377064
4364,OK,66.800,0.44,15874.699980486184
4365,OK,48.000,0.44,15870.300005190074
4366,OK,50.800,0.44,15937.69999453798
4367,OK,57.700,0.44,15946.200001053512
4368,OK,59.400,0.44,15969.900006894022
4369,OK,66.000,0.44,15773.800027091056
4370,OK,74.200,0.44,15900.099999271333
4371,OK,63.500,0.44,16019.699978642166
4372,OK,80.000,0.44,15780.300018377602
4373,OK,72.700,0.44,15907.799999695271
4374,OK,55.300,0.44,15874.099975917488
4375,OK,52.600,0.44,15906.199987512082
4376,OK,54.200,0.44,15881.30003074184
4377,OK,65.300,0.44,15920.599980745465
4378,OK,58.200,0.44,15912.200033199042
4379,OK,64.900,0.44,15885.500004515052
4380,OK,55.900,0.44,15910.200017970055
4381,OK,56.500,0.44,15927.19997279346
4382,OK,60.600,0.44,15910.9000233002
4383,OK,63.300,0.44,15854.800003580749
4384,OK,63.800,0.44,15867.399983108044
4385,OK,61.000,0.44,15914.999996311963
4386,OK,60.000,0.44,15906.59999055788
4387,OK,55.800,0.44,15911.900030914694
4388,OK,74.100,0.44,15857.60002490133
4389,OK,60.000,0.44,15942.399972118437
4390,OK,55.300,0.44,15911.200025584549
4391,OK,66.100,0.44,15904.100029729307
4392,OK,49.600,0.44,15918.100019916892
4393,OK,50.400,0.44,15922.599995974451
4394,OK,52.700,0.44,15925.000014249235
4395,OK,53.700,0.44,15869.49999909848
4396,OK,57.000,0.44,15892.399998847395
4397,OK,52.600,0.44,15950.200031511486
4398,OK,55.100,0.44,15914.699994027615
4399,OK,52.100,0.44,15909.800014924258
4400,OK,51.700,0.44,15948.899963404983
4401,OK,56.400,0.44,16009.799961466342
4402,OK,187.000,0.44,15514.200029429048
4403,OK,71.100,0.44,15952.39999005571
4404,OK,56.700,0.44,15876.499994192272
4405,OK,52.600,0.44,15941.600024234504
4406,OK,66.200,0.44,15879.200014751405
4407,OK,58.400,0.44,15923.800005111843
4408,OK,49.500,0.44,15911.00002406165
4409,OK,59.500,0.44,15899.299993179739
4410,OK,53.400,0.44,15933.000016957521
4411,OK,53.700,0.44,15925.90002110228
4412,OK,73.500,0.44,15877.400001045316
4413,OK,67.700,0.44,15859.999984968454
4414,OK,66.800,0.44,15919.79997465387
4415,OK,56.400,0.44,15920.499979984015
4416,OK,56.500,0.44,15872.2999622114
4417,OK,62.600,0.44,15883.999993093312
4418,OK,58.300,0.44,15887.800022028387
4419,OK,55.100,0.44,15891.199989710003
4420,OK,49.300,0.44,15914.899995550513
4421,OK,58.700,0.44,15920.199977699667
4422,OK,51.500,0.44,15903.200022876263
4423,OK,64.600,0.44,15868.499991483986
4424,OK,52.400,0.44,15943.400037940592
4425,OK,60.000,0.44,15912.60003624484
4426,OK,52.700,0.44,15919.999976176769
4427,OK,51.800,0.44,15897.80003996566
4428,OK,54.200,0.44,15923.200000543147
4429,OK,60.300,0.44,15903.200022876263
4430,OK,62.300,0.44,15925.199957564473
4431,OK,55.600,0.44,15858.299972023815
4432,OK,53.300,0.44,15950.199973303825
4433,OK,60.500,0.44,15901.000006124377
4434,OK,55.300,0.44,15886.900015175343
4435,OK,61.300,0.44,15868.099988438189
4436,OK,52.100,0.44,15968.69999775663
4437,OK,59.000,0.44,15862.800006289035
4438,OK,56.400,0.44,15919.499972369522
4439,OK,63.300,0.44,15900.60000307858
4440,OK,59.900,0.44,15915.700001642108
4441,OK,59.900,0.44,15950.500033795834
4442,OK,73.200,0.44,15885.100001469254
4443,OK,58.000,0.44,15894.100011792034
4444,OK,62.900,0.44,15943.000034894794
4445,OK,59.900,0.44,15840.900014154613
4446,OK,53.300,0.44,15892.499999608845
4447,OK,77.600,0.44,15819.900028873235
4448,OK,53.300,0.44,15944.900049362332
4449,OK,54.700,0.44,15913.100040052086
4450,OK,53.600,0.44,15914.600051473826
4451,OK,51.800,0.44,15905.999985989183
4452,OK,59.900,0.44,15872.499963734299
4453,OK,55.800,0.44,15952.199988532811
4454,OK,56.300,0.44,15937.199990730733
4455,OK,65.400,0.44,15888.899972196668
4456,OK,61.500,0.44,15916.100004687905
4457,OK,51.200,0.44,15919.999976176769
4458,OK,51.500,0.44,15892.499999608845
4459,OK,56.500,0.44,15908.700006548315
4460,OK,65.700,0.44,15901.600010693073
4461,OK,52.800,0.44,15891.499991994351
4462,OK,71.900,0.44,15908.799949102104
4463,OK,55.500,0.44,15947.599953506142
4464,OK,66.300,0.44,15855.800011195242
4465,OK,53.200,0.44,15909.699955955148
4466,OK,62.500,0.44,15867.699985392392
4467,OK,69.100,0.44,15902.599960099906
4468,OK,52.300,0.44,15935.599978547543
4469,OK,77.800,0.44,15866.39997549355
4470,OK,80.100,0.44,15947.700012475252
4471,OK,62.400,0.44,15806.600044015795
4472,OK,81.400,0.44,15834.400022868067
4473,OK,56.600,0.44,15929.999994114041
4474,OK,54.600,0.44,15885.400003753603
4475,OK,53.100,0.44,15938.600001391023
4476,OK,48.300,0.44,15898.800047580153
4477,OK,52.500,0.44,15947.300009429455
4478,OK,52.400,0.44,15899.09999165684
4479,OK,62.000,0.44,15926.900028716773
4480,OK,53.100,0.44,15886.900015175343
4481,OK,55.600,0.44,15904.500032775104
4482,OK,55.000,0.44,15891.69999351725
4483,OK,67.900,0.44,15899.899997748435
4484,OK,68.800,0.44,15893.700008746237
4485,OK,59.200,0.44,15918.19996247068
4486,OK,56.500,0.44,15901.000006124377
4487,OK,56.700,0.44,15871.10001128167
4488,OK,48.800,0.44,15952.400048263371
4489,OK,56.100,0.44,15903.5999677144
4490,OK,58.300,0.44,15942.09996983409
4491,OK,50.000,0.44,15911.299968138337
4492,OK,51.100,0.44,15919.299970846623
4493,OK,48.400,0.44,15916.499949526042
4494,OK,53.900,0.44,15916.80001001805
4495,OK,52.400,0.44,15916.200005449355
4496,OK,49.200,0.44,15889.100031927228
4497,OK,68.900,0.44,15913.400042336434
4498,OK,63.200,0.44,15873.599972110242
4499,OK,52.700,0.44,15905.09997913614
4500,OK,53.500,0.44,15916.100004687905
4501,OK,96.400,0.44,15776.899992488325
4502,OK,50.000,0.44,15962.499950546771
4503,OK,49.500,0.44,15865.10002380237
4504,OK,51.000,0.44,15977.49994834885
4505,OK,59.500,0.44,15849.099960178137
4506,OK,53.700,0.44,15988.900035154074
4507,OK,50.800,0.44,15852.799988351762
4508,OK,54.500,0.44,15924.100007396191
4509,OK,58.800,0.44,15890.799986664206
4510,OK,73.000,0.44,15919.700032100081
4511,OK,57.900,0.44,15895.399963483214
4512,OK,66.400,0.44,15886.899956967682
4513,OK,80.700,0.44,15860.099985729903
4514,OK,54.300,0.44,15939.800010528415
4515,OK,52.200,0.44,15916.200005449355
4516,OK,59.000,0.44,15888.999972958118
4517,OK,58.900,0.44,15916.400006972253
4518,OK,55.600,0.44,15917.799959424883
4519,OK,54.100,0.44,15898.899990133941
4520,OK,58.100,0.44,15875.499986577779
4521,OK,58.600,0.44,15955.600014422089
4522,OK,52.700,0.44,15865.20002456382
4523,OK,76.000,0.44,15919.000026769936
4524,OK,68.600,0.44,15933.700022287667
4525,OK,57.900,0.44,15874.200034886599
4526,OK,53.700,0.44,15912.900038529187
4527,OK,57.400,0.44,15907.699998933822
4528,OK,54.700,0.44,15903.099963907152
4529,OK,52.800,0.44,15906.099986750633
4530,OK,53.000,0.44,15931.300004012883
4531,OK,53.300,0.44,15900.70000384003
4532,OK,54.000,0.44,15899.09999165684
4533,OK,53.900,0.44,16111.799981445074
4534,OK,108.000,0.44,15598.200028762221
4535,OK,52.400,0.44,15909.100009594113
4536,OK,69.100,0.44,15861.099993344396
4537,OK,56.500,0.44,15939.00000443682
4538,OK,70.500,0.44,15896.09996881336
4539,OK,65.500,0.44,15858.099970500916
4540,OK,69.000,0.44,15829.999989364296
4541,OK,85.200,0.44,15987.699967809021
4542,OK,58.500,0.44,15847.400005441159
4543,OK,74.700,0.44,15889.500034973025
4544,OK,58.900,0.44,15890.999988187104
4545,OK,66.200,0.44,15942.499972879887
4546,OK,61.100,0.44,15888.100024312735
4547,OK,53.900,0.44,15870.599949266762
4548,OK,70.400,0.44,15842.899971175939
4549,OK,67.900,0.44,15910.89996509254
4550,OK,55.500,0.44,15968.499996233732
4551,OK,69.500,0.44,15904.799976851791
4552,OK,57.800,0.44,15860.500046983361
4553,OK,58.200,0.44,15870.300005190074
4554,OK,56.500,0.44,15914.900053758174
4555,OK,53.100,0.44,15912.999981082976
4556,OK,49.900,0.44,15909.50001263991
4557,OK,48.700,0.44,15906.49998979643
4558,OK,67.100,0.44,15924.800012726337
4559,OK,51.500,0.44,15900.800004601479
4560,OK,57.100,0.44,15859.399980399758
4561,OK,53.200,0.44,15915.600000880659
4562,OK,57.900,0.44,15931.799949612468
4563,OK,54.800,0.44,15880.600025411695
4564,OK,61.500,0.44,15913.89998793602
4565,OK,56.600,0.44,15906.899992842227
4566,OK,75.700,0.44,15881.499974057078
4567,OK,74.600,0.44,15931.500005535781
4568,OK,53.100,0.44,15856.900019571185
4569,OK,54.000,0.44,15935.900039039552
4570,OK,50.100,0.44,15877.700003329664
4571,OK,57.500,0.44,15954.299946315587
4572,OK,54.700,0.44,15926.499967463315
4573,OK,67.600,0.44,15825.10001026094
4574,OK,85.800,0.44,15897.399978712201
4575,OK,109.100,0.44,15891.400049440563
4576,OK,137.000,0.44,15692.899993155152
4577,OK,53.900,0.44,15935.500035993755
4578,OK,52.100,0.44,15926.199965178967
4579,OK,67.200,0.44,15881.19997177273
4580,OK,72.500,0.44,15953.499998431653
4581,OK,56.500,0.44,15905.1000373438
4582,OK,57.200,0.44,15880.899969488382
4583,OK,58.000,0.44,15879.000013228506
4584,OK,60.400,0.44,15938.199998345226
4585,OK,52.200,0.44,15965.90003464371
4586,OK,60.600,0.44,15847.500006202608
4587,OK,58.200,0.44,15861.299994867295
4588,OK,51.300,0.44,15971.69996239245
4589,OK,50.700,0.44,15902.099956292659
4590,OK,56.300,0.44,15909.700014162809
4591,OK,57.100,0.44,15942.0000272803
4592,OK,62.600,0.44,15860.999992582947
4593,OK,52.200,0.44,15997.200040146708
4594,OK,58.900,0.44,15889.599977526814
4595,OK,52.900,0.44,15852.299984544516
4596,OK,52.300,0.44,15963.000012561679
4597,OK,58.000,0.44,15845.399990212172
4598,OK,55.500,0.44,15888.500027358532
4599,OK,54.700,0.44,15939.700009766966
4600,OK,56.400,0.44,15924.40000968054
4601,OK,58.300,0.44,15861.399995628744
4602,OK,53.800,0.44,15876.599994953722
4603,OK,65.100,0.44,15897.099976427853
4604,OK,54.200,0.44,15896.400029305369
4605,OK,72.700,0.44,15875.699988100678
4606,OK,69.900,0.44,15906.49998979643
4607,OK,65.800,0.44,15941.400022711605
4608,OK,55.700,0.44,15901.200007647276
4609,OK,52.500,0.44,15712.200023699552
4610,OK,51.200,0.44,15853.19999139756
4611,OK,68.900,0.44,15967.19998633489
4612,OK,56.400,0.44,15907.699998933822
4613,OK,58.400,0.44,15884.29999537766
4614,OK,57.600,0.44,15925.100015010685
4615,OK,61.500,0.44,15882.600040640682
4616,OK,67.200,0.44,15937.899996060878
4617,OK,56.300,0.44,15908.200002741069
4618,OK,54.300,0.44,15877.099998760968
4619,OK,57.500,0.44,15962.000004947186
4620,OK,71.700,0.44,15846.900001633912
4621,OK,87.000,0.44,15924.30000891909
4622,OK,55.600,0.44,15898.499987088144
4623,OK,55.400,0.44,15908.900008071214
4624,OK,55.700,0.44,15884.29999537766
4625,OK,58.500,0.44,15916.100004687905
4626,OK,57.300,0.44,15876.99999799952
4627,OK,62.900,0.44,15917.00001154095
4628,OK,54.700,0.44,15908.00000121817
4629,OK,57.000,0.44,15933.800023049116
4630,OK,54.300,0.44,15874.899982009083
4631,OK,54.300,0.44,15938.199998345226
4632,OK,69.800,0.44,15896.09996881336
4633,OK,67.900,0.44,15906.50004800409
4634,OK,53.800,0.44,15909.899957478046
4635,OK,80.600,0.44,15894.199954345822
4636,OK,56.600,0.44,15888.200025074184
4637,OK,57.400,0.44,15928.000037092716
4638,OK,58.400,0.44,15872.999967541546
4639,OK,58.000,0.44,15915.900003165007
4640,OK,56.800,0.44,15892.399998847395
4641,OK,52.700,0.44,15918.100019916892
4642,OK,50.500,0.44,15890.100039541721
4643,OK,48.400,0.44,15909.60001340136
4644,OK,57.900,0.44,15960.999997332692
4645,OK,48.500,0.44,15922.500053420663
4646,OK,66.700,0.44,15882.500039879233
4647,OK,69.500,0.44,15853.09999063611
4648,OK,72.000,0.44,15898.899990133941
4649,OK,57.700,0.44,15830.699994694442
4650,OK,93.000,0.44,15870.000002905726
4651,OK,65.600,0.44,15887.800022028387
4652,OK,56.800,0.44,15938.500000629574
4653,OK,62.000,0.44,15871.400013566017
4654,OK,66.300,0.44,15898.700046818703
4655,OK,53.000,0.44,15899.600053671747
4656,OK,56.100,0.44,15911.699971184134
4657,OK,59.500,0.44,15876.399993430823
4658,OK,70.200,0.44,15926.200023386627
4659,OK,62.600,0.44,15899.799996986985
4660,OK,51.800,0.44,15906.49998979643
4661,OK,55.300,0.44,15836.199978366494
4662,OK,55.700,0.44,15988.200029823929
4663,OK,67.600,0.44,15975.400048773736
4664,OK,57.900,0.44,15915.900003165007
4665,OK,58.600,0.44,15780.000016093254
4666,OK,51.000,0.44,15980.300027877092
4667,OK,56.800,0.44,16008.000005967915
4668,OK,63.700,0.44,15800.900000613183
4669,OK,56.600,0.44,15848.200011532754
4670,OK,52.900,0.44,15952.199988532811
4671,OK,56.600,0.44,15925.899962894619
4672,OK,49.700,0.44,15861.599997151643
4673,OK,51.100,0.44,15907.599998172373
4674,OK,53.900,0.44,15930.399997159839
4675,OK,85.200,0.44,15885.099943261594
4676,OK,89.500,0.44,15772.200014907867
4677,OK,87.500,0.44,15990.599989891052
4678,OK,90.500,0.44,15843.100030906498
4679,OK,52.800,0.44,15878.200007136911
4680,OK,63.900,0.44,15950.000029988587
4681,OK,60.600,0.44,15844.19998107478
4682,OK,59.500,0.44,15904.900035820901
4683,OK,50.800,0.44,15915.099997073412
4684,OK,47.400,0.44,15932.000009343028
4685,OK,52.800,0.44,15916.000003926456
4686,OK,53.500,0.44,15902.799961622804
4687,OK,54.100,0.44,15918.39996399358
4688,OK,68.100,0.44,15883.099986240268
4689,OK,106.200,0.44,15853.000048082322
4690,OK,63.000,0.44,15901.300008408725
4691,OK,54.600,0.44,15893.700008746237
4692,OK,54.400,0.44,15947.500010952353
4693,OK,73.600,0.44,15842.500026337802
4694,OK,56.000,0.44,15903.900028206408
4695,OK,53.500,0.44,15920.399979222566
4696,OK,54.900,0.44,15917.300013825297
4697,OK,53.600,0.44,15876.299992669374
4698,OK,56.100,0.44,15921.799989882857
4699,OK,52.200,0.44,15913.499984890223
4700,OK,66.900,0.44,15907.90000045672
4701,OK,66.500,0.44,15773.900027852505
4702,OK,61.000,0.44,15759.100031573325
4703,OK,58.300,0.44,15948.0000147596
4704,OK,68.400,0.44,15881.999977864325
4705,OK,53.500,0.44,15911.800030153245
4706,OK,61.100,0.44,15938.399999868125
4707,OK,55.400,0.44,15921.599988359958
4708,OK,59.400,0.44,15852.599986828864
4709,OK,60.000,0.44,15899.799996986985
4710,OK,61.300,0.44,15905.300038866699
4711,OK,53.200,0.44,15913.200040813535
4712,OK,56.800,0.44,15944.199985824525
4713,OK,53.300,0.44,15863.000007811934
4714,OK,66.300,0.44,15897.200035396963
4715,OK,63.600,0.44,15908.900008071214
4716,OK,57.400,0.44,15908.800007309765
4717,OK,83.800,0.44,15879.300015512854
4718,OK,81.400,0.44,15919.300029054284
4719,OK,51.200,0.44,15897.099976427853
4720,OK,58.100,0.44,15902.800019830465
4721,OK,55.200,0.44,15916.100004687905
4722,OK,56.600,0.44,15897.300036158413
4723,OK,51.200,0.44,15919.200028292835
4724,OK,55.500,0.44,15908.600005786866
4725,OK,55.700,0.44,15907.699998933822
4726,OK,51.900,0.44,15911.400027107447
4727,OK,56.300,0.44,15914.699994027615
4728,OK,101.000,0.44,15890.000038780272
4729,OK,88.400,0.44,15763.699950184673
4730,OK,91.800,0.44,15874.899982009083
4731,OK,62.900,0.44,15841.40001796186
4732,OK,57.200,0.44,15936.699986923486
4733,OK,76.500,0.44,15868.099988438189
4734,OK,78.800,0.44,15934.400027617812
4735,OK,57.400,0.44,15812.000026926398
4736,OK,58.800,0.44,15973.800036590546
4737,OK,52.000,0.44,15905.799984466285
4738,OK,83.600,0.44,15838.799998164177
4739,OK,51.900,0.44,15833.200013730675
4740,OK,50.200,0.44,15986.100013833493
4741,OK,59.400,0.44,15971.399960108101
4742,OK,80.100,0.44,15887.499961536378
4743,OK,77.300,0.44,15799.89999299869
4744,OK,52.400,0.44,15989.60004048422
4745,OK,54.100,0.44,15843.400033190846
4746,OK,62.800,0.44,15935.599978547543
4747,OK,51.100,0.44,15905.599982943386
4748,OK,47.900,0.44,15928.6999842152
4749,OK,53.500,0.44,15922.499995213002
4750,OK,52.900,0.44,15871.300012804568
4751,OK,56.200,0.44,15888.400026597083
4752,OK,65.500,0.44,15892.299998085946
4753,OK,60.300,0.44,15860.699990298599
4754,OK,51.100,0.44,15973.000030498952
4755,OK,53.400,0.44,15952.899993862957
4756,OK,58.800,0.44,15876.99999799952
4757,OK,60.700,0.44,15902.400016784668
4758,OK,76.100,0.44,15882.499981671572
4759,OK,71.900,0.44,15894.299955107272
4760,OK,49.700,0.44,15926.700027193874
4761,OK,54.400,0.44,15892.399998847395
4762,OK,58.500,0.44,15920.200035907328
4763,OK,57.000,0.44,15969.400003086776
4764,OK,64.300,0.44,15836.000035051256
4765,OK,54.400,0.44,15943.200036417693
4766,OK,56.100,0.44,15807.999996468425
4767,OK,59.300,0.44,15917.800017632544
4768,OK,50.400,0.44,15918.50002296269
4769,OK,49.500,0.44,15879.90002008155
4770,OK,50.900,0.44,15945.699997246265
4771,OK,70.300,0.44,15868.999995291233
4772,OK,63.700,0.44,15904.99997837469
4773,OK,56.600,0.44,15960.999997332692
4774,OK,60.700,0.44,15781.700029037893
4775,OK,57.000,0.44,15997.699985746294
4776,OK,51.800,0.44,15897.300036158413
4777,OK,81.200,0.44,15840.300009585917
4778,OK,66.100,0.44,15876.300050877035
4779,OK,57.200,0.44,15949.49996797368
4780,OK,79.000,0.44,15866.200032178313
4781,OK,74.700,0.44,15915.29999859631
4782,OK,52.800,0.44,15811.199962627143
4783,OK,50.400,0.44,15954.200003761798
4784,OK,71.200,0.44,15903.200022876263
4785,OK,80.700,0.44,15869.299997575581
4786,OK,70.600,0.44,15876.90005544573
4787,OK,71.800,0.44,15908.700006548315
4788,OK,55.400,0.44,15904.799976851791
4789,OK,51.300,0.44,15947.399951983243
4790,OK,53.100,0.44,15875.50004478544
4791,OK,52.600,0.44,15936.2000413239
4792,OK,66.300,0.44,15887.599962297827
4793,OK,54.100,0.44,15897.100034635514
4794,OK,55.600,0.44,15902.899962384254
4795,OK,71.100,0.44,15899.399993941188
4796,OK,53.000,0.44,15909.700014162809
4797,OK,52.600,0.44,15915.50000011921
4798,OK,68.400,0.44,15924.30000891909
4799,OK,55.200,0.44,15896.299970336258
4800,OK,54.200,0.44,15912.799979560077
4801,OK,59.800,0.44,15788.300021085888
4802,OK,71.100,0.44,15872.899966780096
4803,OK,73.300,0.44,15898.799989372492
4804,OK,79.800,0.44,15824.600006453693
4805,OK,73.900,0.44,15976.09999589622
4806,OK,60.700,0.44,15893.900010269135
4807,OK,73.800,0.44,15840.500011108816
4808,OK,59.800,0.44,15937.799995299429
4809,OK,55.500,0.44,15922.000049613416
4810,OK,49.700,0.44,15872.50002194196
4811,OK,71.900,0.44,15896.000026259571
4812,OK,61.300,0.44,15905.00003658235
4813,OK,77.200,0.44,15881.50003226474
4814,OK,75.800,0.44,15924.500010441989
4815,OK,73.000,0.44,15894.70001636073
4816,OK,54.400,0.44,15865.300025325269
4817,OK,49.200,0.44,15939.900011289865
4818,OK,62.500,0.44,15929.799992591143
4819,OK,50.500,0.44,15868.599992245436
4820,OK,51.700,0.44,15936.19998311624
4821,OK,57.400,0.44,15884.799999184906
4822,OK,55.300,0.44,15942.600031848997
4823,OK,55.800,0.44,15900.900005362928
4824,OK,59.100,0.44,15910.500020254403
4825,OK,64.800,0.44,15902.600018307567
4826,OK,65.800,0.44,15909.60001340136
4827,OK,51.600,0.44,15973.899979144335
4828,OK,61.000,0.44,15836.69998217374
4829,OK,56.100,0.44,15900.900005362928
4830,OK,58.900,0.44,15951.499983202666
4831,OK,72.200,0.44,15838.699997402728
4832,OK,56.800,0.44,15913.89998793602
4833,OK,59.100,0.44,16059.899993706495
4834,OK,55.500,0.44,15662.499994505197
4835,OK,62.000,0.44,15914.299990981817
4836,OK,59.600,0.44,15913.200040813535
4837,OK,57.900,0.44,15933.900023810565
4838,OK,59.000,0.44,15880.500024650246
4839,OK,73.800,0.44,15889.499976765364
4840,OK,68.900,0.44,15879.500017035753
4841,OK,70.900,0.44,15890.29998285696
4842,OK,53.000,0.44,15911.1000248231
4843,OK,62.100,0.44,15897.899982519448
4844,OK,59.600,0.44,15902.299957815558
4845,OK,57.800,0.44,15922.599995974451
4846,OK,56.200,0.44,15898.600046057254
4847,OK,61.700,0.44,15894.60001559928
4848,OK,52.400,0.44,15851.600037422031
4849,OK,72.100,0.44,15969.500003848225
4850,OK,52.000,0.44,15917.499957140535
4851,OK,55.500,0.44,15911.899972707033
4852,OK,69.900,0.44,15832.499950192869
4853,OK,54.100,0.44,15954.100003000349
4854,OK,81.700,0.44,15833.599958568811
4855,OK,83.500,0.44,15854.099998250604
4856,OK,87.100,0.44,15879.300015512854
4857,OK,57.200,0.44,15932.100010104477
4858,OK,59.700,0.44,15875.699988100678
4859,OK,59.000,0.44,15947.300009429455
4860,OK,58.000,0.44,15898.299985565245
4861,OK,52.500,0.44,15951.099980156869
4862,OK,56.100,0.44,15857.199963647872
4863,OK,48.900,0.44,15961.700002662838
4864,OK,50.800,0.44,15920.200035907328
4865,OK,62.700,0.44,15862.900007050484
4866,OK,75.600,0.44,15882.400039117783
4867,OK,68.000,0.44,15883.499989286065
4868,OK,71.300,0.44,15897.200035396963
4869,OK,54.600,0.44,15925.500018056482
4870,OK,58.900,0.44,15877.700003329664
4871,OK,66.500,0.44,15901.199949439615
4872,OK,53.400,0.44,15902.899962384254
4873,OK,58.400,0.44,15932.400012388825
4874,OK,50.200,0.44,15909.40001187846
4875,OK,61.200,0.44,15914.10004766658
4876,OK,54.400,0.44,15922.199992928654
4877,OK,58.900,0.44,15854.500001296401
4878,OK,55.000,0.44,15928.999986499548
4879,OK,56.600,0.44,15985.600010026246
4880,OK,85.100,0.44,15790.699981153011
4881,OK,89.300,0.44,16026.599972974509
4882,OK,75.500,0.44,15819.900028873235
4883,OK,56.900,0.44,15810.600016266108
4884,OK,57.100,0.44,15966.299979481846
4885,OK,56.700,0.44,15921.699989121407
4886,OK,59.000,0.44,15887.30001822114
4887,OK,56.200,0.44,15809.300006367266
4888,OK,46.900,0.44,16035.899985581636
4889,OK,67.500,0.44,15890.000038780272
4890,OK,59.800,0.44,15903.799969237298
4891,OK,88.000,0.44,15791.899990290403
4892,OK,54.400,0.44,16005.899989977479
4893,OK,59.200,0.44,15916.400006972253
4894,OK,57.600,0.44,15905.09997913614
4895,OK,55.700,0.44,15886.500012129545
4896,OK,55.200,0.44,15896.799974143505
4897,OK,59.400,0.44,15905.599982943386
4898,OK,58.200,0.44,15897.799981757998
4899,OK,70.300,0.44,15888.300025835633
4900,OK,58.500,0.44,15925.200015772134
4901,OK,84.200,0.44,15747.199999168515
4902,OK,59.700,0.44,15917.600016109645
4903,OK,57.700,0.44,16064.699972048402
4904,OK,139.600,0.44,15518.40000320226
4905,OK,71.000,0.44,15902.00001373887
4906,OK,63.900,0.44,15849.099960178137
4907,OK,63.800,0.44,15943.799982778728
4908,OK,57.000,0.44,15915.50000011921
4909,OK,73.800,0.44,15885.300002992153
4910,OK,61.400,0.44,15903.299965430051
4911,OK,49.900,0.44,15907.399996649474
4912,OK,55.500,0.44,15919.099969323725
4913,OK,52.000,0.44,15910.699963569641
4914,OK,53.100,0.44,15907.799999695271
4915,OK,48.700,0.44,15910.000016447157
4916,OK,48.700,0.44,15930.100053083152
4917,OK,48.500,0.44,16010.30002348125
4918,OK,74.400,0.44,15853.599994443357
4919,OK,58.700,0.44,15904.000028967857
4920,OK,62.800,0.44,15918.099961709231
4921,OK,55.900,0.44,15898.500045295805
4922,OK,55.500,0.44,15922.199992928654
4923,OK,59.700,0.44,15862.10000095889
4924,OK,54.200,0.44,15910.600021015853
4925,OK,57.600,0.44,15896.999975666404
4926,OK,47.900,0.44,15908.00000121817
4927,OK,92.800,0.44,15934.200026094913
4928,OK,104.400,0.44,15807.899995706975
4929,OK,51.900,0.44,15889.200032688677
4930,OK,56.900,0.44,15883.00004368648
4931,OK,57.800,0.44,15940.999961458147
4932,OK,59.000,0.44,15911.200025584549
4933,OK,54.500,0.44,15861.599997151643
4934,OK,54.300,0.44,15916.600008495152
4935,OK,48.500,0.44,15980.200027115643
4936,OK,55.400,0.44,15890.19998209551
4937,OK,52.700,0.44,15910.700021777302
4938,OK,66.900,0.44,15875.50004478544
4939,OK,59.400,0.44,15876.599994953722
4940,OK,52.300,0.44,15946.300001814961
4941,OK,53.000,0.44,15914.10004766658
4942,OK,54.600,0.44,15873.79997363314
4943,OK,48.000,0.44,15973.299974575639
4944,OK,59.300,0.44,15877.800004091114
4945,OK,61.200,0.44,15948.900021612644
4946,OK,70.200,0.44,15862.10000095889
4947,OK,61.700,0.44,15940.300014335662
4948,OK,63.000,0.44,16002.90002534166
4949,OK,69.100,0.44,15728.100028354675
4950,OK,64.400,0.44,15900.900005362928
4951,OK,57.200,0.44,15942.500031087548
4952,OK,56.900,0.44,15836.399979889393
4953,OK,55.500,0.44,15920.399979222566
4954,OK,62.400,0.44,15893.600007984787
4955,OK,55.700,0.44,15888.400026597083
4956,OK,64.900,0.44,15916.000003926456
4957,OK,62.900,0.44,15814.59998851642
4958,OK,68.000,0.44,15993.300010450184
4959,OK,58.000,0.44,15901.100006885827
4960,OK,54.100,0.44,15916.700009256601
4961,OK,77.400,0.44,15896.499971859157
4962,OK,63.400,0.44,15892.299998085946
4963,OK,56.600,0.44,15861.399995628744
4964,OK,57.300,0.44,15910.100017208606
4965,OK,60.500,0.44,15853.600052651018
4966,OK,54.300,0.44,15926.000021863729
4967,OK,55.500,0.44,15898.099984042346
4968,OK,56.800,0.44,15902.400016784668
4969,OK,55.500,0.44,15886.999957729131
4970,OK,51.300,0.44,15916.000003926456
4971,OK,53.300,0.44,15960.899996571243
4972,OK,50.000,0.44,15786.800009664148
4973,OK,50.600,0.44,15835.900034289807
4974,OK,54.700,0.44,15990.99999293685
4975,OK,62.400,0.44,15816.600003745407
4976,OK,54.800,0.44,16004.19997703284
4977,OK,58.800,0.44,15837.199985980988
4978,OK,74.400,0.44,15900.099999271333
4979,OK,54.000,0.44,15910.79996433109
4980,OK,60.200,0.44,15899.999998509884
4981,OK,52.900,0.44,15879.899961873889
4982,OK,55.600,0.44,15936.899988446385
4983,OK,77.800,0.44,15924.000006634742
4984,OK,61.500,0.44,15857.70002566278
4985,OK,50.300,0.44,15888.299967627972
4986,OK,52.400,0.44,15937.900054268539
4987,OK,60.200,0.44,15894.799958914518
4988,OK,48.100,0.44,15939.999953843653
4989,OK,68.900,0.44,15887.100016698241
4990,OK,72.700,0.44,15937.899996060878
4991,OK,54.600,0.44,15924.500010441989
4992,OK,56.300,0.44,15880.999970249832
4993,OK,54.800,0.44,15908.400004263967
4994,OK,56.000,0.44,15905.800042673945
4995,OK,58.100,0.44,15872.799966018647
4996,OK,67.600,0.44,15935.499977786094
4997,OK,54.500,0.44,15906.199987512082
4998,OK,58.200,0.44,15905.799984466285
4999,OK,60.200,0.44,15872.40002118051
5000,OK,57.100,0.44,15898.399986326694
5001,OK,67.800,0.44,15833.499957807362
5002,OK,54.600,0.44,15941.500023473054
5003,OK,71.100,0.44,15783.800045028329
5004,OK,111.100,0.44,15840.399952139705
5005,OK,92.600,0.44,15860.4999887757
5006,OK,73.600,0.44,15912.699978798628
5007,OK,105.900,0.44,15803.599962964654
5008,OK,64.400,0.44,15940.60001662001
5009,OK,79.900,0.44,15846.499998588115
5010,OK,52.100,0.44,15906.199987512082
5011,OK,51.200,0.44,15882.099978625774
5012,OK,54.400,0.44,15863.800013903528
5013,OK,52.500,0.44,15986.700018402189
5014,OK,55.400,0.44,15911.700029391795
5015,OK,49.500,0.44,15913.499984890223
5016,OK,49.400,0.44,15867.599984630942
5017,OK,54.800,0.44,16001.200012397021
5018,OK,53.400,0.44,15860.799991060048
5019,OK,58.300,0.44,15907.599998172373
5020,OK,54.200,0.44,15908.00000121817
5021,OK,53.700,0.44,15913.399984128773
5022,OK,55.700,0.44,15904.699976090342
5023,OK,54.500,0.44,15910.700021777302
5024,OK,53.300,0.44,15958.100033458322
5025,OK,60.300,0.44,15855.900011956692
5026,OK,55.800,0.44,15911.799971945584
5027,OK,52.600,0.44,15917.600016109645
5028,OK,54.000,0.44,15927.499975077808
5029,OK,58.200,0.44,15889.499976765364
5030,OK,51.300,0.44,15931.900008581579
5031,OK,66.700,0.44,15935.699979308993
5032,OK,67.600,0.44,15845.399990212172
5033,OK,53.600,0.44,15927.30003176257
5034,OK,55.000,0.44,15923.800005111843
5035,OK,67.700,0.44,15838.899998925626
5036,OK,56.700,0.44,15897.70003920421
5037,OK,57.500,0.44,15907.799999695271
5038,OK,54.900,0.44,15907.499997410923
5039,OK,61.300,0.44,15901.400009170175
5040,OK,60.500,0.44,15902.700019069016
5041,OK,52.200,0.44,15907.699998933822
5042,OK,53.000,0.44,15953.099995385855
5043,OK,71.200,0.44,15900.60000307858
5044,OK,76.000,0.44,15896.699973382056
5045,OK,53.400,0.44,15927.000029478222
5046,OK,60.600,0.44,15886.399953160435
5047,OK,50.100,0.44,15910.599962808192
5048,OK,58.100,0.44,15885.70000603795
5049,OK,51.700,0.44,15937.799995299429
5050,OK,58.100,0.44,15918.699966277927
5051,OK,52.600,0.44,15892.199997324497
5052,OK,92.000,0.44,15820.100030396134
5053,OK,60.600,0.44,15876.099991146475
5054,OK,53.700,0.44,15946.800005622208
5055,OK,62.000,0.44,15865.299967117608
5056,OK,62.900,0.44,15919.500030577183
5057,OK,61.800,0.44,15885.799948591739
5058,OK,49.200,0.44,15932.800015434623
5059,OK,83.300,0.44,15863.099950365722
5060,OK,67.800,0.44,15916.500007733703
5061,OK,51.800,0.44,15887.699963059276
5062,OK,53.700,0.44,15930.900000967085
5063,OK,53.900,0.44,15919.299970846623
5064,OK,47.800,0.44,15907.599998172373
5065,OK,49.700,0.44,15958.899981342256
5066,OK,61.500,0.44,15847.30000467971
5067,OK,68.600,0.44,15886.400011368096
5068,OK,55.600,0.44,15992.100001312792
5069,OK,71.900,0.44,15891.5999927558
5070,OK,69.400,0.44,15911.499969661236
5071,OK,58.000,0.44,15892.600000370294
5072,OK,57.800,0.44,15863.400010857731
5073,OK,64.700,0.44,15904.600033536553
5074,OK,60.500,0.44,15897.69998099655
5075,OK,56.100,0.44,15894.400014076382
5076,OK,58.600,0.44,15901.600010693073
5077,OK,59.300,0.44,15923.099999781698
5078,OK,51.500,0.44,15905.399981420487
5079,OK,62.000,0.44,15850.599971599877
5080,OK,55.700,0.44,15944.399987347424
5081,OK,60.800,0.44,15880.000020843
5082,OK,61.100,0.44,16050.29997881502
5083,OK,64.300,0.44,15758.800029288977
5084,OK,83.700,0.44,15905.500040389597
5085,OK,82.400,0.44,15891.200047917664
5086,OK,69.100,0.44,15887.000015936792
5087,OK,49.900,0.44,15915.099997073412
5088,OK,54.900,0.44,15921.099984552711
5089,OK,60.600,0.44,15910.000016447157
5090,OK,58.400,0.44,15854.60000205785
5091,OK,55.500,0.44,15905.899985227734
5092,OK,55.000,0.44,15917.299955617636
5093,OK,55.700,0.44,15919.600031338632
5094,OK,77.000,0.44,15847.500006202608
5095,OK,57.400,0.44,15894.799958914518
5096,OK,78.900,0.44,15894.900017883629
5097,OK,65.200,0.44,15869.900002144277
5098,OK,58.000,0.44,15956.400020513684
5099,OK,67.000,0.44,15892.499999608845
5100,OK,61.500,0.44,15911.599970422685
5101,OK,59.500,0.44,15742.300020065159
5102,OK,54.900,0.44,15877.300000283867
5103,OK,65.300,0.44,15942.899975925684
5104,OK,53.400,0.44,15885.400003753603
5105,OK,62.100,0.44,15867.499983869493
5106,OK,53.400,0.44,15951.799985487014
5107,OK,62.600,0.44,15852.099983021617
5108,OK,57.600,0.44,15911.699971184134
5109,OK,66.000,0.44,15871.900017373264
5110,OK,49.600,0.44,15933.799964841455
5111,OK,62.100,0.44,15924.700011964887
5112,OK,60.900,0.44,15908.500005025417
5113,OK,63.400,0.44,15901.800012215972
5114,OK,65.100,0.44,15900.800004601479
5115,OK,50.700,0.44,15965.199971105903
5116,OK,51.100,0.44,15861.799998674542
5117,OK,53.200,0.44,15927.899978123605
5118,OK,54.100,0.44,15896.20002778247
5119,OK,54.200,0.44,15906.299988273531
5120,OK,50.800,0.44,15918.099961709231
5121,OK,51.600,0.44,15892.600000370294
5122,OK,51.700,0.44,15889.400034211576
5123,OK,53.800,0.44,15891.69999351725
5124,OK,54.200,0.44,15892.600000370294
5125,OK,57.100,0.44,15900.099999271333
5126,OK,49.700,0.44,15936.799987684935
5127,OK,68.300,0.44,15891.5999927558
5128,OK,76.900,0.44,15902.600018307567
5129,OK,52.000,0.44,15874.599979724735
5130,OK,55.000,0.44,15918.000019155443
5131,OK,56.600,0.44,15911.800030153245
5132,OK,57.100,0.44,15904.900035820901
5133,OK,57.400,0.44,15907.799999695271
5134,OK,54.200,0.44,15926.299965940416
5135,OK,66.000,0.44,15903.400024399161
5136,OK,72.500,0.44,15887.000015936792
5137,OK,69.400,0.44,15862.900007050484
5138,OK,76.200,0.44,15914.699994027615
5139,OK,65.700,0.44,15879.79996111244
5140,OK,70.300,0.44,15886.000008322299
5141,OK,74.900,0.44,15838.39999511838
5142,OK,59.100,0.44,16004.800039809197
5143,OK,59.900,0.44,15893.400006461889
5144,OK,56.300,0.44,15918.599965516478
5145,OK,68.000,0.44,15823.699999600649
5146,OK,58.800,0.44,16008.500009775162
5147,OK,58.800,0.44,15864.900022279471
5148,OK,56.900,0.44,15901.600010693073
5149,OK,51.600,0.44,15885.90000756085
5150,OK,59.600,0.44,15921.699989121407
5151,OK,60.700,0.44,15894.70001636073
5152,OK,58.500,0.44,15905.299980659038
5153,OK,51.400,0.44,15923.900005873293
5154,OK,68.300,0.44,15888.100024312735
5155,OK,63.500,0.44,15903.999970760196
5156,OK,57.700,0.44,15893.10000417754
5157,OK,54.900,0.44,15909.900015685707
5158,OK,56.300,0.44,15902.20001526177
5159,OK,54.800,0.44,15921.29998607561
5160,OK,55.000,0.44,15851.100033614784
5161,OK,105.800,0.44,15845.499990973622
5162,OK,54.900,0.44,15951.200039125979
5163,OK,52.800,0.44,15906.000044196844
5164,OK,51.600,0.44,15931.100002489984
5165,OK,61.300,0.44,15894.80001712218
5166,OK,51.800,0.44,15911.399968899786
5167,OK,49.500,0.44,15903.49996695295
5168,OK,59.700,0.44,15909.000008832663
5169,OK,74.700,0.44,15926.800027955323
5170,OK,58.900,0.44,15941.800025757402
5171,OK,56.500,0.44,15905.499982181937
5172,OK,60.100,0.44,15901.500009931624
5173,OK,53.800,0.44,15910.599962808192
5174,OK,55.700,0.44,15906.49998979643
5175,OK,60.700,0.44,15910.800022538751
5176,OK,57.700,0.44,15927.900036331266
5177,OK,62.000,0.44,15850.500029046088
5178,OK,69.700,0.44,15860.299987252802
5179,OK,57.500,0.44,15897.5999802351
5180,OK,65.000,0.44,15818.099956959486
5181,OK,54.100,0.44,16002.80002458021
5182,OK,59.600,0.44,15897.799981757998
5183,OK,58.500,0.44,15835.499973036349
5184,OK,60.100,0.44,15904.399973805994
5185,OK,58.600,0.44,15934.400027617812
5186,OK,53.600,0.44,15914.799994789064
5187,OK,78.500,0.44,15875.899989623576
5188,OK,78.300,0.44,15874.599979724735
5189,OK,55.400,0.44,15884.29999537766
5190,OK,69.600,0.44,15940.50001585856
5191,OK,58.500,0.44,15851.999982260168
5192,OK,53.300,0.44,15956.89996611327
5193,OK,71.900,0.44,15803.899965249002
5194,OK,48.500,0.44,15930.900000967085
5195,OK,58.900,0.44,15905.300038866699
5196,OK,56.800,0.44,15932.300011627376
5197,OK,75.000,0.44,15948.600019328296
5198,OK,50.500,0.44,15917.200013063848
5199,OK,59.500,0.44,15886.500012129545
5200,OK,48.500,0.44,15911.500027868897
5201,OK,60.700,0.44,15847.800008486956
5202,OK,57.400,0.44,15916.400006972253
5203,OK,58.900,0.44,15903.300023637712
5204,OK,60.200,0.44,15899.499994702637
5205,OK,59.000,0.44,15908.600005786866
5206,OK,59.600,0.44,15914.499992504716
5207,OK,71.800,0.44,15846.599999349564
5208,OK,72.400,0.44,15878.599951975048
5209,OK,79.100,0.44,15864.000015426427
5210,OK,68.200,0.44,15942.700032610446
5211,OK,54.400,0.44,15847.20000391826
5212,OK,67.400,0.44,15924.699953757226
5213,OK,51.500,0.44,15874.199976678938
5214,OK,55.100,0.44,15940.899960696697
5215,OK,48.200,0.44,15893.900010269135
5216,OK,50.800,0.44,15937.69999453798
5217,OK,51.900,0.44,15918.800025247037
5218,OK,62.200,0.44,15906.60004876554
5219,OK,57.600,0.44,15863.50001161918
5220,OK,61.000,0.44,15941.000019665807
5221,OK,56.800,0.44,15959.500044118613
5222,OK,68.600,0.44,15862.600004766136
5223,OK,71.900,0.44,15899.19999241829
5224,OK,60.800,0.44,15900.899947155267
5225,OK,57.000,0.44,15918.40002220124
5226,OK,51.700,0.44,15915.29999859631
5227,OK,52.600,0.44,15903.100022114813
5228,OK,52.800,0.44,15893.000003416091
5229,OK,55.300,0.44,15909.000008832663
5230,OK,50.800,0.44,15905.400039628148
5231,OK,51.400,0.44,15933.30001924187
5232,OK,62.700,0.44,15888.90003040433
5233,OK,57.000,0.44,15914.899995550513
5234,OK,49.900,0.44,16211.399983149022
5235,OK,183.300,0.44,15453.30003136769
5236,OK,74.100,0.44,15821.400040294975
5237,OK,77.400,0.44,15902.500017546117
5238,OK,92.100,0.44,15925.000014249235
5239,OK,63.700,0.44,15816.400002222508
5240,OK,54.500,0.44,15831.299999263138
5241,OK,46.300,0.44,16069.60000935942
5242,OK,66.800,0.44,15792.799997143447
5243,OK,59.500,0.44,15889.800037257373
5244,OK,60.000,0.44,15949.599968735129
5245,OK,58.400,0.44,15890.699985902756
5246,OK,67.600,0.44,15879.000013228506
5247,OK,46.100,0.44,15966.899984050542
5248,OK,50.800,0.44,15869.099996052682
5249,OK,52.600,0.44,15988.500032108277
5250,OK,59.000,0.44,15821.499982848763
5251,OK,71.200,0.44,15983.199991751462
5252,OK,59.300,0.44,15848.099952563643
5253,OK,73.200,0.44,15929.800050798804
5254,OK,57.200,0.44,15848.400013055652
5255,OK,54.100,0.44,15976.499998942018
5256,OK,55.300,0.44,15897.000033874065
5257,OK,62.200,0.44,15899.599995464087
5258,OK,51.400,0.44,15923.699946142733
5259,OK,64.000,0.44,15882.300038356334
5260,OK,53.500,0.44,15903.200022876263
5261,OK,71.900,0.44,15897.999983280897
5262,OK,73.000,0.44,15812.299971003085
5263,OK,70.800,0.44,15877.800004091114
5264,OK,76.500,0.44,15974.099980667233
5265,OK,51.800,0.44,15918.800025247037
5266,OK,59.100,0.44,15920.399979222566
5267,OK,56.300,0.44,15909.60001340136
5268,OK,56.000,0.44,15903.699968475848
5269,OK,64.700,0.44,15907.799999695271
5270,OK,58.500,0.44,15898.099984042346
5271,OK,54.200,0.44,15906.299988273531
5272,OK,61.700,0.44,15911.700029391795
5273,OK,60.400,0.44,15908.900008071214
5274,OK,53.500,0.44,15902.600018307567
5275,OK,69.100,0.44,15896.10002702102
5276,OK,70.200,0.44,15937.300049699843
5277,OK,66.200,0.44,15802.300011273474
5278,OK,84.100,0.44,15920.400037430227
5279,OK,56.600,0.44,15916.700009256601
5280,OK,60.900,0.44,15911.699971184134
5281,OK,53.600,0.44,15795.700019225478
5282,OK,52.900,0.44,16038.30000385642
5283,OK,60.800,0.44,15883.899992331862
5284,OK,58.700,0.44,15822.09998741746
5285,OK,58.100,0.44,15899.499994702637
5286,OK,50.800,0.44,15933.20001848042
5287,OK,59.900,0.44,15911.300026345998
5288,OK,50.100,0.44,15908.400004263967
5289,OK,51.000,0.44,15892.299998085946
5290,OK,50.000,0.44,15969.99994944781
5291,OK,66.600,0.44,15920.199977699667
5292,OK,49.200,0.44,15864.000015426427
5293,OK,59.700,0.44,15927.499975077808
5294,OK,53.600,0.44,15926.300024148077
5295,OK,50.000,0.44,15924.40000968054
5296,OK,50.700,0.44,15912.49997727573
5297,OK,48.200,0.44,15880.700026173145
5298,OK,50.000,0.44,15913.800045382231
5299,OK,50.400,0.44,15923.600003588945
5300,OK,56.900,0.44,15901.100006885827
5301,OK,54.600,0.44,15850.800031330436
5302,OK,50.800,0.44,15914.00004690513
5303,OK,49.100,0.44,15928.90004394576
5304,OK,78.300,0.44,15878.40000865981
5305,OK,84.200,0.44,15825.300011783838
5306,OK,77.300,0.44,15901.300008408725
5307,OK,53.000,0.44,15912.599978037179
5308,OK,82.300,0.44,15829.899988602847
5309,OK,93.300,0.44,15855.400008149445
5310,OK,88.900,0.44,15876.299992669374
5311,OK,85.200,0.44,15851.59997921437
5312,OK,67.600,0.44,15910.199959762394
5313,OK,83.800,0.44,15827.000024728477
5314,OK,63.000,0.44,15899.799996986985
5315,OK,61.800,0.44,15943.200036417693
5316,OK,83.900,0.44,15864.700020756572
5317,OK,64.500,0.44,15875.499986577779
5318,OK,83.000,0.44,15847.30000467971
5319,OK,85.300,0.44,15857.899968978018
5320,OK,124.400,0.44,15839.90000654012
5321,OK,99.000,0.44,15851.80003894493
5322,OK,83.700,0.44,15931.300004012883
5323,OK,76.700,0.44,15795.800019986928
5324,OK,64.200,0.44,15933.800023049116
5325,OK,101.000,0.44,15806.099982000887
5326,OK,77.500,0.44,15868.399990722537
5327,OK,64.800,0.44,15894.500014837831
5328,OK,93.500,0.44,15793.600003235042
5329,OK,57.300,0.44,15908.899949863553
5330,OK,48.900,0.44,15923.500002827495
5331,OK,59.900,0.44,15937.799995299429
5332,OK,49.300,0.44,15936.899988446385
5333,OK,63.300,0.44,15906.699991319329
5334,OK,53.500,0.44,15890.999988187104
5335,OK,46.900,0.44,15930.699999444187
5336,OK,58.700,0.44,15901.100006885827
5337,OK,53.100,0.44,15946.60000409931
5338,OK,54.300,0.44,15852.699987590313
5339,OK,56.200,0.44,15977.60000731796
5340,OK,82.500,0.44,15825.799957383424
5341,OK,67.400,0.44,15904.200030490756
5342,OK,59.400,0.44,15900.50000231713
5343,OK,53.800,0.44,15898.799989372492
5344,OK,54.100,0.44,15927.900036331266
5345,OK,71.400,0.44,15890.799986664206
5346,OK,58.300,0.44,15914.399991743267
5347,OK,59.100,0.44,15927.699976600707
5348,OK,117.600,0.44,15819.899970665574
5349,OK,58.700,0.44,15835.300029721111
5350,OK,78.900,0.44,15936.299983877689
5351,OK,54.200,0.44,15786.29994764924
5352,OK,73.400,0.44,15950.599976349622
5353,OK,65.100,0.44,15913.700044620782
5354,OK,53.900,0.44,15860.59998953715
5355,OK,54.600,0.44,15851.999982260168
5356,OK,49.200,0.44,16054.200008511543
5357,OK,65.700,0.44,15878.200007136911
5358,OK,69.400,0.44,15848.49995560944
5359,OK,74.500,0.44,15890.30004106462
5360,OK,74.400,0.44,15945.499995723367
5361,OK,68.100,0.44,15887.09995849058
5362,OK,51.200,0.44,15865.399967879057
5363,OK,56.300,0.44,15927.100030239671
5364,OK,47.600,0.44,15860.4999887757
5365,OK,62.800,0.44,15885.8000067994
5366,OK,61.600,0.44,15937.49999301508
5367,OK,55.200,0.44,15920.899983029813
5368,OK,57.500,0.44,15964.000020176172
5369,OK,61.700,0.44,15883.699990808964
5370,OK,59.000,0.44,15914.099989458919
5371,OK,73.500,0.44,15872.50002194196
5372,OK,74.000,0.44,15849.000017624348
5373,OK,89.400,0.44,15927.599975839257
5374,OK,50.800,0.44,15916.400006972253
5375,OK,54.100,0.44,15892.199997324497
5376,OK,61.700,0.44,15908.300003502518
5377,OK,58.200,0.44,15872.100018896163
5378,OK,61.900,0.44,15954.200003761798
5379,OK,54.600,0.44,15876.99999799952
5380,OK,90.800,0.44,15850.30002752319
5381,OK,55.000,0.44,15907.799999695271
5382,OK,57.900,0.44,15903.800027444959
5383,OK,54.000,0.44,15909.700014162809
5384,OK,67.600,0.44,15825.599955860525
5385,OK,65.900,0.44,15917.00001154095
5386,OK,69.900,0.44,15829.300042241812
5387,OK,69.600,0.44,15910.600021015853
5388,OK,53.500,0.44,15923.900005873293
5389,OK,50.100,0.44,15897.69998099655
5390,OK,53.600,0.44,15906.099986750633
5391,OK,55.100,0.44,15899.09999165684
5392,OK,48.700,0.44,15917.600016109645
5393,OK,53.500,0.44,15915.29999859631
5394,OK,53.100,0.44,15893.999952822924
5395,OK,64.400,0.44,15919.600031338632
5396,OK,52.800,0.44,15913.699986413121
5397,OK,54.600,0.44,15914.400049950927
5398,OK,49.800,0.44,15916.600008495152
5399,OK,51.200,0.44,15926.899970509112
5400,OK,47.500,0.44,15915.50000011921
5401,OK,52.700,0.44,16051.399987190962
5402,OK,89.000,0.44,15563.599998131394
5403,OK,56.200,0.44,15919.600031338632
5404,OK,54.200,0.44,15893.599949777126
5405,OK,65.800,0.44,15898.799989372492
5406,OK,63.400,0.44,15902.20001526177
5407,OK,52.400,0.44,15879.300015512854
5408,OK,65.900,0.44,15932.800015434623
5409,OK,55.900,0.44,15914.799994789064
5410,OK,58.100,0.44,15891.499991994351
5411,OK,49.900,0.44,15923.300001304597
5412,OK,51.400,0.44,15926.199965178967
5413,OK,65.200,0.44,15922.79999749735
5414,OK,53.300,0.44,15875.50004478544
5415,OK,52.700,0.44,15927.19997279346
5416,OK,62.700,0.44,15903.000021353364
5417,OK,53.500,0.44,15919.300029054284
5418,OK,47.600,0.44,15916.599950287491
5419,OK,50.200,0.44,15909.40001187846
5420,OK,55.900,0.44,15890.100039541721
5421,OK,50.700,0.44,15906.299988273531
5422,OK,67.100,0.44,15946.60000409931
5423,OK,52.500,0.44,15908.900008071214
5424,OK,52.300,0.44,15874.500037170947
5425,OK,51.300,0.44,15869.49999909848
5426,OK,55.000,0.44,15964.799968060106
5427,OK,52.500,0.44,15952.699992340058
5428,OK,70.200,0.44,15861.599997151643
5429,OK,66.300,0.44,15880.000020843
5430,OK,71.200,0.44,15939.700009766966
5431,OK,56.100,0.44,15897.899982519448
5432,OK,51.100,0.44,15913.700044620782
5433,OK,55.300,0.44,15909.50001263991
5434,OK,74.900,0.44,15889.699978288263
5435,OK,54.600,0.44,15901.600010693073
5436,OK,55.500,0.44,15925.000014249235
5437,OK,55.500,0.44,15876.99999799952
5438,OK,61.100,0.44,15933.800023049116
5439,OK,53.000,0.44,16030.600003432482
5440,OK,64.500,0.44,15774.100029375404
5441,OK,79.000,0.44,15896.299970336258
5442,OK,89.200,0.44,15840.999956708401
5443,OK,65.400,0.44,15899.899997748435
5444,OK,57.600,0.44,15906.799992080778
5445,OK,61.700,0.44,15875.799988862127
5446,OK,59.400,0.44,15900.70000384003
5447,OK,58.100,0.44,15897.199977189302
5448,OK,52.900,0.44,15899.399993941188
5449,OK,51.000,0.44,15883.199987001717
5450,OK,47.000,0.44,15928.499982692301
5451,OK,58.400,0.44,15913.499984890223
5452,OK,60.900,0.44,15911.499969661236
5453,OK,63.200,0.44,15930.29999639839
5454,OK,72.500,0.44,15886.200009845197
5455,OK,64.300,0.44,15898.600046057254
5456,OK,55.200,0.44,15915.099997073412
5457,OK,58.500,0.44,15886.400011368096
5458,OK,56.500,0.44,15901.200007647276
5459,OK,54.100,0.44,15964.599966537207
5460,OK,54.000,0.44,15844.999987166375
5461,OK,61.000,0.44,15914.799994789064
5462,OK,52.400,0.44,15901.299950201064
5463,OK,59.700,0.44,15934.299968648702
5464,OK,75.100,0.44,15878.000005614012
5465,OK,61.100,0.44,15935.799980070442
5466,OK,58.600,0.44,15882.79998395592
5467,OK,68.300,0.44,16314.499953296036
5468,OK,65.500,0.44,15436.90002290532
5469,OK,66.900,0.44,15904.299973044544
5470,OK,53.600,0.44,15932.900016196072
5471,OK,56.900,0.44,15891.300048679113
5472,OK,59.500,0.44,15829.49998555705
5473,OK,50.500,0.44,15987.100021447986
5474,OK,59.500,0.44,15904.499974567443
5475,OK,60.300,0.44,15888.59996991232
5476,OK,53.100,0.44,15897.70003920421
5477,OK,52.100,0.44,15933.999966364354
5478,OK,50.500,0.44,15904.799976851791
5479,OK,49.700,0.44,15875.999990385026
5480,OK,49.800,0.44,15927.100030239671
5481,OK,83.500,0.44,15869.199996814132
5482,OK,72.400,0.44,15900.70000384003
5483,OK,70.200,0.44,15949.000022374094
5484,OK,60.600,0.44,15858.499973546714
5485,OK,50.300,0.44,15924.09994918853
5486,OK,52.400,0.44,15952.699992340058
5487,OK,51.600,0.44,15840.600011870265
5488,OK,49.100,0.44,15960.999997332692
5489,OK,52.800,0.44,15892.700001131743
5490,OK,57.800,0.44,15955.40001289919
5491,OK,56.500,0.44,15780.999965500087
5492,OK,54.100,0.44,15999.600000213832
5493,OK,59.400,0.44,15831.199998501688
5494,OK,65.700,0.44,15933.20001848042
5495,OK,57.000,0.44,15829.100040718913
5496,OK,53.000,0.44,16035.699984058738
5497,OK,54.600,0.44,15905.399981420487
5498,OK,57.100,0.44,15898.899990133941
5499,OK,53.700,0.44,15867.100039031357
5500,OK,52.200,0.44,15952.999994624406
5501,OK,63.600,0.44,15810.900018550456
5502,OK,59.800,0.44,15909.60001340136
5503,OK,64.100,0.44,15832.799952477217
5504,OK,50.100,0.44,15971.49996086955
5505,OK,56.100,0.44,15959.299984388053
5506,OK,54.500,0.44,15923.900005873293
5507,OK,76.400,0.44,15829.799987841398
5508,OK,51.700,0.44,15962.400007992983
5509,OK,54.800,0.44,15907.199995126575
5510,OK,60.100,0.44,15895.799966529012
5511,OK,51.000,0.44,15903.400024399161
5512,OK,48.900,0.44,15879.499958828092
5513,OK,52.100,0.44,15915.700001642108
5514,OK,55.800,0.44,15914.399991743267
5515,OK,57.600,0.44,15888.59996991232
5516,OK,56.500,0.44,15913.399984128773
5517,OK,58.800,0.44,15844.799985643476
5518,OK,76.000,0.44,15943.799982778728
5519,OK,53.700,0.44,15909.40001187846
5520,OK,56.500,0.44,15911.1000248231
5521,OK,53.000,0.44,15869.299997575581
5522,OK,57.400,0.44,15958.700038027018
5523,OK,72.800,0.44,15898.099984042346
5524,OK,58.100,0.44,15905.399981420487
5525,OK,51.900,0.44,15906.699991319329
5526,OK,53.600,0.44,15897.299977950752
5527,OK,51.700,0.44,15919.399971608073
5528,OK,59.700,0.44,15895.800024736673
5529,OK,51.500,0.44,15860.4999887757
5530,OK,58.300,0.44,15926.300024148077
5531,OK,70.100,0.44,15884.499996900558
5532,OK,50.000,0.44,15924.19994994998
5533,OK,53.400,0.44,15896.900033112615
5534,OK,49.400,0.44,15900.400001555681
5535,OK,45.800,0.44,15970.800013747066
5536,OK,63.700,0.44,15893.800009507686
5537,OK,55.000,0.44,15968.59999699518
5538,OK,57.100,0.44,15889.699978288263
5539,OK,52.900,0.44,15909.50001263991
5540,OK,58.800,0.44,15918.999968562275
5541,OK,57.200,0.44,15876.699995715171
5542,OK,47.900,0.44,15909.899957478046
5543,OK,53.100,0.44,15900.800004601479
5544,OK,87.000,0.44,15850.500029046088
5545,OK,74.600,0.44,15927.899978123605
5546,OK,54.600,0.44,15905.699983704835
5547,OK,50.500,0.44,15852.499986067414
5548,OK,57.200,0.44,15952.999994624406
5549,OK,57.500,0.44,15891.499991994351
5550,OK,81.700,0.44,15851.399977691472
5551,OK,67.800,0.44,15970.500011462718
5552,OK,57.700,0.44,15817.70001212135
5553,OK,73.900,0.44,15913.499984890223
5554,OK,46.400,0.44,15978.000010363758
5555,OK,55.900,0.44,15913.299983367324
5556,OK,53.100,0.44,15898.399986326694
5557,OK,50.600,0.44,15917.399956379086
5558,OK,58.100,0.44,15832.800010684878
5559,OK,64.400,0.44,15936.499985400587
5560,OK,57.500,0.44,15927.999978885055
5561,OK,58.200,0.44,15925.69996137172
5562,OK,51.600,0.44,15869.800001382828
5563,OK,52.400,0.44,15947.200008668005
5564,OK,76.400,0.44,15890.399983618408
5565,OK,55.100,0.44,15909.300011117011
5566,OK,55.700,0.44,15901.799954008311
5567,OK,59.100,0.44,15879.899961873889
5568,OK,67.500,0.44,15875.199984293431
5569,OK,108.500,0.44,15845.79999325797
5570,OK,65.400,0.44,15906.099986750633
5571,OK,87.800,0.44,15801.100002136081
5572,OK,64.800,0.44,15885.300002992153
5573,OK,67.800,0.44,15924.29995071143
5574,OK,57.100,0.44,15977.200004272163
5575,OK,57.500,0.44,15916.400006972253
5576,OK,73.400,0.44,15881.499974057078
5577,OK,72.400,0.44,15789.49997201562
5578,OK,57.700,0.44,16027.299978304654
5579,OK,57.800,0.44,15912.899980321527
5580,OK,60.200,0.44,15905.399981420487
5581,OK,57.100,0.44,15749.6000174433
5582,OK,52.300,0.44,16008.59995232895
5583,OK,57.600,0.44,15902.800019830465
5584,OK,55.600,0.44,15900.400001555681
5585,OK,61.600,0.44,15835.200028959662
5586,OK,59.700,0.44,15975.99999513477
5587,OK,58.300,0.44,15905.499982181937
5588,OK,54.700,0.44,15908.200002741069
5589,OK,54.600,0.44,15892.700001131743
5590,OK,64.900,0.44,15856.800018809736
5591,OK,65.500,0.44,15876.099991146475
5592,OK,69.100,0.44,15929.499990306795
5593,OK,56.100,0.44,15913.399984128773
5594,OK,72.300,0.44,15804.900031071156
5595,OK,56.400,0.44,15869.900002144277
5596,OK,52.400,0.44,16004.50003752485
5597,OK,53.600,0.44,15915.50000011921
5598,OK,57.100,0.44,15898.99999089539
5599,OK,55.600,0.44,15908.00000121817
5600,OK,51.800,0.44,15910.79996433109
5601,OK,80.700,0.44,15864.99996483326
5602,OK,92.900,0.44,15761.799993924797
5603,OK,62.500,0.44,15912.800037767738
5604,OK,79.100,0.44,15875.099983531982
5605,OK,75.100,0.44,15894.80001712218
5606,OK,58.100,0.44,15899.799996986985
5607,OK,51.200,0.44,15921.19998531416
5608,OK,56.700,0.44,15879.300015512854
5609,OK,48.900,0.44,15917.800017632544
5610,OK,53.200,0.44,15925.899962894619
5611,OK,54.900,0.44,15914.299990981817
5612,OK,51.000,0.44,15929.899993352592
5613,OK,49.000,0.44,15878.30000789836
5614,OK,47.600,0.44,15948.900021612644
5615,OK,55.400,0.44,15897.899982519448
5616,OK,51.400,0.44,15865.899971686304
5617,OK,53.700,0.44,15956.299961544573
5618,OK,67.000,0.44,15847.700007725507
5619,OK,44.900,0.44,15955.800015944988
5620,OK,66.200,0.44,15822.000044863671
5621,OK,58.900,0.44,15967.999992426485
5622,OK,45.300,0.44,15928.199980407953
5623,OK,52.400,0.44,15859.499981161207
5624,OK,46.500,0.44,15896.500030066818
5625,OK,47.500,0.44,15974.70004344359
5626,OK,47.200,0.44,15919.400029815733
5627,OK,52.600,0.44,15940.60001662001
5628,OK,56.700,0.44,15840.300009585917
5629,OK,47.200,0.44,15924.500010441989
5630,OK,52.000,0.44,15922.099992167205
5631,OK,49.800,0.44,15993.200009688735
5632,OK,56.700,0.44,15801.500005181879
5633,OK,53.700,0.44,15934.6999716945
5634,OK,57.300,0.44,15837.499988265336
5635,OK,117.700,0.44,15840.800013393164
5636,OK,56.800,0.44,15929.999994114041
5637,OK,48.700,0.44,15902.10001450032
5638,OK,57.400,0.44,15892.199997324497
5639,OK,63.900,0.44,15916.499949526042
5640,OK,55.500,0.44,15914.199990220368
5641,OK,50.000,0.44,15875.799988862127
5642,OK,50.900,0.44,15954.500006046146
5643,OK,49.900,0.44,15878.399950452149
5644,OK,51.300,0.44,15921.099984552711
5645,OK,86.500,0.44,15870.600007474422
5646,OK,77.600,0.44,15822.899993509054
5647,OK,82.700,0.44,15912.200033199042
5648,OK,51.700,0.44,15927.499975077808
5649,OK,55.900,0.44,15907.599998172373
5650,OK,53.900,0.44,15903.60002592206
5651,OK,56.100,0.44,15912.100032437593
5652,OK,53.400,0.44,15837.799990549684
5653,OK,49.300,0.44,16011.300031095743
5654,OK,60.800,0.44,15885.899949353188
5655,OK,54.500,0.44,15865.299967117608
5656,OK,59.300,0.44,15910.800022538751
5657,OK,53.400,0.44,15948.799962643534
5658,OK,69.600,0.44,15831.800003070384
5659,OK,59.800,0.44,15948.399959597737
5660,OK,74.000,0.44,15919.89997541532
5661,OK,59.600,0.44,15844.599984120578
5662,OK,59.200,0.44,15921.099984552711
5663,OK,68.400,0.44,15842.80002862215
5664,OK,65.200,0.44,15952.999994624406
5665,OK,56.700,0.44,15913.500043097883
5666,OK,53.700,0.44,15834.699966944754
5667,OK,50.000,0.44,15908.800007309765
5668,OK,58.800,0.44,15983.899997081608
5669,OK,60.800,0.44,15865.699970163405
5670,OK,54.500,0.44,15890.100039541721
5671,OK,65.200,0.44,15855.600009672344
5672,OK,76.700,0.44,15879.90002008155
5673,OK,145.000,0.44,15806.699986569583
5674,OK,70.600,0.44,15895.300020929426
5675,OK,57.800,0.44,15852.999989874661
5676,OK,74.800,0.44,15968.299994710833
5677,OK,59.400,0.44,15801.500005181879
5678,OK,54.700,0.44,15904.400032013655
5679,OK,51.600,0.44,16008.59995232895
5680,OK,52.500,0.44,15933.399961795658
5681,OK,63.400,0.44,15891.899995040148
5682,OK,59.500,0.44,15893.400006461889
5683,OK,61.200,0.44,15848.399954847991
5684,OK,53.000,0.44,15913.199982605875
5685,OK,53.500,0.44,15930.09999487549
5686,OK,53.300,0.44,15893.799951300025
5687,OK,68.300,0.44,15870.100003667176
5688,OK,56.100,0.44,15913.499984890223
5689,OK,67.000,0.44,15910.300018731505
5690,OK,55.600,0.44,15917.00001154095
5691,OK,54.600,0.44,15898.699988611042
5692,OK,54.300,0.44,15903.200022876263
5693,OK,57.600,0.44,15935.700037516654
5694,OK,63.000,0.44,15860.099985729903
5695,OK,54.000,0.44,15876.299992669374
5696,OK,57.300,0.44,15942.599973641336
5697,OK,53.800,0.44,15863.900014664978
5698,OK,71.900,0.44,15935.099974740297
5699,OK,55.300,0.44,15896.399971097708
5700,OK,51.900,0.44,15896.999975666404
5701,OK,76.100,0.44,15770.400001201779
5702,OK,68.200,0.44,15880.699967965484
5703,OK,55.900,0.44,15920.899983029813
5704,OK,57.200,0.44,15946.40000257641
5705,OK,54.500,0.44,15867.799986153841
5706,OK,61.300,0.44,15845.79999325797
5707,OK,60.300,0.44,15980.39997043088
5708,OK,61.700,0.44,15864.200016949326
5709,OK,60.100,0.44,15904.799976851791
5710,OK,57.100,0.44,15875.29998505488
5711,OK,53.400,0.44,15941.900026518852
5712,OK,55.900,0.44,15915.199997834861
5713,OK,57.300,0.44,15920.499979984015
5714,OK,56.200,0.44,15862.300002481788
5715,OK,56.600,0.44,15991.299995221198
5716,OK,52.200,0.44,15847.20000391826
5717,OK,53.000,0.44,15957.499970681965
5718,OK,54.300,0.44,15923.700004350394
5719,OK,56.200,0.44,15842.100023292005
5720,OK,56.400,0.44,15976.599999703467
5721,OK,49.600,0.44,15858.700033277273
5722,OK,60.700,0.44,15896.500030066818
5723,OK,50.800,0.44,15924.600011203438
5724,OK,65.200,0.44,15915.900003165007
5725,OK,52.200,0.44,15903.799969237298
5726,OK,52.500,0.44,15910.599962808192
5727,OK,52.300,0.44,15916.300006210804
5728,OK,64.800,0.44,15896.599972620606
5729,OK,68.600,0.44,15903.900028206408
5730,OK,53.800,0.44,15920.999983791262
5731,OK,50.400,0.44,15898.899990133941
5732,OK,52.300,0.44,15920.799982268363
5733,OK,55.800,0.44,15913.89998793602
5734,OK,57.100,0.44,15897.300036158413
5735,OK,50.600,0.44,15888.000023551285
5736,OK,79.800,0.44,15878.000005614012
5737,OK,55.600,0.44,15891.7999942787
5738,OK,64.600,0.44,15909.50001263991
5739,OK,48.100,0.44,15919.79997465387
5740,OK,56.600,0.44,15863.49995341152
5741,OK,59.600,0.44,15868.099988438189
5742,OK,50.600,0.44,16044.39999209717
5743,OK,67.800,0.44,15869.099996052682
5744,OK,51.800,0.44,15891.90005324781
5745,OK,50.800,0.44,15788.00001880154
5746,OK,69.700,0.44,15977.60000731796
5747,OK,73.300,0.44,15820.999979041517
5748,OK,69.800,0.44,15895.900025498122
5749,OK,83.800,0.44,15909.599955193698
5750,OK,47.000,0.44,15931.300004012883
5751,OK,55.000,0.44,15939.10000519827
5752,OK,54.700,0.44,15813.09997709468
5753,OK,56.300,0.44,15994.600020349026
5754,OK,69.700,0.44,15828.299976419657
5755,OK,62.600,0.44,15957.800031173974
5756,OK,54.500,0.44,15907.199995126575
5757,OK,80.800,0.44,15911.399968899786
5758,OK,57.300,0.44,15902.10001450032
5759,OK,53.600,0.44,15863.50001161918
5760,OK,56.200,0.44,15888.90003040433
5761,OK,58.900,0.44,15939.300006721169
5762,OK,53.300,0.44,15880.799968726933
5763,OK,58.300,0.44,15918.200020678341
5764,OK,60.100,0.44,15895.300020929426
5765,OK,51.600,0.44,15902.800019830465
5766,OK,59.200,0.44,15898.499987088144
5767,OK,62.900,0.44,15922.299993690103
5768,OK,49.800,0.44,15961.899945978075
5769,OK,67.200,0.44,15889.599977526814
5770,OK,54.000,0.44,15879.099955782294
5771,OK,54.000,0.44,15956.80002355948
5772,OK,61.400,0.44,15756.90001482144
5773,OK,94.700,0.44,15897.000033874065
5774,OK,71.800,0.44,15885.100001469254
5775,OK,73.600,0.44,15800.499997567385
5776,OK,51.700,0.44,15864.89996407181
5777,OK,49.000,0.44,15996.199974324554
5778,OK,52.000,0.44,15891.100047156215
5779,OK,56.800,0.44,15903.3999661915
5780,OK,56.300,0.44,15914.099989458919
5781,OK,58.400,0.44,15890.40004182607
5782,OK,58.000,0.44,15918.200020678341
5783,OK,73.600,0.44,15902.10001450032
5784,OK,59.800,0.44,15910.600021015853
5785,OK,55.000,0.44,15882.999985478818
5786,OK,56.200,0.44,15892.900002654642
5787,OK,50.400,0.44,15920.300036668777
5788,OK,48.800,0.44,15908.900008071214
5789,OK,50.900,0.44,15911.200025584549
5790,OK,51.300,0.44,15934.60002914071
5791,OK,55.000,0.44,15849.600022193044
5792,OK,64.300,0.44,15863.300010096282
5793,OK,53.700,0.44,15937.299991492182
5794,OK,60.100,0.44,15915.50000011921
5795,OK,47.700,0.44,15971.999964676797
5796,OK,52.500,0.44,15826.300019398332
5797,OK,53.700,0.44,15881.699975579977
5798,OK,83.200,0.44,15858.000027947128
5799,OK,59.100,0.44,15848.70001534
5800,OK,54.300,0.44,15934.299968648702
5801,OK,76.800,0.44,15800.199995283037
5802,OK,55.300,0.44,15931.100002489984
5803,OK,80.600,0.44,15876.099991146475
5804,OK,60.500,0.44,15855.900011956692
5805,OK,71.300,0.44,15935.199975501746
5806,OK,55.100,0.44,15878.800011705607
5807,OK,85.500,0.44,15795.200015418231
5808,OK,52.300,0.44,15995.899972040206
5809,OK,72.000,0.44,15874.099975917488
5810,OK,66.700,0.44,15892.299998085946
5811,OK,73.500,0.44,15810.400014743209
5812,OK,59.400,0.44,16009.000013582408
5813,OK,55.200,0.44,15905.599982943386
5814,OK,53.800,0.44,15909.899957478046
5815,OK,57.800,0.44,15866.899979300797
5816,OK,53.400,0.44,15994.700021110475
5817,OK,60.000,0.44,15844.09998031333
5818,OK,56.600,0.44,15928.299981169403
5819,OK,58.200,0.44,15809.500007890165
5820,OK,52.100,0.44,15934.100025333464
5821,OK,59.900,0.44,15999.499999452382
5822,OK,70.400,0.44,15875.899989623576
5823,OK,67.700,0.44,15880.200022365898
5824,OK,69.400,0.44,15905.09997913614
5825,OK,52.600,0.44,15936.700045131147
5826,OK,54.400,0.44,15911.299968138337
5827,OK,55.700,0.44,15883.599990047514
5828,OK,56.500,0.44,15935.099974740297
5829,OK,56.700,0.44,15915.800002403557
5830,OK,56.800,0.44,15899.299993179739
5831,OK,57.100,0.44,15917.800017632544
5832,OK,56.100,0.44,15895.899967290461
5833,OK,58.800,0.44,15903.299965430051
5834,OK,54.000,0.44,15878.000005614012
5835,OK,64.900,0.44,15903.800027444959
5836,OK,61.500,0.44,15904.600033536553
5837,OK,76.100,0.44,15876.199991907924
5838,OK,71.500,0.44,15904.400032013655
5839,OK,88.400,0.44,15882.000036071986
5840,OK,70.900,0.44,15897.299977950752
5841,OK,70.600,0.44,15876.89999723807
5842,OK,76.300,0.44,15901.399950962514
5843,OK,56.300,0.44,15907.499997410923
5844,OK,56.800,0.44,15932.499954942614
5845,OK,72.100,0.44,15949.60002694279
5846,OK,87.100,0.44,15794.600010849535
5847,OK,51.600,0.44,15858.100028708577
5848,OK,48.000,0.44,15956.89996611327
5849,OK,57.200,0.44,15889.999980572611
5850,OK,62.600,0.44,15881.399973295629
5851,OK,116.800,0.44,15841.500018723309
5852,OK,145.800,0.44,15777.299995534122
5853,OK,47.200,0.44,15918.30002143979
5854,OK,61.800,0.44,15865.700028371066
5855,OK,47.600,0.44,15947.199950460345
5856,OK,68.700,0.44,15890.100039541721
5857,OK,59.700,0.44,15920.299978461117
5858,OK,69.600,0.44,15929.099987260997
5859,OK,53.700,0.44,15903.3999661915
5860,OK,54.000,0.44,15893.800009507686
5861,OK,71.000,0.44,15907.799999695271
5862,OK,75.400,0.44,15869.199996814132
5863,OK,72.200,0.44,15904.799976851791
5864,OK,100.700,0.44,15894.60001559928
5865,OK,64.400,0.44,15907.699998933822
5866,OK,71.700,0.44,15794.100007042289
5867,OK,83.200,0.44,15923.800005111843
5868,OK,51.100,0.44,15944.200044032186
5869,OK,49.700,0.44,15892.900002654642
5870,OK,53.100,0.44,15907.499997410923
5871,OK,67.000,0.44,15877.700003329664
5872,OK,69.900,0.44,15906.099986750633
5873,OK,59.700,0.44,15884.19999461621
5874,OK,73.600,0.44,15870.200004428625
5875,OK,64.500,0.44,15868.699993006885
5876,OK,70.200,0.44,16030.300001148134
5877,OK,85.400,0.44,15730.19998613745
5878,OK,69.000,0.44,15952.099987771362
5879,OK,74.000,0.44,15886.299952398986
5880,OK,53.900,0.44,15904.300031252205
5881,OK,59.500,0.44,15909.899957478046
5882,OK,59.600,0.44,15905.999985989183
5883,OK,54.100,0.44,15906.49998979643
5884,OK,59.900,0.44,15858.800034038723
5885,OK,57.500,0.44,15907.299995888025
5886,OK,63.400,0.44,15964.700025506318
5887,OK,58.000,0.44,15890.599985141307
5888,OK,60.200,0.44,15899.999998509884
5889,OK,58.000,0.44,15843.999979551882
5890,OK,56.500,0.44,15976.700000464916
5891,OK,64.700,0.44,15902.900020591915
5892,OK,71.900,0.44,15896.900033112615
5893,OK,52.600,0.44,15875.199984293431
5894,OK,55.000,0.44,15950.700035318732
5895,OK,60.700,0.44,15884.799999184906
5896,OK,52.400,0.44,15914.699994027615
5897,OK,55.200,0.44,15909.900015685707
5898,OK,50.800,0.44,15902.699960861355
5899,OK,52.600,0.44,15883.899992331862
5900,OK,52.600,0.44,15930.399997159839
5901,OK,78.000,0.44,15737.799985799938
5902,OK,58.300,0.44,15986.000013072044
5903,OK,58.300,0.44,15872.60002270341
5904,OK,52.100,0.44,15921.29998607561
5905,OK,72.900,0.44,15887.40001898259
5906,OK,74.400,0.44,15894.60001559928
5907,OK,71.200,0.44,15889.999980572611
5908,OK,52.700,0.44,15885.000000707805
5909,OK,65.300,0.44,15906.59999055788
5910,OK,56.500,0.44,15921.799989882857
5911,OK,59.600,0.44,15893.700008746237
5912,OK,53.400,0.44,15893.500007223338
5913,OK,74.100,0.44,15888.70002888143
5914,OK,55.200,0.44,15900.60000307858
5915,OK,56.300,0.44,15879.700018558651
5916,OK,59.000,0.44,15904.399973805994
5917,OK,89.700,0.44,15845.599991735071
5918,OK,58.700,0.44,15915.199997834861
5919,OK,69.100,0.44,15895.200020167977
5920,OK,73.200,0.44,15820.900036487728
5921,OK,53.700,0.44,16027.9999836348
5922,OK,55.200,0.44,15899.19999241829
5923,OK,53.900,0.44,15908.200002741069
5924,OK,57.600,0.44,15827.299968805164
5925,OK,52.400,0.44,15995.799971278757
5926,OK,52.900,0.44,15922.999999020249
5927,OK,60.200,0.44,15912.099974229932
5928,OK,54.000,0.44,15878.599951975048
5929,OK,54.900,0.44,15927.30003176257
5930,OK,53.700,0.44,15915.900003165007
5931,OK,53.300,0.44,15917.700016871095
5932,OK,64.700,0.44,15884.899999946356
5933,OK,65.300,0.44,16070.800018496811
5934,OK,199.900,0.44,15527.400013525039
5935,OK,55.100,0.44,15908.899949863553
5936,OK,62.400,0.44,15889.100031927228
5937,OK,60.500,0.44,15916.79995181039
5938,OK,55.500,0.44,15899.399993941188
5939,OK,61.000,0.44,15905.599982943386
5940,OK,55.800,0.44,15869.800001382828
5941,OK,56.000,0.44,15960.499993525445
5942,OK,62.900,0.44,15860.799991060048
5943,OK,59.800,0.44,15895.000018645078
5944,OK,59.900,0.44,15914.299990981817
5945,OK,50.500,0.44,15922.6999967359
5946,OK,50.900,0.44,15910.599962808192
5947,OK,68.600,0.44,15908.200002741069
5948,OK,64.300,0.44,15888.100024312735
5949,OK,50.100,0.44,15971.300017554313
5950,OK,50.400,0.44,15852.500044275075
5951,OK,51.400,0.44,15870.000002905726
5952,OK,82.900,0.44,15899.09999165684
5953,OK,72.100,0.44,15905.799984466285
5954,OK,48.800,0.44,15923.300001304597
5955,OK,50.800,0.44,15856.600017286837
5956,OK,51.100,0.44,15970.400010701269
5957,OK,57.300,0.44,15921.19998531416
5958,OK,83.900,0.44,15880.199964158237
5959,OK,53.500,0.44,15851.499978452921
5960,OK,49.100,0.44,16016.10000943765
5961,OK,60.600,0.44,15876.99999799952
5962,OK,61.300,0.44,15914.099989458919
5963,OK,52.000,0.44,15834.100020583719
5964,OK,52.600,0.44,15930.499997921288
5965,OK,62.000,0.44,15920.899983029813
5966,OK,52.400,0.44,15929.399989545345
5967,OK,53.600,0.44,15844.09998031333
5968,OK,53.000,0.44,15987.299964763224
5969,OK,59.300,0.44,15904.89997761324
5970,OK,58.600,0.44,15875.599987339228
5971,OK,57.700,0.44,15906.699991319329
5972,OK,71.400,0.44,15890.399983618408
5973,OK,66.700,0.44,15897.099976427853
5974,OK,59.700,0.44,15836.300037335604
5975,OK,87.200,0.44,15846.900001633912
5976,OK,72.400,0.44,15919.89997541532
5977,OK,58.500,0.44,15875.200042501092
5978,OK,79.100,0.44,15914.600051473826
5979,OK,59.800,0.44,15878.100006375462
5980,OK,56.800,0.44,15913.89998793602
5981,OK,54.400,0.44,15919.200028292835
5982,OK,59.800,0.44,15908.300003502518
5983,OK,60.600,0.44,15898.99999089539
5984,OK,57.000,0.44,15899.799996986985
5985,OK,52.500,0.44,15893.500007223338
5986,OK,55.200,0.44,15929.199988022447
5987,OK,72.200,0.44,15892.199997324497
5988,OK,67.900,0.44,15903.800027444959
5989,OK,71.600,0.44,15872.899966780096
5990,OK,55.900,0.44,15905.199979897588
5991,OK,56.200,0.44,15885.90000756085
5992,OK,59.800,0.44,15922.199992928654
5993,OK,56.900,0.44,15916.79995181039
5994,OK,50.100,0.44,15826.700022444129
5995,OK,62.700,0.44,15952.699992340058
5996,OK,47.800,0.44,15916.499949526042
5997,OK,58.100,0.44,15902.20001526177
5998,OK,52.000,0.44,15852.400043513626
5999,OK,51.000,0.44,16025.20002052188
6000,OK,52.300,0.44,15931.000001728535
6001,OK,63.200,0.44,15762.70000077784
6002,OK,55.500,0.44,15803.800022695214
6003,OK,55.700,0.44,15890.799986664206
6004,OK,54.400,0.44,16003.999975509942
6005,OK,58.500,0.44,15861.899999435991
6006,OK,50.100,0.44,15880.899969488382
6007,OK,53.400,0.44,15950.79997787252
6008,OK,55.700,0.44,15903.50002516061
6009,OK,56.800,0.44,15908.800007309765
6010,OK,54.200,0.44,15883.700049016625
6011,OK,61.600,0.44,15900.200000032783
6012,OK,54.300,0.44,15903.800027444959
6013,OK,52.900,0.44,15922.499995213002
6014,OK,55.400,0.44,15890.100039541721
6015,OK,53.700,0.44,15945.600054692477
6016,OK,64.900,0.44,15875.699988100678
6017,OK,71.400,0.44,15929.200046230108
6018,OK,58.100,0.44,15891.299990471452
6019,OK,56.700,0.44,15899.399993941188
6020,OK,51.900,0.44,15925.100015010685
6021,OK,51.400,0.44,15897.299977950752
6022,OK,51.700,0.44,15918.800025247037
6023,OK,57.000,0.44,15916.100004687905
6024,OK,57.800,0.44,15953.499998431653
6025,OK,60.700,0.44,15862.600004766136
6026,OK,56.900,0.44,15934.200026094913
6027,OK,55.600,0.44,15943.400037940592
6028,OK,69.600,0.44,15869.49999909848
6029,OK,71.900,0.44,15914.999996311963
6030,OK,53.200,0.44,15855.400008149445
6031,OK,52.400,0.44,15905.499982181937
6032,OK,52.500,0.44,15917.299955617636
6033,OK,55.800,0.44,15910.000016447157
6034,OK,52.200,0.44,15905.899985227734
6035,OK,52.000,0.44,15957.099967636168
6036,OK,51.700,0.44,15859.899984207004
6037,OK,53.300,0.44,15915.600000880659
6038,OK,56.300,0.44,15907.90000045672
6039,OK,59.800,0.44,15909.000008832663
6040,OK,59.100,0.44,15916.600008495152
6041,OK,109.700,0.44,15742.299961857498
6042,OK,58.200,0.44,16041.699971538037
6043,OK,63.800,0.44,15841.200016438961
6044,OK,55.200,0.44,15935.899980831891
6045,OK,59.100,0.44,15865.299967117608
6046,OK,56.100,0.44,15930.19999563694
6047,OK,62.200,0.44,15924.100007396191
6048,OK,60.600,0.44,15892.600000370294
6049,OK,48.900,0.44,15924.600011203438
6050,OK,49.400,0.44,15934.299968648702
6051,OK,52.000,0.44,15913.700044620782
6052,OK,62.500,0.44,15781.600028276443
6053,OK,77.500,0.44,15873.999975156039
6054,OK,61.400,0.44,15885.8000067994
6055,OK,56.400,0.44,15934.60002914071
6056,OK,67.100,0.44,15896.599972620606
6057,OK,67.800,0.44,15897.299977950752
6058,OK,53.300,0.44,15911.1000248231
6059,OK,52.600,0.44,15958.999982103705
6060,OK,56.200,0.44,15843.400033190846
6061,OK,54.300,0.44,15930.599998682737
6062,OK,58.000,0.44,15867.89998691529
6063,OK,68.000,0.44,15926.600026432425
6064,OK,54.700,0.44,15854.299999773502
6065,OK,59.700,0.44,15924.799954518676
6066,OK,58.200,0.44,15900.900005362928
6067,OK,49.900,0.44,15877.300000283867
6068,OK,53.600,0.44,15945.399994961917
6069,OK,51.500,0.44,15920.599980745465
6070,OK,67.000,0.44,15895.499964244664
6071,OK,54.500,0.44,15899.799996986985
6072,OK,58.100,0.44,15887.000015936792
6073,OK,62.300,0.44,15909.799956716597
6074,OK,85.600,0.44,15864.700020756572
6075,OK,56.100,0.44,15906.59999055788
6076,OK,67.700,0.44,15872.000018134713
6077,OK,62.300,0.44,15900.200000032783
6078,OK,56.200,0.44,15930.09999487549
6079,OK,58.900,0.44,15885.500004515052
6080,OK,59.500,0.44,15848.70001534
6081,OK,71.800,0.44,15954.200003761798
6082,OK,51.000,0.44,15916.000003926456
6083,OK,56.600,0.44,15906.299988273531
6084,OK,69.200,0.44,15839.200001209974
6085,OK,47.100,0.44,15976.19999665767
6086,OK,51.900,0.44,15910.300018731505
6087,OK,52.400,0.44,15903.899969998747
6088,OK,58.900,0.44,15905.600041151047
6089,OK,46.500,0.44,15904.400032013655
6090,OK,52.100,0.44,15906.39998903498
6091,OK,50.500,0.44,15914.199990220368
6092,OK,46.600,0.44,15975.599992088974
6093,OK,51.400,0.44,15867.399983108044
6094,OK,54.700,0.44,15940.400015097111
6095,OK,53.000,0.44,15860.299987252802
6096,OK,52.700,0.44,15934.80003066361
6097,OK,67.500,0.44,15904.199972283095
6098,OK,55.500,0.44,15888.999972958118
6099,OK,63.300,0.44,15915.199997834861
6100,OK,55.900,0.44,15893.10000417754
6101,OK,57.900,0.44,16050.40003778413
6102,OK,110.600,0.44,15450.700011570007
6103,OK,65.600,0.44,15914.299990981817
6104,OK,57.900,0.44,15899.499994702637
6105,OK,59.900,0.44,15864.299959503114
6106,OK,57.000,0.44,15949.100023135543
6107,OK,54.200,0.44,15948.600019328296
6108,OK,57.500,0.44,15860.4999887757
6109,OK,60.900,0.44,15898.499987088144
6110,OK,46.600,0.44,15913.300041574985
6111,OK,51.500,0.44,15922.300051897764
6112,OK,67.300,0.44,15905.499982181937
6113,OK,67.400,0.44,15885.300002992153
6114,OK,49.500,0.44,15855.600009672344
6115,OK,63.000,0.44,15955.50001366064
6116,OK,67.400,0.44,15907.599998172373
6117,OK,58.200,0.44,15966.400038450956
6118,OK,57.900,0.44,15893.900010269135
6119,OK,52.400,0.44,15802.400012034923
6120,OK,49.900,0.44,16034.999978728592
6121,OK,50.400,0.44,15864.300017710775
6122,OK,64.400,0.44,15975.499991327524
6123,OK,118.400,0.44,15753.499988932163
6124,OK,55.700,0.44,15953.699999954551
6125,OK,71.800,0.44,15928.59998345375
6126,OK,57.200,0.44,15909.40001187846
6127,OK,56.300,0.44,15904.000028967857
6128,OK,54.600,0.44,15884.000051300973
6129,OK,58.400,0.44,15897.5999802351
6130,OK,53.300,0.44,15936.799987684935
6131,OK,61.100,0.44,15890.899987425655
6132,OK,53.000,0.44,15925.80002034083
6133,OK,53.800,0.44,16052.899998612702
6134,OK,159.900,0.44,15591.599978506565
6135,OK,55.500,0.44,15902.199957054108
6136,OK,57.600,0.44,15925.399959087372
6137,OK,73.300,0.44,15888.099966105074
6138,OK,75.800,0.44,15843.900036998093
6139,OK,68.600,0.44,15961.900004185736
6140,OK,63.300,0.44,15902.700019069016
6141,OK,61.700,0.44,15841.699962038547
6142,OK,53.500,0.44,15958.899981342256
6143,OK,59.200,0.44,15886.300010606647
6144,OK,56.600,0.44,15932.400012388825
6145,OK,63.200,0.44,15830.89999621734
6146,OK,61.100,0.44,15952.799993101507
6147,OK,70.100,0.44,15841.000014916062
6148,OK,61.800,0.44,15895.799966529012
6149,OK,58.300,0.44,15905.799984466285
6150,OK,53.900,0.44,15913.299983367324
6151,OK,64.100,0.44,15824.699949007481
6152,OK,61.900,0.44,15942.800033371896
6153,OK,58.800,0.44,15941.399964503944
6154,OK,59.400,0.44,15751.699975226074
6155,OK,78.500,0.44,16060.800000559539
6156,OK,86.600,0.44,15698.299976065755
6157,OK,72.100,0.44,15935.99998159334
6158,OK,55.900,0.44,15847.000002395362
6159,OK,54.100,0.44,16034.699976444244
6160,OK,59.000,0.44,15892.499999608845
6161,OK,59.100,0.44,15908.00000121817
6162,OK,56.100,0.44,15833.200013730675
6163,OK,53.500,0.44,15945.599996484816
6164,OK,57.000,0.44,15928.79998497665
6165,OK,78.500,0.44,15866.300032939762
6166,OK,62.800,0.44,15876.199991907924
6167,OK,57.100,0.44,15910.800022538751
6168,OK,53.800,0.44,15943.199978210032
6169,OK,58.300,0.44,15894.999960437417
6170,OK,66.800,0.44,15809.100004844368
6171,OK,56.300,0.44,15954.800008330494
6172,OK,56.200,0.44,15920.500038191676
6173,OK,56.500,0.44,15901.700011454523
6174,OK,50.400,0.44,15912.699978798628
6175,OK,49.300,0.44,15904.400032013655
6176,OK,54.800,0.44,15860.199986491352
6177,OK,58.800,0.44,15998.100046999753
6178,OK,69.300,0.44,15883.899992331862
6179,OK,75.500,0.44,15828.400035388768
6180,OK,71.800,0.44,15899.699996225536
6181,OK,92.800,0.44,15879.500017035753
6182,OK,62.300,0.44,15904.200030490756
6183,OK,81.400,0.44,15876.400051638484
6184,OK,52.700,0.44,15891.999995801598
6185,OK,62.500,0.44,15897.999983280897
6186,OK,59.400,0.44,15908.900008071214
6187,OK,62.700,0.44,15876.199991907924
6188,OK,64.200,0.44,15883.300045970827
6189,OK,58.000,0.44,15865.699970163405
6190,OK,61.500,0.44,15928.6999842152
6191,OK,54.300,0.44,15936.19998311624
6192,OK,48.300,0.44,15919.90003362298
6193,OK,66.300,0.44,15880.100021604449
6194,OK,68.200,0.44,15963.400015607476
6195,OK,58.300,0.44,15846.800000872463
6196,OK,111.800,0.44,15929.999994114041
6197,OK,56.300,0.44,15853.299992159009
6198,OK,50.800,0.44,15944.199985824525
6199,OK,62.400,0.44,15854.60000205785
6200,OK,52.500,0.44,15951.699984725565
6201,OK,59.000,0.44,15754.699998069555
6202,OK,63.200,0.44,16180.80004118383
6203,OK,114.600,0.44,15522.100031375885
6204,OK,55.400,0.44,15851.999982260168
6205,OK,49.500,0.44,15888.099966105074
6206,OK,61.800,0.44,15886.300010606647
6207,OK,67.000,0.44,15890.799986664206
6208,OK,68.000,0.44,15938.900003675371
6209,OK,49.000,0.44,15913.800045382231
6210,OK,56.500,0.44,15947.90001399815
6211,OK,57.300,0.44,15908.600005786866
6212,OK,61.300,0.44,15890.599985141307
6213,OK,56.800,0.44,15887.900022789836
6214,OK,59.100,0.44,15911.1000248231
6215,OK,57.100,0.44,15844.399982597679
6216,OK,57.300,0.44,15914.299990981817
6217,OK,65.800,0.44,15897.999983280897
6218,OK,56.200,0.44,15904.499974567443
6219,OK,50.800,0.44,15923.200000543147
6220,OK,58.600,0.44,15895.400021690875
6221,OK,47.500,0.44,15932.200010865927
6222,OK,61.000,0.44,15894.59995739162
6223,OK,61.400,0.44,15926.999971270561
6224,OK,48.100,0.44,15936.30004208535
6225,OK,46.200,0.44,15896.899974904954
6226,OK,49.600,0.44,15931.100002489984
6227,OK,51.700,0.44,15912.099974229932
6228,OK,47.300,0.44,15873.999975156039
6229,OK,51.300,0.44,15938.800002913922
6230,OK,52.600,0.44,15908.400004263967
6231,OK,92.000,0.44,15905.299980659038
6232,OK,53.900,0.44,15875.799988862127
6233,OK,46.300,0.44,15953.499998431653
6234,OK,69.200,0.44,15905.899985227734
6235,OK,68.400,0.44,15903.699968475848
6236,OK,56.800,0.44,15910.200017970055
6237,OK,56.100,0.44,15896.499971859157
6238,OK,54.000,0.44,15915.800002403557
6239,OK,48.800,0.44,15900.50000231713
6240,OK,52.600,0.44,15941.500023473054
6241,OK,51.700,0.44,15912.39997651428
6242,OK,54.200,0.44,15908.800007309765
6243,OK,94.400,0.44,15882.79998395592
6244,OK,51.600,0.44,15912.39997651428
6245,OK,59.000,0.44,15893.20000493899
6246,OK,56.900,0.44,15929.899993352592
6247,OK,50.200,0.44,15910.299960523844
6248,OK,70.400,0.44,15879.300015512854
6249,OK,65.300,0.44,15930.09999487549
6250,OK,61.500,0.44,15910.199959762394
6251,OK,55.700,0.44,15909.60001340136
6252,OK,55.600,0.44,15894.59995739162
6253,OK,55.800,0.44,15925.899962894619
6254,OK,59.300,0.44,15863.699954934418
6255,OK,55.300,0.44,15923.099999781698
6256,OK,47.200,0.44,15903.199964668602
6257,OK,62.400,0.44,15867.799986153841
6258,OK,61.900,0.44,15904.799976851791
6259,OK,49.800,0.44,15952.899993862957
6260,OK,49.200,0.44,15894.999960437417
6261,OK,86.400,0.44,15881.599974818528
6262,OK,67.700,0.44,15895.899967290461
6263,OK,63.300,0.44,15846.599999349564
6264,OK,73.300,0.44,15968.79999851808
6265,OK,58.600,0.44,15882.300038356334
6266,OK,62.000,0.44,15889.800037257373
6267,OK,51.200,0.44,15862.799948081374
6268,OK,56.400,0.44,16058.699984569103
6269,OK,60.000,0.44,15814.999991562217
6270,OK,61.500,0.44,15911.999973468482
6271,OK,57.900,0.44,15839.300001971424
6272,OK,57.100,0.44,15979.400021024048
6273,OK,58.200,0.44,15852.600045036525
6274,OK,59.800,0.44,15927.399974316359
6275,OK,56.400,0.44,15852.599986828864
6276,OK,48.700,0.44,16000.400006305426
6277,OK,55.200,0.44,15855.500008910894
6278,OK,58.000,0.44,15907.799999695271
6279,OK,52.900,0.44,15899.699996225536
6280,OK,67.300,0.44,15918.100019916892
6281,OK,62.000,0.44,15912.39997651428
6282,OK,58.600,0.44,15887.600020505488
6283,OK,79.900,0.44,15860.4999887757
6284,OK,80.100,0.44,15987.900027539581
6285,OK,77.000,0.44,15789.700031746179
6286,OK,54.200,0.44,15900.60000307858
6287,OK,55.300,0.44,15920.199977699667
6288,OK,91.400,0.44,15852.299984544516
6289,OK,71.100,0.44,15880.000020843
6290,OK,70.500,0.44,15908.200002741069
6291,OK,53.600,0.44,15910.200017970055
6292,OK,71.900,0.44,15892.199997324497
6293,OK,54.400,0.44,15912.50003548339
6294,OK,51.200,0.44,15906.699991319329
6295,OK,50.600,0.44,15951.700042933226
6296,OK,56.300,0.44,15872.000018134713
6297,OK,57.000,0.44,15902.099956292659
6298,OK,69.500,0.44,15890.799986664206
6299,OK,67.000,0.44,15907.699998933822
6300,OK,52.500,0.44,15915.199997834861
6301,OK,55.600,0.44,15785.600000526756
6302,OK,77.100,0.44,15899.499994702637
6303,OK,84.200,0.44,15885.8000067994
6304,OK,57.100,0.44,15904.600033536553
6305,OK,55.400,0.44,15897.49997947365
6306,OK,50.700,0.44,15942.699974402785
6307,OK,55.100,0.44,15964.40002322197
6308,OK,87.500,0.44,15745.399985462427
6309,OK,55.500,0.44,15865.20002456382
6310,OK,72.100,0.44,15938.199998345226
6311,OK,51.600,0.44,15930.800000205636
6312,OK,65.800,0.44,15907.400054857135
6313,OK,68.500,0.44,15910.299960523844
6314,OK,72.400,0.44,15906.699991319329
6315,OK,58.700,0.44,15855.800011195242
6316,OK,71.600,0.44,15845.500049181283
6317,OK,69.600,0.44,15880.299964919686
6318,OK,104.800,0.44,15898.400044534355
6319,OK,52.400,0.44,15914.899995550513
6320,OK,56.900,0.44,15920.700039714575
6321,OK,59.200,0.44,15899.699996225536
6322,OK,52.500,0.44,15799.600048922002
6323,OK,69.100,0.44,15979.800024069846
6324,OK,54.900,0.44,15895.800024736673
6325,OK,61.500,0.44,15921.099984552711
6326,OK,54.100,0.44,15839.79994757101
6327,OK,54.900,0.44,15989.39998075366
6328,OK,58.400,0.44,15910.399961285293
6329,OK,68.700,0.44,15896.30002854392
6330,OK,68.400,0.44,15823.900001123548
6331,OK,65.200,0.44,15998.099988792092
6332,OK,53.600,0.44,15897.799981757998
6333,OK,73.700,0.44,15866.800036747009
6334,OK,84.200,0.44,16178.600024431944
6335,OK,172.500,0.44,15487.600001506507
6336,OK,70.800,0.44,15766.799973789603
6337,OK,56.200,0.44,15904.000028967857
6338,OK,58.800,0.44,15887.999965343624
6339,OK,56.300,0.44,15954.600006807595
6340,OK,57.100,0.44,15868.599992245436
6341,OK,50.200,0.44,15905.199979897588
6342,OK,59.700,0.44,15923.099999781698
6343,OK,50.000,0.44,15898.499987088144
6344,OK,53.600,0.44,15919.000026769936
6345,OK,70.900,0.44,15891.5999927558
6346,OK,71.500,0.44,15953.099995385855
6347,OK,56.500,0.44,15928.200038615614
6348,OK,61.500,0.44,15891.100047156215
6349,OK,55.100,0.44,15933.900023810565
6350,OK,54.900,0.44,15889.700036495924
6351,OK,56.900,0.44,15909.900015685707
6352,OK,56.100,0.44,15859.499981161207
6353,OK,70.600,0.44,15948.900021612644
6354,OK,52.800,0.44,15895.299962721765
6355,OK,73.700,0.44,15845.599991735071
6356,OK,64.100,0.44,15883.899992331862
6357,OK,51.200,0.44,15909.60001340136
6358,OK,73.100,0.44,15901.300008408725
6359,OK,61.700,0.44,15878.399950452149
6360,OK,76.500,0.44,15820.999979041517
6361,OK,70.500,0.44,15919.299970846623
6362,OK,52.300,0.44,15919.399971608073
6363,OK,61.600,0.44,15881.600033026189
6364,OK,53.000,0.44,15982.600045390427
6365,OK,59.700,0.44,15836.599981412292
6366,OK,61.700,0.44,15922.600054182112
6367,OK,59.700,0.44,15913.699986413121
6368,OK,68.900,0.44,15896.999975666404
6369,OK,59.900,0.44,15876.499994192272
6370,OK,52.000,0.44,15939.400007482618
6371,OK,54.600,0.44,15918.599965516478
6372,OK,71.600,0.44,15895.699965767562
6373,OK,71.400,0.44,15871.600015088916
6374,OK,75.300,0.44,15944.099985063076
6375,OK,55.700,0.44,15894.100011792034
6376,OK,54.000,0.44,15915.900003165007
6377,OK,62.900,0.44,15881.399973295629
6378,OK,54.800,0.44,15930.900000967085
6379,OK,58.200,0.44,15896.399971097708
6380,OK,47.600,0.44,15914.399991743267
6381,OK,49.400,0.44,15913.89998793602
6382,OK,49.200,0.44,15910.79996433109
6383,OK,47.700,0.44,15921.999991405755
6384,OK,54.100,0.44,15919.500030577183
6385,OK,104.300,0.44,15859.799983445555
6386,OK,57.500,0.44,15925.100015010685
6387,OK,71.000,0.44,15852.799988351762
6388,OK,53.500,0.44,15898.900048341602
6389,OK,55.000,0.44,15911.800030153245
6390,OK,52.400,0.44,15940.800018142909
6391,OK,55.200,0.44,15865.600027609617
6392,OK,45.900,0.44,15916.000003926456
6393,OK,50.200,0.44,15921.499987598509
6394,OK,53.700,0.44,15928.899985738099
6395,OK,53.100,0.44,15903.70002668351
6396,OK,46.900,0.44,15888.799971435219
6397,OK,46.600,0.44,15932.000009343028
6398,OK,48.500,0.44,15941.799967549741
6399,OK,56.900,0.44,15908.900008071214
6400,OK,65.100,0.44,15860.399988014251
6401,OK,48.200,0.44,15890.20004030317
6402,OK,55.400,0.44,15910.199959762394
6403,OK,58.000,0.44,15920.599980745465
6404,OK,53.600,0.44,15904.400032013655
6405,OK,65.600,0.44,15904.200030490756
6406,OK,51.700,0.44,15920.00003438443
6407,OK,59.300,0.44,15914.599993266165
6408,OK,60.300,0.44,15862.900007050484
6409,OK,55.600,0.44,15933.799964841455
6410,OK,55.700,0.44,15894.500014837831
6411,OK,54.500,0.44,15856.399957556278
6412,OK,61.500,0.44,15937.299991492182
6413,OK,61.500,0.44,15894.899959675968
6414,OK,46.400,0.44,15881.999977864325
6415,OK,50.600,0.44,15942.299971356988
6416,OK,50.100,0.44,15929.099987260997
6417,OK,52.500,0.44,15898.600046057254
6418,OK,56.100,0.44,15933.10001771897
6419,OK,47.400,0.44,15909.899957478046
6420,OK,48.800,0.44,15919.80003286153
6421,OK,48.100,0.44,15913.599985651672
6422,OK,47.100,0.44,15922.299993690103
6423,OK,53.500,0.44,15919.300029054284
6424,OK,48.600,0.44,15920.00003438443
6425,OK,52.400,0.44,15919.200028292835
6426,OK,62.100,0.44,15896.800032351166
6427,OK,67.300,0.44,15915.199997834861
6428,OK,48.200,0.44,15917.800017632544
6429,OK,54.600,0.44,15906.199987512082
6430,OK,48.100,0.44,15903.300023637712
6431,OK,45.300,0.44,15921.099984552711
6432,OK,48.200,0.44,15955.200011376292
6433,OK,52.200,0.44,15899.19999241829
6434,OK,56.200,0.44,15938.800002913922
6435,OK,54.800,0.44,15815.399994608015
6436,OK,69.100,0.44,15955.39995469153
6437,OK,50.100,0.44,15971.200016792864
6438,OK,101.600,0.44,15784.599992912263
6439,OK,61.400,0.44,15843.700035475194
6440,OK,60.100,0.44,16002.999967895448
6441,OK,55.100,0.44,15834.399964660406
6442,OK,60.100,0.44,15909.200010355562
6443,OK,52.800,0.44,15830.599993932992
6444,OK,65.400,0.44,15997.399983461946
6445,OK,58.200,0.44,15904.599975328892
6446,OK,51.300,0.44,15916.599950287491
6447,OK,58.600,0.44,15936.800045892596
6448,OK,49.500,0.44,15826.700022444129
6449,OK,53.900,0.44,15930.19999563694
6450,OK,57.600,0.44,15959.500044118613
6451,OK,55.300,0.44,15895.600023213774
6452,OK,56.800,0.44,15907.90000045672
6453,OK,70.400,0.44,15873.300028033555
6454,OK,65.600,0.44,15907.399996649474
6455,OK,50.400,0.44,15912.50003548339
6456,OK,54.000,0.44,15916.599950287491
6457,OK,57.600,0.44,15899.499994702637
6458,OK,50.200,0.44,15916.600008495152
6459,OK,51.400,0.44,15870.800008997321
6460,OK,57.200,0.44,15951.999987009913
6461,OK,72.300,0.44,15854.299999773502
6462,OK,58.500,0.44,15898.799989372492
6463,OK,56.000,0.44,15969.000000040978
6464,OK,57.100,0.44,15891.099988948554
6465,OK,55.600,0.44,15910.199959762394
6466,OK,64.200,0.44,15901.300008408725
6467,OK,67.700,0.44,15865.700028371066
6468,OK,71.500,0.44,15901.300008408725
6469,OK,72.300,0.44,15894.70001636073
6470,OK,49.900,0.44,15858.500031754375
6471,OK,64.000,0.44,15983.49999403581
6472,OK,59.900,0.44,15902.899962384254
6473,OK,58.300,0.44,15884.19999461621
6474,OK,62.000,0.44,15819.600026588887
6475,OK,56.600,0.44,16018.500027712435
6476,OK,65.300,0.44,15906.299988273531
6477,OK,62.400,0.44,15887.40001898259
6478,OK,65.600,0.44,15831.099997740239
6479,OK,53.500,0.44,15930.900000967085
6480,OK,70.800,0.44,15876.79999647662
6481,OK,86.300,0.44,15881.700033787638
6482,OK,52.800,0.44,15844.000037759542
6483,OK,73.600,0.44,15965.200029313564
6484,OK,52.400,0.44,15893.400006461889
6485,OK,72.200,0.44,15956.100018229336
6486,OK,61.800,0.44,15885.100001469254
6487,OK,50.700,0.44,15905.09997913614
6488,OK,54.900,0.44,15926.400024909526
6489,OK,49.900,0.44,15870.90000975877
6490,OK,52.500,0.44,15947.89995579049
6491,OK,47.300,0.44,15920.299978461117
6492,OK,49.900,0.44,15877.700003329664
6493,OK,64.200,0.44,15895.200020167977
6494,OK,51.300,0.44,15915.50000011921
6495,OK,66.000,0.44,15893.800009507686
6496,OK,65.600,0.44,15909.300011117011
6497,OK,48.300,0.44,15887.600020505488
6498,OK,51.200,0.44,15918.099961709231
6499,OK,53.400,0.44,15917.700016871095
6500,OK,54.000,0.44,15921.099984552711
6501,OK,87.000,0.44,15664.300008211285
6502,OK,61.300,0.44,15979.600022546947
6503,OK,60.800,0.44,15911.499969661236
6504,OK,57.300,0.44,15856.600017286837
6505,OK,55.300,0.44,15861.399995628744
6506,OK,63.400,0.44,15965.400030836463
6507,OK,66.800,0.44,15900.099999271333
6508,OK,72.200,0.44,15890.29998285696
6509,OK,71.900,0.44,15838.999999687076
6510,OK,76.800,0.44,15952.799993101507
6511,OK,54.600,0.44,15889.999980572611
6512,OK,51.400,0.44,15874.10003412515
6513,OK,49.700,0.44,15836.299979127944
6514,OK,48.200,0.44,16003.299970179796
6515,OK,47.400,0.44,15927.900036331266
6516,OK,52.900,0.44,15908.900008071214
6517,OK,55.100,0.44,15899.1000498645
6518,OK,58.500,0.44,15915.700001642108
6519,OK,54.300,0.44,15915.099997073412
6520,OK,53.300,0.44,15907.400054857135
6521,OK,69.800,0.44,15890.799986664206
6522,OK,70.600,0.44,15907.599998172373
6523,OK,52.800,0.44,15924.000006634742
6524,OK,53.000,0.44,15929.499990306795
6525,OK,56.100,0.44,15881.599974818528
6526,OK,56.200,0.44,15911.199967376888
6527,OK,58.100,0.44,15915.199997834861
6528,OK,86.500,0.44,15844.799985643476
6529,OK,67.900,0.44,15904.200030490756
6530,OK,57.500,0.44,15933.900023810565
6531,OK,53.300,0.44,15898.900048341602
6532,OK,54.800,0.44,15890.700044110417
6533,OK,61.300,0.44,15915.39999935776
6534,OK,63.300,0.44,16169.000009540468
6535,OK,184.200,0.44,15435.50001224503
6536,OK,50.500,0.44,15875.300043262541
6537,OK,59.700,0.44,15833.700017537922
6538,OK,59.900,0.44,15848.69995713234
6539,OK,77.600,0.44,15954.200003761798
6540,OK,68.700,0.44,15803.400019649416
6541,OK,50.800,0.44,15976.19999665767
6542,OK,53.200,0.44,15881.100029218942
6543,OK,52.100,0.44,15968.59999699518
6544,OK,55.700,0.44,15793.700003996491
6545,OK,54.900,0.44,15948.300017043948
6546,OK,59.900,0.44,15909.60001340136
6547,OK,54.000,0.44,15889.700036495924
6548,OK,51.600,0.44,15929.199988022447
6549,OK,76.500,0.44,15847.100003156811
6550,OK,64.000,0.44,15942.400030326098
6551,OK,56.400,0.44,15926.499967463315
6552,OK,59.400,0.44,15864.300017710775
6553,OK,60.400,0.44,15908.200002741069
6554,OK,60.100,0.44,15918.899967800826
6555,OK,68.500,0.44,15926.499967463315
6556,OK,60.800,0.44,15844.200039282441
6557,OK,50.600,0.44,15922.599995974451
6558,OK,51.000,0.44,15909.100009594113
6559,OK,50.300,0.44,15911.999973468482
6560,OK,49.600,0.44,15900.800004601479
6561,OK,59.900,0.44,15940.400015097111
6562,OK,48.500,0.44,15881.700033787638
6563,OK,52.400,0.44,15918.50002296269
6564,OK,82.700,0.44,15841.100015677512
6565,OK,79.100,0.44,15990.799991413951
6566,OK,49.900,0.44,15826.50002092123
6567,OK,54.700,0.44,15952.999994624406
6568,OK,58.800,0.44,15901.000006124377
6569,OK,55.500,0.44,15896.999975666404
6570,OK,59.800,0.44,15908.800007309765
6571,OK,51.600,0.44,15899.599995464087
6572,OK,58.500,0.44,15916.100004687905
6573,OK,55.800,0.44,15861.699997913092
6574,OK,63.600,0.44,15953.699999954551
6575,OK,58.300,0.44,15836.499980650842
6576,OK,52.200,0.44,15962.299949023873
6577,OK,63.700,0.44,15976.399998180568
6578,OK,68.100,0.44,15881.899977102876
6579,OK,65.500,0.44,15850.100026000291
6580,OK,54.400,0.44,15917.699958663434
6581,OK,51.700,0.44,15914.499992504716
6582,OK,54.300,0.44,15886.900015175343
6583,OK,54.700,0.44,15925.600018817931
6584,OK,53.900,0.44,15895.200020167977
6585,OK,56.900,0.44,15905.299980659038
6586,OK,59.200,0.44,15904.699976090342
6587,OK,49.000,0.44,15902.10001450032
6588,OK,53.100,0.44,15885.90000756085
6589,OK,50.900,0.44,15937.799995299429
6590,OK,52.900,0.44,15946.700004860759
6591,OK,64.100,0.44,15870.200004428625
6592,OK,60.100,0.44,15897.70003920421
6593,OK,55.900,0.44,15908.10000197962
6594,OK,51.600,0.44,15914.399991743267
6595,OK,52.100,0.44,15893.600007984787
6596,OK,52.400,0.44,15925.500018056482
6597,OK,50.800,0.44,15876.499994192272
6598,OK,57.900,0.44,15946.50000333786
6599,OK,51.600,0.44,15914.199990220368
6600,OK,55.800,0.44,15913.90004614368
6601,OK,77.200,0.44,15785.199997480959
6602,OK,50.900,0.44,15924.700011964887
6603,OK,51.300,0.44,15914.199990220368
6604,OK,72.100,0.44,16087.599971797317
6605,OK,156.900,0.44,15523.900045081973
6606,OK,60.100,0.44,15946.60000409931
6607,OK,60.900,0.44,15874.700038693845
6608,OK,55.500,0.44,15921.50004580617
6609,OK,61.200,0.44,15841.30001720041
6610,OK,56.200,0.44,15914.899995550513
6611,OK,74.700,0.44,15912.40003472194
6612,OK,47.400,0.44,15918.700024485588
6613,OK,47.600,0.44,15915.29999859631
6614,OK,51.200,0.44,15875.499986577779
6615,OK,73.700,0.44,15976.800001226366
6616,OK,64.900,0.44,15896.900033112615
6617,OK,64.700,0.44,15939.10000519827
6618,OK,55.400,0.44,15789.50003022328
6619,OK,60.600,0.44,16002.59996484965
6620,OK,54.800,0.44,15753.600047901273
6621,OK,59.200,0.44,15894.999960437417
6622,OK,58.600,0.44,15809.199947398156
6623,OK,52.700,0.44,15962.300007231534
6624,OK,56.200,0.44,15963.599958922714
6625,OK,57.000,0.44,15922.79999749735
6626,OK,55.000,0.44,15894.000011030585
6627,OK,56.400,0.44,15935.200033709407
6628,OK,71.500,0.44,15885.200002230704
6629,OK,73.900,0.44,15871.500014327466
6630,OK,72.400,0.44,15881.200029980391
6631,OK,54.200,0.44,15935.899980831891
6632,OK,61.300,0.44,15904.000028967857
6633,OK,57.500,0.44,15877.900004852563
6634,OK,53.100,0.44,15924.900013487786
6635,OK,52.000,0.44,15896.199969574809
6636,OK,55.700,0.44,15919.600031338632
6637,OK,51.700,0.44,15837.699989788234
6638,OK,51.800,0.44,15971.600019838661
6639,OK,60.400,0.44,15891.199989710003
6640,OK,78.800,0.44,15838.699997402728
6641,OK,81.600,0.44,15904.499974567443
6642,OK,81.800,0.44,15855.300007387996
6643,OK,61.600,0.44,15842.80002862215
6644,OK,80.300,0.44,15871.00001052022
6645,OK,56.800,0.44,15924.499952234328
6646,OK,75.300,0.44,15901.000006124377
6647,OK,55.600,0.44,15848.999959416687
6648,OK,63.300,0.44,15937.000047415495
6649,OK,60.000,0.44,15902.00001373887
6650,OK,63.000,0.44,15903.899969998747
6651,OK,54.700,0.44,15904.699976090342
6652,OK,64.800,0.44,15908.300003502518
6653,OK,48.000,0.44,15845.099987927824
6654,OK,55.600,0.44,15947.99995655194
6655,OK,63.000,0.44,15904.99997837469
6656,OK,54.900,0.44,15906.699991319329
6657,OK,73.300,0.44,15822.399989701807
6658,OK,52.400,0.44,15922.599995974451
6659,OK,69.800,0.44,15921.29998607561
6660,OK,68.600,0.44,15896.899974904954
6661,OK,56.800,0.44,15836.100035812706
6662,OK,56.500,0.44,15939.300006721169
6663,OK,55.900,0.44,15898.599987849593
6664,OK,57.400,0.44,15912.099974229932
6665,OK,56.300,0.44,15871.10001128167
6666,OK,68.900,0.44,15870.200004428625
6667,OK,60.700,0.44,15939.600009005517
6668,OK,52.100,0.44,15965.000027790666
6669,OK,88.000,0.44,15819.800028111786
6670,OK,54.500,0.44,15918.900026008487
6671,OK,56.400,0.44,15856.300015002489
6672,OK,60.400,0.44,15958.39997753501
6673,OK,74.200,0.44,15889.500034973025
6674,OK,57.300,0.44,15896.500030066818
6675,OK,79.000,0.44,15889.099973719567
6676,OK,57.600,0.44,15851.199976168573
6677,OK,68.400,0.44,15870.000002905726
6678,OK,91.300,0.44,15862.500004004687
6679,OK,86.000,0.44,15874.399978201836
6680,OK,65.500,0.44,15901.400009170175
6681,OK,63.100,0.44,15854.60000205785
6682,OK,84.800,0.44,15864.900022279471
6683,OK,84.100,0.44,15877.900004852563
6684,OK,90.100,0.44,15885.400003753603
6685,OK,108.700,0.44,15809.500007890165
6686,OK,95.200,0.44,15834.899968467653
6687,OK,99.800,0.44,15863.29995188862
6688,OK,104.400,0.44,15934.60002914071
6689,OK,77.700,0.44,15753.099985886365
6690,OK,70.700,0.44,15889.999980572611
6691,OK,84.200,0.44,15881.600033026189
6692,OK,95.700,0.44,15903.200022876263
6693,OK,73.900,0.44,15843.00003014505
6694,OK,69.800,0.44,15846.299997065216
6695,OK,57.700,0.44,15890.29998285696
6696,OK,85.600,0.44,15862.700005527586
6697,OK,85.300,0.44,15887.500019744039
6698,OK,102.200,0.44,15843.699977267534
6699,OK,101.300,0.44,15856.500016525388
6700,OK,81.500,0.44,15888.200025074184
6701,OK,73.200,0.44,15797.699976246804
6702,OK,78.600,0.44,15917.099954094738
6703,OK,57.900,0.44,15888.100024312735
6704,OK,63.000,0.44,15866.400033701211
6705,OK,58.800,0.44,15899.299993179739
6706,OK,54.700,0.44,15918.900026008487
6707,OK,62.500,0.44,15962.300007231534
6708,OK,64.600,0.44,15809.300006367266
6709,OK,52.100,0.44,15923.700004350394
6710,OK,53.100,0.44,15887.499961536378
6711,OK,60.600,0.44,15905.199979897588
6712,OK,55.500,0.44,15918.099961709231
6713,OK,53.600,0.44,15910.79996433109
6714,OK,64.800,0.44,15965.199971105903
6715,OK,56.900,0.44,15853.499993681908
6716,OK,60.600,0.44,15889.600035734475
6717,OK,56.700,0.44,15896.600030828267
6718,OK,53.200,0.44,15915.600000880659
6719,OK,52.300,0.44,15919.399971608073
6720,OK,52.700,0.44,15899.399993941188
6721,OK,56.700,0.44,15917.00001154095
6722,OK,53.800,0.44,15916.100004687905
6723,OK,52.800,0.44,15914.499992504716
6724,OK,57.000,0.44,15910.99996585399
6725,OK,54.400,0.44,15915.800002403557
6726,OK,53.900,0.44,15908.600005786866
6727,OK,86.200,0.44,15828.199975658208
6728,OK,80.600,0.44,15958.100033458322
6729,OK,54.200,0.44,15846.299997065216
6730,OK,64.900,0.44,15936.799987684935
6731,OK,54.400,0.44,15813.699981663376
6732,OK,60.100,0.44,15978.200011886656
6733,OK,53.100,0.44,15927.29997355491
6734,OK,54.500,0.44,15894.200012553483
6735,OK,59.100,0.44,15900.50000231713
6736,OK,55.200,0.44,15947.500010952353
6737,OK,55.300,0.44,15913.800045382231
6738,OK,60.200,0.44,15844.000037759542
6739,OK,54.700,0.44,15917.700016871095
6740,OK,49.200,0.44,15917.800017632544
6741,OK,74.800,0.44,15903.800027444959
6742,OK,67.800,0.44,15851.499978452921
6743,OK,71.200,0.44,15888.300025835633
6744,OK,63.700,0.44,15916.600008495152
6745,OK,53.000,0.44,15889.799979049712
6746,OK,58.800,0.44,15925.000014249235
6747,OK,51.400,0.44,15892.700001131743
6748,OK,57.300,0.44,15903.70002668351
6749,OK,54.600,0.44,15919.100027531385
6750,OK,61.000,0.44,15898.399986326694
6751,OK,58.000,0.44,15922.199992928654
6752,OK,54.600,0.44,15841.700020246208
6753,OK,67.300,0.44,15936.500043608248
6754,OK,57.600,0.44,15916.000003926456
6755,OK,88.800,0.44,15926.000021863729
6756,OK,58.400,0.44,15859.500039368868
6757,OK,128.300,0.44,15904.699976090342
6758,OK,56.100,0.44,15902.900020591915
6759,OK,63.500,0.44,15899.09999165684
6760,OK,57.000,0.44,15914.799994789064
6761,OK,55.900,0.44,15852.499986067414
6762,OK,62.500,0.44,15944.799990393221
6763,OK,54.300,0.44,15884.499996900558
6764,OK,78.600,0.44,15910.500020254403
6765,OK,63.200,0.44,15884.499996900558
6766,OK,79.700,0.44,15882.899984717369
6767,OK,69.100,0.44,15805.700037162751
6768,OK,71.200,0.44,15911.799971945584
6769,OK,63.800,0.44,15919.80003286153
6770,OK,51.200,0.44,15934.300026856363
6771,OK,52.200,0.44,15881.50003226474
6772,OK,49.100,0.44,15941.89996831119
6773,OK,56.800,0.44,15942.799975164235
6774,OK,50.700,0.44,15893.699950538576
6775,OK,63.500,0.44,15896.499971859157
6776,OK,59.300,0.44,15916.500007733703
6777,OK,56.200,0.44,15904.300031252205
6778,OK,52.400,0.44,15896.999975666404
6779,OK,55.800,0.44,15870.000002905726
6780,OK,61.000,0.44,15913.199982605875
6781,OK,57.300,0.44,15953.90000147745
6782,OK,75.200,0.44,15850.299969315529
6783,OK,69.400,0.44,15891.499991994351
6784,OK,74.400,0.44,15901.000006124377
6785,OK,51.000,0.44,15917.100012302399
6786,OK,53.700,0.44,15904.900035820901
6787,OK,51.800,0.44,15919.099969323725
6788,OK,53.600,0.44,15931.69994885102
6789,OK,51.000,0.44,15886.799956206232
6790,OK,51.300,0.44,15964.799968060106
6791,OK,53.800,0.44,15870.800008997321
6792,OK,57.300,0.44,15918.100019916892
6793,OK,62.300,0.44,15881.799976341426
6794,OK,53.900,0.44,15908.900008071214
6795,OK,53.100,0.44,15920.599980745465
6796,OK,69.500,0.44,15897.899982519448
6797,OK,55.800,0.44,15936.19998311624
6798,OK,58.500,0.44,15886.999957729131
6799,OK,59.300,0.44,15911.200025584549
6800,OK,56.600,0.44,15914.699994027615
6801,OK,65.000,0.44,15761.40004908666
6802,OK,59.700,0.44,15847.500006202608
6803,OK,53.000,0.44,15963.600017130375
6804,OK,53.200,0.44,15920.899983029813
6805,OK,59.500,0.44,15863.800013903528
6806,OK,60.900,0.44,15887.30001822114
6807,OK,48.400,0.44,15981.099975761026
6808,OK,55.900,0.44,15941.799967549741
6809,OK,72.200,0.44,15890.000038780272
6810,OK,52.500,0.44,15779.999957885593
6811,OK,48.500,0.44,16044.29999133572
6812,OK,68.100,0.44,15898.699988611042
6813,OK,85.100,0.44,15858.899976592511
6814,OK,51.900,0.44,15912.099974229932
6815,OK,53.100,0.44,15933.20001848042
6816,OK,59.900,0.44,15899.399993941188
6817,OK,53.900,0.44,15909.60001340136
6818,OK,53.800,0.44,15850.799973122776
6819,OK,86.800,0.44,15929.699991829693
6820,OK,70.000,0.44,15896.599972620606
6821,OK,80.500,0.44,15878.50000942126
6822,OK,58.700,0.44,15944.099985063076
6823,OK,67.000,0.44,15873.90003260225
6824,OK,53.800,0.44,15850.600029807538
6825,OK,54.700,0.44,15934.300026856363
6826,OK,52.400,0.44,15890.499984379858
6827,OK,53.300,0.44,15900.300000794232
6828,OK,54.000,0.44,15900.900005362928
6829,OK,53.700,0.44,15961.40000037849
6830,OK,56.900,0.44,15863.70001314208
6831,OK,53.800,0.44,15921.800048090518
6832,OK,60.900,0.44,15888.500027358532
6833,OK,53.600,0.44,15921.19998531416
6834,OK,62.600,0.44,15888.499969150871
6835,OK,66.500,0.44,15911.300026345998
6836,OK,53.000,0.44,15845.999994780868
6837,OK,53.500,0.44,15890.499984379858
6838,OK,52.000,0.44,15917.800017632544
6839,OK,53.300,0.44,15910.099959000945
6840,OK,68.200,0.44,15837.399987503886
6841,OK,62.000,0.44,15863.400010857731
6842,OK,63.100,0.44,15945.899998769164
6843,OK,55.300,0.44,15879.8000193201
6844,OK,81.600,0.44,15890.399983618408
6845,OK,72.600,0.44,15817.70001212135
6846,OK,69.400,0.44,15949.29996645078
6847,OK,61.400,0.44,15876.699995715171
6848,OK,57.600,0.44,15911.599970422685
6849,OK,63.400,0.44,15876.89999723807
6850,OK,60.700,0.44,15936.09998235479
6851,OK,59.700,0.44,15884.29999537766
6852,OK,54.300,0.44,15904.099971521646
6853,OK,53.600,0.44,15920.199977699667
6854,OK,59.800,0.44,15909.60001340136
6855,OK,66.600,0.44,15880.199964158237
6856,OK,51.900,0.44,15908.900008071214
6857,OK,59.900,0.44,15955.29995393008
6858,OK,57.200,0.44,15894.000011030585
6859,OK,62.300,0.44,15906.39998903498
6860,OK,52.800,0.44,15887.40001898259
6861,OK,56.900,0.44,15903.100022114813
6862,OK,60.000,0.44,15940.000012051314
6863,OK,77.500,0.44,15863.000007811934
6864,OK,51.900,0.44,15865.500026848167
6865,OK,60.100,0.44,15959.89998895675
6866,OK,49.400,0.44,15914.699994027615
6867,OK,57.900,0.44,15891.69999351725
6868,OK,57.700,0.44,15910.599962808192
6869,OK,58.700,0.44,15832.600009161979
6870,OK,94.400,0.44,15840.300009585917
6871,OK,73.400,0.44,15868.10004664585
6872,OK,54.500,0.44,15987.900027539581
6873,OK,60.200,0.44,15900.50000231713
6874,OK,60.400,0.44,15882.899984717369
6875,OK,51.500,0.44,15889.399976003915
6876,OK,57.000,0.44,15892.199997324497
6877,OK,76.800,0.44,15935.099974740297
6878,OK,56.500,0.44,15879.79996111244
6879,OK,116.200,0.44,15833.299956284463
6880,OK,68.700,0.44,15953.499998431653
6881,OK,70.800,0.44,15870.000002905726
6882,OK,50.000,0.44,15918.600023724139
6883,OK,54.200,0.44,15885.100001469254
6884,OK,53.900,0.44,15863.60001238063
6885,OK,66.000,0.44,15942.299971356988
6886,OK,52.600,0.44,15909.100009594113
6887,OK,61.300,0.44,15905.20003810525
6888,OK,53.800,0.44,15931.400004774332
6889,OK,53.600,0.44,15904.299973044544
6890,OK,56.500,0.44,15908.500005025417
6891,OK,72.100,0.44,15923.099999781698
6892,OK,52.800,0.44,15890.899987425655
6893,OK,50.100,0.44,15891.5999927558
6894,OK,52.300,0.44,15915.39999935776
6895,OK,56.200,0.44,15892.299998085946
6896,OK,55.200,0.44,15860.4999887757
6897,OK,48.400,0.44,15957.200026605278
6898,OK,50.200,0.44,15974.69998523593
6899,OK,56.100,0.44,15907.599998172373
6900,OK,58.400,0.44,15898.99999089539
6901,OK,68.900,0.44,15778.200002387166
6902,OK,55.600,0.44,15914.299990981817
6903,OK,57.700,0.44,15897.199977189302
6904,OK,59.700,0.44,15880.199964158237
6905,OK,54.400,0.44,15926.900028716773
6906,OK,67.300,0.44,15903.49996695295
6907,OK,72.700,0.44,15890.399983618408
6908,OK,53.300,0.44,15914.600051473826
6909,OK,54.800,0.44,15901.500009931624
6910,OK,52.100,0.44,15928.000037092716
6911,OK,58.000,0.44,15909.000008832663
6912,OK,56.600,0.44,15951.699984725565
6913,OK,55.900,0.44,15865.400026086718
6914,OK,56.400,0.44,15946.700004860759
6915,OK,51.200,0.44,15874.999982770532
6916,OK,55.100,0.44,15936.499985400587
6917,OK,51.900,0.44,15912.700037006289
6918,OK,72.000,0.44,15886.900015175343
6919,OK,68.600,0.44,15903.999970760196
6920,OK,55.200,0.44,15910.300018731505
6921,OK,65.300,0.44,15890.799986664206
6922,OK,53.500,0.44,15911.1000248231
6923,OK,53.400,0.44,16126.000031363219
6924,OK,75.000,0.44,15727.20002150163
6925,OK,52.100,0.44,15856.20001424104
6926,OK,55.900,0.44,15910.400019492954
6927,OK,56.200,0.44,15913.800045382231
6928,OK,58.700,0.44,15931.60000629723
6929,OK,52.700,0.44,15914.599993266165
6930,OK,56.300,0.44,15902.300016023219
6931,OK,58.100,0.44,15922.999999020249
6932,OK,65.900,0.44,15932.499954942614
6933,OK,50.900,0.44,15850.20002676174
6934,OK,69.900,0.44,15955.900016706437
6935,OK,55.600,0.44,15877.500001806766
6936,OK,51.800,0.44,15904.800035059452
6937,OK,60.900,0.44,15946.40000257641
6938,OK,54.400,0.44,15881.700033787638
6939,OK,54.400,0.44,15903.100022114813
6940,OK,63.500,0.44,15901.200007647276
6941,OK,65.300,0.44,15887.000015936792
6942,OK,56.200,0.44,15903.60002592206
6943,OK,48.600,0.44,15893.000003416091
6944,OK,50.300,0.44,15992.100001312792
6945,OK,68.500,0.44,15850.800031330436
6946,OK,116.000,0.44,15829.29998403415
6947,OK,61.200,0.44,15879.099955782294
6948,OK,70.500,0.44,15878.800011705607
6949,OK,52.600,0.44,15941.400022711605
6950,OK,52.500,0.44,15856.300015002489
6951,OK,56.300,0.44,15952.799993101507
6952,OK,61.300,0.44,15870.800008997321
6953,OK,56.900,0.44,15910.800022538751
6954,OK,53.400,0.44,15910.000016447157
6955,OK,53.800,0.44,15896.900033112615
6956,OK,60.100,0.44,15905.600041151047
6957,OK,58.500,0.44,15905.699983704835
6958,OK,59.200,0.44,15831.500000786036
6959,OK,56.900,0.44,16013.499989639968
6960,OK,55.000,0.44,15902.600018307567
6961,OK,54.700,0.44,15856.699959840626
6962,OK,58.100,0.44,15905.1000373438
6963,OK,58.700,0.44,15899.799996986985
6964,OK,54.300,0.44,15905.800042673945
6965,OK,57.700,0.44,15908.900008071214
6966,OK,58.100,0.44,15860.000043176115
6967,OK,50.700,0.44,15997.199981939048
6968,OK,56.000,0.44,15896.199969574809
6969,OK,63.300,0.44,15809.600008651614
6970,OK,53.500,0.44,16012.100037187338
6971,OK,71.200,0.44,15858.099970500916
6972,OK,72.000,0.44,15864.500019233674
6973,OK,64.700,0.44,15918.30002143979
6974,OK,74.700,0.44,15833.300014492124
6975,OK,58.400,0.44,15896.400029305369
6976,OK,62.800,0.44,15959.700045641512
6977,OK,55.800,0.44,15921.899990644306
6978,OK,58.300,0.44,15879.200014751405
6979,OK,52.800,0.44,15914.299990981817
6980,OK,51.800,0.44,15912.899980321527
6981,OK,52.400,0.44,15884.799999184906
6982,OK,67.800,0.44,15881.799976341426
6983,OK,68.200,0.44,15933.399961795658
6984,OK,59.400,0.44,15891.69999351725
6985,OK,54.400,0.44,15879.8000193201
6986,OK,64.000,0.44,15947.99995655194
6987,OK,62.000,0.44,15884.29999537766
6988,OK,53.200,0.44,15857.500024139881
6989,OK,53.800,0.44,15888.80002964288
6990,OK,56.100,0.44,15951.10003836453
6991,OK,52.800,0.44,15904.599975328892
6992,OK,51.800,0.44,15933.299961034209
6993,OK,52.200,0.44,15922.299993690103
6994,OK,61.800,0.44,15918.999968562275
6995,OK,59.500,0.44,15840.700012631714
6996,OK,53.500,0.44,15893.000003416091
6997,OK,58.200,0.44,15923.800005111843
6998,OK,52.100,0.44,15904.799976851791
6999,OK,52.400,0.44,15906.099986750633
7000,OK,49.500,0.44,15891.899995040148
7001,OK,72.200,0.44,15849.800023715943
7002,OK,65.700,0.44,15898.800047580153
7003,OK,53.000,0.44,15957.100025843829
7004,OK,60.700,0.44,15864.500019233674
7005,OK,57.700,0.44,15889.599977526814
7006,OK,49.400,0.44,15949.300024658442
7007,OK,55.800,0.44,15911.199967376888
7008,OK,51.700,0.44,15937.999996822327
7009,OK,71.400,0.44,15837.799990549684
7010,OK,59.200,0.44,15944.700047839433
7011,OK,62.500,0.44,15911.500027868897
7012,OK,55.100,0.44,15904.700034298003
7013,OK,60.300,0.44,15898.99999089539
7014,OK,69.100,0.44,15912.29997575283
7015,OK,57.100,0.44,15883.699990808964
7016,OK,51.200,0.44,15914.799994789064
7017,OK,53.900,0.44,15898.099984042346
7018,OK,58.700,0.44,15912.599978037179
7019,OK,51.600,0.44,15946.50000333786
7020,OK,52.300,0.44,15862.200001720339
7021,OK,52.200,0.44,15979.900024831295
7022,OK,52.600,0.44,15834.700025152415
7023,OK,55.900,0.44,15927.09997203201
7024,OK,50.800,0.44,15906.100044958293
7025,OK,94.600,0.44,15893.20000493899
7026,OK,54.400,0.44,15911.200025584549
7027,OK,52.100,0.44,15908.700006548315
7028,OK,66.900,0.44,15803.000016603619
7029,OK,55.100,0.44,16055.000014603138
7030,OK,52.800,0.44,15896.10002702102
7031,OK,53.800,0.44,15865.199966356158
7032,OK,51.000,0.44,15900.099999271333
7033,OK,59.900,0.44,15872.300020419061
7034,OK,54.300,0.44,15920.599980745465
7035,OK,54.300,0.44,15941.300021950155
7036,OK,62.800,0.44,15839.100000448525
7037,OK,53.000,0.44,15987.000020686537
7038,OK,51.600,0.44,15880.600025411695
7039,OK,58.900,0.44,15881.699975579977
7040,OK,54.800,0.44,15903.3999661915
7041,OK,49.600,0.44,15944.699989631772
7042,OK,53.400,0.44,15890.999988187104
7043,OK,57.300,0.44,15903.49996695295
7044,OK,54.200,0.44,15899.399993941188
7045,OK,47.700,0.44,15931.100002489984
7046,OK,59.000,0.44,15958.699979819357
7047,OK,58.600,0.44,15856.20001424104
7048,OK,70.600,0.44,15833.500016015023
7049,OK,80.200,0.44,15921.099984552711
7050,OK,62.400,0.44,15890.20004030317
7051,OK,52.700,0.44,15918.899967800826
7052,OK,51.600,0.44,15912.700037006289
7053,OK,64.700,0.44,15919.199970085174
7054,OK,58.300,0.44,15907.399996649474
7055,OK,74.500,0.44,15887.500019744039
7056,OK,77.100,0.44,15852.900047320873
7057,OK,90.800,0.44,15925.59996061027
7058,OK,61.700,0.44,15892.199997324497
7059,OK,55.900,0.44,15897.80003996566
7060,OK,52.300,0.44,15935.899980831891
7061,OK,57.000,0.44,15906.799992080778
7062,OK,51.600,0.44,15955.30001213774
7063,OK,60.800,0.44,15891.499991994351
7064,OK,58.800,0.44,15881.799976341426
7065,OK,64.800,0.44,15933.30001924187
7066,OK,65.700,0.44,15886.000008322299
7067,OK,66.600,0.44,15832.900011446327
7068,OK,114.800,0.44,15826.100017875433
7069,OK,83.200,0.44,15959.099982865155
7070,OK,47.800,0.44,15909.499954432249
7071,OK,49.500,0.44,15882.299980148673
7072,OK,64.100,0.44,15915.800002403557
7073,OK,73.600,0.44,15921.599988359958
7074,OK,87.600,0.44,15744.699980132282
7075,OK,53.700,0.44,15872.50002194196
7076,OK,48.300,0.44,15965.399972628802
7077,OK,52.400,0.44,15917.200013063848
7078,OK,55.100,0.44,15887.999965343624
7079,OK,55.300,0.44,15914.400049950927
7080,OK,49.200,0.44,15953.699999954551
7081,OK,55.200,0.44,15901.600010693073
7082,OK,61.100,0.44,15909.700014162809
7083,OK,72.800,0.44,15876.200050115585
7084,OK,73.600,0.44,15942.399972118437
7085,OK,52.100,0.44,15916.200005449355
7086,OK,62.500,0.44,15897.999983280897
7087,OK,56.700,0.44,15887.299960013479
7088,OK,57.500,0.44,15902.099956292659
7089,OK,53.000,0.44,15957.299969159067
7090,OK,54.300,0.44,15910.9000233002
7091,OK,58.000,0.44,15906.999993603677
7092,OK,58.200,0.44,15874.10003412515
7093,OK,53.500,0.44,15908.00000121817
7094,OK,56.600,0.44,15907.90000045672
7095,OK,57.000,0.44,15922.599995974451
7096,OK,67.000,0.44,15886.400011368096
7097,OK,63.900,0.44,15873.89997439459
7098,OK,50.800,0.44,15909.60001340136
7099,OK,73.100,0.44,15902.299957815558
7100,OK,51.500,0.44,15882.79998395592
7101,OK,61.500,0.44,15821.300039533526
7102,OK,51.900,0.44,15912.39997651428
7103,OK,50.200,0.44,15902.999963145703
7104,OK,58.500,0.44,15929.899993352592
7105,OK,52.700,0.44,15917.700016871095
7106,OK,52.900,0.44,15897.900040727109
7107,OK,81.500,0.44,15905.199979897588
7108,OK,53.500,0.44,15916.300006210804
7109,OK,57.300,0.44,15892.700001131743
7110,OK,70.300,0.44,15905.699983704835
7111,OK,83.800,0.44,15866.60003522411
7112,OK,54.500,0.44,15919.000026769936
7113,OK,44.900,0.44,15911.400027107447
7114,OK,47.200,0.44,15933.499962557107
7115,OK,54.300,0.44,15911.699971184134
7116,OK,57.800,0.44,15893.20000493899
7117,OK,54.500,0.44,15902.600018307567
7118,OK,57.000,0.44,15927.599975839257
7119,OK,59.700,0.44,15906.39998903498
7120,OK,63.400,0.44,15904.499974567443
7121,OK,57.800,0.44,15897.000033874065
7122,OK,53.700,0.44,15898.799989372492
7123,OK,51.600,0.44,15981.099975761026
7124,OK,56.700,0.44,15818.99996381253
7125,OK,65.600,0.44,15914.10004766658
7126,OK,50.800,0.44,15936.09998235479
7127,OK,71.100,0.44,15867.199981585145
7128,OK,58.200,0.44,15936.10004056245
7129,OK,52.000,0.44,15889.600035734475
7130,OK,52.400,0.44,15947.800013236701
7131,OK,57.100,0.44,15864.800021518022
7132,OK,55.200,0.44,15913.199982605875
7133,OK,52.200,0.44,15897.69998099655
7134,OK,56.700,0.44,15905.09997913614
7135,OK,51.900,0.44,15979.300020262599
7136,OK,74.500,0.44,15860.699990298599
7137,OK,82.500,0.44,15863.60001238063
7138,OK,66.100,0.44,15859.09997811541
7139,OK,75.900,0.44,15951.999987009913
7140,OK,57.100,0.44,15885.100001469254
7141,OK,60.700,0.44,15890.899987425655
7142,OK,66.300,0.44,15911.499969661236
7143,OK,87.700,0.44,15847.000002395362
7144,OK,51.800,0.44,15915.600000880659
7145,OK,48.300,0.44,15879.099955782294
7146,OK,55.100,0.44,15951.099980156869
7147,OK,62.400,0.44,15864.400018472224
7148,OK,57.200,0.44,15917.999960947782
7149,OK,52.800,0.44,15954.299946315587
7150,OK,98.500,0.44,15820.899978280067
7151,OK,80.600,0.44,15892.099996563047
7152,OK,62.800,0.44,15877.400001045316
7153,OK,62.900,0.44,15853.299992159009
7154,OK,51.000,0.44,15940.50001585856
7155,OK,50.500,0.44,15957.499970681965
7156,OK,58.400,0.44,15882.299980148673
7157,OK,63.400,0.44,15899.399993941188
7158,OK,51.700,0.44,15928.899985738099
7159,OK,60.700,0.44,15904.500032775104
7160,OK,50.900,0.44,15917.00001154095
7161,OK,53.200,0.44,15908.800007309765
7162,OK,69.900,0.44,15900.60000307858
7163,OK,73.900,0.44,15854.999946895987
7164,OK,74.900,0.44,15872.099960688502
7165,OK,54.800,0.44,15899.599995464087
7166,OK,62.500,0.44,15838.999999687076
7167,OK,89.400,0.44,15889.099973719567
7168,OK,53.500,0.44,15949.200023896992
7169,OK,61.400,0.44,15783.099981490523
7170,OK,58.500,0.44,15914.599993266165
7171,OK,60.200,0.44,15962.000004947186
7172,OK,54.600,0.44,15895.500022452325
7173,OK,58.700,0.44,15855.800011195242
7174,OK,50.000,0.44,15963.200014084578
7175,OK,48.100,0.44,15916.200005449355
7176,OK,61.200,0.44,15883.799991570413
7177,OK,57.800,0.44,15882.200037594885
7178,OK,63.700,0.44,15882.700041402131
7179,OK,65.800,0.44,15990.799991413951
7180,OK,51.900,0.44,15810.0999542512
7181,OK,65.800,0.44,15931.70000705868
7182,OK,50.200,0.44,15955.900016706437
7183,OK,54.100,0.44,15930.599998682737
7184,OK,51.700,0.44,15816.400002222508
7185,OK,48.500,0.44,16006.599995307624
7186,OK,57.600,0.44,15910.99996585399
7187,OK,57.100,0.44,15895.100019406527
7188,OK,52.100,0.44,15866.599977016449
7189,OK,53.800,0.44,15962.100005708635
7190,OK,73.200,0.44,15897.899982519448
7191,OK,56.100,0.44,15887.399960774928
7192,OK,54.600,0.44,15836.9000419043
7193,OK,68.000,0.44,15959.600044880062
7194,OK,56.800,0.44,15850.900032091886
7195,OK,57.800,0.44,15971.900022123009
7196,OK,54.200,0.44,15899.399993941188
7197,OK,58.000,0.44,15872.200019657612
7198,OK,65.400,0.44,15934.300026856363
7199,OK,62.800,0.44,15886.900015175343
7200,OK,56.700,0.44,15874.400036409497
7201,OK,62.900,0.44,16079.89997137338
7202,OK,78.900,0.44,15559.300023596734
7203,OK,59.700,0.44,15968.299994710833
7204,OK,73.200,0.44,15864.900022279471
7205,OK,68.200,0.44,15907.199995126575
7206,OK,65.400,0.44,15935.200033709407
7207,OK,53.300,0.44,15888.400026597083
7208,OK,54.400,0.44,15904.099971521646
7209,OK,53.300,0.44,15882.000036071986
7210,OK,57.300,0.44,15918.099961709231
7211,OK,55.800,0.44,15914.699994027615
7212,OK,54.900,0.44,15901.499951723963
7213,OK,53.100,0.44,15949.799970258027
7214,OK,53.500,0.44,15869.900002144277
7215,OK,55.300,0.44,15916.80001001805
7216,OK,52.500,0.44,15912.50003548339
7217,OK,122.300,0.44,15828.999981749803
7218,OK,68.100,0.44,15906.800050288439
7219,OK,66.100,0.44,15823.899942915887
7220,OK,60.100,0.44,15970.20000917837
7221,OK,58.900,0.44,15948.500018566847
7222,OK,52.500,0.44,15878.899954259396
7223,OK,55.100,0.44,15937.299991492182
7224,OK,55.400,0.44,15852.999989874661
7225,OK,55.700,0.44,15960.799995809793
7226,OK,50.900,0.44,15853.399992920458
7227,OK,51.700,0.44,15881.099971011281
7228,OK,52.400,0.44,15948.800020851195
7229,OK,106.900,0.44,15870.800008997321
7230,OK,59.400,0.44,15906.799992080778
7231,OK,53.700,0.44,15907.600056380033
7232,OK,52.200,0.44,15904.100029729307
7233,OK,56.200,0.44,19093.30004127696
7234,OK,180.600,0.44,23046.2999898009
7235,OK,91.300,0.44,32930.29998894781
7236,OK,91.500,0.44,5886.5000028163195
7237,OK,77.500,0.44,29877.399967517704
7238,OK,122.100,0.44,16281.19999077171
7239,OK,69.600,0.44,22367.300000041723
7240,OK,108.900,0.44,9204.100002534688
7241,OK,64.300,0.44,15847.30000467971
7242,OK,58.700,0.44,15923.200000543147
7243,OK,56.500,0.44,15895.399963483214
7244,OK,64.200,0.44,15976.800001226366
7245,OK,74.900,0.44,15879.90002008155
7246,OK,77.700,0.44,15878.40000865981
7247,OK,58.900,0.44,15941.400022711605
7248,OK,61.200,0.44,15945.999999530613
7249,OK,64.200,0.44,15810.000011697412
7250,OK,53.400,0.44,15891.299990471452
7251,OK,90.000,0.44,15824.700007215142
7252,OK,63.100,0.44,15921.599988359958
7253,OK,51.400,0.44,15904.100029729307
7254,OK,64.100,0.44,15943.999984301627
7255,OK,59.900,0.44,15880.200022365898
7256,OK,66.000,0.44,15879.90002008155
7257,OK,63.200,0.44,15905.00003658235
7258,OK,74.500,0.44,15865.799970924854
7259,OK,68.700,0.44,15900.200000032783
7260,OK,67.200,0.44,15954.500006046146
7261,OK,55.800,0.44,15898.499987088144
7262,OK,60.700,0.44,15893.900010269135
7263,OK,60.200,0.44,15902.599960099906
7264,OK,66.700,0.44,15845.200046896935
7265,OK,58.300,0.44,15948.999964166433
7266,OK,62.400,0.44,15977.300005033612
7267,OK,66.000,0.44,15816.500002983958
7268,OK,57.700,0.44,15903.49996695295
7269,OK,54.800,0.44,15957.599971443415
7270,OK,96.600,0.44,15812.299971003085
7271,OK,57.100,0.44,15900.800004601479
7272,OK,56.600,0.44,15888.100024312735
7273,OK,74.900,0.44,15927.900036331266
7274,OK,59.500,0.44,15922.199992928654
7275,OK,70.300,0.44,15899.399993941188
7276,OK,79.100,0.44,15840.900014154613
7277,OK,57.000,0.44,15968.299994710833
7278,OK,54.800,0.44,15844.799985643476
7279,OK,54.400,0.44,15929.599991068244
7280,OK,55.900,0.44,15871.099953074008
7281,OK,60.600,0.44,15883.399988524616
7282,OK,55.300,0.44,15911.699971184134
7283,OK,64.100,0.44,15897.999983280897
7284,OK,55.900,0.44,15897.49997947365
7285,OK,67.900,0.44,15893.20000493899
7286,OK,60.900,0.44,15883.399988524616
7287,OK,69.200,0.44,15898.499987088144
7288,OK,52.300,0.44,15906.50004800409
7289,OK,65.100,0.44,15902.700019069016
7290,OK,48.900,0.44,15855.100005865097
7291,OK,63.100,0.44,15930.499997921288
7292,OK,53.200,0.44,15910.800022538751
7293,OK,54.300,0.44,15883.999993093312
7294,OK,60.600,0.44,15932.300011627376
7295,OK,63.300,0.44,15897.49997947365
7296,OK,82.600,0.44,15869.39999833703
7297,OK,62.800,0.44,15905.499982181937
7298,OK,59.500,0.44,15888.299967627972
7299,OK,83.400,0.44,15800.799999851733
7300,OK,54.100,0.44,15994.800021871924
7301,OK,57.800,0.44,15766.699973028153
7302,OK,89.900,0.44,15863.599954172969
7303,OK,57.500,0.44,15870.100003667176
7304,OK,70.900,0.44,15984.099998604506
7305,OK,64.100,0.44,15878.499951213598
7306,OK,71.800,0.44,15923.099999781698
7307,OK,57.100,0.44,15780.699963215739
7308,OK,47.600,0.44,16025.899967644364
7309,OK,53.300,0.44,15920.599980745465
7310,OK,58.700,0.44,15899.699996225536
7311,OK,74.800,0.44,15855.900011956692
7312,OK,68.700,0.44,15958.899981342256
7313,OK,59.000,0.44,15834.800025913864
7314,OK,58.900,0.44,15940.400015097111
7315,OK,53.800,0.44,15864.500019233674
7316,OK,83.500,0.44,15868.599992245436
7317,OK,56.000,0.44,15909.50001263991
7318,OK,63.400,0.44,15931.100002489984
7319,OK,54.800,0.44,15917.600016109645
7320,OK,58.800,0.44,15905.599982943386
7321,OK,59.600,0.44,15908.200002741069
7322,OK,61.400,0.44,15898.99999089539
7323,OK,54.900,0.44,15876.79999647662
7324,OK,58.700,0.44,15932.000009343028
7325,OK,70.300,0.44,15878.900012467057
7326,OK,84.100,0.44,15859.599981922656
7327,OK,70.100,0.44,15881.799976341426
7328,OK,69.400,0.44,15961.900004185736
7329,OK,53.700,0.44,15889.399976003915
7330,OK,54.900,0.44,15903.5999677144
7331,OK,54.500,0.44,15909.700014162809
7332,OK,53.500,0.44,15929.700050037354
7333,OK,59.000,0.44,15849.599963985384
7334,OK,59.200,0.44,15894.60001559928
7335,OK,70.100,0.44,15958.899981342256
7336,OK,52.800,0.44,15921.29998607561
7337,OK,68.100,0.44,15855.600009672344
7338,OK,87.300,0.44,15934.999973978847
7339,OK,84.200,0.44,15725.300007034093
7340,OK,105.100,0.44,15860.399988014251
7341,OK,81.400,0.44,15940.400015097111
7342,OK,50.900,0.44,15777.49999705702
7343,OK,58.600,0.44,16025.800025090575
7344,OK,52.600,0.44,15863.900014664978
7345,OK,71.800,0.44,15882.299980148673
7346,OK,55.600,0.44,15915.900003165007
7347,OK,50.000,0.44,15897.199977189302
7348,OK,76.100,0.44,15880.800026934594
7349,OK,50.000,0.44,15916.399948764592
7350,OK,52.900,0.44,15949.39996721223
7351,OK,51.500,0.44,15840.000007301569
7352,OK,66.400,0.44,15889.199974481016
7353,OK,66.200,0.44,15900.400001555681
7354,OK,67.000,0.44,15919.89997541532
7355,OK,61.100,0.44,15899.799996986985
7356,OK,52.700,0.44,15919.400029815733
7357,OK,57.200,0.44,15906.39998903498
7358,OK,56.700,0.44,15916.700009256601
7359,OK,66.100,0.44,15863.800013903528
7360,OK,55.800,0.44,15896.000026259571
7361,OK,55.800,0.44,15966.899984050542
7362,OK,59.600,0.44,15865.10002380237
7363,OK,56.500,0.44,15915.099997073412
7364,OK,63.700,0.44,15905.399981420487
7365,OK,50.000,0.44,15910.299960523844
7366,OK,53.400,0.44,15922.599995974451
7367,OK,73.100,0.44,15863.300010096282
7368,OK,77.900,0.44,15919.200028292835
7369,OK,53.600,0.44,15905.09997913614
7370,OK,57.000,0.44,15902.10001450032
7371,OK,57.300,0.44,15906.899992842227
7372,OK,55.200,0.44,15862.600004766136
7373,OK,56.400,0.44,15878.200007136911
7374,OK,62.100,0.44,15957.699972204864
7375,OK,60.500,0.44,15847.700007725507
7376,OK,58.500,0.44,15897.299977950752
7377,OK,115.900,0.44,15729.399980045855
7378,OK,62.200,0.44,15957.300027366728
7379,OK,61.400,0.44,15962.499950546771
7380,OK,81.300,0.44,15807.399991899729
7381,OK,88.400,0.44,15861.799998674542
7382,OK,78.700,0.44,15946.50000333786
7383,OK,54.300,0.44,15934.900031425059
7384,OK,60.800,0.44,15875.799988862127
7385,OK,59.700,0.44,15874.499978963286
7386,OK,56.600,0.44,15949.49996797368
7387,OK,57.100,0.44,15893.30000570044
7388,OK,55.800,0.44,15952.39999005571
7389,OK,59.100,0.44,15856.10001347959
7390,OK,53.100,0.44,15925.600018817931
7391,OK,57.900,0.44,15904.800035059452
7392,OK,61.400,0.44,15904.599975328892
7393,OK,61.200,0.44,15863.900014664978
7394,OK,53.400,0.44,15953.399997670203
7395,OK,60.900,0.44,15890.599985141307
7396,OK,57.200,0.44,15919.299970846623
7397,OK,51.000,0.44,15902.500017546117
7398,OK,55.700,0.44,15918.50002296269
7399,OK,56.100,0.44,15898.499987088144
7400,OK,53.800,0.44,15921.699989121407
7401,OK,60.400,0.44,15755.000000353903
7402,OK,63.400,0.44,15897.69998099655
7403,OK,86.600,0.44,15867.89998691529
7404,OK,80.500,0.44,15816.09999993816
7405,OK,58.000,0.44,15989.099978469312
7406,OK,64.100,0.44,15883.199987001717
7407,OK,69.700,0.44,15895.600023213774
7408,OK,56.400,0.44,15855.000005103648
7409,OK,73.700,0.44,15896.799974143505
7410,OK,74.800,0.44,15891.7999942787
7411,OK,73.600,0.44,15881.399973295629
7412,OK,49.500,0.44,15894.100011792034
7413,OK,49.200,0.44,15950.89997863397
7414,OK,74.600,0.44,15876.89999723807
7415,OK,71.900,0.44,15886.700013652444
7416,OK,53.700,0.44,15876.99999799952
7417,OK,60.100,0.44,15920.099976938218
7418,OK,51.500,0.44,15948.500018566847
7419,OK,68.200,0.44,15847.700007725507
7420,OK,52.300,0.44,15913.79998717457
7421,OK,53.000,0.44,15913.79998717457
7422,OK,48.000,0.44,15921.30004428327
7423,OK,52.900,0.44,15913.599985651672
7424,OK,63.800,0.44,15907.399996649474
7425,OK,63.700,0.44,15972.200024407357
7426,OK,58.500,0.44,15914.499992504716
7427,OK,54.200,0.44,15896.500030066818
7428,OK,54.300,0.44,15873.099968302995
7429,OK,71.400,0.44,15886.299952398986
7430,OK,53.600,0.44,15939.00000443682
7431,OK,52.400,0.44,15891.7999942787
7432,OK,54.800,0.44,15906.39998903498
7433,OK,54.300,0.44,15926.999971270561
7434,OK,54.900,0.44,15913.79998717457
7435,OK,60.300,0.44,15913.89998793602
7436,OK,74.500,0.44,15921.699989121407
7437,OK,59.600,0.44,15866.499976255
7438,OK,123.200,0.44,15847.20000391826
7439,OK,51.400,0.44,15942.800033371896
7440,OK,52.700,0.44,15888.69997067377
7441,OK,53.300,0.44,15899.399993941188
7442,OK,56.900,0.44,15914.999996311963
7443,OK,54.400,0.44,15888.90003040433
7444,OK,48.700,0.44,15918.900026008487
7445,OK,55.000,0.44,15917.800017632544
7446,OK,69.100,0.44,15965.099970344454
7447,OK,52.900,0.44,15736.20003182441
7448,OK,67.100,0.44,15912.000031676143
7449,OK,64.200,0.44,15886.499953921884
7450,OK,74.000,0.44,15880.499966442585
7451,OK,67.100,0.44,15877.300000283867
7452,OK,95.300,0.44,15882.500039879233
7453,OK,48.100,0.44,15921.599988359958
7454,OK,58.300,0.44,15876.700053922832
7455,OK,90.600,0.44,15827.89997337386
7456,OK,51.700,0.44,15958.899981342256
7457,OK,52.800,0.44,15913.99998869747
7458,OK,52.400,0.44,15905.09997913614
7459,OK,54.600,0.44,15934.70002990216
7460,OK,52.600,0.44,15936.699986923486
7461,OK,68.000,0.44,15871.599956881255
7462,OK,59.300,0.44,15936.800045892596
7463,OK,64.100,0.44,15845.099987927824
7464,OK,52.100,0.44,15969.000000040978
7465,OK,51.000,0.44,15930.09999487549
7466,OK,58.700,0.44,15841.09995746985
7467,OK,59.600,0.44,15938.099997583777
7468,OK,74.000,0.44,15903.50002516061
7469,OK,72.400,0.44,15903.200022876263
7470,OK,67.900,0.44,15893.30000570044
7471,OK,61.600,0.44,15873.099968302995
7472,OK,57.500,0.44,15942.699974402785
7473,OK,77.500,0.44,15883.699990808964
7474,OK,55.700,0.44,15907.499997410923
7475,OK,66.500,0.44,15903.299965430051
7476,OK,69.800,0.44,15891.099988948554
7477,OK,69.100,0.44,15888.299967627972
7478,OK,55.600,0.44,16120.799991767853
7479,OK,76.900,0.44,15626.50001142174
7480,OK,75.500,0.44,15848.799957893789
7481,OK,55.500,0.44,15961.600001901388
7482,OK,93.100,0.44,15827.100025489926
7483,OK,52.500,0.44,15864.400018472224
7484,OK,82.600,0.44,15849.800023715943
7485,OK,56.500,0.44,15923.300001304597
7486,OK,57.200,0.44,15893.500007223338
7487,OK,59.300,0.44,15918.700024485588
7488,OK,51.700,0.44,15903.50002516061
7489,OK,50.700,0.44,15928.500040899962
7490,OK,50.600,0.44,15885.8000067994
7491,OK,46.400,0.44,15985.500009264797
7492,OK,65.100,0.44,15866.699977777898
7493,OK,61.500,0.44,15901.500009931624
7494,OK,54.800,0.44,15951.099980156869
7495,OK,52.500,0.44,15873.89997439459
7496,OK,52.000,0.44,15917.600016109645
7497,OK,56.400,0.44,15910.800022538751
7498,OK,53.400,0.44,15931.000001728535
7499,OK,51.500,0.44,15890.999988187104
7500,OK,54.200,0.44,15921.600046567619
7501,OK,68.900,0.44,15822.799992747605
7502,OK,56.200,0.44,15873.699972871691
7503,OK,64.800,0.44,15904.799976851791
7504,OK,58.300,0.44,15906.899992842227
7505,OK,71.200,0.44,15864.500019233674
7506,OK,104.100,0.44,15835.40003048256
7507,OK,70.500,0.44,15966.300037689507
7508,OK,52.900,0.44,15916.100004687905
7509,OK,50.400,0.44,15909.700014162809
7510,OK,58.300,0.44,15915.700001642108
7511,OK,58.000,0.44,15943.100035656244
7512,OK,58.300,0.44,15879.8000193201
7513,OK,62.300,0.44,15831.900003831834
7514,OK,67.800,0.44,15912.799979560077
7515,OK,52.300,0.44,15916.200005449355
7516,OK,47.400,0.44,15919.199970085174
7517,OK,46.300,0.44,15934.399969410151
7518,OK,48.700,0.44,15923.200000543147
7519,OK,70.100,0.44,15877.500001806766
7520,OK,64.600,0.44,15902.10001450032
7521,OK,53.300,0.44,15868.099988438189
7522,OK,51.300,0.44,15938.800002913922
7523,OK,55.300,0.44,15910.9000233002
7524,OK,53.900,0.44,15906.300046481192
7525,OK,55.700,0.44,15965.000027790666
7526,OK,51.100,0.44,15867.99998767674
7527,OK,50.500,0.44,15907.90000045672
7528,OK,57.100,0.44,15951.999987009913
7529,OK,51.100,0.44,15825.10001026094
7530,OK,54.100,0.44,15993.800014257431
7531,OK,77.900,0.44,15942.299971356988
7532,OK,53.700,0.44,15860.799991060048
7533,OK,59.600,0.44,15844.599984120578
7534,OK,53.800,0.44,15929.999994114041
7535,OK,51.600,0.44,15952.099987771362
7536,OK,58.400,0.44,15912.999981082976
7537,OK,56.400,0.44,15903.400024399161
7538,OK,55.000,0.44,15918.799967039376
7539,OK,57.200,0.44,15909.800014924258
7540,OK,71.800,0.44,15845.300047658384
7541,OK,60.800,0.44,15893.30000570044
7542,OK,55.000,0.44,15896.699973382056
7543,OK,53.900,0.44,15913.099981844425
7544,OK,54.900,0.44,15902.00001373887
7545,OK,53.700,0.44,15924.20000815764
7546,OK,65.400,0.44,15897.60003844276
7547,OK,69.900,0.44,15928.200038615614
7548,OK,53.800,0.44,15904.599975328892
7549,OK,56.700,0.44,15925.69996137172
7550,OK,60.500,0.44,15890.499984379858
7551,OK,68.600,0.44,15904.399973805994
7552,OK,68.400,0.44,15803.399961441755
7553,OK,76.800,0.44,15909.50001263991
7554,OK,61.300,0.44,15847.500006202608
7555,OK,55.600,0.44,15892.800001893193
7556,OK,52.500,0.44,15949.700027704239
7557,OK,69.200,0.44,15841.100015677512
7558,OK,55.200,0.44,15980.900032445788
7559,OK,53.500,0.44,15911.800030153245
7560,OK,128.100,0.44,15792.2999933362
7561,OK,76.000,0.44,15942.199970595539
7562,OK,60.600,0.44,15892.600000370294
7563,OK,60.600,0.44,15904.799976851791
7564,OK,56.900,0.44,15900.200000032783
7565,OK,59.500,0.44,15921.600046567619
7566,OK,57.200,0.44,15900.70000384003
7567,OK,60.200,0.44,15896.09996881336
7568,OK,57.200,0.44,15911.399968899786
7569,OK,63.500,0.44,15887.399960774928
7570,OK,58.600,0.44,15912.49997727573
7571,OK,58.900,0.44,15912.50003548339
7572,OK,55.800,0.44,15890.09998133406
7573,OK,68.000,0.44,15921.29998607561
7574,OK,51.800,0.44,15878.699952736497
7575,OK,53.100,0.44,15913.299983367324
7576,OK,55.800,0.44,15916.80001001805
7577,OK,61.400,0.44,15931.70000705868
7578,OK,53.600,0.44,15907.799999695271
7579,OK,57.600,0.44,15885.000000707805
7580,OK,53.900,0.44,15929.499990306795
7581,OK,67.400,0.44,15872.599964495748
7582,OK,76.000,0.44,15862.200001720339
7583,OK,54.700,0.44,15993.400011211634
7584,OK,71.700,0.44,15805.90003868565
7585,OK,56.200,0.44,15940.60001662001
7586,OK,56.100,0.44,15892.600000370294
7587,OK,76.300,0.44,15934.799972455949
7588,OK,54.200,0.44,15897.399978712201
7589,OK,53.000,0.44,15904.300031252205
7590,OK,55.000,0.44,15911.099966615438
7591,OK,49.200,0.44,15899.299993179739
7592,OK,57.400,0.44,15930.399997159839
7593,OK,55.300,0.44,15910.300018731505
7594,OK,50.000,0.44,15940.099954605103
7595,OK,51.200,0.44,15813.900041393936
7596,OK,51.700,0.44,16005.79998921603
7597,OK,48.100,0.44,15928.400040138513
7598,OK,50.300,0.44,15912.200033199042
7599,OK,68.400,0.44,15870.800008997321
7600,OK,56.700,0.44,15947.700012475252
7601,OK,70.400,0.44,15800.799999851733
7602,OK,103.500,0.44,15838.799998164177
7603,OK,55.500,0.44,15863.000007811934
7604,OK,56.600,0.44,15960.199991241097
7605,OK,51.400,0.44,15862.500004004687
7606,OK,80.700,0.44,15882.599982433021
7607,OK,62.400,0.44,15887.899964582175
7608,OK,61.400,0.44,15862.900007050484
7609,OK,83.900,0.44,15915.600000880659
7610,OK,52.800,0.44,15857.49996593222
7611,OK,54.000,0.44,15928.80004318431
7612,OK,50.600,0.44,15949.599968735129
7613,OK,52.400,0.44,15873.89997439459
7614,OK,74.200,0.44,15948.700020089746
7615,OK,53.300,0.44,15885.100001469254
7616,OK,55.200,0.44,15910.9000233002
7617,OK,59.100,0.44,15913.000039290637
7618,OK,59.100,0.44,15901.000006124377
7619,OK,56.500,0.44,15876.400051638484
7620,OK,51.900,0.44,15921.999991405755
7621,OK,51.100,0.44,15923.700004350394
7622,OK,53.800,0.44,15940.60001662001
7623,OK,52.100,0.44,15884.29999537766
7624,OK,54.300,0.44,15910.499962046742
7625,OK,56.900,0.44,15924.800012726337
7626,OK,69.700,0.44,15896.800032351166
7627,OK,69.900,0.44,15902.999963145703
7628,OK,54.500,0.44,15840.900014154613
7629,OK,57.000,0.44,15849.500021431595
7630,OK,77.600,0.44,15994.200017303228
7631,OK,87.500,0.44,15761.399990879
7632,OK,66.800,0.44,15945.899998769164
7633,OK,80.100,0.44,15838.599996641278
7634,OK,71.800,0.44,15966.399980243295
7635,OK,75.800,0.44,15835.800033528358
7636,OK,54.500,0.44,15883.699990808964
7637,OK,57.100,0.44,15976.299997419119
7638,OK,53.800,0.44,15899.999998509884
7639,OK,95.700,0.44,15848.300012294203
7640,OK,73.400,0.44,15896.199969574809
7641,OK,73.100,0.44,15897.60003844276
7642,OK,58.700,0.44,15804.799972102046
7643,OK,83.500,0.44,15969.500003848225
7644,OK,58.100,0.44,15867.89998691529
7645,OK,61.600,0.44,15918.30002143979
7646,OK,54.100,0.44,15811.300021596253
7647,OK,57.900,0.44,16015.100001823157
7648,OK,60.600,0.44,15885.8000067994
7649,OK,63.200,0.44,15915.699943434447
7650,OK,53.300,0.44,15826.100017875433
7651,OK,60.800,0.44,15988.099970854819
7652,OK,54.700,0.44,15861.799998674542
7653,OK,78.600,0.44,15857.300022616982
7654,OK,76.100,0.44,15816.999948583543
7655,OK,65.700,0.44,15997.599984984845
7656,OK,61.700,0.44,15840.400010347366
7657,OK,56.100,0.44,15865.900029893965
7658,OK,79.500,0.44,15941.599966026843
7659,OK,75.400,0.44,15807.599993422627
7660,OK,69.100,0.44,15967.599989380687
7661,OK,52.200,0.44,15919.400029815733
7662,OK,54.600,0.44,15904.799976851791
7663,OK,56.300,0.44,15900.900005362928
7664,OK,60.600,0.44,15922.6999967359
7665,OK,60.200,0.44,15881.40003150329
7666,OK,55.000,0.44,15925.600018817931
7667,OK,66.400,0.44,15883.399988524616
7668,OK,79.800,0.44,15862.600004766136
7669,OK,70.300,0.44,15911.300026345998
7670,OK,61.200,0.44,15858.400030992925
7671,OK,51.000,0.44,15928.300039377064
7672,OK,62.900,0.44,15891.600050963461
7673,OK,49.700,0.44,15917.499957140535
7674,OK,50.400,0.44,15955.50001366064
7675,OK,52.000,0.44,15901.600010693073
7676,OK,57.300,0.44,15880.699967965484
7677,OK,59.200,0.44,15972.000022884458
7678,OK,64.000,0.44,15839.300001971424
7679,OK,51.800,0.44,15906.799992080778
7680,OK,52.700,0.44,15835.800033528358
7681,OK,70.400,0.44,15837.499988265336
7682,OK,69.500,0.44,15952.699992340058
7683,OK,84.800,0.44,15888.299967627972
7684,OK,92.300,0.44,15846.700000111014
7685,OK,56.400,0.44,15802.400012034923
7686,OK,70.900,0.44,15935.399977024645
7687,OK,55.700,0.44,15904.599975328892
7688,OK,51.200,0.44,15906.899992842227
7689,OK,52.400,0.44,15843.700035475194
7690,OK,53.200,0.44,15958.499978296459
7691,OK,51.100,0.44,15901.500009931624
7692,OK,50.100,0.44,15929.000044707209
7693,OK,56.400,0.44,15906.099986750633
7694,OK,56.100,0.44,15905.899985227734
7695,OK,53.800,0.44,15961.500001139939
7696,OK,57.700,0.44,15849.500021431595
7697,OK,67.300,0.44,15887.500019744039
7698,OK,59.400,0.44,15967.399987857789
7699,OK,51.800,0.44,15850.100026000291
7700,OK,56.700,0.44,15908.400004263967
7701,OK,60.300,0.44,15826.400020159781
7702,OK,56.500,0.44,15880.500024650246
7703,OK,51.200,0.44,15968.899999279529
7704,OK,51.400,0.44,15909.40001187846
7705,OK,55.000,0.44,15885.000000707805
7706,OK,76.500,0.44,15836.099977605045
7707,OK,65.200,0.44,15911.999973468482
7708,OK,53.100,0.44,15894.60001559928
7709,OK,57.600,0.44,15945.299994200468
7710,OK,71.800,0.44,15863.400010857731
7711,OK,61.100,0.44,15929.199988022447
7712,OK,49.500,0.44,15943.800040986389
7713,OK,56.200,0.44,15890.599985141307
7714,OK,53.300,0.44,15908.900008071214
7715,OK,57.800,0.44,15891.899995040148
7716,OK,54.900,0.44,15857.80002642423
7717,OK,56.100,0.44,16002.700023818761
7718,OK,57.100,0.44,15869.599999859929
7719,OK,53.300,0.44,15913.099981844425
7720,OK,54.000,0.44,15917.600016109645
7721,OK,51.600,0.44,15934.200026094913
7722,OK,66.900,0.44,15885.90000756085
7723,OK,71.200,0.44,15886.700013652444
7724,OK,75.800,0.44,15894.000011030585
7725,OK,51.500,0.44,15920.200035907328
7726,OK,49.500,0.44,15916.300006210804
7727,OK,55.500,0.44,15905.800042673945
7728,OK,55.100,0.44,15885.000000707805
7729,OK,51.000,0.44,15917.00001154095
7730,OK,66.900,0.44,15903.200022876263
7731,OK,66.300,0.44,15943.59998125583
7732,OK,52.700,0.44,15945.399994961917
7733,OK,53.600,0.44,15887.800022028387
7734,OK,58.700,0.44,15827.600029297173
7735,OK,74.000,0.44,16187.499975785613
7736,OK,196.200,0.44,15498.100023251027
7737,OK,69.000,0.44,15761.1999893561
7738,OK,67.700,0.44,15913.199982605875
7739,OK,69.700,0.44,15886.400011368096
7740,OK,55.200,0.44,15890.20004030317
7741,OK,56.300,0.44,15908.900008071214
7742,OK,57.600,0.44,15915.29999859631
7743,OK,52.400,0.44,15897.399978712201
7744,OK,55.400,0.44,15910.099959000945
7745,OK,52.200,0.44,15939.499950036407
7746,OK,58.800,0.44,15893.400006461889
7747,OK,58.600,0.44,15882.499981671572
7748,OK,57.500,0.44,15875.40004402399
7749,OK,59.500,0.44,15942.499972879887
7750,OK,62.900,0.44,15917.400014586747
7751,OK,63.700,0.44,15897.300036158413
7752,OK,59.400,0.44,15832.300006877631
7753,OK,69.700,0.44,15923.700004350394
7754,OK,70.100,0.44,15953.699999954551
7755,OK,56.400,0.44,15849.300019908696
7756,OK,76.900,0.44,15857.300022616982
7757,OK,60.500,0.44,15947.200008668005
7758,OK,57.500,0.44,15854.199999012053
7759,OK,62.500,0.44,15902.399958577007
7760,OK,54.200,0.44,16005.399986170232
7761,OK,105.700,0.44,15693.800000008196
7762,OK,53.600,0.44,16002.400021534413
7763,OK,66.600,0.44,15816.899947822094
7764,OK,51.000,0.44,15930.800000205636
7765,OK,65.400,0.44,15960.799995809793
7766,OK,54.700,0.44,15834.699966944754
7767,OK,49.300,0.44,15885.000000707805
7768,OK,48.300,0.44,15991.899999789894
7769,OK,57.100,0.44,15900.099999271333
7770,OK,51.400,0.44,15911.799971945584
7771,OK,54.300,0.44,15903.099963907152
7772,OK,56.600,0.44,15915.600000880659
7773,OK,49.800,0.44,15935.500035993755
7774,OK,53.100,0.44,15889.599977526814
7775,OK,62.700,0.44,15878.30000789836
7776,OK,66.000,0.44,15899.499994702637
7777,OK,75.800,0.44,15912.999981082976
7778,OK,50.700,0.44,15836.299979127944
7779,OK,54.000,0.44,15930.000052321702
7780,OK,62.300,0.44,15926.400024909526
7781,OK,63.300,0.44,15896.09996881336
7782,OK,59.300,0.44,15913.99998869747
7783,OK,58.200,0.44,15926.900028716773
7784,OK,53.600,0.44,15909.199952147901
7785,OK,50.600,0.44,15896.20002778247
7786,OK,63.500,0.44,15880.200022365898
7787,OK,58.200,0.44,16020.59998549521
7788,OK,75.300,0.44,15791.899990290403
7789,OK,53.100,0.44,15915.700001642108
7790,OK,57.500,0.44,15923.099999781698
7791,OK,76.000,0.44,15872.300020419061
7792,OK,71.700,0.44,15904.100029729307
7793,OK,55.900,0.44,15916.299948003143
7794,OK,51.500,0.44,15904.89997761324
7795,OK,56.400,0.44,15905.799984466285
7796,OK,68.100,0.44,15861.699997913092
7797,OK,56.800,0.44,15979.600022546947
7798,OK,54.900,0.44,15855.000005103648
7799,OK,84.700,0.44,15876.700053922832
7800,OK,57.100,0.44,15905.399981420487
7801,OK,91.200,0.44,15761.399990879
7802,OK,62.200,0.44,15898.799989372492
7803,OK,62.700,0.44,15979.500021785498
7804,OK,64.800,0.44,15817.000006791204
7805,OK,66.500,0.44,15898.000041488558
7806,OK,64.700,0.44,15894.999960437417
7807,OK,66.100,0.44,15915.29999859631
7808,OK,70.800,0.44,15888.000023551285
7809,OK,69.100,0.44,15879.500017035753
7810,OK,56.800,0.44,15879.400016274303
7811,OK,70.500,0.44,15917.900018393993
7812,OK,57.400,0.44,15892.800001893193
7813,OK,51.800,0.44,15926.500025670975
7814,OK,53.100,0.44,15901.700011454523
7815,OK,70.400,0.44,15900.999947916716
7816,OK,57.400,0.44,15963.500016368926
7817,OK,59.500,0.44,15901.400009170175
7818,OK,69.300,0.44,15875.199984293431
7819,OK,83.500,0.44,15873.099968302995
7820,OK,69.700,0.44,15909.100009594113
7821,OK,55.700,0.44,15895.600023213774
7822,OK,52.200,0.44,15906.59999055788
7823,OK,57.100,0.44,15901.100006885827
7824,OK,56.300,0.44,15919.999976176769
7825,OK,65.700,0.44,15891.099988948554
7826,OK,49.400,0.44,15891.5999927558
7827,OK,65.500,0.44,15965.499973390251
7828,OK,54.700,0.44,15852.199983783066
7829,OK,65.200,0.44,15901.600010693073
7830,OK,70.700,0.44,15935.799980070442
7831,OK,53.400,0.44,15929.400047753006
7832,OK,67.800,0.44,15832.800010684878
7833,OK,69.500,0.44,15897.60003844276
7834,OK,64.700,0.44,16218.299977481365
7835,OK,173.600,0.44,15378.699987195432
7836,OK,50.800,0.44,15937.59999377653
7837,OK,103.600,0.44,15834.300022106618
7838,OK,93.300,0.44,15769.799996633083
7839,OK,121.900,0.44,15834.500023629516
7840,OK,51.500,0.44,15936.09998235479
7841,OK,54.700,0.44,15827.800030820072
7842,OK,56.200,0.44,15991.399995982647
7843,OK,51.300,0.44,15890.19998209551
7844,OK,50.400,0.44,15917.899960186332
7845,OK,55.600,0.44,15904.199972283095
7846,OK,52.800,0.44,15930.19999563694
7847,OK,63.300,0.44,15890.899987425655
7848,OK,63.000,0.44,15892.700001131743
7849,OK,53.900,0.44,15868.800051975995
7850,OK,48.400,0.44,15947.500010952353
7851,OK,55.700,0.44,15893.800009507686
7852,OK,49.600,0.44,15918.900026008487
7853,OK,51.400,0.44,15914.099989458919
7854,OK,51.900,0.44,15927.20003100112
7855,OK,60.100,0.44,15909.800014924258
7856,OK,57.700,0.44,15864.700020756572
7857,OK,57.400,0.44,15945.399994961917
7858,OK,60.000,0.44,15902.300016023219
7859,OK,83.900,0.44,15844.999987166375
7860,OK,73.600,0.44,15879.90002008155
7861,OK,74.300,0.44,15901.700011454523
7862,OK,57.600,0.44,15863.300010096282
7863,OK,90.900,0.44,15847.800008486956
7864,OK,82.700,0.44,15926.100022625178
7865,OK,53.900,0.44,15882.599982433021
7866,OK,52.900,0.44,15908.500005025417
7867,OK,54.600,0.44,15899.699996225536
7868,OK,53.600,0.44,15908.900008071214
7869,OK,59.000,0.44,15920.400037430227
7870,OK,60.000,0.44,15902.699960861355
7871,OK,67.700,0.44,15887.40001898259
7872,OK,51.500,0.44,15866.699977777898
7873,OK,78.000,0.44,15854.199999012053
7874,OK,47.500,0.44,15923.800005111843
7875,OK,65.700,0.44,15907.599998172373
7876,OK,54.400,0.44,15870.400005951524
7877,OK,58.600,0.44,15981.89998185262
7878,OK,53.300,0.44,15910.79996433109
7879,OK,87.300,0.44,15876.099991146475
7880,OK,62.500,0.44,15881.29997253418
7881,OK,59.000,0.44,15958.900039549917
7882,OK,73.300,0.44,15845.399990212172
7883,OK,51.900,0.44,15932.600013911724
7884,OK,75.700,0.44,15857.100021094084
7885,OK,55.700,0.44,15940.60001662001
7886,OK,54.000,0.44,15894.799958914518
7887,OK,58.600,0.44,15904.99997837469
7888,OK,80.500,0.44,15872.300020419061
7889,OK,66.200,0.44,15945.699997246265
7890,OK,53.200,0.44,15892.900002654642
7891,OK,54.200,0.44,15898.100042250007
7892,OK,52.900,0.44,15911.399968899786
7893,OK,56.700,0.44,15959.999989718199
7894,OK,50.500,0.44,15863.200009334832
7895,OK,53.800,0.44,15938.399999868125
7896,OK,52.800,0.44,15871.600015088916
7897,OK,57.200,0.44,15906.60004876554
7898,OK,56.800,0.44,15919.300029054284
7899,OK,52.200,0.44,15901.800012215972
7900,OK,76.100,0.44,15850.599971599877
7901,OK,70.500,0.44,15761.29999011755
7902,OK,58.900,0.44,15973.400033544749
7903,OK,69.700,0.44,15891.600050963461
7904,OK,57.100,0.44,15916.500007733703
7905,OK,61.000,0.44,15935.399977024645
7906,OK,55.900,0.44,15852.199983783066
7907,OK,50.200,0.44,15937.299991492182
7908,OK,56.300,0.44,15909.999958239496
7909,OK,53.800,0.44,15909.60001340136
7910,OK,51.800,0.44,15903.999970760196
7911,OK,53.500,0.44,15922.399994451553
7912,OK,60.300,0.44,15957.299969159067
7913,OK,66.200,0.44,15839.500003494322
7914,OK,72.500,0.44,15894.200012553483
7915,OK,53.100,0.44,15921.29998607561
7916,OK,64.600,0.44,15899.000049103051
7917,OK,53.000,0.44,15934.900031425059
7918,OK,53.400,0.44,15875.799988862127
7919,OK,55.300,0.44,15902.300016023219
7920,OK,68.000,0.44,15918.200020678341
7921,OK,53.900,0.44,15897.500037681311
7922,OK,57.800,0.44,15947.200008668005
7923,OK,57.800,0.44,15863.000007811934
7924,OK,55.900,0.44,15933.30001924187
7925,OK,52.500,0.44,15887.40001898259
7926,OK,62.600,0.44,15926.899970509112
7927,OK,56.500,0.44,15929.999994114041
7928,OK,54.400,0.44,15898.099984042346
7929,OK,69.200,0.44,15896.20002778247
7930,OK,82.600,0.44,15945.399994961917
7931,OK,52.500,0.44,15866.50003446266
7932,OK,55.100,0.44,15917.700016871095
7933,OK,53.300,0.44,15899.599995464087
7934,OK,51.100,0.44,15898.099984042346
7935,OK,58.000,0.44,15894.300013314933
7936,OK,49.600,0.44,15940.299956128001
7937,OK,50.900,0.44,15903.3999661915
7938,OK,49.700,0.44,15931.900008581579
7939,OK,112.900,0.44,15832.000004593283
7940,OK,56.500,0.44,15918.50002296269
7941,OK,92.900,0.44,15828.999981749803
7942,OK,65.800,0.44,15920.099976938218
7943,OK,61.400,0.44,15803.800022695214
7944,OK,80.300,0.44,15973.599976859987
7945,OK,69.300,0.44,15905.999985989183
7946,OK,57.800,0.44,15874.799981247634
7947,OK,59.300,0.44,15888.400026597083
7948,OK,61.000,0.44,15946.700004860759
7949,OK,56.700,0.44,15966.299979481846
7950,OK,57.400,0.44,15835.699974559247
7951,OK,49.500,0.44,15925.600018817931
7952,OK,51.300,0.44,15897.999983280897
7953,OK,54.000,0.44,15929.000044707209
7954,OK,57.700,0.44,15914.500050712377
7955,OK,65.300,0.44,15894.100011792034
7956,OK,71.300,0.44,15941.099962219596
7957,OK,83.600,0.44,15799.399989191443
7958,OK,55.200,0.44,15802.79995687306
7959,OK,70.800,0.44,15980.300027877092
7960,OK,59.700,0.44,15939.500008244067
7961,OK,66.400,0.44,15891.999995801598
7962,OK,51.300,0.44,15813.30003682524
7963,OK,72.700,0.44,15920.799982268363
7964,OK,53.800,0.44,15914.999996311963
7965,OK,84.400,0.44,15867.600042838603
7966,OK,49.600,0.44,15903.70002668351
7967,OK,46.200,0.44,15990.199986845255
7968,OK,69.700,0.44,15888.90003040433
7969,OK,70.100,0.44,15929.399989545345
7970,OK,58.700,0.44,15780.5000199005
7971,OK,70.600,0.44,16032.60001866147
7972,OK,57.000,0.44,15834.300022106618
7973,OK,56.400,0.44,15903.899969998747
7974,OK,59.600,0.44,15947.300009429455
7975,OK,58.600,0.44,15919.79997465387
7976,OK,60.000,0.44,15897.400036919862
7977,OK,53.100,0.44,15920.300036668777
7978,OK,59.700,0.44,15873.300028033555
7979,OK,60.500,0.44,15936.899988446385
7980,OK,76.800,0.44,15890.599985141307
7981,OK,60.700,0.44,15897.49997947365
7982,OK,67.400,0.44,15850.900032091886
7983,OK,62.100,0.44,15878.000005614012
7984,OK,83.900,0.44,15924.40000968054
7985,OK,72.800,0.44,15880.799968726933
7986,OK,57.800,0.44,15938.199998345226
7987,OK,55.600,0.44,15863.000007811934
7988,OK,49.000,0.44,15906.59999055788
7989,OK,57.300,0.44,15873.600030317903
7990,OK,47.500,0.44,15996.79997889325
7991,OK,54.500,0.44,15898.299985565245
7992,OK,49.900,0.44,15929.499990306795
7993,OK,54.500,0.44,15897.299977950752
7994,OK,84.600,0.44,15845.199988689274
7995,OK,49.500,0.44,15914.699994027615
7996,OK,57.000,0.44,15913.499984890223
7997,OK,65.900,0.44,15932.400012388825
7998,OK,64.600,0.44,15847.30000467971
7999,OK,53.000,0.44,15925.300016533583
8000,OK,50.900,0.44,15881.899977102876
8001,OK,59.700,0.44,15815.099992323667
8002,OK,55.200,0.44,15943.400037940592
8003,OK,55.200,0.44,15866.099973209202
8004,OK,65.600,0.44,15885.600005276501
8005,OK,61.600,0.44,15907.399996649474
8006,OK,57.200,0.44,15891.299990471452
8007,OK,67.400,0.44,15893.800009507686
8008,OK,50.900,0.44,15918.19996247068
8009,OK,57.300,0.44,15908.700006548315
8010,OK,56.200,0.44,15904.200030490756
8011,OK,53.500,0.44,15964.30002246052
8012,OK,49.800,0.44,15858.99997735396
8013,OK,48.100,0.44,15934.59997093305
8014,OK,55.100,0.44,15905.799984466285
8015,OK,53.500,0.44,15909.50001263991
8016,OK,54.600,0.44,15913.399984128773
8017,OK,50.000,0.44,15895.099961198866
8018,OK,52.600,0.44,15931.60000629723
8019,OK,53.000,0.44,15914.899995550513
8020,OK,57.600,0.44,15909.700014162809
8021,OK,55.600,0.44,15949.40002541989
8022,OK,57.900,0.44,15840.100008063018
8023,OK,53.300,0.44,15954.800008330494
8024,OK,56.200,0.44,15911.299968138337
8025,OK,63.200,0.44,15898.900048341602
8026,OK,64.000,0.44,15911.499969661236
8027,OK,57.700,0.44,15903.199964668602
8028,OK,53.400,0.44,15902.10001450032
8029,OK,52.900,0.44,15935.500035993755
8030,OK,54.300,0.44,15902.800019830465
8031,OK,58.600,0.44,15898.700046818703
8032,OK,52.300,0.44,15888.69997067377
8033,OK,67.000,0.44,15894.100011792034
8034,OK,60.400,0.44,15902.999963145703
8035,OK,52.100,0.44,15908.10000197962
8036,OK,71.000,0.44,15895.500022452325
8037,OK,56.400,0.44,15918.30002143979
8038,OK,73.800,0.44,15912.599978037179
8039,OK,56.700,0.44,15866.800036747009
8040,OK,61.200,0.44,15904.099971521646
8041,OK,96.100,0.44,15802.000008989125
8042,OK,56.500,0.44,15953.599999193102
8043,OK,67.100,0.44,15864.99996483326
8044,OK,55.100,0.44,15904.99997837469
8045,OK,51.700,0.44,15931.999951135367
8046,OK,56.000,0.44,15891.099988948554
8047,OK,52.800,0.44,15926.100022625178
8048,OK,60.700,0.44,15950.199973303825
8049,OK,53.600,0.44,15854.199999012053
8050,OK,53.900,0.44,15910.300018731505
8051,OK,52.200,0.44,15921.999991405755
8052,OK,67.800,0.44,15885.400003753603
8053,OK,77.600,0.44,15896.999975666404
8054,OK,53.700,0.44,15902.20001526177
8055,OK,59.800,0.44,15905.199979897588
8056,OK,55.800,0.44,15881.099971011281
8057,OK,56.100,0.44,15933.499962557107
8058,OK,55.800,0.44,15903.3999661915
8059,OK,51.000,0.44,15921.799989882857
8060,OK,51.400,0.44,15920.399979222566
8061,OK,63.100,0.44,15903.900028206408
8062,OK,61.200,0.44,15886.400011368096
8063,OK,52.100,0.44,15916.700009256601
8064,OK,66.500,0.44,15931.100002489984
8065,OK,52.800,0.44,15792.4999948591
8066,OK,71.100,0.44,15896.899974904954
8067,OK,102.900,0.44,15768.000041134655
8068,OK,68.900,0.44,15939.10000519827
8069,OK,51.100,0.44,15930.19999563694
8070,OK,52.700,0.44,15904.400032013655
8071,OK,59.600,0.44,16041.5000282228
8072,OK,110.400,0.44,15626.40001066029
8073,OK,82.700,0.44,15868.500049691647
8074,OK,70.800,0.44,15879.899961873889
8075,OK,86.300,0.44,15905.199979897588
8076,OK,83.700,0.44,15803.600021172315
8077,OK,76.500,0.44,15886.700013652444
8078,OK,76.900,0.44,15892.600000370294
8079,OK,82.300,0.44,15867.100039031357
8080,OK,95.000,0.44,15906.999993603677
8081,OK,79.500,0.44,15829.3999847956
8082,OK,81.500,0.44,15845.999994780868
8083,OK,68.200,0.44,15894.200012553483
8084,OK,69.500,0.44,15902.599960099906
8085,OK,77.700,0.44,15903.999970760196
8086,OK,73.900,0.44,15883.499989286065
8087,OK,79.000,0.44,15808.099997229874
8088,OK,63.700,0.44,15920.799982268363
8089,OK,81.600,0.44,15865.799970924854
8090,OK,82.100,0.44,15813.899983186275
8091,OK,57.200,0.44,15946.50000333786
8092,OK,78.000,0.44,15879.499958828092
8093,OK,118.800,0.44,15833.100012969226
8094,OK,83.700,0.44,15825.799957383424
8095,OK,90.100,0.44,15841.09995746985
8096,OK,88.300,0.44,15839.90000654012
8097,OK,51.200,0.44,15965.899976436049
8098,OK,49.700,0.44,15903.5999677144
8099,OK,57.900,0.44,15903.400024399161
8100,OK,52.400,0.44,15923.500002827495
8101,OK,54.000,0.44,15858.500031754375
8102,OK,64.100,0.44,15836.599981412292
8103,OK,59.400,0.44,15879.700018558651
8104,OK,52.800,0.44,15906.899992842227
8105,OK,54.300,0.44,15909.900015685707
8106,OK,52.800,0.44,15925.500018056482
8107,OK,67.800,0.44,15881.699975579977
8108,OK,66.700,0.44,15906.000044196844
8109,OK,68.400,0.44,15880.300023127347
8110,OK,50.800,0.44,15906.699991319329
8111,OK,47.200,0.44,15931.200003251433
8112,OK,47.900,0.44,15896.000026259571
8113,OK,48.800,0.44,15945.799998007715
8114,OK,48.300,0.44,15913.100040052086
8115,OK,46.100,0.44,15925.200015772134
8116,OK,47.800,0.44,15920.800040476024
8117,OK,48.800,0.44,15911.399968899786
8118,OK,46.000,0.44,15918.099961709231
8119,OK,47.100,0.44,15930.30005460605
8120,OK,46.900,0.44,15928.400040138513
8121,OK,52.200,0.44,15897.999983280897
8122,OK,62.100,0.44,15897.70003920421
8123,OK,65.400,0.44,15924.20000815764
8124,OK,46.600,0.44,15925.200015772134
8125,OK,48.200,0.44,15929.299988783896
8126,OK,50.500,0.44,15906.899992842227
8127,OK,55.500,0.44,15919.69997389242
8128,OK,48.200,0.44,15919.000026769936
8129,OK,46.800,0.44,15920.499979984015
8130,OK,52.500,0.44,15884.29999537766
8131,OK,45.100,0.44,15976.399998180568
8132,OK,51.900,0.44,15891.600050963461
8133,OK,53.700,0.44,15890.399983618408
8134,OK,61.000,0.44,15914.299990981817
8135,OK,69.100,0.44,15941.100020427257
8136,OK,53.500,0.44,15884.799999184906
8137,OK,51.000,0.44,15912.49997727573
8138,OK,61.700,0.44,15892.800001893193
8139,OK,51.100,0.44,15915.899944957346
8140,OK,53.100,0.44,15909.40001187846
8141,OK,48.900,0.44,15951.599983964115
8142,OK,57.800,0.44,15882.79998395592
8143,OK,72.800,0.44,15847.600006964058
8144,OK,53.300,0.44,16010.30002348125
8145,OK,69.400,0.44,15868.699993006885
8146,OK,72.100,0.44,15861.699997913092
8147,OK,69.000,0.44,15898.599987849593
8148,OK,57.800,0.44,15834.799967706203
8149,OK,78.800,0.44,15873.79997363314
8150,OK,56.600,0.44,15885.400003753603
8151,OK,59.200,0.44,15918.800025247037
8152,OK,49.600,0.44,15892.499999608845
8153,OK,49.800,0.44,15934.799972455949
8154,OK,55.700,0.44,15925.400017295033
8155,OK,56.900,0.44,15900.300000794232
8156,OK,58.900,0.44,15911.200025584549
8157,OK,64.200,0.44,15896.600030828267
8158,OK,51.400,0.44,15906.49998979643
8159,OK,53.900,0.44,15910.100017208606
8160,OK,70.400,0.44,15896.699973382056
8161,OK,75.500,0.44,15894.80001712218
8162,OK,57.300,0.44,15881.50003226474
8163,OK,81.700,0.44,15871.400013566017
8164,OK,53.000,0.44,15908.200002741069
8165,OK,62.500,0.44,15955.000009853393
8166,OK,54.700,0.44,15960.399992763996
8167,OK,67.500,0.44,15802.200010512024
8168,OK,61.000,0.44,15874.499978963286
8169,OK,70.800,0.44,15853.299992159009
8170,OK,54.900,0.44,15974.900044966489
8171,OK,52.500,0.44,15868.399990722537
8172,OK,55.100,0.44,15977.200004272163
8173,OK,68.700,0.44,15818.300016690046
8174,OK,49.300,0.44,15981.99998261407
8175,OK,70.600,0.44,15923.300001304597
8176,OK,58.900,0.44,15903.300023637712
8177,OK,65.300,0.44,15886.000008322299
8178,OK,55.300,0.44,15911.200025584549
8179,OK,57.800,0.44,15893.899952061474
8180,OK,54.200,0.44,15915.099997073412
8181,OK,55.200,0.44,15903.49996695295
8182,OK,51.900,0.44,15862.10000095889
8183,OK,75.100,0.44,15889.000031165779
8184,OK,77.500,0.44,15932.799957226962
8185,OK,65.500,0.44,15906.300046481192
8186,OK,58.400,0.44,15869.199996814132
8187,OK,65.500,0.44,15866.099973209202
8188,OK,67.300,0.44,15936.000039801002
8189,OK,57.400,0.44,15891.399991232902
8190,OK,53.900,0.44,15898.99999089539
8191,OK,56.100,0.44,15880.499966442585
8192,OK,55.700,0.44,15907.399996649474
8193,OK,65.900,0.44,15799.199987668544
8194,OK,72.700,0.44,15919.299970846623
8195,OK,52.800,0.44,15873.500029556453
8196,OK,54.600,0.44,15922.8999982588
8197,OK,55.300,0.44,15946.300001814961
8198,OK,53.600,0.44,15897.999983280897
8199,OK,54.700,0.44,15910.699963569641
8200,OK,90.900,0.44,15881.40003150329
8201,OK,94.500,0.44,15673.299960326403
8202,OK,75.200,0.44,15921.999991405755
8203,OK,64.000,0.44,15808.60000103712
8204,OK,76.400,0.44,15885.000000707805
8205,OK,65.300,0.44,15954.800008330494
8206,OK,56.000,0.44,15895.899967290461
8207,OK,58.200,0.44,15909.999958239496
8208,OK,51.200,0.44,15843.900036998093
8209,OK,49.900,0.44,15970.800013747066
8210,OK,64.900,0.44,15907.099994365126
8211,OK,49.900,0.44,15909.699955955148
8212,OK,53.000,0.44,15863.200009334832
8213,OK,57.600,0.44,15975.099988281727
8214,OK,66.900,0.44,15891.199989710003
8215,OK,60.300,0.44,15888.80002964288
8216,OK,53.100,0.44,15867.299982346594
8217,OK,59.400,0.44,15907.600056380033
8218,OK,56.200,0.44,15950.89997863397
8219,OK,58.600,0.44,15899.399993941188
8220,OK,52.500,0.44,15890.499984379858
8221,OK,56.400,0.44,15919.69997389242
8222,OK,54.300,0.44,15878.600010182709
8223,OK,54.000,0.44,15931.100002489984
8224,OK,54.500,0.44,15874.899982009083
8225,OK,56.700,0.44,15935.100032947958
8226,OK,54.100,0.44,15880.699967965484
8227,OK,50.000,0.44,15940.999961458147
8228,OK,55.700,0.44,15929.799992591143
8229,OK,72.000,0.44,15855.200006626546
8230,OK,64.300,0.44,15897.999983280897
8231,OK,67.600,0.44,15898.799989372492
8232,OK,49.800,0.44,15910.000016447157
8233,OK,48.000,0.44,15924.30000891909
8234,OK,48.800,0.44,15923.700004350394
8235,OK,49.300,0.44,15917.900018393993
8236,OK,53.000,0.44,15898.599987849593
8237,OK,52.900,0.44,15918.600023724139
8238,OK,60.000,0.44,15912.800037767738
8239,OK,50.200,0.44,15946.899948175997
8240,OK,55.700,0.44,15876.600053161383
8241,OK,107.600,0.44,15868.500049691647
8242,OK,56.900,0.44,15915.29999859631
8243,OK,51.900,0.44,15887.399960774928
8244,OK,72.100,0.44,15904.89997761324
8245,OK,77.600,0.44,15921.200043521821
8246,OK,79.900,0.44,15884.19999461621
8247,OK,59.900,0.44,15828.999981749803
8248,OK,56.700,0.44,15898.600046057254
8249,OK,57.800,0.44,15920.699981506914
8250,OK,54.400,0.44,15910.400019492954
8251,OK,63.000,0.44,15896.700031589717
8252,OK,53.600,0.44,15913.699986413121
8253,OK,54.900,0.44,15907.699998933822
8254,OK,54.500,0.44,15909.499954432249
8255,OK,57.900,0.44,15895.200020167977
8256,OK,56.000,0.44,15908.10000197962
8257,OK,74.100,0.44,15879.000013228506
8258,OK,71.800,0.44,15960.199991241097
8259,OK,53.400,0.44,15883.899992331862
8260,OK,54.100,0.44,15928.59998345375
8261,OK,53.000,0.44,15841.700020246208
8262,OK,55.000,0.44,15924.900013487786
8263,OK,58.300,0.44,15943.49998049438
8264,OK,52.200,0.44,15938.700002152473
8265,OK,56.500,0.44,15843.800036236644
8266,OK,57.700,0.44,15932.499954942614
8267,OK,67.800,0.44,15921.999991405755
8268,OK,51.500,0.44,15907.000051811337
8269,OK,61.100,0.44,15867.900045122951
8270,OK,64.600,0.44,15885.400003753603
8271,OK,74.600,0.44,15701.700001955032
8272,OK,84.400,0.44,15882.499981671572
8273,OK,52.200,0.44,15921.499987598509
8274,OK,52.600,0.44,15836.099977605045
8275,OK,67.300,0.44,15936.799987684935
8276,OK,60.000,0.44,15916.700009256601
8277,OK,58.400,0.44,15895.799966529012
8278,OK,56.700,0.44,15867.000038269907
8279,OK,53.600,0.44,15924.700011964887
8280,OK,59.900,0.44,15911.400027107447
8281,OK,55.500,0.44,15902.10001450032
8282,OK,74.500,0.44,15887.699963059276
8283,OK,51.500,0.44,15919.000026769936
8284,OK,75.100,0.44,15896.799974143505
8285,OK,57.700,0.44,15883.199987001717
8286,OK,64.100,0.44,15916.700009256601
8287,OK,52.000,0.44,15909.999958239496
8288,OK,58.400,0.44,15905.09997913614
8289,OK,52.200,0.44,15906.699991319329
8290,OK,56.400,0.44,15897.100034635514
8291,OK,58.000,0.44,15909.800014924258
8292,OK,56.500,0.44,15902.799961622804
8293,OK,55.100,0.44,15902.20001526177
8294,OK,51.400,0.44,15933.20001848042
8295,OK,52.400,0.44,15927.700034808367
8296,OK,51.400,0.44,15878.50000942126
8297,OK,57.300,0.44,15889.300033450127
8298,OK,82.800,0.44,15910.300018731505
8299,OK,66.400,0.44,15898.899990133941
8300,OK,52.200,0.44,15898.099984042346
8301,OK,57.600,0.44,15758.099965751171
8302,OK,58.300,0.44,15984.900004696101
8303,OK,51.200,0.44,15917.600016109645
8304,OK,51.500,0.44,15920.800040476024
8305,OK,63.500,0.44,15889.400034211576
8306,OK,54.700,0.44,15921.699989121407
8307,OK,60.300,0.44,15906.400047242641
8308,OK,51.800,0.44,15912.999981082976
8309,OK,56.300,0.44,15866.199973970652
8310,OK,50.000,0.44,15919.69997389242
8311,OK,52.800,0.44,15895.700023975223
8312,OK,74.500,0.44,15887.40001898259
8313,OK,66.600,0.44,15841.600019484758
8314,OK,62.700,0.44,16000.900010112673
8315,OK,59.400,0.44,15933.799964841455
8316,OK,57.400,0.44,15860.399988014251
8317,OK,50.000,0.44,15897.60003844276
8318,OK,54.200,0.44,15919.500030577183
8319,OK,54.300,0.44,15919.999976176769
8320,OK,49.100,0.44,15964.200021699071
8321,OK,49.300,0.44,15841.500018723309
8322,OK,47.500,0.44,15898.99999089539
8323,OK,49.000,0.44,16014.099994208664
8324,OK,72.000,0.44,15844.599984120578
8325,OK,51.400,0.44,15884.19999461621
8326,OK,52.000,0.44,15967.19998633489
8327,OK,51.100,0.44,15920.199977699667
8328,OK,55.400,0.44,15907.299995888025
8329,OK,50.600,0.44,15889.799979049712
8330,OK,51.000,0.44,15905.599982943386
8331,OK,49.400,0.44,15942.300029564649
8332,OK,52.800,0.44,15903.100022114813
8333,OK,51.600,0.44,15927.800035569817
8334,OK,55.600,0.44,15909.300011117011
8335,OK,54.900,0.44,15916.600008495152
8336,OK,52.800,0.44,15903.900028206408
8337,OK,50.300,0.44,15907.599998172373
8338,OK,60.900,0.44,15922.79999749735
8339,OK,73.300,0.44,15881.399973295629
8340,OK,61.200,0.44,15925.200015772134
8341,OK,59.000,0.44,15868.399990722537
8342,OK,52.200,0.44,15957.600029651076
8343,OK,52.200,0.44,15905.999985989183
8344,OK,51.400,0.44,15860.59998953715
8345,OK,55.100,0.44,15946.300001814961
8346,OK,57.500,0.44,15908.300003502518
8347,OK,104.700,0.44,15808.80000256002
8348,OK,56.400,0.44,15847.900009248406
8349,OK,109.700,0.44,15942.899975925684
8350,OK,54.500,0.44,15915.099997073412
8351,OK,65.800,0.44,15885.899949353188
8352,OK,81.100,0.44,15798.300039023161
8353,OK,51.700,0.44,16024.300013668835
8354,OK,50.000,0.44,15913.699986413121
8355,OK,55.500,0.44,15899.499994702637
8356,OK,52.600,0.44,15855.500008910894
8357,OK,54.500,0.44,15965.099970344454
8358,OK,53.700,0.44,15886.200009845197
8359,OK,85.900,0.44,15896.699973382056
8360,OK,56.200,0.44,15856.000012718141
8361,OK,59.100,0.44,15959.599986672401
8362,OK,53.600,0.44,15908.400004263967
8363,OK,73.600,0.44,15831.800003070384
8364,OK,65.700,0.44,15941.400022711605
8365,OK,115.600,0.44,15857.100021094084
8366,OK,57.900,0.44,15870.90000975877
8367,OK,54.600,0.44,15863.60001238063
8368,OK,55.800,0.44,15939.700009766966
8369,OK,55.100,0.44,15893.500007223338
8370,OK,57.200,0.44,15926.999971270561
8371,OK,56.600,0.44,15909.60001340136
8372,OK,59.200,0.44,15837.499988265336
8373,OK,70.300,0.44,15833.600016776472
8374,OK,69.600,0.44,15887.899964582175
8375,OK,52.200,0.44,16002.000018488616
8376,OK,57.500,0.44,15915.50000011921
8377,OK,71.900,0.44,15892.499999608845
8378,OK,76.100,0.44,15882.100036833435
8379,OK,71.100,0.44,15911.499969661236
8380,OK,55.600,0.44,15906.299988273531
8381,OK,58.300,0.44,15874.299977440387
8382,OK,59.600,0.44,15925.000014249235
8383,OK,56.900,0.44,15829.29998403415
8384,OK,67.800,0.44,15974.59998447448
8385,OK,58.400,0.44,15848.69995713234
8386,OK,59.600,0.44,15902.10001450032
8387,OK,59.600,0.44,15844.19998107478
8388,OK,53.100,0.44,16025.400022044778
8389,OK,61.100,0.44,15875.499986577779
8390,OK,54.900,0.44,15895.600023213774
8391,OK,53.300,0.44,15820.699976757169
8392,OK,53.100,0.44,16006.299993023276
8393,OK,69.400,0.44,15896.999975666404
8394,OK,58.300,0.44,15877.400001045316
8395,OK,51.000,0.44,15810.20001322031
8396,OK,54.700,0.44,16007.30000063777
8397,OK,53.800,0.44,15955.50001366064
8398,OK,57.400,0.44,15865.599969401956
8399,OK,57.900,0.44,15869.099996052682
8400,OK,52.800,0.44,15960.399992763996
8401,OK,63.300,0.44,15783.49998453632
8402,OK,55.700,0.44,15935.299976263195
8403,OK,63.300,0.44,15890.09998133406
8404,OK,59.800,0.44,15884.099993854761
8405,OK,59.400,0.44,15929.000044707209
8406,OK,74.700,0.44,15856.399957556278
8407,OK,66.100,0.44,15897.300036158413
8408,OK,66.100,0.44,15905.299980659038
8409,OK,61.900,0.44,15900.099999271333
8410,OK,52.900,0.44,15871.800016611814
8411,OK,50.400,0.44,15938.600001391023
8412,OK,52.100,0.44,15905.500040389597
8413,OK,51.500,0.44,15941.500023473054
8414,OK,50.300,0.44,15915.700001642108
8415,OK,51.800,0.44,15906.300046481192
8416,OK,56.400,0.44,15907.199995126575
8417,OK,56.700,0.44,15904.099971521646
8418,OK,51.300,0.44,15968.299994710833
8419,OK,61.500,0.44,15861.799998674542
8420,OK,52.500,0.44,15895.700023975223
8421,OK,56.200,0.44,15893.30000570044
8422,OK,68.100,0.44,15914.799994789064
8423,OK,62.700,0.44,15851.899981498718
8424,OK,91.200,0.44,15916.80001001805
8425,OK,98.200,0.44,15863.200009334832
8426,OK,85.100,0.44,15865.20002456382
8427,OK,55.200,0.44,15923.400002066046
8428,OK,58.300,0.44,15909.50001263991
8429,OK,52.600,0.44,15913.100040052086
8430,OK,54.100,0.44,15877.800004091114
8431,OK,54.100,0.44,15935.600036755204
8432,OK,54.600,0.44,15913.399984128773
8433,OK,54.200,0.44,15915.50000011921
8434,OK,84.300,0.44,15845.299989450723
8435,OK,59.400,0.44,15947.199950460345
8436,OK,59.600,0.44,15926.999971270561
8437,OK,54.400,0.44,15879.999962635338
8438,OK,57.100,0.44,15852.299984544516
8439,OK,54.900,0.44,15898.400044534355
8440,OK,54.600,0.44,15943.900041747838
8441,OK,49.400,0.44,15879.90002008155
8442,OK,54.200,0.44,15932.300011627376
8443,OK,54.300,0.44,15905.400039628148
8444,OK,53.600,0.44,15920.700039714575
8445,OK,49.200,0.44,15918.700024485588
8446,OK,51.200,0.44,15914.00004690513
8447,OK,51.000,0.44,15943.300037179142
8448,OK,82.900,0.44,15810.700017027557
8449,OK,80.000,0.44,15894.400014076382
8450,OK,70.300,0.44,15834.00001982227
8451,OK,68.400,0.44,15997.200040146708
8452,OK,55.300,0.44,15847.100003156811
8453,OK,52.800,0.44,15937.999996822327
8454,OK,56.900,0.44,15915.199997834861
8455,OK,65.200,0.44,15872.799966018647
8456,OK,52.300,0.44,15907.799999695271
8457,OK,53.800,0.44,15904.600033536553
8458,OK,60.200,0.44,15951.299981679767
8459,OK,58.800,0.44,15907.90000045672
8460,OK,59.700,0.44,15910.600021015853
8461,OK,72.300,0.44,15860.799991060048
8462,OK,61.800,0.44,15903.300023637712
8463,OK,71.800,0.44,15876.099991146475
8464,OK,86.400,0.44,15880.300023127347
8465,OK,54.300,0.44,15837.199985980988
8466,OK,64.900,0.44,16013.699991162866
8467,OK,54.200,0.44,15902.900020591915
8468,OK,53.600,0.44,15926.700027193874
8469,OK,61.700,0.44,15830.299991648644
8470,OK,47.300,0.44,15940.39995688945
8471,OK,50.800,0.44,15908.700006548315
8472,OK,52.900,0.44,15942.999976687133
8473,OK,72.000,0.44,15863.800013903528
8474,OK,56.800,0.44,15894.70001636073
8475,OK,92.700,0.44,15863.100008573383
8476,OK,77.900,0.44,15956.80002355948
8477,OK,61.800,0.44,15810.399956535548
8478,OK,54.000,0.44,15922.999999020249
8479,OK,55.100,0.44,15910.500020254403
8480,OK,60.100,0.44,15895.900025498122
8481,OK,51.800,0.44,15888.499969150871
8482,OK,51.800,0.44,15919.89997541532
8483,OK,53.700,0.44,15857.099962886423
8484,OK,68.100,0.44,15916.500007733703
8485,OK,64.900,0.44,15877.300000283867
8486,OK,59.300,0.44,15913.699986413121
8487,OK,55.100,0.44,15903.400024399161
8488,OK,50.400,0.44,15913.89998793602
8489,OK,49.300,0.44,15894.000011030585
8490,OK,47.500,0.44,15934.299968648702
8491,OK,63.900,0.44,15963.300014846027
8492,OK,51.800,0.44,15906.099986750633
8493,OK,56.500,0.44,15889.499976765364
8494,OK,52.400,0.44,15907.799999695271
8495,OK,51.500,0.44,15924.600011203438
8496,OK,52.300,0.44,15899.399993941188
8497,OK,51.200,0.44,15954.100003000349
8498,OK,54.800,0.44,15875.799988862127
8499,OK,52.300,0.44,15901.400009170175
8500,OK,61.400,0.44,15869.49999909848
8501,OK,94.900,0.44,15769.099991302937
8502,OK,56.200,0.44,15946.40000257641
8503,OK,51.500,0.44,16409.699979703873
8504,OK,53.500,0.44,15374.49995521456
8505,OK,87.000,0.44,15937.49999301508
8506,OK,53.300,0.44,15933.20001848042
8507,OK,65.700,0.44,15882.500039879233
8508,OK,56.700,0.44,15882.69998319447
8509,OK,58.400,0.44,15937.199990730733
8510,OK,51.400,0.44,15983.39999327436
8511,OK,61.600,0.44,15832.700009923428
8512,OK,52.500,0.44,15914.199990220368
8513,OK,58.200,0.44,15880.700026173145
8514,OK,57.400,0.44,15927.100030239671
8515,OK,49.400,0.44,15912.700037006289
8516,OK,52.800,0.44,15901.799954008311
8517,OK,61.800,0.44,15903.50002516061
8518,OK,69.100,0.44,15902.599960099906
8519,OK,53.100,0.44,15894.900017883629
8520,OK,50.800,0.44,15932.899957988411
8521,OK,52.700,0.44,15906.999993603677
8522,OK,58.200,0.44,15916.700009256601
8523,OK,56.500,0.44,15937.899996060878
8524,OK,57.300,0.44,15851.69997997582
8525,OK,54.300,0.44,15879.300015512854
8526,OK,63.000,0.44,15953.199996147305
8527,OK,54.400,0.44,15887.900022789836
8528,OK,64.800,0.44,15909.40001187846
8529,OK,52.600,0.44,15912.300033960491
8530,OK,65.300,0.44,15895.000018645078
8531,OK,69.100,0.44,15916.400006972253
8532,OK,52.100,0.44,15882.200037594885
8533,OK,49.900,0.44,15908.300003502518
8534,OK,51.800,0.44,15903.100022114813
8535,OK,54.900,0.44,15918.700024485588
8536,OK,56.000,0.44,15948.700020089746
8537,OK,54.500,0.44,15871.700015850365
8538,OK,50.900,0.44,15902.00001373887
8539,OK,51.400,0.44,15899.499994702637
8540,OK,94.100,0.44,15876.399993430823
8541,OK,248.700,0.44,15699.399984441698
8542,OK,54.200,0.44,15895.99996805191
8543,OK,52.400,0.44,15871.300012804568
8544,OK,50.700,0.44,15939.800010528415
8545,OK,74.700,0.44,15897.49997947365
8546,OK,52.300,0.44,15892.299998085946
8547,OK,56.100,0.44,15894.60001559928
8548,OK,51.500,0.44,15925.90002110228
8549,OK,50.900,0.44,15920.300036668777
8550,OK,59.000,0.44,15856.899961363524
8551,OK,86.400,0.44,15901.200007647276
8552,OK,73.900,0.44,15871.500014327466
8553,OK,65.800,0.44,15961.899945978075
8554,OK,49.400,0.44,15910.79996433109
8555,OK,55.200,0.44,15928.300039377064
8556,OK,72.900,0.44,15890.499984379858
8557,OK,56.300,0.44,15913.200040813535
8558,OK,61.100,0.44,15894.500014837831
8559,OK,56.400,0.44,15922.599995974451
8560,OK,64.900,0.44,15901.000006124377
8561,OK,52.400,0.44,15902.300016023219
8562,OK,58.700,0.44,15893.000003416091
8563,OK,58.200,0.44,15902.00001373887
8564,OK,56.200,0.44,15909.000008832663
8565,OK,54.400,0.44,15857.000020332634
8566,OK,69.300,0.44,15880.300023127347
8567,OK,58.900,0.44,15981.600037775934
8568,OK,70.100,0.44,15873.199969064444
8569,OK,63.700,0.44,15803.799964487553
8570,OK,61.200,0.44,15966.900042258203
8571,OK,72.300,0.44,15826.60002168268
8572,OK,74.700,0.44,15990.699990652502
8573,OK,56.800,0.44,15913.99998869747
8574,OK,58.200,0.44,15835.100028198212
8575,OK,52.700,0.44,15953.800000716
8576,OK,56.400,0.44,15780.800022184849
8577,OK,93.400,0.44,15838.199993595481
8578,OK,67.900,0.44,15906.39998903498
8579,OK,56.400,0.44,15918.700024485588
8580,OK,54.300,0.44,15871.600015088916
8581,OK,65.000,0.44,15874.500037170947
8582,OK,57.100,0.44,15838.699997402728
8583,OK,50.700,0.44,15945.899998769164
8584,OK,88.400,0.44,15861.699997913092
8585,OK,59.200,0.44,15922.8999982588
8586,OK,74.400,0.44,15875.100041739643
8587,OK,73.300,0.44,15953.800000716
8588,OK,52.000,0.44,15902.00001373887
8589,OK,53.500,0.44,15923.300001304597
8590,OK,55.100,0.44,15889.700036495924
8591,OK,52.400,0.44,15927.699976600707
8592,OK,52.900,0.44,15921.499987598509
8593,OK,54.400,0.44,15878.699952736497
8594,OK,61.300,0.44,15879.500017035753
8595,OK,56.800,0.44,15940.200013574213
8596,OK,56.800,0.44,15887.299960013479
8597,OK,50.200,0.44,15919.300029054284
8598,OK,48.200,0.44,15900.300000794232
8599,OK,51.500,0.44,15969.100000802428
8600,OK,48.200,0.44,15873.700031079352
8601,OK,57.200,0.44,15851.099975407124
8602,OK,53.700,0.44,15875.799988862127
8603,OK,81.000,0.44,15841.40001796186
8604,OK,67.300,0.44,15983.200049959123
8605,OK,71.800,0.44,15860.200044699013
8606,OK,77.900,0.44,15809.300006367266
8607,OK,70.000,0.44,15985.900012310594
8608,OK,57.100,0.44,15841.999964322895
8609,OK,63.800,0.44,15905.500040389597
8610,OK,55.600,0.44,15948.799962643534
8611,OK,51.400,0.44,15857.59996669367
8612,OK,54.100,0.44,15983.099990990013
8613,OK,54.700,0.44,15846.199996303767
8614,OK,74.300,0.44,15892.600000370294
8615,OK,55.200,0.44,15938.600001391023
8616,OK,55.200,0.44,15903.400024399161
8617,OK,58.800,0.44,15905.09997913614
8618,OK,54.900,0.44,15913.500043097883
8619,OK,53.800,0.44,15919.599973130971
8620,OK,58.600,0.44,15900.60000307858
8621,OK,58.100,0.44,15888.500027358532
8622,OK,56.900,0.44,15946.699946653098
8623,OK,54.500,0.44,15875.29998505488
8624,OK,71.900,0.44,15896.399971097708
8625,OK,72.600,0.44,15864.900022279471
8626,OK,61.300,0.44,15945.399994961917
8627,OK,52.200,0.44,15920.700039714575
8628,OK,63.100,0.44,15886.100009083748
8629,OK,50.000,0.44,15864.000015426427
8630,OK,61.100,0.44,15967.200044542551
8631,OK,50.700,0.44,15877.400001045316
8632,OK,51.400,0.44,15955.000009853393
8633,OK,58.700,0.44,15876.599994953722
8634,OK,55.700,0.44,15924.699953757226
8635,OK,60.300,0.44,15894.900017883629
8636,OK,54.400,0.44,15908.500005025417
8637,OK,56.800,0.44,15931.400004774332
8638,OK,72.000,0.44,15867.199981585145
8639,OK,73.600,0.44,15893.800009507686
8640,OK,71.000,0.44,15805.59997819364
8641,OK,57.000,0.44,15987.499966286123
8642,OK,53.300,0.44,15903.5999677144
8643,OK,54.700,0.44,15909.800014924258
8644,OK,52.900,0.44,15869.800001382828
8645,OK,55.200,0.44,15932.000009343028
8646,OK,52.800,0.44,15964.29996425286
8647,OK,58.700,0.44,15901.500009931624
8648,OK,60.600,0.44,15817.699953913689
8649,OK,48.800,0.44,15968.199993949383
8650,OK,55.400,0.44,15903.300023637712
8651,OK,52.600,0.44,15913.499984890223
8652,OK,62.900,0.44,15883.799991570413
8653,OK,109.900,0.44,15834.699966944754
8654,OK,77.800,0.44,15836.399979889393
8655,OK,82.700,0.44,15976.800001226366
8656,OK,52.700,0.44,15851.69997997582
8657,OK,69.000,0.44,15951.199980918318
8658,OK,58.700,0.44,15899.399993941188
8659,OK,55.400,0.44,15891.69999351725
8660,OK,58.900,0.44,15927.30003176257
8661,OK,57.300,0.44,15910.100017208606
8662,OK,62.500,0.44,15883.599990047514
8663,OK,56.900,0.44,15914.699994027615
8664,OK,60.900,0.44,15901.000006124377
8665,OK,71.600,0.44,15881.100029218942
8666,OK,65.300,0.44,15908.200002741069
8667,OK,55.700,0.44,15877.900004852563
8668,OK,55.700,0.44,15897.899982519448
8669,OK,58.700,0.44,15907.699998933822
8670,OK,57.400,0.44,15901.300008408725
8671,OK,60.500,0.44,15910.100017208606
8672,OK,56.700,0.44,15887.000015936792
8673,OK,62.700,0.44,15886.099950876087
8674,OK,52.900,0.44,15963.500016368926
8675,OK,53.000,0.44,15856.600017286837
8676,OK,49.800,0.44,15906.699991319329
8677,OK,46.800,0.44,15914.299990981817
8678,OK,53.000,0.44,15905.00003658235
8679,OK,88.300,0.44,15859.799983445555
8680,OK,115.200,0.44,15773.000020999461
8681,OK,67.900,0.44,15908.500005025417
8682,OK,74.100,0.44,15922.199992928654
8683,OK,59.200,0.44,15783.50004274398
8684,OK,61.000,0.44,15920.100035145879
8685,OK,56.000,0.44,15929.699991829693
8686,OK,59.600,0.44,15881.099971011281
8687,OK,57.500,0.44,15863.899956457317
8688,OK,52.400,0.44,15948.899963404983
8689,OK,53.700,0.44,15930.800000205636
8690,OK,54.800,0.44,15923.099999781698
8691,OK,52.700,0.44,15834.099962376058
8692,OK,57.100,0.44,15994.899964425713
8693,OK,68.800,0.44,15890.19998209551
8694,OK,71.600,0.44,15886.200009845197
8695,OK,55.900,0.44,15854.900004342198
8696,OK,77.400,0.44,15960.299992002547
8697,OK,55.500,0.44,15908.500005025417
8698,OK,56.800,0.44,15910.699963569641
8699,OK,58.800,0.44,15878.900012467057
8700,OK,50.900,0.44,15933.799964841455
8701,OK,57.800,0.44,15798.899985384196
8702,OK,61.300,0.44,16240.299970377237
8703,OK,157.500,0.44,15372.900001239032
8704,OK,80.200,0.44,15837.900049518794
8705,OK,80.400,0.44,15615.700045600533
8706,OK,83.300,0.44,15934.000024572015
8707,OK,64.600,0.44,15896.10002702102
8708,OK,71.900,0.44,15898.799989372492
8709,OK,54.500,0.44,15911.200025584549
8710,OK,55.200,0.44,15890.399983618408
8711,OK,57.600,0.44,15910.79996433109
8712,OK,57.800,0.44,15909.800014924258
8713,OK,53.400,0.44,15921.39998683706
8714,OK,54.100,0.44,15907.599998172373
8715,OK,53.100,0.44,15909.499954432249
8716,OK,58.200,0.44,15910.199959762394
8717,OK,55.800,0.44,15909.200010355562
8718,OK,56.600,0.44,15863.000007811934
8719,OK,57.900,0.44,15905.09997913614
8720,OK,59.600,0.44,15897.199977189302
8721,OK,77.300,0.44,15887.40001898259
8722,OK,70.500,0.44,15936.2000413239
8723,OK,53.300,0.44,15887.000015936792
8724,OK,55.000,0.44,15902.400016784668
8725,OK,52.300,0.44,15915.099997073412
8726,OK,55.500,0.44,15866.50003446266
8727,OK,54.100,0.44,15930.900000967085
8728,OK,54.900,0.44,15931.300004012883
8729,OK,60.100,0.44,15897.69998099655
8730,OK,60.700,0.44,15842.100023292005
8731,OK,62.800,0.44,15922.79999749735
8732,OK,59.100,0.44,15927.599975839257
8733,OK,49.400,0.44,15884.699998423457
8734,OK,55.600,0.44,15910.599962808192
8735,OK,56.700,0.44,15945.899998769164
8736,OK,76.500,0.44,15845.399990212172
8737,OK,69.300,0.44,15941.199962981045
8738,OK,58.900,0.44,15904.900035820901
8739,OK,61.500,0.44,15818.000014405698
8740,OK,59.200,0.44,15942.999976687133
8741,OK,49.900,0.44,15932.500013150275
8742,OK,51.600,0.44,15894.80001712218
8743,OK,57.000,0.44,15915.800002403557
8744,OK,57.300,0.44,15874.599979724735
8745,OK,56.000,0.44,15938.299999106675
8746,OK,53.900,0.44,15916.099946480244
8747,OK,53.700,0.44,15930.699999444187
8748,OK,70.500,0.44,15878.2999496907
8749,OK,78.400,0.44,15874.699980486184
8750,OK,67.600,0.44,15900.60000307858
8751,OK,53.600,0.44,15904.400032013655
8752,OK,59.800,0.44,15898.400044534355
8753,OK,63.100,0.44,15913.89998793602
8754,OK,54.100,0.44,15937.799995299429
8755,OK,124.000,0.44,15769.599995110184
8756,OK,71.700,0.44,15830.099990125746
8757,OK,52.100,0.44,15966.500039212406
8758,OK,47.700,0.44,15946.100000292063
8759,OK,54.200,0.44,15909.000008832663
8760,OK,84.600,0.44,15871.300012804568
8761,OK,81.300,0.44,15806.000039447099
8762,OK,77.000,0.44,15933.400020003319
8763,OK,64.900,0.44,15943.799982778728
8764,OK,54.900,0.44,15902.10001450032
8765,OK,57.600,0.44,15765.100019052625
8766,OK,101.700,0.44,16001.900017727166
8767,OK,55.100,0.44,15925.90002110228
8768,OK,62.400,0.44,15894.900017883629
8769,OK,54.600,0.44,15904.200030490756
8770,OK,66.200,0.44,15905.799984466285
8771,OK,54.100,0.44,15901.100006885827
8772,OK,61.600,0.44,15910.600021015853
8773,OK,59.700,0.44,15896.699973382056
8774,OK,72.200,0.44,15857.999969739467
8775,OK,76.300,0.44,15896.699973382056
8776,OK,74.900,0.44,15845.999994780868
8777,OK,72.300,0.44,15968.79999851808
8778,OK,64.300,0.44,15831.099997740239
8779,OK,73.900,0.44,15879.099955782294
8780,OK,55.900,0.44,15910.100017208606
8781,OK,79.500,0.44,15917.399956379086
8782,OK,67.500,0.44,15913.599985651672
8783,OK,57.500,0.44,15880.900027696043
8784,OK,52.100,0.44,15854.199999012053
8785,OK,52.600,0.44,15956.500021275133
8786,OK,53.100,0.44,15907.500055618584
8787,OK,53.900,0.44,15905.1000373438
8788,OK,52.400,0.44,15924.800012726337
8789,OK,68.200,0.44,15891.299990471452
8790,OK,72.300,0.44,15887.800022028387
8791,OK,54.300,0.44,15922.099992167205
8792,OK,52.800,0.44,15930.699999444187
8793,OK,73.500,0.44,15835.40003048256
8794,OK,53.000,0.44,15908.800007309765
8795,OK,54.800,0.44,15927.799977362156
8796,OK,53.600,0.44,15826.49996271357
8797,OK,93.400,0.44,15947.600011713803
8798,OK,53.300,0.44,15919.999976176769
8799,OK,57.000,0.44,15912.699978798628
8800,OK,54.200,0.44,15880.000020843
8801,OK,80.400,0.44,15771.200007293373
8802,OK,60.100,0.44,16127.19998229295
8803,OK,203.900,0.44,15483.199968002737
8804,OK,79.100,0.44,15909.000008832663
8805,OK,58.600,0.44,15847.700007725507
8806,OK,75.700,0.44,15891.499991994351
8807,OK,63.400,0.44,15869.199996814132
8808,OK,53.200,0.44,15947.700012475252
8809,OK,54.100,0.44,15882.300038356334
8810,OK,54.200,0.44,15938.299999106675
8811,OK,53.200,0.44,15909.800014924258
8812,OK,53.800,0.44,15871.300012804568
8813,OK,56.200,0.44,15948.699961882085
8814,OK,58.600,0.44,15910.300018731505
8815,OK,52.900,0.44,15907.799999695271
8816,OK,76.900,0.44,15853.699995204806
8817,OK,70.700,0.44,15872.599964495748
8818,OK,66.300,0.44,15895.500022452325
8819,OK,53.600,0.44,15849.500021431595
8820,OK,70.800,0.44,16002.899967133999
8821,OK,57.300,0.44,15899.999998509884
8822,OK,53.600,0.44,15919.599973130971
8823,OK,58.400,0.44,15906.39998903498
8824,OK,55.100,0.44,15843.100030906498
8825,OK,51.000,0.44,15905.599982943386
8826,OK,63.100,0.44,15903.699968475848
8827,OK,52.400,0.44,15931.399946566671
8828,OK,65.100,0.44,15931.80000782013
8829,OK,63.700,0.44,15924.599952995777
8830,OK,57.700,0.44,15901.399950962514
8831,OK,62.200,0.44,15804.699971340597
8832,OK,58.800,0.44,15976.700000464916
8833,OK,51.800,0.44,15850.000025238842
8834,OK,66.900,0.44,15873.400028795004
8835,OK,54.600,0.44,15790.599980391562
8836,OK,83.400,0.44,15978.89995900914
8837,OK,71.100,0.44,15950.99997939542
8838,OK,58.800,0.44,15876.89999723807
8839,OK,53.600,0.44,15873.500029556453
8840,OK,49.100,0.44,15952.599991578609
8841,OK,52.400,0.44,15906.200045719743
8842,OK,71.300,0.44,15846.800000872463
8843,OK,51.400,0.44,15828.299976419657
8844,OK,57.100,0.44,15964.899968821555
8845,OK,75.000,0.44,15868.399990722537
8846,OK,68.700,0.44,15894.100011792034
8847,OK,54.900,0.44,15877.600002568215
8848,OK,63.600,0.44,15927.799977362156
8849,OK,66.800,0.44,15893.20000493899
8850,OK,50.300,0.44,15887.100016698241
8851,OK,57.700,0.44,15867.499983869493
8852,OK,51.700,0.44,15940.200013574213
8853,OK,72.100,0.44,15934.200026094913
8854,OK,52.900,0.44,15905.899985227734
8855,OK,61.900,0.44,15905.20003810525
8856,OK,49.600,0.44,15799.199987668544
8857,OK,69.400,0.44,15909.800014924258
8858,OK,107.400,0.44,15845.199988689274
8859,OK,113.700,0.44,15872.200019657612
8860,OK,68.400,0.44,15954.600006807595
8861,OK,54.700,0.44,15896.299970336258
8862,OK,55.100,0.44,15925.600018817931
8863,OK,58.900,0.44,15919.89997541532
8864,OK,59.400,0.44,15848.600014578551
8865,OK,49.300,0.44,15941.699966788292
8866,OK,55.200,0.44,15950.399974826723
8867,OK,96.400,0.44,15682.200028095394
8868,OK,52.100,0.44,15922.8999982588
8869,OK,70.900,0.44,15939.400007482618
8870,OK,53.400,0.44,15858.700033277273
8871,OK,59.100,0.44,15961.19999885559
8872,OK,84.600,0.44,15885.300002992153
8873,OK,73.500,0.44,15891.499991994351
8874,OK,53.100,0.44,15849.499963223934
8875,OK,80.800,0.44,15858.300030231476
8876,OK,59.200,0.44,15990.99999293685
8877,OK,62.200,0.44,15859.699982684106
8878,OK,53.800,0.44,15879.300015512854
8879,OK,47.600,0.44,15943.699982017279
8880,OK,74.600,0.44,15891.299990471452
8881,OK,71.500,0.44,15909.900015685707
8882,OK,60.200,0.44,15825.799957383424
8883,OK,68.800,0.44,15940.999961458147
8884,OK,71.500,0.44,15921.900048851967
8885,OK,56.000,0.44,15902.10001450032
8886,OK,68.800,0.44,15870.89995155111
8887,OK,65.300,0.44,15924.899955280125
8888,OK,52.700,0.44,15915.29999859631
8889,OK,56.100,0.44,15842.200024053454
8890,OK,54.800,0.44,15885.999950114638
8891,OK,55.900,0.44,15952.099987771362
8892,OK,51.000,0.44,15899.09999165684
8893,OK,52.900,0.44,15887.600020505488
8894,OK,51.100,0.44,15916.700009256601
8895,OK,55.200,0.44,15917.100012302399
8896,OK,58.500,0.44,15913.699986413121
8897,OK,57.500,0.44,15908.899949863553
8898,OK,53.400,0.44,15928.400040138513
8899,OK,70.700,0.44,15878.30000789836
8900,OK,74.600,0.44,15880.200022365898
8901,OK,53.000,0.44,15837.599989026785
8902,OK,76.200,0.44,15928.099979646504
8903,OK,48.700,0.44,15896.199969574809
8904,OK,68.100,0.44,15899.19999241829
8905,OK,66.100,0.44,15895.900025498122
8906,OK,71.600,0.44,15943.200036417693
8907,OK,53.200,0.44,15892.800001893193
8908,OK,82.900,0.44,15810.400014743209
8909,OK,65.000,0.44,15884.099993854761
8910,OK,66.400,0.44,15931.300004012883
8911,OK,61.200,0.44,15924.900013487786
8912,OK,62.700,0.44,15926.300024148077
8913,OK,88.300,0.44,15820.000029634684
8914,OK,75.200,0.44,15887.800022028387
8915,OK,83.200,0.44,15872.40002118051
8916,OK,66.400,0.44,15929.899993352592
8917,OK,54.100,0.44,15897.099976427853
8918,OK,62.000,0.44,15940.299956128001
8919,OK,46.600,0.44,15927.19997279346
8920,OK,50.400,0.44,15870.500006712973
8921,OK,54.500,0.44,15924.700011964887
8922,OK,55.600,0.44,15948.600019328296
8923,OK,56.100,0.44,15897.69998099655
8924,OK,51.600,0.44,15927.19997279346
8925,OK,55.800,0.44,15905.899985227734
8926,OK,54.000,0.44,15876.599994953722
8927,OK,77.900,0.44,15933.899965602905
8928,OK,58.000,0.44,15902.499959338456
8929,OK,54.700,0.44,15907.90000045672
8930,OK,56.300,0.44,15913.399984128773
8931,OK,60.300,0.44,15889.499976765364
8932,OK,53.700,0.44,15917.100012302399
8933,OK,56.500,0.44,15891.200047917664
8934,OK,54.400,0.44,15927.599975839257
8935,OK,73.700,0.44,15901.200007647276
8936,OK,59.500,0.44,15889.900038018823
8937,OK,71.300,0.44,15888.299967627972
8938,OK,61.100,0.44,15914.199990220368
8939,OK,64.100,0.44,15886.200009845197
8940,OK,74.200,0.44,15910.600021015853
8941,OK,56.400,0.44,15842.899971175939
8942,OK,62.700,0.44,15870.100003667176
8943,OK,50.400,0.44,15935.099974740297
8944,OK,71.100,0.44,15914.399991743267
8945,OK,65.900,0.44,15870.800008997321
8946,OK,48.500,0.44,15955.600014422089
8947,OK,48.400,0.44,15911.00002406165
8948,OK,56.400,0.44,15927.799977362156
8949,OK,64.000,0.44,15876.299992669374
8950,OK,73.500,0.44,15846.099995542318
8951,OK,47.300,0.44,15956.399962306023
8952,OK,52.700,0.44,15824.300004169345
8953,OK,57.700,0.44,15997.599984984845
8954,OK,77.600,0.44,15921.799989882857
8955,OK,60.900,0.44,15896.20002778247
8956,OK,66.000,0.44,15900.70000384003
8957,OK,52.800,0.44,15873.000025749207
8958,OK,75.300,0.44,15887.599962297827
8959,OK,66.800,0.44,15841.09995746985
8960,OK,95.800,0.44,15824.700007215142
8961,OK,53.600,0.44,15989.999985322356
8962,OK,55.500,0.44,15914.899995550513
8963,OK,58.600,0.44,15927.500033285469
8964,OK,56.900,0.44,15903.60002592206
8965,OK,72.100,0.44,15898.799989372492
8966,OK,68.200,0.44,15885.100001469254
8967,OK,58.700,0.44,15912.599978037179
8968,OK,60.800,0.44,15883.699990808964
8969,OK,55.000,0.44,15893.900010269135
8970,OK,57.500,0.44,15898.199984803796
8971,OK,58.800,0.44,15898.900048341602
8972,OK,56.600,0.44,15909.199952147901
8973,OK,62.100,0.44,15843.200031667948
8974,OK,62.100,0.44,15933.999966364354
8975,OK,65.100,0.44,15919.90003362298
8976,OK,56.700,0.44,15888.799971435219
8977,OK,52.900,0.44,15905.300038866699
8978,OK,183.600,0.44,15680.099953897297
8979,OK,52.600,0.44,15913.79998717457
8980,OK,57.100,0.44,15910.800022538751
8981,OK,71.700,0.44,15890.900045633316
8982,OK,68.000,0.44,15784.699993673712
8983,OK,54.800,0.44,15958.099975250661
8984,OK,63.700,0.44,15944.199985824525
8985,OK,57.000,0.44,15871.00001052022
8986,OK,63.900,0.44,15958.999982103705
8987,OK,56.600,0.44,15938.900003675371
8988,OK,54.000,0.44,15858.899976592511
8989,OK,59.000,0.44,15857.80002642423
8990,OK,58.400,0.44,15956.89996611327
8991,OK,53.500,0.44,15914.899995550513
8992,OK,57.600,0.44,15855.800011195242
8993,OK,73.000,0.44,15925.000014249235
8994,OK,67.300,0.44,15900.50000231713
8995,OK,55.400,0.44,15797.799977008253
8996,OK,88.200,0.44,15975.100046489388
8997,OK,56.600,0.44,15890.29998285696
8998,OK,57.500,0.44,15931.70000705868
8999,OK,56.100,0.44,15833.399957045913
9000,OK,65.900,0.44,15959.100041072816
9001,OK,60.200,0.44,15818.100015167147
9002,OK,59.000,0.44,15915.199997834861
9003,OK,55.500,0.44,15807.499992661178
9004,OK,62.400,0.44,15947.79995502904
9005,OK,58.300,0.44,15934.000024572015
9006,OK,54.300,0.44,15886.700013652444
9007,OK,59.900,0.44,15857.699967455119
9008,OK,77.400,0.44,15903.300023637712
9009,OK,73.600,0.44,15898.299985565245
9010,OK,76.000,0.44,15845.599991735071
9011,OK,76.100,0.44,15932.899957988411
9012,OK,54.500,0.44,15946.300001814961
9013,OK,57.300,0.44,15898.799989372492
9014,OK,57.500,0.44,15886.800014413893
9015,OK,71.200,0.44,15853.499993681908
9016,OK,51.700,0.44,15920.299978461117
9017,OK,56.000,0.44,15912.39997651428
9018,OK,53.800,0.44,15910.199959762394
9019,OK,54.000,0.44,15926.500025670975
9020,OK,53.700,0.44,15928.399981930852
9021,OK,47.800,0.44,15923.700004350394
9022,OK,63.600,0.44,15899.499994702637
9023,OK,59.400,0.44,15922.099992167205
9024,OK,66.600,0.44,15893.800009507686
9025,OK,63.300,0.44,15915.50000011921
9026,OK,49.500,0.44,15918.700024485588
9027,OK,57.100,0.44,15887.000015936792
9028,OK,55.800,0.44,15925.099956803024
9029,OK,52.400,0.44,15904.500032775104
9030,OK,57.300,0.44,15913.400042336434
9031,OK,52.700,0.44,15928.199980407953
9032,OK,53.700,0.44,15911.299968138337
9033,OK,55.900,0.44,15918.800025247037
9034,OK,53.000,0.44,15903.300023637712
9035,OK,66.000,0.44,15886.500012129545
9036,OK,70.600,0.44,15911.999973468482
9037,OK,73.200,0.44,15882.999985478818
9038,OK,60.800,0.44,15831.199998501688
9039,OK,79.600,0.44,15920.299978461117
9040,OK,53.000,0.44,15903.300023637712
9041,OK,63.700,0.44,15902.300016023219
9042,OK,51.100,0.44,15861.599997151643
9043,OK,51.000,0.44,15950.99997939542
9044,OK,51.900,0.44,15917.300013825297
9045,OK,54.400,0.44,15903.100022114813
9046,OK,60.100,0.44,15911.799971945584
9047,OK,52.100,0.44,15923.900005873293
9048,OK,65.600,0.44,15852.300042752177
9049,OK,71.300,0.44,15885.000000707805
9050,OK,70.200,0.44,15889.499976765364
9051,OK,69.800,0.44,15914.199990220368
9052,OK,54.900,0.44,15849.99996703118
9053,OK,77.200,0.44,15902.899962384254
9054,OK,54.700,0.44,15909.60001340136
9055,OK,58.500,0.44,15886.100009083748
9056,OK,57.600,0.44,15924.40000968054
9057,OK,53.200,0.44,15902.20001526177
9058,OK,62.600,0.44,15911.199967376888
9059,OK,60.700,0.44,15876.599994953722
9060,OK,61.300,0.44,15876.599994953722
9061,OK,66.000,0.44,15924.100007396191
9062,OK,88.900,0.44,15837.899991311133
9063,OK,57.200,0.44,15999.90000249818
9064,OK,54.400,0.44,15905.199979897588
9065,OK,57.000,0.44,15888.69997067377
9066,OK,54.700,0.44,15883.999993093312
9067,OK,60.200,0.44,15905.999985989183
9068,OK,58.200,0.44,15939.00000443682
9069,OK,49.800,0.44,15914.799994789064
9070,OK,52.700,0.44,15870.099945459515
9071,OK,52.000,0.44,15959.7999881953
9072,OK,77.800,0.44,15843.00003014505
9073,OK,60.700,0.44,15958.29997677356
9074,OK,124.400,0.44,15674.200025387108
9075,OK,54.400,0.44,15925.399959087372
9076,OK,56.800,0.44,15888.300025835633
9077,OK,61.200,0.44,15885.100001469254
9078,OK,83.800,0.44,15902.20001526177
9079,OK,58.300,0.44,15916.100004687905
9080,OK,58.200,0.44,15914.299990981817
9081,OK,66.600,0.44,15850.500029046088
9082,OK,52.400,0.44,15923.800005111843
9083,OK,61.800,0.44,15874.900040216744
9084,OK,60.300,0.44,15931.100002489984
9085,OK,67.600,0.44,15861.699997913092
9086,OK,59.900,0.44,15925.90002110228
9087,OK,66.600,0.44,15874.700038693845
9088,OK,58.200,0.44,15947.99995655194
9089,OK,79.300,0.44,15852.099983021617
9090,OK,47.700,0.44,15918.29996323213
9091,OK,64.900,0.44,15898.899990133941
9092,OK,66.200,0.44,15919.79997465387
9093,OK,53.600,0.44,15904.200030490756
9094,OK,51.900,0.44,15906.59999055788
9095,OK,56.800,0.44,15823.199995793402
9096,OK,50.600,0.44,15938.199998345226
9097,OK,57.700,0.44,15917.200013063848
9098,OK,55.900,0.44,15903.60002592206
9099,OK,52.000,0.44,15920.299978461117
9100,OK,51.500,0.44,15913.699986413121
9101,OK,59.800,0.44,15975.99999513477
9102,OK,59.600,0.44,15728.100028354675
9103,OK,59.100,0.44,15924.100007396191
9104,OK,71.700,0.44,15888.799971435219
9105,OK,72.400,0.44,15872.39996297285
9106,OK,69.500,0.44,15866.699977777898
9107,OK,74.800,0.44,15851.899981498718
9108,OK,79.400,0.44,15959.499985910952
9109,OK,60.800,0.44,15923.600003588945
9110,OK,55.200,0.44,15883.799991570413
9111,OK,51.200,0.44,15898.399986326694
9112,OK,47.200,0.44,15956.000017467886
9113,OK,60.000,0.44,15886.799956206232
9114,OK,62.100,0.44,15842.600027099252
9115,OK,45.700,0.44,15964.900027029216
9116,OK,46.600,0.44,15909.700014162809
9117,OK,50.700,0.44,15949.29996645078
9118,OK,46.300,0.44,15924.500010441989
9119,OK,66.600,0.44,15906.099986750633
9120,OK,50.200,0.44,15889.400034211576
9121,OK,49.700,0.44,15945.199993439019
9122,OK,48.600,0.44,15917.500015348196
9123,OK,49.400,0.44,15905.299980659038
9124,OK,49.000,0.44,15896.899974904954
9125,OK,46.600,0.44,15933.800023049116
9126,OK,50.400,0.44,15932.599955704063
9127,OK,48.800,0.44,15919.700032100081
9128,OK,47.000,0.44,15897.799981757998
9129,OK,48.200,0.44,15943.900041747838
9130,OK,50.400,0.44,15983.099990990013
9131,OK,72.200,0.44,15893.900010269135
9132,OK,58.100,0.44,15835.699974559247
9133,OK,69.500,0.44,15905.09997913614
9134,OK,58.900,0.44,15938.900003675371
9135,OK,56.100,0.44,15897.199977189302
9136,OK,59.700,0.44,15900.800004601479
9137,OK,50.500,0.44,15909.800014924258
9138,OK,90.100,0.44,15889.700036495924
9139,OK,61.700,0.44,15932.500013150275
9140,OK,91.500,0.44,15849.700022954494
9141,OK,60.800,0.44,15842.499968130141
9142,OK,54.300,0.44,15888.100024312735
9143,OK,54.800,0.44,15936.09998235479
9144,OK,79.600,0.44,15833.599958568811
9145,OK,57.600,0.44,15938.299999106675
9146,OK,54.400,0.44,15912.300033960491
9147,OK,71.300,0.44,15891.299990471452
9148,OK,60.500,0.44,15899.3000513874
9149,OK,54.600,0.44,15909.800014924258
9150,OK,50.600,0.44,15953.699999954551
9151,OK,59.700,0.44,15877.099998760968
9152,OK,53.700,0.44,15894.60001559928
9153,OK,87.400,0.44,15841.200016438961
9154,OK,72.500,0.44,15958.50003650412
9155,OK,69.700,0.44,15802.69995611161
9156,OK,60.800,0.44,16006.899997591972
9157,OK,70.500,0.44,15865.799970924854
9158,OK,70.300,0.44,15922.499995213002
9159,OK,50.400,0.44,15805.200033355504
9160,OK,66.500,0.44,15986.900019925088
9161,OK,59.900,0.44,15910.600021015853
9162,OK,58.100,0.44,15896.000026259571
9163,OK,54.500,0.44,15824.400004930794
9164,OK,76.400,0.44,15888.500027358532
9165,OK,60.300,0.44,15895.800024736673
9166,OK,59.600,0.44,15912.699978798628
9167,OK,57.300,0.44,15882.299980148673
9168,OK,54.600,0.44,15904.099971521646
9169,OK,53.700,0.44,15903.200022876263
9170,OK,66.600,0.44,15921.29998607561
9171,OK,58.700,0.44,15898.200043011457
9172,OK,50.100,0.44,15909.799956716597
9173,OK,50.800,0.44,15914.099989458919
9174,OK,56.300,0.44,15914.099989458919
9175,OK,67.100,0.44,15892.399998847395
9176,OK,65.500,0.44,15939.300006721169
9177,OK,53.200,0.44,15908.199944533408
9178,OK,60.300,0.44,15944.700047839433
9179,OK,61.100,0.44,15892.800001893193
9180,OK,54.400,0.44,15910.300018731505
9181,OK,54.700,0.44,15951.799985487014
9182,OK,65.200,0.44,15870.700008235872
9183,OK,74.900,0.44,15734.200016595423
9184,OK,58.600,0.44,16009.400016628206
9185,OK,65.800,0.44,15887.699963059276
9186,OK,62.900,0.44,15887.600020505488
9187,OK,62.500,0.44,15927.29997355491
9188,OK,67.000,0.44,15874.999982770532
9189,OK,56.800,0.44,15896.900033112615
9190,OK,47.300,0.44,15992.300002835691
9191,OK,83.100,0.44,15799.399989191443
9192,OK,64.500,0.44,15845.499990973622
9193,OK,65.100,0.44,15995.000023394823
9194,OK,58.300,0.44,15746.899996884167
9195,OK,52.900,0.44,15971.300017554313
9196,OK,67.600,0.44,15953.399997670203
9197,OK,53.700,0.44,15869.700000621378
9198,OK,61.200,0.44,15806.799987331033
9199,OK,56.300,0.44,16010.100021958351
9200,OK,68.800,0.44,15908.500005025417
9201,OK,62.900,0.44,15739.499998744577
9202,OK,68.500,0.44,15836.499980650842
9203,OK,59.100,0.44,16021.099989302456
9204,OK,59.900,0.44,15915.199997834861
9205,OK,60.500,0.44,15853.09999063611
9206,OK,55.900,0.44,15971.100016031414
9207,OK,62.300,0.44,15888.59996991232
9208,OK,67.900,0.44,15866.300032939762
9209,OK,60.600,0.44,15943.70004022494
9210,OK,57.700,0.44,15876.79999647662
9211,OK,50.600,0.44,15913.89998793602
9212,OK,50.100,0.44,15924.899955280125
9213,OK,60.700,0.44,15889.599977526814
9214,OK,68.000,0.44,15868.799993768334
9215,OK,70.000,0.44,15959.199983626604
9216,OK,53.800,0.44,15914.499992504716
9217,OK,53.800,0.44,15797.399973962456
9218,OK,69.000,0.44,15953.399997670203
9219,OK,58.800,0.44,15900.70000384003
9220,OK,57.800,0.44,15910.299960523844
9221,OK,52.700,0.44,15914.799994789064
9222,OK,56.500,0.44,15911.300026345998
9223,OK,56.300,0.44,15915.50000011921
9224,OK,55.600,0.44,15905.899985227734
9225,OK,52.000,0.44,15917.699958663434
9226,OK,58.100,0.44,15903.800027444959
9227,OK,70.900,0.44,15903.299965430051
9228,OK,55.300,0.44,15867.099980823696
9229,OK,59.700,0.44,15932.399954181165
9230,OK,56.800,0.44,15923.300001304597
9231,OK,59.800,0.44,15868.499991483986
9232,OK,52.900,0.44,15911.700029391795
9233,OK,57.800,0.44,15859.999984968454
9234,OK,70.700,0.44,15940.099954605103
9235,OK,52.900,0.44,15917.700016871095
9236,OK,54.700,0.44,15922.099992167205
9237,OK,53.800,0.44,15825.900016352534
9238,OK,54.800,0.44,15992.600005120039
9239,OK,62.700,0.44,15866.799978539348
9240,OK,136.200,0.44,15741.99995957315
9241,OK,72.600,0.44,15929.499990306795
9242,OK,80.600,0.44,15940.900018904358
9243,OK,74.800,0.44,15896.700031589717
9244,OK,59.400,0.44,15903.100022114813
9245,OK,60.600,0.44,15916.80001001805
9246,OK,62.000,0.44,15886.600012890995
9247,OK,56.100,0.44,15909.800014924258
9248,OK,53.300,0.44,15880.300023127347
9249,OK,64.400,0.44,15886.700013652444
9250,OK,58.200,0.44,15905.09997913614
9251,OK,58.100,0.44,15901.900012977421
9252,OK,54.900,0.44,15904.300031252205
9253,OK,69.600,0.44,15883.599990047514
9254,OK,50.000,0.44,15917.900018393993
9255,OK,56.600,0.44,15907.799999695271
9256,OK,65.400,0.44,15952.999994624406
9257,OK,52.800,0.44,15887.100016698241
9258,OK,49.900,0.44,15907.199995126575
9259,OK,59.700,0.44,15933.999966364354
9260,OK,54.500,0.44,15895.99996805191
9261,OK,51.400,0.44,15881.499974057078
9262,OK,49.800,0.44,15930.09999487549
9263,OK,59.500,0.44,15878.100006375462
9264,OK,67.600,0.44,15878.30000789836
9265,OK,98.200,0.44,15843.399974983186
9266,OK,65.400,0.44,15864.499961026013
9267,OK,81.000,0.44,15959.999989718199
9268,OK,51.600,0.44,15815.399994608015
9269,OK,69.800,0.44,15956.000017467886
9270,OK,73.600,0.44,15894.500014837831
9271,OK,59.400,0.44,15896.799974143505
9272,OK,54.400,0.44,15863.800013903528
9273,OK,52.800,0.44,15940.999961458147
9274,OK,49.300,0.44,15909.800014924258
9275,OK,57.700,0.44,15919.80003286153
9276,OK,51.300,0.44,15891.69999351725
9277,OK,52.500,0.44,15941.500023473054
9278,OK,50.000,0.44,15904.200030490756
9279,OK,62.500,0.44,15932.699956465513
9280,OK,55.200,0.44,15890.499984379858
9281,OK,56.500,0.44,15906.099986750633
9282,OK,68.600,0.44,15875.799988862127
9283,OK,84.100,0.44,15885.100001469254
9284,OK,70.300,0.44,15879.400016274303
9285,OK,56.300,0.44,15922.399994451553
9286,OK,54.000,0.44,15891.899995040148
9287,OK,56.800,0.44,15950.99997939542
9288,OK,53.900,0.44,15885.000000707805
9289,OK,56.000,0.44,15930.599998682737
9290,OK,57.600,0.44,15868.399990722537
9291,OK,61.700,0.44,15888.70002888143
9292,OK,51.800,0.44,15960.599994286895
9293,OK,69.500,0.44,15847.900009248406
9294,OK,56.100,0.44,15909.899957478046
9295,OK,60.500,0.44,15919.199970085174
9296,OK,58.800,0.44,15902.20001526177
9297,OK,66.300,0.44,15904.100029729307
9298,OK,53.300,0.44,15918.200020678341
9299,OK,55.300,0.44,15898.199984803796
9300,OK,51.700,0.44,15912.799979560077
9301,OK,57.700,0.44,15764.800016768277
9302,OK,93.900,0.44,15803.900023456663
9303,OK,50.800,0.44,15892.499999608845
9304,OK,73.500,0.44,15898.100042250007
9305,OK,55.500,0.44,15954.900009091944
9306,OK,63.600,0.44,15846.700000111014
9307,OK,57.200,0.44,15902.700019069016
9308,OK,58.000,0.44,15902.199957054108
9309,OK,60.600,0.44,15901.000006124377
9310,OK,72.600,0.44,15891.899995040148
9311,OK,67.900,0.44,15925.300016533583
9312,OK,54.300,0.44,15849.299961701035
9313,OK,73.300,0.44,15940.300014335662
9314,OK,52.800,0.44,15859.299979638308
9315,OK,70.000,0.44,15866.400033701211
9316,OK,60.100,0.44,15941.200021188706
9317,OK,64.700,0.44,15868.499991483986
9318,OK,52.100,0.44,15910.600021015853
9319,OK,53.000,0.44,15859.000035561621
9320,OK,51.600,0.44,15958.000032696873
9321,OK,68.700,0.44,15893.600007984787
9322,OK,52.400,0.44,15907.299995888025
9323,OK,53.800,0.44,15925.399959087372
9324,OK,69.900,0.44,15886.399953160435
9325,OK,64.300,0.44,15898.200043011457
9326,OK,52.200,0.44,15906.999993603677
9327,OK,52.900,0.44,15904.500032775104
9328,OK,53.500,0.44,15933.900023810565
9329,OK,57.200,0.44,15896.999975666404
9330,OK,67.000,0.44,15890.699985902756
9331,OK,50.900,0.44,15910.800022538751
9332,OK,52.400,0.44,15968.59999699518
9333,OK,68.500,0.44,15840.500011108816
9334,OK,53.700,0.44,15962.70001027733
9335,OK,69.200,0.44,15791.299985721707
9336,OK,54.800,0.44,15976.399998180568
9337,OK,60.400,0.44,15843.899978790432
9338,OK,74.700,0.44,15835.50003124401
9339,OK,65.800,0.44,15956.600022036582
9340,OK,66.700,0.44,15930.19999563694
9341,OK,57.000,0.44,15800.499997567385
9342,OK,77.700,0.44,15852.899989113212
9343,OK,56.700,0.44,16013.299988117069
9344,OK,73.400,0.44,15797.00002912432
9345,OK,55.600,0.44,15878.700010944158
9346,OK,52.300,0.44,15942.599973641336
9347,OK,61.100,0.44,15943.60003946349
9348,OK,56.300,0.44,15865.300025325269
9349,OK,52.300,0.44,15911.199967376888
9350,OK,80.800,0.44,15871.800016611814
9351,OK,71.200,0.44,15911.599970422685
9352,OK,52.600,0.44,15891.5999927558
9353,OK,53.200,0.44,15916.200005449355
9354,OK,58.500,0.44,15893.600007984787
9355,OK,51.200,0.44,15924.100007396191
9356,OK,55.200,0.44,15896.700031589717
9357,OK,51.000,0.44,15908.10000197962
9358,OK,50.800,0.44,15879.899961873889
9359,OK,62.800,0.44,15872.199961449951
9360,OK,58.000,0.44,15908.900008071214
9361,OK,52.500,0.44,15875.29998505488
9362,OK,59.400,0.44,15947.100007906556
9363,OK,59.300,0.44,15926.099964417517
9364,OK,53.100,0.44,15900.800004601479
9365,OK,49.800,0.44,15910.89996509254
9366,OK,70.400,0.44,15883.599990047514
9367,OK,61.500,0.44,15909.000008832663
9368,OK,63.100,0.44,15895.000018645078
9369,OK,65.400,0.44,15883.499989286065
9370,OK,51.500,0.44,15905.299980659038
9371,OK,51.000,0.44,15930.29999639839
9372,OK,57.300,0.44,15908.900008071214
9373,OK,56.800,0.44,15920.300036668777
9374,OK,53.800,0.44,15945.400053169578
9375,OK,58.000,0.44,15894.400014076382
9376,OK,47.600,0.44,15899.09999165684
9377,OK,54.800,0.44,15892.900002654642
9378,OK,69.800,0.44,15940.000012051314
9379,OK,62.700,0.44,15843.00003014505
9380,OK,58.400,0.44,15880.000020843
9381,OK,49.700,0.44,15916.700009256601
9382,OK,57.800,0.44,15910.700021777302
9383,OK,51.500,0.44,15907.399996649474
9384,OK,49.600,0.44,15894.300013314933
9385,OK,63.900,0.44,15908.10000197962
9386,OK,59.900,0.44,15894.59995739162
9387,OK,61.200,0.44,15908.500005025417
9388,OK,49.200,0.44,15941.600024234504
9389,OK,61.900,0.44,15852.400043513626
9390,OK,54.800,0.44,15921.799989882857
9391,OK,56.300,0.44,15959.7999881953
9392,OK,71.600,0.44,15908.400004263967
9393,OK,68.800,0.44,15841.900021769106
9394,OK,63.800,0.44,15959.69998743385
9395,OK,56.800,0.44,15877.300000283867
9396,OK,68.300,0.44,15895.100019406527
9397,OK,66.500,0.44,15895.200020167977
9398,OK,52.100,0.44,15924.40000968054
9399,OK,51.000,0.44,15908.399946056306
9400,OK,64.800,0.44,15904.89997761324
9401,OK,55.900,0.44,15874.399978201836
9402,OK,50.500,0.44,15847.900009248406
9403,OK,61.700,0.44,15919.89997541532
9404,OK,64.200,0.44,15875.799988862127
9405,OK,54.300,0.44,15934.899973217398
9406,OK,76.100,0.44,15886.000008322299
9407,OK,57.900,0.44,15916.9000107795
9408,OK,52.100,0.44,15895.100019406527
9409,OK,55.200,0.44,15921.999991405755
9410,OK,53.800,0.44,15900.60000307858
9411,OK,47.700,0.44,15930.499997921288
9412,OK,48.000,0.44,15859.699982684106
9413,OK,53.200,0.44,15920.299978461117
9414,OK,47.300,0.44,15976.19999665767
9415,OK,70.900,0.44,15851.90003970638
9416,OK,58.100,0.44,15957.800031173974
9417,OK,51.100,0.44,15869.700000621378
9418,OK,59.200,0.44,15927.29997355491
9419,OK,57.600,0.44,15891.999995801598
9420,OK,61.700,0.44,15905.899985227734
9421,OK,77.100,0.44,15894.899959675968
9422,OK,51.300,0.44,15916.600008495152
9423,OK,48.700,0.44,15928.6999842152
9424,OK,52.100,0.44,15852.299984544516
9425,OK,53.000,0.44,15970.800013747066
9426,OK,52.300,0.44,15893.500007223338
9427,OK,52.200,0.44,15912.50003548339
9428,OK,53.500,0.44,15893.800009507686
9429,OK,71.200,0.44,15930.699999444187
9430,OK,56.300,0.44,15860.80004926771
9431,OK,55.800,0.44,15911.00002406165
9432,OK,56.300,0.44,15927.40003252402
9433,OK,67.600,0.44,15893.10000417754
9434,OK,73.800,0.44,15903.000021353364
9435,OK,51.500,0.44,15928.300039377064
9436,OK,50.900,0.44,15874.10003412515
9437,OK,51.700,0.44,15925.000014249235
9438,OK,71.700,0.44,15896.20002778247
9439,OK,60.600,0.44,15945.599996484816
9440,OK,52.900,0.44,15879.90002008155
9441,OK,76.500,0.44,15862.700005527586
9442,OK,58.300,0.44,15970.600012224168
9443,OK,67.300,0.44,15849.000017624348
9444,OK,50.700,0.44,15892.099996563047
9445,OK,67.700,0.44,15936.19998311624
9446,OK,97.400,0.44,15816.400002222508
9447,OK,69.200,0.44,15896.30002854392
9448,OK,85.600,0.44,15897.500037681311
9449,OK,55.400,0.44,15921.499987598509
9450,OK,50.900,0.44,15902.400016784668
9451,OK,56.200,0.44,15906.300046481192
9452,OK,56.600,0.44,15890.399983618408
9453,OK,53.700,0.44,15906.100044958293
9454,OK,56.400,0.44,15889.099973719567
9455,OK,64.900,0.44,15947.600011713803
9456,OK,60.200,0.44,15889.599977526814
9457,OK,66.900,0.44,15902.500017546117
9458,OK,62.500,0.44,15897.199977189302
9459,OK,67.400,0.44,15919.89997541532
9460,OK,69.700,0.44,15845.199988689274
9461,OK,75.000,0.44,15876.99999799952
9462,OK,58.200,0.44,15936.30004208535
9463,OK,51.900,0.44,15879.8000193201
9464,OK,52.500,0.44,15916.400006972253
9465,OK,73.900,0.44,15901.099948678166
9466,OK,52.300,0.44,15903.299965430051
9467,OK,60.800,0.44,15915.700001642108
9468,OK,54.500,0.44,15920.699981506914
9469,OK,150.600,0.44,15711.200016085058
9470,OK,84.200,0.44,15895.599965006113
9471,OK,68.900,0.44,15863.70001314208
9472,OK,67.100,0.44,15889.499976765364
9473,OK,75.800,0.44,15875.499986577779
9474,OK,98.200,0.44,15847.900009248406
9475,OK,100.900,0.44,15857.59996669367
9476,OK,106.500,0.44,15830.299991648644
9477,OK,88.400,0.44,15865.20002456382
9478,OK,72.700,0.44,15899.899997748435
9479,OK,98.700,0.44,15823.3999973163
9480,OK,82.800,0.44,15868.499991483986
9481,OK,82.700,0.44,15837.900049518794
9482,OK,80.500,0.44,15900.70000384003
9483,OK,91.200,0.44,15850.30002752319
9484,OK,89.500,0.44,15864.699962548912
9485,OK,67.000,0.44,15843.900036998093
9486,OK,63.600,0.44,15921.40004504472
9487,OK,61.800,0.44,15914.299990981817
9488,OK,62.500,0.44,15913.300041574985
9489,OK,77.300,0.44,15894.000011030585
9490,OK,136.300,0.44,15797.700034454465
9491,OK,142.000,0.44,15719.700022600591
9492,OK,91.200,0.44,15860.099985729903
9493,OK,89.300,0.44,15848.300012294203
9494,OK,63.100,0.44,15840.699954424053
9495,OK,74.400,0.44,15902.400016784668
9496,OK,53.600,0.44,16005.79998921603
9497,OK,64.300,0.44,15832.300006877631
9498,OK,94.700,0.44,15801.40000442043
9499,OK,56.700,0.44,15955.799957737327
9500,OK,57.800,0.44,15897.899982519448
9501,OK,63.200,0.44,15797.199972439557
9502,OK,67.500,0.44,15843.600034713745
9503,OK,49.100,0.44,15966.400038450956
9504,OK,57.100,0.44,15922.6999967359
9505,OK,65.100,0.44,15875.39998581633
9506,OK,51.600,0.44,15938.800002913922
9507,OK,62.700,0.44,15943.59998125583
9508,OK,56.100,0.44,15766.099968459457
9509,OK,65.200,0.44,15943.199978210032
9510,OK,47.300,0.44,15932.600013911724
9511,OK,51.900,0.44,15894.70001636073
9512,OK,54.800,0.44,15932.600013911724
9513,OK,59.900,0.44,15899.899997748435
9514,OK,75.100,0.44,15857.500024139881
9515,OK,60.400,0.44,15926.199965178967
9516,OK,56.600,0.44,15895.799966529012
9517,OK,49.400,0.44,15913.299983367324
9518,OK,55.700,0.44,15904.400032013655
9519,OK,52.700,0.44,15883.099986240268
9520,OK,51.000,0.44,15926.299965940416
9521,OK,50.700,0.44,15910.89996509254
9522,OK,53.300,0.44,15945.299994200468
9523,OK,48.400,0.44,15923.400002066046
9524,OK,53.300,0.44,15897.100034635514
9525,OK,58.000,0.44,15945.599996484816
9526,OK,57.800,0.44,15850.600029807538
9527,OK,50.300,0.44,15918.40002220124
9528,OK,48.800,0.44,15930.800000205636
9529,OK,65.400,0.44,15899.400052148849
9530,OK,58.200,0.44,15930.499997921288
9531,OK,53.400,0.44,15915.600000880659
9532,OK,61.200,0.44,15902.900020591915
9533,OK,57.300,0.44,15890.699985902756
9534,OK,51.200,0.44,15975.499991327524
9535,OK,57.300,0.44,15856.400015763938
9536,OK,56.000,0.44,15904.299973044544
9537,OK,55.700,0.44,15855.499950703233
9538,OK,70.500,0.44,15923.600003588945
9539,OK,59.900,0.44,15934.6999716945
9540,OK,69.900,0.44,15847.900009248406
9541,OK,65.900,0.44,15866.100031416863
9542,OK,53.500,0.44,15986.60001764074
9543,OK,54.300,0.44,15875.199984293431
9544,OK,61.600,0.44,15937.799995299429
9545,OK,55.300,0.44,15878.50000942126
9546,OK,60.000,0.44,15901.99995553121
9547,OK,102.100,0.44,15798.39998157695
9548,OK,60.700,0.44,15893.30000570044
9549,OK,57.200,0.44,15910.200017970055
9550,OK,50.900,0.44,15916.200005449355
9551,OK,50.200,0.44,15896.299970336258
9552,OK,61.900,0.44,15888.300025835633
9553,OK,52.400,0.44,15913.79998717457
9554,OK,54.900,0.44,15906.899992842227
9555,OK,52.100,0.44,15930.09999487549
9556,OK,71.400,0.44,15890.399983618408
9557,OK,68.200,0.44,15928.400040138513
9558,OK,51.700,0.44,15870.200004428625
9559,OK,50.700,0.44,15913.699986413121
9560,OK,52.500,0.44,15871.600015088916
9561,OK,53.500,0.44,15899.19999241829
9562,OK,57.400,0.44,15910.000016447157
9563,OK,56.800,0.44,15890.699985902756
9564,OK,58.600,0.44,15910.400019492954
9565,OK,57.100,0.44,15926.600026432425
9566,OK,54.400,0.44,15903.100022114813
9567,OK,52.500,0.44,15929.599991068244
9568,OK,62.700,0.44,15901.099948678166
9569,OK,66.500,0.44,15923.800005111843
9570,OK,56.000,0.44,15800.900000613183
9571,OK,59.800,0.44,15934.300026856363
9572,OK,61.300,0.44,15886.199951637536
9573,OK,53.100,0.44,15920.299978461117
9574,OK,52.500,0.44,15916.399948764592
9575,OK,51.900,0.44,15926.899970509112
9576,OK,53.400,0.44,15890.29998285696
9577,OK,58.100,0.44,15916.600008495152
9578,OK,53.200,0.44,15929.399989545345
9579,OK,58.800,0.44,15872.300020419061
9580,OK,59.000,0.44,15836.099977605045
9581,OK,55.400,0.44,15969.600004609674
9582,OK,55.200,0.44,15940.70001738146
9583,OK,55.300,0.44,15859.199978876859
9584,OK,54.400,0.44,15918.599965516478
9585,OK,64.500,0.44,15881.29997253418
9586,OK,71.200,0.44,15893.900010269135
9587,OK,53.300,0.44,15924.40000968054
9588,OK,52.700,0.44,15877.199999522418
9589,OK,51.700,0.44,15903.000021353364
9590,OK,55.000,0.44,15988.299972377717
9591,OK,52.000,0.44,15858.000027947128
9592,OK,51.500,0.44,15930.900000967085
9593,OK,53.000,0.44,15907.299995888025
9594,OK,62.700,0.44,15917.400014586747
9595,OK,55.400,0.44,15915.900003165007
9596,OK,52.200,0.44,15927.600034046918
9597,OK,68.200,0.44,15863.999957218766
9598,OK,68.300,0.44,15886.900015175343
9599,OK,65.600,0.44,15947.89995579049
9600,OK,52.400,0.44,15916.299948003143
9601,OK,55.700,0.44,15813.500038348138
9602,OK,55.300,0.44,15917.00001154095
9603,OK,54.500,0.44,15899.800055194646
9604,OK,55.700,0.44,15940.60001662001
9605,OK,52.600,0.44,15889.399976003915
9606,OK,51.200,0.44,15902.900020591915
9607,OK,58.800,0.44,15907.399996649474
9608,OK,59.900,0.44,15911.00002406165
9609,OK,61.700,0.44,15887.599962297827
9610,OK,52.600,0.44,15914.699994027615
9611,OK,69.000,0.44,15858.600032515824
9612,OK,62.100,0.44,15929.200046230108
9613,OK,69.300,0.44,15913.100040052086
9614,OK,52.600,0.44,15890.09998133406
9615,OK,55.400,0.44,15949.799970258027
9616,OK,58.800,0.44,15907.199995126575
9617,OK,58.700,0.44,15900.50000231713
9618,OK,49.400,0.44,15928.199980407953
9619,OK,63.500,0.44,15812.100027687848
9620,OK,51.800,0.44,15920.799982268363
9621,OK,53.300,0.44,15959.69998743385
9622,OK,60.800,0.44,15875.199984293431
9623,OK,63.900,0.44,15890.699985902756
9624,OK,49.200,0.44,15929.499990306795
9625,OK,66.900,0.44,15896.999975666404
9626,OK,71.700,0.44,15899.599995464087
9627,OK,50.200,0.44,15905.00003658235
9628,OK,51.400,0.44,15941.600024234504
9629,OK,56.300,0.44,15896.000026259571
9630,OK,53.800,0.44,15896.600030828267
9631,OK,50.700,0.44,15928.499982692301
9632,OK,47.500,0.44,15930.699999444187
9633,OK,63.600,0.44,15896.899974904954
9634,OK,54.400,0.44,15902.800019830465
9635,OK,60.800,0.44,15922.79999749735
9636,OK,49.500,0.44,15921.699989121407
9637,OK,56.900,0.44,15901.700011454523
9638,OK,68.800,0.44,15884.699998423457
9639,OK,69.500,0.44,15901.900012977421
9640,OK,61.200,0.44,15899.000049103051
9641,OK,49.900,0.44,15914.199990220368
9642,OK,55.400,0.44,15911.099966615438
9643,OK,61.000,0.44,15904.200030490756
9644,OK,51.800,0.44,15902.600018307567
9645,OK,54.200,0.44,15919.999976176769
9646,OK,47.700,0.44,15865.600027609617
9647,OK,48.700,0.44,15977.000002749264
9648,OK,69.000,0.44,15917.300013825297
9649,OK,100.800,0.44,15789.699973538518
9650,OK,77.100,0.44,15880.300023127347
9651,OK,72.300,0.44,15877.500001806766
9652,OK,83.200,0.44,15887.500019744039
9653,OK,58.800,0.44,15923.700004350394
9654,OK,52.500,0.44,15897.199977189302
9655,OK,78.200,0.44,15916.600008495152
9656,OK,53.000,0.44,15865.900029893965
9657,OK,51.100,0.44,15957.299969159067
9658,OK,51.100,0.44,15887.500019744039
9659,OK,53.000,0.44,15934.900031425059
9660,OK,56.800,0.44,15914.999996311963
9661,OK,65.300,0.44,15888.59996991232
9662,OK,54.500,0.44,15902.699960861355
9663,OK,55.800,0.44,15915.099997073412
9664,OK,70.000,0.44,15895.800024736673
9665,OK,74.700,0.44,15872.40002118051
9666,OK,70.200,0.44,15900.800004601479
9667,OK,61.400,0.44,15879.299957305193
9668,OK,55.000,0.44,15868.099988438189
9669,OK,53.500,0.44,15932.100010104477
9670,OK,65.200,0.44,15925.70001957938
9671,OK,63.600,0.44,15902.20001526177
9672,OK,56.700,0.44,15887.40001898259
9673,OK,64.300,0.44,15841.999964322895
9674,OK,81.000,0.44,15845.999994780868
9675,OK,54.800,0.44,15975.399990566075
9676,OK,53.300,0.44,15925.400017295033
9677,OK,68.500,0.44,15923.400002066046
9678,OK,60.300,0.44,15835.700032766908
9679,OK,90.900,0.44,15857.699967455119
9680,OK,52.900,0.44,15897.000033874065
9681,OK,61.500,0.44,15912.60003624484
9682,OK,66.700,0.44,15928.499982692301
9683,OK,60.900,0.44,15844.40004080534
9684,OK,64.300,0.44,15918.800025247037
9685,OK,57.100,0.44,15913.200040813535
9686,OK,83.400,0.44,15773.699968121946
9687,OK,67.800,0.44,15963.699959684163
9688,OK,55.000,0.44,15866.900037508458
9689,OK,50.900,0.44,15870.500006712973
9690,OK,49.700,0.44,16000.700008589774
9691,OK,50.700,0.44,15936.299983877689
9692,OK,70.400,0.44,15884.599997662008
9693,OK,68.800,0.44,15790.89998267591
9694,OK,51.500,0.44,15989.000035915524
9695,OK,56.900,0.44,15871.400013566017
9696,OK,53.300,0.44,15936.799987684935
9697,OK,61.800,0.44,15931.300004012883
9698,OK,55.100,0.44,15914.499992504716
9699,OK,53.000,0.44,15872.700023464859
9700,OK,57.600,0.44,15848.300012294203
9701,OK,54.100,0.44,15885.90000756085
9702,OK,52.300,0.44,15968.69999775663
9703,OK,58.500,0.44,15898.199984803796
9704,OK,69.800,0.44,15905.999985989183
9705,OK,74.900,0.44,15799.299988429993
9706,OK,59.900,0.44,15985.200006980449
9707,OK,64.400,0.44,15891.499991994351
9708,OK,57.200,0.44,15876.90005544573
9709,OK,53.700,0.44,15847.30000467971
9710,OK,53.300,0.44,15954.400005284697
9711,OK,63.100,0.44,15869.39999833703
9712,OK,55.300,0.44,15916.700009256601
9713,OK,54.300,0.44,15879.79996111244
9714,OK,50.600,0.44,15853.799995966256
9715,OK,49.800,0.44,15923.300001304597
9716,OK,52.700,0.44,15907.399996649474
9717,OK,50.900,0.44,15935.199975501746
9718,OK,54.900,0.44,15915.099997073412
9719,OK,47.100,0.44,15938.300057314336
9720,OK,68.600,0.44,15894.199954345822
9721,OK,70.700,0.44,15899.599995464087
9722,OK,54.300,0.44,15906.199987512082
9723,OK,51.700,0.44,15915.50000011921
9724,OK,51.700,0.44,15906.70004952699
9725,OK,55.800,0.44,15911.00002406165
9726,OK,94.600,0.44,15863.900014664978
9727,OK,51.400,0.44,15883.400046732277
9728,OK,58.600,0.44,15889.199974481016
9729,OK,64.800,0.44,15925.70001957938
9730,OK,55.900,0.44,15895.800024736673
9731,OK,53.200,0.44,15909.800014924258
9732,OK,49.800,0.44,15815.199993085116
9733,OK,54.700,0.44,15999.80000173673
9734,OK,57.700,0.44,15913.700044620782
9735,OK,76.500,0.44,15891.499991994351
9736,OK,51.700,0.44,15908.10000197962
9737,OK,54.000,0.44,15959.89998895675
9738,OK,61.000,0.44,15872.800024226308
9739,OK,58.100,0.44,15907.90000045672
9740,OK,55.700,0.44,15902.799961622804
9741,OK,53.600,0.44,15892.600000370294
9742,OK,64.200,0.44,15923.400002066046
9743,OK,61.800,0.44,15900.60000307858
9744,OK,57.400,0.44,15894.500014837831
9745,OK,51.800,0.44,15868.399990722537
9746,OK,51.400,0.44,15905.00003658235
9747,OK,52.800,0.44,15956.200018990785
9748,OK,53.400,0.44,15926.500025670975
9749,OK,58.700,0.44,15798.799984622747
9750,OK,54.700,0.44,15884.699998423457
9751,OK,112.200,0.44,15827.100025489926
9752,OK,57.400,0.44,15903.099963907152
9753,OK,50.100,0.44,15927.40003252402
9754,OK,53.000,0.44,15972.099965438247
9755,OK,58.100,0.44,15850.600029807538
9756,OK,57.100,0.44,15867.100039031357
9757,OK,60.700,0.44,15922.599995974451
9758,OK,60.400,0.44,15926.100022625178
9759,OK,65.100,0.44,15894.400014076382
9760,OK,55.000,0.44,15938.500000629574
9761,OK,82.700,0.44,15840.600011870265
9762,OK,78.100,0.44,15882.599982433021
9763,OK,69.600,0.44,15864.000015426427
9764,OK,80.800,0.44,15970.10000841692
9765,OK,51.100,0.44,15867.500042077154
9766,OK,50.300,0.44,15938.299999106675
9767,OK,59.100,0.44,15844.499983359128
9768,OK,55.100,0.44,15966.199978720397
9769,OK,61.000,0.44,15891.999995801598
9770,OK,53.400,0.44,15951.399982441217
9771,OK,62.200,0.44,15915.39999935776
9772,OK,75.500,0.44,15863.100008573383
9773,OK,73.200,0.44,15890.399983618408
9774,OK,65.300,0.44,15900.200000032783
9775,OK,56.800,0.44,15854.199999012053
9776,OK,67.000,0.44,15876.499994192272
9777,OK,71.600,0.44,15927.09997203201
9778,OK,119.800,0.44,15802.399953827262
9779,OK,63.400,0.44,15913.200040813535
9780,OK,57.900,0.44,15906.39998903498
9781,OK,52.300,0.44,15944.89999115467
9782,OK,55.000,0.44,15904.599975328892
9783,OK,56.600,0.44,15899.299993179739
9784,OK,58.900,0.44,15886.200009845197
9785,OK,56.400,0.44,15942.999976687133
9786,OK,55.500,0.44,15895.000018645078
9787,OK,55.200,0.44,15917.800017632544
9788,OK,68.200,0.44,15892.499999608845
9789,OK,71.500,0.44,15894.100011792034
9790,OK,51.000,0.44,15913.099981844425
9791,OK,51.500,0.44,15902.20001526177
9792,OK,57.000,0.44,15907.200053334236
9793,OK,55.100,0.44,15904.499974567443
9794,OK,55.200,0.44,15907.299995888025
9795,OK,64.600,0.44,15860.4999887757
9796,OK,52.000,0.44,15905.09997913614
9797,OK,52.000,0.44,15954.700007569045
9798,OK,59.200,0.44,15789.599972777069
9799,OK,59.900,0.44,15982.199984136969
9800,OK,50.400,0.44,15949.50002618134
9801,OK,52.400,0.44,15783.900045789778
9802,OK,73.500,0.44,15845.599991735071
9803,OK,54.000,0.44,15959.89998895675
9804,OK,52.500,0.44,15927.09997203201
9805,OK,46.300,0.44,15933.19996027276
9806,OK,54.400,0.44,15836.599981412292
9807,OK,52.900,0.44,15982.10004158318
9808,OK,56.300,0.44,15902.399958577007
9809,OK,53.300,0.44,15895.500022452325
9810,OK,56.400,0.44,15852.300042752177
9811,OK,58.100,0.44,15942.600031848997
9812,OK,50.900,0.44,15936.399984639138
9813,OK,53.400,0.44,15879.79996111244
9814,OK,49.500,0.44,15909.50001263991
9815,OK,49.800,0.44,15944.99999191612
9816,OK,53.800,0.44,15908.599947579205
9817,OK,67.400,0.44,15898.99999089539
9818,OK,68.500,0.44,15899.19999241829
9819,OK,48.600,0.44,15940.799959935248
9820,OK,53.600,0.44,15901.900012977421
9821,OK,50.400,0.44,15905.20003810525
9822,OK,50.100,0.44,15910.000016447157
9823,OK,60.400,0.44,15940.200013574213
9824,OK,53.000,0.44,15893.10000417754
9825,OK,53.000,0.44,15924.000006634742
9826,OK,56.200,0.44,15907.499997410923
9827,OK,59.800,0.44,15910.000016447157
9828,OK,50.300,0.44,15885.600005276501
9829,OK,47.800,0.44,15949.000022374094
9830,OK,48.700,0.44,15930.900000967085
9831,OK,62.800,0.44,15894.80001712218
9832,OK,61.200,0.44,15911.800030153245
9833,OK,48.800,0.44,15972.800028976053
9834,OK,58.300,0.44,15832.600009161979
9835,OK,51.800,0.44,15925.499959848821
9836,OK,53.000,0.44,15910.400019492954
9837,OK,59.600,0.44,15904.399973805994
9838,OK,123.900,0.44,15837.199985980988
9839,OK,60.900,0.44,15897.5999802351
9840,OK,57.800,0.44,15902.800019830465
9841,OK,62.300,0.44,15836.400038097054
9842,OK,46.400,0.44,15976.800001226366
9843,OK,53.100,0.44,15953.299996908754
9844,OK,54.000,0.44,15898.799989372492
9845,OK,51.900,0.44,15812.699974048883
9846,OK,65.600,0.44,15988.799976184964
9847,OK,52.300,0.44,15909.200010355562
9848,OK,53.700,0.44,15884.599997662008
9849,OK,56.200,0.44,15910.400019492954
9850,OK,62.100,0.44,15982.699987944216
9851,OK,58.400,0.44,15815.99999917671
9852,OK,66.700,0.44,15850.999974645674
9853,OK,61.400,0.44,15891.999995801598
9854,OK,53.700,0.44,15943.999984301627
9855,OK,57.100,0.44,15913.399984128773
9856,OK,51.700,0.44,15920.699981506914
9857,OK,52.700,0.44,15936.599986162037
9858,OK,74.900,0.44,15869.199996814132
9859,OK,69.400,0.44,15896.700031589717
9860,OK,56.100,0.44,15928.399981930852
9861,OK,53.600,0.44,15896.000026259571
9862,OK,56.000,0.44,15917.200013063848
9863,OK,61.000,0.44,15899.499994702637
9864,OK,53.000,0.44,15904.300031252205
9865,OK,57.200,0.44,15907.399996649474
9866,OK,52.500,0.44,15899.699996225536
9867,OK,61.400,0.44,15904.600033536553
9868,OK,75.800,0.44,15862.00000019744
9869,OK,65.800,0.44,15917.400014586747
9870,OK,54.200,0.44,15932.000009343028
9871,OK,68.500,0.44,15948.999964166433
9872,OK,60.900,0.44,15830.599993932992
9873,OK,53.500,0.44,15962.600009515882
9874,OK,49.100,0.44,15909.900015685707
9875,OK,58.900,0.44,15911.800030153245
9876,OK,48.400,0.44,15887.000015936792
9877,OK,60.100,0.44,15951.499983202666
9878,OK,66.000,0.44,15864.500019233674
9879,OK,50.500,0.44,15920.200035907328
9880,OK,66.000,0.44,15891.7999942787
9881,OK,55.700,0.44,15932.100010104477
9882,OK,57.500,0.44,15887.100016698241
9883,OK,53.200,0.44,15878.30000789836
9884,OK,64.400,0.44,15908.800007309765
9885,OK,66.200,0.44,15947.000007145107
9886,OK,57.800,0.44,15913.599985651672
9887,OK,70.200,0.44,15869.599999859929
9888,OK,56.800,0.44,15874.199976678938
9889,OK,56.100,0.44,15924.100007396191
9890,OK,52.200,0.44,15942.799975164235
9891,OK,53.900,0.44,15882.899984717369
9892,OK,53.600,0.44,15920.399979222566
9893,OK,54.700,0.44,15927.999978885055
9894,OK,54.100,0.44,15834.700025152415
9895,OK,64.700,0.44,15935.200033709407
9896,OK,57.500,0.44,15931.100002489984
9897,OK,71.900,0.44,15908.300003502518
9898,OK,59.300,0.44,15878.600010182709
9899,OK,52.600,0.44,15907.799999695271
9900,OK,71.400,0.44,15834.300022106618
9901,OK,61.600,0.44,15877.500001806766
9902,OK,53.500,0.44,15890.19998209551
9903,OK,97.500,0.44,15778.700006194413
9904,OK,79.900,0.44,15871.300012804568
9905,OK,61.900,0.44,15896.499971859157
9906,OK,80.800,0.44,15870.79995078966
9907,OK,82.300,0.44,15841.799962799996
9908,OK,57.900,0.44,15940.300014335662
9909,OK,59.500,0.44,15934.399969410151
9910,OK,61.300,0.44,15830.699994694442
9911,OK,81.700,0.44,15879.100013989955
9912,OK,96.000,0.44,15913.400042336434
9913,OK,62.800,0.44,15870.700008235872
9914,OK,59.300,0.44,15873.90003260225
9915,OK,76.200,0.44,15885.100001469254
9916,OK,61.800,0.44,15855.100005865097
9917,OK,58.300,0.44,15939.600009005517
9918,OK,59.000,0.44,15900.400001555681
9919,OK,72.000,0.44,15831.400000024587
9920,OK,64.500,0.44,15750.100021250546
9921,OK,58.500,0.44,15978.700015693903
9922,OK,53.500,0.44,15926.200023386627
9923,OK,68.400,0.44,15881.29997253418
9924,OK,59.500,0.44,15911.699971184134
9925,OK,49.700,0.44,15892.099996563047
9926,OK,53.700,0.44,15906.70004952699
9927,OK,68.800,0.44,15943.899983540177
9928,OK,55.800,0.44,15917.799959424883
9929,OK,64.100,0.44,15868.499991483986
9930,OK,58.900,0.44,15918.30002143979
9931,OK,59.200,0.44,15843.699977267534
9932,OK,54.800,0.44,15896.30002854392
9933,OK,73.800,0.44,15888.000023551285
9934,OK,54.900,0.44,15958.900039549917
9935,OK,57.700,0.44,15863.60001238063
9936,OK,52.500,0.44,15912.999981082976
9937,OK,59.000,0.44,15912.60003624484
9938,OK,73.200,0.44,15930.499997921288
9939,OK,56.300,0.44,15840.199950616807
9940,OK,77.000,0.44,15879.8000193201
9941,OK,55.400,0.44,15869.299997575581
9942,OK,59.600,0.44,15906.299988273531
9943,OK,69.300,0.44,15869.599999859929
9944,OK,52.300,0.44,15944.200044032186
9945,OK,74.800,0.44,15864.699962548912
9946,OK,52.200,0.44,16115.200007334352
9947,OK,140.700,0.44,15561.100037302822
9948,OK,49.900,0.44,15924.000006634742
9949,OK,54.200,0.44,15909.900015685707
9950,OK,67.300,0.44,15881.999977864325
9951,OK,63.300,0.44,15882.199979387224
9952,OK,92.200,0.44,15911.699971184134
9953,OK,59.600,0.44,15822.599991224706
9954,OK,71.600,0.44,15798.39998157695
9955,OK,98.200,0.44,15858.99997735396
9956,OK,69.600,0.44,15959.399985149503
9957,OK,53.600,0.44,15915.29999859631
9958,OK,55.000,0.44,15907.399996649474
9959,OK,59.700,0.44,15904.399973805994
9960,OK,54.100,0.44,15908.400004263967
9961,OK,56.700,0.44,15905.399981420487
9962,OK,57.500,0.44,15912.60003624484
9963,OK,53.900,0.44,15912.300033960491
9964,OK,66.800,0.44,15833.000012207776
9965,OK,60.900,0.44,15962.59995130822
9966,OK,76.500,0.44,15858.300030231476
9967,OK,75.600,0.44,15945.299994200468
9968,OK,66.600,0.44,15880.000020843
9969,OK,59.400,0.44,15919.700032100081
9970,OK,58.400,0.44,15904.299973044544
9971,OK,64.300,0.44,15924.000006634742
9972,OK,62.100,0.44,15840.700012631714
9973,OK,58.200,0.44,15867.099980823696
9974,OK,60.400,0.44,15918.40002220124
9975,OK,57.600,0.44,15911.599970422685
9976,OK,53.600,0.44,15868.699993006885
9977,OK,58.700,0.44,15901.800012215972
9978,OK,47.600,0.44,15905.499982181937
9979,OK,192.600,0.44,15734.699962195009
9980,OK,105.600,0.44,15778.200002387166
9981,OK,56.100,0.44,15943.799982778728
9982,OK,185.600,0.44,15814.80004824698
9983,OK,59.500,0.44,15937.999996822327
9984,OK,63.100,0.44,15880.999970249832
9985,OK,55.200,0.44,15884.099993854761
9986,OK,51.700,0.44,15886.900015175343
9987,OK,48.700,0.44,15940.799959935248
9988,OK,50.900,0.44,15923.500002827495
9989,OK,50.200,0.44,15908.600005786866
9990,OK,54.100,0.44,15919.000026769936
9991,OK,57.500,0.44,15897.400036919862
9992,OK,53.900,0.44,15935.899980831891
9993,OK,66.200,0.44,15882.899984717369
9994,OK,67.000,0.44,15963.600017130375
9995,OK,52.600,0.44,15848.100010771304
9996,OK,52.100,0.44,15944.89999115467
9997,OK,52.800,0.44,15901.800012215972
9998,OK,57.100,0.44,15916.9000107795
9999,OK,60.500,0.44,15877.900004852563
10000,OK,57.000,0.44,15898.500045295805
10001,OK,63.800,0.44,15808.299998752773
10002,OK,56.300,0.44,16161.000006832182
10003,OK,255.500,0.44,15373.799949884415
10004,OK,51.700,0.44,15924.700011964887
10005,OK,78.200,0.44,15808.000054676086
10006,OK,57.200,0.44,15921.899990644306
10007,OK,57.600,0.44,15945.299994200468
10008,OK,66.100,0.44,15879.8000193201
10009,OK,73.200,0.44,15882.79998395592
10010,OK,53.100,0.44,15902.400016784668
10011,OK,60.200,0.44,15917.399956379086
10012,OK,51.700,0.44,15939.500008244067
10013,OK,60.100,0.44,15863.800013903528
10014,OK,55.800,0.44,15906.799992080778
10015,OK,57.700,0.44,15905.1000373438
10016,OK,55.900,0.44,15917.00001154095
10017,OK,56.700,0.44,15889.299975242466
10018,OK,53.800,0.44,15928.500040899962
10019,OK,51.900,0.44,15962.899953592569
10020,OK,65.100,0.44,15817.6000113599
10021,OK,75.600,0.44,15927.999978885055
10022,OK,61.000,0.44,15884.19999461621
10023,OK,51.500,0.44,16036.89999319613
10024,OK,54.700,0.44,15760.300040710717
10025,OK,65.000,0.44,15965.199971105903
10026,OK,54.900,0.44,15902.700019069016
10027,OK,52.100,0.44,15918.39996399358
10028,OK,52.100,0.44,15871.300012804568
10029,OK,54.400,0.44,15920.199977699667
10030,OK,49.900,0.44,15926.500025670975
10031,OK,56.700,0.44,15912.099974229932
10032,OK,54.700,0.44,15885.600005276501
10033,OK,104.000,0.44,15875.899989623576
10034,OK,53.600,0.44,15951.200039125979
10035,OK,74.900,0.44,15887.500019744039
10036,OK,60.400,0.44,15868.0000458844
10037,OK,58.000,0.44,15921.799989882857
10038,OK,60.700,0.44,15915.800002403557
10039,OK,61.300,0.44,15893.000003416091
10040,OK,64.500,0.44,15906.299988273531
10041,OK,53.500,0.44,15868.900052737445
10042,OK,58.300,0.44,15913.99998869747
10043,OK,58.200,0.44,15923.700004350394
10044,OK,54.200,0.44,15898.899990133941
10045,OK,59.200,0.44,15903.50002516061
10046,OK,56.300,0.44,15906.39998903498
10047,OK,57.000,0.44,15905.499982181937
10048,OK,49.800,0.44,15924.30000891909
10049,OK,57.900,0.44,15905.700041912496
10050,OK,69.200,0.44,15901.89995476976
10051,OK,75.200,0.44,15869.49999909848
10052,OK,56.000,0.44,15859.599981922656
10053,OK,47.700,0.44,15989.699983038008
10054,OK,47.000,0.44,15896.30002854392
10055,OK,55.400,0.44,15918.099961709231
10056,OK,80.600,0.44,15848.900016862899
10057,OK,59.000,0.44,15871.499956119806
10058,OK,55.700,0.44,15966.799983289093
10059,OK,57.600,0.44,15875.699988100678
10060,OK,65.600,0.44,15911.00002406165
10061,OK,60.400,0.44,15866.39997549355
10062,OK,50.800,0.44,15954.899950884283
10063,OK,73.700,0.44,15860.799991060048
10064,OK,76.500,0.44,15927.699976600707
10065,OK,48.100,0.44,15907.90000045672
10066,OK,58.800,0.44,15950.79997787252
10067,OK,52.400,0.44,15914.699994027615
10068,OK,53.000,0.44,15833.100012969226
10069,OK,69.600,0.44,15918.599965516478
10070,OK,60.000,0.44,15941.000019665807
10071,OK,55.800,0.44,15918.800025247037
10072,OK,55.500,0.44,15868.499991483986
10073,OK,56.600,0.44,15890.599985141307
10074,OK,53.000,0.44,15906.699991319329
10075,OK,55.500,0.44,15912.40003472194
10076,OK,74.900,0.44,15920.099976938218
10077,OK,63.600,0.44,15864.599961787462
10078,OK,53.000,0.44,15948.10001552105
10079,OK,56.700,0.44,15896.30002854392
10080,OK,54.100,0.44,15844.699984882027
10081,OK,55.200,0.44,15870.500006712973
10082,OK,76.900,0.44,15899.499994702637
10083,OK,71.900,0.44,15920.700039714575
10084,OK,54.700,0.44,15901.300008408725
10085,OK,56.000,0.44,15918.599965516478
10086,OK,51.700,0.44,15917.599957901984
10087,OK,54.400,0.44,15871.600015088916
10088,OK,61.500,0.44,15895.199961960316
10089,OK,51.800,0.44,15919.200028292835
10090,OK,69.700,0.44,15889.199974481016
10091,OK,67.900,0.44,15956.90002432093
10092,OK,53.700,0.44,15915.800002403557
10093,OK,53.400,0.44,15904.99997837469
10094,OK,47.400,0.44,15842.69996965304
10095,OK,49.000,0.44,15926.999971270561
10096,OK,50.100,0.44,15948.10001552105
10097,OK,51.400,0.44,15912.799979560077
10098,OK,54.300,0.44,15891.7999942787
10099,OK,47.900,0.44,15960.299992002547
10100,OK,64.200,0.44,15891.7999942787
10101,OK,79.700,0.44,15746.49999383837
10102,OK,53.700,0.44,15925.200015772134
10103,OK,56.600,0.44,15927.899978123605
10104,OK,78.900,0.44,15871.399955358356
10105,OK,64.100,0.44,15871.300012804568
10106,OK,73.400,0.44,15948.10001552105
10107,OK,93.000,0.44,15865.499968640506
10108,OK,57.500,0.44,15841.30001720041
10109,OK,55.600,0.44,15882.499981671572
10110,OK,54.500,0.44,15965.499973390251
10111,OK,54.900,0.44,15927.700034808367
10112,OK,52.700,0.44,15917.500015348196
10113,OK,55.300,0.44,15903.999970760196
10114,OK,48.500,0.44,15923.900005873293
10115,OK,52.800,0.44,15911.600028630346
10116,OK,59.700,0.44,15904.600033536553
10117,OK,69.600,0.44,15911.899972707033
10118,OK,55.300,0.44,15925.600018817931
10119,OK,57.200,0.44,15880.800026934594
10120,OK,57.000,0.44,15935.699979308993
10121,OK,54.600,0.44,15905.699983704835
10122,OK,50.900,0.44,15907.699998933822
10123,OK,55.600,0.44,15909.700014162809
10124,OK,63.300,0.44,15837.899991311133
10125,OK,52.600,0.44,15917.200013063848
10126,OK,56.000,0.44,15939.500008244067
10127,OK,53.000,0.44,15867.000038269907
10128,OK,54.700,0.44,15907.599998172373
10129,OK,50.500,0.44,15965.80003388226
10130,OK,70.400,0.44,15848.500013817102
10131,OK,81.700,0.44,15920.299978461117
10132,OK,51.700,0.44,15896.599972620606
10133,OK,51.900,0.44,15886.600012890995
10134,OK,112.000,0.44,15773.20002252236
10135,OK,143.300,0.44,15835.300029721111
10136,OK,55.500,0.44,15911.900030914694
10137,OK,53.100,0.44,15931.80000782013
10138,OK,64.700,0.44,15889.000031165779
10139,OK,51.500,0.44,15905.500040389597
10140,OK,59.000,0.44,15898.399986326694
10141,OK,54.100,0.44,15912.599978037179
10142,OK,49.500,0.44,15969.600004609674
10143,OK,70.400,0.44,15897.80003996566
10144,OK,53.100,0.44,15867.399983108044
10145,OK,59.300,0.44,15840.100008063018
10146,OK,48.000,0.44,15953.699999954551
10147,OK,71.100,0.44,15920.800040476024
10148,OK,58.300,0.44,15908.600005786866
10149,OK,57.900,0.44,15892.700001131743
10150,OK,51.600,0.44,15931.299945805222
10151,OK,56.800,0.44,15889.299975242466
10152,OK,57.500,0.44,15964.19996349141
10153,OK,66.600,0.44,15884.29999537766
10154,OK,61.600,0.44,15919.500030577183
10155,OK,53.100,0.44,15864.400018472224
10156,OK,49.300,0.44,15928.899985738099
10157,OK,60.800,0.44,15882.299980148673
10158,OK,98.000,0.44,15865.699970163405
10159,OK,73.800,0.44,15879.100013989955
10160,OK,62.400,0.44,15949.699969496578
10161,OK,61.400,0.44,15872.100018896163
10162,OK,54.800,0.44,15922.600054182112
10163,OK,54.100,0.44,15929.299988783896
10164,OK,56.700,0.44,15908.10000197962
10165,OK,56.600,0.44,15871.200012043118
10166,OK,57.800,0.44,15945.399994961917
10167,OK,88.000,0.44,15786.900010425597
10168,OK,59.600,0.44,15867.300040554255
10169,OK,48.200,0.44,16016.10000943765
10170,OK,58.800,0.44,15892.499999608845
10171,OK,76.000,0.44,15853.299992159009
10172,OK,94.900,0.44,15812.500030733645
10173,OK,52.900,0.44,16050.999984145164
10174,OK,56.800,0.44,15888.799971435219
10175,OK,58.300,0.44,15904.599975328892
10176,OK,57.000,0.44,15857.200021855533
10177,OK,49.700,0.44,15934.70002990216
10178,OK,61.600,0.44,15893.900010269135
10179,OK,55.900,0.44,15890.899987425655
10180,OK,69.700,0.44,15907.90000045672
10181,OK,50.200,0.44,15919.600031338632
10182,OK,195.900,0.44,15778.400003910065
10183,OK,63.200,0.44,15898.499987088144
10184,OK,77.500,0.44,15885.600005276501
10185,OK,73.200,0.44,15957.600029651076
10186,OK,79.200,0.44,15800.900000613183
10187,OK,53.900,0.44,15903.49996695295
10188,OK,57.600,0.44,15895.300020929426
10189,OK,51.700,0.44,15927.30003176257
10190,OK,49.800,0.44,15905.900043435395
10191,OK,51.800,0.44,15904.89997761324
10192,OK,50.500,0.44,15967.200044542551
10193,OK,48.000,0.44,15957.700030412525
10194,OK,56.700,0.44,15866.39997549355
10195,OK,48.600,0.44,15861.599997151643
10196,OK,49.400,0.44,15998.599992599338
10197,OK,52.900,0.44,15888.200025074184
10198,OK,45.100,0.44,15956.90002432093
10199,OK,55.500,0.44,15872.599964495748
10200,OK,48.000,0.44,15878.499951213598
10201,OK,57.600,0.44,15798.899985384196
10202,OK,52.600,0.44,15916.80001001805
10203,OK,50.100,0.44,15888.999972958118
10204,OK,55.000,0.44,15973.999979905784
10205,OK,56.100,0.44,15900.70000384003
10206,OK,52.300,0.44,15860.4999887757
10207,OK,50.200,0.44,15949.50002618134
10208,OK,48.900,0.44,15871.199953835458
10209,OK,54.800,0.44,15918.30002143979
10210,OK,54.700,0.44,15893.10000417754
10211,OK,55.100,0.44,15855.700010433793
10212,OK,68.000,0.44,15982.899989467114
10213,OK,71.100,0.44,15897.799981757998
10214,OK,57.200,0.44,15909.300011117011
10215,OK,53.800,0.44,15899.799996986985
10216,OK,56.000,0.44,15893.600007984787
10217,OK,51.700,0.44,15890.699985902756
10218,OK,54.100,0.44,15944.799990393221
10219,OK,52.500,0.44,15921.599988359958
10220,OK,57.600,0.44,15896.499971859157
10221,OK,57.300,0.44,15917.200013063848
10222,OK,63.400,0.44,15912.100032437593
10223,OK,49.400,0.44,15895.000018645078
10224,OK,56.700,0.44,15912.700037006289
10225,OK,58.600,0.44,15936.399984639138
10226,OK,54.500,0.44,15891.299990471452
10227,OK,68.500,0.44,15850.40002828464
10228,OK,50.100,0.44,15939.300006721169
10229,OK,66.900,0.44,15887.100016698241
10230,OK,52.400,0.44,15953.399997670203
10231,OK,50.000,0.44,15889.400034211576
10232,OK,51.900,0.44,15985.200006980449
10233,OK,52.900,0.44,15909.200010355562
10234,OK,57.100,0.44,15850.500029046088
10235,OK,62.100,0.44,15879.000013228506
10236,OK,55.100,0.44,15853.299992159009
10237,OK,117.500,0.44,15901.89995476976
10238,OK,54.400,0.44,15934.70002990216
10239,OK,52.700,0.44,15923.700004350394
10240,OK,74.800,0.44,15899.799996986985
10241,OK,56.400,0.44,15817.100007552654
10242,OK,58.800,0.44,15885.000000707805
10243,OK,123.500,0.44,15880.100021604449
10244,OK,56.100,0.44,15900.900005362928
10245,OK,48.000,0.44,15879.200014751405
10246,OK,55.800,0.44,15901.600010693073
10247,OK,54.000,0.44,15947.100007906556
10248,OK,58.600,0.44,15917.400014586747
10249,OK,63.200,0.44,15889.599977526814
10250,OK,56.200,0.44,15859.799983445555
10251,OK,52.600,0.44,15967.40004606545
10252,OK,52.200,0.44,15942.500031087548
10253,OK,66.200,0.44,15890.499984379858
10254,OK,70.100,0.44,15903.799969237298
10255,OK,51.700,0.44,15924.40000968054
10256,OK,51.800,0.44,15868.699993006885
10257,OK,48.800,0.44,15936.399984639138
10258,OK,57.900,0.44,15876.700053922832
10259,OK,49.400,0.44,15939.400007482618
10260,OK,68.300,0.44,15861.399995628744
10261,OK,72.200,0.44,15853.299992159009
10262,OK,57.600,0.44,15971.999964676797
10263,OK,53.800,0.44,15920.299978461117
10264,OK,58.100,0.44,15918.100019916892
10265,OK,72.500,0.44,15887.299960013479
10266,OK,61.600,0.44,15812.500030733645
10267,OK,56.500,0.44,15958.099975250661
10268,OK,75.600,0.44,15890.09998133406
10269,OK,71.300,0.44,15894.200012553483
10270,OK,66.400,0.44,15875.199984293431
10271,OK,61.500,0.44,15919.100027531385
10272,OK,53.600,0.44,15904.600033536553
10273,OK,52.400,0.44,15863.100008573383
10274,OK,62.700,0.44,15924.40000968054
10275,OK,56.400,0.44,15892.199997324497
10276,OK,59.600,0.44,15928.600041661412
10277,OK,49.700,0.44,15961.500001139939
10278,OK,55.100,0.44,15874.199976678938
10279,OK,55.500,0.44,15900.900005362928
10280,OK,56.800,0.44,15915.700001642108
10281,OK,71.500,0.44,15895.299962721765
10282,OK,76.900,0.44,15896.900033112615
10283,OK,58.200,0.44,15830.99999697879
10284,OK,75.600,0.44,15963.500016368926
10285,OK,58.600,0.44,15921.699989121407
10286,OK,52.200,0.44,15917.900018393993
10287,OK,62.200,0.44,15870.200004428625
10288,OK,61.000,0.44,15865.400026086718
10289,OK,51.700,0.44,15969.400003086776
10290,OK,79.500,0.44,15840.400010347366
10291,OK,59.000,0.44,15956.200018990785
10292,OK,52.400,0.44,15894.699958153069
10293,OK,50.900,0.44,15910.700021777302
10294,OK,68.800,0.44,15906.799992080778
10295,OK,67.800,0.44,15922.6999967359
10296,OK,60.700,0.44,15886.299952398986
10297,OK,51.100,0.44,15886.200009845197
10298,OK,59.500,0.44,15922.099992167205
10299,OK,59.000,0.44,15904.500032775104
10300,OK,61.100,0.44,15912.599978037179
10301,OK,60.700,0.44,15745.09998317808
10302,OK,72.400,0.44,15927.599975839257
10303,OK,59.400,0.44,15909.100009594113
10304,OK,66.100,0.44,15871.00001052022
10305,OK,59.300,0.44,15938.800002913922
10306,OK,78.200,0.44,15878.0999481678
10307,OK,65.200,0.44,15907.699998933822
10308,OK,64.800,0.44,15865.800029132515
10309,OK,55.600,0.44,15837.999992072582
10310,OK,54.100,0.44,15855.700010433793
10311,OK,83.900,0.44,15964.40002322197
10312,OK,54.300,0.44,15906.099986750633
10313,OK,50.500,0.44,15900.800004601479
10314,OK,45.600,0.44,15912.800037767738
10315,OK,46.400,0.44,16002.59996484965
10316,OK,60.500,0.44,15837.699989788234
10317,OK,51.800,0.44,15904.499974567443
10318,OK,55.900,0.44,15913.79998717457
10319,OK,55.400,0.44,15913.99998869747
10320,OK,54.700,0.44,15915.600000880659
10321,OK,52.000,0.44,15938.399999868125
10322,OK,67.400,0.44,15890.799986664206
10323,OK,73.700,0.44,15890.499984379858
10324,OK,52.500,0.44,15920.300036668777
10325,OK,52.100,0.44,15827.399969566613
10326,OK,56.000,0.44,15911.900030914694
10327,OK,54.700,0.44,15883.00004368648
10328,OK,51.100,0.44,15914.999996311963
10329,OK,51.100,0.44,15897.69998099655
10330,OK,56.200,0.44,15916.500007733703
10331,OK,52.400,0.44,15960.399992763996
10332,OK,52.100,0.44,15871.10001128167
10333,OK,56.100,0.44,15922.8999982588
10334,OK,54.900,0.44,15920.699981506914
10335,OK,120.300,0.44,15859.09997811541
10336,OK,81.900,0.44,15802.70001431927
10337,OK,101.700,0.44,15861.599997151643
10338,OK,84.700,0.44,16017.899964936078
10339,OK,86.300,0.44,15766.899974551052
10340,OK,50.100,0.44,15936.399984639138
10341,OK,56.800,0.44,15933.800023049116
10342,OK,51.400,0.44,15922.6999967359
10343,OK,49.100,0.44,15935.899980831891
10344,OK,58.700,0.44,15800.699999090284
10345,OK,63.800,0.44,15928.399981930852
10346,OK,53.000,0.44,15890.19998209551
10347,OK,51.700,0.44,15886.200009845197
10348,OK,51.700,0.44,15893.30000570044
10349,OK,49.400,0.44,15911.299968138337
10350,OK,81.400,0.44,15898.100042250007
10351,OK,62.700,0.44,15892.399998847395
10352,OK,55.700,0.44,15901.500009931624
10353,OK,60.700,0.44,15906.799992080778
10354,OK,51.800,0.44,15900.900005362928
10355,OK,53.400,0.44,15906.400047242641
10356,OK,51.700,0.44,15937.199990730733
10357,OK,58.800,0.44,15921.899990644306
10358,OK,57.600,0.44,15895.599965006113
10359,OK,60.300,0.44,15888.200025074184
10360,OK,51.900,0.44,15881.100029218942
10361,OK,48.000,0.44,15851.899981498718
10362,OK,79.900,0.44,15892.700001131743
10363,OK,85.000,0.44,15829.300042241812
10364,OK,53.100,0.44,15962.500008754432
10365,OK,126.000,0.44,15826.300019398332
10366,OK,73.000,0.44,15930.900000967085
10367,OK,55.100,0.44,15879.000013228506
10368,OK,63.200,0.44,15912.199974991381
10369,OK,52.200,0.44,15910.9000233002
10370,OK,49.800,0.44,15892.199997324497
10371,OK,53.800,0.44,15902.900020591915
10372,OK,98.000,0.44,15863.70001314208
10373,OK,49.600,0.44,15915.39999935776
10374,OK,69.900,0.44,15909.3999536708
10375,OK,63.200,0.44,15844.599984120578
10376,OK,65.100,0.44,15933.399961795658
10377,OK,71.400,0.44,15942.2000288032
10378,OK,57.700,0.44,15844.499983359128
10379,OK,58.100,0.44,15868.599992245436
10380,OK,67.000,0.44,15942.199970595539
10381,OK,55.200,0.44,15891.199989710003
10382,OK,49.800,0.44,15895.599965006113
10383,OK,61.100,0.44,15871.099953074008
10384,OK,69.400,0.44,15944.599988870323
10385,OK,56.600,0.44,15857.39996517077
10386,OK,67.500,0.44,15922.599995974451
10387,OK,48.200,0.44,15906.59999055788
10388,OK,62.200,0.44,15930.19999563694
10389,OK,73.700,0.44,15902.600018307567
10390,OK,60.200,0.44,15863.70001314208
10391,OK,52.600,0.44,15914.099989458919
10392,OK,78.100,0.44,15891.199989710003
10393,OK,53.300,0.44,15904.799976851791
10394,OK,60.700,0.44,15925.400017295033
10395,OK,52.000,0.44,15884.599997662008
10396,OK,47.300,0.44,15916.600008495152
10397,OK,46.600,0.44,15916.200005449355
10398,OK,51.600,0.44,15922.79999749735
10399,OK,48.900,0.44,15932.000009343028
10400,OK,62.600,0.44,15896.000026259571
10401,OK,67.700,0.44,15794.799954164773
10402,OK,51.000,0.44,15990.100044291466
10403,OK,68.300,0.44,15903.899969998747
10404,OK,53.800,0.44,15876.399993430823
10405,OK,59.400,0.44,15895.500022452325
10406,OK,51.200,0.44,15828.799980226904
10407,OK,49.900,0.44,15914.299990981817
10408,OK,55.300,0.44,15944.699989631772
10409,OK,53.100,0.44,15911.200025584549
10410,OK,71.200,0.44,15923.200000543147
10411,OK,69.200,0.44,15864.800021518022
10412,OK,68.100,0.44,15886.000008322299
10413,OK,59.200,0.44,15922.199992928654
10414,OK,72.700,0.44,15784.699993673712
10415,OK,51.200,0.44,15982.399985659868
10416,OK,71.200,0.44,15882.79998395592
10417,OK,53.800,0.44,15926.300024148077
10418,OK,67.400,0.44,15836.500038858503
10419,OK,52.300,0.44,15951.399982441217
10420,OK,77.000,0.44,15877.099998760968
10421,OK,60.300,0.44,15936.899988446385
10422,OK,56.600,0.44,15868.399990722537
10423,OK,65.300,0.44,15938.500000629574
10424,OK,46.400,0.44,15950.700035318732
10425,OK,55.600,0.44,15836.499980650842
10426,OK,47.900,0.44,15923.200000543147
10427,OK,66.700,0.44,15911.900030914694
10428,OK,54.500,0.44,15922.199992928654
10429,OK,62.500,0.44,15908.10000197962
10430,OK,52.200,0.44,15884.499996900558
10431,OK,55.400,0.44,15910.89996509254
10432,OK,69.500,0.44,15967.899991665035
10433,OK,58.200,0.44,15842.79997041449
10434,OK,50.100,0.44,15881.699975579977
10435,OK,56.100,0.44,15965.7999756746
10436,OK,63.800,0.44,15885.299944784492
10437,OK,52.300,0.44,15931.300004012883
10438,OK,68.100,0.44,15881.200029980391
10439,OK,68.700,0.44,15827.800030820072
10440,OK,90.800,0.44,15899.399993941188
10441,OK,77.800,0.44,15839.90000654012
10442,OK,67.300,0.44,15862.900007050484
10443,OK,51.100,0.44,16028.800047934055
10444,OK,75.200,0.44,15817.299950867891
10445,OK,66.300,0.44,15893.500007223338
10446,OK,76.000,0.44,15916.200005449355
10447,OK,56.300,0.44,15877.499943599105
10448,OK,48.200,0.44,15924.40000968054
10449,OK,60.100,0.44,15899.499994702637
10450,OK,70.400,0.44,15874.800039455295
10451,OK,77.700,0.44,15887.299960013479
10452,OK,53.100,0.44,15923.900005873293
10453,OK,65.700,0.44,15819.699969142675
10454,OK,83.700,0.44,15944.000042509288
10455,OK,71.100,0.44,15888.600028119981
10456,OK,69.200,0.44,15897.5999802351
10457,OK,89.600,0.44,15841.09995746985
10458,OK,56.600,0.44,15963.500016368926
10459,OK,60.800,0.44,15889.300033450127
10460,OK,51.000,0.44,15862.700005527586
10461,OK,51.700,0.44,15867.99998767674
10462,OK,53.300,0.44,16001.40001391992
10463,OK,61.500,0.44,15826.099959667772
10464,OK,56.500,0.44,15963.200014084578
10465,OK,80.300,0.44,15799.599990714341
10466,OK,54.100,0.44,15921.800048090518
10467,OK,53.200,0.44,15889.599977526814
10468,OK,49.500,0.44,15980.59997195378
10469,OK,55.300,0.44,15896.500030066818
10470,OK,53.100,0.44,15928.499982692301
10471,OK,56.100,0.44,15896.000026259571
10472,OK,72.400,0.44,15910.000016447157
10473,OK,55.700,0.44,15918.29996323213
10474,OK,57.700,0.44,15889.700036495924
10475,OK,58.100,0.44,15886.400011368096
10476,OK,55.800,0.44,15919.80003286153
10477,OK,53.400,0.44,15896.600030828267
10478,OK,59.400,0.44,15881.699975579977
10479,OK,58.700,0.44,15890.999988187104
10480,OK,58.400,0.44,15896.299970336258
10481,OK,74.800,0.44,15887.600020505488
10482,OK,49.800,0.44,15919.200028292835
10483,OK,60.400,0.44,15942.499972879887
10484,OK,66.000,0.44,15834.699966944754
10485,OK,58.300,0.44,15944.399987347424
10486,OK,53.300,0.44,15888.399968389422
10487,OK,59.200,0.44,15915.600000880659
10488,OK,71.400,0.44,15865.899971686304
10489,OK,64.300,0.44,15950.499975588173
10490,OK,47.200,0.44,15926.300024148077
10491,OK,55.900,0.44,15918.40002220124
10492,OK,46.000,0.44,15909.100009594113
10493,OK,52.200,0.44,15912.29997575283
10494,OK,55.900,0.44,15919.599973130971
10495,OK,54.800,0.44,15910.700021777302
10496,OK,52.800,0.44,15883.500047493726
10497,OK,55.600,0.44,15929.899993352592
10498,OK,61.800,0.44,15916.9000107795
10499,OK,48.300,0.44,15925.300016533583
10500,OK,68.100,0.44,15875.900047831237
10501,OK,69.100,0.44,16004.599980078638
10502,OK,160.900,0.44,15559.299965389073
10503,OK,71.700,0.44,15897.49997947365
10504,OK,52.400,0.44,15896.599972620606
10505,OK,55.900,0.44,15926.099964417517
10506,OK,70.200,0.44,15893.800009507686
10507,OK,65.600,0.44,15878.900012467057
10508,OK,53.400,0.44,15914.699994027615
10509,OK,56.300,0.44,15893.700008746237
10510,OK,56.500,0.44,15935.700037516654
10511,OK,69.300,0.44,15878.30000789836
10512,OK,63.700,0.44,15936.699986923486
10513,OK,64.800,0.44,15896.600030828267
10514,OK,65.900,0.44,15941.89996831119
10515,OK,52.400,0.44,15886.299952398986
10516,OK,63.000,0.44,15883.300045970827
10517,OK,53.400,0.44,15928.90004394576
10518,OK,53.700,0.44,15894.200012553483
10519,OK,55.500,0.44,15954.400005284697
10520,OK,58.900,0.44,15903.999970760196
10521,OK,57.300,0.44,15860.099985729903
10522,OK,53.200,0.44,15890.999988187104
10523,OK,69.600,0.44,15936.999989207834
10524,OK,85.500,0.44,15828.700037673116
10525,OK,52.800,0.44,15889.599977526814
10526,OK,60.200,0.44,15866.599977016449
10527,OK,71.700,0.44,15771.49995137006
10528,OK,56.500,0.44,16045.199998188764
10529,OK,53.000,0.44,15922.099992167205
10530,OK,54.900,0.44,15904.599975328892
10531,OK,57.500,0.44,15889.100031927228
10532,OK,54.000,0.44,15944.199985824525
10533,OK,53.600,0.44,15891.399991232902
10534,OK,68.400,0.44,15884.099993854761
10535,OK,58.000,0.44,15898.099984042346
10536,OK,58.600,0.44,15924.900013487786
10537,OK,55.400,0.44,15911.499969661236
10538,OK,52.000,0.44,15856.400015763938
10539,OK,53.000,0.44,15923.400002066046
10540,OK,64.800,0.44,15920.400037430227
10541,OK,81.700,0.44,15868.600050453097
10542,OK,114.800,0.44,15956.300019752234
10543,OK,71.000,0.44,15814.400045201182
10544,OK,57.300,0.44,15899.499994702637
10545,OK,72.500,0.44,15910.79996433109
10546,OK,64.500,0.44,15891.199989710003
10547,OK,52.900,0.44,15898.099984042346
10548,OK,54.400,0.44,15918.50002296269
10549,OK,49.800,0.44,15887.800022028387
10550,OK,62.000,0.44,15895.500022452325
10551,OK,55.700,0.44,15913.299983367324
10552,OK,65.700,0.44,15853.899996727705
10553,OK,54.600,0.44,15937.399992253631
10554,OK,76.200,0.44,15882.600040640682
10555,OK,83.600,0.44,15878.50000942126
10556,OK,61.100,0.44,15897.300036158413
10557,OK,60.000,0.44,15919.399971608073
10558,OK,84.200,0.44,15833.500016015023
10559,OK,59.900,0.44,15945.399994961917
10560,OK,64.000,0.44,15825.700014829636
10561,OK,53.800,0.44,15964.19996349141
10562,OK,54.600,0.44,15873.700031079352
10563,OK,57.400,0.44,15905.199979897588
10564,OK,51.900,0.44,15970.699954777956
10565,OK,58.600,0.44,15843.300032429397
10566,OK,57.400,0.44,15848.200011532754
10567,OK,89.200,0.44,15896.699973382056
10568,OK,58.000,0.44,15963.999961968511
10569,OK,70.700,0.44,15812.499972525984
10570,OK,64.800,0.44,15920.299978461117
10571,OK,55.300,0.44,15924.500010441989
10572,OK,59.300,0.44,15891.299990471452
10573,OK,49.300,0.44,15911.899972707033
10574,OK,56.800,0.44,15926.000021863729
10575,OK,53.400,0.44,15914.10004766658
10576,OK,57.300,0.44,15909.100009594113
10577,OK,53.700,0.44,15925.500018056482
10578,OK,62.100,0.44,15932.400012388825
10579,OK,57.900,0.44,15865.199966356158
10580,OK,58.200,0.44,15908.600005786866
10581,OK,69.400,0.44,15915.600000880659
10582,OK,52.800,0.44,15865.00002304092
10583,OK,55.900,0.44,15889.200032688677
10584,OK,51.500,0.44,15909.899957478046
10585,OK,60.300,0.44,15967.499988619238
10586,OK,58.000,0.44,15866.70003598556
10587,OK,57.300,0.44,15910.700021777302
10588,OK,55.700,0.44,15908.700006548315
10589,OK,53.500,0.44,15918.999968562275
10590,OK,57.700,0.44,15873.90003260225
10591,OK,53.400,0.44,15947.700012475252
10592,OK,52.700,0.44,15931.299945805222
10593,OK,55.500,0.44,15861.899999435991
10594,OK,56.100,0.44,15899.899997748435
10595,OK,53.100,0.44,15860.59998953715
10596,OK,53.500,0.44,15947.199950460345
10597,OK,69.500,0.44,15867.89998691529
10598,OK,71.200,0.44,15957.299969159067
10599,OK,57.000,0.44,15909.899957478046
10600,OK,55.500,0.44,15885.70000603795
10601,OK,57.800,0.44,15779.900015331805
10602,OK,75.000,0.44,15897.49997947365
10603,OK,45.700,0.44,15925.70001957938
10604,OK,52.600,0.44,15926.900028716773
10605,OK,61.000,0.44,15887.100016698241
10606,OK,59.500,0.44,15926.499967463315
10607,OK,62.600,0.44,15885.400003753603
10608,OK,56.100,0.44,15939.500008244067
10609,OK,52.400,0.44,15896.699973382056
10610,OK,57.900,0.44,15939.899953082204
10611,OK,74.500,0.44,15879.8000193201
10612,OK,58.000,0.44,15906.299988273531
10613,OK,55.600,0.44,15877.400001045316
10614,OK,55.000,0.44,15944.199985824525
10615,OK,49.000,0.44,15903.899969998747
10616,OK,63.700,0.44,15921.19998531416
10617,OK,47.900,0.44,15907.699998933822
10618,OK,56.000,0.44,15912.39997651428
10619,OK,47.600,0.44,15927.799977362156
10620,OK,52.100,0.44,15914.699994027615
10621,OK,51.800,0.44,15913.000039290637
10622,OK,48.700,0.44,15928.400040138513
10623,OK,65.100,0.44,15905.00003658235
10624,OK,67.400,0.44,15875.29998505488
10625,OK,65.400,0.44,15898.199984803796
10626,OK,47.600,0.44,15942.09996983409
10627,OK,53.900,0.44,15913.700044620782
10628,OK,52.300,0.44,15938.099997583777
10629,OK,86.200,0.44,15801.000001374632
10630,OK,47.100,0.44,15919.700032100081
10631,OK,50.500,0.44,15909.000008832663
10632,OK,48.900,0.44,15945.399994961917
10633,OK,53.400,0.44,15867.000038269907
10634,OK,51.200,0.44,15968.199993949383
10635,OK,59.000,0.44,15896.30002854392
10636,OK,49.100,0.44,15933.500020764768
10637,OK,63.100,0.44,15895.399963483214
10638,OK,66.800,0.44,15915.50000011921
10639,OK,58.600,0.44,15931.500005535781
10640,OK,53.200,0.44,15823.099995031953
10641,OK,52.000,0.44,15981.299977283925
10642,OK,48.100,0.44,15878.800011705607
10643,OK,68.600,0.44,15879.499958828092
10644,OK,80.400,0.44,15951.300039887428
10645,OK,69.900,0.44,15803.599962964654
10646,OK,53.100,0.44,15891.5999927558
10647,OK,55.500,0.44,15937.59999377653
10648,OK,62.900,0.44,15865.300025325269
10649,OK,51.600,0.44,15938.600001391023
10650,OK,70.800,0.44,15881.200029980391
10651,OK,65.100,0.44,15899.699996225536
10652,OK,60.100,0.44,15881.099971011281
10653,OK,46.300,0.44,15970.800013747066
10654,OK,59.100,0.44,15906.099986750633
10655,OK,60.900,0.44,15906.300046481192
10656,OK,51.000,0.44,15905.799984466285
10657,OK,53.600,0.44,15923.900005873293
10658,OK,52.700,0.44,15903.70002668351
10659,OK,51.100,0.44,15874.599979724735
10660,OK,59.700,0.44,15917.900018393993
10661,OK,50.600,0.44,15892.199997324497
10662,OK,55.800,0.44,15958.799980580807
10663,OK,78.000,0.44,15882.199979387224
10664,OK,72.200,0.44,15878.900012467057
10665,OK,59.100,0.44,15835.999976843596
10666,OK,88.900,0.44,15908.600005786866
10667,OK,57.900,0.44,15837.499988265336
10668,OK,55.900,0.44,15886.199951637536
10669,OK,66.000,0.44,15938.900003675371
10670,OK,88.200,0.44,15877.500001806766
10671,OK,53.700,0.44,15874.499978963286
10672,OK,53.300,0.44,15952.599991578609
10673,OK,62.400,0.44,15918.800025247037
10674,OK,53.000,0.44,15898.500045295805
10675,OK,86.700,0.44,15804.699971340597
10676,OK,51.800,0.44,15995.100024156272
10677,OK,56.100,0.44,15886.400011368096
10678,OK,54.200,0.44,15913.400042336434
10679,OK,57.800,0.44,15796.200023032725
10680,OK,73.000,0.44,15953.800000716
10681,OK,54.500,0.44,15942.699974402785
10682,OK,60.800,0.44,15827.99997413531
10683,OK,57.200,0.44,15865.599969401956
10684,OK,52.100,0.44,15956.500021275133
10685,OK,51.300,0.44,15954.400005284697
10686,OK,61.500,0.44,15906.299988273531
10687,OK,57.700,0.44,15847.400005441159
10688,OK,54.200,0.44,15916.200005449355
10689,OK,60.700,0.44,15903.099963907152
10690,OK,50.800,0.44,15942.499972879887
10691,OK,61.300,0.44,15859.599981922656
10692,OK,50.200,0.44,15999.90000249818
10693,OK,53.700,0.44,15857.60002490133
10694,OK,56.900,0.44,15896.299970336258
10695,OK,47.300,0.44,15940.300014335662
10696,OK,59.900,0.44,15873.300028033555
10697,OK,55.200,0.44,15950.800036080182
10698,OK,54.000,0.44,15907.599998172373
10699,OK,52.800,0.44,15916.500007733703
10700,OK,52.700,0.44,15911.700029391795
10701,OK,77.500,0.44,15749.300015158951
10702,OK,129.800,0.44,15892.099996563047
10703,OK,74.000,0.44,15856.10001347959
10704,OK,63.100,0.44,15876.000048592687
10705,OK,82.900,0.44,15906.59999055788
10706,OK,67.800,0.44,15896.699973382056
10707,OK,57.900,0.44,15938.099997583777
10708,OK,54.000,0.44,15935.599978547543
10709,OK,53.200,0.44,15905.09997913614
10710,OK,55.300,0.44,15884.899999946356
10711,OK,51.000,0.44,15928.79998497665
10712,OK,52.700,0.44,15912.50003548339
10713,OK,49.100,0.44,15919.500030577183
10714,OK,53.000,0.44,15914.799994789064
10715,OK,48.500,0.44,15883.399988524616
10716,OK,54.900,0.44,15916.80001001805
10717,OK,53.800,0.44,15920.699981506914
10718,OK,94.400,0.44,15888.600028119981
10719,OK,52.400,0.44,15853.599994443357
10720,OK,76.000,0.44,15940.100012812763
10721,OK,53.800,0.44,15870.79995078966
10722,OK,54.100,0.44,15895.900025498122
10723,OK,53.900,0.44,15959.199983626604
10724,OK,60.100,0.44,15913.99998869747
10725,OK,54.100,0.44,15909.100009594113
10726,OK,53.400,0.44,15867.099980823696
10727,OK,53.500,0.44,15874.10003412515
10728,OK,58.700,0.44,15898.799989372492
10729,OK,52.500,0.44,15917.099954094738
10730,OK,60.400,0.44,15903.300023637712
10731,OK,56.700,0.44,15932.000009343028
10732,OK,65.300,0.44,15844.999987166375
10733,OK,50.900,0.44,15884.19999461621
10734,OK,82.800,0.44,15896.499971859157
10735,OK,77.400,0.44,15928.199980407953
10736,OK,62.500,0.44,15893.20000493899
10737,OK,61.000,0.44,15923.800005111843
10738,OK,62.400,0.44,15878.40000865981
10739,OK,64.000,0.44,15925.300016533583
10740,OK,61.300,0.44,15898.799989372492
10741,OK,54.200,0.44,15906.799992080778
10742,OK,52.000,0.44,15901.000006124377
10743,OK,60.300,0.44,15977.200004272163
10744,OK,85.300,0.44,15831.199998501688
10745,OK,82.600,0.44,15800.499997567385
10746,OK,142.900,0.44,15937.400050461292
10747,OK,65.700,0.44,15829.599986318499
10748,OK,55.300,0.44,15913.499984890223
10749,OK,55.300,0.44,15899.399993941188
10750,OK,53.400,0.44,15909.800014924258
10751,OK,52.400,0.44,15909.700014162809
10752,OK,58.000,0.44,15901.500009931624
10753,OK,63.300,0.44,15821.900044102222
10754,OK,59.800,0.44,15970.699954777956
10755,OK,77.000,0.44,15857.59996669367
10756,OK,65.900,0.44,15953.699999954551
10757,OK,52.800,0.44,15867.000038269907
10758,OK,56.000,0.44,15919.200028292835
10759,OK,54.400,0.44,15898.799989372492
10760,OK,70.100,0.44,15905.699983704835
10761,OK,71.000,0.44,15934.80003066361
10762,OK,52.300,0.44,15877.500001806766
10763,OK,59.100,0.44,15923.500002827495
10764,OK,56.400,0.44,15858.900034800172
10765,OK,72.400,0.44,15835.899976082146
10766,OK,54.400,0.44,15990.300045814365
10767,OK,60.600,0.44,15891.7999942787
10768,OK,56.700,0.44,15898.599987849593
10769,OK,53.600,0.44,15903.000021353364
10770,OK,56.100,0.44,15868.299989961088
10771,OK,121.100,0.44,15876.299992669374
10772,OK,69.800,0.44,15900.300000794232
10773,OK,61.200,0.44,15837.099985219538
10774,OK,69.000,0.44,15988.199971616268
10775,OK,56.200,0.44,15898.100042250007
10776,OK,59.700,0.44,15913.599985651672
10777,OK,56.700,0.44,15910.99996585399
10778,OK,62.900,0.44,15821.99998665601
10779,OK,52.700,0.44,15988.10002906248
10780,OK,51.200,0.44,15911.699971184134
10781,OK,59.200,0.44,15888.59996991232
10782,OK,50.600,0.44,15926.099964417517
10783,OK,52.600,0.44,15913.499984890223
10784,OK,57.400,0.44,15904.700034298003
10785,OK,52.400,0.44,15874.099975917488
10786,OK,58.300,0.44,15924.000006634742
10787,OK,71.800,0.44,15899.09999165684
10788,OK,51.700,0.44,15895.99996805191
10789,OK,50.500,0.44,15868.099988438189
10790,OK,51.200,0.44,15864.800021518022
10791,OK,56.700,0.44,15874.099975917488
10792,OK,57.000,0.44,15950.400033034384
10793,OK,58.900,0.44,15892.299998085946
10794,OK,54.200,0.44,15910.000016447157
10795,OK,54.100,0.44,15906.59999055788
10796,OK,58.200,0.44,15910.199959762394
10797,OK,61.800,0.44,15936.19998311624
10798,OK,49.800,0.44,15897.69998099655
10799,OK,47.000,0.44,15923.600003588945
10800,OK,46.000,0.44,15962.80001103878
10801,OK,54.200,0.44,15817.900013644248
10802,OK,47.700,0.44,15896.000026259571
10803,OK,51.400,0.44,15912.699978798628
10804,OK,65.600,0.44,15897.900040727109
10805,OK,55.200,0.44,15915.600000880659
10806,OK,69.100,0.44,15881.19997177273
10807,OK,53.500,0.44,15906.699991319329
10808,OK,52.300,0.44,15830.499993171543
10809,OK,72.700,0.44,16004.499979317188
10810,OK,57.200,0.44,15866.400033701211
10811,OK,52.800,0.44,15917.299955617636
10812,OK,57.800,0.44,15875.999990385026
10813,OK,54.700,0.44,15966.600039973855
10814,OK,73.600,0.44,15882.79998395592
10815,OK,71.500,0.44,15896.999975666404
10816,OK,51.200,0.44,15873.400028795004
10817,OK,48.600,0.44,15927.800035569817
10818,OK,50.300,0.44,15904.300031252205
10819,OK,48.600,0.44,15890.699985902756
10820,OK,68.900,0.44,15897.099976427853
10821,OK,51.600,0.44,15978.099952917546
10822,OK,50.500,0.44,15864.400018472224
10823,OK,49.200,0.44,15914.299990981817
10824,OK,51.200,0.44,15921.39998683706
10825,OK,50.700,0.44,15962.400007992983
10826,OK,49.800,0.44,15920.799982268363
10827,OK,61.900,0.44,15869.200055021793
10828,OK,55.100,0.44,15947.90001399815
10829,OK,63.600,0.44,15910.200017970055
10830,OK,58.300,0.44,15853.599994443357
10831,OK,73.600,0.44,15963.100013323128
10832,OK,50.000,0.44,15880.300023127347
10833,OK,55.400,0.44,15913.499984890223
10834,OK,56.200,0.44,15915.099997073412
10835,OK,53.000,0.44,15902.500017546117
10836,OK,52.500,0.44,15900.800004601479
10837,OK,57.300,0.44,15895.000018645078
10838,OK,57.900,0.44,15919.300029054284
10839,OK,54.900,0.44,15902.300016023219
10840,OK,61.800,0.44,15915.900003165007
10841,OK,66.600,0.44,15827.199968043715
10842,OK,80.300,0.44,15871.300012804568
10843,OK,76.800,0.44,16043.899988289922
10844,OK,76.500,0.44,15767.999982926995
10845,OK,49.700,0.44,15954.899950884283
10846,OK,59.700,0.44,15880.499966442585
10847,OK,54.300,0.44,15878.799953497946
10848,OK,91.600,0.44,15899.799996986985
10849,OK,74.200,0.44,15874.10003412515
10850,OK,52.300,0.44,15910.9000233002
10851,OK,53.300,0.44,15876.700053922832
10852,OK,59.300,0.44,15892.900002654642
10853,OK,48.500,0.44,15951.899986248463
10854,OK,52.400,0.44,15904.300031252205
10855,OK,55.000,0.44,15893.400006461889
10856,OK,63.600,0.44,15944.799990393221
10857,OK,56.000,0.44,15912.199974991381
10858,OK,58.000,0.44,15881.799976341426
10859,OK,54.600,0.44,15905.199979897588
10860,OK,59.600,0.44,15920.199977699667
10861,OK,60.200,0.44,15878.900012467057
10862,OK,68.300,0.44,15895.799966529012
10863,OK,65.700,0.44,15863.000007811934
10864,OK,54.900,0.44,15909.60001340136
10865,OK,52.600,0.44,15908.600005786866
10866,OK,57.900,0.44,15910.9000233002
10867,OK,54.500,0.44,15909.800014924258
10868,OK,57.000,0.44,15908.700006548315
10869,OK,49.900,0.44,15969.900006894022
10870,OK,54.400,0.44,15880.499966442585
10871,OK,54.100,0.44,15850.40002828464
10872,OK,78.000,0.44,15872.799966018647
10873,OK,81.900,0.44,15830.199990887195
10874,OK,59.000,0.44,15988.899976946414
10875,OK,53.500,0.44,15866.200032178313
10876,OK,52.000,0.44,15884.29999537766
10877,OK,80.400,0.44,15881.100029218942
10878,OK,85.500,0.44,15830.299991648644
10879,OK,85.300,0.44,15908.599947579205
10880,OK,76.900,0.44,15853.999997489154
10881,OK,89.600,0.44,15904.699976090342
10882,OK,74.500,0.44,15830.699994694442
10883,OK,115.600,0.44,15892.099996563047
10884,OK,84.200,0.44,15837.799990549684
10885,OK,80.100,0.44,15868.399990722537
10886,OK,83.100,0.44,15848.400013055652
10887,OK,85.500,0.44,15865.900029893965
10888,OK,93.100,0.44,15870.399947743863
10889,OK,83.300,0.44,15879.700018558651
10890,OK,78.700,0.44,15887.799963820726
10891,OK,75.100,0.44,15818.800020497292
10892,OK,95.800,0.44,15869.299997575581
10893,OK,86.000,0.44,15858.99997735396
10894,OK,78.400,0.44,15878.50000942126
10895,OK,89.800,0.44,15888.200025074184
10896,OK,76.600,0.44,15879.399958066642
10897,OK,101.200,0.44,15784.699993673712
10898,OK,99.600,0.44,15821.499982848763
10899,OK,93.800,0.44,15874.400036409497
10900,OK,88.700,0.44,15786.200005095452
10901,OK,64.000,0.44,15831.600001547486
10902,OK,117.300,0.44,15871.00001052022
10903,OK,59.900,0.44,15886.699955444783
10904,OK,55.000,0.44,15952.39999005571
10905,OK,62.700,0.44,15909.300011117011
10906,OK,64.500,0.44,15887.599962297827
10907,OK,54.700,0.44,15898.299985565245
10908,OK,59.300,0.44,15956.000017467886
10909,OK,67.100,0.44,15857.100021094084
10910,OK,73.400,0.44,15876.499994192272
10911,OK,53.400,0.44,15939.999953843653
10912,OK,61.400,0.44,15882.499981671572
10913,OK,62.500,0.44,15908.400004263967
10914,OK,58.200,0.44,15886.300010606647
10915,OK,62.900,0.44,15927.899978123605
10916,OK,59.000,0.44,15885.200002230704
10917,OK,58.300,0.44,15843.599976506084
10918,OK,57.900,0.44,15889.500034973025
10919,OK,59.400,0.44,15987.699967809021
10920,OK,55.900,0.44,15910.100017208606
10921,OK,64.900,0.44,15770.09999891743
10922,OK,51.900,0.44,15990.599989891052
10923,OK,59.500,0.44,15951.799985487014
10924,OK,59.600,0.44,15894.80001712218
10925,OK,54.000,0.44,15844.399982597679
10926,OK,70.000,0.44,15987.100021447986
10927,OK,57.800,0.44,15895.200020167977
10928,OK,53.200,0.44,15841.900021769106
10929,OK,57.500,0.44,15879.000013228506
10930,OK,67.300,0.44,15900.400001555681
10931,OK,53.000,0.44,15945.299994200468
10932,OK,58.700,0.44,15869.700000621378
10933,OK,59.300,0.44,16175.600001588464
10934,OK,194.100,0.44,15495.200001168996
10935,OK,58.000,0.44,15924.19994994998
10936,OK,72.400,0.44,15847.700007725507
10937,OK,66.900,0.44,15910.400019492954
10938,OK,59.500,0.44,15859.399980399758
10939,OK,78.900,0.44,15891.899995040148
10940,OK,50.300,0.44,15911.899972707033
10941,OK,55.500,0.44,15910.200017970055
10942,OK,51.000,0.44,15924.40000968054
10943,OK,52.900,0.44,15854.7000028193
10944,OK,51.000,0.44,15907.099994365126
10945,OK,56.100,0.44,15908.00000121817
10946,OK,49.600,0.44,15923.300001304597
10947,OK,57.700,0.44,16113.79999667406
10948,OK,51.400,0.44,15695.200010668486
10949,OK,107.300,0.44,15778.800006955862
10950,OK,75.700,0.44,15979.300020262599
10951,OK,77.100,0.44,15860.699990298599
10952,OK,69.000,0.44,15834.600024390966
10953,OK,78.500,0.44,15962.90001180023
10954,OK,63.200,0.44,15896.499971859157
10955,OK,64.900,0.44,15882.80004216358
10956,OK,57.300,0.44,15885.199944023043
10957,OK,64.500,0.44,15927.19997279346
10958,OK,55.200,0.44,15891.899995040148
10959,OK,77.300,0.44,15891.999995801598
10960,OK,74.400,0.44,15867.599984630942
10961,OK,73.900,0.44,15917.00001154095
10962,OK,63.200,0.44,15902.999963145703
10963,OK,70.800,0.44,15904.400032013655
10964,OK,67.100,0.44,15771.400008816272
10965,OK,58.700,0.44,16015.000001061708
10966,OK,68.900,0.44,15880.200022365898
10967,OK,67.400,0.44,15895.599965006113
10968,OK,64.800,0.44,15861.799998674542
10969,OK,56.400,0.44,15916.000003926456
10970,OK,53.800,0.44,15945.899998769164
10971,OK,58.700,0.44,15899.299993179739
10972,OK,57.400,0.44,15901.300008408725
10973,OK,60.100,0.44,15826.599963475019
10974,OK,67.000,0.44,15969.000000040978
10975,OK,65.000,0.44,15892.900002654642
10976,OK,57.500,0.44,15955.700015183538
10977,OK,96.500,0.44,15769.699995871633
10978,OK,64.600,0.44,15880.000020843
10979,OK,55.300,0.44,15945.299994200468
10980,OK,68.500,0.44,15881.999977864325
10981,OK,68.300,0.44,15921.19998531416
10982,OK,52.200,0.44,15910.9000233002
10983,OK,59.300,0.44,15898.99999089539
10984,OK,60.100,0.44,15911.399968899786
10985,OK,50.000,0.44,15911.199967376888
10986,OK,59.700,0.44,15876.199991907924
10987,OK,55.900,0.44,15913.200040813535
10988,OK,55.500,0.44,15913.90004614368
10989,OK,58.400,0.44,15914.599993266165
10990,OK,53.800,0.44,15906.70004952699
10991,OK,51.900,0.44,15919.399971608073
10992,OK,56.200,0.44,15916.400006972253
10993,OK,85.400,0.44,15877.700003329664
10994,OK,53.000,0.44,15928.999986499548
10995,OK,52.200,0.44,15904.500032775104
10996,OK,70.400,0.44,15883.699990808964
10997,OK,68.200,0.44,15923.300001304597
10998,OK,53.300,0.44,15916.000003926456
10999,OK,57.600,0.44,15843.699977267534
11000,OK,63.200,0.44,15914.10004766658
11001,OK,63.400,0.44,15828.099974896759
11002,OK,62.300,0.44,15885.90000756085
11003,OK,52.700,0.44,15845.200046896935
11004,OK,69.500,0.44,15993.69995528832
11005,OK,73.600,0.44,15855.100005865097
11006,OK,65.400,0.44,15894.80001712218
11007,OK,63.100,0.44,15866.50003446266
11008,OK,63.600,0.44,15905.799984466285
11009,OK,61.200,0.44,15904.199972283095
11010,OK,54.500,0.44,15915.800002403557
11011,OK,51.900,0.44,15915.800002403557
11012,OK,64.900,0.44,15900.70000384003
11013,OK,52.700,0.44,15913.99998869747
11014,OK,56.100,0.44,15942.399972118437
11015,OK,56.700,0.44,15853.20004960522
11016,OK,52.600,0.44,15925.90002110228
11017,OK,52.100,0.44,15905.299980659038
11018,OK,50.800,0.44,15917.100012302399
11019,OK,53.400,0.44,15912.899980321527
11020,OK,65.700,0.44,15864.099957980216
11021,OK,66.400,0.44,15950.399974826723
11022,OK,51.700,0.44,15893.600007984787
11023,OK,51.500,0.44,15921.099984552711
11024,OK,54.000,0.44,15959.200041834265
11025,OK,55.800,0.44,15874.700038693845
11026,OK,61.100,0.44,15904.300031252205
11027,OK,52.700,0.44,15914.099989458919
11028,OK,51.700,0.44,15915.29999859631
11029,OK,59.000,0.44,15914.999996311963
11030,OK,55.100,0.44,15896.900033112615
11031,OK,52.700,0.44,15914.099989458919
11032,OK,51.800,0.44,15911.199967376888
11033,OK,53.900,0.44,15911.099966615438
11034,OK,69.000,0.44,15906.799992080778
11035,OK,74.400,0.44,15887.399960774928
11036,OK,74.200,0.44,15880.899969488382
11037,OK,58.000,0.44,15921.799989882857
11038,OK,58.200,0.44,15845.599991735071
11039,OK,52.500,0.44,16005.899989977479
11040,OK,72.300,0.44,16182.09999287501
11041,OK,87.400,0.44,15479.199995752424
11042,OK,66.400,0.44,15881.40003150329
11043,OK,72.700,0.44,15903.50002516061
11044,OK,55.700,0.44,15977.500006556511
11045,OK,68.800,0.44,15874.399978201836
11046,OK,69.000,0.44,15845.79999325797
11047,OK,54.200,0.44,15875.39998581633
11048,OK,62.000,0.44,15881.599974818528
11049,OK,62.700,0.44,15903.899969998747
11050,OK,74.400,0.44,15908.400004263967
11051,OK,82.000,0.44,15859.10003632307
11052,OK,77.000,0.44,15870.600007474422
11053,OK,72.300,0.44,15927.700034808367
11054,OK,53.400,0.44,15894.699958153069
11055,OK,55.900,0.44,15916.9000107795
11056,OK,60.300,0.44,15921.499987598509
11057,OK,52.200,0.44,15911.599970422685
11058,OK,67.600,0.44,15888.499969150871
11059,OK,66.700,0.44,15910.199959762394
11060,OK,76.100,0.44,15882.100036833435
11061,OK,58.700,0.44,15848.80001610145
11062,OK,72.100,0.44,15925.899962894619
11063,OK,59.100,0.44,15905.999985989183
11064,OK,74.100,0.44,15868.799993768334
11065,OK,53.800,0.44,15898.199984803796
11066,OK,61.200,0.44,15886.300010606647
11067,OK,58.600,0.44,15921.599988359958
11068,OK,51.400,0.44,15980.39997043088
11069,OK,57.900,0.44,15854.099998250604
11070,OK,54.200,0.44,15895.100019406527
11071,OK,56.600,0.44,15935.599978547543
11072,OK,67.300,0.44,15911.399968899786
11073,OK,54.500,0.44,15881.399973295629
11074,OK,47.300,0.44,15941.000019665807
11075,OK,70.200,0.44,15894.80001712218
11076,OK,62.100,0.44,15835.300029721111
11077,OK,79.800,0.44,15892.499999608845
11078,OK,63.800,0.44,15882.300038356334
11079,OK,54.100,0.44,15942.0000272803
11080,OK,60.700,0.44,15885.000000707805
11081,OK,60.900,0.44,15854.900004342198
11082,OK,50.400,0.44,15941.89996831119
11083,OK,61.500,0.44,15893.600007984787
11084,OK,60.000,0.44,15921.19998531416
11085,OK,51.900,0.44,15914.399991743267
11086,OK,54.500,0.44,15912.60003624484
11087,OK,58.000,0.44,15890.499984379858
11088,OK,64.100,0.44,15900.400001555681
11089,OK,65.200,0.44,15889.800037257373
11090,OK,49.400,0.44,15927.799977362156
11091,OK,49.400,0.44,15932.500013150275
11092,OK,50.900,0.44,15891.999995801598
11093,OK,47.000,0.44,15915.099997073412
11094,OK,46.500,0.44,15934.900031425059
11095,OK,47.300,0.44,15911.1000248231
11096,OK,51.000,0.44,15965.100028552115
11097,OK,58.800,0.44,15877.700003329664
11098,OK,76.400,0.44,15915.39999935776
11099,OK,57.600,0.44,15921.19998531416
11100,OK,62.900,0.44,15894.999960437417
11101,OK,52.400,0.44,16340.799978934228
11102,OK,264.800,0.44,15318.899997510016
11103,OK,232.900,0.44,15349.599998444319
11104,OK,63.100,0.44,15826.200018636882
11105,OK,59.700,0.44,15884.099993854761
11106,OK,50.600,0.44,15918.50002296269
11107,OK,54.500,0.44,15917.100012302399
11108,OK,51.600,0.44,15896.800032351166
11109,OK,53.900,0.44,15916.200005449355
11110,OK,53.200,0.44,15901.299950201064
11111,OK,53.800,0.44,15916.100004687905
11112,OK,52.200,0.44,15920.399979222566
11113,OK,55.700,0.44,15919.399971608073
11114,OK,51.400,0.44,15921.899990644306
11115,OK,68.900,0.44,15878.000005614012
11116,OK,66.000,0.44,15865.00002304092
11117,OK,68.300,0.44,15951.899986248463
11118,OK,52.900,0.44,15920.799982268363
11119,OK,57.200,0.44,15883.099986240268
11120,OK,58.300,0.44,15952.099987771362
11121,OK,56.000,0.44,15886.999957729131
11122,OK,55.700,0.44,15897.399978712201
11123,OK,61.300,0.44,15912.900038529187
11124,OK,51.400,0.44,15904.89997761324
11125,OK,57.800,0.44,15917.00001154095
11126,OK,61.600,0.44,15907.799999695271
11127,OK,76.100,0.44,15893.000003416091
11128,OK,56.900,0.44,15943.899983540177
11129,OK,52.700,0.44,15795.200015418231
11130,OK,65.400,0.44,15901.400009170175
11131,OK,69.400,0.44,15909.200010355562
11132,OK,50.300,0.44,15924.500010441989
11133,OK,59.200,0.44,15924.899955280125
11134,OK,58.000,0.44,15903.900028206408
11135,OK,60.600,0.44,15904.099971521646
11136,OK,64.700,0.44,15864.300017710775
11137,OK,67.600,0.44,15907.90000045672
11138,OK,56.900,0.44,15883.499989286065
11139,OK,59.000,0.44,15915.600000880659
11140,OK,55.100,0.44,15885.600005276501
11141,OK,54.600,0.44,15956.500021275133
11142,OK,73.000,0.44,15862.10000095889
11143,OK,71.100,0.44,15885.400003753603
11144,OK,68.200,0.44,15842.499968130141
11145,OK,57.100,0.44,15940.800018142909
11146,OK,55.600,0.44,15916.300006210804
11147,OK,58.800,0.44,16001.000010874122
11148,OK,100.600,0.44,15798.50004054606
11149,OK,60.900,0.44,15897.500037681311
11150,OK,54.500,0.44,15874.199976678938
11151,OK,61.600,0.44,15848.200011532754
11152,OK,64.900,0.44,15924.900013487786
11153,OK,96.700,0.44,15866.60003522411
11154,OK,71.600,0.44,15853.19999139756
11155,OK,78.700,0.44,15878.50000942126
11156,OK,55.700,0.44,15935.199975501746
11157,OK,70.800,0.44,15884.099993854761
11158,OK,70.300,0.44,15899.09999165684
11159,OK,54.200,0.44,15862.799948081374
11160,OK,54.300,0.44,15937.59999377653
11161,OK,60.000,0.44,15910.100017208606
11162,OK,67.000,0.44,15896.899974904954
11163,OK,56.400,0.44,15943.999984301627
11164,OK,53.300,0.44,15927.40003252402
11165,OK,52.700,0.44,15897.799981757998
11166,OK,57.700,0.44,15855.300007387996
11167,OK,54.800,0.44,15915.900003165007
11168,OK,57.900,0.44,15904.299973044544
11169,OK,52.500,0.44,15908.600005786866
11170,OK,56.200,0.44,15908.300003502518
11171,OK,70.100,0.44,15863.000007811934
11172,OK,73.400,0.44,15905.399981420487
11173,OK,56.500,0.44,15895.800024736673
11174,OK,55.200,0.44,15960.399992763996
11175,OK,50.900,0.44,15882.69998319447
11176,OK,49.600,0.44,15892.099996563047
11177,OK,54.600,0.44,15921.39998683706
11178,OK,48.300,0.44,15901.400009170175
11179,OK,68.700,0.44,15895.299962721765
11180,OK,52.500,0.44,15927.100030239671
11181,OK,54.500,0.44,15913.300041574985
11182,OK,56.500,0.44,15916.700009256601
11183,OK,57.800,0.44,15889.099973719567
11184,OK,65.900,0.44,15876.79999647662
11185,OK,67.300,0.44,15879.700018558651
11186,OK,74.900,0.44,15956.300019752234
11187,OK,54.900,0.44,15908.00000121817
11188,OK,49.900,0.44,15879.300015512854
11189,OK,66.200,0.44,15925.79996213317
11190,OK,82.500,0.44,15865.900029893965
11191,OK,53.800,0.44,15916.100004687905
11192,OK,62.500,0.44,15893.799951300025
11193,OK,47.500,0.44,15965.100028552115
11194,OK,50.700,0.44,15861.599997151643
11195,OK,47.000,0.44,15931.900008581579
11196,OK,47.200,0.44,15925.600018817931
11197,OK,46.600,0.44,15931.80000782013
11198,OK,58.900,0.44,15850.40002828464
11199,OK,59.900,0.44,15951.500041410327
11200,OK,59.200,0.44,15933.10001771897
11201,OK,57.500,0.44,15812.199970241636
11202,OK,59.900,0.44,15839.500003494322
11203,OK,68.200,0.44,15951.299981679767
11204,OK,82.200,0.44,15819.599968381226
11205,OK,64.500,0.44,15912.100032437593
11206,OK,64.400,0.44,15823.299996554852
11207,OK,50.600,0.44,16003.099968656898
11208,OK,49.600,0.44,15903.800027444959
11209,OK,60.400,0.44,15907.199995126575
11210,OK,54.200,0.44,15877.500001806766
11211,OK,49.900,0.44,15935.99998159334
11212,OK,66.600,0.44,15909.099951386452
11213,OK,66.800,0.44,15962.500008754432
11214,OK,52.500,0.44,15914.899995550513
11215,OK,57.000,0.44,15894.100011792034
11216,OK,55.500,0.44,15930.29999639839
11217,OK,52.500,0.44,15839.700005017221
11218,OK,48.000,0.44,15977.800008840859
11219,OK,48.400,0.44,15919.79997465387
11220,OK,48.100,0.44,15922.6999967359
11221,OK,55.200,0.44,15932.900016196072
11222,OK,57.100,0.44,15904.900035820901
11223,OK,52.900,0.44,15899.799996986985
11224,OK,69.800,0.44,15898.699988611042
11225,OK,68.700,0.44,15894.100011792034
11226,OK,49.700,0.44,15868.299989961088
11227,OK,70.600,0.44,15896.999975666404
11228,OK,53.300,0.44,15925.000014249235
11229,OK,56.200,0.44,15882.199979387224
11230,OK,56.000,0.44,16027.199977543205
11231,OK,50.400,0.44,15840.800013393164
11232,OK,64.200,0.44,15898.899990133941
11233,OK,54.300,0.44,15852.999989874661
11234,OK,55.800,0.44,15972.100023645908
11235,OK,56.500,0.44,15873.700031079352
11236,OK,53.100,0.44,15969.000000040978
11237,OK,75.900,0.44,15782.10003208369
11238,OK,50.700,0.44,15960.499993525445
11239,OK,68.300,0.44,15897.999983280897
11240,OK,59.800,0.44,15917.900018393993
11241,OK,49.800,0.44,15887.100016698241
11242,OK,48.800,0.44,15905.1000373438
11243,OK,53.500,0.44,15905.999985989183
11244,OK,48.900,0.44,15913.199982605875
11245,OK,55.000,0.44,15938.199998345226
11246,OK,52.900,0.44,15907.299995888025
11247,OK,52.700,0.44,15906.59999055788
11248,OK,61.900,0.44,15913.200040813535
11249,OK,62.300,0.44,15883.300045970827
11250,OK,56.200,0.44,15916.700009256601
11251,OK,56.700,0.44,15901.700011454523
11252,OK,51.800,0.44,15896.500030066818
11253,OK,91.500,0.44,15833.300014492124
11254,OK,63.600,0.44,15953.399997670203
11255,OK,72.000,0.44,15830.299991648644
11256,OK,80.100,0.44,15940.70001738146
11257,OK,77.300,0.44,15848.600014578551
11258,OK,47.000,0.44,15927.700034808367
11259,OK,51.100,0.44,15929.999994114041
11260,OK,61.500,0.44,15892.199997324497
11261,OK,58.300,0.44,15867.599984630942
11262,OK,59.400,0.44,15958.499978296459
11263,OK,57.100,0.44,15920.300036668777
11264,OK,75.100,0.44,15906.39998903498
11265,OK,63.400,0.44,15802.499954588711
11266,OK,56.500,0.44,15890.399983618408
11267,OK,64.700,0.44,15913.199982605875
11268,OK,57.500,0.44,15904.699976090342
11269,OK,63.200,0.44,15938.299999106675
11270,OK,53.900,0.44,15865.899971686304
11271,OK,60.400,0.44,15923.400002066046
11272,OK,53.700,0.44,15895.399963483214
11273,OK,59.500,0.44,15899.899997748435
11274,OK,56.900,0.44,15920.200035907328
11275,OK,69.200,0.44,15883.299987763166
11276,OK,53.300,0.44,15808.199997991323
11277,OK,97.800,0.44,15922.8999982588
11278,OK,65.000,0.44,15929.999994114041
11279,OK,94.200,0.44,15870.300005190074
11280,OK,58.400,0.44,15793.400001712143
11281,OK,99.500,0.44,15920.999983791262
11282,OK,56.300,0.44,15937.59999377653
11283,OK,78.000,0.44,15810.900018550456
11284,OK,54.000,0.44,15896.000026259571
11285,OK,52.600,0.44,15929.599991068244
11286,OK,59.200,0.44,15929.299988783896
11287,OK,54.300,0.44,15888.999972958118
11288,OK,57.700,0.44,15902.800019830465
11289,OK,55.600,0.44,15886.200009845197
11290,OK,60.500,0.44,15936.299983877689
11291,OK,57.400,0.44,15922.79999749735
11292,OK,118.400,0.44,15788.10001956299
11293,OK,57.800,0.44,15963.899961207062
11294,OK,52.300,0.44,15915.800002403557
11295,OK,55.700,0.44,15926.099964417517
11296,OK,55.100,0.44,15875.999990385026
11297,OK,50.800,0.44,15905.999985989183
11298,OK,57.300,0.44,15899.699996225536
11299,OK,57.900,0.44,15905.299980659038
11300,OK,53.800,0.44,15916.400006972253
11301,OK,61.600,0.44,15793.099999427795
11302,OK,64.700,0.44,16068.500000983477
11303,OK,121.600,0.44,15566.399961244315
11304,OK,61.900,0.44,15971.70002060011
11305,OK,84.000,0.44,15799.69999147579
11306,OK,59.500,0.44,15868.600050453097
11307,OK,66.300,0.44,15913.79998717457
11308,OK,75.200,0.44,15973.899979144335
11309,OK,52.000,0.44,15878.700010944158
11310,OK,51.600,0.44,15951.499983202666
11311,OK,63.100,0.44,15903.60002592206
11312,OK,54.000,0.44,15879.599959589541
11313,OK,54.800,0.44,15900.099999271333
11314,OK,55.500,0.44,15912.099974229932
11315,OK,51.900,0.44,15968.199993949383
11316,OK,70.000,0.44,15845.899994019419
11317,OK,56.000,0.44,15951.699984725565
11318,OK,63.400,0.44,15862.200001720339
11319,OK,48.800,0.44,15883.999993093312
11320,OK,53.800,0.44,15921.499987598509
11321,OK,49.200,0.44,15950.79997787252
11322,OK,65.300,0.44,15905.300038866699
11323,OK,49.600,0.44,15854.299999773502
11324,OK,77.500,0.44,15987.200022209436
11325,OK,52.500,0.44,15909.50001263991
11326,OK,52.100,0.44,15917.200013063848
11327,OK,54.300,0.44,15885.600005276501
11328,OK,46.800,0.44,15948.799962643534
11329,OK,55.500,0.44,15913.89998793602
11330,OK,65.600,0.44,15818.000014405698
11331,OK,63.600,0.44,15895.699965767562
11332,OK,47.500,0.44,15885.200002230704
11333,OK,48.300,0.44,16093.000012915581
11334,OK,98.500,0.44,15736.999979708344
11335,OK,53.800,0.44,15876.299992669374
11336,OK,50.500,0.44,15921.30004428327
11337,OK,59.000,0.44,15914.999996311963
11338,OK,53.200,0.44,15907.299995888025
11339,OK,60.500,0.44,15849.400020670146
11340,OK,57.100,0.44,15970.299951732159
11341,OK,54.900,0.44,15901.700011454523
11342,OK,53.100,0.44,15910.600021015853
11343,OK,62.800,0.44,15903.3999661915
11344,OK,57.800,0.44,15903.099963907152
11345,OK,67.000,0.44,15899.799996986985
11346,OK,75.300,0.44,15875.699988100678
11347,OK,71.100,0.44,15888.69997067377
11348,OK,74.600,0.44,15925.80002034083
11349,OK,66.300,0.44,15829.999989364296
11350,OK,62.500,0.44,15939.20000595972
11351,OK,59.800,0.44,15856.900019571185
11352,OK,75.900,0.44,15870.700008235872
11353,OK,63.200,0.44,15923.300001304597
11354,OK,54.800,0.44,15868.799993768334
11355,OK,59.900,0.44,15970.600012224168
11356,OK,60.000,0.44,15853.299992159009
11357,OK,69.600,0.44,15934.000024572015
11358,OK,70.100,0.44,15812.599973287433
11359,OK,66.300,0.44,15943.299978971481
11360,OK,50.200,0.44,15906.099986750633
11361,OK,51.300,0.44,15929.299988783896
11362,OK,56.700,0.44,15895.099961198866
11363,OK,55.300,0.44,15904.599975328892
11364,OK,59.200,0.44,15983.900055289268
11365,OK,59.300,0.44,15849.000017624348
11366,OK,58.500,0.44,15893.700008746237
11367,OK,60.600,0.44,15908.200002741069
11368,OK,57.200,0.44,15922.6999967359
11369,OK,54.700,0.44,15909.200010355562
11370,OK,54.900,0.44,15912.100032437593
11371,OK,61.300,0.44,15902.300016023219
11372,OK,56.100,0.44,15893.600007984787
11373,OK,50.100,0.44,15910.100017208606
11374,OK,61.600,0.44,15946.100000292063
11375,OK,77.800,0.44,15889.799979049712
11376,OK,61.000,0.44,15870.700008235872
11377,OK,63.600,0.44,15954.400005284697
11378,OK,60.000,0.44,15839.999949093908
11379,OK,75.400,0.44,15903.800027444959
11380,OK,55.500,0.44,15923.700004350394
11381,OK,67.200,0.44,15788.999968208373
11382,OK,78.600,0.44,15922.499995213002
11383,OK,76.200,0.44,15924.900013487786
11384,OK,62.900,0.44,15871.799958404154
11385,OK,55.100,0.44,15844.29998183623
11386,OK,53.100,0.44,15927.30003176257
11387,OK,89.300,0.44,15904.600033536553
11388,OK,67.200,0.44,15858.500031754375
11389,OK,67.100,0.44,15917.500015348196
11390,OK,56.900,0.44,15925.600018817931
11391,OK,53.700,0.44,15906.400047242641
11392,OK,54.500,0.44,15929.299988783896
11393,OK,58.600,0.44,15858.399972785264
11394,OK,57.500,0.44,15934.400027617812
11395,OK,52.900,0.44,15911.299968138337
11396,OK,58.500,0.44,15917.300013825297
11397,OK,58.700,0.44,15906.799992080778
11398,OK,59.800,0.44,15901.300008408725
11399,OK,51.300,0.44,15920.400037430227
11400,OK,57.200,0.44,15867.800044361502
11401,OK,56.800,0.44,16017.999965697527
11402,OK,187.600,0.44,15492.299979086965
11403,OK,75.400,0.44,15897.099976427853
11404,OK,87.100,0.44,15794.299950357527
11405,OK,51.800,0.44,15889.400034211576
11406,OK,50.300,0.44,15922.6999967359
11407,OK,61.800,0.44,15882.90004292503
11408,OK,53.900,0.44,15869.800001382828
11409,OK,71.000,0.44,15888.70002888143
11410,OK,53.700,0.44,15945.299994200468
11411,OK,53.900,0.44,15915.600000880659
11412,OK,57.000,0.44,15904.299973044544
11413,OK,50.500,0.44,15904.199972283095
11414,OK,55.700,0.44,15917.00001154095
11415,OK,53.600,0.44,15911.600028630346
11416,OK,56.200,0.44,15915.600000880659
11417,OK,59.600,0.44,15898.399986326694
11418,OK,69.200,0.44,15897.5999802351
11419,OK,70.400,0.44,15895.100019406527
11420,OK,51.100,0.44,15920.700039714575
11421,OK,55.600,0.44,15917.900018393993
11422,OK,56.100,0.44,15902.899962384254
11423,OK,50.300,0.44,15942.999976687133
11424,OK,57.600,0.44,15901.500009931624
11425,OK,63.600,0.44,15883.00004368648
11426,OK,71.600,0.44,15889.899979811162
11427,OK,52.000,0.44,15905.00003658235
11428,OK,52.100,0.44,15907.599998172373
11429,OK,51.400,0.44,15943.999984301627
11430,OK,73.900,0.44,15897.49997947365
11431,OK,61.000,0.44,15862.500004004687
11432,OK,51.500,0.44,15849.200019147247
11433,OK,64.400,0.44,16006.699996069074
11434,OK,63.300,0.44,15842.999971937388
11435,OK,79.500,0.44,15876.000048592687
11436,OK,66.700,0.44,15912.39997651428
11437,OK,52.000,0.44,15998.499991837889
11438,OK,69.800,0.44,15812.899975571781
11439,OK,52.300,0.44,15901.900012977421
11440,OK,50.400,0.44,15922.79999749735
11441,OK,50.700,0.44,15902.600018307567
11442,OK,56.800,0.44,15923.200000543147
11443,OK,55.600,0.44,15915.39999935776
11444,OK,73.600,0.44,15909.29995290935
11445,OK,73.600,0.44,15874.599979724735
11446,OK,60.100,0.44,15929.700050037354
11447,OK,55.500,0.44,15903.400024399161
11448,OK,62.200,0.44,15896.600030828267
11449,OK,53.600,0.44,15909.29995290935
11450,OK,58.700,0.44,15908.200002741069
11451,OK,53.200,0.44,15865.10002380237
11452,OK,55.300,0.44,15871.900017373264
11453,OK,53.100,0.44,16015.599947422743
11454,OK,54.600,0.44,15873.699972871691
11455,OK,58.400,0.44,15934.400027617812
11456,OK,80.000,0.44,15814.69998927787
11457,OK,50.400,0.44,15959.600044880062
11458,OK,50.700,0.44,15822.09998741746
11459,OK,71.700,0.44,15914.899995550513
11460,OK,88.600,0.44,15849.599963985384
11461,OK,81.500,0.44,15872.200019657612
11462,OK,69.000,0.44,15936.499985400587
11463,OK,54.900,0.44,15898.800047580153
11464,OK,58.200,0.44,15938.700002152473
11465,OK,56.200,0.44,15893.700008746237
11466,OK,60.200,0.44,15917.00001154095
11467,OK,51.900,0.44,15837.800048757344
11468,OK,52.000,0.44,15962.100005708635
11469,OK,59.000,0.44,15873.500029556453
11470,OK,48.700,0.44,15966.500039212406
11471,OK,59.200,0.44,15832.900011446327
11472,OK,69.700,0.44,15949.199965689331
11473,OK,62.700,0.44,15901.500009931624
11474,OK,62.400,0.44,15875.199984293431
11475,OK,56.800,0.44,15929.399989545345
11476,OK,56.800,0.44,15889.499976765364
11477,OK,58.600,0.44,16090.09999083355
11478,OK,64.200,0.44,15693.800000008196
11479,OK,63.800,0.44,15884.799999184906
11480,OK,51.000,0.44,15915.50000011921
11481,OK,51.200,0.44,15907.599998172373
11482,OK,56.000,0.44,15941.900026518852
11483,OK,71.200,0.44,15912.999981082976
11484,OK,52.800,0.44,15914.999996311963
11485,OK,66.200,0.44,15786.100004334003
11486,OK,53.000,0.44,15947.700012475252
11487,OK,58.100,0.44,15822.09998741746
11488,OK,48.800,0.44,15924.500010441989
11489,OK,48.500,0.44,15944.300044793636
11490,OK,51.400,0.44,15932.600013911724
11491,OK,57.400,0.44,15833.000012207776
11492,OK,48.600,0.44,15946.60000409931
11493,OK,67.800,0.44,15867.400041315705
11494,OK,47.300,0.44,15964.899968821555
11495,OK,50.700,0.44,15913.499984890223
11496,OK,53.300,0.44,15914.599993266165
11497,OK,69.800,0.44,15885.600005276501
11498,OK,78.200,0.44,15891.199989710003
11499,OK,79.900,0.44,15797.099971678108
11500,OK,72.800,0.44,15995.700028724968
11501,OK,61.300,0.44,15773.400024045259
11502,OK,84.100,0.44,15787.299955263734
11503,OK,64.700,0.44,16031.900013331324
11504,OK,53.100,0.44,15874.399978201836
11505,OK,70.600,0.44,15905.500040389597
11506,OK,60.100,0.44,15895.299962721765
11507,OK,54.800,0.44,15854.900004342198
11508,OK,71.900,0.44,15932.800015434623
11509,OK,56.500,0.44,15899.299993179739
11510,OK,109.500,0.44,15824.700007215142
11511,OK,67.300,0.44,15850.700030568987
11512,OK,55.800,0.44,16002.600023057312
11513,OK,57.600,0.44,15908.900008071214
11514,OK,58.400,0.44,15852.799988351762
11515,OK,55.500,0.44,15949.29996645078
11516,OK,55.000,0.44,15907.199995126575
11517,OK,59.000,0.44,15909.50001263991
11518,OK,57.900,0.44,15847.20000391826
11519,OK,59.700,0.44,15970.600012224168
11520,OK,54.800,0.44,15904.300031252205
11521,OK,56.100,0.44,15914.699994027615
11522,OK,56.400,0.44,15927.699976600707
11523,OK,67.100,0.44,15877.900004852563
11524,OK,69.000,0.44,15905.300038866699
11525,OK,103.200,0.44,15861.799998674542
11526,OK,56.900,0.44,15879.500017035753
11527,OK,52.700,0.44,15909.50001263991
11528,OK,56.500,0.44,15860.999992582947
11529,OK,52.800,0.44,15955.900016706437
11530,OK,52.500,0.44,15899.499994702637
11531,OK,64.400,0.44,15646.500047296286
11532,OK,51.500,0.44,15922.999999020249
11533,OK,53.600,0.44,15851.70003818348
11534,OK,69.800,0.44,15959.69998743385
11535,OK,58.500,0.44,15814.899990800768
11536,OK,86.700,0.44,15917.900018393993
11537,OK,55.800,0.44,15951.10003836453
11538,OK,69.700,0.44,15839.300001971424
11539,OK,64.600,0.44,15894.500014837831
11540,OK,68.100,0.44,15911.699971184134
11541,OK,60.800,0.44,15870.599949266762
11542,OK,64.100,0.44,15855.600009672344
11543,OK,72.700,0.44,15893.400006461889
11544,OK,56.700,0.44,15904.199972283095
11545,OK,54.900,0.44,15885.100001469254
11546,OK,54.000,0.44,15933.699964080006
11547,OK,54.700,0.44,15927.999978885055
11548,OK,51.800,0.44,15897.69998099655
11549,OK,58.300,0.44,15900.099999271333
11550,OK,57.000,0.44,15925.499959848821
11551,OK,52.400,0.44,15906.49998979643
11552,OK,83.000,0.44,15875.799988862127
11553,OK,68.000,0.44,15888.100024312735
11554,OK,75.300,0.44,15853.899996727705
11555,OK,64.900,0.44,15967.29998709634
11556,OK,52.500,0.44,15881.700033787638
11557,OK,53.300,0.44,15898.399986326694
11558,OK,53.000,0.44,15952.199988532811
11559,OK,66.900,0.44,15871.699957642704
11560,OK,62.100,0.44,15863.799955695868
11561,OK,76.800,0.44,15923.800005111843
11562,OK,79.700,0.44,15827.79997261241
11563,OK,55.300,0.44,15921.499987598509
11564,OK,50.400,0.44,15919.700032100081
11565,OK,54.600,0.44,15921.39998683706
11566,OK,57.500,0.44,15913.599985651672
11567,OK,66.000,0.44,15900.50000231713
11568,OK,68.100,0.44,15905.900043435395
11569,OK,51.700,0.44,15841.30001720041
11570,OK,69.600,0.44,15885.000000707805
11571,OK,55.300,0.44,16004.700039047748
11572,OK,56.500,0.44,15880.300023127347
11573,OK,59.000,0.44,15872.2999622114
11574,OK,54.800,0.44,15915.800002403557
11575,OK,50.600,0.44,15927.699976600707
11576,OK,55.100,0.44,15902.799961622804
11577,OK,59.100,0.44,15898.599987849593
11578,OK,51.200,0.44,15955.29995393008
11579,OK,73.500,0.44,15856.400015763938
11580,OK,70.100,0.44,15890.000038780272
11581,OK,68.900,0.44,15899.699996225536
11582,OK,50.800,0.44,15939.600009005517
11583,OK,55.800,0.44,15865.300025325269
11584,OK,56.400,0.44,15864.499961026013
11585,OK,53.000,0.44,15942.699974402785
11586,OK,54.900,0.44,15919.000026769936
11587,OK,61.500,0.44,15933.10001771897
11588,OK,52.100,0.44,15928.79998497665
11589,OK,98.900,0.44,15819.299966096878
11590,OK,56.800,0.44,15910.499962046742
11591,OK,56.600,0.44,15924.20000815764
11592,OK,58.100,0.44,15845.599991735071
11593,OK,56.500,0.44,15927.800035569817
11594,OK,47.200,0.44,15918.30002143979
11595,OK,81.000,0.44,15882.899984717369
11596,OK,63.100,0.44,15887.100016698241
11597,OK,54.700,0.44,15950.500033795834
11598,OK,52.600,0.44,15870.200004428625
11599,OK,56.800,0.44,15922.200051136315
11600,OK,52.100,0.44,15897.999983280897
11601,OK,65.200,0.44,15808.70000179857
11602,OK,57.300,0.44,16178.500023670495
11603,OK,178.500,0.44,15408.199978992343
11604,OK,63.200,0.44,15947.400010190904
11605,OK,54.200,0.44,15906.59999055788
11606,OK,52.400,0.44,15903.400024399161
11607,OK,63.100,0.44,15912.899980321527
11608,OK,61.400,0.44,15902.00001373887
11609,OK,61.300,0.44,15899.999998509884
11610,OK,69.500,0.44,15893.500007223338
11611,OK,51.800,0.44,15884.30005358532
11612,OK,55.300,0.44,15914.199990220368
11613,OK,62.500,0.44,15902.10001450032
11614,OK,50.400,0.44,15932.000009343028
11615,OK,51.200,0.44,15907.299995888025
11616,OK,51.500,0.44,15865.899971686304
11617,OK,55.400,0.44,15911.799971945584
11618,OK,56.400,0.44,15955.699956975877
11619,OK,55.700,0.44,15859.799983445555
11620,OK,80.800,0.44,15916.80001001805
11621,OK,54.100,0.44,15923.900005873293
11622,OK,65.500,0.44,15895.700023975223
11623,OK,56.400,0.44,15907.200053334236
11624,OK,54.000,0.44,15917.199954856187
11625,OK,50.600,0.44,15902.10001450032
11626,OK,50.000,0.44,15920.00003438443
11627,OK,64.400,0.44,15872.60002270341
11628,OK,53.100,0.44,15910.399961285293
11629,OK,52.000,0.44,15915.50000011921
11630,OK,54.300,0.44,15928.499982692301
11631,OK,57.000,0.44,15892.800001893193
11632,OK,57.300,0.44,15897.500037681311
11633,OK,56.500,0.44,16199.80001123622
11634,OK,60.600,0.44,15853.999997489154
11635,OK,170.100,0.44,15470.200043637305
11636,OK,69.500,0.44,15895.399963483214
11637,OK,66.000,0.44,15852.399985305965
11638,OK,100.000,0.44,15848.300012294203
11639,OK,55.200,0.44,15984.600002411753
11640,OK,84.100,0.44,15784.89999519661
11641,OK,52.400,0.44,15953.800000716
11642,OK,54.600,0.44,15867.900045122951
11643,OK,61.400,0.44,15917.400014586747
11644,OK,51.200,0.44,15973.800036590546
11645,OK,64.500,0.44,15858.600032515824
11646,OK,59.300,0.44,15896.400029305369
11647,OK,67.800,0.44,15899.299993179739
11648,OK,74.400,0.44,15896.999975666404
11649,OK,58.200,0.44,15917.300013825297
11650,OK,55.400,0.44,15928.80004318431
11651,OK,52.100,0.44,15863.100008573383
11652,OK,50.700,0.44,15915.099997073412
11653,OK,48.200,0.44,15917.799959424883
11654,OK,55.400,0.44,15845.399990212172
11655,OK,66.400,0.44,15962.90001180023
11656,OK,62.900,0.44,15890.19998209551
11657,OK,69.900,0.44,15893.400006461889
11658,OK,52.000,0.44,15793.500002473593
11659,OK,55.800,0.44,16039.700014516711
11660,OK,64.100,0.44,15856.799960602075
11661,OK,56.900,0.44,15867.89998691529
11662,OK,63.000,0.44,15930.499997921288
11663,OK,93.800,0.44,15826.400020159781
11664,OK,87.100,0.44,15875.499986577779
11665,OK,68.800,0.44,15995.300025679171
11666,OK,55.800,0.44,15850.20002676174
11667,OK,51.600,0.44,15956.999966874719
11668,OK,51.600,0.44,15926.099964417517
11669,OK,62.200,0.44,15900.400001555681
11670,OK,56.500,0.44,15862.800006289035
11671,OK,53.500,0.44,15921.19998531416
11672,OK,62.300,0.44,15942.199970595539
11673,OK,67.200,0.44,15895.599965006113
11674,OK,71.800,0.44,15889.000031165779
11675,OK,57.500,0.44,15904.400032013655
11676,OK,57.000,0.44,15920.899983029813
11677,OK,61.800,0.44,15890.19998209551
11678,OK,59.800,0.44,15834.599966183305
11679,OK,57.100,0.44,15944.099985063076
11680,OK,56.400,0.44,15852.700045797974
11681,OK,60.400,0.44,15960.400050971657
11682,OK,57.600,0.44,15868.899994529784
11683,OK,54.600,0.44,15889.599977526814
11684,OK,48.700,0.44,15927.699976600707
11685,OK,72.300,0.44,15885.899949353188
11686,OK,57.500,0.44,15848.600014578551
11687,OK,53.700,0.44,15937.799995299429
11688,OK,57.700,0.44,15903.799969237298
11689,OK,60.300,0.44,15894.699958153069
11690,OK,50.800,0.44,15966.599981766194
11691,OK,59.700,0.44,15846.900001633912
11692,OK,66.700,0.44,15893.30000570044
11693,OK,53.600,0.44,15917.400014586747
11694,OK,53.500,0.44,15900.300000794232
11695,OK,52.500,0.44,15936.599986162037
11696,OK,53.700,0.44,15886.299952398986
11697,OK,57.100,0.44,15904.199972283095
11698,OK,55.200,0.44,15949.29996645078
11699,OK,55.300,0.44,15850.19996855408
11700,OK,76.700,0.44,15904.599975328892
11701,OK,76.600,0.44,15776.499989442527
11702,OK,76.500,0.44,15862.10000095889
11703,OK,57.400,0.44,15927.40003252402
11704,OK,69.100,0.44,15949.599968735129
11705,OK,55.200,0.44,15846.700000111014
11706,OK,69.400,0.44,15960.399992763996
11707,OK,58.200,0.44,15872.50002194196
11708,OK,68.700,0.44,15885.000000707805
11709,OK,58.800,0.44,15881.499974057078
11710,OK,56.300,0.44,15981.399978045374
11711,OK,57.400,0.44,15848.200011532754
11712,OK,58.100,0.44,15906.49998979643
11713,OK,51.800,0.44,15901.200007647276
11714,OK,134.100,0.44,15839.400002732873
11715,OK,50.100,0.44,15904.000028967857
11716,OK,55.000,0.44,15931.80000782013
11717,OK,51.900,0.44,15910.9000233002
11718,OK,63.600,0.44,15907.799999695271
11719,OK,57.200,0.44,15917.500015348196
11720,OK,55.100,0.44,15886.200009845197
11721,OK,52.300,0.44,15917.00001154095
11722,OK,56.500,0.44,15931.80000782013
11723,OK,51.200,0.44,15890.699985902756
11724,OK,51.200,0.44,15914.999996311963
11725,OK,50.700,0.44,15940.000012051314
11726,OK,55.800,0.44,15879.90002008155
11727,OK,55.900,0.44,15909.599955193698
11728,OK,51.000,0.44,15909.900015685707
11729,OK,54.000,0.44,15922.80005570501
11730,OK,49.500,0.44,15915.50000011921
11731,OK,52.200,0.44,15913.099981844425
11732,OK,69.800,0.44,15897.099976427853
11733,OK,54.900,0.44,15846.599999349564
11734,OK,51.800,0.44,15927.599975839257
11735,OK,52.600,0.44,15892.299998085946
11736,OK,55.100,0.44,15933.800023049116
11737,OK,63.000,0.44,15874.200034886599
11738,OK,57.400,0.44,15882.999985478818
11739,OK,62.000,0.44,15832.700009923428
11740,OK,56.300,0.44,15912.200033199042
11741,OK,128.500,0.44,15571.299998555332
11742,OK,53.800,0.44,15897.899982519448
11743,OK,57.300,0.44,15920.799982268363
11744,OK,56.000,0.44,15879.700018558651
11745,OK,73.700,0.44,15959.499985910952
11746,OK,52.700,0.44,15877.700003329664
11747,OK,53.800,0.44,15952.699992340058
11748,OK,51.600,0.44,15837.599989026785
11749,OK,54.500,0.44,15947.599953506142
11750,OK,54.600,0.44,15900.70000384003
11751,OK,51.200,0.44,15911.400027107447
11752,OK,52.600,0.44,15891.399991232902
11753,OK,70.900,0.44,15917.700016871095
11754,OK,57.500,0.44,15944.300044793636
11755,OK,61.200,0.44,15863.799955695868
11756,OK,53.300,0.44,15870.400005951524
11757,OK,58.100,0.44,15955.499955452979
11758,OK,70.200,0.44,15799.100045114756
11759,OK,67.300,0.44,15976.19999665767
11760,OK,59.800,0.44,15833.79996009171
11761,OK,76.800,0.44,15945.799998007715
11762,OK,60.200,0.44,15880.500024650246
11763,OK,60.200,0.44,15923.800005111843
11764,OK,58.700,0.44,15892.900002654642
11765,OK,63.100,0.44,15843.400033190846
11766,OK,64.900,0.44,15943.400037940592
11767,OK,62.700,0.44,15969.100000802428
11768,OK,58.900,0.44,15873.199969064444
11769,OK,52.100,0.44,15907.199995126575
11770,OK,68.900,0.44,15913.699986413121
11771,OK,72.400,0.44,15842.79997041449
11772,OK,65.400,0.44,15949.900029227138
11773,OK,54.000,0.44,15912.199974991381
11774,OK,51.500,0.44,15910.199959762394
11775,OK,62.700,0.44,15884.099993854761
11776,OK,52.600,0.44,15920.399979222566
11777,OK,66.300,0.44,15853.499993681908
11778,OK,64.300,0.44,15805.000031832606
11779,OK,64.600,0.44,15924.40000968054
11780,OK,53.700,0.44,15874.999982770532
11781,OK,55.000,0.44,15924.29995071143
11782,OK,61.700,0.44,15919.69997389242
11783,OK,55.000,0.44,15878.900012467057
11784,OK,49.600,0.44,15955.699956975877
11785,OK,56.200,0.44,15909.800014924258
11786,OK,70.500,0.44,15881.699975579977
11787,OK,55.000,0.44,15924.600011203438
11788,OK,51.300,0.44,15862.400003243238
11789,OK,50.300,0.44,15915.099997073412
11790,OK,53.500,0.44,15970.900014508516
11791,OK,54.000,0.44,15845.69999249652
11792,OK,51.800,0.44,15949.000022374094
11793,OK,56.100,0.44,15874.199976678938
11794,OK,51.500,0.44,15990.8999921754
11795,OK,64.300,0.44,15759.400033857673
11796,OK,63.700,0.44,15948.399959597737
11797,OK,52.200,0.44,15913.699986413121
11798,OK,51.000,0.44,15916.100004687905
11799,OK,68.100,0.44,15881.399973295629
11800,OK,66.900,0.44,15899.1000498645
11801,OK,58.800,0.44,15772.899962030351
11802,OK,53.500,0.44,15910.499962046742
11803,OK,49.900,0.44,15974.000038113445
11804,OK,56.200,0.44,15876.699995715171
11805,OK,58.600,0.44,15914.399991743267
11806,OK,55.900,0.44,15893.500007223338
11807,OK,58.300,0.44,15891.399991232902
11808,OK,55.500,0.44,15919.89997541532
11809,OK,52.900,0.44,15901.299950201064
11810,OK,51.600,0.44,15938.900003675371
11811,OK,57.700,0.44,15897.900040727109
11812,OK,53.600,0.44,15909.999958239496
11813,OK,62.900,0.44,15907.099994365126
11814,OK,66.600,0.44,15896.000026259571
11815,OK,53.400,0.44,15971.000015269965
11816,OK,58.900,0.44,15865.10002380237
11817,OK,56.100,0.44,15898.099984042346
11818,OK,58.700,0.44,15919.099969323725
11819,OK,55.100,0.44,15918.700024485588
11820,OK,59.000,0.44,15868.599992245436
11821,OK,55.600,0.44,15977.800008840859
11822,OK,60.500,0.44,15874.099975917488
11823,OK,52.300,0.44,15880.300023127347
11824,OK,57.000,0.44,15910.700021777302
11825,OK,57.500,0.44,15896.000026259571
11826,OK,55.300,0.44,15931.100002489984
11827,OK,65.800,0.44,15883.599990047514
11828,OK,50.000,0.44,15929.599991068244
11829,OK,70.000,0.44,15887.600020505488
11830,OK,54.500,0.44,15921.699989121407
11831,OK,53.700,0.44,15904.600033536553
11832,OK,52.600,0.44,15908.800007309765
11833,OK,55.700,0.44,15908.899949863553
11834,OK,54.400,0.44,15954.700007569045
11835,OK,51.100,0.44,15926.199965178967
11836,OK,59.800,0.44,15855.900011956692
11837,OK,58.000,0.44,15951.800043694675
11838,OK,51.700,0.44,15832.800010684878
11839,OK,51.900,0.44,15943.59998125583
11840,OK,53.800,0.44,16037.399997003376
11841,OK,58.000,0.44,15774.49997421354
11842,OK,57.300,0.44,15858.199971262366
11843,OK,87.000,0.44,15975.499991327524
11844,OK,78.300,0.44,15844.30004004389
11845,OK,54.000,0.44,15887.999965343624
11846,OK,62.400,0.44,15868.899994529784
11847,OK,56.500,0.44,15938.399999868125
11848,OK,53.000,0.44,15917.700016871095
11849,OK,51.400,0.44,15981.89998185262
11850,OK,62.200,0.44,15864.299959503114
11851,OK,50.100,0.44,15909.699955955148
11852,OK,62.300,0.44,15885.90000756085
11853,OK,52.700,0.44,15896.899974904954
11854,OK,53.200,0.44,15938.700002152473
11855,OK,68.800,0.44,15911.400027107447
11856,OK,54.300,0.44,15908.200002741069
11857,OK,50.600,0.44,15904.500032775104
11858,OK,68.300,0.44,15887.40001898259
11859,OK,59.400,0.44,15900.300000794232
11860,OK,55.500,0.44,15901.600010693073
11861,OK,55.000,0.44,15903.300023637712
11862,OK,55.800,0.44,15908.10000197962
11863,OK,48.500,0.44,15914.900053758174
11864,OK,48.000,0.44,15983.59999479726
11865,OK,51.400,0.44,15919.90003362298
11866,OK,66.400,0.44,15819.299966096878
11867,OK,79.800,0.44,15865.600027609617
11868,OK,80.200,0.44,15875.40004402399
11869,OK,97.500,0.44,15951.200039125979
11870,OK,55.100,0.44,15885.100001469254
11871,OK,56.500,0.44,15943.999984301627
11872,OK,53.700,0.44,15887.399960774928
11873,OK,51.600,0.44,15828.00003234297
11874,OK,61.100,0.44,15919.399971608073
11875,OK,64.400,0.44,15939.700009766966
11876,OK,53.400,0.44,15925.59996061027
11877,OK,59.300,0.44,15787.699958309531
11878,OK,72.500,0.44,15976.499998942018
11879,OK,67.400,0.44,15898.599987849593
11880,OK,70.700,0.44,15838.599996641278
11881,OK,68.200,0.44,15825.900016352534
11882,OK,54.400,0.44,15995.39996823296
11883,OK,64.100,0.44,15910.699963569641
11884,OK,62.100,0.44,16097.7000487037
11885,OK,68.200,0.44,15560.700034257025
11886,OK,53.100,0.44,15882.79998395592
11887,OK,53.700,0.44,15909.699955955148
11888,OK,48.300,0.44,15912.000031676143
11889,OK,70.100,0.44,15899.899997748435
11890,OK,47.400,0.44,15910.800022538751
11891,OK,47.500,0.44,15950.300032272935
11892,OK,50.000,0.44,15923.900005873293
11893,OK,61.600,0.44,15918.900026008487
11894,OK,71.100,0.44,15878.40000865981
11895,OK,66.000,0.44,15879.69996035099
11896,OK,55.900,0.44,15896.500030066818
11897,OK,57.200,0.44,15937.300049699843
11898,OK,55.300,0.44,15863.900014664978
11899,OK,54.900,0.44,15913.99998869747
11900,OK,57.200,0.44,15905.900043435395
11901,OK,57.600,0.44,15834.200021345168
11902,OK,51.400,0.44,15917.800017632544
11903,OK,54.600,0.44,15920.199977699667
11904,OK,61.600,0.44,15882.299980148673
11905,OK,56.100,0.44,15903.3999661915
11906,OK,54.200,0.44,15908.200002741069
11907,OK,55.300,0.44,15906.699991319329
11908,OK,52.600,0.44,15908.200002741069
11909,OK,71.800,0.44,15911.1000248231
11910,OK,70.000,0.44,15882.400039117783
11911,OK,56.600,0.44,15858.900034800172
11912,OK,56.600,0.44,15944.99999191612
11913,OK,67.200,0.44,15904.500032775104
11914,OK,55.300,0.44,15906.200045719743
11915,OK,57.200,0.44,15848.000010009855
11916,OK,75.900,0.44,15967.09998557344
11917,OK,51.300,0.44,15888.199966866523
11918,OK,68.100,0.44,15908.200002741069
11919,OK,51.800,0.44,15913.299983367324
11920,OK,48.000,0.44,15882.299980148673
11921,OK,54.700,0.44,15897.899982519448
11922,OK,77.900,0.44,15938.800002913922
11923,OK,57.300,0.44,15908.800007309765
11924,OK,54.100,0.44,15822.999994270504
11925,OK,52.800,0.44,16060.900001320988
11926,OK,54.500,0.44,15863.599954172969
11927,OK,53.000,0.44,15893.10000417754
11928,OK,56.000,0.44,15857.199963647872
11929,OK,53.500,0.44,15968.79999851808
11930,OK,52.700,0.44,15896.499971859157
11931,OK,56.600,0.44,15922.399994451553
11932,OK,58.800,0.44,15918.39996399358
11933,OK,52.400,0.44,15917.900018393993
11934,OK,53.900,0.44,15876.400051638484
11935,OK,63.400,0.44,15836.400038097054
11936,OK,75.300,0.44,15867.199981585145
11937,OK,52.500,0.44,15951.10003836453
11938,OK,55.100,0.44,15912.700037006289
11939,OK,60.900,0.44,15818.199957720935
11940,OK,55.100,0.44,15952.199988532811
11941,OK,56.600,0.44,15885.100001469254
11942,OK,57.900,0.44,15902.999963145703
11943,OK,67.800,0.44,15747.90000449866
11944,OK,77.200,0.44,15888.500027358532
11945,OK,88.800,0.44,15902.600018307567
11946,OK,62.500,0.44,15852.899989113212
11947,OK,51.900,0.44,15902.600018307567
11948,OK,65.700,0.44,15869.099996052682
11949,OK,73.100,0.44,15844.699984882027
11950,OK,59.800,0.44,15982.799988705665
11951,OK,52.300,0.44,15808.299998752773
11952,OK,100.800,0.44,15864.000015426427
11953,OK,69.600,0.44,15959.7999881953
11954,OK,58.800,0.44,15906.899992842227
11955,OK,60.400,0.44,15879.399958066642
11956,OK,66.400,0.44,15941.399964503944
11957,OK,62.000,0.44,15901.500009931624
11958,OK,61.300,0.44,15897.199977189302
11959,OK,57.300,0.44,15829.699987079948
11960,OK,52.900,0.44,16001.000010874122
11961,OK,65.700,0.44,15865.00002304092
11962,OK,51.600,0.44,15943.59998125583
11963,OK,73.800,0.44,15869.299997575581
11964,OK,75.300,0.44,15944.499988108873
11965,OK,58.000,0.44,15883.699990808964
11966,OK,54.300,0.44,15910.199959762394
11967,OK,59.900,0.44,15867.599984630942
11968,OK,66.000,0.44,15915.39999935776
11969,OK,58.700,0.44,15873.000025749207
11970,OK,76.400,0.44,15845.69999249652
11971,OK,56.400,0.44,15988.00002830103
11972,OK,54.600,0.44,15874.200034886599
11973,OK,55.400,0.44,15963.200014084578
11974,OK,60.900,0.44,15909.300011117011
11975,OK,54.100,0.44,15904.000028967857
11976,OK,68.500,0.44,15888.600028119981
11977,OK,73.800,0.44,15904.100029729307
11978,OK,61.000,0.44,15897.099976427853
11979,OK,52.500,0.44,15901.300008408725
11980,OK,59.100,0.44,15878.600010182709
11981,OK,66.600,0.44,15871.00001052022
11982,OK,56.800,0.44,15889.900038018823
11983,OK,60.700,0.44,15897.899982519448
11984,OK,54.000,0.44,15904.200030490756
11985,OK,49.300,0.44,15966.800041496754
11986,OK,58.800,0.44,15863.000007811934
11987,OK,53.900,0.44,15914.999996311963
11988,OK,55.600,0.44,15929.799992591143
11989,OK,53.400,0.44,15911.200025584549
11990,OK,52.600,0.44,15915.099997073412
11991,OK,67.900,0.44,15888.80002964288
11992,OK,64.900,0.44,15866.000030655414
11993,OK,67.500,0.44,15991.799999028444
11994,OK,57.300,0.44,15794.099948834628
11995,OK,52.400,0.44,16024.200012907386
11996,OK,54.500,0.44,15871.199953835458
11997,OK,50.000,0.44,15942.899975925684
11998,OK,66.000,0.44,15930.599998682737
11999,OK,49.100,0.44,15890.500042587519
12000,OK,51.800,0.44,15917.200013063848
12001,OK,72.600,0.44,15763.400006107986
12002,OK,52.400,0.44,15892.499999608845
12003,OK,62.200,0.44,15980.699972715229
12004,OK,69.700,0.44,15911.500027868897
12005,OK,62.000,0.44,15909.000008832663
12006,OK,54.400,0.44,15902.600018307567
12007,OK,56.900,0.44,15853.09999063611
12008,OK,56.400,0.44,15907.90000045672
12009,OK,53.700,0.44,15955.200011376292
12010,OK,57.200,0.44,15896.600030828267
12011,OK,53.800,0.44,15871.10001128167
12012,OK,60.400,0.44,15957.599971443415
12013,OK,51.900,0.44,15911.200025584549
12014,OK,61.000,0.44,15896.799974143505
12015,OK,54.100,0.44,15918.000019155443
12016,OK,66.300,0.44,15894.200012553483
12017,OK,68.100,0.44,15834.600024390966
12018,OK,64.900,0.44,15944.900049362332
12019,OK,92.900,0.44,15728.199970908463
12020,OK,84.700,0.44,15986.49995867163
12021,OK,57.400,0.44,15890.499984379858
12022,OK,68.000,0.44,15816.800005268306
12023,OK,52.300,0.44,15977.200004272163
12024,OK,80.200,0.44,15856.000012718141
12025,OK,69.200,0.44,15852.300042752177
12026,OK,50.800,0.44,16004.600038286299
12027,OK,67.500,0.44,15893.600007984787
12028,OK,50.600,0.44,15911.400027107447
12029,OK,50.000,0.44,15802.80001508072
12030,OK,46.800,0.44,15974.69998523593
12031,OK,60.400,0.44,15914.399991743267
12032,OK,47.600,0.44,15924.700011964887
12033,OK,71.700,0.44,16180.099977646023
12034,OK,188.900,0.44,15524.799993727356
12035,OK,62.800,0.44,15894.60001559928
12036,OK,53.900,0.44,15888.799971435219
12037,OK,75.400,0.44,15841.699962038547
12038,OK,56.300,0.44,15887.700021266937
12039,OK,57.300,0.44,15940.100012812763
12040,OK,65.500,0.44,15884.39999613911
12041,OK,103.200,0.44,15860.70004850626
12042,OK,64.700,0.44,15927.999978885055
12043,OK,81.800,0.44,15852.899989113212
12044,OK,56.000,0.44,15996.100031770766
12045,OK,48.600,0.44,15791.099984198809
12046,OK,69.800,0.44,15890.599985141307
12047,OK,84.200,0.44,15999.299997929484
12048,OK,85.000,0.44,15788.400021847337
12049,OK,61.700,0.44,15937.500051222742
12050,OK,73.700,0.44,15840.699954424053
12051,OK,74.700,0.44,15888.499969150871
12052,OK,86.700,0.44,15802.000008989125
12053,OK,79.100,0.44,15955.200011376292
12054,OK,99.800,0.44,15826.400020159781
12055,OK,69.600,0.44,15870.400005951524
12056,OK,56.800,0.44,15897.099976427853
12057,OK,112.100,0.44,15786.5000073798
12058,OK,87.300,0.44,15964.000020176172
12059,OK,63.200,0.44,15822.499990463257
12060,OK,72.000,0.44,17189.000034704804
12061,OK,95.100,0.44,14979.599975049496
12062,OK,103.700,0.44,15485.100040677935
12063,OK,93.900,0.44,15757.199958898127
12064,OK,89.000,0.44,16111.399978399277
12065,OK,97.900,0.44,15765.400021336973
12066,OK,92.800,0.44,15703.300014138222
12067,OK,115.500,0.44,15690.299973357469
12068,OK,75.000,0.44,15952.29998929426
12069,OK,78.900,0.44,15902.500017546117
12070,OK,112.100,0.44,15801.600005943328
12071,OK,110.300,0.44,15828.299976419657
12072,OK,123.100,0.44,15766.799973789603
12073,OK,90.700,0.44,15850.000025238842
12074,OK,81.200,0.44,15897.799981757998
12075,OK,68.300,0.44,15955.000009853393
12076,OK,67.900,0.44,15877.400001045316
12077,OK,66.800,0.44,15892.199997324497
12078,OK,59.900,0.44,15893.500007223338
12079,OK,58.600,0.44,15840.299951378256
12080,OK,90.900,0.44,15868.199989199638
12081,OK,60.900,0.44,15875.699988100678
12082,OK,52.700,0.44,15922.099992167205
12083,OK,56.700,0.44,15901.000006124377
12084,OK,54.900,0.44,15909.700014162809
12085,OK,56.200,0.44,15921.29998607561
12086,OK,70.400,0.44,15874.599979724735
12087,OK,63.300,0.44,15916.600008495152
12088,OK,54.100,0.44,15878.600010182709
12089,OK,58.400,0.44,15931.200003251433
12090,OK,60.300,0.44,15890.30004106462
12091,OK,55.700,0.44,15937.100048176944
12092,OK,58.500,0.44,15869.599999859929
12093,OK,55.100,0.44,15927.700034808367
12094,OK,54.200,0.44,15917.00001154095
12095,OK,54.800,0.44,15910.100017208606
12096,OK,51.800,0.44,15904.199972283095
12097,OK,53.900,0.44,15925.100015010685
12098,OK,48.200,0.44,15927.700034808367
12099,OK,47.200,0.44,15887.30001822114
12100,OK,47.800,0.44,15918.100019916892
12101,OK,67.300,0.44,16097.899992018938
12102,OK,212.600,0.44,15421.299962326884
12103,OK,51.400,0.44,15916.79995181039
12104,OK,55.600,0.44,15902.10001450032
12105,OK,52.100,0.44,15928.999986499548
12106,OK,59.300,0.44,15850.30002752319
12107,OK,59.600,0.44,15980.299969669431
12108,OK,48.800,0.44,15827.000024728477
12109,OK,63.500,0.44,15933.19996027276
12110,OK,96.600,0.44,15908.799949102104
12111,OK,56.300,0.44,15912.799979560077
12112,OK,95.800,0.44,15841.000014916062
12113,OK,75.200,0.44,15853.799995966256
12114,OK,68.500,0.44,15925.400017295033
12115,OK,60.500,0.44,15884.000051300973
12116,OK,58.700,0.44,15822.999994270504
12117,OK,63.100,0.44,15910.9000233002
12118,OK,57.200,0.44,15894.000011030585
12119,OK,49.100,0.44,15974.70004344359
12120,OK,68.300,0.44,15910.099959000945
12121,OK,67.200,0.44,15869.700000621378
12122,OK,96.400,0.44,15793.400001712143
12123,OK,97.000,0.44,15858.899976592511
12124,OK,146.700,0.44,15734.000015072525
12125,OK,65.200,0.44,15908.999950625002
12126,OK,71.100,0.44,15880.299964919686
12127,OK,103.400,0.44,15800.399996805936
12128,OK,61.300,0.44,15936.299983877689
12129,OK,96.800,0.44,15849.800023715943
12130,OK,68.900,0.44,15862.500004004687
12131,OK,84.300,0.44,15929.000044707209
12132,OK,84.900,0.44,15793.200000189245
12133,OK,60.100,0.44,15898.699988611042
12134,OK,79.700,0.44,15859.900042414665
12135,OK,58.500,0.44,15877.500001806766
12136,OK,57.800,0.44,15855.100005865097
12137,OK,66.200,0.44,15913.99998869747
12138,OK,88.400,0.44,15867.89998691529
12139,OK,66.400,0.44,15894.300013314933
12140,OK,67.000,0.44,15897.500037681311
12141,OK,93.800,0.44,15845.299989450723
12142,OK,79.000,0.44,15888.000023551285
12143,OK,64.900,0.44,15865.399967879057
12144,OK,72.500,0.44,16451.50000695139
12145,OK,93.700,0.44,16151.999996509403
12146,OK,99.000,0.44,15057.39998538047
12147,OK,120.400,0.44,16101.400018669665
12148,OK,110.900,0.44,15550.79995887354
12149,OK,107.100,0.44,16194.400028325617
12150,OK,97.000,0.44,15785.299998242408
12151,OK,99.800,0.44,16974.100028164685
12152,OK,133.100,0.44,14293.999993242323
12153,OK,97.100,0.44,17103.899968788028
12154,OK,103.400,0.44,14587.400015443563
12155,OK,119.800,0.44,16280.299983918667
12156,OK,104.100,0.44,16078.4000181593
12157,OK,111.200,0.44,15351.600013673306
12158,OK,111.500,0.44,15567.999973427504
12159,OK,73.500,0.44,15913.199982605875
12160,OK,77.700,0.44,15931.000001728535
12161,OK,105.000,0.44,15778.200002387166
12162,OK,104.500,0.44,15811.000019311905
12163,OK,73.900,0.44,15871.800016611814
12164,OK,66.000,0.44,15901.200007647276
12165,OK,57.800,0.44,15902.900020591915
12166,OK,64.800,0.44,15883.099986240268
12167,OK,79.000,0.44,15921.599988359958
12168,OK,89.200,0.44,15762.399998493493
12169,OK,58.800,0.44,15918.799967039376
12170,OK,57.400,0.44,15939.00000443682
12171,OK,104.300,0.44,15848.899958655238
12172,OK,56.500,0.44,15937.299991492182
12173,OK,82.700,0.44,15906.299988273531
12174,OK,162.300,0.44,15720.100025646389
12175,OK,89.900,0.44,15860.299987252802
12176,OK,162.700,0.44,15784.000046551228
12177,OK,129.900,0.44,15786.49994917214
12178,OK,95.700,0.44,15850.599971599877
12179,OK,82.800,0.44,15875.599987339228
12180,OK,64.800,0.44,15832.600009161979
12181,OK,81.500,0.44,15933.800023049116
12182,OK,83.800,0.44,15896.399971097708
12183,OK,79.500,0.44,15906.300046481192
12184,OK,105.200,0.44,15778.000000864267
12185,OK,83.700,0.44,15802.80001508072
12186,OK,83.300,0.44,15843.999979551882
12187,OK,69.800,0.44,15888.399968389422
12188,OK,151.400,0.44,15822.999994270504
12189,OK,65.200,0.44,15837.00004266575
12190,OK,66.300,0.44,15898.199984803796
12191,OK,68.000,0.44,15895.899967290461
12192,OK,78.200,0.44,15896.699973382056
12193,OK,94.200,0.44,15847.500006202608
12194,OK,86.700,0.44,15855.500008910894
12195,OK,62.800,0.44,15875.999990385026
12196,OK,60.100,0.44,15922.199992928654
12197,OK,90.700,0.44,15820.60003420338
12198,OK,109.900,0.44,15903.999970760196
12199,OK,81.300,0.44,15883.999993093312
12200,OK,93.100,0.44,15847.30000467971
12201,OK,80.800,0.44,15678.600000683218
12202,OK,57.800,0.44,15932.500013150275
12203,OK,183.800,0.44,15530.000033322722
12204,OK,56.400,0.44,15908.00000121817
12205,OK,52.600,0.44,16010.299965273589
12206,OK,124.300,0.44,15700.799995101988
12207,OK,66.900,0.44,15875.699988100678
12208,OK,62.700,0.44,15990.699990652502
12209,OK,53.100,0.44,15805.700037162751
12210,OK,79.900,0.44,16089.899989310652
12211,OK,167.400,0.44,15513.800026383251
12212,OK,65.700,0.44,15817.59995315224
12213,OK,164.500,0.44,15784.199989866465
12214,OK,60.300,0.44,15939.400007482618
12215,OK,79.300,0.44,15798.499982338399
12216,OK,120.300,0.44,15842.399967368692
12217,OK,67.900,0.44,15924.600011203438
12218,OK,61.400,0.44,15851.59997921437
12219,OK,77.100,0.44,15846.199996303767
12220,OK,116.200,0.44,15858.500031754375
12221,OK,59.000,0.44,15956.80002355948
12222,OK,66.500,0.44,15856.399957556278
12223,OK,63.400,0.44,15927.499975077808
12224,OK,77.200,0.44,15850.999974645674
12225,OK,74.300,0.44,15940.200013574213
12226,OK,61.200,0.44,15884.599997662008
12227,OK,57.200,0.44,15898.000041488558
12228,OK,54.200,0.44,15915.700001642108
12229,OK,57.400,0.44,15893.000003416091
12230,OK,53.800,0.44,15912.39997651428
12231,OK,54.400,0.44,15890.499984379858
12232,OK,62.300,0.44,15910.399961285293
12233,OK,57.100,0.44,15892.299998085946
12234,OK,56.600,0.44,15925.500018056482
12235,OK,55.200,0.44,15926.299965940416
12236,OK,66.500,0.44,15899.899997748435
12237,OK,75.200,0.44,15890.30004106462
12238,OK,56.400,0.44,15916.600008495152
12239,OK,54.400,0.44,15916.200005449355
12240,OK,57.500,0.44,15886.999957729131
12241,OK,57.700,0.44,15911.999973468482
12242,OK,56.400,0.44,15950.89997863397
12243,OK,70.300,0.44,15827.200026251376
12244,OK,52.600,0.44,15894.900017883629
12245,OK,64.700,0.44,15914.599993266165
12246,OK,53.000,0.44,15843.800036236644
12247,OK,55.700,0.44,16004.699980840087
12248,OK,53.100,0.44,16003.999975509942
12249,OK,60.300,0.44,15722.499985713512
12250,OK,107.100,0.44,15888.000023551285
12251,OK,96.900,0.44,15885.999950114638
12252,OK,62.900,0.44,15842.79997041449
12253,OK,82.100,0.44,15871.799958404154
12254,OK,54.900,0.44,15906.39998903498
12255,OK,58.100,0.44,15928.100037854165
12256,OK,53.600,0.44,15894.199954345822
12257,OK,54.200,0.44,15872.800024226308
12258,OK,54.700,0.44,15930.499997921288
12259,OK,59.800,0.44,15914.599993266165
12260,OK,60.400,0.44,15921.799989882857
12261,OK,58.900,0.44,15895.000018645078
12262,OK,78.800,0.44,15876.800054684281
12263,OK,73.400,0.44,15911.899972707033
12264,OK,55.000,0.44,15909.099951386452
12265,OK,56.300,0.44,15884.29999537766
12266,OK,60.700,0.44,15896.899974904954
12267,OK,54.100,0.44,15926.100022625178
12268,OK,60.600,0.44,15854.400000534952
12269,OK,58.100,0.44,15917.800017632544
12270,OK,52.500,0.44,15907.000051811337
12271,OK,55.600,0.44,15916.100004687905
12272,OK,55.100,0.44,15894.899959675968
12273,OK,75.300,0.44,15963.300014846027
12274,OK,59.800,0.44,15919.299970846623
12275,OK,53.000,0.44,15817.800012882799
12276,OK,63.300,0.44,15849.600022193044
12277,OK,55.000,0.44,16006.999998353422
12278,OK,64.800,0.44,15848.399954847991
12279,OK,67.600,0.44,15917.300013825297
12280,OK,55.200,0.44,15907.90000045672
12281,OK,56.200,0.44,15928.200038615614
12282,OK,55.900,0.44,15916.89995257184
12283,OK,62.000,0.44,15898.100042250007
12284,OK,53.300,0.44,15914.899995550513
12285,OK,73.300,0.44,15854.199999012053
12286,OK,52.400,0.44,15915.800002403557
12287,OK,68.800,0.44,15900.60000307858
12288,OK,48.400,0.44,15867.800044361502
12289,OK,81.000,0.44,15774.80003470555
12290,OK,61.100,0.44,15952.899993862957
12291,OK,55.500,0.44,15965.69997491315
12292,OK,73.300,0.44,15878.0999481678
12293,OK,53.500,0.44,15819.400025065988
12294,OK,68.900,0.44,15979.899966623634
12295,OK,55.100,0.44,15866.199973970652
12296,OK,60.300,0.44,15946.800005622208
12297,OK,56.000,0.44,15892.299998085946
12298,OK,55.900,0.44,15942.599973641336
12299,OK,57.600,0.44,15898.700046818703
12300,OK,55.500,0.44,15860.199986491352
12301,OK,79.600,0.44,15749.300015158951
12302,OK,53.300,0.44,15947.100007906556
12303,OK,58.300,0.44,15905.600041151047
12304,OK,60.500,0.44,15905.499982181937
12305,OK,74.800,0.44,15883.399988524616
12306,OK,72.600,0.44,15861.799998674542
12307,OK,73.300,0.44,15950.499975588173
12308,OK,56.700,0.44,15899.899997748435
12309,OK,57.900,0.44,15899.699996225536
12310,OK,53.500,0.44,15885.59994706884
12311,OK,57.700,0.44,15869.799943175167
12312,OK,58.000,0.44,15959.999989718199
12313,OK,53.600,0.44,15909.60001340136
12314,OK,56.000,0.44,15875.199984293431
12315,OK,57.100,0.44,15971.200016792864
12316,OK,53.300,0.44,15892.199997324497
12317,OK,57.600,0.44,15911.400027107447
12318,OK,69.900,0.44,15897.300036158413
12319,OK,71.000,0.44,15842.500026337802
12320,OK,72.600,0.44,15908.300003502518
12321,OK,60.800,0.44,15882.200037594885
12322,OK,47.800,0.44,15914.599993266165
12323,OK,49.700,0.44,15906.799992080778
12324,OK,49.400,0.44,15942.0000272803
12325,OK,48.900,0.44,15947.200008668005
12326,OK,54.900,0.44,15869.900002144277
12327,OK,69.800,0.44,15874.499978963286
12328,OK,53.300,0.44,15870.100003667176
12329,OK,48.500,0.44,16011.899977456778
12330,OK,47.900,0.44,15944.699989631772
12331,OK,68.700,0.44,15885.400003753603
12332,OK,72.900,0.44,15839.500003494322
12333,OK,71.600,0.44,15897.60003844276
12334,OK,50.200,0.44,15932.000009343028
12335,OK,56.300,0.44,15898.399986326694
12336,OK,56.800,0.44,15787.000011187047
12337,OK,58.000,0.44,15918.700024485588
12338,OK,60.100,0.44,15913.79998717457
12339,OK,59.000,0.44,15895.900025498122
12340,OK,50.700,0.44,15946.100000292063
12341,OK,49.500,0.44,15885.400003753603
12342,OK,51.900,0.44,15948.999964166433
12343,OK,51.100,0.44,15919.600031338632
12344,OK,55.900,0.44,15868.2000474073
12345,OK,64.200,0.44,15885.500004515052
12346,OK,55.800,0.44,15942.10002804175
12347,OK,77.800,0.44,15880.700026173145
12348,OK,60.700,0.44,15911.600028630346
12349,OK,52.100,0.44,15839.400002732873
12350,OK,130.400,0.44,15768.399985972792
12351,OK,71.400,0.44,15915.700001642108
12352,OK,95.500,0.44,15817.59995315224
12353,OK,98.000,0.44,15868.599992245436
12354,OK,92.000,0.44,15832.600009161979
12355,OK,80.800,0.44,15848.400013055652
12356,OK,84.600,0.44,15845.899994019419
12357,OK,75.000,0.44,15886.400011368096
12358,OK,90.400,0.44,15884.699998423457
12359,OK,105.500,0.44,15795.499959494919
12360,OK,89.200,0.44,15968.899999279529
12361,OK,89.100,0.44,15832.900011446327
12362,OK,83.400,0.44,15880.800026934594
12363,OK,72.000,0.44,15880.700026173145
12364,OK,90.400,0.44,15899.499994702637
12365,OK,115.800,0.44,15733.899956103414
12366,OK,86.100,0.44,15846.099995542318
12367,OK,82.600,0.44,15894.80001712218
12368,OK,93.000,0.44,15870.700008235872
12369,OK,62.500,0.44,15883.399988524616
12370,OK,79.800,0.44,15836.600039619952
12371,OK,82.300,0.44,15838.099992834032
12372,OK,63.900,0.44,15888.400026597083
12373,OK,99.100,0.44,15851.59997921437
12374,OK,127.900,0.44,15798.599983099848
12375,OK,85.100,0.44,15841.799962799996
12376,OK,71.500,0.44,15832.800010684878
12377,OK,76.000,0.44,15933.30001924187
12378,OK,89.400,0.44,15808.900003321469
12379,OK,72.200,0.44,15918.39996399358
12380,OK,52.000,0.44,15916.500007733703
12381,OK,56.500,0.44,15923.099999781698
12382,OK,56.900,0.44,15897.799981757998
12383,OK,67.400,0.44,15832.600009161979
12384,OK,92.600,0.44,15900.900005362928
12385,OK,48.400,0.44,15925.400017295033
12386,OK,60.000,0.44,15931.60000629723
12387,OK,65.200,0.44,15870.100003667176
12388,OK,64.500,0.44,15927.19997279346
12389,OK,53.900,0.44,15907.90000045672
12390,OK,63.900,0.44,15921.599988359958
12391,OK,50.500,0.44,15862.10000095889
12392,OK,44.300,0.44,15942.500031087548
12393,OK,47.500,0.44,15931.500005535781
12394,OK,53.300,0.44,15911.099966615438
12395,OK,48.300,0.44,15911.600028630346
12396,OK,45.700,0.44,15924.799954518676
12397,OK,48.700,0.44,15922.599995974451
12398,OK,55.000,0.44,15917.100012302399
12399,OK,52.700,0.44,15903.300023637712
12400,OK,51.800,0.44,15925.200015772134
12401,OK,70.500,0.44,16047.20001341775
12402,OK,252.600,0.44,15667.099971324205
12403,OK,242.200,0.44,15341.299993451685
12404,OK,69.400,0.44,15867.499983869493
12405,OK,60.200,0.44,15798.099979292601
12406,OK,57.000,0.44,15975.299989804626
12407,OK,56.400,0.44,15877.800004091114
12408,OK,54.700,0.44,15908.199944533408
12409,OK,51.500,0.44,15895.300020929426
12410,OK,51.900,0.44,15936.599986162037
12411,OK,59.900,0.44,15891.399991232902
12412,OK,54.000,0.44,15915.600000880659
12413,OK,51.300,0.44,15916.100004687905
12414,OK,50.800,0.44,15908.900008071214
12415,OK,53.200,0.44,15921.39998683706
12416,OK,54.300,0.44,15933.20001848042
12417,OK,68.100,0.44,15910.9000233002
12418,OK,54.000,0.44,15922.000049613416
12419,OK,91.500,0.44,15826.39996195212
12420,OK,51.300,0.44,15906.799992080778
12421,OK,48.300,0.44,15914.699994027615
12422,OK,46.900,0.44,15896.499971859157
12423,OK,52.100,0.44,15938.099997583777
12424,OK,47.800,0.44,15915.199997834861
12425,OK,47.000,0.44,15892.900002654642
12426,OK,53.700,0.44,15935.800038278103
12427,OK,47.600,0.44,15950.99997939542
12428,OK,46.100,0.44,15939.800010528415
12429,OK,72.300,0.44,15875.50004478544
12430,OK,61.100,0.44,15888.899972196668
12431,OK,48.900,0.44,15948.299958836287
12432,OK,48.500,0.44,15922.199992928654
12433,OK,51.300,0.44,15942.199970595539
12434,OK,50.200,0.44,15898.699988611042
12435,OK,54.600,0.44,15919.399971608073
12436,OK,51.100,0.44,15897.69998099655
12437,OK,49.300,0.44,15968.69999775663
12438,OK,57.800,0.44,15831.800003070384
12439,OK,50.500,0.44,15932.300011627376
12440,OK,51.100,0.44,15912.800037767738
12441,OK,53.200,0.44,15962.500008754432
12442,OK,55.800,0.44,15862.800006289035
12443,OK,77.400,0.44,15886.500012129545
12444,OK,65.100,0.44,15908.300003502518
12445,OK,56.100,0.44,15905.699983704835
12446,OK,60.400,0.44,15882.999985478818
12447,OK,59.300,0.44,15896.700031589717
12448,OK,57.300,0.44,15920.999983791262
12449,OK,57.500,0.44,15889.000031165779
12450,OK,55.400,0.44,15951.799985487014
12451,OK,52.300,0.44,15871.300012804568
12452,OK,54.000,0.44,15916.999953333288
12453,OK,60.000,0.44,15925.300016533583
12454,OK,109.400,0.44,15788.300021085888
12455,OK,95.800,0.44,15862.900007050484
12456,OK,63.400,0.44,15891.999995801598
12457,OK,57.800,0.44,15799.89999299869
12458,OK,74.900,0.44,15964.40002322197
12459,OK,66.900,0.44,15905.899985227734
12460,OK,58.500,0.44,15940.000012051314
12461,OK,54.500,0.44,15851.69997997582
12462,OK,54.200,0.44,15909.50001263991
12463,OK,67.800,0.44,15880.099963396788
12464,OK,59.500,0.44,15917.700016871095
12465,OK,51.900,0.44,15860.999992582947
12466,OK,49.200,0.44,15925.899962894619
12467,OK,56.300,0.44,15920.599980745465
12468,OK,56.500,0.44,15963.700017891824
12469,OK,67.500,0.44,15891.899995040148
12470,OK,57.000,0.44,15900.099999271333
12471,OK,55.500,0.44,15913.100040052086
12472,OK,53.100,0.44,15921.799989882857
12473,OK,62.000,0.44,15819.900028873235
12474,OK,56.900,0.44,15958.599979057908
12475,OK,62.100,0.44,15917.400014586747
12476,OK,53.600,0.44,15897.69998099655
12477,OK,75.200,0.44,15866.499976255
12478,OK,63.200,0.44,15981.200034730136
12479,OK,123.400,0.44,15583.400032483041
12480,OK,80.200,0.44,15863.50001161918
12481,OK,73.500,0.44,15930.19999563694
12482,OK,63.500,0.44,15908.600005786866
12483,OK,58.000,0.44,15863.099950365722
12484,OK,61.100,0.44,15901.500009931624
12485,OK,58.300,0.44,15929.099987260997
12486,OK,66.400,0.44,15911.1000248231
12487,OK,62.200,0.44,15900.200000032783
12488,OK,52.200,0.44,15891.399991232902
12489,OK,51.400,0.44,15895.700023975223
12490,OK,53.600,0.44,15878.30000789836
12491,OK,50.400,0.44,15976.599999703467
12492,OK,54.800,0.44,15787.90001804009
12493,OK,68.400,0.44,15951.500041410327
12494,OK,75.800,0.44,15888.90003040433
12495,OK,52.800,0.44,15960.599994286895
12496,OK,65.100,0.44,15816.400002222508
12497,OK,53.400,0.44,15973.599976859987
12498,OK,60.300,0.44,15910.700021777302
12499,OK,56.100,0.44,15899.1000498645
12500,OK,61.500,0.44,15882.000036071986
12501,OK,60.600,0.44,15762.70000077784
12502,OK,50.300,0.44,16119.099978823215
12503,OK,204.300,0.44,15527.000010479242
12504,OK,50.800,0.44,15881.699975579977
12505,OK,78.700,0.44,15853.899996727705
12506,OK,67.300,0.44,15866.000030655414
12507,OK,69.700,0.44,15882.099978625774
12508,OK,52.100,0.44,15909.899957478046
12509,OK,50.900,0.44,15960.999997332692
12510,OK,65.300,0.44,15857.39996517077
12511,OK,59.600,0.44,15940.70001738146
12512,OK,52.600,0.44,15838.199993595481
12513,OK,74.200,0.44,15903.799969237298
12514,OK,51.500,0.44,15922.600054182112
12515,OK,51.700,0.44,15904.500032775104
12516,OK,52.500,0.44,15953.699999954551
12517,OK,48.400,0.44,15917.400014586747
12518,OK,53.500,0.44,15915.199997834861
12519,OK,52.700,0.44,15918.40002220124
12520,OK,53.300,0.44,15918.50002296269
12521,OK,51.400,0.44,15906.799992080778
12522,OK,48.500,0.44,15923.400002066046
12523,OK,65.200,0.44,15905.09997913614
12524,OK,62.600,0.44,15905.699983704835
12525,OK,54.200,0.44,15912.999981082976
12526,OK,48.300,0.44,15912.300033960491
12527,OK,49.000,0.44,15922.999999020249
12528,OK,48.600,0.44,15903.999970760196
12529,OK,48.900,0.44,15941.199962981045
12530,OK,47.900,0.44,15874.199976678938
12531,OK,51.900,0.44,15915.29999859631
12532,OK,49.100,0.44,15884.799999184906
12533,OK,64.800,0.44,15892.299998085946
12534,OK,53.600,0.44,15930.900000967085
12535,OK,51.700,0.44,15932.700014673173
12536,OK,63.200,0.44,15871.300012804568
12537,OK,76.800,0.44,15813.399979379028
12538,OK,57.900,0.44,15907.299995888025
12539,OK,66.000,0.44,15828.799980226904
12540,OK,49.200,0.44,15979.20001950115
12541,OK,54.500,0.44,15919.399971608073
12542,OK,63.700,0.44,15905.999985989183
12543,OK,56.900,0.44,15888.70002888143
12544,OK,59.400,0.44,15919.099969323725
12545,OK,56.800,0.44,15913.79998717457
12546,OK,65.700,0.44,15893.500007223338
12547,OK,51.300,0.44,15940.300014335662
12548,OK,60.000,0.44,15892.499999608845
12549,OK,55.000,0.44,15913.000039290637
12550,OK,63.700,0.44,15894.400014076382
12551,OK,66.500,0.44,15910.9000233002
12552,OK,67.700,0.44,15859.10003632307
12553,OK,60.800,0.44,15934.299968648702
12554,OK,56.600,0.44,15871.10001128167
12555,OK,52.200,0.44,15936.999989207834
12556,OK,60.200,0.44,15871.600015088916
12557,OK,75.800,0.44,15923.900005873293
12558,OK,54.400,0.44,15917.299955617636
12559,OK,50.500,0.44,15966.599981766194
12560,OK,59.200,0.44,15861.299994867295
12561,OK,53.300,0.44,15899.899997748435
12562,OK,64.200,0.44,15904.99997837469
12563,OK,64.600,0.44,15930.19999563694
12564,OK,88.900,0.44,15842.9000293836
12565,OK,65.900,0.44,15900.70000384003
12566,OK,81.700,0.44,15879.000013228506
12567,OK,54.700,0.44,15932.600013911724
12568,OK,55.400,0.44,15899.399993941188
12569,OK,52.400,0.44,15924.700011964887
12570,OK,57.500,0.44,15827.200026251376
12571,OK,89.700,0.44,15837.700047995895
12572,OK,50.300,0.44,15949.899971019477
12573,OK,54.900,0.44,15905.09997913614
12574,OK,58.000,0.44,15971.199958585203
12575,OK,63.400,0.44,15851.90003970638
12576,OK,54.000,0.44,15932.000009343028
12577,OK,53.400,0.44,15918.799967039376
12578,OK,62.900,0.44,15925.000014249235
12579,OK,74.500,0.44,15872.2999622114
12580,OK,72.300,0.44,15864.699962548912
12581,OK,58.100,0.44,15954.899950884283
12582,OK,99.600,0.44,15847.400005441159
12583,OK,56.500,0.44,15862.10000095889
12584,OK,52.400,0.44,15940.50001585856
12585,OK,55.500,0.44,15918.600023724139
12586,OK,55.600,0.44,15925.300016533583
12587,OK,67.400,0.44,15870.200004428625
12588,OK,54.900,0.44,15906.799992080778
12589,OK,51.300,0.44,15905.20003810525
12590,OK,67.000,0.44,15914.999996311963
12591,OK,53.400,0.44,15917.400014586747
12592,OK,52.300,0.44,15900.60000307858
12593,OK,52.100,0.44,15926.100022625178
12594,OK,82.700,0.44,15888.299967627972
12595,OK,53.700,0.44,15905.199979897588
12596,OK,53.500,0.44,15917.999960947782
12597,OK,54.800,0.44,15960.799995809793
12598,OK,54.300,0.44,15871.600015088916
12599,OK,55.200,0.44,15880.699967965484
12600,OK,51.800,0.44,15928.999986499548
12601,OK,60.900,0.44,15839.499945286661
12602,OK,50.500,0.44,15846.900001633912
12603,OK,53.800,0.44,16215.700015891343
12604,OK,194.500,0.44,15397.300012409687
12605,OK,55.700,0.44,15979.300020262599
12606,OK,56.600,0.44,15819.399966858327
12607,OK,65.000,0.44,15894.500014837831
12608,OK,62.400,0.44,15907.699998933822
12609,OK,81.500,0.44,15869.700000621378
12610,OK,56.700,0.44,15958.599979057908
12611,OK,56.200,0.44,15873.89997439459
12612,OK,58.400,0.44,15921.899990644306
12613,OK,56.800,0.44,15862.00000019744
12614,OK,54.400,0.44,15939.400007482618
12615,OK,55.500,0.44,15919.80003286153
12616,OK,63.000,0.44,15943.49998049438
12617,OK,67.200,0.44,15868.299989961088
12618,OK,55.400,0.44,15948.300017043948
12619,OK,69.500,0.44,15850.100026000291
12620,OK,64.900,0.44,15896.700031589717
12621,OK,65.300,0.44,15876.499994192272
12622,OK,66.700,0.44,15955.600014422089
12623,OK,51.300,0.44,15880.500024650246
12624,OK,50.300,0.44,15921.39998683706
12625,OK,53.500,0.44,15924.700011964887
12626,OK,58.000,0.44,15912.799979560077
12627,OK,56.900,0.44,15846.199996303767
12628,OK,53.600,0.44,15937.999996822327
12629,OK,52.300,0.44,15903.200022876263
12630,OK,50.100,0.44,15995.50002720207
12631,OK,48.700,0.44,15854.500001296401
12632,OK,60.300,0.44,15893.000003416091
12633,OK,72.900,0.44,15912.799979560077
12634,OK,57.900,0.44,15896.799974143505
12635,OK,63.300,0.44,15937.999996822327
12636,OK,52.600,0.44,15982.499986421317
12637,OK,56.800,0.44,15827.400027774274
12638,OK,63.200,0.44,15945.599996484816
12639,OK,57.800,0.44,15910.9000233002
12640,OK,65.400,0.44,15906.299988273531
12641,OK,60.100,0.44,15904.89997761324
12642,OK,62.400,0.44,15888.600028119981
12643,OK,57.600,0.44,15904.200030490756
12644,OK,58.400,0.44,15908.400004263967
12645,OK,72.200,0.44,15886.000008322299
12646,OK,69.300,0.44,15892.399998847395
12647,OK,52.900,0.44,15926.499967463315
12648,OK,56.500,0.44,15884.699998423457
12649,OK,57.100,0.44,15835.3999722749
12650,OK,58.300,0.44,15937.099989969283
12651,OK,85.900,0.44,15852.499986067414
12652,OK,56.400,0.44,15817.300009075552
12653,OK,55.900,0.44,15998.39999107644
12654,OK,51.800,0.44,15989.29997999221
12655,OK,54.500,0.44,15830.099990125746
12656,OK,54.200,0.44,15936.700045131147
12657,OK,95.200,0.44,15817.199950106442
12658,OK,62.600,0.44,15864.000015426427
12659,OK,57.800,0.44,15920.599980745465
12660,OK,59.000,0.44,15844.19998107478
12661,OK,50.400,0.44,15951.599983964115
12662,OK,66.100,0.44,15902.10001450032
12663,OK,75.300,0.44,15896.500030066818
12664,OK,54.400,0.44,15923.300001304597
12665,OK,56.300,0.44,15886.300010606647
12666,OK,53.800,0.44,15891.099988948554
12667,OK,55.000,0.44,15911.300026345998
12668,OK,54.400,0.44,15890.700044110417
12669,OK,57.400,0.44,15908.700006548315
12670,OK,54.200,0.44,15868.899994529784
12671,OK,50.900,0.44,16013.499989639968
12672,OK,65.900,0.44,15937.099989969283
12673,OK,67.400,0.44,15788.099961355329
12674,OK,60.900,0.44,15950.99997939542
12675,OK,53.500,0.44,15909.700014162809
12676,OK,51.200,0.44,15908.799949102104
12677,OK,48.100,0.44,15918.700024485588
12678,OK,48.100,0.44,15920.800040476024
12679,OK,53.700,0.44,15910.800022538751
12680,OK,54.400,0.44,15923.799946904182
12681,OK,59.200,0.44,15860.799991060048
12682,OK,61.600,0.44,15893.500007223338
12683,OK,66.800,0.44,15881.800034549087
12684,OK,71.600,0.44,15877.199999522418
12685,OK,78.500,0.44,15934.999973978847
12686,OK,71.200,0.44,15876.79999647662
12687,OK,67.800,0.44,15905.00003658235
12688,OK,74.400,0.44,15887.599962297827
12689,OK,59.800,0.44,15851.099975407124
12690,OK,65.700,0.44,15925.200015772134
12691,OK,52.800,0.44,15915.29999859631
12692,OK,54.000,0.44,15907.499997410923
12693,OK,57.300,0.44,15913.89998793602
12694,OK,58.300,0.44,15924.40000968054
12695,OK,53.400,0.44,15846.399997826666
12696,OK,57.000,0.44,15908.500005025417
12697,OK,77.100,0.44,15912.199974991381
12698,OK,66.700,0.44,15902.900020591915
12699,OK,68.400,0.44,15849.000017624348
12700,OK,52.200,0.44,15925.500018056482
12701,OK,59.900,0.44,15796.999970916659
12702,OK,77.200,0.44,15854.800003580749
12703,OK,242.200,0.44,15802.400012034923
12704,OK,65.500,0.44,15878.000005614012
12705,OK,53.000,0.44,15878.30000789836
12706,OK,53.500,0.44,15936.699986923486
12707,OK,65.200,0.44,15862.600004766136
12708,OK,58.700,0.44,15966.299979481846
12709,OK,58.400,0.44,15801.900008227676
12710,OK,57.900,0.44,15897.099976427853
12711,OK,72.200,0.44,15958.600037265569
12712,OK,61.300,0.44,15860.70004850626
12713,OK,51.100,0.44,15970.700012985617
12714,OK,57.200,0.44,15908.900008071214
12715,OK,60.900,0.44,15902.499959338456
12716,OK,71.500,0.44,15930.09999487549
12717,OK,53.200,0.44,15841.100015677512
12718,OK,57.400,0.44,15936.399984639138
12719,OK,58.300,0.44,15920.900041237473
12720,OK,57.500,0.44,15894.100011792034
12721,OK,53.500,0.44,15911.199967376888
12722,OK,56.100,0.44,15908.400004263967
12723,OK,53.700,0.44,15925.000014249235
12724,OK,54.700,0.44,15861.599997151643
12725,OK,56.000,0.44,15927.499975077808
12726,OK,53.100,0.44,15920.700039714575
12727,OK,55.000,0.44,15917.800017632544
12728,OK,70.100,0.44,15897.900040727109
12729,OK,58.500,0.44,15834.400022868067
12730,OK,54.500,0.44,15955.700015183538
12731,OK,71.600,0.44,15913.499984890223
12732,OK,56.600,0.44,15904.499974567443
12733,OK,63.600,0.44,15866.999980062246
12734,OK,56.500,0.44,15889.900038018823
12735,OK,55.900,0.44,15918.39996399358
12736,OK,57.200,0.44,15901.800012215972
12737,OK,72.300,0.44,15857.49996593222
12738,OK,65.000,0.44,15849.800023715943
12739,OK,65.200,0.44,15897.5999802351
12740,OK,59.700,0.44,15916.9000107795
12741,OK,59.800,0.44,15916.700009256601
12742,OK,56.500,0.44,15874.999982770532
12743,OK,56.500,0.44,15926.399966701865
12744,OK,73.700,0.44,15908.999950625002
12745,OK,57.000,0.44,15899.599995464087
12746,OK,53.300,0.44,15914.600051473826
12747,OK,57.400,0.44,15906.49998979643
12748,OK,52.500,0.44,15911.00002406165
12749,OK,56.700,0.44,15945.899998769164
12750,OK,49.000,0.44,15857.59996669367
12751,OK,59.100,0.44,15947.99995655194
12752,OK,58.900,0.44,15881.599974818528
12753,OK,72.300,0.44,15944.89999115467
12754,OK,48.800,0.44,15871.700015850365
12755,OK,55.500,0.44,15954.600006807595
12756,OK,58.800,0.44,15911.700029391795
12757,OK,66.700,0.44,15929.199988022447
12758,OK,70.600,0.44,15852.200041990727
12759,OK,66.900,0.44,15793.700003996491
12760,OK,78.400,0.44,15939.600009005517
12761,OK,65.800,0.44,15858.799975831062
12762,OK,70.400,0.44,15902.300016023219
12763,OK,48.800,0.44,15936.999989207834
12764,OK,52.400,0.44,15907.100052572787
12765,OK,57.000,0.44,15909.60001340136
12766,OK,63.000,0.44,15888.500027358532
12767,OK,55.700,0.44,15894.799958914518
12768,OK,61.400,0.44,15908.500005025417
12769,OK,52.500,0.44,15874.199976678938
12770,OK,56.400,0.44,15992.700005881488
12771,OK,54.900,0.44,15851.299976930022
12772,OK,69.600,0.44,15905.999985989183
12773,OK,50.900,0.44,15889.900038018823
12774,OK,49.700,0.44,15938.600001391023
12775,OK,54.600,0.44,15889.400034211576
12776,OK,56.800,0.44,15920.100035145879
12777,OK,57.000,0.44,15889.699978288263
12778,OK,52.300,0.44,15916.700009256601
12779,OK,59.000,0.44,15919.099969323725
12780,OK,52.500,0.44,15942.700032610446
12781,OK,52.800,0.44,15896.199969574809
12782,OK,56.000,0.44,15886.600012890995
12783,OK,61.200,0.44,15959.000040311366
12784,OK,72.700,0.44,15913.89998793602
12785,OK,49.500,0.44,15825.500013306737
12786,OK,67.100,0.44,15934.59997093305
12787,OK,58.300,0.44,15896.799974143505
12788,OK,68.300,0.44,15898.99999089539
12789,OK,51.800,0.44,15905.1000373438
12790,OK,52.800,0.44,15908.200002741069
12791,OK,49.600,0.44,15913.599985651672
12792,OK,51.500,0.44,15906.799992080778
12793,OK,54.400,0.44,15893.20000493899
12794,OK,53.800,0.44,15909.200010355562
12795,OK,51.300,0.44,15913.800045382231
12796,OK,55.000,0.44,15962.200006470084
12797,OK,68.900,0.44,15864.500019233674
12798,OK,68.500,0.44,15901.100006885827
12799,OK,59.200,0.44,15901.500009931624
12800,OK,53.600,0.44,15900.400001555681
12801,OK,60.400,0.44,15782.599977683276
12802,OK,50.400,0.44,15919.199970085174
12803,OK,49.200,0.44,15942.800033371896
12804,OK,58.500,0.44,15845.099987927824
12805,OK,55.200,0.44,15924.800012726337
12806,OK,74.800,0.44,15866.100031416863
12807,OK,54.700,0.44,15904.199972283095
12808,OK,61.100,0.44,15863.800013903528
12809,OK,59.300,0.44,15911.799971945584
12810,OK,52.700,0.44,15894.000011030585
12811,OK,67.500,0.44,15936.799987684935
12812,OK,74.900,0.44,15910.400019492954
12813,OK,53.500,0.44,15887.30001822114
12814,OK,55.400,0.44,15929.899993352592
12815,OK,51.500,0.44,15849.799965508282
12816,OK,56.400,0.44,15918.699966277927
12817,OK,51.200,0.44,15938.700002152473
12818,OK,55.000,0.44,15906.999993603677
12819,OK,52.800,0.44,15967.19998633489
12820,OK,52.600,0.44,15886.200009845197
12821,OK,55.100,0.44,15867.599984630942
12822,OK,71.300,0.44,15930.599998682737
12823,OK,56.500,0.44,15892.499999608845
12824,OK,51.300,0.44,15957.100025843829
12825,OK,50.900,0.44,15853.399992920458
12826,OK,65.900,0.44,15970.10000841692
12827,OK,55.100,0.44,15869.199996814132
12828,OK,53.700,0.44,15926.600026432425
12829,OK,55.500,0.44,15929.100045468658
12830,OK,53.200,0.44,15920.299978461117
12831,OK,53.500,0.44,15873.399970587343
12832,OK,50.600,0.44,15933.700022287667
12833,OK,50.700,0.44,15929.600049275905
12834,OK,54.500,0.44,15877.499943599105
12835,OK,67.300,0.44,16201.900027226657
12836,OK,78.800,0.44,15564.900008030236
12837,OK,71.900,0.44,15871.700015850365
12838,OK,87.100,0.44,16012.799984309822
12839,OK,80.000,0.44,15794.199949596077
12840,OK,55.500,0.44,15887.600020505488
12841,OK,53.100,0.44,15916.200005449355
12842,OK,52.700,0.44,15864.200016949326
12843,OK,56.600,0.44,15918.800025247037
12844,OK,66.700,0.44,15889.799979049712
12845,OK,60.400,0.44,15905.699983704835
12846,OK,61.100,0.44,15907.399996649474
12847,OK,62.500,0.44,15829.599986318499
12848,OK,52.600,0.44,15967.100043781102
12849,OK,54.400,0.44,15913.100040052086
12850,OK,71.000,0.44,15835.999976843596
12851,OK,61.800,0.44,15825.10001026094
12852,OK,65.600,0.44,15955.100010614842
12853,OK,54.000,0.44,15923.700004350394
12854,OK,80.300,0.44,15889.699978288263
12855,OK,79.300,0.44,15940.899960696697
12856,OK,60.400,0.44,15908.800007309765
12857,OK,53.000,0.44,15894.400014076382
12858,OK,58.200,0.44,15903.799969237298
12859,OK,54.500,0.44,15882.69998319447
12860,OK,47.000,0.44,15933.700022287667
12861,OK,57.600,0.44,15864.300017710775
12862,OK,61.100,0.44,15919.199970085174
12863,OK,82.300,0.44,15819.999971427023
12864,OK,61.600,0.44,15945.799998007715
12865,OK,52.000,0.44,15919.89997541532
12866,OK,53.200,0.44,15920.800040476024
12867,OK,67.600,0.44,15903.5999677144
12868,OK,57.900,0.44,15888.200025074184
12869,OK,56.500,0.44,15913.299983367324
12870,OK,64.000,0.44,15887.600020505488
12871,OK,59.200,0.44,15978.000010363758
12872,OK,60.800,0.44,15825.700014829636
12873,OK,51.600,0.44,15917.599957901984
12874,OK,60.800,0.44,15940.900018904358
12875,OK,52.500,0.44,15924.500010441989
12876,OK,54.600,0.44,15936.900046654046
12877,OK,69.300,0.44,15824.600006453693
12878,OK,52.400,0.44,15963.500016368926
12879,OK,67.800,0.44,15894.999960437417
12880,OK,70.000,0.44,15814.69998927787
12881,OK,52.700,0.44,16020.299983210862
12882,OK,56.100,0.44,15899.999998509884
12883,OK,57.200,0.44,15911.199967376888
12884,OK,56.100,0.44,15865.10002380237
12885,OK,53.800,0.44,15896.800032351166
12886,OK,97.600,0.44,15841.899963561445
12887,OK,78.400,0.44,15879.600017797202
12888,OK,54.300,0.44,15981.100033968687
12889,OK,54.900,0.44,15888.300025835633
12890,OK,59.800,0.44,15802.90001584217
12891,OK,54.500,0.44,16011.500032618642
12892,OK,66.100,0.44,15898.699988611042
12893,OK,70.700,0.44,15899.999998509884
12894,OK,53.900,0.44,15782.999980729073
12895,OK,53.100,0.44,16032.700019422919
12896,OK,58.800,0.44,15909.900015685707
12897,OK,56.900,0.44,15919.89997541532
12898,OK,53.400,0.44,15894.200012553483
12899,OK,53.100,0.44,15919.399971608073
12900,OK,51.900,0.44,15864.499961026013
12901,OK,59.200,0.44,15849.100018385798
12902,OK,52.900,0.44,15827.699971850961
12903,OK,52.100,0.44,15975.899994373322
12904,OK,58.100,0.44,15898.99999089539
12905,OK,62.600,0.44,15887.899964582175
12906,OK,57.000,0.44,15878.100006375462
12907,OK,52.600,0.44,15932.499954942614
12908,OK,73.000,0.44,15917.300013825297
12909,OK,56.200,0.44,15906.60004876554
12910,OK,58.200,0.44,15834.700025152415
12911,OK,47.300,0.44,15948.599961120635
12912,OK,52.100,0.44,15877.400001045316
12913,OK,54.700,0.44,15926.199965178967
12914,OK,61.100,0.44,15912.899980321527
12915,OK,53.100,0.44,15930.699999444187
12916,OK,57.300,0.44,15904.500032775104
12917,OK,54.200,0.44,15903.70002668351
12918,OK,53.000,0.44,15868.299989961088
12919,OK,52.000,0.44,15931.900008581579
12920,OK,51.600,0.44,15901.000006124377
12921,OK,61.000,0.44,15955.599956214428
12922,OK,54.700,0.44,15880.100021604449
12923,OK,52.700,0.44,15916.600008495152
12924,OK,52.200,0.44,15893.000003416091
12925,OK,56.100,0.44,15951.300039887428
12926,OK,88.800,0.44,15850.700030568987
12927,OK,53.900,0.44,15913.89998793602
12928,OK,50.100,0.44,15908.500005025417
12929,OK,48.900,0.44,15812.200028449297
12930,OK,46.700,0.44,15930.699999444187
12931,OK,46.200,0.44,16023.900010623038
12932,OK,47.900,0.44,15921.999991405755
12933,OK,52.800,0.44,15840.299951378256
12934,OK,59.700,0.44,16169.700014870614
12935,OK,66.200,0.44,15644.599974621087
12936,OK,68.500,0.44,15946.700004860759
12937,OK,50.400,0.44,15916.099946480244
12938,OK,55.400,0.44,15861.899999435991
12939,OK,86.900,0.44,15813.499980140477
12940,OK,70.200,0.44,15824.600006453693
12941,OK,69.200,0.44,15910.100017208606
12942,OK,47.600,0.44,15958.50003650412
12943,OK,57.000,0.44,15917.500015348196
12944,OK,55.100,0.44,15901.500009931624
12945,OK,60.200,0.44,15919.000026769936
12946,OK,69.100,0.44,15835.699974559247
12947,OK,52.100,0.44,15915.39999935776
12948,OK,69.300,0.44,15902.800019830465
12949,OK,56.000,0.44,15888.70002888143
12950,OK,66.400,0.44,15856.600017286837
12951,OK,80.100,0.44,15979.500021785498
12952,OK,52.600,0.44,15865.800029132515
12953,OK,79.800,0.44,15881.499974057078
12954,OK,64.300,0.44,15911.399968899786
12955,OK,55.400,0.44,15836.299979127944
12956,OK,52.900,0.44,15906.299988273531
12957,OK,57.200,0.44,15928.499982692301
12958,OK,52.000,0.44,15901.600010693073
12959,OK,55.600,0.44,15942.09996983409
12960,OK,51.400,0.44,15933.000016957521
12961,OK,51.500,0.44,15914.499992504716
12962,OK,69.800,0.44,15862.600004766136
12963,OK,65.700,0.44,15897.399978712201
12964,OK,81.000,0.44,15824.100002646446
12965,OK,69.700,0.44,15865.700028371066
12966,OK,56.200,0.44,15947.000007145107
12967,OK,52.100,0.44,16089.999990072101
12968,OK,67.400,0.44,15701.099997386336
12969,OK,53.600,0.44,15964.40002322197
12970,OK,61.800,0.44,15866.599977016449
12971,OK,58.100,0.44,15894.70001636073
12972,OK,58.400,0.44,15916.200005449355
12973,OK,51.500,0.44,15923.500002827495
12974,OK,56.100,0.44,15917.800017632544
12975,OK,62.100,0.44,15897.900040727109
12976,OK,67.800,0.44,15878.200007136911
12977,OK,66.400,0.44,15920.300036668777
12978,OK,54.000,0.44,15894.200012553483
12979,OK,57.400,0.44,15925.200015772134
12980,OK,56.500,0.44,15889.400034211576
12981,OK,53.900,0.44,15878.699952736497
12982,OK,51.000,0.44,15938.299999106675
12983,OK,56.000,0.44,15902.300016023219
12984,OK,61.800,0.44,15945.09999267757
12985,OK,63.700,0.44,15893.20000493899
12986,OK,52.100,0.44,15874.199976678938
12987,OK,58.000,0.44,15889.400034211576
12988,OK,57.300,0.44,15900.400001555681
12989,OK,52.100,0.44,15926.899970509112
12990,OK,74.600,0.44,15880.500024650246
12991,OK,63.600,0.44,15905.899985227734
12992,OK,52.400,0.44,15879.300015512854
12993,OK,53.700,0.44,15901.800012215972
12994,OK,51.500,0.44,15923.700004350394
12995,OK,58.100,0.44,15998.599992599338
12996,OK,51.800,0.44,15854.299999773502
12997,OK,52.400,0.44,15913.99998869747
12998,OK,52.400,0.44,15946.999948937446
12999,OK,57.500,0.44,15807.899995706975
13000,OK,49.500,0.44,15956.299961544573
13001,OK,75.100,0.44,15794.200007803738
13002,OK,56.300,0.44,15919.300029054284
13003,OK,72.400,0.44,15877.500001806766
13004,OK,72.000,0.44,15914.399991743267
13005,OK,64.700,0.44,15881.599974818528
13006,OK,56.800,0.44,15911.300026345998
13007,OK,60.100,0.44,15897.5999802351
13008,OK,75.800,0.44,15902.300016023219
13009,OK,53.100,0.44,15868.499991483986
13010,OK,51.500,0.44,15974.59998447448
13011,OK,56.300,0.44,15899.399993941188
13012,OK,57.500,0.44,15909.300011117011
13013,OK,50.400,0.44,15909.200010355562
13014,OK,49.900,0.44,15937.49999301508
13015,OK,61.300,0.44,15883.499989286065
13016,OK,69.400,0.44,15911.500027868897
13017,OK,53.700,0.44,15914.799994789064
13018,OK,54.400,0.44,15915.39999935776
13019,OK,56.200,0.44,15903.100022114813
13020,OK,56.400,0.44,15898.900048341602
13021,OK,54.000,0.44,15923.700004350394
13022,OK,52.400,0.44,15840.900014154613
13023,OK,51.000,0.44,15936.299983877689
13024,OK,51.900,0.44,15949.999971780926
13025,OK,52.500,0.44,15911.500027868897
13026,OK,55.200,0.44,15919.600031338632
13027,OK,55.900,0.44,15918.50002296269
13028,OK,51.800,0.44,15915.800002403557
13029,OK,84.200,0.44,15876.499994192272
13030,OK,80.600,0.44,15833.89996085316
13031,OK,76.300,0.44,15911.00002406165
13032,OK,60.100,0.44,15893.30000570044
13033,OK,51.100,0.44,15877.500001806766
13034,OK,74.500,0.44,15775.100036989897
13035,OK,61.800,0.44,16031.199949793518
13036,OK,61.900,0.44,15906.999993603677
13037,OK,56.400,0.44,15904.699976090342
13038,OK,61.100,0.44,15862.900007050484
13039,OK,55.400,0.44,15919.999976176769
13040,OK,51.600,0.44,15924.500010441989
13041,OK,95.000,0.44,15816.500002983958
13042,OK,58.600,0.44,15975.499991327524
13043,OK,71.600,0.44,15874.999982770532
13044,OK,51.900,0.44,15855.700010433793
13045,OK,52.700,0.44,15917.400014586747
13046,OK,53.200,0.44,15892.199997324497
13047,OK,56.800,0.44,15869.39999833703
13048,OK,61.000,0.44,15938.900003675371
13049,OK,63.800,0.44,15892.899944446981
13050,OK,55.000,0.44,15895.799966529012
13051,OK,51.300,0.44,15903.70002668351
13052,OK,54.200,0.44,15919.69997389242
13053,OK,53.100,0.44,15900.900005362928
13054,OK,61.600,0.44,15943.999984301627
13055,OK,60.700,0.44,15836.999984458089
13056,OK,57.100,0.44,15897.70003920421
13057,OK,53.200,0.44,15906.200045719743
13058,OK,48.500,0.44,15915.600000880659
13059,OK,66.900,0.44,15903.300023637712
13060,OK,59.900,0.44,15912.40003472194
13061,OK,51.000,0.44,15954.500006046146
13062,OK,54.100,0.44,15890.399983618408
13063,OK,56.400,0.44,15995.099965948611
13064,OK,55.200,0.44,15843.900036998093
13065,OK,54.100,0.44,15871.800016611814
13066,OK,92.500,0.44,15823.3999973163
13067,OK,64.000,0.44,15888.399968389422
13068,OK,80.100,0.44,15930.19999563694
13069,OK,49.500,0.44,15977.799950633198
13070,OK,52.000,0.44,15841.30001720041
13071,OK,60.500,0.44,15823.099995031953
13072,OK,60.900,0.44,15964.700025506318
13073,OK,55.600,0.44,15764.600015245378
13074,OK,61.200,0.44,16061.900008935481
13075,OK,62.000,0.44,15845.69999249652
13076,OK,70.300,0.44,15887.599962297827
13077,OK,56.700,0.44,15858.700033277273
13078,OK,57.900,0.44,15935.600036755204
13079,OK,52.400,0.44,15911.1000248231
13080,OK,61.600,0.44,15907.399996649474
13081,OK,55.500,0.44,15832.200006116182
13082,OK,51.600,0.44,16062.00000969693
13083,OK,75.700,0.44,15881.50003226474
13084,OK,80.800,0.44,15867.299982346594
13085,OK,75.500,0.44,15889.900038018823
13086,OK,52.600,0.44,15908.10000197962
13087,OK,52.200,0.44,15903.70002668351
13088,OK,51.000,0.44,15909.40001187846
13089,OK,50.100,0.44,15885.90000756085
13090,OK,54.500,0.44,15958.800038788468
13091,OK,51.900,0.44,15860.699990298599
13092,OK,75.200,0.44,15921.29998607561
13093,OK,53.900,0.44,15874.700038693845
13094,OK,57.900,0.44,15938.900003675371
13095,OK,57.800,0.44,15905.699983704835
13096,OK,57.800,0.44,15929.399989545345
13097,OK,53.200,0.44,15907.199995126575
13098,OK,66.100,0.44,15890.600043348968
13099,OK,71.000,0.44,15916.400006972253
13100,OK,53.300,0.44,15914.799994789064
13101,OK,58.700,0.44,15783.699986059219
13102,OK,56.500,0.44,15931.80000782013
13103,OK,61.800,0.44,15878.699952736497
13104,OK,63.700,0.44,15946.50000333786
13105,OK,54.400,0.44,15887.100016698241
13106,OK,61.600,0.44,15908.00000121817
13107,OK,59.200,0.44,15942.499972879887
13108,OK,52.200,0.44,15851.199976168573
13109,OK,54.400,0.44,15928.59998345375
13110,OK,60.000,0.44,15883.699990808964
13111,OK,77.700,0.44,15875.29998505488
13112,OK,64.300,0.44,15862.00000019744
13113,OK,66.400,0.44,15904.199972283095
13114,OK,65.000,0.44,15902.10001450032
13115,OK,51.300,0.44,15860.099985729903
13116,OK,54.600,0.44,15943.59998125583
13117,OK,98.900,0.44,15852.500044275075
13118,OK,51.500,0.44,15907.699998933822
13119,OK,51.400,0.44,15916.999953333288
13120,OK,48.100,0.44,15902.800019830465
13121,OK,54.200,0.44,15958.29997677356
13122,OK,50.900,0.44,15946.800005622208
13123,OK,51.800,0.44,15935.400035232306
13124,OK,53.900,0.44,15804.600028786808
13125,OK,51.500,0.44,15960.499993525445
13126,OK,60.300,0.44,15964.799968060106
13127,OK,69.800,0.44,15925.200015772134
13128,OK,49.200,0.44,15854.60000205785
13129,OK,56.100,0.44,15947.000007145107
13130,OK,54.200,0.44,15904.599975328892
13131,OK,53.900,0.44,15904.500032775104
13132,OK,53.500,0.44,15920.499979984015
13133,OK,56.800,0.44,15899.899997748435
13134,OK,54.900,0.44,15917.899960186332
13135,OK,53.200,0.44,15923.900005873293
13136,OK,61.400,0.44,15884.899999946356
13137,OK,57.900,0.44,15916.300006210804
13138,OK,72.200,0.44,15892.900002654642
13139,OK,60.600,0.44,15883.999993093312
13140,OK,63.800,0.44,15661.99999069795
13141,OK,55.000,0.44,15953.599999193102
13142,OK,57.400,0.44,15902.00001373887
13143,OK,88.400,0.44,15806.999988853931
13144,OK,78.200,0.44,15874.199976678938
13145,OK,79.500,0.44,15933.500020764768
13146,OK,59.000,0.44,15878.800011705607
13147,OK,57.800,0.44,15908.900008071214
13148,OK,71.800,0.44,15891.000046394765
13149,OK,57.000,0.44,15925.399959087372
13150,OK,54.900,0.44,15877.099998760968
13151,OK,56.500,0.44,15880.299964919686
13152,OK,88.800,0.44,15859.899984207004
13153,OK,55.100,0.44,15974.099980667233
13154,OK,52.800,0.44,15893.900010269135
13155,OK,57.400,0.44,15861.300053074956
13156,OK,68.000,0.44,15919.499972369522
13157,OK,55.100,0.44,15873.90003260225
13158,OK,54.200,0.44,15910.79996433109
13159,OK,56.500,0.44,15853.799995966256
13160,OK,59.900,0.44,15965.200029313564
13161,OK,61.100,0.44,15903.799969237298
13162,OK,57.700,0.44,15909.50001263991
13163,OK,57.600,0.44,15901.099948678166
13164,OK,52.900,0.44,15851.69997997582
13165,OK,79.600,0.44,15896.999975666404
13166,OK,72.600,0.44,15943.899983540177
13167,OK,62.100,0.44,15816.09999993816
13168,OK,67.300,0.44,15869.799943175167
13169,OK,72.500,0.44,15858.799975831062
13170,OK,73.500,0.44,15988.999977707863
13171,OK,57.300,0.44,15886.400011368096
13172,OK,53.300,0.44,15923.300001304597
13173,OK,63.900,0.44,15930.200053844601
13174,OK,52.400,0.44,15890.699985902756
13175,OK,60.100,0.44,15897.69998099655
13176,OK,56.900,0.44,15918.100019916892
13177,OK,55.200,0.44,15918.19996247068
13178,OK,62.600,0.44,15889.999980572611
13179,OK,67.700,0.44,15880.199964158237
13180,OK,72.800,0.44,15906.099986750633
13181,OK,53.700,0.44,15879.8000193201
13182,OK,60.900,0.44,15836.199978366494
13183,OK,71.700,0.44,15864.600019995123
13184,OK,54.600,0.44,15964.500023983419
13185,OK,53.300,0.44,15911.00002406165
13186,OK,65.600,0.44,15894.100011792034
13187,OK,54.300,0.44,15909.40001187846
13188,OK,56.000,0.44,15848.600014578551
13189,OK,73.400,0.44,15945.699997246265
13190,OK,53.000,0.44,15915.700001642108
13191,OK,55.000,0.44,15907.100052572787
13192,OK,53.700,0.44,15912.200033199042
13193,OK,69.600,0.44,15849.399962462485
13194,OK,59.300,0.44,15935.499977786094
13195,OK,87.600,0.44,15908.300003502518
13196,OK,66.000,0.44,15816.600003745407
13197,OK,74.000,0.44,15852.900047320873
13198,OK,55.500,0.44,15847.899951040745
13199,OK,65.400,0.44,15943.999984301627
13200,OK,50.800,0.44,15885.200002230704
13201,OK,58.000,0.44,15859.000035561621
13202,OK,62.300,0.44,15880.000020843
13203,OK,52.900,0.44,15928.999986499548
13204,OK,60.500,0.44,15911.400027107447
13205,OK,56.000,0.44,15896.000026259571
13206,OK,55.200,0.44,15909.899957478046
13207,OK,51.700,0.44,15923.300001304597
13208,OK,75.100,0.44,15877.199999522418
13209,OK,71.700,0.44,15891.299990471452
13210,OK,52.900,0.44,15911.500027868897
13211,OK,53.200,0.44,15909.000008832663
13212,OK,65.400,0.44,15891.7999942787
13213,OK,50.800,0.44,15926.799969747663
13214,OK,51.200,0.44,15907.499997410923
13215,OK,50.100,0.44,15899.999998509884
13216,OK,50.800,0.44,15940.999961458147
13217,OK,53.100,0.44,15903.899969998747
13218,OK,51.500,0.44,15966.399980243295
13219,OK,56.900,0.44,15822.299988940358
13220,OK,52.700,0.44,15927.19997279346
13221,OK,52.400,0.44,15922.8999982588
13222,OK,55.600,0.44,15923.900005873293
13223,OK,68.900,0.44,15907.399996649474
13224,OK,51.900,0.44,15911.299968138337
13225,OK,51.700,0.44,15891.7999942787
13226,OK,55.100,0.44,15899.499994702637
13227,OK,51.500,0.44,15918.800025247037
13228,OK,52.100,0.44,15855.800011195242
13229,OK,62.100,0.44,15904.199972283095
13230,OK,66.100,0.44,15962.80001103878
13231,OK,58.100,0.44,15899.09999165684
13232,OK,52.600,0.44,15905.299980659038
13233,OK,50.300,0.44,15849.499963223934
13234,OK,69.100,0.44,15940.60001662001
13235,OK,68.500,0.44,15910.200017970055
13236,OK,52.500,0.44,15906.59999055788
13237,OK,56.000,0.44,15909.60001340136
13238,OK,58.300,0.44,15903.000021353364
13239,OK,55.700,0.44,15887.299960013479
13240,OK,58.900,0.44,15914.899995550513
13241,OK,51.900,0.44,15890.800044871867
13242,OK,56.200,0.44,15949.900029227138
13243,OK,71.500,0.44,15892.199997324497
13244,OK,58.100,0.44,15858.399972785264
13245,OK,99.200,0.44,15796.000021509826
13246,OK,67.300,0.44,15999.299997929484
13247,OK,80.900,0.44,15751.499973703176
13248,OK,55.800,0.44,15930.699999444187
13249,OK,63.900,0.44,15883.399988524616
13250,OK,72.200,0.44,15893.10000417754
13251,OK,68.200,0.44,15902.899962384254
13252,OK,55.800,0.44,15905.799984466285
13253,OK,56.600,0.44,15912.100032437593
13254,OK,57.800,0.44,15928.299981169403
13255,OK,59.200,0.44,15889.699978288263
13256,OK,51.500,0.44,15919.89997541532
13257,OK,57.700,0.44,15955.499955452979
13258,OK,62.600,0.44,15833.399957045913
13259,OK,63.700,0.44,15944.499988108873
13260,OK,48.700,0.44,15950.79997787252
13261,OK,66.900,0.44,15875.29998505488
13262,OK,58.600,0.44,15880.899969488382
13263,OK,50.800,0.44,15910.499962046742
13264,OK,46.600,0.44,15926.099964417517
13265,OK,51.100,0.44,15896.600030828267
13266,OK,56.700,0.44,15893.799951300025
13267,OK,77.100,0.44,15900.400001555681
13268,OK,55.700,0.44,15852.699987590313
13269,OK,56.400,0.44,15918.200020678341
13270,OK,101.200,0.44,15833.90001906082
13271,OK,62.000,0.44,15888.099966105074
13272,OK,68.400,0.44,15882.999985478818
13273,OK,53.200,0.44,15984.099998604506
13274,OK,62.400,0.44,15875.799988862127
13275,OK,52.600,0.44,15932.200010865927
13276,OK,70.400,0.44,15844.599984120578
13277,OK,50.700,0.44,15964.599966537207
13278,OK,51.300,0.44,15888.100024312735
13279,OK,50.700,0.44,15908.00000121817
13280,OK,57.600,0.44,15887.600020505488
13281,OK,48.300,0.44,15937.69999453798
13282,OK,55.700,0.44,15898.499987088144
13283,OK,57.500,0.44,15925.70001957938
13284,OK,60.100,0.44,15884.29999537766
13285,OK,48.700,0.44,15910.200017970055
13286,OK,54.300,0.44,15957.099967636168
13287,OK,55.600,0.44,15896.599972620606
13288,OK,53.800,0.44,15917.600016109645
13289,OK,62.600,0.44,15896.899974904954
13290,OK,63.300,0.44,15879.399958066642
13291,OK,82.200,0.44,15856.10001347959
13292,OK,75.800,0.44,15920.800040476024
13293,OK,52.300,0.44,15937.49999301508
13294,OK,58.800,0.44,15905.399981420487
13295,OK,56.200,0.44,15856.999962124974
13296,OK,69.000,0.44,15889.100031927228
13297,OK,54.000,0.44,15939.999953843653
13298,OK,67.600,0.44,15867.399983108044
13299,OK,59.800,0.44,15974.999987520278
13300,OK,63.800,0.44,15874.900040216744
13301,OK,57.900,0.44,15775.399981066585
13302,OK,68.000,0.44,15804.500028025359
13303,OK,56.500,0.44,15982.09998337552
13304,OK,63.900,0.44,15864.199958741665
13305,OK,57.400,0.44,15868.899994529784
13306,OK,51.900,0.44,15922.79999749735
13307,OK,58.500,0.44,15876.89999723807
13308,OK,63.000,0.44,15958.300034981221
13309,OK,60.500,0.44,15911.700029391795
13310,OK,54.600,0.44,15902.899962384254
13311,OK,55.400,0.44,15898.799989372492
13312,OK,51.800,0.44,15898.699988611042
13313,OK,57.400,0.44,15832.000004593283
13314,OK,52.300,0.44,15918.200020678341
13315,OK,95.800,0.44,15797.300031408668
13316,OK,97.200,0.44,15895.099961198866
13317,OK,91.500,0.44,15878.900012467057
13318,OK,71.000,0.44,15901.500009931624
13319,OK,53.400,0.44,15840.200008824468
13320,OK,68.400,0.44,15971.49996086955
13321,OK,66.400,0.44,15836.500038858503
13322,OK,76.100,0.44,15827.79997261241
13323,OK,54.300,0.44,15902.199957054108
13324,OK,53.200,0.44,15991.699998266995
13325,OK,53.300,0.44,15851.999982260168
13326,OK,59.000,0.44,15965.80003388226
13327,OK,50.800,0.44,15953.199996147305
13328,OK,58.200,0.44,15887.899964582175
13329,OK,56.100,0.44,15905.300038866699
13330,OK,64.800,0.44,15894.300013314933
13331,OK,69.600,0.44,15868.999995291233
13332,OK,64.400,0.44,15951.500041410327
13333,OK,53.500,0.44,15902.299957815558
13334,OK,61.000,0.44,15911.099966615438
13335,OK,53.900,0.44,15931.100002489984
13336,OK,68.000,0.44,15894.49995663017
13337,OK,64.700,0.44,15835.3999722749
13338,OK,62.800,0.44,15913.299983367324
13339,OK,65.900,0.44,15892.200055532157
13340,OK,67.000,0.44,15905.799984466285
13341,OK,56.700,0.44,15776.899992488325
13342,OK,60.500,0.44,16011.59997517243
13343,OK,76.900,0.44,15886.500012129545
13344,OK,74.500,0.44,15864.500019233674
13345,OK,75.500,0.44,15880.799968726933
13346,OK,53.800,0.44,15924.20000815764
13347,OK,63.200,0.44,15762.099996209145
13348,OK,68.300,0.44,16074.399987701327
13349,OK,69.100,0.44,15802.899957634509
13350,OK,55.000,0.44,15887.799963820726
13351,OK,47.900,0.44,15929.900051560253
13352,OK,60.400,0.44,15853.699995204806
13353,OK,53.100,0.44,15949.900029227138
13354,OK,55.200,0.44,15922.099992167205
13355,OK,58.600,0.44,15892.000054009259
13356,OK,62.600,0.44,15904.600033536553
13357,OK,57.600,0.44,15906.299988273531
13358,OK,71.100,0.44,15895.899967290461
13359,OK,52.400,0.44,15946.900006383657
13360,OK,56.100,0.44,15910.79996433109
13361,OK,59.600,0.44,15902.600018307567
13362,OK,60.000,0.44,15886.800014413893
13363,OK,55.800,0.44,15900.400001555681
13364,OK,50.600,0.44,15931.70000705868
13365,OK,56.100,0.44,15869.900002144277
13366,OK,50.800,0.44,15865.599969401956
13367,OK,56.200,0.44,15977.60000731796
13368,OK,54.500,0.44,15917.00001154095
13369,OK,60.800,0.44,15904.700034298003
13370,OK,52.200,0.44,15870.500006712973
13371,OK,47.700,0.44,15929.099987260997
13372,OK,70.100,0.44,15912.40003472194
13373,OK,71.500,0.44,15787.90001804009
13374,OK,88.700,0.44,15845.099987927824
13375,OK,62.700,0.44,15976.599999703467
13376,OK,53.600,0.44,15914.099989458919
13377,OK,55.500,0.44,15906.199987512082
13378,OK,63.700,0.44,15800.900000613183
13379,OK,51.000,0.44,15962.100005708635
13380,OK,53.600,0.44,15943.49998049438
13381,OK,56.600,0.44,15928.400040138513
13382,OK,63.200,0.44,15892.600000370294
13383,OK,54.100,0.44,15937.399992253631
13384,OK,76.200,0.44,15841.399959754199
13385,OK,71.500,0.44,15931.60000629723
13386,OK,54.400,0.44,15907.299995888025
13387,OK,60.500,0.44,15890.19998209551
13388,OK,66.300,0.44,15831.199998501688
13389,OK,55.900,0.44,15965.5999741517
13390,OK,57.100,0.44,15889.500034973025
13391,OK,56.700,0.44,15933.900023810565
13392,OK,57.300,0.44,15915.700001642108
13393,OK,54.400,0.44,15905.299980659038
13394,OK,53.000,0.44,15926.000021863729
13395,OK,60.000,0.44,15896.299970336258
13396,OK,57.800,0.44,15863.999957218766
13397,OK,60.100,0.44,15956.90002432093
13398,OK,59.400,0.44,15897.799981757998
13399,OK,65.300,0.44,15961.29999961704
13400,OK,68.800,0.44,15842.999971937388
13401,OK,59.800,0.44,15821.499982848763
13402,OK,56.800,0.44,15886.500012129545
13403,OK,57.000,0.44,15921.599988359958
13404,OK,63.600,0.44,15897.60003844276
13405,OK,134.500,0.44,15783.099981490523
13406,OK,74.200,0.44,15939.300006721169
13407,OK,58.900,0.44,15895.500022452325
13408,OK,57.500,0.44,15909.700014162809
13409,OK,78.500,0.44,15736.999979708344
13410,OK,60.900,0.44,16030.200000386685
13411,OK,63.100,0.44,15909.200010355562
13412,OK,66.700,0.44,15912.300033960491
13413,OK,48.200,0.44,15796.400024555624
13414,OK,48.400,0.44,15971.600019838661
13415,OK,77.600,0.44,15879.700018558651
13416,OK,56.700,0.44,15937.49999301508
13417,OK,55.600,0.44,15811.500023119152
13418,OK,53.100,0.44,15969.100000802428
13419,OK,54.700,0.44,15919.400029815733
13420,OK,55.000,0.44,15909.300011117011
13421,OK,59.600,0.44,15853.999997489154
13422,OK,54.700,0.44,15887.19995925203
13423,OK,48.600,0.44,16018.99997331202
13424,OK,54.200,0.44,15900.70000384003
13425,OK,57.000,0.44,15867.700043600053
13426,OK,65.700,0.44,15919.89997541532
13427,OK,68.400,0.44,15905.999985989183
13428,OK,56.200,0.44,15891.299990471452
13429,OK,65.900,0.44,15879.100013989955
13430,OK,48.800,0.44,15941.800025757402
13431,OK,51.000,0.44,15901.799954008311
13432,OK,52.600,0.44,15853.999997489154
13433,OK,79.500,0.44,15914.10004766658
13434,OK,55.200,0.44,15907.299995888025
13435,OK,53.900,0.44,15916.000003926456
13436,OK,57.400,0.44,15895.800024736673
13437,OK,59.900,0.44,15991.899999789894
13438,OK,68.200,0.44,15861.599997151643
13439,OK,51.800,0.44,15916.9000107795
13440,OK,70.800,0.44,15892.700001131743
13441,OK,59.900,0.44,15811.300021596253
13442,OK,48.700,0.44,16005.000041332096
13443,OK,54.800,0.44,15905.199979897588
13444,OK,49.900,0.44,15831.600001547486
13445,OK,51.200,0.44,15981.399978045374
13446,OK,51.000,0.44,15847.899951040745
13447,OK,56.700,0.44,15960.099990479648
13448,OK,179.600,0.44,15722.69998723641
13449,OK,59.800,0.44,15828.699979465455
13450,OK,86.500,0.44,15957.600029651076
13451,OK,82.300,0.44,15850.399970076978
13452,OK,55.600,0.44,15868.599992245436
13453,OK,73.300,0.44,15962.200006470084
13454,OK,61.500,0.44,15828.399977181107
13455,OK,72.500,0.44,15958.899981342256
13456,OK,53.300,0.44,15804.699971340597
13457,OK,83.100,0.44,15961.600001901388
13458,OK,59.400,0.44,15899.599995464087
13459,OK,57.700,0.44,15948.600019328296
13460,OK,52.300,0.44,15832.900011446327
13461,OK,65.700,0.44,15930.09999487549
13462,OK,50.700,0.44,15940.799959935248
13463,OK,53.200,0.44,15912.000031676143
13464,OK,61.300,0.44,15875.60004554689
13465,OK,50.200,0.44,15920.300036668777
13466,OK,52.800,0.44,15901.900012977421
13467,OK,53.600,0.44,15906.299988273531
13468,OK,51.500,0.44,15942.899975925684
13469,OK,58.400,0.44,15936.499985400587
13470,OK,50.900,0.44,15882.600040640682
13471,OK,53.500,0.44,15904.199972283095
13472,OK,53.400,0.44,15808.199997991323
13473,OK,60.000,0.44,15929.199988022447
13474,OK,70.900,0.44,15886.400011368096
13475,OK,59.000,0.44,15886.100009083748
13476,OK,53.200,0.44,15834.600024390966
13477,OK,52.600,0.44,16008.300008252263
13478,OK,52.700,0.44,15913.99998869747
13479,OK,53.200,0.44,15899.699996225536
13480,OK,53.100,0.44,15831.700002308935
13481,OK,58.100,0.44,16012.000036425889
13482,OK,53.700,0.44,15920.199977699667
13483,OK,54.500,0.44,15904.099971521646
13484,OK,56.300,0.44,15891.199989710003
13485,OK,57.200,0.44,15888.600028119981
13486,OK,52.700,0.44,15964.699967298657
13487,OK,72.200,0.44,15854.299999773502
13488,OK,56.800,0.44,15887.500019744039
13489,OK,52.300,0.44,15924.800012726337
13490,OK,50.100,0.44,15902.399958577007
13491,OK,49.400,0.44,15918.700024485588
13492,OK,61.200,0.44,15857.60002490133
13493,OK,53.800,0.44,15912.800037767738
13494,OK,48.400,0.44,15914.799994789064
13495,OK,53.600,0.44,15904.599975328892
13496,OK,78.300,0.44,15903.100022114813
13497,OK,66.900,0.44,15932.800015434623
13498,OK,51.100,0.44,15918.800025247037
13499,OK,54.800,0.44,15897.60003844276
13500,OK,63.600,0.44,15875.699988100678
13501,OK,61.400,0.44,15818.400017451495
13502,OK,136.400,0.44,15786.300005856901
13503,OK,55.800,0.44,15894.300013314933
13504,OK,71.500,0.44,15874.300035648048
13505,OK,69.100,0.44,15903.5999677144
13506,OK,51.400,0.44,15902.00001373887
13507,OK,64.100,0.44,15872.099960688502
13508,OK,48.200,0.44,15917.099954094738
13509,OK,83.300,0.44,15864.000015426427
13510,OK,79.600,0.44,15895.300020929426
13511,OK,69.500,0.44,15891.5999927558
13512,OK,52.900,0.44,15915.099997073412
13513,OK,73.000,0.44,15876.79999647662
13514,OK,46.100,0.44,15911.1000248231
13515,OK,65.000,0.44,15907.399996649474
13516,OK,48.000,0.44,15922.299993690103
13517,OK,50.200,0.44,15912.40003472194
13518,OK,62.900,0.44,15896.09996881336
13519,OK,65.100,0.44,15902.00001373887
13520,OK,49.700,0.44,15929.100045468658
13521,OK,64.300,0.44,15905.400039628148
13522,OK,51.400,0.44,15925.500018056482
13523,OK,78.800,0.44,15885.8000067994
13524,OK,81.600,0.44,15898.599987849593
13525,OK,48.000,0.44,15893.30000570044
13526,OK,50.300,0.44,15893.700008746237
13527,OK,57.700,0.44,15909.200010355562
13528,OK,62.300,0.44,15906.49998979643
13529,OK,61.200,0.44,15898.199984803796
13530,OK,60.900,0.44,15908.200002741069
13531,OK,47.500,0.44,15913.399984128773
13532,OK,48.600,0.44,15924.100007396191
13533,OK,63.700,0.44,15908.700006548315
13534,OK,49.500,0.44,15901.200007647276
13535,OK,46.000,0.44,15943.000034894794
13536,OK,67.800,0.44,15967.899991665035
13537,OK,61.300,0.44,15866.599977016449
13538,OK,69.100,0.44,15869.900002144277
13539,OK,62.800,0.44,15865.299967117608
13540,OK,55.000,0.44,15886.900015175343
13541,OK,61.200,0.44,15887.299960013479
13542,OK,64.500,0.44,15852.799988351762
13543,OK,68.100,0.44,15913.499984890223
13544,OK,52.800,0.44,15874.799981247634
13545,OK,51.700,0.44,15938.700002152473
13546,OK,59.600,0.44,15909.100009594113
13547,OK,59.200,0.44,15939.900011289865
13548,OK,63.600,0.44,15867.699985392392
13549,OK,58.100,0.44,15961.899945978075
13550,OK,66.500,0.44,15799.89999299869
13551,OK,107.300,0.44,15829.599986318499
13552,OK,97.500,0.44,15943.199978210032
13553,OK,74.600,0.44,15834.500023629516
13554,OK,69.900,0.44,15838.899998925626
13555,OK,51.700,0.44,15966.400038450956
13556,OK,66.300,0.44,15891.69999351725
13557,OK,70.400,0.44,15888.500027358532
13558,OK,65.300,0.44,15860.999992582947
13559,OK,64.800,0.44,16001.599957235157
13560,OK,68.000,0.44,15855.000005103648
13561,OK,69.600,0.44,15955.499955452979
13562,OK,76.000,0.44,15773.999970406294
13563,OK,55.300,0.44,16010.100021958351
13564,OK,55.900,0.44,15881.099971011281
13565,OK,55.600,0.44,15904.099971521646
13566,OK,61.300,0.44,15822.599991224706
13567,OK,63.200,0.44,15955.100010614842
13568,OK,65.300,0.44,15893.900010269135
13569,OK,56.700,0.44,15868.599992245436
13570,OK,62.600,0.44,15891.69999351725
13571,OK,70.000,0.44,15894.500014837831
13572,OK,79.700,0.44,15829.300042241812
13573,OK,60.000,0.44,15923.900005873293
13574,OK,50.900,0.44,15898.99999089539
13575,OK,81.400,0.44,15912.699978798628
13576,OK,72.500,0.44,15867.399983108044
13577,OK,67.300,0.44,15899.299993179739
13578,OK,65.000,0.44,15913.199982605875
13579,OK,76.700,0.44,15884.499996900558
13580,OK,48.700,0.44,15930.599998682737
13581,OK,67.900,0.44,15890.999988187104
13582,OK,68.000,0.44,15900.400001555681
13583,OK,72.000,0.44,15852.299984544516
13584,OK,54.100,0.44,15956.300019752234
13585,OK,53.200,0.44,15898.99999089539
13586,OK,51.600,0.44,15977.000002749264
13587,OK,53.600,0.44,15884.599997662008
13588,OK,136.000,0.44,15811.400022357702
13589,OK,100.900,0.44,15826.900023967028
13590,OK,66.700,0.44,15898.699988611042
13591,OK,63.500,0.44,15853.599994443357
13592,OK,55.200,0.44,15959.599986672401
13593,OK,48.900,0.44,15861.499996390194
13594,OK,81.100,0.44,15894.400014076382
13595,OK,51.900,0.44,15902.20001526177
13596,OK,49.900,0.44,15919.499972369522
13597,OK,55.300,0.44,15803.100017365068
13598,OK,46.800,0.44,16016.400011721998
13599,OK,65.700,0.44,15900.800004601479
13600,OK,46.200,0.44,15917.699958663434
13601,OK,72.300,0.44,15781.399968545884
13602,OK,59.300,0.44,15882.400039117783
13603,OK,101.400,0.44,15924.20000815764
13604,OK,78.000,0.44,15792.60005382821
13605,OK,83.500,0.44,15848.69995713234
13606,OK,68.300,0.44,15979.300020262599
13607,OK,50.300,0.44,15903.50002516061
13608,OK,59.000,0.44,15941.000019665807
13609,OK,63.200,0.44,15765.499963890761
13610,OK,52.000,0.44,15975.899994373322
13611,OK,77.300,0.44,15880.600025411695
13612,OK,50.400,0.44,15908.00000121817
13613,OK,54.100,0.44,15956.90002432093
13614,OK,52.800,0.44,15901.000006124377
13615,OK,49.100,0.44,15920.499979984015
13616,OK,52.500,0.44,15917.299955617636
13617,OK,66.700,0.44,15894.399955868721
13618,OK,82.400,0.44,15885.90000756085
13619,OK,47.300,0.44,15918.999968562275
13620,OK,51.800,0.44,15906.59999055788
13621,OK,62.100,0.44,15869.900002144277
13622,OK,61.000,0.44,15917.00001154095
13623,OK,53.000,0.44,15912.40003472194
13624,OK,60.200,0.44,15900.099999271333
13625,OK,60.400,0.44,15940.000012051314
13626,OK,69.300,0.44,15885.400003753603
13627,OK,60.300,0.44,15873.600030317903
13628,OK,47.400,0.44,15919.999976176769
13629,OK,47.600,0.44,15892.900002654642
13630,OK,46.300,0.44,15932.400012388825
13631,OK,47.500,0.44,15917.100012302399
13632,OK,47.000,0.44,15941.300021950155
13633,OK,51.100,0.44,15963.500016368926
13634,OK,55.800,0.44,15828.299976419657
13635,OK,62.700,0.44,15919.400029815733
13636,OK,63.900,0.44,15929.399989545345
13637,OK,54.600,0.44,15870.800008997321
13638,OK,66.600,0.44,15877.700003329664
13639,OK,49.500,0.44,15928.099979646504
13640,OK,55.300,0.44,15900.800004601479
13641,OK,50.300,0.44,15918.000019155443
13642,OK,54.200,0.44,15919.100027531385
13643,OK,96.600,0.44,15859.599981922656
13644,OK,49.000,0.44,15915.900003165007
13645,OK,61.400,0.44,15904.900035820901
13646,OK,56.400,0.44,15917.500015348196
13647,OK,66.200,0.44,15890.40004182607
13648,OK,63.900,0.44,15893.400006461889
13649,OK,48.000,0.44,15919.099969323725
13650,OK,52.300,0.44,15905.700041912496
13651,OK,47.900,0.44,15933.000016957521
13652,OK,66.600,0.44,15853.799995966256
13653,OK,88.800,0.44,15843.999979551882
13654,OK,81.300,0.44,15942.900034133345
13655,OK,69.100,0.44,15843.799978028983
13656,OK,66.600,0.44,15844.09998031333
13657,OK,54.200,0.44,15984.300000127405
13658,OK,70.100,0.44,15856.000012718141
13659,OK,68.900,0.44,15921.799989882857
13660,OK,69.200,0.44,15780.60002066195
13661,OK,50.000,0.44,15976.700000464916
13662,OK,53.400,0.44,15914.499992504716
13663,OK,57.300,0.44,15926.100022625178
13664,OK,56.700,0.44,15889.399976003915
13665,OK,57.300,0.44,15912.300033960491
13666,OK,53.800,0.44,15908.10000197962
13667,OK,58.800,0.44,15923.300001304597
13668,OK,60.500,0.44,15864.400018472224
13669,OK,55.400,0.44,15930.800000205636
13670,OK,53.400,0.44,15940.099954605103
13671,OK,72.200,0.44,15857.100021094084
13672,OK,73.100,0.44,15880.400023888797
13673,OK,70.400,0.44,15903.5999677144
13674,OK,55.200,0.44,15872.39996297285
13675,OK,53.200,0.44,15942.599973641336
13676,OK,54.400,0.44,15867.200039792806
13677,OK,67.400,0.44,15909.300011117011
13678,OK,55.800,0.44,15913.300041574985
13679,OK,80.900,0.44,15869.599999859929
13680,OK,58.600,0.44,15913.599985651672
13681,OK,54.400,0.44,15946.100000292063
13682,OK,57.100,0.44,15844.399982597679
13683,OK,53.300,0.44,15926.199965178967
13684,OK,53.300,0.44,15930.699999444187
13685,OK,71.500,0.44,15878.50000942126
13686,OK,76.600,0.44,15895.300020929426
13687,OK,65.100,0.44,15843.200031667948
13688,OK,67.200,0.44,15958.899981342256
13689,OK,52.500,0.44,15901.900012977421
13690,OK,56.800,0.44,15905.20003810525
13691,OK,51.600,0.44,15812.599973287433
13692,OK,60.600,0.44,15979.300020262599
13693,OK,73.500,0.44,15905.699983704835
13694,OK,54.600,0.44,15875.40004402399
13695,OK,53.600,0.44,15843.800036236644
13696,OK,58.200,0.44,15982.399985659868
13697,OK,61.200,0.44,15862.300002481788
13698,OK,53.800,0.44,15972.700028214604
13699,OK,72.600,0.44,15751.799975987524
13700,OK,53.500,0.44,16027.099976781756
13701,OK,63.100,0.44,15725.200006272644
13702,OK,79.100,0.44,15944.699989631772
13703,OK,62.100,0.44,15892.299998085946
13704,OK,94.300,0.44,15830.79999545589
13705,OK,73.600,0.44,15880.700026173145
13706,OK,70.300,0.44,15922.299993690103
13707,OK,57.200,0.44,15849.399962462485
13708,OK,53.400,0.44,15973.000030498952
13709,OK,57.000,0.44,15910.600021015853
13710,OK,54.200,0.44,15895.600023213774
13711,OK,52.900,0.44,15922.499995213002
13712,OK,53.900,0.44,15916.600008495152
13713,OK,70.900,0.44,15897.70003920421
13714,OK,66.300,0.44,15899.699996225536
13715,OK,55.600,0.44,15904.100029729307
13716,OK,52.800,0.44,15902.400016784668
13717,OK,50.900,0.44,15922.599995974451
13718,OK,70.100,0.44,15889.900038018823
13719,OK,57.500,0.44,15906.899992842227
13720,OK,55.000,0.44,15903.299965430051
13721,OK,58.500,0.44,15905.699983704835
13722,OK,62.400,0.44,15912.899980321527
13723,OK,68.300,0.44,15899.599995464087
13724,OK,51.500,0.44,15919.000026769936
13725,OK,52.900,0.44,15890.999988187104
13726,OK,62.000,0.44,15926.199965178967
13727,OK,73.900,0.44,15890.600043348968
13728,OK,59.400,0.44,15870.800008997321
13729,OK,70.100,0.44,15829.899988602847
13730,OK,57.600,0.44,15913.199982605875
13731,OK,105.200,0.44,15909.40001187846
13732,OK,53.600,0.44,15884.699998423457
13733,OK,51.900,0.44,15919.999976176769
13734,OK,51.800,0.44,15923.400002066046
13735,OK,58.000,0.44,15862.300002481788
13736,OK,54.700,0.44,15965.100028552115
13737,OK,60.200,0.44,15904.89997761324
13738,OK,54.200,0.44,15867.200039792806
13739,OK,93.300,0.44,15837.400045711547
13740,OK,80.000,0.44,15919.299970846623
13741,OK,90.400,0.44,15840.600011870265
13742,OK,75.900,0.44,15810.399956535548
13743,OK,69.200,0.44,15957.00002508238
13744,OK,55.200,0.44,15899.399993941188
13745,OK,61.200,0.44,15866.199973970652
13746,OK,72.700,0.44,15900.300000794232
13747,OK,53.800,0.44,15939.300006721169
13748,OK,50.300,0.44,15911.999973468482
13749,OK,54.500,0.44,15927.20003100112
13750,OK,52.500,0.44,15841.40001796186
13751,OK,55.300,0.44,15960.399992763996
13752,OK,56.700,0.44,15867.699985392392
13753,OK,58.900,0.44,15902.499959338456
13754,OK,71.900,0.44,15875.39998581633
13755,OK,73.200,0.44,15913.499984890223
13756,OK,90.900,0.44,15875.999990385026
13757,OK,70.000,0.44,15899.899997748435
13758,OK,57.700,0.44,15898.899990133941
13759,OK,58.900,0.44,15905.399981420487
13760,OK,61.700,0.44,15899.799996986985
13761,OK,55.500,0.44,15919.89997541532
13762,OK,63.500,0.44,15911.500027868897
13763,OK,61.900,0.44,15824.900008738041
13764,OK,56.800,0.44,15949.40002541989
13765,OK,53.100,0.44,15903.999970760196
13766,OK,57.800,0.44,15919.099969323725
13767,OK,53.600,0.44,15933.400020003319
13768,OK,76.500,0.44,15842.80002862215
13769,OK,105.000,0.44,15847.000002395362
13770,OK,70.000,0.44,15874.599979724735
13771,OK,58.000,0.44,15881.099971011281
13772,OK,54.700,0.44,15914.899995550513
13773,OK,56.400,0.44,15941.000019665807
13774,OK,52.300,0.44,15901.400009170175
13775,OK,66.000,0.44,15876.89999723807
13776,OK,50.900,0.44,15932.100010104477
13777,OK,78.300,0.44,15832.200006116182
13778,OK,67.500,0.44,15967.899991665035
13779,OK,73.500,0.44,16096.30003804341
13780,OK,99.000,0.44,15549.499948974699
13781,OK,66.200,0.44,15885.400003753603
13782,OK,118.500,0.44,15803.900023456663
13783,OK,94.300,0.44,15859.799983445555
13784,OK,79.300,0.44,15862.00000019744
13785,OK,95.000,0.44,15861.499996390194
13786,OK,70.700,0.44,15897.69998099655
13787,OK,89.200,0.44,15885.600005276501
13788,OK,68.400,0.44,15836.999984458089
13789,OK,84.500,0.44,15868.799993768334
13790,OK,88.500,0.44,15873.700031079352
13791,OK,74.500,0.44,15850.399970076978
13792,OK,85.700,0.44,15874.799981247634
13793,OK,85.000,0.44,15854.299999773502
13794,OK,61.000,0.44,15919.299970846623
13795,OK,90.500,0.44,15828.799980226904
13796,OK,51.800,0.44,15936.899988446385
13797,OK,95.500,0.44,15900.60000307858
13798,OK,67.600,0.44,15840.100008063018
13799,OK,71.400,0.44,15872.700023464859
13800,OK,62.900,0.44,15872.000018134713
13801,OK,54.300,0.44,16103.899979498237
13802,OK,154.100,0.44,15664.000005926937
13803,OK,71.700,0.44,15728.499973192811
13804,OK,66.300,0.44,15954.699949361384
13805,OK,53.300,0.44,15889.099973719567
13806,OK,72.200,0.44,15839.90000654012
13807,OK,76.500,0.44,15901.100006885827
13808,OK,75.100,0.44,15857.80002642423
13809,OK,49.700,0.44,15930.699999444187
13810,OK,70.300,0.44,15900.70000384003
13811,OK,67.100,0.44,15885.100001469254
13812,OK,49.700,0.44,15959.599986672401
13813,OK,55.000,0.44,15890.799986664206
13814,OK,53.900,0.44,15953.90000147745
13815,OK,55.500,0.44,15851.69997997582
13816,OK,54.500,0.44,15907.90000045672
13817,OK,57.800,0.44,15953.800000716
13818,OK,62.000,0.44,15896.10002702102
13819,OK,58.700,0.44,15868.799993768334
13820,OK,54.300,0.44,15904.199972283095
13821,OK,56.300,0.44,15914.199990220368
13822,OK,51.700,0.44,15885.8000067994
13823,OK,81.600,0.44,15873.89997439459
13824,OK,84.600,0.44,15877.600002568215
13825,OK,56.400,0.44,15854.7000028193
13826,OK,56.200,0.44,15891.90005324781
13827,OK,48.900,0.44,15901.800012215972
13828,OK,50.400,0.44,15943.799982778728
13829,OK,51.600,0.44,15940.50001585856
13830,OK,53.900,0.44,15911.700029391795
13831,OK,51.700,0.44,15877.099998760968
13832,OK,48.400,0.44,15920.699981506914
13833,OK,50.400,0.44,15882.199979387224
13834,OK,72.900,0.44,15995.899972040206
13835,OK,55.500,0.44,15874.200034886599
13836,OK,55.600,0.44,15928.79998497665
13837,OK,68.100,0.44,15892.399998847395
13838,OK,54.300,0.44,15906.39998903498
13839,OK,58.000,0.44,15896.400029305369
13840,OK,58.300,0.44,15917.700016871095
13841,OK,51.000,0.44,15901.200007647276
13842,OK,53.700,0.44,15908.300003502518
13843,OK,55.800,0.44,15901.100006885827
13844,OK,57.200,0.44,15900.60000307858
13845,OK,52.600,0.44,15932.100010104477
13846,OK,55.900,0.44,15893.30000570044
13847,OK,54.800,0.44,15916.600008495152
13848,OK,71.400,0.44,15888.999972958118
13849,OK,69.200,0.44,15891.499991994351
13850,OK,54.600,0.44,15881.100029218942
13851,OK,51.500,0.44,15901.100006885827
13852,OK,73.900,0.44,15862.599946558475
13853,OK,98.200,0.44,15835.800033528358
13854,OK,50.900,0.44,15877.500001806766
13855,OK,53.600,0.44,15922.099992167205
13856,OK,56.800,0.44,15891.999995801598
13857,OK,61.300,0.44,15903.200022876263
13858,OK,61.000,0.44,15994.200017303228
13859,OK,59.100,0.44,15820.59997599572
13860,OK,70.500,0.44,15876.89999723807
13861,OK,54.100,0.44,15904.800035059452
13862,OK,54.700,0.44,15907.299995888025
13863,OK,55.700,0.44,15952.699992340058
13864,OK,91.100,0.44,15832.100005354732
13865,OK,67.900,0.44,15876.699995715171
13866,OK,72.800,0.44,15922.399994451553
13867,OK,50.400,0.44,15844.599984120578
13868,OK,53.400,0.44,15943.999984301627
13869,OK,52.000,0.44,15905.700041912496
13870,OK,55.800,0.44,15908.800007309765
13871,OK,59.300,0.44,15902.00001373887
13872,OK,49.800,0.44,15958.40003574267
13873,OK,53.300,0.44,15918.100019916892
13874,OK,77.700,0.44,15872.000018134713
13875,OK,66.800,0.44,15871.700015850365
13876,OK,50.200,0.44,15877.099998760968
13877,OK,74.400,0.44,15955.600014422089
13878,OK,68.800,0.44,15898.99999089539
13879,OK,56.800,0.44,15892.099996563047
13880,OK,54.400,0.44,15922.79999749735
13881,OK,57.200,0.44,15850.800031330436
13882,OK,64.900,0.44,15899.599995464087
13883,OK,78.300,0.44,15881.600033026189
13884,OK,63.300,0.44,15934.400027617812
13885,OK,70.200,0.44,15833.500016015023
13886,OK,60.100,0.44,15913.200040813535
13887,OK,61.900,0.44,15893.500007223338
13888,OK,57.000,0.44,15885.100001469254
13889,OK,52.800,0.44,15896.799974143505
13890,OK,50.800,0.44,15927.09997203201
13891,OK,47.100,0.44,15916.400006972253
13892,OK,48.400,0.44,15928.80004318431
13893,OK,65.400,0.44,15959.300042595714
13894,OK,53.700,0.44,15808.199997991323
13895,OK,86.200,0.44,15937.59999377653
13896,OK,50.700,0.44,15910.89996509254
13897,OK,49.100,0.44,15922.400052659214
13898,OK,56.000,0.44,15859.899984207004
13899,OK,46.900,0.44,15964.600024744868
13900,OK,50.700,0.44,15924.100007396191
13901,OK,57.500,0.44,15787.79995907098
13902,OK,46.200,0.44,15976.09999589622
13903,OK,52.400,0.44,15891.199989710003
13904,OK,58.900,0.44,15967.399987857789
13905,OK,71.300,0.44,15841.899963561445
13906,OK,53.700,0.44,15891.299990471452
13907,OK,87.600,0.44,15947.000007145107
13908,OK,65.300,0.44,15834.00001982227
13909,OK,58.400,0.44,15950.399974826723
13910,OK,53.300,0.44,15865.699970163405
13911,OK,47.000,0.44,15973.700035829097
13912,OK,54.000,0.44,15895.700023975223
13913,OK,52.900,0.44,15846.599999349564
13914,OK,74.000,0.44,15880.300023127347
13915,OK,59.400,0.44,15931.200003251433
13916,OK,53.500,0.44,15953.90000147745
13917,OK,56.400,0.44,15860.299987252802
13918,OK,53.200,0.44,15959.399985149503
13919,OK,56.700,0.44,15865.999972447753
13920,OK,53.000,0.44,15901.800012215972
13921,OK,51.400,0.44,15909.800014924258
13922,OK,54.400,0.44,15890.500042587519
13923,OK,50.800,0.44,15910.99996585399
13924,OK,50.900,0.44,15895.299962721765
13925,OK,55.000,0.44,15979.300020262599
13926,OK,60.100,0.44,15896.600030828267
13927,OK,59.600,0.44,15849.899966269732
13928,OK,53.900,0.44,15906.39998903498
13929,OK,55.600,0.44,15903.899969998747
13930,OK,68.300,0.44,15910.000016447157
13931,OK,54.600,0.44,15916.200005449355
13932,OK,52.200,0.44,15987.700026016682
13933,OK,53.500,0.44,15814.200043678284
13934,OK,77.600,0.44,15882.79998395592
13935,OK,82.000,0.44,15915.29999859631
13936,OK,52.600,0.44,15911.200025584549
13937,OK,52.200,0.44,15919.199970085174
13938,OK,52.400,0.44,15922.599995974451
13939,OK,52.400,0.44,15922.499995213002
13940,OK,56.300,0.44,15912.40003472194
13941,OK,58.700,0.44,15896.499971859157
13942,OK,58.300,0.44,15902.599960099906
13943,OK,48.800,0.44,15923.699946142733
13944,OK,62.900,0.44,15846.099995542318
13945,OK,59.300,0.44,15898.699988611042
13946,OK,59.400,0.44,15923.900005873293
13947,OK,53.400,0.44,15868.999995291233
13948,OK,52.100,0.44,15929.699991829693
13949,OK,50.900,0.44,15848.600014578551
13950,OK,50.400,0.44,15974.100038874894
13951,OK,52.300,0.44,15876.199991907924
13952,OK,48.300,0.44,15895.600023213774
13953,OK,49.000,0.44,15929.299988783896
13954,OK,53.000,0.44,15949.799970258027
13955,OK,52.000,0.44,15913.499984890223
13956,OK,50.000,0.44,15883.799991570413
13957,OK,59.200,0.44,15940.800018142909
13958,OK,50.200,0.44,15835.800033528358
13959,OK,63.300,0.44,15916.80001001805
13960,OK,75.700,0.44,15848.999959416687
13961,OK,105.100,0.44,15849.299961701035
13962,OK,66.800,0.44,15913.99998869747
13963,OK,58.800,0.44,15907.399996649474
13964,OK,60.200,0.44,15903.999970760196
13965,OK,58.500,0.44,15908.299945294857
13966,OK,64.200,0.44,15939.00000443682
13967,OK,53.400,0.44,15879.400016274303
13968,OK,57.400,0.44,15921.19998531416
13969,OK,51.000,0.44,15955.900016706437
13970,OK,55.300,0.44,15878.30000789836
13971,OK,58.700,0.44,15899.299993179739
13972,OK,67.500,0.44,15890.29998285696
13973,OK,64.100,0.44,15923.200000543147
13974,OK,60.500,0.44,15910.399961285293
13975,OK,68.300,0.44,15899.499994702637
13976,OK,53.100,0.44,15847.400005441159
13977,OK,51.900,0.44,16141.500032972544
13978,OK,93.900,0.44,15620.199963450432
13979,OK,56.700,0.44,15911.1000248231
13980,OK,59.600,0.44,15895.199961960316
13981,OK,51.300,0.44,15908.500005025417
13982,OK,49.200,0.44,15935.799980070442
13983,OK,55.900,0.44,15926.700027193874
13984,OK,61.000,0.44,15853.299992159009
13985,OK,56.400,0.44,15891.499991994351
13986,OK,71.300,0.44,15851.799980737269
13987,OK,55.200,0.44,15982.500044628978
13988,OK,59.200,0.44,15905.599982943386
13989,OK,53.400,0.44,15910.100017208606
13990,OK,53.200,0.44,15918.39996399358
13991,OK,57.300,0.44,15911.200025584549
13992,OK,53.900,0.44,15910.499962046742
13993,OK,52.700,0.44,15915.199997834861
13994,OK,53.400,0.44,15855.000005103648
13995,OK,56.500,0.44,15907.799999695271
13996,OK,68.300,0.44,15933.900023810565
13997,OK,53.700,0.44,15873.299969825894
13998,OK,59.300,0.44,15928.299981169403
13999,OK,62.800,0.44,15890.499984379858
14000,OK,55.800,0.44,15876.599994953722
14001,OK,55.600,0.44,15756.80001405999
14002,OK,51.600,0.44,16007.700003683567
14003,OK,47.100,0.44,15871.500014327466
14004,OK,58.300,0.44,15908.899949863553
14005,OK,55.000,0.44,15936.09998235479
14006,OK,51.200,0.44,15881.40003150329
14007,OK,51.700,0.44,15873.400028795004
14008,OK,54.000,0.44,15988.899976946414
14009,OK,54.000,0.44,15927.40003252402
14010,OK,53.400,0.44,15827.700030058622
14011,OK,59.700,0.44,15936.600044369698
14012,OK,52.800,0.44,15954.999951645732
14013,OK,69.900,0.44,15895.100019406527
14014,OK,54.700,0.44,15854.7000028193
14015,OK,65.700,0.44,15888.90003040433
14016,OK,56.500,0.44,15906.400047242641
14017,OK,56.900,0.44,15864.800021518022
14018,OK,55.800,0.44,15909.599955193698
14019,OK,53.000,0.44,15910.699963569641
14020,OK,51.900,0.44,15897.399978712201
14021,OK,55.800,0.44,15928.200038615614
14022,OK,53.400,0.44,15907.299995888025
14023,OK,69.500,0.44,15907.599998172373
14024,OK,54.100,0.44,15908.600005786866
14025,OK,57.300,0.44,15889.099973719567
14026,OK,52.400,0.44,15939.600009005517
14027,OK,53.900,0.44,15893.500007223338
14028,OK,78.400,0.44,15913.399984128773
14029,OK,71.700,0.44,15891.899995040148
14030,OK,55.700,0.44,15915.29999859631
14031,OK,53.500,0.44,15891.199989710003
14032,OK,56.100,0.44,15921.999991405755
14033,OK,58.400,0.44,15835.899976082146
14034,OK,70.300,0.44,15848.799957893789
14035,OK,60.000,0.44,15967.799990903586
14036,OK,56.900,0.44,15891.899995040148
14037,OK,57.700,0.44,15905.899985227734
14038,OK,54.300,0.44,15867.599984630942
14039,OK,53.600,0.44,15953.399997670203
14040,OK,62.200,0.44,15896.299970336258
14041,OK,51.700,0.44,15963.600017130375
14042,OK,57.500,0.44,15765.099960844964
14043,OK,51.500,0.44,16001.600015442818
14044,OK,56.600,0.44,15915.39999935776
14045,OK,51.300,0.44,15906.59999055788
14046,OK,59.900,0.44,15881.19997177273
14047,OK,55.000,0.44,15954.100003000349
14048,OK,64.400,0.44,15871.899959165603
14049,OK,59.700,0.44,15924.899955280125
14050,OK,57.300,0.44,15888.400026597083
14051,OK,62.000,0.44,15918.600023724139
14052,OK,64.200,0.44,15859.599981922656
14053,OK,58.800,0.44,15919.600031338632
14054,OK,52.400,0.44,15908.500005025417
14055,OK,57.200,0.44,15906.799992080778
14056,OK,83.100,0.44,15885.90000756085
14057,OK,84.300,0.44,15944.299986585975
14058,OK,62.100,0.44,15815.799997653812
14059,OK,67.200,0.44,15981.400036253035
14060,OK,58.500,0.44,15820.500033441931
14061,OK,59.900,0.44,15915.199997834861
14062,OK,78.300,0.44,15847.500006202608
14063,OK,56.000,0.44,15964.100020937622
14064,OK,51.600,0.44,15924.900013487786
14065,OK,51.500,0.44,15909.700014162809
14066,OK,50.200,0.44,15915.800002403557
14067,OK,56.100,0.44,15893.600007984787
14068,OK,73.900,0.44,15908.500005025417
14069,OK,61.100,0.44,15825.300011783838
14070,OK,91.500,0.44,15890.799986664206
14071,OK,58.500,0.44,15890.699985902756
14072,OK,61.000,0.44,15911.300026345998
14073,OK,75.400,0.44,15829.699987079948
14074,OK,52.200,0.44,15987.600025255233
14075,OK,58.000,0.44,15893.999952822924
14076,OK,54.800,0.44,15859.699982684106
14077,OK,49.200,0.44,15910.299960523844
14078,OK,48.500,0.44,15973.999979905784
14079,OK,54.900,0.44,15911.099966615438
14080,OK,54.400,0.44,15901.600010693073
14081,OK,51.300,0.44,15863.60001238063
14082,OK,51.600,0.44,15929.799992591143
14083,OK,57.400,0.44,15898.099984042346
14084,OK,68.100,0.44,15869.39999833703
14085,OK,69.600,0.44,15896.199969574809
14086,OK,74.600,0.44,15927.999978885055
14087,OK,67.400,0.44,15880.800026934594
14088,OK,51.800,0.44,15880.999970249832
14089,OK,50.500,0.44,15971.099957823753
14090,OK,53.300,0.44,15929.799992591143
14091,OK,54.100,0.44,15873.099968302995
14092,OK,48.600,0.44,15965.899976436049
14093,OK,52.700,0.44,15870.500006712973
14094,OK,50.200,0.44,15917.700016871095
14095,OK,49.200,0.44,15924.20000815764
14096,OK,54.700,0.44,15923.800005111843
14097,OK,57.000,0.44,15936.19998311624
14098,OK,67.600,0.44,15906.59999055788
14099,OK,57.800,0.44,15855.799952987581
14100,OK,56.800,0.44,15897.69998099655
14101,OK,61.800,0.44,15792.699996381998
14102,OK,51.200,0.44,15942.300029564649
14103,OK,51.200,0.44,15911.399968899786
14104,OK,52.900,0.44,15846.299997065216
14105,OK,59.000,0.44,15950.499975588173
14106,OK,52.100,0.44,15900.400001555681
14107,OK,54.700,0.44,15918.499964755028
14108,OK,62.000,0.44,15878.800011705607
14109,OK,54.400,0.44,15924.900013487786
14110,OK,54.300,0.44,16045.80000275746
14111,OK,208.700,0.44,15546.800044830889
14112,OK,68.800,0.44,15888.500027358532
14113,OK,53.400,0.44,15857.199963647872
14114,OK,61.200,0.44,15962.300007231534
14115,OK,56.800,0.44,15919.299970846623
14116,OK,52.500,0.44,15835.599973797798
14117,OK,44.700,0.44,15969.400003086776
14118,OK,47.500,0.44,15946.50000333786
14119,OK,46.500,0.44,15899.599995464087
14120,OK,49.300,0.44,15967.399987857789
14121,OK,50.900,0.44,15879.899961873889
14122,OK,50.600,0.44,15910.79996433109
14123,OK,54.300,0.44,15933.600021526217
14124,OK,63.000,0.44,15921.699989121407
14125,OK,69.900,0.44,15902.900020591915
14126,OK,59.800,0.44,15889.199974481016
14127,OK,54.800,0.44,15835.000027436763
14128,OK,64.600,0.44,15946.900006383657
14129,OK,55.600,0.44,15895.499964244664
14130,OK,54.200,0.44,15931.900008581579
14131,OK,53.000,0.44,15904.599975328892
14132,OK,50.700,0.44,15947.800013236701
14133,OK,50.100,0.44,15891.999995801598
14134,OK,54.100,0.44,16168.199945241213
14135,OK,195.000,0.44,15425.999998115003
14136,OK,63.200,0.44,16010.500025004148
14137,OK,83.200,0.44,15772.200014907867
14138,OK,91.000,0.44,15857.899968978018
14139,OK,79.100,0.44,15782.09997387603
14140,OK,69.900,0.44,15919.69997389242
14141,OK,50.100,0.44,15958.100033458322
14142,OK,55.600,0.44,15890.899987425655
14143,OK,48.900,0.44,15863.200009334832
14144,OK,48.400,0.44,15913.100040052086
14145,OK,56.700,0.44,15875.300043262541
14146,OK,61.100,0.44,15908.10000197962
14147,OK,52.500,0.44,15902.999963145703
14148,OK,49.400,0.44,15927.699976600707
14149,OK,49.800,0.44,15935.299976263195
14150,OK,53.600,0.44,15898.899990133941
14151,OK,55.700,0.44,15860.799991060048
14152,OK,50.500,0.44,15936.2000413239
14153,OK,72.400,0.44,15906.099986750633
14154,OK,75.700,0.44,15894.60001559928
14155,OK,57.500,0.44,15877.099998760968
14156,OK,55.100,0.44,15961.29999961704
14157,OK,66.800,0.44,15852.400043513626
14158,OK,52.100,0.44,15967.799990903586
14159,OK,68.700,0.44,15867.199981585145
14160,OK,59.100,0.44,15918.50002296269
14161,OK,50.400,0.44,15844.499983359128
14162,OK,52.700,0.44,15907.299995888025
14163,OK,66.500,0.44,15879.300015512854
14164,OK,76.300,0.44,15892.800001893193
14165,OK,84.300,0.44,15950.400033034384
14166,OK,58.400,0.44,15911.300026345998
14167,OK,74.100,0.44,15865.600027609617
14168,OK,52.800,0.44,15919.199970085174
14169,OK,54.600,0.44,15922.8999982588
14170,OK,65.200,0.44,15836.099977605045
14171,OK,55.000,0.44,15945.800056215376
14172,OK,48.700,0.44,15935.700037516654
14173,OK,53.400,0.44,15884.30005358532
14174,OK,53.500,0.44,15914.399991743267
14175,OK,57.200,0.44,15885.200002230704
14176,OK,50.900,0.44,15955.30001213774
14177,OK,49.600,0.44,15855.900011956692
14178,OK,60.700,0.44,15962.90001180023
14179,OK,77.400,0.44,15894.49995663017
14180,OK,53.000,0.44,15922.79999749735
14181,OK,53.900,0.44,15909.900015685707
14182,OK,53.300,0.44,15910.600021015853
14183,OK,59.800,0.44,15883.999993093312
14184,OK,59.800,0.44,15881.600033026189
14185,OK,61.000,0.44,15919.199970085174
14186,OK,84.900,0.44,15865.10002380237
14187,OK,78.400,0.44,15864.199958741665
14188,OK,63.700,0.44,15871.00001052022
14189,OK,60.000,0.44,15939.600009005517
14190,OK,52.600,0.44,15814.199985470623
14191,OK,53.200,0.44,16002.80002458021
14192,OK,81.500,0.44,15854.099998250604
14193,OK,69.800,0.44,15933.000016957521
14194,OK,57.300,0.44,15836.700040381402
14195,OK,64.100,0.44,15996.100031770766
14196,OK,61.900,0.44,15853.499993681908
14197,OK,51.100,0.44,15913.599985651672
14198,OK,52.900,0.44,15851.400035899132
14199,OK,45.000,0.44,15983.199991751462
14200,OK,52.200,0.44,15918.900026008487
14201,OK,56.000,0.44,15818.199957720935
14202,OK,62.800,0.44,15928.400040138513
14203,OK,47.900,0.44,15943.800040986389
14204,OK,65.000,0.44,15906.199987512082
14205,OK,79.200,0.44,15885.600005276501
14206,OK,59.700,0.44,15838.499995879829
14207,OK,75.100,0.44,15908.899949863553
14208,OK,55.600,0.44,15862.200001720339
14209,OK,55.800,0.44,15921.499987598509
14210,OK,56.300,0.44,15919.90003362298
14211,OK,54.000,0.44,15903.199964668602
14212,OK,51.900,0.44,15926.299965940416
14213,OK,48.400,0.44,15907.499997410923
14214,OK,51.800,0.44,15865.499968640506
14215,OK,55.200,0.44,15880.199964158237
14216,OK,49.600,0.44,15959.400043357164
14217,OK,49.700,0.44,15918.19996247068
14218,OK,47.700,0.44,15930.699999444187
14219,OK,70.100,0.44,15908.700006548315
14220,OK,44.400,0.44,15883.00004368648
14221,OK,78.500,0.44,15859.600040130317
14222,OK,71.700,0.44,15926.999971270561
14223,OK,66.100,0.44,15897.5999802351
14224,OK,49.900,0.44,15907.199995126575
14225,OK,48.800,0.44,15834.899968467653
14226,OK,62.400,0.44,16027.099976781756
14227,OK,55.700,0.44,15861.499996390194
14228,OK,57.400,0.44,15975.299989804626
14229,OK,59.900,0.44,15803.200018126518
14230,OK,47.200,0.44,15969.700005371124
14231,OK,59.200,0.44,15924.19994994998
14232,OK,47.500,0.44,15913.200040813535
14233,OK,53.600,0.44,15918.19996247068
14234,OK,66.200,0.44,15932.400012388825
14235,OK,53.300,0.44,15863.400010857731
14236,OK,58.100,0.44,15925.90002110228
14237,OK,58.400,0.44,15888.600028119981
14238,OK,55.000,0.44,15915.099997073412
14239,OK,58.800,0.44,15876.000048592687
14240,OK,83.100,0.44,15846.299997065216
14241,OK,65.400,0.44,15944.200044032186
14242,OK,74.200,0.44,15861.399995628744
14243,OK,56.800,0.44,15897.899982519448
14244,OK,65.400,0.44,15869.900002144277
14245,OK,64.700,0.44,15891.499991994351
14246,OK,58.100,0.44,15896.400029305369
14247,OK,48.000,0.44,15916.599950287491
14248,OK,69.600,0.44,15888.300025835633
14249,OK,65.500,0.44,15911.200025584549
14250,OK,71.800,0.44,15924.000006634742
14251,OK,50.400,0.44,15906.299988273531
14252,OK,59.400,0.44,15917.400014586747
14253,OK,54.500,0.44,15894.699958153069
14254,OK,59.700,0.44,15916.300006210804
14255,OK,76.500,0.44,15875.999990385026
14256,OK,62.100,0.44,15909.800014924258
14257,OK,83.100,0.44,15880.000020843
14258,OK,62.400,0.44,15890.900045633316
14259,OK,55.200,0.44,15871.400013566017
14260,OK,55.600,0.44,15913.199982605875
14261,OK,63.000,0.44,15939.400007482618
14262,OK,74.600,0.44,15881.50003226474
14263,OK,52.800,0.44,15893.600007984787
14264,OK,59.100,0.44,15906.299988273531
14265,OK,73.800,0.44,15931.200003251433
14266,OK,63.700,0.44,15794.00000628084
14267,OK,57.700,0.44,15991.599997505546
14268,OK,50.600,0.44,15888.59996991232
14269,OK,49.100,0.44,15922.299993690103
14270,OK,60.100,0.44,15912.50003548339
14271,OK,51.100,0.44,15912.49997727573
14272,OK,52.400,0.44,15906.200045719743
14273,OK,61.200,0.44,15863.800013903528
14274,OK,54.600,0.44,15919.099969323725
14275,OK,70.900,0.44,15886.200009845197
14276,OK,70.600,0.44,15856.700018048286
14277,OK,72.300,0.44,15900.400001555681
14278,OK,62.900,0.44,15921.19998531416
14279,OK,62.900,0.44,15900.60000307858
14280,OK,56.700,0.44,15908.300003502518
14281,OK,56.500,0.44,15902.400016784668
14282,OK,59.200,0.44,15899.399993941188
14283,OK,55.000,0.44,15916.300006210804
14284,OK,57.100,0.44,15901.000006124377
14285,OK,70.300,0.44,15961.600001901388
14286,OK,71.400,0.44,15874.499978963286
14287,OK,71.800,0.44,15874.899982009083
14288,OK,69.000,0.44,15900.50000231713
14289,OK,55.100,0.44,15895.100019406527
14290,OK,51.100,0.44,15910.600021015853
14291,OK,75.100,0.44,15881.19997177273
14292,OK,53.800,0.44,16008.100006729364
14293,OK,55.100,0.44,15814.999991562217
14294,OK,51.400,0.44,15920.099976938218
14295,OK,57.900,0.44,15930.29999639839
14296,OK,66.600,0.44,15846.800000872463
14297,OK,57.900,0.44,15898.699988611042
14298,OK,81.400,0.44,15838.29999435693
14299,OK,59.700,0.44,15886.800014413893
14300,OK,71.400,0.44,15931.999951135367
14301,OK,76.500,0.44,15763.700008392334
14302,OK,52.200,0.44,15931.999951135367
14303,OK,69.000,0.44,15880.799968726933
14304,OK,64.300,0.44,15950.300032272935
14305,OK,52.000,0.44,15910.199959762394
14306,OK,61.400,0.44,15894.80001712218
14307,OK,51.700,0.44,15905.09997913614
14308,OK,51.800,0.44,15897.500037681311
14309,OK,64.800,0.44,15907.599998172373
14310,OK,52.800,0.44,15889.199974481016
14311,OK,51.400,0.44,15909.200010355562
14312,OK,47.600,0.44,15967.19998633489
14313,OK,53.000,0.44,15886.800014413893
14314,OK,54.500,0.44,15903.300023637712
14315,OK,55.800,0.44,15910.399961285293
14316,OK,60.500,0.44,15926.599968224764
14317,OK,96.100,0.44,15867.800044361502
14318,OK,65.400,0.44,15895.000018645078
14319,OK,53.100,0.44,15905.599982943386
14320,OK,52.300,0.44,15916.400006972253
14321,OK,51.400,0.44,15920.800040476024
14322,OK,53.400,0.44,15895.799966529012
14323,OK,58.200,0.44,15905.699983704835
14324,OK,57.100,0.44,15912.300033960491
14325,OK,51.900,0.44,15882.499981671572
14326,OK,54.800,0.44,15876.399993430823
14327,OK,55.800,0.44,15962.500008754432
14328,OK,53.300,0.44,15967.399987857789
14329,OK,69.100,0.44,15850.30002752319
14330,OK,64.200,0.44,15986.000013072044
14331,OK,52.900,0.44,15836.600039619952
14332,OK,51.900,0.44,15918.200020678341
14333,OK,51.900,0.44,15921.799989882857
14334,OK,65.900,0.44,15897.099976427853
14335,OK,50.100,0.44,15920.699981506914
14336,OK,53.000,0.44,15890.000038780272
14337,OK,61.500,0.44,15847.999951802194
14338,OK,59.700,0.44,15889.199974481016
14339,OK,52.200,0.44,15935.199975501746
14340,OK,59.800,0.44,15909.40001187846
14341,OK,56.400,0.44,15902.10001450032
14342,OK,109.100,0.44,15799.499989952892
14343,OK,56.300,0.44,15918.29996323213
14344,OK,77.900,0.44,15802.600013557822
14345,OK,69.200,0.44,15940.899960696697
14346,OK,51.500,0.44,15829.29998403415
14347,OK,61.700,0.44,15896.699973382056
14348,OK,51.500,0.44,15910.800022538751
14349,OK,57.700,0.44,15910.299960523844
14350,OK,54.300,0.44,15911.099966615438
14351,OK,59.700,0.44,15902.500017546117
14352,OK,55.500,0.44,15897.69998099655
14353,OK,44.700,0.44,15935.499977786094
14354,OK,53.600,0.44,15951.799985487014
14355,OK,75.200,0.44,15899.899997748435
14356,OK,75.600,0.44,15876.599994953722
14357,OK,53.800,0.44,15908.900008071214
14358,OK,49.800,0.44,15907.199995126575
14359,OK,58.100,0.44,15928.80004318431
14360,OK,55.400,0.44,15883.999993093312
14361,OK,58.100,0.44,15891.69999351725
14362,OK,48.400,0.44,15925.79996213317
14363,OK,70.900,0.44,15884.799999184906
14364,OK,56.400,0.44,15935.599978547543
14365,OK,63.400,0.44,15906.199987512082
14366,OK,53.800,0.44,15850.499970838428
14367,OK,65.100,0.44,15845.999994780868
14368,OK,72.400,0.44,15891.399991232902
14369,OK,51.500,0.44,15903.5999677144
14370,OK,52.100,0.44,16001.29995495081
14371,OK,68.100,0.44,15851.299976930022
14372,OK,61.900,0.44,15922.299993690103
14373,OK,54.800,0.44,15911.199967376888
14374,OK,60.000,0.44,15912.799979560077
14375,OK,59.700,0.44,15907.399996649474
14376,OK,57.100,0.44,15899.899997748435
14377,OK,52.400,0.44,15867.799986153841
14378,OK,52.400,0.44,15943.59998125583
14379,OK,60.800,0.44,15870.100003667176
14380,OK,69.200,0.44,15913.500043097883
14381,OK,59.900,0.44,15919.499972369522
14382,OK,52.800,0.44,15913.89998793602
14383,OK,69.900,0.44,15894.100011792034
14384,OK,76.800,0.44,15889.900038018823
14385,OK,63.100,0.44,15848.600014578551
14386,OK,51.700,0.44,15929.799992591143
14387,OK,49.900,0.44,15915.800002403557
14388,OK,55.200,0.44,15862.00000019744
14389,OK,52.500,0.44,15951.399982441217
14390,OK,51.800,0.44,15915.099997073412
14391,OK,51.900,0.44,15939.600009005517
14392,OK,51.000,0.44,15899.999998509884
14393,OK,58.800,0.44,15902.899962384254
14394,OK,49.500,0.44,15981.799981091172
14395,OK,57.100,0.44,15900.60000307858
14396,OK,73.100,0.44,15886.100009083748
14397,OK,72.400,0.44,15843.499975744635
14398,OK,64.100,0.44,15920.999983791262
14399,OK,68.700,0.44,15888.69997067377
14400,OK,53.600,0.44,15920.799982268363
14401,OK,54.700,0.44,15859.09997811541
14402,OK,51.300,0.44,15821.199980564415
14403,OK,60.200,0.44,15921.29998607561
14404,OK,75.700,0.44,15847.30000467971
14405,OK,75.100,0.44,15955.700015183538
14406,OK,65.000,0.44,15905.00003658235
14407,OK,58.900,0.44,15911.00002406165
14408,OK,58.300,0.44,15808.500000275671
14409,OK,56.800,0.44,16023.70000910014
14410,OK,63.300,0.44,15892.499999608845
14411,OK,69.000,0.44,15903.49996695295
14412,OK,48.600,0.44,15795.40001694113
14413,OK,48.600,0.44,15989.39998075366
14414,OK,55.400,0.44,15918.50002296269
14415,OK,78.900,0.44,15881.899977102876
14416,OK,61.300,0.44,15900.200000032783
14417,OK,52.100,0.44,15901.100006885827
14418,OK,56.200,0.44,15906.199987512082
14419,OK,58.700,0.44,15901.400009170175
14420,OK,48.500,0.44,15915.50000011921
14421,OK,47.900,0.44,15942.199970595539
14422,OK,50.500,0.44,15908.400004263967
14423,OK,51.500,0.44,15908.200002741069
14424,OK,52.300,0.44,15934.199967887253
14425,OK,70.700,0.44,15888.499969150871
14426,OK,67.200,0.44,15901.699953246862
14427,OK,52.800,0.44,15893.900010269135
14428,OK,51.900,0.44,15919.80003286153
14429,OK,52.700,0.44,15907.399996649474
14430,OK,53.100,0.44,15908.200002741069
14431,OK,56.500,0.44,15901.400009170175
14432,OK,50.100,0.44,15899.399993941188
14433,OK,54.800,0.44,15922.79999749735
14434,OK,52.300,0.44,15909.60001340136
14435,OK,53.500,0.44,15908.900008071214
14436,OK,53.000,0.44,15900.099999271333
14437,OK,67.100,0.44,15885.600005276501
14438,OK,65.500,0.44,15869.099996052682
14439,OK,70.200,0.44,15876.299992669374
14440,OK,59.900,0.44,15961.500001139939
14441,OK,54.700,0.44,15903.50002516061
14442,OK,53.300,0.44,15849.300019908696
14443,OK,53.600,0.44,15910.600021015853
14444,OK,78.800,0.44,15828.700037673116
14445,OK,63.600,0.44,15948.199958074838
14446,OK,59.600,0.44,15873.500029556453
14447,OK,56.200,0.44,15898.099984042346
14448,OK,51.200,0.44,15914.699994027615
14449,OK,59.000,0.44,15907.599998172373
14450,OK,52.000,0.44,15918.19996247068
14451,OK,57.300,0.44,15921.799989882857
14452,OK,54.100,0.44,15911.200025584549
14453,OK,75.300,0.44,15905.09997913614
14454,OK,61.400,0.44,15913.79998717457
14455,OK,61.700,0.44,15871.800016611814
14456,OK,64.400,0.44,15931.60000629723
14457,OK,65.500,0.44,15870.800008997321
14458,OK,53.600,0.44,15919.600031338632
14459,OK,57.500,0.44,15884.000051300973
14460,OK,53.000,0.44,15940.59995841235
14461,OK,53.300,0.44,15904.100029729307
14462,OK,57.700,0.44,15911.599970422685
14463,OK,53.900,0.44,15865.799970924854
14464,OK,50.500,0.44,15958.499978296459
14465,OK,64.400,0.44,15895.200020167977
14466,OK,72.000,0.44,15906.300046481192
14467,OK,58.200,0.44,15810.900018550456
14468,OK,71.300,0.44,15963.100013323128
14469,OK,61.600,0.44,15897.69998099655
14470,OK,59.000,0.44,15805.500035639852
14471,OK,57.600,0.44,15978.699957486242
14472,OK,55.100,0.44,15910.099959000945
14473,OK,51.300,0.44,15931.100002489984
14474,OK,61.100,0.44,15902.600018307567
14475,OK,61.400,0.44,15897.500037681311
14476,OK,52.800,0.44,15864.300017710775
14477,OK,55.400,0.44,15896.599972620606
14478,OK,54.700,0.44,15905.499982181937
14479,OK,58.000,0.44,15955.000009853393
14480,OK,74.900,0.44,15884.699998423457
14481,OK,58.900,0.44,15906.099986750633
14482,OK,51.300,0.44,15810.999961104244
14483,OK,70.600,0.44,15988.700033631176
14484,OK,57.500,0.44,15880.200022365898
14485,OK,48.300,0.44,15955.700015183538
14486,OK,62.200,0.44,15767.30003580451
14487,OK,52.200,0.44,16021.299990825355
14488,OK,51.900,0.44,15905.899985227734
14489,OK,55.200,0.44,15911.999973468482
14490,OK,50.100,0.44,15798.50004054606
14491,OK,50.600,0.44,16042.200033552945
14492,OK,50.700,0.44,15908.200002741069
14493,OK,60.700,0.44,15900.50000231713
14494,OK,66.300,0.44,15827.500028535724
14495,OK,53.500,0.44,15949.000022374094
14496,OK,61.500,0.44,15966.799983289093
14497,OK,51.000,0.44,15876.89999723807
14498,OK,50.300,0.44,15937.399992253631
14499,OK,49.900,0.44,15926.500025670975
14500,OK,49.900,0.44,15909.40001187846
14501,OK,53.300,0.44,15948.599961120635
14502,OK,164.300,0.44,15566.400019451976
14503,OK,56.400,0.44,15913.700044620782
14504,OK,59.600,0.44,15878.50000942126
14505,OK,54.500,0.44,15921.499987598509
14506,OK,69.100,0.44,15894.100011792034
14507,OK,62.300,0.44,15900.200000032783
14508,OK,67.900,0.44,15901.500009931624
14509,OK,53.800,0.44,15920.799982268363
14510,OK,56.400,0.44,15858.499973546714
14511,OK,74.000,0.44,15901.300008408725
14512,OK,53.800,0.44,15916.9000107795
14513,OK,56.400,0.44,15957.600029651076
14514,OK,61.000,0.44,15844.699984882027
14515,OK,52.700,0.44,15959.000040311366
14516,OK,51.900,0.44,15839.80000577867
14517,OK,60.900,0.44,15911.00002406165
14518,OK,54.400,0.44,15980.199968907982
14519,OK,49.600,0.44,15823.49999807775
14520,OK,50.600,0.44,15965.999977197498
14521,OK,50.600,0.44,15829.3999847956
14522,OK,48.700,0.44,15988.600032869726
14523,OK,74.500,0.44,15885.8000067994
14524,OK,49.200,0.44,15924.40000968054
14525,OK,54.200,0.44,15890.29998285696
14526,OK,51.900,0.44,15933.400020003319
14527,OK,68.400,0.44,15891.5999927558
14528,OK,48.300,0.44,15918.799967039376
14529,OK,49.000,0.44,15892.499999608845
14530,OK,50.300,0.44,15914.799994789064
14531,OK,63.300,0.44,15978.900017216802
14532,OK,50.200,0.44,15943.099977448583
14533,OK,63.600,0.44,16110.900032799691
14534,OK,162.700,0.44,15509.099990595132
14535,OK,56.300,0.44,15906.59999055788
14536,OK,73.200,0.44,15906.50004800409
14537,OK,52.900,0.44,15907.799999695271
14538,OK,60.200,0.44,15894.199954345822
14539,OK,54.900,0.44,15897.899982519448
14540,OK,56.600,0.44,15807.599993422627
14541,OK,74.300,0.44,15908.200002741069
14542,OK,63.300,0.44,15868.499991483986
14543,OK,55.800,0.44,15940.199955366552
14544,OK,56.500,0.44,15911.199967376888
14545,OK,59.000,0.44,15906.49998979643
14546,OK,80.700,0.44,15863.400010857731
14547,OK,55.600,0.44,16000.200004782528
14548,OK,76.800,0.44,15741.600014735013
14549,OK,59.600,0.44,15906.39998903498
14550,OK,62.900,0.44,15891.899995040148
14551,OK,61.200,0.44,15906.49998979643
14552,OK,53.700,0.44,15844.700043089688
14553,OK,46.800,0.44,15957.500028889626
14554,OK,61.600,0.44,15924.20000815764
14555,OK,51.500,0.44,15905.09997913614
14556,OK,59.600,0.44,15872.50002194196
14557,OK,52.200,0.44,15928.499982692301
14558,OK,52.600,0.44,15933.899965602905
14559,OK,58.700,0.44,15873.599972110242
14560,OK,60.200,0.44,15900.900005362928
14561,OK,60.900,0.44,15884.099993854761
14562,OK,63.100,0.44,15951.599983964115
14563,OK,60.100,0.44,15922.6999967359
14564,OK,58.100,0.44,15801.900008227676
14565,OK,67.800,0.44,15959.099982865155
14566,OK,58.100,0.44,15869.800001382828
14567,OK,62.000,0.44,15873.299969825894
14568,OK,66.100,0.44,15873.100026510656
14569,OK,47.500,0.44,15970.900014508516
14570,OK,54.800,0.44,15864.900022279471
14571,OK,61.000,0.44,15955.50001366064
14572,OK,52.000,0.44,15853.500051889569
14573,OK,51.700,0.44,15946.999948937446
14574,OK,50.900,0.44,15926.699968986213
14575,OK,67.700,0.44,15886.899956967682
14576,OK,67.300,0.44,15976.000053342432
14577,OK,61.100,0.44,15875.799988862127
14578,OK,49.800,0.44,15938.399999868125
14579,OK,53.400,0.44,15881.999977864325
14580,OK,57.900,0.44,15890.800044871867
14581,OK,59.600,0.44,15939.00000443682
14582,OK,57.700,0.44,15843.499975744635
14583,OK,52.400,0.44,15909.300011117011
14584,OK,61.800,0.44,15929.499990306795
14585,OK,58.900,0.44,15900.70000384003
14586,OK,57.900,0.44,15899.09999165684
14587,OK,76.300,0.44,15880.800026934594
14588,OK,53.100,0.44,15928.199980407953
14589,OK,50.100,0.44,15894.399955868721
14590,OK,90.200,0.44,15872.40002118051
14591,OK,69.600,0.44,15881.700033787638
14592,OK,63.000,0.44,15939.600009005517
14593,OK,51.300,0.44,15917.600016109645
14594,OK,57.400,0.44,15912.099974229932
14595,OK,55.700,0.44,15930.29999639839
14596,OK,53.800,0.44,15872.699965257198
14597,OK,55.600,0.44,15932.100010104477
14598,OK,59.900,0.44,15921.700047329068
14599,OK,53.200,0.44,15899.699996225536
14600,OK,49.300,0.44,15920.200035907328
14601,OK,54.800,0.44,15768.999990541488
14602,OK,48.300,0.44,15969.100000802428
14603,OK,73.800,0.44,15844.899986404926
14604,OK,68.700,0.44,15910.299960523844
14605,OK,59.500,0.44,15893.599949777126
14606,OK,51.900,0.44,15907.399996649474
14607,OK,57.100,0.44,15875.300043262541
14608,OK,58.600,0.44,16018.399968743324
14609,OK,77.000,0.44,15840.800013393164
14610,OK,57.600,0.44,15903.70002668351
14611,OK,55.500,0.44,15915.39999935776
14612,OK,59.600,0.44,15895.099961198866
14613,OK,54.400,0.44,15911.900030914694
14614,OK,56.000,0.44,15862.10000095889
14615,OK,54.900,0.44,15960.699995048344
14616,OK,66.300,0.44,15908.10000197962
14617,OK,69.100,0.44,15892.199997324497
14618,OK,47.400,0.44,15928.899985738099
14619,OK,53.500,0.44,15910.700021777302
14620,OK,55.100,0.44,15911.200025584549
14621,OK,56.900,0.44,15875.40004402399
14622,OK,66.400,0.44,15898.499987088144
14623,OK,53.600,0.44,15874.999982770532
14624,OK,53.700,0.44,15954.100003000349
14625,OK,53.900,0.44,15906.199987512082
14626,OK,53.400,0.44,15888.799971435219
14627,OK,46.700,0.44,15944.499988108873
14628,OK,48.600,0.44,15866.799978539348
14629,OK,44.600,0.44,15974.999987520278
14630,OK,57.800,0.44,15822.999994270504
14631,OK,48.100,0.44,15978.200011886656
14632,OK,65.300,0.44,15890.600043348968
14633,OK,45.700,0.44,15937.59999377653
14634,OK,61.700,0.44,15864.300017710775
14635,OK,65.600,0.44,15972.699970006943
14636,OK,50.900,0.44,15912.799979560077
14637,OK,54.900,0.44,15965.69997491315
14638,OK,59.500,0.44,15887.599962297827
14639,OK,65.800,0.44,15904.499974567443
14640,OK,55.500,0.44,15885.100001469254
14641,OK,57.800,0.44,15928.6999842152
14642,OK,56.100,0.44,15894.80001712218
14643,OK,54.200,0.44,15882.599982433021
14644,OK,55.600,0.44,15963.699959684163
14645,OK,55.100,0.44,15855.200006626546
14646,OK,48.900,0.44,15890.20004030317
14647,OK,63.200,0.44,15898.199984803796
14648,OK,63.600,0.44,15851.80003894493
14649,OK,55.300,0.44,16010.700026527047
14650,OK,73.000,0.44,15840.000007301569
14651,OK,54.000,0.44,15926.600026432425
14652,OK,62.700,0.44,15819.800028111786
14653,OK,56.300,0.44,15995.29996747151
14654,OK,58.400,0.44,15920.699981506914
14655,OK,81.400,0.44,15837.199985980988
14656,OK,71.700,0.44,15896.599972620606
14657,OK,58.500,0.44,15912.100032437593
14658,OK,69.700,0.44,15894.799958914518
14659,OK,53.200,0.44,15911.600028630346
14660,OK,56.000,0.44,15873.000025749207
14661,OK,53.400,0.44,15934.100025333464
14662,OK,53.100,0.44,15902.700019069016
14663,OK,74.900,0.44,15876.300050877035
14664,OK,53.500,0.44,15875.499986577779
14665,OK,57.500,0.44,16016.600013244897
14666,OK,96.300,0.44,15779.700013808906
14667,OK,52.600,0.44,15904.89997761324
14668,OK,57.600,0.44,15891.899995040148
14669,OK,52.400,0.44,15823.800000362098
14670,OK,59.300,0.44,15998.199989553541
14671,OK,76.200,0.44,15902.00001373887
14672,OK,62.600,0.44,15833.100012969226
14673,OK,89.500,0.44,15835.700032766908
14674,OK,79.500,0.44,15881.000028457493
14675,OK,67.900,0.44,15934.000024572015
14676,OK,67.600,0.44,15933.10001771897
14677,OK,50.800,0.44,15918.100019916892
14678,OK,53.900,0.44,15909.200010355562
14679,OK,54.500,0.44,15898.899990133941
14680,OK,60.100,0.44,15915.700001642108
14681,OK,56.000,0.44,15873.999975156039
14682,OK,61.700,0.44,15934.300026856363
14683,OK,61.300,0.44,15849.399962462485
14684,OK,58.700,0.44,15972.700028214604
14685,OK,73.800,0.44,15875.29998505488
14686,OK,64.200,0.44,15927.900036331266
14687,OK,54.700,0.44,15910.500020254403
14688,OK,56.600,0.44,15901.400009170175
14689,OK,58.200,0.44,15905.500040389597
14690,OK,55.500,0.44,15907.199995126575
14691,OK,53.700,0.44,15918.200020678341
14692,OK,54.300,0.44,15877.500001806766
14693,OK,54.700,0.44,15905.399981420487
14694,OK,55.100,0.44,15905.899985227734
14695,OK,56.800,0.44,15918.000019155443
14696,OK,53.800,0.44,15917.500015348196
14697,OK,74.400,0.44,15814.299986232072
14698,OK,51.100,0.44,15905.799984466285
14699,OK,64.400,0.44,15962.199948262423
14700,OK,57.100,0.44,15902.799961622804
14701,OK,59.700,0.44,15796.90002836287
14702,OK,57.200,0.44,15914.099989458919
14703,OK,56.000,0.44,15901.900012977421
14704,OK,59.200,0.44,15845.999994780868
14705,OK,54.800,0.44,15916.9000107795
14706,OK,56.700,0.44,15962.90001180023
14707,OK,59.900,0.44,15910.700021777302
14708,OK,69.800,0.44,15823.199995793402
14709,OK,60.400,0.44,15919.600031338632
14710,OK,61.400,0.44,15894.199954345822
14711,OK,51.900,0.44,15913.199982605875
14712,OK,51.000,0.44,15871.200012043118
14713,OK,46.600,0.44,15999.199997168034
14714,OK,48.600,0.44,15924.799954518676
14715,OK,47.800,0.44,15919.700032100081
14716,OK,52.300,0.44,15842.899971175939
14717,OK,49.000,0.44,15954.500006046146
14718,OK,55.200,0.44,15916.999953333288
14719,OK,56.500,0.44,15898.599987849593
14720,OK,53.300,0.44,15882.500039879233
14721,OK,53.400,0.44,15926.400024909526
14722,OK,51.000,0.44,15968.79999851808
14723,OK,56.500,0.44,15864.99996483326
14724,OK,51.500,0.44,15909.999958239496
14725,OK,50.600,0.44,15935.399977024645
14726,OK,63.200,0.44,15904.89997761324
14727,OK,70.600,0.44,15952.300047501922
14728,OK,52.200,0.44,15869.299997575581
14729,OK,50.600,0.44,15901.300008408725
14730,OK,56.000,0.44,15971.80002136156
14731,OK,60.700,0.44,15853.499993681908
14732,OK,55.500,0.44,15916.200005449355
14733,OK,56.000,0.44,15899.999998509884
14734,OK,50.500,0.44,15899.899997748435
14735,OK,49.500,0.44,15969.900006894022
14736,OK,79.600,0.44,15855.900011956692
14737,OK,50.600,0.44,15924.699953757226
14738,OK,53.200,0.44,15897.899982519448
14739,OK,53.400,0.44,15906.899992842227
14740,OK,64.000,0.44,15912.000031676143
14741,OK,48.200,0.44,15902.399958577007
14742,OK,49.500,0.44,15917.199954856187
14743,OK,51.400,0.44,15927.599975839257
14744,OK,60.900,0.44,15860.4999887757
14745,OK,55.500,0.44,15957.600029651076
14746,OK,52.400,0.44,15845.500049181283
14747,OK,59.000,0.44,15974.999987520278
14748,OK,56.100,0.44,15840.200008824468
14749,OK,73.500,0.44,15736.0999728553
14750,OK,58.900,0.44,15898.699988611042
14751,OK,96.300,0.44,15785.399999003857
14752,OK,66.400,0.44,15953.599999193102
14753,OK,92.000,0.44,15886.900015175343
14754,OK,54.100,0.44,15845.499990973622
14755,OK,60.200,0.44,15891.199989710003
14756,OK,75.300,0.44,15917.800017632544
14757,OK,53.400,0.44,15906.39998903498
14758,OK,56.300,0.44,15911.00002406165
14759,OK,60.600,0.44,15860.299987252802
14760,OK,55.900,0.44,15949.000022374094
14761,OK,53.600,0.44,15941.800025757402
14762,OK,57.800,0.44,15919.100027531385
14763,OK,57.500,0.44,15915.800002403557
14764,OK,48.800,0.44,15875.099983531982
14765,OK,62.900,0.44,15879.200014751405
14766,OK,56.000,0.44,15960.299992002547
14767,OK,54.700,0.44,15854.60000205785
14768,OK,53.700,0.44,15919.700032100081
14769,OK,58.700,0.44,15907.199995126575
14770,OK,57.900,0.44,15889.200032688677
14771,OK,61.800,0.44,15862.10000095889
14772,OK,52.300,0.44,15949.29996645078
14773,OK,51.300,0.44,15902.599960099906
14774,OK,60.400,0.44,15881.000028457493
14775,OK,54.000,0.44,15933.699964080006
14776,OK,64.100,0.44,15864.89996407181
14777,OK,52.300,0.44,15928.400040138513
14778,OK,53.400,0.44,15970.30000993982
14779,OK,52.100,0.44,15921.099984552711
14780,OK,56.800,0.44,15901.000006124377
14781,OK,66.500,0.44,15908.900008071214
14782,OK,52.900,0.44,15916.600008495152
14783,OK,51.900,0.44,15865.800029132515
14784,OK,51.700,0.44,15926.399966701865
14785,OK,59.300,0.44,15899.299993179739
14786,OK,57.000,0.44,15916.200005449355
14787,OK,56.800,0.44,15899.899997748435
14788,OK,49.200,0.44,15944.299986585975
14789,OK,50.900,0.44,15836.599981412292
14790,OK,61.700,0.44,15934.399969410151
14791,OK,60.200,0.44,15884.599997662008
14792,OK,51.400,0.44,15914.699994027615
14793,OK,52.000,0.44,15923.800005111843
14794,OK,67.800,0.44,15860.300045460463
14795,OK,111.600,0.44,15855.300007387996
14796,OK,67.700,0.44,15953.800000716
14797,OK,50.900,0.44,15928.399981930852
14798,OK,53.800,0.44,15815.699996892363
14799,OK,51.300,0.44,15987.900027539581
14800,OK,55.700,0.44,15874.899982009083
14801,OK,58.000,0.44,15856.799960602075
14802,OK,70.300,0.44,15873.89997439459
14803,OK,60.900,0.44,15980.899974238127
14804,OK,67.200,0.44,15837.800048757344
14805,OK,58.600,0.44,15852.799988351762
14806,OK,60.300,0.44,15874.099975917488
14807,OK,61.800,0.44,15938.700002152473
14808,OK,61.700,0.44,15939.700009766966
14809,OK,74.800,0.44,15892.099996563047
14810,OK,50.400,0.44,15914.699994027615
14811,OK,49.600,0.44,15930.399997159839
14812,OK,51.600,0.44,15902.800019830465
14813,OK,56.500,0.44,15899.999998509884
14814,OK,48.500,0.44,15925.90002110228
14815,OK,47.700,0.44,15916.500007733703
14816,OK,50.900,0.44,15912.60003624484
14817,OK,56.900,0.44,15920.600038953125
14818,OK,59.000,0.44,15876.699995715171
14819,OK,52.300,0.44,15947.90001399815
14820,OK,67.400,0.44,15893.900010269135
14821,OK,70.900,0.44,15819.900028873235
14822,OK,79.900,0.44,15966.399980243295
14823,OK,51.800,0.44,15841.30001720041
14824,OK,59.200,0.44,15913.90004614368
14825,OK,53.500,0.44,15938.800002913922
14826,OK,83.700,0.44,15835.199970752
14827,OK,64.400,0.44,15827.400027774274
14828,OK,53.200,0.44,16016.400011721998
14829,OK,54.300,0.44,15822.599991224706
14830,OK,62.400,0.44,15972.299966961145
14831,OK,58.100,0.44,15908.00000121817
14832,OK,56.400,0.44,15903.100022114813
14833,OK,53.600,0.44,15815.599996130913
14834,OK,65.600,0.44,16003.00002610311
14835,OK,71.100,0.44,15881.800034549087
14836,OK,67.700,0.44,15909.200010355562
14837,OK,55.800,0.44,15801.000001374632
14838,OK,66.300,0.44,15983.999997843057
14839,OK,61.000,0.44,15939.00000443682
14840,OK,58.300,0.44,15883.299987763166
14841,OK,58.000,0.44,15864.599961787462
14842,OK,56.100,0.44,15925.59996061027
14843,OK,54.000,0.44,15914.199990220368
14844,OK,54.500,0.44,15927.40003252402
14845,OK,58.900,0.44,15917.300013825297
14846,OK,52.100,0.44,15941.000019665807
14847,OK,75.700,0.44,15870.400005951524
14848,OK,67.100,0.44,15834.500023629516
14849,OK,53.400,0.44,15881.899977102876
14850,OK,49.200,0.44,15875.50004478544
14851,OK,50.800,0.44,15911.499969661236
14852,OK,65.300,0.44,15889.299975242466
14853,OK,110.600,0.44,15874.699980486184
14854,OK,77.100,0.44,15822.799992747605
14855,OK,56.800,0.44,15908.500005025417
14856,OK,56.700,0.44,15925.80002034083
14857,OK,71.900,0.44,15860.299987252802
14858,OK,55.200,0.44,15876.099991146475
14859,OK,58.400,0.44,15913.499984890223
14860,OK,50.800,0.44,15935.900039039552
14861,OK,56.500,0.44,15889.999980572611
14862,OK,50.700,0.44,15920.899983029813
14863,OK,77.300,0.44,15885.199944023043
14864,OK,55.900,0.44,15872.60002270341
14865,OK,61.200,0.44,15925.100015010685
14866,OK,56.900,0.44,15896.899974904954
14867,OK,63.600,0.44,15897.000033874065
14868,OK,51.000,0.44,15913.79998717457
14869,OK,51.700,0.44,15890.499984379858
14870,OK,50.700,0.44,15955.100010614842
14871,OK,71.200,0.44,15841.500018723309
14872,OK,88.000,0.44,15882.79998395592
14873,OK,69.500,0.44,15889.899979811162
14874,OK,51.900,0.44,15912.799979560077
14875,OK,56.200,0.44,15902.899962384254
14876,OK,65.600,0.44,15832.300006877631
14877,OK,58.100,0.44,15979.599964339286
14878,OK,90.500,0.44,15824.000001884997
14879,OK,53.300,0.44,15916.200005449355
14880,OK,54.100,0.44,15845.79999325797
14881,OK,51.100,0.44,15981.600037775934
14882,OK,58.000,0.44,15927.30003176257
14883,OK,54.900,0.44,15900.50000231713
14884,OK,50.400,0.44,15914.899995550513
14885,OK,58.500,0.44,15922.8999982588
14886,OK,51.700,0.44,15848.59995637089
14887,OK,69.900,0.44,15926.700027193874
14888,OK,54.800,0.44,15891.299990471452
14889,OK,57.900,0.44,15924.800012726337
14890,OK,72.100,0.44,15859.799983445555
14891,OK,72.400,0.44,15964.000020176172
14892,OK,54.200,0.44,15887.700021266937
14893,OK,55.900,0.44,15885.600005276501
14894,OK,56.500,0.44,15900.899947155267
14895,OK,57.400,0.44,15927.799977362156
14896,OK,56.500,0.44,15907.599998172373
14897,OK,51.100,0.44,15910.800022538751
14898,OK,59.000,0.44,15902.499959338456
14899,OK,52.400,0.44,15909.40001187846
14900,OK,52.900,0.44,15911.300026345998
14901,OK,59.100,0.44,15825.800015591085
14902,OK,56.400,0.44,15813.699981663376
14903,OK,78.400,0.44,15959.999989718199
14904,OK,111.800,0.44,15936.499985400587
14905,OK,59.900,0.44,15799.79999223724
14906,OK,51.400,0.44,15931.60000629723
14907,OK,54.800,0.44,15819.600026588887
14908,OK,52.600,0.44,15989.599982276559
14909,OK,62.100,0.44,15894.59995739162
14910,OK,53.000,0.44,15922.299993690103
14911,OK,59.400,0.44,15840.900014154613
14912,OK,46.900,0.44,15954.200003761798
14913,OK,50.200,0.44,15927.900036331266
14914,OK,54.600,0.44,15913.79998717457
14915,OK,59.400,0.44,15900.400001555681
14916,OK,72.900,0.44,15937.69999453798
14917,OK,55.400,0.44,15843.099972698838
14918,OK,53.300,0.44,15916.600008495152
14919,OK,55.800,0.44,15906.699991319329
14920,OK,56.500,0.44,15910.299960523844
14921,OK,53.300,0.44,15905.09997913614
14922,OK,52.600,0.44,15905.999985989183
14923,OK,53.600,0.44,15912.999981082976
14924,OK,62.900,0.44,15857.099962886423
14925,OK,62.000,0.44,15927.19997279346
14926,OK,57.200,0.44,15912.29997575283
14927,OK,56.700,0.44,15862.900007050484
14928,OK,52.000,0.44,15930.399997159839
14929,OK,57.700,0.44,15901.800012215972
14930,OK,50.000,0.44,15918.599965516478
14931,OK,48.600,0.44,15921.599988359958
14932,OK,47.900,0.44,15926.600026432425
14933,OK,66.600,0.44,15956.700022798032
14934,OK,47.200,0.44,15922.8999982588
14935,OK,50.200,0.44,15898.199984803796
14936,OK,55.800,0.44,15908.00000121817
14937,OK,63.900,0.44,15893.900010269135
14938,OK,55.400,0.44,15895.500022452325
14939,OK,71.200,0.44,15868.299989961088
14940,OK,46.400,0.44,15938.600001391023
14941,OK,64.700,0.44,15898.799989372492
14942,OK,56.200,0.44,15860.699990298599
14943,OK,55.100,0.44,15959.999989718199
14944,OK,49.700,0.44,15918.39996399358
14945,OK,69.800,0.44,15900.099999271333
14946,OK,55.600,0.44,15855.600009672344
14947,OK,55.000,0.44,15895.300020929426
14948,OK,55.600,0.44,15908.800007309765
14949,OK,51.500,0.44,15895.700023975223
14950,OK,49.100,0.44,15855.800011195242
14951,OK,48.300,0.44,15941.89996831119
14952,OK,57.900,0.44,15871.300012804568
14953,OK,48.400,0.44,15932.900016196072
14954,OK,75.800,0.44,15883.599990047514
14955,OK,84.000,0.44,15923.200000543147
14956,OK,64.400,0.44,15835.40003048256
14957,OK,53.400,0.44,15930.09999487549
14958,OK,67.400,0.44,15874.800039455295
14959,OK,71.600,0.44,15920.00003438443
14960,OK,60.600,0.44,15907.699998933822
14961,OK,54.500,0.44,15909.700014162809
14962,OK,59.700,0.44,15885.90000756085
14963,OK,50.300,0.44,15942.0000272803
14964,OK,54.200,0.44,15904.399973805994
14965,OK,56.200,0.44,15914.999996311963
14966,OK,59.300,0.44,15876.699995715171
14967,OK,60.400,0.44,15971.299959346652
14968,OK,64.500,0.44,15899.400052148849
14969,OK,76.700,0.44,15882.199979387224
14970,OK,78.800,0.44,15847.000002395362
14971,OK,81.600,0.44,15927.599975839257
14972,OK,59.400,0.44,15854.60000205785
14973,OK,58.400,0.44,15925.000014249235
14974,OK,56.400,0.44,15932.800015434623
14975,OK,52.500,0.44,15898.499987088144
14976,OK,65.500,0.44,15883.300045970827
14977,OK,53.800,0.44,15918.799967039376
14978,OK,46.800,0.44,15874.299977440387
14979,OK,52.000,0.44,15879.69996035099
14980,OK,75.900,0.44,15936.799987684935
14981,OK,55.500,0.44,15931.70000705868
14982,OK,52.200,0.44,15890.09998133406
14983,OK,51.500,0.44,15949.599968735129
14984,OK,68.900,0.44,15839.500003494322
14985,OK,52.500,0.44,15936.599986162037
14986,OK,77.600,0.44,15885.8000067994
14987,OK,86.800,0.44,15860.299987252802
14988,OK,52.800,0.44,15911.899972707033
14989,OK,53.100,0.44,15784.099989105016
14990,OK,65.400,0.44,16024.200012907386
14991,OK,56.300,0.44,15868.799993768334
14992,OK,54.600,0.44,15938.800002913922
14993,OK,54.200,0.44,15875.099983531982
14994,OK,55.600,0.44,15945.199993439019
14995,OK,54.000,0.44,15919.600031338632
14996,OK,56.000,0.44,15864.699962548912
14997,OK,71.400,0.44,15864.099957980216
14998,OK,52.900,0.44,15947.90001399815
14999,OK,62.500,0.44,15939.300006721169
15000,OK,66.700,0.44,15889.799979049712
15001,OK,69.300,0.44,15724.099997896701
15002,OK,80.900,0.44,16202.499973587692
15003,OK,165.300,0.44,15469.900041352957
15004,OK,59.500,0.44,15856.900019571185
15005,OK,59.600,0.44,15821.799985133111
15006,OK,78.400,0.44,15997.800044715405
15007,OK,74.300,0.44,15859.09997811541
15008,OK,56.800,0.44,15865.899971686304
15009,OK,50.900,0.44,15970.20000917837
15010,OK,53.500,0.44,15916.9000107795
15011,OK,63.700,0.44,15844.899986404926
15012,OK,53.400,0.44,15963.499958161265
15013,OK,71.800,0.44,15856.700018048286
15014,OK,70.200,0.44,15945.899998769164
15015,OK,51.300,0.44,15902.900020591915
15016,OK,51.900,0.44,15885.70000603795
15017,OK,59.100,0.44,15939.400007482618
15018,OK,57.300,0.44,15882.999985478818
15019,OK,64.700,0.44,15888.200025074184
15020,OK,52.700,0.44,15978.000010363758
15021,OK,55.100,0.44,15840.899955946952
15022,OK,55.800,0.44,15915.50000011921
15023,OK,56.700,0.44,15907.099994365126
15024,OK,52.900,0.44,15920.700039714575
15025,OK,54.900,0.44,15864.600019995123
15026,OK,56.900,0.44,15954.700007569045
15027,OK,65.800,0.44,15864.600019995123
15028,OK,79.400,0.44,15950.99997939542
15029,OK,69.300,0.44,15858.599974308163
15030,OK,54.300,0.44,15910.699963569641
15031,OK,62.600,0.44,15884.39999613911
15032,OK,52.800,0.44,15821.200038772076
15033,OK,68.100,0.44,15987.599967047572
15034,OK,54.400,0.44,15920.899983029813
15035,OK,59.400,0.44,15908.500005025417
15036,OK,61.400,0.44,15798.900043591857
15037,OK,53.200,0.44,16007.900005206466
15038,OK,54.300,0.44,15911.899972707033
15039,OK,70.600,0.44,15885.8000067994
15040,OK,69.800,0.44,15859.09997811541
15041,OK,69.900,0.44,15968.299994710833
15042,OK,65.800,0.44,15880.400023888797
15043,OK,54.300,0.44,15827.699971850961
15044,OK,55.300,0.44,15956.700022798032
15045,OK,59.100,0.44,15906.899992842227
15046,OK,122.400,0.44,15800.499997567385
15047,OK,67.100,0.44,15915.600000880659
15048,OK,65.100,0.44,15874.400036409497
15049,OK,56.300,0.44,15928.90004394576
15050,OK,55.200,0.44,15907.799999695271
15051,OK,58.700,0.44,15853.399992920458
15052,OK,54.100,0.44,15868.099988438189
15053,OK,48.700,0.44,15935.099974740297
15054,OK,58.600,0.44,15939.20000595972
15055,OK,55.200,0.44,15841.599961277097
15056,OK,63.300,0.44,15872.799966018647
15057,OK,81.500,0.44,15941.100020427257
15058,OK,77.700,0.44,15786.799951456487
15059,OK,55.100,0.44,15892.499999608845
15060,OK,46.200,0.44,15975.799993611872
15061,OK,49.400,0.44,15851.199976168573
15062,OK,72.800,0.44,15961.19999885559
15063,OK,49.800,0.44,15823.5999988392
15064,OK,53.400,0.44,15964.30002246052
15065,OK,54.600,0.44,15911.00002406165
15066,OK,54.600,0.44,15949.599968735129
15067,OK,68.000,0.44,15825.400012545288
15068,OK,47.200,0.44,15934.199967887253
15069,OK,65.400,0.44,15971.399960108101
15070,OK,60.400,0.44,15889.499976765364
15071,OK,55.900,0.44,15895.600023213774
15072,OK,61.100,0.44,15961.29999961704
15073,OK,63.000,0.44,15851.499978452921
15074,OK,69.500,0.44,15859.500039368868
15075,OK,66.700,0.44,15890.599985141307
15076,OK,66.600,0.44,15929.300046991557
15077,OK,75.700,0.44,15869.599999859929
15078,OK,52.200,0.44,15912.200033199042
15079,OK,57.900,0.44,15888.799971435219
15080,OK,64.300,0.44,15923.500002827495
15081,OK,74.300,0.44,15877.300000283867
15082,OK,89.300,0.44,15786.900010425597
15083,OK,55.800,0.44,15964.29996425286
15084,OK,49.600,0.44,15920.199977699667
15085,OK,57.800,0.44,15913.399984128773
15086,OK,66.500,0.44,15893.400006461889
15087,OK,53.600,0.44,15886.199951637536
15088,OK,55.700,0.44,15900.200000032783
15089,OK,47.800,0.44,15918.599965516478
15090,OK,49.600,0.44,15916.80001001805
15091,OK,64.400,0.44,15900.900005362928
15092,OK,49.800,0.44,15929.699991829693
15093,OK,66.600,0.44,15898.99999089539
15094,OK,60.900,0.44,15900.70000384003
15095,OK,48.800,0.44,15914.199990220368
15096,OK,48.200,0.44,15921.29998607561
15097,OK,62.800,0.44,15903.50002516061
15098,OK,60.900,0.44,15912.699978798628
15099,OK,69.200,0.44,15883.299987763166
15100,OK,97.100,0.44,15867.299982346594
15101,OK,51.500,0.44,15823.800000362098
15102,OK,65.200,0.44,15868.400048930198
15103,OK,64.500,0.44,15918.900026008487
15104,OK,70.000,0.44,15925.300016533583
15105,OK,54.500,0.44,15906.299988273531
15106,OK,71.500,0.44,15844.699984882027
15107,OK,97.400,0.44,15898.099984042346
15108,OK,77.000,0.44,15929.999994114041
15109,OK,78.200,0.44,15814.399986993521
15110,OK,68.000,0.44,15887.600020505488
15111,OK,65.400,0.44,15999.099996406585
15112,OK,54.600,0.44,15835.900034289807
15113,OK,47.500,0.44,15917.800017632544
15114,OK,53.700,0.44,15935.099974740297
15115,OK,62.300,0.44,15862.300002481788
15116,OK,57.100,0.44,15946.200001053512
15117,OK,55.200,0.44,15919.700032100081
15118,OK,53.600,0.44,15909.700014162809
15119,OK,58.500,0.44,15903.000021353364
15120,OK,53.300,0.44,15901.800012215972
15121,OK,56.200,0.44,15914.300049189478
15122,OK,65.700,0.44,15873.100026510656
15123,OK,54.100,0.44,15938.900003675371
15124,OK,70.400,0.44,15853.599994443357
15125,OK,66.100,0.44,15900.900005362928
15126,OK,64.400,0.44,15941.399964503944
15127,OK,66.900,0.44,15884.899999946356
15128,OK,56.300,0.44,15913.200040813535
15129,OK,51.500,0.44,15911.00002406165
15130,OK,55.600,0.44,15921.999991405755
15131,OK,61.400,0.44,15910.300018731505
15132,OK,53.900,0.44,15895.99996805191
15133,OK,58.000,0.44,15903.999970760196
15134,OK,52.400,0.44,15914.899995550513
15135,OK,51.700,0.44,15918.50002296269
15136,OK,52.200,0.44,15922.6999967359
15137,OK,67.000,0.44,15895.99996805191
15138,OK,69.500,0.44,15959.999989718199
15139,OK,53.100,0.44,15889.300033450127
15140,OK,57.500,0.44,15915.600000880659
15141,OK,52.800,0.44,15863.60001238063
15142,OK,64.200,0.44,15903.200022876263
15143,OK,53.500,0.44,15917.00001154095
15144,OK,48.400,0.44,15913.000039290637
15145,OK,55.100,0.44,15896.399971097708
15146,OK,47.800,0.44,15973.699977621436
15147,OK,49.800,0.44,15889.199974481016
15148,OK,76.900,0.44,15878.699952736497
15149,OK,63.400,0.44,15843.699977267534
15150,OK,53.600,0.44,15953.599999193102
15151,OK,56.700,0.44,15840.799955185503
15152,OK,84.400,0.44,15934.100025333464
15153,OK,49.600,0.44,15816.500002983958
15154,OK,68.800,0.44,15988.299972377717
15155,OK,63.400,0.44,15947.200008668005
15156,OK,61.500,0.44,15930.499997921288
15157,OK,59.400,0.44,15837.799990549684
15158,OK,74.600,0.44,15830.700052902102
15159,OK,63.300,0.44,15903.799969237298
15160,OK,82.100,0.44,15882.400039117783
15161,OK,67.800,0.44,15902.800019830465
15162,OK,83.300,0.44,15867.399983108044
15163,OK,60.000,0.44,15897.60003844276
15164,OK,72.400,0.44,15899.399993941188
15165,OK,56.500,0.44,15921.099984552711
15166,OK,53.700,0.44,15911.200025584549
15167,OK,70.800,0.44,15876.699995715171
15168,OK,60.200,0.44,15911.800030153245
15169,OK,50.200,0.44,15956.000017467886
15170,OK,70.400,0.44,15864.800021518022
15171,OK,55.300,0.44,15896.09996881336
15172,OK,67.500,0.44,15887.700021266937
15173,OK,53.800,0.44,15996.999980416149
15174,OK,109.500,0.44,15803.100017365068
15175,OK,67.000,0.44,15899.599995464087
15176,OK,65.300,0.44,15783.60004350543
15177,OK,59.000,0.44,15974.299982190132
15178,OK,62.300,0.44,15872.900024987757
15179,OK,72.900,0.44,15912.49997727573
15180,OK,61.300,0.44,15908.700006548315
15181,OK,48.100,0.44,15976.599999703467
15182,OK,54.000,0.44,15808.199997991323
15183,OK,96.800,0.44,15861.299994867295
15184,OK,60.400,0.44,15890.899987425655
15185,OK,82.400,0.44,15857.39996517077
15186,OK,55.500,0.44,15900.200000032783
15187,OK,97.300,0.44,15865.10002380237
15188,OK,56.700,0.44,15952.800051309168
15189,OK,64.700,0.44,15875.899989623576
15190,OK,60.100,0.44,15896.199969574809
15191,OK,51.900,0.44,15918.700024485588
15192,OK,68.500,0.44,15837.799990549684
15193,OK,49.000,0.44,15969.200001563877
15194,OK,53.300,0.44,15930.19999563694
15195,OK,48.400,0.44,15891.400049440563
15196,OK,52.800,0.44,15951.10003836453
15197,OK,70.900,0.44,15862.500004004687
15198,OK,55.400,0.44,15910.600021015853
15199,OK,48.200,0.44,15936.699986923486
15200,OK,49.700,0.44,15893.10000417754
15201,OK,55.700,0.44,15830.199990887195
15202,OK,54.000,0.44,15919.89997541532
15203,OK,55.900,0.44,15892.800001893193
15204,OK,113.900,0.44,15882.999985478818
15205,OK,101.600,0.44,15814.69998927787
15206,OK,78.000,0.44,15902.999963145703
15207,OK,70.100,0.44,15856.699959840626
15208,OK,87.300,0.44,15878.100006375462
15209,OK,92.900,0.44,15823.199995793402
15210,OK,74.600,0.44,16016.400011721998
15211,OK,85.300,0.44,15742.10001854226
15212,OK,85.100,0.44,15815.299993846565
15213,OK,79.300,0.44,15901.900012977421
15214,OK,97.700,0.44,15816.700004506856
15215,OK,77.400,0.44,15859.700040891767
15216,OK,98.000,0.44,15887.700021266937
15217,OK,83.700,0.44,15858.400030992925
15218,OK,67.800,0.44,15880.999970249832
15219,OK,62.700,0.44,15893.30000570044
15220,OK,95.000,0.44,15870.700008235872
15221,OK,94.500,0.44,15845.199988689274
15222,OK,91.900,0.44,15874.700038693845
15223,OK,69.400,0.44,15880.400023888797
15224,OK,63.700,0.44,15947.90001399815
15225,OK,122.100,0.44,15754.499996546656
15226,OK,77.500,0.44,15873.099968302995
15227,OK,82.200,0.44,15841.29995899275
15228,OK,94.700,0.44,15857.100021094084
15229,OK,59.800,0.44,15913.600043859333
15230,OK,58.500,0.44,15962.500008754432
15231,OK,74.500,0.44,15821.99998665601
15232,OK,51.500,0.44,15997.099981177598
15233,OK,50.300,0.44,15914.099989458919
15234,OK,54.900,0.44,16172.700037714094
15235,OK,69.700,0.44,15566.699963528663
15236,OK,71.900,0.44,15871.799958404154
15237,OK,51.700,0.44,15920.700039714575
15238,OK,56.600,0.44,15906.099986750633
15239,OK,55.100,0.44,15917.499957140535
15240,OK,62.000,0.44,15897.299977950752
15241,OK,58.200,0.44,15898.399986326694
15242,OK,56.800,0.44,15936.09998235479
15243,OK,56.100,0.44,15883.099986240268
15244,OK,56.800,0.44,15905.20003810525
15245,OK,53.400,0.44,15909.499954432249
15246,OK,67.000,0.44,15873.499971348792
15247,OK,52.500,0.44,15928.899985738099
15248,OK,76.900,0.44,15886.800014413893
15249,OK,56.900,0.44,15947.000007145107
15250,OK,66.800,0.44,15900.099999271333
15251,OK,58.000,0.44,15858.300030231476
15252,OK,89.800,0.44,15853.09999063611
15253,OK,59.300,0.44,15922.399994451553
15254,OK,58.100,0.44,15907.199995126575
15255,OK,70.900,0.44,15885.200002230704
15256,OK,52.300,0.44,15932.000009343028
15257,OK,53.800,0.44,15885.200002230704
15258,OK,53.500,0.44,15905.300038866699
15259,OK,60.800,0.44,15933.400020003319
15260,OK,102.800,0.44,15946.800005622208
15261,OK,63.300,0.44,15767.20003504306
15262,OK,77.900,0.44,15825.900016352534
15263,OK,51.500,0.44,15932.200010865927
15264,OK,53.000,0.44,15912.200033199042
15265,OK,50.000,0.44,15915.29999859631
15266,OK,50.400,0.44,15882.80004216358
15267,OK,58.900,0.44,15943.799982778728
15268,OK,59.300,0.44,15913.89998793602
15269,OK,51.500,0.44,15909.000008832663
15270,OK,60.500,0.44,15904.699976090342
15271,OK,57.800,0.44,15918.000019155443
15272,OK,53.600,0.44,15883.399988524616
15273,OK,51.400,0.44,15944.599988870323
15274,OK,64.800,0.44,15905.300038866699
15275,OK,70.800,0.44,15905.500040389597
15276,OK,56.000,0.44,15902.299957815558
15277,OK,54.100,0.44,15945.599996484816
15278,OK,60.400,0.44,15908.700006548315
15279,OK,71.900,0.44,15911.999973468482
15280,OK,71.900,0.44,15859.999984968454
15281,OK,60.700,0.44,15880.699967965484
15282,OK,60.000,0.44,15904.199972283095
15283,OK,53.600,0.44,15926.700027193874
15284,OK,58.500,0.44,15879.300015512854
15285,OK,60.800,0.44,15917.500015348196
15286,OK,67.800,0.44,15834.899968467653
15287,OK,47.500,0.44,15991.199994459748
15288,OK,103.900,0.44,15872.50002194196
15289,OK,59.900,0.44,15862.600004766136
15290,OK,55.500,0.44,15858.99997735396
15291,OK,65.200,0.44,15927.699976600707
15292,OK,53.600,0.44,15899.499994702637
15293,OK,51.200,0.44,15858.299972023815
15294,OK,61.000,0.44,15912.899980321527
15295,OK,49.000,0.44,15975.599992088974
15296,OK,52.300,0.44,15900.099999271333
15297,OK,51.700,0.44,15900.300000794232
15298,OK,50.600,0.44,15934.999973978847
15299,OK,47.700,0.44,15915.800002403557
15300,OK,45.600,0.44,15929.399989545345
15301,OK,77.200,0.44,15740.200004074723
15302,OK,51.400,0.44,15975.199989043176
15303,OK,58.200,0.44,15909.200010355562
15304,OK,53.400,0.44,15913.199982605875
15305,OK,54.900,0.44,15898.300043772906
15306,OK,53.000,0.44,15894.400014076382
15307,OK,56.900,0.44,15930.09999487549
15308,OK,51.500,0.44,15916.299948003143
15309,OK,48.200,0.44,15897.400036919862
15310,OK,59.600,0.44,15924.000006634742
15311,OK,57.500,0.44,15911.400027107447
15312,OK,56.200,0.44,15878.50000942126
15313,OK,48.700,0.44,15937.59999377653
15314,OK,49.600,0.44,15923.200000543147
15315,OK,65.600,0.44,15901.300008408725
15316,OK,48.000,0.44,15913.399984128773
15317,OK,64.600,0.44,15899.999998509884
15318,OK,47.500,0.44,15896.199969574809
15319,OK,46.300,0.44,15937.69999453798
15320,OK,49.600,0.44,15918.899967800826
15321,OK,50.100,0.44,15910.099959000945
15322,OK,57.200,0.44,15891.099988948554
15323,OK,53.500,0.44,15904.89997761324
15324,OK,52.200,0.44,15916.000003926456
15325,OK,53.200,0.44,15908.400004263967
15326,OK,46.800,0.44,15933.399961795658
15327,OK,50.300,0.44,15938.700002152473
15328,OK,68.500,0.44,15892.399998847395
15329,OK,67.500,0.44,15912.000031676143
15330,OK,51.400,0.44,15915.50000011921
15331,OK,52.400,0.44,15909.000008832663
15332,OK,73.800,0.44,15858.500031754375
15333,OK,55.300,0.44,15903.099963907152
15334,OK,60.000,0.44,15899.999998509884
15335,OK,56.600,0.44,15950.499975588173
15336,OK,67.300,0.44,15837.999992072582
15337,OK,70.400,0.44,15876.89999723807
15338,OK,56.300,0.44,15944.499988108873
15339,OK,51.600,0.44,15891.5999927558
15340,OK,62.200,0.44,15863.099950365722
15341,OK,52.300,0.44,15954.899950884283
15342,OK,56.300,0.44,15912.39997651428
15343,OK,64.000,0.44,15901.300008408725
15344,OK,74.400,0.44,15891.999995801598
15345,OK,55.900,0.44,15925.400017295033
15346,OK,53.200,0.44,15902.600018307567
15347,OK,57.200,0.44,15903.000021353364
15348,OK,59.000,0.44,15863.699954934418
15349,OK,59.700,0.44,15967.399987857789
15350,OK,50.500,0.44,15905.899985227734
15351,OK,55.100,0.44,15911.600028630346
15352,OK,52.100,0.44,15933.600021526217
15353,OK,71.900,0.44,15804.700029548258
15354,OK,50.400,0.44,15918.50002296269
15355,OK,67.900,0.44,15905.199979897588
15356,OK,69.100,0.44,15851.69997997582
15357,OK,61.600,0.44,15974.69998523593
15358,OK,50.100,0.44,15901.699953246862
15359,OK,51.500,0.44,15928.300039377064
15360,OK,62.100,0.44,15925.90002110228
15361,OK,63.700,0.44,15776.09998639673
15362,OK,51.500,0.44,15914.999996311963
15363,OK,54.200,0.44,15899.599995464087
15364,OK,59.800,0.44,15974.199981428683
15365,OK,76.800,0.44,15808.70000179857
15366,OK,72.000,0.44,15900.900005362928
15367,OK,57.100,0.44,15924.19994994998
15368,OK,56.900,0.44,15939.10000519827
15369,OK,70.200,0.44,15816.800005268306
15370,OK,58.000,0.44,15921.799989882857
15371,OK,77.700,0.44,15881.50003226474
15372,OK,68.500,0.44,15919.300029054284
15373,OK,60.600,0.44,15903.70002668351
15374,OK,52.700,0.44,15916.9000107795
15375,OK,56.600,0.44,15860.59998953715
15376,OK,53.100,0.44,15957.199968397617
15377,OK,60.700,0.44,15882.199979387224
15378,OK,58.100,0.44,15927.499975077808
15379,OK,64.900,0.44,15897.999983280897
15380,OK,59.900,0.44,15916.200005449355
15381,OK,70.600,0.44,15840.199950616807
15382,OK,50.200,0.44,15948.800020851195
15383,OK,79.600,0.44,15872.39996297285
15384,OK,60.200,0.44,15867.599984630942
15385,OK,75.000,0.44,15881.50003226474
15386,OK,63.500,0.44,15905.500040389597
15387,OK,55.500,0.44,15855.700010433793
15388,OK,52.600,0.44,15943.199978210032
15389,OK,51.200,0.44,15922.299993690103
15390,OK,50.600,0.44,15911.1000248231
15391,OK,50.200,0.44,15921.30004428327
15392,OK,60.100,0.44,15883.900050539523
15393,OK,67.700,0.44,15905.599982943386
15394,OK,54.200,0.44,15922.8999982588
15395,OK,53.500,0.44,15896.499971859157
15396,OK,52.800,0.44,15918.50002296269
15397,OK,50.000,0.44,15914.799994789064
15398,OK,64.300,0.44,15911.599970422685
15399,OK,57.700,0.44,15948.799962643534
15400,OK,49.600,0.44,15930.900000967085
15401,OK,54.800,0.44,15816.800005268306
15402,OK,53.100,0.44,15932.900016196072
15403,OK,50.400,0.44,15849.299961701035
15404,OK,55.900,0.44,15981.900040060282
15405,OK,69.600,0.44,15892.499999608845
15406,OK,61.200,0.44,15875.199984293431
15407,OK,89.000,0.44,15843.300032429397
15408,OK,56.600,0.44,15909.000008832663
15409,OK,76.600,0.44,15901.600010693073
15410,OK,83.600,0.44,15867.399983108044
15411,OK,61.800,0.44,15861.599997151643
15412,OK,57.900,0.44,15916.500007733703
15413,OK,48.600,0.44,15920.499979984015
15414,OK,52.300,0.44,15820.400032680482
15415,OK,68.000,0.44,15917.500015348196
15416,OK,49.000,0.44,15946.300001814961
15417,OK,55.100,0.44,15936.999989207834
15418,OK,60.400,0.44,15833.399957045913
15419,OK,50.700,0.44,15964.699967298657
15420,OK,58.400,0.44,15910.500020254403
15421,OK,57.400,0.44,15863.699954934418
15422,OK,47.500,0.44,15958.999982103705
15423,OK,51.300,0.44,15935.599978547543
15424,OK,64.400,0.44,15911.699971184134
15425,OK,50.600,0.44,15914.400049950927
15426,OK,51.200,0.44,15878.700010944158
15427,OK,50.700,0.44,15952.999994624406
15428,OK,53.500,0.44,15895.300020929426
15429,OK,52.700,0.44,15928.099979646504
15430,OK,53.900,0.44,15855.900011956692
15431,OK,56.800,0.44,15921.200043521821
15432,OK,49.800,0.44,15913.599985651672
15433,OK,53.200,0.44,15919.000026769936
15434,OK,51.900,0.44,15903.100022114813
15435,OK,91.900,0.44,15930.599998682737
15436,OK,73.200,0.44,15891.69999351725
15437,OK,51.200,0.44,15873.200027272105
15438,OK,66.400,0.44,15885.8000067994
15439,OK,71.500,0.44,15868.699993006885
15440,OK,74.900,0.44,15930.29999639839
15441,OK,80.000,0.44,15789.199969731271
15442,OK,71.700,0.44,15843.299974221736
15443,OK,54.800,0.44,15912.899980321527
15444,OK,48.800,0.44,15953.200054354966
15445,OK,47.100,0.44,15924.20000815764
15446,OK,75.600,0.44,15868.0000458844
15447,OK,58.300,0.44,15814.299986232072
15448,OK,71.600,0.44,15904.000028967857
15449,OK,62.200,0.44,15912.800037767738
15450,OK,57.300,0.44,15917.700016871095
15451,OK,60.100,0.44,15894.400014076382
15452,OK,78.000,0.44,15882.199979387224
15453,OK,73.100,0.44,15850.000025238842
15454,OK,72.900,0.44,15962.80001103878
15455,OK,52.500,0.44,15935.500035993755
15456,OK,50.000,0.44,15912.200033199042
15457,OK,52.200,0.44,15905.00003658235
15458,OK,49.200,0.44,15937.899996060878
15459,OK,58.300,0.44,15921.099984552711
15460,OK,53.400,0.44,15890.999988187104
15461,OK,57.300,0.44,15866.499976255
15462,OK,65.300,0.44,15985.800011549145
15463,OK,65.200,0.44,15817.300009075552
15464,OK,59.900,0.44,16065.0999750942
15465,OK,71.500,0.44,15707.199985627085
15466,OK,79.500,0.44,15954.100003000349
15467,OK,60.200,0.44,15888.200025074184
15468,OK,57.800,0.44,15914.199990220368
15469,OK,55.800,0.44,15859.499981161207
15470,OK,49.700,0.44,15960.099990479648
15471,OK,55.400,0.44,15921.499987598509
15472,OK,58.000,0.44,15871.799958404154
15473,OK,60.000,0.44,15902.700019069016
15474,OK,59.500,0.44,15950.000029988587
15475,OK,56.500,0.44,15873.699972871691
15476,OK,60.200,0.44,15898.699988611042
15477,OK,55.300,0.44,15920.799982268363
15478,OK,70.500,0.44,15890.599985141307
15479,OK,71.800,0.44,15849.300019908696
15480,OK,66.900,0.44,15959.100041072816
15481,OK,52.500,0.44,15909.100009594113
15482,OK,53.800,0.44,15899.799996986985
15483,OK,61.400,0.44,15909.999958239496
15484,OK,56.500,0.44,15831.800003070384
15485,OK,57.200,0.44,15944.099985063076
15486,OK,53.100,0.44,15965.100028552115
15487,OK,58.500,0.44,15848.600014578551
15488,OK,50.700,0.44,15904.700034298003
15489,OK,49.900,0.44,15919.999976176769
15490,OK,48.300,0.44,15915.099997073412
15491,OK,93.300,0.44,15882.80004216358
15492,OK,55.600,0.44,15921.000041998923
15493,OK,71.700,0.44,15907.90000045672
15494,OK,52.800,0.44,15873.300028033555
15495,OK,65.400,0.44,15905.1000373438
15496,OK,52.500,0.44,15894.099953584373
15497,OK,56.000,0.44,15896.599972620606
15498,OK,52.500,0.44,15911.099966615438
15499,OK,52.600,0.44,15909.599955193698
15500,OK,56.900,0.44,15909.800014924258
15501,OK,60.000,0.44,15814.69998927787
15502,OK,54.900,0.44,15915.50000011921
15503,OK,51.400,0.44,15900.400001555681
15504,OK,54.800,0.44,15899.699996225536
15505,OK,78.000,0.44,15935.599978547543
15506,OK,54.700,0.44,15844.399982597679
15507,OK,64.000,0.44,15938.900003675371
15508,OK,58.900,0.44,15873.400028795004
15509,OK,56.900,0.44,15952.999994624406
15510,OK,58.200,0.44,15783.799986820668
15511,OK,69.600,0.44,15825.00000949949
15512,OK,82.800,0.44,15953.90000147745
15513,OK,59.700,0.44,15985.600010026246
15514,OK,55.700,0.44,15887.600020505488
15515,OK,51.600,0.44,15822.499990463257
15516,OK,69.500,0.44,15953.699999954551
15517,OK,68.500,0.44,15894.099953584373
15518,OK,53.400,0.44,15908.700006548315
15519,OK,69.500,0.44,15849.900024477392
15520,OK,50.200,0.44,15980.799973476678
15521,OK,72.600,0.44,15858.099970500916
15522,OK,52.200,0.44,15921.599988359958
15523,OK,51.700,0.44,15879.600017797202
15524,OK,57.300,0.44,15934.4999701716
15525,OK,48.500,0.44,15939.700009766966
15526,OK,51.600,0.44,15899.999998509884
15527,OK,58.800,0.44,15884.499996900558
15528,OK,55.700,0.44,15941.699966788292
15529,OK,55.200,0.44,15892.800001893193
15530,OK,55.200,0.44,15917.200013063848
15531,OK,55.300,0.44,15894.80001712218
15532,OK,51.400,0.44,15893.800009507686
15533,OK,62.000,0.44,15942.499972879887
15534,OK,51.400,0.44,15854.299999773502
15535,OK,51.500,0.44,15936.500043608248
15536,OK,79.700,0.44,15881.30003074184
15537,OK,50.700,0.44,15918.50002296269
15538,OK,52.500,0.44,15922.299993690103
15539,OK,57.300,0.44,15914.299990981817
15540,OK,71.800,0.44,15852.099983021617
15541,OK,57.800,0.44,15907.90000045672
15542,OK,54.300,0.44,15886.499953921884
15543,OK,68.700,0.44,15895.900025498122
15544,OK,56.300,0.44,15917.800017632544
15545,OK,56.300,0.44,15865.099965594709
15546,OK,51.700,0.44,15942.600031848997
15547,OK,69.700,0.44,15956.89996611327
15548,OK,51.000,0.44,15849.800023715943
15549,OK,53.800,0.44,15904.299973044544
15550,OK,54.800,0.44,15894.200012553483
15551,OK,60.600,0.44,15947.800013236701
15552,OK,59.600,0.44,15856.900019571185
15553,OK,59.000,0.44,15887.699963059276
15554,OK,59.500,0.44,15816.09999993816
15555,OK,69.100,0.44,15947.500010952353
15556,OK,61.900,0.44,15904.499974567443
15557,OK,61.000,0.44,15896.10002702102
15558,OK,64.600,0.44,15895.700023975223
15559,OK,58.500,0.44,15897.5999802351
15560,OK,73.700,0.44,15912.700037006289
15561,OK,66.900,0.44,15877.400001045316
15562,OK,65.300,0.44,15906.699991319329
15563,OK,56.900,0.44,15953.299996908754
15564,OK,66.500,0.44,15870.000002905726
15565,OK,52.000,0.44,15947.90001399815
15566,OK,104.000,0.44,15740.799950435758
15567,OK,107.300,0.44,15824.600006453693
15568,OK,89.500,0.44,15862.500004004687
15569,OK,88.600,0.44,15845.299989450723
15570,OK,101.200,0.44,15842.700027860701
15571,OK,66.800,0.44,15918.699966277927
15572,OK,56.500,0.44,15867.499983869493
15573,OK,89.400,0.44,15859.599981922656
15574,OK,62.900,0.44,15888.000023551285
15575,OK,115.700,0.44,15841.200016438961
15576,OK,126.000,0.44,15797.599975485355
15577,OK,72.300,0.44,15865.699970163405
15578,OK,63.900,0.44,15916.69995104894
15579,OK,110.100,0.44,15800.799999851733
15580,OK,86.600,0.44,15913.499984890223
15581,OK,104.700,0.44,15743.999974802136
15582,OK,93.800,0.44,15872.700023464859
15583,OK,84.400,0.44,15904.699976090342
15584,OK,104.500,0.44,16108.900017570704
15585,OK,105.900,0.44,15530.799981206656
15586,OK,158.900,0.44,15752.200037240982
15587,OK,111.600,0.44,15819.10002278164
15588,OK,119.600,0.44,15971.80002136156
15589,OK,96.700,0.44,15648.70000584051
15590,OK,82.300,0.44,15883.399988524616
15591,OK,78.300,0.44,15862.00000019744
15592,OK,79.700,0.44,15872.50002194196
15593,OK,81.100,0.44,15882.69998319447
15594,OK,104.200,0.44,15849.000017624348
15595,OK,67.200,0.44,15876.499994192272
15596,OK,60.400,0.44,15862.700005527586
15597,OK,75.600,0.44,15900.60000307858
15598,OK,61.500,0.44,15890.700044110417
15599,OK,88.200,0.44,15880.100021604449
15600,OK,109.900,0.44,15775.499981828034
15601,OK,96.900,0.44,15676.199982408434
15602,OK,110.600,0.44,15829.999989364296
15603,OK,130.800,0.44,15826.300019398332
15604,OK,92.500,0.44,15860.59998953715
15605,OK,95.900,0.44,15775.099978782237
15606,OK,66.500,0.44,15913.100040052086
15607,OK,70.300,0.44,15850.500029046088
15608,OK,80.500,0.44,15911.799971945584
15609,OK,105.100,0.44,15821.700042579323
15610,OK,93.300,0.44,15874.099975917488
15611,OK,77.800,0.44,15851.999982260168
15612,OK,93.400,0.44,15820.099972188473
15613,OK,107.500,0.44,15893.400006461889
15614,OK,84.400,0.44,15829.49998555705
15615,OK,80.700,0.44,15906.199987512082
15616,OK,85.800,0.44,15690.20003080368
15617,OK,67.100,0.44,15887.700021266937
15618,OK,78.900,0.44,15890.699985902756
15619,OK,82.200,0.44,15874.399978201836
15620,OK,102.000,0.44,15844.19998107478
15621,OK,74.600,0.44,15883.799991570413
15622,OK,93.800,0.44,15838.699997402728
15623,OK,121.500,0.44,15818.900021258742
15624,OK,79.100,0.44,15804.2999682948
15625,OK,69.500,0.44,15898.199984803796
15626,OK,94.100,0.44,15832.900011446327
15627,OK,99.200,0.44,15878.000005614012
15628,OK,106.600,0.44,15866.100031416863
15629,OK,101.700,0.44,15804.399969056249
15630,OK,114.600,0.44,15808.70000179857
15631,OK,125.800,0.44,15814.59998851642
15632,OK,102.000,0.44,16027.299978304654
15633,OK,106.100,0.44,17415.300011634827
15634,OK,112.500,0.44,14049.399993382394
15635,OK,110.400,0.44,15804.699971340597
15636,OK,121.900,0.44,15829.3999847956
15637,OK,123.900,0.44,23735.100054182112
15638,OK,128.500,0.44,7871.600042562932
15639,OK,118.700,0.44,15939.20000595972
15640,OK,114.300,0.44,16105.499991681427
15641,OK,121.000,0.44,15335.99995309487
15642,OK,140.400,0.44,16280.199983157218
15643,OK,114.100,0.44,17787.699995096773
15644,OK,151.800,0.44,13283.299980685115
15645,OK,120.500,0.44,16724.29998870939
15646,OK,170.800,0.44,14834.199973847717
15647,OK,114.700,0.44,16279.099974781275
15648,OK,125.600,0.44,15296.09999852255
15649,OK,107.300,0.44,15786.700008902699
15650,OK,106.200,0.44,15864.500019233674
15651,OK,107.600,0.44,17048.200010322034
15652,OK,94.900,0.44,15107.399958651513
15653,OK,107.800,0.44,20556.700008455664
15654,OK,100.300,0.44,11914.000031538308
15655,OK,107.900,0.44,15374.699956737459
15656,OK,125.300,0.44,14903.100032825023
15657,OK,129.300,0.44,15760.999987833202
15658,OK,137.200,0.44,15779.00000847876
15659,OK,121.900,0.44,15826.49996271357
15660,OK,99.900,0.44,15830.99999697879
15661,OK,98.800,0.44,15867.399983108044
15662,OK,111.200,0.44,15796.399966347963
15663,OK,108.700,0.44,16359.80000719428
15664,OK,158.500,0.44,16165.499982889742
15665,OK,109.700,0.44,14882.299990858883
15666,OK,103.200,0.44,15870.300005190074
15667,OK,141.700,0.44,24653.70000572875
15668,OK,125.600,0.44,13557.099970057607
15669,OK,112.500,0.44,9155.399980954826
15670,OK,124.500,0.44,16112.49998677522
15671,OK,122.500,0.44,15324.29998042062
15672,OK,99.400,0.44,15806.799987331033
15673,OK,116.900,0.44,15843.500033952296
15674,OK,100.300,0.44,15828.00003234297
15675,OK,94.100,0.44,16235.300048720092
15676,OK,108.500,0.44,15391.00002264604
15677,OK,144.400,0.44,15802.70001431927
15678,OK,168.200,0.44,15766.199969220906
15679,OK,100.800,0.44,15830.499993171543
15680,OK,115.500,0.44,16644.800023641437
15681,OK,108.500,0.44,14986.699970904738
15682,OK,109.900,0.44,15790.299978107214
15683,OK,124.900,0.44,15816.900006029755
15684,OK,182.900,0.44,15766.200027428567
15685,OK,140.400,0.44,15864.900022279471
15686,OK,148.400,0.44,19976.60001507029
15687,OK,112.600,0.44,11689.700011629611
15688,OK,155.500,0.44,15607.19998087734
15689,OK,101.400,0.44,16531.399975065142
15690,OK,105.800,0.44,15294.099983293563
15691,OK,113.500,0.44,15680.700016673654
15692,OK,109.200,0.44,15853.299992159009
15693,OK,106.600,0.44,17715.900030452758
15694,OK,98.800,0.44,15302.199986763299
15695,OK,136.100,0.44,14320.200018119067
15696,OK,127.600,0.44,16286.999976728112
15697,OK,101.100,0.44,15364.29999396205
15698,OK,163.300,0.44,15765.90002514422
15699,OK,111.700,0.44,15844.399982597679
15700,OK,104.900,0.44,16416.599974036217
15701,OK,133.700,0.44,14549.200015608221
15702,OK,94.200,0.44,18452.299991622567
15703,OK,125.800,0.44,13575.299992226064
15704,OK,259.200,0.44,15182.900009676814
15705,OK,125.600,0.44,16052.399994805455
15706,OK,105.200,0.44,15608.59999153763
15707,OK,105.100,0.44,15821.399982087314
15708,OK,114.600,0.44,15839.400002732873
15709,OK,121.600,0.44,15778.400003910065
15710,OK,117.100,0.44,15868.599992245436
15711,OK,120.800,0.44,15851.899981498718
15712,OK,106.000,0.44,15728.899976238608
15713,OK,118.200,0.44,15837.399987503886
15714,OK,95.600,0.44,15906.999993603677
15715,OK,109.500,0.44,15783.300041221082
15716,OK,94.100,0.44,16462.799976579845
15717,OK,152.000,0.44,15172.800049185753
15718,OK,108.500,0.44,15783.199982251972
15719,OK,116.600,0.44,15943.899983540177
15720,OK,126.500,0.44,15672.999958042055
15721,OK,98.500,0.44,15871.800016611814
15722,OK,146.800,0.44,15731.899999082088
15723,OK,95.800,0.44,15897.69998099655
15724,OK,149.100,0.44,15753.89999197796
15725,OK,106.400,0.44,19244.799972511828
15726,OK,99.900,0.44,13314.099982380867
15727,OK,98.800,0.44,17969.900043681264
15728,OK,92.600,0.44,16464.400046970695
15729,OK,105.100,0.44,12210.200016852468
15730,OK,113.800,0.44,15892.399998847395
15731,OK,112.900,0.44,15755.4000033997
15732,OK,107.800,0.44,15799.000044353306
15733,OK,99.300,0.44,15886.000008322299
15734,OK,177.800,0.44,17283.399996813387
15735,OK,112.700,0.44,14465.600019320846
15736,OK,112.300,0.44,15587.600006256253
15737,OK,114.300,0.44,16134.49997967109
15738,OK,115.400,0.44,15637.00003316626
15739,OK,112.400,0.44,15691.49998249486
15740,OK,130.200,0.44,16531.69997734949
15741,OK,108.100,0.44,15435.800014529377
15742,OK,107.800,0.44,15463.59999338165
15743,OK,109.400,0.44,16709.39999166876
15744,OK,132.400,0.44,14939.400018192828
15745,OK,125.900,0.44,15799.599990714341
15746,OK,129.400,0.44,16251.59999821335
15747,OK,143.200,0.44,15830.499993171543
15748,OK,354.400,0.44,16826.099948957562
15749,OK,127.200,0.44,15070.999972522259
15750,OK,126.900,0.44,14733.999967575073
15751,OK,124.400,0.44,15805.600036401302
15752,OK,117.300,0.44,21998.79998806864
15753,OK,199.200,0.44,9416.400047484785
15754,OK,108.700,0.44,16411.49999340996
15755,OK,115.000,0.44,15195.39998844266
15756,OK,110.500,0.44,16003.499971702695
15757,OK,126.400,0.44,15675.900038331747
15758,OK,107.000,0.44,16059.400048106909
15759,OK,95.700,0.44,17511.500045657158
15760,OK,117.400,0.44,14904.699986800551
15761,OK,108.900,0.44,14765.70003433153
15762,OK,119.700,0.44,20459.799969103187
15763,OK,124.700,0.44,14690.700045321137
15764,OK,123.500,0.44,12422.800005879253
15765,OK,108.300,0.44,15616.499993484467
15766,OK,139.700,0.44,15847.30000467971
15767,OK,108.900,0.44,15869.800001382828
15768,OK,106.400,0.44,15755.4000033997
15769,OK,173.200,0.44,16142.399981617928
15770,OK,138.300,0.44,16094.80002662167
15771,OK,107.500,0.44,15095.800044946373
15772,OK,115.800,0.44,17900.099977850914
15773,OK,148.400,0.44,15031.299961265177
15774,OK,99.600,0.44,14351.600024383515
15775,OK,104.300,0.44,15832.699951715767
15776,OK,98.800,0.44,16551.800013985485
15777,OK,119.800,0.44,15085.999970324337
15778,OK,136.400,0.44,17694.69998544082
15779,OK,106.900,0.44,13937.000010628253
15780,OK,234.400,0.44,15711.299958638847
15781,OK,138.100,0.44,15754.499996546656
15782,OK,110.200,0.44,15832.100005354732
15783,OK,106.300,0.44,15846.299997065216
15784,OK,110.600,0.44,15958.39997753501
15785,OK,124.100,0.44,15647.399995941669
15786,OK,107.900,0.44,16010.100021958351
15787,OK,125.100,0.44,15707.99999171868
15788,OK,143.000,0.44,15729.999984614551
15789,OK,148.500,0.44,15883.400046732277
15790,OK,112.900,0.44,15704.500023275614
15791,OK,138.100,0.44,15832.900011446327
15792,OK,118.300,0.44,15785.900002811104
15793,OK,117.300,0.44,15870.400005951524
15794,OK,105.400,0.44,15751.200029626489
15795,OK,115.200,0.44,18232.200003694743
15796,OK,123.300,0.44,15568.799979519099
15797,OK,104.200,0.44,22230.700007639825
15798,OK,106.600,0.44,7776.400016155094
15799,OK,136.800,0.44,16447.799978777766
15800,OK,111.600,0.44,15076.200012117624
15801,OK,135.300,0.44,14809.200016316026
15802,OK,120.600,0.44,15836.89998369664
15803,OK,122.100,0.44,15759.999980218709
15804,OK,115.800,0.44,15763.600007630885
15805,OK,106.800,0.44,15829.199983272702
15806,OK,119.100,0.44,16258.399991784245
15807,OK,131.200,0.44,17552.200006321073
15808,OK,100.300,0.44,13588.600035291165
15809,OK,116.900,0.44,17226.400028448552
15810,OK,133.200,0.44,16666.2999545224
15811,OK,120.100,0.44,13581.599981989712
15812,OK,106.400,0.44,15816.800005268306
15813,OK,104.900,0.44,15844.000037759542
15814,OK,106.900,0.44,17150.000028777868
15815,OK,103.000,0.44,14512.999972794205
15816,OK,124.900,0.44,15908.600005786866
15817,OK,113.400,0.44,15957.899973727763
15818,OK,98.200,0.44,15608.099987730384
15819,OK,113.300,0.44,16927.30002105236
15820,OK,102.300,0.44,14720.100036356598
15821,OK,126.300,0.44,15801.600005943328
15822,OK,105.400,0.44,15987.100021447986
15823,OK,98.200,0.44,15682.600031141192
15824,OK,94.500,0.44,15845.100046135485
15825,OK,100.800,0.44,17096.000025048852
15826,OK,119.100,0.44,14587.80001848936
15827,OK,111.200,0.44,18609.10002142191
15828,OK,103.900,0.44,13005.300017539412
15829,OK,102.200,0.44,15908.00000121817
15830,OK,137.500,0.44,15734.200016595423
15831,OK,110.800,0.44,16575.300018303096
15832,OK,146.000,0.44,14982.699998654425
15833,OK,98.800,0.44,15860.4999887757
15834,OK,111.500,0.44,26222.000014968216
15835,OK,111.300,0.44,9307.199972681701
15836,OK,157.800,0.44,11643.000005278736
15837,OK,107.800,0.44,16098.799998871982
15838,OK,119.100,0.44,15555.200050584972
15839,OK,108.300,0.44,16859.40002789721
15840,OK,113.300,0.44,15372.399997431785
15841,OK,111.500,0.44,15182.00000282377
15842,OK,127.400,0.44,15818.99996381253
15843,OK,99.000,0.44,15957.799972966313
15844,OK,128.400,0.44,16449.599992483854
15845,OK,146.100,0.44,26253.499963786453
15846,OK,120.200,0.44,21219.300047960132
15847,OK,122.800,0.44,24610.300024505705
15848,OK,126.700,0.44,10359.600011724979
15849,OK,99.700,0.44,14002.80004600063
15850,OK,140.500,0.44,13839.299965184182
15851,OK,109.400,0.44,22832.499991636723
15852,OK,124.600,0.44,30476.60004813224
15853,OK,110.900,0.44,17727.700003888458
15854,OK,106.300,0.44,9386.799996718764
15855,OK,162.700,0.44,17214.399995282292
15856,OK,120.900,0.44,13136.700028553605
15857,OK,194.700,0.44,19736.40004871413
15858,OK,122.100,0.44,17632.799979764968
15859,OK,112.800,0.44,10182.799946051091
15860,OK,104.800,0.44,18059.599970001727
15861,OK,157.400,0.44,14896.799984853715
15862,OK,104.600,0.44,15821.89998589456
15863,OK,98.500,0.44,14755.699958186597
15864,OK,129.300,0.44,16379.599983338267
15865,OK,108.200,0.44,17416.800023056567
15866,OK,144.900,0.44,13810.599979478866
15867,OK,95.300,0.44,15558.40001674369
15868,OK,150.700,0.44,15259.499952662736
15869,OK,114.800,0.44,16098.599997349083
15870,OK,120.300,0.44,17593.600030522794
15871,OK,129.500,0.44,13650.300039444119
15872,OK,113.200,0.44,16700.199979823083
15873,OK,139.600,0.44,14675.899990834296
15874,OK,104.100,0.44,15861.099993344396
15875,OK,153.900,0.44,16731.69998684898
15876,OK,135.300,0.44,15160.100010689348
15877,OK,110.900,0.44,18033.400003332645
15878,OK,192.200,0.44,16188.299981877208
15879,OK,116.700,0.44,15753.399988170713
15880,OK,212.600,0.44,14287.799946032465
15881,OK,124.300,0.44,14358.40001795441
15882,OK,115.500,0.44,15698.300034273416
15883,OK,145.300,0.44,15721.700037829578
15884,OK,129.500,0.44,15796.600026078522
15885,OK,146.400,0.44,15914.299990981817
15886,OK,106.400,0.44,15697.60002894327
15887,OK,119.200,0.44,15803.499962203205
15888,OK,102.300,0.44,15825.500013306737
15889,OK,125.100,0.44,15789.000026416034
15890,OK,72.900,0.44,15880.200022365898
15891,OK,94.200,0.44,15859.399980399758
15892,OK,135.200,0.44,15763.100003823638
15893,OK,77.900,0.44,15988.599974662066
15894,OK,113.000,0.44,15741.400013212115
15895,OK,97.000,0.44,15784.399991389364
15896,OK,82.000,0.44,15874.299977440387
15897,OK,72.300,0.44,15863.300010096282
15898,OK,79.900,0.44,15883.699990808964
15899,OK,112.700,0.44,15846.599999349564
15900,OK,104.100,0.44,15826.700022444129
15901,OK,82.600,0.44,15715.099987573922
15902,OK,111.800,0.44,16014.900000300258
15903,OK,133.700,0.44,15599.199978169054
15904,OK,106.400,0.44,15789.700031746179
15905,OK,103.700,0.44,15850.599971599877
15906,OK,90.000,0.44,15823.199995793402
15907,OK,97.900,0.44,15829.3999847956
15908,OK,82.100,0.44,15897.500037681311
15909,OK,89.400,0.44,15823.299996554852
15910,OK,86.100,0.44,15830.399992410094
15911,OK,95.600,0.44,15911.400027107447
15912,OK,88.700,0.44,15854.400000534952
15913,OK,110.700,0.44,15812.499972525984
15914,OK,96.400,0.44,15838.499995879829
15915,OK,107.000,0.44,15819.500025827438
15916,OK,84.000,0.44,15883.799991570413
15917,OK,128.100,0.44,15773.499966599047
15918,OK,102.900,0.44,15850.100026000291
15919,OK,75.600,0.44,15873.499971348792
15920,OK,99.200,0.44,15781.399968545884
15921,OK,97.100,0.44,15843.899978790432
15922,OK,93.800,0.44,15833.100012969226
15923,OK,91.700,0.44,15953.699999954551
15924,OK,117.100,0.44,15909.699955955148
15925,OK,123.800,0.44,15685.90005626902
15926,OK,175.600,0.44,16848.60000386834
15927,OK,158.200,0.44,14927.900047041476
15928,OK,131.500,0.44,15735.900029540062
15929,OK,118.500,0.44,15459.799964446574
15930,OK,94.900,0.44,15789.60003098473
15931,OK,116.500,0.44,15872.700023464859
15932,OK,108.600,0.44,15805.59997819364
15933,OK,101.300,0.44,15965.7999756746
15934,OK,127.300,0.44,15842.100023292005
15935,OK,205.000,0.44,15328.400011640042
15936,OK,99.600,0.44,15847.700007725507
15937,OK,115.800,0.44,15830.099990125746
15938,OK,118.100,0.44,15771.999955177307
15939,OK,73.400,0.44,15867.499983869493
15940,OK,102.400,0.44,15872.900024987757
15941,OK,110.300,0.44,15836.599981412292
15942,OK,97.000,0.44,15810.900018550456
15943,OK,130.100,0.44,15837.799990549684
15944,OK,146.200,0.44,15776.999993249774
15945,OK,124.500,0.44,15714.800043497235
15946,OK,116.700,0.44,15831.799944862723
15947,OK,113.900,0.44,15781.299967784435
15948,OK,125.400,0.44,15865.299967117608
15949,OK,104.300,0.44,15538.699983153492
15950,OK,79.200,0.44,15854.7000028193
15951,OK,113.300,0.44,15828.400035388768
15952,OK,128.000,0.44,15779.00000847876
15953,OK,98.000,0.44,15802.199952304363
15954,OK,101.900,0.44,15845.400048419833
15955,OK,75.500,0.44,15883.299987763166
15956,OK,109.200,0.44,15827.99997413531
15957,OK,80.900,0.44,15855.799952987581
15958,OK,98.100,0.44,15862.00000019744
15959,OK,73.600,0.44,15889.999980572611
15960,OK,94.700,0.44,15849.000017624348
15961,OK,88.800,0.44,15900.200000032783
15962,OK,104.100,0.44,15846.399997826666
15963,OK,144.900,0.44,15662.499994505197
15964,OK,236.500,0.44,15909.200010355562
15965,OK,121.900,0.44,15605.300024617463
15966,OK,95.200,0.44,15818.600018974394
15967,OK,207.700,0.44,15717.400005087256
15968,OK,118.500,0.44,15812.599973287433
15969,OK,114.000,0.44,15853.699995204806
15970,OK,93.400,0.44,15899.699996225536
15971,OK,112.300,0.44,15760.500042233616
15972,OK,110.800,0.44,15799.300046637654
15973,OK,114.600,0.44,15824.100002646446
15974,OK,94.300,0.44,15812.000026926398
15975,OK,87.800,0.44,15863.900014664978
15976,OK,90.500,0.44,15855.200006626546
15977,OK,97.900,0.44,15865.500026848167
15978,OK,97.900,0.44,15813.299978617579
15979,OK,71.600,0.44,15893.600007984787
15980,OK,65.200,0.44,15890.999988187104
15981,OK,69.200,0.44,15876.699995715171
15982,OK,67.800,0.44,15919.600031338632
15983,OK,114.000,0.44,15856.700018048286
15984,OK,85.800,0.44,15793.300000950694
15985,OK,102.700,0.44,15959.199983626604
15986,OK,70.000,0.44,15963.999961968511
15987,OK,103.200,0.44,15731.199993751943
15988,OK,84.500,0.44,15824.400004930794
15989,OK,157.500,0.44,15777.099994011223
15990,OK,83.500,0.44,15880.600025411695
15991,OK,89.700,0.44,15832.700009923428
15992,OK,75.500,0.44,15832.900011446327
15993,OK,59.700,0.44,15963.500016368926
15994,OK,83.700,0.44,15844.29998183623
15995,OK,102.800,0.44,15819.000022020191
15996,OK,79.700,0.44,15932.800015434623
15997,OK,100.800,0.44,15786.200005095452
15998,OK,97.200,0.44,15836.399979889393
15999,OK,99.700,0.44,15847.399947233498
16000,OK,125.200,0.44,15783.199982251972
16001,OK,94.900,0.44,15707.300044596195
16002,OK,92.800,0.44,15868.499991483986
16003,OK,102.600,0.44,15843.800036236644
16004,OK,101.200,0.44,15853.09999063611
16005,OK,95.700,0.44,15825.300011783838
16006,OK,106.200,0.44,15892.199997324497
16007,OK,116.300,0.44,15738.499991130084
16008,OK,88.400,0.44,16121.499997097999
16009,OK,238.000,0.44,15420.200012158602
16010,OK,84.600,0.44,15766.200027428567
16011,OK,111.000,0.44,15994.899964425713
16012,OK,108.200,0.44,15689.99997107312
16013,OK,205.000,0.44,15769.099991302937
16014,OK,100.000,0.44,15746.50005204603
16015,OK,98.100,0.44,15834.999969229102
16016,OK,89.100,0.44,15839.200001209974
16017,OK,103.000,0.44,15837.499988265336
16018,OK,99.300,0.44,15800.099994521588
16019,OK,94.000,0.44,15847.30000467971
16020,OK,113.200,0.44,15841.200016438961
16021,OK,116.800,0.44,15815.200051292777
16022,OK,99.500,0.44,15851.600037422031
16023,OK,95.400,0.44,15831.900003831834
16024,OK,115.100,0.44,15813.400037586689
16025,OK,141.000,0.44,15815.799997653812
16026,OK,113.000,0.44,15847.900009248406
16027,OK,92.400,0.44,15811.69996643439
16028,OK,90.000,0.44,15874.200034886599
16029,OK,90.300,0.44,15844.399982597679
16030,OK,88.300,0.44,15829.3999847956
16031,OK,90.800,0.44,15868.2000474073
16032,OK,104.300,0.44,15834.999969229102
16033,OK,97.100,0.44,15820.199972949922
16034,OK,116.900,0.44,16020.000039134175
16035,OK,226.000,0.44,15335.599950049073
16036,OK,114.600,0.44,15834.100020583719
16037,OK,127.500,0.44,15826.599963475019
16038,OK,106.000,0.44,15767.29997759685
16039,OK,117.700,0.44,15826.29996119067
16040,OK,144.300,0.44,15825.500013306737
16041,OK,94.700,0.44,15863.900014664978
16042,OK,142.400,0.44,15788.999968208373
16043,OK,127.500,0.44,15785.800002049655
16044,OK,120.400,0.44,15827.699971850961
16045,OK,118.200,0.44,15825.899958144873
16046,OK,127.500,0.44,16119.90004312247
16047,OK,130.500,0.44,15478.599991183728
16048,OK,141.800,0.44,15746.999997645617
16049,OK,130.900,0.44,15974.199981428683
16050,OK,138.700,0.44,15466.700016986579
16051,OK,103.700,0.44,15758.900030050427
16052,OK,112.400,0.44,15833.499957807362
16053,OK,108.300,0.44,15788.599965162575
16054,OK,108.700,0.44,15789.999975822866
16055,OK,103.200,0.44,15784.400049597025
16056,OK,104.800,0.44,15906.799992080778
16057,OK,107.300,0.44,15761.899994686246
16058,OK,87.300,0.44,15916.700009256601
16059,OK,108.200,0.44,15770.900005009025
16060,OK,101.600,0.44,15855.400008149445
16061,OK,92.600,0.44,15827.800030820072
16062,OK,131.900,0.44,15851.300035137683
16063,OK,101.200,0.44,15778.500004671514
16064,OK,119.400,0.44,15861.599997151643
16065,OK,98.700,0.44,15802.100009750575
16066,OK,90.000,0.44,15837.999992072582
16067,OK,111.000,0.44,15827.699971850961
16068,OK,104.100,0.44,15837.499988265336
16069,OK,100.100,0.44,15808.80000256002
16070,OK,106.100,0.44,15832.40000763908
16071,OK,70.300,0.44,16014.900000300258
16072,OK,71.100,0.44,15800.499997567385
16073,OK,120.800,0.44,15812.400029972196
16074,OK,105.100,0.44,15802.500012796372
16075,OK,104.000,0.44,15835.700032766908
16076,OK,76.000,0.44,15864.500019233674
16077,OK,65.100,0.44,15882.499981671572
16078,OK,100.400,0.44,15866.400033701211
16079,OK,130.600,0.44,15819.600026588887
16080,OK,109.300,0.44,15793.400001712143
16081,OK,95.200,0.44,15800.599998328835
16082,OK,67.500,0.44,15887.20001745969
16083,OK,72.000,0.44,15842.9000293836
16084,OK,60.500,0.44,15912.199974991381
16085,OK,68.200,0.44,15869.099996052682
16086,OK,64.300,0.44,15872.50002194196
16087,OK,91.900,0.44,15838.700055610389
16088,OK,68.200,0.44,15884.29999537766
16089,OK,67.900,0.44,15892.399998847395
16090,OK,87.400,0.44,15924.600011203438
16091,OK,81.100,0.44,15813.599980901927
16092,OK,66.700,0.44,15924.500010441989
16093,OK,83.300,0.44,15869.299997575581
16094,OK,62.600,0.44,15894.699958153069
16095,OK,103.800,0.44,15852.399985305965
16096,OK,64.000,0.44,15863.300010096282
16097,OK,81.900,0.44,15844.599984120578
16098,OK,73.600,0.44,15917.900018393993
16099,OK,92.000,0.44,15833.000012207776
16100,OK,70.800,0.44,15875.899989623576
16101,OK,95.900,0.44,15714.699984528124
16102,OK,98.200,0.44,16056.900029070675
16103,OK,317.400,0.44,15266.700007487088
16104,OK,83.700,0.44,15869.999944698066
16105,OK,68.800,0.44,15923.300001304597
16106,OK,117.700,0.44,15823.099995031953
16107,OK,94.200,0.44,15909.60001340136
16108,OK,104.100,0.44,15756.400011014193
16109,OK,110.000,0.44,15841.699962038547
16110,OK,115.700,0.44,15776.999993249774
16111,OK,74.200,0.44,15881.699975579977
16112,OK,83.300,0.44,15859.199978876859
16113,OK,68.000,0.44,15873.79997363314
16114,OK,91.200,0.44,15882.500039879233
16115,OK,78.900,0.44,15850.500029046088
16116,OK,114.900,0.44,15816.600003745407
16117,OK,119.900,0.44,15815.099992323667
16118,OK,120.100,0.44,15844.000037759542
16119,OK,87.500,0.44,15855.800011195242
16120,OK,85.600,0.44,15832.50000840053
16121,OK,91.800,0.44,15874.10003412515
16122,OK,89.500,0.44,15800.799999851733
16123,OK,95.800,0.44,15834.800025913864
16124,OK,89.400,0.44,15863.100008573383
16125,OK,103.600,0.44,15819.700027350336
16126,OK,95.900,0.44,15890.29998285696
16127,OK,98.400,0.44,15825.10001026094
16128,OK,90.300,0.44,15827.500028535724
16129,OK,105.600,0.44,15815.700055100024
16130,OK,94.200,0.44,15865.600027609617
16131,OK,91.000,0.44,15834.999969229102
16132,OK,71.000,0.44,15902.700019069016
16133,OK,109.100,0.44,15841.399959754199
16134,OK,85.600,0.44,16197.199991438538
16135,OK,226.700,0.44,15301.599982194602
16136,OK,85.200,0.44,15872.900024987757
16137,OK,95.000,0.44,15855.199948418885
16138,OK,113.100,0.44,15763.500006869435
16139,OK,92.200,0.44,15846.199996303767
16140,OK,70.900,0.44,15946.800005622208
16141,OK,76.400,0.44,15819.09996457398
16142,OK,117.800,0.44,15837.200044188648
16143,OK,92.400,0.44,15844.50004156679
16144,OK,98.700,0.44,15771.899954415858
16145,OK,98.700,0.44,15843.999979551882
16146,OK,105.500,0.44,15833.099954761565
16147,OK,124.500,0.44,15814.59998851642
16148,OK,95.700,0.44,15754.599997308105
16149,OK,110.200,0.44,15864.400018472224
16150,OK,121.300,0.44,15787.399956025183
16151,OK,117.100,0.44,15817.400009837002
16152,OK,125.100,0.44,15802.90001584217
16153,OK,103.200,0.44,15905.09997913614
16154,OK,121.000,0.44,15653.999987989664
16155,OK,83.000,0.44,15876.399993430823
16156,OK,117.600,0.44,15809.000004082918
16157,OK,75.300,0.44,15917.900018393993
16158,OK,63.000,0.44,15870.500006712973
16159,OK,88.900,0.44,15829.099982511252
16160,OK,62.700,0.44,15893.900010269135
16161,OK,58.200,0.44,15931.60000629723
16162,OK,74.500,0.44,15898.99999089539
16163,OK,76.600,0.44,15893.20000493899
16164,OK,62.800,0.44,15891.000046394765
16165,OK,84.600,0.44,15856.900019571185
16166,OK,60.000,0.44,15939.00000443682
16167,OK,70.100,0.44,15889.000031165779
16168,OK,62.400,0.44,15857.099962886423
16169,OK,64.000,0.44,15897.999983280897
16170,OK,83.800,0.44,15825.700014829636
16171,OK,59.100,0.44,15915.700001642108
16172,OK,70.200,0.44,15908.600005786866
16173,OK,68.300,0.44,15887.800022028387
16174,OK,67.700,0.44,15875.199984293431
16175,OK,57.900,0.44,15911.299968138337
16176,OK,93.900,0.44,15853.19999139756
16177,OK,102.500,0.44,15848.000010009855
16178,OK,78.600,0.44,15862.899948842824
16179,OK,58.400,0.44,15894.100011792034
16180,OK,59.300,0.44,15902.20001526177
16181,OK,61.400,0.44,15972.799970768392
16182,OK,105.300,0.44,15684.899990446866
16183,OK,73.600,0.44,15877.700003329664
16184,OK,76.600,0.44,15915.39999935776
16185,OK,78.600,0.44,15863.900014664978
16186,OK,63.600,0.44,15894.80001712218
16187,OK,112.800,0.44,15824.399946723133
16188,OK,81.300,0.44,15863.200009334832
16189,OK,103.400,0.44,15896.700031589717
16190,OK,93.200,0.44,15773.000020999461
16191,OK,74.400,0.44,15894.59995739162
16192,OK,102.400,0.44,15836.599981412292
16193,OK,81.200,0.44,15884.799999184906
16194,OK,91.800,0.44,15911.299968138337
16195,OK,80.500,0.44,15768.099983688444
16196,OK,61.100,0.44,15911.800030153245
16197,OK,80.300,0.44,15894.799958914518
16198,OK,54.100,0.44,15893.10000417754
16199,OK,93.200,0.44,15910.499962046742
16200,OK,65.800,0.44,15944.099985063076
16201,OK,95.900,0.44,15616.899996530265
16202,OK,98.400,0.44,15881.100029218942
16203,OK,103.100,0.44,33198.899996932596
16204,OK,107.400,0.44,33365.000039339066
16205,OK,121.000,0.44,37043.699994683266
16206,OK,83.100,0.44,28978.999995160848
16207,OK,102.700,0.44,10548.599995672703
16208,OK,127.500,0.44,15955.900016706437
16209,OK,115.300,0.44,25222.399970516562
16210,OK,147.100,0.44,6241.599970962852
16211,OK,180.900,0.44,15609.799942467362
16212,OK,126.000,0.44,15833.800018299371
16213,OK,130.200,0.44,15780.5000199005
16214,OK,109.700,0.44,15848.299954086542
16215,OK,93.700,0.44,15818.600018974394
16216,OK,101.800,0.44,15852.400043513626
16217,OK,92.600,0.44,15818.699961528182
16218,OK,90.100,0.44,15871.900017373264
16219,OK,101.000,0.44,15830.99999697879
16220,OK,64.700,0.44,15876.299992669374
16221,OK,89.700,0.44,15865.20002456382
16222,OK,87.600,0.44,15855.700010433793
16223,OK,83.500,0.44,15857.199963647872
16224,OK,122.300,0.44,15812.699974048883
16225,OK,93.200,0.44,15847.700007725507
16226,OK,114.100,0.44,15828.200033865869
16227,OK,86.200,0.44,15873.700031079352
16228,OK,84.600,0.44,15842.000022530556
16229,OK,122.600,0.44,15844.699984882027
16230,OK,95.200,0.44,15931.80000782013
16231,OK,106.500,0.44,15746.999997645617
16232,OK,86.800,0.44,15850.399970076978
16233,OK,123.500,0.44,15854.800003580749
16234,OK,78.800,0.44,15833.999961614609
16235,OK,75.900,0.44,15883.099986240268
16236,OK,91.000,0.44,15857.999969739467
16237,OK,102.000,0.44,15843.299974221736
16238,OK,80.100,0.44,15903.100022114813
16239,OK,115.500,0.44,15814.999991562217
16240,OK,115.200,0.44,15811.099961865693
16241,OK,99.500,0.44,15887.30001822114
16242,OK,99.500,0.44,15822.499990463257
16243,OK,105.600,0.44,15843.199973460287
16244,OK,91.400,0.44,15837.799990549684
16245,OK,115.800,0.44,15799.399989191443
16246,OK,87.200,0.44,15825.299953576177
16247,OK,83.200,0.44,15866.100031416863
16248,OK,81.100,0.44,15840.600011870265
16249,OK,105.500,0.44,15821.100038010627
16250,OK,85.100,0.44,15873.89997439459
16251,OK,117.800,0.44,15800.900000613183
16252,OK,95.700,0.44,15880.599967204034
16253,OK,112.800,0.44,15787.000011187047
16254,OK,78.500,0.44,15882.999985478818
16255,OK,101.900,0.44,15881.799976341426
16256,OK,91.900,0.44,15835.199970752
16257,OK,83.200,0.44,15877.800004091114
16258,OK,87.500,0.44,15816.600003745407
16259,OK,74.300,0.44,15880.400023888797
16260,OK,63.800,0.44,15867.499983869493
16261,OK,65.200,0.44,15928.100037854165
16262,OK,90.500,0.44,15887.900022789836
16263,OK,121.300,0.44,15812.000026926398
16264,OK,116.000,0.44,15766.699973028153
16265,OK,102.800,0.44,15836.89998369664
16266,OK,114.000,0.44,15834.300022106618
16267,OK,120.700,0.44,15829.099982511252
16268,OK,108.700,0.44,15833.199955523014
16269,OK,101.100,0.44,15789.000026416034
16270,OK,94.400,0.44,15828.00003234297
16271,OK,94.700,0.44,15799.099986907095
16272,OK,96.000,0.44,15875.899989623576
16273,OK,104.900,0.44,15807.900053914636
16274,OK,122.000,0.44,15878.40000865981
16275,OK,133.400,0.44,15714.300039689988
16276,OK,156.500,0.44,15783.999988343567
16277,OK,109.200,0.44,15874.199976678938
16278,OK,116.800,0.44,15768.200042657554
16279,OK,108.900,0.44,15836.599981412292
16280,OK,107.900,0.44,15844.499983359128
16281,OK,116.300,0.44,15824.300004169345
16282,OK,104.700,0.44,15832.200006116182
16283,OK,85.600,0.44,15858.500031754375
16284,OK,92.900,0.44,15816.600003745407
16285,OK,141.200,0.44,15752.199979033321
16286,OK,93.700,0.44,15853.399992920458
16287,OK,82.000,0.44,15849.899966269732
16288,OK,76.400,0.44,15883.900050539523
16289,OK,72.400,0.44,15862.200001720339
16290,OK,85.400,0.44,15887.500019744039
16291,OK,90.200,0.44,15848.199953325093
16292,OK,63.700,0.44,15905.00003658235
16293,OK,68.700,0.44,15899.599995464087
16294,OK,96.400,0.44,15840.500011108816
16295,OK,100.400,0.44,15880.300023127347
16296,OK,68.300,0.44,15851.999982260168
16297,OK,64.600,0.44,15885.400003753603
16298,OK,81.400,0.44,15865.700028371066
16299,OK,62.300,0.44,15910.79996433109
16300,OK,90.400,0.44,15820.400032680482
16301,OK,77.600,0.44,15796.200023032725
16302,OK,85.800,0.44,15790.900040883571
16303,OK,64.800,0.44,15885.90000756085
16304,OK,66.100,0.44,15903.100022114813
16305,OK,87.900,0.44,15861.799998674542
16306,OK,90.500,0.44,15866.000030655414
16307,OK,81.800,0.44,15890.19998209551
16308,OK,98.400,0.44,15828.700037673116
16309,OK,90.000,0.44,15866.60003522411
16310,OK,93.000,0.44,15822.999994270504
16311,OK,80.900,0.44,15842.299966607243
16312,OK,59.300,0.44,15898.499987088144
16313,OK,55.900,0.44,15894.100011792034
16314,OK,54.200,0.44,15920.200035907328
16315,OK,91.600,0.44,15880.300023127347
16316,OK,69.500,0.44,15873.299969825894
16317,OK,62.200,0.44,15914.699994027615
16318,OK,86.200,0.44,15857.59996669367
16319,OK,88.700,0.44,15870.200004428625
16320,OK,83.000,0.44,15833.099954761565
16321,OK,82.600,0.44,15897.200035396963
16322,OK,103.100,0.44,15850.499970838428
16323,OK,88.400,0.44,15837.799990549684
16324,OK,76.100,0.44,15887.899964582175
16325,OK,90.900,0.44,15841.000014916062
16326,OK,81.000,0.44,15874.199976678938
16327,OK,65.500,0.44,15884.799999184906
16328,OK,81.300,0.44,15863.100008573383
16329,OK,64.500,0.44,15870.600007474422
16330,OK,59.500,0.44,15912.49997727573
16331,OK,60.500,0.44,15935.599978547543
16332,OK,82.000,0.44,15823.3999973163
16333,OK,77.800,0.44,15880.099963396788
16334,OK,67.300,0.44,15898.000041488558
16335,OK,57.600,0.44,15863.599954172969
16336,OK,87.900,0.44,15907.90000045672
16337,OK,82.600,0.44,15847.700007725507
16338,OK,95.300,0.44,15839.90000654012
16339,OK,97.900,0.44,15836.299979127944
16340,OK,98.800,0.44,15833.69995933026
16341,OK,96.800,0.44,15837.199985980988
16342,OK,104.200,0.44,15881.899977102876
16343,OK,78.200,0.44,15823.099995031953
16344,OK,66.100,0.44,15878.40000865981
16345,OK,74.700,0.44,15869.299997575581
16346,OK,71.400,0.44,15904.500032775104
16347,OK,98.700,0.44,17194.700019899756
16348,OK,238.900,0.44,14051.60001013428
16349,OK,103.900,0.44,15767.800039611757
16350,OK,106.500,0.44,15866.299974732101
16351,OK,118.000,0.44,15762.299997732043
16352,OK,111.400,0.44,15871.400013566017
16353,OK,105.600,0.44,15871.200012043118
16354,OK,136.300,0.44,15703.800017945468
16355,OK,100.200,0.44,15772.400016430765
16356,OK,94.400,0.44,15856.800018809736
16357,OK,106.000,0.44,15820.799977518618
16358,OK,76.600,0.44,15859.399980399758
16359,OK,109.200,0.44,15841.000014916062
16360,OK,90.600,0.44,15900.70000384003
16361,OK,105.500,0.44,15781.799971591681
16362,OK,107.000,0.44,15840.199950616807
16363,OK,88.700,0.44,15881.29997253418
16364,OK,80.100,0.44,15853.999997489154
16365,OK,123.900,0.44,15877.800004091114
16366,OK,100.200,0.44,15846.900001633912
16367,OK,93.700,0.44,15859.199978876859
16368,OK,114.500,0.44,15873.999975156039
16369,OK,102.400,0.44,15785.499999765307
16370,OK,93.400,0.44,15833.400015253574
16371,OK,94.900,0.44,15868.899994529784
16372,OK,107.400,0.44,15786.200005095452
16373,OK,94.300,0.44,15840.600011870265
16374,OK,87.600,0.44,15875.999990385026
16375,OK,91.900,0.44,15903.400024399161
16376,OK,96.100,0.44,15764.600015245378
16377,OK,137.900,0.44,15778.100001625717
16378,OK,90.900,0.44,15826.599963475019
16379,OK,69.400,0.44,15894.80001712218
16380,OK,79.700,0.44,15862.600004766136
16381,OK,85.900,0.44,15889.799979049712
16382,OK,82.800,0.44,15832.300006877631
16383,OK,78.200,0.44,15885.200002230704
