bloco,status,tempo_python_us,tempo_fpga_us,rtt_total_us
0,OK,6384.300,0.44,7887.000043410808
1,OK,86.300,0.44,15503.800008445978
2,OK,176.800,0.44,15640.099998563528
3,OK,1183.300,0.44,14594.700012821704
4,OK,305.700,0.44,15579.500002786517
5,OK,153.500,0.44,15641.600009985268
6,OK,84.100,0.44,15812.799974810332
7,OK,68.400,0.44,15944.299986585975
8,OK,64.100,0.44,15894.200012553483
9,OK,66.400,0.44,15892.200055532157
10,OK,60.500,0.44,15878.30000789836
11,OK,64.700,0.44,15966.599981766194
12,OK,52.500,0.44,15929.599991068244
13,OK,72.100,0.44,15868.999995291233
14,OK,73.300,0.44,15961.600001901388
15,OK,63.200,0.44,15838.39999511838
16,OK,65.700,0.44,15948.699961882085
17,OK,69.100,0.44,15789.999975822866
18,OK,63.400,0.44,15985.399950295687
19,OK,70.800,0.44,15887.000015936792
20,OK,67.100,0.44,15868.499991483986
21,OK,91.400,0.44,15828.599978704005
22,OK,71.700,0.44,15856.600017286837
23,OK,66.800,0.44,15931.80000782013
24,OK,64.600,0.44,15955.999959260225
25,OK,77.800,0.44,15882.499981671572
26,OK,66.600,0.44,15852.299984544516
27,OK,68.900,0.44,15976.499998942018
28,OK,76.100,0.44,15882.999985478818
29,OK,66.100,0.44,15892.600000370294
30,OK,57.500,0.44,15928.79998497665
31,OK,65.700,0.44,15942.300029564649
32,OK,60.300,0.44,15748.10000602156
33,OK,64.700,0.44,16002.300020772964
34,OK,65.100,0.44,15823.099995031953
35,OK,72.200,0.44,15955.40001289919
36,OK,62.500,0.44,15864.199958741665
37,OK,77.700,0.44,15929.399989545345
38,OK,79.300,0.44,15837.999992072582
39,OK,62.300,0.44,15910.699963569641
40,OK,69.200,0.44,15930.499997921288
41,OK,81.000,0.44,15864.900022279471
42,OK,80.000,0.44,15934.80003066361
43,OK,64.500,0.44,15783.899987582117
44,OK,87.900,0.44,15874.999982770532
45,OK,70.800,0.44,15867.099980823696
46,OK,79.300,0.44,15891.499991994351
47,OK,56.400,0.44,15911.500027868897
48,OK,77.100,0.44,15878.0999481678
49,OK,55.200,0.44,15935.400035232306
50,OK,64.600,0.44,15909.300011117011
51,OK,74.600,0.44,15854.500001296401
52,OK,65.200,0.44,15988.299972377717
53,OK,104.200,0.44,15793.600003235042
54,OK,55.100,0.44,15973.899979144335
55,OK,59.700,0.44,15913.599985651672
56,OK,73.300,0.44,15892.699942924082
57,OK,68.800,0.44,15893.400006461889
58,OK,67.200,0.44,15849.300019908696
59,OK,63.300,0.44,15910.100017208606
60,OK,69.500,0.44,15877.400001045316
61,OK,67.800,0.44,15867.99998767674
62,OK,57.000,0.44,15908.10000197962
63,OK,48.400,0.44,15910.79996433109
64,OK,49.400,0.44,15955.30001213774
65,OK,66.900,0.44,15880.500024650246
66,OK,61.700,0.44,15924.000006634742
67,OK,59.400,0.44,15929.499990306795
68,OK,77.600,0.44,15837.00004266575
69,OK,104.800,0.44,15868.799993768334
70,OK,87.600,0.44,15856.900019571185
71,OK,104.900,0.44,15907.499997410923
72,OK,103.300,0.44,15810.20001322031
73,OK,73.900,0.44,15850.09996779263
74,OK,111.000,0.44,15867.499983869493
75,OK,103.200,0.44,15834.700025152415
76,OK,113.900,0.44,15796.69996863231
77,OK,102.300,0.44,15857.60002490133
78,OK,122.400,0.44,15756.200009491295
79,OK,81.100,0.44,15855.500008910894
80,OK,70.300,0.44,15902.500017546117
81,OK,77.800,0.44,15909.900015685707
82,OK,87.100,0.44,15847.499947994947
83,OK,94.800,0.44,15882.099978625774
84,OK,86.400,0.44,15968.899999279529
85,OK,69.600,0.44,15870.600007474422
86,OK,67.900,0.44,15860.100043937564
87,OK,111.700,0.44,15813.999983947724
88,OK,100.500,0.44,15912.49997727573
89,OK,74.600,0.44,15899.19999241829
90,OK,73.100,0.44,15787.399956025183
91,OK,60.600,0.44,15908.700006548315
92,OK,57.500,0.44,15913.99998869747
93,OK,58.800,0.44,15955.50001366064
94,OK,66.500,0.44,15858.99997735396
95,OK,51.100,0.44,15909.40001187846
96,OK,88.700,0.44,15846.800000872463
97,OK,93.000,0.44,15899.900055956095
98,OK,98.500,0.44,15872.200019657612
99,OK,63.100,0.44,15898.499987088144
100,OK,58.600,0.44,15946.40000257641
101,OK,59.200,0.44,15823.49999807775
102,OK,56.400,0.44,15881.099971011281
103,OK,67.700,0.44,16005.599987693131
104,OK,84.100,0.44,15726.499957963824
105,OK,111.400,0.44,15914.299990981817
106,OK,114.400,0.44,15702.799952123314
107,OK,107.800,0.44,15729.299979284406
108,OK,112.500,0.44,15949.60002694279
109,OK,86.500,0.44,15772.800019476563
110,OK,57.800,0.44,15827.000024728477
111,OK,67.400,0.44,15983.999997843057
112,OK,68.300,0.44,15833.200013730675
113,OK,62.700,0.44,15856.10001347959
114,OK,56.300,0.44,15899.799996986985
115,OK,48.400,0.44,15931.000001728535
116,OK,41.300,0.44,15976.599999703467
117,OK,164.900,0.44,15716.699999757111
118,OK,67.600,0.44,15891.000046394765
119,OK,71.200,0.44,15921.499987598509
120,OK,79.100,0.44,15925.899962894619
121,OK,88.600,0.44,15833.200013730675
122,OK,146.200,0.44,15757.600020151585
123,OK,67.400,0.44,15835.699974559247
124,OK,82.200,0.44,15938.500000629574
125,OK,69.800,0.44,15887.899964582175
126,OK,91.200,0.44,15865.900029893965
127,OK,70.200,0.44,15825.999958906323
128,OK,84.000,0.44,15951.499983202666
129,OK,72.400,0.44,15855.600009672344
130,OK,66.300,0.44,15898.100042250007
131,OK,66.600,0.44,15891.80005248636
132,OK,65.700,0.44,15899.500052910298
133,OK,65.800,0.44,15909.100009594113
134,OK,63.500,0.44,15888.300025835633
135,OK,74.800,0.44,15903.3999661915
136,OK,85.100,0.44,15868.2000474073
137,OK,67.300,0.44,15833.200013730675
138,OK,74.400,0.44,15878.40000865981
139,OK,68.600,0.44,15957.699972204864
140,OK,81.700,0.44,15858.199971262366
141,OK,74.800,0.44,15809.500007890165
142,OK,59.700,0.44,15937.399992253631
143,OK,36.500,0.44,15941.600024234504
144,OK,33.000,0.44,15966.700040735304
145,OK,45.600,0.44,15837.599989026785
146,OK,49.200,0.44,16045.80000275746
147,OK,72.400,0.44,15817.300009075552
148,OK,60.000,0.44,15938.900003675371
149,OK,82.600,0.44,15908.300003502518
150,OK,67.000,0.44,15873.099968302995
151,OK,60.500,0.44,15871.699957642704
152,OK,66.300,0.44,15887.000015936792
153,OK,68.200,0.44,15945.600054692477
154,OK,66.100,0.44,15858.400030992925
155,OK,60.800,0.44,15918.900026008487
156,OK,81.100,0.44,15895.200020167977
157,OK,163.900,0.44,15655.299997888505
158,OK,83.300,0.44,15956.79996535182
159,OK,72.700,0.44,15902.900020591915
160,OK,80.600,0.44,15881.099971011281
161,OK,67.800,0.44,15890.699985902756
162,OK,79.600,0.44,15883.199987001717
163,OK,86.200,0.44,15853.999997489154
164,OK,89.100,0.44,15877.500001806766
165,OK,55.600,0.44,15863.60001238063
166,OK,154.900,0.44,15744.599979370832
167,OK,98.800,0.44,15845.499990973622
168,OK,57.400,0.44,15866.60003522411
169,OK,39.500,0.44,15943.899983540177
170,OK,62.600,0.44,15932.500013150275
171,OK,40.500,0.44,15940.400015097111
172,OK,44.900,0.44,15973.799978382885
173,OK,255.400,0.44,15645.79998375848
174,OK,60.600,0.44,15922.999999020249
175,OK,81.300,0.44,15879.300015512854
176,OK,75.500,0.44,15872.999967541546
177,OK,61.800,0.44,15933.000016957521
178,OK,69.400,0.44,15812.899975571781
179,OK,71.300,0.44,15831.700002308935
180,OK,95.200,0.44,15871.900017373264
181,OK,91.900,0.44,15918.499964755028
182,OK,97.200,0.44,15769.799996633083
183,OK,106.600,0.44,15839.700005017221
184,OK,97.200,0.44,15835.199970752
185,OK,90.300,0.44,15981.700038537383
186,OK,110.800,0.44,15709.700004663318
187,OK,90.000,0.44,15910.200017970055
188,OK,126.400,0.44,15827.600029297173
189,OK,73.300,0.44,15865.20002456382
190,OK,73.400,0.44,15906.400047242641
191,OK,113.400,0.44,15818.499960005283
192,OK,117.900,0.44,15821.89998589456
193,OK,114.600,0.44,15951.099980156869
194,OK,73.900,0.44,15818.800020497292
195,OK,94.100,0.44,15895.599965006113
196,OK,69.900,0.44,15843.900036998093
197,OK,71.000,0.44,15902.00001373887
198,OK,93.900,0.44,15852.899989113212
199,OK,88.900,0.44,15847.100003156811
200,OK,89.900,0.44,15887.20001745969
201,OK,108.100,0.44,15720.799972768873
202,OK,122.100,0.44,15844.699984882027
203,OK,152.900,0.44,15770.400001201779
204,OK,102.200,0.44,15762.600000016391
205,OK,103.800,0.44,15893.000003416091
206,OK,93.500,0.44,15776.600048411638
207,OK,75.600,0.44,15869.999944698066
208,OK,78.800,0.44,15883.100044447929
209,OK,81.700,0.44,15863.70001314208
210,OK,76.400,0.44,15961.900004185736
211,OK,169.500,0.44,15669.999993406236
212,OK,130.400,0.44,7494.699966628104
213,OK,58.000,0.44,15871.199953835458
214,OK,74.100,0.44,15865.999972447753
215,OK,57.100,0.44,15917.600016109645
216,OK,61.600,0.44,15997.700043953955
217,OK,76.600,0.44,15806.299983523786
218,OK,57.500,0.44,16010.900028049946
219,OK,93.700,0.44,15838.799998164177
220,OK,54.700,0.44,15936.700045131147
221,OK,66.600,0.44,15879.000013228506
222,OK,58.400,0.44,15928.80004318431
223,OK,60.400,0.44,15852.599986828864
224,OK,144.000,0.44,15765.200019814074
225,OK,88.200,0.44,15865.300025325269
226,OK,53.500,0.44,15888.300025835633
227,OK,48.100,0.44,15935.299976263195
228,OK,50.100,0.44,15934.300026856363
229,OK,58.300,0.44,16002.500022295862
230,OK,184.700,0.44,15636.7999734357
231,OK,78.000,0.44,15845.899994019419
232,OK,62.000,0.44,15916.300006210804
233,OK,59.900,0.44,15962.70001027733
234,OK,61.600,0.44,15911.399968899786
235,OK,59.700,0.44,15903.800027444959
236,OK,71.500,0.44,15859.400038607419
237,OK,69.200,0.44,15934.100025333464
238,OK,65.000,0.44,15898.699988611042
239,OK,70.000,0.44,15908.500005025417
240,OK,67.800,0.44,15871.200012043118
241,OK,68.700,0.44,15866.300032939762
242,OK,65.300,0.44,15919.299970846623
243,OK,56.900,0.44,16151.199990417808
244,OK,67.500,0.44,15812.399971764535
245,OK,60.400,0.44,15789.199969731271
246,OK,72.400,0.44,16150.099982041866
247,OK,67.100,0.44,15563.499997369945
248,OK,75.700,0.44,15898.599987849593
249,OK,49.800,0.44,16111.200035084039
250,OK,69.500,0.44,16130.600008182228
251,OK,68.400,0.44,15774.100029375404
252,OK,73.400,0.44,15557.999955490232
253,OK,76.400,0.44,15920.499979984015
254,OK,76.800,0.44,15842.100023292005
255,OK,70.700,0.44,16380.500048398972
256,OK,55.200,0.44,15683.499979786575
257,OK,53.300,0.44,15665.299957618117
258,OK,55.000,0.44,15911.200025584549
259,OK,152.300,0.44,15763.100003823638
260,OK,77.700,0.44,15893.10000417754
261,OK,93.000,0.44,15801.900008227676
262,OK,46.700,0.44,16012.199979741126
263,OK,54.300,0.44,15953.199996147305
264,OK,56.200,0.44,15895.000018645078
265,OK,58.600,0.44,15927.899978123605
266,OK,55.800,0.44,15839.500003494322
267,OK,80.500,0.44,15860.899991821498
268,OK,69.700,0.44,15920.200035907328
269,OK,54.200,0.44,15962.500008754432
270,OK,52.800,0.44,15807.799994945526
271,OK,47.900,0.44,15951.799985487014
272,OK,80.700,0.44,15922.199992928654
273,OK,98.400,0.44,15835.50003124401
274,OK,110.900,0.44,15860.899991821498
275,OK,99.600,0.44,15871.500014327466
276,OK,148.800,0.44,15670.199994929135
277,OK,72.400,0.44,15929.299988783896
278,OK,72.200,0.44,15928.79998497665
279,OK,85.000,0.44,15784.300048835576
280,OK,103.800,0.44,15890.899987425655
281,OK,78.000,0.44,15842.600027099252
282,OK,79.000,0.44,15905.400039628148
283,OK,100.800,0.44,15857.500024139881
284,OK,74.700,0.44,15858.899976592511
285,OK,119.800,0.44,15817.900013644248
286,OK,81.800,0.44,15864.299959503114
287,OK,103.200,0.44,15891.999995801598
288,OK,97.200,0.44,15775.300038512796
289,OK,121.400,0.44,15905.500040389597
290,OK,109.000,0.44,15757.00001558289
291,OK,96.500,0.44,15836.800041142851
292,OK,103.200,0.44,15870.100003667176
293,OK,110.400,0.44,15808.299998752773
294,OK,109.300,0.44,15837.199985980988
295,OK,76.800,0.44,15837.099985219538
296,OK,76.100,0.44,15925.70001957938
297,OK,158.600,0.44,15773.500024806708
298,OK,127.600,0.44,15768.899989780039
299,OK,117.900,0.44,15834.200021345168
300,OK,121.700,0.44,15867.099980823696
301,OK,107.700,0.44,15665.400016587228
302,OK,117.000,0.44,15812.000026926398
303,OK,99.300,0.44,15913.599985651672
304,OK,98.500,0.44,15809.300006367266
305,OK,72.100,0.44,15838.199993595481
306,OK,93.700,0.44,15989.300038199872
307,OK,190.900,0.44,15668.999985791743
308,OK,129.900,0.44,15752.199979033321
309,OK,116.600,0.44,15802.90001584217
310,OK,98.100,0.44,15889.399976003915
311,OK,107.800,0.44,15807.30004934594
312,OK,92.300,0.44,15862.10000095889
313,OK,74.600,0.44,15883.300045970827
314,OK,122.100,0.44,15823.49999807775
315,OK,90.300,0.44,15872.60002270341
316,OK,99.900,0.44,15915.50000011921
317,OK,140.400,0.44,15707.89999095723
318,OK,95.000,0.44,15863.900014664978
319,OK,111.300,0.44,15820.000029634684
320,OK,108.000,0.44,15919.299970846623
321,OK,175.700,0.44,15650.499961338937
322,OK,102.800,0.44,15817.900013644248
323,OK,105.800,0.44,15882.600040640682
324,OK,144.400,0.44,15785.499999765307
325,OK,119.800,0.44,15833.099954761565
326,OK,122.300,0.44,15793.200000189245
327,OK,89.300,0.44,15866.39997549355
328,OK,77.700,0.44,15901.500009931624
329,OK,96.000,0.44,15838.599996641278
330,OK,117.300,0.44,15821.799985133111
331,OK,95.200,0.44,15832.600009161979
332,OK,109.500,0.44,15826.400020159781
333,OK,106.600,0.44,15847.400005441159
334,OK,125.000,0.44,15906.59999055788
335,OK,172.100,0.44,15635.000017937273
336,OK,86.800,0.44,15875.099983531982
337,OK,116.900,0.44,15805.299975909293
338,OK,81.000,0.44,15871.500014327466
339,OK,112.100,0.44,15838.200051803142
340,OK,94.900,0.44,15906.39998903498
341,OK,143.700,0.44,15673.500020056963
342,OK,137.000,0.44,18119.399959687144
343,OK,131.300,0.44,13555.700017604977
344,OK,109.300,0.44,15733.500011265278
345,OK,109.000,0.44,16169.299953617156
346,OK,109.500,0.44,16742.10000783205
347,OK,124.500,0.44,14587.000012397766
348,OK,127.000,0.44,15803.299960680306
349,OK,121.800,0.44,15787.400014232844
350,OK,95.100,0.44,15870.400005951524
351,OK,110.000,0.44,18014.099972788244
352,OK,122.900,0.44,13644.799997564405
353,OK,139.900,0.44,15793.400001712143
354,OK,117.700,0.44,15822.899993509054
355,OK,115.900,0.44,15818.400017451495
356,OK,269.000,0.44,15717.800008133054
357,OK,120.900,0.44,15737.400040961802
358,OK,126.600,0.44,15991.099993698299
359,OK,135.900,0.44,15622.499980963767
360,OK,82.200,0.44,15889.399976003915
361,OK,107.600,0.44,15868.599992245436
362,OK,103.200,0.44,15832.699951715767
363,OK,100.400,0.44,15867.699985392392
364,OK,106.400,0.44,15798.19998005405
365,OK,114.300,0.44,15818.800020497292
366,OK,116.500,0.44,15825.600014068186
367,OK,133.100,0.44,15825.800015591085
368,OK,126.800,0.44,15827.800030820072
369,OK,126.600,0.44,15769.999998155981
370,OK,116.500,0.44,15801.900008227676
371,OK,84.100,0.44,16289.399995002896
372,OK,109.700,0.44,15947.400010190904
373,OK,120.200,0.44,15319.500002078712
374,OK,134.800,0.44,15571.099997032434
375,OK,80.400,0.44,15860.59998953715
376,OK,110.000,0.44,15810.000011697412
377,OK,80.900,0.44,15910.600021015853
378,OK,101.600,0.44,15836.400038097054
379,OK,119.200,0.44,16115.000005811453
380,OK,131.100,0.44,15510.299999732524
381,OK,129.100,0.44,15817.000006791204
382,OK,150.900,0.44,15731.000050436705
383,OK,110.200,0.44,16382.20000313595
384,OK,84.000,0.44,23932.19998339191
385,OK,113.000,0.44,7229.099981486797
386,OK,113.500,0.44,15835.900034289807
387,OK,123.500,0.44,15903.000021353364
388,OK,113.700,0.44,16161.50001063943
389,OK,148.500,0.44,15346.29997331649
390,OK,138.200,0.44,15810.800017789006
391,OK,107.900,0.44,15809.700009413064
392,OK,116.900,0.44,15815.899998415262
393,OK,104.900,0.44,15856.700018048286
394,OK,133.400,0.44,15830.99999697879
395,OK,145.000,0.44,15788.00001880154
396,OK,134.700,0.44,15769.899997394532
397,OK,109.600,0.44,15798.50004054606
398,OK,81.000,0.44,15889.299975242466
399,OK,104.400,0.44,15814.399986993521
400,OK,80.800,0.44,16022.800002247095
401,OK,137.500,0.44,15219.299995806068
402,OK,76.900,0.44,15985.199948772788
403,OK,126.500,0.44,15902.700019069016
404,OK,163.900,0.44,15551.500022411346
405,OK,110.100,0.44,15853.899996727705
406,OK,75.400,0.44,16893.599997274578
407,OK,129.600,0.44,14743.50003991276
408,OK,93.100,0.44,15848.400013055652
409,OK,112.900,0.44,15956.599963828921
410,OK,108.100,0.44,15665.499959141016
411,OK,141.300,0.44,16198.40000057593
412,OK,116.300,0.44,15504.600014537573
413,OK,107.000,0.44,15801.700006704777
414,OK,117.500,0.44,15797.499974723905
415,OK,124.100,0.44,15798.900043591857
416,OK,143.700,0.44,15801.700006704777
417,OK,111.400,0.44,15826.100017875433
418,OK,107.600,0.44,15835.3999722749
419,OK,107.700,0.44,15841.699962038547
420,OK,112.200,0.44,15862.200001720339
421,OK,118.200,0.44,15593.99999678135
422,OK,124.900,0.44,15796.200023032725
423,OK,125.100,0.44,15819.400025065988
424,OK,115.900,0.44,15834.399964660406
425,OK,82.600,0.44,15840.400010347366
426,OK,105.200,0.44,15817.900013644248
427,OK,84.700,0.44,15876.199991907924
428,OK,161.900,0.44,15826.100017875433
429,OK,80.700,0.44,15820.500033441931
430,OK,115.200,0.44,15777.49999705702
431,OK,104.400,0.44,15874.399978201836
432,OK,86.400,0.44,15883.899992331862
433,OK,120.000,0.44,15686.400001868606
434,OK,76.600,0.44,15869.299997575581
435,OK,87.600,0.44,15854.099998250604
436,OK,128.000,0.44,15821.400040294975
437,OK,103.200,0.44,15878.000005614012
438,OK,126.300,0.44,15800.799999851733
439,OK,71.600,0.44,15846.800000872463
440,OK,71.600,0.44,15929.099987260997
441,OK,98.800,0.44,15817.900013644248
442,OK,67.700,0.44,15917.400014586747
443,OK,69.900,0.44,15879.100013989955
444,OK,64.700,0.44,15949.099964927882
445,OK,63.000,0.44,15841.800021007657
446,OK,103.400,0.44,15884.799999184906
447,OK,95.500,0.44,15840.599953662604
448,OK,101.500,0.44,15785.900002811104
449,OK,80.200,0.44,15937.799995299429
450,OK,66.600,0.44,15920.199977699667
451,OK,78.300,0.44,15892.700001131743
452,OK,95.200,0.44,15747.199999168515
453,OK,95.700,0.44,15932.800015434623
454,OK,75.800,0.44,15839.80000577867
455,OK,71.500,0.44,15858.499973546714
456,OK,62.300,0.44,15894.099953584373
457,OK,66.300,0.44,15895.099961198866
458,OK,68.900,0.44,15882.099978625774
459,OK,58.600,0.44,15942.199970595539
460,OK,71.400,0.44,15886.400011368096
461,OK,71.000,0.44,15863.100008573383
462,OK,66.900,0.44,15896.900033112615
463,OK,96.600,0.44,15852.200041990727
464,OK,62.200,0.44,15930.699999444187
465,OK,84.900,0.44,15886.400011368096
466,OK,82.600,0.44,15852.599986828864
467,OK,92.400,0.44,15849.599963985384
468,OK,67.700,0.44,15888.999972958118
469,OK,109.800,0.44,15844.19998107478
470,OK,54.000,0.44,15938.900003675371
471,OK,134.700,0.44,15821.99998665601
472,OK,68.100,0.44,15894.099953584373
473,OK,68.700,0.44,15925.499959848821
474,OK,79.700,0.44,15870.100003667176
475,OK,73.800,0.44,15889.099973719567
476,OK,83.500,0.44,15887.900022789836
477,OK,90.600,0.44,15830.099990125746
478,OK,67.300,0.44,15917.900018393993
479,OK,65.600,0.44,15914.400049950927
480,OK,68.000,0.44,15869.900002144277
481,OK,126.300,0.44,15769.399993587285
482,OK,103.900,0.44,15847.600006964058
483,OK,49.600,0.44,15986.599959433079
484,OK,60.300,0.44,15816.300001461059
485,OK,57.400,0.44,15959.700045641512
486,OK,56.100,0.44,15806.599985808134
487,OK,59.800,0.44,15954.800008330494
488,OK,51.700,0.44,15926.500025670975
489,OK,57.100,0.44,15870.600007474422
490,OK,140.800,0.44,15866.099973209202
491,OK,72.300,0.44,15879.500017035753
492,OK,64.000,0.44,15889.900038018823
493,OK,54.800,0.44,15934.200026094913
494,OK,59.700,0.44,15917.400014586747
495,OK,55.800,0.44,15840.300009585917
496,OK,69.400,0.44,15871.10001128167
497,OK,78.500,0.44,15890.699985902756
498,OK,93.900,0.44,15883.899992331862
499,OK,103.500,0.44,15872.599964495748
500,OK,117.800,0.44,15780.100016854703
501,OK,128.000,0.44,15634.600014891475
502,OK,104.900,0.44,15842.79997041449
503,OK,98.000,0.44,15857.60002490133
504,OK,92.800,0.44,15840.100008063018
505,OK,74.400,0.44,15882.399980910122
506,OK,122.600,0.44,15830.699994694442
507,OK,113.700,0.44,15844.200039282441
508,OK,92.700,0.44,15804.700029548258
509,OK,96.400,0.44,15882.100036833435
510,OK,106.600,0.44,15831.500000786036
511,OK,101.800,0.44,15856.400015763938
512,OK,93.100,0.44,15845.499990973622
513,OK,81.500,0.44,15486.099990084767
514,OK,106.500,0.44,15797.999978531152
515,OK,104.300,0.44,15850.799973122776
516,OK,106.400,0.44,15814.49998775497
517,OK,103.400,0.44,15862.800006289035
518,OK,93.400,0.44,15882.099978625774
519,OK,125.400,0.44,15794.300008565187
520,OK,114.100,0.44,15840.600011870265
521,OK,105.000,0.44,15815.699996892363
522,OK,100.800,0.44,15819.899970665574
523,OK,85.200,0.44,15875.999990385026
524,OK,73.000,0.44,15948.200016282499
525,OK,78.100,0.44,15896.500030066818
526,OK,109.900,0.44,15780.000016093254
527,OK,90.400,0.44,15866.799978539348
528,OK,101.700,0.44,15878.700010944158
529,OK,146.200,0.44,15749.4000159204
530,OK,80.300,0.44,15860.399988014251
531,OK,75.500,0.44,15828.400035388768
532,OK,60.600,0.44,15933.399961795658
533,OK,85.000,0.44,15897.999983280897
534,OK,53.600,0.44,16004.19997703284
535,OK,54.800,0.44,15843.600034713745
536,OK,66.500,0.44,15904.100029729307
537,OK,68.000,0.44,15899.399993941188
538,OK,93.400,0.44,15838.599996641278
539,OK,76.300,0.44,15903.100022114813
540,OK,59.400,0.44,15900.300000794232
541,OK,59.700,0.44,15960.400050971657
542,OK,174.000,0.44,15755.30000263825
543,OK,67.100,0.44,15879.099955782294
544,OK,55.300,0.44,15901.600010693073
545,OK,51.600,0.44,15916.400006972253
546,OK,61.400,0.44,15899.899997748435
547,OK,54.500,0.44,15943.099977448583
548,OK,125.100,0.44,15819.900028873235
549,OK,92.500,0.44,15766.500029712915
550,OK,85.800,0.44,15888.500027358532
551,OK,65.000,0.44,15930.499997921288
552,OK,60.100,0.44,15882.79998395592
553,OK,89.800,0.44,15856.300015002489
554,OK,92.100,0.44,15863.70001314208
555,OK,97.000,0.44,15846.599999349564
556,OK,75.400,0.44,15887.799963820726
557,OK,66.900,0.44,15939.900011289865
558,OK,118.200,0.44,15757.499961182475
559,OK,107.200,0.44,15937.799995299429
560,OK,71.200,0.44,15809.600008651614
561,OK,77.900,0.44,15834.500023629516
562,OK,83.100,0.44,15883.300045970827
563,OK,61.000,0.44,16095.599974505603
564,OK,90.700,0.44,15809.199947398156
565,OK,98.500,0.44,15803.300018887967
566,OK,86.800,0.44,15861.699997913092
567,OK,73.900,0.44,15865.599969401956
568,OK,58.600,0.44,15897.000033874065
569,OK,52.200,0.44,16155.60002392158
570,OK,71.400,0.44,15620.100020896643
571,OK,60.200,0.44,16141.099971719086
572,OK,75.800,0.44,15676.89998773858
573,OK,79.700,0.44,15851.80003894493
574,OK,36.300,0.44,15935.099974740297
575,OK,43.700,0.44,15953.399997670203
576,OK,88.300,0.44,15864.200016949326
577,OK,60.000,0.44,15924.000006634742
578,OK,62.300,0.44,15916.700009256601
579,OK,89.300,0.44,15819.300024304539
580,OK,68.500,0.44,15882.499981671572
581,OK,54.900,0.44,15973.799978382885
582,OK,61.500,0.44,15881.200029980391
583,OK,59.100,0.44,15847.400005441159
584,OK,75.700,0.44,15866.000030655414
585,OK,58.600,0.44,16003.400029148906
586,OK,76.200,0.44,15822.799992747605
587,OK,86.700,0.44,15904.99997837469
588,OK,100.700,0.44,15843.599976506084
589,OK,81.900,0.44,15865.10002380237
590,OK,58.000,0.44,15923.099999781698
591,OK,47.900,0.44,15916.200005449355
592,OK,52.300,0.44,15994.599962141365
593,OK,60.700,0.44,15865.300025325269
594,OK,64.100,0.44,15922.79999749735
595,OK,69.200,0.44,15896.299970336258
596,OK,69.000,0.44,15864.100016187876
597,OK,52.100,0.44,15918.50002296269
598,OK,58.000,0.44,15894.400014076382
599,OK,62.500,0.44,15937.399992253631
600,OK,78.400,0.44,15902.300016023219
601,OK,61.200,0.44,15756.000007968396
602,OK,63.500,0.44,15920.900041237473
603,OK,59.000,0.44,15877.199999522418
604,OK,49.900,0.44,15806.699986569583
605,OK,63.400,0.44,15961.600001901388
606,OK,67.000,0.44,15828.599978704005
607,OK,45.100,0.44,15908.700006548315
608,OK,63.800,0.44,15891.7999942787
609,OK,70.000,0.44,15939.10000519827
610,OK,65.900,0.44,15938.299999106675
611,OK,64.900,0.44,15863.900014664978
612,OK,86.300,0.44,15856.299956794828
613,OK,71.000,0.44,15875.599987339228
614,OK,66.300,0.44,15958.999982103705
615,OK,67.400,0.44,15848.000010009855
616,OK,70.800,0.44,15962.000004947186
617,OK,63.500,0.44,15760.099980980158
618,OK,83.700,0.44,15987.100021447986
619,OK,64.100,0.44,15855.300007387996
620,OK,64.000,0.44,15915.800002403557
621,OK,69.700,0.44,15797.600033693016
622,OK,52.400,0.44,15991.199994459748
623,OK,61.900,0.44,15864.900022279471
624,OK,84.300,0.44,15934.400027617812
625,OK,58.700,0.44,15925.300016533583
626,OK,66.500,0.44,15909.599955193698
627,OK,74.600,0.44,15878.700010944158
628,OK,80.900,0.44,15913.700044620782
629,OK,68.100,0.44,15892.800001893193
630,OK,61.200,0.44,15887.799963820726
631,OK,66.600,0.44,15826.100017875433
632,OK,66.000,0.44,15901.100006885827
633,OK,65.800,0.44,15891.399991232902
634,OK,63.700,0.44,15869.39999833703
635,OK,85.100,0.44,15870.600007474422
636,OK,77.200,0.44,15939.10000519827
637,OK,74.300,0.44,15860.899991821498
638,OK,98.300,0.44,15789.39997125417
639,OK,70.600,0.44,15889.299975242466
640,OK,80.400,0.44,15944.599988870323
641,OK,70.800,0.44,15838.39999511838
642,OK,62.100,0.44,15888.199966866523
643,OK,49.600,0.44,15899.09999165684
644,OK,50.500,0.44,15942.299971356988
645,OK,125.300,0.44,15926.300024148077
646,OK,64.600,0.44,15906.699991319329
647,OK,66.800,0.44,15910.500020254403
648,OK,68.700,0.44,15807.29999113828
649,OK,58.300,0.44,15971.999964676797
650,OK,53.500,0.44,15948.500018566847
651,OK,71.100,0.44,15821.600041817874
652,OK,78.000,0.44,15842.400025576353
653,OK,53.400,0.44,15945.999999530613
654,OK,49.200,0.44,15929.599991068244
655,OK,75.600,0.44,15875.999990385026
656,OK,68.400,0.44,15898.099984042346
657,OK,69.500,0.44,15952.50004902482
658,OK,55.300,0.44,15895.600023213774
659,OK,67.600,0.44,15897.199977189302
660,OK,62.800,0.44,15911.899972707033
661,OK,60.300,0.44,15844.19998107478
662,OK,57.500,0.44,15908.600005786866
663,OK,85.400,0.44,15834.099962376058
664,OK,58.600,0.44,15886.100009083748
665,OK,76.300,0.44,15895.300020929426
666,OK,90.200,0.44,15865.600027609617
667,OK,87.100,0.44,15856.700018048286
668,OK,108.300,0.44,15838.200051803142
669,OK,67.700,0.44,15914.799994789064
670,OK,88.100,0.44,15839.400002732873
671,OK,69.400,0.44,15969.200001563877
672,OK,64.600,0.44,15890.499984379858
673,OK,71.000,0.44,15915.39999935776
674,OK,71.100,0.44,15849.699964746833
675,OK,62.300,0.44,15921.499987598509
676,OK,61.000,0.44,15923.300001304597
677,OK,79.400,0.44,15862.10000095889
678,OK,63.800,0.44,15902.500017546117
679,OK,74.100,0.44,15875.000040978193
680,OK,64.900,0.44,15842.69996965304
681,OK,66.700,0.44,15904.99997837469
682,OK,50.800,0.44,15929.699991829693
683,OK,70.200,0.44,15859.599981922656
684,OK,120.700,0.44,15814.69998927787
685,OK,69.800,0.44,15855.100005865097
686,OK,56.500,0.44,15873.100026510656
687,OK,57.500,0.44,15844.19998107478
688,OK,62.100,0.44,15997.699985746294
689,OK,66.600,0.44,15866.400033701211
690,OK,54.400,0.44,15908.700006548315
691,OK,73.000,0.44,15848.100010771304
692,OK,51.700,0.44,15984.800003934652
693,OK,53.300,0.44,15897.49997947365
694,OK,68.400,0.44,15858.800034038723
695,OK,61.400,0.44,15955.50001366064
696,OK,60.000,0.44,15932.700014673173
697,OK,82.700,0.44,15838.799998164177
698,OK,97.500,0.44,15857.70002566278
699,OK,102.000,0.44,15797.400032170117
700,OK,84.200,0.44,16013.699991162866
701,OK,101.200,0.44,15447.900048457086
702,OK,104.900,0.44,15771.60001033917
703,OK,68.100,0.44,15914.900053758174
704,OK,77.700,0.44,15924.000006634742
705,OK,70.500,0.44,15855.299949180335
706,OK,63.500,0.44,15900.400001555681
707,OK,80.600,0.44,15841.800021007657
708,OK,65.500,0.44,15967.899991665035
709,OK,81.300,0.44,15852.499986067414
710,OK,73.600,0.44,15830.399992410094
711,OK,84.800,0.44,15907.799999695271
712,OK,59.300,0.44,15873.200027272105
713,OK,61.100,0.44,15965.399972628802
714,OK,89.200,0.44,15828.400035388768
715,OK,57.300,0.44,15843.100030906498
716,OK,63.400,0.44,15960.800054017454
717,OK,58.500,0.44,15883.699990808964
718,OK,61.100,0.44,15914.899995550513
719,OK,134.200,0.44,15821.799985133111
720,OK,65.700,0.44,15889.699978288263
721,OK,66.300,0.44,15900.900005362928
722,OK,68.300,0.44,15895.900025498122
723,OK,79.200,0.44,15854.199999012053
724,OK,83.300,0.44,15863.400010857731
725,OK,85.300,0.44,15888.799971435219
726,OK,75.800,0.44,15845.79999325797
727,OK,70.900,0.44,15877.900004852563
728,OK,146.100,0.44,15738.99999493733
729,OK,92.700,0.44,15832.599950954318
730,OK,65.200,0.44,15901.800012215972
731,OK,47.600,0.44,15957.899973727763
732,OK,51.200,0.44,15904.199972283095
733,OK,41.000,0.44,15957.00002508238
734,OK,50.500,0.44,15870.999952312559
735,OK,81.000,0.44,15919.200028292835
736,OK,152.500,0.44,15744.799980893731
737,OK,83.100,0.44,15922.499995213002
738,OK,59.700,0.44,15924.40000968054
739,OK,90.800,0.44,15839.600004255772
740,OK,58.200,0.44,15920.00003438443
741,OK,66.400,0.44,15794.500010088086
742,OK,87.200,0.44,15881.200029980391
743,OK,75.700,0.44,15877.099998760968
744,OK,88.900,0.44,15898.100042250007
745,OK,90.800,0.44,15840.799955185503
746,OK,63.300,0.44,15867.399983108044
747,OK,89.400,0.44,15928.200038615614
748,OK,78.100,0.44,15865.00002304092
749,OK,115.800,0.44,15817.800012882799
750,OK,110.400,0.44,15800.900000613183
751,OK,85.100,0.44,15880.999970249832
752,OK,99.400,0.44,15881.200029980391
753,OK,107.200,0.44,15832.800010684878
754,OK,97.200,0.44,15901.500009931624
755,OK,105.000,0.44,15794.400009326637
756,OK,96.100,0.44,15838.499995879829
757,OK,111.900,0.44,15876.399993430823
758,OK,76.200,0.44,15859.500039368868
759,OK,93.100,0.44,15823.3999973163
760,OK,106.400,0.44,15849.500021431595
761,OK,93.500,0.44,15879.700018558651
762,OK,86.700,0.44,15830.89999621734
763,OK,92.300,0.44,15844.399982597679
764,OK,96.900,0.44,15856.800018809736
765,OK,134.300,0.44,15824.800007976592
766,OK,102.500,0.44,15828.200033865869
767,OK,164.300,0.44,15831.500000786036
768,OK,114.300,0.44,15797.00002912432
769,OK,122.100,0.44,15816.500002983958
770,OK,110.600,0.44,15880.499966442585
771,OK,185.600,0.44,15662.199992220849
772,OK,121.500,0.44,15900.50000231713
773,OK,167.500,0.44,15570.09998941794
774,OK,54.400,0.44,15916.400006972253
775,OK,56.500,0.44,15901.399950962514
776,OK,48.800,0.44,15931.999951135367
777,OK,48.500,0.44,15961.19999885559
778,OK,66.300,0.44,15909.800014924258
779,OK,49.800,0.44,15920.299978461117
780,OK,51.600,0.44,15920.400037430227
781,OK,69.100,0.44,15964.800026267767
782,OK,162.300,0.44,15685.899998061359
783,OK,60.500,0.44,15898.700046818703
784,OK,77.400,0.44,15903.100022114813
785,OK,68.400,0.44,15916.300006210804
786,OK,86.000,0.44,15905.399981420487
787,OK,72.100,0.44,15838.29999435693
788,OK,70.500,0.44,15925.899962894619
789,OK,69.700,0.44,15881.19997177273
790,OK,134.900,0.44,15768.199984449893
791,OK,98.400,0.44,15897.199977189302
792,OK,75.900,0.44,15916.700009256601
793,OK,69.300,0.44,15850.19996855408
794,OK,80.500,0.44,15893.900010269135
795,OK,61.000,0.44,15953.299996908754
796,OK,69.100,0.44,15846.499998588115
797,OK,69.900,0.44,15896.400029305369
798,OK,64.500,0.44,15845.899994019419
799,OK,84.200,0.44,15875.40004402399
800,OK,53.600,0.44,15921.599988359958
801,OK,88.600,0.44,15766.500029712915
802,OK,62.200,0.44,15911.400027107447
803,OK,61.300,0.44,15980.099968146533
804,OK,108.800,0.44,15853.599994443357
805,OK,113.400,0.44,15999.80000173673
806,OK,184.900,0.44,15522.999980021268
807,OK,121.600,0.44,15675.999980885535
808,OK,78.300,0.44,15872.900024987757
809,OK,72.500,0.44,15881.699975579977
810,OK,53.600,0.44,15936.09998235479
811,OK,70.600,0.44,15820.299973711371
812,OK,64.600,0.44,15997.600043192506
813,OK,65.300,0.44,16156.399971805513
814,OK,77.800,0.44,15608.399990014732
815,OK,87.300,0.44,15889.199974481016
816,OK,140.500,0.44,15743.300027679652
817,OK,98.200,0.44,15943.400037940592
818,OK,111.000,0.44,15739.19999646023
819,OK,94.900,0.44,15917.699958663434
820,OK,154.200,0.44,15732.600004412234
821,OK,131.300,0.44,15655.399998649955
822,OK,58.300,0.44,15877.700003329664
823,OK,57.800,0.44,15953.800000716
824,OK,56.500,0.44,15962.200006470084
825,OK,58.100,0.44,15890.899987425655
826,OK,55.200,0.44,15893.30000570044
827,OK,51.100,0.44,15957.199968397617
828,OK,53.900,0.44,15928.59998345375
829,OK,57.500,0.44,15911.900030914694
830,OK,59.600,0.44,15893.30000570044
831,OK,64.000,0.44,15922.399994451553
832,OK,78.400,0.44,15864.400018472224
833,OK,49.500,0.44,15871.00001052022
834,OK,56.400,0.44,15937.59999377653
835,OK,70.300,0.44,15925.200015772134
836,OK,53.700,0.44,15865.199966356158
837,OK,48.100,0.44,15949.800028465688
838,OK,47.100,0.44,15935.300034470856
839,OK,78.500,0.44,15903.3999661915
840,OK,47.100,0.44,15938.299999106675
841,OK,54.700,0.44,15904.89997761324
842,OK,43.500,0.44,15805.100032594055
843,OK,48.900,0.44,15893.899952061474
844,OK,67.900,0.44,15972.899971529841
845,OK,50.300,0.44,15915.50000011921
846,OK,43.400,0.44,15924.000006634742
847,OK,51.400,0.44,15872.200019657612
848,OK,46.200,0.44,15994.500019587576
849,OK,47.800,0.44,15929.499990306795
850,OK,49.800,0.44,15910.600021015853
851,OK,55.000,0.44,15919.499972369522
852,OK,54.600,0.44,15866.499976255
853,OK,57.500,0.44,15912.099974229932
854,OK,59.900,0.44,15905.00003658235
855,OK,59.000,0.44,15903.3999661915
856,OK,62.000,0.44,15936.499985400587
857,OK,75.100,0.44,15904.300031252205
858,OK,62.900,0.44,15875.29998505488
859,OK,119.200,0.44,15873.000025749207
860,OK,90.600,0.44,15864.400018472224
861,OK,66.900,0.44,15848.000010009855
862,OK,88.600,0.44,15907.099994365126
863,OK,68.200,0.44,15862.400003243238
864,OK,65.100,0.44,15931.500005535781
865,OK,80.400,0.44,15798.599983099848
866,OK,71.400,0.44,15911.799971945584
867,OK,71.000,0.44,15941.400022711605
868,OK,65.500,0.44,15820.000029634684
869,OK,89.000,0.44,15948.0000147596
870,OK,66.900,0.44,15854.60000205785
871,OK,83.900,0.44,15826.60002168268
872,OK,56.400,0.44,15920.199977699667
873,OK,57.500,0.44,16001.999960280955
874,OK,96.300,0.44,15729.399980045855
875,OK,105.200,0.44,15760.399983264506
876,OK,58.100,0.44,15970.600012224168
877,OK,52.800,0.44,15933.500020764768
878,OK,61.900,0.44,15818.700019735843
879,OK,75.000,0.44,15899.299993179739
880,OK,66.300,0.44,15911.499969661236
881,OK,65.200,0.44,15926.799969747663
882,OK,64.700,0.44,15867.300040554255
883,OK,66.800,0.44,15882.400039117783
884,OK,69.200,0.44,15912.40003472194
885,OK,63.700,0.44,15956.299961544573
886,OK,77.200,0.44,15806.499985046685
887,OK,52.200,0.44,15971.49996086955
888,OK,53.200,0.44,15919.400029815733
889,OK,70.300,0.44,15834.499965421855
890,OK,67.800,0.44,15936.10004056245
891,OK,58.100,0.44,15866.099973209202
892,OK,62.300,0.44,15848.300012294203
893,OK,69.900,0.44,15945.09999267757
894,OK,55.000,0.44,15884.799999184906
895,OK,72.800,0.44,15906.899992842227
896,OK,85.400,0.44,15860.199986491352
897,OK,58.700,0.44,15920.699981506914
898,OK,60.900,0.44,15907.799999695271
899,OK,73.200,0.44,15874.400036409497
900,OK,85.800,0.44,15934.799972455949
901,OK,89.900,0.44,15738.99999493733
902,OK,71.300,0.44,15882.999985478818
903,OK,76.100,0.44,15837.999992072582
904,OK,94.300,0.44,15919.099969323725
905,OK,60.900,0.44,15850.19996855408
906,OK,87.100,0.44,15892.399998847395
907,OK,54.600,0.44,15872.100018896163
908,OK,53.200,0.44,15982.09998337552
909,OK,51.600,0.44,15908.300003502518
910,OK,49.600,0.44,15909.300011117011
911,OK,45.500,0.44,15963.000012561679
912,OK,55.900,0.44,15881.200029980391
913,OK,67.500,0.44,15840.500011108816
914,OK,86.800,0.44,15979.400021024048
915,OK,84.200,0.44,15879.200014751405
916,OK,77.100,0.44,15918.200020678341
917,OK,86.900,0.44,15852.999989874661
918,OK,148.300,0.44,15729.899983853102
919,OK,84.400,0.44,15917.399956379086
920,OK,71.100,0.44,15865.20002456382
921,OK,63.800,0.44,15858.400030992925
922,OK,62.500,0.44,15892.499999608845
923,OK,65.800,0.44,15880.600025411695
924,OK,65.000,0.44,15960.499993525445
925,OK,64.900,0.44,15870.69995002821
926,OK,63.400,0.44,15923.200000543147
927,OK,64.000,0.44,15900.50000231713
928,OK,73.800,0.44,15820.000029634684
929,OK,91.700,0.44,15873.800031840801
930,OK,58.000,0.44,15967.599989380687
931,OK,60.800,0.44,15848.500013817102
932,OK,55.900,0.44,15884.499996900558
933,OK,58.900,0.44,15968.69999775663
934,OK,61.200,0.44,15883.399988524616
935,OK,54.700,0.44,15918.499964755028
936,OK,57.800,0.44,15892.299998085946
937,OK,57.300,0.44,15952.099987771362
938,OK,67.200,0.44,15914.199990220368
939,OK,183.100,0.44,15681.4000220038
940,OK,61.400,0.44,15921.499987598509
941,OK,81.300,0.44,15878.40000865981
942,OK,81.600,0.44,15854.299999773502
943,OK,78.600,0.44,15876.199991907924
944,OK,80.300,0.44,15948.300017043948
945,OK,69.800,0.44,15869.39999833703
946,OK,75.800,0.44,15855.600009672344
947,OK,64.600,0.44,15934.4999701716
948,OK,67.800,0.44,15901.799954008311
949,OK,68.900,0.44,15860.59998953715
950,OK,111.500,0.44,15866.599977016449
951,OK,71.300,0.44,15884.899999946356
952,OK,65.300,0.44,15887.800022028387
953,OK,59.400,0.44,15887.900022789836
954,OK,67.300,0.44,15932.900016196072
955,OK,102.900,0.44,15799.199987668544
956,OK,76.400,0.44,15867.399983108044
957,OK,60.700,0.44,15932.300011627376
958,OK,47.800,0.44,15919.500030577183
959,OK,49.200,0.44,15886.400011368096
960,OK,74.600,0.44,15884.19999461621
961,OK,51.200,0.44,15891.5999927558
962,OK,134.000,0.44,15824.700007215142
963,OK,58.800,0.44,15850.30002752319
964,OK,67.500,0.44,15955.19995316863
965,OK,58.000,0.44,15923.500002827495
966,OK,68.800,0.44,15822.799992747605
967,OK,57.900,0.44,15872.2999622114
968,OK,49.000,0.44,16020.70004446432
969,OK,56.000,0.44,15925.500018056482
970,OK,117.000,0.44,15720.400027930737
971,OK,78.000,0.44,15963.300014846027
972,OK,72.400,0.44,15883.200045209378
973,OK,67.700,0.44,15881.599974818528
974,OK,71.100,0.44,15901.900012977421
975,OK,68.400,0.44,15890.600043348968
976,OK,77.300,0.44,15901.500009931624
977,OK,70.900,0.44,15787.000011187047
978,OK,69.100,0.44,15894.70001636073
979,OK,89.200,0.44,15865.900029893965
980,OK,86.600,0.44,15880.299964919686
981,OK,69.000,0.44,15890.20004030317
982,OK,102.100,0.44,15878.000005614012
983,OK,82.400,0.44,15841.000014916062
984,OK,107.500,0.44,15886.200009845197
985,OK,76.000,0.44,15825.400012545288
986,OK,98.700,0.44,15840.000007301569
987,OK,96.200,0.44,15856.20001424104
988,OK,96.800,0.44,15879.200014751405
989,OK,112.300,0.44,15795.799961779267
990,OK,94.700,0.44,15905.999985989183
991,OK,90.300,0.44,15841.100015677512
992,OK,88.200,0.44,15864.399960264564
993,OK,92.200,0.44,15811.70002464205
994,OK,91.600,0.44,15848.899958655238
995,OK,88.900,0.44,15918.699966277927
996,OK,102.500,0.44,15888.899972196668
997,OK,81.800,0.44,15829.599986318499
998,OK,84.900,0.44,15876.399993430823
999,OK,115.400,0.44,15790.300036314875
1000,OK,116.300,0.44,15917.899960186332
1001,OK,104.800,0.44,15606.500033754855
1002,OK,117.300,0.44,15891.000046394765
1003,OK,213.100,0.44,36596.20002144948
1004,OK,105.800,0.44,65050.10003456846
1005,OK,113.800,0.44,9580.800018738955
1006,OK,102.800,0.44,25788.70003344491
1007,OK,121.600,0.44,5834.999959915876
1008,OK,68.400,0.44,15883.799991570413
1009,OK,82.300,0.44,15855.900011956692
1010,OK,67.600,0.44,15906.49998979643
1011,OK,85.600,0.44,16001.000010874122
1012,OK,67.000,0.44,15833.500016015023
1013,OK,63.700,0.44,15908.700006548315
1014,OK,69.800,0.44,15871.300012804568
1015,OK,77.400,0.44,15894.000011030585
1016,OK,63.500,0.44,15879.100013989955
1017,OK,113.200,0.44,15914.10004766658
1018,OK,76.900,0.44,15885.600005276501
1019,OK,73.100,0.44,15892.399998847395
1020,OK,81.300,0.44,15868.599992245436
1021,OK,68.200,0.44,15928.100037854165
1022,OK,68.300,0.44,15868.499991483986
1023,OK,59.500,0.44,15909.100009594113
1024,OK,61.400,0.44,15906.49998979643
1025,OK,145.200,0.44,15101.89997497946
1026,OK,101.300,0.44,15885.200002230704
1027,OK,57.500,0.44,15896.599972620606
1028,OK,63.400,0.44,15934.400027617812
1029,OK,80.300,0.44,15871.10001128167
1030,OK,66.400,0.44,15931.80000782013
1031,OK,95.000,0.44,15794.999955687672
1032,OK,54.600,0.44,15912.699978798628
1033,OK,56.400,0.44,15882.79998395592
1034,OK,98.000,0.44,15891.7999942787
1035,OK,91.100,0.44,15849.499963223934
1036,OK,93.000,0.44,15837.299986742437
1037,OK,72.000,0.44,15961.799945216626
1038,OK,63.400,0.44,15851.100033614784
1039,OK,50.700,0.44,15908.500005025417
1040,OK,64.200,0.44,15934.299968648702
1041,OK,100.100,0.44,15771.80001186207
1042,OK,79.300,0.44,16060.800000559539
1043,OK,99.500,0.44,15797.099971678108
1044,OK,86.100,0.44,15782.800037413836
1045,OK,109.100,0.44,16042.600036598742
1046,OK,165.700,0.44,15562.599990516901
1047,OK,130.600,0.44,15741.600014735013
1048,OK,88.300,0.44,15820.400032680482
1049,OK,50.000,0.44,15968.69999775663
1050,OK,54.100,0.44,16102.500027045608
1051,OK,55.600,0.44,15800.499997567385
1052,OK,60.600,0.44,15888.300025835633
1053,OK,71.400,0.44,16270.900028757751
1054,OK,82.400,0.44,15454.70004202798
1055,OK,102.300,0.44,16163.200023584068
1056,OK,123.700,0.44,15603.100007865578
1057,OK,77.600,0.44,15752.000035718083
1058,OK,73.100,0.44,15854.199999012053
1059,OK,110.000,0.44,15853.499993681908
1060,OK,91.600,0.44,15813.20003606379
1061,OK,61.800,0.44,15962.400007992983
1062,OK,113.100,0.44,15671.400004066527
1063,OK,47.800,0.44,15977.699949871749
1064,OK,100.400,0.44,15937.69999453798
1065,OK,49.700,0.44,15831.500000786036
1066,OK,71.300,0.44,15871.900017373264
1067,OK,80.200,0.44,15894.900017883629
1068,OK,64.900,0.44,15939.699951559305
1069,OK,59.800,0.44,15885.400003753603
1070,OK,57.000,0.44,15877.999947406352
1071,OK,56.000,0.44,15908.900008071214
1072,OK,54.700,0.44,15903.899969998747
1073,OK,59.200,0.44,15975.199989043176
1074,OK,55.000,0.44,15929.699991829693
1075,OK,62.000,0.44,15772.199956700206
1076,OK,48.600,0.44,16018.000023905188
1077,OK,46.800,0.44,15946.900006383657
1078,OK,52.000,0.44,15859.999984968454
1079,OK,42.700,0.44,15961.29999961704
1080,OK,59.800,0.44,15899.699996225536
1081,OK,62.000,0.44,15908.300003502518
1082,OK,68.100,0.44,15918.000019155443
1083,OK,68.000,0.44,15761.30004832521
1084,OK,58.100,0.44,15986.100013833493
1085,OK,92.900,0.44,15882.999985478818
1086,OK,67.200,0.44,15838.39999511838
1087,OK,59.500,0.44,15968.899999279529
1088,OK,72.300,0.44,15898.699988611042
1089,OK,58.000,0.44,15923.200000543147
1090,OK,67.400,0.44,15908.799949102104
1091,OK,64.200,0.44,15900.900005362928
1092,OK,58.000,0.44,15843.00003014505
1093,OK,79.500,0.44,15884.899999946356
1094,OK,60.900,0.44,15958.599979057908
1095,OK,58.800,0.44,15884.799999184906
1096,OK,60.600,0.44,15868.499991483986
1097,OK,63.100,0.44,15936.699986923486
1098,OK,62.300,0.44,15910.99996585399
1099,OK,65.100,0.44,15860.300045460463
1100,OK,72.300,0.44,15935.699979308993
1101,OK,85.200,0.44,15845.599991735071
1102,OK,76.700,0.44,15709.200000856072
1103,OK,55.600,0.44,15953.499998431653
1104,OK,83.500,0.44,15883.199987001717
1105,OK,95.600,0.44,15908.800007309765
1106,OK,57.900,0.44,15873.400028795004
1107,OK,50.300,0.44,15942.700032610446
1108,OK,59.900,0.44,15836.500038858503
1109,OK,52.700,0.44,15916.700009256601
1110,OK,51.500,0.44,15994.599962141365
1111,OK,70.300,0.44,15906.300046481192
1112,OK,64.200,0.44,15877.800004091114
1113,OK,56.000,0.44,15918.000019155443
1114,OK,53.500,0.44,15902.00001373887
1115,OK,120.500,0.44,15753.89999197796
1116,OK,48.700,0.44,15924.20000815764
1117,OK,50.400,0.44,15887.000015936792
1118,OK,53.100,0.44,15978.299954440445
1119,OK,57.000,0.44,15872.200019657612
1120,OK,69.400,0.44,15911.800030153245
1121,OK,56.200,0.44,15931.200003251433
1122,OK,63.100,0.44,15877.099998760968
1123,OK,51.300,0.44,15935.499977786094
1124,OK,49.900,0.44,15888.70002888143
1125,OK,49.700,0.44,15967.399987857789
1126,OK,52.300,0.44,15912.300033960491
1127,OK,61.100,0.44,15894.500014837831
1128,OK,45.800,0.44,15906.099986750633
1129,OK,55.300,0.44,15968.59999699518
1130,OK,79.200,0.44,15865.699970163405
1131,OK,126.200,0.44,15814.799990039319
1132,OK,104.100,0.44,15889.500034973025
1133,OK,71.800,0.44,15794.500010088086
1134,OK,77.600,0.44,15919.89997541532
1135,OK,59.600,0.44,15885.500004515052
1136,OK,56.900,0.44,15957.099967636168
1137,OK,58.200,0.44,15910.200017970055
1138,OK,59.500,0.44,15882.400039117783
1139,OK,107.000,0.44,15811.400022357702
1140,OK,53.900,0.44,15880.000020843
1141,OK,64.900,0.44,15967.999992426485
1142,OK,54.500,0.44,15925.899962894619
1143,OK,70.600,0.44,15888.099966105074
1144,OK,92.900,0.44,15854.099998250604
1145,OK,75.000,0.44,15962.000004947186
1146,OK,62.100,0.44,15855.700010433793
1147,OK,56.800,0.44,15909.800014924258
1148,OK,59.000,0.44,15842.59996889159
1149,OK,55.900,0.44,15929.399989545345
1150,OK,57.900,0.44,15961.19999885559
1151,OK,68.500,0.44,15890.799986664206
1152,OK,67.900,0.44,15922.199992928654
1153,OK,76.400,0.44,15859.800041653216
1154,OK,65.700,0.44,15898.600046057254
1155,OK,69.200,0.44,15897.299977950752
1156,OK,60.100,0.44,15894.900017883629
1157,OK,79.400,0.44,15873.400028795004
1158,OK,153.000,0.44,15689.200023189187
1159,OK,70.100,0.44,15875.29998505488
1160,OK,67.200,0.44,15918.40002220124
1161,OK,55.700,0.44,15947.200008668005
1162,OK,123.400,0.44,15835.899976082146
1163,OK,180.700,0.44,15646.899992134422
1164,OK,50.400,0.44,15890.599985141307
1165,OK,66.300,0.44,15986.700018402189
1166,OK,73.600,0.44,15858.000027947128
1167,OK,71.400,0.44,15910.700021777302
1168,OK,67.200,0.44,15893.600007984787
1169,OK,169.700,0.44,15791.599988006055
1170,OK,75.700,0.44,15817.199950106442
1171,OK,77.700,0.44,15922.200051136315
1172,OK,74.400,0.44,15895.100019406527
1173,OK,62.100,0.44,15911.799971945584
1174,OK,63.300,0.44,15861.199994105846
1175,OK,67.200,0.44,15886.200009845197
1176,OK,64.600,0.44,15859.599981922656
1177,OK,54.700,0.44,15922.099992167205
1178,OK,99.700,0.44,15943.400037940592
1179,OK,61.500,0.44,15890.100039541721
1180,OK,63.500,0.44,15935.299976263195
1181,OK,68.000,0.44,15785.900002811104
1182,OK,68.000,0.44,15989.599982276559
1183,OK,56.400,0.44,15862.900007050484
1184,OK,56.700,0.44,15891.600050963461
1185,OK,77.900,0.44,15910.399961285293
1186,OK,66.600,0.44,15856.999962124974
1187,OK,74.100,0.44,15941.600024234504
1188,OK,54.900,0.44,15856.600017286837
1189,OK,59.600,0.44,15987.499966286123
1190,OK,68.700,0.44,15801.20000289753
1191,OK,62.500,0.44,15878.599951975048
1192,OK,91.300,0.44,15938.900003675371
1193,OK,66.500,0.44,15865.099965594709
1194,OK,67.400,0.44,15863.400010857731
1195,OK,99.700,0.44,15865.700028371066
1196,OK,80.500,0.44,15901.200007647276
1197,OK,88.700,0.44,15884.39999613911
1198,OK,163.000,0.44,15715.899993665516
1199,OK,87.800,0.44,15845.499990973622
1200,OK,70.900,0.44,15867.800044361502
1201,OK,56.300,0.44,15828.300034627318
1202,OK,50.500,0.44,15926.300024148077
1203,OK,55.900,0.44,15989.999985322356
1204,OK,57.300,0.44,15890.599985141307
1205,OK,67.200,0.44,15907.099994365126
1206,OK,155.800,0.44,15692.699991632253
1207,OK,95.600,0.44,15884.499996900558
1208,OK,56.600,0.44,15885.500004515052
1209,OK,38.900,0.44,15937.999996822327
1210,OK,44.300,0.44,15925.000014249235
1211,OK,54.900,0.44,15934.100025333464
1212,OK,48.500,0.44,15938.600001391023
1213,OK,188.700,0.44,15716.599998995662
1214,OK,60.700,0.44,15898.100042250007
1215,OK,62.600,0.44,15910.500020254403
1216,OK,64.100,0.44,15907.499997410923
1217,OK,76.700,0.44,15897.200035396963
1218,OK,71.800,0.44,15881.799976341426
1219,OK,156.300,0.44,15788.199962116778
1220,OK,61.700,0.44,15786.300005856901
1221,OK,92.600,0.44,15883.799991570413
1222,OK,89.700,0.44,15892.700001131743
1223,OK,83.400,0.44,15846.199996303767
1224,OK,85.600,0.44,15856.000012718141
1225,OK,83.900,0.44,15916.300006210804
1226,OK,92.400,0.44,15850.900032091886
1227,OK,96.300,0.44,15865.500026848167
1228,OK,134.100,0.44,15814.399986993521
1229,OK,91.500,0.44,15868.10004664585
1230,OK,102.300,0.44,15833.700017537922
1231,OK,96.000,0.44,15883.499989286065
1232,OK,73.600,0.44,15845.79999325797
1233,OK,79.400,0.44,15896.800032351166
1234,OK,91.100,0.44,15873.200027272105
1235,OK,91.300,0.44,15856.400015763938
1236,OK,85.700,0.44,15810.800017789006
1237,OK,80.500,0.44,15888.300025835633
1238,OK,87.800,0.44,15876.400051638484
1239,OK,107.300,0.44,15871.399955358356
1240,OK,98.300,0.44,15845.90005222708
1241,OK,104.100,0.44,15830.499993171543
1242,OK,71.100,0.44,15812.900033779442
1243,OK,48.900,0.44,15946.200001053512
1244,OK,88.800,0.44,15897.5999802351
1245,OK,105.300,0.44,15826.300019398332
1246,OK,134.100,0.44,15786.700008902699
1247,OK,109.300,0.44,15809.100004844368
1248,OK,64.600,0.44,15868.0000458844
1249,OK,57.000,0.44,15908.700006548315
1250,OK,50.600,0.44,15882.899984717369
1251,OK,49.900,0.44,15998.4000492841
1252,OK,63.500,0.44,15971.100016031414
1253,OK,87.400,0.44,15793.000056874007
1254,OK,77.500,0.44,15966.999984811991
1255,OK,74.700,0.44,15814.099984709173
1256,OK,71.000,0.44,15875.799988862127
1257,OK,100.300,0.44,15671.500004827976
1258,OK,83.000,0.44,15905.09997913614
1259,OK,151.200,0.44,15748.200006783009
1260,OK,66.100,0.44,15925.100015010685
1261,OK,81.100,0.44,15926.099964417517
1262,OK,132.900,0.44,15744.599979370832
1263,OK,68.400,0.44,15865.499968640506
1264,OK,71.400,0.44,15837.499988265336
1265,OK,59.500,0.44,15965.999977197498
1266,OK,70.300,0.44,15917.100012302399
1267,OK,126.800,0.44,15806.799987331033
1268,OK,64.300,0.44,15893.800009507686
1269,OK,60.000,0.44,15822.599991224706
1270,OK,61.600,0.44,15922.8999982588
1271,OK,53.900,0.44,15930.599998682737
1272,OK,79.200,0.44,15809.500007890165
1273,OK,44.900,0.44,15979.599964339286
1274,OK,75.600,0.44,15880.700026173145
1275,OK,73.900,0.44,15837.799990549684
1276,OK,51.100,0.44,15937.399992253631
1277,OK,53.200,0.44,16064.200026448816
1278,OK,71.400,0.44,15992.900007404387
1279,OK,62.200,0.44,16224.199964199215
1280,OK,75.100,0.44,15668.500040192157
1281,OK,60.500,0.44,15864.199958741665
1282,OK,73.900,0.44,16039.600013755262
1283,OK,80.300,0.44,15778.399945702404
1284,OK,79.200,0.44,15618.000004906207
1285,OK,118.600,0.44,15902.300016023219
1286,OK,76.700,0.44,15740.300004836172
1287,OK,84.500,0.44,15901.900012977421
1288,OK,74.900,0.44,15853.100048843771
1289,OK,65.000,0.44,15888.200025074184
1290,OK,54.000,0.44,15972.300025168806
1291,OK,73.100,0.44,16093.400015961379
1292,OK,68.200,0.44,15761.29999011755
1293,OK,133.800,0.44,15633.79995059222
1294,OK,49.600,0.44,15893.10000417754
1295,OK,59.300,0.44,15890.500042587519
1296,OK,46.400,0.44,16007.800004445016
1297,OK,61.100,0.44,15902.500017546117
1298,OK,58.700,0.44,15945.09999267757
1299,OK,87.300,0.44,15820.800035726279
1300,OK,57.700,0.44,15896.900033112615
1301,OK,80.100,0.44,15711.900021415204
1302,OK,81.600,0.44,15878.200007136911
1303,OK,57.400,0.44,15984.600002411753
1304,OK,59.700,0.44,15921.099984552711
1305,OK,64.300,0.44,15907.199995126575
1306,OK,79.800,0.44,15844.399982597679
1307,OK,68.700,0.44,15935.699979308993
1308,OK,70.600,0.44,15860.4999887757
1309,OK,66.800,0.44,15872.499963734299
1310,OK,66.100,0.44,15910.9000233002
1311,OK,86.400,0.44,15757.799963466823
1312,OK,69.400,0.44,15950.900036841631
1313,OK,58.800,0.44,15897.399978712201
1314,OK,59.200,0.44,15932.299953419715
1315,OK,64.800,0.44,15871.900017373264
1316,OK,62.000,0.44,15924.500010441989
1317,OK,68.100,0.44,15950.200031511486
1318,OK,65.500,0.44,15873.099968302995
1319,OK,60.800,0.44,15904.500032775104
1320,OK,70.800,0.44,15890.399983618408
1321,OK,70.500,0.44,15899.499994702637
1322,OK,63.800,0.44,15910.500020254403
1323,OK,66.800,0.44,15898.499987088144
1324,OK,72.900,0.44,15842.69996965304
1325,OK,68.300,0.44,15938.500000629574
1326,OK,46.100,0.44,15929.199988022447
1327,OK,54.900,0.44,15916.700009256601
1328,OK,51.300,0.44,15900.200000032783
1329,OK,46.900,0.44,15949.900029227138
1330,OK,44.000,0.44,15919.300029054284
1331,OK,54.500,0.44,15893.600007984787
1332,OK,50.100,0.44,15923.700004350394
1333,OK,67.500,0.44,15919.500030577183
1334,OK,76.100,0.44,15842.499968130141
1335,OK,58.400,0.44,15931.400004774332
1336,OK,75.400,0.44,15864.800021518022
1337,OK,83.700,0.44,15853.299992159009
1338,OK,64.400,0.44,15962.100005708635
1339,OK,58.400,0.44,15893.400006461889
1340,OK,64.200,0.44,15912.799979560077
1341,OK,59.500,0.44,15829.699987079948
1342,OK,61.300,0.44,15964.999969583005
1343,OK,70.700,0.44,15862.700005527586
1344,OK,62.900,0.44,15867.299982346594
1345,OK,60.300,0.44,15911.500027868897
1346,OK,89.200,0.44,15869.299997575581
1347,OK,66.700,0.44,15890.09998133406
1348,OK,103.200,0.44,15813.400037586689
1349,OK,50.600,0.44,15940.900018904358
1350,OK,42.500,0.44,15923.300001304597
1351,OK,73.400,0.44,15963.999961968511
1352,OK,47.300,0.44,15842.500026337802
1353,OK,70.100,0.44,15951.499983202666
1354,OK,64.900,0.44,15891.399991232902
1355,OK,62.900,0.44,15881.19997177273
1356,OK,61.800,0.44,15879.999962635338
1357,OK,62.900,0.44,15892.299998085946
1358,OK,67.300,0.44,15890.000038780272
1359,OK,65.400,0.44,15898.200043011457
1360,OK,75.600,0.44,15951.200039125979
1361,OK,76.000,0.44,15882.90004292503
1362,OK,93.000,0.44,15877.500001806766
1363,OK,67.000,0.44,15903.3999661915
1364,OK,69.000,0.44,15881.999977864325
1365,OK,63.100,0.44,15914.700052235276
1366,OK,67.500,0.44,15904.500032775104
1367,OK,66.300,0.44,15866.799978539348
1368,OK,76.600,0.44,15895.499964244664
1369,OK,67.200,0.44,15825.400012545288
1370,OK,84.200,0.44,15920.399979222566
1371,OK,86.200,0.44,15811.59996567294
1372,OK,81.600,0.44,15902.299957815558
1373,OK,72.900,0.44,15854.7000028193
1374,OK,91.000,0.44,15935.799980070442
1375,OK,62.500,0.44,15878.50000942126
1376,OK,61.100,0.44,15905.900043435395
1377,OK,77.700,0.44,15796.89997015521
1378,OK,62.500,0.44,15950.100030750036
1379,OK,80.600,0.44,15932.100010104477
1380,OK,66.200,0.44,15838.29999435693
1381,OK,96.800,0.44,15794.900013133883
1382,OK,65.800,0.44,15925.69996137172
1383,OK,59.800,0.44,15969.800006132573
1384,OK,60.000,0.44,15910.200017970055
1385,OK,60.600,0.44,15853.899996727705
1386,OK,64.900,0.44,15952.599991578609
1387,OK,68.500,0.44,15898.99999089539
1388,OK,80.300,0.44,15881.599974818528
1389,OK,83.400,0.44,15887.899964582175
1390,OK,65.000,0.44,15854.500001296401
1391,OK,58.200,0.44,15918.899967800826
1392,OK,67.400,0.44,15860.299987252802
1393,OK,54.300,0.44,15957.00002508238
1394,OK,75.900,0.44,15846.900001633912
1395,OK,94.100,0.44,15729.600039776415
1396,OK,47.600,0.44,15919.999976176769
1397,OK,70.300,0.44,16025.900025852025
1398,OK,97.600,0.44,15797.499974723905
1399,OK,54.000,0.44,15958.499978296459
1400,OK,52.700,0.44,15853.599994443357
1401,OK,65.000,0.44,15894.799958914518
1402,OK,102.900,0.44,15756.300010252744
1403,OK,61.700,0.44,15893.10000417754
1404,OK,64.800,0.44,15874.400036409497
1405,OK,50.200,0.44,15955.600014422089
1406,OK,61.800,0.44,15967.599989380687
1407,OK,58.100,0.44,15917.900018393993
1408,OK,56.500,0.44,15885.899949353188
1409,OK,59.300,0.44,15885.90000756085
1410,OK,70.300,0.44,15939.00000443682
1411,OK,59.200,0.44,15911.300026345998
1412,OK,61.200,0.44,15887.19995925203
1413,OK,62.800,0.44,15917.800017632544
1414,OK,61.400,0.44,15935.200033709407
1415,OK,75.200,0.44,15814.500045962632
1416,OK,58.600,0.44,15963.899961207062
1417,OK,66.600,0.44,15882.999985478818
1418,OK,53.000,0.44,15913.79998717457
1419,OK,71.500,0.44,15829.199983272702
1420,OK,57.200,0.44,15840.900014154613
1421,OK,41.600,0.44,15979.199961293489
1422,OK,47.600,0.44,15921.699989121407
1423,OK,41.300,0.44,15942.899975925684
1424,OK,50.300,0.44,15941.100020427257
1425,OK,84.200,0.44,15920.700039714575
1426,OK,64.300,0.44,15908.800007309765
1427,OK,66.000,0.44,15889.100031927228
1428,OK,67.500,0.44,15895.600023213774
1429,OK,58.700,0.44,15878.800011705607
1430,OK,166.700,0.44,15736.599976662546
1431,OK,96.900,0.44,15859.09997811541
1432,OK,76.400,0.44,15957.400028128177
1433,OK,68.900,0.44,15866.599977016449
1434,OK,65.700,0.44,15864.700020756572
1435,OK,68.600,0.44,15911.600028630346
1436,OK,81.800,0.44,15775.99998563528
1437,OK,59.400,0.44,15945.899998769164
1438,OK,62.700,0.44,15874.300035648048
1439,OK,127.100,0.44,15851.69997997582
1440,OK,97.300,0.44,15816.800005268306
1441,OK,55.500,0.44,15919.600031338632
1442,OK,55.000,0.44,15904.299973044544
1443,OK,49.600,0.44,15867.699985392392
1444,OK,58.200,0.44,15970.600012224168
1445,OK,62.700,0.44,15895.600023213774
1446,OK,62.400,0.44,15943.199978210032
1447,OK,136.900,0.44,15701.099997386336
1448,OK,69.600,0.44,16002.80002458021
1449,OK,67.100,0.44,16030.800004955381
1450,OK,68.900,0.44,15828.599978704005
1451,OK,96.700,0.44,15715.699992142618
1452,OK,89.500,0.44,15908.200002741069
1453,OK,89.900,0.44,15859.900042414665
1454,OK,71.800,0.44,15847.400005441159
1455,OK,89.300,0.44,15859.09997811541
1456,OK,88.200,0.44,15877.700003329664
1457,OK,93.300,0.44,15892.399998847395
1458,OK,108.600,0.44,15784.299990627915
1459,OK,74.300,0.44,15905.499982181937
1460,OK,84.100,0.44,15883.999993093312
1461,OK,91.700,0.44,15844.499983359128
1462,OK,98.400,0.44,15838.499995879829
1463,OK,95.300,0.44,15786.899952217937
1464,OK,95.600,0.44,15841.000014916062
1465,OK,94.100,0.44,15856.399957556278
1466,OK,88.100,0.44,15824.400004930794
1467,OK,90.300,0.44,15875.899989623576
1468,OK,89.700,0.44,15836.200036574155
1469,OK,89.000,0.44,15904.400032013655
1470,OK,91.900,0.44,15836.700040381402
1471,OK,90.700,0.44,15862.599946558475
1472,OK,93.600,0.44,15838.29999435693
1473,OK,104.000,0.44,15860.299987252802
1474,OK,101.800,0.44,15826.50002092123
1475,OK,76.200,0.44,15919.199970085174
1476,OK,77.600,0.44,15854.099998250604
1477,OK,99.300,0.44,15850.800031330436
1478,OK,93.600,0.44,15864.399960264564
1479,OK,95.700,0.44,15823.900001123548
1480,OK,94.000,0.44,15878.000005614012
1481,OK,42.900,0.44,15949.800028465688
1482,OK,51.300,0.44,15889.499976765364
1483,OK,37.500,0.44,15912.100032437593
1484,OK,54.400,0.44,15981.499978806823
1485,OK,72.400,0.44,15905.599982943386
1486,OK,76.400,0.44,15844.40004080534
1487,OK,80.900,0.44,15909.200010355562
1488,OK,62.200,0.44,15936.600044369698
1489,OK,64.800,0.44,15903.3999661915
1490,OK,150.700,0.44,15691.899985540658
1491,OK,82.000,0.44,15928.299981169403
1492,OK,64.100,0.44,15904.000028967857
1493,OK,60.500,0.44,15899.499994702637
1494,OK,65.200,0.44,15911.400027107447
1495,OK,69.800,0.44,15890.09998133406
1496,OK,66.800,0.44,15907.699998933822
1497,OK,68.100,0.44,15857.300022616982
1498,OK,164.100,0.44,15721.000032499433
1499,OK,109.200,0.44,15876.99999799952
1500,OK,65.900,0.44,15916.400006972253
1501,OK,69.600,0.44,15768.399985972792
1502,OK,73.000,0.44,15900.300000794232
1503,OK,100.400,0.44,15851.099975407124
1504,OK,70.600,0.44,15856.10001347959
1505,OK,73.400,0.44,15849.699964746833
1506,OK,67.000,0.44,15871.10001128167
1507,OK,62.000,0.44,15940.50001585856
1508,OK,76.400,0.44,15896.09996881336
1509,OK,73.700,0.44,15807.200048584491
1510,OK,61.400,0.44,16048.500023316592
1511,OK,137.100,0.44,15715.699992142618
1512,OK,51.400,0.44,16156.500030774623
1513,OK,73.000,0.44,15835.600032005459
1514,OK,72.400,0.44,15929.599991068244
1515,OK,89.500,0.44,16117.499966640025
1516,OK,87.300,0.44,15827.499970328063
1517,OK,100.300,0.44,15481.499955058098
1518,OK,100.000,0.44,16265.999991446733
1519,OK,129.800,0.44,15938.900003675371
1520,OK,151.800,0.44,15768.099983688444
1521,OK,138.300,0.44,15328.400011640042
1522,OK,139.900,0.44,15695.800015237182
1523,OK,80.100,0.44,16204.099985770881
1524,OK,70.900,0.44,15743.100026156753
1525,OK,79.400,0.44,15725.000004749745
1526,OK,58.500,0.44,15904.200030490756
1527,OK,72.900,0.44,15820.39997447282
1528,OK,80.100,0.44,15860.899991821498
1529,OK,115.200,0.44,15924.000006634742
1530,OK,131.800,0.44,15754.699998069555
1531,OK,114.500,0.44,15642.100013792515
1532,OK,67.400,0.44,15853.499993681908
1533,OK,52.000,0.44,16038.40000461787
1534,OK,56.000,0.44,15907.099994365126
1535,OK,49.400,0.44,15848.900016862899
1536,OK,51.600,0.44,15972.800028976053
1537,OK,70.400,0.44,15804.699971340597
1538,OK,57.700,0.44,15907.299995888025
1539,OK,55.800,0.44,15967.699990142137
1540,OK,69.700,0.44,15900.900005362928
1541,OK,74.800,0.44,15869.099996052682
1542,OK,59.100,0.44,15870.400005951524
1543,OK,84.700,0.44,15937.000047415495
1544,OK,65.600,0.44,15887.500019744039
1545,OK,61.700,0.44,15904.399973805994
1546,OK,60.000,0.44,15896.800032351166
1547,OK,59.800,0.44,15888.299967627972
1548,OK,48.500,0.44,15948.599961120635
1549,OK,55.100,0.44,15903.099963907152
1550,OK,70.400,0.44,15905.699983704835
1551,OK,66.800,0.44,15882.299980148673
1552,OK,65.600,0.44,15811.8000254035
1553,OK,75.600,0.44,15967.29998709634
1554,OK,81.400,0.44,15892.099996563047
1555,OK,73.200,0.44,15905.799984466285
1556,OK,55.600,0.44,15840.000007301569
1557,OK,67.000,0.44,15920.699981506914
1558,OK,53.900,0.44,15917.800017632544
1559,OK,58.800,0.44,15918.50002296269
1560,OK,63.600,0.44,15885.300002992153
1561,OK,64.100,0.44,15914.699994027615
1562,OK,65.500,0.44,15901.600010693073
1563,OK,64.400,0.44,15883.299987763166
1564,OK,89.000,0.44,15828.399977181107
1565,OK,65.000,0.44,15957.799972966313
1566,OK,71.400,0.44,15846.800000872463
1567,OK,81.400,0.44,15847.800008486956
1568,OK,64.100,0.44,15959.700045641512
1569,OK,76.600,0.44,15916.80001001805
1570,OK,77.400,0.44,15881.399973295629
1571,OK,61.800,0.44,15858.899976592511
1572,OK,61.200,0.44,15902.600018307567
1573,OK,63.200,0.44,15899.500052910298
1574,OK,64.600,0.44,15894.900017883629
1575,OK,57.100,0.44,15930.29999639839
1576,OK,57.900,0.44,15966.300037689507
1577,OK,113.200,0.44,15729.399980045855
1578,OK,58.800,0.44,15918.900026008487
1579,OK,66.200,0.44,15892.499999608845
1580,OK,85.700,0.44,15872.60002270341
1581,OK,52.300,0.44,15923.700004350394
1582,OK,71.700,0.44,15902.799961622804
1583,OK,73.900,0.44,15883.299987763166
1584,OK,59.100,0.44,15909.700014162809
1585,OK,64.100,0.44,15887.600020505488
1586,OK,53.500,0.44,15884.799999184906
1587,OK,58.100,0.44,15857.400023378432
1588,OK,72.500,0.44,16007.500002160668
1589,OK,60.600,0.44,15867.299982346594
1590,OK,59.300,0.44,15859.20003708452
1591,OK,86.400,0.44,15898.599987849593
1592,OK,84.400,0.44,15836.499980650842
1593,OK,49.300,0.44,15980.999974999577
1594,OK,61.500,0.44,15858.499973546714
1595,OK,72.500,0.44,15854.299999773502
1596,OK,60.700,0.44,16008.600010536611
1597,OK,68.700,0.44,15866.900037508458
1598,OK,102.100,0.44,15856.199956033379
1599,OK,68.700,0.44,15858.000027947128
1600,OK,63.000,0.44,15865.800029132515
1601,OK,57.000,0.44,15912.29997575283
1602,OK,74.900,0.44,15826.49996271357
1603,OK,59.000,0.44,15936.09998235479
1604,OK,57.500,0.44,15910.599962808192
1605,OK,94.400,0.44,15870.499948505312
1606,OK,62.400,0.44,15904.89997761324
1607,OK,57.500,0.44,15873.299969825894
1608,OK,96.400,0.44,15841.100015677512
1609,OK,91.600,0.44,15890.799986664206
1610,OK,71.300,0.44,15943.299978971481
1611,OK,54.700,0.44,15888.500027358532
1612,OK,81.100,0.44,15867.89998691529
1613,OK,78.000,0.44,15884.599997662008
1614,OK,57.900,0.44,15907.799999695271
1615,OK,56.300,0.44,15867.99998767674
1616,OK,63.500,0.44,15975.599992088974
1617,OK,62.100,0.44,15926.299965940416
1618,OK,63.100,0.44,15840.700012631714
1619,OK,62.400,0.44,15929.099987260997
1620,OK,58.100,0.44,15874.200034886599
1621,OK,55.300,0.44,15929.300046991557
1622,OK,55.100,0.44,15939.700009766966
1623,OK,64.900,0.44,15890.499984379858
1624,OK,67.200,0.44,15930.900000967085
1625,OK,55.300,0.44,15892.399998847395
1626,OK,42.400,0.44,15910.9000233002
1627,OK,85.000,0.44,15889.999980572611
1628,OK,76.100,0.44,15724.40000018105
1629,OK,91.500,0.44,15840.100008063018
1630,OK,125.400,0.44,15797.799977008253
1631,OK,60.400,0.44,15901.799954008311
1632,OK,61.400,0.44,15916.200005449355
1633,OK,56.700,0.44,15916.300006210804
1634,OK,85.300,0.44,15852.100041229278
1635,OK,54.200,0.44,15938.099997583777
1636,OK,59.000,0.44,15913.599985651672
1637,OK,105.000,0.44,15808.60000103712
1638,OK,109.100,0.44,15860.799991060048
1639,OK,67.200,0.44,15935.099974740297
1640,OK,60.700,0.44,15951.099980156869
1641,OK,67.600,0.44,15858.599974308163
1642,OK,64.400,0.44,15881.800034549087
1643,OK,64.400,0.44,15933.399961795658
1644,OK,64.300,0.44,15895.99996805191
1645,OK,63.100,0.44,15901.699953246862
1646,OK,61.800,0.44,15849.000017624348
1647,OK,110.800,0.44,15848.500013817102
1648,OK,89.600,0.44,15885.90000756085
1649,OK,80.700,0.44,15884.29999537766
1650,OK,68.000,0.44,15907.499997410923
1651,OK,79.200,0.44,15891.499991994351
1652,OK,71.200,0.44,15817.199950106442
1653,OK,70.200,0.44,15945.499995723367
1654,OK,44.400,0.44,15895.600023213774
1655,OK,41.000,0.44,15983.200049959123
1656,OK,47.100,0.44,15909.60001340136
1657,OK,41.200,0.44,15948.299958836287
1658,OK,46.800,0.44,15936.299983877689
1659,OK,55.500,0.44,15858.599974308163
1660,OK,70.800,0.44,15957.200026605278
1661,OK,70.800,0.44,15854.999946895987
1662,OK,64.800,0.44,15926.700027193874
1663,OK,95.600,0.44,15841.700020246208
1664,OK,80.800,0.44,15907.599998172373
1665,OK,62.400,0.44,15888.799971435219
1666,OK,143.100,0.44,15823.299996554852
1667,OK,80.800,0.44,15830.299991648644
1668,OK,141.400,0.44,15740.70000788197
1669,OK,63.700,0.44,15760.100039187819
1670,OK,58.300,0.44,15940.800018142909
1671,OK,47.800,0.44,15932.699956465513
1672,OK,48.500,0.44,15873.100026510656
1673,OK,46.300,0.44,15940.70001738146
1674,OK,154.500,0.44,15804.500028025359
1675,OK,66.600,0.44,15868.699993006885
1676,OK,68.800,0.44,15937.399992253631
1677,OK,86.400,0.44,15804.500028025359
1678,OK,59.100,0.44,16005.700046662241
1679,OK,73.000,0.44,15843.300032429397
1680,OK,70.200,0.44,15916.500007733703
1681,OK,68.200,0.44,15881.399973295629
1682,OK,62.300,0.44,15912.999981082976
1683,OK,66.300,0.44,15878.100006375462
1684,OK,91.800,0.44,15840.600011870265
1685,OK,57.700,0.44,15894.900017883629
1686,OK,47.600,0.44,15869.099996052682
1687,OK,48.400,0.44,16000.900010112673
1688,OK,78.000,0.44,15752.999985124916
1689,OK,67.300,0.44,15919.600031338632
1690,OK,78.800,0.44,15897.49997947365
1691,OK,101.700,0.44,15856.300015002489
1692,OK,121.600,0.44,15874.299977440387
1693,OK,110.600,0.44,15787.199954502285
1694,OK,115.900,0.44,15799.300046637654
1695,OK,100.400,0.44,15844.999987166375
1696,OK,101.200,0.44,15828.700037673116
1697,OK,101.200,0.44,15858.499973546714
1698,OK,100.800,0.44,15850.499970838428
1699,OK,126.900,0.44,15776.899992488325
1700,OK,103.500,0.44,15835.099969990551
1701,OK,116.500,0.44,15552.499971818179
1702,OK,91.000,0.44,15896.700031589717
1703,OK,105.300,0.44,15821.89998589456
1704,OK,94.300,0.44,15857.299964409322
1705,OK,136.900,0.44,15748.400008305907
1706,OK,113.200,0.44,15827.699971850961
1707,OK,98.800,0.44,15813.699981663376
1708,OK,84.700,0.44,15938.099997583777
1709,OK,88.300,0.44,15847.400005441159
1710,OK,73.900,0.44,15890.799986664206
1711,OK,111.000,0.44,15842.79997041449
1712,OK,75.300,0.44,15850.899973884225
1713,OK,69.200,0.44,15942.0000272803
1714,OK,73.400,0.44,15817.6000113599
1715,OK,65.800,0.44,15929.599991068244
1716,OK,71.800,0.44,15885.499946307391
1717,OK,100.200,0.44,15857.999969739467
1718,OK,120.400,0.44,15844.699984882027
1719,OK,81.300,0.44,15830.199990887195
1720,OK,92.200,0.44,15831.800003070384
1721,OK,43.900,0.44,15930.09999487549
1722,OK,41.600,0.44,16018.99997331202
1723,OK,56.700,0.44,15917.199954856187
1724,OK,43.900,0.44,15942.499972879887
1725,OK,50.900,0.44,15935.599978547543
1726,OK,46.500,0.44,15947.600011713803
1727,OK,53.600,0.44,15843.199973460287
1728,OK,64.300,0.44,15965.000027790666
1729,OK,151.800,0.44,15757.500019390136
1730,OK,59.600,0.44,15901.799954008311
1731,OK,63.000,0.44,15932.99995874986
1732,OK,81.200,0.44,15869.099996052682
1733,OK,83.800,0.44,15893.10000417754
1734,OK,70.100,0.44,15866.50003446266
1735,OK,64.600,0.44,15887.100016698241
1736,OK,107.700,0.44,15795.100014656782
1737,OK,63.000,0.44,15871.600015088916
1738,OK,75.700,0.44,15897.399978712201
1739,OK,55.900,0.44,15888.200025074184
1740,OK,59.600,0.44,15964.200021699071
1741,OK,60.900,0.44,15894.900017883629
1742,OK,47.800,0.44,15932.700014673173
1743,OK,58.000,0.44,15898.700046818703
1744,OK,45.600,0.44,15923.300001304597
1745,OK,52.400,0.44,16187.799978069961
1746,OK,54.600,0.44,15824.900008738041
1747,OK,69.600,0.44,15936.299983877689
1748,OK,68.200,0.44,15784.199989866465
1749,OK,70.500,0.44,15840.900014154613
1750,OK,76.800,0.44,16223.49995886907
1751,OK,88.100,0.44,15570.399991702288
1752,OK,252.000,0.44,15364.899998530746
1753,OK,100.300,0.44,15835.100028198212
1754,OK,80.600,0.44,15912.50003548339
1755,OK,62.800,0.44,15831.400000024587
1756,OK,74.500,0.44,15896.999975666404
1757,OK,35.600,0.44,15912.099974229932
1758,OK,49.000,0.44,16327.699995599687
1759,OK,80.300,0.44,15618.900011759251
1760,OK,66.700,0.44,15971.500019077212
1761,OK,60.900,0.44,15822.300047148019
1762,OK,141.400,0.44,15716.599998995662
1763,OK,135.800,0.44,15753.699990455061
1764,OK,70.000,0.44,15839.300001971424
1765,OK,46.600,0.44,15972.699970006943
1766,OK,54.500,0.44,15896.400029305369
1767,OK,56.100,0.44,15922.200051136315
1768,OK,55.200,0.44,15909.50001263991
1769,OK,57.500,0.44,15859.299979638308
1770,OK,70.000,0.44,15926.300024148077
1771,OK,52.100,0.44,15894.60001559928
1772,OK,53.900,0.44,15941.000019665807
1773,OK,55.400,0.44,15948.699961882085
1774,OK,65.100,0.44,15919.000026769936
1775,OK,50.700,0.44,15918.799967039376
1776,OK,51.300,0.44,15908.600005786866
1777,OK,58.500,0.44,15915.600000880659
1778,OK,56.200,0.44,15920.900041237473
1779,OK,53.100,0.44,15876.99999799952
1780,OK,52.100,0.44,15976.19999665767
1781,OK,68.700,0.44,15878.19994892925
1782,OK,56.500,0.44,15931.900008581579
1783,OK,57.600,0.44,15887.500019744039
1784,OK,66.700,0.44,15829.199983272702
1785,OK,69.000,0.44,15960.299992002547
1786,OK,72.500,0.44,15803.699963726103
1787,OK,87.900,0.44,15895.200020167977
1788,OK,94.100,0.44,15933.599963318557
1789,OK,64.000,0.44,15891.399991232902
1790,OK,57.300,0.44,15870.000002905726
1791,OK,83.400,0.44,15937.399992253631
1792,OK,68.400,0.44,15887.100016698241
1793,OK,64.400,0.44,15902.099956292659
1794,OK,64.700,0.44,15870.500006712973
1795,OK,62.300,0.44,15913.099981844425
1796,OK,59.300,0.44,15890.399983618408
1797,OK,94.700,0.44,15809.899952728301
1798,OK,69.100,0.44,15922.999999020249
1799,OK,63.400,0.44,15913.199982605875
1800,OK,69.500,0.44,15902.400016784668
1801,OK,63.700,0.44,15732.500003650784
1802,OK,113.900,0.44,15836.099977605045
1803,OK,74.000,0.44,15938.399999868125
1804,OK,65.500,0.44,15921.899990644306
1805,OK,59.200,0.44,15869.299997575581
1806,OK,55.600,0.44,15891.499991994351
1807,OK,70.100,0.44,15910.800022538751
1808,OK,52.900,0.44,15875.799988862127
1809,OK,49.600,0.44,16010.800027288496
1810,OK,40.800,0.44,15901.099948678166
1811,OK,53.400,0.44,15889.099973719567
1812,OK,55.000,0.44,15981.99998261407
1813,OK,75.500,0.44,15905.199979897588
1814,OK,72.600,0.44,15817.099949344993
1815,OK,80.400,0.44,15955.50001366064
1816,OK,67.500,0.44,15845.499990973622
1817,OK,88.900,0.44,15810.699958819896
1818,OK,68.500,0.44,15920.400037430227
1819,OK,101.600,0.44,15852.300042752177
1820,OK,89.700,0.44,15839.200001209974
1821,OK,55.600,0.44,15909.40001187846
1822,OK,66.000,0.44,15860.300045460463
1823,OK,51.800,0.44,15925.70001957938
1824,OK,55.100,0.44,15898.99999089539
1825,OK,51.000,0.44,15900.400001555681
1826,OK,51.800,0.44,15950.099972542375
1827,OK,53.300,0.44,15946.100000292063
1828,OK,62.400,0.44,15933.499962557107
1829,OK,60.100,0.44,15922.999999020249
1830,OK,67.600,0.44,15880.500024650246
1831,OK,63.700,0.44,15881.100029218942
1832,OK,70.400,0.44,15867.299982346594
1833,OK,66.300,0.44,15955.50001366064
1834,OK,123.500,0.44,15829.699987079948
1835,OK,79.000,0.44,15852.600045036525
1836,OK,67.400,0.44,15884.799999184906
1837,OK,67.900,0.44,15890.599985141307
1838,OK,55.900,0.44,15891.299990471452
1839,OK,53.800,0.44,15963.000012561679
1840,OK,59.800,0.44,15908.10000197962
1841,OK,80.400,0.44,15891.7999942787
1842,OK,70.200,0.44,15821.499982848763
1843,OK,89.700,0.44,15852.799988351762
1844,OK,57.500,0.44,15987.499966286123
1845,OK,58.200,0.44,15833.89996085316
1846,OK,74.300,0.44,15963.200014084578
1847,OK,61.000,0.44,15857.39996517077
1848,OK,77.700,0.44,15865.900029893965
1849,OK,57.900,0.44,15924.900013487786
1850,OK,57.600,0.44,15926.800027955323
1851,OK,57.400,0.44,15837.799990549684
1852,OK,70.000,0.44,15946.300001814961
1853,OK,86.000,0.44,15910.699963569641
1854,OK,83.500,0.44,15940.200013574213
1855,OK,71.300,0.44,15722.100040875375
1856,OK,62.600,0.44,15986.100013833493
1857,OK,71.300,0.44,15911.799971945584
1858,OK,67.300,0.44,15850.999974645674
1859,OK,76.300,0.44,15864.89996407181
1860,OK,74.600,0.44,15923.800005111843
1861,OK,148.700,0.44,15794.400009326637
1862,OK,70.300,0.44,15889.599977526814
1863,OK,82.700,0.44,15808.099997229874
1864,OK,66.500,0.44,15980.099968146533
1865,OK,93.600,0.44,15798.39998157695
1866,OK,119.900,0.44,15843.400033190846
1867,OK,99.400,0.44,15834.500023629516
1868,OK,107.700,0.44,15905.900043435395
1869,OK,73.500,0.44,15844.000037759542
1870,OK,66.600,0.44,15883.499989286065
1871,OK,62.100,0.44,15885.90000756085
1872,OK,60.300,0.44,15913.599985651672
1873,OK,63.000,0.44,15889.200032688677
1874,OK,87.600,0.44,15811.099961865693
1875,OK,61.200,0.44,15914.199990220368
1876,OK,62.000,0.44,15890.999988187104
1877,OK,60.000,0.44,15909.900015685707
1878,OK,60.800,0.44,15894.900017883629
1879,OK,59.300,0.44,15879.8000193201
1880,OK,86.300,0.44,15874.699980486184
1881,OK,85.800,0.44,15863.999957218766
1882,OK,86.200,0.44,15941.199962981045
1883,OK,65.100,0.44,15834.999969229102
1884,OK,57.200,0.44,15940.099954605103
1885,OK,70.400,0.44,15866.299974732101
1886,OK,70.000,0.44,15865.00002304092
1887,OK,56.700,0.44,15937.49999301508
1888,OK,69.500,0.44,15872.40002118051
1889,OK,54.700,0.44,15932.700014673173
1890,OK,54.500,0.44,15907.299995888025
1891,OK,56.900,0.44,15883.099986240268
1892,OK,63.300,0.44,15909.499954432249
1893,OK,68.400,0.44,15911.599970422685
1894,OK,60.000,0.44,15914.299990981817
1895,OK,75.500,0.44,15878.000005614012
1896,OK,73.300,0.44,15898.099984042346
1897,OK,76.900,0.44,15832.50000840053
1898,OK,74.500,0.44,15982.699987944216
1899,OK,68.400,0.44,15860.199986491352
1900,OK,58.300,0.44,15913.100040052086
1901,OK,115.600,0.44,15683.500037994236
1902,OK,161.700,0.44,15687.2000079602
1903,OK,72.800,0.44,15931.70000705868
1904,OK,59.600,0.44,15897.100034635514
1905,OK,58.400,0.44,15870.300005190074
1906,OK,63.700,0.44,15824.700007215142
1907,OK,63.500,0.44,16013.700049370527
1908,OK,79.100,0.44,15814.199985470623
1909,OK,83.800,0.44,15897.899982519448
1910,OK,72.400,0.44,15936.19998311624
1911,OK,159.500,0.44,15861.499996390194
1912,OK,72.200,0.44,15764.700016006827
1913,OK,52.800,0.44,15916.500007733703
1914,OK,55.700,0.44,15838.699997402728
1915,OK,54.600,0.44,15909.700014162809
1916,OK,80.400,0.44,15938.299999106675
1917,OK,59.600,0.44,15914.799994789064
1918,OK,54.000,0.44,15906.999993603677
1919,OK,62.900,0.44,15899.699996225536
1920,OK,112.100,0.44,15828.199975658208
1921,OK,63.500,0.44,15899.799996986985
1922,OK,69.100,0.44,15913.400042336434
1923,OK,80.400,0.44,15882.600040640682
1924,OK,64.800,0.44,15900.900005362928
1925,OK,73.300,0.44,15872.099960688502
1926,OK,64.400,0.44,15789.60003098473
1927,OK,90.400,0.44,15849.700022954494
1928,OK,74.100,0.44,15896.900033112615
1929,OK,85.800,0.44,15863.000007811934
1930,OK,87.300,0.44,15877.099998760968
1931,OK,91.500,0.44,15855.800011195242
1932,OK,95.700,0.44,15867.700043600053
1933,OK,92.500,0.44,15829.50004376471
1934,OK,86.400,0.44,15867.99998767674
1935,OK,92.000,0.44,15860.899991821498
1936,OK,99.500,0.44,15855.500008910894
1937,OK,122.900,0.44,15806.600044015795
1938,OK,96.700,0.44,15872.900024987757
1939,OK,107.000,0.44,15844.19998107478
1940,OK,109.100,0.44,15927.499975077808
1941,OK,98.200,0.44,15759.199974127114
1942,OK,99.600,0.44,15873.600030317903
1943,OK,96.500,0.44,15820.49997523427
1944,OK,90.800,0.44,15861.699997913092
1945,OK,101.500,0.44,15845.299989450723
1946,OK,98.500,0.44,15845.000045374036
1947,OK,96.800,0.44,15843.500033952296
1948,OK,100.100,0.44,15872.100018896163
1949,OK,109.300,0.44,15820.800035726279
1950,OK,94.200,0.44,15866.900037508458
1951,OK,73.800,0.44,15893.20000493899
1952,OK,115.300,0.44,15893.900010269135
1953,OK,118.100,0.44,15748.00000526011
1954,OK,91.100,0.44,15934.199967887253
1955,OK,151.900,0.44,15787.400014232844
1956,OK,221.500,0.44,15538.89998467639
1957,OK,67.700,0.44,15893.699950538576
1958,OK,64.400,0.44,15924.30000891909
1959,OK,74.100,0.44,15905.999985989183
1960,OK,52.600,0.44,15879.90002008155
1961,OK,55.700,0.44,15878.100006375462
1962,OK,49.300,0.44,15980.699972715229
1963,OK,50.000,0.44,15941.599966026843
1964,OK,51.800,0.44,15919.399971608073
1965,OK,54.900,0.44,15908.400004263967
1966,OK,151.400,0.44,15809.000004082918
1967,OK,63.900,0.44,15899.899997748435
1968,OK,67.900,0.44,15868.599992245436
1969,OK,69.600,0.44,15931.399946566671
1970,OK,72.700,0.44,15872.199961449951
1971,OK,67.300,0.44,15866.299974732101
1972,OK,71.900,0.44,15851.999982260168
1973,OK,84.300,0.44,15884.099993854761
1974,OK,64.600,0.44,15849.000017624348
1975,OK,78.300,0.44,15894.300013314933
1976,OK,75.700,0.44,15897.299977950752
1977,OK,75.800,0.44,15857.000020332634
1978,OK,76.600,0.44,15928.299981169403
1979,OK,120.500,0.44,15751.999977510422
1980,OK,96.700,0.44,15834.700025152415
1981,OK,110.000,0.44,15841.1999582313
1982,OK,56.600,0.44,15997.499984223396
1983,OK,97.600,0.44,15852.399985305965
1984,OK,91.700,0.44,15864.600019995123
1985,OK,113.500,0.44,15739.700000267476
1986,OK,62.600,0.44,15898.299985565245
1987,OK,68.700,0.44,15879.90002008155
1988,OK,57.900,0.44,15874.700038693845
1989,OK,54.300,0.44,15921.29998607561
1990,OK,53.400,0.44,15941.399964503944
1991,OK,61.100,0.44,15885.8000067994
1992,OK,56.300,0.44,15922.6999967359
1993,OK,65.600,0.44,15891.999995801598
1994,OK,55.200,0.44,15928.299981169403
1995,OK,81.800,0.44,15886.500012129545
1996,OK,109.800,0.44,15782.09997387603
1997,OK,69.700,0.44,15910.199959762394
1998,OK,60.600,0.44,16074.599989224225
1999,OK,52.700,0.44,15790.199977345765
2000,OK,58.400,0.44,16283.500008285046
2001,OK,64.300,0.44,15414.300025440753
2002,OK,73.900,0.44,16219.899989664555
2003,OK,227.500,0.44,15342.200000304729
2004,OK,79.100,0.44,15873.399970587343
2005,OK,96.400,0.44,15888.100024312735
2006,OK,136.900,0.44,15706.000034697354
2007,OK,62.900,0.44,15963.900019414723
2008,OK,97.600,0.44,15786.5000073798
2009,OK,73.300,0.44,15915.29999859631
2010,OK,54.100,0.44,15928.6999842152
2011,OK,58.400,0.44,15917.799959424883
2012,OK,56.800,0.44,15907.799999695271
2013,OK,62.600,0.44,15881.800034549087
2014,OK,59.000,0.44,15981.699980329722
2015,OK,62.300,0.44,15891.099988948554
2016,OK,63.200,0.44,15924.500010441989
2017,OK,94.200,0.44,15818.89996305108
2018,OK,78.300,0.44,15883.200045209378
2019,OK,76.600,0.44,15901.300008408725
2020,OK,68.700,0.44,15860.000043176115
2021,OK,63.100,0.44,15937.49999301508
2022,OK,60.600,0.44,15859.500039368868
2023,OK,49.300,0.44,15899.699996225536
2024,OK,32.500,0.44,15987.300022970885
2025,OK,56.500,0.44,15860.799991060048
2026,OK,42.800,0.44,15933.399961795658
2027,OK,59.100,0.44,15910.600021015853
2028,OK,49.500,0.44,15910.79996433109
2029,OK,47.300,0.44,15941.800025757402
2030,OK,52.300,0.44,15947.700012475252
2031,OK,48.500,0.44,15823.699999600649
2032,OK,45.000,0.44,16009.799961466342
2033,OK,48.900,0.44,15868.500049691647
2034,OK,72.400,0.44,15943.59998125583
2035,OK,69.800,0.44,15854.199999012053
2036,OK,84.400,0.44,15934.60002914071
2037,OK,46.900,0.44,15935.899980831891
2038,OK,49.100,0.44,15906.099986750633
2039,OK,67.800,0.44,15789.40002946183
2040,OK,50.900,0.44,15996.800037100911
2041,OK,55.500,0.44,15941.599966026843
2042,OK,57.300,0.44,15851.199976168573
2043,OK,55.400,0.44,15852.799988351762
2044,OK,52.700,0.44,16032.50001790002
2045,OK,65.500,0.44,15891.7999942787
2046,OK,69.500,0.44,15908.500005025417
2047,OK,56.500,0.44,15841.09995746985
2048,OK,75.600,0.44,15955.30001213774
2049,OK,84.500,0.44,7469.500007573515
2050,OK,67.200,0.44,15815.699996892363
2051,OK,57.600,0.44,15890.399983618408
2052,OK,50.100,0.44,15919.200028292835
2053,OK,52.600,0.44,15948.699961882085
2054,OK,62.300,0.44,15923.400002066046
2055,OK,71.400,0.44,15838.499995879829
2056,OK,64.100,0.44,15895.800024736673
2057,OK,72.400,0.44,15963.600017130375
2058,OK,69.000,0.44,15880.100021604449
2059,OK,59.400,0.44,15944.499988108873
2060,OK,77.600,0.44,15800.499997567385
2061,OK,61.300,0.44,15989.100036676973
2062,OK,66.400,0.44,15827.800030820072
2063,OK,87.200,0.44,15819.700027350336
2064,OK,71.100,0.44,15950.099972542375
2065,OK,57.800,0.44,15925.399959087372
2066,OK,53.800,0.44,15959.000040311366
2067,OK,65.900,0.44,15852.499986067414
2068,OK,69.200,0.44,15845.399990212172
2069,OK,58.300,0.44,15902.399958577007
2070,OK,52.800,0.44,15920.899983029813
2071,OK,55.700,0.44,15936.399984639138
2072,OK,62.600,0.44,15900.900005362928
2073,OK,56.900,0.44,15880.500024650246
2074,OK,57.300,0.44,15932.100010104477
2075,OK,64.600,0.44,15947.000007145107
2076,OK,69.300,0.44,15852.999989874661
2077,OK,56.600,0.44,15939.20000595972
2078,OK,58.600,0.44,15862.600004766136
2079,OK,63.000,0.44,15932.000009343028
2080,OK,65.700,0.44,15812.200028449297
2081,OK,73.200,0.44,15906.899992842227
2082,OK,60.900,0.44,15867.600042838603
2083,OK,60.800,0.44,15916.399948764592
2084,OK,56.600,0.44,15893.10000417754
2085,OK,93.500,0.44,15910.200017970055
2086,OK,58.500,0.44,15836.89998369664
2087,OK,64.400,0.44,15935.600036755204
2088,OK,53.800,0.44,15951.399982441217
2089,OK,60.900,0.44,15942.300029564649
2090,OK,64.000,0.44,15826.000017113984
2091,OK,92.500,0.44,15921.19998531416
2092,OK,70.100,0.44,15867.89998691529
2093,OK,74.800,0.44,15857.300022616982
2094,OK,59.200,0.44,15856.600017286837
2095,OK,67.000,0.44,15954.499947838485
2096,OK,64.400,0.44,15904.89997761324
2097,OK,70.600,0.44,15848.900016862899
2098,OK,147.800,0.44,15723.799995612353
2099,OK,55.200,0.44,15926.300024148077
2100,OK,48.900,0.44,15972.299966961145
2101,OK,75.200,0.44,15702.400007285178
2102,OK,95.800,0.44,15872.800024226308
2103,OK,69.600,0.44,15878.40000865981
2104,OK,84.600,0.44,15907.799999695271
2105,OK,62.800,0.44,15903.70002668351
2106,OK,67.900,0.44,15920.799982268363
2107,OK,68.600,0.44,15874.399978201836
2108,OK,75.500,0.44,15843.400033190846
2109,OK,61.300,0.44,15952.999994624406
2110,OK,63.600,0.44,15845.700050704181
2111,OK,81.500,0.44,15899.899997748435
2112,OK,64.100,0.44,15919.099969323725
2113,OK,62.300,0.44,15881.699975579977
2114,OK,72.300,0.44,15890.699985902756
2115,OK,73.700,0.44,15905.700041912496
2116,OK,63.300,0.44,15856.800018809736
2117,OK,70.300,0.44,15905.999985989183
2118,OK,55.400,0.44,15913.399984128773
2119,OK,55.600,0.44,15886.100009083748
2120,OK,69.900,0.44,15875.39998581633
2121,OK,62.100,0.44,15909.50001263991
2122,OK,95.300,0.44,15889.799979049712
2123,OK,56.600,0.44,15895.499964244664
2124,OK,48.000,0.44,15934.70002990216
2125,OK,53.900,0.44,15880.500024650246
2126,OK,44.500,0.44,15969.700005371124
2127,OK,55.900,0.44,15911.500027868897
2128,OK,55.300,0.44,15917.599957901984
2129,OK,49.600,0.44,15880.700026173145
2130,OK,58.900,0.44,15959.69998743385
2131,OK,86.900,0.44,15925.70001957938
2132,OK,62.800,0.44,15905.699983704835
2133,OK,57.500,0.44,15916.999953333288
2134,OK,157.600,0.44,15764.900017529726
2135,OK,66.600,0.44,15883.900050539523
2136,OK,94.600,0.44,15878.900012467057
2137,OK,67.200,0.44,15847.299946472049
2138,OK,66.900,0.44,15954.700007569045
2139,OK,67.400,0.44,15928.90004394576
2140,OK,87.800,0.44,15854.299999773502
2141,OK,78.800,0.44,15831.900003831834
2142,OK,57.900,0.44,15925.299958325922
2143,OK,133.900,0.44,15779.700013808906
2144,OK,80.200,0.44,15880.799968726933
2145,OK,68.400,0.44,15884.30005358532
2146,OK,59.300,0.44,15833.500016015023
2147,OK,60.000,0.44,15921.799989882857
2148,OK,60.100,0.44,15869.599999859929
2149,OK,47.600,0.44,15972.099965438247
2150,OK,64.400,0.44,15952.899993862957
2151,OK,56.400,0.44,15887.20001745969
2152,OK,70.500,0.44,15948.400017805398
2153,OK,138.900,0.44,15694.000001531094
2154,OK,56.700,0.44,15855.000005103648
2155,OK,48.500,0.44,15939.00000443682
2156,OK,51.700,0.44,15926.299965940416
2157,OK,83.900,0.44,15866.699977777898
2158,OK,75.700,0.44,15849.800023715943
2159,OK,84.700,0.44,15909.100009594113
2160,OK,86.700,0.44,15828.10003310442
2161,OK,84.900,0.44,15891.299990471452
2162,OK,91.900,0.44,15872.100018896163
2163,OK,90.600,0.44,15848.100010771304
2164,OK,94.500,0.44,15867.99998767674
2165,OK,93.900,0.44,15838.599996641278
2166,OK,104.000,0.44,15868.399990722537
2167,OK,115.200,0.44,15839.500003494322
2168,OK,78.300,0.44,15836.300037335604
2169,OK,105.600,0.44,15832.600009161979
2170,OK,102.500,0.44,15857.299964409322
2171,OK,104.600,0.44,15843.300032429397
2172,OK,117.000,0.44,15833.300014492124
2173,OK,91.800,0.44,15877.900004852563
2174,OK,93.000,0.44,15869.49999909848
2175,OK,74.800,0.44,15828.200033865869
2176,OK,89.800,0.44,15874.399978201836
2177,OK,94.000,0.44,15849.700022954494
2178,OK,114.100,0.44,15875.39998581633
2179,OK,119.100,0.44,15796.90002836287
2180,OK,104.200,0.44,15856.09995527193
2181,OK,122.400,0.44,15849.299961701035
2182,OK,66.500,0.44,15862.200001720339
2183,OK,108.400,0.44,15848.500013817102
2184,OK,118.800,0.44,15836.499980650842
2185,OK,142.100,0.44,15827.699971850961
2186,OK,128.100,0.44,15728.90003444627
2187,OK,105.200,0.44,15866.499976255
2188,OK,95.800,0.44,15846.300055272877
2189,OK,79.100,0.44,15831.800003070384
2190,OK,65.200,0.44,15914.300049189478
2191,OK,76.900,0.44,15977.60000731796
2192,OK,81.200,0.44,15773.1999643147
2193,OK,78.000,0.44,15909.800014924258
2194,OK,89.900,0.44,15785.600000526756
2195,OK,96.900,0.44,15828.399977181107
2196,OK,61.000,0.44,15872.40002118051
2197,OK,57.600,0.44,15993.300010450184
2198,OK,87.800,0.44,15828.899980988353
2199,OK,58.100,0.44,15998.699993360788
2200,OK,317.800,0.44,15555.29999313876
2201,OK,174.400,0.44,15290.399955119938
2202,OK,107.200,0.44,15768.399985972792
2203,OK,67.100,0.44,15838.29999435693
2204,OK,62.700,0.44,15902.399958577007
2205,OK,73.100,0.44,15936.09998235479
2206,OK,70.600,0.44,15814.899990800768
2207,OK,94.400,0.44,15927.600034046918
2208,OK,101.500,0.44,15843.400033190846
2209,OK,319.100,0.44,15564.700006507337
2210,OK,102.300,0.44,16331.200022250414
2211,OK,111.600,0.44,15251.60000892356
2212,OK,111.800,0.44,15877.700003329664
2213,OK,67.400,0.44,15882.599982433021
2214,OK,93.000,0.44,15810.600016266108
2215,OK,69.200,0.44,15927.700034808367
2216,OK,315.000,0.44,15653.799986466765
2217,OK,172.400,0.44,15679.500007536262
2218,OK,127.100,0.44,15766.000025905669
2219,OK,87.100,0.44,16116.300015710294
2220,OK,120.100,0.44,15592.199983075261
2221,OK,62.000,0.44,15853.399992920458
2222,OK,44.400,0.44,15967.899991665035
2223,OK,59.800,0.44,15883.499989286065
2224,OK,58.800,0.44,16211.000038310885
2225,OK,81.300,0.44,15673.200017772615
2226,OK,80.500,0.44,15907.90000045672
2227,OK,88.100,0.44,15967.899991665035
2228,OK,101.300,0.44,15722.400043159723
2229,OK,120.100,0.44,15719.500021077693
2230,OK,103.800,0.44,15871.499956119806
2231,OK,74.300,0.44,15870.90000975877
2232,OK,54.600,0.44,16127.899987623096
2233,OK,58.400,0.44,15754.399995785207
2234,OK,66.400,0.44,15901.200007647276
2235,OK,84.600,0.44,15899.19999241829
2236,OK,114.800,0.44,15952.199988532811
2237,OK,135.200,0.44,16167.29999659583
2238,OK,130.800,0.44,15284.899971447885
2239,OK,125.000,0.44,15811.799967195839
2240,OK,133.800,0.44,16273.800050839782
2241,OK,185.600,0.44,15325.79999184236
2242,OK,135.700,0.44,15764.900017529726
2243,OK,171.700,0.44,15720.900031737983
2244,OK,152.700,0.44,15808.500000275671
2245,OK,161.600,0.44,15578.099992126226
2246,OK,61.100,0.44,15827.000024728477
2247,OK,48.600,0.44,15942.600031848997
2248,OK,75.100,0.44,15930.399997159839
2249,OK,71.300,0.44,15846.900001633912
2250,OK,106.800,0.44,15833.100012969226
2251,OK,56.800,0.44,15973.100031260401
2252,OK,60.100,0.44,15871.999959927052
2253,OK,99.700,0.44,15828.699979465455
2254,OK,78.800,0.44,15921.30004428327
2255,OK,64.300,0.44,15903.899969998747
2256,OK,141.400,0.44,15823.099995031953
2257,OK,56.300,0.44,15891.7999942787
2258,OK,56.400,0.44,15921.000041998923
2259,OK,44.700,0.44,15930.599998682737
2260,OK,48.000,0.44,15912.799979560077
2261,OK,44.000,0.44,15965.80003388226
2262,OK,52.000,0.44,15827.600029297173
2263,OK,73.000,0.44,15995.799971278757
2264,OK,73.600,0.44,15889.499976765364
2265,OK,68.200,0.44,15929.999994114041
2266,OK,52.900,0.44,15836.100035812706
2267,OK,78.600,0.44,15958.39997753501
2268,OK,61.100,0.44,15889.199974481016
2269,OK,60.700,0.44,15918.700024485588
2270,OK,66.700,0.44,15886.599954683334
2271,OK,61.500,0.44,15921.19998531416
2272,OK,65.100,0.44,15885.400003753603
2273,OK,66.400,0.44,15893.09994596988
2274,OK,63.400,0.44,15934.299968648702
2275,OK,72.500,0.44,15867.199981585145
2276,OK,51.500,0.44,15850.500029046088
2277,OK,54.500,0.44,15936.399984639138
2278,OK,47.600,0.44,15937.399992253631
2279,OK,47.300,0.44,15896.000026259571
2280,OK,58.900,0.44,15885.70000603795
2281,OK,63.900,0.44,15891.399991232902
2282,OK,88.600,0.44,15837.799990549684
2283,OK,59.800,0.44,15943.799982778728
2284,OK,78.700,0.44,15870.599949266762
2285,OK,57.600,0.44,15814.299986232072
2286,OK,63.300,0.44,15887.399960774928
2287,OK,99.500,0.44,15930.699999444187
2288,OK,55.900,0.44,15905.800042673945
2289,OK,74.800,0.44,15909.999958239496
2290,OK,68.200,0.44,15868.499991483986
2291,OK,77.100,0.44,15903.800027444959
2292,OK,84.400,0.44,15858.399972785264
2293,OK,72.600,0.44,15880.200022365898
2294,OK,68.700,0.44,15936.600044369698
2295,OK,60.100,0.44,15887.799963820726
2296,OK,72.500,0.44,15892.700001131743
2297,OK,63.700,0.44,15856.299956794828
2298,OK,89.500,0.44,15809.400007128716
2299,OK,85.800,0.44,15880.099963396788
2300,OK,65.200,0.44,15921.699989121407
2301,OK,79.200,0.44,15759.499976411462
2302,OK,82.900,0.44,15913.399984128773
2303,OK,60.900,0.44,15907.499997410923
2304,OK,60.200,0.44,15849.700022954494
2305,OK,67.500,0.44,15895.099961198866
2306,OK,60.200,0.44,15915.900003165007
2307,OK,90.500,0.44,15916.89995257184
2308,OK,66.000,0.44,15848.000010009855
2309,OK,68.700,0.44,15963.700017891824
2310,OK,69.300,0.44,15853.599994443357
2311,OK,64.000,0.44,15875.699988100678
2312,OK,62.200,0.44,15908.500005025417
2313,OK,58.800,0.44,15801.600005943328
2314,OK,84.400,0.44,15904.799976851791
2315,OK,88.100,0.44,15831.299999263138
2316,OK,67.100,0.44,15930.399997159839
2317,OK,79.800,0.44,15828.00003234297
2318,OK,106.800,0.44,15877.899946644902
2319,OK,115.000,0.44,15849.600022193044
2320,OK,92.000,0.44,15817.900013644248
2321,OK,96.200,0.44,15896.400029305369
2322,OK,76.500,0.44,15886.000008322299
2323,OK,87.700,0.44,15888.899972196668
2324,OK,81.600,0.44,15857.70002566278
2325,OK,58.600,0.44,15967.19998633489
2326,OK,96.300,0.44,15817.100007552654
2327,OK,59.100,0.44,15926.499967463315
2328,OK,70.500,0.44,15872.60002270341
2329,OK,61.000,0.44,15922.8999982588
2330,OK,59.600,0.44,15937.199990730733
2331,OK,66.500,0.44,15838.900057133287
2332,OK,66.400,0.44,15893.400006461889
2333,OK,84.200,0.44,15955.40001289919
2334,OK,73.300,0.44,15867.000038269907
2335,OK,62.500,0.44,15872.799966018647
2336,OK,67.400,0.44,15901.500009931624
2337,OK,59.700,0.44,15908.10000197962
2338,OK,71.900,0.44,15879.700018558651
2339,OK,50.900,0.44,15917.600016109645
2340,OK,44.400,0.44,15934.899973217398
2341,OK,67.100,0.44,15893.09994596988
2342,OK,47.900,0.44,15949.199965689331
2343,OK,75.200,0.44,15889.599977526814
2344,OK,65.500,0.44,15900.50000231713
2345,OK,75.600,0.44,15894.200012553483
2346,OK,69.800,0.44,15870.700008235872
2347,OK,69.900,0.44,15890.09998133406
2348,OK,85.500,0.44,15865.899971686304
2349,OK,71.200,0.44,15832.700009923428
2350,OK,63.300,0.44,15893.10000417754
2351,OK,67.400,0.44,15927.900036331266
2352,OK,64.500,0.44,15866.799978539348
2353,OK,64.300,0.44,15906.999993603677
2354,OK,70.900,0.44,15891.399991232902
2355,OK,65.200,0.44,15886.200009845197
2356,OK,78.600,0.44,15863.50001161918
2357,OK,57.200,0.44,15912.300033960491
2358,OK,59.100,0.44,15923.099999781698
2359,OK,74.200,0.44,15897.899982519448
2360,OK,90.600,0.44,15803.900023456663
2361,OK,65.600,0.44,15908.099943771958
2362,OK,92.700,0.44,15906.799992080778
2363,OK,57.000,0.44,15897.69998099655
2364,OK,70.200,0.44,15894.400014076382
2365,OK,73.100,0.44,15801.40000442043
2366,OK,66.400,0.44,15932.400012388825
2367,OK,56.600,0.44,15866.999980062246
2368,OK,57.000,0.44,15954.800008330494
2369,OK,81.700,0.44,15900.70000384003
2370,OK,58.600,0.44,15947.90001399815
2371,OK,58.100,0.44,15887.000015936792
2372,OK,65.800,0.44,15913.000039290637
2373,OK,54.100,0.44,15926.600026432425
2374,OK,58.800,0.44,15935.900039039552
2375,OK,77.000,0.44,15807.399991899729
2376,OK,61.600,0.44,16012.799984309822
2377,OK,76.200,0.44,15835.599973797798
2378,OK,90.600,0.44,15890.999988187104
2379,OK,73.900,0.44,15797.700034454465
2380,OK,66.700,0.44,15972.600027453154
2381,OK,70.900,0.44,15888.300025835633
2382,OK,81.600,0.44,15867.700043600053
2383,OK,125.200,0.44,15740.000002551824
2384,OK,95.300,0.44,15929.999994114041
2385,OK,88.800,0.44,15883.599990047514
2386,OK,76.000,0.44,15876.000048592687
2387,OK,80.400,0.44,15888.300025835633
2388,OK,73.300,0.44,15904.700034298003
2389,OK,69.500,0.44,15860.899991821498
2390,OK,63.800,0.44,15884.19999461621
2391,OK,62.100,0.44,15898.799989372492
2392,OK,135.500,0.44,15807.200048584491
2393,OK,68.500,0.44,15874.299977440387
2394,OK,54.400,0.44,15905.599982943386
2395,OK,56.100,0.44,15901.600010693073
2396,OK,62.000,0.44,15945.899998769164
2397,OK,56.600,0.44,15916.599950287491
2398,OK,61.600,0.44,15890.599985141307
2399,OK,58.000,0.44,15914.199990220368
2400,OK,69.900,0.44,15893.800009507686
2401,OK,166.000,0.44,15395.599999465048
2402,OK,57.400,0.44,15900.099999271333
2403,OK,50.100,0.44,15924.000006634742
2404,OK,50.100,0.44,15973.000030498952
2405,OK,52.000,0.44,15938.199998345226
2406,OK,77.200,0.44,15777.69999857992
2407,OK,98.000,0.44,15883.00004368648
2408,OK,81.900,0.44,15901.799954008311
2409,OK,90.300,0.44,15882.499981671572
2410,OK,86.500,0.44,15887.499961536378
2411,OK,88.300,0.44,15856.400015763938
2412,OK,80.600,0.44,15848.80001610145
2413,OK,87.200,0.44,15851.59997921437
2414,OK,85.700,0.44,15907.90000045672
2415,OK,103.400,0.44,15851.59997921437
2416,OK,104.500,0.44,15817.300009075552
2417,OK,126.700,0.44,15812.599973287433
2418,OK,120.200,0.44,15899.400052148849
2419,OK,73.500,0.44,15847.600006964058
2420,OK,92.900,0.44,15891.999995801598
2421,OK,110.900,0.44,15809.99995348975
2422,OK,90.000,0.44,15814.59998851642
2423,OK,67.200,0.44,15945.09999267757
2424,OK,72.800,0.44,15865.500026848167
2425,OK,96.100,0.44,15824.800007976592
2426,OK,99.300,0.44,15857.80002642423
2427,OK,106.900,0.44,15826.200018636882
2428,OK,102.600,0.44,15840.800013393164
2429,OK,91.000,0.44,15818.700019735843
2430,OK,53.600,0.44,15964.30002246052
2431,OK,106.700,0.44,15846.599999349564
2432,OK,110.300,0.44,15853.699995204806
2433,OK,79.400,0.44,15911.899972707033
2434,OK,132.500,0.44,15739.599999506027
2435,OK,98.800,0.44,15829.000039957464
2436,OK,75.400,0.44,15853.399992920458
2437,OK,72.400,0.44,15883.999993093312
2438,OK,72.900,0.44,15909.50001263991
2439,OK,63.800,0.44,15866.900037508458
2440,OK,55.700,0.44,15995.099965948611
2441,OK,81.800,0.44,15831.299999263138
2442,OK,67.000,0.44,15948.700020089746
2443,OK,99.000,0.44,15866.299974732101
2444,OK,68.500,0.44,15820.099972188473
2445,OK,89.200,0.44,15935.299976263195
2446,OK,88.200,0.44,15857.900027185678
2447,OK,68.700,0.44,15877.099998760968
2448,OK,135.800,0.44,15772.299957461655
2449,OK,67.400,0.44,15860.899991821498
2450,OK,51.100,0.44,15916.79995181039
2451,OK,50.300,0.44,15919.100027531385
2452,OK,50.900,0.44,15912.100032437593
2453,OK,55.100,0.44,15890.999988187104
2454,OK,61.300,0.44,16031.500010285527
2455,OK,106.000,0.44,15692.899993155152
2456,OK,70.900,0.44,15946.100000292063
2457,OK,68.000,0.44,15811.70002464205
2458,OK,56.300,0.44,15954.599948599935
2459,OK,64.400,0.44,15951.10003836453
2460,OK,76.500,0.44,15840.700012631714
2461,OK,61.000,0.44,15876.99999799952
2462,OK,81.200,0.44,15894.699958153069
2463,OK,67.600,0.44,15959.199983626604
2464,OK,63.400,0.44,16057.300032116473
2465,OK,59.700,0.44,15754.199994262308
2466,OK,54.500,0.44,16182.699997443706
2467,OK,68.900,0.44,15921.30004428327
2468,OK,75.900,0.44,15644.899976905435
2469,OK,82.700,0.44,15839.79994757101
2470,OK,98.700,0.44,15901.000006124377
2471,OK,95.700,0.44,15731.999999843538
2472,OK,99.400,0.44,15831.900003831834
2473,OK,78.800,0.44,16290.600004140288
2474,OK,50.200,0.44,15670.199994929135
2475,OK,58.600,0.44,16053.3000016585
2476,OK,81.400,0.44,15775.300038512796
2477,OK,73.500,0.44,15772.299957461655
2478,OK,82.400,0.44,15821.500041056424
2479,OK,79.500,0.44,16141.000029165298
2480,OK,64.400,0.44,15617.199998814613
2481,OK,107.100,0.44,16048.200021032244
2482,OK,132.700,0.44,15611.300012096763
2483,OK,115.100,0.44,15753.99999273941
2484,OK,49.900,0.44,15895.399963483214
2485,OK,60.500,0.44,15887.600020505488
2486,OK,83.600,0.44,15831.199998501688
2487,OK,48.900,0.44,15973.599976859987
2488,OK,56.300,0.44,15935.899980831891
2489,OK,53.400,0.44,15916.500007733703
2490,OK,52.300,0.44,15879.000013228506
2491,OK,62.000,0.44,15841.000014916062
2492,OK,54.000,0.44,15882.69998319447
2493,OK,53.300,0.44,15955.30001213774
2494,OK,52.100,0.44,15908.00000121817
2495,OK,47.400,0.44,15933.400020003319
2496,OK,48.300,0.44,15977.300005033612
2497,OK,117.000,0.44,15804.40002726391
2498,OK,49.700,0.44,15903.699968475848
2499,OK,39.500,0.44,15939.400007482618
2500,OK,58.200,0.44,15852.299984544516
2501,OK,61.700,0.44,15804.40002726391
2502,OK,72.500,0.44,15980.200027115643
2503,OK,57.400,0.44,15913.599985651672
2504,OK,58.800,0.44,15864.000015426427
2505,OK,90.100,0.44,15866.100031416863
2506,OK,75.100,0.44,15941.99996907264
2507,OK,54.200,0.44,15902.400016784668
2508,OK,50.400,0.44,15804.19996753335
2509,OK,42.100,0.44,16026.50003042072
2510,OK,51.400,0.44,15919.300029054284
2511,OK,42.700,0.44,15944.099985063076
2512,OK,48.900,0.44,15915.600000880659
2513,OK,65.900,0.44,15877.600002568215
2514,OK,75.400,0.44,15929.599991068244
2515,OK,76.700,0.44,15972.799970768392
2516,OK,69.700,0.44,15830.99999697879
2517,OK,67.900,0.44,15892.800001893193
2518,OK,65.900,0.44,15911.299968138337
2519,OK,66.600,0.44,15881.099971011281
2520,OK,72.100,0.44,15892.199997324497
2521,OK,59.300,0.44,15872.900024987757
2522,OK,61.600,0.44,15876.499994192272
2523,OK,100.800,0.44,15862.00000019744
2524,OK,91.500,0.44,15901.199949439615
2525,OK,55.600,0.44,15946.100000292063
2526,OK,58.700,0.44,15886.500012129545
2527,OK,66.800,0.44,15853.30005036667
2528,OK,59.600,0.44,15951.599983964115
2529,OK,61.900,0.44,15898.399986326694
2530,OK,69.000,0.44,15885.400003753603
2531,OK,68.700,0.44,15921.19998531416
2532,OK,70.200,0.44,15846.199996303767
2533,OK,77.700,0.44,15868.499991483986
2534,OK,102.300,0.44,15810.600016266108
2535,OK,92.400,0.44,15862.600004766136
2536,OK,101.100,0.44,15913.400042336434
2537,OK,86.400,0.44,15805.399976670742
2538,OK,119.300,0.44,15818.500018212944
2539,OK,110.700,0.44,15842.600027099252
2540,OK,101.700,0.44,15900.200000032783
2541,OK,82.500,0.44,15852.599986828864
2542,OK,100.300,0.44,15819.900028873235
2543,OK,88.000,0.44,20968.199998605996
2544,OK,137.100,0.44,10690.100025385618
2545,OK,135.900,0.44,15776.299987919629
2546,OK,78.700,0.44,15881.599974818528
2547,OK,80.100,0.44,15892.299998085946
2548,OK,111.400,0.44,15796.000021509826
2549,OK,87.900,0.44,15819.20002354309
2550,OK,68.500,0.44,15900.800004601479
2551,OK,73.000,0.44,15926.400024909526
2552,OK,111.500,0.44,17558.49999608472
2553,OK,88.300,0.44,14181.100006680936
2554,OK,95.700,0.44,15822.500048670918
2555,OK,94.700,0.44,15861.199994105846
2556,OK,111.300,0.44,15869.700000621378
2557,OK,91.500,0.44,15858.699975069612
2558,OK,103.400,0.44,15821.799985133111
2559,OK,101.000,0.44,15825.400012545288
2560,OK,64.000,0.44,15918.100019916892
2561,OK,68.100,0.44,15831.700002308935
2562,OK,92.300,0.44,15863.70001314208
2563,OK,72.900,0.44,15875.999990385026
2564,OK,100.100,0.44,15833.199955523014
2565,OK,64.000,0.44,15927.700034808367
2566,OK,112.800,0.44,15871.300012804568
2567,OK,74.600,0.44,15816.400002222508
2568,OK,123.000,0.44,15801.900008227676
2569,OK,121.100,0.44,15829.199983272702
2570,OK,95.100,0.44,15831.500000786036
2571,OK,82.900,0.44,15829.000039957464
2572,OK,72.500,0.44,15971.69996239245
2573,OK,66.400,0.44,15841.800021007657
2574,OK,65.700,0.44,15929.799992591143
2575,OK,91.600,0.44,15795.50001770258
2576,OK,69.600,0.44,15922.6999967359
2577,OK,102.200,0.44,15862.700005527586
2578,OK,70.700,0.44,15869.49999909848
2579,OK,71.200,0.44,15921.499987598509
2580,OK,77.200,0.44,15875.39998581633
2581,OK,93.000,0.44,15906.49998979643
2582,OK,74.800,0.44,15879.000013228506
2583,OK,72.800,0.44,15919.700032100081
2584,OK,102.200,0.44,15793.80000475794
2585,OK,73.000,0.44,15863.60001238063
2586,OK,80.400,0.44,15932.100010104477
2587,OK,76.900,0.44,15852.299984544516
2588,OK,71.300,0.44,15927.09997203201
2589,OK,71.900,0.44,15826.899965759367
2590,OK,144.800,0.44,15825.700014829636
2591,OK,64.900,0.44,15816.09999993816
2592,OK,68.300,0.44,15915.50000011921
2593,OK,69.400,0.44,15965.299971867353
2594,OK,66.700,0.44,15874.700038693845
2595,OK,66.000,0.44,15809.500007890165
2596,OK,90.800,0.44,15931.400004774332
2597,OK,48.500,0.44,15923.200000543147
2598,OK,53.900,0.44,15958.29997677356
2599,OK,67.200,0.44,15854.7000028193
2600,OK,64.300,0.44,15881.000028457493
2601,OK,89.000,0.44,15690.799977164716
2602,OK,73.700,0.44,15955.50001366064
2603,OK,78.200,0.44,15883.700049016625
2604,OK,64.600,0.44,15892.199997324497
2605,OK,59.400,0.44,15920.499979984015
2606,OK,62.300,0.44,15888.199966866523
2607,OK,105.500,0.44,15798.699983861297
2608,OK,118.000,0.44,15856.599959079176
2609,OK,87.400,0.44,15885.400003753603
2610,OK,74.300,0.44,15832.600009161979
2611,OK,63.000,0.44,15906.100044958293
2612,OK,62.300,0.44,15859.599981922656
2613,OK,66.600,0.44,15940.000012051314
2614,OK,94.200,0.44,15857.900027185678
2615,OK,73.300,0.44,15875.699988100678
2616,OK,69.900,0.44,15962.500008754432
2617,OK,100.200,0.44,15749.300015158951
2618,OK,68.800,0.44,15847.000002395362
2619,OK,79.300,0.44,15873.199969064444
2620,OK,79.000,0.44,15938.100055791438
2621,OK,93.000,0.44,15852.299984544516
2622,OK,62.100,0.44,15884.599997662008
2623,OK,46.900,0.44,15909.40001187846
2624,OK,62.900,0.44,15997.899987269193
2625,OK,49.200,0.44,15912.800037767738
2626,OK,50.300,0.44,15809.100004844368
2627,OK,51.800,0.44,15971.600019838661
2628,OK,53.900,0.44,15964.200021699071
2629,OK,159.800,0.44,15727.399964816868
2630,OK,69.900,0.44,15910.9000233002
2631,OK,72.700,0.44,15880.800026934594
2632,OK,114.500,0.44,15825.600014068186
2633,OK,98.500,0.44,15854.099998250604
2634,OK,83.200,0.44,15867.699985392392
2635,OK,85.700,0.44,15826.899965759367
2636,OK,83.200,0.44,15866.799978539348
2637,OK,72.800,0.44,15897.399978712201
2638,OK,65.800,0.44,15956.69996459037
2639,OK,123.700,0.44,15706.799982581288
2640,OK,99.500,0.44,15954.700007569045
2641,OK,71.200,0.44,15870.700008235872
2642,OK,60.000,0.44,15912.100032437593
2643,OK,66.600,0.44,15908.099943771958
2644,OK,57.400,0.44,15910.100017208606
2645,OK,67.600,0.44,15859.399980399758
2646,OK,58.900,0.44,15897.799981757998
2647,OK,61.500,0.44,15975.099988281727
2648,OK,67.000,0.44,15802.90001584217
2649,OK,136.700,0.44,15886.800014413893
2650,OK,116.200,0.44,15737.299981992692
2651,OK,69.000,0.44,15878.30000789836
2652,OK,62.100,0.44,15941.400022711605
2653,OK,47.700,0.44,15959.7999881953
2654,OK,70.400,0.44,15900.60000307858
2655,OK,62.600,0.44,15883.499989286065
2656,OK,100.400,0.44,15781.89997235313
2657,OK,77.800,0.44,15833.499957807362
2658,OK,86.600,0.44,15892.399998847395
2659,OK,92.700,0.44,15880.999970249832
2660,OK,71.000,0.44,15883.500047493726
2661,OK,110.500,0.44,15854.500001296401
2662,OK,110.000,0.44,15813.799982424825
2663,OK,106.700,0.44,15847.20000391826
2664,OK,91.400,0.44,15869.700000621378
2665,OK,97.100,0.44,15844.09998031333
2666,OK,107.500,0.44,15837.099985219538
2667,OK,97.400,0.44,15891.099988948554
2668,OK,99.100,0.44,15783.899987582117
2669,OK,88.900,0.44,15859.899984207004
2670,OK,87.700,0.44,15870.200004428625
2671,OK,89.700,0.44,15869.099996052682
2672,OK,82.500,0.44,15866.799978539348
2673,OK,97.800,0.44,15837.899991311133
2674,OK,94.400,0.44,15857.70002566278
2675,OK,95.600,0.44,15851.69997997582
2676,OK,102.500,0.44,15862.200001720339
2677,OK,82.700,0.44,15876.399993430823
2678,OK,103.300,0.44,15835.300029721111
2679,OK,102.400,0.44,15843.100030906498
2680,OK,100.400,0.44,15849.400020670146
2681,OK,103.100,0.44,15847.20000391826
2682,OK,113.300,0.44,15832.200006116182
2683,OK,121.400,0.44,15794.400009326637
2684,OK,92.000,0.44,15848.400013055652
2685,OK,88.600,0.44,15845.400048419833
2686,OK,73.100,0.44,15882.299980148673
2687,OK,60.200,0.44,15919.600031338632
2688,OK,72.400,0.44,15951.200039125979
2689,OK,70.800,0.44,15945.799998007715
2690,OK,77.100,0.44,15885.500004515052
2691,OK,70.900,0.44,15870.800008997321
2692,OK,65.900,0.44,15850.900032091886
2693,OK,71.000,0.44,15886.800014413893
2694,OK,91.100,0.44,15918.200020678341
2695,OK,66.700,0.44,15879.100013989955
2696,OK,83.900,0.44,15769.899997394532
2697,OK,154.900,0.44,15800.300054252148
2698,OK,180.600,0.44,15674.600028432906
2699,OK,68.800,0.44,15903.200022876263
2700,OK,66.400,0.44,15927.600034046918
2701,OK,94.400,0.44,15758.699970319867
2702,OK,103.000,0.44,15765.499963890761
2703,OK,72.100,0.44,15870.300005190074
2704,OK,67.700,0.44,15940.39995688945
2705,OK,137.800,0.44,15675.600036047399
2706,OK,64.600,0.44,15920.199977699667
2707,OK,58.900,0.44,15894.100011792034
2708,OK,55.200,0.44,15905.899985227734
2709,OK,54.900,0.44,15889.899979811162
2710,OK,57.500,0.44,15880.300023127347
2711,OK,40.600,0.44,16029.299993533641
2712,OK,136.000,0.44,15731.499996036291
2713,OK,54.700,0.44,15893.999952822924
2714,OK,53.200,0.44,15951.799985487014
2715,OK,95.300,0.44,15839.80000577867
2716,OK,56.600,0.44,16212.000045925379
2717,OK,55.700,0.44,15739.499998744577
2718,OK,71.100,0.44,16158.099984750152
2719,OK,90.700,0.44,15557.400009129196
2720,OK,88.800,0.44,15845.69999249652
2721,OK,110.600,0.44,15856.300015002489
2722,OK,67.000,0.44,15847.899951040745
2723,OK,59.300,0.44,15991.00005114451
2724,OK,45.100,0.44,15963.600017130375
2725,OK,109.800,0.44,16050.900041591376
2726,OK,141.100,0.44,15676.600043661892
2727,OK,188.100,0.44,15524.599992204458
2728,OK,145.900,0.44,16035.300039220601
2729,OK,151.600,0.44,15538.399980869144
2730,OK,85.900,0.44,15798.000036738813
2731,OK,79.000,0.44,15899.800055194646
2732,OK,66.000,0.44,15992.000000551343
2733,OK,149.200,0.44,15571.900003124028
2734,OK,67.100,0.44,15900.800004601479
2735,OK,54.500,0.44,15973.299974575639
2736,OK,80.400,0.44,15886.900015175343
2737,OK,86.500,0.44,15842.499968130141
2738,OK,64.900,0.44,15944.799990393221
2739,OK,60.200,0.44,15826.700022444129
2740,OK,64.100,0.44,15895.000018645078
2741,OK,69.600,0.44,15896.600030828267
2742,OK,54.300,0.44,15942.399972118437
2743,OK,64.600,0.44,15908.200002741069
2744,OK,97.700,0.44,15908.299945294857
2745,OK,75.500,0.44,15917.100012302399
2746,OK,69.600,0.44,15876.399993430823
2747,OK,66.800,0.44,15896.30002854392
2748,OK,67.700,0.44,15895.300020929426
2749,OK,85.700,0.44,15914.699994027615
2750,OK,85.000,0.44,15801.700006704777
2751,OK,55.200,0.44,15901.000006124377
2752,OK,46.500,0.44,15959.399985149503
2753,OK,97.800,0.44,15842.700027860701
2754,OK,67.000,0.44,15906.299988273531
2755,OK,70.600,0.44,15896.699973382056
2756,OK,123.200,0.44,15820.800035726279
2757,OK,70.300,0.44,15816.900006029755
2758,OK,67.100,0.44,15962.500008754432
2759,OK,68.300,0.44,15936.10004056245
2760,OK,82.200,0.44,15742.10001854226
2761,OK,78.400,0.44,15845.899994019419
2762,OK,42.300,0.44,15950.500033795834
2763,OK,83.000,0.44,15954.800008330494
2764,OK,55.200,0.44,15883.299987763166
2765,OK,56.600,0.44,15962.69995206967
2766,OK,62.500,0.44,15803.500020410866
2767,OK,52.000,0.44,16017.900023143739
2768,OK,58.100,0.44,15913.200040813535
2769,OK,61.700,0.44,15902.300016023219
2770,OK,66.200,0.44,15854.7000028193
2771,OK,65.500,0.44,15922.099992167205
2772,OK,77.900,0.44,15912.60003624484
2773,OK,57.600,0.44,15914.699994027615
2774,OK,60.300,0.44,15874.399978201836
2775,OK,58.300,0.44,15893.800009507686
2776,OK,74.100,0.44,15841.800021007657
2777,OK,52.700,0.44,15996.90003786236
2778,OK,60.300,0.44,15893.699950538576
2779,OK,59.700,0.44,15915.099997073412
2780,OK,63.000,0.44,15904.199972283095
2781,OK,75.500,0.44,15845.199988689274
2782,OK,60.100,0.44,15844.200039282441
2783,OK,51.400,0.44,15891.999995801598
2784,OK,47.500,0.44,15929.099987260997
2785,OK,67.000,0.44,15931.400004774332
2786,OK,49.100,0.44,15871.699957642704
2787,OK,53.000,0.44,15924.29995071143
2788,OK,63.700,0.44,15960.00004792586
2789,OK,55.100,0.44,15936.09998235479
2790,OK,63.800,0.44,15823.699999600649
2791,OK,75.500,0.44,15946.200001053512
2792,OK,58.600,0.44,15844.700043089688
2793,OK,61.500,0.44,15890.19998209551
2794,OK,58.700,0.44,15904.699976090342
2795,OK,56.300,0.44,15921.39998683706
2796,OK,86.200,0.44,15938.199998345226
2797,OK,61.600,0.44,15886.300010606647
2798,OK,66.800,0.44,15913.200040813535
2799,OK,94.000,0.44,15808.500000275671
2800,OK,63.000,0.44,15943.999984301627
2801,OK,59.700,0.44,15827.099967282265
2802,OK,49.200,0.44,15911.00002406165
2803,OK,139.000,0.44,15799.299988429993
2804,OK,83.200,0.44,15815.299993846565
2805,OK,53.400,0.44,15906.49998979643
2806,OK,86.000,0.44,15903.200022876263
2807,OK,62.600,0.44,15910.800022538751
2808,OK,58.100,0.44,15866.70003598556
2809,OK,57.300,0.44,15895.300020929426
2810,OK,60.400,0.44,15927.399974316359
2811,OK,62.600,0.44,15916.000003926456
2812,OK,69.300,0.44,15917.700016871095
2813,OK,78.400,0.44,15872.60002270341
2814,OK,76.900,0.44,15816.09999993816
2815,OK,88.800,0.44,15909.499954432249
2816,OK,61.100,0.44,15851.600037422031
2817,OK,65.800,0.44,15950.300032272935
2818,OK,61.200,0.44,15940.000012051314
2819,OK,90.200,0.44,15896.199969574809
2820,OK,96.200,0.44,15845.099987927824
2821,OK,69.300,0.44,15882.599982433021
2822,OK,75.100,0.44,15891.5999927558
2823,OK,66.400,0.44,15902.300016023219
2824,OK,65.100,0.44,15910.400019492954
2825,OK,78.400,0.44,15871.999959927052
2826,OK,81.600,0.44,15833.200013730675
2827,OK,80.400,0.44,15936.399984639138
2828,OK,57.900,0.44,15888.899972196668
2829,OK,61.100,0.44,15906.59999055788
2830,OK,62.200,0.44,15911.500027868897
2831,OK,67.700,0.44,15949.300024658442
2832,OK,87.100,0.44,15744.700038339943
2833,OK,51.400,0.44,15983.199991751462
2834,OK,60.000,0.44,15898.799989372492
2835,OK,67.800,0.44,15990.8999921754
2836,OK,78.400,0.44,15786.40000661835
2837,OK,70.200,0.44,15897.099976427853
2838,OK,67.200,0.44,15903.199964668602
2839,OK,75.300,0.44,15888.999972958118
2840,OK,77.900,0.44,15867.699985392392
2841,OK,74.000,0.44,15905.699983704835
2842,OK,66.000,0.44,15894.300013314933
2843,OK,62.600,0.44,15887.30001822114
2844,OK,61.000,0.44,15915.799944195896
2845,OK,60.700,0.44,15886.500012129545
2846,OK,71.400,0.44,15871.10001128167
2847,OK,73.000,0.44,15791.299985721707
2848,OK,66.200,0.44,15884.39999613911
2849,OK,60.100,0.44,15942.2000288032
2850,OK,61.000,0.44,15900.200000032783
2851,OK,71.500,0.44,15916.600008495152
2852,OK,84.700,0.44,15790.699981153011
2853,OK,64.100,0.44,15928.999986499548
2854,OK,85.900,0.44,15869.199996814132
2855,OK,90.200,0.44,15805.8000379242
2856,OK,60.200,0.44,15968.79999851808
2857,OK,55.800,0.44,15939.300006721169
2858,OK,64.000,0.44,15886.400011368096
2859,OK,55.100,0.44,15885.70000603795
2860,OK,66.800,0.44,15910.600021015853
2861,OK,87.900,0.44,15909.899957478046
2862,OK,68.300,0.44,15872.599964495748
2863,OK,68.800,0.44,15871.999959927052
2864,OK,65.900,0.44,15875.799988862127
2865,OK,69.000,0.44,15943.500038702041
2866,OK,71.600,0.44,15890.29998285696
2867,OK,73.400,0.44,15806.799987331033
2868,OK,89.000,0.44,15909.099951386452
2869,OK,61.500,0.44,15899.699996225536
2870,OK,130.400,0.44,15787.000011187047
2871,OK,68.200,0.44,15947.099949698895
2872,OK,67.300,0.44,15888.399968389422
2873,OK,69.600,0.44,15868.800051975995
2874,OK,67.900,0.44,15902.999963145703
2875,OK,69.500,0.44,15891.099988948554
2876,OK,68.000,0.44,15852.299984544516
2877,OK,53.300,0.44,15959.100041072816
2878,OK,61.000,0.44,15850.700030568987
2879,OK,134.900,0.44,15794.200007803738
2880,OK,58.800,0.44,15898.899990133941
2881,OK,81.200,0.44,15870.399947743863
2882,OK,66.200,0.44,15883.899992331862
2883,OK,69.800,0.44,15978.000010363758
2884,OK,56.100,0.44,15951.899986248463
2885,OK,60.200,0.44,15897.899982519448
2886,OK,68.100,0.44,15891.399991232902
2887,OK,102.700,0.44,15854.099998250604
2888,OK,70.300,0.44,15872.200019657612
2889,OK,68.000,0.44,15882.899984717369
2890,OK,65.400,0.44,15911.300026345998
2891,OK,81.000,0.44,15878.700010944158
2892,OK,85.100,0.44,15913.500043097883
2893,OK,87.800,0.44,15853.299992159009
2894,OK,77.100,0.44,15798.999986145645
2895,OK,80.200,0.44,15871.200012043118
2896,OK,101.100,0.44,15822.299988940358
2897,OK,120.000,0.44,15859.700040891767
2898,OK,90.000,0.44,15858.199971262366
2899,OK,73.100,0.44,15838.300052564591
2900,OK,96.800,0.44,15859.899984207004
2901,OK,105.700,0.44,15713.800035882741
2902,OK,109.200,0.44,15473.199950065464
2903,OK,71.900,0.44,15954.400005284697
2904,OK,108.900,0.44,15719.999966677278
2905,OK,88.600,0.44,15892.299998085946
2906,OK,99.200,0.44,15877.600002568215
2907,OK,82.900,0.44,15829.49998555705
2908,OK,67.800,0.44,15904.700034298003
2909,OK,92.500,0.44,15868.600050453097
2910,OK,98.000,0.44,15857.300022616982
2911,OK,112.600,0.44,15823.49999807775
2912,OK,88.900,0.44,15839.300001971424
2913,OK,94.800,0.44,15860.399988014251
2914,OK,88.600,0.44,15879.100013989955
2915,OK,60.700,0.44,15886.200009845197
2916,OK,77.700,0.44,15864.600019995123
2917,OK,93.300,0.44,15905.800042673945
2918,OK,151.800,0.44,15732.700005173683
2919,OK,99.000,0.44,15871.00001052022
2920,OK,71.000,0.44,15834.100020583719
2921,OK,64.400,0.44,15932.500013150275
2922,OK,73.300,0.44,15850.899973884225
2923,OK,57.800,0.44,15984.199999365956
2924,OK,63.900,0.44,15931.60000629723
2925,OK,55.500,0.44,15920.699981506914
2926,OK,54.100,0.44,15850.599971599877
2927,OK,61.700,0.44,15880.800026934594
2928,OK,39.700,0.44,15949.899971019477
2929,OK,51.100,0.44,15989.199979230762
2930,OK,140.300,0.44,15751.599974464625
2931,OK,58.500,0.44,15907.799999695271
2932,OK,60.100,0.44,15892.399998847395
2933,OK,67.600,0.44,15951.999987009913
2934,OK,62.600,0.44,15909.60001340136
2935,OK,102.000,0.44,15809.900010935962
2936,OK,49.500,0.44,15944.99999191612
2937,OK,65.100,0.44,15893.700008746237
2938,OK,78.700,0.44,15769.699995871633
2939,OK,68.000,0.44,15976.499998942018
2940,OK,59.200,0.44,15887.900022789836
2941,OK,69.100,0.44,15937.799995299429
2942,OK,71.700,0.44,15865.199966356158
2943,OK,99.500,0.44,15819.300024304539
2944,OK,94.000,0.44,15859.09997811541
2945,OK,86.100,0.44,15894.80001712218
2946,OK,56.500,0.44,15839.80000577867
2947,OK,58.300,0.44,16000.100004021078
2948,OK,73.300,0.44,15839.200001209974
2949,OK,52.400,0.44,16020.899987779558
2950,OK,69.000,0.44,15812.399971764535
2951,OK,59.300,0.44,15952.50004902482
2952,OK,68.100,0.44,15884.699998423457
2953,OK,67.600,0.44,15858.600032515824
2954,OK,57.700,0.44,15915.600000880659
2955,OK,54.800,0.44,16113.499994389713
2956,OK,63.000,0.44,15955.40001289919
2957,OK,69.700,0.44,16028.799989726394
2958,OK,106.100,0.44,15500.60004228726
2959,OK,74.800,0.44,16179.699974600226
2960,OK,85.300,0.44,15607.600042130798
2961,OK,94.500,0.44,15669.700049329549
2962,OK,79.500,0.44,15857.699967455119
2963,OK,74.600,0.44,15882.899984717369
2964,OK,106.800,0.44,16228.499996941537
2965,OK,65.300,0.44,15449.099999386817
2966,OK,77.200,0.44,15991.899999789894
2967,OK,73.300,0.44,16236.499999649823
2968,OK,68.600,0.44,15517.399995587766
2969,OK,71.400,0.44,15845.200046896935
2970,OK,71.200,0.44,15975.99999513477
2971,OK,142.800,0.44,15689.199964981526
2972,OK,60.900,0.44,15920.899983029813
2973,OK,77.300,0.44,15892.800001893193
2974,OK,62.100,0.44,15888.70002888143
2975,OK,60.200,0.44,15890.29998285696
2976,OK,76.000,0.44,15894.200012553483
2977,OK,80.400,0.44,15889.899979811162
2978,OK,67.000,0.44,15918.899967800826
2979,OK,67.200,0.44,15946.200001053512
2980,OK,52.100,0.44,15855.700010433793
2981,OK,50.200,0.44,15950.499975588173
2982,OK,56.100,0.44,15931.500005535781
2983,OK,86.000,0.44,15914.199990220368
2984,OK,66.200,0.44,15867.599984630942
2985,OK,63.400,0.44,15919.299970846623
2986,OK,79.600,0.44,15874.499978963286
2987,OK,58.600,0.44,15895.899967290461
2988,OK,52.500,0.44,15852.399985305965
2989,OK,56.900,0.44,15951.399982441217
2990,OK,38.400,0.44,15921.099984552711
2991,OK,58.300,0.44,15872.100018896163
2992,OK,52.800,0.44,15941.400022711605
2993,OK,49.900,0.44,15898.199984803796
2994,OK,45.500,0.44,15924.700011964887
2995,OK,45.000,0.44,15940.900018904358
2996,OK,48.400,0.44,15901.200007647276
2997,OK,44.500,0.44,15875.200042501092
2998,OK,54.300,0.44,15957.999974489212
2999,OK,52.600,0.44,15942.0000272803
3000,OK,51.100,0.44,15852.699987590313
3001,OK,55.300,0.44,15888.400026597083
3002,OK,103.800,0.44,15817.70001212135
3003,OK,53.000,0.44,15957.600029651076
3004,OK,75.700,0.44,15917.699958663434
3005,OK,56.900,0.44,15836.499980650842
3006,OK,91.700,0.44,15872.40002118051
3007,OK,78.100,0.44,15927.999978885055
3008,OK,74.000,0.44,15966.899984050542
3009,OK,115.200,0.44,15743.49997099489
3010,OK,57.800,0.44,15908.699948340654
3011,OK,57.500,0.44,15925.100015010685
3012,OK,63.200,0.44,15875.700046308339
3013,OK,56.000,0.44,15949.29996645078
3014,OK,66.700,0.44,15894.000011030585
3015,OK,71.600,0.44,15887.30001822114
3016,OK,78.300,0.44,15860.199986491352
3017,OK,92.000,0.44,15888.099966105074
3018,OK,80.500,0.44,15881.800034549087
3019,OK,66.700,0.44,15850.000025238842
3020,OK,86.400,0.44,15802.70001431927
3021,OK,71.700,0.44,15872.50002194196
3022,OK,57.000,0.44,15916.400006972253
3023,OK,53.800,0.44,15948.199958074838
3024,OK,52.600,0.44,15930.900000967085
3025,OK,51.900,0.44,15883.499989286065
3026,OK,52.600,0.44,15888.200025074184
3027,OK,54.100,0.44,16011.099971365184
3028,OK,83.600,0.44,15874.299977440387
3029,OK,64.900,0.44,15911.600028630346
3030,OK,76.300,0.44,15818.400017451495
3031,OK,88.400,0.44,15878.700010944158
3032,OK,96.500,0.44,15918.40002220124
3033,OK,69.600,0.44,15884.39999613911
3034,OK,85.800,0.44,15862.00000019744
3035,OK,63.700,0.44,15864.699962548912
3036,OK,86.200,0.44,15898.299985565245
3037,OK,69.300,0.44,15821.99998665601
3038,OK,62.200,0.44,15878.40000865981
3039,OK,53.000,0.44,15928.399981930852
3040,OK,65.800,0.44,15922.6999967359
3041,OK,88.800,0.44,15861.099993344396
3042,OK,58.100,0.44,15913.399984128773
3043,OK,63.600,0.44,15927.000029478222
3044,OK,65.800,0.44,15891.7999942787
3045,OK,102.600,0.44,15818.300016690046
3046,OK,76.400,0.44,15984.500001650304
3047,OK,67.100,0.44,15815.000049769878
3048,OK,61.100,0.44,15874.799981247634
3049,OK,59.400,0.44,15952.699992340058
3050,OK,55.200,0.44,15930.699999444187
3051,OK,60.200,0.44,15875.099983531982
3052,OK,66.800,0.44,15934.4999701716
3053,OK,64.400,0.44,15812.100027687848
3054,OK,65.500,0.44,15921.39998683706
3055,OK,61.000,0.44,15919.300029054284
3056,OK,63.700,0.44,15919.79997465387
3057,OK,61.300,0.44,15902.699960861355
3058,OK,59.100,0.44,15831.900003831834
3059,OK,62.400,0.44,15923.099999781698
3060,OK,66.500,0.44,15904.000028967857
3061,OK,74.100,0.44,15974.49998371303
3062,OK,69.900,0.44,15866.39997549355
3063,OK,66.700,0.44,15889.499976765364
3064,OK,66.500,0.44,15903.100022114813
3065,OK,68.500,0.44,15915.29999859631
3066,OK,167.300,0.44,15712.000022176653
3067,OK,68.400,0.44,15839.80000577867
3068,OK,92.600,0.44,15899.800055194646
3069,OK,69.500,0.44,15950.89997863397
3070,OK,81.800,0.44,15815.299993846565
3071,OK,102.300,0.44,15911.399968899786
3072,OK,73.200,0.44,15861.199994105846
3073,OK,68.300,0.44,15826.599963475019
3074,OK,60.100,0.44,15905.799984466285
3075,OK,59.100,0.44,15894.500014837831
3076,OK,62.900,0.44,15852.200041990727
3077,OK,65.000,0.44,15952.199988532811
3078,OK,60.300,0.44,15895.299962721765
3079,OK,65.400,0.44,15904.500032775104
3080,OK,64.200,0.44,15932.699956465513
3081,OK,78.000,0.44,15878.800011705607
3082,OK,61.800,0.44,15843.200031667948
3083,OK,100.900,0.44,15855.000005103648
3084,OK,65.800,0.44,15908.600005786866
3085,OK,57.600,0.44,15908.300003502518
3086,OK,65.000,0.44,15858.500031754375
3087,OK,70.400,0.44,15975.300048012286
3088,OK,56.000,0.44,15905.399981420487
3089,OK,57.900,0.44,15886.999957729131
3090,OK,44.800,0.44,15826.400020159781
3091,OK,61.200,0.44,15986.000013072044
3092,OK,45.600,0.44,15906.59999055788
3093,OK,41.900,0.44,15951.799985487014
3094,OK,46.800,0.44,15890.899987425655
3095,OK,48.700,0.44,15959.399985149503
3096,OK,73.000,0.44,15893.20000493899
3097,OK,50.900,0.44,15935.99998159334
3098,OK,52.100,0.44,15877.500001806766
3099,OK,51.500,0.44,15989.29997999221
3100,OK,111.600,0.44,15745.00004062429
3101,OK,92.400,0.44,15751.400031149387
3102,OK,60.800,0.44,15904.699976090342
3103,OK,69.400,0.44,15856.999962124974
3104,OK,76.500,0.44,15962.90001180023
3105,OK,84.500,0.44,15849.800023715943
3106,OK,57.100,0.44,15870.300005190074
3107,OK,51.700,0.44,15944.200044032186
3108,OK,99.600,0.44,15780.49996169284
3109,OK,62.400,0.44,15856.800018809736
3110,OK,48.500,0.44,15966.599981766194
3111,OK,48.500,0.44,15915.199997834861
3112,OK,42.800,0.44,15944.699989631772
3113,OK,51.200,0.44,15905.20003810525
3114,OK,58.300,0.44,15919.599973130971
3115,OK,125.400,0.44,15740.50000635907
3116,OK,76.600,0.44,15883.899992331862
3117,OK,58.700,0.44,15915.39999935776
3118,OK,58.800,0.44,15906.699991319329
3119,OK,58.100,0.44,15924.100007396191
3120,OK,66.900,0.44,15869.49999909848
3121,OK,60.600,0.44,15865.299967117608
3122,OK,69.600,0.44,15920.699981506914
3123,OK,89.800,0.44,15918.200020678341
3124,OK,77.900,0.44,15879.700018558651
3125,OK,88.700,0.44,15844.399982597679
3126,OK,111.400,0.44,15811.59996567294
3127,OK,87.800,0.44,15870.300005190074
3128,OK,92.700,0.44,15839.400002732873
3129,OK,117.600,0.44,15840.400010347366
3130,OK,111.500,0.44,15819.899970665574
3131,OK,105.500,0.44,15820.900036487728
3132,OK,106.200,0.44,15840.900014154613
3133,OK,110.000,0.44,15814.999991562217
3134,OK,100.000,0.44,15849.300019908696
3135,OK,101.600,0.44,15844.899986404926
3136,OK,104.700,0.44,15842.200024053454
3137,OK,96.300,0.44,15842.59996889159
3138,OK,75.700,0.44,15909.300011117011
3139,OK,102.500,0.44,15825.699956621975
3140,OK,100.400,0.44,15853.599994443357
3141,OK,202.700,0.44,15782.800037413836
3142,OK,145.400,0.44,15765.59996465221
3143,OK,92.600,0.44,15813.500038348138
3144,OK,94.400,0.44,15884.099993854761
3145,OK,68.400,0.44,15905.1000373438
3146,OK,94.300,0.44,15858.599974308163
3147,OK,78.400,0.44,15872.799966018647
3148,OK,79.700,0.44,15884.29999537766
3149,OK,120.700,0.44,15812.100027687848
3150,OK,68.000,0.44,15850.299969315529
3151,OK,56.600,0.44,15894.300013314933
3152,OK,43.800,0.44,15952.39999005571
3153,OK,55.200,0.44,15903.5999677144
3154,OK,48.600,0.44,15941.299963742495
3155,OK,45.400,0.44,15935.199975501746
3156,OK,64.400,0.44,15897.5999802351
3157,OK,65.000,0.44,15920.500038191676
3158,OK,55.100,0.44,15907.000051811337
3159,OK,52.100,0.44,15920.499979984015
3160,OK,59.700,0.44,15921.499987598509
3161,OK,61.400,0.44,15925.70001957938
3162,OK,79.100,0.44,15887.900022789836
3163,OK,51.600,0.44,15906.799992080778
3164,OK,67.100,0.44,15949.800028465688
3165,OK,123.300,0.44,15795.40001694113
3166,OK,81.500,0.44,15877.099998760968
3167,OK,81.100,0.44,15885.8000067994
3168,OK,66.100,0.44,15905.599982943386
3169,OK,65.200,0.44,15783.000038936734
3170,OK,70.800,0.44,16007.400001399219
3171,OK,70.300,0.44,15849.299961701035
3172,OK,48.900,0.44,15914.399991743267
3173,OK,56.900,0.44,15881.29997253418
3174,OK,51.100,0.44,15921.599988359958
3175,OK,49.300,0.44,16055.299958679825
3176,OK,61.900,0.44,15720.099967438728
3177,OK,116.400,0.44,15916.300006210804
3178,OK,103.400,0.44,16072.199970949441
3179,OK,105.100,0.44,15986.999962478876
3180,OK,116.000,0.44,15461.599978152663
3181,OK,117.000,0.44,15784.499992150813
3182,OK,91.800,0.44,15789.29997049272
3183,OK,76.300,0.44,15907.399996649474
3184,OK,77.300,0.44,16036.299988627434
3185,OK,57.800,0.44,15697.49996997416
3186,OK,78.600,0.44,16430.90002471581
3187,OK,69.200,0.44,15610.400005243719
3188,OK,77.400,0.44,15856.400015763938
3189,OK,110.600,0.44,16054.300009272993
3190,OK,130.400,0.44,15557.399950921535
3191,OK,130.500,0.44,15779.300010763109
3192,OK,100.200,0.44,15749.6000174433
3193,OK,125.700,0.44,15742.500021588057
3194,OK,174.700,0.44,15593.399992212653
3195,OK,58.100,0.44,15882.999985478818
3196,OK,47.900,0.44,15912.699978798628
3197,OK,65.600,0.44,15991.099993698299
3198,OK,57.900,0.44,15841.900021769106
3199,OK,63.400,0.44,15920.099976938218
3200,OK,74.500,0.44,15861.499996390194
3201,OK,65.000,0.44,15841.1999582313
3202,OK,58.500,0.44,15929.299988783896
3203,OK,57.600,0.44,15947.499952744693
3204,OK,59.000,0.44,15916.200005449355
3205,OK,65.100,0.44,15890.399983618408
3206,OK,62.100,0.44,15890.100039541721
3207,OK,52.000,0.44,15983.999997843057
3208,OK,131.400,0.44,15699.799987487495
3209,OK,81.100,0.44,15917.899960186332
3210,OK,72.800,0.44,15807.19999037683
3211,OK,39.700,0.44,15913.79998717457
3212,OK,56.200,0.44,15973.899979144335
3213,OK,49.700,0.44,15914.999996311963
3214,OK,42.800,0.44,15934.999973978847
3215,OK,50.600,0.44,15879.400016274303
3216,OK,49.600,0.44,15969.400003086776
3217,OK,53.000,0.44,15908.800007309765
3218,OK,71.700,0.44,15876.599994953722
3219,OK,51.800,0.44,15908.300003502518
3220,OK,51.600,0.44,15919.79997465387
3221,OK,45.700,0.44,15941.700024995953
3222,OK,55.500,0.44,15907.499997410923
3223,OK,49.700,0.44,15923.099999781698
3224,OK,58.700,0.44,15910.000016447157
3225,OK,63.000,0.44,15918.899967800826
3226,OK,49.600,0.44,16001.100011635572
3227,OK,61.900,0.44,15821.099979802966
3228,OK,60.200,0.44,15947.300009429455
3229,OK,79.900,0.44,15870.100003667176
3230,OK,60.400,0.44,15923.200000543147
3231,OK,57.100,0.44,15833.800018299371
3232,OK,58.800,0.44,15985.300007741898
3233,OK,55.800,0.44,15897.69998099655
3234,OK,46.700,0.44,15949.899971019477
3235,OK,53.900,0.44,15934.000024572015
3236,OK,76.600,0.44,15849.599963985384
3237,OK,130.400,0.44,15862.900007050484
3238,OK,71.300,0.44,15877.400001045316
3239,OK,54.100,0.44,15937.49999301508
3240,OK,81.200,0.44,15853.799995966256
3241,OK,62.000,0.44,15874.699980486184
3242,OK,48.800,0.44,15938.800002913922
3243,OK,46.800,0.44,15904.299973044544
3244,OK,48.700,0.44,15940.200013574213
3245,OK,58.800,0.44,15914.300049189478
3246,OK,58.400,0.44,15911.799971945584
3247,OK,72.200,0.44,15836.499980650842
3248,OK,64.200,0.44,15880.299964919686
3249,OK,55.700,0.44,15974.49998371303
3250,OK,81.900,0.44,15879.79996111244
3251,OK,81.200,0.44,15892.700001131743
3252,OK,88.100,0.44,15821.800043340772
3253,OK,97.300,0.44,15848.70001534
3254,OK,100.800,0.44,15958.39997753501
3255,OK,72.500,0.44,15767.600038088858
3256,OK,72.100,0.44,15856.700018048286
3257,OK,79.200,0.44,15868.600050453097
3258,OK,67.600,0.44,15868.699993006885
3259,OK,93.800,0.44,16373.29999357462
3260,OK,90.600,0.44,15414.900030009449
3261,OK,60.600,0.44,15871.499956119806
3262,OK,71.600,0.44,15838.099992834032
3263,OK,61.500,0.44,15945.499995723367
3264,OK,54.700,0.44,15895.299962721765
3265,OK,80.000,0.44,15891.70005172491
3266,OK,83.900,0.44,15951.099980156869
3267,OK,62.500,0.44,15898.599987849593
3268,OK,66.800,0.44,15879.200014751405
3269,OK,91.700,0.44,15823.5999988392
3270,OK,61.100,0.44,15871.600015088916
3271,OK,56.400,0.44,15914.699994027615
3272,OK,55.500,0.44,15923.300001304597
3273,OK,65.600,0.44,15984.700003173202
3274,OK,65.000,0.44,15892.499999608845
3275,OK,73.800,0.44,15842.099965084344
3276,OK,74.300,0.44,15927.899978123605
3277,OK,77.200,0.44,15834.00001982227
3278,OK,54.900,0.44,15916.79995181039
3279,OK,70.900,0.44,15943.299978971481
3280,OK,56.800,0.44,15867.199981585145
3281,OK,67.400,0.44,15957.800031173974
3282,OK,70.100,0.44,15894.60001559928
3283,OK,80.200,0.44,15815.599996130913
3284,OK,72.800,0.44,15924.600011203438
3285,OK,86.600,0.44,15867.199981585145
3286,OK,70.800,0.44,15892.199997324497
3287,OK,71.800,0.44,15885.600005276501
3288,OK,67.200,0.44,15901.900012977421
3289,OK,93.100,0.44,15837.900049518794
3290,OK,75.300,0.44,15896.000026259571
3291,OK,77.100,0.44,15878.30000789836
3292,OK,69.900,0.44,15890.600043348968
3293,OK,68.700,0.44,15876.399993430823
3294,OK,67.700,0.44,15888.300025835633
3295,OK,62.200,0.44,15903.400024399161
3296,OK,62.600,0.44,15870.200004428625
3297,OK,47.800,0.44,15876.400051638484
3298,OK,76.500,0.44,15852.899989113212
3299,OK,50.400,0.44,15958.000032696873
3300,OK,48.200,0.44,15965.399972628802
3301,OK,81.200,0.44,15742.20001930371
3302,OK,65.100,0.44,15933.899965602905
3303,OK,53.700,0.44,15877.800004091114
3304,OK,163.700,0.44,15770.500001963228
3305,OK,93.400,0.44,15792.899997904897
3306,OK,52.800,0.44,15970.799955539405
3307,OK,67.900,0.44,15897.999983280897
3308,OK,67.100,0.44,15859.800041653216
3309,OK,70.500,0.44,15906.999993603677
3310,OK,55.800,0.44,15907.799999695271
3311,OK,45.200,0.44,15924.500010441989
3312,OK,38.500,0.44,15957.800031173974
3313,OK,78.200,0.44,15832.19994790852
3314,OK,49.500,0.44,15926.200023386627
3315,OK,53.600,0.44,15907.499997410923
3316,OK,50.500,0.44,15953.90000147745
3317,OK,76.000,0.44,15855.200006626546
3318,OK,94.900,0.44,15863.699954934418
3319,OK,81.700,0.44,15977.100003510714
3320,OK,72.500,0.44,15857.80002642423
3321,OK,68.900,0.44,15862.900007050484
3322,OK,65.700,0.44,15898.900048341602
3323,OK,58.500,0.44,15860.399988014251
3324,OK,143.600,0.44,15817.000006791204
3325,OK,65.400,0.44,15919.90003362298
3326,OK,68.000,0.44,15894.400014076382
3327,OK,65.000,0.44,15888.70002888143
3328,OK,65.100,0.44,15914.299990981817
3329,OK,69.800,0.44,15897.49997947365
3330,OK,67.700,0.44,15888.899972196668
3331,OK,78.100,0.44,15866.200032178313
3332,OK,55.000,0.44,15931.60000629723
3333,OK,73.100,0.44,15823.800000362098
3334,OK,128.900,0.44,15911.800030153245
3335,OK,68.300,0.44,15881.499974057078
3336,OK,64.600,0.44,15899.400052148849
3337,OK,58.200,0.44,15895.000018645078
3338,OK,53.200,0.44,15948.600019328296
3339,OK,57.000,0.44,15889.600035734475
3340,OK,61.600,0.44,15902.500017546117
3341,OK,58.500,0.44,15904.200030490756
3342,OK,65.600,0.44,15877.00005620718
3343,OK,176.900,0.44,15703.29995593056
3344,OK,84.300,0.44,15832.000004593283
3345,OK,69.800,0.44,16004.000033717602
3346,OK,66.400,0.44,15883.099986240268
3347,OK,66.200,0.44,15837.600047234446
3348,OK,79.100,0.44,15854.999946895987
3349,OK,87.500,0.44,15967.599989380687
3350,OK,67.900,0.44,15909.800014924258
3351,OK,57.100,0.44,15828.399977181107
3352,OK,89.200,0.44,15865.799970924854
3353,OK,64.600,0.44,15874.700038693845
3354,OK,92.900,0.44,15851.600037422031
3355,OK,115.000,0.44,15829.49998555705
3356,OK,89.800,0.44,15854.7000028193
3357,OK,63.300,0.44,15929.299988783896
3358,OK,78.600,0.44,15875.199984293431
3359,OK,93.200,0.44,15846.499998588115
3360,OK,68.400,0.44,15900.899947155267
3361,OK,115.800,0.44,15854.900004342198
3362,OK,87.300,0.44,15805.100032594055
3363,OK,93.200,0.44,15848.199953325093
3364,OK,91.100,0.44,15880.799968726933
3365,OK,95.500,0.44,15864.200016949326
3366,OK,95.800,0.44,15852.799988351762
3367,OK,89.100,0.44,15857.300022616982
3368,OK,90.600,0.44,15862.500004004687
3369,OK,95.300,0.44,15860.899991821498
3370,OK,98.100,0.44,15832.099947147071
3371,OK,69.800,0.44,15879.90002008155
3372,OK,90.500,0.44,15824.300004169345
3373,OK,57.200,0.44,15973.20003202185
3374,OK,90.800,0.44,15845.90005222708
3375,OK,116.500,0.44,15875.899989623576
3376,OK,100.600,0.44,15853.799995966256
3377,OK,141.200,0.44,15712.599968537688
3378,OK,85.700,0.44,15855.600009672344
3379,OK,58.200,0.44,15881.499974057078
3380,OK,74.700,0.44,15873.400028795004
3381,OK,72.700,0.44,15940.50001585856
3382,OK,71.800,0.44,15876.89999723807
3383,OK,66.100,0.44,15915.900003165007
3384,OK,112.200,0.44,15810.20001322031
3385,OK,132.100,0.44,15801.40000442043
3386,OK,62.100,0.44,15969.100000802428
3387,OK,80.300,0.44,15814.70004748553
3388,OK,73.700,0.44,15970.799955539405
3389,OK,59.900,0.44,15901.600010693073
3390,OK,64.400,0.44,15875.699988100678
3391,OK,73.100,0.44,15832.000004593283
3392,OK,63.300,0.44,15965.500031597912
3393,OK,60.000,0.44,15917.700016871095
3394,OK,65.300,0.44,15886.499953921884
3395,OK,64.200,0.44,15833.100012969226
3396,OK,64.100,0.44,16013.499989639968
3397,OK,83.000,0.44,15774.999978020787
3398,OK,139.300,0.44,15801.700006704777
3399,OK,62.200,0.44,15874.599979724735
3400,OK,52.500,0.44,16000.500007066876
3401,OK,83.200,0.44,15721.399977337569
3402,OK,83.300,0.44,15935.99998159334
3403,OK,79.200,0.44,15848.70001534
3404,OK,67.200,0.44,15954.600006807595
3405,OK,69.100,0.44,15838.599996641278
3406,OK,59.700,0.44,15919.700032100081
3407,OK,61.100,0.44,15884.899999946356
3408,OK,55.500,0.44,16150.499985087663
3409,OK,56.200,0.44,15951.299981679767
3410,OK,61.800,0.44,15648.60000507906
3411,OK,59.800,0.44,15946.700004860759
3412,OK,62.500,0.44,15824.100002646446
3413,OK,65.600,0.44,16247.000021394342
3414,OK,82.400,0.44,15570.599993225187
3415,OK,94.000,0.44,15853.19999139756
3416,OK,69.500,0.44,15819.300024304539
3417,OK,57.500,0.44,16038.899950217456
3418,OK,71.800,0.44,16092.400008346885
3419,OK,82.300,0.44,15821.200038772076
3420,OK,79.400,0.44,15752.900042571127
3421,OK,84.300,0.44,15985.500009264797
3422,OK,124.200,0.44,15723.099990282208
3423,OK,137.300,0.44,15790.299978107214
3424,OK,144.500,0.44,15726.900019217283
3425,OK,130.600,0.44,15684.09998435527
3426,OK,138.600,0.44,15776.999993249774
3427,OK,121.600,0.44,15777.59999781847
3428,OK,56.300,0.44,15916.700009256601
3429,OK,84.100,0.44,15847.000002395362
3430,OK,63.700,0.44,15899.20005062595
3431,OK,53.800,0.44,15886.600012890995
3432,OK,54.200,0.44,15961.700002662838
3433,OK,58.100,0.44,15841.699962038547
3434,OK,60.600,0.44,15930.100053083152
3435,OK,67.100,0.44,15891.199989710003
3436,OK,63.400,0.44,15892.199997324497
3437,OK,55.600,0.44,15972.599969245493
3438,OK,64.800,0.44,15799.999993760139
3439,OK,49.400,0.44,15983.999997843057
3440,OK,55.800,0.44,15936.19998311624
3441,OK,78.200,0.44,15912.39997651428
3442,OK,64.900,0.44,15804.700029548258
3443,OK,69.400,0.44,15908.900008071214
3444,OK,64.400,0.44,15864.900022279471
3445,OK,51.500,0.44,15895.000018645078
3446,OK,69.700,0.44,15885.70000603795
3447,OK,52.200,0.44,15943.70004022494
3448,OK,43.500,0.44,15983.899997081608
3449,OK,71.700,0.44,15903.999970760196
3450,OK,64.500,0.44,15930.19999563694
3451,OK,60.100,0.44,15867.199981585145
3452,OK,46.300,0.44,15934.70002990216
3453,OK,47.700,0.44,15963.700017891824
3454,OK,45.900,0.44,15867.900045122951
3455,OK,43.000,0.44,15939.10000519827
3456,OK,53.200,0.44,15908.500005025417
3457,OK,47.300,0.44,15939.900011289865
3458,OK,49.100,0.44,15930.100053083152
3459,OK,52.600,0.44,15908.900008071214
3460,OK,51.200,0.44,15937.400050461292
3461,OK,52.400,0.44,15843.599976506084
3462,OK,49.400,0.44,15982.09998337552
3463,OK,50.300,0.44,15894.400014076382
3464,OK,55.200,0.44,15894.300013314933
3465,OK,57.800,0.44,15891.80005248636
3466,OK,85.500,0.44,15966.700040735304
3467,OK,76.700,0.44,15894.300013314933
3468,OK,75.500,0.44,15877.500001806766
3469,OK,67.400,0.44,15785.499999765307
3470,OK,58.400,0.44,15983.799996320158
3471,OK,97.500,0.44,15901.99995553121
3472,OK,66.400,0.44,15877.900004852563
3473,OK,64.600,0.44,15860.799991060048
3474,OK,56.400,0.44,15926.600026432425
3475,OK,49.600,0.44,15873.89997439459
3476,OK,49.300,0.44,15985.800011549145
3477,OK,55.200,0.44,15907.599998172373
3478,OK,62.100,0.44,15935.600036755204
3479,OK,67.700,0.44,15901.500009931624
3480,OK,72.900,0.44,15841.799962799996
3481,OK,61.900,0.44,15908.500005025417
3482,OK,63.100,0.44,15878.699952736497
3483,OK,79.500,0.44,15847.100003156811
3484,OK,51.000,0.44,15981.099975761026
3485,OK,58.800,0.44,15886.900015175343
3486,OK,48.900,0.44,15871.799958404154
3487,OK,44.900,0.44,15966.099977958947
3488,OK,50.500,0.44,15904.299973044544
3489,OK,49.600,0.44,15885.400003753603
3490,OK,52.700,0.44,15966.499981004745
3491,OK,51.300,0.44,15925.499959848821
3492,OK,60.400,0.44,15949.60002694279
3493,OK,53.200,0.44,15881.399973295629
3494,OK,54.800,0.44,15923.099999781698
3495,OK,71.400,0.44,15824.500005692244
3496,OK,56.400,0.44,15958.50003650412
3497,OK,107.500,0.44,15819.500025827438
3498,OK,57.900,0.44,15944.499988108873
3499,OK,75.200,0.44,15884.19999461621
3500,OK,74.200,0.44,15823.299996554852
3501,OK,106.800,0.44,15771.100006531924
3502,OK,88.100,0.44,15856.800018809736
3503,OK,70.800,0.44,15897.299977950752
3504,OK,61.600,0.44,15939.199947752059
3505,OK,95.400,0.44,15856.700018048286
3506,OK,165.200,0.44,15711.599960923195
3507,OK,70.100,0.44,15914.899995550513
3508,OK,63.300,0.44,15929.599991068244
3509,OK,69.400,0.44,15840.000007301569
3510,OK,58.400,0.44,15973.599976859987
3511,OK,57.000,0.44,15861.399995628744
3512,OK,70.100,0.44,15928.999986499548
3513,OK,62.700,0.44,15880.799968726933
3514,OK,47.400,0.44,15833.000012207776
3515,OK,48.900,0.44,15973.899979144335
3516,OK,57.300,0.44,15904.799976851791
3517,OK,54.700,0.44,15902.499959338456
3518,OK,79.700,0.44,15967.200044542551
3519,OK,77.100,0.44,15816.400002222508
3520,OK,66.700,0.44,15865.999972447753
3521,OK,69.400,0.44,15858.900034800172
3522,OK,130.400,0.44,15823.099995031953
3523,OK,59.100,0.44,15867.500042077154
3524,OK,56.100,0.44,15931.000001728535
3525,OK,66.800,0.44,15922.399994451553
3526,OK,62.300,0.44,15934.59997093305
3527,OK,68.300,0.44,15873.800031840801
3528,OK,68.100,0.44,15922.499995213002
3529,OK,65.800,0.44,15812.299971003085
3530,OK,55.700,0.44,15905.699983704835
3531,OK,52.600,0.44,15914.499992504716
3532,OK,54.200,0.44,15959.399985149503
3533,OK,52.700,0.44,15901.300008408725
3534,OK,54.300,0.44,15942.10002804175
3535,OK,55.000,0.44,15847.500006202608
3536,OK,64.500,0.44,15949.40002541989
3537,OK,66.100,0.44,15840.200008824468
3538,OK,53.900,0.44,15994.100016541779
3539,OK,55.500,0.44,15823.5999988392
3540,OK,66.900,0.44,15993.400011211634
3541,OK,34.500,0.44,15915.39999935776
3542,OK,36.100,0.44,15950.200031511486
3543,OK,56.600,0.44,15807.499992661178
3544,OK,78.200,0.44,16001.19995418936
3545,OK,48.200,0.44,15938.099997583777
3546,OK,55.400,0.44,15909.800014924258
3547,OK,48.700,0.44,15832.900011446327
3548,OK,52.700,0.44,16000.200004782528
3549,OK,56.500,0.44,15904.699976090342
3550,OK,51.800,0.44,15934.399969410151
3551,OK,133.200,0.44,15715.499990619719
3552,OK,65.000,0.44,15942.300029564649
3553,OK,70.100,0.44,15975.599992088974
3554,OK,61.000,0.44,15904.000028967857
3555,OK,55.500,0.44,15893.000003416091
3556,OK,57.900,0.44,15896.399971097708
3557,OK,45.200,0.44,15943.999984301627
3558,OK,164.500,0.44,15761.499991640449
3559,OK,73.300,0.44,15890.499984379858
3560,OK,48.800,0.44,15936.499985400587
3561,OK,58.800,0.44,15884.699998423457
3562,OK,46.600,0.44,15933.20001848042
3563,OK,54.700,0.44,15913.499984890223
3564,OK,65.300,0.44,15891.5999927558
3565,OK,63.000,0.44,15974.59998447448
3566,OK,125.100,0.44,15773.000020999461
3567,OK,64.300,0.44,15957.699972204864
3568,OK,89.800,0.44,15746.999997645617
3569,OK,98.100,0.44,15826.099959667772
3570,OK,77.800,0.44,15920.499979984015
3571,OK,70.900,0.44,15910.200017970055
3572,OK,87.000,0.44,15856.900019571185
3573,OK,73.000,0.44,15846.099995542318
3574,OK,75.100,0.44,15839.59994604811
3575,OK,103.100,0.44,15850.599971599877
3576,OK,92.600,0.44,15867.000038269907
3577,OK,96.400,0.44,15832.000004593283
3578,OK,150.800,0.44,15806.999988853931
3579,OK,107.400,0.44,15838.799998164177
3580,OK,112.100,0.44,15883.399988524616
3581,OK,91.800,0.44,15876.99999799952
3582,OK,100.300,0.44,15821.699984371662
3583,OK,102.200,0.44,15871.200012043118
3584,OK,80.700,0.44,15811.69996643439
3585,OK,98.800,0.44,15751.800034195185
3586,OK,96.400,0.44,15822.699991986156
3587,OK,76.200,0.44,15890.900045633316
3588,OK,93.800,0.44,15877.800004091114
3589,OK,88.900,0.44,15839.90000654012
3590,OK,95.500,0.44,15842.9000293836
3591,OK,75.900,0.44,15905.399981420487
3592,OK,106.600,0.44,15826.900023967028
3593,OK,101.200,0.44,15881.30003074184
3594,OK,105.600,0.44,15874.299977440387
3595,OK,76.300,0.44,15802.000008989125
3596,OK,72.200,0.44,15897.999983280897
3597,OK,91.100,0.44,15851.099975407124
3598,OK,115.000,0.44,15876.199991907924
3599,OK,74.600,0.44,15868.999995291233
3600,OK,96.300,0.44,15794.599952641875
3601,OK,50.300,0.44,15832.200006116182
3602,OK,71.600,0.44,15904.100029729307
3603,OK,96.600,0.44,15859.699982684106
3604,OK,113.800,0.44,15857.099962886423
3605,OK,145.400,0.44,15707.699989434332
3606,OK,104.900,0.44,15831.800003070384
3607,OK,74.400,0.44,15875.699988100678
3608,OK,55.300,0.44,15916.100004687905
3609,OK,71.200,0.44,15906.999993603677
3610,OK,74.800,0.44,15930.399997159839
3611,OK,55.100,0.44,15989.70004124567
3612,OK,68.500,0.44,15887.20001745969
3613,OK,60.900,0.44,15901.000006124377
3614,OK,61.400,0.44,15923.800005111843
3615,OK,67.600,0.44,15889.200032688677
3616,OK,64.200,0.44,15903.400024399161
3617,OK,67.600,0.44,15772.200014907867
3618,OK,80.100,0.44,15969.100000802428
3619,OK,164.200,0.44,15709.300001617521
3620,OK,57.700,0.44,15910.9000233002
3621,OK,72.200,0.44,15876.79999647662
3622,OK,72.400,0.44,15966.299979481846
3623,OK,56.000,0.44,15897.799981757998
3624,OK,53.500,0.44,15925.70001957938
3625,OK,52.800,0.44,15889.200032688677
3626,OK,51.100,0.44,15932.200010865927
3627,OK,49.900,0.44,16028.399986680597
3628,OK,105.600,0.44,15767.29997759685
3629,OK,62.400,0.44,15795.30001617968
3630,OK,48.800,0.44,15944.599988870323
3631,OK,53.900,0.44,15960.800054017454
3632,OK,69.600,0.44,15899.600053671747
3633,OK,73.400,0.44,15964.499965775758
3634,OK,56.900,0.44,15905.199979897588
3635,OK,101.200,0.44,15875.799988862127
3636,OK,84.500,0.44,15864.800021518022
3637,OK,93.400,0.44,15805.8000379242
3638,OK,86.000,0.44,15820.999979041517
3639,OK,66.100,0.44,15897.60003844276
3640,OK,54.700,0.44,16251.499997451901
3641,OK,65.500,0.44,15900.900005362928
3642,OK,73.400,0.44,15534.900012426078
3643,OK,81.300,0.44,15998.999995645136
3644,OK,97.400,0.44,15867.099980823696
3645,OK,110.400,0.44,15686.600003391504
3646,OK,113.800,0.44,15801.40000442043
3647,OK,137.100,0.44,15778.799948748201
3648,OK,70.200,0.44,16025.400022044778
3649,OK,145.700,0.44,15619.800018612295
3650,OK,79.200,0.44,15810.20001322031
3651,OK,78.000,0.44,15987.89996933192
3652,OK,69.300,0.44,15867.399983108044
3653,OK,55.800,0.44,15922.099992167205
3654,OK,58.700,0.44,15945.20005164668
3655,OK,60.600,0.44,15912.599978037179
3656,OK,58.700,0.44,15852.799988351762
3657,OK,59.700,0.44,15880.100021604449
3658,OK,57.400,0.44,15944.499988108873
3659,OK,56.000,0.44,15951.10003836453
3660,OK,67.200,0.44,15827.200026251376
3661,OK,72.900,0.44,15879.599959589541
3662,OK,56.100,0.44,15938.399999868125
3663,OK,71.900,0.44,15898.200043011457
3664,OK,50.800,0.44,15963.200014084578
3665,OK,74.100,0.44,15850.899973884225
3666,OK,51.000,0.44,15970.500011462718
3667,OK,42.300,0.44,15982.999990228564
3668,OK,69.000,0.44,15850.19996855408
3669,OK,55.300,0.44,15916.300006210804
3670,OK,66.700,0.44,15907.399996649474
3671,OK,61.200,0.44,15904.400032013655
3672,OK,61.800,0.44,15932.800015434623
3673,OK,78.400,0.44,15803.100017365068
3674,OK,78.900,0.44,15870.100003667176
3675,OK,107.300,0.44,15876.099991146475
3676,OK,68.900,0.44,15831.099997740239
3677,OK,85.800,0.44,15933.599963318557
3678,OK,60.600,0.44,15884.599997662008
3679,OK,69.000,0.44,15863.099950365722
3680,OK,59.900,0.44,15946.800005622208
3681,OK,67.000,0.44,15919.79997465387
3682,OK,64.900,0.44,15902.600018307567
3683,OK,61.500,0.44,15907.399996649474
3684,OK,63.200,0.44,15864.400018472224
3685,OK,67.400,0.44,15934.4999701716
3686,OK,79.300,0.44,15877.800004091114
3687,OK,70.300,0.44,15918.40002220124
3688,OK,66.300,0.44,15873.800031840801
3689,OK,66.100,0.44,15918.19996247068
3690,OK,66.000,0.44,15803.700021933764
3691,OK,68.100,0.44,15832.700009923428
3692,OK,61.000,0.44,15903.50002516061
3693,OK,46.600,0.44,15923.099999781698
3694,OK,60.800,0.44,15936.499985400587
3695,OK,66.300,0.44,15881.999977864325
3696,OK,94.700,0.44,15885.100001469254
3697,OK,54.300,0.44,15879.8000193201
3698,OK,45.300,0.44,15972.200024407357
3699,OK,49.600,0.44,15917.300013825297
3700,OK,48.000,0.44,15878.40000865981
3701,OK,65.400,0.44,15841.40001796186
3702,OK,64.500,0.44,15914.199990220368
3703,OK,53.700,0.44,15889.399976003915
3704,OK,63.400,0.44,15902.900020591915
3705,OK,51.000,0.44,15902.999963145703
3706,OK,59.000,0.44,15954.900009091944
3707,OK,83.800,0.44,15765.80002438277
3708,OK,66.400,0.44,15948.699961882085
3709,OK,65.800,0.44,15855.100005865097
3710,OK,92.300,0.44,15882.399980910122
3711,OK,53.400,0.44,15894.80001712218
3712,OK,51.400,0.44,15885.400003753603
3713,OK,114.700,0.44,15855.200006626546
3714,OK,92.400,0.44,15888.500027358532
3715,OK,51.300,0.44,15870.400005951524
3716,OK,50.600,0.44,15971.49996086955
3717,OK,94.500,0.44,15856.700018048286
3718,OK,65.800,0.44,15897.099976427853
3719,OK,64.300,0.44,15866.200032178313
3720,OK,87.900,0.44,15907.499997410923
3721,OK,68.900,0.44,15878.50000942126
3722,OK,75.600,0.44,15794.900013133883
3723,OK,57.100,0.44,15951.300039887428
3724,OK,81.700,0.44,15913.400042336434
3725,OK,84.300,0.44,15802.299953065813
3726,OK,60.900,0.44,15907.099994365126
3727,OK,65.400,0.44,15914.699994027615
3728,OK,62.200,0.44,15847.400005441159
3729,OK,89.400,0.44,15892.199997324497
3730,OK,93.100,0.44,15839.500003494322
3731,OK,75.200,0.44,15973.3000327833
3732,OK,63.900,0.44,15886.400011368096
3733,OK,60.900,0.44,15953.90000147745
3734,OK,63.400,0.44,15784.299990627915
3735,OK,65.500,0.44,15957.799972966313
3736,OK,66.700,0.44,15940.70001738146
3737,OK,72.900,0.44,15858.699975069612
3738,OK,61.200,0.44,15909.900015685707
3739,OK,64.700,0.44,15850.699972361326
3740,OK,68.600,0.44,15902.599960099906
3741,OK,63.300,0.44,15952.899993862957
3742,OK,77.800,0.44,15881.399973295629
3743,OK,75.100,0.44,15871.299954596907
3744,OK,80.200,0.44,15920.199977699667
3745,OK,63.800,0.44,15915.800002403557
3746,OK,70.700,0.44,15850.40002828464
3747,OK,170.900,0.44,15781.199967022985
3748,OK,101.600,0.44,15828.400035388768
3749,OK,63.400,0.44,15919.79997465387
3750,OK,70.000,0.44,15781.100024469197
3751,OK,88.700,0.44,15927.699976600707
3752,OK,158.800,0.44,15739.399997983128
3753,OK,85.000,0.44,15871.500014327466
3754,OK,68.900,0.44,15880.900027696043
3755,OK,99.400,0.44,15847.800008486956
3756,OK,58.500,0.44,15900.800004601479
3757,OK,64.300,0.44,15862.00000019744
3758,OK,57.200,0.44,15940.999961458147
3759,OK,51.600,0.44,15981.599979568273
3760,OK,49.800,0.44,15910.000016447157
3761,OK,49.600,0.44,15920.800040476024
3762,OK,53.700,0.44,15927.19997279346
3763,OK,62.800,0.44,15885.70000603795
3764,OK,54.200,0.44,15933.899965602905
3765,OK,57.100,0.44,15935.500035993755
3766,OK,61.300,0.44,15800.399996805936
3767,OK,62.100,0.44,15922.099992167205
3768,OK,62.200,0.44,15943.70004022494
3769,OK,83.400,0.44,15837.799990549684
3770,OK,65.500,0.44,15931.000001728535
3771,OK,71.000,0.44,15851.400035899132
3772,OK,72.200,0.44,15964.40002322197
3773,OK,58.500,0.44,15878.600010182709
3774,OK,84.300,0.44,15856.400015763938
3775,OK,81.400,0.44,15941.399964503944
3776,OK,72.600,0.44,15803.499962203205
3777,OK,61.200,0.44,15969.800006132573
3778,OK,65.800,0.44,15879.300015512854
3779,OK,60.300,0.44,15911.399968899786
3780,OK,54.500,0.44,15898.899990133941
3781,OK,52.200,0.44,15905.299980659038
3782,OK,49.600,0.44,15905.399981420487
3783,OK,47.500,0.44,15931.900008581579
3784,OK,157.800,0.44,15706.800040788949
3785,OK,77.600,0.44,15891.099988948554
3786,OK,64.000,0.44,15914.699994027615
3787,OK,56.000,0.44,15847.000002395362
3788,OK,53.200,0.44,15958.600037265569
3789,OK,52.800,0.44,15806.999988853931
3790,OK,55.400,0.44,16077.500011306256
3791,OK,96.800,0.44,15781.89997235313
3792,OK,71.700,0.44,15935.500035993755
3793,OK,66.400,0.44,15906.39998903498
3794,OK,62.800,0.44,15865.299967117608
3795,OK,49.000,0.44,15922.099992167205
3796,OK,47.700,0.44,15925.70001957938
3797,OK,47.300,0.44,15888.70002888143
3798,OK,71.500,0.44,15948.200016282499
3799,OK,115.400,0.44,15835.899976082146
3800,OK,60.500,0.44,15859.199978876859
3801,OK,64.500,0.44,15802.400012034923
3802,OK,56.500,0.44,15917.499957140535
3803,OK,53.300,0.44,15884.099993854761
3804,OK,75.100,0.44,15832.40000763908
3805,OK,82.800,0.44,15899.299993179739
3806,OK,89.300,0.44,15847.000002395362
3807,OK,102.600,0.44,15833.700017537922
3808,OK,92.400,0.44,15874.099975917488
3809,OK,91.900,0.44,15853.499993681908
3810,OK,107.500,0.44,15849.399962462485
3811,OK,96.300,0.44,15865.00002304092
3812,OK,109.300,0.44,15824.400004930794
3813,OK,105.100,0.44,15856.499958317727
3814,OK,96.700,0.44,15863.29995188862
3815,OK,104.000,0.44,15847.100003156811
3816,OK,103.500,0.44,15832.40000763908
3817,OK,100.200,0.44,15877.199999522418
3818,OK,80.000,0.44,15841.100015677512
3819,OK,128.000,0.44,15832.900011446327
3820,OK,79.300,0.44,15863.60001238063
3821,OK,99.600,0.44,15838.999999687076
3822,OK,109.300,0.44,15820.799977518618
3823,OK,125.700,0.44,15810.000011697412
3824,OK,107.900,0.44,15836.599981412292
3825,OK,109.600,0.44,15857.200021855533
3826,OK,82.900,0.44,15871.600015088916
3827,OK,72.400,0.44,15899.799996986985
3828,OK,98.100,0.44,15825.10001026094
3829,OK,101.600,0.44,15875.40004402399
3830,OK,70.100,0.44,15866.999980062246
3831,OK,78.800,0.44,15838.499995879829
3832,OK,73.100,0.44,15885.300002992153
3833,OK,100.200,0.44,15848.199953325093
3834,OK,107.300,0.44,15829.899988602847
3835,OK,193.500,0.44,15738.99999493733
3836,OK,101.500,0.44,15795.50001770258
3837,OK,65.200,0.44,15881.800034549087
3838,OK,56.700,0.44,15924.100007396191
3839,OK,66.000,0.44,15888.400026597083
3840,OK,59.800,0.44,15924.600011203438
3841,OK,72.900,0.44,15911.599970422685
3842,OK,107.000,0.44,15827.599971089512
3843,OK,117.700,0.44,15867.400041315705
3844,OK,68.100,0.44,15764.30001296103
3845,OK,59.100,0.44,15946.40000257641
3846,OK,54.400,0.44,15958.499978296459
3847,OK,86.900,0.44,15929.699991829693
3848,OK,61.300,0.44,15835.899976082146
3849,OK,67.800,0.44,15949.699969496578
3850,OK,77.400,0.44,15879.400016274303
3851,OK,81.500,0.44,15889.999980572611
3852,OK,68.800,0.44,15790.300036314875
3853,OK,82.700,0.44,15865.700028371066
3854,OK,120.300,0.44,15845.199988689274
3855,OK,74.000,0.44,15900.70000384003
3856,OK,59.100,0.44,15908.500005025417
3857,OK,59.300,0.44,15910.200017970055
3858,OK,57.100,0.44,15918.899967800826
3859,OK,60.400,0.44,15917.800017632544
3860,OK,63.400,0.44,15786.700008902699
3861,OK,75.900,0.44,15920.699981506914
3862,OK,80.400,0.44,15984.199999365956
3863,OK,67.800,0.44,15787.400014232844
3864,OK,57.300,0.44,15955.799957737327
3865,OK,62.900,0.44,15874.400036409497
3866,OK,80.900,0.44,15897.100034635514
3867,OK,67.900,0.44,15943.699982017279
3868,OK,120.800,0.44,15813.20003606379
3869,OK,92.800,0.44,16151.10004786402
3870,OK,110.300,0.44,15560.699976049364
3871,OK,111.400,0.44,15730.299986898899
3872,OK,175.500,0.44,15736.899978946894
3873,OK,170.700,0.44,15726.099954918027
3874,OK,74.400,0.44,15848.200011532754
3875,OK,58.700,0.44,16075.599996838719
3876,OK,54.400,0.44,15846.599999349564
3877,OK,55.200,0.44,16035.5000407435
3878,OK,68.200,0.44,15958.699979819357
3879,OK,63.000,0.44,15633.100003469735
3880,OK,64.300,0.44,16187.400033231825
3881,OK,132.200,0.44,15519.400010816753
3882,OK,59.100,0.44,15960.699995048344
3883,OK,188.100,0.44,15626.200009137392
3884,OK,56.300,0.44,15819.999971427023
3885,OK,70.800,0.44,15966.799983289093
3886,OK,57.900,0.44,15896.399971097708
3887,OK,59.900,0.44,15924.500010441989
3888,OK,54.800,0.44,15898.799989372492
3889,OK,63.300,0.44,15878.000005614012
3890,OK,53.800,0.44,15973.19997381419
3891,OK,67.700,0.44,15883.499989286065
3892,OK,57.000,0.44,15953.499998431653
3893,OK,82.900,0.44,15904.800035059452
3894,OK,83.600,0.44,15867.499983869493
3895,OK,55.500,0.44,15897.199977189302
3896,OK,48.100,0.44,15958.800038788468
3897,OK,46.800,0.44,15931.400004774332
3898,OK,55.700,0.44,15831.700002308935
3899,OK,43.500,0.44,15961.500001139939
3900,OK,47.600,0.44,15970.20000917837
3901,OK,81.500,0.44,15765.100019052625
3902,OK,65.200,0.44,15909.799956716597
3903,OK,100.500,0.44,15864.500019233674
3904,OK,97.700,0.44,15826.699964236468
3905,OK,112.500,0.44,15819.700027350336
3906,OK,85.000,0.44,15760.399983264506
3907,OK,87.300,0.44,15968.299994710833
3908,OK,68.900,0.44,15817.800012882799
3909,OK,96.500,0.44,15929.000044707209
3910,OK,58.800,0.44,15815.899998415262
3911,OK,101.700,0.44,15952.899993862957
3912,OK,80.000,0.44,15877.300000283867
3913,OK,66.400,0.44,15901.800012215972
3914,OK,65.300,0.44,15891.199989710003
3915,OK,65.400,0.44,15899.399993941188
3916,OK,64.400,0.44,15889.900038018823
3917,OK,56.300,0.44,15919.80003286153
3918,OK,60.500,0.44,15928.59998345375
3919,OK,77.900,0.44,15866.199973970652
3920,OK,72.300,0.44,15899.19999241829
3921,OK,89.100,0.44,15874.10003412515
3922,OK,61.200,0.44,15822.599991224706
3923,OK,88.700,0.44,15899.999998509884
3924,OK,48.500,0.44,15900.50000231713
3925,OK,48.900,0.44,15946.899948175997
3926,OK,46.300,0.44,15890.40004182607
3927,OK,45.800,0.44,15848.80001610145
3928,OK,49.200,0.44,15950.500033795834
3929,OK,56.800,0.44,15953.699999954551
3930,OK,70.900,0.44,15901.400009170175
3931,OK,62.400,0.44,15871.500014327466
3932,OK,96.200,0.44,15840.900014154613
3933,OK,73.700,0.44,15932.499954942614
3934,OK,82.400,0.44,15833.500016015023
3935,OK,69.800,0.44,15904.599975328892
3936,OK,61.700,0.44,15900.39994334802
3937,OK,56.000,0.44,15959.7999881953
3938,OK,59.000,0.44,15890.19998209551
3939,OK,64.500,0.44,15898.499987088144
3940,OK,61.700,0.44,15868.699993006885
3941,OK,88.300,0.44,15841.500018723309
3942,OK,60.000,0.44,15919.999976176769
3943,OK,54.100,0.44,15917.300013825297
3944,OK,79.400,0.44,15894.80001712218
3945,OK,80.600,0.44,15929.000044707209
3946,OK,76.500,0.44,15822.799992747605
3947,OK,54.600,0.44,15904.200030490756
3948,OK,49.100,0.44,16023.999953176826
3949,OK,72.300,0.44,15740.000002551824
3950,OK,75.400,0.44,15974.80004420504
3951,OK,57.900,0.44,15965.000027790666
3952,OK,60.100,0.44,15854.199999012053
3953,OK,53.600,0.44,15831.299999263138
3954,OK,56.600,0.44,15971.70002060011
3955,OK,64.100,0.44,15915.900003165007
3956,OK,62.800,0.44,15892.700001131743
3957,OK,74.200,0.44,15926.499967463315
3958,OK,59.000,0.44,15870.500006712973
3959,OK,60.000,0.44,15978.400013409555
3960,OK,93.800,0.44,15766.500029712915
3961,OK,102.800,0.44,15845.499990973622
3962,OK,86.000,0.44,15828.800038434565
3963,OK,62.800,0.44,15960.799995809793
3964,OK,56.800,0.44,15841.500018723309
3965,OK,98.000,0.44,15847.800008486956
3966,OK,71.000,0.44,15973.19997381419
3967,OK,53.800,0.44,15857.699967455119
3968,OK,80.800,0.44,15960.499993525445
3969,OK,65.500,0.44,15836.400038097054
3970,OK,67.600,0.44,15933.10001771897
3971,OK,55.900,0.44,15865.10002380237
3972,OK,58.800,0.44,15978.500014171004
3973,OK,72.000,0.44,15885.70000603795
3974,OK,82.300,0.44,15907.599998172373
3975,OK,75.100,0.44,15859.599981922656
3976,OK,70.400,0.44,15782.600035890937
3977,OK,96.900,0.44,15964.800026267767
3978,OK,67.600,0.44,15881.099971011281
3979,OK,78.700,0.44,15910.299960523844
3980,OK,71.200,0.44,15874.799981247634
3981,OK,80.600,0.44,15858.200029470026
3982,OK,53.600,0.44,15903.299965430051
3983,OK,49.900,0.44,16295.899986289442
3984,OK,189.800,0.44,15268.700022716075
3985,OK,58.900,0.44,15994.599962141365
3986,OK,61.000,0.44,15897.69998099655
3987,OK,102.700,0.44,16150.99998889491
3988,OK,118.500,0.44,15440.999995917082
3989,OK,67.600,0.44,15976.19999665767
3990,OK,66.400,0.44,15905.399981420487
3991,OK,64.700,0.44,15911.900030914694
3992,OK,64.700,0.44,15796.79996939376
3993,OK,62.800,0.44,15965.100028552115
3994,OK,76.600,0.44,15829.49998555705
3995,OK,61.600,0.44,15930.800000205636
3996,OK,66.900,0.44,15865.899971686304
3997,OK,80.100,0.44,15894.200012553483
3998,OK,66.000,0.44,15886.600012890995
3999,OK,54.400,0.44,15919.700032100081
4000,OK,53.000,0.44,15917.300013825297
4001,OK,62.600,0.44,15770.800004247576
4002,OK,96.400,0.44,15933.000016957521
4003,OK,87.300,0.44,15813.100035302341
4004,OK,55.900,0.44,15969.000000040978
4005,OK,52.000,0.44,15842.100023292005
4006,OK,95.400,0.44,15886.699955444783
4007,OK,93.500,0.44,15844.399982597679
4008,OK,59.000,0.44,15924.000006634742
4009,OK,60.100,0.44,15895.400021690875
4010,OK,63.700,0.44,15902.300016023219
4011,OK,64.000,0.44,15866.200032178313
4012,OK,50.500,0.44,15969.100000802428
4013,OK,55.800,0.44,15903.800027444959
4014,OK,51.900,0.44,15918.900026008487
4015,OK,48.400,0.44,15903.400024399161
4016,OK,107.900,0.44,15857.49996593222
4017,OK,67.400,0.44,15905.799984466285
4018,OK,55.900,0.44,15911.700029391795
4019,OK,64.200,0.44,15923.300001304597
4020,OK,79.000,0.44,15845.199988689274
4021,OK,50.600,0.44,15907.699998933822
4022,OK,40.900,0.44,15956.90002432093
4023,OK,106.200,0.44,15757.500019390136
4024,OK,76.900,0.44,15958.099975250661
4025,OK,78.600,0.44,15903.49996695295
4026,OK,57.300,0.44,15852.399985305965
4027,OK,54.900,0.44,15911.399968899786
4028,OK,61.200,0.44,15926.699968986213
4029,OK,76.000,0.44,15878.900012467057
4030,OK,72.600,0.44,15860.999992582947
4031,OK,72.000,0.44,15904.099971521646
4032,OK,128.400,0.44,15772.300015669316
4033,OK,76.500,0.44,15868.999995291233
4034,OK,66.000,0.44,15905.00003658235
4035,OK,49.900,0.44,15907.499997410923
4036,OK,52.200,0.44,15938.900003675371
4037,OK,60.500,0.44,15868.799993768334
4038,OK,72.100,0.44,15894.400014076382
4039,OK,85.700,0.44,15858.900034800172
4040,OK,86.500,0.44,15892.099996563047
4041,OK,84.200,0.44,15872.499963734299
4042,OK,85.200,0.44,15827.299968805164
4043,OK,85.700,0.44,15901.399950962514
4044,OK,103.800,0.44,15832.200006116182
4045,OK,109.800,0.44,15869.599999859929
4046,OK,117.300,0.44,15807.699994184077
4047,OK,107.600,0.44,15833.89996085316
4048,OK,104.700,0.44,15858.399972785264
4049,OK,89.900,0.44,15843.999979551882
4050,OK,103.400,0.44,15819.800028111786
4051,OK,110.200,0.44,15861.399995628744
4052,OK,107.900,0.44,15838.899998925626
4053,OK,110.300,0.44,15848.70001534
4054,OK,131.200,0.44,15783.800045028329
4055,OK,100.600,0.44,15851.999982260168
4056,OK,104.200,0.44,15834.599966183305
4057,OK,108.300,0.44,15849.799965508282
4058,OK,102.100,0.44,15832.300006877631
4059,OK,109.900,0.44,15850.100026000291
4060,OK,91.000,0.44,15843.899978790432
4061,OK,92.200,0.44,15830.900054425001
4062,OK,74.700,0.44,15875.39998581633
4063,OK,71.500,0.44,15894.59995739162
4064,OK,95.600,0.44,15851.600037422031
4065,OK,102.900,0.44,15851.299976930022
4066,OK,78.200,0.44,15902.20001526177
4067,OK,153.500,0.44,15724.19999865815
4068,OK,94.500,0.44,15858.699975069612
4069,OK,95.500,0.44,15871.500014327466
4070,OK,135.600,0.44,15767.800039611757
4071,OK,63.500,0.44,15895.899967290461
4072,OK,53.000,0.44,15945.399994961917
4073,OK,38.600,0.44,16008.300008252263
4074,OK,48.300,0.44,15903.3999661915
4075,OK,47.200,0.44,15938.099997583777
4076,OK,50.800,0.44,15952.000045217574
4077,OK,169.600,0.44,15675.000031478703
4078,OK,58.100,0.44,15882.69998319447
4079,OK,57.200,0.44,16045.70000199601
4080,OK,61.500,0.44,15832.50000840053
4081,OK,51.800,0.44,15912.000031676143
4082,OK,53.300,0.44,15929.899993352592
4083,OK,171.400,0.44,15710.200008470565
4084,OK,102.100,0.44,15855.700010433793
4085,OK,80.600,0.44,15812.499972525984
4086,OK,88.400,0.44,15933.30001924187
4087,OK,57.900,0.44,15893.199946731329
4088,OK,58.900,0.44,15894.59995739162
4089,OK,55.100,0.44,15891.999995801598
4090,OK,50.400,0.44,15935.199975501746
4091,OK,56.700,0.44,15891.400049440563
4092,OK,51.900,0.44,15942.10002804175
4093,OK,61.600,0.44,15879.100013989955
4094,OK,53.800,0.44,16282.199998386204
4095,OK,55.900,0.44,15858.299972023815
4096,OK,71.400,0.44,16129.499999806285
4097,OK,62.900,0.44,15333.899995312095
4098,OK,77.700,0.44,15906.899992842227
4099,OK,67.500,0.44,16173.19998331368
4100,OK,70.800,0.44,16029.59999581799
4101,OK,114.500,0.44,15245.200018398464
4102,OK,154.100,0.44,15805.399976670742
4103,OK,100.800,0.44,15818.99996381253
4104,OK,134.000,0.44,16136.899997945875
4105,OK,158.400,0.44,15375.300019513816
4106,OK,72.000,0.44,16172.500036191195
4107,OK,78.600,0.44,15983.099990990013
4108,OK,77.000,0.44,15835.100028198212
4109,OK,76.100,0.44,15654.899994842708
4110,OK,82.100,0.44,15872.199961449951
4111,OK,130.700,0.44,15747.999947052449
4112,OK,141.200,0.44,15680.199954658747
4113,OK,83.600,0.44,15826.900023967028
4114,OK,59.900,0.44,16037.800000049174
4115,OK,48.800,0.44,15894.200012553483
4116,OK,55.000,0.44,15908.700006548315
4117,OK,52.900,0.44,15871.799958404154
4118,OK,63.100,0.44,15942.699974402785
4119,OK,51.600,0.44,15885.8000067994
4120,OK,83.100,0.44,15842.59996889159
4121,OK,54.300,0.44,15921.099984552711
4122,OK,56.500,0.44,15919.399971608073
4123,OK,69.800,0.44,15926.500025670975
4124,OK,58.600,0.44,15912.300033960491
4125,OK,76.500,0.44,15925.200015772134
4126,OK,66.200,0.44,15831.699944101274
4127,OK,78.200,0.44,15911.299968138337
4128,OK,71.800,0.44,15784.500050358474
4129,OK,53.100,0.44,16056.800028309226
4130,OK,69.000,0.44,15896.999975666404
4131,OK,69.000,0.44,15874.10003412515
4132,OK,68.300,0.44,15885.400003753603
4133,OK,89.400,0.44,15868.199989199638
4134,OK,68.500,0.44,15893.800009507686
4135,OK,63.000,0.44,15899.399993941188
4136,OK,66.700,0.44,15740.800008643419
4137,OK,59.200,0.44,15985.999954864383
4138,OK,74.400,0.44,15865.600027609617
4139,OK,80.200,0.44,15791.799989528954
4140,OK,63.500,0.44,15946.700004860759
4141,OK,67.400,0.44,15926.999971270561
4142,OK,52.300,0.44,15930.499997921288
4143,OK,55.300,0.44,15923.099999781698
4144,OK,58.100,0.44,15851.399977691472
4145,OK,48.800,0.44,15961.500001139939
4146,OK,50.100,0.44,15916.80001001805
4147,OK,55.000,0.44,15930.900000967085
4148,OK,58.800,0.44,15903.3999661915
4149,OK,71.300,0.44,15910.399961285293
4150,OK,78.000,0.44,15865.499968640506
4151,OK,78.400,0.44,15913.199982605875
4152,OK,63.300,0.44,15908.10000197962
4153,OK,104.800,0.44,15777.199994772673
4154,OK,80.500,0.44,15874.499978963286
4155,OK,72.300,0.44,15964.699967298657
4156,OK,82.500,0.44,15765.79996617511
4157,OK,91.300,0.44,15917.900018393993
4158,OK,63.900,0.44,15882.599982433021
4159,OK,53.000,0.44,15906.699991319329
4160,OK,43.600,0.44,15905.699983704835
4161,OK,46.300,0.44,15943.899983540177
4162,OK,53.100,0.44,15932.500013150275
4163,OK,63.800,0.44,15922.299993690103
4164,OK,69.600,0.44,15876.400051638484
4165,OK,68.900,0.44,15909.60001340136
4166,OK,81.300,0.44,15857.100021094084
4167,OK,71.800,0.44,15902.700019069016
4168,OK,61.600,0.44,15853.699995204806
4169,OK,65.300,0.44,15917.600016109645
4170,OK,67.600,0.44,15874.199976678938
4171,OK,60.500,0.44,15870.100003667176
4172,OK,55.700,0.44,15895.000018645078
4173,OK,53.100,0.44,15931.400004774332
4174,OK,52.300,0.44,15913.399984128773
4175,OK,49.100,0.44,15960.499993525445
4176,OK,73.300,0.44,15905.999985989183
4177,OK,53.700,0.44,15920.299978461117
4178,OK,56.500,0.44,15913.89998793602
4179,OK,60.800,0.44,15842.400025576353
4180,OK,52.300,0.44,15931.399946566671
4181,OK,60.400,0.44,15980.300027877092
4182,OK,62.600,0.44,15918.19996247068
4183,OK,71.900,0.44,15792.199992574751
4184,OK,68.000,0.44,15913.300041574985
4185,OK,59.200,0.44,15904.99997837469
4186,OK,72.300,0.44,15914.199990220368
4187,OK,60.900,0.44,15863.300010096282
4188,OK,95.700,0.44,15862.900007050484
4189,OK,51.600,0.44,15903.70002668351
4190,OK,57.100,0.44,15929.799992591143
4191,OK,58.800,0.44,15888.199966866523
4192,OK,72.000,0.44,15922.8999982588
4193,OK,82.500,0.44,15827.600029297173
4194,OK,84.500,0.44,15909.200010355562
4195,OK,91.800,0.44,15920.600038953125
4196,OK,66.700,0.44,15888.999972958118
4197,OK,61.700,0.44,15797.100029885769
4198,OK,69.800,0.44,15972.300025168806
4199,OK,59.800,0.44,15909.50001263991
4200,OK,66.800,0.44,15850.899973884225
4201,OK,64.900,0.44,16107.000003103167
4202,OK,106.500,0.44,15563.299995847046
4203,OK,61.900,0.44,15920.899983029813
4204,OK,54.200,0.44,15899.09999165684
4205,OK,54.700,0.44,15902.299957815558
4206,OK,62.400,0.44,15887.000015936792
4207,OK,50.300,0.44,15936.19998311624
4208,OK,117.400,0.44,15862.400003243238
4209,OK,61.800,0.44,15909.40001187846
4210,OK,79.500,0.44,15914.699994027615
4211,OK,77.400,0.44,15811.999968718737
4212,OK,59.900,0.44,15930.599998682737
4213,OK,59.900,0.44,15880.999970249832
4214,OK,53.600,0.44,15919.600031338632
4215,OK,51.400,0.44,15947.800013236701
4216,OK,62.100,0.44,15913.700044620782
4217,OK,66.900,0.44,15884.699998423457
4218,OK,68.600,0.44,15828.10003310442
4219,OK,67.500,0.44,15894.70001636073
4220,OK,119.700,0.44,15882.999985478818
4221,OK,77.300,0.44,15894.699958153069
4222,OK,69.900,0.44,15811.400022357702
4223,OK,79.600,0.44,15857.699967455119
4224,OK,71.200,0.44,15956.499963067472
4225,OK,53.800,0.44,15911.200025584549
4226,OK,54.700,0.44,15914.200048428029
4227,OK,54.300,0.44,15918.499964755028
4228,OK,57.500,0.44,15927.29997355491
4229,OK,61.400,0.44,15900.800004601479
4230,OK,62.800,0.44,15889.600035734475
4231,OK,68.300,0.44,15872.000018134713
4232,OK,55.500,0.44,15882.200037594885
4233,OK,43.000,0.44,15943.39997973293
4234,OK,34.700,0.44,15879.599959589541
4235,OK,44.800,0.44,15985.900012310594
4236,OK,45.400,0.44,15939.00000443682
4237,OK,59.500,0.44,15942.699974402785
4238,OK,51.700,0.44,15884.799999184906
4239,OK,55.900,0.44,15960.299992002547
4240,OK,62.400,0.44,15853.599994443357
4241,OK,43.000,0.44,15977.200004272163
4242,OK,158.200,0.44,15749.4000159204
4243,OK,120.500,0.44,15796.400024555624
4244,OK,53.800,0.44,15915.700001642108
4245,OK,55.400,0.44,15898.299985565245
4246,OK,50.800,0.44,15914.500050712377
4247,OK,85.900,0.44,15880.299964919686
4248,OK,62.500,0.44,15883.099986240268
4249,OK,119.500,0.44,15788.599965162575
4250,OK,93.700,0.44,15879.500017035753
4251,OK,66.400,0.44,15933.400020003319
4252,OK,68.600,0.44,15836.800041142851
4253,OK,69.900,0.44,15943.100035656244
4254,OK,53.900,0.44,15917.200013063848
4255,OK,56.700,0.44,15905.1000373438
4256,OK,53.800,0.44,15917.00001154095
4257,OK,173.600,0.44,15743.900032248348
4258,OK,94.600,0.44,15865.599969401956
4259,OK,70.500,0.44,15857.500024139881
4260,OK,62.000,0.44,15883.099986240268
4261,OK,55.000,0.44,15942.999976687133
4262,OK,56.600,0.44,15857.100021094084
4263,OK,55.800,0.44,15952.100045979023
4264,OK,58.300,0.44,15871.999959927052
4265,OK,74.600,0.44,15885.399945545942
4266,OK,94.000,0.44,15838.39999511838
4267,OK,79.500,0.44,15882.400039117783
4268,OK,109.500,0.44,15840.000007301569
4269,OK,106.000,0.44,15814.399986993521
4270,OK,77.900,0.44,15917.999960947782
4271,OK,98.000,0.44,15830.199990887195
4272,OK,98.300,0.44,15858.499973546714
4273,OK,93.500,0.44,15828.300034627318
4274,OK,91.900,0.44,15883.199987001717
4275,OK,103.200,0.44,15874.799981247634
4276,OK,83.000,0.44,15880.900027696043
4277,OK,85.300,0.44,15860.099985729903
4278,OK,113.300,0.44,15832.50000840053
4279,OK,74.100,0.44,15846.199996303767
4280,OK,92.000,0.44,15898.599987849593
4281,OK,73.800,0.44,15881.999977864325
4282,OK,77.900,0.44,15885.200002230704
4283,OK,78.500,0.44,15860.299987252802
4284,OK,75.100,0.44,15885.70000603795
4285,OK,75.000,0.44,15879.200014751405
4286,OK,72.500,0.44,15845.299989450723
4287,OK,92.800,0.44,15901.300008408725
4288,OK,107.200,0.44,15873.300028033555
4289,OK,76.900,0.44,15828.600036911666
4290,OK,124.700,0.44,15837.499988265336
4291,OK,119.900,0.44,15822.799992747605
4292,OK,104.800,0.44,15888.90003040433
4293,OK,152.100,0.44,15799.79999223724
4294,OK,212.100,0.44,15621.399972587824
4295,OK,79.200,0.44,15841.800021007657
4296,OK,70.400,0.44,15833.69995933026
4297,OK,61.100,0.44,15986.100013833493
4298,OK,67.800,0.44,15914.599993266165
4299,OK,58.700,0.44,15874.200034886599
4300,OK,74.200,0.44,15830.699994694442
4301,OK,115.800,0.44,15742.400020826608
4302,OK,87.000,0.44,15935.699979308993
4303,OK,91.100,0.44,15858.599974308163
4304,OK,83.000,0.44,15844.499983359128
4305,OK,79.000,0.44,15933.600021526217
4306,OK,65.700,0.44,15876.99999799952
4307,OK,129.800,0.44,15708.500053733587
4308,OK,75.000,0.44,15839.399944525212
4309,OK,66.500,0.44,15980.300027877092
4310,OK,54.600,0.44,15884.899999946356
4311,OK,57.700,0.44,15967.599989380687
4312,OK,56.800,0.44,15882.399980910122
4313,OK,101.500,0.44,15880.700026173145
4314,OK,62.700,0.44,16146.000009030104
4315,OK,58.600,0.44,15612.200018949807
4316,OK,54.400,0.44,15940.800018142909
4317,OK,65.200,0.44,15909.800014924258
4318,OK,66.800,0.44,15928.300039377064
4319,OK,58.700,0.44,15845.499990973622
4320,OK,88.000,0.44,15908.500005025417
4321,OK,60.700,0.44,15907.400054857135
4322,OK,59.300,0.44,15878.30000789836
4323,OK,57.800,0.44,16130.900010466576
4324,OK,94.800,0.44,15717.300004325807
4325,OK,125.900,0.44,16168.600006494671
4326,OK,111.500,0.44,15533.900004811585
4327,OK,119.000,0.44,15825.300011783838
4328,OK,149.200,0.44,15606.100030709058
4329,OK,79.500,0.44,15810.0999542512
4330,OK,74.900,0.44,15955.50001366064
4331,OK,49.900,0.44,15820.999979041517
4332,OK,57.000,0.44,16028.099984396249
4333,OK,84.000,0.44,16172.799980267882
4334,OK,99.600,0.44,15602.80000558123
4335,OK,104.800,0.44,15723.399992566556
4336,OK,130.200,0.44,15981.799981091172
4337,OK,135.700,0.44,15775.599982589483
4338,OK,124.700,0.44,15682.000026572496
4339,OK,165.300,0.44,15645.59998223558
4340,OK,48.800,0.44,15943.49998049438
4341,OK,92.900,0.44,15849.000017624348
4342,OK,53.200,0.44,15979.20001950115
4343,OK,67.400,0.44,15827.79997261241
4344,OK,52.400,0.44,15921.999991405755
4345,OK,78.200,0.44,15914.699994027615
4346,OK,55.400,0.44,15952.49999081716
4347,OK,60.300,0.44,15827.699971850961
4348,OK,55.100,0.44,15945.999999530613
4349,OK,65.000,0.44,15887.499961536378
4350,OK,59.600,0.44,15872.300020419061
4351,OK,52.600,0.44,15929.700050037354
4352,OK,49.000,0.44,15970.699954777956
4353,OK,60.000,0.44,15902.300016023219
4354,OK,64.300,0.44,15890.499984379858
4355,OK,131.600,0.44,15738.899994175881
4356,OK,68.700,0.44,15980.999974999577
4357,OK,76.200,0.44,15874.099975917488
4358,OK,69.200,0.44,15974.49998371303
4359,OK,77.200,0.44,15753.89999197796
4360,OK,89.500,0.44,15954.500006046146
4361,OK,60.100,0.44,15908.800007309765
4362,OK,64.200,0.44,15871.799958404154
4363,OK,55.600,0.44,15885.300002992153
4364,OK,71.500,0.44,15934.999973978847
4365,OK,68.600,0.44,15867.699985392392
4366,OK,63.200,0.44,15900.60000307858
4367,OK,64.500,0.44,15901.000006124377
4368,OK,65.600,0.44,15911.00002406165
4369,OK,64.000,0.44,15865.00002304092
4370,OK,67.000,0.44,15840.100008063018
4371,OK,44.000,0.44,15964.699967298657
4372,OK,48.500,0.44,15915.900003165007
4373,OK,45.700,0.44,15945.599996484816
4374,OK,65.100,0.44,15891.899995040148
4375,OK,62.000,0.44,15915.600000880659
4376,OK,51.500,0.44,15964.699967298657
4377,OK,56.300,0.44,15900.099999271333
4378,OK,49.800,0.44,15882.69998319447
4379,OK,46.400,0.44,15978.99995977059
4380,OK,56.500,0.44,15860.199986491352
4381,OK,61.000,0.44,15972.100023645908
4382,OK,64.900,0.44,15809.700009413064
4383,OK,68.200,0.44,15884.699998423457
4384,OK,80.900,0.44,15903.899969998747
4385,OK,66.200,0.44,15852.299984544516
4386,OK,59.200,0.44,15935.899980831891
4387,OK,102.300,0.44,15947.000007145107
4388,OK,66.100,0.44,15864.400018472224
4389,OK,71.700,0.44,15892.399998847395
4390,OK,57.100,0.44,15906.59999055788
4391,OK,59.100,0.44,15931.500005535781
4392,OK,65.300,0.44,15893.500007223338
4393,OK,68.500,0.44,15843.499975744635
4394,OK,67.600,0.44,15914.399991743267
4395,OK,64.000,0.44,15901.600010693073
4396,OK,55.400,0.44,15980.500029399991
4397,OK,82.500,0.44,15830.099990125746
4398,OK,67.500,0.44,15893.10000417754
4399,OK,72.800,0.44,15852.599986828864
4400,OK,59.000,0.44,15912.300033960491
4401,OK,66.400,0.44,15795.40001694113
4402,OK,63.700,0.44,15879.100013989955
4403,OK,87.500,0.44,15932.300011627376
4404,OK,88.600,0.44,15801.40000442043
4405,OK,47.800,0.44,15908.800007309765
4406,OK,69.600,0.44,15951.199980918318
4407,OK,61.300,0.44,15907.799999695271
4408,OK,63.600,0.44,15876.399993430823
4409,OK,49.300,0.44,15931.199945043772
4410,OK,52.700,0.44,15825.599955860525
4411,OK,58.900,0.44,15958.29997677356
4412,OK,64.700,0.44,15892.299998085946
4413,OK,83.500,0.44,15912.800037767738
4414,OK,72.300,0.44,15839.80000577867
4415,OK,70.600,0.44,15901.099948678166
4416,OK,66.200,0.44,15875.999990385026
4417,OK,55.100,0.44,15950.599976349622
4418,OK,62.100,0.44,15860.799991060048
4419,OK,62.400,0.44,15977.70000807941
4420,OK,73.500,0.44,15839.400002732873
4421,OK,58.900,0.44,15889.199974481016
4422,OK,62.100,0.44,15901.200007647276
4423,OK,73.000,0.44,15906.299988273531
4424,OK,54.700,0.44,15868.499991483986
4425,OK,57.600,0.44,15990.99999293685
4426,OK,57.700,0.44,15869.39999833703
4427,OK,67.100,0.44,15881.000028457493
4428,OK,55.000,0.44,15947.000007145107
4429,OK,81.400,0.44,15894.900017883629
4430,OK,56.300,0.44,15887.800022028387
4431,OK,56.000,0.44,15908.600005786866
4432,OK,43.200,0.44,15945.09999267757
4433,OK,50.000,0.44,15954.900009091944
4434,OK,183.300,0.44,15646.300045773387
4435,OK,73.800,0.44,15926.600026432425
4436,OK,70.900,0.44,15936.699986923486
4437,OK,95.500,0.44,15879.300015512854
4438,OK,90.100,0.44,15818.000014405698
4439,OK,156.900,0.44,15808.70000179857
4440,OK,67.300,0.44,15900.400001555681
4441,OK,77.900,0.44,15859.499981161207
4442,OK,70.300,0.44,15879.200014751405
4443,OK,57.100,0.44,15905.400039628148
4444,OK,69.800,0.44,16160.099999979138
4445,OK,59.500,0.44,15583.900036290288
4446,OK,63.000,0.44,15892.399998847395
4447,OK,58.800,0.44,15931.60000629723
4448,OK,51.700,0.44,15947.500010952353
4449,OK,54.200,0.44,15850.100026000291
4450,OK,63.400,0.44,15934.399969410151
4451,OK,52.100,0.44,15948.400017805398
4452,OK,86.200,0.44,15731.099992990494
4453,OK,52.100,0.44,16027.600038796663
4454,OK,68.400,0.44,15891.69999351725
4455,OK,69.600,0.44,15933.19996027276
4456,OK,57.800,0.44,15797.600033693016
4457,OK,62.200,0.44,15986.200014594942
4458,OK,45.800,0.44,15922.099992167205
4459,OK,43.200,0.44,15922.199992928654
4460,OK,49.100,0.44,15847.800008486956
4461,OK,56.300,0.44,15926.000021863729
4462,OK,49.600,0.44,15975.99999513477
4463,OK,59.600,0.44,15923.400002066046
4464,OK,53.200,0.44,15913.499984890223
4465,OK,51.500,0.44,15942.500031087548
4466,OK,61.600,0.44,15881.099971011281
4467,OK,43.100,0.44,15946.700004860759
4468,OK,142.300,0.44,15799.69999147579
4469,OK,110.600,0.44,15775.399981066585
4470,OK,58.200,0.44,15964.799968060106
4471,OK,54.200,0.44,15905.00003658235
4472,OK,52.200,0.44,15909.200010355562
4473,OK,62.000,0.44,15888.300025835633
4474,OK,52.300,0.44,15925.600018817931
4475,OK,51.000,0.44,15886.800014413893
4476,OK,89.900,0.44,15905.600041151047
4477,OK,61.800,0.44,15889.199974481016
4478,OK,55.600,0.44,15918.900026008487
4479,OK,53.400,0.44,15902.400016784668
4480,OK,40.900,0.44,15891.7999942787
4481,OK,62.700,0.44,15970.400010701269
4482,OK,66.500,0.44,15976.499998942018
4483,OK,127.300,0.44,15684.29998587817
4484,OK,65.700,0.44,15939.700009766966
4485,OK,62.000,0.44,15892.099996563047
4486,OK,65.300,0.44,15869.900002144277
4487,OK,64.600,0.44,15888.199966866523
4488,OK,70.200,0.44,15880.199964158237
4489,OK,71.800,0.44,15845.79999325797
4490,OK,82.100,0.44,15866.599977016449
4491,OK,96.300,0.44,15891.399991232902
4492,OK,95.800,0.44,15839.500003494322
4493,OK,70.200,0.44,15911.499969661236
4494,OK,69.000,0.44,15859.600040130317
4495,OK,86.000,0.44,15845.899994019419
4496,OK,92.900,0.44,15868.2000474073
4497,OK,103.500,0.44,15850.30002752319
4498,OK,101.500,0.44,15919.600031338632
4499,OK,71.500,0.44,15885.000000707805
4500,OK,96.000,0.44,15873.500029556453
4501,OK,120.400,0.44,15660.100034438074
4502,OK,140.200,0.44,15781.599970068783
4503,OK,120.800,0.44,15849.200019147247
4504,OK,76.200,0.44,15841.40001796186
4505,OK,94.900,0.44,15889.999980572611
4506,OK,67.900,0.44,15848.70001534
4507,OK,90.900,0.44,15855.600009672344
4508,OK,76.900,0.44,15915.199997834861
4509,OK,117.200,0.44,15815.899998415262
4510,OK,110.000,0.44,15843.599976506084
4511,OK,108.500,0.44,15791.999991051853
4512,OK,112.200,0.44,15823.900001123548
4513,OK,120.800,0.44,15814.399986993521
4514,OK,91.700,0.44,15838.29999435693
4515,OK,90.400,0.44,15848.500013817102
4516,OK,62.900,0.44,15930.29999639839
4517,OK,83.300,0.44,15883.399988524616
4518,OK,95.700,0.44,15906.49998979643
4519,OK,124.400,0.44,15778.89994950965
4520,OK,142.700,0.44,15723.499993328005
4521,OK,79.200,0.44,15867.99998767674
4522,OK,62.000,0.44,15925.399959087372
4523,OK,46.100,0.44,15869.700000621378
4524,OK,54.400,0.44,15950.399974826723
4525,OK,69.600,0.44,15901.400009170175
4526,OK,59.900,0.44,15933.10001771897
4527,OK,48.000,0.44,15931.200003251433
4528,OK,46.600,0.44,15952.200046740472
4529,OK,51.000,0.44,15905.400039628148
4530,OK,169.500,0.44,15755.900007206947
4531,OK,65.500,0.44,15955.700015183538
4532,OK,72.800,0.44,15885.8000067994
4533,OK,84.600,0.44,15878.30000789836
4534,OK,86.100,0.44,15869.900002144277
4535,OK,76.200,0.44,15819.299966096878
4536,OK,83.800,0.44,15868.399990722537
4537,OK,87.200,0.44,15843.199973460287
4538,OK,98.900,0.44,15866.39997549355
4539,OK,143.800,0.44,15784.399991389364
4540,OK,62.300,0.44,15906.100044958293
4541,OK,66.600,0.44,15837.699989788234
4542,OK,59.300,0.44,15921.699989121407
4543,OK,56.700,0.44,15973.100031260401
4544,OK,64.800,0.44,15800.599998328835
4545,OK,50.500,0.44,16081.39998279512
4546,OK,97.700,0.44,15652.700036298484
4547,OK,52.000,0.44,16207.30001013726
4548,OK,54.600,0.44,15660.500037483871
4549,OK,71.000,0.44,16061.600006651133
4550,OK,100.700,0.44,15732.900006696582
4551,OK,74.500,0.44,15724.700002465397
4552,OK,95.400,0.44,15846.500056795776
4553,OK,100.700,0.44,15866.099973209202
4554,OK,57.000,0.44,16398.20000855252
4555,OK,51.500,0.44,15441.19999743998
4556,OK,72.800,0.44,15836.399979889393
4557,OK,59.800,0.44,16037.499997764826
4558,OK,59.400,0.44,16111.600038129836
4559,OK,70.300,0.44,15811.099961865693
4560,OK,76.800,0.44,15980.70003092289
4561,OK,85.100,0.44,15615.599986631423
4562,OK,116.600,0.44,16199.200006667525
4563,OK,122.800,0.44,15810.10001245886
4564,OK,161.100,0.44,15409.899991936982
4565,OK,128.500,0.44,15784.399991389364
4566,OK,101.100,0.44,15783.799986820668
4567,OK,82.100,0.44,16037.399997003376
4568,OK,177.100,0.44,15500.799985602498
4569,OK,67.400,0.44,15829.099982511252
4570,OK,54.100,0.44,15958.700038027018
4571,OK,57.300,0.44,15923.700004350394
4572,OK,61.800,0.44,15885.200002230704
4573,OK,55.200,0.44,15932.300011627376
4574,OK,54.900,0.44,15852.799988351762
4575,OK,77.700,0.44,15878.30000789836
4576,OK,84.700,0.44,15886.200009845197
4577,OK,54.800,0.44,15948.900021612644
4578,OK,73.700,0.44,15918.50002296269
4579,OK,64.700,0.44,15908.900008071214
4580,OK,67.000,0.44,15884.799999184906
4581,OK,64.900,0.44,15890.20004030317
4582,OK,57.300,0.44,15895.700023975223
4583,OK,54.100,0.44,15953.199996147305
4584,OK,76.900,0.44,15856.599959079176
4585,OK,45.200,0.44,15868.400048930198
4586,OK,43.300,0.44,15967.09998557344
4587,OK,45.200,0.44,15969.300002325326
4588,OK,69.600,0.44,15893.899952061474
4589,OK,66.000,0.44,15838.599996641278
4590,OK,68.500,0.44,15971.80002136156
4591,OK,67.300,0.44,15809.200005605817
4592,OK,62.900,0.44,15988.900035154074
4593,OK,64.200,0.44,15881.19997177273
4594,OK,64.200,0.44,15910.299960523844
4595,OK,59.800,0.44,15892.899944446981
4596,OK,62.900,0.44,15914.699994027615
4597,OK,57.200,0.44,15884.799999184906
4598,OK,60.200,0.44,15926.600026432425
4599,OK,57.300,0.44,15915.29999859631
4600,OK,48.700,0.44,15899.19999241829
4601,OK,53.500,0.44,15827.900031581521
4602,OK,43.900,0.44,16017.900023143739
4603,OK,103.500,0.44,15768.59998749569
4604,OK,75.600,0.44,15906.299988273531
4605,OK,118.500,0.44,15785.299998242408
4606,OK,70.300,0.44,15933.500020764768
4607,OK,68.400,0.44,15897.199977189302
4608,OK,52.500,0.44,15825.300011783838
4609,OK,54.700,0.44,15789.40002946183
4610,OK,62.200,0.44,15882.399980910122
4611,OK,58.800,0.44,15939.699951559305
4612,OK,54.700,0.44,15860.60004774481
4613,OK,68.800,0.44,15900.200000032783
4614,OK,63.900,0.44,15873.100026510656
4615,OK,74.400,0.44,15949.000022374094
4616,OK,70.200,0.44,15826.50002092123
4617,OK,91.600,0.44,15922.299993690103
4618,OK,75.700,0.44,15905.799984466285
4619,OK,86.700,0.44,15861.699997913092
4620,OK,64.500,0.44,15911.399968899786
4621,OK,65.600,0.44,15887.40001898259
4622,OK,62.500,0.44,15904.900035820901
4623,OK,62.200,0.44,15913.300041574985
4624,OK,65.700,0.44,15872.200019657612
4625,OK,73.100,0.44,15851.200034376234
4626,OK,53.200,0.44,15901.300008408725
4627,OK,64.500,0.44,15949.199965689331
4628,OK,65.200,0.44,15873.200027272105
4629,OK,63.100,0.44,15945.599996484816
4630,OK,79.100,0.44,15891.999995801598
4631,OK,81.400,0.44,15889.499976765364
4632,OK,66.100,0.44,15883.899992331862
4633,OK,66.100,0.44,15852.399985305965
4634,OK,91.300,0.44,15864.700020756572
4635,OK,66.900,0.44,15920.300036668777
4636,OK,66.200,0.44,15887.699963059276
4637,OK,61.400,0.44,15907.699998933822
4638,OK,78.500,0.44,15890.29998285696
4639,OK,71.900,0.44,15811.8000254035
4640,OK,50.700,0.44,15961.19999885559
4641,OK,117.500,0.44,15794.800012372434
4642,OK,76.000,0.44,15874.599979724735
4643,OK,98.500,0.44,15827.399969566613
4644,OK,54.100,0.44,15963.300014846027
4645,OK,60.600,0.44,15926.400024909526
4646,OK,90.500,0.44,15817.400009837002
4647,OK,76.400,0.44,15881.29997253418
4648,OK,73.300,0.44,15848.099952563643
4649,OK,74.700,0.44,16005.79998921603
4650,OK,63.300,0.44,15899.699996225536
4651,OK,64.000,0.44,15816.600003745407
4652,OK,66.300,0.44,15937.099989969283
4653,OK,103.900,0.44,15804.800030309707
4654,OK,75.600,0.44,15906.299988273531
4655,OK,62.600,0.44,15921.39998683706
4656,OK,57.600,0.44,15884.699998423457
4657,OK,58.400,0.44,15967.699990142137
4658,OK,73.500,0.44,15845.199988689274
4659,OK,79.100,0.44,15828.200033865869
4660,OK,53.400,0.44,15926.599968224764
4661,OK,55.800,0.44,15943.400037940592
4662,OK,59.900,0.44,15934.70002990216
4663,OK,54.400,0.44,15924.700011964887
4664,OK,60.100,0.44,15901.099948678166
4665,OK,65.000,0.44,15840.500011108816
4666,OK,55.300,0.44,15970.700012985617
4667,OK,52.500,0.44,15910.500020254403
4668,OK,179.200,0.44,15700.399992056191
4669,OK,64.300,0.44,15913.099981844425
4670,OK,92.400,0.44,15890.599985141307
4671,OK,61.100,0.44,15895.300020929426
4672,OK,56.900,0.44,15894.70001636073
4673,OK,48.200,0.44,15870.400005951524
4674,OK,50.100,0.44,15933.899965602905
4675,OK,65.200,0.44,15880.599967204034
4676,OK,64.500,0.44,15955.100010614842
4677,OK,55.500,0.44,15907.399996649474
4678,OK,52.900,0.44,15932.100010104477
4679,OK,89.100,0.44,15904.89997761324
4680,OK,60.300,0.44,15872.899966780096
4681,OK,58.300,0.44,15913.099981844425
4682,OK,56.900,0.44,15791.00004164502
4683,OK,73.800,0.44,16005.499986931682
4684,OK,57.000,0.44,15894.300013314933
4685,OK,53.600,0.44,15887.40001898259
4686,OK,45.800,0.44,15955.40001289919
4687,OK,54.600,0.44,15880.000020843
4688,OK,50.800,0.44,15941.700024995953
4689,OK,49.300,0.44,15922.299993690103
4690,OK,73.300,0.44,15806.199982762337
4691,OK,64.200,0.44,16038.800007663667
4692,OK,78.800,0.44,15870.90000975877
4693,OK,72.300,0.44,15851.899981498718
4694,OK,89.500,0.44,15867.89998691529
4695,OK,77.700,0.44,15916.200005449355
4696,OK,70.400,0.44,15829.599986318499
4697,OK,64.000,0.44,15970.600012224168
4698,OK,81.500,0.44,15862.200001720339
4699,OK,111.100,0.44,15833.600016776472
4700,OK,73.600,0.44,15890.499984379858
4701,OK,63.000,0.44,15808.099997229874
4702,OK,67.700,0.44,15898.100042250007
4703,OK,85.200,0.44,15854.400000534952
4704,OK,68.700,0.44,15891.7999942787
4705,OK,73.800,0.44,15829.200041480362
4706,OK,63.200,0.44,15939.699951559305
4707,OK,66.500,0.44,15883.799991570413
4708,OK,57.200,0.44,15842.499968130141
4709,OK,175.100,0.44,15744.99998241663
4710,OK,60.200,0.44,15882.399980910122
4711,OK,44.600,0.44,15935.799980070442
4712,OK,48.600,0.44,15916.200005449355
4713,OK,48.600,0.44,15878.40000865981
4714,OK,51.100,0.44,15983.999997843057
4715,OK,69.200,0.44,15932.899957988411
4716,OK,130.100,0.44,15776.699990965426
4717,OK,62.500,0.44,15814.099984709173
4718,OK,90.200,0.44,15985.899954102933
4719,OK,63.200,0.44,15896.899974904954
4720,OK,77.600,0.44,15908.600005786866
4721,OK,75.200,0.44,15822.899993509054
4722,OK,75.600,0.44,15860.59998953715
4723,OK,93.800,0.44,15854.500001296401
4724,OK,89.700,0.44,15855.000005103648
4725,OK,73.900,0.44,15891.499991994351
4726,OK,75.500,0.44,15886.400011368096
4727,OK,117.900,0.44,15824.500005692244
4728,OK,114.900,0.44,15823.800000362098
4729,OK,95.400,0.44,15853.800054173917
4730,OK,97.000,0.44,15835.100028198212
4731,OK,77.200,0.44,15890.000038780272
4732,OK,73.700,0.44,15887.100016698241
4733,OK,96.400,0.44,15824.600006453693
4734,OK,92.200,0.44,15944.199985824525
4735,OK,75.400,0.44,15833.600016776472
4736,OK,100.200,0.44,15846.599999349564
4737,OK,103.500,0.44,15766.999975312501
4738,OK,69.800,0.44,15890.000038780272
4739,OK,74.000,0.44,15912.599978037179
4740,OK,101.200,0.44,15856.000012718141
4741,OK,106.900,0.44,15793.90000551939
4742,OK,109.600,0.44,15835.40003048256
4743,OK,120.100,0.44,15831.800003070384
4744,OK,104.800,0.44,15856.999962124974
4745,OK,97.400,0.44,15817.200008314103
4746,OK,70.300,0.44,15885.300002992153
4747,OK,69.900,0.44,15890.599985141307
4748,OK,93.000,0.44,15906.899992842227
4749,OK,96.500,0.44,15836.800041142851
4750,OK,71.000,0.44,15886.400011368096
4751,OK,75.800,0.44,15916.300006210804
4752,OK,110.200,0.44,15896.09996881336
4753,OK,141.900,0.44,15661.199984606355
4754,OK,118.000,0.44,15854.899946134537
4755,OK,130.600,0.44,15619.400015566498
4756,OK,107.500,0.44,15802.300011273474
4757,OK,53.700,0.44,15936.999989207834
4758,OK,80.400,0.44,15899.799996986985
4759,OK,41.200,0.44,15953.90000147745
4760,OK,60.100,0.44,15882.79998395592
4761,OK,53.300,0.44,15910.200017970055
4762,OK,45.300,0.44,16001.699957996607
4763,OK,56.400,0.44,15911.199967376888
4764,OK,50.800,0.44,15966.899984050542
4765,OK,192.900,0.44,15636.300027836114
4766,OK,59.900,0.44,15938.600001391023
4767,OK,56.500,0.44,15852.199983783066
4768,OK,54.100,0.44,15933.20001848042
4769,OK,89.700,0.44,15920.399979222566
4770,OK,60.800,0.44,15842.69996965304
4771,OK,67.500,0.44,15885.100001469254
4772,OK,60.700,0.44,15917.699958663434
4773,OK,66.100,0.44,15863.200009334832
4774,OK,93.100,0.44,15873.700031079352
4775,OK,64.100,0.44,15861.199994105846
4776,OK,71.500,0.44,15952.200046740472
4777,OK,55.700,0.44,15916.89995257184
4778,OK,62.300,0.44,15922.999999020249
4779,OK,67.100,0.44,15873.599972110242
4780,OK,64.300,0.44,16054.60001155734
4781,OK,55.400,0.44,15987.299964763224
4782,OK,57.200,0.44,15788.700024131685
4783,OK,64.800,0.44,15777.49999705702
4784,OK,64.700,0.44,16265.199985355139
4785,OK,67.700,0.44,16018.199967220426
4786,OK,81.700,0.44,15464.90000328049
4787,OK,98.100,0.44,15875.40004402399
4788,OK,74.700,0.44,15862.300002481788
4789,OK,93.500,0.44,16189.999994821846
4790,OK,101.700,0.44,15560.199972242117
4791,OK,112.900,0.44,16006.399993784726
4792,OK,149.500,0.44,15830.299991648644
4793,OK,127.500,0.44,16140.799969434738
4794,OK,221.200,0.44,15232.40003734827
4795,OK,139.200,0.44,15593.199990689754
4796,OK,93.100,0.44,15860.4999887757
4797,OK,101.300,0.44,15816.600003745407
4798,OK,50.900,0.44,16031.10000723973
4799,OK,138.400,0.44,15610.10000295937
4800,OK,57.000,0.44,16048.999968916178
4801,OK,108.800,0.44,15685.600053984672
4802,OK,50.200,0.44,15922.299993690103
4803,OK,77.500,0.44,15924.900013487786
4804,OK,60.600,0.44,15794.099948834628
4805,OK,63.200,0.44,15907.799999695271
4806,OK,62.000,0.44,15957.299969159067
4807,OK,57.000,0.44,15928.79998497665
4808,OK,57.100,0.44,15919.89997541532
4809,OK,100.700,0.44,15842.499968130141
4810,OK,66.700,0.44,15923.300001304597
4811,OK,65.600,0.44,15848.400013055652
4812,OK,83.000,0.44,15925.400017295033
4813,OK,61.200,0.44,15818.000014405698
4814,OK,70.800,0.44,15861.499996390194
4815,OK,63.000,0.44,15926.800027955323
4816,OK,56.000,0.44,15945.599996484816
4817,OK,49.900,0.44,15935.499977786094
4818,OK,61.900,0.44,15817.50001059845
4819,OK,63.800,0.44,15955.30001213774
4820,OK,87.300,0.44,15916.300006210804
4821,OK,66.500,0.44,15808.80000256002
4822,OK,67.600,0.44,15939.600009005517
4823,OK,75.500,0.44,15891.999995801598
4824,OK,67.600,0.44,15917.500015348196
4825,OK,67.900,0.44,15873.800031840801
4826,OK,55.800,0.44,15912.899980321527
4827,OK,64.700,0.44,15833.600016776472
4828,OK,50.400,0.44,15915.29999859631
4829,OK,51.800,0.44,15940.100012812763
4830,OK,61.500,0.44,15901.900012977421
4831,OK,54.900,0.44,15972.699970006943
4832,OK,61.000,0.44,15890.000038780272
4833,OK,56.300,0.44,15928.199980407953
4834,OK,59.000,0.44,15911.200025584549
4835,OK,75.600,0.44,15859.30003784597
4836,OK,66.100,0.44,15932.500013150275
4837,OK,70.600,0.44,15902.899962384254
4838,OK,64.500,0.44,15878.599951975048
4839,OK,62.400,0.44,15895.799966529012
4840,OK,64.900,0.44,15826.60002168268
4841,OK,78.000,0.44,15851.799980737269
4842,OK,55.900,0.44,15963.100013323128
4843,OK,58.600,0.44,15857.60002490133
4844,OK,53.900,0.44,15902.999963145703
4845,OK,75.900,0.44,15888.400026597083
4846,OK,49.800,0.44,15902.199957054108
4847,OK,38.500,0.44,15966.899984050542
4848,OK,103.500,0.44,15843.500033952296
4849,OK,48.800,0.44,15966.399980243295
4850,OK,55.300,0.44,15929.599991068244
4851,OK,66.400,0.44,15895.299962721765
4852,OK,54.400,0.44,15830.099990125746
4853,OK,71.900,0.44,15971.599961631
4854,OK,55.500,0.44,15888.70002888143
4855,OK,61.800,0.44,15911.700029391795
4856,OK,61.500,0.44,15918.19996247068
4857,OK,68.100,0.44,15830.699994694442
4858,OK,66.000,0.44,15956.499963067472
4859,OK,66.800,0.44,15911.099966615438
4860,OK,58.000,0.44,15893.400006461889
4861,OK,50.400,0.44,15863.200009334832
4862,OK,49.200,0.44,15986.900019925088
4863,OK,52.000,0.44,15916.300006210804
4864,OK,50.500,0.44,15915.199997834861
4865,OK,71.200,0.44,15789.199969731271
4866,OK,50.400,0.44,15978.100011125207
4867,OK,73.600,0.44,15938.299999106675
4868,OK,61.400,0.44,15930.000052321702
4869,OK,60.100,0.44,15830.600052140653
4870,OK,65.600,0.44,15882.100036833435
4871,OK,93.100,0.44,15943.199978210032
4872,OK,56.100,0.44,15836.299979127944
4873,OK,76.400,0.44,15880.399965681136
4874,OK,64.500,0.44,15928.500040899962
4875,OK,62.900,0.44,15909.50001263991
4876,OK,59.500,0.44,15902.500017546117
4877,OK,58.900,0.44,15864.600019995123
4878,OK,57.000,0.44,15955.100010614842
4879,OK,66.200,0.44,15838.799998164177
4880,OK,86.200,0.44,15960.500051733106
4881,OK,62.100,0.44,15878.40000865981
4882,OK,91.800,0.44,15865.299967117608
4883,OK,89.700,0.44,15835.100028198212
4884,OK,64.000,0.44,15875.899989623576
4885,OK,64.500,0.44,15903.799969237298
4886,OK,76.300,0.44,15872.39996297285
4887,OK,53.900,0.44,15921.50004580617
4888,OK,53.800,0.44,15904.89997761324
4889,OK,52.700,0.44,15918.900026008487
4890,OK,49.700,0.44,15932.200010865927
4891,OK,56.400,0.44,15929.400047753006
4892,OK,56.200,0.44,15968.499996233732
4893,OK,76.700,0.44,15798.19998005405
4894,OK,81.600,0.44,16032.900020945817
4895,OK,85.900,0.44,15818.500018212944
4896,OK,66.300,0.44,15864.900022279471
4897,OK,70.300,0.44,15911.599970422685
4898,OK,79.700,0.44,15839.90000654012
4899,OK,67.000,0.44,15921.999991405755
4900,OK,67.300,0.44,15831.500000786036
4901,OK,120.800,0.44,15733.10000821948
4902,OK,61.700,0.44,15950.79997787252
4903,OK,115.900,0.44,15789.60003098473
4904,OK,51.700,0.44,15852.499986067414
4905,OK,64.600,0.44,15956.90002432093
4906,OK,55.300,0.44,15915.600000880659
4907,OK,62.100,0.44,15914.699994027615
4908,OK,53.400,0.44,15853.100048843771
4909,OK,51.400,0.44,16056.20002374053
4910,OK,67.000,0.44,15878.30000789836
4911,OK,56.000,0.44,15878.19994892925
4912,OK,56.600,0.44,15928.500040899962
4913,OK,52.900,0.44,15920.999983791262
4914,OK,57.300,0.44,15860.000043176115
4915,OK,41.800,0.44,15963.300014846027
4916,OK,45.000,0.44,15916.200005449355
4917,OK,40.700,0.44,15964.000020176172
4918,OK,50.000,0.44,15909.800014924258
4919,OK,52.500,0.44,15936.399984639138
4920,OK,67.900,0.44,15874.699980486184
4921,OK,79.100,0.44,15929.899993352592
4922,OK,59.500,0.44,15932.199952658266
4923,OK,54.900,0.44,15884.19999461621
4924,OK,53.000,0.44,15883.799991570413
4925,OK,45.100,0.44,15980.60003016144
4926,OK,159.700,0.44,15714.00003740564
4927,OK,74.500,0.44,15967.100043781102
4928,OK,73.200,0.44,15870.000002905726
4929,OK,87.100,0.44,15879.8000193201
4930,OK,82.300,0.44,15895.300020929426
4931,OK,71.500,0.44,15904.900035820901
4932,OK,87.900,0.44,15759.400033857673
4933,OK,62.900,0.44,15903.900028206408
4934,OK,66.900,0.44,15913.499984890223
4935,OK,59.100,0.44,15859.699982684106
4936,OK,100.000,0.44,15881.100029218942
4937,OK,65.600,0.44,15868.299989961088
4938,OK,46.900,0.44,15926.599968224764
4939,OK,47.500,0.44,15921.50004580617
4940,OK,49.000,0.44,15919.69997389242
4941,OK,49.100,0.44,15922.999999020249
4942,OK,48.500,0.44,15923.200000543147
4943,OK,167.900,0.44,15758.900030050427
4944,OK,64.300,0.44,15854.60000205785
4945,OK,111.500,0.44,15871.00001052022
4946,OK,105.000,0.44,15870.400005951524
4947,OK,60.100,0.44,15855.100005865097
4948,OK,63.200,0.44,15935.800038278103
4949,OK,57.500,0.44,15802.600013557822
4950,OK,83.000,0.44,15902.20001526177
4951,OK,86.900,0.44,15871.200012043118
4952,OK,98.100,0.44,15869.799943175167
4953,OK,74.300,0.44,15903.5999677144
4954,OK,75.700,0.44,15872.900024987757
4955,OK,77.500,0.44,15859.599981922656
4956,OK,96.200,0.44,15831.400000024587
4957,OK,70.000,0.44,15913.399984128773
4958,OK,95.800,0.44,15838.899998925626
4959,OK,97.100,0.44,15866.799978539348
4960,OK,103.600,0.44,15821.89998589456
4961,OK,78.100,0.44,15811.70002464205
4962,OK,110.200,0.44,15837.299986742437
4963,OK,103.200,0.44,15857.100021094084
4964,OK,120.300,0.44,15816.20000069961
4965,OK,97.900,0.44,15870.399947743863
4966,OK,100.700,0.44,15820.49997523427
4967,OK,97.500,0.44,15850.799973122776
4968,OK,96.300,0.44,15846.499998588115
4969,OK,94.400,0.44,15853.299992159009
4970,OK,111.100,0.44,15825.800015591085
4971,OK,100.100,0.44,15839.600004255772
4972,OK,96.200,0.44,15903.400024399161
4973,OK,96.500,0.44,15889.699978288263
4974,OK,69.600,0.44,15843.599976506084
4975,OK,104.500,0.44,15827.900031581521
4976,OK,85.800,0.44,15836.000035051256
4977,OK,108.600,0.44,15845.499990973622
4978,OK,71.900,0.44,15817.400009837002
4979,OK,91.300,0.44,15857.80002642423
4980,OK,57.700,0.44,15873.600030317903
4981,OK,38.200,0.44,15938.399999868125
4982,OK,41.000,0.44,15989.39998075366
4983,OK,54.900,0.44,15921.099984552711
4984,OK,48.900,0.44,15932.100010104477
4985,OK,56.300,0.44,15908.700006548315
4986,OK,50.000,0.44,15929.899993352592
4987,OK,59.100,0.44,15965.299971867353
4988,OK,168.100,0.44,15680.600015912205
4989,OK,75.000,0.44,15973.999979905784
4990,OK,65.500,0.44,15907.699998933822
4991,OK,77.800,0.44,15890.19998209551
4992,OK,68.800,0.44,15885.200002230704
4993,OK,70.000,0.44,15901.000006124377
4994,OK,72.100,0.44,15820.70003496483
4995,OK,66.800,0.44,15875.499986577779
4996,OK,66.300,0.44,15919.400029815733
4997,OK,91.200,0.44,15882.199979387224
4998,OK,89.900,0.44,15823.5999988392
4999,OK,105.000,0.44,15844.399982597679
5000,OK,61.800,0.44,15914.300049189478
5001,OK,65.000,0.44,15782.799979206175
5002,OK,116.800,0.44,15822.999994270504
5003,OK,99.100,0.44,15873.90003260225
5004,OK,66.300,0.44,15869.199996814132
5005,OK,61.700,0.44,15912.000031676143
5006,OK,81.800,0.44,15858.500031754375
5007,OK,66.300,0.44,15859.800041653216
5008,OK,62.800,0.44,16113.79999667406
5009,OK,111.700,0.44,15624.599996954203
5010,OK,64.900,0.44,16110.79997383058
5011,OK,109.600,0.44,15669.49998959899
5012,OK,109.500,0.44,15736.599976662546
5013,OK,66.200,0.44,16031.00000647828
5014,OK,53.500,0.44,16020.899987779558
5015,OK,69.400,0.44,16028.900048695505
5016,OK,79.800,0.44,15914.999996311963
5017,OK,95.200,0.44,15984.700003173202
5018,OK,101.400,0.44,15580.000006593764
5019,OK,121.800,0.44,15982.20004234463
5020,OK,121.200,0.44,15607.399982400239
5021,OK,140.600,0.44,15665.999962948263
5022,OK,134.100,0.44,15750.400023534894
5023,OK,96.100,0.44,15922.79999749735
5024,OK,152.700,0.44,15662.999998312443
5025,OK,60.400,0.44,15846.700000111014
5026,OK,48.100,0.44,15975.899994373322
5027,OK,60.700,0.44,15961.099998094141
5028,OK,62.700,0.44,15884.19999461621
5029,OK,69.100,0.44,15920.899983029813
5030,OK,53.500,0.44,15830.100048333406
5031,OK,81.000,0.44,15954.500006046146
5032,OK,53.500,0.44,15811.100020073354
5033,OK,72.500,0.44,16003.200027626008
5034,OK,60.800,0.44,15846.00005298853
5035,OK,69.300,0.44,15932.799957226962
5036,OK,68.500,0.44,15820.299973711371
5037,OK,75.400,0.44,15904.799976851791
5038,OK,58.200,0.44,15902.500017546117
5039,OK,50.400,0.44,16025.099961552769
5040,OK,87.100,0.44,15724.600001703948
5041,OK,58.700,0.44,15992.29994462803
5042,OK,155.400,0.44,15747.800003737211
5043,OK,79.000,0.44,15882.399980910122
5044,OK,68.300,0.44,15762.099996209145
5045,OK,99.400,0.44,15934.59997093305
5046,OK,96.400,0.44,15838.699997402728
5047,OK,45.800,0.44,15916.300006210804
5048,OK,38.400,0.44,15951.200039125979
5049,OK,79.500,0.44,15870.89995155111
5050,OK,47.100,0.44,15924.700011964887
5051,OK,40.800,0.44,16040.00001680106
5052,OK,63.500,0.44,15731.199993751943
5053,OK,74.900,0.44,15974.69998523593
5054,OK,78.400,0.44,15848.400013055652
5055,OK,59.200,0.44,15892.099996563047
5056,OK,47.900,0.44,15935.99998159334
5057,OK,55.100,0.44,15911.399968899786
5058,OK,63.200,0.44,15911.699971184134
5059,OK,69.400,0.44,15924.800012726337
5060,OK,59.600,0.44,15929.299988783896
5061,OK,53.600,0.44,15921.899990644306
5062,OK,55.200,0.44,15938.600001391023
5063,OK,55.800,0.44,15882.000036071986
5064,OK,53.000,0.44,15872.699965257198
5065,OK,59.500,0.44,15966.299979481846
5066,OK,59.000,0.44,15894.70001636073
5067,OK,53.300,0.44,15919.300029054284
5068,OK,53.700,0.44,15919.79997465387
5069,OK,68.100,0.44,15864.100016187876
5070,OK,63.000,0.44,15905.499982181937
5071,OK,65.900,0.44,15909.000008832663
5072,OK,60.600,0.44,15918.699966277927
5073,OK,53.400,0.44,15862.999949604273
5074,OK,79.900,0.44,15912.50003548339
5075,OK,55.000,0.44,15917.499957140535
5076,OK,53.600,0.44,15886.700013652444
5077,OK,66.600,0.44,15893.30000570044
5078,OK,62.800,0.44,15933.10001771897
5079,OK,76.200,0.44,15873.200027272105
5080,OK,93.000,0.44,15799.599990714341
5081,OK,54.800,0.44,15913.699986413121
5082,OK,53.900,0.44,15941.700024995953
5083,OK,78.000,0.44,15854.7000028193
5084,OK,52.800,0.44,15875.199984293431
5085,OK,53.600,0.44,15959.299984388053
5086,OK,66.000,0.44,15959.299984388053
5087,OK,50.500,0.44,15836.300037335604
5088,OK,64.700,0.44,15966.300037689507
5089,OK,56.400,0.44,15909.60001340136
5090,OK,56.700,0.44,15913.199982605875
5091,OK,58.400,0.44,15927.900036331266
5092,OK,64.000,0.44,15854.800003580749
5093,OK,64.400,0.44,15918.499964755028
5094,OK,81.400,0.44,15907.700057141483
5095,OK,62.500,0.44,15861.899999435991
5096,OK,58.000,0.44,15984.300000127405
5097,OK,68.500,0.44,15832.40000763908
5098,OK,70.800,0.44,15897.000033874065
5099,OK,59.400,0.44,15943.39997973293
5100,OK,70.600,0.44,15889.199974481016
5101,OK,71.000,0.44,15777.69999857992
5102,OK,64.700,0.44,15872.700023464859
5103,OK,66.800,0.44,15834.600024390966
5104,OK,60.800,0.44,15933.299961034209
5105,OK,61.500,0.44,15920.399979222566
5106,OK,55.800,0.44,15949.50002618134
5107,OK,58.900,0.44,15893.800009507686
5108,OK,65.700,0.44,15957.499970681965
5109,OK,83.400,0.44,15871.600015088916
5110,OK,82.700,0.44,15872.699965257198
5111,OK,68.400,0.44,15891.199989710003
5112,OK,66.300,0.44,15902.300016023219
5113,OK,67.300,0.44,15892.899944446981
5114,OK,59.200,0.44,15902.20001526177
5115,OK,68.400,0.44,15908.200002741069
5116,OK,68.100,0.44,15895.100019406527
5117,OK,62.400,0.44,15886.200009845197
5118,OK,66.200,0.44,15915.50000011921
5119,OK,64.100,0.44,15899.499994702637
5120,OK,70.200,0.44,15883.100044447929
5121,OK,76.700,0.44,15723.999997135252
5122,OK,62.100,0.44,15802.500012796372
5123,OK,84.500,0.44,15933.599963318557
5124,OK,78.300,0.44,15843.099972698838
5125,OK,101.100,0.44,15926.399966701865
5126,OK,65.100,0.44,15857.80002642423
5127,OK,72.300,0.44,15928.099979646504
5128,OK,65.400,0.44,15917.00001154095
5129,OK,67.600,0.44,15871.500014327466
5130,OK,58.800,0.44,15831.400000024587
5131,OK,58.700,0.44,16002.100019250065
5132,OK,76.700,0.44,15841.600019484758
5133,OK,141.900,0.44,15751.599974464625
5134,OK,93.700,0.44,15854.199999012053
5135,OK,65.200,0.44,18043.400021269917
5136,OK,118.300,0.44,13691.40000315383
5137,OK,59.500,0.44,15927.19997279346
5138,OK,85.000,0.44,15864.000015426427
5139,OK,72.800,0.44,15936.599986162037
5140,OK,60.900,0.44,15906.799992080778
5141,OK,65.400,0.44,15890.799986664206
5142,OK,58.800,0.44,15913.600043859333
5143,OK,70.700,0.44,15904.99997837469
5144,OK,61.400,0.44,15867.900045122951
5145,OK,50.200,0.44,15963.500016368926
5146,OK,59.200,0.44,15859.599981922656
5147,OK,64.300,0.44,15926.600026432425
5148,OK,64.200,0.44,15863.200009334832
5149,OK,60.100,0.44,15961.900004185736
5150,OK,64.800,0.44,15951.299981679767
5151,OK,66.600,0.44,15868.299989961088
5152,OK,64.300,0.44,15838.099992834032
5153,OK,66.300,0.44,15944.699989631772
5154,OK,73.000,0.44,15814.69998927787
5155,OK,54.300,0.44,15917.900018393993
5156,OK,49.700,0.44,15936.899988446385
5157,OK,136.700,0.44,15794.800012372434
5158,OK,57.400,0.44,15928.499982692301
5159,OK,68.500,0.44,15889.499976765364
5160,OK,62.100,0.44,15893.700008746237
5161,OK,91.900,0.44,15865.599969401956
5162,OK,79.800,0.44,15864.500019233674
5163,OK,65.600,0.44,15896.600030828267
5164,OK,74.300,0.44,15875.599987339228
5165,OK,61.700,0.44,15893.30000570044
5166,OK,158.000,0.44,15721.700037829578
5167,OK,61.900,0.44,15792.39999409765
5168,OK,73.300,0.44,15868.099988438189
5169,OK,87.900,0.44,15919.200028292835
5170,OK,76.500,0.44,15868.400048930198
5171,OK,88.000,0.44,15885.000000707805
5172,OK,68.200,0.44,15906.800050288439
5173,OK,93.200,0.44,15852.600045036525
5174,OK,69.900,0.44,15861.699997913092
5175,OK,106.500,0.44,15820.800035726279
5176,OK,65.600,0.44,15937.799995299429
5177,OK,51.800,0.44,15876.099991146475
5178,OK,46.800,0.44,15974.999987520278
5179,OK,63.900,0.44,15867.600042838603
5180,OK,77.900,0.44,15912.49997727573
5181,OK,190.200,0.44,15634.600014891475
5182,OK,108.700,0.44,15892.099996563047
5183,OK,137.800,0.44,15801.100002136081
5184,OK,98.200,0.44,15841.100015677512
5185,OK,95.500,0.44,15888.399968389422
5186,OK,76.900,0.44,15845.499990973622
5187,OK,100.000,0.44,15840.899955946952
5188,OK,95.100,0.44,15845.599991735071
5189,OK,95.400,0.44,15900.300000794232
5190,OK,114.300,0.44,15786.40000661835
5191,OK,102.100,0.44,15875.999990385026
5192,OK,115.100,0.44,15807.499992661178
5193,OK,111.800,0.44,15849.799965508282
5194,OK,100.200,0.44,15804.899972863495
5195,OK,107.600,0.44,15839.400002732873
5196,OK,107.000,0.44,15844.599984120578
5197,OK,96.300,0.44,15817.100007552654
5198,OK,98.900,0.44,15886.000008322299
5199,OK,96.700,0.44,15815.799997653812
5200,OK,120.900,0.44,15853.100048843771
5201,OK,118.300,0.44,15666.100021917373
5202,OK,108.900,0.44,15777.49999705702
5203,OK,92.600,0.44,15854.900004342198
5204,OK,88.600,0.44,15887.40001898259
5205,OK,101.000,0.44,15895.100019406527
5206,OK,85.500,0.44,15854.099998250604
5207,OK,92.000,0.44,15884.899999946356
5208,OK,90.800,0.44,15856.600017286837
5209,OK,100.100,0.44,15855.200006626546
5210,OK,82.400,0.44,15831.900003831834
5211,OK,111.900,0.44,15864.600019995123
5212,OK,86.800,0.44,16139.300016220659
5213,OK,104.600,0.44,15520.799963269383
5214,OK,107.800,0.44,15814.69998927787
5215,OK,84.800,0.44,15913.099981844425
5216,OK,59.100,0.44,15872.000018134713
5217,OK,40.100,0.44,15861.899999435991
5218,OK,50.200,0.44,15926.800027955323
5219,OK,58.400,0.44,15927.499975077808
5220,OK,112.400,0.44,15833.600016776472
5221,OK,66.000,0.44,15892.600000370294
5222,OK,80.100,0.44,15894.500014837831
5223,OK,79.500,0.44,15971.70002060011
5224,OK,122.000,0.44,15771.200007293373
5225,OK,104.400,0.44,15858.200029470026
5226,OK,73.200,0.44,15836.599981412292
5227,OK,78.500,0.44,16022.499999962747
5228,OK,74.700,0.44,15744.600037578493
5229,OK,53.900,0.44,15885.400003753603
5230,OK,67.000,0.44,15932.600013911724
5231,OK,58.600,0.44,15955.800015944988
5232,OK,91.900,0.44,15801.800007466227
5233,OK,66.100,0.44,15935.200033709407
5234,OK,84.900,0.44,15848.70001534
5235,OK,72.400,0.44,15923.400002066046
5236,OK,61.400,0.44,15947.400010190904
5237,OK,65.600,0.44,15876.599994953722
5238,OK,62.000,0.44,15909.199952147901
5239,OK,71.600,0.44,15808.70000179857
5240,OK,84.600,0.44,15911.299968138337
5241,OK,95.300,0.44,15879.700018558651
5242,OK,66.800,0.44,15864.400018472224
5243,OK,68.700,0.44,15917.800017632544
5244,OK,66.000,0.44,15793.599945027381
5245,OK,62.700,0.44,16104.099981021136
5246,OK,50.900,0.44,15722.899988759309
5247,OK,30.300,0.44,16252.500005066395
5248,OK,170.200,0.44,15522.59997697547
5249,OK,110.000,0.44,15881.29997253418
5250,OK,72.600,0.44,15904.399973805994
5251,OK,66.400,0.44,15810.20001322031
5252,OK,77.000,0.44,15910.000016447157
5253,OK,112.800,0.44,16034.599975682795
5254,OK,59.900,0.44,16043.599986005574
5255,OK,66.500,0.44,15680.799959227443
5256,OK,50.000,0.44,15758.40002624318
5257,OK,48.700,0.44,15935.899980831891
5258,OK,43.100,0.44,15995.800029486418
5259,OK,52.400,0.44,15888.90003040433
5260,OK,50.800,0.44,16273.399989586323
5261,OK,73.100,0.44,15891.299990471452
5262,OK,70.400,0.44,16022.900003008544
5263,OK,78.400,0.44,15923.800005111843
5264,OK,107.400,0.44,15494.69999736175
5265,OK,135.200,0.44,15689.900028519332
5266,OK,97.700,0.44,15761.100046802312
5267,OK,70.300,0.44,15840.500011108816
5268,OK,68.000,0.44,15889.899979811162
5269,OK,60.400,0.44,15845.79999325797
5270,OK,43.600,0.44,15948.200016282499
5271,OK,49.500,0.44,15932.300011627376
5272,OK,62.300,0.44,15954.400005284697
5273,OK,55.500,0.44,15926.100022625178
5274,OK,76.100,0.44,15858.700033277273
5275,OK,53.600,0.44,15936.900046654046
5276,OK,63.100,0.44,15863.800013903528
5277,OK,66.900,0.44,15971.000015269965
5278,OK,51.500,0.44,15937.49999301508
5279,OK,90.800,0.44,15840.300009585917
5280,OK,52.500,0.44,15896.10002702102
5281,OK,57.200,0.44,16015.200002584606
5282,OK,110.100,0.44,15703.60001642257
5283,OK,52.700,0.44,15955.50001366064
5284,OK,55.000,0.44,15903.000021353364
5285,OK,49.000,0.44,15910.199959762394
5286,OK,38.500,0.44,15863.799955695868
5287,OK,45.800,0.44,15976.399998180568
5288,OK,64.700,0.44,15954.299946315587
5289,OK,66.400,0.44,15901.100006885827
5290,OK,49.800,0.44,15834.00001982227
5291,OK,71.600,0.44,15992.200002074242
5292,OK,44.100,0.44,15917.599957901984
5293,OK,48.900,0.44,15918.700024485588
5294,OK,49.000,0.44,15907.699998933822
5295,OK,52.400,0.44,15899.500052910298
5296,OK,70.400,0.44,15925.70001957938
5297,OK,61.200,0.44,15891.299990471452
5298,OK,55.200,0.44,15881.000028457493
5299,OK,52.600,0.44,15985.100006219
5300,OK,52.800,0.44,15922.90005646646
5301,OK,64.800,0.44,15782.799979206175
5302,OK,108.900,0.44,15800.799999851733
5303,OK,100.000,0.44,15967.899991665035
5304,OK,70.900,0.44,15777.299995534122
5305,OK,81.400,0.44,15927.699976600707
5306,OK,56.100,0.44,15880.899969488382
5307,OK,66.500,0.44,15919.200028292835
5308,OK,66.900,0.44,15874.099975917488
5309,OK,56.500,0.44,15911.699971184134
5310,OK,65.500,0.44,15942.500031087548
5311,OK,69.100,0.44,15843.999979551882
5312,OK,54.400,0.44,15929.000044707209
5313,OK,54.800,0.44,15917.199954856187
5314,OK,68.500,0.44,15917.300013825297
5315,OK,66.000,0.44,15872.000018134713
5316,OK,66.600,0.44,15846.099995542318
5317,OK,56.200,0.44,15927.699976600707
5318,OK,64.700,0.44,15904.599975328892
5319,OK,60.600,0.44,15872.900024987757
5320,OK,66.300,0.44,15836.100035812706
5321,OK,55.200,0.44,15888.299967627972
5322,OK,55.500,0.44,15973.19997381419
5323,OK,64.500,0.44,15824.700007215142
5324,OK,67.400,0.44,15903.60002592206
5325,OK,68.500,0.44,15865.10002380237
5326,OK,103.600,0.44,15974.999987520278
5327,OK,64.200,0.44,15864.800021518022
5328,OK,100.400,0.44,15843.299974221736
5329,OK,64.700,0.44,15885.200002230704
5330,OK,52.300,0.44,15974.199981428683
5331,OK,60.700,0.44,15903.199964668602
5332,OK,57.400,0.44,15905.00003658235
5333,OK,68.200,0.44,15895.500022452325
5334,OK,65.500,0.44,15856.600017286837
5335,OK,66.300,0.44,15917.900018393993
5336,OK,81.300,0.44,15897.999983280897
5337,OK,67.100,0.44,15820.199972949922
5338,OK,90.100,0.44,15830.900054425001
5339,OK,57.400,0.44,15963.300014846027
5340,OK,100.800,0.44,15841.30001720041
5341,OK,59.900,0.44,15875.700046308339
5342,OK,80.800,0.44,15976.09999589622
5343,OK,60.500,0.44,15829.29998403415
5344,OK,83.500,0.44,15946.900006383657
5345,OK,60.900,0.44,15811.300021596253
5346,OK,66.500,0.44,15968.69999775663
5347,OK,59.600,0.44,15818.700019735843
5348,OK,110.600,0.44,15915.29999859631
5349,OK,66.600,0.44,15938.600001391023
5350,OK,61.500,0.44,15854.400000534952
5351,OK,71.700,0.44,15878.100006375462
5352,OK,66.200,0.44,15894.80001712218
5353,OK,80.500,0.44,15950.299974065274
5354,OK,79.200,0.44,15853.799995966256
5355,OK,83.800,0.44,15863.70001314208
5356,OK,80.000,0.44,15918.699966277927
5357,OK,92.700,0.44,15807.699994184077
5358,OK,68.200,0.44,15905.299980659038
5359,OK,71.400,0.44,15881.499974057078
5360,OK,65.400,0.44,15906.000044196844
5361,OK,69.700,0.44,15883.599990047514
5362,OK,68.400,0.44,15886.600012890995
5363,OK,73.800,0.44,15890.19998209551
5364,OK,68.100,0.44,15888.799971435219
5365,OK,65.000,0.44,15916.300006210804
5366,OK,84.700,0.44,15861.699997913092
5367,OK,99.600,0.44,15874.299977440387
5368,OK,76.900,0.44,15854.299999773502
5369,OK,112.500,0.44,15795.700019225478
5370,OK,54.400,0.44,15919.499972369522
5371,OK,72.000,0.44,15885.69994783029
5372,OK,56.900,0.44,15938.099997583777
5373,OK,141.100,0.44,15688.300016336143
5374,OK,77.100,0.44,15940.50001585856
5375,OK,59.100,0.44,15887.899964582175
5376,OK,61.500,0.44,15824.000001884997
5377,OK,76.300,0.44,15976.900001987815
5378,OK,59.700,0.44,15853.599994443357
5379,OK,99.900,0.44,15878.899954259396
5380,OK,64.800,0.44,15855.400008149445
5381,OK,93.900,0.44,15863.50001161918
5382,OK,61.700,0.44,15883.999993093312
5383,OK,70.900,0.44,15862.900007050484
5384,OK,57.200,0.44,15897.199977189302
5385,OK,70.200,0.44,16028.299985919148
5386,OK,66.900,0.44,15882.80004216358
5387,OK,71.200,0.44,15892.299998085946
5388,OK,57.600,0.44,15897.500037681311
5389,OK,61.300,0.44,15887.20001745969
5390,OK,73.300,0.44,15898.799989372492
5391,OK,54.100,0.44,15935.799980070442
5392,OK,75.600,0.44,15892.299998085946
5393,OK,62.700,0.44,15911.999973468482
5394,OK,64.100,0.44,15909.60001340136
5395,OK,69.200,0.44,15873.90003260225
5396,OK,60.000,0.44,15835.599973797798
5397,OK,69.800,0.44,15962.80001103878
5398,OK,83.800,0.44,15888.299967627972
5399,OK,72.700,0.44,15864.000015426427
5400,OK,53.500,0.44,15867.499983869493
5401,OK,68.400,0.44,15880.800026934594
5402,OK,125.400,0.44,15691.59998325631
5403,OK,81.600,0.44,15896.500030066818
5404,OK,60.100,0.44,15897.099976427853
5405,OK,62.700,0.44,15960.599994286895
5406,OK,72.200,0.44,15841.100015677512
5407,OK,81.200,0.44,15893.20000493899
5408,OK,80.700,0.44,15855.400008149445
5409,OK,58.400,0.44,15955.900016706437
5410,OK,71.600,0.44,15782.999980729073
5411,OK,165.200,0.44,15735.100023448467
5412,OK,95.700,0.44,15862.10000095889
5413,OK,60.200,0.44,15915.39999935776
5414,OK,63.400,0.44,15910.89996509254
5415,OK,52.500,0.44,15876.499994192272
5416,OK,53.600,0.44,15949.999971780926
5417,OK,61.700,0.44,15932.299953419715
5418,OK,192.200,0.44,15700.999996624887
5419,OK,63.500,0.44,15883.699990808964
5420,OK,67.500,0.44,15927.09997203201
5421,OK,72.100,0.44,15901.000006124377
5422,OK,69.000,0.44,15887.100016698241
5423,OK,102.700,0.44,15784.499992150813
5424,OK,76.800,0.44,15920.500038191676
5425,OK,98.100,0.44,15781.500027514994
5426,OK,115.400,0.44,15839.400002732873
5427,OK,117.900,0.44,15816.20000069961
5428,OK,119.300,0.44,15849.800023715943
5429,OK,108.200,0.44,15857.500024139881
5430,OK,103.200,0.44,15881.999977864325
5431,OK,100.000,0.44,15794.300008565187
5432,OK,101.000,0.44,15840.899955946952
5433,OK,98.100,0.44,15867.099980823696
5434,OK,78.900,0.44,15872.499963734299
5435,OK,92.900,0.44,15842.999971937388
5436,OK,112.400,0.44,15819.000022020191
5437,OK,88.100,0.44,15877.700003329664
5438,OK,89.900,0.44,15849.100018385798
5439,OK,91.500,0.44,15876.299992669374
5440,OK,96.100,0.44,15890.700044110417
5441,OK,109.800,0.44,15845.499990973622
5442,OK,76.500,0.44,15879.499958828092
5443,OK,97.600,0.44,15832.699951715767
5444,OK,102.800,0.44,15855.200006626546
5445,OK,107.500,0.44,15837.199985980988
5446,OK,109.100,0.44,15832.50000840053
5447,OK,107.600,0.44,15832.800010684878
5448,OK,121.000,0.44,15790.299978107214
5449,OK,98.200,0.44,15842.100023292005
5450,OK,119.500,0.44,15810.000011697412
5451,OK,95.800,0.44,15904.900035820901
5452,OK,66.900,0.44,15896.900033112615
5453,OK,109.700,0.44,15829.899988602847
5454,OK,117.400,0.44,15815.099992323667
5455,OK,157.100,0.44,15762.399998493493
5456,OK,106.100,0.44,15861.499996390194
5457,OK,93.600,0.44,15814.59998851642
5458,OK,67.700,0.44,15845.79999325797
5459,OK,62.400,0.44,15957.600029651076
5460,OK,61.200,0.44,15988.099970854819
5461,OK,70.100,0.44,15868.799993768334
5462,OK,64.900,0.44,15780.899964738637
5463,OK,89.600,0.44,15974.299982190132
5464,OK,95.400,0.44,15851.899981498718
5465,OK,71.300,0.44,15871.00001052022
5466,OK,89.200,0.44,15869.900002144277
5467,OK,61.700,0.44,15925.90002110228
5468,OK,67.300,0.44,15876.399993430823
5469,OK,163.400,0.44,15726.500016171485
5470,OK,84.300,0.44,15809.400007128716
5471,OK,83.800,0.44,15894.699958153069
5472,OK,93.600,0.44,15868.099988438189
5473,OK,79.300,0.44,15845.69999249652
5474,OK,50.100,0.44,15918.000019155443
5475,OK,46.400,0.44,16010.500025004148
5476,OK,138.400,0.44,15754.399995785207
5477,OK,61.000,0.44,15896.900033112615
5478,OK,65.300,0.44,15895.899967290461
5479,OK,91.100,0.44,15844.09998031333
5480,OK,63.800,0.44,15946.800005622208
5481,OK,62.700,0.44,15876.099991146475
5482,OK,59.000,0.44,15924.999956041574
5483,OK,65.400,0.44,15949.39996721223
5484,OK,117.700,0.44,15723.899996373802
5485,OK,70.400,0.44,15876.79999647662
5486,OK,63.000,0.44,15930.800000205636
5487,OK,64.400,0.44,15895.099961198866
5488,OK,66.800,0.44,15872.39996297285
5489,OK,66.700,0.44,15998.799994122237
5490,OK,58.800,0.44,16203.099978156388
5491,OK,190.100,0.44,15371.600049547851
5492,OK,155.900,0.44,15914.999996311963
5493,OK,134.300,0.44,15589.599963277578
5494,OK,164.900,0.44,15742.400020826608
5495,OK,121.800,0.44,15833.90001906082
5496,OK,60.700,0.44,16104.500042274594
5497,OK,55.500,0.44,15629.39997529611
5498,OK,53.900,0.44,16266.899998299778
5499,OK,59.900,0.44,15633.400005754083
5500,OK,78.600,0.44,16294.70003535971
5501,OK,78.300,0.44,15348.099987022579
5502,OK,80.000,0.44,15999.499999452382
5503,OK,85.800,0.44,15920.400037430227
5504,OK,86.800,0.44,15842.80002862215
5505,OK,100.100,0.44,15612.900024279952
5506,OK,140.200,0.44,15819.599968381226
5507,OK,165.500,0.44,15860.899991821498
5508,OK,263.400,0.44,15486.399992369115
5509,OK,59.900,0.44,15817.50001059845
5510,OK,59.900,0.44,15862.600004766136
5511,OK,73.600,0.44,15979.700023308396
5512,OK,89.000,0.44,15907.799999695271
5513,OK,91.800,0.44,15774.299972690642
5514,OK,71.800,0.44,15871.300012804568
5515,OK,86.700,0.44,15847.600006964058
5516,OK,95.200,0.44,15848.80001610145
5517,OK,63.300,0.44,15850.599971599877
5518,OK,62.200,0.44,15928.899985738099
5519,OK,60.600,0.44,15916.300006210804
5520,OK,65.300,0.44,15901.300008408725
5521,OK,58.500,0.44,15947.90001399815
5522,OK,74.600,0.44,15915.40005756542
5523,OK,65.500,0.44,15895.500022452325
5524,OK,65.000,0.44,15902.00001373887
5525,OK,66.800,0.44,15878.600010182709
5526,OK,59.000,0.44,15912.100032437593
5527,OK,73.000,0.44,15884.699998423457
5528,OK,85.000,0.44,15913.89998793602
5529,OK,79.000,0.44,15882.69998319447
5530,OK,62.800,0.44,15884.899999946356
5531,OK,54.100,0.44,15893.10000417754
5532,OK,87.400,0.44,15898.499987088144
5533,OK,64.100,0.44,15826.29996119067
5534,OK,52.900,0.44,15926.099964417517
5535,OK,49.900,0.44,15922.199992928654
5536,OK,104.400,0.44,15919.400029815733
5537,OK,62.100,0.44,15865.400026086718
5538,OK,61.800,0.44,15935.400035232306
5539,OK,65.400,0.44,15821.599983610213
5540,OK,110.300,0.44,15863.799955695868
5541,OK,61.800,0.44,15952.39999005571
5542,OK,77.700,0.44,15913.90004614368
5543,OK,62.800,0.44,15792.999998666346
5544,OK,77.500,0.44,15994.800021871924
5545,OK,61.600,0.44,15839.90000654012
5546,OK,59.800,0.44,15979.800024069846
5547,OK,78.000,0.44,15772.100014146417
5548,OK,59.700,0.44,15998.699993360788
5549,OK,63.000,0.44,15865.20002456382
5550,OK,60.700,0.44,15871.900017373264
5551,OK,60.600,0.44,15822.699991986156
5552,OK,81.100,0.44,15922.6999967359
5553,OK,72.600,0.44,15879.299957305193
5554,OK,49.600,0.44,15908.200002741069
5555,OK,53.400,0.44,15969.900006894022
5556,OK,52.200,0.44,15881.099971011281
5557,OK,57.700,0.44,15882.299980148673
5558,OK,46.600,0.44,15936.899988446385
5559,OK,49.400,0.44,15950.499975588173
5560,OK,51.400,0.44,15941.599966026843
5561,OK,71.200,0.44,15899.699996225536
5562,OK,73.200,0.44,15906.099986750633
5563,OK,79.700,0.44,15808.199997991323
5564,OK,89.000,0.44,15948.299958836287
5565,OK,64.400,0.44,15894.60001559928
5566,OK,67.500,0.44,15820.099972188473
5567,OK,56.800,0.44,15813.500038348138
5568,OK,79.100,0.44,15936.899988446385
5569,OK,52.200,0.44,15936.699986923486
5570,OK,72.400,0.44,15853.299992159009
5571,OK,52.600,0.44,15973.399975337088
5572,OK,59.100,0.44,15923.900005873293
5573,OK,118.900,0.44,15823.800000362098
5574,OK,96.400,0.44,15911.400027107447
5575,OK,76.100,0.44,15810.0999542512
5576,OK,79.300,0.44,15932.500013150275
5577,OK,67.400,0.44,15819.600026588887
5578,OK,68.600,0.44,15869.299997575581
5579,OK,58.400,0.44,15928.499982692301
5580,OK,63.900,0.44,15862.200001720339
5581,OK,66.900,0.44,15928.200038615614
5582,OK,66.100,0.44,15864.299959503114
5583,OK,98.800,0.44,15802.59995535016
5584,OK,57.500,0.44,15971.599961631
5585,OK,54.200,0.44,15858.099970500916
5586,OK,57.400,0.44,15886.899956967682
5587,OK,58.700,0.44,15989.899984560907
5588,OK,68.700,0.44,15847.100003156811
5589,OK,79.300,0.44,15875.699988100678
5590,OK,81.800,0.44,15848.900016862899
5591,OK,90.900,0.44,15920.299978461117
5592,OK,57.100,0.44,15909.100009594113
5593,OK,90.100,0.44,15909.000008832663
5594,OK,59.200,0.44,15822.699991986156
5595,OK,58.600,0.44,15970.999957062304
5596,OK,81.200,0.44,15869.900002144277
5597,OK,56.100,0.44,15892.099996563047
5598,OK,59.400,0.44,15855.200006626546
5599,OK,57.600,0.44,15946.800005622208
5600,OK,55.400,0.44,15909.60001340136
5601,OK,105.700,0.44,15773.999970406294
5602,OK,115.700,0.44,15886.700013652444
5603,OK,68.400,0.44,15912.200033199042
5604,OK,84.800,0.44,15870.000002905726
5605,OK,74.900,0.44,15848.000010009855
5606,OK,74.100,0.44,15899.999998509884
5607,OK,66.200,0.44,15911.600028630346
5608,OK,74.600,0.44,15895.300020929426
5609,OK,75.400,0.44,15814.999991562217
5610,OK,71.000,0.44,15933.299961034209
5611,OK,65.500,0.44,15929.299988783896
5612,OK,86.800,0.44,15865.800029132515
5613,OK,68.300,0.44,15884.29999537766
5614,OK,82.200,0.44,15771.49995137006
5615,OK,62.400,0.44,15946.200001053512
5616,OK,67.600,0.44,15904.99997837469
5617,OK,57.800,0.44,15940.000012051314
5618,OK,72.900,0.44,15897.000033874065
5619,OK,60.500,0.44,15899.399993941188
5620,OK,61.600,0.44,15902.10001450032
5621,OK,61.100,0.44,15808.399999514222
5622,OK,60.200,0.44,15972.199966199696
5623,OK,58.500,0.44,15924.499952234328
5624,OK,56.700,0.44,15845.399990212172
5625,OK,55.600,0.44,15876.299992669374
5626,OK,60.600,0.44,16012.799984309822
5627,OK,61.100,0.44,15864.900022279471
5628,OK,62.600,0.44,15937.399992253631
5629,OK,73.900,0.44,15783.199982251972
5630,OK,58.700,0.44,16016.400011721998
5631,OK,59.200,0.44,15857.100021094084
5632,OK,71.200,0.44,15981.99998261407
5633,OK,67.300,0.44,15739.700000267476
5634,OK,82.500,0.44,15877.400001045316
5635,OK,63.700,0.44,15927.000029478222
5636,OK,69.600,0.44,15932.899957988411
5637,OK,69.600,0.44,15823.299996554852
5638,OK,54.800,0.44,15984.500001650304
5639,OK,65.400,0.44,15867.600042838603
5640,OK,52.800,0.44,15931.80000782013
5641,OK,57.000,0.44,15933.000016957521
5642,OK,65.800,0.44,15822.899993509054
5643,OK,56.600,0.44,15954.600006807595
5644,OK,76.000,0.44,15907.90000045672
5645,OK,68.400,0.44,15897.199977189302
5646,OK,61.000,0.44,15898.599987849593
5647,OK,65.700,0.44,15834.899968467653
5648,OK,109.300,0.44,15894.80001712218
5649,OK,57.300,0.44,15813.699981663376
5650,OK,55.400,0.44,15887.600020505488
5651,OK,60.900,0.44,16006.300051230937
5652,OK,63.700,0.44,15851.59997921437
5653,OK,69.000,0.44,15939.00000443682
5654,OK,65.200,0.44,15859.10003632307
5655,OK,58.100,0.44,15888.80002964288
5656,OK,59.700,0.44,15951.10003836453
5657,OK,139.300,0.44,15746.099990792572
5658,OK,58.800,0.44,15894.000011030585
5659,OK,73.500,0.44,15969.500003848225
5660,OK,53.300,0.44,15910.400019492954
5661,OK,58.500,0.44,15918.000019155443
5662,OK,63.800,0.44,15860.59998953715
5663,OK,45.100,0.44,15958.899981342256
5664,OK,53.500,0.44,15918.900026008487
5665,OK,140.700,0.44,15769.999998155981
5666,OK,104.600,0.44,15830.099990125746
5667,OK,54.000,0.44,15884.099993854761
5668,OK,67.800,0.44,15905.599982943386
5669,OK,88.700,0.44,15911.200025584549
5670,OK,90.800,0.44,15844.999987166375
5671,OK,77.900,0.44,15817.299950867891
5672,OK,104.700,0.44,15830.499993171543
5673,OK,104.700,0.44,15921.699989121407
5674,OK,112.400,0.44,15785.399999003857
5675,OK,74.500,0.44,15912.29997575283
5676,OK,87.300,0.44,15866.299974732101
5677,OK,72.800,0.44,15885.69994783029
5678,OK,73.000,0.44,15878.599951975048
5679,OK,93.400,0.44,15856.09995527193
5680,OK,66.000,0.44,15865.500026848167
5681,OK,87.200,0.44,15860.300045460463
5682,OK,86.000,0.44,15868.099988438189
5683,OK,87.000,0.44,15889.399976003915
5684,OK,108.200,0.44,15866.000030655414
5685,OK,82.400,0.44,15888.100024312735
5686,OK,74.300,0.44,15882.69998319447
5687,OK,72.200,0.44,15817.50001059845
5688,OK,94.200,0.44,15861.899999435991
5689,OK,78.200,0.44,15967.399987857789
5690,OK,115.000,0.44,15776.599990203977
5691,OK,93.900,0.44,15833.69995933026
5692,OK,91.400,0.44,15908.400004263967
5693,OK,70.600,0.44,15834.600024390966
5694,OK,92.200,0.44,15904.199972283095
5695,OK,95.700,0.44,15795.700019225478
5696,OK,100.300,0.44,15880.100021604449
5697,OK,105.300,0.44,15867.500042077154
5698,OK,143.800,0.44,15787.400014232844
5699,OK,124.800,0.44,15836.700040381402
5700,OK,149.900,0.44,15714.399982243776
5701,OK,98.600,0.44,15667.8999774158
5702,OK,71.900,0.44,15901.499951723963
5703,OK,53.400,0.44,15888.000023551285
5704,OK,62.400,0.44,15903.400024399161
5705,OK,54.000,0.44,15952.099987771362
5706,OK,48.600,0.44,15928.099979646504
5707,OK,55.900,0.44,15907.099994365126
5708,OK,50.800,0.44,15930.29999639839
5709,OK,59.100,0.44,15910.9000233002
5710,OK,159.600,0.44,15734.500018879771
5711,OK,143.600,0.44,15821.599983610213
5712,OK,94.200,0.44,15791.299985721707
5713,OK,91.200,0.44,15932.599955704063
5714,OK,72.800,0.44,15886.899956967682
5715,OK,70.400,0.44,15790.400037076324
5716,OK,95.100,0.44,15908.10000197962
5717,OK,61.600,0.44,15960.699995048344
5718,OK,119.900,0.44,15748.400008305907
5719,OK,62.300,0.44,15951.299981679767
5720,OK,66.000,0.44,15876.199991907924
5721,OK,64.100,0.44,15867.499983869493
5722,OK,69.900,0.44,15850.20002676174
5723,OK,69.100,0.44,16027.500038035214
5724,OK,84.000,0.44,15787.89995983243
5725,OK,54.100,0.44,15901.400009170175
5726,OK,50.200,0.44,15927.20003100112
5727,OK,70.500,0.44,16062.499955296516
5728,OK,94.400,0.44,15966.099977958947
5729,OK,107.300,0.44,15999.399998690933
5730,OK,105.000,0.44,15732.400002889335
5731,OK,122.600,0.44,15646.499989088625
5732,OK,128.600,0.44,15727.800026070327
5733,OK,93.300,0.44,15791.899990290403
5734,OK,76.400,0.44,15840.600011870265
5735,OK,51.100,0.44,16238.600015640259
5736,OK,55.900,0.44,15831.799944862723
5737,OK,74.800,0.44,15717.200003564358
5738,OK,66.200,0.44,16376.400017179549
5739,OK,79.000,0.44,15521.899971645325
5740,OK,70.500,0.44,16272.100037895143
5741,OK,82.800,0.44,15787.100011948496
5742,OK,96.700,0.44,15471.099992282689
5743,OK,93.100,0.44,15915.700001642108
5744,OK,147.200,0.44,15657.000010833144
5745,OK,150.200,0.44,15709.200000856072
5746,OK,67.800,0.44,15864.100016187876
5747,OK,55.100,0.44,15974.099980667233
5748,OK,80.100,0.44,15840.300009585917
5749,OK,59.700,0.44,15945.000050123781
5750,OK,89.000,0.44,15865.900029893965
5751,OK,55.700,0.44,15847.000002395362
5752,OK,56.400,0.44,15949.40002541989
5753,OK,57.800,0.44,15886.300010606647
5754,OK,58.000,0.44,15858.899976592511
5755,OK,51.300,0.44,16033.599968068302
5756,OK,49.600,0.44,15872.300020419061
5757,OK,55.800,0.44,15958.700038027018
5758,OK,63.800,0.44,15885.70000603795
5759,OK,64.500,0.44,15881.29997253418
5760,OK,64.800,0.44,15858.099970500916
5761,OK,67.100,0.44,15921.700047329068
5762,OK,62.500,0.44,15880.899969488382
5763,OK,88.000,0.44,15868.899994529784
5764,OK,60.400,0.44,15890.699985902756
5765,OK,57.700,0.44,15947.699954267591
5766,OK,51.100,0.44,15899.999998509884
5767,OK,54.700,0.44,16010.4000242427
5768,OK,65.700,0.44,15858.900034800172
5769,OK,68.000,0.44,15891.500050202012
5770,OK,65.000,0.44,15905.999985989183
5771,OK,66.300,0.44,15873.79997363314
5772,OK,61.100,0.44,15905.299980659038
5773,OK,56.600,0.44,15935.300034470856
5774,OK,76.000,0.44,15871.600015088916
5775,OK,70.600,0.44,15907.599998172373
5776,OK,65.700,0.44,15877.700003329664
5777,OK,58.200,0.44,15870.89995155111
5778,OK,54.700,0.44,15930.800000205636
5779,OK,72.000,0.44,15878.700010944158
5780,OK,73.900,0.44,15902.699960861355
5781,OK,77.100,0.44,15872.800024226308
5782,OK,56.400,0.44,15866.800036747009
5783,OK,60.100,0.44,15818.599960766733
5784,OK,65.700,0.44,15880.100021604449
5785,OK,47.600,0.44,15927.700034808367
5786,OK,48.700,0.44,15912.800037767738
5787,OK,51.700,0.44,15886.200009845197
5788,OK,80.300,0.44,15936.499985400587
5789,OK,71.600,0.44,15787.600015755743
5790,OK,63.900,0.44,16006.899997591972
5791,OK,66.900,0.44,15891.5999927558
5792,OK,64.600,0.44,15881.19997177273
5793,OK,48.700,0.44,15852.999989874661
5794,OK,82.000,0.44,15952.50004902482
5795,OK,79.600,0.44,15859.199978876859
5796,OK,95.600,0.44,15921.499987598509
5797,OK,65.900,0.44,15814.799990039319
5798,OK,63.900,0.44,15934.4999701716
5799,OK,87.700,0.44,15869.299997575581
5800,OK,66.800,0.44,15933.30001924187
5801,OK,84.400,0.44,16030.700004193932
5802,OK,68.100,0.44,15639.69999551773
5803,OK,74.500,0.44,15807.100047823042
5804,OK,87.100,0.44,15855.500008910894
5805,OK,55.500,0.44,15960.999997332692
5806,OK,56.600,0.44,15894.500014837831
5807,OK,58.400,0.44,15953.099995385855
5808,OK,68.300,0.44,15946.700004860759
5809,OK,62.700,0.44,15875.29998505488
5810,OK,69.000,0.44,15898.100042250007
5811,OK,69.100,0.44,15904.499974567443
5812,OK,105.500,0.44,15755.600004922599
5813,OK,61.400,0.44,15881.29997253418
5814,OK,68.900,0.44,15945.599996484816
5815,OK,60.800,0.44,15906.59999055788
5816,OK,58.200,0.44,15921.699989121407
5817,OK,63.300,0.44,15916.9000107795
5818,OK,66.100,0.44,15848.300012294203
5819,OK,87.100,0.44,15857.000020332634
5820,OK,95.100,0.44,15840.499952901155
5821,OK,54.800,0.44,15926.300024148077
5822,OK,57.200,0.44,15927.30003176257
5823,OK,100.000,0.44,15866.999980062246
5824,OK,65.700,0.44,15847.100003156811
5825,OK,60.900,0.44,15903.3999661915
5826,OK,88.800,0.44,15931.900008581579
5827,OK,68.700,0.44,15804.799972102046
5828,OK,54.300,0.44,15906.39998903498
5829,OK,79.700,0.44,16033.500025514513
5830,OK,96.200,0.44,15784.599992912263
5831,OK,81.900,0.44,15862.200001720339
5832,OK,52.900,0.44,15853.999997489154
5833,OK,54.000,0.44,15970.800013747066
5834,OK,75.600,0.44,15903.49996695295
5835,OK,72.400,0.44,15852.999989874661
5836,OK,63.800,0.44,15875.000040978193
5837,OK,56.600,0.44,15987.600025255233
5838,OK,56.600,0.44,15871.600015088916
5839,OK,63.800,0.44,15954.199945554137
5840,OK,70.100,0.44,15764.29995475337
5841,OK,65.500,0.44,15939.400007482618
5842,OK,65.800,0.44,15912.200033199042
5843,OK,100.100,0.44,15822.09998741746
5844,OK,58.300,0.44,15952.49999081716
5845,OK,67.100,0.44,15903.5999677144
5846,OK,63.500,0.44,15902.799961622804
5847,OK,77.900,0.44,15841.999964322895
5848,OK,59.000,0.44,15914.699994027615
5849,OK,72.400,0.44,15841.100015677512
5850,OK,80.200,0.44,15902.20001526177
5851,OK,128.900,0.44,15833.399957045913
5852,OK,63.900,0.44,15825.00000949949
5853,OK,90.200,0.44,15924.000006634742
5854,OK,66.500,0.44,15914.10004766658
5855,OK,66.200,0.44,15877.700003329664
5856,OK,61.600,0.44,15955.900016706437
5857,OK,76.000,0.44,15826.599963475019
5858,OK,61.000,0.44,15889.599977526814
5859,OK,62.000,0.44,15865.199966356158
5860,OK,57.700,0.44,15949.000022374094
5861,OK,59.600,0.44,15911.899972707033
5862,OK,62.300,0.44,15867.300040554255
5863,OK,73.100,0.44,15820.799977518618
5864,OK,81.400,0.44,15944.99999191612
5865,OK,76.500,0.44,15874.499978963286
5866,OK,52.200,0.44,15875.200042501092
5867,OK,54.400,0.44,15859.899984207004
5868,OK,57.600,0.44,15945.09999267757
5869,OK,58.000,0.44,15969.900006894022
5870,OK,58.100,0.44,15920.499979984015
5871,OK,64.800,0.44,15794.400009326637
5872,OK,58.000,0.44,16019.900038372725
5873,OK,64.100,0.44,15888.300025835633
5874,OK,54.200,0.44,15919.399971608073
5875,OK,54.700,0.44,15821.199980564415
5876,OK,63.200,0.44,16004.700039047748
5877,OK,59.400,0.44,15860.899991821498
5878,OK,65.300,0.44,15930.499997921288
5879,OK,59.100,0.44,15899.299993179739
5880,OK,63.300,0.44,15906.59999055788
5881,OK,62.200,0.44,15914.999996311963
5882,OK,62.900,0.44,15905.300038866699
5883,OK,64.400,0.44,15890.499984379858
5884,OK,54.800,0.44,15915.39999935776
5885,OK,67.200,0.44,15927.999978885055
5886,OK,129.700,0.44,15744.89998165518
5887,OK,69.100,0.44,15866.599977016449
5888,OK,50.900,0.44,15994.999965187162
5889,OK,62.700,0.44,15903.999970760196
5890,OK,49.600,0.44,15896.699973382056
5891,OK,92.600,0.44,15811.299963388592
5892,OK,53.300,0.44,15891.7999942787
5893,OK,91.200,0.44,15905.499982181937
5894,OK,57.000,0.44,15884.599997662008
5895,OK,44.700,0.44,15930.399997159839
5896,OK,50.200,0.44,15929.100045468658
5897,OK,46.500,0.44,15924.700011964887
5898,OK,48.200,0.44,15937.899996060878
5899,OK,51.900,0.44,15919.89997541532
5900,OK,158.300,0.44,15731.199993751943
5901,OK,90.500,0.44,15745.799988508224
5902,OK,66.800,0.44,15972.299966961145
5903,OK,116.400,0.44,15741.300012450665
5904,OK,82.500,0.44,15877.500001806766
5905,OK,78.200,0.44,15922.8999982588
5906,OK,67.700,0.44,15877.899946644902
5907,OK,65.000,0.44,15851.59997921437
5908,OK,145.200,0.44,15809.500007890165
5909,OK,71.700,0.44,15868.0000458844
5910,OK,102.500,0.44,15838.099992834032
5911,OK,93.200,0.44,15851.600037422031
5912,OK,95.900,0.44,15908.700006548315
5913,OK,76.500,0.44,15817.400009837002
5914,OK,96.700,0.44,15840.700012631714
5915,OK,96.800,0.44,15878.000005614012
5916,OK,100.700,0.44,15826.900023967028
5917,OK,100.400,0.44,15847.600006964058
5918,OK,107.000,0.44,15854.099998250604
5919,OK,111.100,0.44,15840.400010347366
5920,OK,100.300,0.44,15885.100001469254
5921,OK,104.200,0.44,15765.199961606413
5922,OK,101.200,0.44,15846.399997826666
5923,OK,105.300,0.44,15832.600009161979
5924,OK,98.800,0.44,15849.799965508282
5925,OK,97.600,0.44,15833.600016776472
5926,OK,96.700,0.44,15846.099995542318
5927,OK,115.200,0.44,15864.200016949326
5928,OK,98.800,0.44,15827.099967282265
5929,OK,95.400,0.44,15925.100015010685
5930,OK,72.000,0.44,15814.80004824698
5931,OK,94.800,0.44,15869.900002144277
5932,OK,112.400,0.44,15869.899943936616
5933,OK,73.900,0.44,15929.799992591143
5934,OK,210.800,0.44,15629.099973011762
5935,OK,92.400,0.44,15880.499966442585
5936,OK,67.700,0.44,15893.10000417754
5937,OK,57.600,0.44,15911.399968899786
5938,OK,65.200,0.44,15876.99999799952
5939,OK,64.900,0.44,15935.100032947958
5940,OK,57.000,0.44,15936.899988446385
5941,OK,58.100,0.44,15913.199982605875
5942,OK,73.100,0.44,15895.699965767562
5943,OK,55.700,0.44,15868.699993006885
5944,OK,83.700,0.44,15846.599999349564
5945,OK,89.900,0.44,15892.600000370294
5946,OK,99.800,0.44,15870.000002905726
5947,OK,147.500,0.44,15759.700036142021
5948,OK,66.200,0.44,15958.700038027018
5949,OK,71.100,0.44,15801.700006704777
5950,OK,72.600,0.44,15940.900018904358
5951,OK,66.500,0.44,15837.800048757344
5952,OK,73.600,0.44,15868.999995291233
5953,OK,72.900,0.44,15953.499998431653
5954,OK,134.600,0.44,15829.599986318499
5955,OK,121.300,0.44,15754.899999592453
5956,OK,94.600,0.44,15859.500039368868
5957,OK,68.500,0.44,15844.000037759542
5958,OK,70.600,0.44,15939.900011289865
5959,OK,74.800,0.44,15876.399993430823
5960,OK,68.700,0.44,16032.60001866147
5961,OK,99.000,0.44,15750.600025057793
5962,OK,66.500,0.44,15906.699991319329
5963,OK,58.300,0.44,15910.200017970055
5964,OK,62.800,0.44,15912.40003472194
5965,OK,64.100,0.44,15945.299994200468
5966,OK,55.400,0.44,15969.200001563877
5967,OK,122.300,0.44,16038.899950217456
5968,OK,69.400,0.44,16042.500035837293
5969,OK,68.400,0.44,15885.70000603795
5970,OK,88.900,0.44,15460.300026461482
5971,OK,102.300,0.44,15815.500053577125
5972,OK,72.100,0.44,15830.000047571957
5973,OK,72.800,0.44,15880.000020843
5974,OK,52.200,0.44,16188.999987207353
5975,OK,66.400,0.44,15816.300001461059
5976,OK,60.900,0.44,15919.500030577183
5977,OK,61.600,0.44,16079.499968327582
5978,OK,177.700,0.44,15814.399986993521
5979,OK,86.400,0.44,15460.400027222931
5980,OK,80.900,0.44,15812.599973287433
5981,OK,128.900,0.44,15927.799977362156
5982,OK,136.300,0.44,15661.99999069795
5983,OK,48.400,0.44,15843.699977267534
5984,OK,55.200,0.44,15958.700038027018
5985,OK,47.200,0.44,15945.599996484816
5986,OK,53.100,0.44,15882.300038356334
5987,OK,51.800,0.44,15966.900042258203
5988,OK,58.100,0.44,15851.199976168573
5989,OK,57.700,0.44,15924.700011964887
5990,OK,52.900,0.44,15888.200025074184
5991,OK,55.400,0.44,15856.399957556278
5992,OK,52.900,0.44,15969.500003848225
5993,OK,76.000,0.44,15877.300000283867
5994,OK,48.300,0.44,15902.00001373887
5995,OK,57.100,0.44,15987.399965524673
5996,OK,98.600,0.44,15809.400007128716
5997,OK,49.000,0.44,15930.699999444187
5998,OK,59.900,0.44,15887.799963820726
5999,OK,41.100,0.44,15955.000009853393
6000,OK,68.500,0.44,15903.300023637712
6001,OK,53.200,0.44,15831.900003831834
6002,OK,60.600,0.44,15914.200048428029
6003,OK,51.800,0.44,15909.300011117011
6004,OK,51.300,0.44,15907.799999695271
6005,OK,53.200,0.44,15918.39996399358
6006,OK,48.100,0.44,15910.699963569641
6007,OK,53.800,0.44,15936.699986923486
6008,OK,83.900,0.44,15872.000018134713
6009,OK,45.200,0.44,15893.700008746237
6010,OK,53.500,0.44,15959.599986672401
6011,OK,104.300,0.44,15755.900007206947
6012,OK,68.400,0.44,15937.099989969283
6013,OK,75.400,0.44,15905.799984466285
6014,OK,87.100,0.44,15799.299988429993
6015,OK,102.400,0.44,15849.200019147247
6016,OK,71.700,0.44,15958.29997677356
6017,OK,57.900,0.44,15874.199976678938
6018,OK,52.900,0.44,15917.900018393993
6019,OK,106.100,0.44,15829.199983272702
6020,OK,82.900,0.44,15934.300026856363
6021,OK,59.300,0.44,15886.599954683334
6022,OK,50.000,0.44,15908.700006548315
6023,OK,75.500,0.44,15880.500024650246
6024,OK,50.600,0.44,15945.799998007715
6025,OK,54.100,0.44,15916.200005449355
6026,OK,51.300,0.44,15944.89999115467
6027,OK,72.800,0.44,15800.099994521588
6028,OK,53.300,0.44,15922.300051897764
6029,OK,63.700,0.44,16027.299978304654
6030,OK,57.200,0.44,15817.900013644248
6031,OK,71.500,0.44,15922.000049613416
6032,OK,56.200,0.44,15906.59999055788
6033,OK,58.900,0.44,15914.199990220368
6034,OK,58.400,0.44,15926.800027955323
6035,OK,51.800,0.44,15925.500018056482
6036,OK,55.500,0.44,15919.600031338632
6037,OK,67.900,0.44,15913.99998869747
6038,OK,63.500,0.44,15869.800001382828
6039,OK,67.700,0.44,15949.50002618134
6040,OK,70.200,0.44,15862.300002481788
6041,OK,67.100,0.44,15768.100041896105
6042,OK,51.000,0.44,15924.900013487786
6043,OK,122.800,0.44,15913.79998717457
6044,OK,78.200,0.44,15898.399986326694
6045,OK,78.100,0.44,15877.900004852563
6046,OK,63.200,0.44,15874.199976678938
6047,OK,88.600,0.44,15839.500003494322
6048,OK,83.500,0.44,15917.300013825297
6049,OK,58.600,0.44,15889.100031927228
6050,OK,62.900,0.44,15881.099971011281
6051,OK,144.800,0.44,15819.600026588887
6052,OK,124.100,0.44,15822.199988178909
6053,OK,123.900,0.44,15836.599981412292
6054,OK,79.200,0.44,15869.299997575581
6055,OK,79.600,0.44,15818.700019735843
6056,OK,55.400,0.44,15970.399952493608
6057,OK,87.100,0.44,15856.699959840626
6058,OK,56.400,0.44,15834.100020583719
6059,OK,77.900,0.44,15949.999971780926
6060,OK,61.200,0.44,15892.099996563047
6061,OK,57.900,0.44,15904.199972283095
6062,OK,77.000,0.44,15853.399992920458
6063,OK,61.800,0.44,15914.299990981817
6064,OK,63.000,0.44,15980.299969669431
6065,OK,64.700,0.44,15870.300005190074
6066,OK,71.000,0.44,15824.800007976592
6067,OK,64.500,0.44,15956.400020513684
6068,OK,97.400,0.44,15881.50003226474
6069,OK,74.300,0.44,15861.799998674542
6070,OK,73.300,0.44,15826.300019398332
6071,OK,68.800,0.44,15898.699988611042
6072,OK,69.300,0.44,15889.200032688677
6073,OK,65.000,0.44,15902.599960099906
6074,OK,78.800,0.44,15879.79996111244
6075,OK,57.300,0.44,15880.899969488382
6076,OK,129.300,0.44,15845.69999249652
6077,OK,61.900,0.44,15916.100004687905
6078,OK,72.900,0.44,15898.300043772906
6079,OK,77.500,0.44,15840.000007301569
6080,OK,71.900,0.44,15926.200023386627
6081,OK,74.800,0.44,15895.399963483214
6082,OK,64.300,0.44,15873.999975156039
6083,OK,67.900,0.44,15891.69999351725
6084,OK,60.700,0.44,15902.400016784668
6085,OK,61.600,0.44,15903.50002516061
6086,OK,61.600,0.44,15892.700001131743
6087,OK,60.600,0.44,15921.39998683706
6088,OK,61.300,0.44,15890.09998133406
6089,OK,57.700,0.44,15871.800016611814
6090,OK,64.900,0.44,15889.599977526814
6091,OK,66.600,0.44,15897.300036158413
6092,OK,57.900,0.44,15911.799971945584
6093,OK,56.600,0.44,15977.70000807941
6094,OK,81.200,0.44,15887.999965343624
6095,OK,70.100,0.44,15834.299963898957
6096,OK,56.000,0.44,15922.999999020249
6097,OK,66.900,0.44,15866.599977016449
6098,OK,55.800,0.44,15849.600022193044
6099,OK,74.800,0.44,15887.900022789836
6100,OK,86.500,0.44,15906.100044958293
6101,OK,68.900,0.44,15756.200009491295
6102,OK,117.400,0.44,15849.800023715943
6103,OK,55.700,0.44,15940.60001662001
6104,OK,69.500,0.44,15872.700023464859
6105,OK,61.600,0.44,15887.500019744039
6106,OK,60.800,0.44,15927.700034808367
6107,OK,66.100,0.44,15880.700026173145
6108,OK,55.400,0.44,15882.999985478818
6109,OK,70.100,0.44,15883.399988524616
6110,OK,140.300,0.44,15799.599990714341
6111,OK,95.100,0.44,15908.500005025417
6112,OK,59.800,0.44,15912.099974229932
6113,OK,95.600,0.44,15801.500005181879
6114,OK,62.400,0.44,15972.100023645908
6115,OK,65.300,0.44,15890.999988187104
6116,OK,66.100,0.44,15894.500014837831
6117,OK,61.200,0.44,15842.099965084344
6118,OK,53.600,0.44,15961.900004185736
6119,OK,155.200,0.44,15801.40000442043
6120,OK,67.200,0.44,15874.900040216744
6121,OK,63.800,0.44,15923.500002827495
6122,OK,69.300,0.44,15904.100029729307
6123,OK,72.200,0.44,15876.099991146475
6124,OK,59.100,0.44,15904.99997837469
6125,OK,61.500,0.44,15903.699968475848
6126,OK,58.700,0.44,15907.199995126575
6127,OK,62.900,0.44,15911.300026345998
6128,OK,123.900,0.44,15772.200014907867
6129,OK,66.800,0.44,15872.899966780096
6130,OK,49.100,0.44,15912.300033960491
6131,OK,49.300,0.44,15933.400020003319
6132,OK,51.300,0.44,15903.49996695295
6133,OK,56.600,0.44,15864.99996483326
6134,OK,74.500,0.44,15924.100007396191
6135,OK,62.200,0.44,15900.099999271333
6136,OK,87.400,0.44,15895.799966529012
6137,OK,107.200,0.44,15838.599996641278
6138,OK,76.600,0.44,15858.99997735396
6139,OK,110.600,0.44,15835.29997151345
6140,OK,92.500,0.44,15847.100003156811
6141,OK,91.300,0.44,15871.700015850365
6142,OK,91.900,0.44,15856.599959079176
6143,OK,89.500,0.44,15857.200021855533
6144,OK,89.900,0.44,15883.399988524616
6145,OK,108.300,0.44,15757.499961182475
6146,OK,96.000,0.44,15874.899982009083
6147,OK,78.900,0.44,15867.89998691529
6148,OK,107.700,0.44,15841.699962038547
6149,OK,101.900,0.44,15805.400034878403
6150,OK,105.100,0.44,15894.400014076382
6151,OK,73.700,0.44,15855.000005103648
6152,OK,101.900,0.44,15852.699987590313
6153,OK,111.200,0.44,15798.200038261712
6154,OK,72.000,0.44,15873.499971348792
6155,OK,70.400,0.44,15885.200002230704
6156,OK,69.600,0.44,15906.699991319329
6157,OK,84.800,0.44,15861.799998674542
6158,OK,78.200,0.44,15892.900002654642
6159,OK,101.500,0.44,15887.40001898259
6160,OK,160.700,0.44,15811.899967957288
6161,OK,183.800,0.44,15609.99994399026
6162,OK,63.500,0.44,15872.099960688502
6163,OK,68.900,0.44,15892.199997324497
6164,OK,97.700,0.44,15851.999982260168
6165,OK,82.500,0.44,15934.399969410151
6166,OK,65.300,0.44,15905.1000373438
6167,OK,65.200,0.44,15878.40000865981
6168,OK,67.200,0.44,15849.300019908696
6169,OK,59.400,0.44,15935.899980831891
6170,OK,64.500,0.44,15939.400007482618
6171,OK,77.500,0.44,15901.900012977421
6172,OK,92.800,0.44,15865.500026848167
6173,OK,105.000,0.44,15807.999996468425
6174,OK,145.600,0.44,15757.400018628687
6175,OK,51.300,0.44,15917.500015348196
6176,OK,47.900,0.44,15981.500037014484
6177,OK,48.500,0.44,15871.399955358356
6178,OK,68.400,0.44,15863.49995341152
6179,OK,47.900,0.44,15968.299994710833
6180,OK,91.200,0.44,15845.80005146563
6181,OK,97.100,0.44,15911.200025584549
6182,OK,86.000,0.44,15826.700022444129
6183,OK,67.600,0.44,15961.900004185736
6184,OK,71.600,0.44,15794.400009326637
6185,OK,58.800,0.44,15988.399973139167
6186,OK,94.800,0.44,15768.500044941902
6187,OK,65.400,0.44,15970.900014508516
6188,OK,59.300,0.44,15898.499987088144
6189,OK,48.600,0.44,15930.699999444187
6190,OK,51.100,0.44,16135.699988808483
6191,OK,68.100,0.44,15877.300000283867
6192,OK,72.300,0.44,15786.60000814125
6193,OK,68.200,0.44,15860.999992582947
6194,OK,80.300,0.44,15717.700007371604
6195,OK,82.700,0.44,15901.100006885827
6196,OK,68.600,0.44,16209.600027650595
6197,OK,49.900,0.44,15567.09996657446
6198,OK,78.700,0.44,15901.800012215972
6199,OK,59.400,0.44,15893.400006461889
6200,OK,69.300,0.44,16142.799984663725
6201,OK,58.000,0.44,15622.899984009564
6202,OK,90.900,0.44,15917.00001154095
6203,OK,87.700,0.44,15819.299966096878
6204,OK,92.000,0.44,15918.700024485588
6205,OK,107.200,0.44,15727.500023785979
6206,OK,80.600,0.44,15897.400036919862
6207,OK,105.800,0.44,15765.100019052625
6208,OK,68.500,0.44,15829.3999847956
6209,OK,61.500,0.44,15976.19999665767
6210,OK,51.300,0.44,15895.500022452325
6211,OK,50.600,0.44,15928.499982692301
6212,OK,57.500,0.44,15977.60000731796
6213,OK,62.200,0.44,15898.299985565245
6214,OK,79.000,0.44,15905.199979897588
6215,OK,78.700,0.44,15800.599998328835
6216,OK,82.400,0.44,15882.000036071986
6217,OK,54.100,0.44,15948.999964166433
6218,OK,71.600,0.44,15908.200002741069
6219,OK,65.100,0.44,15917.700016871095
6220,OK,63.900,0.44,15851.899981498718
6221,OK,69.200,0.44,15883.399988524616
6222,OK,65.500,0.44,15937.999996822327
6223,OK,63.000,0.44,15853.499993681908
6224,OK,59.700,0.44,15950.99997939542
6225,OK,59.800,0.44,15889.100031927228
6226,OK,49.400,0.44,15963.100013323128
6227,OK,58.400,0.44,15830.099990125746
6228,OK,67.600,0.44,15965.600032359362
6229,OK,64.200,0.44,15892.800001893193
6230,OK,55.700,0.44,15859.699982684106
6231,OK,51.700,0.44,15936.699986923486
6232,OK,75.000,0.44,15879.000013228506
6233,OK,91.200,0.44,15954.0000022389
6234,OK,66.900,0.44,15795.600018464029
6235,OK,78.300,0.44,15861.099993344396
6236,OK,55.200,0.44,15902.900020591915
6237,OK,60.500,0.44,15945.799998007715
6238,OK,45.900,0.44,15920.400037430227
6239,OK,56.900,0.44,15971.70002060011
6240,OK,57.700,0.44,15878.900012467057
6241,OK,61.500,0.44,15877.300000283867
6242,OK,48.600,0.44,15915.700001642108
6243,OK,43.100,0.44,15960.300050210208
6244,OK,52.500,0.44,15913.699986413121
6245,OK,52.700,0.44,15946.50000333786
6246,OK,73.700,0.44,15817.699953913689
6247,OK,52.200,0.44,15974.799985997379
6248,OK,87.900,0.44,15899.299993179739
6249,OK,57.800,0.44,15960.699995048344
6250,OK,62.000,0.44,15906.699991319329
6251,OK,62.200,0.44,15890.100039541721
6252,OK,56.600,0.44,15884.099993854761
6253,OK,81.700,0.44,15911.500027868897
6254,OK,72.000,0.44,15912.099974229932
6255,OK,66.100,0.44,15885.8000067994
6256,OK,68.100,0.44,15887.800022028387
6257,OK,67.400,0.44,15911.200025584549
6258,OK,77.500,0.44,15870.200004428625
6259,OK,76.500,0.44,15897.399978712201
6260,OK,65.600,0.44,15782.09997387603
6261,OK,55.400,0.44,15945.899998769164
6262,OK,61.800,0.44,15940.300014335662
6263,OK,59.000,0.44,15882.80004216358
6264,OK,65.900,0.44,15854.099998250604
6265,OK,87.100,0.44,15851.200034376234
6266,OK,56.800,0.44,15955.699956975877
6267,OK,57.700,0.44,15891.69999351725
6268,OK,61.400,0.44,15896.699973382056
6269,OK,56.300,0.44,15926.800027955323
6270,OK,76.500,0.44,15875.899989623576
6271,OK,62.000,0.44,15873.700031079352
6272,OK,113.500,0.44,15825.400012545288
6273,OK,108.000,0.44,15952.699992340058
6274,OK,102.900,0.44,15722.000040113926
6275,OK,100.700,0.44,15855.299949180335
6276,OK,111.200,0.44,15847.20000391826
6277,OK,103.000,0.44,15802.500012796372
6278,OK,111.900,0.44,15840.300009585917
6279,OK,85.000,0.44,15853.999997489154
6280,OK,139.900,0.44,15817.6000113599
6281,OK,97.300,0.44,15847.600006964058
6282,OK,104.500,0.44,15848.600014578551
6283,OK,116.900,0.44,15847.899951040745
6284,OK,96.700,0.44,15816.600003745407
6285,OK,85.300,0.44,15856.000012718141
6286,OK,66.700,0.44,15899.499994702637
6287,OK,93.800,0.44,15871.499956119806
6288,OK,114.900,0.44,15824.200003407896
6289,OK,88.800,0.44,15946.200001053512
6290,OK,78.500,0.44,15856.500016525388
6291,OK,113.900,0.44,15789.100027177483
6292,OK,82.000,0.44,15860.699990298599
6293,OK,121.500,0.44,15840.600011870265
6294,OK,98.600,0.44,15851.100033614784
6295,OK,78.900,0.44,15863.800013903528
6296,OK,88.900,0.44,15830.89999621734
6297,OK,110.400,0.44,15823.3999973163
6298,OK,165.300,0.44,15797.199972439557
6299,OK,125.600,0.44,15805.100032594055
6300,OK,114.700,0.44,15820.59997599572
6301,OK,107.100,0.44,15755.600004922599
6302,OK,121.400,0.44,15785.600000526756
6303,OK,112.400,0.44,15818.400017451495
6304,OK,97.200,0.44,15897.799981757998
6305,OK,103.400,0.44,15824.200003407896
6306,OK,106.100,0.44,15830.79999545589
6307,OK,73.200,0.44,15894.59995739162
6308,OK,73.900,0.44,15880.599967204034
6309,OK,75.700,0.44,15886.800014413893
6310,OK,76.900,0.44,15852.599986828864
6311,OK,69.600,0.44,15909.200010355562
6312,OK,69.000,0.44,15861.099993344396
6313,OK,59.400,0.44,15900.200000032783
6314,OK,56.500,0.44,15964.900027029216
6315,OK,67.800,0.44,15898.499987088144
6316,OK,72.800,0.44,15886.800014413893
6317,OK,57.900,0.44,15901.700011454523
6318,OK,61.700,0.44,15962.400007992983
6319,OK,64.100,0.44,15845.999994780868
6320,OK,71.400,0.44,15870.90000975877
6321,OK,93.600,0.44,15957.799972966313
6322,OK,72.300,0.44,15924.30000891909
6323,OK,169.300,0.44,15653.400041628629
6324,OK,73.200,0.44,15851.399977691472
6325,OK,99.000,0.44,15839.700005017221
6326,OK,61.900,0.44,15852.700045797974
6327,OK,62.000,0.44,15895.100019406527
6328,OK,66.100,0.44,15907.599998172373
6329,OK,106.000,0.44,15847.700007725507
6330,OK,109.000,0.44,15869.39999833703
6331,OK,73.100,0.44,15928.499982692301
6332,OK,62.800,0.44,15897.49997947365
6333,OK,66.700,0.44,15870.800008997321
6334,OK,94.200,0.44,15845.899994019419
6335,OK,95.100,0.44,15886.500012129545
6336,OK,107.100,0.44,15771.000005770475
6337,OK,68.200,0.44,15894.500014837831
6338,OK,91.500,0.44,15897.49997947365
6339,OK,65.000,0.44,15932.900016196072
6340,OK,79.800,0.44,15828.500036150217
6341,OK,71.700,0.44,15910.600021015853
6342,OK,118.100,0.44,15872.39996297285
6343,OK,85.900,0.44,15803.499962203205
6344,OK,104.000,0.44,15825.500013306737
6345,OK,95.600,0.44,15852.399985305965
6346,OK,72.700,0.44,15905.700041912496
6347,OK,105.600,0.44,15849.900024477392
6348,OK,69.700,0.44,15877.700003329664
6349,OK,87.500,0.44,15957.700030412525
6350,OK,97.100,0.44,15801.100002136081
6351,OK,85.200,0.44,15827.100025489926
6352,OK,83.600,0.44,15900.50000231713
6353,OK,83.900,0.44,15857.70002566278
6354,OK,82.300,0.44,15845.499990973622
6355,OK,97.800,0.44,15875.29998505488
6356,OK,122.900,0.44,15822.799992747605
6357,OK,107.700,0.44,15796.299965586513
6358,OK,81.900,0.44,15874.699980486184
6359,OK,62.800,0.44,15843.099972698838
6360,OK,70.400,0.44,15928.899985738099
6361,OK,78.000,0.44,15861.899999435991
6362,OK,60.500,0.44,15945.199993439019
6363,OK,70.200,0.44,15919.600031338632
6364,OK,80.100,0.44,15857.099962886423
6365,OK,74.400,0.44,15940.59995841235
6366,OK,85.900,0.44,15790.100034791976
6367,OK,74.600,0.44,15889.000031165779
6368,OK,151.600,0.44,15745.599986985326
6369,OK,59.600,0.44,15885.600005276501
6370,OK,56.000,0.44,15932.899957988411
6371,OK,75.400,0.44,15872.199961449951
6372,OK,59.000,0.44,15917.399956379086
6373,OK,89.600,0.44,15858.499973546714
6374,OK,76.300,0.44,15870.100003667176
6375,OK,58.900,0.44,15977.900009602308
6376,OK,153.700,0.44,15755.600004922599
6377,OK,93.300,0.44,15841.200016438961
6378,OK,67.800,0.44,15921.19998531416
6379,OK,94.400,0.44,15886.200009845197
6380,OK,76.600,0.44,15821.900044102222
6381,OK,77.400,0.44,15884.599997662008
6382,OK,81.800,0.44,15853.000048082322
6383,OK,110.200,0.44,15869.39999833703
6384,OK,76.900,0.44,15870.800008997321
6385,OK,69.000,0.44,16038.900008425117
6386,OK,139.400,0.44,15659.899974707514
6387,OK,87.400,0.44,15838.599996641278
6388,OK,70.400,0.44,15898.000041488558
6389,OK,89.900,0.44,15859.599981922656
6390,OK,73.800,0.44,15891.499991994351
6391,OK,114.600,0.44,15814.199985470623
6392,OK,108.300,0.44,15875.900047831237
6393,OK,82.000,0.44,15856.10001347959
6394,OK,67.900,0.44,15881.19997177273
6395,OK,63.100,0.44,15886.300010606647
6396,OK,100.300,0.44,15836.599981412292
6397,OK,104.000,0.44,15885.70000603795
6398,OK,104.800,0.44,15811.200020834804
6399,OK,102.200,0.44,15787.300013471395
6400,OK,99.400,0.44,15864.500019233674
6401,OK,81.800,0.44,15718.000009655952
6402,OK,76.200,0.44,15860.199986491352
6403,OK,74.600,0.44,15864.700020756572
6404,OK,67.600,0.44,15893.900010269135
6405,OK,85.800,0.44,15881.600033026189
6406,OK,76.100,0.44,15907.099994365126
6407,OK,96.700,0.44,15856.20001424104
6408,OK,69.200,0.44,15903.49996695295
6409,OK,83.300,0.44,15854.999946895987
6410,OK,104.100,0.44,15791.400044690818
6411,OK,105.900,0.44,15867.799986153841
6412,OK,106.300,0.44,15843.500033952296
6413,OK,90.800,0.44,15840.600011870265
6414,OK,64.300,0.44,15901.900012977421
6415,OK,87.300,0.44,15907.799999695271
6416,OK,109.000,0.44,15821.900044102222
6417,OK,93.300,0.44,15850.999974645674
6418,OK,79.800,0.44,15861.199994105846
6419,OK,103.300,0.44,15889.300033450127
6420,OK,73.400,0.44,15839.700005017221
6421,OK,56.800,0.44,15941.799967549741
6422,OK,92.100,0.44,15862.00000019744
6423,OK,76.100,0.44,15862.400003243238
6424,OK,53.400,0.44,15890.700044110417
6425,OK,62.700,0.44,15938.500000629574
6426,OK,72.100,0.44,15861.299994867295
6427,OK,59.200,0.44,15999.600000213832
6428,OK,57.300,0.44,15911.800030153245
6429,OK,70.700,0.44,15855.800011195242
6430,OK,70.800,0.44,15921.600046567619
6431,OK,118.400,0.44,15801.600005943328
6432,OK,63.000,0.44,15906.699991319329
6433,OK,64.600,0.44,15887.800022028387
6434,OK,54.400,0.44,15923.200000543147
6435,OK,58.300,0.44,15943.899983540177
6436,OK,70.600,0.44,15881.899977102876
6437,OK,70.200,0.44,15903.199964668602
6438,OK,65.900,0.44,15891.299990471452
6439,OK,149.800,0.44,15696.299960836768
6440,OK,125.500,0.44,15886.500012129545
6441,OK,65.000,0.44,15873.599972110242
6442,OK,63.800,0.44,15934.4999701716
6443,OK,67.300,0.44,15882.999985478818
6444,OK,65.800,0.44,15877.900004852563
6445,OK,68.800,0.44,16317.999979946762
6446,OK,84.500,0.44,15372.199995908886
6447,OK,59.000,0.44,15934.80003066361
6448,OK,153.400,0.44,15711.799962446094
6449,OK,72.400,0.44,15837.1000434272
6450,OK,62.700,0.44,16017.300018575042
6451,OK,85.400,0.44,15880.599967204034
6452,OK,63.400,0.44,15887.000015936792
6453,OK,80.000,0.44,15797.399973962456
6454,OK,73.200,0.44,15841.800021007657
6455,OK,58.400,0.44,16005.099983885884
6456,OK,63.300,0.44,15883.799991570413
6457,OK,59.400,0.44,15900.099999271333
6458,OK,63.000,0.44,15958.50003650412
6459,OK,74.800,0.44,15879.8000193201
6460,OK,65.300,0.44,15958.599979057908
6461,OK,101.000,0.44,15975.699992850423
6462,OK,99.700,0.44,15852.499986067414
6463,OK,88.400,0.44,15878.30000789836
6464,OK,88.000,0.44,16063.199960626662
6465,OK,90.400,0.44,15574.5999654755
6466,OK,87.700,0.44,15879.8000193201
6467,OK,84.600,0.44,15878.2999496907
6468,OK,90.500,0.44,15889.699978288263
6469,OK,113.200,0.44,15783.799986820668
6470,OK,141.700,0.44,15884.499996900558
6471,OK,281.500,0.44,16059.599991422147
6472,OK,137.000,0.44,15410.499996505678
6473,OK,255.700,0.44,15956.400020513684
6474,OK,143.000,0.44,15635.40002098307
6475,OK,132.100,0.44,15611.500013619661
6476,OK,170.500,0.44,15673.300018534064
6477,OK,128.000,0.44,15855.699952226132
6478,OK,189.500,0.44,15590.200026053935
6479,OK,78.400,0.44,15864.500019233674
6480,OK,81.800,0.44,15781.89997235313
6481,OK,48.300,0.44,16003.500029910356
6482,OK,48.800,0.44,15943.49998049438
6483,OK,54.400,0.44,15869.000053498894
6484,OK,67.900,0.44,15906.699991319329
6485,OK,54.200,0.44,15965.100028552115
6486,OK,73.300,0.44,15867.699985392392
6487,OK,60.500,0.44,15885.500004515052
6488,OK,59.200,0.44,15939.00000443682
6489,OK,60.800,0.44,15927.29997355491
6490,OK,76.100,0.44,15871.800016611814
6491,OK,81.200,0.44,15849.799965508282
6492,OK,78.900,0.44,15826.199960429221
6493,OK,84.700,0.44,15967.300045304
6494,OK,58.600,0.44,15897.099976427853
6495,OK,72.500,0.44,15928.199980407953
6496,OK,65.400,0.44,15864.79996331036
6497,OK,56.300,0.44,15942.2000288032
6498,OK,54.900,0.44,15915.800002403557
6499,OK,62.300,0.44,15908.200002741069
6500,OK,62.000,0.44,15869.39999833703
6501,OK,108.700,0.44,15913.699986413121
6502,OK,82.100,0.44,15721.000032499433
6503,OK,83.800,0.44,15852.199983783066
6504,OK,60.100,0.44,15906.50004800409
6505,OK,77.400,0.44,15894.899959675968
6506,OK,66.300,0.44,15844.40004080534
6507,OK,77.800,0.44,15872.799966018647
6508,OK,68.900,0.44,15936.899988446385
6509,OK,66.200,0.44,15908.600005786866
6510,OK,64.500,0.44,15889.000031165779
6511,OK,67.000,0.44,15878.800011705607
6512,OK,59.500,0.44,15880.999970249832
6513,OK,47.700,0.44,15906.999993603677
6514,OK,47.100,0.44,15942.09996983409
6515,OK,47.700,0.44,15928.6999842152
6516,OK,44.500,0.44,15906.899992842227
6517,OK,53.700,0.44,15916.80001001805
6518,OK,52.200,0.44,15930.599998682737
6519,OK,57.100,0.44,15939.00000443682
6520,OK,61.600,0.44,15916.9000107795
6521,OK,76.800,0.44,15858.700033277273
6522,OK,63.600,0.44,15864.099957980216
6523,OK,77.700,0.44,15824.500005692244
6524,OK,65.700,0.44,15963.900019414723
6525,OK,44.400,0.44,15913.099981844425
6526,OK,44.700,0.44,15886.300010606647
6527,OK,67.300,0.44,15885.000000707805
6528,OK,61.600,0.44,15987.699967809021
6529,OK,63.200,0.44,15882.400039117783
6530,OK,69.900,0.44,15928.299981169403
6531,OK,69.400,0.44,15861.799998674542
6532,OK,58.400,0.44,15914.199990220368
6533,OK,70.000,0.44,15896.700031589717
6534,OK,82.300,0.44,15862.900007050484
6535,OK,88.100,0.44,15823.3999973163
6536,OK,61.600,0.44,15903.699968475848
6537,OK,52.900,0.44,15962.100005708635
6538,OK,59.200,0.44,15923.700004350394
6539,OK,62.100,0.44,15819.499967619777
6540,OK,88.700,0.44,15900.800004601479
6541,OK,98.100,0.44,15844.09998031333
6542,OK,61.500,0.44,15893.000003416091
6543,OK,49.200,0.44,15923.900005873293
6544,OK,48.000,0.44,15945.399994961917
6545,OK,51.500,0.44,15939.500008244067
6546,OK,60.600,0.44,15934.59997093305
6547,OK,84.500,0.44,15869.099996052682
6548,OK,69.000,0.44,15896.30002854392
6549,OK,69.300,0.44,15880.199964158237
6550,OK,65.000,0.44,15878.800011705607
6551,OK,53.300,0.44,15884.599997662008
6552,OK,89.100,0.44,15829.899988602847
6553,OK,66.100,0.44,15963.399957399815
6554,OK,59.500,0.44,15891.80005248636
6555,OK,57.600,0.44,15863.800013903528
6556,OK,62.400,0.44,15926.400024909526
6557,OK,64.600,0.44,15863.200009334832
6558,OK,86.900,0.44,15832.899953238666
6559,OK,86.300,0.44,15900.300000794232
6560,OK,60.300,0.44,15946.60000409931
6561,OK,67.400,0.44,15881.200029980391
6562,OK,70.400,0.44,15936.799987684935
6563,OK,56.900,0.44,15903.5999677144
6564,OK,59.800,0.44,15894.100011792034
6565,OK,65.000,0.44,15901.400009170175
6566,OK,93.800,0.44,15843.599976506084
6567,OK,67.100,0.44,16884.5999869518
6568,OK,102.100,0.44,14873.499982059002
6569,OK,91.700,0.44,15924.799954518676
6570,OK,78.000,0.44,15743.199968710542
6571,OK,71.700,0.44,16021.399991586804
6572,OK,81.200,0.44,15877.900004852563
6573,OK,86.600,0.44,15877.099998760968
6574,OK,73.700,0.44,15821.699984371662
6575,OK,87.500,0.44,15872.999967541546
6576,OK,131.200,0.44,15758.900030050427
6577,OK,62.200,0.44,15854.60000205785
6578,OK,49.000,0.44,15926.600026432425
6579,OK,50.900,0.44,15962.80001103878
6580,OK,57.500,0.44,15906.50004800409
6581,OK,62.500,0.44,15886.699955444783
6582,OK,50.600,0.44,15937.099989969283
6583,OK,55.400,0.44,15920.199977699667
6584,OK,61.900,0.44,15926.300024148077
6585,OK,77.700,0.44,15891.499991994351
6586,OK,86.600,0.44,15867.99998767674
6587,OK,76.600,0.44,15880.499966442585
6588,OK,63.100,0.44,15901.599952485412
6589,OK,63.000,0.44,15812.199970241636
6590,OK,70.400,0.44,15916.000003926456
6591,OK,126.200,0.44,15818.89996305108
6592,OK,96.000,0.44,15880.100021604449
6593,OK,62.600,0.44,15887.500019744039
6594,OK,62.200,0.44,15899.899997748435
6595,OK,61.200,0.44,15904.000028967857
6596,OK,62.900,0.44,15902.20001526177
6597,OK,61.400,0.44,15871.400013566017
6598,OK,67.200,0.44,15947.800013236701
6599,OK,59.600,0.44,15904.99997837469
6600,OK,74.700,0.44,15874.599979724735
6601,OK,81.000,0.44,15669.099986553192
6602,OK,57.700,0.44,15957.899973727763
6603,OK,98.400,0.44,15840.800013393164
6604,OK,69.900,0.44,15945.899998769164
6605,OK,65.700,0.44,15699.899988248944
6606,OK,112.500,0.44,15804.100024979562
6607,OK,46.400,0.44,15891.899995040148
6608,OK,48.700,0.44,15901.000006124377
6609,OK,78.700,0.44,15824.900008738041
6610,OK,73.000,0.44,15993.800014257431
6611,OK,187.100,0.44,15714.899986051023
6612,OK,69.600,0.44,15898.000041488558
6613,OK,85.400,0.44,15897.300036158413
6614,OK,88.800,0.44,15882.399980910122
6615,OK,78.700,0.44,15883.399988524616
6616,OK,74.400,0.44,15829.50004376471
6617,OK,141.200,0.44,15791.00004164502
6618,OK,85.000,0.44,15855.100005865097
6619,OK,69.000,0.44,15848.100010771304
6620,OK,51.100,0.44,15924.000006634742
6621,OK,59.500,0.44,15956.299961544573
6622,OK,125.300,0.44,15804.0999667719
6623,OK,75.300,0.44,15890.899987425655
6624,OK,58.100,0.44,15873.89997439459
6625,OK,60.000,0.44,15921.599988359958
6626,OK,65.300,0.44,15916.100004687905
6627,OK,60.600,0.44,15856.999962124974
6628,OK,70.700,0.44,15936.800045892596
6629,OK,74.800,0.44,15811.099961865693
6630,OK,90.800,0.44,15973.499976098537
6631,OK,62.200,0.44,15874.199976678938
6632,OK,84.300,0.44,15850.899973884225
6633,OK,66.600,0.44,15903.000021353364
6634,OK,47.700,0.44,15916.9000107795
6635,OK,49.600,0.44,16005.999990738928
6636,OK,75.300,0.44,15752.300038002431
6637,OK,69.000,0.44,15862.700005527586
6638,OK,78.100,0.44,15913.500043097883
6639,OK,100.500,0.44,15871.999959927052
6640,OK,111.600,0.44,15824.000001884997
6641,OK,106.500,0.44,15825.799957383424
6642,OK,102.800,0.44,15887.299960013479
6643,OK,137.700,0.44,15783.100039698184
6644,OK,113.800,0.44,15820.900036487728
6645,OK,108.000,0.44,15912.29997575283
6646,OK,71.600,0.44,15895.799966529012
6647,OK,79.900,0.44,15912.60003624484
6648,OK,92.100,0.44,15813.19997785613
6649,OK,89.600,0.44,15856.300015002489
6650,OK,78.300,0.44,15873.699972871691
6651,OK,99.400,0.44,15857.799968216568
6652,OK,97.800,0.44,15855.200006626546
6653,OK,115.300,0.44,15813.09997709468
6654,OK,124.900,0.44,15840.799955185503
6655,OK,119.400,0.44,15882.69998319447
6656,OK,98.100,0.44,15764.800016768277
6657,OK,96.700,0.44,15704.900026321411
6658,OK,104.200,0.44,15899.899997748435
6659,OK,93.600,0.44,15836.199978366494
6660,OK,94.200,0.44,15874.700038693845
6661,OK,92.700,0.44,15857.39996517077
6662,OK,75.000,0.44,15922.6999967359
6663,OK,62.900,0.44,15840.900014154613
6664,OK,95.500,0.44,15843.800036236644
6665,OK,104.400,0.44,15917.300013825297
6666,OK,85.000,0.44,15903.50002516061
6667,OK,210.800,0.44,15542.10000904277
6668,OK,94.000,0.44,15928.70004242286
6669,OK,76.600,0.44,15886.900015175343
6670,OK,65.100,0.44,15930.599998682737
6671,OK,59.400,0.44,15844.399982597679
6672,OK,61.900,0.44,15857.70002566278
6673,OK,64.100,0.44,15942.899975925684
6674,OK,64.600,0.44,15938.800002913922
6675,OK,57.200,0.44,15905.199979897588
6676,OK,61.300,0.44,15913.199982605875
6677,OK,63.400,0.44,15922.100050374866
6678,OK,61.300,0.44,15871.800016611814
6679,OK,202.100,0.44,15629.900037311018
6680,OK,61.000,0.44,15972.699970006943
6681,OK,70.500,0.44,15874.500037170947
6682,OK,75.900,0.44,15874.999982770532
6683,OK,70.100,0.44,15845.199988689274
6684,OK,99.000,0.44,15869.900002144277
6685,OK,80.600,0.44,15943.000034894794
6686,OK,121.700,0.44,15804.19996753335
6687,OK,77.200,0.44,15763.300005346537
6688,OK,66.600,0.44,15938.099997583777
6689,OK,64.900,0.44,15934.400027617812
6690,OK,61.900,0.44,15919.500030577183
6691,OK,63.400,0.44,15805.999981239438
6692,OK,61.200,0.44,15982.299984898418
6693,OK,54.500,0.44,15913.299983367324
6694,OK,64.000,0.44,15907.099994365126
6695,OK,58.000,0.44,15855.199948418885
6696,OK,62.400,0.44,15941.89996831119
6697,OK,73.600,0.44,15891.499991994351
6698,OK,60.800,0.44,15976.599999703467
6699,OK,55.500,0.44,15783.70004426688
6700,OK,45.900,0.44,15951.599983964115
6701,OK,88.500,0.44,15841.000014916062
6702,OK,75.700,0.44,15791.00004164502
6703,OK,65.800,0.44,15936.19998311624
6704,OK,67.800,0.44,16210.700036026537
6705,OK,62.200,0.44,15911.300026345998
6706,OK,64.800,0.44,15920.299978461117
6707,OK,72.600,0.44,15971.100016031414
6708,OK,97.900,0.44,15910.9000233002
6709,OK,96.000,0.44,15724.700002465397
6710,OK,113.900,0.44,15615.99998967722
6711,OK,128.100,0.44,15666.000021155924
6712,OK,95.600,0.44,15907.399996649474
6713,OK,130.000,0.44,15760.399983264506
6714,OK,121.200,0.44,15675.300033763051
6715,OK,67.100,0.44,15796.80002760142
6716,OK,48.900,0.44,16024.200012907386
6717,OK,72.300,0.44,15909.800014924258
6718,OK,51.200,0.44,15937.69999453798
6719,OK,52.900,0.44,15896.199969574809
6720,OK,58.100,0.44,15873.299969825894
6721,OK,62.500,0.44,15887.299960013479
6722,OK,67.200,0.44,15958.600037265569
6723,OK,52.100,0.44,15909.50001263991
6724,OK,52.600,0.44,15944.300044793636
6725,OK,61.900,0.44,15866.599977016449
6726,OK,58.900,0.44,15878.30000789836
6727,OK,61.900,0.44,15878.699952736497
6728,OK,87.000,0.44,15980.999974999577
6729,OK,55.500,0.44,15888.799971435219
6730,OK,52.000,0.44,15803.299960680306
6731,OK,53.300,0.44,16036.699991673231
6732,OK,53.600,0.44,15893.000003416091
6733,OK,42.900,0.44,15941.900026518852
6734,OK,42.000,0.44,15833.500016015023
6735,OK,58.000,0.44,16001.799958758056
6736,OK,52.200,0.44,15905.09997913614
6737,OK,51.700,0.44,15946.200001053512
6738,OK,48.000,0.44,15816.800005268306
6739,OK,44.300,0.44,16039.700014516711
6740,OK,62.900,0.44,15932.900016196072
6741,OK,50.800,0.44,15905.599982943386
6742,OK,47.600,0.44,15845.399990212172
6743,OK,51.300,0.44,15974.600042682141
6744,OK,66.600,0.44,15869.49999909848
6745,OK,52.500,0.44,15955.599956214428
6746,OK,65.900,0.44,15893.400006461889
6747,OK,64.000,0.44,15925.199957564473
6748,OK,66.000,0.44,15873.400028795004
6749,OK,67.200,0.44,15885.90000756085
6750,OK,62.600,0.44,15907.799999695271
6751,OK,72.800,0.44,15880.199964158237
6752,OK,64.500,0.44,15928.499982692301
6753,OK,60.500,0.44,15841.600019484758
6754,OK,66.200,0.44,15895.300020929426
6755,OK,52.000,0.44,15875.699988100678
6756,OK,47.800,0.44,15964.900027029216
6757,OK,53.400,0.44,15978.300012648106
6758,OK,67.500,0.44,15885.999950114638
6759,OK,64.600,0.44,15897.799981757998
6760,OK,65.800,0.44,15921.499987598509
6761,OK,68.100,0.44,15852.199983783066
6762,OK,64.500,0.44,15903.999970760196
6763,OK,75.000,0.44,15845.299989450723
6764,OK,48.700,0.44,15893.800009507686
6765,OK,76.300,0.44,15935.400035232306
6766,OK,53.200,0.44,15901.399950962514
6767,OK,75.500,0.44,19512.000028043985
6768,OK,106.600,0.44,12207.499996293336
6769,OK,87.700,0.44,15889.399976003915
6770,OK,59.100,0.44,15908.400004263967
6771,OK,63.300,0.44,15865.600027609617
6772,OK,48.800,0.44,15934.6999716945
6773,OK,51.700,0.44,15880.700026173145
6774,OK,99.200,0.44,15878.0999481678
6775,OK,58.800,0.44,15898.599987849593
6776,OK,55.000,0.44,15967.499988619238
6777,OK,63.400,0.44,15873.399970587343
6778,OK,76.000,0.44,15858.900034800172
6779,OK,77.000,0.44,15876.199991907924
6780,OK,67.400,0.44,16000.799951143563
6781,OK,69.200,0.44,15757.499961182475
6782,OK,79.100,0.44,15957.399969920516
6783,OK,53.900,0.44,15856.10001347959
6784,OK,55.900,0.44,15941.699966788292
6785,OK,62.900,0.44,15878.200007136911
6786,OK,60.000,0.44,15858.300030231476
6787,OK,60.200,0.44,15943.199978210032
6788,OK,58.500,0.44,15892.700001131743
6789,OK,80.400,0.44,15939.900011289865
6790,OK,73.700,0.44,15810.000011697412
6791,OK,69.700,0.44,15895.799966529012
6792,OK,83.900,0.44,15908.799949102104
6793,OK,58.700,0.44,15929.699991829693
6794,OK,71.100,0.44,15875.999990385026
6795,OK,75.900,0.44,15937.299991492182
6796,OK,53.000,0.44,15872.799966018647
6797,OK,54.200,0.44,15914.199990220368
6798,OK,65.900,0.44,15887.799963820726
6799,OK,55.400,0.44,15924.700011964887
6800,OK,43.100,0.44,15931.59994808957
6801,OK,57.700,0.44,15852.699987590313
6802,OK,166.600,0.44,15716.80000051856
6803,OK,65.700,0.44,15902.600018307567
6804,OK,67.700,0.44,15868.0000458844
6805,OK,65.100,0.44,15900.800004601479
6806,OK,74.500,0.44,15908.300003502518
6807,OK,131.900,0.44,15810.10001245886
6808,OK,62.700,0.44,15982.400043867528
6809,OK,80.200,0.44,15802.600013557822
6810,OK,70.600,0.44,15881.800034549087
6811,OK,75.200,0.44,15764.20001219958
6812,OK,74.300,0.44,15816.700004506856
6813,OK,56.100,0.44,15901.400009170175
6814,OK,62.400,0.44,15903.3999661915
6815,OK,50.500,0.44,15914.799994789064
6816,OK,51.600,0.44,15918.100019916892
6817,OK,52.100,0.44,15890.29998285696
6818,OK,58.900,0.44,15932.299953419715
6819,OK,54.500,0.44,15953.199996147305
6820,OK,62.800,0.44,15855.500008910894
6821,OK,87.700,0.44,15942.700032610446
6822,OK,63.800,0.44,15842.700027860701
6823,OK,63.700,0.44,15871.300012804568
6824,OK,63.900,0.44,15893.800009507686
6825,OK,63.100,0.44,15915.29999859631
6826,OK,61.900,0.44,15931.200003251433
6827,OK,65.000,0.44,15914.699994027615
6828,OK,65.700,0.44,15864.099957980216
6829,OK,68.900,0.44,15872.599964495748
6830,OK,87.700,0.44,15941.100020427257
6831,OK,86.200,0.44,15766.099968459457
6832,OK,62.900,0.44,15923.800005111843
6833,OK,56.100,0.44,15956.000017467886
6834,OK,80.900,0.44,15940.800018142909
6835,OK,66.100,0.44,15868.899994529784
6836,OK,63.100,0.44,15907.199995126575
6837,OK,66.400,0.44,15881.599974818528
6838,OK,61.500,0.44,15890.699985902756
6839,OK,68.700,0.44,15924.599952995777
6840,OK,62.300,0.44,15836.79998293519
6841,OK,87.200,0.44,15953.299996908754
6842,OK,112.700,0.44,15847.000002395362
6843,OK,67.400,0.44,15870.300005190074
6844,OK,53.400,0.44,15888.500027358532
6845,OK,60.800,0.44,15927.899978123605
6846,OK,67.600,0.44,15906.699991319329
6847,OK,78.200,0.44,15904.100029729307
6848,OK,62.800,0.44,15863.800013903528
6849,OK,61.000,0.44,15898.199984803796
6850,OK,57.400,0.44,15885.8000067994
6851,OK,151.000,0.44,15807.499992661178
6852,OK,66.900,0.44,15843.600034713745
6853,OK,64.800,0.44,15941.399964503944
6854,OK,64.800,0.44,15826.400020159781
6855,OK,51.100,0.44,15980.200027115643
6856,OK,84.800,0.44,15790.399978868663
6857,OK,50.200,0.44,15931.60000629723
6858,OK,47.300,0.44,15988.800034392625
6859,OK,184.900,0.44,15596.999961417168
6860,OK,73.500,0.44,16034.700034651905
6861,OK,71.900,0.44,15833.299956284463
6862,OK,68.600,0.44,15903.49996695295
6863,OK,70.000,0.44,15739.299997221678
6864,OK,94.400,0.44,15985.800011549145
6865,OK,75.200,0.44,15837.399987503886
6866,OK,78.300,0.44,15863.50001161918
6867,OK,95.700,0.44,15839.899948332459
6868,OK,89.300,0.44,15859.700040891767
6869,OK,84.200,0.44,15911.299968138337
6870,OK,87.700,0.44,15881.399973295629
6871,OK,75.800,0.44,15870.100003667176
6872,OK,109.800,0.44,15824.800007976592
6873,OK,123.100,0.44,15853.299992159009
6874,OK,90.300,0.44,15846.200054511428
6875,OK,116.400,0.44,15775.200037751347
6876,OK,110.200,0.44,15813.30003682524
6877,OK,109.100,0.44,15876.199991907924
6878,OK,94.700,0.44,15853.299992159009
6879,OK,90.200,0.44,15826.50002092123
6880,OK,76.000,0.44,15893.10000417754
6881,OK,94.900,0.44,15862.600004766136
6882,OK,91.900,0.44,15845.099987927824
6883,OK,92.700,0.44,15865.499968640506
6884,OK,112.000,0.44,15868.799993768334
6885,OK,106.100,0.44,15800.799999851733
6886,OK,103.800,0.44,15818.400017451495
6887,OK,99.300,0.44,15865.600027609617
6888,OK,101.500,0.44,15849.300019908696
6889,OK,108.600,0.44,15802.300011273474
6890,OK,67.500,0.44,15899.699996225536
6891,OK,77.600,0.44,15933.400020003319
6892,OK,104.400,0.44,15808.099997229874
6893,OK,99.300,0.44,15882.599982433021
6894,OK,75.200,0.44,15972.200024407357
6895,OK,210.500,0.44,15603.499952703714
6896,OK,74.600,0.44,15778.800006955862
6897,OK,47.100,0.44,15988.800034392625
6898,OK,45.800,0.44,15929.100045468658
6899,OK,39.000,0.44,15896.199969574809
6900,OK,51.100,0.44,15911.699971184134
6901,OK,53.400,0.44,15807.699994184077
6902,OK,88.700,0.44,15880.800026934594
6903,OK,56.400,0.44,15963.300014846027
6904,OK,81.500,0.44,15945.699997246265
6905,OK,81.300,0.44,15831.400000024587
6906,OK,56.500,0.44,15831.900003831834
6907,OK,51.500,0.44,16037.699999287724
6908,OK,53.700,0.44,15835.800033528358
6909,OK,72.000,0.44,15912.800037767738
6910,OK,60.900,0.44,16102.799971122295
6911,OK,139.000,0.44,15598.099969793111
6912,OK,162.300,0.44,15734.000015072525
6913,OK,72.200,0.44,15828.699979465455
6914,OK,87.000,0.44,15963.700017891824
6915,OK,76.800,0.44,15846.599999349564
6916,OK,101.200,0.44,15833.90001906082
6917,OK,85.400,0.44,15967.700048349798
6918,OK,69.800,0.44,15885.799948591739
6919,OK,65.200,0.44,15892.100054770708
6920,OK,64.800,0.44,15957.00002508238
6921,OK,107.000,0.44,15762.399998493493
6922,OK,70.300,0.44,15896.000026259571
6923,OK,66.900,0.44,15898.400044534355
6924,OK,73.300,0.44,15785.399999003857
6925,OK,65.500,0.44,15943.999984301627
6926,OK,69.200,0.44,16075.799998361617
6927,OK,58.800,0.44,15836.999984458089
6928,OK,84.800,0.44,15770.600002724677
6929,OK,97.000,0.44,16271.799977403134
6930,OK,118.900,0.44,15527.900017332286
6931,OK,113.400,0.44,15771.399950608611
6932,OK,75.400,0.44,15840.000007301569
6933,OK,73.500,0.44,15916.400006972253
6934,OK,87.300,0.44,15917.799959424883
6935,OK,97.300,0.44,15788.599965162575
6936,OK,119.200,0.44,16283.799952361733
6937,OK,152.600,0.44,15793.700003996491
6938,OK,156.700,0.44,15376.399969682097
6939,OK,159.300,0.44,15722.199983429164
6940,OK,178.400,0.44,15691.300039179623
6941,OK,153.100,0.44,15679.700009059161
6942,OK,76.300,0.44,16002.000018488616
6943,OK,73.400,0.44,15709.300001617521
6944,OK,104.500,0.44,15753.79999121651
6945,OK,57.800,0.44,16054.299951065332
6946,OK,62.800,0.44,15860.80004926771
6947,OK,70.600,0.44,15903.800027444959
6948,OK,57.700,0.44,15906.000044196844
6949,OK,72.500,0.44,15905.599982943386
6950,OK,75.900,0.44,15900.400001555681
6951,OK,55.000,0.44,15856.399957556278
6952,OK,53.100,0.44,15987.199964001775
6953,OK,61.300,0.44,15842.000022530556
6954,OK,59.200,0.44,15887.30001822114
6955,OK,47.300,0.44,15937.200048938394
6956,OK,49.500,0.44,15955.899958498776
6957,OK,68.300,0.44,15877.600002568215
6958,OK,51.600,0.44,15954.900009091944
6959,OK,53.900,0.44,15901.600010693073
6960,OK,60.900,0.44,15964.40002322197
6961,OK,56.700,0.44,15876.79999647662
6962,OK,59.100,0.44,15921.700047329068
6963,OK,50.200,0.44,15913.399984128773
6964,OK,46.100,0.44,15937.999996822327
6965,OK,63.200,0.44,15903.3999661915
6966,OK,59.100,0.44,15909.899957478046
6967,OK,57.000,0.44,15907.000051811337
6968,OK,54.100,0.44,15936.999989207834
6969,OK,65.000,0.44,15907.399996649474
6970,OK,45.500,0.44,15936.799987684935
6971,OK,58.900,0.44,15906.49998979643
6972,OK,74.300,0.44,15899.599995464087
6973,OK,42.600,0.44,15962.300007231534
6974,OK,69.100,0.44,15872.300020419061
6975,OK,51.400,0.44,15894.000011030585
6976,OK,49.500,0.44,15907.499997410923
6977,OK,66.100,0.44,15942.499972879887
6978,OK,110.000,0.44,15853.599994443357
6979,OK,66.600,0.44,15935.300034470856
6980,OK,195.300,0.44,15620.799968019128
6981,OK,98.400,0.44,15880.300023127347
6982,OK,57.900,0.44,15891.499991994351
6983,OK,45.100,0.44,15939.700009766966
6984,OK,47.600,0.44,15850.399970076978
6985,OK,50.900,0.44,15962.500008754432
6986,OK,59.700,0.44,15889.899979811162
6987,OK,50.600,0.44,15935.100032947958
6988,OK,68.600,0.44,15870.500006712973
6989,OK,66.200,0.44,16005.80004742369
6990,OK,62.800,0.44,15928.899985738099
6991,OK,80.800,0.44,15870.600007474422
6992,OK,85.200,0.44,15808.80000256002
6993,OK,61.300,0.44,15963.200014084578
6994,OK,57.900,0.44,15874.799981247634
6995,OK,60.200,0.44,15885.70000603795
6996,OK,68.700,0.44,15943.099977448583
6997,OK,77.900,0.44,15899.899997748435
6998,OK,69.500,0.44,15880.300023127347
6999,OK,57.200,0.44,15883.299987763166
7000,OK,49.100,0.44,15849.800023715943
7001,OK,57.900,0.44,15869.299997575581
7002,OK,52.200,0.44,15943.39997973293
7003,OK,63.300,0.44,15918.29996323213
7004,OK,64.200,0.44,15805.899980477989
7005,OK,68.200,0.44,15979.400021024048
7006,OK,68.700,0.44,15915.50000011921
7007,OK,73.700,0.44,15871.399955358356
7008,OK,65.500,0.44,15899.09999165684
7009,OK,67.900,0.44,15808.399999514222
7010,OK,90.400,0.44,15888.400026597083
7011,OK,115.400,0.44,17052.99998866394
7012,OK,93.500,0.44,14708.800008520484
7013,OK,113.600,0.44,15697.899973019958
7014,OK,118.400,0.44,15818.400017451495
7015,OK,102.800,0.44,15827.000024728477
7016,OK,109.800,0.44,15959.399985149503
7017,OK,110.900,0.44,16295.599984005094
7018,OK,131.400,0.44,15050.999994855374
7019,OK,102.900,0.44,15828.699979465455
7020,OK,100.100,0.44,15861.899999435991
7021,OK,89.600,0.44,15854.7000028193
7022,OK,99.300,0.44,15861.500054597855
7023,OK,138.300,0.44,15759.89997945726
7024,OK,74.000,0.44,15867.499983869493
7025,OK,60.400,0.44,15902.20001526177
7026,OK,59.500,0.44,15915.199997834861
7027,OK,108.200,0.44,15889.199974481016
7028,OK,107.600,0.44,15849.900024477392
7029,OK,58.000,0.44,15846.199996303767
7030,OK,57.800,0.44,15980.299969669431
7031,OK,56.500,0.44,15837.299986742437
7032,OK,57.500,0.44,15999.999945051968
7033,OK,78.200,0.44,15870.100003667176
7034,OK,55.800,0.44,15938.399999868125
7035,OK,67.400,0.44,15799.700049683452
7036,OK,62.900,0.44,16004.899982362986
7037,OK,83.900,0.44,15878.699952736497
7038,OK,75.700,0.44,15847.20000391826
7039,OK,173.300,0.44,15714.299981482327
7040,OK,91.000,0.44,15881.699975579977
7041,OK,99.100,0.44,15886.500012129545
7042,OK,60.500,0.44,15886.100009083748
7043,OK,54.800,0.44,15882.69998319447
7044,OK,97.200,0.44,15802.500012796372
7045,OK,59.200,0.44,15917.399956379086
7046,OK,50.900,0.44,15928.099979646504
7047,OK,50.200,0.44,15917.300013825297
7048,OK,51.100,0.44,15924.29995071143
7049,OK,53.600,0.44,15928.90004394576
7050,OK,57.200,0.44,15913.700044620782
7051,OK,64.000,0.44,15909.900015685707
7052,OK,77.700,0.44,15867.900045122951
7053,OK,79.700,0.44,15958.100033458322
7054,OK,162.200,0.44,15766.900032758713
7055,OK,82.500,0.44,15935.599978547543
7056,OK,75.400,0.44,15822.599991224706
7057,OK,55.700,0.44,15891.7999942787
7058,OK,57.200,0.44,15908.00000121817
7059,OK,58.100,0.44,15909.699955955148
7060,OK,56.400,0.44,15873.699972871691
7061,OK,41.400,0.44,15934.100025333464
7062,OK,42.500,0.44,15910.700021777302
7063,OK,52.100,0.44,15939.999953843653
7064,OK,50.600,0.44,15960.199991241097
7065,OK,69.700,0.44,15894.400014076382
7066,OK,65.100,0.44,15913.699986413121
7067,OK,56.700,0.44,15924.700011964887
7068,OK,54.600,0.44,15910.299960523844
7069,OK,54.000,0.44,15878.399950452149
7070,OK,73.600,0.44,15862.900007050484
7071,OK,77.100,0.44,15902.799961622804
7072,OK,117.600,0.44,15827.699971850961
7073,OK,61.100,0.44,16341.200040187687
7074,OK,63.100,0.44,15418.199996929616
7075,OK,62.700,0.44,15963.200014084578
7076,OK,63.200,0.44,15896.400029305369
7077,OK,69.200,0.44,15832.600009161979
7078,OK,54.300,0.44,15870.700008235872
7079,OK,42.200,0.44,15989.49998151511
7080,OK,128.000,0.44,15871.400013566017
7081,OK,62.200,0.44,15818.799962289631
7082,OK,58.400,0.44,15941.000019665807
7083,OK,80.700,0.44,15916.200005449355
7084,OK,61.900,0.44,15910.100017208606
7085,OK,57.200,0.44,15886.400011368096
7086,OK,67.100,0.44,15904.400032013655
7087,OK,80.100,0.44,15844.29998183623
7088,OK,107.000,0.44,15835.300029721111
7089,OK,99.100,0.44,15815.899998415262
7090,OK,109.600,0.44,15833.700017537922
7091,OK,53.100,0.44,15918.700024485588
7092,OK,51.000,0.44,15925.500018056482
7093,OK,51.900,0.44,15952.999994624406
7094,OK,85.700,0.44,15846.099995542318
7095,OK,73.200,0.44,15905.899985227734
7096,OK,80.400,0.44,15868.699993006885
7097,OK,86.600,0.44,15872.800024226308
7098,OK,88.800,0.44,15818.000014405698
7099,OK,92.200,0.44,15875.599987339228
7100,OK,96.100,0.44,15854.60000205785
7101,OK,116.200,0.44,15687.09994899109
7102,OK,117.600,0.44,15854.60000205785
7103,OK,171.400,0.44,15736.599976662546
7104,OK,79.700,0.44,15869.199996814132
7105,OK,70.100,0.44,15913.400042336434
7106,OK,100.700,0.44,15859.20003708452
7107,OK,111.500,0.44,15803.800022695214
7108,OK,108.000,0.44,15807.499992661178
7109,OK,74.400,0.44,15935.499977786094
7110,OK,67.500,0.44,15988.599974662066
7111,OK,107.700,0.44,15721.699979621917
7112,OK,116.100,0.44,15819.20002354309
7113,OK,103.400,0.44,15891.399991232902
7114,OK,100.100,0.44,15811.70002464205
7115,OK,116.100,0.44,15819.600026588887
7116,OK,103.000,0.44,15849.400020670146
7117,OK,98.400,0.44,15804.900031071156
7118,OK,91.800,0.44,15861.600055359304
7119,OK,95.700,0.44,15889.600035734475
7120,OK,74.900,0.44,15826.999966520816
7121,OK,60.600,0.44,15961.999946739525
7122,OK,113.200,0.44,15823.900001123548
7123,OK,89.000,0.44,15919.500030577183
7124,OK,104.400,0.44,15921.099984552711
7125,OK,200.500,0.44,15628.399967681617
7126,OK,161.200,0.44,15633.90000956133
7127,OK,65.400,0.44,15870.79995078966
7128,OK,59.700,0.44,15923.700004350394
7129,OK,68.900,0.44,15884.29999537766
7130,OK,66.000,0.44,16004.800039809197
7131,OK,80.700,0.44,15901.599952485412
7132,OK,67.500,0.44,15889.899979811162
7133,OK,62.300,0.44,15862.800006289035
7134,OK,67.800,0.44,15940.800018142909
7135,OK,96.000,0.44,15856.800018809736
7136,OK,62.100,0.44,15851.69997997582
7137,OK,94.600,0.44,15910.600021015853
7138,OK,154.400,0.44,15627.800021320581
7139,OK,73.900,0.44,15832.000004593283
7140,OK,63.200,0.44,15924.600011203438
7141,OK,56.800,0.44,15903.300023637712
7142,OK,51.800,0.44,16049.100027885288
7143,OK,185.600,0.44,15635.499963536859
7144,OK,59.500,0.44,15955.100010614842
7145,OK,64.500,0.44,15827.600029297173
7146,OK,54.300,0.44,15988.599974662066
7147,OK,71.400,0.44,15898.399986326694
7148,OK,74.200,0.44,15865.599969401956
7149,OK,61.200,0.44,15914.400049950927
7150,OK,82.800,0.44,15853.999997489154
7151,OK,60.400,0.44,15940.400015097111
7152,OK,72.200,0.44,15782.09997387603
7153,OK,66.000,0.44,15974.59998447448
7154,OK,67.700,0.44,15948.999964166433
7155,OK,160.100,0.44,15627.100015990436
7156,OK,63.100,0.44,15982.500044628978
7157,OK,100.900,0.44,15911.299968138337
7158,OK,97.400,0.44,16012.099978979677
7159,OK,112.500,0.44,15647.699998226017
7160,OK,104.500,0.44,15782.900038175285
7161,OK,84.800,0.44,15745.299984700978
7162,OK,50.700,0.44,16310.299979522824
7163,OK,69.200,0.44,15620.999969542027
7164,OK,56.200,0.44,16182.899998966604
7165,OK,54.100,0.44,15601.29999415949
7166,OK,60.500,0.44,16418.099985457957
7167,OK,72.700,0.44,15944.499988108873
7168,OK,85.700,0.44,15648.300002794713
7169,OK,119.200,0.44,15615.299984347075
7170,OK,112.700,0.44,16099.00000039488
7171,OK,125.600,0.44,15374.099952168763
7172,OK,157.300,0.44,15700.799995101988
7173,OK,179.900,0.44,15710.700012277812
7174,OK,108.400,0.44,15862.800006289035
7175,OK,83.500,0.44,16131.899959873408
7176,OK,82.700,0.44,15537.999977823347
7177,OK,77.300,0.44,15917.300013825297
7178,OK,128.200,0.44,15856.700018048286
7179,OK,117.400,0.44,15718.3000119403
7180,OK,58.000,0.44,15783.799986820668
7181,OK,60.400,0.44,15985.300007741898
7182,OK,48.500,0.44,15949.799970258027
7183,OK,79.200,0.44,15849.099960178137
7184,OK,52.300,0.44,15878.999955020845
7185,OK,63.300,0.44,15980.800031684339
7186,OK,50.200,0.44,15908.200002741069
7187,OK,55.500,0.44,15928.499982692301
7188,OK,59.100,0.44,15914.300049189478
7189,OK,63.600,0.44,15860.899991821498
7190,OK,86.800,0.44,15928.400040138513
7191,OK,57.300,0.44,15912.200033199042
7192,OK,106.600,0.44,15805.899980477989
7193,OK,63.000,0.44,15943.59998125583
7194,OK,60.500,0.44,15886.600012890995
7195,OK,49.100,0.44,15888.799971435219
7196,OK,80.000,0.44,15900.400001555681
7197,OK,66.400,0.44,15939.500008244067
7198,OK,78.900,0.44,15825.600014068186
7199,OK,56.500,0.44,15930.000052321702
7200,OK,65.100,0.44,15954.100003000349
7201,OK,72.500,0.44,15669.899992644787
7202,OK,54.500,0.44,16018.599970266223
7203,OK,91.300,0.44,15869.699942413718
7204,OK,65.800,0.44,15882.000036071986
7205,OK,61.900,0.44,15899.999998509884
7206,OK,64.000,0.44,15868.899994529784
7207,OK,57.900,0.44,15936.399984639138
7208,OK,64.700,0.44,15860.899991821498
7209,OK,60.900,0.44,15946.900006383657
7210,OK,58.700,0.44,15894.500014837831
7211,OK,63.800,0.44,15869.49999909848
7212,OK,58.800,0.44,15936.400042846799
7213,OK,64.800,0.44,15873.999975156039
7214,OK,56.500,0.44,15896.399971097708
7215,OK,67.100,0.44,15866.300032939762
7216,OK,67.700,0.44,15910.000016447157
7217,OK,66.400,0.44,15940.400015097111
7218,OK,60.600,0.44,15924.30000891909
7219,OK,65.400,0.44,15878.30000789836
7220,OK,62.400,0.44,15899.19999241829
7221,OK,71.800,0.44,15829.800046049058
7222,OK,58.900,0.44,15975.899994373322
7223,OK,139.900,0.44,15678.099996875972
7224,OK,63.500,0.44,15900.899947155267
7225,OK,52.300,0.44,15961.29999961704
7226,OK,46.900,0.44,15956.499963067472
7227,OK,44.800,0.44,15865.800029132515
7228,OK,48.700,0.44,15911.299968138337
7229,OK,71.600,0.44,15971.399960108101
7230,OK,78.400,0.44,15864.699962548912
7231,OK,84.300,0.44,15865.999972447753
7232,OK,68.200,0.44,15912.29997575283
7233,OK,62.500,0.44,15875.999990385026
7234,OK,78.600,0.44,15925.000014249235
7235,OK,70.500,0.44,15835.699974559247
7236,OK,86.500,0.44,15888.399968389422
7237,OK,61.600,0.44,15836.69998217374
7238,OK,54.800,0.44,15923.099999781698
7239,OK,52.300,0.44,15970.500011462718
7240,OK,53.600,0.44,15912.200033199042
7241,OK,71.300,0.44,15939.599950797856
7242,OK,83.700,0.44,15867.800044361502
7243,OK,68.300,0.44,15819.199965335429
7244,OK,69.700,0.44,15846.599999349564
7245,OK,90.000,0.44,15838.699997402728
7246,OK,68.200,0.44,15780.400019139051
7247,OK,78.400,0.44,15996.8999796547
7248,OK,56.800,0.44,15907.90000045672
7249,OK,59.800,0.44,15878.600010182709
7250,OK,46.700,0.44,15899.899997748435
7251,OK,59.100,0.44,15924.799954518676
7252,OK,76.000,0.44,15855.000005103648
7253,OK,80.400,0.44,15927.19997279346
7254,OK,58.900,0.44,15826.400020159781
7255,OK,70.800,0.44,15945.09999267757
7256,OK,67.900,0.44,15884.19999461621
7257,OK,69.200,0.44,15976.599999703467
7258,OK,62.700,0.44,15835.300029721111
7259,OK,79.400,0.44,15870.000002905726
7260,OK,66.100,0.44,15868.799993768334
7261,OK,56.200,0.44,15930.900000967085
7262,OK,59.500,0.44,15904.199972283095
7263,OK,66.100,0.44,15886.799956206232
7264,OK,64.800,0.44,15870.000002905726
7265,OK,61.300,0.44,15947.599953506142
7266,OK,91.900,0.44,15858.599974308163
7267,OK,62.400,0.44,15895.299962721765
7268,OK,65.400,0.44,15888.899972196668
7269,OK,55.400,0.44,15913.89998793602
7270,OK,56.800,0.44,15916.200005449355
7271,OK,80.800,0.44,15947.599953506142
7272,OK,69.500,0.44,15860.70004850626
7273,OK,60.200,0.44,15933.500020764768
7274,OK,73.700,0.44,15806.299983523786
7275,OK,84.000,0.44,15930.800000205636
7276,OK,62.500,0.44,15899.399993941188
7277,OK,67.400,0.44,15882.399980910122
7278,OK,69.300,0.44,15904.400032013655
7279,OK,62.700,0.44,15864.100016187876
7280,OK,52.000,0.44,15911.200025584549
7281,OK,49.100,0.44,15915.50000011921
7282,OK,50.600,0.44,15939.500008244067
7283,OK,50.400,0.44,15924.699953757226
7284,OK,53.500,0.44,15917.299955617636
7285,OK,62.100,0.44,15905.999985989183
7286,OK,66.700,0.44,15908.700006548315
7287,OK,50.500,0.44,15911.399968899786
7288,OK,51.800,0.44,15914.199990220368
7289,OK,50.600,0.44,15921.599988359958
7290,OK,52.300,0.44,15899.299993179739
7291,OK,55.300,0.44,15870.500006712973
7292,OK,85.700,0.44,15872.800024226308
7293,OK,57.900,0.44,15859.699982684106
7294,OK,60.000,0.44,16028.900048695505
7295,OK,59.100,0.44,15900.200000032783
7296,OK,58.700,0.44,15908.10000197962
7297,OK,70.300,0.44,15790.500037837774
7298,OK,57.400,0.44,15928.899985738099
7299,OK,52.600,0.44,15896.299970336258
7300,OK,59.000,0.44,15904.499974567443
7301,OK,64.900,0.44,16079.999972134829
7302,OK,61.200,0.44,15674.899972509593
7303,OK,89.300,0.44,15902.299957815558
7304,OK,58.000,0.44,15908.599947579205
7305,OK,55.400,0.44,15897.999983280897
7306,OK,52.400,0.44,15923.099999781698
7307,OK,55.500,0.44,15923.500002827495
7308,OK,66.100,0.44,15875.499986577779
7309,OK,53.600,0.44,15871.10001128167
7310,OK,52.600,0.44,15983.39999327436
7311,OK,145.400,0.44,15821.400040294975
7312,OK,72.200,0.44,15894.60001559928
7313,OK,65.700,0.44,15823.299996554852
7314,OK,69.100,0.44,16006.099991500378
7315,OK,66.600,0.44,15904.89997761324
7316,OK,66.100,0.44,15885.400003753603
7317,OK,92.200,0.44,15828.699979465455
7318,OK,59.500,0.44,15856.500016525388
7319,OK,59.200,0.44,15952.799993101507
7320,OK,147.200,0.44,15804.100024979562
7321,OK,63.500,0.44,15867.500042077154
7322,OK,75.000,0.44,15867.600042838603
7323,OK,49.000,0.44,15874.299977440387
7324,OK,58.900,0.44,15919.299970846623
7325,OK,64.100,0.44,15929.699991829693
7326,OK,51.600,0.44,15922.999999020249
7327,OK,67.700,0.44,15991.499996744096
7328,OK,94.700,0.44,15806.899988092482
7329,OK,60.600,0.44,15925.299958325922
7330,OK,70.600,0.44,15882.899984717369
7331,OK,67.700,0.44,15898.700046818703
7332,OK,69.100,0.44,15897.799981757998
7333,OK,71.900,0.44,15822.899993509054
7334,OK,59.800,0.44,15919.399971608073
7335,OK,66.600,0.44,15795.600018464029
7336,OK,91.700,0.44,15860.80004926771
7337,OK,75.200,0.44,15926.699968986213
7338,OK,76.300,0.44,15872.499963734299
7339,OK,107.300,0.44,15821.199980564415
7340,OK,103.300,0.44,15841.40001796186
7341,OK,168.800,0.44,15765.100019052625
7342,OK,112.900,0.44,15924.600011203438
7343,OK,73.600,0.44,15858.100028708577
7344,OK,71.200,0.44,15860.299987252802
7345,OK,69.700,0.44,15899.999998509884
7346,OK,89.600,0.44,15854.900004342198
7347,OK,69.500,0.44,15862.700005527586
7348,OK,88.700,0.44,15875.700046308339
7349,OK,88.200,0.44,15876.399993430823
7350,OK,87.200,0.44,15870.90000975877
7351,OK,91.900,0.44,15867.399983108044
7352,OK,97.500,0.44,15841.900021769106
7353,OK,123.900,0.44,15815.899998415262
7354,OK,110.300,0.44,15849.600022193044
7355,OK,120.000,0.44,15843.700035475194
7356,OK,76.300,0.44,15791.500045452267
7357,OK,69.800,0.44,15946.900006383657
7358,OK,84.800,0.44,15874.10003412515
7359,OK,107.100,0.44,15873.699972871691
7360,OK,116.400,0.44,15820.400032680482
7361,OK,142.200,0.44,15768.499986734241
7362,OK,224.700,0.44,15636.200027074665
7363,OK,71.900,0.44,15837.799990549684
7364,OK,43.000,0.44,15942.799975164235
7365,OK,53.200,0.44,15899.20005062595
7366,OK,39.800,0.44,15942.199970595539
7367,OK,38.000,0.44,16025.900025852025
7368,OK,59.400,0.44,15914.299990981817
7369,OK,59.500,0.44,15866.999980062246
7370,OK,57.800,0.44,15977.3999475874
7371,OK,147.200,0.44,15783.899987582117
7372,OK,57.700,0.44,15898.399986326694
7373,OK,51.300,0.44,15910.000016447157
7374,OK,52.400,0.44,15919.499972369522
7375,OK,50.800,0.44,15910.400019492954
7376,OK,81.300,0.44,15904.299973044544
7377,OK,54.300,0.44,15903.300023637712
7378,OK,142.600,0.44,15754.399995785207
7379,OK,62.700,0.44,15837.600047234446
7380,OK,61.800,0.44,16009.400016628206
7381,OK,71.700,0.44,15803.100017365068
7382,OK,87.300,0.44,15888.59996991232
7383,OK,113.500,0.44,15835.3999722749
7384,OK,112.200,0.44,15857.799968216568
7385,OK,108.400,0.44,15819.800028111786
7386,OK,84.900,0.44,15907.299995888025
7387,OK,115.200,0.44,15817.70001212135
7388,OK,225.800,0.44,15696.10001752153
7389,OK,86.400,0.44,15860.699990298599
7390,OK,76.900,0.44,15850.20002676174
7391,OK,74.000,0.44,15890.19998209551
7392,OK,68.900,0.44,16058.899986092001
7393,OK,178.700,0.44,15611.499955412
7394,OK,98.700,0.44,15879.299957305193
7395,OK,62.900,0.44,15907.299995888025
7396,OK,71.800,0.44,15829.799987841398
7397,OK,67.100,0.44,15860.399988014251
7398,OK,65.200,0.44,16076.400002930313
7399,OK,76.300,0.44,15851.90003970638
7400,OK,92.900,0.44,15927.499975077808
7401,OK,119.300,0.44,15606.299974024296
7402,OK,115.900,0.44,15690.299973357469
7403,OK,74.800,0.44,15862.200001720339
7404,OK,53.100,0.44,15896.900033112615
7405,OK,59.600,0.44,15977.999952156097
7406,OK,63.800,0.44,16035.599983297288
7407,OK,61.500,0.44,15814.299986232072
7408,OK,66.700,0.44,16041.200025938451
7409,OK,83.100,0.44,16128.200048115104
7410,OK,93.100,0.44,15901.900012977421
7411,OK,95.100,0.44,15493.299986701459
7412,OK,94.600,0.44,15809.799951966852
7413,OK,95.900,0.44,15861.099993344396
7414,OK,136.400,0.44,15816.20000069961
7415,OK,171.000,0.44,15680.799959227443
7416,OK,149.200,0.44,15825.800015591085
7417,OK,229.500,0.44,15385.199978481978
7418,OK,47.500,0.44,15944.699989631772
7419,OK,53.100,0.44,15970.20000917837
7420,OK,65.100,0.44,15897.899982519448
7421,OK,61.400,0.44,15945.599996484816
7422,OK,54.400,0.44,15839.300001971424
7423,OK,88.200,0.44,15927.000029478222
7424,OK,94.700,0.44,15798.800042830408
7425,OK,79.700,0.44,15957.199968397617
7426,OK,57.700,0.44,15855.300007387996
7427,OK,65.600,0.44,15840.600011870265
7428,OK,58.400,0.44,15936.299983877689
7429,OK,49.900,0.44,15918.000019155443
7430,OK,91.600,0.44,15872.999967541546
7431,OK,114.900,0.44,15844.399982597679
7432,OK,67.300,0.44,15914.399991743267
7433,OK,70.700,0.44,15871.700015850365
7434,OK,69.900,0.44,15879.8000193201
7435,OK,76.400,0.44,15922.79999749735
7436,OK,60.900,0.44,15875.899989623576
7437,OK,52.900,0.44,15938.699943944812
7438,OK,66.100,0.44,15876.89999723807
7439,OK,57.600,0.44,15935.899980831891
7440,OK,65.900,0.44,15862.300002481788
7441,OK,53.700,0.44,15925.79996213317
7442,OK,54.400,0.44,15925.099956803024
7443,OK,62.500,0.44,15904.599975328892
7444,OK,63.900,0.44,15900.60000307858
7445,OK,66.700,0.44,15897.5999802351
7446,OK,68.200,0.44,15896.000026259571
7447,OK,79.200,0.44,15857.000020332634
7448,OK,59.200,0.44,15919.099969323725
7449,OK,77.800,0.44,15892.299998085946
7450,OK,67.900,0.44,15845.899994019419
7451,OK,89.700,0.44,15893.800009507686
7452,OK,63.400,0.44,15874.899982009083
7453,OK,87.600,0.44,15897.099976427853
7454,OK,65.900,0.44,15881.599974818528
7455,OK,58.900,0.44,15915.999945718795
7456,OK,65.100,0.44,15904.700034298003
7457,OK,62.600,0.44,15910.9000233002
7458,OK,65.900,0.44,15826.300019398332
7459,OK,50.400,0.44,15899.599995464087
7460,OK,50.400,0.44,15951.399982441217
7461,OK,57.400,0.44,15853.09999063611
7462,OK,96.500,0.44,15895.300020929426
7463,OK,64.700,0.44,15937.49999301508
7464,OK,62.500,0.44,15907.699998933822
7465,OK,58.600,0.44,15808.199997991323
7466,OK,71.100,0.44,15990.000043530017
7467,OK,60.400,0.44,15920.999983791262
7468,OK,66.900,0.44,15881.000028457493
7469,OK,66.600,0.44,15840.500011108816
7470,OK,64.600,0.44,15940.999961458147
7471,OK,64.700,0.44,15922.79999749735
7472,OK,65.500,0.44,15826.800023205578
7473,OK,66.000,0.44,15939.700009766966
7474,OK,63.200,0.44,15917.900018393993
7475,OK,59.000,0.44,15935.600036755204
7476,OK,77.100,0.44,15774.200030136853
7477,OK,67.800,0.44,15926.699968986213
7478,OK,53.000,0.44,15912.899980321527
7479,OK,103.200,0.44,15869.39999833703
7480,OK,59.300,0.44,15956.100018229336
7481,OK,59.700,0.44,15926.499967463315
7482,OK,68.800,0.44,15883.699990808964
7483,OK,67.200,0.44,15912.700037006289
7484,OK,68.300,0.44,15868.099988438189
7485,OK,61.800,0.44,15866.599977016449
7486,OK,87.500,0.44,15923.700004350394
7487,OK,66.000,0.44,15885.000000707805
7488,OK,68.100,0.44,15912.800037767738
7489,OK,78.300,0.44,15786.5000073798
7490,OK,58.200,0.44,15932.500013150275
7491,OK,67.900,0.44,15887.399960774928
7492,OK,73.600,0.44,15979.1000187397
7493,OK,60.600,0.44,15791.799989528954
7494,OK,52.600,0.44,15937.199990730733
7495,OK,84.100,0.44,15916.9000107795
7496,OK,77.100,0.44,15856.499958317727
7497,OK,49.600,0.44,15944.499988108873
7498,OK,85.700,0.44,15871.300012804568
7499,OK,67.500,0.44,15871.300012804568
7500,OK,56.100,0.44,15883.099986240268
7501,OK,82.000,0.44,15806.700044777244
7502,OK,88.900,0.44,15934.099967125803
7503,OK,73.700,0.44,15903.300023637712
7504,OK,89.500,0.44,15839.100000448525
7505,OK,87.200,0.44,15842.299966607243
7506,OK,84.600,0.44,15855.500008910894
7507,OK,95.200,0.44,15914.699994027615
7508,OK,86.100,0.44,15844.100038520992
7509,OK,59.500,0.44,15946.799947414547
7510,OK,62.000,0.44,15884.899999946356
7511,OK,105.300,0.44,15871.900017373264
7512,OK,78.000,0.44,15845.199988689274
7513,OK,71.600,0.44,15915.600000880659
7514,OK,70.800,0.44,15900.899947155267
7515,OK,56.900,0.44,15935.300034470856
7516,OK,79.700,0.44,15872.2999622114
7517,OK,76.900,0.44,15849.500021431595
7518,OK,80.600,0.44,15912.40003472194
7519,OK,63.900,0.44,15906.59999055788
7520,OK,62.600,0.44,15809.500007890165
7521,OK,82.900,0.44,16002.399963326752
7522,OK,71.700,0.44,15869.900002144277
7523,OK,65.800,0.44,15870.600007474422
7524,OK,60.000,0.44,15865.099965594709
7525,OK,60.900,0.44,15906.099986750633
7526,OK,60.500,0.44,15946.200001053512
7527,OK,64.400,0.44,15870.300005190074
7528,OK,62.200,0.44,15917.699958663434
7529,OK,72.300,0.44,15887.09995849058
7530,OK,60.900,0.44,15904.400032013655
7531,OK,84.100,0.44,15889.700036495924
7532,OK,60.000,0.44,15891.5999927558
7533,OK,58.200,0.44,15904.100029729307
7534,OK,59.900,0.44,15887.09995849058
7535,OK,120.900,0.44,15839.300001971424
7536,OK,63.300,0.44,15873.100026510656
7537,OK,60.600,0.44,15902.899962384254
7538,OK,72.800,0.44,15896.399971097708
7539,OK,60.500,0.44,15908.00000121817
7540,OK,60.700,0.44,15846.900001633912
7541,OK,57.700,0.44,15934.799972455949
7542,OK,57.400,0.44,15870.89995155111
7543,OK,33.200,0.44,15976.599999703467
7544,OK,42.500,0.44,15931.200003251433
7545,OK,40.600,0.44,15948.700020089746
7546,OK,39.800,0.44,15927.000029478222
7547,OK,72.700,0.44,15924.599952995777
7548,OK,53.100,0.44,15973.20003202185
7549,OK,63.800,0.44,15853.499993681908
7550,OK,181.500,0.44,15748.700010590255
7551,OK,49.600,0.44,15877.099998760968
7552,OK,79.300,0.44,15917.400014586747
7553,OK,91.300,0.44,15835.600032005459
7554,OK,62.000,0.44,15938.700002152473
7555,OK,62.900,0.44,15806.599985808134
7556,OK,75.100,0.44,15938.600001391023
7557,OK,68.800,0.44,15957.800031173974
7558,OK,85.500,0.44,15880.100021604449
7559,OK,67.500,0.44,15836.000035051256
7560,OK,61.600,0.44,15935.800038278103
7561,OK,66.000,0.44,15859.30003784597
7562,OK,134.500,0.44,15810.10001245886
7563,OK,61.200,0.44,15831.299999263138
7564,OK,40.700,0.44,15980.299969669431
7565,OK,47.900,0.44,15915.800002403557
7566,OK,45.800,0.44,15927.09997203201
7567,OK,46.600,0.44,15905.699983704835
7568,OK,57.200,0.44,15937.399992253631
7569,OK,106.300,0.44,15801.000001374632
7570,OK,58.800,0.44,15908.700006548315
7571,OK,56.600,0.44,15917.00001154095
7572,OK,57.700,0.44,15904.199972283095
7573,OK,62.200,0.44,15904.099971521646
7574,OK,73.600,0.44,15898.300043772906
7575,OK,67.900,0.44,15878.200007136911
7576,OK,85.500,0.44,15914.400049950927
7577,OK,69.900,0.44,15849.699964746833
7578,OK,93.700,0.44,15850.799973122776
7579,OK,90.500,0.44,15883.899992331862
7580,OK,91.200,0.44,15857.60002490133
7581,OK,117.000,0.44,15837.999992072582
7582,OK,104.600,0.44,15832.600009161979
7583,OK,100.600,0.44,15849.000017624348
7584,OK,104.300,0.44,15851.300035137683
7585,OK,107.500,0.44,15842.000022530556
7586,OK,107.100,0.44,15842.59996889159
7587,OK,121.000,0.44,15832.300006877631
7588,OK,102.000,0.44,15807.200048584491
7589,OK,77.900,0.44,15899.899997748435
7590,OK,94.700,0.44,15848.899958655238
7591,OK,74.900,0.44,15887.30001822114
7592,OK,102.500,0.44,15831.600001547486
7593,OK,99.400,0.44,15851.500036660582
7594,OK,92.300,0.44,15860.000043176115
7595,OK,101.100,0.44,15835.999976843596
7596,OK,127.000,0.44,15882.600040640682
7597,OK,109.900,0.44,15758.799971081316
7598,OK,92.300,0.44,15864.800021518022
7599,OK,88.300,0.44,15871.00001052022
7600,OK,118.100,0.44,15829.799987841398
7601,OK,86.800,0.44,15764.500014483929
7602,OK,116.200,0.44,15748.00000526011
7603,OK,124.600,0.44,15778.700006194413
7604,OK,99.300,0.44,15837.099985219538
7605,OK,84.000,0.44,15869.599999859929
7606,OK,56.300,0.44,15872.700023464859
7607,OK,51.600,0.44,15960.499993525445
7608,OK,39.100,0.44,15970.800013747066
7609,OK,47.800,0.44,15912.099974229932
7610,OK,45.000,0.44,15896.600030828267
7611,OK,56.000,0.44,15973.3000327833
7612,OK,54.900,0.44,15927.29997355491
7613,OK,164.600,0.44,15717.200003564358
7614,OK,59.700,0.44,15844.800043851137
7615,OK,71.300,0.44,15938.600001391023
7616,OK,71.700,0.44,15889.699978288263
7617,OK,54.300,0.44,15838.599996641278
7618,OK,64.400,0.44,15955.700015183538
7619,OK,55.000,0.44,15922.8999982588
7620,OK,99.300,0.44,15862.400003243238
7621,OK,68.500,0.44,16042.599978391081
7622,OK,66.000,0.44,15674.499969463795
7623,OK,85.700,0.44,15902.00001373887
7624,OK,85.200,0.44,15845.000045374036
7625,OK,91.400,0.44,15941.89996831119
7626,OK,78.400,0.44,15878.100006375462
7627,OK,85.300,0.44,15859.999984968454
7628,OK,67.400,0.44,15870.000002905726
7629,OK,60.300,0.44,15907.299995888025
7630,OK,65.100,0.44,15875.999990385026
7631,OK,64.200,0.44,16099.10000115633
7632,OK,54.400,0.44,16036.79999243468
7633,OK,79.900,0.44,15533.500001765788
7634,OK,72.300,0.44,15863.200009334832
7635,OK,59.000,0.44,15838.499995879829
7636,OK,83.800,0.44,15900.400001555681
7637,OK,51.800,0.44,15893.700008746237
7638,OK,65.100,0.44,15921.800048090518
7639,OK,57.200,0.44,16031.700011808425
7640,OK,55.400,0.44,15849.300019908696
7641,OK,69.500,0.44,15986.200014594942
7642,OK,78.100,0.44,15849.100018385798
7643,OK,97.600,0.44,16279.199975542724
7644,OK,112.500,0.44,15870.90000975877
7645,OK,115.500,0.44,15294.59998710081
7646,OK,201.500,0.44,15812.300029210746
7647,OK,130.400,0.44,15939.00000443682
7648,OK,149.800,0.44,15666.900028008968
7649,OK,167.700,0.44,15583.300031721592
7650,OK,71.900,0.44,15874.600037932396
7651,OK,84.000,0.44,15864.500019233674
7652,OK,62.100,0.44,15956.399962306023
7653,OK,151.400,0.44,15558.50001750514
7654,OK,50.500,0.44,16015.300003346056
7655,OK,58.600,0.44,15846.499998588115
7656,OK,52.900,0.44,15970.09995020926
7657,OK,70.700,0.44,15886.500012129545
7658,OK,58.900,0.44,15914.699994027615
7659,OK,69.000,0.44,15919.69997389242
7660,OK,53.600,0.44,15928.600041661412
7661,OK,59.900,0.44,15915.29999859631
7662,OK,67.500,0.44,15871.00001052022
7663,OK,54.200,0.44,15874.699980486184
7664,OK,44.600,0.44,15961.600001901388
7665,OK,56.100,0.44,15929.400047753006
7666,OK,56.000,0.44,15908.200002741069
7667,OK,54.900,0.44,15928.099979646504
7668,OK,72.100,0.44,15893.800009507686
7669,OK,67.600,0.44,15883.599990047514
7670,OK,82.200,0.44,15871.999959927052
7671,OK,49.900,0.44,15904.89997761324
7672,OK,45.200,0.44,15911.1000248231
7673,OK,38.700,0.44,15958.40003574267
7674,OK,51.100,0.44,15874.600037932396
7675,OK,52.200,0.44,15953.800000716
7676,OK,48.900,0.44,15916.79995181039
7677,OK,42.500,0.44,15951.999987009913
7678,OK,51.200,0.44,15919.499972369522
7679,OK,49.100,0.44,15890.999988187104
7680,OK,72.600,0.44,15832.40000763908
7681,OK,52.000,0.44,15967.799990903586
7682,OK,62.200,0.44,15910.99996585399
7683,OK,52.100,0.44,15868.999995291233
7684,OK,70.600,0.44,15811.200020834804
7685,OK,64.900,0.44,16014.300053939223
7686,OK,61.300,0.44,15871.599956881255
7687,OK,67.800,0.44,15908.900008071214
7688,OK,59.500,0.44,15921.099984552711
7689,OK,62.600,0.44,15861.599997151643
7690,OK,72.200,0.44,15933.30001924187
7691,OK,61.300,0.44,15937.899996060878
7692,OK,67.200,0.44,15886.800014413893
7693,OK,66.800,0.44,15869.299997575581
7694,OK,59.600,0.44,15928.100037854165
7695,OK,76.500,0.44,15852.499986067414
7696,OK,83.600,0.44,15891.399991232902
7697,OK,81.400,0.44,15924.700011964887
7698,OK,65.100,0.44,15815.99999917671
7699,OK,59.900,0.44,15988.799976184964
7700,OK,72.300,0.44,15828.099974896759
7701,OK,92.700,0.44,15809.200005605817
7702,OK,65.500,0.44,15886.100009083748
7703,OK,66.700,0.44,15893.600007984787
7704,OK,74.000,0.44,15855.400008149445
7705,OK,69.300,0.44,15821.099979802966
7706,OK,59.100,0.44,15944.300044793636
7707,OK,59.200,0.44,15967.399987857789
7708,OK,73.900,0.44,15900.800004601479
7709,OK,67.200,0.44,15827.400027774274
7710,OK,71.200,0.44,15872.499963734299
7711,OK,62.100,0.44,15899.399993941188
7712,OK,74.900,0.44,15867.299982346594
7713,OK,62.600,0.44,15863.39995265007
7714,OK,58.600,0.44,16015.300003346056
7715,OK,64.300,0.44,15836.399979889393
7716,OK,83.900,0.44,15927.000029478222
7717,OK,67.000,0.44,15899.3000513874
7718,OK,67.700,0.44,15862.400003243238
7719,OK,53.500,0.44,15918.40002220124
7720,OK,126.500,0.44,15861.499996390194
7721,OK,60.300,0.44,15868.300048168749
7722,OK,59.300,0.44,15904.199972283095
7723,OK,71.100,0.44,15833.299956284463
7724,OK,52.800,0.44,15956.200018990785
7725,OK,68.400,0.44,15833.79996009171
7726,OK,105.800,0.44,15857.400023378432
7727,OK,69.400,0.44,15980.100026354194
7728,OK,56.300,0.44,15892.199997324497
7729,OK,57.300,0.44,15886.300010606647
7730,OK,60.700,0.44,15875.000040978193
7731,OK,76.700,0.44,15893.20000493899
7732,OK,59.900,0.44,15930.800000205636
7733,OK,58.700,0.44,15949.799970258027
7734,OK,60.900,0.44,15918.699966277927
7735,OK,73.400,0.44,15815.099992323667
7736,OK,65.000,0.44,15970.600012224168
7737,OK,67.000,0.44,15844.09998031333
7738,OK,70.700,0.44,15957.800031173974
7739,OK,75.300,0.44,15853.09999063611
7740,OK,66.200,0.44,15912.39997651428
7741,OK,75.900,0.44,15800.699999090284
7742,OK,67.100,0.44,15895.200020167977
7743,OK,79.200,0.44,15946.800005622208
7744,OK,69.300,0.44,15878.800011705607
7745,OK,62.100,0.44,15934.999973978847
7746,OK,162.800,0.44,15698.599978350103
7747,OK,65.500,0.44,15936.799987684935
7748,OK,65.000,0.44,15915.39999935776
7749,OK,82.300,0.44,15873.800031840801
7750,OK,74.400,0.44,15888.099966105074
7751,OK,71.000,0.44,15767.30003580451
7752,OK,87.400,0.44,15896.999975666404
7753,OK,71.400,0.44,15869.700000621378
7754,OK,50.800,0.44,16026.299970690161
7755,OK,63.800,0.44,15858.599974308163
7756,OK,49.900,0.44,15883.399988524616
7757,OK,48.400,0.44,15897.799981757998
7758,OK,51.000,0.44,15917.900018393993
7759,OK,52.400,0.44,15906.999993603677
7760,OK,52.900,0.44,15927.600034046918
7761,OK,78.200,0.44,15852.099983021617
7762,OK,95.700,0.44,15864.099957980216
7763,OK,66.800,0.44,15899.900055956095
7764,OK,91.200,0.44,15881.40003150329
7765,OK,73.300,0.44,15894.60001559928
7766,OK,61.500,0.44,15899.19999241829
7767,OK,87.800,0.44,15793.80000475794
7768,OK,61.300,0.44,16086.400020867586
7769,OK,70.400,0.44,15740.70000788197
7770,OK,56.300,0.44,15858.899976592511
7771,OK,75.300,0.44,15952.29998929426
7772,OK,58.900,0.44,15910.200017970055
7773,OK,55.400,0.44,15895.800024736673
7774,OK,61.700,0.44,15853.799995966256
7775,OK,59.500,0.44,15976.900001987815
7776,OK,53.500,0.44,15895.199961960316
7777,OK,84.800,0.44,15858.699975069612
7778,OK,74.000,0.44,15835.3999722749
7779,OK,63.500,0.44,16036.299988627434
7780,OK,76.300,0.44,15782.00003132224
7781,OK,63.100,0.44,15981.99998261407
7782,OK,55.100,0.44,15917.099954094738
7783,OK,184.000,0.44,15809.200005605817
7784,OK,113.400,0.44,15676.500042900443
7785,OK,50.400,0.44,15948.500018566847
7786,OK,47.700,0.44,15878.200007136911
7787,OK,48.500,0.44,15927.399974316359
7788,OK,51.300,0.44,15916.200005449355
7789,OK,47.700,0.44,15945.09999267757
7790,OK,159.800,0.44,15772.100014146417
7791,OK,76.400,0.44,15873.800031840801
7792,OK,84.300,0.44,15883.00004368648
7793,OK,65.900,0.44,15821.100038010627
7794,OK,74.200,0.44,15943.900041747838
7795,OK,61.800,0.44,15877.199999522418
7796,OK,58.400,0.44,15945.499995723367
7797,OK,66.600,0.44,15884.599997662008
7798,OK,59.800,0.44,15910.099959000945
7799,OK,162.000,0.44,15722.999989520758
7800,OK,64.700,0.44,15933.000016957521
7801,OK,81.100,0.44,15743.799973279238
7802,OK,93.000,0.44,15839.700005017221
7803,OK,70.300,0.44,15966.300037689507
7804,OK,80.300,0.44,15883.800049778074
7805,OK,75.100,0.44,15852.499986067414
7806,OK,69.700,0.44,15784.800052642822
7807,OK,102.100,0.44,15906.899992842227
7808,OK,70.700,0.44,15863.000007811934
7809,OK,69.000,0.44,15922.8999982588
7810,OK,101.000,0.44,15783.39998377487
7811,OK,87.400,0.44,15891.099988948554
7812,OK,98.000,0.44,15845.899994019419
7813,OK,96.900,0.44,15849.000017624348
7814,OK,94.500,0.44,15861.499996390194
7815,OK,98.600,0.44,15849.000017624348
7816,OK,94.900,0.44,15856.500016525388
7817,OK,101.700,0.44,15833.400015253574
7818,OK,101.300,0.44,15873.399970587343
7819,OK,102.200,0.44,15864.000015426427
7820,OK,98.400,0.44,15808.399999514222
7821,OK,98.000,0.44,15833.400015253574
7822,OK,100.900,0.44,15850.100026000291
7823,OK,99.800,0.44,15843.500033952296
7824,OK,102.400,0.44,15843.300032429397
7825,OK,95.300,0.44,15850.899973884225
7826,OK,106.600,0.44,15838.29999435693
7827,OK,83.600,0.44,15841.30001720041
7828,OK,88.700,0.44,15867.99998767674
7829,OK,95.800,0.44,15872.800024226308
7830,OK,104.000,0.44,15820.199972949922
7831,OK,71.300,0.44,15871.500014327466
7832,OK,60.900,0.44,15943.500038702041
7833,OK,108.700,0.44,15825.10001026094
7834,OK,91.600,0.44,15850.900032091886
7835,OK,94.900,0.44,15847.30000467971
7836,OK,88.200,0.44,15932.399954181165
7837,OK,78.600,0.44,15840.400010347366
7838,OK,70.000,0.44,15866.499976255
7839,OK,56.700,0.44,15858.500031754375
7840,OK,103.000,0.44,15890.499984379858
7841,OK,66.600,0.44,15880.599967204034
7842,OK,59.900,0.44,15987.200022209436
7843,OK,83.500,0.44,15849.200019147247
7844,OK,60.000,0.44,15909.50001263991
7845,OK,65.800,0.44,15913.700044620782
7846,OK,68.700,0.44,15882.700041402131
7847,OK,62.000,0.44,15947.800013236701
7848,OK,68.200,0.44,15807.699994184077
7849,OK,155.800,0.44,15756.100008729845
7850,OK,69.400,0.44,15820.60003420338
7851,OK,92.600,0.44,15931.200003251433
7852,OK,71.200,0.44,15831.400000024587
7853,OK,133.700,0.44,15884.30005358532
7854,OK,68.300,0.44,15851.199976168573
7855,OK,74.700,0.44,15863.100008573383
7856,OK,122.800,0.44,15759.89997945726
7857,OK,68.000,0.44,15994.500019587576
7858,OK,75.500,0.44,15843.899978790432
7859,OK,69.800,0.44,15899.399993941188
7860,OK,63.200,0.44,15890.999988187104
7861,OK,64.700,0.44,15976.299997419119
7862,OK,70.000,0.44,15883.899992331862
7863,OK,64.200,0.44,15897.60003844276
7864,OK,65.600,0.44,15811.099961865693
7865,OK,84.000,0.44,15944.99999191612
7866,OK,60.600,0.44,15912.200033199042
7867,OK,61.200,0.44,15820.000029634684
7868,OK,63.700,0.44,15881.900035310537
7869,OK,68.000,0.44,16010.2000227198
7870,OK,82.600,0.44,15930.699999444187
7871,OK,100.300,0.44,15965.399972628802
7872,OK,121.100,0.44,15877.400001045316
7873,OK,133.100,0.44,15607.100038323551
7874,OK,127.200,0.44,15758.999972604215
7875,OK,126.000,0.44,15752.39998055622
7876,OK,71.100,0.44,15835.099969990551
7877,OK,62.600,0.44,15925.899962894619
7878,OK,67.500,0.44,16285.59996606782
7879,OK,78.300,0.44,15549.999952781945
7880,OK,85.300,0.44,15801.20000289753
7881,OK,70.800,0.44,16050.999984145164
7882,OK,73.100,0.44,16074.499988462776
7883,OK,76.400,0.44,15876.099991146475
7884,OK,72.500,0.44,15659.999975468963
7885,OK,79.700,0.44,15995.000023394823
7886,OK,107.100,0.44,15806.599985808134
7887,OK,120.600,0.44,15764.30001296103
7888,OK,90.000,0.44,15738.599991891533
7889,OK,105.900,0.44,15930.599998682737
7890,OK,115.200,0.44,15685.79999729991
7891,OK,71.100,0.44,15891.199989710003
7892,OK,47.800,0.44,15947.90001399815
7893,OK,61.900,0.44,15860.899991821498
7894,OK,78.500,0.44,15870.300005190074
7895,OK,71.800,0.44,15880.299964919686
7896,OK,57.600,0.44,15955.19995316863
7897,OK,57.200,0.44,15875.699988100678
7898,OK,56.100,0.44,15987.79996857047
7899,OK,57.100,0.44,15928.999986499548
7900,OK,75.900,0.44,15797.099971678108
7901,OK,74.900,0.44,15841.499960515648
7902,OK,53.900,0.44,15881.600033026189
7903,OK,55.400,0.44,15936.599986162037
7904,OK,85.400,0.44,15861.099993344396
7905,OK,73.700,0.44,15823.3999973163
7906,OK,63.300,0.44,15987.099963240325
7907,OK,57.900,0.44,15850.799973122776
7908,OK,56.500,0.44,15924.000006634742
7909,OK,61.200,0.44,15947.100007906556
7910,OK,77.200,0.44,15896.30002854392
7911,OK,56.700,0.44,15824.600006453693
7912,OK,62.100,0.44,15986.900019925088
7913,OK,56.800,0.44,15929.899993352592
7914,OK,76.700,0.44,15887.800022028387
7915,OK,62.500,0.44,15830.599993932992
7916,OK,70.600,0.44,15926.599968224764
7917,OK,64.300,0.44,15895.799966529012
7918,OK,63.000,0.44,15910.499962046742
7919,OK,62.900,0.44,15918.099961709231
7920,OK,65.700,0.44,15867.99998767674
7921,OK,63.800,0.44,15913.699986413121
7922,OK,66.500,0.44,15877.199999522418
7923,OK,58.200,0.44,15887.100016698241
7924,OK,65.700,0.44,15935.899980831891
7925,OK,60.700,0.44,15903.400024399161
7926,OK,52.000,0.44,15906.899992842227
7927,OK,72.000,0.44,15912.899980321527
7928,OK,74.800,0.44,15877.400001045316
7929,OK,58.700,0.44,15923.400002066046
7930,OK,61.100,0.44,15876.399993430823
7931,OK,78.000,0.44,15891.199989710003
7932,OK,55.600,0.44,15910.199959762394
7933,OK,62.000,0.44,15940.400015097111
7934,OK,78.900,0.44,15744.499978609383
7935,OK,63.600,0.44,15922.79999749735
7936,OK,48.100,0.44,15939.700009766966
7937,OK,45.300,0.44,15968.79999851808
7938,OK,47.700,0.44,15926.999971270561
7939,OK,47.500,0.44,15880.900027696043
7940,OK,47.400,0.44,15941.600024234504
7941,OK,71.700,0.44,15907.700057141483
7942,OK,83.600,0.44,15857.000020332634
7943,OK,64.300,0.44,15954.200003761798
7944,OK,67.800,0.44,15826.50002092123
7945,OK,104.600,0.44,15792.799997143447
7946,OK,66.200,0.44,15983.099990990013
7947,OK,83.300,0.44,15803.900023456663
7948,OK,60.600,0.44,15868.599992245436
7949,OK,52.900,0.44,16000.500007066876
7950,OK,67.000,0.44,15837.599989026785
7951,OK,83.500,0.44,15923.700004350394
7952,OK,69.300,0.44,15874.0000333637
7953,OK,71.900,0.44,15919.100027531385
7954,OK,107.600,0.44,15797.799977008253
7955,OK,114.300,0.44,15872.50002194196
7956,OK,71.500,0.44,15843.499975744635
7957,OK,67.900,0.44,15866.199973970652
7958,OK,78.100,0.44,15850.799973122776
7959,OK,70.700,0.44,15981.89998185262
7960,OK,65.600,0.44,15833.000012207776
7961,OK,68.100,0.44,15903.799969237298
7962,OK,51.800,0.44,15892.000054009259
7963,OK,50.300,0.44,15910.200017970055
7964,OK,54.900,0.44,15943.59998125583
7965,OK,63.000,0.44,15931.299945805222
7966,OK,60.600,0.44,15878.200007136911
7967,OK,60.200,0.44,15908.800007309765
7968,OK,67.100,0.44,15898.199984803796
7969,OK,67.000,0.44,15952.699992340058
7970,OK,62.000,0.44,15801.40000442043
7971,OK,89.400,0.44,15959.299984388053
7972,OK,62.000,0.44,15822.399989701807
7973,OK,54.400,0.44,15970.000007655472
7974,OK,55.200,0.44,15876.299992669374
7975,OK,59.500,0.44,15906.699991319329
7976,OK,60.000,0.44,15968.79999851808
7977,OK,67.300,0.44,15836.800041142851
7978,OK,65.100,0.44,15952.300047501922
7979,OK,67.200,0.44,15815.099992323667
7980,OK,104.500,0.44,15931.100002489984
7981,OK,82.800,0.44,15867.99998767674
7982,OK,60.400,0.44,15912.60003624484
7983,OK,83.100,0.44,15882.79998395592
7984,OK,67.700,0.44,15894.100011792034
7985,OK,68.800,0.44,15857.70002566278
7986,OK,69.200,0.44,15898.499987088144
7987,OK,92.500,0.44,15846.499998588115
7988,OK,116.300,0.44,15795.39995873347
7989,OK,93.800,0.44,15868.199989199638
7990,OK,55.300,0.44,15898.099984042346
7991,OK,50.300,0.44,15935.799980070442
7992,OK,190.200,0.44,15688.400017097592
7993,OK,52.200,0.44,15870.600007474422
7994,OK,91.800,0.44,15910.99996585399
7995,OK,50.500,0.44,15924.800012726337
7996,OK,76.200,0.44,15883.899992331862
7997,OK,69.700,0.44,15870.000002905726
7998,OK,74.000,0.44,15935.200033709407
7999,OK,52.600,0.44,15910.89996509254
8000,OK,51.100,0.44,15842.79997041449
8001,OK,91.300,0.44,15789.29997049272
8002,OK,114.400,0.44,16003.600030671805
8003,OK,64.800,0.44,15637.399978004396
8004,OK,58.200,0.44,15891.999995801598
8005,OK,54.600,0.44,15899.000049103051
8006,OK,78.900,0.44,15912.999981082976
8007,OK,77.400,0.44,15883.299987763166
8008,OK,65.600,0.44,15868.099988438189
8009,OK,48.500,0.44,15834.499965421855
8010,OK,48.400,0.44,15999.90000249818
8011,OK,42.700,0.44,15955.699956975877
8012,OK,58.600,0.44,15917.200013063848
8013,OK,57.300,0.44,15831.700002308935
8014,OK,72.500,0.44,15952.699992340058
8015,OK,54.500,0.44,15902.700019069016
8016,OK,53.100,0.44,15908.400004263967
8017,OK,49.700,0.44,15853.399992920458
8018,OK,51.500,0.44,15950.699977111071
8019,OK,65.000,0.44,15971.900022123009
8020,OK,184.400,0.44,15664.599952287972
8021,OK,70.100,0.44,15866.50003446266
8022,OK,54.000,0.44,15968.69999775663
8023,OK,66.600,0.44,15896.999975666404
8024,OK,64.400,0.44,15934.400027617812
8025,OK,63.500,0.44,15860.4999887757
8026,OK,52.800,0.44,15910.9000233002
8027,OK,43.700,0.44,15923.600003588945
8028,OK,96.500,0.44,15902.500017546117
8029,OK,65.300,0.44,15899.3000513874
8030,OK,58.900,0.44,15917.400014586747
8031,OK,65.700,0.44,15888.399968389422
8032,OK,58.500,0.44,15896.499971859157
8033,OK,58.700,0.44,15932.499954942614
8034,OK,59.000,0.44,15918.699966277927
8035,OK,78.300,0.44,15878.800011705607
8036,OK,71.000,0.44,15864.099957980216
8037,OK,151.600,0.44,15788.700024131685
8038,OK,70.400,0.44,15868.999995291233
8039,OK,63.000,0.44,15895.699965767562
8040,OK,65.600,0.44,15911.1000248231
8041,OK,66.000,0.44,15877.099998760968
8042,OK,66.400,0.44,15835.900034289807
8043,OK,80.400,0.44,15908.900008071214
8044,OK,66.800,0.44,15824.100002646446
8045,OK,82.800,0.44,15785.900002811104
8046,OK,85.000,0.44,15860.899991821498
8047,OK,92.100,0.44,15870.599949266762
8048,OK,83.400,0.44,15871.800016611814
8049,OK,109.200,0.44,15888.90003040433
8050,OK,105.500,0.44,15811.100020073354
8051,OK,104.000,0.44,15865.600027609617
8052,OK,128.700,0.44,15795.19995721057
8053,OK,117.900,0.44,15875.699988100678
8054,OK,99.300,0.44,15823.299996554852
8055,OK,103.800,0.44,15841.30001720041
8056,OK,82.100,0.44,15884.29999537766
8057,OK,110.900,0.44,15822.699991986156
8058,OK,99.700,0.44,15880.999970249832
8059,OK,120.800,0.44,15806.300041731447
8060,OK,101.800,0.44,15821.89998589456
8061,OK,101.500,0.44,15833.200013730675
8062,OK,96.700,0.44,15870.90000975877
8063,OK,97.400,0.44,15847.700007725507
8064,OK,105.000,0.44,15818.400017451495
8065,OK,165.400,0.44,15832.600009161979
8066,OK,130.300,0.44,15802.199952304363
8067,OK,98.100,0.44,15856.199956033379
8068,OK,87.700,0.44,15869.49999909848
8069,OK,74.400,0.44,15850.299969315529
8070,OK,81.800,0.44,15862.799948081374
8071,OK,89.100,0.44,15926.699968986213
8072,OK,153.300,0.44,15738.99999493733
8073,OK,97.800,0.44,15845.999994780868
8074,OK,70.000,0.44,15873.200027272105
8075,OK,72.000,0.44,15906.299988273531
8076,OK,65.600,0.44,15952.699992340058
8077,OK,82.700,0.44,15853.09999063611
8078,OK,65.800,0.44,15836.400038097054
8079,OK,66.700,0.44,15939.10000519827
8080,OK,60.800,0.44,15922.8999982588
8081,OK,55.200,0.44,15878.800011705607
8082,OK,60.700,0.44,15932.300011627376
8083,OK,95.800,0.44,15734.500018879771
8084,OK,60.900,0.44,15956.90002432093
8085,OK,64.500,0.44,15910.89996509254
8086,OK,66.800,0.44,15819.199965335429
8087,OK,51.000,0.44,15882.599982433021
8088,OK,47.500,0.44,16033.89997035265
8089,OK,48.200,0.44,15879.099955782294
8090,OK,50.600,0.44,15897.5999802351
8091,OK,52.600,0.44,15905.399981420487
8092,OK,119.200,0.44,15847.899951040745
8093,OK,77.300,0.44,15860.399988014251
8094,OK,84.600,0.44,15963.399957399815
8095,OK,59.500,0.44,15873.100026510656
8096,OK,44.600,0.44,15952.099987771362
8097,OK,55.700,0.44,15888.70002888143
8098,OK,46.600,0.44,15923.099999781698
8099,OK,47.000,0.44,15902.499959338456
8100,OK,49.300,0.44,15923.399943858385
8101,OK,47.900,0.44,15821.300039533526
8102,OK,50.000,0.44,16207.100008614361
8103,OK,62.800,0.44,15670.199994929135
8104,OK,53.200,0.44,15944.599988870323
8105,OK,58.700,0.44,15899.999998509884
8106,OK,67.800,0.44,15845.299989450723
8107,OK,47.700,0.44,16090.999997686595
8108,OK,95.100,0.44,15880.599967204034
8109,OK,96.100,0.44,16000.100004021078
8110,OK,146.900,0.44,15876.699995715171
8111,OK,132.200,0.44,15571.199997793883
8112,OK,122.900,0.44,15882.999985478818
8113,OK,77.400,0.44,15757.200017105788
8114,OK,80.400,0.44,15807.999996468425
8115,OK,78.700,0.44,15826.699964236468
8116,OK,64.600,0.44,16013.699991162866
8117,OK,138.500,0.44,15585.299988742918
8118,OK,53.400,0.44,15907.90000045672
8119,OK,50.200,0.44,15970.400010701269
8120,OK,90.900,0.44,15865.899971686304
8121,OK,70.800,0.44,15878.600010182709
8122,OK,71.300,0.44,15919.099969323725
8123,OK,57.800,0.44,15944.099985063076
8124,OK,59.900,0.44,15900.70000384003
8125,OK,60.000,0.44,15871.700015850365
8126,OK,56.100,0.44,15890.699985902756
8127,OK,49.600,0.44,15980.60003016144
8128,OK,48.400,0.44,15921.499987598509
8129,OK,79.400,0.44,15900.300000794232
8130,OK,64.400,0.44,15900.800004601479
8131,OK,63.700,0.44,15912.199974991381
8132,OK,94.600,0.44,15893.800009507686
8133,OK,66.000,0.44,15808.70000179857
8134,OK,61.200,0.44,15853.899996727705
8135,OK,88.100,0.44,15958.899981342256
8136,OK,79.700,0.44,15881.399973295629
8137,OK,65.400,0.44,15899.09999165684
8138,OK,69.000,0.44,15857.899968978018
8139,OK,94.400,0.44,15889.799979049712
8140,OK,64.600,0.44,15889.400034211576
8141,OK,65.700,0.44,15898.500045295805
8142,OK,80.500,0.44,15890.399983618408
8143,OK,59.800,0.44,15902.20001526177
8144,OK,80.200,0.44,15875.599987339228
8145,OK,60.400,0.44,15917.100012302399
8146,OK,77.800,0.44,15865.599969401956
8147,OK,73.600,0.44,15879.999962635338
8148,OK,67.800,0.44,15928.999986499548
8149,OK,59.800,0.44,15886.800014413893
8150,OK,53.400,0.44,15934.299968648702
8151,OK,63.000,0.44,15878.000005614012
8152,OK,57.400,0.44,15867.499983869493
8153,OK,62.300,0.44,15976.19999665767
8154,OK,63.400,0.44,15889.100031927228
8155,OK,59.900,0.44,15895.899967290461
8156,OK,61.400,0.44,15916.100004687905
8157,OK,63.200,0.44,15876.000048592687
8158,OK,63.600,0.44,15890.29998285696
8159,OK,83.400,0.44,15863.50001161918
8160,OK,57.500,0.44,15973.900037351996
8161,OK,78.700,0.44,15797.199972439557
8162,OK,121.700,0.44,15760.00003842637
8163,OK,74.300,0.44,15974.900044966489
8164,OK,49.800,0.44,15904.499974567443
8165,OK,39.500,0.44,15830.100048333406
8166,OK,49.800,0.44,15958.50003650412
8167,OK,49.900,0.44,15935.99998159334
8168,OK,53.800,0.44,15920.800040476024
8169,OK,53.700,0.44,15884.899999946356
8170,OK,56.400,0.44,15934.60002914071
8171,OK,51.000,0.44,15884.899999946356
8172,OK,54.900,0.44,15917.800017632544
8173,OK,65.000,0.44,15873.399970587343
8174,OK,61.200,0.44,15878.700010944158
8175,OK,58.100,0.44,15959.299984388053
8176,OK,63.900,0.44,15881.700033787638
8177,OK,59.800,0.44,15863.50001161918
8178,OK,53.600,0.44,15930.200053844601
8179,OK,53.500,0.44,15937.49999301508
8180,OK,53.200,0.44,15881.600033026189
8181,OK,55.000,0.44,15932.100010104477
8182,OK,55.800,0.44,15943.999984301627
8183,OK,50.100,0.44,15915.199997834861
8184,OK,92.900,0.44,15851.799980737269
8185,OK,55.100,0.44,15933.10001771897
8186,OK,55.400,0.44,15915.700001642108
8187,OK,69.200,0.44,15848.70001534
8188,OK,105.000,0.44,15903.400024399161
8189,OK,61.700,0.44,15828.099974896759
8190,OK,67.300,0.44,15968.69999775663
8191,OK,58.500,0.44,15886.400011368096
8192,OK,62.500,0.44,15872.200019657612
8193,OK,70.200,0.44,15827.300027012825
8194,OK,63.900,0.44,15904.800035059452
8195,OK,58.500,0.44,15971.000015269965
8196,OK,58.000,0.44,15918.600023724139
8197,OK,60.300,0.44,15863.699954934418
8198,OK,65.000,0.44,15913.99998869747
8199,OK,69.800,0.44,15924.800012726337
8200,OK,111.100,0.44,15751.799975987524
8201,OK,71.600,0.44,15785.700001288205
8202,OK,88.900,0.44,15889.200032688677
8203,OK,75.500,0.44,15863.000007811934
8204,OK,76.700,0.44,15823.800000362098
8205,OK,52.600,0.44,15974.799985997379
8206,OK,62.700,0.44,15949.29996645078
8207,OK,55.700,0.44,15947.600011713803
8208,OK,67.800,0.44,15814.500045962632
8209,OK,70.300,0.44,15974.099980667233
8210,OK,73.500,0.44,15879.500017035753
8211,OK,71.100,0.44,15922.399994451553
8212,OK,157.800,0.44,15669.199987314641
8213,OK,67.500,0.44,15967.599989380687
8214,OK,83.300,0.44,15869.599999859929
8215,OK,109.100,0.44,15867.400041315705
8216,OK,86.300,0.44,15843.099972698838
8217,OK,97.800,0.44,15866.199973970652
8218,OK,67.800,0.44,15842.999971937388
8219,OK,91.900,0.44,15898.199984803796
8220,OK,62.200,0.44,15842.300024814904
8221,OK,59.800,0.44,15890.800044871867
8222,OK,58.600,0.44,15933.699964080006
8223,OK,71.200,0.44,15889.300033450127
8224,OK,60.200,0.44,15954.200003761798
8225,OK,57.200,0.44,15896.699973382056
8226,OK,58.000,0.44,15902.999963145703
8227,OK,60.300,0.44,15904.799976851791
8228,OK,62.500,0.44,15870.600007474422
8229,OK,93.100,0.44,15846.599999349564
8230,OK,108.400,0.44,15863.50001161918
8231,OK,106.300,0.44,15826.000017113984
8232,OK,63.600,0.44,15911.199967376888
8233,OK,56.500,0.44,15920.799982268363
8234,OK,62.800,0.44,15858.800034038723
8235,OK,63.300,0.44,15878.499951213598
8236,OK,90.600,0.44,15880.300023127347
8237,OK,118.200,0.44,15824.000001884997
8238,OK,75.300,0.44,15881.799976341426
8239,OK,75.900,0.44,15786.40000661835
8240,OK,100.600,0.44,15930.900000967085
8241,OK,99.100,0.44,15812.200028449297
8242,OK,113.400,0.44,15886.100009083748
8243,OK,73.600,0.44,15994.900022633374
8244,OK,244.900,0.44,15532.099991105497
8245,OK,75.200,0.44,15814.199985470623
8246,OK,72.300,0.44,15929.599991068244
8247,OK,72.300,0.44,15844.999987166375
8248,OK,71.500,0.44,15879.79996111244
8249,OK,94.500,0.44,15891.600050963461
8250,OK,145.100,0.44,15808.70000179857
8251,OK,88.500,0.44,15693.1999954395
8252,OK,83.400,0.44,15954.500006046146
8253,OK,119.100,0.44,15796.300023794174
8254,OK,115.800,0.44,15794.499951880425
8255,OK,63.900,0.44,15897.80003996566
8256,OK,74.500,0.44,15909.200010355562
8257,OK,141.900,0.44,15827.800030820072
8258,OK,70.300,0.44,15910.599962808192
8259,OK,74.800,0.44,15865.300025325269
8260,OK,102.400,0.44,15791.799989528954
8261,OK,81.300,0.44,15935.99998159334
8262,OK,74.900,0.44,15943.199978210032
8263,OK,107.100,0.44,15733.700012788177
8264,OK,93.200,0.44,15884.499996900558
8265,OK,70.600,0.44,15882.899984717369
8266,OK,66.200,0.44,15847.000002395362
8267,OK,139.300,0.44,15782.00003132224
8268,OK,63.700,0.44,15873.399970587343
8269,OK,51.900,0.44,15976.499998942018
8270,OK,64.100,0.44,15883.999993093312
8271,OK,58.300,0.44,15952.50004902482
8272,OK,70.500,0.44,15815.699996892363
8273,OK,53.000,0.44,15929.700050037354
8274,OK,64.500,0.44,15852.299984544516
8275,OK,62.000,0.44,15909.900015685707
8276,OK,119.400,0.44,15903.50002516061
8277,OK,69.900,0.44,15869.800001382828
8278,OK,89.800,0.44,15774.49997421354
8279,OK,82.300,0.44,15897.999983280897
8280,OK,65.200,0.44,15961.500001139939
8281,OK,68.300,0.44,15863.49995341152
8282,OK,64.400,0.44,15816.900006029755
8283,OK,85.800,0.44,15923.800005111843
8284,OK,102.000,0.44,15831.500000786036
8285,OK,82.400,0.44,15849.499963223934
8286,OK,101.500,0.44,15891.7999942787
8287,OK,70.300,0.44,15891.499991994351
8288,OK,68.000,0.44,15875.099983531982
8289,OK,89.900,0.44,15889.500034973025
8290,OK,66.200,0.44,15850.599971599877
8291,OK,86.900,0.44,15876.299992669374
8292,OK,88.200,0.44,15849.900024477392
8293,OK,91.200,0.44,15892.499999608845
8294,OK,94.000,0.44,15813.599980901927
8295,OK,74.400,0.44,15902.600018307567
8296,OK,98.400,0.44,15871.400013566017
8297,OK,96.300,0.44,15859.899984207004
8298,OK,105.100,0.44,15826.000017113984
8299,OK,89.000,0.44,15860.199986491352
8300,OK,113.900,0.44,15883.499989286065
8301,OK,97.500,0.44,15674.599970225245
8302,OK,95.500,0.44,15847.700007725507
8303,OK,73.800,0.44,15928.79998497665
8304,OK,74.200,0.44,15820.000029634684
8305,OK,74.200,0.44,15879.500017035753
8306,OK,72.900,0.44,15861.299994867295
8307,OK,75.100,0.44,15893.20000493899
8308,OK,94.600,0.44,15831.600001547486
8309,OK,98.700,0.44,15938.299999106675
8310,OK,159.600,0.44,15694.500005338341
8311,OK,108.900,0.44,15869.900002144277
8312,OK,90.000,0.44,15849.599963985384
8313,OK,73.200,0.44,15905.299980659038
8314,OK,67.300,0.44,15914.299990981817
8315,OK,65.600,0.44,15932.300011627376
8316,OK,65.100,0.44,15907.699998933822
8317,OK,59.700,0.44,15892.099996563047
8318,OK,63.500,0.44,15879.000013228506
8319,OK,64.300,0.44,15922.199992928654
8320,OK,66.500,0.44,15839.400002732873
8321,OK,58.000,0.44,15912.49997727573
8322,OK,49.300,0.44,15939.20000595972
8323,OK,151.900,0.44,15757.200017105788
8324,OK,94.300,0.44,15955.000009853393
8325,OK,73.300,0.44,15733.900014311075
8326,OK,61.000,0.44,16017.500020097941
8327,OK,68.500,0.44,15893.800009507686
8328,OK,65.900,0.44,15820.300031919032
8329,OK,100.100,0.44,15827.199968043715
8330,OK,77.200,0.44,15920.800040476024
8331,OK,67.500,0.44,15881.100029218942
8332,OK,75.700,0.44,15883.700049016625
8333,OK,62.700,0.44,15835.599973797798
8334,OK,63.400,0.44,15989.200037438422
8335,OK,54.200,0.44,15926.199965178967
8336,OK,62.700,0.44,15893.500007223338
8337,OK,119.000,0.44,15808.60000103712
8338,OK,70.500,0.44,15924.30000891909
8339,OK,60.600,0.44,15972.699970006943
8340,OK,140.100,0.44,15681.499964557588
8341,OK,61.900,0.44,15938.299999106675
8342,OK,97.800,0.44,15850.40002828464
8343,OK,92.300,0.44,15847.500006202608
8344,OK,74.300,0.44,16103.400033898652
8345,OK,114.000,0.44,15684.599988162518
8346,OK,112.600,0.44,15943.39997973293
8347,OK,114.300,0.44,15601.899998728186
8348,OK,97.100,0.44,15943.500038702041
8349,OK,104.900,0.44,15824.000001884997
8350,OK,93.500,0.44,15793.300000950694
8351,OK,59.500,0.44,16136.399994138628
8352,OK,57.800,0.44,15674.299967940897
8353,OK,54.800,0.44,15965.999977197498
8354,OK,48.900,0.44,15849.899966269732
8355,OK,50.800,0.44,15955.30001213774
8356,OK,134.000,0.44,15757.500019390136
8357,OK,56.400,0.44,15801.40000442043
8358,OK,53.500,0.44,15987.599967047572
8359,OK,54.600,0.44,15898.599987849593
8360,OK,51.100,0.44,15939.300006721169
8361,OK,51.600,0.44,15892.199997324497
8362,OK,53.000,0.44,15895.000018645078
8363,OK,54.900,0.44,15983.400051482022
8364,OK,54.100,0.44,15865.299967117608
8365,OK,63.500,0.44,15895.499964244664
8366,OK,59.600,0.44,15955.19995316863
8367,OK,59.000,0.44,15883.700049016625
8368,OK,67.800,0.44,15990.799991413951
8369,OK,88.000,0.44,15831.800003070384
8370,OK,96.900,0.44,15813.400037586689
8371,OK,70.300,0.44,15923.300001304597
8372,OK,78.900,0.44,15749.50001668185
8373,OK,56.000,0.44,15973.799978382885
8374,OK,55.000,0.44,15918.100019916892
8375,OK,58.600,0.44,15908.099943771958
8376,OK,59.900,0.44,15777.69999857992
8377,OK,54.000,0.44,16059.499990660697
8378,OK,75.400,0.44,15849.499963223934
8379,OK,56.500,0.44,15926.400024909526
8380,OK,78.100,0.44,15887.699963059276
8381,OK,67.400,0.44,15913.200040813535
8382,OK,64.400,0.44,15882.399980910122
8383,OK,64.400,0.44,15871.300012804568
8384,OK,56.400,0.44,15943.099977448583
8385,OK,64.400,0.44,15896.900033112615
8386,OK,65.100,0.44,15900.099999271333
8387,OK,53.600,0.44,15902.899962384254
8388,OK,50.500,0.44,15860.59998953715
8389,OK,53.700,0.44,15892.800001893193
8390,OK,42.400,0.44,16009.100014343858
8391,OK,46.100,0.44,15931.200003251433
8392,OK,50.800,0.44,15911.999973468482
8393,OK,67.000,0.44,15883.499989286065
8394,OK,63.600,0.44,15971.500019077212
8395,OK,50.800,0.44,15911.099966615438
8396,OK,54.100,0.44,15866.60003522411
8397,OK,90.300,0.44,15899.699996225536
8398,OK,65.100,0.44,15876.299992669374
8399,OK,59.200,0.44,15965.200029313564
8400,OK,64.100,0.44,15894.60001559928
8401,OK,79.800,0.44,15788.899967446923
8402,OK,58.000,0.44,15908.700006548315
8403,OK,65.000,0.44,15941.099962219596
8404,OK,78.200,0.44,15770.09999891743
8405,OK,60.800,0.44,15933.30001924187
8406,OK,64.700,0.44,15930.800000205636
8407,OK,73.100,0.44,15904.600033536553
8408,OK,63.400,0.44,15897.5999802351
8409,OK,69.800,0.44,15809.800010174513
8410,OK,54.800,0.44,15915.39999935776
8411,OK,49.300,0.44,15939.10000519827
8412,OK,61.400,0.44,15893.10000417754
8413,OK,52.300,0.44,15915.199997834861
8414,OK,65.400,0.44,15902.900020591915
8415,OK,87.700,0.44,15855.000005103648
8416,OK,97.300,0.44,15912.099974229932
8417,OK,71.200,0.44,15863.49995341152
8418,OK,65.100,0.44,15888.799971435219
8419,OK,80.000,0.44,15806.399984285235
8420,OK,81.500,0.44,15974.899986758828
8421,OK,55.800,0.44,15856.10001347959
8422,OK,76.500,0.44,15974.69998523593
8423,OK,61.700,0.44,15810.499957296997
8424,OK,64.100,0.44,15999.099996406585
8425,OK,62.800,0.44,15849.699964746833
8426,OK,66.700,0.44,15855.700010433793
8427,OK,55.100,0.44,15966.799983289093
8428,OK,46.700,0.44,15932.800015434623
8429,OK,58.800,0.44,15860.000043176115
8430,OK,79.700,0.44,15888.799971435219
8431,OK,55.900,0.44,15944.700047839433
8432,OK,59.100,0.44,15808.299998752773
8433,OK,100.700,0.44,15884.899999946356
8434,OK,101.400,0.44,15876.499994192272
8435,OK,78.500,0.44,15835.600032005459
8436,OK,87.000,0.44,15876.000048592687
8437,OK,70.900,0.44,15945.399994961917
8438,OK,90.700,0.44,15924.599952995777
8439,OK,65.400,0.44,15871.600015088916
8440,OK,63.000,0.44,15857.300022616982
8441,OK,62.300,0.44,15904.300031252205
8442,OK,58.700,0.44,15952.29998929426
8443,OK,57.300,0.44,15834.600024390966
8444,OK,78.500,0.44,15962.600009515882
8445,OK,64.800,0.44,15881.999977864325
8446,OK,68.500,0.44,15925.899962894619
8447,OK,79.000,0.44,15893.30000570044
8448,OK,74.700,0.44,15877.400001045316
8449,OK,64.700,0.44,15898.900048341602
8450,OK,71.800,0.44,15875.999990385026
8451,OK,70.900,0.44,15782.799979206175
8452,OK,58.800,0.44,15935.200033709407
8453,OK,68.900,0.44,15882.299980148673
8454,OK,55.200,0.44,15908.400004263967
8455,OK,66.500,0.44,15906.899992842227
8456,OK,78.800,0.44,15886.100009083748
8457,OK,89.200,0.44,15775.099978782237
8458,OK,66.000,0.44,15915.50000011921
8459,OK,68.500,0.44,15841.900021769106
8460,OK,88.800,0.44,15872.900024987757
8461,OK,88.000,0.44,15893.10000417754
8462,OK,62.400,0.44,15787.299955263734
8463,OK,79.900,0.44,15950.599976349622
8464,OK,84.300,0.44,15880.899969488382
8465,OK,83.700,0.44,15887.20001745969
8466,OK,63.300,0.44,15847.100003156811
8467,OK,74.200,0.44,15949.799970258027
8468,OK,61.100,0.44,15837.099985219538
8469,OK,63.200,0.44,15910.99996585399
8470,OK,92.700,0.44,15802.300011273474
8471,OK,70.900,0.44,15977.70000807941
8472,OK,57.200,0.44,15937.49999301508
8473,OK,63.500,0.44,15881.800034549087
8474,OK,60.700,0.44,15796.700026839972
8475,OK,71.500,0.44,16000.400006305426
8476,OK,59.400,0.44,15884.499996900558
8477,OK,67.300,0.44,15889.599977526814
8478,OK,63.400,0.44,15809.400007128716
8479,OK,62.000,0.44,15981.000033207238
8480,OK,63.500,0.44,15873.89997439459
8481,OK,85.400,0.44,15895.599965006113
8482,OK,63.300,0.44,15904.499974567443
8483,OK,60.200,0.44,15896.700031589717
8484,OK,54.100,0.44,15985.100006219
8485,OK,80.300,0.44,15830.199990887195
8486,OK,59.000,0.44,15863.800013903528
8487,OK,65.400,0.44,15960.599994286895
8488,OK,79.200,0.44,15865.00002304092
8489,OK,74.900,0.44,15865.899971686304
8490,OK,75.000,0.44,15777.799999341369
8491,OK,54.900,0.44,16021.599993109703
8492,OK,55.400,0.44,15960.899996571243
8493,OK,167.900,0.44,15725.49995034933
8494,OK,68.500,0.44,15950.500033795834
8495,OK,72.500,0.44,15837.999992072582
8496,OK,66.600,0.44,15887.599962297827
8497,OK,63.400,0.44,15927.899978123605
8498,OK,68.900,0.44,15910.9000233002
8499,OK,69.600,0.44,15817.100007552654
8500,OK,58.900,0.44,15940.50001585856
8501,OK,69.100,0.44,15756.80001405999
8502,OK,181.500,0.44,15672.50001244247
8503,OK,109.400,0.44,15835.999976843596
8504,OK,52.400,0.44,15910.600021015853
8505,OK,71.200,0.44,15906.59999055788
8506,OK,75.700,0.44,15855.000005103648
8507,OK,61.600,0.44,15912.199974991381
8508,OK,60.400,0.44,15945.999999530613
8509,OK,55.700,0.44,15918.600023724139
8510,OK,62.500,0.44,15906.60004876554
8511,OK,135.500,0.44,15819.399966858327
8512,OK,66.900,0.44,15854.7000028193
8513,OK,90.700,0.44,15778.900007717311
8514,OK,68.200,0.44,16004.099976271391
8515,OK,83.200,0.44,15800.599998328835
8516,OK,84.700,0.44,15907.499997410923
8517,OK,98.300,0.44,15836.099977605045
8518,OK,89.200,0.44,15841.899963561445
8519,OK,94.200,0.44,15868.500049691647
8520,OK,68.500,0.44,15845.300047658384
8521,OK,94.300,0.44,15807.19999037683
8522,OK,99.200,0.44,15866.900037508458
8523,OK,83.300,0.44,15866.099973209202
8524,OK,83.100,0.44,15883.699990808964
8525,OK,85.600,0.44,15879.300015512854
8526,OK,88.400,0.44,15854.199999012053
8527,OK,86.900,0.44,15882.400039117783
8528,OK,100.500,0.44,15846.399997826666
8529,OK,94.400,0.44,15843.199973460287
8530,OK,96.900,0.44,15856.999962124974
8531,OK,101.300,0.44,15900.099999271333
8532,OK,70.800,0.44,15857.60002490133
8533,OK,85.100,0.44,15867.699985392392
8534,OK,96.500,0.44,15813.000034540892
8535,OK,98.800,0.44,15867.399983108044
8536,OK,111.600,0.44,15826.000017113984
8537,OK,71.100,0.44,15913.099981844425
8538,OK,92.000,0.44,15823.5999988392
8539,OK,71.900,0.44,15912.799979560077
8540,OK,98.400,0.44,15871.10001128167
8541,OK,82.000,0.44,15904.499974567443
8542,OK,166.800,0.44,15670.90000025928
8543,OK,152.500,0.44,15804.30002650246
8544,OK,97.000,0.44,15851.300035137683
8545,OK,72.300,0.44,15904.700034298003
8546,OK,73.800,0.44,15897.399978712201
8547,OK,72.200,0.44,15924.30000891909
8548,OK,51.600,0.44,15969.800006132573
8549,OK,80.100,0.44,15786.900010425597
8550,OK,74.700,0.44,15965.099970344454
8551,OK,68.400,0.44,15881.100029218942
8552,OK,78.800,0.44,15842.500026337802
8553,OK,69.800,0.44,15931.80000782013
8554,OK,69.600,0.44,15945.899998769164
8555,OK,83.400,0.44,15751.400031149387
8556,OK,77.500,0.44,15953.399997670203
8557,OK,198.800,0.44,15677.700052037835
8558,OK,64.200,0.44,15929.699991829693
8559,OK,79.800,0.44,15872.799966018647
8560,OK,63.600,0.44,15920.499979984015
8561,OK,63.300,0.44,15906.59999055788
8562,OK,94.000,0.44,15864.700020756572
8563,OK,57.600,0.44,15856.000012718141
8564,OK,98.500,0.44,15775.500040035695
8565,OK,54.000,0.44,15989.899984560907
8566,OK,59.000,0.44,15895.299962721765
8567,OK,88.800,0.44,15925.299958325922
8568,OK,64.200,0.44,15850.299969315529
8569,OK,87.200,0.44,15898.800047580153
8570,OK,87.200,0.44,15858.799975831062
8571,OK,55.000,0.44,15956.700022798032
8572,OK,70.400,0.44,15793.700003996491
8573,OK,81.100,0.44,15952.300047501922
8574,OK,57.300,0.44,15879.500017035753
8575,OK,52.900,0.44,16177.200013771653
8576,OK,57.800,0.44,15713.000029791147
8577,OK,48.500,0.44,15854.099998250604
8578,OK,69.800,0.44,15923.400002066046
8579,OK,67.900,0.44,15875.300043262541
8580,OK,57.700,0.44,15875.799988862127
8581,OK,62.800,0.44,15987.500024493784
8582,OK,59.000,0.44,16143.899993039668
8583,OK,68.600,0.44,15954.800008330494
8584,OK,79.300,0.44,16048.400022555143
8585,OK,97.900,0.44,15492.500038817525
8586,OK,102.600,0.44,15788.200020324439
8587,OK,74.500,0.44,15852.899989113212
8588,OK,96.100,0.44,15819.900028873235
8589,OK,77.200,0.44,15999.099996406585
8590,OK,167.700,0.44,15581.200015731156
8591,OK,48.000,0.44,15950.200031511486
8592,OK,82.300,0.44,15904.399973805994
8593,OK,53.000,0.44,15877.199999522418
8594,OK,87.500,0.44,15920.299978461117
8595,OK,58.400,0.44,15909.499954432249
8596,OK,58.900,0.44,15858.499973546714
8597,OK,57.000,0.44,15915.600000880659
8598,OK,53.200,0.44,15911.600028630346
8599,OK,54.900,0.44,15959.299984388053
8600,OK,51.600,0.44,15929.799992591143
8601,OK,51.200,0.44,15818.499960005283
8602,OK,51.000,0.44,15934.80003066361
8603,OK,52.700,0.44,15912.099974229932
8604,OK,64.100,0.44,15923.300001304597
8605,OK,74.800,0.44,15858.499973546714
8606,OK,86.500,0.44,15845.399990212172
8607,OK,57.000,0.44,15892.399998847395
8608,OK,48.000,0.44,15866.200032178313
8609,OK,44.000,0.44,16008.90001282096
8610,OK,52.200,0.44,15915.700001642108
8611,OK,47.200,0.44,15821.799985133111
8612,OK,66.600,0.44,15997.899987269193
8613,OK,50.800,0.44,15893.700008746237
8614,OK,37.800,0.44,15965.200029313564
8615,OK,52.000,0.44,15805.000031832606
8616,OK,50.300,0.44,16036.89999319613
8617,OK,56.600,0.44,15887.30001822114
8618,OK,59.000,0.44,15926.200023386627
8619,OK,50.500,0.44,15892.299998085946
8620,OK,72.500,0.44,15867.300040554255
8621,OK,60.100,0.44,15904.199972283095
8622,OK,56.100,0.44,15908.300003502518
8623,OK,55.700,0.44,15907.299995888025
8624,OK,50.900,0.44,16004.200035240501
8625,OK,68.000,0.44,15843.299974221736
8626,OK,65.000,0.44,15854.7000028193
8627,OK,110.300,0.44,15919.399971608073
8628,OK,69.200,0.44,15889.499976765364
8629,OK,55.800,0.44,15909.699955955148
8630,OK,49.000,0.44,15904.099971521646
8631,OK,48.000,0.44,15876.79999647662
8632,OK,53.000,0.44,15975.200047250837
8633,OK,78.300,0.44,15886.100009083748
8634,OK,62.400,0.44,15935.99998159334
8635,OK,82.300,0.44,15827.700030058622
8636,OK,70.500,0.44,15793.400001712143
8637,OK,81.500,0.44,15934.500028379261
8638,OK,79.100,0.44,15927.000029478222
8639,OK,66.400,0.44,15891.69999351725
8640,OK,69.800,0.44,15832.999954000115
8641,OK,69.300,0.44,15888.70002888143
8642,OK,71.800,0.44,15882.299980148673
8643,OK,77.900,0.44,15890.799986664206
8644,OK,54.800,0.44,15891.499991994351
8645,OK,57.000,0.44,15966.399980243295
8646,OK,72.400,0.44,15903.5999677144
8647,OK,68.100,0.44,15882.099978625774
8648,OK,81.700,0.44,15887.40001898259
8649,OK,68.700,0.44,15867.499983869493
8650,OK,62.400,0.44,15884.499996900558
8651,OK,51.100,0.44,15882.499981671572
8652,OK,50.300,0.44,15959.199983626604
8653,OK,131.100,0.44,15821.600041817874
8654,OK,80.300,0.44,15948.700020089746
8655,OK,69.000,0.44,15833.100012969226
8656,OK,66.000,0.44,15844.09998031333
8657,OK,59.000,0.44,15900.300000794232
8658,OK,51.200,0.44,15928.899985738099
8659,OK,57.800,0.44,15964.29996425286
8660,OK,59.200,0.44,15846.800000872463
8661,OK,61.200,0.44,15877.300000283867
8662,OK,83.900,0.44,15886.500012129545
8663,OK,62.100,0.44,15821.200038772076
8664,OK,78.400,0.44,15908.700006548315
8665,OK,76.900,0.44,15891.7999942787
8666,OK,57.200,0.44,15863.70001314208
8667,OK,73.300,0.44,15941.300021950155
8668,OK,68.200,0.44,15887.40001898259
8669,OK,73.200,0.44,15919.299970846623
8670,OK,63.600,0.44,15845.999994780868
8671,OK,67.600,0.44,15923.500002827495
8672,OK,53.600,0.44,15873.400028795004
8673,OK,68.600,0.44,15934.70002990216
8674,OK,51.900,0.44,15853.899996727705
8675,OK,61.200,0.44,15974.099980667233
8676,OK,51.900,0.44,15892.900002654642
8677,OK,39.000,0.44,15962.200006470084
8678,OK,49.700,0.44,15886.999957729131
8679,OK,63.500,0.44,15897.49997947365
8680,OK,54.100,0.44,15944.199985824525
8681,OK,84.200,0.44,15864.599961787462
8682,OK,74.600,0.44,15950.700035318732
8683,OK,62.300,0.44,15869.199996814132
8684,OK,57.900,0.44,15918.499964755028
8685,OK,55.200,0.44,15912.699978798628
8686,OK,52.100,0.44,15904.499974567443
8687,OK,65.800,0.44,15905.300038866699
8688,OK,51.000,0.44,15922.6999967359
8689,OK,52.800,0.44,15944.900049362332
8690,OK,57.500,0.44,15880.899969488382
8691,OK,53.100,0.44,15934.399969410151
8692,OK,58.700,0.44,15914.699994027615
8693,OK,83.000,0.44,15864.400018472224
8694,OK,71.100,0.44,15859.700040891767
8695,OK,67.600,0.44,15917.100012302399
8696,OK,60.700,0.44,15922.6999967359
8697,OK,73.600,0.44,15884.39999613911
8698,OK,56.700,0.44,15882.399980910122
8699,OK,66.900,0.44,15883.399988524616
8700,OK,70.500,0.44,15900.400001555681
8701,OK,137.700,0.44,15660.70003900677
8702,OK,75.400,0.44,15872.900024987757
8703,OK,88.800,0.44,15862.900007050484
8704,OK,86.500,0.44,15878.50000942126
8705,OK,94.500,0.44,15503.999951761216
8706,OK,75.200,0.44,15936.599986162037
8707,OK,76.100,0.44,15902.999963145703
8708,OK,88.000,0.44,15822.299988940358
8709,OK,82.500,0.44,15930.800000205636
8710,OK,71.100,0.44,15914.599993266165
8711,OK,66.200,0.44,15808.099997229874
8712,OK,69.100,0.44,15971.600019838661
8713,OK,70.000,0.44,15831.500000786036
8714,OK,112.800,0.44,15848.900016862899
8715,OK,67.600,0.44,15872.800024226308
8716,OK,68.300,0.44,15915.099997073412
8717,OK,89.800,0.44,15856.999962124974
8718,OK,100.000,0.44,15884.099993854761
8719,OK,68.100,0.44,15900.800004601479
8720,OK,66.800,0.44,15898.300043772906
8721,OK,77.100,0.44,15837.699989788234
8722,OK,78.600,0.44,15958.300034981221
8723,OK,70.500,0.44,15884.499996900558
8724,OK,69.800,0.44,15891.7999942787
8725,OK,68.400,0.44,15878.50000942126
8726,OK,56.400,0.44,15914.799994789064
8727,OK,56.700,0.44,15865.300025325269
8728,OK,98.600,0.44,15872.099960688502
8729,OK,76.300,0.44,15855.900011956692
8730,OK,64.300,0.44,15865.499968640506
8731,OK,82.500,0.44,15926.399966701865
8732,OK,66.100,0.44,15885.400003753603
8733,OK,56.800,0.44,15919.69997389242
8734,OK,69.500,0.44,15907.799999695271
8735,OK,63.700,0.44,15877.600002568215
8736,OK,57.100,0.44,15900.200000032783
8737,OK,143.600,0.44,15734.899963717908
8738,OK,72.200,0.44,15908.10000197962
8739,OK,63.100,0.44,15919.79997465387
8740,OK,66.100,0.44,15777.000051457435
8741,OK,97.400,0.44,15948.899963404983
8742,OK,66.700,0.44,15863.300010096282
8743,OK,63.500,0.44,15941.300021950155
8744,OK,63.400,0.44,15845.69999249652
8745,OK,89.100,0.44,15871.399955358356
8746,OK,72.000,0.44,15847.000002395362
8747,OK,93.500,0.44,15887.40001898259
8748,OK,124.800,0.44,15827.199968043715
8749,OK,65.300,0.44,15918.000019155443
8750,OK,81.200,0.44,15835.3999722749
8751,OK,103.900,0.44,15835.499973036349
8752,OK,83.500,0.44,15923.800005111843
8753,OK,69.000,0.44,15903.200022876263
8754,OK,66.900,0.44,15927.500033285469
8755,OK,71.000,0.44,15850.40002828464
8756,OK,69.200,0.44,15894.70001636073
8757,OK,95.300,0.44,15863.100008573383
8758,OK,93.900,0.44,15822.599991224706
8759,OK,95.400,0.44,15876.099991146475
8760,OK,130.900,0.44,15848.000010009855
8761,OK,106.600,0.44,15837.700047995895
8762,OK,109.600,0.44,15811.200020834804
8763,OK,98.200,0.44,15823.199995793402
8764,OK,109.800,0.44,15855.100005865097
8765,OK,111.300,0.44,15839.600004255772
8766,OK,98.500,0.44,15817.299950867891
8767,OK,92.700,0.44,15878.100006375462
8768,OK,53.400,0.44,15906.000044196844
8769,OK,102.100,0.44,15857.60002490133
8770,OK,166.900,0.44,15830.499993171543
8771,OK,166.300,0.44,15678.19999763742
8772,OK,97.400,0.44,15841.699962038547
8773,OK,79.200,0.44,15902.899962384254
8774,OK,68.600,0.44,15846.099995542318
8775,OK,64.700,0.44,15906.099986750633
8776,OK,69.100,0.44,15881.000028457493
8777,OK,60.500,0.44,15971.600019838661
8778,OK,67.200,0.44,15869.900002144277
8779,OK,54.200,0.44,15925.90002110228
8780,OK,73.800,0.44,15937.299991492182
8781,OK,67.900,0.44,15839.700005017221
8782,OK,87.300,0.44,15903.50002516061
8783,OK,69.600,0.44,15801.900008227676
8784,OK,67.500,0.44,15981.700038537383
8785,OK,159.700,0.44,15679.90001058206
8786,OK,56.700,0.44,15900.200000032783
8787,OK,47.200,0.44,15911.999973468482
8788,OK,62.700,0.44,15993.700013495982
8789,OK,50.600,0.44,15878.40000865981
8790,OK,55.100,0.44,15988.00002830103
8791,OK,61.200,0.44,15785.399999003857
8792,OK,83.700,0.44,15977.200004272163
8793,OK,61.500,0.44,15923.400002066046
8794,OK,65.100,0.44,15901.799954008311
8795,OK,122.500,0.44,15692.499990109354
8796,OK,68.900,0.44,15947.90001399815
8797,OK,56.500,0.44,15917.500015348196
8798,OK,59.100,0.44,15920.399979222566
8799,OK,75.800,0.44,15852.699987590313
8800,OK,63.800,0.44,16100.800014100969
8801,OK,87.200,0.44,15605.70002766326
8802,OK,62.800,0.44,15874.300035648048
8803,OK,66.900,0.44,15978.600014932454
8804,OK,60.200,0.44,15839.500003494322
8805,OK,87.900,0.44,16112.899989821017
8806,OK,78.300,0.44,16021.399991586804
8807,OK,111.000,0.44,15577.100042719394
8808,OK,116.600,0.44,15787.399956025183
8809,OK,131.000,0.44,15790.200035553426
8810,OK,134.500,0.44,15745.999990031123
8811,OK,67.800,0.44,15921.499987598509
8812,OK,60.600,0.44,16060.800000559539
8813,OK,57.500,0.44,15897.100034635514
8814,OK,60.500,0.44,15750.99996989593
8815,OK,71.600,0.44,15905.899985227734
8816,OK,130.700,0.44,15767.799981404096
8817,OK,143.500,0.44,15671.300003305078
8818,OK,79.600,0.44,15860.999992582947
8819,OK,59.000,0.44,15938.800002913922
8820,OK,51.100,0.44,15859.599981922656
8821,OK,63.000,0.44,15914.899995550513
8822,OK,79.700,0.44,15882.899984717369
8823,OK,58.500,0.44,15865.199966356158
8824,OK,88.100,0.44,15865.399967879057
8825,OK,87.000,0.44,15921.799989882857
8826,OK,62.600,0.44,15845.80005146563
8827,OK,54.500,0.44,15938.199998345226
8828,OK,51.700,0.44,15974.099980667233
8829,OK,59.800,0.44,15925.200015772134
8830,OK,76.100,0.44,15885.300002992153
8831,OK,64.900,0.44,15880.100021604449
8832,OK,68.100,0.44,15889.700036495924
8833,OK,55.400,0.44,15861.499996390194
8834,OK,55.500,0.44,15871.099953074008
8835,OK,48.900,0.44,15898.699988611042
8836,OK,60.900,0.44,16009.899962227792
8837,OK,69.700,0.44,15908.500005025417
8838,OK,63.200,0.44,15799.099986907095
8839,OK,62.800,0.44,15981.299977283925
8840,OK,56.400,0.44,15929.499990306795
8841,OK,65.400,0.44,15897.299977950752
8842,OK,55.000,0.44,15925.400017295033
8843,OK,64.800,0.44,15874.900040216744
8844,OK,71.600,0.44,15869.800001382828
8845,OK,57.200,0.44,15961.800003424287
8846,OK,61.200,0.44,15897.099976427853
8847,OK,56.000,0.44,15904.99997837469
8848,OK,54.100,0.44,15914.899995550513
8849,OK,56.200,0.44,15910.700021777302
8850,OK,72.500,0.44,15898.199984803796
8851,OK,55.400,0.44,15916.200005449355
8852,OK,60.500,0.44,15828.10003310442
8853,OK,63.200,0.44,15984.099998604506
8854,OK,63.700,0.44,15876.099991146475
8855,OK,65.400,0.44,15893.599949777126
8856,OK,97.300,0.44,15867.99998767674
8857,OK,70.100,0.44,15900.300000794232
8858,OK,74.800,0.44,15895.600023213774
8859,OK,60.000,0.44,15855.100005865097
8860,OK,54.700,0.44,15891.299990471452
8861,OK,55.200,0.44,15927.20003100112
8862,OK,62.400,0.44,15840.699954424053
8863,OK,93.000,0.44,15898.899990133941
8864,OK,80.600,0.44,15899.699996225536
8865,OK,61.200,0.44,15868.999995291233
8866,OK,61.100,0.44,15990.199986845255
8867,OK,60.900,0.44,15905.09997913614
8868,OK,68.700,0.44,15836.600039619952
8869,OK,52.700,0.44,15801.30000365898
8870,OK,57.300,0.44,15996.800037100911
8871,OK,56.500,0.44,15886.900015175343
8872,OK,62.900,0.44,15980.200027115643
8873,OK,65.500,0.44,15835.999976843596
8874,OK,66.900,0.44,15931.60000629723
8875,OK,63.500,0.44,15839.69994680956
8876,OK,55.300,0.44,15893.900010269135
8877,OK,61.500,0.44,15938.199998345226
8878,OK,57.500,0.44,15877.099998760968
8879,OK,57.600,0.44,15927.600034046918
8880,OK,51.000,0.44,15979.199961293489
8881,OK,60.100,0.44,15918.200020678341
8882,OK,72.400,0.44,15805.59997819364
8883,OK,55.300,0.44,15904.799976851791
8884,OK,50.800,0.44,15915.50000011921
8885,OK,56.600,0.44,15987.200022209436
8886,OK,70.900,0.44,15912.200033199042
8887,OK,69.600,0.44,15802.80001508072
8888,OK,91.100,0.44,15852.499986067414
8889,OK,75.500,0.44,15898.400044534355
8890,OK,56.700,0.44,15952.29998929426
8891,OK,57.700,0.44,15887.699963059276
8892,OK,87.600,0.44,15794.600010849535
8893,OK,57.200,0.44,15919.69997389242
8894,OK,58.700,0.44,15958.000032696873
8895,OK,64.800,0.44,15885.300002992153
8896,OK,62.700,0.44,15925.200015772134
8897,OK,67.500,0.44,15846.800000872463
8898,OK,69.400,0.44,15953.499998431653
8899,OK,97.400,0.44,15777.299995534122
8900,OK,63.000,0.44,15904.100029729307
8901,OK,104.700,0.44,15826.700022444129
8902,OK,93.700,0.44,15808.399999514222
8903,OK,65.800,0.44,15908.700006548315
8904,OK,81.400,0.44,15868.899994529784
8905,OK,56.200,0.44,15918.100019916892
8906,OK,62.300,0.44,15877.999947406352
8907,OK,62.500,0.44,15969.000000040978
8908,OK,62.400,0.44,15883.300045970827
8909,OK,67.600,0.44,15941.799967549741
8910,OK,71.200,0.44,15865.800029132515
8911,OK,60.700,0.44,15929.199988022447
8912,OK,78.400,0.44,15874.399978201836
8913,OK,79.000,0.44,15862.900007050484
8914,OK,64.200,0.44,15956.599963828921
8915,OK,68.400,0.44,15870.700008235872
8916,OK,61.900,0.44,15781.900030560791
8917,OK,70.200,0.44,15983.59999479726
8918,OK,82.600,0.44,15865.800029132515
8919,OK,67.100,0.44,15937.899996060878
8920,OK,69.300,0.44,15903.50002516061
8921,OK,71.500,0.44,15865.899971686304
8922,OK,170.400,0.44,15749.999962281436
8923,OK,70.500,0.44,15797.100029885769
8924,OK,59.200,0.44,15904.200030490756
8925,OK,54.200,0.44,15963.999961968511
8926,OK,50.000,0.44,15869.49999909848
8927,OK,90.500,0.44,15886.000008322299
8928,OK,58.800,0.44,15895.099961198866
8929,OK,62.100,0.44,15900.800004601479
8930,OK,51.000,0.44,15930.499997921288
8931,OK,53.600,0.44,15801.600005943328
8932,OK,66.800,0.44,15970.499953255057
8933,OK,57.500,0.44,15935.599978547543
8934,OK,61.100,0.44,15888.70002888143
8935,OK,89.800,0.44,15820.099972188473
8936,OK,61.800,0.44,15977.800008840859
8937,OK,62.800,0.44,15923.400002066046
8938,OK,72.300,0.44,15879.000013228506
8939,OK,54.500,0.44,15906.099986750633
8940,OK,70.300,0.44,15918.40002220124
8941,OK,68.000,0.44,15853.799995966256
8942,OK,62.200,0.44,15944.99999191612
8943,OK,65.700,0.44,15871.10001128167
8944,OK,64.900,0.44,15926.699968986213
8945,OK,68.500,0.44,15895.299962721765
8946,OK,62.700,0.44,15884.599997662008
8947,OK,54.000,0.44,15873.400028795004
8948,OK,59.100,0.44,15910.099959000945
8949,OK,48.000,0.44,15912.599978037179
8950,OK,62.700,0.44,15983.59999479726
8951,OK,77.100,0.44,15842.100023292005
8952,OK,97.500,0.44,15850.299969315529
8953,OK,94.800,0.44,15914.299990981817
8954,OK,68.500,0.44,15842.199965845793
8955,OK,120.600,0.44,15770.800004247576
8956,OK,59.300,0.44,15895.699965767562
8957,OK,51.000,0.44,15909.799956716597
8958,OK,61.000,0.44,15958.600037265569
8959,OK,64.300,0.44,15874.299977440387
8960,OK,62.800,0.44,15924.900013487786
8961,OK,64.300,0.44,15896.30002854392
8962,OK,53.300,0.44,15915.700001642108
8963,OK,54.000,0.44,15907.199995126575
8964,OK,143.400,0.44,15777.799999341369
8965,OK,56.500,0.44,15923.099999781698
8966,OK,58.800,0.44,15905.20003810525
8967,OK,56.500,0.44,15904.499974567443
8968,OK,71.500,0.44,15917.400014586747
8969,OK,55.800,0.44,15908.300003502518
8970,OK,52.600,0.44,15936.499985400587
8971,OK,62.200,0.44,15882.899984717369
8972,OK,60.000,0.44,16004.499979317188
8973,OK,190.900,0.44,15592.300042044371
8974,OK,64.100,0.44,15856.399957556278
8975,OK,53.300,0.44,15930.900000967085
8976,OK,60.000,0.44,15895.499964244664
8977,OK,47.700,0.44,15935.900039039552
8978,OK,96.900,0.44,15793.099999427795
8979,OK,75.900,0.44,15937.200048938394
8980,OK,117.900,0.44,15810.800017789006
8981,OK,135.800,0.44,15848.49995560944
8982,OK,195.600,0.44,15707.199985627085
8983,OK,126.300,0.44,15793.90000551939
8984,OK,111.200,0.44,15855.200006626546
8985,OK,107.300,0.44,15831.400000024587
8986,OK,102.900,0.44,15836.399979889393
8987,OK,115.500,0.44,15949.799970258027
8988,OK,96.900,0.44,15783.000038936734
8989,OK,104.100,0.44,15798.999986145645
8990,OK,75.100,0.44,15870.300005190074
8991,OK,94.700,0.44,15856.299956794828
8992,OK,70.000,0.44,15883.899992331862
8993,OK,89.900,0.44,15874.399978201836
8994,OK,69.800,0.44,15892.099996563047
8995,OK,127.400,0.44,15831.099997740239
8996,OK,106.200,0.44,15846.800000872463
8997,OK,90.300,0.44,15899.699996225536
8998,OK,74.400,0.44,15827.599971089512
8999,OK,93.000,0.44,15887.899964582175
9000,OK,91.000,0.44,15869.099996052682
9001,OK,126.800,0.44,15701.199998147786
9002,OK,101.500,0.44,15828.900039196014
9003,OK,108.100,0.44,15824.500005692244
9004,OK,98.400,0.44,15820.099972188473
9005,OK,91.900,0.44,15856.799960602075
9006,OK,78.200,0.44,15922.999999020249
9007,OK,111.900,0.44,15841.200016438961
9008,OK,142.700,0.44,15837.200044188648
9009,OK,200.700,0.44,15587.000001687557
9010,OK,117.900,0.44,15830.699994694442
9011,OK,75.300,0.44,15929.300046991557
9012,OK,49.800,0.44,15841.500018723309
9013,OK,58.400,0.44,15866.50003446266
9014,OK,77.700,0.44,15977.49994834885
9015,OK,56.300,0.44,15900.800004601479
9016,OK,49.700,0.44,15942.299971356988
9017,OK,49.300,0.44,15824.300004169345
9018,OK,50.500,0.44,16012.999985832721
9019,OK,137.700,0.44,15755.700005684048
9020,OK,64.200,0.44,15917.200013063848
9021,OK,69.200,0.44,15905.499982181937
9022,OK,85.200,0.44,15862.900007050484
9023,OK,79.700,0.44,15866.39997549355
9024,OK,68.400,0.44,15959.69998743385
9025,OK,83.100,0.44,15907.299995888025
9026,OK,135.000,0.44,15726.099954918027
9027,OK,61.800,0.44,15945.199993439019
9028,OK,68.100,0.44,15863.900014664978
9029,OK,85.800,0.44,15895.100019406527
9030,OK,66.800,0.44,15871.10001128167
9031,OK,70.400,0.44,15874.799981247634
9032,OK,80.800,0.44,15916.299948003143
9033,OK,64.300,0.44,15887.699963059276
9034,OK,68.600,0.44,15912.000031676143
9035,OK,83.000,0.44,15864.399960264564
9036,OK,79.700,0.44,15844.599984120578
9037,OK,76.200,0.44,15925.000014249235
9038,OK,64.600,0.44,15915.29999859631
9039,OK,63.200,0.44,16046.900011133403
9040,OK,112.000,0.44,15732.800005935133
9041,OK,86.500,0.44,16060.199995990843
9042,OK,165.500,0.44,15719.499962870032
9043,OK,132.600,0.44,15602.100000251085
9044,OK,148.800,0.44,15742.600022349507
9045,OK,149.200,0.44,15998.600050807
9046,OK,95.600,0.44,15698.500035796314
9047,OK,79.400,0.44,15845.499990973622
9048,OK,88.400,0.44,15882.099978625774
9049,OK,108.100,0.44,15692.000044509768
9050,OK,129.500,0.44,16088.69998017326
9051,OK,92.700,0.44,15493.400045670569
9052,OK,79.600,0.44,15967.999992426485
9053,OK,93.200,0.44,15799.099986907095
9054,OK,88.300,0.44,16015.399945899844
9055,OK,112.300,0.44,15990.000043530017
9056,OK,152.700,0.44,16052.199993282557
9057,OK,153.100,0.44,15635.800024028867
9058,OK,156.100,0.44,15865.800029132515
9059,OK,156.500,0.44,15701.800002716482
9060,OK,147.400,0.44,15409.999992698431
9061,OK,145.000,0.44,15627.299959305674
9062,OK,62.800,0.44,15876.099991146475
9063,OK,51.700,0.44,16168.200003448874
9064,OK,54.600,0.44,15717.100002802908
9065,OK,69.700,0.44,16030.300001148134
9066,OK,128.500,0.44,15665.700018871576
9067,OK,54.600,0.44,15843.399974983186
9068,OK,47.900,0.44,16038.900008425117
9069,OK,184.100,0.44,15644.999977666885
9070,OK,47.500,0.44,15928.499982692301
9071,OK,49.400,0.44,15883.799991570413
9072,OK,48.800,0.44,15969.099942594767
9073,OK,57.500,0.44,15862.800006289035
9074,OK,59.800,0.44,15889.600035734475
9075,OK,55.900,0.44,15885.90000756085
9076,OK,53.400,0.44,15873.89997439459
9077,OK,54.600,0.44,16029.49999505654
9078,OK,66.700,0.44,15889.500034973025
9079,OK,66.800,0.44,15842.100023292005
9080,OK,86.300,0.44,15809.500007890165
9081,OK,64.600,0.44,16004.699980840087
9082,OK,82.400,0.44,15849.200019147247
9083,OK,54.500,0.44,15812.399971764535
9084,OK,59.000,0.44,16003.499971702695
9085,OK,58.900,0.44,15905.999985989183
9086,OK,64.700,0.44,15890.999988187104
9087,OK,55.400,0.44,15827.900031581521
9088,OK,72.800,0.44,15990.299987606704
9089,OK,64.500,0.44,15903.60002592206
9090,OK,73.700,0.44,15893.700008746237
9091,OK,81.000,0.44,15810.399956535548
9092,OK,68.200,0.44,15981.199976522475
9093,OK,62.400,0.44,15922.79999749735
9094,OK,61.600,0.44,15872.999967541546
9095,OK,62.300,0.44,15873.599972110242
9096,OK,65.400,0.44,15955.600014422089
9097,OK,64.500,0.44,15869.39999833703
9098,OK,61.900,0.44,15926.000021863729
9099,OK,63.400,0.44,15868.299989961088
9100,OK,56.900,0.44,15944.699989631772
9101,OK,70.300,0.44,15780.59996245429
9102,OK,96.700,0.44,16035.199980251491
9103,OK,57.400,0.44,15610.400005243719
9104,OK,63.100,0.44,16009.99996298924
9105,OK,91.700,0.44,15854.60000205785
9106,OK,58.600,0.44,15881.899977102876
9107,OK,56.800,0.44,15920.600038953125
9108,OK,59.700,0.44,15907.499997410923
9109,OK,62.400,0.44,15901.700011454523
9110,OK,63.900,0.44,15880.000020843
9111,OK,86.700,0.44,15870.100003667176
9112,OK,74.800,0.44,15830.89999621734
9113,OK,53.800,0.44,15974.300040397793
9114,OK,57.600,0.44,15902.800019830465
9115,OK,62.000,0.44,15927.599975839257
9116,OK,65.900,0.44,15892.600000370294
9117,OK,74.700,0.44,15893.800009507686
9118,OK,73.300,0.44,15883.099986240268
9119,OK,62.500,0.44,15896.000026259571
9120,OK,61.900,0.44,15909.699955955148
9121,OK,64.900,0.44,15895.700023975223
9122,OK,64.300,0.44,15874.200034886599
9123,OK,54.300,0.44,15951.899986248463
9124,OK,66.200,0.44,15852.399985305965
9125,OK,59.600,0.44,15902.10001450032
9126,OK,57.900,0.44,15867.89998691529
9127,OK,78.300,0.44,15870.700008235872
9128,OK,52.400,0.44,15948.400017805398
9129,OK,72.700,0.44,15861.299994867295
9130,OK,49.200,0.44,15906.699991319329
9131,OK,50.400,0.44,15952.999994624406
9132,OK,52.500,0.44,15925.80002034083
9133,OK,69.900,0.44,15932.000009343028
9134,OK,53.700,0.44,15853.899996727705
9135,OK,67.100,0.44,15938.500000629574
9136,OK,56.600,0.44,15913.400042336434
9137,OK,64.200,0.44,15930.29999639839
9138,OK,60.000,0.44,15904.699976090342
9139,OK,56.400,0.44,15889.599977526814
9140,OK,71.900,0.44,15874.399978201836
9141,OK,56.000,0.44,15874.799981247634
9142,OK,84.300,0.44,15905.799984466285
9143,OK,72.000,0.44,15899.399993941188
9144,OK,59.800,0.44,15914.299990981817
9145,OK,79.700,0.44,15923.700004350394
9146,OK,59.300,0.44,15916.69995104894
9147,OK,62.600,0.44,15871.800016611814
9148,OK,56.000,0.44,15879.90002008155
9149,OK,53.400,0.44,15947.100007906556
9150,OK,58.000,0.44,15932.99995874986
9151,OK,55.400,0.44,15885.400003753603
9152,OK,62.500,0.44,15867.600042838603
9153,OK,87.600,0.44,15869.599999859929
9154,OK,64.800,0.44,15944.499988108873
9155,OK,59.000,0.44,15950.199973303825
9156,OK,106.700,0.44,15780.60002066195
9157,OK,55.700,0.44,15914.999996311963
9158,OK,51.700,0.44,15886.700013652444
9159,OK,39.900,0.44,15954.400005284697
9160,OK,63.600,0.44,15931.70000705868
9161,OK,108.700,0.44,15831.900003831834
9162,OK,57.200,0.44,15906.400047242641
9163,OK,56.800,0.44,15904.500032775104
9164,OK,52.200,0.44,16019.799979403615
9165,OK,143.900,0.44,15559.600025881082
9166,OK,59.900,0.44,15975.599992088974
9167,OK,67.600,0.44,15939.600009005517
9168,OK,73.000,0.44,15858.300030231476
9169,OK,68.300,0.44,15883.699990808964
9170,OK,65.400,0.44,15895.000018645078
9171,OK,97.100,0.44,15902.400016784668
9172,OK,81.500,0.44,15867.199981585145
9173,OK,65.000,0.44,15764.40001372248
9174,OK,50.000,0.44,15997.099981177598
9175,OK,57.800,0.44,15923.200000543147
9176,OK,53.600,0.44,15934.799972455949
9177,OK,101.000,0.44,15775.699983350933
9178,OK,83.400,0.44,15886.699955444783
9179,OK,53.400,0.44,15930.399997159839
9180,OK,60.100,0.44,15835.50003124401
9181,OK,57.600,0.44,15939.900011289865
9182,OK,54.700,0.44,15901.900012977421
9183,OK,56.300,0.44,15933.10001771897
9184,OK,45.100,0.44,15904.799976851791
9185,OK,37.000,0.44,15961.600001901388
9186,OK,46.900,0.44,15942.900034133345
9187,OK,66.100,0.44,15900.60000307858
9188,OK,54.700,0.44,15857.100021094084
9189,OK,60.600,0.44,15965.099970344454
9190,OK,68.200,0.44,15911.999973468482
9191,OK,53.100,0.44,15906.39998903498
9192,OK,53.300,0.44,15914.599993266165
9193,OK,51.500,0.44,15977.300005033612
9194,OK,140.000,0.44,15699.399984441698
9195,OK,68.000,0.44,15877.400001045316
9196,OK,57.600,0.44,15912.300033960491
9197,OK,56.900,0.44,15990.700048860162
9198,OK,83.000,0.44,15874.799981247634
9199,OK,68.000,0.44,15915.39999935776
9200,OK,88.500,0.44,15844.40004080534
9201,OK,79.200,0.44,15763.800009153783
9202,OK,87.500,0.44,16102.600027807057
9203,OK,107.200,0.44,15558.899962343276
9204,OK,128.100,0.44,15783.60004350543
9205,OK,73.400,0.44,15904.599975328892
9206,OK,68.000,0.44,15936.000039801002
9207,OK,62.600,0.44,15850.20002676174
9208,OK,44.800,0.44,15852.699987590313
9209,OK,61.500,0.44,15945.799998007715
9210,OK,44.400,0.44,15970.799955539405
9211,OK,47.700,0.44,15888.099966105074
9212,OK,137.700,0.44,15786.300005856901
9213,OK,63.200,0.44,15895.299962721765
9214,OK,62.300,0.44,15897.099976427853
9215,OK,60.700,0.44,15904.500032775104
9216,OK,66.400,0.44,15885.300002992153
9217,OK,57.800,0.44,15742.00001778081
9218,OK,73.100,0.44,15925.899962894619
9219,OK,83.100,0.44,15880.399965681136
9220,OK,85.800,0.44,15855.400008149445
9221,OK,85.400,0.44,15878.200007136911
9222,OK,66.300,0.44,15902.700019069016
9223,OK,95.700,0.44,15855.400008149445
9224,OK,93.700,0.44,15799.89999299869
9225,OK,68.300,0.44,15895.99996805191
9226,OK,88.700,0.44,15882.199979387224
9227,OK,93.900,0.44,15864.600019995123
9228,OK,107.800,0.44,15880.699967965484
9229,OK,107.000,0.44,15813.400037586689
9230,OK,98.900,0.44,15871.599956881255
9231,OK,98.400,0.44,15836.600039619952
9232,OK,95.400,0.44,15857.000020332634
9233,OK,94.300,0.44,15813.699981663376
9234,OK,99.200,0.44,15857.70002566278
9235,OK,98.300,0.44,15861.399995628744
9236,OK,98.000,0.44,15848.000010009855
9237,OK,106.600,0.44,15839.300001971424
9238,OK,102.000,0.44,15835.3999722749
9239,OK,80.000,0.44,15874.699980486184
9240,OK,110.000,0.44,15844.499983359128
9241,OK,116.800,0.44,15853.499993681908
9242,OK,79.300,0.44,15850.700030568987
9243,OK,98.400,0.44,15794.200007803738
9244,OK,99.300,0.44,15884.099993854761
9245,OK,99.900,0.44,15864.200016949326
9246,OK,151.500,0.44,15740.000002551824
9247,OK,71.200,0.44,15814.899990800768
9248,OK,64.900,0.44,15909.999958239496
9249,OK,59.400,0.44,15917.600016109645
9250,OK,58.000,0.44,15927.499975077808
9251,OK,70.100,0.44,15912.799979560077
9252,OK,86.400,0.44,15870.100003667176
9253,OK,82.100,0.44,15925.79996213317
9254,OK,80.500,0.44,15886.300010606647
9255,OK,77.800,0.44,15806.599985808134
9256,OK,84.300,0.44,15973.500034306198
9257,OK,67.100,0.44,15888.499969150871
9258,OK,63.500,0.44,15898.700046818703
9259,OK,65.700,0.44,15892.399998847395
9260,OK,124.700,0.44,15807.599993422627
9261,OK,66.800,0.44,15896.899974904954
9262,OK,66.900,0.44,15888.300025835633
9263,OK,66.500,0.44,15850.100026000291
9264,OK,57.600,0.44,15965.200029313564
9265,OK,64.900,0.44,15854.900004342198
9266,OK,72.800,0.44,15884.099993854761
9267,OK,99.900,0.44,15903.60002592206
9268,OK,84.600,0.44,15873.90003260225
9269,OK,54.000,0.44,15890.599985141307
9270,OK,48.000,0.44,15911.599970422685
9271,OK,54.500,0.44,15907.399996649474
9272,OK,46.600,0.44,15937.69999453798
9273,OK,47.100,0.44,16165.899985935539
9274,OK,55.400,0.44,15698.200033511966
9275,OK,59.300,0.44,16059.10004582256
9276,OK,124.200,0.44,15697.100025136024
9277,OK,84.100,0.44,15814.899990800768
9278,OK,75.800,0.44,15921.799989882857
9279,OK,59.600,0.44,15953.099995385855
9280,OK,63.000,0.44,16007.900005206466
9281,OK,58.700,0.44,15605.899970978498
9282,OK,73.000,0.44,15852.599986828864
9283,OK,67.800,0.44,16333.800042048097
9284,OK,107.200,0.44,15900.50000231713
9285,OK,93.300,0.44,15442.70000886172
9286,OK,148.900,0.44,15921.30004428327
9287,OK,131.300,0.44,16315.900022163987
9288,OK,146.400,0.44,15202.59998505935
9289,OK,137.100,0.44,15849.100018385798
9290,OK,195.600,0.44,15546.199982054532
9291,OK,122.800,0.44,15816.600003745407
9292,OK,136.400,0.44,15742.10001854226
9293,OK,67.500,0.44,15841.1999582313
9294,OK,58.700,0.44,15975.199989043176
9295,OK,54.800,0.44,15948.0000147596
9296,OK,63.800,0.44,15894.400014076382
9297,OK,83.100,0.44,15932.000009343028
9298,OK,54.700,0.44,15887.19995925203
9299,OK,59.000,0.44,15863.000007811934
9300,OK,92.600,0.44,15836.099977605045
9301,OK,62.000,0.44,15812.399971764535
9302,OK,74.200,0.44,15926.600026432425
9303,OK,65.900,0.44,15893.499949015677
9304,OK,65.900,0.44,15883.699990808964
9305,OK,64.400,0.44,15912.300033960491
9306,OK,66.200,0.44,15854.400000534952
9307,OK,101.500,0.44,15857.70002566278
9308,OK,103.800,0.44,15867.299982346594
9309,OK,100.100,0.44,15776.000043842942
9310,OK,42.300,0.44,15950.200031511486
9311,OK,66.500,0.44,15900.70000384003
9312,OK,55.100,0.44,15921.999991405755
9313,OK,51.600,0.44,15905.899985227734
9314,OK,52.800,0.44,15927.29997355491
9315,OK,83.600,0.44,15875.799988862127
9316,OK,53.000,0.44,15889.700036495924
9317,OK,48.800,0.44,15938.600001391023
9318,OK,52.900,0.44,15914.500050712377
9319,OK,48.100,0.44,15934.80003066361
9320,OK,53.500,0.44,15875.29998505488
9321,OK,47.600,0.44,15985.399950295687
9322,OK,51.900,0.44,15895.600023213774
9323,OK,83.900,0.44,15863.800013903528
9324,OK,45.700,0.44,15919.999976176769
9325,OK,53.800,0.44,15957.300027366728
9326,OK,72.600,0.44,15852.899989113212
9327,OK,75.100,0.44,15904.699976090342
9328,OK,65.200,0.44,15874.199976678938
9329,OK,64.700,0.44,15905.500040389597
9330,OK,59.900,0.44,15960.599994286895
9331,OK,66.400,0.44,15876.499994192272
9332,OK,90.700,0.44,15853.999997489154
9333,OK,126.700,0.44,15815.099992323667
9334,OK,76.400,0.44,15844.40004080534
9335,OK,60.500,0.44,15971.200016792864
9336,OK,76.400,0.44,15828.099974896759
9337,OK,52.200,0.44,15969.200001563877
9338,OK,61.700,0.44,15906.100044958293
9339,OK,60.800,0.44,15890.000038780272
9340,OK,59.600,0.44,15826.49996271357
9341,OK,61.600,0.44,15934.200026094913
9342,OK,64.400,0.44,15945.699997246265
9343,OK,62.500,0.44,15884.599997662008
9344,OK,57.200,0.44,15899.899997748435
9345,OK,61.200,0.44,15924.30000891909
9346,OK,66.700,0.44,15902.00001373887
9347,OK,66.900,0.44,15799.69999147579
9348,OK,70.700,0.44,15901.700011454523
9349,OK,64.500,0.44,15910.800022538751
9350,OK,58.900,0.44,15865.399967879057
9351,OK,50.100,0.44,16019.400034565479
9352,OK,74.300,0.44,15918.699966277927
9353,OK,77.200,0.44,15888.999972958118
9354,OK,69.700,0.44,15894.200012553483
9355,OK,68.600,0.44,15784.799994435161
9356,OK,66.600,0.44,15888.199966866523
9357,OK,56.900,0.44,15923.700004350394
9358,OK,54.400,0.44,15894.900017883629
9359,OK,45.500,0.44,16022.199997678399
9360,OK,70.000,0.44,15881.19997177273
9361,OK,48.600,0.44,15909.799956716597
9362,OK,53.200,0.44,15875.699988100678
9363,OK,57.100,0.44,15962.500008754432
9364,OK,76.700,0.44,15809.900010935962
9365,OK,71.000,0.44,15930.800000205636
9366,OK,73.300,0.44,15941.900026518852
9367,OK,59.500,0.44,15854.60000205785
9368,OK,64.300,0.44,15904.300031252205
9369,OK,60.100,0.44,15889.799979049712
9370,OK,60.400,0.44,15979.700023308396
9371,OK,60.000,0.44,15898.199984803796
9372,OK,61.700,0.44,15936.30004208535
9373,OK,81.100,0.44,15793.099999427795
9374,OK,83.700,0.44,15811.8000254035
9375,OK,59.200,0.44,16017.799964174628
9376,OK,60.600,0.44,15851.200034376234
9377,OK,73.700,0.44,15964.800026267767
9378,OK,70.600,0.44,15793.099999427795
9379,OK,66.800,0.44,15922.79999749735
9380,OK,78.100,0.44,15881.999977864325
9381,OK,65.700,0.44,15974.59998447448
9382,OK,72.900,0.44,15837.599989026785
9383,OK,89.400,0.44,15909.40001187846
9384,OK,58.100,0.44,15904.400032013655
9385,OK,65.500,0.44,15897.199977189302
9386,OK,76.400,0.44,15894.799958914518
9387,OK,69.200,0.44,15852.199983783066
9388,OK,66.100,0.44,15939.500008244067
9389,OK,74.400,0.44,15843.899978790432
9390,OK,98.500,0.44,15896.09996881336
9391,OK,69.200,0.44,15936.499985400587
9392,OK,130.600,0.44,15727.20002150163
9393,OK,62.000,0.44,15849.099960178137
9394,OK,74.200,0.44,15911.199967376888
9395,OK,49.200,0.44,15903.50002516061
9396,OK,48.600,0.44,15867.800044361502
9397,OK,51.500,0.44,15963.100013323128
9398,OK,48.400,0.44,15921.29998607561
9399,OK,51.400,0.44,15912.799979560077
9400,OK,64.700,0.44,15923.500002827495
9401,OK,119.200,0.44,15727.30002226308
9402,OK,71.600,0.44,15897.80003996566
9403,OK,76.000,0.44,15881.40003150329
9404,OK,61.000,0.44,15914.899995550513
9405,OK,73.800,0.44,15888.80002964288
9406,OK,78.100,0.44,15879.400016274303
9407,OK,58.100,0.44,15920.100035145879
9408,OK,83.900,0.44,15814.199985470623
9409,OK,88.300,0.44,15907.799999695271
9410,OK,70.200,0.44,15891.100047156215
9411,OK,88.700,0.44,15864.700020756572
9412,OK,65.000,0.44,15929.499990306795
9413,OK,102.600,0.44,15744.000033009797
9414,OK,90.200,0.44,15937.299991492182
9415,OK,77.100,0.44,15883.399988524616
9416,OK,54.800,0.44,15924.599952995777
9417,OK,77.400,0.44,15780.299960169941
9418,OK,56.800,0.44,15981.399978045374
9419,OK,77.100,0.44,15880.199964158237
9420,OK,74.900,0.44,15947.800013236701
9421,OK,67.000,0.44,15785.600000526756
9422,OK,67.500,0.44,15986.300015356392
9423,OK,60.600,0.44,15912.099974229932
9424,OK,63.400,0.44,15903.900028206408
9425,OK,165.700,0.44,15649.200009647757
9426,OK,64.300,0.44,15959.499985910952
9427,OK,55.200,0.44,15907.199995126575
9428,OK,57.400,0.44,15909.50001263991
9429,OK,53.000,0.44,15824.500005692244
9430,OK,55.100,0.44,16001.999960280955
9431,OK,43.800,0.44,15945.999999530613
9432,OK,176.800,0.44,15694.400004576892
9433,OK,65.700,0.44,15850.500029046088
9434,OK,69.500,0.44,15923.900005873293
9435,OK,61.700,0.44,15805.59997819364
9436,OK,70.000,0.44,15947.200008668005
9437,OK,65.300,0.44,15899.899997748435
9438,OK,57.800,0.44,15928.499982692301
9439,OK,60.100,0.44,15916.000003926456
9440,OK,65.900,0.44,15895.799966529012
9441,OK,63.400,0.44,15828.400035388768
9442,OK,148.200,0.44,15839.80000577867
9443,OK,70.100,0.44,15844.000037759542
9444,OK,83.300,0.44,15934.500028379261
9445,OK,81.200,0.44,15810.400014743209
9446,OK,69.800,0.44,15914.499992504716
9447,OK,79.900,0.44,15867.799986153841
9448,OK,80.100,0.44,15856.899961363524
9449,OK,87.200,0.44,15867.199981585145
9450,OK,101.100,0.44,15865.10002380237
9451,OK,83.300,0.44,15860.999992582947
9452,OK,82.900,0.44,15882.200037594885
9453,OK,86.700,0.44,15896.199969574809
9454,OK,68.300,0.44,15875.29998505488
9455,OK,106.300,0.44,15851.500036660582
9456,OK,85.100,0.44,15869.49999909848
9457,OK,138.000,0.44,15770.30000044033
9458,OK,90.100,0.44,15856.299956794828
9459,OK,87.300,0.44,15885.300002992153
9460,OK,106.900,0.44,15826.200018636882
9461,OK,97.500,0.44,15898.099984042346
9462,OK,98.100,0.44,15813.19997785613
9463,OK,89.700,0.44,15868.699993006885
9464,OK,87.700,0.44,15878.30000789836
9465,OK,94.400,0.44,15841.499960515648
9466,OK,75.100,0.44,15896.10002702102
9467,OK,91.800,0.44,15840.700012631714
9468,OK,100.300,0.44,15837.199985980988
9469,OK,99.600,0.44,15846.599999349564
9470,OK,97.000,0.44,15832.000004593283
9471,OK,76.000,0.44,15926.200023386627
9472,OK,86.800,0.44,15841.40001796186
9473,OK,92.900,0.44,15849.900024477392
9474,OK,113.400,0.44,15863.200009334832
9475,OK,143.900,0.44,15753.499988932163
9476,OK,111.300,0.44,15836.79998293519
9477,OK,62.300,0.44,15912.199974991381
9478,OK,61.700,0.44,15951.300039887428
9479,OK,47.100,0.44,15928.099979646504
9480,OK,49.900,0.44,15908.399946056306
9481,OK,45.200,0.44,15949.39996721223
9482,OK,51.900,0.44,15881.699975579977
9483,OK,54.000,0.44,15957.00002508238
9484,OK,51.500,0.44,15925.90002110228
9485,OK,70.200,0.44,15913.200040813535
9486,OK,63.300,0.44,15739.999944344163
9487,OK,70.200,0.44,16012.399981264025
9488,OK,73.400,0.44,15883.999993093312
9489,OK,71.300,0.44,15881.600033026189
9490,OK,68.900,0.44,15880.799968726933
9491,OK,66.000,0.44,15884.499996900558
9492,OK,62.600,0.44,15927.999978885055
9493,OK,83.800,0.44,15863.50001161918
9494,OK,78.800,0.44,15948.399959597737
9495,OK,107.800,0.44,15774.400031659752
9496,OK,68.800,0.44,15885.500004515052
9497,OK,67.400,0.44,15865.10002380237
9498,OK,59.900,0.44,15896.10002702102
9499,OK,61.500,0.44,15928.59998345375
9500,OK,135.200,0.44,15724.800003226846
9501,OK,79.200,0.44,15704.500023275614
9502,OK,126.000,0.44,35855.699970852584
9503,OK,96.600,0.44,32599.89997604862
9504,OK,99.200,0.44,26471.79999621585
9505,OK,128.300,0.44,16519.099997822195
9506,OK,77.200,0.44,15748.599951621145
9507,OK,84.700,0.44,15872.000018134713
9508,OK,102.000,0.44,15835.499973036349
9509,OK,63.700,0.44,16050.599981099367
9510,OK,113.700,0.44,15755.800006445497
9511,OK,102.800,0.44,15836.999984458089
9512,OK,102.400,0.44,15950.600034557283
9513,OK,134.600,0.44,15912.900038529187
9514,OK,122.400,0.44,15716.399997472763
9515,OK,105.300,0.44,15944.699989631772
9516,OK,106.300,0.44,16021.899995394051
9517,OK,110.300,0.44,15581.400017254055
9518,OK,133.700,0.44,15687.100007198751
9519,OK,141.900,0.44,15765.199961606413
9520,OK,131.300,0.44,15801.000001374632
9521,OK,138.300,0.44,15737.199981231242
9522,OK,82.400,0.44,15935.399977024645
9523,OK,139.400,0.44,15579.09999974072
9524,OK,55.600,0.44,15941.500023473054
9525,OK,49.800,0.44,15980.300027877092
9526,OK,60.000,0.44,15890.40004182607
9527,OK,67.900,0.44,15893.800009507686
9528,OK,54.700,0.44,15950.89997863397
9529,OK,62.600,0.44,15891.7999942787
9530,OK,63.800,0.44,15829.699987079948
9531,OK,54.400,0.44,15991.00005114451
9532,OK,57.600,0.44,15911.999973468482
9533,OK,64.200,0.44,15837.200044188648
9534,OK,66.900,0.44,15906.199987512082
9535,OK,53.400,0.44,15875.899989623576
9536,OK,63.500,0.44,16018.299967981875
9537,OK,77.800,0.44,15846.399997826666
9538,OK,97.500,0.44,15842.200024053454
9539,OK,51.800,0.44,15873.099968302995
9540,OK,62.300,0.44,15927.19997279346
9541,OK,126.700,0.44,15774.500032421201
9542,OK,72.200,0.44,15972.400025930256
9543,OK,51.100,0.44,15822.599991224706
9544,OK,58.300,0.44,16012.999985832721
9545,OK,52.200,0.44,15886.500012129545
9546,OK,42.600,0.44,15928.199980407953
9547,OK,52.600,0.44,15883.700049016625
9548,OK,51.900,0.44,16002.000018488616
9549,OK,62.600,0.44,15888.600028119981
9550,OK,56.700,0.44,15923.700004350394
9551,OK,60.500,0.44,15929.899993352592
9552,OK,79.300,0.44,15868.499991483986
9553,OK,79.100,0.44,15845.300047658384
9554,OK,81.600,0.44,15889.800037257373
9555,OK,66.800,0.44,15905.400039628148
9556,OK,62.300,0.44,15883.899992331862
9557,OK,69.400,0.44,15928.600041661412
9558,OK,62.100,0.44,15879.200014751405
9559,OK,70.400,0.44,15911.800030153245
9560,OK,64.000,0.44,15872.000018134713
9561,OK,55.600,0.44,15910.300018731505
9562,OK,65.700,0.44,15928.899985738099
9563,OK,60.100,0.44,15872.40002118051
9564,OK,60.400,0.44,15881.499974057078
9565,OK,60.800,0.44,15963.600017130375
9566,OK,71.200,0.44,15888.200025074184
9567,OK,60.700,0.44,15932.800015434623
9568,OK,95.800,0.44,15788.600023370236
9569,OK,66.300,0.44,15865.00002304092
9570,OK,89.900,0.44,15921.799989882857
9571,OK,66.300,0.44,15850.700030568987
9572,OK,63.400,0.44,15896.799974143505
9573,OK,67.800,0.44,15864.200016949326
9574,OK,65.800,0.44,15874.300035648048
9575,OK,58.400,0.44,15927.899978123605
9576,OK,59.100,0.44,15959.600044880062
9577,OK,56.600,0.44,15865.600027609617
9578,OK,59.000,0.44,15862.700005527586
9579,OK,58.800,0.44,15980.900032445788
9580,OK,67.200,0.44,15910.800022538751
9581,OK,62.400,0.44,15848.600014578551
9582,OK,51.700,0.44,15900.800004601479
9583,OK,54.300,0.44,15868.599992245436
9584,OK,50.800,0.44,15925.600018817931
9585,OK,82.700,0.44,15872.60002270341
9586,OK,51.400,0.44,15981.100033968687
9587,OK,55.800,0.44,15935.99998159334
9588,OK,67.800,0.44,15904.399973805994
9589,OK,67.300,0.44,15838.099992834032
9590,OK,61.200,0.44,15948.200016282499
9591,OK,64.100,0.44,15902.400016784668
9592,OK,82.000,0.44,15868.199989199638
9593,OK,79.800,0.44,15894.199954345822
9594,OK,69.100,0.44,15769.999998155981
9595,OK,64.100,0.44,15885.300002992153
9596,OK,87.300,0.44,15950.400033034384
9597,OK,57.900,0.44,15832.700009923428
9598,OK,80.100,0.44,15954.899950884283
9599,OK,64.800,0.44,15839.300001971424
9600,OK,59.200,0.44,15929.799992591143
9601,OK,62.700,0.44,15802.000008989125
9602,OK,59.700,0.44,15881.900035310537
9603,OK,65.700,0.44,15962.500008754432
9604,OK,69.000,0.44,15868.899994529784
9605,OK,84.200,0.44,15784.89999519661
9606,OK,79.200,0.44,15939.00000443682
9607,OK,89.600,0.44,15825.900016352534
9608,OK,101.000,0.44,15907.199995126575
9609,OK,60.200,0.44,15818.100015167147
9610,OK,98.000,0.44,15912.49997727573
9611,OK,54.200,0.44,15905.899985227734
9612,OK,51.300,0.44,15891.199989710003
9613,OK,50.800,0.44,15909.60001340136
9614,OK,56.200,0.44,15918.50002296269
9615,OK,50.600,0.44,15918.30002143979
9616,OK,57.100,0.44,15947.199950460345
9617,OK,101.400,0.44,15827.599971089512
9618,OK,80.500,0.44,15928.499982692301
9619,OK,75.700,0.44,15894.400014076382
9620,OK,78.800,0.44,15845.000045374036
9621,OK,90.600,0.44,15829.799987841398
9622,OK,54.000,0.44,15899.399993941188
9623,OK,64.600,0.44,15921.899990644306
9624,OK,55.800,0.44,15976.800001226366
9625,OK,59.900,0.44,15887.30001822114
9626,OK,60.600,0.44,15928.999986499548
9627,OK,64.500,0.44,15899.399993941188
9628,OK,67.200,0.44,15898.499987088144
9629,OK,64.900,0.44,15862.300002481788
9630,OK,65.100,0.44,15891.899995040148
9631,OK,65.400,0.44,15867.099980823696
9632,OK,144.600,0.44,15809.000004082918
9633,OK,81.600,0.44,15894.100011792034
9634,OK,77.000,0.44,15870.89995155111
9635,OK,65.000,0.44,15924.40000968054
9636,OK,62.900,0.44,15886.599954683334
9637,OK,55.500,0.44,15899.19999241829
9638,OK,56.500,0.44,15886.799956206232
9639,OK,43.700,0.44,15914.800052996725
9640,OK,32.100,0.44,15965.300030075014
9641,OK,44.200,0.44,15938.399999868125
9642,OK,50.600,0.44,15918.000019155443
9643,OK,47.400,0.44,15940.900018904358
9644,OK,61.400,0.44,15894.70001636073
9645,OK,48.400,0.44,15938.700002152473
9646,OK,52.200,0.44,15896.30002854392
9647,OK,73.900,0.44,15909.40001187846
9648,OK,64.900,0.44,15907.699998933822
9649,OK,63.800,0.44,15870.90000975877
9650,OK,121.100,0.44,15875.799988862127
9651,OK,65.700,0.44,15873.300028033555
9652,OK,64.900,0.44,15806.099982000887
9653,OK,75.600,0.44,15952.199988532811
9654,OK,73.400,0.44,15893.899952061474
9655,OK,69.500,0.44,15922.299993690103
9656,OK,59.100,0.44,15750.300022773445
9657,OK,52.600,0.44,16060.900001320988
9658,OK,134.300,0.44,15818.500018212944
9659,OK,78.000,0.44,15862.300002481788
9660,OK,64.700,0.44,15883.199987001717
9661,OK,103.500,0.44,15877.099998760968
9662,OK,58.900,0.44,15886.900015175343
9663,OK,66.500,0.44,15833.800018299371
9664,OK,53.700,0.44,15912.39997651428
9665,OK,62.900,0.44,15912.39997651428
9666,OK,67.900,0.44,15943.200036417693
9667,OK,113.200,0.44,15836.9000419043
9668,OK,60.900,0.44,15890.399983618408
9669,OK,58.100,0.44,15925.400017295033
9670,OK,54.600,0.44,15926.799969747663
9671,OK,56.700,0.44,15882.899984717369
9672,OK,88.700,0.44,15882.79998395592
9673,OK,108.000,0.44,15786.40000661835
9674,OK,96.500,0.44,15852.399985305965
9675,OK,99.400,0.44,15863.400010857731
9676,OK,119.500,0.44,15830.89999621734
9677,OK,122.200,0.44,15966.699982527643
9678,OK,147.000,0.44,15615.199983585626
9679,OK,89.800,0.44,15890.499984379858
9680,OK,95.100,0.44,15825.300011783838
9681,OK,98.800,0.44,15878.999955020845
9682,OK,104.800,0.44,15819.799969904125
9683,OK,113.600,0.44,15799.599990714341
9684,OK,97.400,0.44,15874.299977440387
9685,OK,105.900,0.44,15828.599978704005
9686,OK,110.700,0.44,15845.79999325797
9687,OK,111.600,0.44,15816.300001461059
9688,OK,138.600,0.44,15751.600032672286
9689,OK,71.200,0.44,15890.20004030317
9690,OK,71.600,0.44,15895.300020929426
9691,OK,104.600,0.44,15763.099945615977
9692,OK,107.900,0.44,15871.600015088916
9693,OK,96.100,0.44,15840.000007301569
9694,OK,95.200,0.44,15859.599981922656
9695,OK,107.900,0.44,15822.400047909468
9696,OK,99.500,0.44,15853.699995204806
9697,OK,94.200,0.44,15850.799973122776
9698,OK,86.400,0.44,15839.300001971424
9699,OK,86.100,0.44,15882.299980148673
9700,OK,92.900,0.44,15825.200011022389
9701,OK,107.800,0.44,15685.099991969764
9702,OK,127.200,0.44,15775.000036228448
9703,OK,79.200,0.44,15926.900028716773
9704,OK,109.500,0.44,15767.799981404096
9705,OK,109.300,0.44,15777.59999781847
9706,OK,55.000,0.44,15947.700012475252
9707,OK,67.400,0.44,15826.39996195212
9708,OK,63.100,0.44,16042.69997915253
9709,OK,49.800,0.44,15922.299993690103
9710,OK,44.900,0.44,15935.900039039552
9711,OK,49.500,0.44,15829.3999847956
9712,OK,61.700,0.44,15995.100024156272
9713,OK,163.200,0.44,15806.199982762337
9714,OK,91.000,0.44,15825.299953576177
9715,OK,80.600,0.44,15808.099997229874
9716,OK,67.900,0.44,15974.899986758828
9717,OK,77.300,0.44,15902.20001526177
9718,OK,70.600,0.44,15877.099998760968
9719,OK,68.200,0.44,15847.900009248406
9720,OK,66.600,0.44,15900.900005362928
9721,OK,129.800,0.44,15811.70002464205
9722,OK,67.200,0.44,15912.699978798628
9723,OK,68.400,0.44,15837.899991311133
9724,OK,68.400,0.44,15935.600036755204
9725,OK,61.400,0.44,15910.9000233002
9726,OK,65.300,0.44,15891.5999927558
9727,OK,58.000,0.44,15925.200015772134
9728,OK,80.100,0.44,15902.800019830465
9729,OK,141.400,0.44,15524.399990681559
9730,OK,68.800,0.44,15881.19997177273
9731,OK,66.100,0.44,15900.200000032783
9732,OK,66.800,0.44,15880.399965681136
9733,OK,63.800,0.44,15951.599983964115
9734,OK,57.200,0.44,15779.400011524558
9735,OK,45.800,0.44,16076.90000673756
9736,OK,48.500,0.44,15752.60004028678
9737,OK,61.400,0.44,15991.799999028444
9738,OK,83.200,0.44,15804.799972102046
9739,OK,94.900,0.44,15878.100006375462
9740,OK,60.400,0.44,15932.200010865927
9741,OK,63.100,0.44,15923.900005873293
9742,OK,76.000,0.44,16009.300015866756
9743,OK,96.700,0.44,15700.799995101988
9744,OK,56.800,0.44,16022.700001485646
9745,OK,84.000,0.44,16113.800054881722
9746,OK,89.900,0.44,15883.999993093312
9747,OK,138.100,0.44,15537.4999740161
9748,OK,120.400,0.44,15709.999948740005
9749,OK,126.700,0.44,15806.399984285235
9750,OK,91.800,0.44,15897.099976427853
9751,OK,177.000,0.44,15639.199991710484
9752,OK,61.200,0.44,15822.199988178909
9753,OK,65.500,0.44,15948.500018566847
9754,OK,50.400,0.44,15924.600011203438
9755,OK,65.100,0.44,15913.499984890223
9756,OK,60.400,0.44,15956.399962306023
9757,OK,72.400,0.44,15865.799970924854
9758,OK,75.400,0.44,15924.600011203438
9759,OK,55.500,0.44,15860.59998953715
9760,OK,82.300,0.44,15892.199997324497
9761,OK,64.600,0.44,15906.899992842227
9762,OK,68.900,0.44,15867.900045122951
9763,OK,62.800,0.44,15917.900018393993
9764,OK,48.000,0.44,16001.600015442818
9765,OK,81.100,0.44,15802.100009750575
9766,OK,73.900,0.44,15849.300019908696
9767,OK,40.900,0.44,15938.099997583777
9768,OK,43.000,0.44,15942.999976687133
9769,OK,49.000,0.44,15867.399983108044
9770,OK,43.100,0.44,16006.999998353422
9771,OK,52.900,0.44,15911.200025584549
9772,OK,44.000,0.44,15952.799993101507
9773,OK,53.600,0.44,15920.099976938218
9774,OK,52.700,0.44,15894.699958153069
9775,OK,49.700,0.44,15920.899983029813
9776,OK,49.900,0.44,15919.69997389242
9777,OK,44.300,0.44,15933.999966364354
9778,OK,51.700,0.44,15922.999999020249
9779,OK,47.400,0.44,15915.600000880659
9780,OK,44.400,0.44,15947.400010190904
9781,OK,50.700,0.44,15856.600017286837
9782,OK,69.700,0.44,15941.500023473054
9783,OK,55.800,0.44,15902.799961622804
9784,OK,50.600,0.44,15930.399997159839
9785,OK,53.500,0.44,15851.59997921437
9786,OK,50.600,0.44,15995.300025679171
9787,OK,55.900,0.44,15831.199998501688
9788,OK,99.400,0.44,15900.099999271333
9789,OK,58.900,0.44,15810.30001398176
9790,OK,67.200,0.44,15973.499976098537
9791,OK,47.900,0.44,15937.299991492182
9792,OK,50.300,0.44,15865.299967117608
9793,OK,55.900,0.44,15913.299983367324
9794,OK,52.100,0.44,15960.299992002547
9795,OK,50.500,0.44,15926.199965178967
9796,OK,52.000,0.44,15922.999999020249
9797,OK,63.000,0.44,15823.299996554852
9798,OK,53.400,0.44,15939.400007482618
9799,OK,110.300,0.44,15859.199978876859
9800,OK,70.500,0.44,15857.300022616982
9801,OK,64.300,0.44,15829.899988602847
9802,OK,62.000,0.44,15891.399991232902
9803,OK,58.700,0.44,15931.49994732812
9804,OK,68.700,0.44,15887.299960013479
9805,OK,54.900,0.44,15916.300006210804
9806,OK,51.100,0.44,15922.79999749735
9807,OK,52.000,0.44,15933.30001924187
9808,OK,52.000,0.44,15902.300016023219
9809,OK,56.400,0.44,15901.799954008311
9810,OK,48.000,0.44,15932.599955704063
9811,OK,53.800,0.44,15918.499964755028
9812,OK,53.700,0.44,15924.500010441989
9813,OK,67.400,0.44,15859.600040130317
9814,OK,86.500,0.44,15847.799950279295
9815,OK,72.800,0.44,15987.800026778132
9816,OK,121.100,0.44,15761.899994686246
9817,OK,61.600,0.44,15872.40002118051
9818,OK,86.600,0.44,15863.800013903528
9819,OK,85.500,0.44,15882.500039879233
9820,OK,79.300,0.44,15815.599996130913
9821,OK,84.600,0.44,15912.60003624484
9822,OK,71.700,0.44,15922.999999020249
9823,OK,62.100,0.44,15935.000032186508
9824,OK,63.800,0.44,15882.599982433021
9825,OK,87.200,0.44,15865.700028371066
9826,OK,101.100,0.44,15831.600001547486
9827,OK,73.600,0.44,15873.300028033555
9828,OK,97.400,0.44,15829.800046049058
9829,OK,78.900,0.44,15931.70000705868
9830,OK,55.400,0.44,15899.000049103051
9831,OK,51.700,0.44,15921.099984552711
9832,OK,58.300,0.44,15889.399976003915
9833,OK,51.500,0.44,15956.90002432093
9834,OK,55.100,0.44,15888.70002888143
9835,OK,54.600,0.44,15924.100007396191
9836,OK,62.400,0.44,15966.999984811991
9837,OK,158.300,0.44,15756.69995509088
9838,OK,62.500,0.44,15890.799986664206
9839,OK,64.500,0.44,15901.700011454523
9840,OK,71.400,0.44,15872.999967541546
9841,OK,74.700,0.44,15912.40003472194
9842,OK,60.500,0.44,15910.000016447157
9843,OK,60.900,0.44,15877.199999522418
9844,OK,56.500,0.44,15910.9000233002
9845,OK,53.500,0.44,15918.50002296269
9846,OK,57.200,0.44,15911.800030153245
9847,OK,63.700,0.44,15869.700000621378
9848,OK,69.200,0.44,15926.099964417517
9849,OK,63.600,0.44,15940.60001662001
9850,OK,65.200,0.44,15886.500012129545
9851,OK,73.100,0.44,15861.099993344396
9852,OK,137.600,0.44,15809.200005605817
9853,OK,85.500,0.44,15875.39998581633
9854,OK,60.800,0.44,15882.499981671572
9855,OK,53.100,0.44,15932.599955704063
9856,OK,55.300,0.44,15900.400001555681
9857,OK,55.400,0.44,15915.50000011921
9858,OK,58.600,0.44,15862.400003243238
9859,OK,44.900,0.44,15940.100012812763
9860,OK,34.100,0.44,15896.499971859157
9861,OK,66.400,0.44,15934.000024572015
9862,OK,51.600,0.44,15918.700024485588
9863,OK,43.100,0.44,15933.30001924187
9864,OK,59.900,0.44,15914.699994027615
9865,OK,54.100,0.44,15890.100039541721
9866,OK,44.800,0.44,15986.099955625832
9867,OK,74.300,0.44,15851.90003970638
9868,OK,67.900,0.44,15892.199997324497
9869,OK,86.300,0.44,15861.099993344396
9870,OK,76.000,0.44,15923.300001304597
9871,OK,58.100,0.44,15788.300021085888
9872,OK,61.800,0.44,15983.199991751462
9873,OK,55.700,0.44,15907.90000045672
9874,OK,53.200,0.44,15903.000021353364
9875,OK,51.900,0.44,15847.900009248406
9876,OK,42.600,0.44,16025.800025090575
9877,OK,155.200,0.44,15760.100039187819
9878,OK,67.300,0.44,15901.300008408725
9879,OK,70.900,0.44,15887.40001898259
9880,OK,80.800,0.44,15931.70000705868
9881,OK,57.300,0.44,15869.100054260343
9882,OK,69.500,0.44,15874.899982009083
9883,OK,77.600,0.44,15864.600019995123
9884,OK,84.900,0.44,15955.800015944988
9885,OK,68.700,0.44,15842.80002862215
9886,OK,68.700,0.44,15894.400014076382
9887,OK,126.200,0.44,15851.59997921437
9888,OK,66.700,0.44,15906.899992842227
9889,OK,65.300,0.44,15898.099984042346
9890,OK,84.500,0.44,15818.200015928596
9891,OK,67.200,0.44,15893.800009507686
9892,OK,66.700,0.44,15914.599993266165
9893,OK,97.800,0.44,15849.700022954494
9894,OK,77.800,0.44,15814.49998775497
9895,OK,97.900,0.44,15850.599971599877
9896,OK,99.000,0.44,15852.799988351762
9897,OK,88.900,0.44,15762.80000153929
9898,OK,90.300,0.44,15886.000008322299
9899,OK,95.100,0.44,15873.299969825894
9900,OK,96.900,0.44,15836.999984458089
9901,OK,99.200,0.44,15726.599958725274
9902,OK,94.200,0.44,15885.899949353188
9903,OK,72.000,0.44,15990.399988368154
9904,OK,126.400,0.44,15662.599995266646
9905,OK,98.200,0.44,15901.000006124377
9906,OK,96.900,0.44,15815.199993085116
9907,OK,99.100,0.44,15848.600014578551
9908,OK,112.100,0.44,15826.799964997917
9909,OK,108.400,0.44,15845.999994780868
9910,OK,106.900,0.44,15865.900029893965
9911,OK,95.900,0.44,15815.699996892363
9912,OK,89.400,0.44,15908.800007309765
9913,OK,76.300,0.44,15848.900016862899
9914,OK,153.800,0.44,15805.300034116954
9915,OK,102.600,0.44,15869.900002144277
9916,OK,75.400,0.44,15851.59997921437
9917,OK,92.100,0.44,15879.600017797202
9918,OK,88.900,0.44,15822.899993509054
9919,OK,97.400,0.44,15844.499983359128
9920,OK,93.400,0.44,15950.200031511486
9921,OK,157.600,0.44,15671.800007112324
9922,OK,110.100,0.44,15863.199951127172
9923,OK,86.900,0.44,15835.40003048256
9924,OK,71.000,0.44,15893.500007223338
9925,OK,51.200,0.44,15920.400037430227
9926,OK,51.700,0.44,15909.800014924258
9927,OK,48.100,0.44,15909.300011117011
9928,OK,49.400,0.44,15911.499969661236
9929,OK,51.900,0.44,16002.399963326752
9930,OK,71.400,0.44,15818.800020497292
9931,OK,62.100,0.44,15924.500010441989
9932,OK,137.600,0.44,15758.699970319867
9933,OK,58.400,0.44,15902.600018307567
9934,OK,56.800,0.44,15915.099997073412
9935,OK,57.700,0.44,15907.499997410923
9936,OK,56.300,0.44,15885.70000603795
9937,OK,68.600,0.44,15934.799972455949
9938,OK,103.100,0.44,15826.60002168268
9939,OK,71.500,0.44,15906.59999055788
9940,OK,56.000,0.44,15941.800025757402
9941,OK,77.200,0.44,15829.300042241812
9942,OK,63.500,0.44,15973.699977621436
9943,OK,75.300,0.44,15855.600009672344
9944,OK,49.000,0.44,15932.000009343028
9945,OK,60.000,0.44,15904.99997837469
9946,OK,51.900,0.44,15952.49999081716
9947,OK,79.900,0.44,15854.7000028193
9948,OK,50.500,0.44,16156.599973328412
9949,OK,59.700,0.44,15922.299993690103
9950,OK,63.200,0.44,15918.30002143979
9951,OK,56.900,0.44,16063.100018072873
9952,OK,65.100,0.44,15460.299968253821
9953,OK,86.400,0.44,15859.599981922656
9954,OK,54.100,0.44,16090.799996163696
9955,OK,57.200,0.44,16102.10002399981
9956,OK,66.500,0.44,15734.59996143356
9957,OK,66.000,0.44,15966.799983289093
9958,OK,124.800,0.44,16097.600047942251
9959,OK,90.500,0.44,15778.200002387166
9960,OK,151.500,0.44,15815.399994608015
9961,OK,151.000,0.44,15411.100001074374
9962,OK,143.000,0.44,16170.100017916411
9963,OK,137.600,0.44,15563.299995847046
9964,OK,135.500,0.44,15658.499964047223
9965,OK,118.300,0.44,15637.199976481497
9966,OK,88.300,0.44,15976.799943018705
9967,OK,103.500,0.44,15745.599986985326
9968,OK,55.400,0.44,15896.299970336258
9969,OK,46.600,0.44,15935.699979308993
9970,OK,47.800,0.44,15968.59999699518
9971,OK,82.500,0.44,15888.100024312735
9972,OK,57.300,0.44,15948.600019328296
9973,OK,94.100,0.44,15838.899998925626
9974,OK,64.500,0.44,15862.200001720339
9975,OK,55.500,0.44,15915.700001642108
9976,OK,69.500,0.44,15880.300023127347
9977,OK,63.800,0.44,15933.900023810565
9978,OK,55.700,0.44,15941.000019665807
9979,OK,62.300,0.44,15935.300034470856
9980,OK,67.700,0.44,15863.100008573383
9981,OK,67.000,0.44,15880.400023888797
9982,OK,61.500,0.44,15890.19998209551
9983,OK,51.500,0.44,15898.500045295805
9984,OK,33.400,0.44,15950.499975588173
9985,OK,51.000,0.44,15855.800011195242
9986,OK,39.200,0.44,15963.700017891824
9987,OK,50.800,0.44,15912.300033960491
9988,OK,48.400,0.44,15881.900035310537
9989,OK,53.300,0.44,15960.399992763996
9990,OK,50.300,0.44,15903.799969237298
9991,OK,42.700,0.44,15971.100016031414
9992,OK,51.100,0.44,15881.40003150329
9993,OK,47.800,0.44,15947.199950460345
9994,OK,50.100,0.44,15918.800025247037
9995,OK,49.200,0.44,15902.20001526177
9996,OK,46.500,0.44,15925.79996213317
9997,OK,47.700,0.44,15955.39995469153
9998,OK,57.000,0.44,15938.700002152473
9999,OK,59.500,0.44,15934.59997093305
10000,OK,139.500,0.44,15662.300051189959
10001,OK,105.500,0.44,15733.400010503829
10002,OK,80.900,0.44,15947.299951221794
10003,OK,83.100,0.44,15803.099959157407
10004,OK,76.200,0.44,15857.200021855533
10005,OK,80.600,0.44,15996.399975847453
10006,OK,61.700,0.44,15889.300033450127
10007,OK,63.800,0.44,15903.799969237298
10008,OK,60.700,0.44,15890.699985902756
10009,OK,86.700,0.44,15884.19999461621
10010,OK,66.800,0.44,15840.600011870265
10011,OK,74.000,0.44,15911.599970422685
10012,OK,71.300,0.44,15799.299988429993
10013,OK,80.000,0.44,15946.50000333786
10014,OK,65.200,0.44,15923.099999781698
10015,OK,59.900,0.44,15922.8999982588
10016,OK,69.300,0.44,15815.399994608015
10017,OK,77.900,0.44,15929.399989545345
10018,OK,74.500,0.44,15829.799987841398
10019,OK,49.100,0.44,15953.399997670203
10020,OK,83.800,0.44,15829.699987079948
10021,OK,58.500,0.44,15840.000007301569
10022,OK,66.100,0.44,15925.70001957938
10023,OK,59.800,0.44,15943.500038702041
10024,OK,64.000,0.44,15937.799995299429
10025,OK,54.000,0.44,15914.699994027615
10026,OK,77.800,0.44,15894.900017883629
10027,OK,70.100,0.44,15881.899977102876
10028,OK,68.000,0.44,15901.200007647276
10029,OK,66.700,0.44,15915.50000011921
10030,OK,81.400,0.44,15859.399980399758
10031,OK,77.500,0.44,15874.500037170947
10032,OK,69.300,0.44,15940.099954605103
10033,OK,63.400,0.44,15850.100026000291
10034,OK,58.000,0.44,15860.400046221912
10035,OK,49.200,0.44,15884.799999184906
10036,OK,48.400,0.44,15941.099962219596
10037,OK,59.800,0.44,15892.800001893193
10038,OK,55.700,0.44,15926.800027955323
10039,OK,59.000,0.44,15938.700002152473
10040,OK,55.200,0.44,15866.699977777898
10041,OK,213.000,0.44,15774.400031659752
10042,OK,97.600,0.44,15808.299998752773
10043,OK,84.900,0.44,15913.89998793602
10044,OK,60.300,0.44,15911.299968138337
10045,OK,77.300,0.44,15876.699995715171
10046,OK,79.400,0.44,15881.899977102876
10047,OK,56.200,0.44,15859.799983445555
10048,OK,57.500,0.44,15875.899989623576
10049,OK,59.000,0.44,15915.600000880659
10050,OK,59.000,0.44,15994.800021871924
10051,OK,57.700,0.44,15878.000005614012
10052,OK,78.100,0.44,15898.200043011457
10053,OK,69.100,0.44,15877.700003329664
10054,OK,71.700,0.44,15905.20003810525
10055,OK,70.200,0.44,15807.699994184077
10056,OK,86.200,0.44,15937.900054268539
10057,OK,59.500,0.44,15917.400014586747
10058,OK,79.400,0.44,15872.799966018647
10059,OK,78.800,0.44,15856.399957556278
10060,OK,72.900,0.44,15944.799990393221
10061,OK,68.400,0.44,15891.299990471452
10062,OK,64.400,0.44,15866.800036747009
10063,OK,61.000,0.44,15907.90000045672
10064,OK,69.400,0.44,15912.200033199042
10065,OK,67.700,0.44,15965.899976436049
10066,OK,176.200,0.44,15629.39997529611
10067,OK,60.200,0.44,15880.900027696043
10068,OK,84.900,0.44,15879.099955782294
10069,OK,63.100,0.44,15884.899999946356
10070,OK,67.500,0.44,15910.99996585399
10071,OK,66.000,0.44,15935.699979308993
10072,OK,73.200,0.44,15892.800001893193
10073,OK,66.200,0.44,15923.200000543147
10074,OK,52.100,0.44,15918.40002220124
10075,OK,85.500,0.44,15846.300055272877
10076,OK,53.700,0.44,15913.89998793602
10077,OK,63.500,0.44,15941.100020427257
10078,OK,70.300,0.44,15879.500017035753
10079,OK,56.800,0.44,15897.69998099655
10080,OK,55.200,0.44,15909.300011117011
10081,OK,55.700,0.44,15916.9000107795
10082,OK,57.100,0.44,15862.600004766136
10083,OK,54.900,0.44,15924.500010441989
10084,OK,45.300,0.44,15923.600003588945
10085,OK,33.500,0.44,15965.200029313564
10086,OK,63.100,0.44,15799.299988429993
10087,OK,45.000,0.44,16031.300008762628
10088,OK,62.600,0.44,15947.600011713803
10089,OK,58.700,0.44,15882.899984717369
10090,OK,48.400,0.44,15861.299994867295
10091,OK,64.700,0.44,15909.800014924258
10092,OK,75.500,0.44,15884.29999537766
10093,OK,63.800,0.44,15963.700017891824
10094,OK,62.000,0.44,15877.800004091114
10095,OK,148.000,0.44,15810.899960342795
10096,OK,69.000,0.44,15894.799958914518
10097,OK,84.900,0.44,15867.900045122951
10098,OK,84.000,0.44,15882.999985478818
10099,OK,83.000,0.44,15886.800014413893
10100,OK,72.700,0.44,15804.600028786808
10101,OK,75.900,0.44,15767.100034281611
10102,OK,70.100,0.44,15822.199988178909
10103,OK,74.100,0.44,15878.000005614012
10104,OK,142.700,0.44,15848.100010771304
10105,OK,101.100,0.44,15769.799996633083
10106,OK,69.300,0.44,15813.599980901927
10107,OK,77.800,0.44,15901.500009931624
10108,OK,41.800,0.44,15953.399997670203
10109,OK,50.200,0.44,15911.00002406165
10110,OK,44.900,0.44,15952.599991578609
10111,OK,59.000,0.44,15934.900031425059
10112,OK,143.800,0.44,15795.800019986928
10113,OK,81.700,0.44,15907.199995126575
10114,OK,74.700,0.44,15841.699962038547
10115,OK,73.500,0.44,15868.499991483986
10116,OK,72.600,0.44,15897.400036919862
10117,OK,69.800,0.44,15893.900010269135
10118,OK,72.200,0.44,15897.099976427853
10119,OK,68.900,0.44,15794.900013133883
10120,OK,90.400,0.44,15860.799991060048
10121,OK,93.500,0.44,15850.30002752319
10122,OK,98.300,0.44,15828.400035388768
10123,OK,94.200,0.44,15858.100028708577
10124,OK,95.100,0.44,15882.199979387224
10125,OK,86.800,0.44,15876.499994192272
10126,OK,112.900,0.44,15812.799974810332
10127,OK,94.400,0.44,15856.899961363524
10128,OK,103.300,0.44,15858.799975831062
10129,OK,126.000,0.44,15821.200038772076
10130,OK,125.300,0.44,15834.799967706203
10131,OK,97.100,0.44,15846.700000111014
10132,OK,99.400,0.44,15860.59998953715
10133,OK,96.300,0.44,15921.899990644306
10134,OK,187.400,0.44,15655.800001695752
10135,OK,101.500,0.44,15837.899991311133
10136,OK,99.300,0.44,15840.500011108816
10137,OK,102.700,0.44,15838.699997402728
10138,OK,154.500,0.44,15790.599980391562
10139,OK,109.900,0.44,15830.89999621734
10140,OK,100.900,0.44,15831.800003070384
10141,OK,105.500,0.44,15851.999982260168
10142,OK,114.300,0.44,15801.000001374632
10143,OK,93.500,0.44,15891.600050963461
10144,OK,90.600,0.44,15873.500029556453
10145,OK,89.900,0.44,15861.099993344396
10146,OK,94.200,0.44,15871.600015088916
10147,OK,236.800,0.44,15655.499999411404
10148,OK,173.100,0.44,15825.500013306737
10149,OK,92.800,0.44,15819.300024304539
10150,OK,54.100,0.44,15893.10000417754
10151,OK,38.900,0.44,15967.599989380687
10152,OK,45.600,0.44,15911.799971945584
10153,OK,63.900,0.44,15956.500021275133
10154,OK,55.200,0.44,15903.60002592206
10155,OK,55.100,0.44,15906.59999055788
10156,OK,68.900,0.44,15904.799976851791
10157,OK,66.400,0.44,15967.19998633489
10158,OK,73.100,0.44,15884.699998423457
10159,OK,52.500,0.44,15919.299970846623
10160,OK,50.600,0.44,15871.800016611814
10161,OK,49.100,0.44,15957.300027366728
10162,OK,52.300,0.44,15897.899982519448
10163,OK,57.100,0.44,15898.099984042346
10164,OK,100.200,0.44,15906.299988273531
10165,OK,92.000,0.44,15829.60004452616
10166,OK,68.000,0.44,15892.900002654642
10167,OK,77.200,0.44,15869.800001382828
10168,OK,84.500,0.44,15910.800022538751
10169,OK,67.900,0.44,15914.699994027615
10170,OK,71.900,0.44,15891.099988948554
10171,OK,86.000,0.44,15838.799998164177
10172,OK,65.800,0.44,15929.399989545345
10173,OK,118.900,0.44,15738.499991130084
10174,OK,75.200,0.44,16170.700022485107
10175,OK,66.800,0.44,15637.099975720048
10176,OK,70.000,0.44,15965.899976436049
10177,OK,56.200,0.44,16139.20001545921
10178,OK,74.500,0.44,15487.900003790855
10179,OK,62.900,0.44,15947.600011713803
10180,OK,52.500,0.44,16331.600025296211
10181,OK,50.900,0.44,15862.300002481788
10182,OK,61.500,0.44,15877.300000283867
10183,OK,65.400,0.44,15664.800012018532
10184,OK,80.900,0.44,16313.700005412102
10185,OK,90.700,0.44,15730.299986898899
10186,OK,191.800,0.44,15727.399964816868
10187,OK,106.200,0.44,16004.50003752485
10188,OK,131.000,0.44,15891.5999927558
10189,OK,132.100,0.44,15383.899968583137
10190,OK,132.200,0.44,15708.199993241578
10191,OK,139.500,0.44,15704.7999673523
10192,OK,114.200,0.44,15823.299996554852
10193,OK,124.100,0.44,15777.49999705702
10194,OK,151.100,0.44,15423.099976032972
10195,OK,87.700,0.44,15799.599990714341
10196,OK,50.700,0.44,16000.800009351224
10197,OK,82.200,0.44,15855.200006626546
10198,OK,72.100,0.44,15908.300003502518
10199,OK,77.100,0.44,15922.6999967359
10200,OK,67.600,0.44,15927.000029478222
10201,OK,65.900,0.44,15759.600035380572
10202,OK,58.600,0.44,15965.899976436049
10203,OK,58.400,0.44,15904.199972283095
10204,OK,78.200,0.44,15923.399943858385
10205,OK,129.500,0.44,15810.30001398176
10206,OK,91.500,0.44,15865.10002380237
10207,OK,78.000,0.44,15845.499990973622
10208,OK,71.600,0.44,15933.30001924187
10209,OK,65.500,0.44,15861.899999435991
10210,OK,76.300,0.44,15839.700005017221
10211,OK,71.500,0.44,15848.500013817102
10212,OK,68.800,0.44,15909.40001187846
10213,OK,39.000,0.44,15894.000011030585
10214,OK,37.600,0.44,15953.399997670203
10215,OK,49.400,0.44,15867.599984630942
10216,OK,45.000,0.44,15981.600037775934
10217,OK,51.500,0.44,15924.800012726337
10218,OK,53.600,0.44,15948.0000147596
10219,OK,50.100,0.44,15861.799998674542
10220,OK,48.800,0.44,15972.400025930256
10221,OK,37.800,0.44,15909.700014162809
10222,OK,69.700,0.44,15905.1000373438
10223,OK,45.900,0.44,15922.199992928654
10224,OK,44.900,0.44,15963.099955115467
10225,OK,63.200,0.44,15911.699971184134
10226,OK,51.100,0.44,15927.20003100112
10227,OK,66.700,0.44,15827.600029297173
10228,OK,50.400,0.44,15964.000020176172
10229,OK,48.500,0.44,15925.099956803024
10230,OK,51.900,0.44,15884.19999461621
10231,OK,58.800,0.44,15959.399985149503
10232,OK,65.300,0.44,15984.500001650304
10233,OK,83.400,0.44,15711.500018369406
10234,OK,65.500,0.44,15974.70004344359
10235,OK,64.000,0.44,15886.900015175343
10236,OK,70.700,0.44,15871.800016611814
10237,OK,74.600,0.44,15942.199970595539
10238,OK,77.400,0.44,15887.599962297827
10239,OK,66.900,0.44,15904.300031252205
10240,OK,67.300,0.44,15883.699990808964
10241,OK,71.700,0.44,7591.200002934784
10242,OK,59.700,0.44,15913.299983367324
10243,OK,67.700,0.44,15826.599963475019
10244,OK,67.100,0.44,15895.699965767562
10245,OK,55.900,0.44,15956.999966874719
10246,OK,56.500,0.44,15857.699967455119
10247,OK,57.100,0.44,15916.80001001805
10248,OK,93.400,0.44,15820.800035726279
10249,OK,59.100,0.44,15973.100031260401
10250,OK,93.500,0.44,15886.599954683334
10251,OK,78.700,0.44,15902.999963145703
10252,OK,64.400,0.44,15854.500001296401
10253,OK,69.800,0.44,15840.100008063018
10254,OK,65.000,0.44,15905.599982943386
10255,OK,59.800,0.44,15917.800017632544
10256,OK,61.100,0.44,15932.699956465513
10257,OK,60.200,0.44,15822.599991224706
10258,OK,64.600,0.44,15900.099999271333
10259,OK,57.700,0.44,15870.599949266762
10260,OK,46.100,0.44,15930.4000553675
10261,OK,51.200,0.44,15970.800013747066
10262,OK,52.900,0.44,15888.000023551285
10263,OK,54.100,0.44,15958.799980580807
10264,OK,80.500,0.44,15893.699950538576
10265,OK,71.400,0.44,15895.500022452325
10266,OK,55.700,0.44,15824.000001884997
10267,OK,66.100,0.44,16000.400006305426
10268,OK,94.400,0.44,15897.000033874065
10269,OK,66.000,0.44,15866.800036747009
10270,OK,68.700,0.44,15857.80002642423
10271,OK,61.000,0.44,15955.999959260225
10272,OK,57.800,0.44,15914.099989458919
10273,OK,66.300,0.44,15829.599986318499
10274,OK,66.900,0.44,15900.200000032783
10275,OK,57.300,0.44,15901.100006885827
10276,OK,74.500,0.44,15915.099997073412
10277,OK,54.800,0.44,15960.399992763996
10278,OK,72.900,0.44,15901.500009931624
10279,OK,57.700,0.44,15916.9000107795
10280,OK,60.800,0.44,15828.899980988353
10281,OK,56.600,0.44,15877.199999522418
10282,OK,53.300,0.44,15906.899992842227
10283,OK,47.300,0.44,15909.900015685707
10284,OK,47.500,0.44,15947.800013236701
10285,OK,56.800,0.44,15943.300037179142
10286,OK,136.600,0.44,15750.500024296343
10287,OK,57.300,0.44,15890.900045633316
10288,OK,50.600,0.44,15933.10001771897
10289,OK,55.900,0.44,15889.299975242466
10290,OK,84.300,0.44,15912.60003624484
10291,OK,118.200,0.44,15821.99998665601
10292,OK,79.600,0.44,15857.099962886423
10293,OK,75.900,0.44,16004.29997779429
10294,OK,64.400,0.44,15896.600030828267
10295,OK,63.300,0.44,15913.399984128773
10296,OK,80.200,0.44,15883.799991570413
10297,OK,69.000,0.44,15877.700003329664
10298,OK,64.900,0.44,15836.599981412292
10299,OK,72.100,0.44,15928.90004394576
10300,OK,60.600,0.44,15908.200002741069
10301,OK,65.200,0.44,15711.700019892305
10302,OK,62.600,0.44,15901.399950962514
10303,OK,79.800,0.44,15865.300025325269
10304,OK,74.200,0.44,15885.100001469254
10305,OK,76.600,0.44,15887.100016698241
10306,OK,60.100,0.44,15913.499984890223
10307,OK,62.300,0.44,15890.700044110417
10308,OK,61.000,0.44,15921.40004504472
10309,OK,60.600,0.44,15887.999965343624
10310,OK,126.400,0.44,15757.100016344339
10311,OK,92.200,0.44,15877.199999522418
10312,OK,54.900,0.44,15944.699989631772
10313,OK,64.400,0.44,15860.400046221912
10314,OK,81.200,0.44,15886.399953160435
10315,OK,64.200,0.44,15862.499945797026
10316,OK,59.700,0.44,15925.299958325922
10317,OK,77.600,0.44,15805.69997895509
10318,OK,58.500,0.44,16001.599957235157
10319,OK,61.300,0.44,15908.599947579205
10320,OK,62.900,0.44,15896.299970336258
10321,OK,66.000,0.44,15829.199983272702
10322,OK,77.300,0.44,15948.799962643534
10323,OK,62.000,0.44,15871.899959165603
10324,OK,65.700,0.44,15874.400036409497
10325,OK,69.500,0.44,15924.30000891909
10326,OK,111.500,0.44,15827.400027774274
10327,OK,56.700,0.44,15922.6999967359
10328,OK,61.200,0.44,15894.70001636073
10329,OK,55.200,0.44,15921.39998683706
10330,OK,64.100,0.44,15916.000003926456
10331,OK,86.500,0.44,15832.50000840053
10332,OK,51.800,0.44,15908.400004263967
10333,OK,65.500,0.44,15907.099994365126
10334,OK,135.200,0.44,15834.300022106618
10335,OK,66.500,0.44,15876.99999799952
10336,OK,66.300,0.44,15895.299962721765
10337,OK,70.900,0.44,15832.600009161979
10338,OK,93.100,0.44,15888.799971435219
10339,OK,55.500,0.44,15907.099994365126
10340,OK,49.500,0.44,15906.699991319329
10341,OK,46.600,0.44,15931.400004774332
10342,OK,168.600,0.44,15766.099968459457
10343,OK,56.700,0.44,15914.799994789064
10344,OK,66.200,0.44,15886.400011368096
10345,OK,54.100,0.44,15924.900013487786
10346,OK,65.600,0.44,15885.70000603795
10347,OK,66.800,0.44,15863.800013903528
10348,OK,83.100,0.44,15876.199991907924
10349,OK,102.900,0.44,15887.000015936792
10350,OK,107.900,0.44,15834.600024390966
10351,OK,102.000,0.44,15826.999966520816
10352,OK,104.800,0.44,15832.000004593283
10353,OK,73.000,0.44,15889.599977526814
10354,OK,102.300,0.44,15858.799975831062
10355,OK,96.700,0.44,15798.39998157695
10356,OK,96.800,0.44,15883.999993093312
10357,OK,73.200,0.44,15898.799989372492
10358,OK,88.400,0.44,15861.699997913092
10359,OK,87.300,0.44,15886.400011368096
10360,OK,80.700,0.44,15890.700044110417
10361,OK,135.000,0.44,15706.100035458803
10362,OK,115.600,0.44,15816.800005268306
10363,OK,102.300,0.44,15847.599948756397
10364,OK,97.600,0.44,15817.50001059845
10365,OK,94.600,0.44,15897.300036158413
10366,OK,101.000,0.44,15842.099965084344
10367,OK,115.000,0.44,15821.300039533526
10368,OK,104.100,0.44,15835.29997151345
10369,OK,98.400,0.44,15881.799976341426
10370,OK,112.900,0.44,15787.599957548082
10371,OK,78.000,0.44,15842.80002862215
10372,OK,62.700,0.44,15914.199990220368
10373,OK,77.700,0.44,15877.199999522418
10374,OK,112.000,0.44,15807.100047823042
10375,OK,98.000,0.44,15925.300016533583
10376,OK,145.300,0.44,15846.700000111014
10377,OK,225.600,0.44,15541.400003712624
10378,OK,57.500,0.44,15820.999979041517
10379,OK,59.900,0.44,15932.600013911724
10380,OK,44.700,0.44,15924.100007396191
10381,OK,47.100,0.44,16001.699957996607
10382,OK,51.000,0.44,15861.499996390194
10383,OK,75.900,0.44,15961.40000037849
10384,OK,56.400,0.44,15901.400009170175
10385,OK,61.900,0.44,15900.60000307858
10386,OK,87.800,0.44,15828.999981749803
10387,OK,63.200,0.44,15936.000039801002
10388,OK,80.900,0.44,15873.100026510656
10389,OK,59.700,0.44,15932.599955704063
10390,OK,61.500,0.44,15888.100024312735
10391,OK,52.300,0.44,15898.199984803796
10392,OK,57.700,0.44,15909.3999536708
10393,OK,59.700,0.44,15934.59997093305
10394,OK,120.900,0.44,15762.299997732043
10395,OK,56.900,0.44,15909.40001187846
10396,OK,66.200,0.44,15971.399960108101
10397,OK,64.600,0.44,15913.200040813535
10398,OK,74.200,0.44,15901.800012215972
10399,OK,82.200,0.44,15713.699976913631
10400,OK,82.500,0.44,15996.399975847453
10401,OK,194.400,0.44,15454.400039743632
10402,OK,100.800,0.44,15849.199960939586
10403,OK,66.800,0.44,15806.899988092482
10404,OK,51.100,0.44,16341.699985787272
10405,OK,130.600,0.44,15861.199994105846
10406,OK,132.500,0.44,15893.500007223338
10407,OK,133.500,0.44,15509.699995163828
10408,OK,174.500,0.44,15900.900005362928
10409,OK,171.700,0.44,15783.699986059219
10410,OK,130.000,0.44,15589.000016916543
10411,OK,128.700,0.44,15618.200006429106
10412,OK,82.200,0.44,15859.199978876859
10413,OK,72.700,0.44,16383.800015319139
10414,OK,63.100,0.44,15487.29999922216
10415,OK,69.000,0.44,15957.899973727763
10416,OK,79.800,0.44,15862.300002481788
10417,OK,66.200,0.44,15849.400020670146
10418,OK,73.600,0.44,15932.099951896816
10419,OK,94.700,0.44,15871.899959165603
10420,OK,144.800,0.44,15723.499993328005
10421,OK,110.500,0.44,15741.900017019361
10422,OK,56.600,0.44,15847.600006964058
10423,OK,71.400,0.44,15972.799970768392
10424,OK,47.900,0.44,15890.29998285696
10425,OK,51.800,0.44,15908.400004263967
10426,OK,112.400,0.44,15885.8000067994
10427,OK,96.600,0.44,15841.699962038547
10428,OK,73.200,0.44,15877.500001806766
10429,OK,88.500,0.44,15897.5999802351
10430,OK,74.500,0.44,15908.799949102104
10431,OK,67.200,0.44,15880.299964919686
10432,OK,55.400,0.44,15941.200021188706
10433,OK,62.200,0.44,15918.800025247037
10434,OK,63.000,0.44,15771.900012623519
10435,OK,66.000,0.44,16011.799976695329
10436,OK,64.300,0.44,15896.400029305369
10437,OK,78.600,0.44,15837.399987503886
10438,OK,48.400,0.44,15913.299983367324
10439,OK,43.300,0.44,15908.400004263967
10440,OK,45.200,0.44,15941.200021188706
10441,OK,42.100,0.44,15931.000001728535
10442,OK,61.600,0.44,15902.300016023219
10443,OK,48.300,0.44,15936.699986923486
10444,OK,58.700,0.44,15911.700029391795
10445,OK,52.200,0.44,15917.400014586747
10446,OK,50.700,0.44,15914.099989458919
10447,OK,52.700,0.44,15883.100044447929
10448,OK,61.000,0.44,15923.500002827495
10449,OK,65.700,0.44,15946.699946653098
10450,OK,66.400,0.44,15840.099949855357
10451,OK,69.400,0.44,15892.199997324497
10452,OK,71.400,0.44,15915.099997073412
10453,OK,70.400,0.44,15953.299996908754
10454,OK,74.500,0.44,15832.300006877631
10455,OK,80.000,0.44,15851.499978452921
10456,OK,84.200,0.44,15864.200016949326
10457,OK,89.700,0.44,15930.900000967085
10458,OK,64.500,0.44,15893.999952822924
10459,OK,64.400,0.44,15913.399984128773
10460,OK,113.200,0.44,15772.000013384968
10461,OK,52.600,0.44,15894.500014837831
10462,OK,58.000,0.44,15878.30000789836
10463,OK,76.000,0.44,15893.400006461889
10464,OK,59.400,0.44,15976.700000464916
10465,OK,63.200,0.44,15773.799968883395
10466,OK,72.300,0.44,15981.699980329722
10467,OK,49.200,0.44,15964.399965014309
10468,OK,66.500,0.44,15897.49997947365
10469,OK,72.900,0.44,15826.100017875433
10470,OK,55.200,0.44,15905.299980659038
10471,OK,46.100,0.44,15940.300014335662
10472,OK,64.000,0.44,15962.000004947186
10473,OK,46.800,0.44,15813.999983947724
10474,OK,55.000,0.44,15948.0000147596
10475,OK,89.300,0.44,15869.099996052682
10476,OK,57.800,0.44,15914.999996311963
10477,OK,56.900,0.44,15888.000023551285
10478,OK,59.500,0.44,15894.000011030585
10479,OK,54.500,0.44,15960.299992002547
10480,OK,51.300,0.44,15920.799982268363
10481,OK,56.300,0.44,15895.899967290461
10482,OK,54.300,0.44,15934.200026094913
10483,OK,63.200,0.44,15847.600006964058
10484,OK,53.000,0.44,15925.69996137172
10485,OK,70.000,0.44,15885.500004515052
10486,OK,102.400,0.44,15890.600043348968
10487,OK,89.800,0.44,15864.000015426427
10488,OK,56.800,0.44,15919.199970085174
10489,OK,61.800,0.44,15926.199965178967
10490,OK,69.800,0.44,15860.59998953715
10491,OK,72.800,0.44,15881.699975579977
10492,OK,63.300,0.44,15849.900024477392
10493,OK,62.300,0.44,15972.200024407357
10494,OK,66.300,0.44,15906.099986750633
10495,OK,64.600,0.44,15835.50003124401
10496,OK,67.100,0.44,15972.000022884458
10497,OK,75.400,0.44,15882.90004292503
10498,OK,64.600,0.44,15859.199978876859
10499,OK,62.800,0.44,15925.000014249235
10500,OK,58.800,0.44,15865.300025325269
10501,OK,122.000,0.44,15594.600001350045
10502,OK,96.200,0.44,15969.600004609674
10503,OK,102.200,0.44,15720.600029453635
10504,OK,91.000,0.44,15895.000018645078
10505,OK,71.400,0.44,15878.200007136911
10506,OK,82.200,0.44,15916.100004687905
10507,OK,73.100,0.44,15906.799992080778
10508,OK,81.600,0.44,15858.100028708577
10509,OK,83.400,0.44,15906.49998979643
10510,OK,67.600,0.44,15849.099960178137
10511,OK,70.700,0.44,15844.700043089688
10512,OK,90.900,0.44,15826.100017875433
10513,OK,70.200,0.44,15931.200003251433
10514,OK,69.900,0.44,15826.39996195212
10515,OK,64.100,0.44,15918.799967039376
10516,OK,67.100,0.44,15934.200026094913
10517,OK,61.600,0.44,15898.299985565245
10518,OK,61.700,0.44,15950.599976349622
10519,OK,88.200,0.44,15836.300037335604
10520,OK,123.900,0.44,15819.800028111786
10521,OK,61.000,0.44,15892.700001131743
10522,OK,62.800,0.44,15905.199979897588
10523,OK,74.400,0.44,15843.999979551882
10524,OK,64.100,0.44,15884.39999613911
10525,OK,80.700,0.44,15940.60001662001
10526,OK,63.400,0.44,15909.50001263991
10527,OK,62.700,0.44,15871.799958404154
10528,OK,60.700,0.44,15915.600000880659
10529,OK,59.000,0.44,15906.799992080778
10530,OK,59.800,0.44,15892.600000370294
10531,OK,76.600,0.44,15896.30002854392
10532,OK,60.000,0.44,15878.799953497946
10533,OK,73.000,0.44,15935.699979308993
10534,OK,63.500,0.44,15842.600027099252
10535,OK,64.900,0.44,15901.900012977421
10536,OK,64.100,0.44,15873.500029556453
10537,OK,96.700,0.44,15877.199999522418
10538,OK,70.800,0.44,15880.600025411695
10539,OK,68.200,0.44,15849.700022954494
10540,OK,37.200,0.44,15964.30002246052
10541,OK,44.000,0.44,15951.099980156869
10542,OK,53.500,0.44,15896.699973382056
10543,OK,42.600,0.44,15931.899950373918
10544,OK,53.400,0.44,15918.900026008487
10545,OK,42.400,0.44,15962.399949785322
10546,OK,52.600,0.44,15904.699976090342
10547,OK,52.600,0.44,15904.100029729307
10548,OK,63.000,0.44,15913.99998869747
10549,OK,54.800,0.44,15911.199967376888
10550,OK,53.900,0.44,15943.400037940592
10551,OK,107.000,0.44,15815.200051292777
10552,OK,69.200,0.44,15902.00001373887
10553,OK,72.600,0.44,15926.899970509112
10554,OK,81.100,0.44,15812.599973287433
10555,OK,60.300,0.44,15906.799992080778
10556,OK,78.900,0.44,15831.299999263138
10557,OK,66.300,0.44,15991.399995982647
10558,OK,59.500,0.44,15878.100006375462
10559,OK,107.500,0.44,15862.600004766136
10560,OK,67.700,0.44,15864.100016187876
10561,OK,53.700,0.44,15944.499988108873
10562,OK,76.900,0.44,15874.900040216744
10563,OK,72.600,0.44,15918.40002220124
10564,OK,67.400,0.44,15811.300021596253
10565,OK,81.300,0.44,15862.00000019744
10566,OK,88.400,0.44,15957.499970681965
10567,OK,67.000,0.44,15832.099947147071
10568,OK,64.600,0.44,15830.099990125746
10569,OK,93.800,0.44,15918.099961709231
10570,OK,68.100,0.44,15867.399983108044
10571,OK,68.100,0.44,15870.200004428625
10572,OK,60.600,0.44,15897.300036158413
10573,OK,60.400,0.44,15891.69999351725
10574,OK,74.600,0.44,15951.899986248463
10575,OK,64.200,0.44,15809.200005605817
10576,OK,87.600,0.44,15905.09997913614
10577,OK,90.000,0.44,15836.000035051256
10578,OK,96.400,0.44,15879.8000193201
10579,OK,118.100,0.44,15779.600013047457
10580,OK,104.200,0.44,15849.700022954494
10581,OK,102.400,0.44,15848.299954086542
10582,OK,86.500,0.44,15845.899994019419
10583,OK,90.200,0.44,15890.399983618408
10584,OK,88.900,0.44,15868.799993768334
10585,OK,90.000,0.44,15889.699978288263
10586,OK,99.100,0.44,15803.999966010451
10587,OK,91.100,0.44,15857.200021855533
10588,OK,84.400,0.44,15867.199981585145
10589,OK,91.400,0.44,15861.299994867295
10590,OK,92.900,0.44,15860.799991060048
10591,OK,91.700,0.44,15872.60002270341
10592,OK,92.500,0.44,15857.49996593222
10593,OK,104.000,0.44,15831.600001547486
10594,OK,94.600,0.44,15869.299997575581
10595,OK,115.200,0.44,15863.200009334832
10596,OK,91.100,0.44,15811.200020834804
10597,OK,57.800,0.44,15932.899957988411
10598,OK,89.400,0.44,15848.200011532754
10599,OK,91.300,0.44,15925.80002034083
10600,OK,191.400,0.44,15647.19999441877
10601,OK,125.700,0.44,15657.000010833144
10602,OK,86.400,0.44,15870.100003667176
10603,OK,73.400,0.44,15844.19998107478
10604,OK,50.800,0.44,15941.100020427257
10605,OK,60.400,0.44,15845.199988689274
10606,OK,47.700,0.44,16037.699999287724
10607,OK,58.900,0.44,15838.599996641278
10608,OK,62.600,0.44,15952.699992340058
10609,OK,48.800,0.44,15929.399989545345
10610,OK,50.300,0.44,15907.599998172373
10611,OK,130.300,0.44,15770.800004247576
10612,OK,80.500,0.44,15937.999996822327
10613,OK,72.100,0.44,15937.099989969283
10614,OK,77.900,0.44,15853.20004960522
10615,OK,73.600,0.44,15778.400003910065
10616,OK,87.100,0.44,15932.099951896816
10617,OK,70.100,0.44,15817.100007552654
10618,OK,68.700,0.44,15973.699977621436
10619,OK,120.900,0.44,15793.500002473593
10620,OK,84.800,0.44,15865.699970163405
10621,OK,71.300,0.44,15851.999982260168
10622,OK,78.300,0.44,15996.999980416149
10623,OK,66.400,0.44,15886.900015175343
10624,OK,64.400,0.44,15913.89998793602
10625,OK,69.900,0.44,15777.799999341369
10626,OK,72.000,0.44,15980.999974999577
10627,OK,53.900,0.44,15877.099998760968
10628,OK,63.700,0.44,15847.09994494915
10629,OK,56.800,0.44,15898.899990133941
10630,OK,53.600,0.44,16087.999974843115
10631,OK,36.000,0.44,15844.699984882027
10632,OK,76.700,0.44,16261.200013104826
10633,OK,106.500,0.44,15563.799999654293
10634,OK,76.500,0.44,15846.700000111014
10635,OK,72.000,0.44,15877.900004852563
10636,OK,58.200,0.44,15862.800006289035
10637,OK,53.200,0.44,15909.200010355562
10638,OK,48.500,0.44,16179.600032046437
10639,OK,57.200,0.44,15907.90000045672
10640,OK,59.500,0.44,15860.400046221912
10641,OK,65.600,0.44,15753.299987409264
10642,OK,57.100,0.44,16262.400022242218
10643,OK,66.300,0.44,16011.199972126633
10644,OK,82.900,0.44,15415.900037623942
10645,OK,92.600,0.44,15772.700018715113
10646,OK,79.500,0.44,15923.800005111843
10647,OK,101.800,0.44,15752.699982840568
10648,OK,61.800,0.44,15836.500038858503
10649,OK,46.200,0.44,15963.800018653274
10650,OK,93.800,0.44,15949.199965689331
10651,OK,54.300,0.44,15822.09998741746
10652,OK,56.300,0.44,15958.899981342256
10653,OK,58.200,0.44,15971.599961631
10654,OK,65.300,0.44,15877.300000283867
10655,OK,59.200,0.44,15878.799953497946
10656,OK,87.700,0.44,15874.099975917488
10657,OK,55.700,0.44,15929.499990306795
10658,OK,73.600,0.44,15905.199979897588
10659,OK,71.000,0.44,15908.00000121817
10660,OK,64.300,0.44,15946.300001814961
10661,OK,100.800,0.44,15726.200013887137
10662,OK,61.000,0.44,15940.100012812763
10663,OK,77.100,0.44,15916.299948003143
10664,OK,53.900,0.44,15817.100007552654
10665,OK,55.600,0.44,16013.20004556328
10666,OK,67.000,0.44,15859.699982684106
10667,OK,44.500,0.44,15957.100025843829
10668,OK,58.800,0.44,15850.30002752319
10669,OK,67.000,0.44,15963.700017891824
10670,OK,62.500,0.44,15886.599954683334
10671,OK,66.200,0.44,15890.999988187104
10672,OK,76.400,0.44,15884.799999184906
10673,OK,101.200,0.44,15878.000005614012
10674,OK,88.700,0.44,15799.700049683452
10675,OK,93.400,0.44,15937.399992253631
10676,OK,66.300,0.44,15789.900033269078
10677,OK,65.900,0.44,15927.19997279346
10678,OK,48.000,0.44,15863.400010857731
10679,OK,42.100,0.44,16035.999986343086
10680,OK,46.200,0.44,15882.100036833435
10681,OK,47.300,0.44,15864.399960264564
10682,OK,51.800,0.44,15937.999996822327
10683,OK,52.000,0.44,15920.800040476024
10684,OK,54.900,0.44,15909.300011117011
10685,OK,50.500,0.44,15915.800002403557
10686,OK,51.000,0.44,15905.600041151047
10687,OK,58.400,0.44,15942.399972118437
10688,OK,67.300,0.44,15837.399987503886
10689,OK,102.800,0.44,15870.90000975877
10690,OK,90.400,0.44,15903.799969237298
10691,OK,70.600,0.44,15919.300029054284
10692,OK,65.500,0.44,15874.999982770532
10693,OK,69.300,0.44,15903.400024399161
10694,OK,64.700,0.44,15882.69998319447
10695,OK,69.900,0.44,15822.799992747605
10696,OK,52.800,0.44,15905.1000373438
10697,OK,48.900,0.44,15954.600006807595
10698,OK,49.400,0.44,15932.700014673173
10699,OK,70.000,0.44,15951.399982441217
10700,OK,75.500,0.44,15885.8000067994
10701,OK,80.400,0.44,15738.399990368634
10702,OK,76.700,0.44,15893.30000570044
10703,OK,71.700,0.44,15861.099993344396
10704,OK,55.600,0.44,15859.10003632307
10705,OK,67.300,0.44,15904.599975328892
10706,OK,65.600,0.44,15866.50003446266
10707,OK,65.200,0.44,15894.60001559928
10708,OK,53.600,0.44,15983.400051482022
10709,OK,68.000,0.44,15895.99996805191
10710,OK,66.200,0.44,15901.000006124377
10711,OK,67.300,0.44,15891.5999927558
10712,OK,69.800,0.44,15893.20000493899
10713,OK,67.700,0.44,15887.000015936792
10714,OK,65.800,0.44,15911.600028630346
10715,OK,79.800,0.44,15867.299982346594
10716,OK,77.100,0.44,15896.299970336258
10717,OK,67.600,0.44,15924.600011203438
10718,OK,102.900,0.44,15734.500018879771
10719,OK,99.700,0.44,15888.70002888143
10720,OK,54.800,0.44,15893.999952822924
10721,OK,100.800,0.44,15851.200034376234
10722,OK,57.500,0.44,15947.500010952353
10723,OK,56.100,0.44,15833.299956284463
10724,OK,83.000,0.44,15882.099978625774
10725,OK,65.000,0.44,15948.299958836287
10726,OK,63.000,0.44,15886.200009845197
10727,OK,58.300,0.44,15929.099987260997
10728,OK,71.500,0.44,15925.80002034083
10729,OK,61.600,0.44,15908.10000197962
10730,OK,63.800,0.44,15786.700008902699
10731,OK,82.300,0.44,15893.900010269135
10732,OK,72.000,0.44,15874.799981247634
10733,OK,58.900,0.44,15898.300043772906
10734,OK,64.200,0.44,15969.000000040978
10735,OK,62.300,0.44,15918.799967039376
10736,OK,63.500,0.44,15849.000017624348
10737,OK,89.900,0.44,15874.099975917488
10738,OK,93.600,0.44,15909.60001340136
10739,OK,68.500,0.44,15878.800011705607
10740,OK,69.100,0.44,15888.90003040433
10741,OK,58.200,0.44,15929.599991068244
10742,OK,81.900,0.44,15810.20001322031
10743,OK,79.600,0.44,15953.90000147745
10744,OK,65.100,0.44,15911.700029391795
10745,OK,67.600,0.44,15881.699975579977
10746,OK,68.400,0.44,15840.699954424053
10747,OK,62.800,0.44,15931.80000782013
10748,OK,60.800,0.44,15911.500027868897
10749,OK,62.400,0.44,15867.89998691529
10750,OK,71.600,0.44,15909.60001340136
10751,OK,62.800,0.44,15871.299954596907
10752,OK,62.800,0.44,15831.700002308935
10753,OK,52.100,0.44,15895.500022452325
10754,OK,48.900,0.44,15933.899965602905
10755,OK,51.600,0.44,15912.29997575283
10756,OK,51.500,0.44,15931.500005535781
10757,OK,63.700,0.44,15915.900003165007
10758,OK,55.700,0.44,15920.500038191676
10759,OK,55.800,0.44,15902.600018307567
10760,OK,80.400,0.44,15867.099980823696
10761,OK,54.900,0.44,15916.300006210804
10762,OK,57.300,0.44,15881.899977102876
10763,OK,55.500,0.44,15903.100022114813
10764,OK,65.500,0.44,15901.499951723963
10765,OK,92.600,0.44,15870.299946982414
10766,OK,57.600,0.44,15851.099975407124
10767,OK,58.800,0.44,15952.49999081716
10768,OK,61.400,0.44,15907.599998172373
10769,OK,57.700,0.44,15969.500003848225
10770,OK,78.600,0.44,15782.599977683276
10771,OK,52.700,0.44,16024.900018237531
10772,OK,58.000,0.44,15921.29998607561
10773,OK,65.500,0.44,15892.900002654642
10774,OK,58.000,0.44,15850.699972361326
10775,OK,84.600,0.44,15913.99998869747
10776,OK,54.700,0.44,15943.900041747838
10777,OK,61.700,0.44,15908.700006548315
10778,OK,64.300,0.44,15857.60002490133
10779,OK,68.200,0.44,15881.399973295629
10780,OK,63.500,0.44,15885.400003753603
10781,OK,56.800,0.44,15904.699976090342
10782,OK,142.700,0.44,15779.899957124144
10783,OK,70.300,0.44,15914.299990981817
10784,OK,47.200,0.44,15905.799984466285
10785,OK,48.400,0.44,15997.800044715405
10786,OK,55.100,0.44,15821.599983610213
10787,OK,44.900,0.44,15981.499978806823
10788,OK,178.300,0.44,15690.699976403266
10789,OK,59.400,0.44,15892.900002654642
10790,OK,51.100,0.44,15926.200023386627
10791,OK,52.800,0.44,15877.300000283867
10792,OK,40.100,0.44,15977.800008840859
10793,OK,51.600,0.44,15958.999982103705
10794,OK,58.600,0.44,15862.400003243238
10795,OK,118.300,0.44,15809.200005605817
10796,OK,90.200,0.44,15826.29996119067
10797,OK,61.500,0.44,15913.89998793602
10798,OK,81.200,0.44,15979.799965862185
10799,OK,69.700,0.44,15836.300037335604
10800,OK,70.900,0.44,15924.500010441989
10801,OK,112.200,0.44,15696.900023613125
10802,OK,67.900,0.44,15821.799985133111
10803,OK,63.800,0.44,15932.299953419715
10804,OK,79.200,0.44,15853.09999063611
10805,OK,65.800,0.44,15894.300013314933
10806,OK,73.700,0.44,15855.800011195242
10807,OK,90.000,0.44,15870.89995155111
10808,OK,94.600,0.44,15888.70002888143
10809,OK,127.700,0.44,15779.00000847876
10810,OK,91.600,0.44,15898.799989372492
10811,OK,110.600,0.44,15848.600014578551
10812,OK,86.400,0.44,15852.799988351762
10813,OK,106.000,0.44,15836.400038097054
10814,OK,95.100,0.44,15840.500011108816
10815,OK,98.500,0.44,15848.200011532754
10816,OK,87.200,0.44,15867.499983869493
10817,OK,69.900,0.44,15900.099999271333
10818,OK,113.700,0.44,15785.900002811104
10819,OK,92.000,0.44,15859.299979638308
10820,OK,90.400,0.44,15857.59996669367
10821,OK,74.300,0.44,15868.099988438189
10822,OK,101.300,0.44,15862.300002481788
10823,OK,106.200,0.44,15868.599992245436
10824,OK,113.000,0.44,15783.000038936734
10825,OK,78.200,0.44,15893.30000570044
10826,OK,76.600,0.44,15907.499997410923
10827,OK,65.800,0.44,15901.100006885827
10828,OK,74.600,0.44,15851.400035899132
10829,OK,97.500,0.44,15904.299973044544
10830,OK,168.200,0.44,15710.099949501455
10831,OK,219.000,0.44,15669.100044760853
10832,OK,67.500,0.44,15928.499982692301
10833,OK,68.800,0.44,15869.099996052682
10834,OK,74.200,0.44,15920.200035907328
10835,OK,59.700,0.44,15810.0999542512
10836,OK,61.600,0.44,15999.099996406585
10837,OK,74.600,0.44,15886.700013652444
10838,OK,70.000,0.44,15883.299987763166
10839,OK,104.600,0.44,15878.799953497946
10840,OK,62.400,0.44,15904.499974567443
10841,OK,62.000,0.44,15892.299998085946
10842,OK,66.500,0.44,15880.900027696043
10843,OK,69.600,0.44,15852.299984544516
10844,OK,63.200,0.44,15899.299993179739
10845,OK,49.300,0.44,15894.100011792034
10846,OK,62.400,0.44,16033.000021707267
10847,OK,49.300,0.44,15858.99997735396
10848,OK,48.800,0.44,15821.199980564415
10849,OK,54.900,0.44,15947.100007906556
10850,OK,105.200,0.44,15880.199964158237
10851,OK,77.600,0.44,15803.200018126518
10852,OK,61.800,0.44,15934.80003066361
10853,OK,82.400,0.44,15978.400013409555
10854,OK,69.900,0.44,15855.99995451048
10855,OK,64.300,0.44,15906.50004800409
10856,OK,73.500,0.44,15885.000000707805
10857,OK,68.000,0.44,15890.30004106462
10858,OK,65.300,0.44,15838.899998925626
10859,OK,73.200,0.44,15926.399966701865
10860,OK,58.000,0.44,15932.599955704063
10861,OK,57.300,0.44,16132.400021888316
10862,OK,64.000,0.44,15901.200007647276
10863,OK,108.600,0.44,15621.599974110723
10864,OK,97.400,0.44,15754.399995785207
10865,OK,89.100,0.44,15860.59998953715
10866,OK,77.200,0.44,16333.399980794638
10867,OK,86.600,0.44,15790.700039360672
10868,OK,101.900,0.44,15490.599966142327
10869,OK,162.100,0.44,15740.000002551824
10870,OK,105.600,0.44,15850.399970076978
10871,OK,64.900,0.44,15829.49998555705
10872,OK,47.200,0.44,16125.899972394109
10873,OK,51.900,0.44,15918.600023724139
10874,OK,62.600,0.44,15987.500024493784
10875,OK,78.200,0.44,15972.99997229129
10876,OK,100.200,0.44,15876.699995715171
10877,OK,117.100,0.44,15509.899996686727
10878,OK,113.000,0.44,15764.499956276268
10879,OK,85.600,0.44,15939.600009005517
10880,OK,152.300,0.44,15596.79995989427
10881,OK,60.100,0.44,15914.399991743267
10882,OK,47.000,0.44,15983.39999327436
10883,OK,57.100,0.44,15866.50003446266
10884,OK,69.300,0.44,15963.100013323128
10885,OK,54.000,0.44,15878.200007136911
10886,OK,58.200,0.44,15936.09998235479
10887,OK,51.200,0.44,15911.199967376888
10888,OK,55.900,0.44,15891.5999927558
10889,OK,57.500,0.44,15966.399980243295
10890,OK,66.300,0.44,15895.099961198866
10891,OK,62.600,0.44,15882.299980148673
10892,OK,49.100,0.44,15915.39999935776
10893,OK,64.400,0.44,15872.50002194196
10894,OK,52.600,0.44,15989.300038199872
10895,OK,54.600,0.44,15893.599949777126
10896,OK,50.500,0.44,15912.49997727573
10897,OK,56.700,0.44,15938.700002152473
10898,OK,78.200,0.44,15872.799966018647
10899,OK,91.400,0.44,15877.600002568215
10900,OK,83.900,0.44,15885.500004515052
10901,OK,87.100,0.44,15755.30000263825
10902,OK,56.100,0.44,15919.80003286153
10903,OK,77.300,0.44,15834.700025152415
10904,OK,74.100,0.44,15860.59998953715
10905,OK,68.000,0.44,15910.89996509254
10906,OK,73.200,0.44,15833.100012969226
10907,OK,74.700,0.44,15950.79997787252
10908,OK,117.100,0.44,15774.49997421354
10909,OK,63.100,0.44,15819.299966096878
10910,OK,91.400,0.44,15905.199979897588
10911,OK,81.700,0.44,15900.400001555681
10912,OK,65.200,0.44,15939.00000443682
10913,OK,58.700,0.44,15896.10002702102
10914,OK,63.600,0.44,15845.099987927824
10915,OK,62.300,0.44,15876.99999799952
10916,OK,60.800,0.44,15964.100020937622
10917,OK,72.400,0.44,15861.599997151643
10918,OK,62.800,0.44,15936.599986162037
10919,OK,62.000,0.44,15845.80005146563
10920,OK,61.200,0.44,15965.300030075014
10921,OK,72.100,0.44,15893.900010269135
10922,OK,56.300,0.44,15858.599974308163
10923,OK,60.500,0.44,15879.600017797202
10924,OK,44.600,0.44,15975.799993611872
10925,OK,61.700,0.44,15895.500022452325
10926,OK,52.900,0.44,15906.100044958293
10927,OK,48.200,0.44,15881.399973295629
10928,OK,42.800,0.44,15984.700003173202
10929,OK,51.100,0.44,15935.100032947958
10930,OK,58.100,0.44,15865.900029893965
10931,OK,63.800,0.44,15916.199947241694
10932,OK,63.000,0.44,15871.400013566017
10933,OK,98.200,0.44,15894.100011792034
10934,OK,69.800,0.44,15861.399995628744
10935,OK,70.300,0.44,15928.300039377064
10936,OK,54.600,0.44,15806.099982000887
10937,OK,85.300,0.44,15913.100040052086
10938,OK,75.100,0.44,15928.100037854165
10939,OK,61.600,0.44,15891.100047156215
10940,OK,59.500,0.44,15861.799998674542
10941,OK,75.500,0.44,15865.500026848167
10942,OK,55.000,0.44,15921.100042760372
10943,OK,51.500,0.44,15928.000037092716
10944,OK,53.600,0.44,15946.199942845851
10945,OK,59.500,0.44,15864.399960264564
10946,OK,49.200,0.44,15985.00000545755
10947,OK,77.000,0.44,15891.69999351725
10948,OK,76.400,0.44,15903.49996695295
10949,OK,64.800,0.44,15859.299979638308
10950,OK,71.500,0.44,15869.299997575581
10951,OK,59.100,0.44,15916.400006972253
10952,OK,57.800,0.44,15879.999962635338
10953,OK,59.300,0.44,15962.499950546771
10954,OK,64.100,0.44,15887.09995849058
10955,OK,61.000,0.44,15913.000039290637
10956,OK,94.000,0.44,15779.300010763109
10957,OK,98.600,0.44,15896.400029305369
10958,OK,64.900,0.44,15837.999992072582
10959,OK,100.800,0.44,15870.300005190074
10960,OK,65.000,0.44,15896.900033112615
10961,OK,64.900,0.44,15841.900021769106
10962,OK,70.400,0.44,15858.299972023815
10963,OK,58.300,0.44,16011.100029572845
10964,OK,62.900,0.44,15816.800005268306
10965,OK,59.600,0.44,15883.499989286065
10966,OK,54.800,0.44,15863.199951127172
10967,OK,56.800,0.44,16019.699978642166
10968,OK,68.000,0.44,15839.500003494322
10969,OK,62.200,0.44,15950.000029988587
10970,OK,66.600,0.44,15782.599977683276
10971,OK,62.900,0.44,16001.900017727166
10972,OK,60.000,0.44,15916.100004687905
10973,OK,78.100,0.44,15897.70003920421
10974,OK,73.800,0.44,15870.79995078966
10975,OK,80.700,0.44,15894.500014837831
10976,OK,61.700,0.44,15807.599993422627
10977,OK,81.900,0.44,15921.499987598509
10978,OK,56.600,0.44,15876.399993430823
10979,OK,48.800,0.44,16000.100004021078
10980,OK,74.600,0.44,15848.399954847991
10981,OK,58.300,0.44,15906.199987512082
10982,OK,64.900,0.44,15868.299989961088
10983,OK,66.600,0.44,15967.699990142137
10984,OK,57.600,0.44,15918.30002143979
10985,OK,63.400,0.44,15903.70002668351
10986,OK,64.600,0.44,15884.799999184906
10987,OK,65.600,0.44,15873.099968302995
10988,OK,100.800,0.44,15891.899995040148
10989,OK,100.700,0.44,15857.199963647872
10990,OK,61.300,0.44,15840.700012631714
10991,OK,65.100,0.44,15904.900035820901
10992,OK,62.200,0.44,15907.499997410923
10993,OK,77.100,0.44,15887.499961536378
10994,OK,62.100,0.44,15879.599959589541
10995,OK,63.100,0.44,15923.700004350394
10996,OK,70.000,0.44,15881.999977864325
10997,OK,59.900,0.44,15908.800007309765
10998,OK,65.600,0.44,15910.100017208606
10999,OK,68.500,0.44,15893.10000417754
11000,OK,64.800,0.44,15905.999985989183
11001,OK,75.700,0.44,15740.800008643419
11002,OK,69.000,0.44,15811.100020073354
11003,OK,75.800,0.44,15876.99999799952
11004,OK,66.900,0.44,15939.900011289865
11005,OK,76.100,0.44,15800.599998328835
11006,OK,146.800,0.44,15823.5999988392
11007,OK,52.000,0.44,15998.499991837889
11008,OK,84.600,0.44,15719.600021839142
11009,OK,70.000,0.44,15914.699994027615
11010,OK,53.700,0.44,15926.700027193874
11011,OK,50.700,0.44,15915.199997834861
11012,OK,123.400,0.44,15797.00002912432
11013,OK,68.700,0.44,15807.100047823042
11014,OK,57.600,0.44,16044.599993620068
11015,OK,87.000,0.44,15843.299974221736
11016,OK,68.200,0.44,15901.100006885827
11017,OK,69.900,0.44,15790.399978868663
11018,OK,45.200,0.44,16044.799995142967
11019,OK,257.000,0.44,15610.900009050965
11020,OK,67.000,0.44,15891.999995801598
11021,OK,71.300,0.44,15865.399967879057
11022,OK,65.300,0.44,15954.300004523247
11023,OK,60.800,0.44,15923.500002827495
11024,OK,64.500,0.44,15858.300030231476
11025,OK,60.000,0.44,15886.000008322299
11026,OK,69.400,0.44,15920.699981506914
11027,OK,65.900,0.44,15931.100002489984
11028,OK,67.500,0.44,15826.800023205578
11029,OK,117.800,0.44,15789.300028700382
11030,OK,57.800,0.44,15973.999979905784
11031,OK,61.700,0.44,15962.299949023873
11032,OK,48.900,0.44,15899.999998509884
11033,OK,68.700,0.44,15807.399991899729
11034,OK,57.500,0.44,15868.399990722537
11035,OK,74.900,0.44,15905.499982181937
11036,OK,100.500,0.44,15850.399970076978
11037,OK,118.500,0.44,15838.29999435693
11038,OK,97.900,0.44,15848.100010771304
11039,OK,107.700,0.44,15861.199994105846
11040,OK,109.300,0.44,15809.200005605817
11041,OK,93.400,0.44,15864.000015426427
11042,OK,113.800,0.44,15827.299968805164
11043,OK,112.000,0.44,15843.700035475194
11044,OK,110.300,0.44,15833.500016015023
11045,OK,117.900,0.44,15809.800010174513
11046,OK,99.900,0.44,15848.500013817102
11047,OK,85.800,0.44,15879.000013228506
11048,OK,95.300,0.44,15844.799985643476
11049,OK,139.800,0.44,15824.400004930794
11050,OK,96.900,0.44,15840.300009585917
11051,OK,78.100,0.44,15884.19999461621
11052,OK,95.600,0.44,15917.600016109645
11053,OK,99.400,0.44,15825.10001026094
11054,OK,92.400,0.44,15847.20000391826
11055,OK,94.100,0.44,15803.500020410866
11056,OK,91.100,0.44,15857.400023378432
11057,OK,92.000,0.44,15822.899993509054
11058,OK,58.700,0.44,15948.500018566847
11059,OK,108.000,0.44,15822.699991986156
11060,OK,125.400,0.44,15854.099998250604
11061,OK,97.400,0.44,15880.999970249832
11062,OK,92.500,0.44,15829.899988602847
11063,OK,101.200,0.44,15803.699963726103
11064,OK,56.300,0.44,15953.099995385855
11065,OK,60.400,0.44,15892.600000370294
11066,OK,45.700,0.44,15912.49997727573
11067,OK,48.700,0.44,15969.700005371124
11068,OK,50.900,0.44,15815.299993846565
11069,OK,64.500,0.44,16014.69999877736
11070,OK,66.700,0.44,15854.400000534952
11071,OK,59.700,0.44,15884.39999613911
11072,OK,115.600,0.44,15899.399993941188
11073,OK,65.900,0.44,15909.40001187846
11074,OK,62.600,0.44,15867.99998767674
11075,OK,69.500,0.44,15919.80003286153
11076,OK,69.200,0.44,15885.300002992153
11077,OK,100.700,0.44,15809.200005605817
11078,OK,59.900,0.44,15928.099979646504
11079,OK,63.600,0.44,15928.899985738099
11080,OK,183.800,0.44,15717.300004325807
11081,OK,66.500,0.44,15876.99999799952
11082,OK,55.400,0.44,15939.900011289865
11083,OK,80.100,0.44,15867.599984630942
11084,OK,58.800,0.44,15872.000018134713
11085,OK,82.500,0.44,15905.499982181937
11086,OK,83.300,0.44,15908.399946056306
11087,OK,70.400,0.44,15861.299994867295
11088,OK,70.500,0.44,15912.700037006289
11089,OK,66.300,0.44,15889.000031165779
11090,OK,66.600,0.44,15901.300008408725
11091,OK,58.000,0.44,16127.000038977712
11092,OK,82.900,0.44,15778.300003148615
11093,OK,50.800,0.44,15787.600015755743
11094,OK,88.700,0.44,15904.900035820901
11095,OK,77.100,0.44,15851.100033614784
11096,OK,84.300,0.44,15856.400015763938
11097,OK,71.100,0.44,15887.699963059276
11098,OK,72.000,0.44,16221.500001847744
11099,OK,68.000,0.44,15511.900011915714
11100,OK,69.700,0.44,16223.800019361079
11101,OK,96.200,0.44,15766.699973028153
11102,OK,66.600,0.44,15978.200011886656
11103,OK,73.600,0.44,16002.499964088202
11104,OK,82.200,0.44,15389.700012747198
11105,OK,100.800,0.44,15818.799962289631
11106,OK,92.700,0.44,15830.79999545589
11107,OK,135.700,0.44,15785.800002049655
11108,OK,70.500,0.44,15932.499954942614
11109,OK,176.000,0.44,15595.000004395843
11110,OK,55.400,0.44,15889.599977526814
11111,OK,43.400,0.44,15998.999995645136
11112,OK,47.100,0.44,15940.000012051314
11113,OK,68.900,0.44,15895.300020929426
11114,OK,72.300,0.44,15935.900039039552
11115,OK,66.300,0.44,15830.199990887195
11116,OK,69.700,0.44,15980.300027877092
11117,OK,74.500,0.44,15886.000008322299
11118,OK,56.100,0.44,15873.600030317903
11119,OK,51.500,0.44,15900.60000307858
11120,OK,140.800,0.44,15810.400014743209
11121,OK,49.000,0.44,15893.30000570044
11122,OK,49.900,0.44,15994.00001578033
11123,OK,66.600,0.44,15790.399978868663
11124,OK,46.800,0.44,15993.300010450184
11125,OK,59.800,0.44,15909.699955955148
11126,OK,65.200,0.44,15879.79996111244
11127,OK,64.800,0.44,15904.99997837469
11128,OK,75.100,0.44,15913.99998869747
11129,OK,53.600,0.44,15858.200029470026
11130,OK,49.800,0.44,15895.899967290461
11131,OK,38.900,0.44,15976.19999665767
11132,OK,51.700,0.44,15908.400004263967
11133,OK,54.100,0.44,15928.79998497665
11134,OK,54.700,0.44,15919.099969323725
11135,OK,54.300,0.44,15895.500022452325
11136,OK,59.000,0.44,15916.9000107795
11137,OK,49.300,0.44,15936.599986162037
11138,OK,55.600,0.44,15908.200002741069
11139,OK,46.300,0.44,15960.299992002547
11140,OK,69.700,0.44,15882.199979387224
11141,OK,54.000,0.44,15921.50004580617
11142,OK,63.900,0.44,15882.79998395592
11143,OK,56.800,0.44,15926.099964417517
11144,OK,49.800,0.44,15924.20000815764
11145,OK,50.100,0.44,15928.499982692301
11146,OK,55.400,0.44,15931.300004012883
11147,OK,61.500,0.44,15851.200034376234
11148,OK,62.500,0.44,15981.200034730136
11149,OK,73.300,0.44,15838.60005484894
11150,OK,66.700,0.44,15886.700013652444
11151,OK,64.400,0.44,15885.000000707805
11152,OK,52.800,0.44,15931.100002489984
11153,OK,74.300,0.44,15897.000033874065
11154,OK,81.800,0.44,15846.599999349564
11155,OK,88.700,0.44,15934.100025333464
11156,OK,67.300,0.44,15886.700013652444
11157,OK,104.500,0.44,15837.799990549684
11158,OK,64.200,0.44,15868.299989961088
11159,OK,65.600,0.44,15930.19999563694
11160,OK,63.200,0.44,15908.200002741069
11161,OK,62.500,0.44,15897.999983280897
11162,OK,62.100,0.44,15879.400016274303
11163,OK,60.800,0.44,15902.700019069016
11164,OK,52.200,0.44,15913.399984128773
11165,OK,57.500,0.44,15910.399961285293
11166,OK,50.400,0.44,15862.00000019744
11167,OK,48.800,0.44,16041.200025938451
11168,OK,70.800,0.44,15816.499944776297
11169,OK,84.200,0.44,15883.699990808964
11170,OK,74.600,0.44,15852.599986828864
11171,OK,57.400,0.44,15886.399953160435
11172,OK,46.900,0.44,15914.099989458919
11173,OK,48.900,0.44,15949.900029227138
11174,OK,53.500,0.44,15939.20000595972
11175,OK,61.500,0.44,15925.100015010685
11176,OK,61.800,0.44,15915.199997834861
11177,OK,57.800,0.44,15913.89998793602
11178,OK,62.900,0.44,15860.4999887757
11179,OK,63.100,0.44,15935.499977786094
11180,OK,70.100,0.44,15913.79998717457
11181,OK,58.100,0.44,15823.699999600649
11182,OK,108.100,0.44,15822.999994270504
11183,OK,72.600,0.44,15920.299978461117
11184,OK,61.400,0.44,15913.800045382231
11185,OK,63.600,0.44,15887.299960013479
11186,OK,58.700,0.44,15889.000031165779
11187,OK,58.400,0.44,15908.400004263967
11188,OK,54.700,0.44,15934.799972455949
11189,OK,59.700,0.44,15906.299988273531
11190,OK,57.100,0.44,15910.000016447157
11191,OK,92.900,0.44,15906.899992842227
11192,OK,77.000,0.44,15827.499970328063
11193,OK,89.300,0.44,15904.700034298003
11194,OK,79.100,0.44,15914.399991743267
11195,OK,66.700,0.44,15901.500009931624
11196,OK,68.600,0.44,15867.099980823696
11197,OK,71.100,0.44,15864.500019233674
11198,OK,67.900,0.44,15923.099999781698
11199,OK,67.500,0.44,15871.500014327466
11200,OK,65.300,0.44,15942.299971356988
11201,OK,82.900,0.44,15785.600000526756
11202,OK,116.400,0.44,15790.099976584315
11203,OK,186.400,0.44,15685.899998061359
11204,OK,53.400,0.44,15919.90003362298
11205,OK,50.800,0.44,15932.100010104477
11206,OK,56.800,0.44,15909.40001187846
11207,OK,108.500,0.44,15877.199999522418
11208,OK,84.400,0.44,15882.399980910122
11209,OK,59.800,0.44,15842.600027099252
11210,OK,67.700,0.44,15965.100028552115
11211,OK,57.400,0.44,15920.00003438443
11212,OK,63.500,0.44,15900.50000231713
11213,OK,64.800,0.44,15914.900053758174
11214,OK,66.100,0.44,15802.200010512024
11215,OK,55.600,0.44,15933.599963318557
11216,OK,59.700,0.44,15891.5999927558
11217,OK,61.000,0.44,15910.700021777302
11218,OK,57.400,0.44,15933.800023049116
11219,OK,82.100,0.44,15887.30001822114
11220,OK,76.800,0.44,15880.900027696043
11221,OK,74.200,0.44,15909.29995290935
11222,OK,61.600,0.44,15894.200012553483
11223,OK,62.800,0.44,15892.800001893193
11224,OK,66.600,0.44,15887.800022028387
11225,OK,79.400,0.44,15853.599994443357
11226,OK,63.900,0.44,15887.299960013479
11227,OK,64.700,0.44,15887.19995925203
11228,OK,56.400,0.44,15890.700044110417
11229,OK,54.200,0.44,15897.100034635514
11230,OK,69.800,0.44,15924.000006634742
11231,OK,57.700,0.44,15893.20000493899
11232,OK,53.300,0.44,15901.400009170175
11233,OK,38.500,0.44,15992.200002074242
11234,OK,63.000,0.44,15874.299977440387
11235,OK,57.600,0.44,15894.500014837831
11236,OK,64.300,0.44,15846.599999349564
11237,OK,48.600,0.44,16045.199998188764
11238,OK,149.500,0.44,15885.200002230704
11239,OK,64.700,0.44,15690.599975641817
11240,OK,50.000,0.44,15886.100009083748
11241,OK,52.200,0.44,16059.999994467944
11242,OK,65.700,0.44,15861.799998674542
11243,OK,66.400,0.44,15892.600000370294
11244,OK,64.400,0.44,15894.000011030585
11245,OK,66.100,0.44,15893.10000417754
11246,OK,55.200,0.44,15920.199977699667
11247,OK,147.500,0.44,15734.200016595423
11248,OK,78.600,0.44,15842.100023292005
11249,OK,61.300,0.44,15965.5999741517
11250,OK,65.000,0.44,15897.49997947365
11251,OK,52.900,0.44,15906.899992842227
11252,OK,58.600,0.44,15890.29998285696
11253,OK,67.600,0.44,15894.100011792034
11254,OK,64.400,0.44,15885.90000756085
11255,OK,64.100,0.44,15916.100004687905
11256,OK,133.400,0.44,15740.400005597621
11257,OK,75.700,0.44,15930.900000967085
11258,OK,62.700,0.44,15883.899992331862
11259,OK,69.100,0.44,15870.90000975877
11260,OK,66.100,0.44,15908.00000121817
11261,OK,55.000,0.44,15937.799995299429
11262,OK,76.300,0.44,15885.000000707805
11263,OK,83.000,0.44,15812.499972525984
11264,OK,103.100,0.44,15852.899989113212
11265,OK,91.500,0.44,15772.100014146417
11266,OK,97.600,0.44,15876.399993430823
11267,OK,95.700,0.44,15815.399994608015
11268,OK,91.900,0.44,15876.99999799952
11269,OK,91.100,0.44,15881.599974818528
11270,OK,96.900,0.44,15812.099969480187
11271,OK,89.800,0.44,15831.400000024587
11272,OK,95.700,0.44,15879.90002008155
11273,OK,91.900,0.44,15862.00000019744
11274,OK,94.400,0.44,15862.200001720339
11275,OK,93.400,0.44,15874.499978963286
11276,OK,108.100,0.44,15840.599953662604
11277,OK,107.600,0.44,15798.200038261712
11278,OK,107.800,0.44,15834.900026675314
11279,OK,99.000,0.44,15870.199946220964
11280,OK,90.300,0.44,15883.899992331862
11281,OK,90.900,0.44,15843.00003014505
11282,OK,91.200,0.44,15847.100003156811
11283,OK,96.700,0.44,15850.20002676174
11284,OK,92.200,0.44,15853.499993681908
11285,OK,87.000,0.44,15818.800020497292
11286,OK,44.200,0.44,15976.700000464916
11287,OK,90.800,0.44,15887.40001898259
11288,OK,116.800,0.44,15876.199991907924
11289,OK,165.600,0.44,15641.600009985268
11290,OK,112.100,0.44,15864.700020756572
11291,OK,82.000,0.44,15869.299997575581
11292,OK,75.600,0.44,15901.200007647276
11293,OK,71.600,0.44,15879.600017797202
11294,OK,67.100,0.44,15891.400049440563
11295,OK,67.900,0.44,15955.40001289919
11296,OK,86.500,0.44,15992.300002835691
11297,OK,109.000,0.44,15600.499988067895
11298,OK,64.300,0.44,15894.60001559928
11299,OK,66.200,0.44,15877.800004091114
11300,OK,66.100,0.44,15912.800037767738
11301,OK,100.300,0.44,15787.499956786633
11302,OK,103.600,0.44,15878.700010944158
11303,OK,83.800,0.44,15819.599968381226
11304,OK,136.900,0.44,15759.399975650012
11305,OK,65.900,0.44,15827.79997261241
11306,OK,64.400,0.44,15959.399985149503
11307,OK,60.600,0.44,15863.900014664978
11308,OK,53.100,0.44,15961.40000037849
11309,OK,49.300,0.44,15899.09999165684
11310,OK,162.200,0.44,15773.800027091056
11311,OK,60.000,0.44,15846.700000111014
11312,OK,79.600,0.44,15941.700024995953
11313,OK,67.800,0.44,15889.299975242466
11314,OK,59.600,0.44,15872.200019657612
11315,OK,65.300,0.44,15924.500010441989
11316,OK,97.200,0.44,15869.099996052682
11317,OK,63.700,0.44,15932.700014673173
11318,OK,64.300,0.44,16012.500040233135
11319,OK,146.600,0.44,15584.200038574636
11320,OK,60.600,0.44,15896.10002702102
11321,OK,62.400,0.44,15970.999957062304
11322,OK,78.100,0.44,15934.999973978847
11323,OK,57.600,0.44,15914.799994789064
11324,OK,60.300,0.44,15835.099969990551
11325,OK,69.700,0.44,15866.299974732101
11326,OK,72.900,0.44,15883.900050539523
11327,OK,80.200,0.44,16006.099991500378
11328,OK,79.300,0.44,15738.799993414432
11329,OK,69.400,0.44,15925.80002034083
11330,OK,105.400,0.44,15840.999956708401
11331,OK,94.500,0.44,15860.000043176115
11332,OK,82.700,0.44,15898.800047580153
11333,OK,120.600,0.44,15963.500016368926
11334,OK,248.000,0.44,15672.300010919571
11335,OK,183.500,0.44,15639.399993233383
11336,OK,150.100,0.44,15687.399951275438
11337,OK,87.000,0.44,15908.200002741069
11338,OK,159.500,0.44,15692.899993155152
11339,OK,119.000,0.44,15759.100031573325
11340,OK,60.700,0.44,15879.599959589541
11341,OK,75.600,0.44,15937.999996822327
11342,OK,55.500,0.44,15892.700001131743
11343,OK,50.600,0.44,15918.29996323213
11344,OK,70.100,0.44,15886.300010606647
11345,OK,50.200,0.44,15910.500020254403
11346,OK,54.000,0.44,15917.100012302399
11347,OK,71.400,0.44,15942.800033371896
11348,OK,56.800,0.44,15839.80000577867
11349,OK,51.500,0.44,15925.80002034083
11350,OK,57.500,0.44,15961.899945978075
11351,OK,62.300,0.44,15918.200020678341
11352,OK,66.600,0.44,15838.29999435693
11353,OK,73.600,0.44,15919.599973130971
11354,OK,73.400,0.44,15882.90004292503
11355,OK,53.200,0.44,15906.999993603677
11356,OK,57.800,0.44,15910.99996585399
11357,OK,103.600,0.44,15873.500029556453
11358,OK,88.100,0.44,15894.900017883629
11359,OK,66.300,0.44,15906.59999055788
11360,OK,68.000,0.44,15862.500004004687
11361,OK,56.700,0.44,15935.300034470856
11362,OK,66.300,0.44,15851.90003970638
11363,OK,86.400,0.44,15895.399963483214
11364,OK,55.400,0.44,15884.799999184906
11365,OK,42.400,0.44,15939.499950036407
11366,OK,53.400,0.44,15934.799972455949
11367,OK,63.100,0.44,15923.200000543147
11368,OK,56.900,0.44,15874.199976678938
11369,OK,63.500,0.44,15897.300036158413
11370,OK,67.100,0.44,15941.000019665807
11371,OK,70.900,0.44,15832.50000840053
11372,OK,63.500,0.44,15948.400017805398
11373,OK,62.600,0.44,15890.699985902756
11374,OK,60.300,0.44,15912.699978798628
11375,OK,63.200,0.44,15903.60002592206
11376,OK,57.000,0.44,15926.700027193874
11377,OK,94.100,0.44,15783.800045028329
11378,OK,62.600,0.44,15975.899994373322
11379,OK,62.700,0.44,15862.700005527586
11380,OK,65.800,0.44,15807.999996468425
11381,OK,87.000,0.44,15875.50004478544
11382,OK,60.900,0.44,15971.799963153899
11383,OK,61.600,0.44,15814.899990800768
11384,OK,80.300,0.44,15864.900022279471
11385,OK,60.200,0.44,15955.499955452979
11386,OK,51.500,0.44,15888.799971435219
11387,OK,47.700,0.44,15925.899962894619
11388,OK,78.000,0.44,15867.89998691529
11389,OK,61.200,0.44,16018.800029996783
11390,OK,57.700,0.44,15862.300002481788
11391,OK,62.200,0.44,15974.899986758828
11392,OK,68.800,0.44,15845.500049181283
11393,OK,57.100,0.44,15932.400012388825
11394,OK,59.100,0.44,15920.599980745465
11395,OK,67.200,0.44,15866.999980062246
11396,OK,66.600,0.44,15877.400001045316
11397,OK,62.100,0.44,15895.400021690875
11398,OK,55.300,0.44,15953.800000716
11399,OK,74.300,0.44,15904.799976851791
11400,OK,65.800,0.44,15864.700020756572
11401,OK,65.600,0.44,15773.399965837598
11402,OK,66.500,0.44,15942.999976687133
11403,OK,77.300,0.44,15854.299999773502
11404,OK,58.000,0.44,15930.800000205636
11405,OK,63.000,0.44,15909.60001340136
11406,OK,60.000,0.44,15900.400001555681
11407,OK,61.800,0.44,15902.699960861355
11408,OK,64.600,0.44,15886.299952398986
11409,OK,96.000,0.44,15896.899974904954
11410,OK,77.000,0.44,15882.100036833435
11411,OK,79.100,0.44,15872.599964495748
11412,OK,76.200,0.44,15894.400014076382
11413,OK,76.300,0.44,15819.10002278164
11414,OK,65.200,0.44,15848.100010771304
11415,OK,93.300,0.44,15917.700016871095
11416,OK,85.800,0.44,15862.900007050484
11417,OK,63.000,0.44,15931.399946566671
11418,OK,79.600,0.44,15912.50003548339
11419,OK,76.500,0.44,15824.600006453693
11420,OK,53.300,0.44,15894.200012553483
11421,OK,56.500,0.44,15903.300023637712
11422,OK,56.600,0.44,15910.400019492954
11423,OK,51.200,0.44,15848.900016862899
11424,OK,82.200,0.44,15995.40002644062
11425,OK,55.400,0.44,15938.900003675371
11426,OK,73.700,0.44,15856.199956033379
11427,OK,72.700,0.44,15880.299964919686
11428,OK,95.200,0.44,15910.499962046742
11429,OK,65.000,0.44,15814.69998927787
11430,OK,62.300,0.44,15906.60004876554
11431,OK,49.700,0.44,15884.599997662008
11432,OK,47.000,0.44,15939.20000595972
11433,OK,49.200,0.44,15964.399965014309
11434,OK,49.400,0.44,15893.800009507686
11435,OK,55.900,0.44,15872.300020419061
11436,OK,61.200,0.44,15981.599979568273
11437,OK,48.100,0.44,15927.19997279346
11438,OK,54.300,0.44,15868.999995291233
11439,OK,61.100,0.44,15891.5999927558
11440,OK,66.500,0.44,15910.600021015853
11441,OK,68.500,0.44,15914.699994027615
11442,OK,54.100,0.44,15915.50000011921
11443,OK,53.600,0.44,15888.70002888143
11444,OK,54.900,0.44,15954.900009091944
11445,OK,55.200,0.44,15877.300000283867
11446,OK,54.000,0.44,15873.599972110242
11447,OK,55.700,0.44,16018.99997331202
11448,OK,61.900,0.44,15860.099985729903
11449,OK,61.500,0.44,15912.40003472194
11450,OK,61.400,0.44,15906.899992842227
11451,OK,63.500,0.44,15904.699976090342
11452,OK,66.200,0.44,15864.500019233674
11453,OK,63.800,0.44,15937.69999453798
11454,OK,75.100,0.44,15887.499961536378
11455,OK,65.600,0.44,15921.19998531416
11456,OK,64.600,0.44,15764.899959322065
11457,OK,76.400,0.44,16024.199954699725
11458,OK,60.800,0.44,15849.400020670146
11459,OK,103.000,0.44,15843.799978028983
11460,OK,59.900,0.44,15907.099994365126
11461,OK,69.200,0.44,15940.200013574213
11462,OK,53.900,0.44,15874.600037932396
11463,OK,64.900,0.44,15961.40000037849
11464,OK,66.800,0.44,15885.8000067994
11465,OK,61.300,0.44,15906.999993603677
11466,OK,80.500,0.44,15793.300000950694
11467,OK,61.600,0.44,15983.39999327436
11468,OK,81.300,0.44,15892.299998085946
11469,OK,66.400,0.44,15878.700010944158
11470,OK,61.100,0.44,15827.499970328063
11471,OK,79.000,0.44,15945.399994961917
11472,OK,57.000,0.44,15825.10001026094
11473,OK,92.700,0.44,15947.200008668005
11474,OK,138.200,0.44,15720.300027169287
11475,OK,70.300,0.44,15899.499994702637
11476,OK,46.200,0.44,15933.399961795658
11477,OK,48.300,0.44,15981.499978806823
11478,OK,77.200,0.44,15844.499983359128
11479,OK,47.600,0.44,15892.600000370294
11480,OK,124.600,0.44,15810.10001245886
11481,OK,116.400,0.44,15826.799964997917
11482,OK,71.400,0.44,15946.900006383657
11483,OK,56.800,0.44,15886.500012129545
11484,OK,52.500,0.44,15898.399986326694
11485,OK,42.000,0.44,15946.50000333786
11486,OK,50.600,0.44,15916.700009256601
11487,OK,49.700,0.44,15913.300041574985
11488,OK,123.300,0.44,15790.99998343736
11489,OK,66.300,0.44,15938.500000629574
11490,OK,79.600,0.44,15862.400003243238
11491,OK,57.100,0.44,15936.000039801002
11492,OK,61.200,0.44,15897.900040727109
11493,OK,62.800,0.44,15796.90002836287
11494,OK,82.200,0.44,15895.800024736673
11495,OK,80.800,0.44,15891.199989710003
11496,OK,111.900,0.44,15848.49995560944
11497,OK,117.600,0.44,15819.700027350336
11498,OK,101.600,0.44,15867.99998767674
11499,OK,123.100,0.44,15839.700005017221
11500,OK,91.900,0.44,15835.3999722749
11501,OK,99.900,0.44,15705.199970398098
11502,OK,85.600,0.44,15864.100016187876
11503,OK,73.100,0.44,15909.899957478046
11504,OK,99.900,0.44,15802.899957634509
11505,OK,76.000,0.44,15896.400029305369
11506,OK,108.800,0.44,15627.99996463582
11507,OK,104.700,0.44,15820.900036487728
11508,OK,98.000,0.44,15870.300005190074
11509,OK,101.400,0.44,15850.100026000291
11510,OK,111.400,0.44,15863.100008573383
11511,OK,104.500,0.44,15824.800007976592
11512,OK,71.100,0.44,15887.799963820726
11513,OK,94.800,0.44,15840.199950616807
11514,OK,71.800,0.44,15865.20002456382
11515,OK,88.800,0.44,15852.399985305965
11516,OK,70.100,0.44,15910.199959762394
11517,OK,93.400,0.44,15812.299971003085
11518,OK,57.300,0.44,15940.400015097111
11519,OK,85.700,0.44,15857.799968216568
11520,OK,96.100,0.44,15859.699982684106
11521,OK,79.300,0.44,15877.199999522418
11522,OK,112.200,0.44,15853.699995204806
11523,OK,123.600,0.44,15784.499992150813
11524,OK,94.300,0.44,15842.700027860701
11525,OK,73.400,0.44,15947.200008668005
11526,OK,53.600,0.44,15913.599985651672
11527,OK,63.500,0.44,15927.799977362156
11528,OK,77.700,0.44,15918.600023724139
11529,OK,73.000,0.44,15842.399967368692
11530,OK,70.700,0.44,15891.999995801598
11531,OK,59.500,0.44,15924.600011203438
11532,OK,59.900,0.44,15899.499994702637
11533,OK,73.300,0.44,15885.600005276501
11534,OK,74.200,0.44,15868.299989961088
11535,OK,145.800,0.44,15770.900005009025
11536,OK,60.600,0.44,15908.00000121817
11537,OK,73.300,0.44,15893.900010269135
11538,OK,63.200,0.44,15908.800007309765
11539,OK,64.500,0.44,15851.199976168573
11540,OK,79.500,0.44,15894.400014076382
11541,OK,65.200,0.44,15899.19999241829
11542,OK,119.200,0.44,15748.600009828806
11543,OK,75.100,0.44,15892.499999608845
11544,OK,61.200,0.44,15908.10000197962
11545,OK,74.900,0.44,15895.899967290461
11546,OK,63.300,0.44,15864.800021518022
11547,OK,70.800,0.44,15917.00001154095
11548,OK,62.000,0.44,15879.599959589541
11549,OK,57.300,0.44,15944.399987347424
11550,OK,78.500,0.44,15857.70002566278
11551,OK,137.500,0.44,15815.499995369464
11552,OK,57.700,0.44,15848.900016862899
11553,OK,74.400,0.44,16073.79998313263
11554,OK,55.400,0.44,15958.000032696873
11555,OK,69.900,0.44,16028.999991249293
11556,OK,68.600,0.44,15634.999959729612
11557,OK,72.500,0.44,15823.699999600649
11558,OK,74.600,0.44,15856.900019571185
11559,OK,63.200,0.44,15932.600013911724
11560,OK,48.400,0.44,15978.799958247691
11561,OK,59.400,0.44,16208.600020036101
11562,OK,69.400,0.44,15690.000029280782
11563,OK,71.900,0.44,15873.500029556453
11564,OK,79.000,0.44,15769.499994348735
11565,OK,99.700,0.44,15883.399988524616
11566,OK,90.800,0.44,15903.899969998747
11567,OK,184.100,0.44,15762.399998493493
11568,OK,115.900,0.44,15887.399960774928
11569,OK,108.300,0.44,15813.600039109588
11570,OK,142.100,0.44,15616.999997291714
11571,OK,54.500,0.44,15909.3999536708
11572,OK,65.700,0.44,15985.300007741898
11573,OK,55.800,0.44,15893.800009507686
11574,OK,67.700,0.44,15831.800003070384
11575,OK,62.400,0.44,15902.300016023219
11576,OK,85.800,0.44,15854.299999773502
11577,OK,79.200,0.44,15939.400007482618
11578,OK,71.600,0.44,15855.800011195242
11579,OK,72.400,0.44,15884.799999184906
11580,OK,66.000,0.44,15911.600028630346
11581,OK,62.700,0.44,15948.800020851195
11582,OK,47.000,0.44,15907.799999695271
11583,OK,50.200,0.44,15920.699981506914
11584,OK,68.800,0.44,15872.39996297285
11585,OK,45.000,0.44,15938.199998345226
11586,OK,51.500,0.44,15904.99997837469
11587,OK,42.900,0.44,15939.20000595972
11588,OK,48.900,0.44,15908.300003502518
11589,OK,65.300,0.44,15916.400006972253
11590,OK,43.400,0.44,15942.599973641336
11591,OK,57.100,0.44,15832.700009923428
11592,OK,50.800,0.44,16014.499997254461
11593,OK,52.600,0.44,15885.100001469254
11594,OK,41.700,0.44,15925.399959087372
11595,OK,50.000,0.44,15849.400020670146
11596,OK,52.500,0.44,15963.400015607476
11597,OK,49.600,0.44,15945.699997246265
11598,OK,53.300,0.44,15859.999984968454
11599,OK,56.300,0.44,15892.499999608845
11600,OK,48.700,0.44,16001.000010874122
11601,OK,85.000,0.44,15749.800018966198
11602,OK,52.000,0.44,15944.599988870323
11603,OK,53.300,0.44,15933.600021526217
11604,OK,67.300,0.44,15883.499989286065
11605,OK,70.000,0.44,15876.699995715171
11606,OK,62.800,0.44,15885.500004515052
11607,OK,77.000,0.44,15939.09994699061
11608,OK,93.000,0.44,15773.10002176091
11609,OK,66.200,0.44,15926.000021863729
11610,OK,64.800,0.44,15926.300024148077
11611,OK,65.600,0.44,15887.700021266937
11612,OK,69.200,0.44,15893.400006461889
11613,OK,70.500,0.44,15927.499975077808
11614,OK,73.200,0.44,15853.899996727705
11615,OK,62.100,0.44,15903.3999661915
11616,OK,66.600,0.44,15882.600040640682
11617,OK,106.000,0.44,15795.50001770258
11618,OK,55.900,0.44,15908.600005786866
11619,OK,51.900,0.44,15938.099997583777
11620,OK,60.800,0.44,15895.799966529012
11621,OK,65.800,0.44,15961.700002662838
11622,OK,59.500,0.44,15919.300029054284
11623,OK,74.000,0.44,15914.699994027615
11624,OK,67.000,0.44,15884.799999184906
11625,OK,66.800,0.44,15888.200025074184
11626,OK,100.400,0.44,15862.700005527586
11627,OK,70.200,0.44,15895.399963483214
11628,OK,69.400,0.44,15863.50001161918
11629,OK,70.700,0.44,15883.599990047514
11630,OK,73.500,0.44,15927.599975839257
11631,OK,67.100,0.44,15883.199987001717
11632,OK,68.200,0.44,15830.79999545589
11633,OK,55.500,0.44,15986.400016117841
11634,OK,99.800,0.44,15723.899996373802
11635,OK,62.800,0.44,15926.799969747663
11636,OK,50.900,0.44,15905.300038866699
11637,OK,52.900,0.44,15849.400020670146
11638,OK,55.400,0.44,15916.499949526042
11639,OK,71.500,0.44,15912.699978798628
11640,OK,60.400,0.44,15907.799999695271
11641,OK,86.000,0.44,15941.299963742495
11642,OK,83.100,0.44,15781.799971591681
11643,OK,66.500,0.44,15903.299965430051
11644,OK,55.300,0.44,15898.899990133941
11645,OK,57.800,0.44,15970.20000917837
11646,OK,86.800,0.44,15791.799989528954
11647,OK,56.500,0.44,15955.50001366064
11648,OK,76.900,0.44,15888.999972958118
11649,OK,69.700,0.44,15910.500020254403
11650,OK,83.000,0.44,15805.500035639852
11651,OK,60.400,0.44,15933.599963318557
11652,OK,56.100,0.44,15920.899983029813
11653,OK,77.200,0.44,15956.300019752234
11654,OK,66.900,0.44,15817.800012882799
11655,OK,85.100,0.44,15954.500006046146
11656,OK,107.300,0.44,15850.800031330436
11657,OK,91.400,0.44,15862.500004004687
11658,OK,59.600,0.44,15918.499964755028
11659,OK,64.900,0.44,15887.30001822114
11660,OK,68.000,0.44,15870.100003667176
11661,OK,64.200,0.44,15852.299984544516
11662,OK,67.700,0.44,15901.800012215972
11663,OK,68.300,0.44,15988.300030585378
11664,OK,56.400,0.44,15842.9000293836
11665,OK,111.600,0.44,15819.399966858327
11666,OK,48.100,0.44,15924.800012726337
11667,OK,62.200,0.44,15921.699989121407
11668,OK,67.900,0.44,15850.800031330436
11669,OK,73.900,0.44,15910.600021015853
11670,OK,85.400,0.44,15853.399992920458
11671,OK,67.400,0.44,15959.7999881953
11672,OK,78.400,0.44,15879.399958066642
11673,OK,65.900,0.44,15896.500030066818
11674,OK,63.600,0.44,15908.199944533408
11675,OK,64.300,0.44,15884.499996900558
11676,OK,61.100,0.44,15853.299992159009
11677,OK,82.500,0.44,15890.30004106462
11678,OK,55.100,0.44,15900.999947916716
11679,OK,81.600,0.44,15889.900038018823
11680,OK,56.200,0.44,15913.699986413121
11681,OK,61.700,0.44,15923.099999781698
11682,OK,61.700,0.44,15870.79995078966
11683,OK,69.900,0.44,15855.299949180335
11684,OK,70.400,0.44,16029.199992772192
11685,OK,104.200,0.44,15703.100012615323
11686,OK,109.600,0.44,15744.000033009797
11687,OK,81.500,0.44,15915.099997073412
11688,OK,103.600,0.44,15840.400010347366
11689,OK,101.800,0.44,15855.100005865097
11690,OK,136.300,0.44,15862.300002481788
11691,OK,111.700,0.44,15843.499975744635
11692,OK,141.000,0.44,15715.29998909682
11693,OK,77.800,0.44,15953.599999193102
11694,OK,280.300,0.44,15543.900022748858
11695,OK,152.100,0.44,15792.699996381998
11696,OK,167.600,0.44,15745.899989269674
11697,OK,174.700,0.44,15719.899965915829
11698,OK,143.500,0.44,15829.899988602847
11699,OK,168.100,0.44,15887.900022789836
11700,OK,98.000,0.44,15672.300010919571
11701,OK,116.300,0.44,15576.999983750284
11702,OK,146.300,0.44,15779.300010763109
11703,OK,108.700,0.44,15820.299973711371
11704,OK,124.300,0.44,15813.799982424825
11705,OK,117.000,0.44,15887.000015936792
11706,OK,205.000,0.44,15323.099971283227
11707,OK,117.600,0.44,15784.300048835576
11708,OK,64.900,0.44,15870.600007474422
11709,OK,54.400,0.44,15949.50002618134
11710,OK,85.000,0.44,15881.999977864325
11711,OK,97.600,0.44,15866.900037508458
11712,OK,110.100,0.44,15856.10001347959
11713,OK,66.300,0.44,15869.599999859929
11714,OK,84.500,0.44,15907.399996649474
11715,OK,94.700,0.44,15890.29998285696
11716,OK,157.000,0.44,15696.20001828298
11717,OK,121.900,0.44,15876.89999723807
11718,OK,97.500,0.44,15826.800023205578
11719,OK,76.900,0.44,15875.40004402399
11720,OK,99.800,0.44,15923.099999781698
11721,OK,81.800,0.44,15771.899954415858
11722,OK,111.400,0.44,15841.900021769106
11723,OK,95.700,0.44,15882.600040640682
11724,OK,102.000,0.44,15865.800029132515
11725,OK,100.300,0.44,15790.79998191446
11726,OK,119.200,0.44,15848.80001610145
11727,OK,75.600,0.44,15938.199998345226
11728,OK,187.200,0.44,15607.599983923137
11729,OK,122.100,0.44,15821.800043340772
11730,OK,81.900,0.44,15947.700012475252
11731,OK,70.600,0.44,15882.100036833435
11732,OK,98.800,0.44,15866.599977016449
11733,OK,71.300,0.44,15838.599996641278
11734,OK,72.600,0.44,15854.59994385019
11735,OK,95.200,0.44,15885.799948591739
11736,OK,139.300,0.44,15778.400003910065
11737,OK,125.000,0.44,15877.400001045316
11738,OK,117.200,0.44,15745.400043670088
11739,OK,150.400,0.44,15811.100020073354
11740,OK,122.600,0.44,15876.499994192272
11741,OK,127.800,0.44,15757.900022435933
11742,OK,135.600,0.44,15808.500000275671
11743,OK,139.700,0.44,16489.800007548183
11744,OK,195.300,0.44,15017.000027000904
11745,OK,119.700,0.44,15683.999983593822
11746,OK,168.500,0.44,15745.799988508224
11747,OK,135.200,0.44,15812.200028449297
11748,OK,98.900,0.44,15837.299986742437
11749,OK,108.800,0.44,15831.799944862723
11750,OK,152.800,0.44,15796.200023032725
11751,OK,127.100,0.44,15798.50004054606
11752,OK,129.500,0.44,16852.300032041967
11753,OK,299.700,0.44,14570.600003935397
11754,OK,128.600,0.44,15801.20000289753
11755,OK,114.700,0.44,15704.400022514164
11756,OK,141.100,0.44,15878.50000942126
11757,OK,112.800,0.44,15864.700020756572
11758,OK,104.300,0.44,15776.799991726875
11759,OK,113.300,0.44,17784.800031222403
11760,OK,188.600,0.44,14799.500000663102
11761,OK,108.000,0.44,14827.700040768832
11762,OK,106.600,0.44,15813.399979379028
11763,OK,81.500,0.44,15863.000007811934
11764,OK,99.600,0.44,15830.300049856305
11765,OK,100.100,0.44,15860.799991060048
11766,OK,106.200,0.44,15848.600014578551
11767,OK,113.000,0.44,15825.599955860525
11768,OK,117.800,0.44,15806.999988853931
11769,OK,127.400,0.44,15779.20001000166
11770,OK,129.700,0.44,15815.099992323667
11771,OK,99.600,0.44,15809.600008651614
11772,OK,107.600,0.44,15797.600033693016
11773,OK,107.700,0.44,15821.199980564415
11774,OK,83.000,0.44,15846.700000111014
11775,OK,70.200,0.44,15893.10000417754
11776,OK,71.000,0.44,15902.399958577007
11777,OK,82.400,0.44,15779.20001000166
11778,OK,71.200,0.44,15929.799992591143
11779,OK,123.400,0.44,15761.399990879
11780,OK,67.500,0.44,15894.900017883629
11781,OK,76.200,0.44,15891.100047156215
11782,OK,70.500,0.44,15898.99999089539
11783,OK,82.900,0.44,15894.300013314933
11784,OK,105.200,0.44,15835.3999722749
11785,OK,202.200,0.44,15745.999990031123
11786,OK,102.700,0.44,15901.800012215972
11787,OK,137.100,0.44,15761.200047563761
11788,OK,94.700,0.44,15805.399976670742
11789,OK,55.200,0.44,15941.600024234504
11790,OK,66.700,0.44,15891.299990471452
11791,OK,82.600,0.44,15841.500018723309
11792,OK,71.500,0.44,15881.599974818528
11793,OK,66.100,0.44,15924.20000815764
11794,OK,96.200,0.44,15857.60002490133
11795,OK,115.400,0.44,15787.600015755743
11796,OK,107.500,0.44,15929.999994114041
11797,OK,121.200,0.44,15762.499999254942
11798,OK,110.400,0.44,15872.900024987757
11799,OK,89.800,0.44,15778.200002387166
11800,OK,111.800,0.44,15903.299965430051
11801,OK,137.300,0.44,15580.100007355213
11802,OK,114.700,0.44,15789.599972777069
11803,OK,77.100,0.44,15859.700040891767
11804,OK,88.600,0.44,15880.500024650246
11805,OK,101.300,0.44,15790.800040122122
11806,OK,130.300,0.44,15848.899958655238
11807,OK,85.900,0.44,15904.000028967857
11808,OK,137.400,0.44,15800.499997567385
11809,OK,108.400,0.44,15799.69999147579
11810,OK,72.000,0.44,15883.899992331862
11811,OK,67.900,0.44,15917.800017632544
11812,OK,82.500,0.44,15879.90002008155
11813,OK,158.300,0.44,15787.800017278641
11814,OK,111.700,0.44,15866.999980062246
11815,OK,82.900,0.44,15881.700033787638
11816,OK,102.700,0.44,15857.699967455119
11817,OK,74.900,0.44,15874.0000333637
11818,OK,111.400,0.44,15819.600026588887
11819,OK,115.700,0.44,15816.700004506856
11820,OK,75.100,0.44,15881.600033026189
11821,OK,75.500,0.44,15941.499965265393
11822,OK,120.600,0.44,15791.799989528954
11823,OK,106.200,0.44,15872.700023464859
11824,OK,76.600,0.44,15835.000027436763
11825,OK,75.300,0.44,15978.500014171004
11826,OK,68.800,0.44,15881.800034549087
11827,OK,67.700,0.44,15873.399970587343
11828,OK,68.900,0.44,15906.49998979643
11829,OK,106.300,0.44,15813.899983186275
11830,OK,133.100,0.44,15748.300007544458
11831,OK,85.800,0.44,15815.699996892363
11832,OK,66.700,0.44,16014.799999538809
11833,OK,65.700,0.44,15916.100004687905
11834,OK,70.600,0.44,15851.499978452921
11835,OK,56.100,0.44,15934.900031425059
11836,OK,58.000,0.44,15867.700043600053
11837,OK,64.000,0.44,15888.999972958118
11838,OK,77.500,0.44,15820.799977518618
11839,OK,52.300,0.44,15949.800028465688
11840,OK,95.000,0.44,15952.099987771362
11841,OK,66.600,0.44,15815.299993846565
11842,OK,70.000,0.44,16036.79999243468
11843,OK,213.700,0.44,15563.699998892844
11844,OK,98.900,0.44,15849.199960939586
11845,OK,117.300,0.44,15802.000008989125
11846,OK,81.100,0.44,15836.499980650842
11847,OK,80.500,0.44,15895.899967290461
11848,OK,93.700,0.44,15870.300005190074
11849,OK,70.900,0.44,15879.8000193201
11850,OK,65.400,0.44,15912.799979560077
11851,OK,103.100,0.44,15837.199985980988
11852,OK,82.200,0.44,15896.499971859157
11853,OK,81.300,0.44,15875.199984293431
11854,OK,70.300,0.44,15891.5999927558
11855,OK,94.100,0.44,16080.00003034249
11856,OK,96.100,0.44,15548.300056252629
11857,OK,132.300,0.44,15895.100019406527
11858,OK,118.900,0.44,15757.999964989722
11859,OK,94.500,0.44,15867.99998767674
11860,OK,96.600,0.44,15819.700027350336
11861,OK,74.100,0.44,15890.09998133406
11862,OK,72.000,0.44,15875.999990385026
11863,OK,91.100,0.44,15888.59996991232
11864,OK,116.100,0.44,15846.100053749979
11865,OK,93.700,0.44,15844.799985643476
11866,OK,85.400,0.44,15878.100006375462
11867,OK,118.600,0.44,15849.800023715943
11868,OK,158.100,0.44,15739.299997221678
11869,OK,84.600,0.44,15826.29996119067
11870,OK,63.400,0.44,15947.400010190904
11871,OK,86.900,0.44,15817.299950867891
11872,OK,62.400,0.44,15957.299969159067
11873,OK,63.700,0.44,15846.100053749979
11874,OK,69.800,0.44,15928.90004394576
11875,OK,60.500,0.44,15865.699970163405
11876,OK,78.800,0.44,15938.900003675371
11877,OK,78.400,0.44,15801.800007466227
11878,OK,64.500,0.44,15928.999986499548
11879,OK,98.200,0.44,15876.699995715171
11880,OK,104.900,0.44,15780.60002066195
11881,OK,98.300,0.44,15832.700009923428
11882,OK,101.500,0.44,15890.599985141307
11883,OK,73.900,0.44,15847.800008486956
11884,OK,95.500,0.44,15905.299980659038
11885,OK,103.300,0.44,15851.999982260168
11886,OK,74.200,0.44,15918.900026008487
11887,OK,73.800,0.44,15837.799990549684
11888,OK,73.400,0.44,15890.30004106462
11889,OK,102.200,0.44,15866.999980062246
11890,OK,79.200,0.44,15844.40004080534
11891,OK,112.000,0.44,15901.300008408725
11892,OK,73.000,0.44,15827.900031581521
11893,OK,86.900,0.44,15870.500006712973
11894,OK,68.400,0.44,15896.199969574809
11895,OK,94.000,0.44,15852.700045797974
11896,OK,97.900,0.44,15834.00001982227
11897,OK,60.300,0.44,15909.799956716597
11898,OK,76.900,0.44,15878.200007136911
11899,OK,59.200,0.44,15914.099989458919
11900,OK,96.300,0.44,15850.499970838428
11901,OK,123.800,0.44,15617.50000109896
11902,OK,112.600,0.44,15798.2999808155
11903,OK,128.200,0.44,15818.100015167147
11904,OK,59.300,0.44,15929.400047753006
11905,OK,91.400,0.44,15666.50002496317
11906,OK,95.800,0.44,15789.39997125417
11907,OK,59.400,0.44,15959.7999881953
11908,OK,90.200,0.44,15813.000034540892
11909,OK,66.500,0.44,15930.599998682737
11910,OK,125.400,0.44,15820.300031919032
11911,OK,79.100,0.44,15974.399982951581
11912,OK,132.700,0.44,15617.900004144758
11913,OK,86.200,0.44,15969.300002325326
11914,OK,69.000,0.44,15911.799971945584
11915,OK,72.300,0.44,15857.099962886423
11916,OK,69.100,0.44,15803.899965249002
11917,OK,91.100,0.44,15903.70002668351
11918,OK,67.400,0.44,15897.49997947365
11919,OK,73.600,0.44,15883.799991570413
11920,OK,104.400,0.44,15854.400000534952
11921,OK,73.200,0.44,15871.00001052022
11922,OK,75.700,0.44,15858.100028708577
11923,OK,101.300,0.44,15869.49999909848
11924,OK,71.300,0.44,15841.09995746985
11925,OK,90.600,0.44,15857.500024139881
11926,OK,103.200,0.44,15840.800013393164
11927,OK,100.000,0.44,15859.999984968454
11928,OK,94.300,0.44,15830.99999697879
11929,OK,106.400,0.44,15832.699951715767
11930,OK,95.900,0.44,15881.499974057078
11931,OK,105.400,0.44,15811.600023880601
11932,OK,122.000,0.44,15815.799997653812
11933,OK,110.800,0.44,15860.4999887757
11934,OK,128.000,0.44,15803.800022695214
11935,OK,119.700,0.44,15834.699966944754
11936,OK,108.000,0.44,15815.699996892363
11937,OK,105.100,0.44,15837.799990549684
11938,OK,98.900,0.44,15879.300015512854
11939,OK,107.800,0.44,15801.40000442043
11940,OK,92.100,0.44,15865.00002304092
11941,OK,121.700,0.44,15791.400044690818
11942,OK,100.700,0.44,15843.599976506084
11943,OK,100.800,0.44,15853.19999139756
11944,OK,69.400,0.44,15911.900030914694
11945,OK,98.500,0.44,15830.699994694442
11946,OK,96.200,0.44,15861.699997913092
11947,OK,94.500,0.44,15841.700020246208
11948,OK,97.000,0.44,15857.70002566278
11949,OK,96.200,0.44,15898.200043011457
11950,OK,109.400,0.44,15817.70001212135
11951,OK,112.000,0.44,15870.200004428625
11952,OK,140.700,0.44,15778.000000864267
11953,OK,80.900,0.44,15886.300010606647
11954,OK,100.200,0.44,15813.399979379028
11955,OK,80.300,0.44,15866.499976255
11956,OK,105.100,0.44,15827.299968805164
11957,OK,94.000,0.44,15842.300024814904
11958,OK,69.400,0.44,15909.60001340136
11959,OK,115.800,0.44,15818.800020497292
11960,OK,119.200,0.44,15786.200005095452
11961,OK,72.200,0.44,15894.60001559928
11962,OK,111.000,0.44,15814.099984709173
11963,OK,87.800,0.44,15894.500014837831
11964,OK,96.400,0.44,15838.599996641278
11965,OK,72.700,0.44,15874.200034886599
11966,OK,88.100,0.44,15898.799989372492
11967,OK,75.800,0.44,15988.299972377717
11968,OK,81.100,0.44,15792.699996381998
11969,OK,102.000,0.44,15880.500024650246
11970,OK,120.900,0.44,15821.099979802966
11971,OK,117.400,0.44,15768.500044941902
11972,OK,103.900,0.44,15919.79997465387
11973,OK,104.200,0.44,15782.699978444725
11974,OK,93.800,0.44,15842.80002862215
11975,OK,99.200,0.44,15879.700018558651
11976,OK,80.000,0.44,15841.09995746985
11977,OK,92.000,0.44,15795.700019225478
11978,OK,75.000,0.44,15918.899967800826
11979,OK,95.200,0.44,15876.99999799952
11980,OK,102.400,0.44,15844.499983359128
11981,OK,133.500,0.44,15786.200005095452
11982,OK,80.300,0.44,15837.699989788234
11983,OK,95.300,0.44,15866.39997549355
11984,OK,69.600,0.44,15886.600012890995
11985,OK,64.500,0.44,15907.599998172373
11986,OK,63.900,0.44,15894.300013314933
11987,OK,56.100,0.44,15975.699992850423
11988,OK,66.000,0.44,15865.900029893965
11989,OK,61.800,0.44,15918.50002296269
11990,OK,62.100,0.44,15897.100034635514
11991,OK,64.200,0.44,15898.500045295805
11992,OK,67.000,0.44,15809.600008651614
11993,OK,64.400,0.44,15978.199953678995
11994,OK,60.700,0.44,15801.000001374632
11995,OK,85.900,0.44,15974.100038874894
11996,OK,70.100,0.44,15898.099984042346
11997,OK,83.200,0.44,15822.299988940358
11998,OK,67.400,0.44,15810.599958058447
11999,OK,60.100,0.44,16006.199992261827
12000,OK,72.200,0.44,15893.10000417754
12001,OK,65.000,0.44,15719.399962108582
12002,OK,106.700,0.44,15868.199989199638
12003,OK,78.200,0.44,15852.999989874661
12004,OK,101.900,0.44,15897.899982519448
12005,OK,55.900,0.44,15896.799974143505
12006,OK,52.300,0.44,15913.99998869747
12007,OK,45.300,0.44,15955.000009853393
12008,OK,41.900,0.44,15992.50000435859
12009,OK,69.700,0.44,15791.200043167919
12010,OK,58.300,0.44,15902.399958577007
12011,OK,50.800,0.44,15942.499972879887
12012,OK,63.600,0.44,15883.999993093312
12013,OK,52.500,0.44,15928.70004242286
12014,OK,77.000,0.44,15874.499978963286
12015,OK,143.700,0.44,15704.600024037063
12016,OK,86.800,0.44,15949.39996721223
12017,OK,65.100,0.44,15877.600002568215
12018,OK,66.100,0.44,15904.400032013655
12019,OK,69.200,0.44,15908.700006548315
12020,OK,70.100,0.44,15889.799979049712
12021,OK,68.100,0.44,15885.100001469254
12022,OK,62.400,0.44,15870.700008235872
12023,OK,55.100,0.44,15892.499999608845
12024,OK,102.800,0.44,15858.900034800172
12025,OK,152.400,0.44,15801.800007466227
12026,OK,101.300,0.44,15862.400003243238
12027,OK,80.500,0.44,15924.500010441989
12028,OK,58.900,0.44,15859.299979638308
12029,OK,124.700,0.44,15739.999944344163
12030,OK,84.700,0.44,15960.699995048344
12031,OK,59.500,0.44,15929.499990306795
12032,OK,66.400,0.44,15890.899987425655
12033,OK,85.100,0.44,15861.299994867295
12034,OK,103.100,0.44,15772.400016430765
12035,OK,92.700,0.44,15913.499984890223
12036,OK,68.500,0.44,15886.999957729131
12037,OK,63.100,0.44,15901.300008408725
12038,OK,69.700,0.44,15862.300002481788
12039,OK,64.500,0.44,15935.399977024645
12040,OK,87.900,0.44,15866.100031416863
12041,OK,59.500,0.44,15842.500026337802
12042,OK,108.100,0.44,15841.699962038547
12043,OK,97.800,0.44,15903.60002592206
12044,OK,69.300,0.44,15853.299992159009
12045,OK,91.900,0.44,15854.199999012053
12046,OK,93.000,0.44,15889.399976003915
12047,OK,71.100,0.44,15919.999976176769
12048,OK,100.600,0.44,15752.39998055622
12049,OK,98.900,0.44,15846.199996303767
12050,OK,92.800,0.44,15844.499983359128
12051,OK,94.200,0.44,15852.700045797974
12052,OK,96.800,0.44,15871.400013566017
12053,OK,105.800,0.44,15826.799964997917
12054,OK,88.600,0.44,15881.900035310537
12055,OK,98.000,0.44,15853.399992920458
12056,OK,102.600,0.44,15853.999997489154
12057,OK,100.100,0.44,15854.60000205785
12058,OK,92.200,0.44,15825.200011022389
12059,OK,102.300,0.44,15949.200023896992
12060,OK,96.000,0.44,15916.000003926456
12061,OK,97.000,0.44,15764.40001372248
12062,OK,60.900,0.44,15876.699995715171
12063,OK,98.800,0.44,15836.299979127944
12064,OK,103.000,0.44,15832.600009161979
12065,OK,136.400,0.44,15772.100014146417
12066,OK,102.600,0.44,15837.099985219538
12067,OK,78.100,0.44,15894.60001559928
12068,OK,103.700,0.44,15870.100003667176
12069,OK,86.600,0.44,15856.499958317727
12070,OK,82.100,0.44,15866.599977016449
12071,OK,82.800,0.44,15856.09995527193
12072,OK,71.400,0.44,15953.399997670203
12073,OK,68.800,0.44,15859.699982684106
12074,OK,56.800,0.44,15917.800017632544
12075,OK,51.600,0.44,15906.999993603677
12076,OK,65.300,0.44,15960.399992763996
12077,OK,65.800,0.44,15899.499994702637
12078,OK,177.300,0.44,15669.6000485681
12079,OK,74.300,0.44,15933.299961034209
12080,OK,56.700,0.44,15918.29996323213
12081,OK,76.400,0.44,15882.399980910122
12082,OK,55.900,0.44,15929.999994114041
12083,OK,75.900,0.44,15885.600005276501
12084,OK,62.100,0.44,15880.199964158237
12085,OK,70.600,0.44,15884.899999946356
12086,OK,146.500,0.44,15768.899989780039
12087,OK,102.000,0.44,15858.299972023815
12088,OK,65.700,0.44,15901.400009170175
12089,OK,80.600,0.44,15814.59998851642
12090,OK,65.600,0.44,15925.79996213317
12091,OK,64.600,0.44,15876.699995715171
12092,OK,64.200,0.44,15887.09995849058
12093,OK,72.900,0.44,15926.400024909526
12094,OK,60.900,0.44,15908.00000121817
12095,OK,55.400,0.44,15881.200029980391
12096,OK,89.200,0.44,15906.900051049888
12097,OK,68.400,0.44,15887.30001822114
12098,OK,45.600,0.44,15945.899998769164
12099,OK,54.300,0.44,15937.199990730733
12100,OK,46.400,0.44,15881.099971011281
12101,OK,85.200,0.44,15671.00000102073
12102,OK,87.900,0.44,16179.299971554428
12103,OK,54.200,0.44,15881.800034549087
12104,OK,63.200,0.44,16018.700029235333
12105,OK,81.100,0.44,15221.700014080852
12106,OK,157.100,0.44,15681.100019719452
12107,OK,168.400,0.44,15485.999989323318
12108,OK,87.600,0.44,15899.500052910298
12109,OK,74.900,0.44,16348.899982403964
12110,OK,65.000,0.44,15547.699993476272
12111,OK,85.000,0.44,15780.400019139051
12112,OK,90.400,0.44,15856.199956033379
12113,OK,118.200,0.44,15840.100008063018
12114,OK,68.300,0.44,16260.900010820478
12115,OK,61.900,0.44,15564.800007268786
12116,OK,55.100,0.44,15945.999999530613
12117,OK,46.100,0.44,15990.399988368154
12118,OK,70.500,0.44,15928.299981169403
12119,OK,109.900,0.44,15693.699999246746
12120,OK,139.800,0.44,15704.900026321411
12121,OK,73.200,0.44,15919.100027531385
12122,OK,53.000,0.44,15880.099963396788
12123,OK,62.800,0.44,15843.999979551882
12124,OK,54.300,0.44,16097.899992018938
12125,OK,137.800,0.44,15697.000024374574
12126,OK,70.500,0.44,15872.999967541546
12127,OK,64.900,0.44,15859.399980399758
12128,OK,71.000,0.44,15928.199980407953
12129,OK,53.900,0.44,15966.399980243295
12130,OK,55.200,0.44,15865.500026848167
12131,OK,56.300,0.44,15927.800035569817
12132,OK,58.100,0.44,15879.600017797202
12133,OK,58.000,0.44,15972.100023645908
12134,OK,73.800,0.44,15895.899967290461
12135,OK,61.300,0.44,15831.800003070384
12136,OK,80.100,0.44,15947.300009429455
12137,OK,78.400,0.44,15923.200000543147
12138,OK,68.800,0.44,15805.399976670742
12139,OK,78.500,0.44,15946.700004860759
12140,OK,66.400,0.44,15825.200011022389
12141,OK,94.800,0.44,15913.79998717457
12142,OK,72.000,0.44,15888.200025074184
12143,OK,58.400,0.44,15837.199985980988
12144,OK,55.700,0.44,15909.000008832663
12145,OK,55.700,0.44,15910.699963569641
12146,OK,54.600,0.44,15986.599959433079
12147,OK,64.500,0.44,15922.299993690103
12148,OK,84.400,0.44,15806.699986569583
12149,OK,64.300,0.44,15932.200010865927
12150,OK,55.100,0.44,15887.800022028387
12151,OK,77.000,0.44,15887.999965343624
12152,OK,88.500,0.44,15852.599986828864
12153,OK,74.300,0.44,15916.79995181039
12154,OK,55.600,0.44,15827.299968805164
12155,OK,39.200,0.44,16019.09997407347
12156,OK,46.100,0.44,15916.600008495152
12157,OK,48.100,0.44,15922.199992928654
12158,OK,51.000,0.44,15874.399978201836
12159,OK,55.200,0.44,15949.39996721223
12160,OK,50.900,0.44,15831.199998501688
12161,OK,49.000,0.44,16023.000003769994
12162,OK,56.800,0.44,15909.599955193698
12163,OK,53.600,0.44,15950.000029988587
12164,OK,130.700,0.44,15721.099975053221
12165,OK,72.800,0.44,15869.39999833703
12166,OK,73.400,0.44,15883.899992331862
12167,OK,63.700,0.44,15887.499961536378
12168,OK,106.800,0.44,15891.099988948554
12169,OK,54.600,0.44,15950.600034557283
12170,OK,60.000,0.44,15910.300018731505
12171,OK,65.500,0.44,15902.500017546117
12172,OK,66.500,0.44,15897.500037681311
12173,OK,64.300,0.44,15822.999994270504
12174,OK,70.900,0.44,15978.300012648106
12175,OK,67.000,0.44,15828.900039196014
12176,OK,89.500,0.44,15876.099991146475
12177,OK,72.100,0.44,15862.900007050484
12178,OK,77.600,0.44,15845.199988689274
12179,OK,58.300,0.44,15950.900036841631
12180,OK,93.200,0.44,15814.999991562217
12181,OK,52.700,0.44,16006.299993023276
12182,OK,49.900,0.44,15932.699956465513
12183,OK,63.200,0.44,15912.099974229932
12184,OK,66.600,0.44,15895.499964244664
12185,OK,67.700,0.44,15880.399965681136
12186,OK,66.900,0.44,15862.10000095889
12187,OK,71.400,0.44,15868.0000458844
12188,OK,60.900,0.44,15895.800024736673
12189,OK,56.500,0.44,15901.700011454523
12190,OK,60.200,0.44,15933.400020003319
12191,OK,124.300,0.44,15822.599991224706
12192,OK,87.900,0.44,15847.799950279295
12193,OK,67.600,0.44,15825.300011783838
12194,OK,50.700,0.44,16043.399984482676
12195,OK,57.300,0.44,15873.099968302995
12196,OK,54.500,0.44,15910.300018731505
12197,OK,60.100,0.44,15875.39998581633
12198,OK,55.200,0.44,15934.399969410151
12199,OK,59.400,0.44,15897.300036158413
12200,OK,81.600,0.44,15904.799976851791
12201,OK,82.200,0.44,15858.699975069612
12202,OK,61.900,0.44,15870.200004428625
12203,OK,58.400,0.44,15824.100002646446
12204,OK,73.500,0.44,15941.600024234504
12205,OK,67.800,0.44,15883.599990047514
12206,OK,61.100,0.44,15901.199949439615
12207,OK,63.200,0.44,15866.599977016449
12208,OK,86.800,0.44,15919.299970846623
12209,OK,63.000,0.44,15918.50002296269
12210,OK,61.900,0.44,15921.800048090518
12211,OK,54.700,0.44,15873.699972871691
12212,OK,53.300,0.44,15933.599963318557
12213,OK,51.200,0.44,15921.499987598509
12214,OK,43.100,0.44,15933.900023810565
12215,OK,48.700,0.44,15929.499990306795
12216,OK,53.300,0.44,15894.60001559928
12217,OK,66.500,0.44,15941.700024995953
12218,OK,77.600,0.44,15896.000026259571
12219,OK,70.100,0.44,15913.699986413121
12220,OK,74.000,0.44,15875.29998505488
12221,OK,69.900,0.44,15880.100021604449
12222,OK,68.500,0.44,15889.999980572611
12223,OK,72.300,0.44,15900.60000307858
12224,OK,94.700,0.44,15817.000006791204
12225,OK,92.000,0.44,15827.200026251376
12226,OK,64.900,0.44,15920.499979984015
12227,OK,70.300,0.44,15915.50000011921
12228,OK,84.400,0.44,15776.899992488325
12229,OK,82.200,0.44,15961.700002662838
12230,OK,61.200,0.44,15840.700012631714
12231,OK,61.000,0.44,15931.300004012883
12232,OK,65.300,0.44,15894.400014076382
12233,OK,102.400,0.44,15856.10001347959
12234,OK,75.700,0.44,15886.899956967682
12235,OK,94.400,0.44,15929.700050037354
12236,OK,101.500,0.44,15765.600022859871
12237,OK,86.800,0.44,15978.100011125207
12238,OK,104.100,0.44,15722.700045444071
12239,OK,60.900,0.44,15922.599995974451
12240,OK,55.900,0.44,15911.300026345998
12241,OK,53.700,0.44,15930.19999563694
12242,OK,54.900,0.44,15926.500025670975
12243,OK,58.200,0.44,15859.10003632307
12244,OK,44.800,0.44,15893.20000493899
12245,OK,41.800,0.44,15958.900039549917
12246,OK,45.400,0.44,15916.80001001805
12247,OK,41.500,0.44,15934.799972455949
12248,OK,47.300,0.44,15931.200003251433
12249,OK,59.600,0.44,15928.999986499548
12250,OK,48.600,0.44,15931.000001728535
12251,OK,53.900,0.44,15910.199959762394
12252,OK,51.300,0.44,15880.199964158237
12253,OK,64.300,0.44,15915.800002403557
12254,OK,58.700,0.44,15910.099959000945
12255,OK,87.900,0.44,15886.600012890995
12256,OK,103.100,0.44,15795.800019986928
12257,OK,85.800,0.44,15893.000003416091
12258,OK,96.600,0.44,15909.599955193698
12259,OK,78.700,0.44,15890.900045633316
12260,OK,73.800,0.44,15819.699969142675
12261,OK,112.500,0.44,15844.50004156679
12262,OK,68.800,0.44,15847.20000391826
12263,OK,85.200,0.44,15854.099998250604
12264,OK,73.400,0.44,15953.499998431653
12265,OK,144.100,0.44,15703.60001642257
12266,OK,60.400,0.44,15933.30001924187
12267,OK,58.100,0.44,15884.599997662008
12268,OK,44.400,0.44,15928.299981169403
12269,OK,47.400,0.44,15900.70000384003
12270,OK,61.300,0.44,15992.800006642938
12271,OK,77.300,0.44,15886.300010606647
12272,OK,74.100,0.44,15829.199983272702
12273,OK,190.800,0.44,15760.399983264506
12274,OK,87.100,0.44,15798.899985384196
12275,OK,69.500,0.44,15885.400003753603
12276,OK,64.900,0.44,16006.299993023276
12277,OK,107.300,0.44,15732.400002889335
12278,OK,78.100,0.44,15995.700028724968
12279,OK,64.900,0.44,15852.899989113212
12280,OK,80.900,0.44,15833.800018299371
12281,OK,77.500,0.44,15862.900007050484
12282,OK,86.200,0.44,15890.799986664206
12283,OK,86.600,0.44,15824.700007215142
12284,OK,90.900,0.44,15919.79997465387
12285,OK,75.000,0.44,15867.100039031357
12286,OK,76.000,0.44,15846.099995542318
12287,OK,69.600,0.44,15931.300004012883
12288,OK,135.000,0.44,15795.900020748377
12289,OK,104.300,0.44,15757.400018628687
12290,OK,95.000,0.44,15834.299963898957
12291,OK,73.700,0.44,15891.500050202012
12292,OK,91.000,0.44,15872.50002194196
12293,OK,93.400,0.44,15859.600040130317
12294,OK,92.900,0.44,15858.700033277273
12295,OK,90.200,0.44,15828.899980988353
12296,OK,97.600,0.44,15920.499979984015
12297,OK,107.700,0.44,15755.200001876801
12298,OK,92.600,0.44,15901.000006124377
12299,OK,67.000,0.44,15894.400014076382
12300,OK,70.900,0.44,15855.89995374903
12301,OK,94.100,0.44,15725.400007795542
12302,OK,369.500,0.44,15491.399972233921
12303,OK,70.700,0.44,15830.000047571957
12304,OK,63.900,0.44,15885.400003753603
12305,OK,88.800,0.44,15760.900045279413
12306,OK,103.800,0.44,15894.699958153069
12307,OK,104.300,0.44,15860.100043937564
12308,OK,142.200,0.44,15720.00002488494
12309,OK,111.000,0.44,15812.700032256544
12310,OK,51.700,0.44,15905.00003658235
12311,OK,40.900,0.44,15963.199955876917
12312,OK,44.700,0.44,15906.699991319329
12313,OK,48.900,0.44,15933.30001924187
12314,OK,57.300,0.44,15946.599945891649
12315,OK,59.500,0.44,15899.699996225536
12316,OK,66.700,0.44,15873.199969064444
12317,OK,70.200,0.44,15916.100004687905
12318,OK,100.200,0.44,15858.900034800172
12319,OK,71.700,0.44,15909.50001263991
12320,OK,79.800,0.44,15802.600013557822
12321,OK,98.200,0.44,15877.700003329664
12322,OK,66.200,0.44,15900.200000032783
12323,OK,87.300,0.44,15827.100025489926
12324,OK,63.300,0.44,15914.899995550513
12325,OK,65.700,0.44,15900.800004601479
12326,OK,66.600,0.44,15937.59999377653
12327,OK,162.600,0.44,15732.500003650784
12328,OK,113.600,0.44,15867.799986153841
12329,OK,73.900,0.44,15889.499976765364
12330,OK,75.700,0.44,15871.200012043118
12331,OK,64.900,0.44,15870.800008997321
12332,OK,62.300,0.44,15929.199988022447
12333,OK,66.800,0.44,15890.100039541721
12334,OK,55.400,0.44,15894.000011030585
12335,OK,88.500,0.44,15894.500014837831
12336,OK,70.600,0.44,15893.000003416091
12337,OK,67.600,0.44,15886.300010606647
12338,OK,60.000,0.44,15968.000050634146
12339,OK,137.100,0.44,15723.100048489869
12340,OK,63.800,0.44,15843.299974221736
12341,OK,52.700,0.44,16132.000018842518
12342,OK,88.800,0.44,15859.199978876859
12343,OK,96.000,0.44,15886.200009845197
12344,OK,115.400,0.44,15716.299996711314
12345,OK,111.300,0.44,16185.399959795177
12346,OK,180.100,0.44,15431.699983309954
12347,OK,130.900,0.44,15720.799972768873
12348,OK,70.000,0.44,15862.00000019744
12349,OK,64.000,0.44,15899.299993179739
12350,OK,49.200,0.44,15994.500019587576
12351,OK,50.800,0.44,16019.499977119267
12352,OK,61.900,0.44,15716.90000128001
12353,OK,62.600,0.44,16264.700039755553
12354,OK,70.000,0.44,15501.89999397844
12355,OK,78.300,0.44,15927.000029478222
12356,OK,114.200,0.44,15844.09998031333
12357,OK,129.900,0.44,15703.099954407662
12358,OK,75.800,0.44,15767.30003580451
12359,OK,47.700,0.44,16084.600007161498
12360,OK,60.600,0.44,15819.899970665574
12361,OK,50.000,0.44,15956.100018229336
12362,OK,52.100,0.44,15917.600016109645
12363,OK,53.400,0.44,15877.900004852563
12364,OK,59.600,0.44,15914.599993266165
12365,OK,77.100,0.44,15827.800030820072
12366,OK,59.800,0.44,16026.200028136373
12367,OK,84.600,0.44,15845.499990973622
12368,OK,74.400,0.44,15883.999993093312
12369,OK,71.500,0.44,15806.000039447099
12370,OK,59.200,0.44,16005.999990738928
12371,OK,73.700,0.44,15856.10001347959
12372,OK,77.100,0.44,15894.500014837831
12373,OK,65.300,0.44,15915.900003165007
12374,OK,58.900,0.44,15859.899984207004
12375,OK,36.600,0.44,16019.600036088377
12376,OK,54.000,0.44,15826.700022444129
12377,OK,38.100,0.44,15969.300002325326
12378,OK,48.400,0.44,15885.100001469254
12379,OK,51.200,0.44,15959.999989718199
12380,OK,54.000,0.44,15929.399989545345
12381,OK,52.600,0.44,15907.199995126575
12382,OK,59.600,0.44,15916.000003926456
12383,OK,50.400,0.44,15941.000019665807
12384,OK,54.800,0.44,15892.099996563047
12385,OK,60.000,0.44,15806.600044015795
12386,OK,68.900,0.44,16009.799961466342
12387,OK,57.400,0.44,15910.500020254403
12388,OK,52.900,0.44,15914.599993266165
12389,OK,57.100,0.44,15897.899982519448
12390,OK,59.900,0.44,15994.299959857017
12391,OK,170.900,0.44,15641.999954823405
12392,OK,55.700,0.44,15894.300013314933
12393,OK,49.700,0.44,15877.199999522418
12394,OK,54.800,0.44,15928.6999842152
12395,OK,54.300,0.44,15927.800035569817
12396,OK,74.200,0.44,15879.499958828092
12397,OK,56.900,0.44,15900.200000032783
12398,OK,61.300,0.44,15952.799993101507
12399,OK,74.100,0.44,15896.799974143505
12400,OK,67.200,0.44,15853.599994443357
12401,OK,52.600,0.44,15876.000048592687
12402,OK,52.800,0.44,15905.699983704835
12403,OK,53.300,0.44,15914.599993266165
12404,OK,57.400,0.44,15859.600040130317
12405,OK,57.000,0.44,15906.59999055788
12406,OK,61.100,0.44,15899.499994702637
12407,OK,57.700,0.44,15939.700009766966
12408,OK,89.700,0.44,15836.599981412292
12409,OK,68.700,0.44,15880.900027696043
12410,OK,61.800,0.44,15899.399993941188
12411,OK,68.600,0.44,15932.100010104477
12412,OK,66.300,0.44,15945.799998007715
12413,OK,60.800,0.44,15890.599985141307
12414,OK,66.200,0.44,15921.800048090518
12415,OK,66.300,0.44,15852.500044275075
12416,OK,73.500,0.44,15932.200010865927
12417,OK,66.500,0.44,15892.099996563047
12418,OK,57.200,0.44,15912.49997727573
12419,OK,58.100,0.44,15854.900004342198
12420,OK,53.900,0.44,15911.599970422685
12421,OK,63.300,0.44,15914.699994027615
12422,OK,60.800,0.44,15917.200013063848
12423,OK,65.000,0.44,15909.700014162809
12424,OK,83.500,0.44,15877.199999522418
12425,OK,80.200,0.44,15852.499986067414
12426,OK,102.700,0.44,15833.79996009171
12427,OK,76.000,0.44,15835.200028959662
12428,OK,70.500,0.44,15988.00002830103
12429,OK,59.200,0.44,15910.99996585399
12430,OK,61.400,0.44,15904.400032013655
12431,OK,89.600,0.44,15782.199974637479
12432,OK,64.400,0.44,15949.100023135543
12433,OK,106.200,0.44,15797.599975485355
12434,OK,87.100,0.44,15859.000035561621
12435,OK,57.200,0.44,15991.399995982647
12436,OK,63.400,0.44,15807.899995706975
12437,OK,66.800,0.44,15899.699996225536
12438,OK,58.000,0.44,15933.799964841455
12439,OK,107.700,0.44,15909.300011117011
12440,OK,76.400,0.44,15826.899965759367
12441,OK,93.400,0.44,15842.099965084344
12442,OK,118.200,0.44,15852.699987590313
12443,OK,68.300,0.44,15935.699979308993
12444,OK,68.500,0.44,15877.500001806766
12445,OK,68.400,0.44,15928.80004318431
12446,OK,67.100,0.44,15874.799981247634
12447,OK,67.900,0.44,15882.500039879233
12448,OK,73.100,0.44,15870.000002905726
12449,OK,91.700,0.44,15913.299983367324
12450,OK,91.300,0.44,15833.600016776472
12451,OK,159.000,0.44,15632.899943739176
12452,OK,57.800,0.44,15977.000002749264
12453,OK,88.200,0.44,15829.49998555705
12454,OK,91.000,0.44,15882.79998395592
12455,OK,105.300,0.44,15780.200017616153
12456,OK,52.900,0.44,15937.59999377653
12457,OK,64.800,0.44,15895.700023975223
12458,OK,52.200,0.44,15911.199967376888
12459,OK,48.500,0.44,15881.999977864325
12460,OK,62.300,0.44,15921.29998607561
12461,OK,64.100,0.44,15886.000008322299
12462,OK,52.500,0.44,15937.099989969283
12463,OK,52.700,0.44,15913.89998793602
12464,OK,53.600,0.44,15921.30004428327
12465,OK,53.800,0.44,15921.599988359958
12466,OK,60.600,0.44,15915.099997073412
12467,OK,63.600,0.44,15885.90000756085
12468,OK,54.800,0.44,15921.799989882857
12469,OK,79.300,0.44,15889.299975242466
12470,OK,71.400,0.44,15839.200001209974
12471,OK,50.700,0.44,15899.20005062595
12472,OK,55.400,0.44,15992.800006642938
12473,OK,58.400,0.44,15895.399963483214
12474,OK,57.000,0.44,15877.800004091114
12475,OK,67.000,0.44,15902.099956292659
12476,OK,58.800,0.44,15997.599984984845
12477,OK,57.700,0.44,15924.599952995777
12478,OK,72.700,0.44,15864.500019233674
12479,OK,65.300,0.44,15788.099961355329
12480,OK,51.600,0.44,15961.40000037849
12481,OK,48.500,0.44,15929.999994114041
12482,OK,66.600,0.44,15903.300023637712
12483,OK,51.700,0.44,15980.200027115643
12484,OK,116.100,0.44,15809.99995348975
12485,OK,65.800,0.44,15887.600020505488
12486,OK,57.400,0.44,15920.899983029813
12487,OK,75.100,0.44,15885.100001469254
12488,OK,70.400,0.44,15911.700029391795
12489,OK,71.700,0.44,15856.699959840626
12490,OK,70.400,0.44,15918.40002220124
12491,OK,79.400,0.44,15781.599970068783
12492,OK,68.900,0.44,15925.600018817931
12493,OK,154.000,0.44,15792.899997904897
12494,OK,76.700,0.44,15907.699998933822
12495,OK,59.100,0.44,15930.29999639839
12496,OK,66.000,0.44,15883.899992331862
12497,OK,58.700,0.44,15932.000009343028
12498,OK,64.000,0.44,15873.499971348792
12499,OK,61.700,0.44,15930.599998682737
12500,OK,66.000,0.44,15894.900017883629
12501,OK,108.800,0.44,15742.20001930371
12502,OK,67.000,0.44,15838.899998925626
12503,OK,80.100,0.44,15862.600004766136
12504,OK,80.500,0.44,15884.799999184906
12505,OK,99.900,0.44,15716.599998995662
12506,OK,73.400,0.44,15849.800023715943
12507,OK,64.000,0.44,15957.899973727763
12508,OK,79.600,0.44,15947.000007145107
12509,OK,73.400,0.44,15851.300035137683
12510,OK,55.700,0.44,15844.200039282441
12511,OK,76.800,0.44,15879.8000193201
12512,OK,85.700,0.44,15894.000011030585
12513,OK,70.100,0.44,15839.899948332459
12514,OK,91.800,0.44,15888.500027358532
12515,OK,67.700,0.44,15876.89999723807
12516,OK,99.300,0.44,15898.600046057254
12517,OK,76.900,0.44,15830.99999697879
12518,OK,107.000,0.44,15876.199991907924
12519,OK,104.900,0.44,15913.399984128773
12520,OK,94.500,0.44,15763.500006869435
12521,OK,103.300,0.44,15852.199983783066
12522,OK,91.200,0.44,15827.399969566613
12523,OK,86.300,0.44,15918.19996247068
12524,OK,95.600,0.44,15858.300030231476
12525,OK,97.400,0.44,15836.599981412292
12526,OK,91.100,0.44,15844.000037759542
12527,OK,79.400,0.44,15880.700026173145
12528,OK,92.000,0.44,15858.300030231476
12529,OK,98.600,0.44,15845.099987927824
12530,OK,92.200,0.44,15853.000048082322
12531,OK,102.000,0.44,15884.30005358532
12532,OK,107.900,0.44,15816.400002222508
12533,OK,108.200,0.44,15847.20000391826
12534,OK,108.100,0.44,15817.49995239079
12535,OK,110.600,0.44,15881.599974818528
12536,OK,77.300,0.44,15798.2999808155
12537,OK,105.000,0.44,15943.199978210032
12538,OK,144.300,0.44,15700.59999357909
12539,OK,100.200,0.44,15866.39997549355
12540,OK,62.200,0.44,15898.399986326694
12541,OK,47.100,0.44,15907.499997410923
12542,OK,40.000,0.44,15926.100022625178
12543,OK,45.800,0.44,15997.899987269193
12544,OK,45.900,0.44,15929.199988022447
12545,OK,45.800,0.44,15893.10000417754
12546,OK,55.700,0.44,15913.300041574985
12547,OK,54.300,0.44,15915.900003165007
12548,OK,144.700,0.44,15754.099993500859
12549,OK,58.400,0.44,15841.900021769106
12550,OK,60.800,0.44,15984.099998604506
12551,OK,71.100,0.44,15923.500002827495
12552,OK,74.700,0.44,15868.600050453097
12553,OK,57.700,0.44,15948.799962643534
12554,OK,118.100,0.44,15788.400021847337
12555,OK,102.100,0.44,15822.499990463257
12556,OK,69.800,0.44,15931.900008581579
12557,OK,65.500,0.44,15853.20004960522
12558,OK,68.100,0.44,15943.299978971481
12559,OK,65.300,0.44,15921.099984552711
12560,OK,78.000,0.44,15839.600004255772
12561,OK,73.900,0.44,15843.700035475194
12562,OK,56.800,0.44,15978.600014932454
12563,OK,55.400,0.44,15865.499968640506
12564,OK,51.400,0.44,15918.499964755028
12565,OK,58.800,0.44,15907.89994224906
12566,OK,54.000,0.44,15890.599985141307
12567,OK,57.900,0.44,15958.300034981221
12568,OK,85.500,0.44,15868.799993768334
12569,OK,61.500,0.44,15905.500040389597
12570,OK,64.800,0.44,15909.900015685707
12571,OK,93.900,0.44,15832.900011446327
12572,OK,80.900,0.44,15864.500019233674
12573,OK,73.000,0.44,16061.700007412583
12574,OK,76.200,0.44,15813.999983947724
12575,OK,70.000,0.44,15857.300022616982
12576,OK,78.000,0.44,15736.0999728553
12577,OK,107.000,0.44,16019.400034565479
12578,OK,75.000,0.44,15738.499991130084
12579,OK,62.500,0.44,16173.09998255223
12580,OK,55.000,0.44,15587.399946525693
12581,OK,69.300,0.44,16190.700000151992
12582,OK,89.400,0.44,15644.19997157529
12583,OK,113.300,0.44,15819.800028111786
12584,OK,115.000,0.44,15739.19999646023
12585,OK,83.100,0.44,15922.8999982588
12586,OK,118.800,0.44,15761.1999893561
12587,OK,53.900,0.44,15853.000048082322
12588,OK,48.400,0.44,15965.7999756746
12589,OK,56.200,0.44,15921.19998531416
12590,OK,52.000,0.44,15912.29997575283
12591,OK,70.000,0.44,15961.600001901388
12592,OK,57.700,0.44,15821.400040294975
12593,OK,91.500,0.44,15937.099989969283
12594,OK,54.800,0.44,15878.100006375462
12595,OK,66.200,0.44,15910.89996509254
12596,OK,53.400,0.44,15871.300012804568
12597,OK,49.100,0.44,15965.100028552115
12598,OK,48.600,0.44,15911.799971945584
12599,OK,49.000,0.44,15954.900009091944
12600,OK,68.900,0.44,15875.799988862127
12601,OK,69.200,0.44,15837.299986742437
12602,OK,82.100,0.44,15893.20000493899
12603,OK,72.000,0.44,15867.299982346594
12604,OK,52.200,0.44,15882.599982433021
12605,OK,54.200,0.44,15953.699999954551
12606,OK,53.900,0.44,15864.000015426427
12607,OK,41.000,0.44,15973.800036590546
12608,OK,55.200,0.44,15950.199973303825
12609,OK,54.200,0.44,15868.399990722537
12610,OK,44.500,0.44,15940.70001738146
12611,OK,48.900,0.44,15917.500015348196
12612,OK,43.400,0.44,15955.600014422089
12613,OK,52.200,0.44,15867.600042838603
12614,OK,49.200,0.44,15921.50004580617
12615,OK,57.800,0.44,15932.700014673173
12616,OK,63.000,0.44,15817.999956198037
12617,OK,68.100,0.44,15904.99997837469
12618,OK,57.100,0.44,15968.299994710833
12619,OK,60.400,0.44,15820.59997599572
12620,OK,80.400,0.44,15989.799983799458
12621,OK,55.500,0.44,15917.500015348196
12622,OK,60.800,0.44,15869.599999859929
12623,OK,77.000,0.44,15906.099986750633
12624,OK,63.800,0.44,15906.49998979643
12625,OK,62.400,0.44,15915.900003165007
12626,OK,67.900,0.44,15906.39998903498
12627,OK,59.800,0.44,15901.600010693073
12628,OK,56.700,0.44,15923.900005873293
12629,OK,80.100,0.44,15820.800035726279
12630,OK,69.800,0.44,15924.600011203438
12631,OK,66.800,0.44,15902.799961622804
12632,OK,58.200,0.44,15905.499982181937
12633,OK,50.000,0.44,15861.599997151643
12634,OK,47.900,0.44,15917.699958663434
12635,OK,49.800,0.44,15959.299984388053
12636,OK,53.500,0.44,15888.099966105074
12637,OK,75.300,0.44,15940.000012051314
12638,OK,62.000,0.44,15850.399970076978
12639,OK,61.900,0.44,15946.50000333786
12640,OK,55.700,0.44,15916.89995257184
12641,OK,56.200,0.44,15915.700001642108
12642,OK,57.800,0.44,15923.300001304597
12643,OK,72.300,0.44,15876.699995715171
12644,OK,77.600,0.44,15851.899981498718
12645,OK,80.900,0.44,15866.699977777898
12646,OK,79.800,0.44,15934.59997093305
12647,OK,61.100,0.44,15889.200032688677
12648,OK,87.400,0.44,15887.500019744039
12649,OK,80.600,0.44,15852.999989874661
12650,OK,69.700,0.44,15896.700031589717
12651,OK,69.100,0.44,15847.30000467971
12652,OK,80.500,0.44,15883.499989286065
12653,OK,84.900,0.44,15926.599968224764
12654,OK,61.700,0.44,15871.300012804568
12655,OK,56.700,0.44,15851.899981498718
12656,OK,57.600,0.44,15979.300020262599
12657,OK,68.300,0.44,15849.899966269732
12658,OK,62.200,0.44,15891.499991994351
12659,OK,84.100,0.44,15884.799999184906
12660,OK,56.900,0.44,15946.40000257641
12661,OK,54.200,0.44,15925.400017295033
12662,OK,58.300,0.44,15869.49999909848
12663,OK,62.100,0.44,15885.400003753603
12664,OK,65.500,0.44,15928.100037854165
12665,OK,57.400,0.44,15879.300015512854
12666,OK,86.000,0.44,15819.999971427023
12667,OK,111.200,0.44,15843.599976506084
12668,OK,68.900,0.44,15963.400015607476
12669,OK,67.400,0.44,15891.099988948554
12670,OK,62.700,0.44,15804.899972863495
12671,OK,82.000,0.44,15983.999997843057
12672,OK,69.400,0.44,15811.300021596253
12673,OK,80.000,0.44,15977.500006556511
12674,OK,59.700,0.44,15920.100035145879
12675,OK,70.600,0.44,15873.099968302995
12676,OK,68.700,0.44,15898.800047580153
12677,OK,69.600,0.44,15826.900023967028
12678,OK,85.100,0.44,15869.700000621378
12679,OK,71.200,0.44,15940.300014335662
12680,OK,69.900,0.44,15878.50000942126
12681,OK,66.100,0.44,15906.49998979643
12682,OK,80.800,0.44,15844.000037759542
12683,OK,174.900,0.44,15708.599996287376
12684,OK,57.400,0.44,15892.199997324497
12685,OK,59.700,0.44,15863.799955695868
12686,OK,49.700,0.44,15974.49998371303
12687,OK,51.200,0.44,15925.300016533583
12688,OK,65.000,0.44,15913.300041574985
12689,OK,52.500,0.44,15918.700024485588
12690,OK,50.600,0.44,15913.500043097883
12691,OK,52.000,0.44,15921.39998683706
12692,OK,56.000,0.44,15913.000039290637
12693,OK,66.400,0.44,15909.900015685707
12694,OK,64.400,0.44,15932.899957988411
12695,OK,59.300,0.44,15866.60003522411
12696,OK,74.900,0.44,15887.000015936792
12697,OK,94.600,0.44,15831.099997740239
12698,OK,63.500,0.44,15968.69999775663
12699,OK,74.000,0.44,15836.099977605045
12700,OK,61.700,0.44,15853.19999139756
12701,OK,45.000,0.44,15884.19999461621
12702,OK,55.300,0.44,15905.199979897588
12703,OK,69.300,0.44,15895.199961960316
12704,OK,58.900,0.44,15959.299984388053
12705,OK,52.700,0.44,15873.500029556453
12706,OK,57.100,0.44,15867.099980823696
12707,OK,67.200,0.44,15883.399988524616
12708,OK,58.900,0.44,15932.899957988411
12709,OK,68.800,0.44,15875.799988862127
12710,OK,80.800,0.44,15895.800024736673
12711,OK,67.900,0.44,15872.200019657612
12712,OK,65.600,0.44,15890.399983618408
12713,OK,69.600,0.44,15881.700033787638
12714,OK,134.000,0.44,15783.59998529777
12715,OK,68.300,0.44,15914.799994789064
12716,OK,59.500,0.44,15934.4999701716
12717,OK,65.600,0.44,15877.199999522418
12718,OK,63.900,0.44,15919.700032100081
12719,OK,69.900,0.44,15889.700036495924
12720,OK,67.300,0.44,15859.699982684106
12721,OK,58.000,0.44,15916.000003926456
12722,OK,89.700,0.44,15857.300022616982
12723,OK,138.100,0.44,15757.200017105788
12724,OK,68.200,0.44,15917.800017632544
12725,OK,83.700,0.44,15901.000006124377
12726,OK,74.400,0.44,15756.79995585233
12727,OK,54.800,0.44,15902.10001450032
12728,OK,44.000,0.44,15896.599972620606
12729,OK,43.000,0.44,16022.299998439848
12730,OK,62.000,0.44,15940.200013574213
12731,OK,161.600,0.44,15769.099991302937
12732,OK,73.100,0.44,15813.599980901927
12733,OK,67.100,0.44,15985.999954864383
12734,OK,69.700,0.44,15915.899944957346
12735,OK,76.500,0.44,15874.500037170947
12736,OK,71.200,0.44,15800.600056536496
12737,OK,111.800,0.44,15879.8000193201
12738,OK,68.600,0.44,15843.499975744635
12739,OK,101.900,0.44,15867.699985392392
12740,OK,87.500,0.44,15829.70004528761
12741,OK,114.800,0.44,15860.699990298599
12742,OK,92.500,0.44,15820.899978280067
12743,OK,93.300,0.44,15832.50000840053
12744,OK,88.800,0.44,15878.200007136911
12745,OK,87.500,0.44,15908.800007309765
12746,OK,76.700,0.44,15821.700042579323
12747,OK,108.500,0.44,15849.899966269732
12748,OK,104.500,0.44,15843.700035475194
12749,OK,95.100,0.44,15844.499983359128
12750,OK,88.700,0.44,15857.60002490133
12751,OK,90.300,0.44,15863.100008573383
12752,OK,87.400,0.44,15882.299980148673
12753,OK,105.600,0.44,15820.699976757169
12754,OK,105.800,0.44,15860.59998953715
12755,OK,109.500,0.44,15853.799995966256
12756,OK,96.900,0.44,15867.599984630942
12757,OK,129.100,0.44,15761.699993163347
12758,OK,111.600,0.44,15838.39999511838
12759,OK,100.400,0.44,15827.600029297173
12760,OK,101.000,0.44,15880.400023888797
12761,OK,116.700,0.44,15784.89999519661
12762,OK,107.600,0.44,15805.200033355504
12763,OK,84.700,0.44,15848.200011532754
12764,OK,94.400,0.44,15882.80004216358
12765,OK,92.900,0.44,15802.90001584217
12766,OK,57.900,0.44,15932.700014673173
12767,OK,100.200,0.44,15893.699950538576
12768,OK,119.500,0.44,15806.499985046685
12769,OK,101.500,0.44,15891.899995040148
12770,OK,164.100,0.44,15664.500009734184
12771,OK,91.000,0.44,15819.20002354309
12772,OK,69.100,0.44,15920.500038191676
12773,OK,76.200,0.44,15902.900020591915
12774,OK,65.900,0.44,15881.800034549087
12775,OK,62.700,0.44,15918.19996247068
12776,OK,86.100,0.44,15878.700010944158
12777,OK,58.900,0.44,15906.899992842227
12778,OK,58.200,0.44,15836.400038097054
12779,OK,66.700,0.44,15886.399953160435
12780,OK,83.000,0.44,15984.199999365956
12781,OK,66.100,0.44,15826.50002092123
12782,OK,71.700,0.44,15961.600001901388
12783,OK,62.400,0.44,15815.299993846565
12784,OK,129.700,0.44,15791.999991051853
12785,OK,68.000,0.44,15888.099966105074
12786,OK,58.800,0.44,15985.400008503348
12787,OK,61.600,0.44,15893.400006461889
12788,OK,66.700,0.44,15923.500002827495
12789,OK,79.000,0.44,15831.700002308935
12790,OK,59.700,0.44,15872.50002194196
12791,OK,84.900,0.44,15866.899979300797
12792,OK,97.900,0.44,15870.400005951524
12793,OK,68.000,0.44,15909.200010355562
12794,OK,110.600,0.44,15795.30001617968
12795,OK,66.600,0.44,15890.500042587519
12796,OK,74.400,0.44,15926.000021863729
12797,OK,66.000,0.44,15868.899994529784
12798,OK,96.500,0.44,15868.999995291233
12799,OK,102.800,0.44,15911.00002406165
12800,OK,132.000,0.44,15747.099998407066
12801,OK,106.600,0.44,15605.70002766326
12802,OK,66.600,0.44,15871.699957642704
12803,OK,86.100,0.44,15827.100025489926
12804,OK,57.000,0.44,16142.299980856478
12805,OK,54.300,0.44,15926.100022625178
12806,OK,59.300,0.44,15986.599959433079
12807,OK,118.800,0.44,15809.499949682504
12808,OK,68.800,0.44,15911.399968899786
12809,OK,84.700,0.44,16156.499972566962
12810,OK,90.700,0.44,15669.800050090998
12811,OK,108.200,0.44,15527.299954555929
12812,OK,97.500,0.44,15822.999994270504
12813,OK,71.300,0.44,15874.899982009083
12814,OK,56.300,0.44,15883.899992331862
12815,OK,61.200,0.44,15913.400042336434
12816,OK,78.900,0.44,15845.099987927824
12817,OK,37.400,0.44,15958.50003650412
12818,OK,74.900,0.44,15822.599991224706
12819,OK,66.500,0.44,15907.399996649474
12820,OK,75.800,0.44,16028.400044888258
12821,OK,184.700,0.44,15558.000013697892
12822,OK,85.400,0.44,15840.399952139705
12823,OK,50.500,0.44,15895.100019406527
12824,OK,61.500,0.44,15964.29996425286
12825,OK,55.700,0.44,15909.999958239496
12826,OK,74.100,0.44,15869.39999833703
12827,OK,70.400,0.44,15895.099961198866
12828,OK,53.200,0.44,15958.19997601211
12829,OK,54.000,0.44,15907.599998172373
12830,OK,61.700,0.44,15913.299983367324
12831,OK,58.600,0.44,15933.700022287667
12832,OK,91.500,0.44,15868.599992245436
12833,OK,65.200,0.44,15902.800019830465
12834,OK,67.300,0.44,15884.599997662008
12835,OK,72.000,0.44,15880.400023888797
12836,OK,70.900,0.44,15835.799975320697
12837,OK,59.100,0.44,15971.000015269965
12838,OK,56.900,0.44,15890.699985902756
12839,OK,58.100,0.44,15909.100009594113
12840,OK,64.400,0.44,15852.999989874661
12841,OK,50.000,0.44,15939.800010528415
12842,OK,47.300,0.44,15921.599988359958
12843,OK,43.300,0.44,15936.999989207834
12844,OK,53.300,0.44,15901.799954008311
12845,OK,49.600,0.44,15919.500030577183
12846,OK,46.200,0.44,15926.100022625178
12847,OK,50.500,0.44,15921.799989882857
12848,OK,43.600,0.44,15935.300034470856
12849,OK,55.000,0.44,15913.399984128773
12850,OK,48.000,0.44,15921.39998683706
12851,OK,62.700,0.44,15995.799971278757
12852,OK,92.300,0.44,15738.699992652982
12853,OK,58.000,0.44,15885.100001469254
12854,OK,65.900,0.44,15948.900021612644
12855,OK,62.200,0.44,15863.899956457317
12856,OK,60.400,0.44,15953.599999193102
12857,OK,69.200,0.44,15939.00000443682
12858,OK,68.700,0.44,15825.799957383424
12859,OK,91.100,0.44,15858.600032515824
12860,OK,69.500,0.44,15861.699997913092
12861,OK,68.300,0.44,15876.79999647662
12862,OK,53.200,0.44,15936.599986162037
12863,OK,64.800,0.44,15883.099986240268
12864,OK,58.900,0.44,15934.60002914071
12865,OK,96.100,0.44,15905.999985989183
12866,OK,59.800,0.44,15882.200037594885
12867,OK,49.700,0.44,15914.399991743267
12868,OK,48.200,0.44,15923.099999781698
12869,OK,49.500,0.44,15946.40000257641
12870,OK,50.700,0.44,15917.399956379086
12871,OK,51.100,0.44,15886.800014413893
12872,OK,53.200,0.44,15965.099970344454
12873,OK,57.900,0.44,15864.89996407181
12874,OK,57.500,0.44,15920.299978461117
12875,OK,106.400,0.44,15894.59995739162
12876,OK,64.800,0.44,15807.599993422627
12877,OK,74.400,0.44,15902.300016023219
12878,OK,68.400,0.44,15875.899989623576
12879,OK,53.100,0.44,15908.700006548315
12880,OK,50.900,0.44,15911.099966615438
12881,OK,54.700,0.44,15927.000029478222
12882,OK,54.000,0.44,15922.199992928654
12883,OK,53.200,0.44,15905.400039628148
12884,OK,76.400,0.44,15918.099961709231
12885,OK,56.600,0.44,15886.800014413893
12886,OK,57.200,0.44,15938.099997583777
12887,OK,67.800,0.44,15856.400015763938
12888,OK,60.600,0.44,16028.599988203496
12889,OK,66.300,0.44,15795.700019225478
12890,OK,114.500,0.44,15813.999983947724
12891,OK,63.400,0.44,15900.799946393818
12892,OK,55.000,0.44,15787.500014994293
12893,OK,80.300,0.44,15942.799975164235
12894,OK,76.300,0.44,15941.699966788292
12895,OK,73.000,0.44,15855.99995451048
12896,OK,63.400,0.44,15867.299982346594
12897,OK,66.000,0.44,15889.900038018823
12898,OK,61.300,0.44,15937.999996822327
12899,OK,57.600,0.44,15867.699985392392
12900,OK,57.700,0.44,15922.6999967359
12901,OK,76.800,0.44,15797.00002912432
12902,OK,64.000,0.44,15903.800027444959
12903,OK,104.400,0.44,15867.599984630942
12904,OK,72.100,0.44,15849.099960178137
12905,OK,74.700,0.44,15975.99999513477
12906,OK,66.100,0.44,15760.599984787405
12907,OK,77.500,0.44,15943.699982017279
12908,OK,63.100,0.44,15928.399981930852
12909,OK,66.600,0.44,15907.699998933822
12910,OK,70.900,0.44,15878.0999481678
12911,OK,66.800,0.44,15893.400006461889
12912,OK,62.200,0.44,15890.799986664206
12913,OK,71.600,0.44,15830.399992410094
12914,OK,102.300,0.44,15920.900041237473
12915,OK,69.300,0.44,21142.19998475164
12916,OK,128.600,0.44,10493.999987374991
12917,OK,60.400,0.44,15925.90002110228
12918,OK,76.800,0.44,15840.200008824468
12919,OK,47.300,0.44,15924.500010441989
12920,OK,61.100,0.44,15979.000017978251
12921,OK,49.300,0.44,15899.09999165684
12922,OK,60.600,0.44,15890.999988187104
12923,OK,58.500,0.44,15904.700034298003
12924,OK,62.800,0.44,15908.400004263967
12925,OK,54.200,0.44,15883.399988524616
12926,OK,56.100,0.44,15942.999976687133
12927,OK,54.100,0.44,15901.700011454523
12928,OK,57.300,0.44,15925.200015772134
12929,OK,54.700,0.44,15909.700014162809
12930,OK,53.300,0.44,15943.400037940592
12931,OK,55.800,0.44,15837.199985980988
12932,OK,76.000,0.44,15940.50001585856
12933,OK,82.400,0.44,15879.299957305193
12934,OK,68.000,0.44,15935.399977024645
12935,OK,55.100,0.44,15821.199980564415
12936,OK,70.400,0.44,16000.500007066876
12937,OK,56.800,0.44,15892.900002654642
12938,OK,52.400,0.44,15946.100000292063
12939,OK,44.300,0.44,15786.100004334003
12940,OK,35.300,0.44,16068.199998699129
12941,OK,51.500,0.44,15890.09998133406
12942,OK,54.700,0.44,15965.400030836463
12943,OK,60.000,0.44,15880.000020843
12944,OK,61.200,0.44,15917.999960947782
12945,OK,67.400,0.44,15874.800039455295
12946,OK,66.500,0.44,15914.999996311963
12947,OK,50.000,0.44,15924.600011203438
12948,OK,52.500,0.44,15917.400014586747
12949,OK,47.200,0.44,15950.800036080182
12950,OK,111.100,0.44,15843.599976506084
12951,OK,65.100,0.44,15842.100023292005
12952,OK,89.500,0.44,15865.699970163405
12953,OK,66.000,0.44,15940.299956128001
12954,OK,79.800,0.44,15836.099977605045
12955,OK,63.100,0.44,15947.000007145107
12956,OK,59.300,0.44,15888.999972958118
12957,OK,46.100,0.44,15938.500000629574
12958,OK,121.500,0.44,15832.600009161979
12959,OK,67.000,0.44,15898.099984042346
12960,OK,65.900,0.44,15880.699967965484
12961,OK,55.800,0.44,15885.500004515052
12962,OK,44.300,0.44,15923.400002066046
12963,OK,51.200,0.44,15926.300024148077
12964,OK,49.500,0.44,15937.099989969283
12965,OK,179.600,0.44,15691.199980210513
12966,OK,60.600,0.44,15936.299983877689
12967,OK,58.400,0.44,15885.70000603795
12968,OK,60.600,0.44,15887.900022789836
12969,OK,55.500,0.44,15948.199958074838
12970,OK,85.100,0.44,15828.999981749803
12971,OK,61.200,0.44,15885.000000707805
12972,OK,97.500,0.44,15875.599987339228
12973,OK,107.800,0.44,15834.300022106618
12974,OK,108.500,0.44,15840.300009585917
12975,OK,104.600,0.44,15837.699989788234
12976,OK,111.700,0.44,15862.600004766136
12977,OK,78.100,0.44,15840.500011108816
12978,OK,109.500,0.44,15811.000019311905
12979,OK,90.900,0.44,15915.800002403557
12980,OK,107.600,0.44,15771.900012623519
12981,OK,91.500,0.44,15841.500018723309
12982,OK,91.100,0.44,15836.69998217374
12983,OK,107.700,0.44,15802.500012796372
12984,OK,93.300,0.44,15871.300012804568
12985,OK,68.800,0.44,15919.79997465387
12986,OK,96.500,0.44,15783.899987582117
12987,OK,105.100,0.44,15879.700018558651
12988,OK,108.300,0.44,15899.899997748435
12989,OK,91.700,0.44,15835.600032005459
12990,OK,94.700,0.44,15818.399959243834
12991,OK,76.300,0.44,15871.700015850365
12992,OK,94.900,0.44,15855.600009672344
12993,OK,100.100,0.44,15863.300010096282
12994,OK,86.900,0.44,15836.89998369664
12995,OK,95.300,0.44,15925.80002034083
12996,OK,80.800,0.44,15861.300053074956
12997,OK,80.500,0.44,15858.200029470026
12998,OK,61.800,0.44,15913.99998869747
12999,OK,89.100,0.44,15887.800022028387
13000,OK,76.700,0.44,15858.99997735396
13001,OK,118.400,0.44,15869.900002144277
13002,OK,175.100,0.44,15461.699978914112
13003,OK,97.300,0.44,15818.200015928596
13004,OK,84.000,0.44,15909.499954432249
13005,OK,71.600,0.44,15891.69999351725
13006,OK,69.200,0.44,15900.200000032783
13007,OK,70.900,0.44,15865.099965594709
13008,OK,61.500,0.44,15984.500001650304
13009,OK,76.600,0.44,15779.20001000166
13010,OK,52.200,0.44,15924.100007396191
13011,OK,43.000,0.44,15937.099989969283
13012,OK,46.700,0.44,15991.899999789894
13013,OK,64.800,0.44,15923.400002066046
13014,OK,183.100,0.44,15623.59998933971
13015,OK,94.300,0.44,15929.199988022447
13016,OK,67.100,0.44,15888.80002964288
13017,OK,70.400,0.44,15878.30000789836
13018,OK,71.600,0.44,15899.899997748435
13019,OK,92.300,0.44,15866.099973209202
13020,OK,85.700,0.44,15887.100016698241
13021,OK,86.900,0.44,15856.500016525388
13022,OK,79.000,0.44,15840.399952139705
13023,OK,60.000,0.44,15944.99999191612
13024,OK,53.600,0.44,15910.299960523844
13025,OK,51.100,0.44,16009.900020435452
13026,OK,64.800,0.44,15837.599989026785
13027,OK,83.000,0.44,15842.600027099252
13028,OK,49.600,0.44,15955.40001289919
13029,OK,95.400,0.44,15785.900002811104
13030,OK,52.200,0.44,15923.600003588945
13031,OK,50.100,0.44,15839.400002732873
13032,OK,52.700,0.44,15961.800003424287
13033,OK,55.400,0.44,16034.999978728592
13034,OK,53.000,0.44,16147.599963005632
13035,OK,61.200,0.44,15792.39999409765
13036,OK,75.300,0.44,15743.799973279238
13037,OK,81.300,0.44,15823.49999807775
13038,OK,105.300,0.44,15753.79999121651
13039,OK,63.500,0.44,15929.899993352592
13040,OK,62.000,0.44,16240.999975707382
13041,OK,64.200,0.44,16117.600025609136
13042,OK,56.200,0.44,15718.600014224648
13043,OK,68.000,0.44,15655.800001695752
13044,OK,98.200,0.44,15988.10002906248
13045,OK,117.400,0.44,15756.90001482144
13046,OK,103.200,0.44,15680.100012104958
13047,OK,85.200,0.44,16212.999995332211
13048,OK,78.400,0.44,15664.200007449836
13049,OK,144.800,0.44,15848.300012294203
13050,OK,124.400,0.44,15495.600004214793
13051,OK,70.800,0.44,15835.000027436763
13052,OK,54.300,0.44,15942.599973641336
13053,OK,65.600,0.44,15896.700031589717
13054,OK,91.600,0.44,15860.699990298599
13055,OK,64.100,0.44,15858.299972023815
13056,OK,95.800,0.44,15976.399998180568
13057,OK,61.600,0.44,15821.100038010627
13058,OK,65.000,0.44,15924.500010441989
13059,OK,75.300,0.44,15872.699965257198
13060,OK,76.900,0.44,15910.000016447157
13061,OK,64.200,0.44,15903.49996695295
13062,OK,64.800,0.44,15909.50001263991
13063,OK,69.000,0.44,15819.900028873235
13064,OK,69.900,0.44,15973.399975337088
13065,OK,71.400,0.44,15826.100017875433
13066,OK,64.700,0.44,15967.29998709634
13067,OK,65.700,0.44,15786.39994841069
13068,OK,62.200,0.44,15968.399995472282
13069,OK,49.600,0.44,15933.599963318557
13070,OK,61.500,0.44,15852.199983783066
13071,OK,55.200,0.44,15904.099971521646
13072,OK,62.700,0.44,15965.299971867353
13073,OK,60.800,0.44,15887.900022789836
13074,OK,54.100,0.44,15890.20004030317
13075,OK,90.300,0.44,15824.000001884997
13076,OK,60.500,0.44,15991.199994459748
13077,OK,68.400,0.44,15893.000003416091
13078,OK,67.300,0.44,15878.600010182709
13079,OK,55.600,0.44,15869.39999833703
13080,OK,86.600,0.44,15929.899993352592
13081,OK,80.100,0.44,15803.800022695214
13082,OK,51.900,0.44,15937.099989969283
13083,OK,59.400,0.44,15869.099996052682
13084,OK,38.100,0.44,16038.30000385642
13085,OK,43.900,0.44,15923.600003588945
13086,OK,47.700,0.44,15879.90002008155
13087,OK,47.900,0.44,15947.000007145107
13088,OK,51.900,0.44,15899.899997748435
13089,OK,50.600,0.44,15921.50004580617
13090,OK,50.200,0.44,15910.700021777302
13091,OK,69.600,0.44,15877.400001045316
13092,OK,55.400,0.44,15935.299976263195
13093,OK,118.100,0.44,15850.30002752319
13094,OK,69.900,0.44,15882.600040640682
13095,OK,66.400,0.44,15866.599977016449
13096,OK,81.500,0.44,15747.299999929965
13097,OK,66.000,0.44,15979.700023308396
13098,OK,60.900,0.44,15807.40005010739
13099,OK,67.800,0.44,15974.69998523593
13100,OK,64.400,0.44,15910.200017970055
13101,OK,92.300,0.44,15771.100006531924
13102,OK,101.800,0.44,15760.00003842637
13103,OK,66.100,0.44,15972.199966199696
13104,OK,64.700,0.44,15856.800018809736
13105,OK,62.100,0.44,15838.29999435693
13106,OK,51.500,0.44,15968.899999279529
13107,OK,51.300,0.44,15739.599999506027
13108,OK,55.300,0.44,15882.999985478818
13109,OK,68.600,0.44,15886.800014413893
13110,OK,59.000,0.44,16021.099989302456
13111,OK,77.300,0.44,15880.899969488382
13112,OK,63.000,0.44,15910.89996509254
13113,OK,68.100,0.44,15864.699962548912
13114,OK,69.400,0.44,15869.599999859929
13115,OK,88.300,0.44,15916.700009256601
13116,OK,68.500,0.44,15833.90001906082
13117,OK,56.000,0.44,15892.399998847395
13118,OK,50.000,0.44,15904.200030490756
13119,OK,55.000,0.44,15934.900031425059
13120,OK,67.200,0.44,15897.899982519448
13121,OK,56.200,0.44,15896.500030066818
13122,OK,53.900,0.44,15985.500009264797
13123,OK,56.000,0.44,15845.399990212172
13124,OK,68.200,0.44,15946.200001053512
13125,OK,65.000,0.44,15855.400008149445
13126,OK,55.400,0.44,15907.399996649474
13127,OK,56.500,0.44,15953.299996908754
13128,OK,61.800,0.44,15857.299964409322
13129,OK,61.000,0.44,15916.100004687905
13130,OK,62.800,0.44,15897.60003844276
13131,OK,62.200,0.44,15887.100016698241
13132,OK,60.700,0.44,15963.200014084578
13133,OK,75.700,0.44,15817.000006791204
13134,OK,62.800,0.44,15917.700016871095
13135,OK,56.600,0.44,15912.700037006289
13136,OK,57.200,0.44,15970.600012224168
13137,OK,66.300,0.44,15827.900031581521
13138,OK,70.500,0.44,15888.600028119981
13139,OK,67.200,0.44,15914.200048428029
13140,OK,66.600,0.44,15886.800014413893
13141,OK,70.000,0.44,15875.50004478544
13142,OK,74.000,0.44,15917.500015348196
13143,OK,61.700,0.44,15883.900050539523
13144,OK,56.700,0.44,15864.400018472224
13145,OK,54.900,0.44,16018.699971027672
13146,OK,54.900,0.44,15929.199988022447
13147,OK,54.300,0.44,15928.79998497665
13148,OK,82.100,0.44,15773.09996355325
13149,OK,120.200,0.44,15900.799946393818
13150,OK,93.600,0.44,15893.10000417754
13151,OK,91.400,0.44,15895.599965006113
13152,OK,70.000,0.44,15867.300040554255
13153,OK,87.700,0.44,15850.500029046088
13154,OK,125.700,0.44,15821.300039533526
13155,OK,68.100,0.44,15902.600018307567
13156,OK,72.200,0.44,15773.499966599047
13157,OK,66.000,0.44,15994.900022633374
13158,OK,67.800,0.44,15870.599949266762
13159,OK,64.300,0.44,15889.299975242466
13160,OK,74.300,0.44,15826.50002092123
13161,OK,60.500,0.44,15984.79994572699
13162,OK,73.100,0.44,15862.400003243238
13163,OK,78.500,0.44,15886.999957729131
13164,OK,71.500,0.44,15894.400014076382
13165,OK,73.600,0.44,15898.799989372492
13166,OK,72.700,0.44,15897.199977189302
13167,OK,61.600,0.44,15911.700029391795
13168,OK,61.100,0.44,15840.699954424053
13169,OK,67.100,0.44,15943.49998049438
13170,OK,61.800,0.44,15891.499991994351
13171,OK,67.000,0.44,15885.299944784492
13172,OK,92.100,0.44,15876.599994953722
13173,OK,61.500,0.44,15918.499964755028
13174,OK,60.500,0.44,15886.100009083748
13175,OK,66.900,0.44,15905.899985227734
13176,OK,66.200,0.44,15910.299960523844
13177,OK,79.700,0.44,15826.000017113984
13178,OK,93.400,0.44,15905.999985989183
13179,OK,67.700,0.44,15909.300011117011
13180,OK,60.400,0.44,15888.59996991232
13181,OK,59.200,0.44,15876.000048592687
13182,OK,67.800,0.44,15920.999983791262
13183,OK,84.100,0.44,15876.400051638484
13184,OK,57.500,0.44,15911.699971184134
13185,OK,64.100,0.44,15918.700024485588
13186,OK,142.400,0.44,15774.49997421354
13187,OK,67.400,0.44,15902.599960099906
13188,OK,71.800,0.44,15871.200012043118
13189,OK,73.000,0.44,15906.299988273531
13190,OK,79.900,0.44,15878.200007136911
13191,OK,67.300,0.44,15914.699994027615
13192,OK,71.800,0.44,15865.999972447753
13193,OK,71.000,0.44,15876.100049354136
13194,OK,55.000,0.44,15891.499991994351
13195,OK,107.500,0.44,15807.399991899729
13196,OK,68.000,0.44,16019.699978642166
13197,OK,57.800,0.44,15810.000011697412
13198,OK,60.000,0.44,15898.99999089539
13199,OK,67.100,0.44,15898.299985565245
13200,OK,101.000,0.44,15880.000020843
13201,OK,84.700,0.44,15734.100015833974
13202,OK,93.800,0.44,15887.399960774928
13203,OK,63.600,0.44,15868.599992245436
13204,OK,179.100,0.44,15703.599958214909
13205,OK,79.200,0.44,15921.100042760372
13206,OK,67.900,0.44,15841.600019484758
13207,OK,73.200,0.44,15947.100007906556
13208,OK,66.900,0.44,15893.10000417754
13209,OK,67.400,0.44,15863.49995341152
13210,OK,58.600,0.44,15933.399961795658
13211,OK,66.300,0.44,15835.899976082146
13212,OK,78.400,0.44,15902.500017546117
13213,OK,63.200,0.44,15889.000031165779
13214,OK,78.900,0.44,15864.400018472224
13215,OK,87.600,0.44,15888.000023551285
13216,OK,76.000,0.44,15864.800021518022
13217,OK,115.000,0.44,15876.299992669374
13218,OK,83.500,0.44,15874.800039455295
13219,OK,82.600,0.44,15852.599986828864
13220,OK,111.500,0.44,15845.79999325797
13221,OK,70.000,0.44,15897.200035396963
13222,OK,111.700,0.44,15824.89995053038
13223,OK,95.800,0.44,15840.599953662604
13224,OK,98.100,0.44,15841.699962038547
13225,OK,96.900,0.44,15869.39999833703
13226,OK,98.300,0.44,15839.500003494322
13227,OK,74.100,0.44,15905.599982943386
13228,OK,99.000,0.44,15847.700007725507
13229,OK,95.300,0.44,15859.699982684106
13230,OK,123.400,0.44,15884.30005358532
13231,OK,108.800,0.44,15795.200015418231
13232,OK,86.400,0.44,15879.500017035753
13233,OK,115.600,0.44,15854.199999012053
13234,OK,144.800,0.44,15717.600006610155
13235,OK,103.200,0.44,15804.500028025359
13236,OK,113.800,0.44,15799.69999147579
13237,OK,107.500,0.44,15860.400046221912
13238,OK,129.400,0.44,15864.100016187876
13239,OK,120.000,0.44,15852.199983783066
13240,OK,217.500,0.44,15569.199982564896
13241,OK,116.300,0.44,15808.60000103712
13242,OK,64.400,0.44,15911.300026345998
13243,OK,71.200,0.44,15965.5999741517
13244,OK,82.600,0.44,15860.099985729903
13245,OK,66.500,0.44,15911.999973468482
13246,OK,67.800,0.44,15907.90000045672
13247,OK,66.300,0.44,15840.100008063018
13248,OK,91.800,0.44,15927.09997203201
13249,OK,72.500,0.44,15866.599977016449
13250,OK,64.500,0.44,15912.60003624484
13251,OK,68.000,0.44,15895.500022452325
13252,OK,67.000,0.44,15907.599998172373
13253,OK,216.500,0.44,15577.49998755753
13254,OK,82.800,0.44,15942.399972118437
13255,OK,68.900,0.44,15929.399989545345
13256,OK,95.200,0.44,15828.499977942556
13257,OK,73.500,0.44,15847.800008486956
13258,OK,107.200,0.44,15848.000010009855
13259,OK,89.500,0.44,15810.999961104244
13260,OK,121.200,0.44,15832.300006877631
13261,OK,93.900,0.44,15893.900010269135
13262,OK,135.200,0.44,15801.600005943328
13263,OK,83.000,0.44,15907.799999695271
13264,OK,55.200,0.44,15866.199973970652
13265,OK,79.600,0.44,15912.099974229932
13266,OK,60.000,0.44,15921.700047329068
13267,OK,81.800,0.44,15837.599989026785
13268,OK,70.500,0.44,15959.000040311366
13269,OK,84.400,0.44,15845.79999325797
13270,OK,60.300,0.44,15911.899972707033
13271,OK,76.900,0.44,15934.899973217398
13272,OK,70.100,0.44,15833.599958568811
13273,OK,58.100,0.44,15885.500004515052
13274,OK,92.700,0.44,15863.49995341152
13275,OK,53.600,0.44,15962.300007231534
13276,OK,64.700,0.44,16251.6999989748
13277,OK,86.300,0.44,15434.799948707223
13278,OK,98.800,0.44,15915.900003165007
13279,OK,59.700,0.44,15901.700011454523
13280,OK,52.200,0.44,16260.699951089919
13281,OK,60.100,0.44,15520.999964792281
13282,OK,57.500,0.44,16020.999988541007
13283,OK,70.300,0.44,15882.499981671572
13284,OK,90.600,0.44,15833.800018299371
13285,OK,101.500,0.44,15885.70000603795
13286,OK,117.900,0.44,15712.40002522245
13287,OK,105.000,0.44,15909.599955193698
13288,OK,83.500,0.44,15829.199983272702
13289,OK,105.800,0.44,15724.2999994196
13290,OK,57.300,0.44,15833.600016776472
13291,OK,59.200,0.44,15996.8999796547
13292,OK,108.000,0.44,15876.099991146475
13293,OK,51.800,0.44,15881.800034549087
13294,OK,81.200,0.44,15916.500007733703
13295,OK,61.200,0.44,15896.900033112615
13296,OK,72.700,0.44,15908.200002741069
13297,OK,69.300,0.44,15865.900029893965
13298,OK,59.200,0.44,15940.60001662001
13299,OK,79.700,0.44,15890.09998133406
13300,OK,70.800,0.44,15873.79997363314
13301,OK,55.700,0.44,15779.700013808906
13302,OK,49.900,0.44,15947.79995502904
13303,OK,77.300,0.44,15923.099999781698
13304,OK,73.500,0.44,15838.599996641278
13305,OK,45.000,0.44,15933.09995951131
13306,OK,51.800,0.44,15914.299990981817
13307,OK,50.100,0.44,15900.300000794232
13308,OK,39.100,0.44,15880.099963396788
13309,OK,56.500,0.44,15922.099992167205
13310,OK,44.400,0.44,15932.900016196072
13311,OK,54.300,0.44,15911.799971945584
13312,OK,45.000,0.44,15947.300009429455
13313,OK,63.300,0.44,15849.799965508282
13314,OK,58.800,0.44,15920.400037430227
13315,OK,62.000,0.44,15843.900036998093
13316,OK,93.100,0.44,15841.000014916062
13317,OK,64.600,0.44,15960.899996571243
13318,OK,52.900,0.44,15935.899980831891
13319,OK,48.200,0.44,15947.99995655194
13320,OK,53.300,0.44,15842.000022530556
13321,OK,63.800,0.44,15957.099967636168
13322,OK,53.300,0.44,15898.700046818703
13323,OK,48.400,0.44,15887.499961536378
13324,OK,76.400,0.44,15812.499972525984
13325,OK,56.900,0.44,16014.59999801591
13326,OK,57.300,0.44,15860.799991060048
13327,OK,57.100,0.44,15977.900009602308
13328,OK,76.300,0.44,15874.099975917488
13329,OK,72.300,0.44,15876.699995715171
13330,OK,65.700,0.44,15938.700002152473
13331,OK,57.100,0.44,15849.799965508282
13332,OK,53.300,0.44,15920.199977699667
13333,OK,62.200,0.44,15906.800050288439
13334,OK,61.300,0.44,15935.400035232306
13335,OK,68.700,0.44,15835.300029721111
13336,OK,67.100,0.44,15985.500009264797
13337,OK,66.500,0.44,15875.999990385026
13338,OK,59.400,0.44,15861.799998674542
13339,OK,80.900,0.44,15869.900002144277
13340,OK,58.100,0.44,15932.400012388825
13341,OK,65.600,0.44,15904.199972283095
13342,OK,67.300,0.44,15935.299976263195
13343,OK,51.900,0.44,15909.000008832663
13344,OK,70.000,0.44,15911.600028630346
13345,OK,63.500,0.44,15922.6999967359
13346,OK,69.500,0.44,15854.400000534952
13347,OK,64.400,0.44,15897.999983280897
13348,OK,91.700,0.44,15890.499984379858
13349,OK,75.700,0.44,15904.499974567443
13350,OK,90.500,0.44,15860.699990298599
13351,OK,95.400,0.44,15872.899966780096
13352,OK,81.500,0.44,15828.299976419657
13353,OK,78.900,0.44,15924.399951472878
13354,OK,71.600,0.44,15894.900017883629
13355,OK,71.300,0.44,15901.200007647276
13356,OK,58.100,0.44,15865.599969401956
13357,OK,77.400,0.44,15898.899990133941
13358,OK,60.600,0.44,15878.2999496907
13359,OK,91.000,0.44,15840.600011870265
13360,OK,81.700,0.44,15950.800036080182
13361,OK,105.300,0.44,15720.999974291772
13362,OK,87.300,0.44,15922.999999020249
13363,OK,56.700,0.44,15867.89998691529
13364,OK,75.000,0.44,15887.40001898259
13365,OK,59.900,0.44,15892.499999608845
13366,OK,61.800,0.44,15899.399993941188
13367,OK,75.400,0.44,15898.299985565245
13368,OK,100.000,0.44,15888.200025074184
13369,OK,66.500,0.44,15847.800008486956
13370,OK,61.000,0.44,15889.599977526814
13371,OK,69.500,0.44,15894.60001559928
13372,OK,74.100,0.44,15955.700015183538
13373,OK,63.000,0.44,15868.399990722537
13374,OK,67.100,0.44,15892.900002654642
13375,OK,70.900,0.44,15890.19998209551
13376,OK,71.800,0.44,15871.799958404154
13377,OK,69.200,0.44,15963.399957399815
13378,OK,81.500,0.44,15831.600001547486
13379,OK,85.700,0.44,15897.49997947365
13380,OK,81.200,0.44,15898.699988611042
13381,OK,78.600,0.44,15883.899992331862
13382,OK,83.900,0.44,15846.300055272877
13383,OK,64.000,0.44,15887.299960013479
13384,OK,67.500,0.44,15911.499969661236
13385,OK,116.200,0.44,15781.499969307333
13386,OK,67.900,0.44,15952.999994624406
13387,OK,85.500,0.44,15875.699988100678
13388,OK,74.000,0.44,15871.599956881255
13389,OK,84.500,0.44,15834.500023629516
13390,OK,70.900,0.44,15916.999953333288
13391,OK,78.400,0.44,15865.900029893965
13392,OK,75.600,0.44,15835.50003124401
13393,OK,63.500,0.44,15898.000041488558
13394,OK,75.700,0.44,15934.70002990216
13395,OK,60.700,0.44,15911.00002406165
13396,OK,72.800,0.44,15895.900025498122
13397,OK,74.000,0.44,15831.900003831834
13398,OK,130.900,0.44,15893.000003416091
13399,OK,68.700,0.44,15870.299946982414
13400,OK,52.400,0.44,15900.699945632368
13401,OK,71.100,0.44,15835.099969990551
13402,OK,59.500,0.44,15921.200043521821
13403,OK,63.900,0.44,15863.200009334832
13404,OK,72.600,0.44,15892.099996563047
13405,OK,59.600,0.44,15879.099955782294
13406,OK,48.800,0.44,15966.700040735304
13407,OK,66.000,0.44,15882.79998395592
13408,OK,53.600,0.44,15886.700013652444
13409,OK,72.800,0.44,15908.900008071214
13410,OK,68.400,0.44,15796.000021509826
13411,OK,102.300,0.44,15915.600000880659
13412,OK,60.200,0.44,15952.400048263371
13413,OK,57.000,0.44,15909.40001187846
13414,OK,62.900,0.44,15866.699977777898
13415,OK,65.200,0.44,15938.399999868125
13416,OK,60.000,0.44,15910.89996509254
13417,OK,64.400,0.44,15894.80001712218
13418,OK,68.500,0.44,15816.500002983958
13419,OK,64.100,0.44,15980.800031684339
13420,OK,63.100,0.44,15897.299977950752
13421,OK,162.600,0.44,15786.40000661835
13422,OK,181.900,0.44,15662.599995266646
13423,OK,67.600,0.44,15883.199987001717
13424,OK,65.100,0.44,15920.399979222566
13425,OK,119.000,0.44,15836.000035051256
13426,OK,55.900,0.44,15848.899958655238
13427,OK,49.100,0.44,15914.399991743267
13428,OK,165.000,0.44,15747.299999929965
13429,OK,59.300,0.44,15892.600000370294
13430,OK,51.000,0.44,15905.400039628148
13431,OK,42.400,0.44,15941.900026518852
13432,OK,48.800,0.44,15922.599995974451
13433,OK,45.800,0.44,15949.29996645078
13434,OK,53.000,0.44,15911.899972707033
13435,OK,203.800,0.44,15722.899988759309
13436,OK,79.400,0.44,15892.600000370294
13437,OK,73.800,0.44,15883.399988524616
13438,OK,73.400,0.44,15883.799991570413
13439,OK,83.900,0.44,15881.999977864325
13440,OK,70.300,0.44,15862.00000019744
13441,OK,85.400,0.44,15825.300011783838
13442,OK,71.500,0.44,15917.900018393993
13443,OK,95.100,0.44,15798.300039023161
13444,OK,89.600,0.44,15862.200001720339
13445,OK,95.200,0.44,15845.399990212172
13446,OK,96.500,0.44,15848.200011532754
13447,OK,100.400,0.44,15840.100008063018
13448,OK,98.200,0.44,15865.400026086718
13449,OK,99.300,0.44,15841.200016438961
13450,OK,99.900,0.44,15945.199993439019
13451,OK,121.500,0.44,15743.199968710542
13452,OK,114.000,0.44,15898.799989372492
13453,OK,107.000,0.44,15757.00001558289
13454,OK,97.700,0.44,15866.999980062246
13455,OK,101.700,0.44,15845.69999249652
13456,OK,98.000,0.44,15819.600026588887
13457,OK,74.200,0.44,15902.300016023219
13458,OK,100.300,0.44,15874.899982009083
13459,OK,95.600,0.44,15835.600032005459
13460,OK,98.100,0.44,15849.599963985384
13461,OK,101.100,0.44,15850.500029046088
13462,OK,118.900,0.44,15808.199997991323
13463,OK,103.500,0.44,15870.100003667176
13464,OK,104.000,0.44,15816.400002222508
13465,OK,100.800,0.44,15851.099975407124
13466,OK,98.100,0.44,15852.199983783066
13467,OK,87.300,0.44,15861.899999435991
13468,OK,112.900,0.44,15817.6000113599
13469,OK,70.800,0.44,15898.699988611042
13470,OK,67.200,0.44,15936.699986923486
13471,OK,99.500,0.44,15822.399989701807
13472,OK,71.100,0.44,15932.400012388825
13473,OK,106.100,0.44,15826.400020159781
13474,OK,163.500,0.44,15729.900042060763
13475,OK,94.200,0.44,15865.699970163405
13476,OK,65.900,0.44,15862.800006289035
13477,OK,79.500,0.44,15883.199987001717
13478,OK,99.900,0.44,15906.799992080778
13479,OK,106.900,0.44,15810.000011697412
13480,OK,79.000,0.44,15877.099998760968
13481,OK,105.400,0.44,15876.399993430823
13482,OK,75.200,0.44,15797.700034454465
13483,OK,71.600,0.44,15872.900024987757
13484,OK,87.100,0.44,15832.50000840053
13485,OK,90.300,0.44,15861.199994105846
13486,OK,70.600,0.44,15919.399971608073
13487,OK,67.900,0.44,15928.999986499548
13488,OK,166.000,0.44,15715.899993665516
13489,OK,65.000,0.44,15956.299961544573
13490,OK,77.800,0.44,15844.29998183623
13491,OK,104.200,0.44,15793.90000551939
13492,OK,96.200,0.44,15858.299972023815
13493,OK,103.400,0.44,15875.800047069788
13494,OK,75.800,0.44,15952.599991578609
13495,OK,69.000,0.44,15945.09999267757
13496,OK,69.800,0.44,15749.200014397502
13497,OK,81.900,0.44,15894.400014076382
13498,OK,62.600,0.44,15997.700043953955
13499,OK,62.600,0.44,15792.2999933362
13500,OK,51.800,0.44,15947.300009429455
13501,OK,62.900,0.44,15838.199993595481
13502,OK,88.900,0.44,15881.19997177273
13503,OK,75.300,0.44,15841.799962799996
13504,OK,64.100,0.44,16081.699985079467
13505,OK,101.400,0.44,15647.799998987466
13506,OK,90.200,0.44,15831.900003831834
13507,OK,62.500,0.44,15904.200030490756
13508,OK,46.300,0.44,16130.000003613532
13509,OK,57.900,0.44,15896.199969574809
13510,OK,81.500,0.44,15997.099981177598
13511,OK,70.600,0.44,15774.900035466999
13512,OK,78.400,0.44,15713.399974629283
13513,OK,153.300,0.44,15733.000007458031
13514,OK,76.900,0.44,15951.799985487014
13515,OK,116.800,0.44,15684.09998435527
13516,OK,76.400,0.44,16001.100011635572
13517,OK,52.600,0.44,15862.400003243238
13518,OK,51.900,0.44,16284.900018945336
13519,OK,61.600,0.44,15538.89998467639
13520,OK,68.600,0.44,16347.700031474233
13521,OK,90.100,0.44,15951.999987009913
13522,OK,141.300,0.44,15465.999953448772
13523,OK,130.000,0.44,15688.200015574694
13524,OK,96.000,0.44,15875.899989623576
13525,OK,148.700,0.44,15759.100031573325
13526,OK,153.000,0.44,15611.80001590401
13527,OK,81.400,0.44,15864.400018472224
13528,OK,47.000,0.44,16033.300023991615
13529,OK,55.800,0.44,15882.899984717369
13530,OK,54.100,0.44,15885.100001469254
13531,OK,61.000,0.44,15926.300024148077
13532,OK,92.600,0.44,15800.099994521588
13533,OK,54.800,0.44,15997.299982700497
13534,OK,62.200,0.44,15906.59999055788
13535,OK,59.100,0.44,15838.699997402728
13536,OK,54.800,0.44,15957.100025843829
13537,OK,52.700,0.44,15906.49998979643
13538,OK,48.500,0.44,15941.699966788292
13539,OK,53.500,0.44,15885.500004515052
13540,OK,51.000,0.44,16009.099956136197
13541,OK,61.000,0.44,15854.900004342198
13542,OK,56.700,0.44,15907.199995126575
13543,OK,60.100,0.44,15928.000037092716
13544,OK,64.200,0.44,15886.899956967682
13545,OK,65.900,0.44,15894.299955107272
13546,OK,63.100,0.44,15856.500016525388
13547,OK,67.900,0.44,15896.999975666404
13548,OK,65.600,0.44,15891.099988948554
13549,OK,71.300,0.44,15855.500008910894
13550,OK,62.300,0.44,15910.89996509254
13551,OK,125.100,0.44,15823.5999988392
13552,OK,78.800,0.44,15851.299976930022
13553,OK,65.900,0.44,15956.100018229336
13554,OK,71.500,0.44,15820.100030396134
13555,OK,66.100,0.44,15874.099975917488
13556,OK,92.000,0.44,15951.299981679767
13557,OK,82.200,0.44,15869.199996814132
13558,OK,60.400,0.44,15912.800037767738
13559,OK,86.700,0.44,15877.199999522418
13560,OK,75.500,0.44,15889.800037257373
13561,OK,55.900,0.44,15932.499954942614
13562,OK,67.900,0.44,15826.300019398332
13563,OK,83.300,0.44,15920.499979984015
13564,OK,69.400,0.44,15857.899968978018
13565,OK,62.100,0.44,15905.299980659038
13566,OK,90.700,0.44,15824.700007215142
13567,OK,56.000,0.44,15971.70002060011
13568,OK,60.800,0.44,15896.699973382056
13569,OK,64.500,0.44,15823.800000362098
13570,OK,89.500,0.44,15926.299965940416
13571,OK,76.300,0.44,15915.39999935776
13572,OK,69.100,0.44,15891.400049440563
13573,OK,75.100,0.44,15878.40000865981
13574,OK,66.000,0.44,15922.599995974451
13575,OK,66.800,0.44,15803.400019649416
13576,OK,71.200,0.44,15899.299993179739
13577,OK,59.000,0.44,15934.200026094913
13578,OK,60.500,0.44,15893.000003416091
13579,OK,59.200,0.44,15898.499987088144
13580,OK,64.600,0.44,15904.199972283095
13581,OK,82.500,0.44,15914.199990220368
13582,OK,61.800,0.44,15828.599978704005
13583,OK,59.900,0.44,15893.10000417754
13584,OK,69.100,0.44,15914.699994027615
13585,OK,57.000,0.44,15884.599997662008
13586,OK,71.200,0.44,15904.000028967857
13587,OK,73.000,0.44,15892.800001893193
13588,OK,78.400,0.44,15823.099995031953
13589,OK,52.600,0.44,15912.599978037179
13590,OK,77.900,0.44,15933.500020764768
13591,OK,81.400,0.44,15878.30000789836
13592,OK,69.700,0.44,15921.899990644306
13593,OK,74.600,0.44,15873.200027272105
13594,OK,73.300,0.44,15872.900024987757
13595,OK,56.200,0.44,15867.000038269907
13596,OK,60.400,0.44,15934.900031425059
13597,OK,62.900,0.44,15852.499986067414
13598,OK,91.900,0.44,15916.80001001805
13599,OK,99.900,0.44,15898.399986326694
13600,OK,106.100,0.44,15759.000030811876
13601,OK,96.100,0.44,15742.500021588057
13602,OK,103.200,0.44,15852.499986067414
13603,OK,100.800,0.44,15879.300015512854
13604,OK,71.300,0.44,15919.79997465387
13605,OK,66.100,0.44,15876.599994953722
13606,OK,83.700,0.44,15830.79999545589
13607,OK,62.500,0.44,15891.399991232902
13608,OK,67.000,0.44,15938.099997583777
13609,OK,101.300,0.44,15793.099999427795
13610,OK,72.200,0.44,15898.599987849593
13611,OK,69.600,0.44,15903.899969998747
13612,OK,70.100,0.44,15869.800001382828
13613,OK,68.500,0.44,15922.399994451553
13614,OK,93.500,0.44,15843.999979551882
13615,OK,92.900,0.44,15841.800021007657
13616,OK,76.500,0.44,15917.800017632544
13617,OK,92.800,0.44,15803.000016603619
13618,OK,81.300,0.44,15891.499991994351
13619,OK,82.900,0.44,15873.89997439459
13620,OK,62.900,0.44,15903.200022876263
13621,OK,93.800,0.44,15841.700020246208
13622,OK,65.200,0.44,15882.300038356334
13623,OK,60.100,0.44,15938.800002913922
13624,OK,52.700,0.44,15929.699991829693
13625,OK,56.800,0.44,15899.999998509884
13626,OK,78.600,0.44,15908.200002741069
13627,OK,78.900,0.44,15853.800054173917
13628,OK,71.200,0.44,15883.899992331862
13629,OK,119.400,0.44,16170.30001943931
13630,OK,171.600,0.44,15384.400030598044
13631,OK,100.200,0.44,15885.300002992153
13632,OK,74.900,0.44,15917.099954094738
13633,OK,74.500,0.44,15907.699998933822
13634,OK,83.200,0.44,15897.200035396963
13635,OK,74.300,0.44,15803.399961441755
13636,OK,67.300,0.44,15852.999989874661
13637,OK,74.600,0.44,15924.399951472878
13638,OK,90.700,0.44,15913.90004614368
13639,OK,91.300,0.44,16042.499977629632
13640,OK,68.600,0.44,15622.899984009564
13641,OK,99.100,0.44,15863.29995188862
13642,OK,90.400,0.44,15955.100010614842
13643,OK,68.900,0.44,15896.000026259571
13644,OK,65.300,0.44,15794.600010849535
13645,OK,105.400,0.44,15850.000025238842
13646,OK,87.100,0.44,15867.399983108044
13647,OK,96.900,0.44,15881.399973295629
13648,OK,97.700,0.44,15810.30001398176
13649,OK,112.500,0.44,15839.300001971424
13650,OK,104.300,0.44,15834.800025913864
13651,OK,99.000,0.44,15832.700009923428
13652,OK,94.200,0.44,15860.199986491352
13653,OK,71.300,0.44,15925.70001957938
13654,OK,145.500,0.44,15765.600022859871
13655,OK,112.200,0.44,15840.499952901155
13656,OK,120.500,0.44,15757.400018628687
13657,OK,64.000,0.44,15892.499999608845
13658,OK,74.700,0.44,15905.599982943386
13659,OK,73.300,0.44,15959.400043357164
13660,OK,91.100,0.44,15848.200011532754
13661,OK,93.800,0.44,15854.099998250604
13662,OK,81.300,0.44,15928.80004318431
13663,OK,101.100,0.44,15833.800018299371
13664,OK,109.000,0.44,15813.899983186275
13665,OK,81.000,0.44,15853.299992159009
13666,OK,73.000,0.44,15857.200021855533
13667,OK,79.900,0.44,15917.699958663434
13668,OK,93.400,0.44,15856.900019571185
13669,OK,139.500,0.44,15806.399984285235
13670,OK,116.500,0.44,15819.09996457398
13671,OK,116.000,0.44,15820.400032680482
13672,OK,97.900,0.44,15901.100006885827
13673,OK,81.700,0.44,15842.999971937388
13674,OK,101.200,0.44,15853.599994443357
13675,OK,95.700,0.44,15808.80000256002
13676,OK,70.500,0.44,15915.29999859631
13677,OK,93.200,0.44,15816.09999993816
13678,OK,86.400,0.44,15876.499994192272
13679,OK,93.000,0.44,15830.100048333406
13680,OK,71.300,0.44,15875.599987339228
13681,OK,97.400,0.44,15892.199997324497
13682,OK,185.000,0.44,15674.300026148558
13683,OK,113.800,0.44,15830.800053663552
13684,OK,90.000,0.44,15835.899976082146
13685,OK,82.000,0.44,15884.499996900558
13686,OK,114.500,0.44,15853.09999063611
13687,OK,92.800,0.44,15895.300020929426
13688,OK,96.300,0.44,15868.899994529784
13689,OK,74.900,0.44,15848.70001534
13690,OK,91.200,0.44,15848.999959416687
13691,OK,91.300,0.44,15924.100007396191
13692,OK,179.100,0.44,15701.800002716482
13693,OK,124.300,0.44,15801.600005943328
13694,OK,97.600,0.44,15812.699974048883
13695,OK,100.600,0.44,15895.600023213774
13696,OK,81.800,0.44,15873.199969064444
13697,OK,77.600,0.44,15889.199974481016
13698,OK,88.100,0.44,15863.899956457317
13699,OK,75.500,0.44,15950.599976349622
13700,OK,106.400,0.44,15785.199997480959
13701,OK,100.600,0.44,15686.500002630055
13702,OK,132.700,0.44,15756.400011014193
13703,OK,114.100,0.44,15905.400039628148
13704,OK,170.100,0.44,15654.899994842708
13705,OK,70.900,0.44,15893.600007984787
13706,OK,99.700,0.44,15828.300034627318
13707,OK,76.400,0.44,15895.500022452325
13708,OK,65.600,0.44,15879.100013989955
13709,OK,66.600,0.44,15889.599977526814
13710,OK,95.800,0.44,15863.800013903528
13711,OK,75.700,0.44,15869.900002144277
13712,OK,118.800,0.44,15842.59996889159
13713,OK,102.100,0.44,15797.199972439557
13714,OK,106.400,0.44,15815.799997653812
13715,OK,96.900,0.44,15868.399990722537
13716,OK,104.800,0.44,15826.39996195212
13717,OK,102.000,0.44,15900.50000231713
13718,OK,112.300,0.44,15834.999969229102
13719,OK,103.300,0.44,15768.899989780039
13720,OK,99.200,0.44,15850.499970838428
13721,OK,105.900,0.44,15846.499998588115
13722,OK,106.700,0.44,15832.200006116182
13723,OK,118.600,0.44,15838.099992834032
13724,OK,123.000,0.44,15825.999958906323
13725,OK,136.800,0.44,15789.29997049272
13726,OK,121.400,0.44,15832.300006877631
13727,OK,105.200,0.44,15824.89995053038
13728,OK,108.900,0.44,15858.300030231476
13729,OK,113.300,0.44,15823.699999600649
13730,OK,111.100,0.44,15797.699976246804
13731,OK,109.200,0.44,15835.3999722749
13732,OK,115.400,0.44,15791.10004240647
13733,OK,80.600,0.44,15867.99998767674
13734,OK,103.300,0.44,15891.199989710003
13735,OK,128.400,0.44,15817.800012882799
13736,OK,112.800,0.44,15789.200027938932
13737,OK,108.400,0.44,15836.999984458089
13738,OK,127.300,0.44,15808.500000275671
13739,OK,111.500,0.44,15835.200028959662
13740,OK,117.500,0.44,15958.40003574267
13741,OK,107.200,0.44,15680.700016673654
13742,OK,86.800,0.44,15932.000009343028
13743,OK,81.700,0.44,15852.099983021617
13744,OK,111.800,0.44,15839.600004255772
13745,OK,131.800,0.44,15753.699990455061
13746,OK,117.700,0.44,15930.599998682737
13747,OK,129.700,0.44,15697.100025136024
13748,OK,114.100,0.44,15800.099994521588
13749,OK,98.600,0.44,15857.49996593222
13750,OK,96.100,0.44,15829.3999847956
13751,OK,74.000,0.44,15893.700008746237
13752,OK,107.300,0.44,15859.800041653216
13753,OK,89.600,0.44,15871.699957642704
13754,OK,96.000,0.44,15884.499996900558
13755,OK,66.600,0.44,15895.000018645078
13756,OK,62.200,0.44,15910.499962046742
13757,OK,86.100,0.44,15814.399986993521
13758,OK,63.500,0.44,15993.000008165836
13759,OK,62.300,0.44,15901.200007647276
13760,OK,60.800,0.44,15901.199949439615
13761,OK,173.500,0.44,15623.000042978674
13762,OK,57.300,0.44,15978.799958247691
13763,OK,81.900,0.44,15851.199976168573
13764,OK,49.200,0.44,15959.7999881953
13765,OK,53.200,0.44,15865.700028371066
13766,OK,52.500,0.44,15982.600045390427
13767,OK,81.800,0.44,15854.199999012053
13768,OK,145.400,0.44,15893.20000493899
13769,OK,71.000,0.44,15853.499993681908
13770,OK,70.200,0.44,15809.300006367266
13771,OK,65.200,0.44,15944.099985063076
13772,OK,55.800,0.44,15877.300000283867
13773,OK,55.100,0.44,15990.99999293685
13774,OK,83.000,0.44,15838.199993595481
13775,OK,56.000,0.44,15923.300001304597
13776,OK,56.400,0.44,15904.600033536553
13777,OK,54.000,0.44,15941.399964503944
13778,OK,75.600,0.44,15882.399980910122
13779,OK,59.400,0.44,15919.399971608073
13780,OK,70.600,0.44,16030.300001148134
13781,OK,196.300,0.44,15427.100006490946
13782,OK,79.200,0.44,16036.099987104535
13783,OK,59.500,0.44,15816.20000069961
13784,OK,62.700,0.44,15967.399987857789
13785,OK,97.200,0.44,16200.600017327815
13786,OK,117.400,0.44,15551.399963442236
13787,OK,119.100,0.44,15733.999956864864
13788,OK,96.600,0.44,15789.60003098473
13789,OK,68.000,0.44,15945.299994200468
13790,OK,51.100,0.44,16040.100017562509
13791,OK,55.600,0.44,16087.000025436282
13792,OK,66.300,0.44,15559.90002816543
13793,OK,69.800,0.44,16113.100049551576
13794,OK,86.200,0.44,15633.000002708286
13795,OK,84.200,0.44,16310.799983330071
13796,OK,93.400,0.44,15473.000006750226
13797,OK,113.800,0.44,15893.500007223338
13798,OK,98.700,0.44,15800.399996805936
13799,OK,115.600,0.44,15791.499987244606
13800,OK,103.400,0.44,15811.500023119152
13801,OK,120.600,0.44,15772.400016430765
13802,OK,155.300,0.44,15825.600014068186
13803,OK,166.100,0.44,15520.400018431246
13804,OK,72.800,0.44,15857.100021094084
13805,OK,50.300,0.44,15982.599987182766
13806,OK,49.400,0.44,15879.79996111244
13807,OK,53.100,0.44,15956.200018990785
13808,OK,65.800,0.44,15846.599999349564
13809,OK,64.800,0.44,15937.69999453798
13810,OK,65.300,0.44,15906.49998979643
13811,OK,79.700,0.44,15940.300014335662
13812,OK,54.600,0.44,15834.100020583719
13813,OK,47.000,0.44,15992.40000359714
13814,OK,59.000,0.44,15908.300003502518
13815,OK,50.100,0.44,15912.699978798628
13816,OK,125.500,0.44,15774.100029375404
13817,OK,48.200,0.44,15974.099980667233
13818,OK,44.600,0.44,15927.699976600707
13819,OK,42.700,0.44,15921.39998683706
13820,OK,58.100,0.44,15911.200025584549
13821,OK,45.900,0.44,15951.300039887428
13822,OK,59.000,0.44,15919.90003362298
13823,OK,48.700,0.44,15922.6999967359
13824,OK,50.600,0.44,15914.599993266165
13825,OK,45.300,0.44,15902.00001373887
13826,OK,52.800,0.44,15881.600033026189
13827,OK,41.400,0.44,15924.30000891909
13828,OK,56.100,0.44,15944.99999191612
13829,OK,53.700,0.44,15838.29999435693
13830,OK,52.100,0.44,15958.899981342256
13831,OK,57.300,0.44,15872.39996297285
13832,OK,54.900,0.44,15947.90001399815
13833,OK,56.600,0.44,15951.599983964115
13834,OK,54.800,0.44,15900.70000384003
13835,OK,63.300,0.44,15926.100022625178
13836,OK,58.900,0.44,15865.400026086718
13837,OK,84.700,0.44,15878.100006375462
13838,OK,64.200,0.44,15888.899972196668
13839,OK,86.300,0.44,15930.09999487549
13840,OK,77.500,0.44,15757.699962705374
13841,OK,63.700,0.44,15953.699999954551
13842,OK,60.900,0.44,15906.799992080778
13843,OK,65.300,0.44,15866.39997549355
13844,OK,65.300,0.44,15934.900031425059
13845,OK,67.500,0.44,15884.499996900558
13846,OK,109.400,0.44,15830.79999545589
13847,OK,107.200,0.44,15869.39999833703
13848,OK,81.600,0.44,15816.700004506856
13849,OK,80.300,0.44,15907.499997410923
13850,OK,105.700,0.44,15817.900013644248
13851,OK,63.200,0.44,15910.599962808192
13852,OK,65.000,0.44,15879.600017797202
13853,OK,92.800,0.44,15900.70000384003
13854,OK,89.600,0.44,15824.89995053038
13855,OK,55.500,0.44,15901.200007647276
13856,OK,83.500,0.44,15905.00003658235
13857,OK,88.000,0.44,15899.599995464087
13858,OK,66.100,0.44,15870.300005190074
13859,OK,65.600,0.44,15885.000000707805
13860,OK,62.400,0.44,15930.900000967085
13861,OK,70.000,0.44,15897.299977950752
13862,OK,86.000,0.44,15882.500039879233
13863,OK,57.000,0.44,15887.699963059276
13864,OK,61.400,0.44,15902.400016784668
13865,OK,66.400,0.44,15844.699984882027
13866,OK,84.700,0.44,15901.100006885827
13867,OK,62.900,0.44,15892.600000370294
13868,OK,60.900,0.44,15924.399951472878
13869,OK,53.900,0.44,15912.60003624484
13870,OK,52.900,0.44,15912.39997651428
13871,OK,67.900,0.44,15921.099984552711
13872,OK,78.500,0.44,15845.099987927824
13873,OK,59.600,0.44,15846.099995542318
13874,OK,79.500,0.44,15870.600007474422
13875,OK,56.000,0.44,15992.100001312792
13876,OK,54.200,0.44,15874.600037932396
13877,OK,65.200,0.44,15935.599978547543
13878,OK,111.600,0.44,15788.00001880154
13879,OK,69.700,0.44,15912.50003548339
13880,OK,107.300,0.44,15795.30001617968
13881,OK,59.300,0.44,15904.89997761324
13882,OK,57.000,0.44,15841.799962799996
13883,OK,52.900,0.44,16020.000039134175
13884,OK,54.000,0.44,15909.60001340136
13885,OK,58.400,0.44,15880.599967204034
13886,OK,88.600,0.44,15830.299991648644
13887,OK,58.800,0.44,15956.500021275133
13888,OK,62.000,0.44,15942.499972879887
13889,OK,72.800,0.44,15834.100020583719
13890,OK,105.800,0.44,15912.099974229932
13891,OK,74.800,0.44,15896.800032351166
13892,OK,74.100,0.44,15858.799975831062
13893,OK,64.000,0.44,15872.799966018647
13894,OK,72.300,0.44,15925.899962894619
13895,OK,65.800,0.44,15879.000013228506
13896,OK,57.700,0.44,15926.599968224764
13897,OK,63.100,0.44,15886.700013652444
13898,OK,155.000,0.44,15699.999989010394
13899,OK,70.500,0.44,15850.20002676174
13900,OK,55.000,0.44,15944.799990393221
13901,OK,93.100,0.44,15812.400029972196
13902,OK,126.700,0.44,15850.899973884225
13903,OK,53.400,0.44,15917.500015348196
13904,OK,68.500,0.44,15822.399989701807
13905,OK,57.000,0.44,15857.200021855533
13906,OK,52.300,0.44,15929.699991829693
13907,OK,69.500,0.44,15890.799986664206
13908,OK,58.700,0.44,15867.100039031357
13909,OK,59.800,0.44,15886.800014413893
13910,OK,63.800,0.44,15958.899981342256
13911,OK,65.400,0.44,15885.70000603795
13912,OK,60.100,0.44,15862.600004766136
13913,OK,66.600,0.44,15935.099974740297
13914,OK,55.700,0.44,15913.000039290637
13915,OK,58.600,0.44,15894.60001559928
13916,OK,73.400,0.44,15889.999980572611
13917,OK,59.300,0.44,15924.100007396191
13918,OK,60.100,0.44,15870.400005951524
13919,OK,64.400,0.44,15873.300028033555
13920,OK,46.800,0.44,15905.899985227734
13921,OK,35.300,0.44,16007.799946237355
13922,OK,48.200,0.44,15884.19999461621
13923,OK,66.500,0.44,15889.899979811162
13924,OK,45.400,0.44,15900.200000032783
13925,OK,48.400,0.44,15902.600018307567
13926,OK,75.900,0.44,15882.099978625774
13927,OK,63.300,0.44,15986.700018402189
13928,OK,75.600,0.44,15899.899997748435
13929,OK,75.200,0.44,15835.300029721111
13930,OK,74.000,0.44,15895.399963483214
13931,OK,46.300,0.44,15969.200001563877
13932,OK,61.500,0.44,15907.400054857135
13933,OK,61.100,0.44,15882.599982433021
13934,OK,53.200,0.44,15915.700001642108
13935,OK,52.600,0.44,15925.100015010685
13936,OK,67.400,0.44,15871.00001052022
13937,OK,51.200,0.44,15923.900005873293
13938,OK,51.300,0.44,15897.60003844276
13939,OK,96.600,0.44,15909.200010355562
13940,OK,67.200,0.44,15756.200009491295
13941,OK,77.900,0.44,15901.200007647276
13942,OK,79.700,0.44,15927.899978123605
13943,OK,79.300,0.44,15859.000035561621
13944,OK,60.300,0.44,15933.999966364354
13945,OK,79.800,0.44,15860.70004850626
13946,OK,73.400,0.44,15887.20001745969
13947,OK,51.600,0.44,16007.30000063777
13948,OK,99.800,0.44,15826.599963475019
13949,OK,87.200,0.44,15865.099965594709
13950,OK,68.500,0.44,15869.599999859929
13951,OK,74.100,0.44,15901.600010693073
13952,OK,70.900,0.44,15824.900008738041
13953,OK,74.500,0.44,15966.799983289093
13954,OK,92.100,0.44,15834.00001982227
13955,OK,74.800,0.44,15819.699969142675
13956,OK,100.400,0.44,15846.199996303767
13957,OK,108.400,0.44,15849.699964746833
13958,OK,107.800,0.44,15820.59997599572
13959,OK,104.300,0.44,15851.600037422031
13960,OK,104.700,0.44,15856.700018048286
13961,OK,133.500,0.44,15845.299989450723
13962,OK,98.400,0.44,15830.79999545589
13963,OK,113.100,0.44,15829.300042241812
13964,OK,95.800,0.44,15818.000014405698
13965,OK,98.000,0.44,15899.999998509884
13966,OK,98.400,0.44,15831.299999263138
13967,OK,112.600,0.44,15830.399992410094
13968,OK,96.800,0.44,15855.500008910894
13969,OK,105.600,0.44,15840.700012631714
13970,OK,112.800,0.44,15835.999976843596
13971,OK,120.700,0.44,15826.200018636882
13972,OK,109.100,0.44,15884.200052823871
13973,OK,100.200,0.44,15858.800034038723
13974,OK,72.100,0.44,15823.699999600649
13975,OK,89.200,0.44,15860.799991060048
13976,OK,89.000,0.44,15862.600004766136
13977,OK,75.500,0.44,15918.800025247037
13978,OK,96.500,0.44,15764.20001219958
13979,OK,53.500,0.44,15978.800016455352
13980,OK,99.300,0.44,15825.300011783838
13981,OK,82.400,0.44,15870.500006712973
13982,OK,82.800,0.44,15959.599986672401
13983,OK,197.800,0.44,15592.39998459816
13984,OK,91.400,0.44,15830.79999545589
13985,OK,62.200,0.44,15919.69997389242
13986,OK,78.900,0.44,15862.600004766136
13987,OK,53.600,0.44,15996.90003786236
13988,OK,64.200,0.44,15956.399962306023
13989,OK,70.700,0.44,15877.800004091114
13990,OK,61.200,0.44,15832.100005354732
13991,OK,92.900,0.44,15947.200008668005
13992,OK,66.500,0.44,15891.200047917664
13993,OK,66.100,0.44,15902.099956292659
13994,OK,67.400,0.44,15880.099963396788
13995,OK,64.100,0.44,15918.39996399358
13996,OK,119.800,0.44,15796.700026839972
13997,OK,81.800,0.44,15876.099991146475
13998,OK,70.900,0.44,15772.199956700206
13999,OK,59.900,0.44,15945.899998769164
14000,OK,51.100,0.44,15849.800023715943
14001,OK,83.300,0.44,15838.999999687076
14002,OK,125.300,0.44,15891.7999942787
14003,OK,149.000,0.44,15643.399965483695
14004,OK,88.200,0.44,15943.60003946349
14005,OK,110.800,0.44,15811.500023119152
14006,OK,76.800,0.44,15930.09999487549
14007,OK,92.000,0.44,15834.100020583719
14008,OK,79.200,0.44,15826.39996195212
14009,OK,59.300,0.44,16007.500002160668
14010,OK,73.500,0.44,15807.799994945526
14011,OK,52.500,0.44,15824.600006453693
14012,OK,46.500,0.44,15997.900045476854
14013,OK,63.300,0.44,15892.099996563047
14014,OK,64.700,0.44,15961.700002662838
14015,OK,47.800,0.44,16010.800027288496
14016,OK,90.600,0.44,16096.600040327758
14017,OK,103.700,0.44,15734.59996143356
14018,OK,121.100,0.44,15708.699997048825
14019,OK,138.700,0.44,15711.10001532361
14020,OK,109.300,0.44,15809.800010174513
14021,OK,70.300,0.44,15862.00000019744
14022,OK,58.500,0.44,16233.099973760545
14023,OK,57.900,0.44,15528.200019616634
14024,OK,54.200,0.44,16002.200020011514
14025,OK,71.100,0.44,16097.899992018938
14026,OK,80.800,0.44,15949.60002694279
14027,OK,95.700,0.44,15652.300033252686
14028,OK,91.700,0.44,16137.200000230223
14029,OK,113.100,0.44,15657.899959478527
14030,OK,129.900,0.44,15762.80000153929
14031,OK,138.500,0.44,15737.400040961802
14032,OK,133.900,0.44,15672.100009396672
14033,OK,71.400,0.44,15861.699997913092
14034,OK,77.000,0.44,15849.900024477392
14035,OK,58.000,0.44,15872.499963734299
14036,OK,49.800,0.44,16018.500027712435
14037,OK,54.900,0.44,15869.599999859929
14038,OK,86.000,0.44,15883.599990047514
14039,OK,63.300,0.44,15953.099995385855
14040,OK,60.600,0.44,15823.800000362098
14041,OK,57.000,0.44,15903.5999677144
14042,OK,68.600,0.44,15972.800028976053
14043,OK,62.700,0.44,15890.999988187104
14044,OK,81.500,0.44,15921.699989121407
14045,OK,65.400,0.44,15901.900012977421
14046,OK,60.500,0.44,15839.100000448525
14047,OK,109.100,0.44,15921.40004504472
14048,OK,70.600,0.44,15840.200008824468
14049,OK,83.400,0.44,15832.50000840053
14050,OK,62.000,0.44,15979.599964339286
14051,OK,69.600,0.44,15904.100029729307
14052,OK,58.400,0.44,15896.599972620606
14053,OK,89.000,0.44,15906.199987512082
14054,OK,72.700,0.44,15822.299988940358
14055,OK,68.600,0.44,15849.799965508282
14056,OK,65.200,0.44,15969.100000802428
14057,OK,54.100,0.44,15927.40003252402
14058,OK,67.100,0.44,15904.400032013655
14059,OK,60.500,0.44,15900.200000032783
14060,OK,66.800,0.44,15901.400009170175
14061,OK,58.700,0.44,15871.499956119806
14062,OK,56.900,0.44,15964.700025506318
14063,OK,63.600,0.44,15810.000011697412
14064,OK,59.000,0.44,15934.400027617812
14065,OK,59.600,0.44,15908.199944533408
14066,OK,67.300,0.44,15926.700027193874
14067,OK,62.600,0.44,15900.099999271333
14068,OK,62.000,0.44,15894.299955107272
14069,OK,54.500,0.44,15921.899990644306
14070,OK,63.500,0.44,15894.100011792034
14071,OK,58.200,0.44,15884.40005434677
14072,OK,62.600,0.44,15920.699981506914
14073,OK,56.700,0.44,15923.700004350394
14074,OK,64.100,0.44,15881.699975579977
14075,OK,69.400,0.44,15882.000036071986
14076,OK,62.300,0.44,15917.800017632544
14077,OK,59.900,0.44,15869.199996814132
14078,OK,58.400,0.44,15919.000026769936
14079,OK,52.200,0.44,15943.39997973293
14080,OK,60.700,0.44,15927.900036331266
14081,OK,69.200,0.44,15882.599982433021
14082,OK,56.400,0.44,15914.599993266165
14083,OK,56.200,0.44,15921.899990644306
14084,OK,59.600,0.44,15897.299977950752
14085,OK,64.700,0.44,15828.700037673116
14086,OK,54.100,0.44,15913.199982605875
14087,OK,46.700,0.44,15928.59998345375
14088,OK,50.100,0.44,15963.399957399815
14089,OK,53.100,0.44,15814.899990800768
14090,OK,54.000,0.44,16012.899985071272
14091,OK,49.500,0.44,15933.30001924187
14092,OK,52.100,0.44,15933.000016957521
14093,OK,72.000,0.44,15778.89994950965
14094,OK,59.700,0.44,16032.50001790002
14095,OK,61.500,0.44,15903.699968475848
14096,OK,61.500,0.44,15906.899992842227
14097,OK,63.400,0.44,15849.500021431595
14098,OK,67.200,0.44,15922.499995213002
14099,OK,91.800,0.44,15860.099985729903
14100,OK,92.700,0.44,15867.799986153841
14101,OK,87.400,0.44,15768.79998901859
14102,OK,119.000,0.44,15764.20001219958
14103,OK,51.400,0.44,15973.600035067648
14104,OK,53.600,0.44,15813.19997785613
14105,OK,53.200,0.44,15980.60003016144
14106,OK,51.100,0.44,15934.900031425059
14107,OK,48.400,0.44,15955.800015944988
14108,OK,87.300,0.44,15844.899986404926
14109,OK,55.000,0.44,15850.600029807538
14110,OK,75.300,0.44,15932.99995874986
14111,OK,82.200,0.44,15873.699972871691
14112,OK,71.500,0.44,15875.29998505488
14113,OK,65.000,0.44,15836.000035051256
14114,OK,65.200,0.44,15877.800004091114
14115,OK,64.200,0.44,15897.70003920421
14116,OK,59.700,0.44,15891.69999351725
14117,OK,61.500,0.44,15934.300026856363
14118,OK,54.700,0.44,15926.899970509112
14119,OK,55.800,0.44,15876.699995715171
14120,OK,71.500,0.44,15924.40000968054
14121,OK,59.300,0.44,15914.599993266165
14122,OK,78.300,0.44,15938.500000629574
14123,OK,56.100,0.44,15900.799946393818
14124,OK,52.500,0.44,15905.499982181937
14125,OK,48.700,0.44,15862.00000019744
14126,OK,61.900,0.44,15893.20000493899
14127,OK,49.100,0.44,15964.500023983419
14128,OK,52.200,0.44,15903.200022876263
14129,OK,84.300,0.44,15863.300010096282
14130,OK,65.500,0.44,15905.799984466285
14131,OK,69.100,0.44,15957.200026605278
14132,OK,87.200,0.44,15836.000035051256
14133,OK,155.600,0.44,15752.39998055622
14134,OK,81.800,0.44,15847.500006202608
14135,OK,78.000,0.44,15944.599988870323
14136,OK,69.700,0.44,15781.99997311458
14137,OK,79.000,0.44,15955.30001213774
14138,OK,64.800,0.44,15796.89997015521
14139,OK,72.400,0.44,15948.900021612644
14140,OK,54.500,0.44,15892.900002654642
14141,OK,61.100,0.44,15923.300001304597
14142,OK,80.400,0.44,15888.300025835633
14143,OK,65.000,0.44,15855.400008149445
14144,OK,76.200,0.44,15918.900026008487
14145,OK,74.800,0.44,15899.999998509884
14146,OK,61.100,0.44,15917.400014586747
14147,OK,72.300,0.44,15849.399962462485
14148,OK,71.800,0.44,15902.299957815558
14149,OK,71.500,0.44,15914.099989458919
14150,OK,53.400,0.44,15926.900028716773
14151,OK,100.000,0.44,15849.800023715943
14152,OK,85.400,0.44,15791.799989528954
14153,OK,73.100,0.44,15949.599968735129
14154,OK,51.000,0.44,15914.399991743267
14155,OK,42.100,0.44,15920.199977699667
14156,OK,34.500,0.44,15994.00001578033
14157,OK,52.500,0.44,15919.600031338632
14158,OK,45.800,0.44,15938.399999868125
14159,OK,54.300,0.44,15900.800004601479
14160,OK,52.600,0.44,15909.60001340136
14161,OK,48.000,0.44,15937.099989969283
14162,OK,87.700,0.44,15879.700018558651
14163,OK,58.000,0.44,15905.599982943386
14164,OK,157.100,0.44,15755.30000263825
14165,OK,65.900,0.44,15876.89999723807
14166,OK,55.500,0.44,15898.199984803796
14167,OK,58.000,0.44,15917.200013063848
14168,OK,55.600,0.44,15911.399968899786
14169,OK,62.800,0.44,15876.300050877035
14170,OK,57.100,0.44,15962.500008754432
14171,OK,60.800,0.44,15857.80002642423
14172,OK,189.800,0.44,15720.099967438728
14173,OK,86.700,0.44,15808.60000103712
14174,OK,93.400,0.44,15965.999977197498
14175,OK,94.300,0.44,15786.60000814125
14176,OK,160.700,0.44,15714.299981482327
14177,OK,89.600,0.44,15848.400013055652
14178,OK,58.500,0.44,15967.699990142137
14179,OK,64.500,0.44,15883.399988524616
14180,OK,64.200,0.44,15887.000015936792
14181,OK,59.300,0.44,15953.499998431653
14182,OK,142.900,0.44,15746.999997645617
14183,OK,68.100,0.44,15889.700036495924
14184,OK,59.600,0.44,16032.000014092773
14185,OK,121.700,0.44,15760.100039187819
14186,OK,69.000,0.44,15860.899991821498
14187,OK,72.100,0.44,15884.19999461621
14188,OK,92.300,0.44,15889.500034973025
14189,OK,101.800,0.44,15886.800014413893
14190,OK,69.100,0.44,15828.399977181107
14191,OK,106.600,0.44,15783.999988343567
14192,OK,95.400,0.44,15904.599975328892
14193,OK,86.200,0.44,15839.400002732873
14194,OK,89.900,0.44,15870.000002905726
14195,OK,88.900,0.44,15865.00002304092
14196,OK,94.100,0.44,15830.100048333406
14197,OK,91.900,0.44,15848.70001534
14198,OK,73.800,0.44,15928.499982692301
14199,OK,69.300,0.44,15894.500014837831
14200,OK,70.100,0.44,15904.700034298003
14201,OK,78.100,0.44,15736.799978185445
14202,OK,103.200,0.44,15817.50001059845
14203,OK,180.700,0.44,15779.599954839796
14204,OK,119.700,0.44,15831.099997740239
14205,OK,72.800,0.44,15896.400029305369
14206,OK,66.600,0.44,15846.800000872463
14207,OK,87.900,0.44,15897.5999802351
14208,OK,91.700,0.44,15809.900010935962
14209,OK,102.500,0.44,15833.000012207776
14210,OK,115.400,0.44,15871.00001052022
14211,OK,71.500,0.44,15870.400005951524
14212,OK,95.400,0.44,15874.599979724735
14213,OK,78.600,0.44,15958.600037265569
14214,OK,114.300,0.44,15787.500014994293
14215,OK,101.100,0.44,15730.899991467595
14216,OK,74.300,0.44,15817.900013644248
14217,OK,39.700,0.44,15952.899993862957
14218,OK,43.800,0.44,15915.39999935776
14219,OK,36.800,0.44,15914.099989458919
14220,OK,56.100,0.44,15986.29995714873
14221,OK,49.400,0.44,15909.60001340136
14222,OK,43.700,0.44,15901.200007647276
14223,OK,52.700,0.44,16020.399983972311
14224,OK,155.700,0.44,15693.299996200949
14225,OK,59.100,0.44,15926.300024148077
14226,OK,55.600,0.44,15821.400040294975
14227,OK,49.100,0.44,15950.89997863397
14228,OK,56.900,0.44,15910.600021015853
14229,OK,53.400,0.44,15948.099957313389
14230,OK,49.300,0.44,15992.600005120039
14231,OK,155.700,0.44,15662.699996028095
14232,OK,76.000,0.44,15886.300010606647
14233,OK,70.500,0.44,15900.400001555681
14234,OK,55.700,0.44,15923.500002827495
14235,OK,56.600,0.44,15915.700001642108
14236,OK,57.800,0.44,15897.300036158413
14237,OK,65.900,0.44,15855.100005865097
14238,OK,55.400,0.44,15970.30000993982
14239,OK,100.600,0.44,15793.80000475794
14240,OK,67.300,0.44,15912.29997575283
14241,OK,82.100,0.44,15892.499999608845
14242,OK,56.700,0.44,15895.99996805191
14243,OK,69.400,0.44,15914.399991743267
14244,OK,52.700,0.44,15953.299996908754
14245,OK,75.300,0.44,15821.099979802966
14246,OK,56.100,0.44,15857.60002490133
14247,OK,52.100,0.44,15907.399996649474
14248,OK,78.100,0.44,15988.999977707863
14249,OK,52.700,0.44,15897.60003844276
14250,OK,37.800,0.44,16031.200008001179
14251,OK,108.700,0.44,16072.099970187992
14252,OK,114.800,0.44,15537.100029177964
14253,OK,144.500,0.44,15713.199973106384
14254,OK,76.300,0.44,15873.200027272105
14255,OK,87.200,0.44,15842.59996889159
14256,OK,53.200,0.44,16240.499971900135
14257,OK,58.900,0.44,15851.799980737269
14258,OK,63.700,0.44,15896.199969574809
14259,OK,69.600,0.44,16157.099977135658
14260,OK,93.100,0.44,15534.000005573034
14261,OK,123.200,0.44,15821.699984371662
14262,OK,186.400,0.44,15640.199999324977
14263,OK,153.500,0.44,15730.40004586801
14264,OK,172.700,0.44,15743.39997023344
14265,OK,146.000,0.44,15707.799990195781
14266,OK,64.000,0.44,15776.19998715818
14267,OK,48.200,0.44,16022.299998439848
14268,OK,50.100,0.44,15887.700021266937
14269,OK,82.800,0.44,15921.50004580617
14270,OK,63.700,0.44,15876.099991146475
14271,OK,56.000,0.44,15898.899990133941
14272,OK,55.800,0.44,15902.999963145703
14273,OK,59.000,0.44,15920.899983029813
14274,OK,96.400,0.44,15911.499969661236
14275,OK,60.600,0.44,15972.699970006943
14276,OK,63.600,0.44,15820.099972188473
14277,OK,59.400,0.44,15861.299994867295
14278,OK,83.900,0.44,15941.400022711605
14279,OK,71.600,0.44,15840.100008063018
14280,OK,77.200,0.44,15959.499985910952
14281,OK,88.200,0.44,15774.49997421354
14282,OK,61.400,0.44,15880.200022365898
14283,OK,37.900,0.44,15935.800038278103
14284,OK,42.900,0.44,15950.500033795834
14285,OK,47.300,0.44,15919.100027531385
14286,OK,41.000,0.44,15979.1000187397
14287,OK,50.100,0.44,15951.800043694675
14288,OK,57.800,0.44,15937.899996060878
14289,OK,66.600,0.44,15803.700021933764
14290,OK,64.300,0.44,15956.099960021675
14291,OK,59.000,0.44,15911.899972707033
14292,OK,55.200,0.44,15931.60000629723
14293,OK,83.800,0.44,15819.799969904125
14294,OK,59.500,0.44,15939.999953843653
14295,OK,66.200,0.44,15879.8000193201
14296,OK,57.500,0.44,15913.299983367324
14297,OK,67.000,0.44,15897.70003920421
14298,OK,41.000,0.44,15914.799994789064
14299,OK,47.400,0.44,15929.299988783896
14300,OK,60.600,0.44,15918.30002143979
14301,OK,65.200,0.44,15903.699968475848
14302,OK,57.800,0.44,15839.400002732873
14303,OK,53.600,0.44,15879.500017035753
14304,OK,55.700,0.44,15966.300037689507
14305,OK,67.300,0.44,15896.10002702102
14306,OK,80.600,0.44,15851.999982260168
14307,OK,86.500,0.44,15848.400013055652
14308,OK,60.000,0.44,15954.700007569045
14309,OK,65.100,0.44,15908.300003502518
14310,OK,67.000,0.44,15813.20003606379
14311,OK,71.400,0.44,15852.499986067414
14312,OK,96.200,0.44,15849.000017624348
14313,OK,77.100,0.44,15884.599997662008
14314,OK,89.200,0.44,15878.700010944158
14315,OK,68.000,0.44,15872.300020419061
14316,OK,171.300,0.44,15793.700003996491
14317,OK,83.200,0.44,15849.500021431595
14318,OK,65.800,0.44,15918.200020678341
14319,OK,95.500,0.44,15855.500008910894
14320,OK,93.900,0.44,15855.200006626546
14321,OK,102.400,0.44,15847.900009248406
14322,OK,70.300,0.44,15869.700000621378
14323,OK,102.600,0.44,15841.899963561445
14324,OK,67.100,0.44,15915.700001642108
14325,OK,66.000,0.44,15894.300013314933
14326,OK,81.700,0.44,15897.80003996566
14327,OK,86.300,0.44,15858.900034800172
14328,OK,75.200,0.44,15773.20002252236
14329,OK,58.500,0.44,15959.999989718199
14330,OK,65.800,0.44,15838.699997402728
14331,OK,63.900,0.44,15963.000012561679
14332,OK,56.500,0.44,15891.099988948554
14333,OK,57.400,0.44,15955.099952407181
14334,OK,66.800,0.44,15911.999973468482
14335,OK,61.900,0.44,15917.599957901984
14336,OK,68.800,0.44,15825.700014829636
14337,OK,65.200,0.44,15928.59998345375
14338,OK,83.600,0.44,15806.299983523786
14339,OK,58.400,0.44,15902.699960861355
14340,OK,62.000,0.44,15874.799981247634
14341,OK,58.200,0.44,15970.900014508516
14342,OK,63.200,0.44,15930.19999563694
14343,OK,64.500,0.44,15889.699978288263
14344,OK,63.900,0.44,15923.400002066046
14345,OK,73.600,0.44,15887.20001745969
14346,OK,73.600,0.44,15772.100014146417
14347,OK,59.700,0.44,15938.099997583777
14348,OK,56.800,0.44,15931.500005535781
14349,OK,68.300,0.44,15930.699999444187
14350,OK,64.500,0.44,15844.40004080534
14351,OK,64.000,0.44,15864.600019995123
14352,OK,64.100,0.44,15944.99999191612
14353,OK,62.500,0.44,15896.800032351166
14354,OK,78.700,0.44,15851.499978452921
14355,OK,75.300,0.44,15966.999984811991
14356,OK,57.400,0.44,15910.200017970055
14357,OK,78.700,0.44,15890.999988187104
14358,OK,67.300,0.44,15898.699988611042
14359,OK,65.400,0.44,15904.89997761324
14360,OK,64.400,0.44,15904.799976851791
14361,OK,64.600,0.44,15916.300006210804
14362,OK,71.000,0.44,15867.099980823696
14363,OK,58.100,0.44,15790.800040122122
14364,OK,67.400,0.44,15920.700039714575
14365,OK,60.000,0.44,15914.699994027615
14366,OK,116.200,0.44,15811.899967957288
14367,OK,125.400,0.44,15760.600042995065
14368,OK,104.100,0.44,15874.399978201836
14369,OK,84.100,0.44,15902.800019830465
14370,OK,68.100,0.44,15924.499952234328
14371,OK,108.100,0.44,15714.299981482327
14372,OK,78.200,0.44,16010.700026527047
14373,OK,64.700,0.44,15899.599995464087
14374,OK,67.100,0.44,15903.800027444959
14375,OK,63.200,0.44,15864.89996407181
14376,OK,63.800,0.44,15944.399987347424
14377,OK,64.600,0.44,15843.499975744635
14378,OK,61.400,0.44,15886.500012129545
14379,OK,78.900,0.44,15929.499990306795
14380,OK,74.000,0.44,15849.099960178137
14381,OK,80.800,0.44,15895.900025498122
14382,OK,75.800,0.44,15895.899967290461
14383,OK,100.200,0.44,15802.500012796372
14384,OK,66.600,0.44,15900.300000794232
14385,OK,61.000,0.44,15893.399948254228
14386,OK,58.900,0.44,15954.499947838485
14387,OK,59.100,0.44,15883.199987001717
14388,OK,59.400,0.44,15870.000002905726
14389,OK,60.100,0.44,15958.600037265569
14390,OK,62.800,0.44,15915.29999859631
14391,OK,79.000,0.44,15877.199999522418
14392,OK,79.700,0.44,15876.599994953722
14393,OK,68.700,0.44,15924.09994918853
14394,OK,63.700,0.44,15878.600010182709
14395,OK,78.600,0.44,15877.099998760968
14396,OK,59.200,0.44,15925.400017295033
14397,OK,70.100,0.44,15851.69997997582
14398,OK,55.900,0.44,15914.399991743267
14399,OK,68.000,0.44,15860.900050029159
14400,OK,59.900,0.44,15930.499997921288
14401,OK,72.800,0.44,15797.700034454465
14402,OK,67.100,0.44,15883.00004368648
14403,OK,70.200,0.44,15832.300006877631
14404,OK,65.200,0.44,15879.90002008155
14405,OK,50.000,0.44,15932.500013150275
14406,OK,130.000,0.44,15835.600032005459
14407,OK,70.300,0.44,15901.200007647276
14408,OK,72.600,0.44,15819.899970665574
14409,OK,81.100,0.44,15933.400020003319
14410,OK,68.900,0.44,15789.29997049272
14411,OK,82.200,0.44,15971.500019077212
14412,OK,62.300,0.44,15853.499993681908
14413,OK,61.200,0.44,15957.199968397617
14414,OK,180.900,0.44,15608.299989253283
14415,OK,64.600,0.44,15921.29998607561
14416,OK,43.500,0.44,15936.800045892596
14417,OK,49.400,0.44,15913.300041574985
14418,OK,40.800,0.44,15950.89997863397
14419,OK,51.100,0.44,15934.200026094913
14420,OK,52.500,0.44,15957.799972966313
14421,OK,181.100,0.44,15687.000006437302
14422,OK,56.600,0.44,15891.399991232902
14423,OK,57.700,0.44,15927.100030239671
14424,OK,72.400,0.44,15898.800047580153
14425,OK,57.500,0.44,15958.700038027018
14426,OK,76.700,0.44,15828.599978704005
14427,OK,59.000,0.44,15898.000041488558
14428,OK,59.000,0.44,15898.199984803796
14429,OK,87.200,0.44,15903.699968475848
14430,OK,96.200,0.44,15847.100003156811
14431,OK,96.300,0.44,15819.999971427023
14432,OK,101.300,0.44,15880.000020843
14433,OK,113.300,0.44,15793.300000950694
14434,OK,103.200,0.44,15873.499971348792
14435,OK,112.700,0.44,15845.90005222708
14436,OK,98.800,0.44,15874.399978201836
14437,OK,77.000,0.44,15831.700002308935
14438,OK,135.900,0.44,15812.100027687848
14439,OK,99.900,0.44,15842.300024814904
14440,OK,100.800,0.44,15864.099957980216
14441,OK,80.400,0.44,15873.400028795004
14442,OK,123.800,0.44,15786.40000661835
14443,OK,110.000,0.44,15808.099997229874
14444,OK,76.900,0.44,15882.499981671572
14445,OK,106.000,0.44,15822.500048670918
14446,OK,79.100,0.44,15873.599972110242
14447,OK,94.600,0.44,15867.400041315705
14448,OK,72.800,0.44,15903.400024399161
14449,OK,102.400,0.44,15854.900004342198
14450,OK,108.600,0.44,15875.300043262541
14451,OK,92.900,0.44,15802.000008989125
14452,OK,105.000,0.44,15795.900020748377
14453,OK,66.800,0.44,15876.299992669374
14454,OK,60.200,0.44,15935.700037516654
14455,OK,93.400,0.44,15851.099975407124
14456,OK,95.400,0.44,15840.900014154613
14457,OK,81.300,0.44,15958.699979819357
14458,OK,209.100,0.44,15579.500002786517
14459,OK,105.500,0.44,15808.199997991323
14460,OK,63.000,0.44,15908.800007309765
14461,OK,69.400,0.44,15886.000008322299
14462,OK,63.600,0.44,15971.300017554313
14463,OK,81.800,0.44,15925.80002034083
14464,OK,59.200,0.44,15909.499954432249
14465,OK,75.100,0.44,15901.000006124377
14466,OK,82.200,0.44,15819.399966858327
14467,OK,63.200,0.44,15950.000029988587
14468,OK,67.700,0.44,15889.399976003915
14469,OK,60.500,0.44,15906.000044196844
14470,OK,63.600,0.44,15866.099973209202
14471,OK,106.000,0.44,15800.199995283037
14472,OK,62.000,0.44,15895.000018645078
14473,OK,51.900,0.44,15913.90004614368
14474,OK,46.600,0.44,15974.099980667233
14475,OK,49.600,0.44,15926.000021863729
14476,OK,63.900,0.44,15941.099962219596
14477,OK,166.000,0.44,15739.399997983128
14478,OK,63.800,0.44,15901.199949439615
14479,OK,69.200,0.44,15895.99996805191
14480,OK,71.200,0.44,15831.500000786036
14481,OK,62.900,0.44,15934.6999716945
14482,OK,62.200,0.44,15887.700021266937
14483,OK,86.400,0.44,15860.999992582947
14484,OK,57.300,0.44,15875.699988100678
14485,OK,61.000,0.44,15923.300001304597
14486,OK,66.500,0.44,15846.299997065216
14487,OK,54.000,0.44,16158.40004524216
14488,OK,100.500,0.44,15634.100011084229
14489,OK,109.300,0.44,16102.00002323836
14490,OK,115.300,0.44,15906.299988273531
14491,OK,126.400,0.44,15508.300042711198
14492,OK,91.500,0.44,15731.499996036291
14493,OK,48.700,0.44,16053.800005465746
14494,OK,54.100,0.44,16339.700028765947
14495,OK,71.200,0.44,15827.89997337386
14496,OK,67.000,0.44,15576.499979943037
14497,OK,73.400,0.44,15920.500038191676
14498,OK,83.500,0.44,16337.000008206815
14499,OK,114.600,0.44,15755.000000353903
14500,OK,143.000,0.44,15714.300039689988
14501,OK,156.200,0.44,15422.899974510074
14502,OK,141.800,0.44,15550.89995963499
14503,OK,184.100,0.44,15751.600032672286
14504,OK,69.000,0.44,15850.899973884225
14505,OK,200.300,0.44,15602.600004058331
14506,OK,61.600,0.44,15810.700017027557
14507,OK,48.800,0.44,16017.999965697527
14508,OK,100.700,0.44,15879.500017035753
14509,OK,57.800,0.44,15858.799975831062
14510,OK,61.400,0.44,15879.400016274303
14511,OK,53.300,0.44,15853.999997489154
14512,OK,57.800,0.44,15912.799979560077
14513,OK,76.800,0.44,15955.50001366064
14514,OK,56.900,0.44,15870.100003667176
14515,OK,56.000,0.44,15939.500008244067
14516,OK,55.100,0.44,15955.999959260225
14517,OK,129.100,0.44,15817.900013644248
14518,OK,75.800,0.44,15898.399986326694
14519,OK,68.200,0.44,15820.49997523427
14520,OK,101.100,0.44,15850.899973884225
14521,OK,78.200,0.44,15904.499974567443
14522,OK,63.900,0.44,15916.999953333288
14523,OK,53.500,0.44,15858.400030992925
14524,OK,73.000,0.44,15938.199998345226
14525,OK,55.200,0.44,15952.100045979023
14526,OK,56.400,0.44,15911.799971945584
14527,OK,64.300,0.44,15753.299987409264
14528,OK,55.000,0.44,16049.099969677627
14529,OK,65.300,0.44,15872.200019657612
14530,OK,53.300,0.44,15974.200039636344
14531,OK,63.400,0.44,15771.900012623519
14532,OK,73.200,0.44,15988.999977707863
14533,OK,59.600,0.44,15818.600018974394
14534,OK,64.000,0.44,15978.89995900914
14535,OK,60.600,0.44,15858.800034038723
14536,OK,90.200,0.44,15846.399997826666
14537,OK,59.500,0.44,15881.200029980391
14538,OK,54.200,0.44,15895.500022452325
14539,OK,43.900,0.44,15943.59998125583
14540,OK,46.600,0.44,15976.800001226366
14541,OK,53.500,0.44,15890.699985902756
14542,OK,53.600,0.44,15974.600042682141
14543,OK,56.300,0.44,15893.20000493899
14544,OK,58.300,0.44,15912.199974991381
14545,OK,72.700,0.44,15910.299960523844
14546,OK,62.900,0.44,15856.600017286837
14547,OK,51.500,0.44,15840.900014154613
14548,OK,78.900,0.44,15939.900011289865
14549,OK,59.800,0.44,15900.70000384003
14550,OK,57.700,0.44,15934.400027617812
14551,OK,50.600,0.44,15883.199987001717
14552,OK,121.100,0.44,15828.399977181107
14553,OK,69.000,0.44,15904.300031252205
14554,OK,94.400,0.44,15803.300018887967
14555,OK,73.100,0.44,15979.999967385083
14556,OK,78.000,0.44,15868.300048168749
14557,OK,78.300,0.44,15882.90004292503
14558,OK,78.900,0.44,15824.900008738041
14559,OK,117.400,0.44,15823.3999973163
14560,OK,66.700,0.44,15880.700026173145
14561,OK,68.900,0.44,15923.500002827495
14562,OK,59.400,0.44,15921.099984552711
14563,OK,59.700,0.44,15926.599968224764
14564,OK,60.900,0.44,15867.699985392392
14565,OK,82.000,0.44,15881.900035310537
14566,OK,63.400,0.44,15897.399978712201
14567,OK,65.000,0.44,15901.400009170175
14568,OK,63.500,0.44,15911.899972707033
14569,OK,68.400,0.44,15938.799944706261
14570,OK,66.600,0.44,15892.399998847395
14571,OK,70.300,0.44,15870.599949266762
14572,OK,77.100,0.44,15880.599967204034
14573,OK,66.600,0.44,15921.19998531416
14574,OK,46.400,0.44,15917.400014586747
14575,OK,47.400,0.44,15917.900018393993
14576,OK,59.100,0.44,15930.699999444187
14577,OK,67.700,0.44,15829.099982511252
14578,OK,92.700,0.44,15929.399989545345
14579,OK,69.800,0.44,15861.699997913092
14580,OK,72.000,0.44,15848.299954086542
14581,OK,82.400,0.44,15897.500037681311
14582,OK,79.600,0.44,15855.100005865097
14583,OK,55.200,0.44,15940.199955366552
14584,OK,53.600,0.44,15890.20004030317
14585,OK,61.500,0.44,15922.499995213002
14586,OK,73.700,0.44,15915.29999859631
14587,OK,57.600,0.44,15936.299983877689
14588,OK,74.300,0.44,15836.999984458089
14589,OK,88.400,0.44,15830.79999545589
14590,OK,81.000,0.44,15929.899993352592
14591,OK,57.500,0.44,15892.299998085946
14592,OK,70.500,0.44,15937.999996822327
14593,OK,64.000,0.44,15795.100014656782
14594,OK,98.500,0.44,15870.500006712973
14595,OK,57.300,0.44,15888.000023551285
14596,OK,59.500,0.44,15968.69999775663
14597,OK,50.200,0.44,15824.400004930794
14598,OK,49.500,0.44,15994.100016541779
14599,OK,47.100,0.44,15940.800018142909
14600,OK,64.000,0.44,15894.000011030585
14601,OK,144.800,0.44,15698.200033511966
14602,OK,62.000,0.44,15870.000002905726
14603,OK,55.400,0.44,15942.700032610446
14604,OK,68.900,0.44,15903.000021353364
14605,OK,81.700,0.44,15867.89998691529
14606,OK,69.800,0.44,15900.200000032783
14607,OK,65.400,0.44,15898.099984042346
14608,OK,72.200,0.44,15877.500001806766
14609,OK,93.000,0.44,15833.300014492124
14610,OK,76.400,0.44,15918.50002296269
14611,OK,79.200,0.44,15913.700044620782
14612,OK,69.500,0.44,15849.300019908696
14613,OK,64.500,0.44,15893.199946731329
14614,OK,64.700,0.44,15890.800044871867
14615,OK,77.100,0.44,15888.69997067377
14616,OK,72.400,0.44,15873.500029556453
14617,OK,59.400,0.44,15938.199998345226
14618,OK,63.100,0.44,15855.100005865097
14619,OK,95.400,0.44,15847.100003156811
14620,OK,66.000,0.44,15939.700009766966
14621,OK,63.000,0.44,15895.700023975223
14622,OK,62.500,0.44,15853.399992920458
14623,OK,63.500,0.44,15905.300038866699
14624,OK,63.700,0.44,15879.600017797202
14625,OK,57.800,0.44,15980.899974238127
14626,OK,71.500,0.44,15873.79997363314
14627,OK,63.200,0.44,15938.99994622916
14628,OK,63.700,0.44,15857.70002566278
14629,OK,89.000,0.44,15890.799986664206
14630,OK,62.400,0.44,15905.09997913614
14631,OK,79.400,0.44,15861.300053074956
14632,OK,75.400,0.44,15905.1000373438
14633,OK,54.100,0.44,15943.200036417693
14634,OK,65.200,0.44,15884.30005358532
14635,OK,61.600,0.44,15889.299975242466
14636,OK,66.600,0.44,15901.700011454523
14637,OK,75.100,0.44,15905.699983704835
14638,OK,64.600,0.44,15897.999983280897
14639,OK,103.200,0.44,15865.699970163405
14640,OK,79.700,0.44,15830.699994694442
14641,OK,96.400,0.44,15853.399992920458
14642,OK,162.200,0.44,15851.199976168573
14643,OK,128.800,0.44,15754.099993500859
14644,OK,62.100,0.44,15908.200002741069
14645,OK,69.600,0.44,15895.100019406527
14646,OK,68.200,0.44,15884.29999537766
14647,OK,90.500,0.44,15885.300002992153
14648,OK,64.600,0.44,15889.699978288263
14649,OK,67.000,0.44,15837.399987503886
14650,OK,57.200,0.44,15909.799956716597
14651,OK,52.800,0.44,15928.000037092716
14652,OK,147.600,0.44,15725.80001084134
14653,OK,59.100,0.44,15852.399985305965
14654,OK,52.500,0.44,15923.400002066046
14655,OK,51.800,0.44,15910.000016447157
14656,OK,50.700,0.44,15949.39996721223
14657,OK,64.700,0.44,15870.700008235872
14658,OK,72.000,0.44,16021.699993871152
14659,OK,151.000,0.44,15741.800016257912
14660,OK,59.900,0.44,15818.499960005283
14661,OK,64.200,0.44,16032.999963499606
14662,OK,70.400,0.44,15914.899995550513
14663,OK,70.400,0.44,15853.499993681908
14664,OK,68.900,0.44,15797.00002912432
14665,OK,75.600,0.44,15959.499985910952
14666,OK,62.900,0.44,15822.499990463257
14667,OK,89.100,0.44,15909.700014162809
14668,OK,96.300,0.44,15869.700000621378
14669,OK,102.700,0.44,15879.400016274303
14670,OK,141.900,0.44,15704.89996811375
14671,OK,89.900,0.44,15826.699964236468
14672,OK,88.200,0.44,15879.000013228506
14673,OK,93.800,0.44,15846.599999349564
14674,OK,94.600,0.44,15860.60004774481
14675,OK,97.200,0.44,15847.400005441159
14676,OK,106.400,0.44,15810.399956535548
14677,OK,77.600,0.44,15896.599972620606
14678,OK,96.300,0.44,15844.899986404926
14679,OK,98.600,0.44,15858.300030231476
14680,OK,107.800,0.44,15832.100005354732
14681,OK,110.100,0.44,15804.599970579147
14682,OK,99.300,0.44,15850.900032091886
14683,OK,99.400,0.44,15842.500026337802
14684,OK,103.600,0.44,15835.900034289807
14685,OK,92.400,0.44,15862.900007050484
14686,OK,93.200,0.44,15856.000012718141
14687,OK,103.400,0.44,15836.599981412292
14688,OK,93.900,0.44,15864.000015426427
14689,OK,93.900,0.44,15851.799980737269
14690,OK,94.300,0.44,15843.899978790432
14691,OK,89.900,0.44,15854.099998250604
14692,OK,84.200,0.44,15855.300007387996
14693,OK,69.800,0.44,15927.20003100112
14694,OK,110.700,0.44,15838.099992834032
14695,OK,121.200,0.44,15769.799996633083
14696,OK,128.000,0.44,15861.299994867295
14697,OK,120.400,0.44,15760.999987833202
14698,OK,110.600,0.44,15867.799986153841
14699,OK,62.200,0.44,15914.299990981817
14700,OK,70.100,0.44,15836.89998369664
14701,OK,71.600,0.44,15781.599970068783
14702,OK,95.600,0.44,15853.20004960522
14703,OK,71.300,0.44,15879.90002008155
14704,OK,62.100,0.44,15890.600043348968
14705,OK,50.400,0.44,15970.10000841692
14706,OK,61.000,0.44,15910.399961285293
14707,OK,53.000,0.44,15868.799993768334
14708,OK,54.200,0.44,15988.900035154074
14709,OK,106.900,0.44,15795.30001617968
14710,OK,71.300,0.44,15900.099999271333
14711,OK,56.100,0.44,15869.700000621378
14712,OK,88.400,0.44,15811.100020073354
14713,OK,64.900,0.44,15854.500001296401
14714,OK,81.900,0.44,15942.499972879887
14715,OK,100.000,0.44,15797.699976246804
14716,OK,58.500,0.44,15897.200035396963
14717,OK,55.500,0.44,15964.30002246052
14718,OK,60.900,0.44,15887.599962297827
14719,OK,65.600,0.44,15920.600038953125
14720,OK,68.000,0.44,15914.699994027615
14721,OK,78.300,0.44,15870.300005190074
14722,OK,72.700,0.44,15931.60000629723
14723,OK,68.900,0.44,15822.399989701807
14724,OK,62.700,0.44,15923.300001304597
14725,OK,63.300,0.44,15899.299993179739
14726,OK,64.600,0.44,15772.300015669316
14727,OK,68.400,0.44,16300.70002283901
14728,OK,62.100,0.44,15898.399986326694
14729,OK,64.700,0.44,16061.800008174032
14730,OK,76.200,0.44,15412.000007927418
14731,OK,75.700,0.44,15935.600036755204
14732,OK,66.000,0.44,15859.700040891767
14733,OK,63.600,0.44,15960.599994286895
14734,OK,65.500,0.44,15965.500031597912
14735,OK,66.200,0.44,15903.799969237298
14736,OK,79.400,0.44,15829.49998555705
14737,OK,62.800,0.44,15790.699981153011
14738,OK,69.000,0.44,16011.500032618642
14739,OK,80.600,0.44,16157.700039912015
14740,OK,93.500,0.44,15937.199990730733
14741,OK,97.200,0.44,15459.499962162226
14742,OK,89.600,0.44,15946.60000409931
14743,OK,70.500,0.44,15840.000007301569
14744,OK,67.700,0.44,15840.000007301569
14745,OK,66.400,0.44,15885.600005276501
14746,OK,63.100,0.44,15885.500004515052
14747,OK,115.200,0.44,15769.899997394532
14748,OK,48.600,0.44,15850.19996855408
14749,OK,43.800,0.44,15954.400005284697
14750,OK,82.100,0.44,15902.20001526177
14751,OK,100.700,0.44,15904.799976851791
14752,OK,64.000,0.44,15848.500013817102
14753,OK,59.300,0.44,15965.7999756746
14754,OK,81.100,0.44,15805.099974386394
14755,OK,72.400,0.44,15929.999994114041
14756,OK,56.800,0.44,15875.000040978193
14757,OK,64.500,0.44,15923.099999781698
14758,OK,47.900,0.44,15828.699979465455
14759,OK,47.400,0.44,16019.20003304258
14760,OK,63.600,0.44,15947.499952744693
14761,OK,60.900,0.44,15860.099985729903
14762,OK,38.200,0.44,15919.90003362298
14763,OK,66.900,0.44,15902.10001450032
14764,OK,42.600,0.44,15945.999999530613
14765,OK,60.000,0.44,15914.599993266165
14766,OK,55.100,0.44,15846.099995542318
14767,OK,69.400,0.44,15941.99996907264
14768,OK,47.500,0.44,15883.899992331862
14769,OK,54.000,0.44,15923.200000543147
14770,OK,60.900,0.44,15902.800019830465
14771,OK,62.100,0.44,15957.599971443415
14772,OK,67.200,0.44,15874.499978963286
14773,OK,99.800,0.44,15897.299977950752
14774,OK,81.700,0.44,15862.399945035577
14775,OK,52.700,0.44,15935.399977024645
14776,OK,72.400,0.44,15893.400006461889
14777,OK,75.000,0.44,15876.099991146475
14778,OK,76.800,0.44,15911.099966615438
14779,OK,65.700,0.44,15901.800012215972
14780,OK,64.800,0.44,15898.899990133941
14781,OK,64.600,0.44,15871.800016611814
14782,OK,78.700,0.44,15879.200014751405
14783,OK,65.100,0.44,15913.79998717457
14784,OK,62.700,0.44,15917.799959424883
14785,OK,82.200,0.44,15813.900041393936
14786,OK,58.100,0.44,15908.300003502518
14787,OK,67.900,0.44,15909.700014162809
14788,OK,143.100,0.44,15737.8000440076
14789,OK,68.300,0.44,15879.100013989955
14790,OK,66.800,0.44,15974.900044966489
14791,OK,78.400,0.44,15871.299954596907
14792,OK,72.000,0.44,15871.700015850365
14793,OK,68.000,0.44,15857.699967455119
14794,OK,64.200,0.44,15971.200016792864
14795,OK,71.700,0.44,15905.699983704835
14796,OK,63.400,0.44,15893.10000417754
14797,OK,79.100,0.44,15853.100048843771
14798,OK,61.800,0.44,15907.399996649474
14799,OK,64.700,0.44,15950.199973303825
14800,OK,67.800,0.44,15897.899982519448
14801,OK,74.700,0.44,15704.9999688752
14802,OK,68.400,0.44,15869.099996052682
14803,OK,55.300,0.44,15954.700007569045
14804,OK,85.700,0.44,15904.099971521646
14805,OK,77.000,0.44,15876.499994192272
14806,OK,58.800,0.44,15899.09999165684
14807,OK,51.100,0.44,15911.300026345998
14808,OK,47.200,0.44,15917.800017632544
14809,OK,47.000,0.44,15964.200021699071
14810,OK,59.100,0.44,15859.499981161207
14811,OK,59.200,0.44,15978.000010363758
14812,OK,67.800,0.44,15827.100025489926
14813,OK,62.700,0.44,15936.699986923486
14814,OK,85.800,0.44,15873.099968302995
14815,OK,65.100,0.44,15899.299993179739
14816,OK,78.300,0.44,15819.700027350336
14817,OK,76.800,0.44,15871.299954596907
14818,OK,81.000,0.44,15896.20002778247
14819,OK,68.000,0.44,15832.300006877631
14820,OK,68.900,0.44,15918.900026008487
14821,OK,61.500,0.44,15889.799979049712
14822,OK,75.800,0.44,15896.599972620606
14823,OK,73.200,0.44,15879.8000193201
14824,OK,59.900,0.44,15932.800015434623
14825,OK,99.600,0.44,15843.999979551882
14826,OK,78.000,0.44,15943.70004022494
14827,OK,59.400,0.44,15861.099993344396
14828,OK,83.200,0.44,15811.100020073354
14829,OK,71.400,0.44,15970.10000841692
14830,OK,91.200,0.44,15860.299987252802
14831,OK,74.800,0.44,15885.100001469254
14832,OK,88.200,0.44,15882.69998319447
14833,OK,76.700,0.44,15908.00000121817
14834,OK,95.900,0.44,15882.499981671572
14835,OK,95.400,0.44,15878.900012467057
14836,OK,68.800,0.44,15831.600001547486
14837,OK,71.500,0.44,15935.499977786094
14838,OK,58.100,0.44,15894.100011792034
14839,OK,56.500,0.44,15934.299968648702
14840,OK,71.800,0.44,15829.899988602847
14841,OK,67.900,0.44,15951.799985487014
14842,OK,70.200,0.44,15847.900009248406
14843,OK,81.400,0.44,15840.500011108816
14844,OK,77.500,0.44,15849.500021431595
14845,OK,81.300,0.44,15948.499960359186
14846,OK,70.100,0.44,15840.299951378256
14847,OK,153.800,0.44,15778.300003148615
14848,OK,65.400,0.44,15876.499994192272
14849,OK,60.200,0.44,15852.599986828864
14850,OK,62.800,0.44,15900.099999271333
14851,OK,61.700,0.44,15899.399993941188
14852,OK,72.300,0.44,15897.099976427853
14853,OK,74.200,0.44,15918.700024485588
14854,OK,61.200,0.44,15876.599994953722
14855,OK,81.400,0.44,15877.900004852563
14856,OK,58.600,0.44,15916.9000107795
14857,OK,60.100,0.44,15869.900002144277
14858,OK,62.800,0.44,15941.99996907264
14859,OK,68.100,0.44,15910.9000233002
14860,OK,79.600,0.44,15887.299960013479
14861,OK,63.300,0.44,15861.399995628744
14862,OK,70.600,0.44,15904.000028967857
14863,OK,68.900,0.44,15916.9000107795
14864,OK,59.600,0.44,15845.499990973622
14865,OK,89.700,0.44,15869.49999909848
14866,OK,67.200,0.44,15915.099997073412
14867,OK,84.100,0.44,15895.500022452325
14868,OK,80.000,0.44,15873.89997439459
14869,OK,67.700,0.44,15903.70002668351
14870,OK,52.400,0.44,15932.100010104477
14871,OK,58.700,0.44,15897.500037681311
14872,OK,61.600,0.44,15934.400027617812
14873,OK,77.700,0.44,15917.700016871095
14874,OK,62.700,0.44,15879.000013228506
14875,OK,70.200,0.44,15894.70001636073
14876,OK,72.400,0.44,15859.000035561621
14877,OK,65.000,0.44,15863.60001238063
14878,OK,63.900,0.44,15854.400000534952
14879,OK,92.100,0.44,15856.000012718141
14880,OK,80.800,0.44,15915.600000880659
14881,OK,63.300,0.44,15839.79994757101
14882,OK,156.800,0.44,15786.000003572553
14883,OK,70.600,0.44,15890.19998209551
14884,OK,66.400,0.44,15887.600020505488
14885,OK,51.100,0.44,15918.600023724139
14886,OK,48.700,0.44,15969.600004609674
14887,OK,73.500,0.44,15764.500014483929
14888,OK,41.500,0.44,16053.20000089705
14889,OK,137.100,0.44,15726.300014648587
14890,OK,60.700,0.44,15911.999973468482
14891,OK,90.900,0.44,15828.799980226904
14892,OK,75.100,0.44,15963.600017130375
14893,OK,84.900,0.44,15888.299967627972
14894,OK,82.800,0.44,15873.600030317903
14895,OK,63.500,0.44,15832.600009161979
14896,OK,67.900,0.44,15966.499981004745
14897,OK,65.700,0.44,15882.999985478818
14898,OK,56.600,0.44,15872.200019657612
14899,OK,110.000,0.44,15859.20003708452
14900,OK,69.900,0.44,15928.399981930852
14901,OK,84.700,0.44,15773.999970406294
14902,OK,97.500,0.44,15773.800027091056
14903,OK,70.600,0.44,15922.099992167205
14904,OK,67.500,0.44,15863.900014664978
14905,OK,62.800,0.44,15830.79999545589
14906,OK,101.800,0.44,15892.299998085946
14907,OK,97.200,0.44,15839.90000654012
14908,OK,92.100,0.44,15855.800011195242
14909,OK,62.400,0.44,15885.70000603795
14910,OK,83.700,0.44,15871.400013566017
14911,OK,64.300,0.44,15898.100042250007
14912,OK,93.900,0.44,15740.70000788197
14913,OK,85.200,0.44,15876.199991907924
14914,OK,73.200,0.44,15885.399945545942
14915,OK,71.900,0.44,15890.999988187104
14916,OK,86.300,0.44,15889.499976765364
14917,OK,96.300,0.44,15837.299986742437
14918,OK,102.500,0.44,15791.799989528954
14919,OK,89.700,0.44,15867.500042077154
14920,OK,88.600,0.44,15860.399988014251
14921,OK,92.600,0.44,15861.899999435991
14922,OK,93.100,0.44,15868.499991483986
14923,OK,96.000,0.44,15834.099962376058
14924,OK,98.700,0.44,15863.999957218766
14925,OK,104.700,0.44,15912.699978798628
14926,OK,131.200,0.44,15785.600000526756
14927,OK,83.500,0.44,15853.19999139756
14928,OK,87.600,0.44,15868.799993768334
14929,OK,86.100,0.44,15819.300024304539
14930,OK,98.200,0.44,15853.499993681908
14931,OK,75.400,0.44,15866.100031416863
14932,OK,112.500,0.44,15882.599982433021
14933,OK,132.300,0.44,15726.299956440926
14934,OK,90.800,0.44,15828.200033865869
14935,OK,53.300,0.44,15897.299977950752
14936,OK,46.600,0.44,15937.69999453798
14937,OK,48.800,0.44,15917.199954856187
14938,OK,64.500,0.44,16007.800004445016
14939,OK,53.800,0.44,15921.999991405755
14940,OK,52.500,0.44,15915.900003165007
14941,OK,65.400,0.44,15851.099975407124
14942,OK,92.400,0.44,15884.899999946356
14943,OK,103.400,0.44,15857.300022616982
14944,OK,71.100,0.44,15875.000040978193
14945,OK,68.700,0.44,15861.699997913092
14946,OK,58.700,0.44,15904.400032013655
14947,OK,53.200,0.44,15897.5999802351
14948,OK,51.600,0.44,15913.299983367324
14949,OK,57.900,0.44,15949.000022374094
14950,OK,113.200,0.44,15808.900003321469
14951,OK,110.000,0.44,15865.300025325269
14952,OK,61.900,0.44,15867.89998691529
14953,OK,66.200,0.44,15925.300016533583
14954,OK,84.600,0.44,15915.700001642108
14955,OK,68.900,0.44,15916.500007733703
14956,OK,194.000,0.44,15716.399997472763
14957,OK,73.200,0.44,15846.900001633912
14958,OK,84.900,0.44,15859.199978876859
14959,OK,63.200,0.44,15874.299977440387
14960,OK,49.400,0.44,15874.999982770532
14961,OK,51.000,0.44,16155.700024683028
14962,OK,57.300,0.44,15889.100031927228
14963,OK,72.300,0.44,16021.099989302456
14964,OK,75.700,0.44,15699.09998215735
14965,OK,66.900,0.44,15834.899968467653
14966,OK,88.600,0.44,15840.500011108816
14967,OK,79.100,0.44,15978.300012648106
14968,OK,91.100,0.44,16088.79998093471
14969,OK,92.100,0.44,15679.200005251914
14970,OK,109.400,0.44,16079.100023489445
14971,OK,109.400,0.44,15638.39998561889
14972,OK,172.200,0.44,15939.600009005517
14973,OK,133.100,0.44,15531.300043221563
14974,OK,138.700,0.44,15650.499961338937
14975,OK,71.900,0.44,15951.200039125979
14976,OK,153.000,0.44,15678.39999916032
14977,OK,62.700,0.44,15852.999989874661
14978,OK,65.200,0.44,15913.199982605875
14979,OK,118.700,0.44,15894.500014837831
14980,OK,53.400,0.44,15826.900023967028
14981,OK,58.900,0.44,15948.999964166433
14982,OK,57.800,0.44,15889.799979049712
14983,OK,94.400,0.44,15849.599963985384
14984,OK,90.500,0.44,15870.000002905726
14985,OK,66.600,0.44,15889.700036495924
14986,OK,70.600,0.44,15933.900023810565
14987,OK,61.100,0.44,15889.700036495924
14988,OK,53.800,0.44,15906.799992080778
14989,OK,53.400,0.44,15971.49996086955
14990,OK,72.400,0.44,15872.40002118051
14991,OK,60.000,0.44,15931.300004012883
14992,OK,59.900,0.44,15910.800022538751
14993,OK,69.000,0.44,15892.399998847395
14994,OK,58.400,0.44,15910.199959762394
14995,OK,68.800,0.44,15879.000013228506
14996,OK,76.900,0.44,15814.099984709173
14997,OK,56.400,0.44,16001.200012397021
14998,OK,55.900,0.44,15911.400027107447
14999,OK,65.200,0.44,15801.900008227676
15000,OK,85.700,0.44,15917.600016109645
15001,OK,74.500,0.44,15842.100023292005
15002,OK,74.000,0.44,15865.399967879057
15003,OK,68.100,0.44,15833.000012207776
15004,OK,94.200,0.44,15919.100027531385
15005,OK,62.800,0.44,15909.000008832663
15006,OK,67.700,0.44,15873.200027272105
15007,OK,61.100,0.44,15888.59996991232
15008,OK,62.200,0.44,15878.700010944158
15009,OK,46.200,0.44,15949.40002541989
15010,OK,48.300,0.44,15941.100020427257
15011,OK,47.300,0.44,15853.100048843771
15012,OK,55.700,0.44,15944.800048600882
15013,OK,51.800,0.44,15929.999994114041
15014,OK,55.600,0.44,15882.79998395592
15015,OK,51.100,0.44,15912.999981082976
15016,OK,53.000,0.44,15968.199993949383
15017,OK,59.000,0.44,15912.100032437593
15018,OK,100.100,0.44,15796.499967109412
15019,OK,64.900,0.44,15957.300027366728
15020,OK,64.100,0.44,15908.700006548315
15021,OK,78.600,0.44,15882.499981671572
15022,OK,76.800,0.44,15870.200004428625
15023,OK,73.600,0.44,15923.300001304597
15024,OK,69.700,0.44,15867.99998767674
15025,OK,59.400,0.44,15890.30004106462
15026,OK,51.600,0.44,15912.700037006289
15027,OK,50.500,0.44,15955.800015944988
15028,OK,48.900,0.44,15926.599968224764
15029,OK,61.900,0.44,15876.79999647662
15030,OK,59.000,0.44,15937.199990730733
15031,OK,68.000,0.44,15846.499998588115
15032,OK,69.700,0.44,15880.099963396788
15033,OK,62.400,0.44,15866.400033701211
15034,OK,98.500,0.44,15886.200009845197
15035,OK,151.500,0.44,15752.199979033321
15036,OK,107.700,0.44,15956.099960021675
15037,OK,119.600,0.44,15715.39998985827
15038,OK,117.400,0.44,15796.69996863231
15039,OK,128.800,0.44,15756.300010252744
15040,OK,67.600,0.44,15891.299990471452
15041,OK,68.800,0.44,15875.39998581633
15042,OK,63.300,0.44,15979.1000187397
15043,OK,51.400,0.44,15963.300014846027
15044,OK,57.900,0.44,15910.400019492954
15045,OK,50.200,0.44,15920.500038191676
15046,OK,49.500,0.44,15885.600005276501
15047,OK,60.700,0.44,15909.200010355562
15048,OK,91.100,0.44,15909.40001187846
15049,OK,97.500,0.44,15806.399984285235
15050,OK,60.900,0.44,15906.199987512082
15051,OK,123.100,0.44,15846.599999349564
15052,OK,74.000,0.44,15881.000028457493
15053,OK,85.500,0.44,15925.100015010685
15054,OK,65.800,0.44,15840.899955946952
15055,OK,86.200,0.44,15912.29997575283
15056,OK,67.100,0.44,15852.099983021617
15057,OK,73.900,0.44,15908.400004263967
15058,OK,62.700,0.44,15820.000029634684
15059,OK,72.700,0.44,15992.800006642938
15060,OK,61.500,0.44,15862.300002481788
15061,OK,57.100,0.44,15928.6999842152
15062,OK,55.800,0.44,15861.599997151643
15063,OK,54.200,0.44,15979.20001950115
15064,OK,82.100,0.44,15894.000011030585
15065,OK,74.000,0.44,15916.9000107795
15066,OK,131.500,0.44,15789.999975822866
15067,OK,71.000,0.44,15863.800013903528
15068,OK,71.200,0.44,15934.899973217398
15069,OK,87.800,0.44,15794.700011610985
15070,OK,66.700,0.44,15979.999967385083
15071,OK,71.200,0.44,15868.199989199638
15072,OK,67.900,0.44,15864.000015426427
15073,OK,64.900,0.44,15846.399997826666
15074,OK,86.300,0.44,15851.999982260168
15075,OK,72.400,0.44,15944.699989631772
15076,OK,150.400,0.44,15766.999975312501
15077,OK,50.300,0.44,15862.300002481788
15078,OK,61.300,0.44,15950.700035318732
15079,OK,54.900,0.44,15903.699968475848
15080,OK,104.900,0.44,15824.700007215142
15081,OK,74.000,0.44,15882.399980910122
15082,OK,64.700,0.44,15966.900042258203
15083,OK,48.700,0.44,15910.79996433109
15084,OK,48.400,0.44,15943.000034894794
15085,OK,49.300,0.44,15828.10003310442
15086,OK,48.600,0.44,15994.499961379915
15087,OK,52.700,0.44,15834.099962376058
15088,OK,54.700,0.44,15986.50001687929
15089,OK,103.700,0.44,15796.200023032725
15090,OK,93.000,0.44,15910.100017208606
15091,OK,144.100,0.44,15771.100006531924
15092,OK,134.000,0.44,15813.799982424825
15093,OK,93.100,0.44,15862.700005527586
15094,OK,72.600,0.44,15754.899999592453
15095,OK,80.900,0.44,15894.500014837831
15096,OK,69.100,0.44,15889.199974481016
15097,OK,65.600,0.44,15915.199997834861
15098,OK,65.400,0.44,15823.49999807775
15099,OK,69.900,0.44,15910.9000233002
15100,OK,96.000,0.44,15804.399969056249
15101,OK,63.700,0.44,15901.600010693073
15102,OK,73.500,0.44,15886.800014413893
15103,OK,73.800,0.44,15835.900034289807
15104,OK,76.400,0.44,15909.300011117011
15105,OK,70.000,0.44,15937.999996822327
15106,OK,79.000,0.44,15877.199999522418
15107,OK,81.300,0.44,15804.0999667719
15108,OK,75.900,0.44,15873.200027272105
15109,OK,71.900,0.44,15951.299981679767
15110,OK,54.300,0.44,15860.799991060048
15111,OK,72.100,0.44,15879.099955782294
15112,OK,118.700,0.44,15879.300015512854
15113,OK,119.900,0.44,15719.200018793344
15114,OK,89.800,0.44,15825.299953576177
15115,OK,110.100,0.44,15899.699996225536
15116,OK,71.400,0.44,15838.499995879829
15117,OK,81.300,0.44,15901.99995553121
15118,OK,157.900,0.44,15737.299981992692
15119,OK,93.000,0.44,15876.099991146475
15120,OK,123.600,0.44,15803.499962203205
15121,OK,110.600,0.44,15840.200008824468
15122,OK,85.500,0.44,15880.000020843
15123,OK,109.100,0.44,15788.200020324439
15124,OK,73.300,0.44,15893.900010269135
15125,OK,71.800,0.44,15889.699978288263
15126,OK,71.400,0.44,15936.30004208535
15127,OK,67.800,0.44,15829.999989364296
15128,OK,60.600,0.44,16628.299956209958
15129,OK,149.500,0.44,15062.00002040714
15130,OK,103.700,0.44,15833.500016015023
15131,OK,99.800,0.44,15849.400020670146
15132,OK,101.500,0.44,15840.500011108816
15133,OK,74.300,0.44,15861.099993344396
15134,OK,67.500,0.44,15895.899967290461
15135,OK,78.100,0.44,15898.599987849593
15136,OK,86.800,0.44,15945.799998007715
15137,OK,75.300,0.44,15912.60003624484
15138,OK,71.100,0.44,15822.999994270504
15139,OK,85.500,0.44,15900.60000307858
15140,OK,136.200,0.44,15804.800030309707
15141,OK,70.900,0.44,15870.299946982414
15142,OK,72.100,0.44,15858.799975831062
15143,OK,67.900,0.44,15901.300008408725
15144,OK,64.900,0.44,15921.499987598509
15145,OK,105.500,0.44,15805.999981239438
15146,OK,86.900,0.44,15902.20001526177
15147,OK,123.000,0.44,15797.799977008253
15148,OK,70.200,0.44,15853.30005036667
15149,OK,96.000,0.44,15844.200039282441
15150,OK,101.900,0.44,15842.500026337802
15151,OK,104.800,0.44,15804.500028025359
15152,OK,85.600,0.44,15865.299967117608
15153,OK,93.400,0.44,15829.100040718913
15154,OK,103.100,0.44,15852.500044275075
15155,OK,95.800,0.44,15864.100016187876
15156,OK,91.300,0.44,15856.199956033379
15157,OK,95.700,0.44,15852.200041990727
15158,OK,94.800,0.44,15860.199986491352
15159,OK,96.100,0.44,15885.8000067994
15160,OK,88.100,0.44,15875.099983531982
15161,OK,94.800,0.44,15854.500001296401
15162,OK,77.700,0.44,15905.699983704835
15163,OK,100.800,0.44,15776.999993249774
15164,OK,124.900,0.44,15807.19999037683
15165,OK,96.400,0.44,15914.199990220368
15166,OK,100.900,0.44,15765.199961606413
15167,OK,93.700,0.44,15842.399967368692
15168,OK,72.200,0.44,15871.799958404154
15169,OK,107.100,0.44,15854.199999012053
15170,OK,85.500,0.44,15898.899990133941
15171,OK,73.900,0.44,15845.999994780868
15172,OK,93.500,0.44,16017.400019336492
15173,OK,106.000,0.44,15684.599988162518
15174,OK,125.200,0.44,15873.299969825894
15175,OK,165.200,0.44,15653.399983420968
15176,OK,105.100,0.44,15893.20000493899
15177,OK,67.400,0.44,15852.599986828864
15178,OK,60.200,0.44,15895.400021690875
15179,OK,45.400,0.44,15898.499987088144
15180,OK,46.900,0.44,15995.999972801656
15181,OK,51.900,0.44,15897.799981757998
15182,OK,51.600,0.44,15928.899985738099
15183,OK,53.700,0.44,15913.699986413121
15184,OK,50.500,0.44,15934.799972455949
15185,OK,189.300,0.44,15702.300006523728
15186,OK,63.300,0.44,15890.700044110417
15187,OK,71.000,0.44,15883.699990808964
15188,OK,86.900,0.44,15891.5999927558
15189,OK,107.800,0.44,15914.199990220368
15190,OK,78.100,0.44,15851.80003894493
15191,OK,94.800,0.44,15830.199990887195
15192,OK,77.500,0.44,15843.500033952296
15193,OK,72.800,0.44,15937.799995299429
15194,OK,122.600,0.44,15755.4000033997
15195,OK,98.300,0.44,15822.299988940358
15196,OK,86.600,0.44,15883.299987763166
15197,OK,66.700,0.44,15902.600018307567
15198,OK,94.000,0.44,15821.89998589456
15199,OK,63.100,0.44,15912.800037767738
15200,OK,94.300,0.44,15874.599979724735
15201,OK,76.800,0.44,15801.500005181879
15202,OK,88.900,0.44,15837.099985219538
15203,OK,163.800,0.44,15784.199989866465
15204,OK,77.500,0.44,15942.199970595539
15205,OK,63.800,0.44,16103.39997569099
15206,OK,132.300,0.44,15481.20001098141
15207,OK,51.100,0.44,16068.09999793768
15208,OK,112.900,0.44,15822.10004562512
15209,OK,113.000,0.44,15743.799973279238
15210,OK,63.900,0.44,15915.900003165007
15211,OK,36.800,0.44,15984.199999365956
15212,OK,60.500,0.44,15844.29998183623
15213,OK,54.700,0.44,15894.900017883629
15214,OK,46.900,0.44,16099.00000039488
15215,OK,47.300,0.44,15868.299989961088
15216,OK,88.800,0.44,15885.70000603795
15217,OK,97.300,0.44,15986.699960194528
15218,OK,117.200,0.44,15672.700013965368
15219,OK,144.900,0.44,15785.199997480959
15220,OK,129.800,0.44,15851.899981498718
15221,OK,145.200,0.44,16017.000016290694
15222,OK,123.700,0.44,15488.899953197688
15223,OK,124.100,0.44,15875.200042501092
15224,OK,89.200,0.44,15805.8000379242
15225,OK,140.200,0.44,15689.799969550222
15226,OK,59.300,0.44,15814.300044439733
15227,OK,52.000,0.44,15961.500001139939
15228,OK,63.000,0.44,15905.799984466285
15229,OK,49.600,0.44,15981.99998261407
15230,OK,56.800,0.44,15928.499982692301
15231,OK,61.300,0.44,15894.60001559928
15232,OK,64.600,0.44,15887.600020505488
15233,OK,73.500,0.44,15844.399982597679
15234,OK,58.500,0.44,15907.499997410923
15235,OK,53.300,0.44,15945.09999267757
15236,OK,62.800,0.44,15867.199981585145
15237,OK,52.000,0.44,15933.999966364354
15238,OK,62.400,0.44,15886.800014413893
15239,OK,56.700,0.44,15960.100048687309
15240,OK,87.400,0.44,15835.3999722749
15241,OK,46.100,0.44,15989.199979230762
15242,OK,111.900,0.44,15743.900032248348
15243,OK,79.200,0.44,15921.39998683706
15244,OK,68.800,0.44,15883.799991570413
15245,OK,64.300,0.44,15831.199998501688
15246,OK,64.500,0.44,15909.999958239496
15247,OK,145.300,0.44,15785.499999765307
15248,OK,53.900,0.44,15970.900014508516
15249,OK,57.500,0.44,15891.70005172491
15250,OK,67.600,0.44,15932.500013150275
15251,OK,58.700,0.44,15933.500020764768
15252,OK,72.600,0.44,15833.500016015023
15253,OK,69.500,0.44,15872.700023464859
15254,OK,70.900,0.44,15971.999964676797
15255,OK,76.100,0.44,15859.999984968454
15256,OK,71.300,0.44,15915.700001642108
15257,OK,78.900,0.44,15888.70002888143
15258,OK,69.000,0.44,15879.600017797202
15259,OK,63.300,0.44,15923.800005111843
15260,OK,64.400,0.44,15879.69996035099
15261,OK,61.700,0.44,15886.700013652444
15262,OK,69.200,0.44,15931.60000629723
15263,OK,67.300,0.44,15893.900010269135
15264,OK,65.900,0.44,15849.300019908696
15265,OK,84.000,0.44,15904.800035059452
15266,OK,65.500,0.44,15808.60000103712
15267,OK,81.700,0.44,15944.600047077984
15268,OK,76.300,0.44,15860.699990298599
15269,OK,79.400,0.44,15903.000021353364
15270,OK,67.600,0.44,15760.899987071753
15271,OK,63.800,0.44,16033.000021707267
15272,OK,67.200,0.44,15940.200013574213
15273,OK,69.100,0.44,15834.100020583719
15274,OK,59.100,0.44,15932.99995874986
15275,OK,68.900,0.44,15875.60004554689
15276,OK,64.500,0.44,15833.600016776472
15277,OK,69.200,0.44,15887.899964582175
15278,OK,56.000,0.44,15909.40001187846
15279,OK,61.600,0.44,15978.99995977059
15280,OK,61.600,0.44,15789.39997125417
15281,OK,65.900,0.44,16007.500002160668
15282,OK,85.900,0.44,15873.000025749207
15283,OK,74.100,0.44,15898.599987849593
15284,OK,77.500,0.44,15811.49996491149
15285,OK,74.300,0.44,15852.599986828864
15286,OK,54.700,0.44,16004.099976271391
15287,OK,87.500,0.44,15799.299988429993
15288,OK,49.400,0.44,15913.200040813535
15289,OK,58.100,0.44,16012.299980502576
15290,OK,66.500,0.44,15877.800004091114
15291,OK,65.200,0.44,15866.899979300797
15292,OK,70.000,0.44,15921.599988359958
15293,OK,68.200,0.44,15796.90002836287
15294,OK,55.800,0.44,16004.900040570647
15295,OK,65.600,0.44,15899.499994702637
15296,OK,65.600,0.44,15812.599973287433
15297,OK,65.400,0.44,16022.399999201298
15298,OK,60.000,0.44,15815.99999917671
15299,OK,68.900,0.44,15908.00000121817
15300,OK,85.900,0.44,15839.500003494322
15301,OK,106.900,0.44,15745.499986223876
15302,OK,85.200,0.44,15860.59998953715
15303,OK,56.400,0.44,15929.899993352592
15304,OK,69.900,0.44,15870.200004428625
15305,OK,62.100,0.44,15911.1000248231
15306,OK,62.800,0.44,15878.200007136911
15307,OK,84.200,0.44,15927.19997279346
15308,OK,60.300,0.44,15836.89998369664
15309,OK,58.900,0.44,15970.299951732159
15310,OK,62.900,0.44,15861.299994867295
15311,OK,56.200,0.44,15940.200013574213
15312,OK,67.600,0.44,15899.799996986985
15313,OK,57.900,0.44,15919.199970085174
15314,OK,62.100,0.44,15871.10001128167
15315,OK,54.600,0.44,15876.99999799952
15316,OK,54.200,0.44,15939.500008244067
15317,OK,62.700,0.44,15873.600030317903
15318,OK,71.600,0.44,15950.200031511486
15319,OK,71.700,0.44,15909.799956716597
15320,OK,155.900,0.44,15605.500026140362
15321,OK,67.700,0.44,15912.799979560077
15322,OK,56.800,0.44,15955.50001366064
15323,OK,58.900,0.44,15833.400015253574
15324,OK,70.800,0.44,15974.999987520278
15325,OK,74.300,0.44,15911.099966615438
15326,OK,77.400,0.44,15875.999990385026
15327,OK,64.300,0.44,15780.300018377602
15328,OK,84.600,0.44,15996.999980416149
15329,OK,80.900,0.44,15855.900011956692
15330,OK,66.900,0.44,15902.999963145703
15331,OK,67.500,0.44,15849.200019147247
15332,OK,101.300,0.44,15880.999970249832
15333,OK,68.400,0.44,15834.600024390966
15334,OK,80.600,0.44,15849.200019147247
15335,OK,80.900,0.44,15892.900002654642
15336,OK,64.600,0.44,15931.300004012883
15337,OK,78.800,0.44,15896.600030828267
15338,OK,77.000,0.44,15879.600017797202
15339,OK,63.700,0.44,15885.70000603795
15340,OK,61.200,0.44,15902.400016784668
15341,OK,61.300,0.44,15897.999983280897
15342,OK,59.300,0.44,15904.399973805994
15343,OK,136.200,0.44,15789.899975061417
15344,OK,72.700,0.44,15899.399993941188
15345,OK,62.600,0.44,15898.499987088144
15346,OK,68.300,0.44,15887.000015936792
15347,OK,61.500,0.44,15825.600014068186
15348,OK,57.200,0.44,15920.099976938218
15349,OK,65.400,0.44,15864.299959503114
15350,OK,44.100,0.44,15922.199992928654
15351,OK,33.600,0.44,15976.19999665767
15352,OK,57.300,0.44,15920.100035145879
15353,OK,44.100,0.44,15939.20000595972
15354,OK,48.400,0.44,15980.200027115643
15355,OK,50.200,0.44,15928.59998345375
15356,OK,53.300,0.44,15919.600031338632
15357,OK,62.600,0.44,15909.900015685707
15358,OK,55.800,0.44,15925.300016533583
15359,OK,61.900,0.44,15903.799969237298
15360,OK,88.300,0.44,15829.599986318499
15361,OK,51.600,0.44,15882.79998395592
15362,OK,63.500,0.44,15841.000014916062
15363,OK,132.200,0.44,15826.200018636882
15364,OK,64.500,0.44,15891.199989710003
15365,OK,51.000,0.44,15888.000023551285
15366,OK,50.800,0.44,15923.600003588945
15367,OK,64.500,0.44,15968.299994710833
15368,OK,55.600,0.44,15917.00001154095
15369,OK,60.200,0.44,15857.500024139881
15370,OK,114.800,0.44,15785.700001288205
15371,OK,105.100,0.44,15853.499993681908
15372,OK,74.900,0.44,15886.900015175343
15373,OK,55.000,0.44,15862.10000095889
15374,OK,60.400,0.44,15937.49999301508
15375,OK,57.400,0.44,15910.600021015853
15376,OK,57.000,0.44,15938.500000629574
15377,OK,74.900,0.44,15861.499996390194
15378,OK,61.500,0.44,15931.000001728535
15379,OK,165.900,0.44,15685.399994254112
15380,OK,78.700,0.44,15903.400024399161
15381,OK,83.300,0.44,15882.499981671572
15382,OK,66.400,0.44,15904.599975328892
15383,OK,58.300,0.44,15922.999999020249
15384,OK,54.900,0.44,15909.199952147901
15385,OK,69.100,0.44,15813.599980901927
15386,OK,72.100,0.44,15884.499996900558
15387,OK,73.800,0.44,15908.600005786866
15388,OK,87.700,0.44,15842.600027099252
15389,OK,73.200,0.44,15933.09995951131
15390,OK,77.400,0.44,15846.800000872463
15391,OK,104.900,0.44,15838.999999687076
15392,OK,110.700,0.44,15827.099967282265
15393,OK,120.500,0.44,15841.699962038547
15394,OK,95.900,0.44,15846.499998588115
15395,OK,107.800,0.44,15824.300004169345
15396,OK,101.600,0.44,15872.799966018647
15397,OK,107.700,0.44,15801.000001374632
15398,OK,95.900,0.44,15884.799999184906
15399,OK,77.600,0.44,15900.800004601479
15400,OK,103.300,0.44,15818.99996381253
15401,OK,96.500,0.44,15712.300024461001
15402,OK,106.100,0.44,15840.600011870265
15403,OK,110.300,0.44,15851.000032853335
15404,OK,100.900,0.44,15849.900024477392
15405,OK,116.400,0.44,15837.499988265336
15406,OK,88.700,0.44,15865.900029893965
15407,OK,110.100,0.44,15810.30001398176
15408,OK,82.800,0.44,15889.600035734475
15409,OK,94.100,0.44,15863.70001314208
15410,OK,93.100,0.44,15769.299992825836
15411,OK,53.800,0.44,15991.20005266741
15412,OK,92.100,0.44,15842.899971175939
15413,OK,79.300,0.44,15881.200029980391
15414,OK,100.900,0.44,15784.89999519661
15415,OK,95.600,0.44,15959.999989718199
15416,OK,86.400,0.44,15849.700022954494
15417,OK,61.000,0.44,15931.300004012883
15418,OK,86.700,0.44,15817.699953913689
15419,OK,61.300,0.44,15960.100048687309
15420,OK,74.600,0.44,15870.100003667176
15421,OK,59.800,0.44,15895.99996805191
15422,OK,61.900,0.44,15917.399956379086
15423,OK,68.000,0.44,15879.200014751405
15424,OK,60.300,0.44,15890.000038780272
15425,OK,67.800,0.44,15885.200002230704
15426,OK,90.900,0.44,15864.599961787462
15427,OK,85.200,0.44,15920.999983791262
15428,OK,193.000,0.44,15643.400023691356
15429,OK,61.100,0.44,15906.199987512082
15430,OK,60.000,0.44,15917.899960186332
15431,OK,65.400,0.44,15891.999995801598
15432,OK,60.100,0.44,15915.39999935776
15433,OK,78.800,0.44,15867.000038269907
15434,OK,67.300,0.44,15850.799973122776
15435,OK,70.000,0.44,15903.3999661915
15436,OK,91.800,0.44,15801.600005943328
15437,OK,75.100,0.44,15977.999952156097
15438,OK,62.400,0.44,15916.600008495152
15439,OK,70.900,0.44,15833.600016776472
15440,OK,67.300,0.44,15880.300023127347
15441,OK,68.100,0.44,15985.00000545755
15442,OK,74.800,0.44,15873.100026510656
15443,OK,75.300,0.44,15874.10003412515
15444,OK,63.600,0.44,15865.600027609617
15445,OK,61.100,0.44,15931.70000705868
15446,OK,52.400,0.44,16048.499965108931
15447,OK,87.600,0.44,15813.900041393936
15448,OK,107.600,0.44,15812.100027687848
15449,OK,110.100,0.44,15936.2000413239
15450,OK,111.800,0.44,15709.700004663318
15451,OK,89.600,0.44,16276.700014714152
15452,OK,90.600,0.44,15422.400028910488
15453,OK,84.000,0.44,16322.600014973432
15454,OK,68.100,0.44,15447.19998491928
15455,OK,70.100,0.44,16243.399993982166
15456,OK,70.800,0.44,15900.60000307858
15457,OK,122.600,0.44,16036.300046835095
15458,OK,141.100,0.44,15373.00000200048
15459,OK,132.600,0.44,15771.400008816272
15460,OK,130.400,0.44,15606.700035277754
15461,OK,117.200,0.44,16397.600003983825
15462,OK,63.700,0.44,15659.09996861592
15463,OK,61.000,0.44,15565.400011837482
15464,OK,61.700,0.44,15993.000008165836
15465,OK,202.700,0.44,15511.199948377907
15466,OK,60.200,0.44,15892.399998847395
15467,OK,80.400,0.44,15901.300008408725
15468,OK,75.800,0.44,15915.50000011921
15469,OK,79.200,0.44,15811.399964150041
15470,OK,72.800,0.44,15892.099996563047
15471,OK,52.600,0.44,15899.599995464087
15472,OK,59.700,0.44,15919.700032100081
15473,OK,56.700,0.44,15890.40004182607
15474,OK,55.700,0.44,15917.500015348196
15475,OK,58.100,0.44,15920.600038953125
15476,OK,67.500,0.44,15914.099989458919
15477,OK,62.100,0.44,15838.40005332604
15478,OK,62.900,0.44,15970.800013747066
15479,OK,58.100,0.44,15854.199999012053
15480,OK,45.800,0.44,15951.00003760308
15481,OK,36.500,0.44,15965.000027790666
15482,OK,49.600,0.44,15902.899962384254
15483,OK,37.600,0.44,15897.49997947365
15484,OK,45.800,0.44,15995.900030247867
15485,OK,50.500,0.44,15918.599965516478
15486,OK,47.800,0.44,15931.60000629723
15487,OK,50.300,0.44,15824.700007215142
15488,OK,64.100,0.44,15949.199965689331
15489,OK,74.000,0.44,15922.700054943562
15490,OK,79.600,0.44,15838.899998925626
15491,OK,101.800,0.44,15835.799975320697
15492,OK,119.500,0.44,15851.199976168573
15493,OK,111.900,0.44,15773.799968883395
15494,OK,117.100,0.44,15820.60003420338
15495,OK,104.100,0.44,15772.900020238012
15496,OK,80.800,0.44,15897.299977950752
15497,OK,104.000,0.44,15828.199975658208
15498,OK,75.700,0.44,15875.099983531982
15499,OK,78.200,0.44,15871.500014327466
15500,OK,78.200,0.44,15889.700036495924
15501,OK,104.600,0.44,15734.60001964122
15502,OK,124.700,0.44,15826.799964997917
15503,OK,133.300,0.44,15821.699984371662
15504,OK,119.800,0.44,15803.700021933764
15505,OK,206.700,0.44,15655.600000172853
15506,OK,86.900,0.44,15855.800011195242
15507,OK,73.100,0.44,15897.400036919862
15508,OK,74.100,0.44,15920.799982268363
15509,OK,95.200,0.44,15815.099992323667
15510,OK,60.600,0.44,15877.300000283867
15511,OK,68.700,0.44,15958.599979057908
15512,OK,59.600,0.44,15921.899990644306
15513,OK,54.200,0.44,15879.200014751405
15514,OK,50.200,0.44,15890.599985141307
15515,OK,49.000,0.44,15941.000019665807
15516,OK,58.700,0.44,15904.399973805994
15517,OK,59.700,0.44,15943.199978210032
15518,OK,65.000,0.44,15867.699985392392
15519,OK,57.600,0.44,15883.399988524616
15520,OK,56.200,0.44,15872.40002118051
15521,OK,65.700,0.44,15944.800048600882
15522,OK,93.100,0.44,15797.299973201007
15523,OK,72.800,0.44,15927.000029478222
15524,OK,59.400,0.44,15900.300000794232
15525,OK,53.400,0.44,15882.000036071986
15526,OK,56.900,0.44,15895.899967290461
15527,OK,112.200,0.44,15806.199982762337
15528,OK,62.600,0.44,15947.89995579049
15529,OK,58.400,0.44,15904.599975328892
15530,OK,62.000,0.44,15842.69996965304
15531,OK,49.000,0.44,16003.700031433254
15532,OK,52.900,0.44,15926.800027955323
15533,OK,61.800,0.44,15913.800045382231
15534,OK,63.900,0.44,15910.300018731505
15535,OK,67.100,0.44,15892.800001893193
15536,OK,70.700,0.44,15899.19999241829
15537,OK,71.200,0.44,15836.099977605045
15538,OK,69.100,0.44,15939.800010528415
15539,OK,69.200,0.44,15857.400023378432
15540,OK,87.900,0.44,15897.900040727109
15541,OK,96.900,0.44,15761.29999011755
15542,OK,56.000,0.44,15993.700013495982
15543,OK,74.900,0.44,15896.800032351166
15544,OK,72.400,0.44,15934.80003066361
15545,OK,70.200,0.44,15828.199975658208
15546,OK,73.700,0.44,15904.600033536553
15547,OK,55.400,0.44,15887.299960013479
15548,OK,53.600,0.44,15882.000036071986
15549,OK,54.000,0.44,15899.19999241829
15550,OK,82.900,0.44,15912.49997727573
15551,OK,67.400,0.44,15934.199967887253
15552,OK,60.300,0.44,15878.700010944158
15553,OK,84.000,0.44,15894.70001636073
15554,OK,61.500,0.44,15857.199963647872
15555,OK,57.100,0.44,15946.300001814961
15556,OK,78.000,0.44,15857.400023378432
15557,OK,60.000,0.44,15929.299988783896
15558,OK,65.800,0.44,15919.999976176769
15559,OK,50.100,0.44,15897.799981757998
15560,OK,48.700,0.44,15856.20001424104
15561,OK,72.400,0.44,15897.199977189302
15562,OK,51.100,0.44,16029.59999581799
15563,OK,134.700,0.44,15730.099985376
15564,OK,74.500,0.44,15788.600023370236
15565,OK,64.300,0.44,15901.000006124377
15566,OK,65.600,0.44,15949.300024658442
15567,OK,62.000,0.44,15912.599978037179
15568,OK,64.800,0.44,15911.799971945584
15569,OK,77.700,0.44,15867.200039792806
15570,OK,67.200,0.44,15916.200005449355
15571,OK,74.500,0.44,15884.599997662008
15572,OK,84.100,0.44,15852.599986828864
15573,OK,79.900,0.44,15945.499995723367
15574,OK,66.700,0.44,15878.100006375462
15575,OK,63.200,0.44,15917.700016871095
15576,OK,63.800,0.44,15892.499999608845
15577,OK,64.300,0.44,15835.900034289807
15578,OK,94.300,0.44,15834.400022868067
15579,OK,60.700,0.44,15898.400044534355
15580,OK,70.500,0.44,16008.90001282096
15581,OK,106.900,0.44,15673.399961087853
15582,OK,77.000,0.44,15842.199965845793
15583,OK,78.700,0.44,15886.199951637536
15584,OK,88.200,0.44,15858.400030992925
15585,OK,59.800,0.44,15906.800050288439
15586,OK,76.000,0.44,15882.999985478818
15587,OK,87.700,0.44,15856.599959079176
15588,OK,81.400,0.44,15899.19999241829
15589,OK,61.800,0.44,15884.099993854761
15590,OK,148.800,0.44,15925.099956803024
15591,OK,76.400,0.44,15849.799965508282
15592,OK,87.200,0.44,15833.200013730675
15593,OK,75.400,0.44,15932.100010104477
15594,OK,73.200,0.44,15922.400052659214
15595,OK,89.600,0.44,15752.800041809678
15596,OK,64.100,0.44,15891.399991232902
15597,OK,64.900,0.44,15884.599997662008
15598,OK,66.100,0.44,15909.50001263991
15599,OK,71.200,0.44,15921.19998531416
15600,OK,127.700,0.44,15792.799997143447
15601,OK,142.500,0.44,15764.999960083514
15602,OK,112.300,0.44,15825.500013306737
15603,OK,82.600,0.44,15876.99999799952
15604,OK,102.100,0.44,15765.80002438277
15605,OK,65.000,0.44,15936.499985400587
15606,OK,57.600,0.44,15924.20000815764
15607,OK,230.500,0.44,15765.299962367862
15608,OK,71.600,0.44,15834.900026675314
15609,OK,103.700,0.44,15814.399986993521
15610,OK,78.100,0.44,15906.39998903498
15611,OK,133.400,0.44,15806.999988853931
15612,OK,80.200,0.44,15870.700008235872
15613,OK,88.200,0.44,15910.9000233002
15614,OK,87.300,0.44,15902.399958577007
15615,OK,67.000,0.44,15888.59996991232
15616,OK,58.700,0.44,15982.09998337552
15617,OK,139.300,0.44,15689.099964220077
15618,OK,102.600,0.44,15900.800004601479
15619,OK,72.700,0.44,15836.599981412292
15620,OK,64.700,0.44,15906.39998903498
15621,OK,60.400,0.44,15913.099981844425
15622,OK,68.300,0.44,15889.999980572611
15623,OK,60.000,0.44,15908.00000121817
15624,OK,76.700,0.44,15882.100036833435
15625,OK,71.200,0.44,15892.399998847395
15626,OK,71.900,0.44,15939.400007482618
15627,OK,92.000,0.44,15824.100002646446
15628,OK,97.900,0.44,15814.199985470623
15629,OK,69.800,0.44,15893.000003416091
15630,OK,85.400,0.44,15871.899959165603
15631,OK,63.600,0.44,15873.999975156039
15632,OK,68.400,0.44,15868.099988438189
15633,OK,53.300,0.44,15975.899994373322
15634,OK,57.300,0.44,15845.299989450723
15635,OK,88.800,0.44,15896.199969574809
15636,OK,87.300,0.44,15861.899999435991
15637,OK,99.100,0.44,15832.899953238666
15638,OK,91.800,0.44,15862.900007050484
15639,OK,94.200,0.44,15876.499994192272
15640,OK,104.500,0.44,15863.900014664978
15641,OK,99.400,0.44,15851.299976930022
15642,OK,98.500,0.44,15842.999971937388
15643,OK,97.500,0.44,15814.59998851642
15644,OK,94.700,0.44,15848.300012294203
15645,OK,96.400,0.44,15886.600012890995
15646,OK,98.400,0.44,15834.299963898957
15647,OK,98.900,0.44,15837.599989026785
15648,OK,88.500,0.44,15859.899984207004
15649,OK,84.400,0.44,15855.300007387996
15650,OK,87.800,0.44,15907.90000045672
15651,OK,106.600,0.44,15832.200006116182
15652,OK,108.700,0.44,15834.200021345168
15653,OK,108.000,0.44,15873.500029556453
15654,OK,96.400,0.44,15826.900023967028
15655,OK,89.500,0.44,15800.599998328835
15656,OK,99.100,0.44,15897.69998099655
15657,OK,96.900,0.44,15815.899998415262
15658,OK,98.900,0.44,15831.900003831834
15659,OK,67.500,0.44,15894.60001559928
15660,OK,101.300,0.44,15877.300000283867
15661,OK,75.000,0.44,15896.199969574809
15662,OK,78.000,0.44,15945.399994961917
15663,OK,136.600,0.44,15640.799945686013
15664,OK,100.900,0.44,16009.900020435452
15665,OK,78.500,0.44,15778.400003910065
15666,OK,71.100,0.44,15859.20003708452
15667,OK,58.000,0.44,15923.200000543147
15668,OK,67.000,0.44,15895.100019406527
15669,OK,79.400,0.44,15961.800003424287
15670,OK,63.400,0.44,15879.90002008155
15671,OK,66.100,0.44,15900.200000032783
15672,OK,60.800,0.44,15907.699998933822
15673,OK,63.300,0.44,15897.299977950752
15674,OK,65.300,0.44,15891.299990471452
15675,OK,61.000,0.44,15870.500006712973
15676,OK,67.400,0.44,15932.100010104477
15677,OK,189.300,0.44,15687.600011005998
15678,OK,53.400,0.44,15904.499974567443
15679,OK,47.100,0.44,15931.200003251433
15680,OK,51.700,0.44,15911.199967376888
15681,OK,61.300,0.44,15955.40001289919
15682,OK,53.400,0.44,15930.29999639839
15683,OK,103.200,0.44,15819.699969142675
15684,OK,64.100,0.44,15936.899988446385
15685,OK,61.300,0.44,15910.9000233002
15686,OK,92.900,0.44,15728.999977000058
15687,OK,68.500,0.44,15832.599950954318
15688,OK,37.300,0.44,16274.499997962266
15689,OK,82.600,0.44,15542.10000904277
15690,OK,52.900,0.44,15935.500035993755
15691,OK,51.200,0.44,15944.400045555085
15692,OK,59.000,0.44,15948.899963404983
15693,OK,65.100,0.44,15889.899979811162
15694,OK,45.200,0.44,15824.200003407896
15695,OK,42.000,0.44,16106.900002341717
15696,OK,41.000,0.44,15810.0999542512
15697,OK,90.700,0.44,15951.800043694675
15698,OK,70.200,0.44,15842.500026337802
15699,OK,60.700,0.44,16046.500008087605
15700,OK,59.000,0.44,15940.999961458147
15701,OK,76.900,0.44,15647.699998226017
15702,OK,75.700,0.44,15900.800004601479
15703,OK,77.800,0.44,16134.999983478338
15704,OK,71.200,0.44,15562.7999920398
15705,OK,59.600,0.44,15827.099967282265
15706,OK,54.300,0.44,16009.100014343858
15707,OK,73.500,0.44,15919.299970846623
15708,OK,70.600,0.44,15808.70000179857
15709,OK,81.500,0.44,15865.600027609617
15710,OK,76.800,0.44,15907.399996649474
15711,OK,60.200,0.44,15805.099974386394
15712,OK,53.600,0.44,15987.500024493784
15713,OK,54.400,0.44,15889.099973719567
15714,OK,70.200,0.44,15929.699991829693
15715,OK,53.900,0.44,15901.200007647276
15716,OK,55.900,0.44,15915.599942672998
15717,OK,56.200,0.44,15872.40002118051
15718,OK,55.600,0.44,15894.000011030585
15719,OK,82.200,0.44,15889.699978288263
15720,OK,54.500,0.44,15954.400005284697
15721,OK,63.100,0.44,15874.199976678938
15722,OK,99.900,0.44,15851.69997997582
15723,OK,90.000,0.44,15860.899991821498
15724,OK,70.500,0.44,15897.099976427853
15725,OK,67.300,0.44,15935.99998159334
15726,OK,68.700,0.44,15910.400019492954
15727,OK,77.400,0.44,15831.800003070384
15728,OK,51.000,0.44,15947.800013236701
15729,OK,63.000,0.44,15841.1999582313
15730,OK,53.000,0.44,15948.800020851195
15731,OK,76.900,0.44,15848.80001610145
15732,OK,44.900,0.44,15916.200005449355
15733,OK,40.500,0.44,15928.79998497665
15734,OK,44.500,0.44,15984.900004696101
15735,OK,54.900,0.44,15811.600023880601
15736,OK,72.300,0.44,15939.00000443682
15737,OK,57.900,0.44,15826.700022444129
15738,OK,62.900,0.44,15950.800036080182
15739,OK,57.600,0.44,15958.900039549917
15740,OK,51.300,0.44,15909.100009594113
15741,OK,49.400,0.44,15845.79999325797
15742,OK,52.500,0.44,15979.1000187397
15743,OK,44.200,0.44,15922.6999967359
15744,OK,56.500,0.44,15938.500000629574
15745,OK,56.300,0.44,15881.19997177273
15746,OK,54.100,0.44,15966.899984050542
15747,OK,53.700,0.44,15885.90000756085
15748,OK,54.900,0.44,15952.599991578609
15749,OK,70.500,0.44,15866.999980062246
15750,OK,67.300,0.44,15903.49996695295
15751,OK,70.800,0.44,15840.400010347366
15752,OK,58.900,0.44,15916.100004687905
15753,OK,63.200,0.44,15927.40003252402
15754,OK,57.400,0.44,15922.299993690103
15755,OK,53.200,0.44,15942.399972118437
15756,OK,48.300,0.44,15904.800035059452
15757,OK,61.300,0.44,15914.10004766658
15758,OK,67.100,0.44,15902.800019830465
15759,OK,81.000,0.44,15846.599999349564
15760,OK,82.200,0.44,15884.699998423457
15761,OK,68.700,0.44,15894.200012553483
15762,OK,79.500,0.44,15883.499989286065
15763,OK,81.900,0.44,15886.999957729131
15764,OK,70.000,0.44,15822.599991224706
15765,OK,76.900,0.44,15941.799967549741
15766,OK,58.000,0.44,15827.399969566613
15767,OK,67.900,0.44,15960.299992002547
15768,OK,68.800,0.44,15865.199966356158
15769,OK,68.000,0.44,15875.599987339228
15770,OK,62.400,0.44,15973.700035829097
15771,OK,65.000,0.44,15842.79997041449
15772,OK,80.700,0.44,15920.599980745465
15773,OK,67.600,0.44,15889.799979049712
15774,OK,67.600,0.44,15918.200020678341
15775,OK,81.900,0.44,15780.999965500087
15776,OK,60.900,0.44,15886.000008322299
15777,OK,57.200,0.44,15952.49999081716
15778,OK,71.100,0.44,15885.299944784492
15779,OK,84.900,0.44,15926.699968986213
15780,OK,69.300,0.44,15815.499995369464
15781,OK,64.900,0.44,15978.900017216802
15782,OK,60.900,0.44,15837.199985980988
15783,OK,66.700,0.44,15867.499983869493
15784,OK,58.900,0.44,15975.799993611872
15785,OK,88.600,0.44,15856.300015002489
15786,OK,59.700,0.44,15940.099954605103
15787,OK,61.200,0.44,15881.900035310537
15788,OK,71.700,0.44,15872.099960688502
15789,OK,65.400,0.44,15927.30003176257
15790,OK,95.800,0.44,15791.199984960258
15791,OK,93.200,0.44,15894.500014837831
15792,OK,59.300,0.44,15912.199974991381
15793,OK,63.300,0.44,15924.40000968054
15794,OK,58.200,0.44,15860.4999887757
15795,OK,79.900,0.44,15888.59996991232
15796,OK,57.900,0.44,15908.699948340654
15797,OK,81.300,0.44,15910.9000233002
15798,OK,59.000,0.44,15940.000012051314
15799,OK,66.600,0.44,15893.20000493899
15800,OK,71.000,0.44,15902.700019069016
15801,OK,76.300,0.44,15772.899962030351
15802,OK,70.700,0.44,15866.50003446266
15803,OK,83.200,0.44,15887.500019744039
15804,OK,67.400,0.44,15871.600015088916
15805,OK,64.200,0.44,15889.400034211576
15806,OK,77.700,0.44,15869.39999833703
15807,OK,148.000,0.44,15742.300020065159
15808,OK,73.600,0.44,15885.300002992153
15809,OK,48.100,0.44,15954.0000022389
15810,OK,89.000,0.44,15866.099973209202
15811,OK,89.200,0.44,15847.20000391826
15812,OK,83.000,0.44,15872.099960688502
15813,OK,74.000,0.44,15882.899984717369
15814,OK,73.100,0.44,15870.300005190074
15815,OK,65.300,0.44,15876.000048592687
15816,OK,130.400,0.44,15768.999990541488
15817,OK,113.700,0.44,15906.59999055788
15818,OK,76.200,0.44,15891.500050202012
15819,OK,68.000,0.44,15789.100027177483
15820,OK,82.700,0.44,15946.300001814961
15821,OK,86.600,0.44,15856.499958317727
15822,OK,66.500,0.44,15891.69999351725
15823,OK,60.400,0.44,15859.699982684106
15824,OK,83.600,0.44,15904.700034298003
15825,OK,104.100,0.44,15881.399973295629
15826,OK,104.600,0.44,15838.499995879829
15827,OK,90.300,0.44,15804.899972863495
15828,OK,73.100,0.44,15937.099989969283
15829,OK,75.200,0.44,15868.899994529784
15830,OK,101.600,0.44,15841.499960515648
15831,OK,77.700,0.44,15843.00003014505
15832,OK,77.700,0.44,15941.699966788292
15833,OK,87.500,0.44,15855.100005865097
15834,OK,95.800,0.44,15887.700021266937
15835,OK,75.500,0.44,15887.100016698241
15836,OK,102.100,0.44,15766.899974551052
15837,OK,57.600,0.44,15952.699992340058
15838,OK,59.000,0.44,15923.500002827495
15839,OK,66.000,0.44,15892.600000370294
15840,OK,62.900,0.44,15903.5999677144
15841,OK,64.100,0.44,15912.300033960491
15842,OK,68.900,0.44,15884.39999613911
15843,OK,66.400,0.44,15844.09998031333
15844,OK,88.500,0.44,15910.000016447157
15845,OK,76.900,0.44,15876.599994953722
15846,OK,85.300,0.44,15908.700006548315
15847,OK,72.000,0.44,15880.800026934594
15848,OK,65.400,0.44,15909.800014924258
15849,OK,70.200,0.44,15919.299970846623
15850,OK,208.600,0.44,15715.899993665516
15851,OK,86.500,0.44,15784.400049597025
15852,OK,94.700,0.44,15834.100020583719
15853,OK,90.700,0.44,15883.099986240268
15854,OK,94.200,0.44,15842.100023292005
15855,OK,78.900,0.44,15958.799980580807
15856,OK,84.900,0.44,15860.100043937564
15857,OK,103.700,0.44,15818.699961528182
15858,OK,103.600,0.44,15852.399985305965
15859,OK,116.000,0.44,15951.300039887428
15860,OK,100.800,0.44,15703.300014138222
15861,OK,97.100,0.44,15821.599983610213
15862,OK,122.600,0.44,15806.899988092482
15863,OK,100.600,0.44,15788.399963639677
15864,OK,109.600,0.44,15808.099997229874
15865,OK,102.400,0.44,15866.60003522411
15866,OK,72.200,0.44,15896.299970336258
15867,OK,83.500,0.44,15897.400036919862
15868,OK,92.000,0.44,15825.700014829636
15869,OK,101.600,0.44,15850.599971599877
15870,OK,115.400,0.44,15836.200036574155
15871,OK,79.300,0.44,15963.800018653274
15872,OK,73.800,0.44,15806.199982762337
15873,OK,141.300,0.44,15689.300023950636
15874,OK,71.200,0.44,15800.199995283037
15875,OK,71.800,0.44,15946.599945891649
15876,OK,71.600,0.44,15858.800034038723
15877,OK,102.800,0.44,15822.299988940358
15878,OK,94.100,0.44,15874.800039455295
15879,OK,75.400,0.44,15867.400041315705
15880,OK,72.100,0.44,15870.000002905726
15881,OK,90.000,0.44,15865.699970163405
15882,OK,98.700,0.44,15862.500004004687
15883,OK,75.000,0.44,15833.700017537922
15884,OK,104.000,0.44,15842.300024814904
15885,OK,93.200,0.44,15856.800018809736
15886,OK,109.600,0.44,15849.400020670146
15887,OK,109.800,0.44,15848.000010009855
15888,OK,99.100,0.44,15817.800012882799
15889,OK,99.700,0.44,15833.200013730675
15890,OK,100.300,0.44,15865.20002456382
15891,OK,103.000,0.44,15824.200003407896
15892,OK,103.800,0.44,15861.199994105846
15893,OK,102.500,0.44,15835.50003124401
15894,OK,102.800,0.44,15833.500016015023
15895,OK,97.100,0.44,15853.299992159009
15896,OK,92.900,0.44,15864.400018472224
15897,OK,94.000,0.44,15836.099977605045
15898,OK,78.700,0.44,15898.300043772906
15899,OK,116.000,0.44,15825.699956621975
15900,OK,118.400,0.44,15837.199985980988
15901,OK,106.600,0.44,15665.10001430288
15902,OK,100.300,0.44,15848.600014578551
15903,OK,110.200,0.44,15831.700002308935
15904,OK,104.300,0.44,15833.399957045913
15905,OK,76.800,0.44,15870.700008235872
15906,OK,106.500,0.44,15876.599994953722
15907,OK,102.400,0.44,15793.300000950694
15908,OK,78.200,0.44,15857.80002642423
15909,OK,65.200,0.44,15947.199950460345
15910,OK,110.300,0.44,15824.700007215142
15911,OK,103.200,0.44,15876.79999647662
15912,OK,116.900,0.44,15830.699994694442
15913,OK,113.200,0.44,15805.999981239438
15914,OK,118.800,0.44,15814.300044439733
15915,OK,97.200,0.44,15789.800032507628
15916,OK,67.300,0.44,15883.599990047514
15917,OK,61.600,0.44,15801.700006704777
15918,OK,72.500,0.44,16037.399997003376
15919,OK,109.200,0.44,15712.599968537688
15920,OK,53.800,0.44,15899.699996225536
15921,OK,57.500,0.44,15933.999966364354
15922,OK,61.900,0.44,15906.999993603677
15923,OK,67.800,0.44,15897.80003996566
15924,OK,64.800,0.44,15969.300002325326
15925,OK,81.600,0.44,15876.700053922832
15926,OK,170.700,0.44,15680.700016673654
15927,OK,83.100,0.44,15857.80002642423
15928,OK,69.600,0.44,15882.599982433021
15929,OK,61.300,0.44,15964.499965775758
15930,OK,48.800,0.44,15898.799989372492
15931,OK,50.200,0.44,15917.200013063848
15932,OK,117.300,0.44,15789.39997125417
15933,OK,64.300,0.44,15971.80002136156
15934,OK,71.100,0.44,15830.199990887195
15935,OK,87.400,0.44,15893.299947492778
15936,OK,59.600,0.44,15823.699999600649
15937,OK,58.900,0.44,15864.500019233674
15938,OK,42.100,0.44,15976.599999703467
15939,OK,47.400,0.44,15935.099974740297
15940,OK,54.800,0.44,15920.900041237473
15941,OK,52.400,0.44,15932.300011627376
15942,OK,70.600,0.44,16082.199988886714
15943,OK,58.600,0.44,15989.50003972277
15944,OK,72.800,0.44,15653.09998113662
15945,OK,115.600,0.44,16188.599984161556
15946,OK,65.000,0.44,15474.600018933415
15947,OK,59.400,0.44,15949.300024658442
15948,OK,50.100,0.44,15827.099967282265
15949,OK,53.600,0.44,16485.399974044412
15950,OK,60.100,0.44,15792.899997904897
15951,OK,67.300,0.44,15557.300008367747
15952,OK,97.400,0.44,15791.10004240647
15953,OK,59.600,0.44,16247.699968516827
15954,OK,70.200,0.44,15579.400002025068
15955,OK,58.100,0.44,16256.700037047267
15956,OK,65.000,0.44,16059.799992945045
15957,OK,75.000,0.44,15455.399989150465
15958,OK,79.100,0.44,15845.199988689274
15959,OK,137.300,0.44,15763.500006869435
15960,OK,62.400,0.44,15927.499975077808
15961,OK,62.200,0.44,15807.999996468425
15962,OK,52.800,0.44,16056.899970863014
15963,OK,176.700,0.44,15539.000043645501
15964,OK,53.900,0.44,15968.899999279529
15965,OK,65.800,0.44,15880.000020843
15966,OK,64.000,0.44,15934.500028379261
15967,OK,69.500,0.44,15846.400056034327
15968,OK,61.100,0.44,15924.100007396191
15969,OK,93.100,0.44,15827.000024728477
15970,OK,71.700,0.44,15913.499984890223
15971,OK,54.300,0.44,15987.100021447986
15972,OK,61.200,0.44,15846.499998588115
15973,OK,59.000,0.44,15951.099980156869
15974,OK,55.500,0.44,15943.49998049438
15975,OK,60.500,0.44,15896.400029305369
15976,OK,66.100,0.44,15897.60003844276
15977,OK,66.400,0.44,15916.100004687905
15978,OK,101.100,0.44,15798.50004054606
15979,OK,118.800,0.44,15728.80003368482
15980,OK,45.100,0.44,16002.90002534166
15981,OK,48.000,0.44,16027.100034989417
15982,OK,1383.800,0.44,14464.300009422004
15983,OK,61.400,0.44,15853.799995966256
15984,OK,63.000,0.44,15993.600012734532
15985,OK,49.400,0.44,15921.19998531416
15986,OK,52.900,0.44,15913.499984890223
15987,OK,51.400,0.44,15879.79996111244
15988,OK,103.900,0.44,15909.60001340136
15989,OK,70.300,0.44,15902.700019069016
15990,OK,61.800,0.44,15906.49998979643
15991,OK,65.800,0.44,15802.500012796372
15992,OK,66.600,0.44,15988.299972377717
15993,OK,70.600,0.44,15849.100018385798
15994,OK,76.700,0.44,15933.700022287667
15995,OK,65.800,0.44,15926.700027193874
15996,OK,91.400,0.44,15810.799959581345
15997,OK,76.100,0.44,15875.29998505488
15998,OK,84.400,0.44,15853.999997489154
15999,OK,66.000,0.44,15859.399980399758
16000,OK,59.700,0.44,15969.400003086776
16001,OK,84.000,0.44,15704.600024037063
16002,OK,57.600,0.44,16163.900028914213
16003,OK,68.500,0.44,15627.000015228987
16004,OK,80.600,0.44,15903.299965430051
16005,OK,95.300,0.44,15853.299992159009
16006,OK,82.900,0.44,15945.199993439019
16007,OK,73.900,0.44,15890.30004106462
16008,OK,94.100,0.44,15853.30005036667
16009,OK,62.800,0.44,15858.100028708577
16010,OK,63.200,0.44,15853.999997489154
16011,OK,76.800,0.44,15865.499968640506
16012,OK,65.800,0.44,15909.499954432249
16013,OK,44.600,0.44,15973.799978382885
16014,OK,54.200,0.44,15949.799970258027
16015,OK,54.200,0.44,15837.999992072582
16016,OK,61.700,0.44,15884.799999184906
16017,OK,54.600,0.44,15882.199979387224
16018,OK,54.700,0.44,15983.999997843057
16019,OK,59.500,0.44,15927.999978885055
16020,OK,59.400,0.44,15898.400044534355
16021,OK,117.100,0.44,15822.799992747605
16022,OK,88.300,0.44,15803.799964487553
16023,OK,64.000,0.44,15970.000007655472
16024,OK,64.600,0.44,15933.800023049116
16025,OK,67.900,0.44,15875.000040978193
16026,OK,66.000,0.44,15821.399982087314
16027,OK,92.700,0.44,15925.500018056482
16028,OK,52.900,0.44,15937.999996822327
16029,OK,53.200,0.44,15874.10003412515
16030,OK,59.300,0.44,15842.500026337802
16031,OK,51.800,0.44,15982.30004310608
16032,OK,53.000,0.44,15891.999995801598
16033,OK,64.000,0.44,15958.50003650412
16034,OK,62.700,0.44,15841.40001796186
16035,OK,62.000,0.44,15911.1000248231
16036,OK,54.900,0.44,15932.100010104477
16037,OK,67.900,0.44,15855.300007387996
16038,OK,73.900,0.44,15927.999978885055
16039,OK,61.600,0.44,15887.20001745969
16040,OK,61.400,0.44,15900.599944870919
16041,OK,57.400,0.44,15959.69998743385
16042,OK,63.800,0.44,15869.099996052682
16043,OK,69.200,0.44,15879.700018558651
16044,OK,74.300,0.44,15828.299976419657
16045,OK,57.900,0.44,15925.000014249235
16046,OK,86.600,0.44,15946.50000333786
16047,OK,63.400,0.44,15927.29997355491
16048,OK,68.000,0.44,15862.800006289035
16049,OK,80.900,0.44,15945.499995723367
16050,OK,69.200,0.44,15824.000001884997
16051,OK,73.600,0.44,15961.600001901388
16052,OK,74.100,0.44,15800.799999851733
16053,OK,72.500,0.44,15939.10000519827
16054,OK,75.300,0.44,15882.80004216358
16055,OK,70.700,0.44,15880.200022365898
16056,OK,61.300,0.44,15866.699977777898
16057,OK,69.500,0.44,15887.100016698241
16058,OK,69.000,0.44,15852.199983783066
16059,OK,53.000,0.44,15906.100044958293
16060,OK,47.500,0.44,16029.199992772192
16061,OK,173.600,0.44,15675.4000345245
16062,OK,54.700,0.44,15939.00000443682
16063,OK,70.500,0.44,15871.199953835458
16064,OK,94.400,0.44,15900.099999271333
16065,OK,94.900,0.44,15730.19998613745
16066,OK,85.500,0.44,15915.199997834861
16067,OK,103.600,0.44,15840.700012631714
16068,OK,50.800,0.44,15944.799990393221
16069,OK,51.800,0.44,15898.099984042346
16070,OK,58.600,0.44,15897.69998099655
16071,OK,52.800,0.44,15966.899984050542
16072,OK,52.800,0.44,15889.300033450127
16073,OK,59.000,0.44,15928.59998345375
16074,OK,61.600,0.44,15950.99997939542
16075,OK,76.500,0.44,15882.099978625774
16076,OK,78.800,0.44,15882.100036833435
16077,OK,64.600,0.44,15866.499976255
16078,OK,84.800,0.44,15840.600011870265
16079,OK,79.600,0.44,15921.19998531416
16080,OK,66.100,0.44,15940.100012812763
16081,OK,74.000,0.44,15849.099960178137
16082,OK,62.100,0.44,15917.200013063848
16083,OK,67.500,0.44,15886.400011368096
16084,OK,56.200,0.44,15871.699957642704
16085,OK,66.000,0.44,15946.100000292063
16086,OK,70.000,0.44,15879.300015512854
16087,OK,64.800,0.44,15906.899992842227
16088,OK,66.400,0.44,15888.499969150871
16089,OK,59.800,0.44,15893.499949015677
16090,OK,75.300,0.44,15816.500002983958
16091,OK,69.600,0.44,15963.600017130375
16092,OK,67.000,0.44,15884.200052823871
16093,OK,62.900,0.44,15910.300018731505
16094,OK,61.900,0.44,15903.300023637712
16095,OK,91.600,0.44,15865.20002456382
16096,OK,63.300,0.44,15879.90002008155
16097,OK,49.300,0.44,15904.900035820901
16098,OK,63.200,0.44,15938.700002152473
16099,OK,66.500,0.44,15886.200009845197
16100,OK,66.900,0.44,15912.300033960491
16101,OK,76.800,0.44,15692.499990109354
16102,OK,68.100,0.44,15927.399974316359
16103,OK,76.300,0.44,15875.300043262541
16104,OK,157.000,0.44,15712.099964730442
16105,OK,124.100,0.44,15785.000054165721
16106,OK,71.500,0.44,15859.499981161207
16107,OK,52.800,0.44,15936.899988446385
16108,OK,41.600,0.44,15862.10000095889
16109,OK,77.300,0.44,15976.09999589622
16110,OK,49.700,0.44,15913.699986413121
16111,OK,86.000,0.44,15885.099943261594
16112,OK,60.700,0.44,15837.499988265336
16113,OK,57.000,0.44,16032.50001790002
16114,OK,81.300,0.44,15827.400027774274
16115,OK,72.500,0.44,15794.900013133883
16116,OK,101.200,0.44,15783.900045789778
16117,OK,93.300,0.44,15877.999947406352
16118,OK,76.400,0.44,15818.200015928596
16119,OK,80.200,0.44,15882.200037594885
16120,OK,93.100,0.44,15843.999979551882
16121,OK,94.200,0.44,15839.100000448525
16122,OK,93.100,0.44,15860.999992582947
16123,OK,88.500,0.44,15854.299999773502
16124,OK,89.600,0.44,15864.900022279471
16125,OK,86.900,0.44,15853.599994443357
16126,OK,89.100,0.44,15898.599987849593
16127,OK,87.600,0.44,15879.79996111244
16128,OK,76.900,0.44,15883.399988524616
16129,OK,70.600,0.44,15914.499992504716
16130,OK,124.700,0.44,15755.700005684048
16131,OK,90.000,0.44,15841.500018723309
16132,OK,119.200,0.44,15839.199943002313
16133,OK,112.300,0.44,15834.200021345168
16134,OK,89.000,0.44,15918.29996323213
16135,OK,96.000,0.44,15825.199952814728
16136,OK,72.100,0.44,15909.60001340136
16137,OK,86.800,0.44,15841.899963561445
16138,OK,86.000,0.44,15867.89998691529
16139,OK,95.800,0.44,15871.200012043118
16140,OK,89.600,0.44,15836.200036574155
16141,OK,92.600,0.44,15843.599976506084
16142,OK,69.800,0.44,15924.699953757226
16143,OK,72.300,0.44,15899.399993941188
16144,OK,85.800,0.44,15882.899984717369
16145,OK,92.300,0.44,15924.20000815764
16146,OK,70.500,0.44,15827.599971089512
16147,OK,91.200,0.44,15811.69996643439
16148,OK,74.200,0.44,15826.900023967028
16149,OK,65.400,0.44,15934.799972455949
16150,OK,63.100,0.44,15887.699963059276
16151,OK,63.200,0.44,15922.100050374866
16152,OK,68.000,0.44,15872.599964495748
16153,OK,67.700,0.44,15897.69998099655
16154,OK,68.000,0.44,15934.399969410151
16155,OK,64.700,0.44,15794.400009326637
16156,OK,60.500,0.44,16002.499964088202
16157,OK,66.200,0.44,15884.899999946356
16158,OK,58.700,0.44,15864.499961026013
16159,OK,61.300,0.44,15922.099992167205
16160,OK,77.700,0.44,15917.300013825297
16161,OK,151.100,0.44,15718.19995297119
16162,OK,55.200,0.44,15894.60001559928
16163,OK,49.200,0.44,15913.699986413121
16164,OK,47.700,0.44,15927.20003100112
16165,OK,50.000,0.44,15924.799954518676
16166,OK,54.500,0.44,15942.400030326098
16167,OK,72.600,0.44,15899.399993941188
16168,OK,131.500,0.44,15766.699973028153
16169,OK,45.300,0.44,15908.300003502518
16170,OK,62.000,0.44,15929.599991068244
16171,OK,58.400,0.44,15851.499978452921
16172,OK,48.100,0.44,15982.800046913326
16173,OK,58.200,0.44,15990.399988368154
16174,OK,37.100,0.44,15886.100009083748
16175,OK,118.300,0.44,15911.899972707033
16176,OK,108.200,0.44,15757.700020913035
16177,OK,76.300,0.44,16032.100014854223
16178,OK,67.500,0.44,16010.599967557937
16179,OK,78.000,0.44,15775.899984873831
16180,OK,83.400,0.44,16094.200022052974
16181,OK,123.000,0.44,15511.299949139357
16182,OK,117.300,0.44,15692.199987825006
16183,OK,92.400,0.44,16169.000009540468
16184,OK,89.300,0.44,15914.899995550513
16185,OK,79.300,0.44,16102.799971122295
16186,OK,107.300,0.44,15445.100027136505
16187,OK,130.500,0.44,15604.000014718622
16188,OK,101.400,0.44,15861.199994105846
16189,OK,63.200,0.44,15888.299967627972
16190,OK,53.400,0.44,15869.599999859929
16191,OK,51.000,0.44,15939.700009766966
16192,OK,63.300,0.44,17001.700005494058
16193,OK,133.900,0.44,14672.40002239123
16194,OK,58.200,0.44,15958.000032696873
16195,OK,170.700,0.44,15680.699958465993
16196,OK,74.900,0.44,15852.399985305965
16197,OK,63.400,0.44,16036.699991673231
16198,OK,179.800,0.44,15548.900002613664
16199,OK,68.500,0.44,15935.799980070442
16200,OK,72.800,0.44,15941.500023473054
16201,OK,61.200,0.44,15732.800005935133
16202,OK,91.700,0.44,15802.099951542914
16203,OK,79.500,0.44,15923.500002827495
16204,OK,94.600,0.44,15838.199993595481
16205,OK,85.000,0.44,15928.299981169403
16206,OK,63.400,0.44,15862.700005527586
16207,OK,71.400,0.44,15920.600038953125
16208,OK,55.500,0.44,15888.59996991232
16209,OK,44.200,0.44,15915.900003165007
16210,OK,49.900,0.44,15893.700008746237
16211,OK,64.100,0.44,15986.599959433079
16212,OK,60.200,0.44,15905.700041912496
16213,OK,67.900,0.44,15916.500007733703
16214,OK,58.100,0.44,15898.499987088144
16215,OK,66.700,0.44,15846.900001633912
16216,OK,48.200,0.44,15854.299999773502
16217,OK,47.600,0.44,15978.500014171004
16218,OK,58.700,0.44,15963.100013323128
16219,OK,56.100,0.44,15893.900010269135
16220,OK,49.000,0.44,15918.699966277927
16221,OK,53.500,0.44,15889.699978288263
16222,OK,39.800,0.44,15951.800043694675
16223,OK,52.000,0.44,15937.899996060878
16224,OK,55.300,0.44,15887.600020505488
16225,OK,56.300,0.44,15929.999994114041
16226,OK,64.100,0.44,15895.600023213774
16227,OK,47.700,0.44,15933.30001924187
16228,OK,77.800,0.44,15920.899983029813
16229,OK,59.500,0.44,15826.200018636882
16230,OK,73.700,0.44,15938.399999868125
16231,OK,53.500,0.44,15904.99997837469
16232,OK,66.400,0.44,15888.999972958118
16233,OK,52.400,0.44,15917.899960186332
16234,OK,54.000,0.44,15962.300007231534
16235,OK,56.500,0.44,15909.900015685707
16236,OK,60.700,0.44,15905.300038866699
16237,OK,56.700,0.44,15889.800037257373
16238,OK,49.900,0.44,15911.299968138337
16239,OK,52.500,0.44,15903.49996695295
16240,OK,51.900,0.44,15936.799987684935
16241,OK,112.300,0.44,15837.199985980988
16242,OK,59.000,0.44,15834.00001982227
16243,OK,102.400,0.44,15910.200017970055
16244,OK,75.700,0.44,15853.40005112812
16245,OK,67.400,0.44,15866.599977016449
16246,OK,68.000,0.44,15958.200034219772
16247,OK,66.900,0.44,15838.099992834032
16248,OK,87.500,0.44,15837.499988265336
16249,OK,58.600,0.44,15915.29999859631
16250,OK,55.300,0.44,15909.50001263991
16251,OK,61.300,0.44,15911.200025584549
16252,OK,67.900,0.44,15909.60001340136
16253,OK,55.000,0.44,15936.799987684935
16254,OK,52.700,0.44,15917.100012302399
16255,OK,62.800,0.44,15878.100006375462
16256,OK,70.900,0.44,15905.399981420487
16257,OK,65.700,0.44,15921.099984552711
16258,OK,92.100,0.44,15870.100003667176
16259,OK,67.300,0.44,15863.50001161918
16260,OK,58.600,0.44,15926.200023386627
16261,OK,62.100,0.44,15882.899984717369
16262,OK,64.700,0.44,15952.999994624406
16263,OK,74.900,0.44,15813.699981663376
16264,OK,58.200,0.44,15938.700002152473
16265,OK,53.900,0.44,15903.800027444959
16266,OK,80.800,0.44,15908.900008071214
16267,OK,68.300,0.44,15827.499970328063
16268,OK,57.000,0.44,15919.599973130971
16269,OK,97.600,0.44,15937.999996822327
16270,OK,63.700,0.44,15893.400006461889
16271,OK,61.100,0.44,15849.800023715943
16272,OK,60.400,0.44,15907.90000045672
16273,OK,81.200,0.44,15869.700000621378
16274,OK,64.600,0.44,15893.500007223338
16275,OK,102.300,0.44,15874.10003412515
16276,OK,58.600,0.44,15862.00000019744
16277,OK,99.700,0.44,15887.700021266937
16278,OK,72.300,0.44,15832.200006116182
16279,OK,98.900,0.44,15862.799948081374
16280,OK,79.500,0.44,15885.500004515052
16281,OK,90.000,0.44,15847.100003156811
16282,OK,67.900,0.44,15909.799956716597
16283,OK,53.600,0.44,15978.199953678995
16284,OK,54.100,0.44,15868.299989961088
16285,OK,90.400,0.44,15848.70001534
16286,OK,79.700,0.44,15916.700009256601
16287,OK,74.700,0.44,15867.799986153841
16288,OK,125.500,0.44,15739.09999569878
16289,OK,75.000,0.44,15902.999963145703
16290,OK,88.900,0.44,15909.50001263991
16291,OK,72.000,0.44,15821.199980564415
16292,OK,90.100,0.44,15893.400006461889
16293,OK,81.600,0.44,15873.299969825894
16294,OK,93.100,0.44,15974.300040397793
16295,OK,92.500,0.44,15772.699960507452
16296,OK,66.500,0.44,15866.800036747009
16297,OK,65.900,0.44,15936.2000413239
16298,OK,65.100,0.44,15827.89997337386
16299,OK,74.900,0.44,15933.900023810565
16300,OK,64.700,0.44,15858.499973546714
16301,OK,84.200,0.44,15737.399982754141
16302,OK,64.200,0.44,16012.599982786924
16303,OK,73.100,0.44,15885.600005276501
16304,OK,61.200,0.44,15887.699963059276
16305,OK,59.400,0.44,15922.500053420663
16306,OK,64.200,0.44,15814.999991562217
16307,OK,55.400,0.44,15958.899981342256
16308,OK,53.600,0.44,15919.300029054284
16309,OK,81.300,0.44,15884.099993854761
16310,OK,70.300,0.44,15914.499992504716
16311,OK,60.000,0.44,15918.900026008487
16312,OK,72.500,0.44,15914.699994027615
16313,OK,68.100,0.44,15865.700028371066
16314,OK,58.900,0.44,15907.599998172373
16315,OK,66.300,0.44,15885.100001469254
16316,OK,55.700,0.44,15864.100016187876
16317,OK,96.800,0.44,15737.300040200353
16318,OK,63.100,0.44,15887.20001745969
16319,OK,59.700,0.44,15916.000003926456
16320,OK,71.300,0.44,15794.600010849535
16321,OK,55.500,0.44,15892.700001131743
16322,OK,43.600,0.44,15932.100010104477
16323,OK,48.600,0.44,15928.300039377064
16324,OK,50.300,0.44,15915.800002403557
16325,OK,54.200,0.44,15919.000026769936
16326,OK,65.800,0.44,15942.500031087548
16327,OK,123.000,0.44,15830.000047571957
16328,OK,64.500,0.44,15905.799984466285
16329,OK,74.800,0.44,15896.499971859157
16330,OK,70.000,0.44,15897.899982519448
16331,OK,69.600,0.44,15794.700011610985
16332,OK,70.800,0.44,15913.599985651672
16333,OK,58.700,0.44,15930.699999444187
16334,OK,46.500,0.44,15951.299981679767
16335,OK,163.900,0.44,15707.699989434332
16336,OK,75.000,0.44,15922.399994451553
16337,OK,55.400,0.44,15941.89996831119
16338,OK,66.700,0.44,15860.399988014251
16339,OK,60.600,0.44,15897.200035396963
16340,OK,72.600,0.44,15920.100035145879
16341,OK,66.000,0.44,15873.100026510656
16342,OK,61.000,0.44,15909.000008832663
16343,OK,62.600,0.44,15827.800030820072
16344,OK,63.000,0.44,15930.09999487549
16345,OK,120.900,0.44,15889.999980572611
16346,OK,63.100,0.44,15861.899999435991
16347,OK,77.400,0.44,15794.200007803738
16348,OK,65.200,0.44,16016.2000101991
16349,OK,78.000,0.44,15896.09996881336
16350,OK,96.000,0.44,15840.700012631714
16351,OK,76.300,0.44,15802.999958395958
16352,OK,101.100,0.44,15850.499970838428
16353,OK,101.800,0.44,15860.399988014251
16354,OK,94.500,0.44,15871.00001052022
16355,OK,90.100,0.44,15827.79997261241
16356,OK,91.500,0.44,15875.999990385026
16357,OK,88.800,0.44,15869.199996814132
16358,OK,87.400,0.44,15854.500001296401
16359,OK,91.400,0.44,15873.399970587343
16360,OK,108.500,0.44,15832.200006116182
16361,OK,87.700,0.44,15864.500019233674
16362,OK,88.000,0.44,15897.69998099655
16363,OK,86.000,0.44,15858.499973546714
16364,OK,118.800,0.44,15849.599963985384
16365,OK,109.100,0.44,15823.899942915887
16366,OK,100.900,0.44,15856.800018809736
16367,OK,106.900,0.44,15798.099979292601
16368,OK,75.400,0.44,15927.900036331266
16369,OK,92.800,0.44,15784.89999519661
16370,OK,89.900,0.44,15959.400043357164
16371,OK,97.900,0.44,15790.699981153011
16372,OK,98.100,0.44,15818.099956959486
16373,OK,94.600,0.44,15847.900009248406
16374,OK,98.600,0.44,15838.999999687076
16375,OK,90.800,0.44,15814.799990039319
16376,OK,55.400,0.44,15951.500041410327
16377,OK,95.900,0.44,15863.100008573383
16378,OK,106.400,0.44,15848.900016862899
16379,OK,125.700,0.44,15863.70001314208
16380,OK,148.600,0.44,15705.699974205345
16381,OK,93.500,0.44,15818.200015928596
16382,OK,83.500,0.44,15845.599991735071
16383,OK,56.900,0.44,15913.599985651672
