bloco,status,tempo_python_us,tempo_fpga_us,rtt_total_us
0,OK,10775.400,0.44,10030.40000796318
1,OK,74.100,0.44,16156.200028490275
2,OK,154.400,0.44,15554.299985524267
3,OK,147.300,0.44,15519.000007770956
4,OK,76.000,0.44,15881.100029218942
5,OK,87.500,0.44,15893.400006461889
6,OK,82.600,0.44,15913.99998869747
7,OK,83.600,0.44,15910.9000233002
8,OK,75.100,0.44,15829.899988602847
9,OK,71.500,0.44,15894.299955107272
10,OK,64.400,0.44,16024.400014430285
11,OK,124.800,0.44,15743.699972517788
12,OK,96.500,0.44,15885.90000756085
13,OK,218.100,0.44,15593.699994497001
14,OK,95.300,0.44,15905.399981420487
15,OK,70.000,0.44,15886.800014413893
16,OK,64.700,0.44,15905.300038866699
17,OK,68.300,0.44,15893.500007223338
18,OK,78.000,0.44,15885.8000067994
19,OK,78.000,0.44,15838.499995879829
20,OK,107.400,0.44,15795.000013895333
21,OK,90.000,0.44,15850.40002828464
22,OK,110.700,0.44,15889.099973719567
23,OK,91.800,0.44,15803.700021933764
24,OK,108.300,0.44,15860.099985729903
25,OK,109.000,0.44,15819.000022020191
26,OK,100.100,0.44,15849.400020670146
27,OK,87.300,0.44,15874.199976678938
28,OK,87.000,0.44,15863.000007811934
29,OK,102.500,0.44,15823.900001123548
30,OK,80.500,0.44,15856.599959079176
31,OK,71.500,0.44,15889.100031927228
32,OK,92.100,0.44,15858.099970500916
33,OK,83.600,0.44,15888.100024312735
34,OK,94.400,0.44,15872.199961449951
35,OK,104.100,0.44,15850.699972361326
36,OK,106.300,0.44,15865.500026848167
37,OK,97.200,0.44,15847.500006202608
38,OK,98.800,0.44,15859.500039368868
39,OK,97.100,0.44,15867.500042077154
40,OK,113.200,0.44,15813.000034540892
41,OK,95.900,0.44,15851.299976930022
42,OK,103.300,0.44,15848.300012294203
43,OK,101.700,0.44,15805.499977432191
44,OK,90.300,0.44,15938.800002913922
45,OK,94.400,0.44,15800.199995283037
46,OK,86.000,0.44,15800.199995283037
47,OK,40.800,0.44,15980.900032445788
48,OK,97.000,0.44,15848.80001610145
49,OK,106.200,0.44,15956.299961544573
50,OK,140.300,0.44,15973.500034306198
51,OK,229.900,0.44,15385.300037451088
52,OK,78.900,0.44,15899.500052910298
53,OK,80.000,0.44,15842.899971175939
54,OK,52.700,0.44,15938.199998345226
55,OK,70.800,0.44,15889.599977526814
56,OK,58.900,0.44,15980.799973476678
57,OK,63.400,0.44,15892.099996563047
58,OK,60.200,0.44,15913.199982605875
59,OK,64.600,0.44,15902.399958577007
60,OK,65.500,0.44,15898.799989372492
61,OK,73.400,0.44,15895.499964244664
62,OK,70.400,0.44,15922.999999020249
63,OK,69.500,0.44,15823.5999988392
64,OK,93.000,0.44,15836.200036574155
65,OK,53.300,0.44,15860.59998953715
66,OK,54.500,0.44,15939.00000443682
67,OK,52.200,0.44,15918.899967800826
68,OK,60.900,0.44,15857.799968216568
69,OK,69.500,0.44,15924.800012726337
70,OK,72.200,0.44,15893.999952822924
71,OK,104.200,0.44,15864.800021518022
72,OK,96.500,0.44,15879.700018558651
73,OK,128.000,0.44,15771.200007293373
74,OK,81.700,0.44,15864.600019995123
75,OK,118.100,0.44,15917.900018393993
76,OK,113.300,0.44,15730.599989183247
77,OK,114.300,0.44,15818.599960766733
78,OK,105.200,0.44,15844.699984882027
79,OK,88.500,0.44,15880.599967204034
80,OK,84.100,0.44,15883.999993093312
81,OK,104.300,0.44,15776.499989442527
82,OK,90.600,0.44,15886.400011368096
83,OK,77.100,0.44,15858.799975831062
84,OK,65.500,0.44,15997.600043192506
85,OK,57.300,0.44,15969.500003848225
86,OK,71.200,0.44,15834.699966944754
87,OK,88.200,0.44,15879.899961873889
88,OK,155.900,0.44,15702.499949838966
89,OK,110.800,0.44,15883.499989286065
90,OK,84.500,0.44,15902.400016784668
91,OK,85.400,0.44,15825.300011783838
92,OK,52.600,0.44,15978.399955201894
93,OK,59.500,0.44,16085.899958852679
94,OK,111.100,0.44,15789.900033269078
95,OK,76.600,0.44,15849.199960939586
96,OK,99.000,0.44,15926.100022625178
97,OK,152.300,0.44,16153.700009454042
98,OK,143.600,0.44,15834.099962376058
99,OK,145.200,0.44,15354.799979832023
100,OK,142.200,0.44,15731.299994513392
101,OK,137.800,0.44,15312.800009269267
102,OK,108.100,0.44,15804.899972863495
103,OK,92.500,0.44,15990.299987606704
104,OK,167.600,0.44,15549.900010228157
105,OK,123.700,0.44,15825.900016352534
106,OK,83.200,0.44,15974.100038874894
107,OK,178.900,0.44,15675.100032240152
108,OK,94.600,0.44,15860.099985729903
109,OK,72.500,0.44,15856.500016525388
110,OK,69.400,0.44,15897.000033874065
111,OK,82.700,0.44,15877.999947406352
112,OK,60.100,0.44,15921.100042760372
113,OK,60.200,0.44,15918.30002143979
114,OK,57.300,0.44,15908.400004263967
115,OK,57.800,0.44,15954.599948599935
116,OK,65.500,0.44,15898.899990133941
117,OK,65.900,0.44,15883.799991570413
118,OK,64.700,0.44,15889.200032688677
119,OK,62.000,0.44,15936.399984639138
120,OK,69.800,0.44,15888.300025835633
121,OK,65.600,0.44,15879.400016274303
122,OK,63.600,0.44,15900.200000032783
123,OK,59.600,0.44,15878.399950452149
124,OK,51.900,0.44,15935.200033709407
125,OK,54.100,0.44,15941.600024234504
126,OK,65.000,0.44,15874.799981247634
127,OK,62.500,0.44,15906.299988273531
128,OK,53.000,0.44,15918.100019916892
129,OK,75.300,0.44,15927.09997203201
130,OK,65.400,0.44,15821.89998589456
131,OK,67.800,0.44,15882.80004216358
132,OK,58.200,0.44,16203.199978917837
133,OK,54.800,0.44,15598.50003104657
134,OK,58.300,0.44,15943.799982778728
135,OK,45.200,0.44,15930.19999563694
136,OK,51.300,0.44,15914.899995550513
137,OK,53.600,0.44,15939.600009005517
138,OK,54.900,0.44,15918.50002296269
139,OK,64.100,0.44,15859.299979638308
140,OK,47.700,0.44,15953.299996908754
141,OK,48.000,0.44,15917.600016109645
142,OK,53.200,0.44,15907.399996649474
143,OK,49.200,0.44,15893.400006461889
144,OK,57.600,0.44,15921.099984552711
145,OK,50.300,0.44,15929.300046991557
146,OK,70.400,0.44,15894.400014076382
147,OK,69.600,0.44,15987.100021447986
148,OK,59.700,0.44,15898.399986326694
149,OK,65.400,0.44,15867.99998767674
150,OK,54.000,0.44,15884.499996900558
151,OK,54.800,0.44,15943.999984301627
152,OK,50.300,0.44,15927.900036331266
153,OK,58.900,0.44,15920.099976938218
154,OK,63.600,0.44,15911.00002406165
155,OK,67.800,0.44,15898.499987088144
156,OK,79.300,0.44,15898.199984803796
157,OK,76.300,0.44,15863.39995265007
158,OK,65.100,0.44,15881.699975579977
159,OK,59.600,0.44,15930.29999639839
160,OK,67.600,0.44,15791.499987244606
161,OK,66.900,0.44,15889.400034211576
162,OK,59.600,0.44,15903.299965430051
163,OK,58.800,0.44,15993.299952242523
164,OK,64.800,0.44,15885.400003753603
165,OK,68.400,0.44,15901.100006885827
166,OK,65.500,0.44,15938.600001391023
167,OK,70.600,0.44,15863.200009334832
168,OK,65.100,0.44,15879.700018558651
169,OK,65.500,0.44,15896.10002702102
170,OK,62.600,0.44,15929.599991068244
171,OK,79.700,0.44,15837.00004266575
172,OK,72.500,0.44,15919.69997389242
173,OK,65.700,0.44,15875.099983531982
174,OK,57.600,0.44,15934.70002990216
175,OK,64.100,0.44,15898.99999089539
176,OK,66.600,0.44,15888.999972958118
177,OK,64.500,0.44,15896.900033112615
178,OK,62.800,0.44,15912.200033199042
179,OK,62.100,0.44,15840.400010347366
180,OK,85.700,0.44,15841.499960515648
181,OK,58.800,0.44,15933.799964841455
182,OK,69.400,0.44,15857.000020332634
183,OK,87.000,0.44,15870.000002905726
184,OK,88.500,0.44,15889.000031165779
185,OK,84.100,0.44,15861.000050790608
186,OK,75.200,0.44,15887.20001745969
187,OK,69.800,0.44,15916.700009256601
188,OK,58.200,0.44,15953.90000147745
189,OK,65.700,0.44,15872.50002194196
190,OK,104.200,0.44,15757.199958898127
191,OK,78.500,0.44,15896.09996881336
192,OK,66.400,0.44,15986.700018402189
193,OK,76.100,0.44,15873.599972110242
194,OK,92.800,0.44,15771.299949847162
195,OK,60.400,0.44,15983.59999479726
196,OK,58.000,0.44,15917.899960186332
197,OK,57.500,0.44,15938.099997583777
198,OK,87.000,0.44,15873.89997439459
199,OK,71.400,0.44,15894.900017883629
200,OK,67.400,0.44,15900.900005362928
201,OK,83.300,0.44,15665.999962948263
202,OK,74.600,0.44,15851.299976930022
203,OK,59.000,0.44,15925.000014249235
204,OK,71.600,0.44,15915.800002403557
205,OK,44.800,0.44,15965.5999741517
206,OK,53.700,0.44,15898.99999089539
207,OK,110.600,0.44,15813.399979379028
208,OK,73.500,0.44,15898.199984803796
209,OK,57.900,0.44,15918.39996399358
210,OK,62.300,0.44,15898.99999089539
211,OK,69.500,0.44,15903.999970760196
212,OK,67.400,0.44,15663.39994315058
213,OK,73.400,0.44,15969.100000802428
214,OK,64.200,0.44,15875.899989623576
215,OK,63.000,0.44,15928.099979646504
216,OK,63.600,0.44,15891.100047156215
217,OK,59.400,0.44,15876.099991146475
218,OK,112.800,0.44,15847.800008486956
219,OK,65.400,0.44,15885.000000707805
220,OK,57.100,0.44,15908.400004263967
221,OK,58.100,0.44,15921.099984552711
222,OK,61.800,0.44,15893.900010269135
223,OK,60.800,0.44,15913.000039290637
224,OK,69.300,0.44,15849.200019147247
225,OK,46.800,0.44,15947.599953506142
226,OK,60.300,0.44,15928.399981930852
227,OK,60.600,0.44,15899.499994702637
228,OK,58.600,0.44,15900.400001555681
229,OK,53.100,0.44,15920.800040476024
230,OK,52.800,0.44,15917.100012302399
231,OK,51.000,0.44,15917.800017632544
232,OK,51.400,0.44,15934.100025333464
233,OK,54.900,0.44,15932.400012388825
234,OK,60.100,0.44,15892.299998085946
235,OK,53.700,0.44,15927.09997203201
236,OK,56.700,0.44,15879.200014751405
237,OK,69.300,0.44,15929.300046991557
238,OK,80.100,0.44,15823.5999988392
239,OK,50.100,0.44,15963.600017130375
240,OK,53.200,0.44,15906.59999055788
241,OK,78.400,0.44,15845.999994780868
242,OK,64.400,0.44,15917.700016871095
243,OK,59.000,0.44,15925.90002110228
244,OK,68.600,0.44,15894.000011030585
245,OK,64.300,0.44,15918.900026008487
246,OK,72.600,0.44,15838.899998925626
247,OK,58.100,0.44,15897.199977189302
248,OK,50.000,0.44,15949.40002541989
249,OK,139.900,0.44,15762.199996970594
250,OK,89.300,0.44,15801.600005943328
251,OK,43.600,0.44,15969.700005371124
252,OK,51.800,0.44,15904.199972283095
253,OK,43.400,0.44,15924.29995071143
254,OK,46.800,0.44,15926.099964417517
255,OK,51.500,0.44,16003.700031433254
256,OK,152.900,0.44,15708.899998571724
257,OK,57.500,0.44,15904.000028967857
258,OK,54.600,0.44,15908.400004263967
259,OK,54.100,0.44,15920.399979222566
260,OK,56.100,0.44,15901.500009931624
261,OK,60.900,0.44,15889.600035734475
262,OK,79.100,0.44,15877.300000283867
263,OK,71.000,0.44,15887.599962297827
264,OK,95.200,0.44,15879.500017035753
265,OK,86.500,0.44,15857.299964409322
266,OK,88.700,0.44,15848.799957893789
267,OK,98.900,0.44,15860.399988014251
268,OK,104.000,0.44,15853.899996727705
269,OK,105.900,0.44,15847.700007725507
270,OK,92.100,0.44,15871.10001128167
271,OK,95.500,0.44,15825.500013306737
272,OK,92.000,0.44,15881.600033026189
273,OK,92.900,0.44,15818.600018974394
274,OK,97.300,0.44,16166.699992027134
275,OK,94.100,0.44,15540.099993813783
276,OK,103.400,0.44,15807.30004934594
277,OK,67.800,0.44,15899.399993941188
278,OK,66.600,0.44,15915.29999859631
279,OK,87.900,0.44,15872.60002270341
280,OK,93.600,0.44,15865.20002456382
281,OK,98.400,0.44,15853.699995204806
282,OK,101.900,0.44,15849.600022193044
283,OK,94.600,0.44,15818.199957720935
284,OK,74.900,0.44,15900.50000231713
285,OK,58.900,0.44,15944.799990393221
286,OK,99.900,0.44,15863.70001314208
287,OK,101.500,0.44,15837.799990549684
288,OK,132.800,0.44,15804.399969056249
289,OK,103.300,0.44,15761.399990879
290,OK,63.700,0.44,15878.50000942126
291,OK,56.500,0.44,15967.399987857789
292,OK,158.400,0.44,15836.599981412292
293,OK,78.000,0.44,15860.699990298599
294,OK,62.200,0.44,15914.399991743267
295,OK,72.700,0.44,15895.000018645078
296,OK,57.800,0.44,15916.200005449355
297,OK,58.800,0.44,15899.299993179739
298,OK,54.400,0.44,15946.40000257641
299,OK,69.100,0.44,15866.900037508458
300,OK,60.400,0.44,15930.699999444187
301,OK,77.200,0.44,15747.90000449866
302,OK,121.600,0.44,15845.499990973622
303,OK,67.200,0.44,15890.399983618408
304,OK,66.800,0.44,15926.699968986213
305,OK,79.100,0.44,15857.60002490133
306,OK,75.000,0.44,15883.999993093312
307,OK,80.100,0.44,15880.700026173145
308,OK,63.300,0.44,16007.400001399219
309,OK,198.100,0.44,15580.60001116246
310,OK,67.800,0.44,15894.900017883629
311,OK,56.100,0.44,15839.300001971424
312,OK,71.800,0.44,15852.999989874661
313,OK,64.500,0.44,15952.899993862957
314,OK,50.900,0.44,15905.999985989183
315,OK,48.700,0.44,15968.79999851808
316,OK,52.200,0.44,15864.79996331036
317,OK,53.700,0.44,15967.900049872696
318,OK,62.200,0.44,15970.30000993982
319,OK,70.000,0.44,15832.800010684878
320,OK,93.500,0.44,16173.899988643825
321,OK,124.500,0.44,15734.60001964122
322,OK,132.000,0.44,15603.200008627027
323,OK,130.700,0.44,15723.099990282208
324,OK,138.300,0.44,15839.90000654012
325,OK,69.000,0.44,15871.600015088916
326,OK,56.600,0.44,16019.10003228113
327,OK,54.600,0.44,16022.09999691695
328,OK,71.600,0.44,15805.899980477989
329,OK,70.500,0.44,16044.29999133572
330,OK,95.900,0.44,16040.899965446442
331,OK,100.300,0.44,15590.699971653521
332,OK,141.600,0.44,16042.69997915253
333,OK,168.100,0.44,15469.700039830059
334,OK,169.500,0.44,15691.80004298687
335,OK,140.500,0.44,15583.000029437244
336,OK,109.100,0.44,15886.200009845197
337,OK,69.400,0.44,16003.799973987043
338,OK,204.200,0.44,15463.699994143099
339,OK,64.100,0.44,15870.500006712973
340,OK,56.900,0.44,15952.099987771362
341,OK,68.100,0.44,15936.09998235479
342,OK,50.400,0.44,15904.499974567443
343,OK,57.500,0.44,15877.900004852563
344,OK,67.400,0.44,15932.200010865927
345,OK,56.500,0.44,15912.50003548339
346,OK,74.800,0.44,15856.899961363524
347,OK,50.500,0.44,15915.099997073412
348,OK,50.700,0.44,15926.499967463315
349,OK,50.100,0.44,15945.599996484816
350,OK,66.300,0.44,15935.699979308993
351,OK,56.000,0.44,15915.600000880659
352,OK,54.800,0.44,15918.599965516478
353,OK,62.200,0.44,15888.199966866523
354,OK,52.200,0.44,15918.30002143979
355,OK,54.800,0.44,15888.600028119981
356,OK,62.300,0.44,15943.500038702041
357,OK,61.800,0.44,15884.39999613911
358,OK,54.500,0.44,15920.399979222566
359,OK,53.400,0.44,15925.200015772134
360,OK,58.100,0.44,15907.299995888025
361,OK,52.100,0.44,15888.999972958118
362,OK,57.900,0.44,15897.80003996566
363,OK,37.600,0.44,15943.000034894794
364,OK,36.900,0.44,15945.09999267757
365,OK,37.200,0.44,15966.900042258203
366,OK,46.900,0.44,15926.599968224764
367,OK,44.400,0.44,15920.600038953125
368,OK,49.100,0.44,15910.400019492954
369,OK,43.600,0.44,15968.69999775663
370,OK,49.800,0.44,15920.800040476024
371,OK,54.200,0.44,15902.299957815558
372,OK,51.300,0.44,15919.199970085174
373,OK,52.200,0.44,15925.199957564473
374,OK,55.000,0.44,15926.100022625178
375,OK,74.800,0.44,15827.499970328063
376,OK,67.600,0.44,15917.300013825297
377,OK,76.100,0.44,15926.899970509112
378,OK,54.100,0.44,15904.800035059452
379,OK,48.800,0.44,15890.19998209551
380,OK,42.000,0.44,15960.299992002547
381,OK,50.900,0.44,15923.600003588945
382,OK,57.900,0.44,15930.800000205636
383,OK,62.000,0.44,15902.00001373887
384,OK,65.000,0.44,15905.599982943386
385,OK,65.800,0.44,15899.09999165684
386,OK,67.300,0.44,15898.300043772906
387,OK,66.600,0.44,15901.200007647276
388,OK,80.600,0.44,15897.899982519448
389,OK,82.200,0.44,15836.399979889393
390,OK,88.400,0.44,15787.700016517192
391,OK,67.300,0.44,15888.099966105074
392,OK,56.100,0.44,16025.00001899898
393,OK,63.700,0.44,15895.099961198866
394,OK,62.900,0.44,15808.900003321469
395,OK,59.400,0.44,15880.000020843
396,OK,50.600,0.44,15916.500007733703
397,OK,46.500,0.44,16008.300008252263
398,OK,52.700,0.44,15850.000025238842
399,OK,61.500,0.44,15971.400018315762
400,OK,54.800,0.44,15921.39998683706
401,OK,63.000,0.44,15765.400021336973
402,OK,113.100,0.44,15883.899992331862
403,OK,78.400,0.44,15854.7000028193
404,OK,71.700,0.44,15904.799976851791
405,OK,86.800,0.44,15877.800004091114
406,OK,64.800,0.44,15804.499969817698
407,OK,83.100,0.44,15924.700011964887
408,OK,59.200,0.44,15805.79997971654
409,OK,69.600,0.44,15933.000016957521
410,OK,64.200,0.44,15919.499972369522
411,OK,68.200,0.44,15905.299980659038
412,OK,64.800,0.44,15861.299994867295
413,OK,64.400,0.44,15878.30000789836
414,OK,96.500,0.44,15917.800017632544
415,OK,63.900,0.44,15869.599999859929
416,OK,62.100,0.44,15948.800020851195
417,OK,77.000,0.44,15847.000002395362
418,OK,100.600,0.44,15875.599987339228
419,OK,72.600,0.44,15843.999979551882
420,OK,76.300,0.44,15909.40001187846
421,OK,60.500,0.44,15940.50001585856
422,OK,56.600,0.44,15915.099997073412
423,OK,63.300,0.44,15842.400025576353
424,OK,67.800,0.44,15834.00001982227
425,OK,70.600,0.44,15932.900016196072
426,OK,70.900,0.44,15867.099980823696
427,OK,59.300,0.44,15955.40001289919
428,OK,84.400,0.44,15815.499995369464
429,OK,65.100,0.44,15921.699989121407
430,OK,68.400,0.44,15919.599973130971
431,OK,73.800,0.44,15891.399991232902
432,OK,71.900,0.44,15816.09999993816
433,OK,60.000,0.44,15957.300027366728
434,OK,60.900,0.44,15922.599995974451
435,OK,71.000,0.44,15786.49994917214
436,OK,82.600,0.44,15939.10000519827
437,OK,68.900,0.44,15875.599987339228
438,OK,66.800,0.44,15916.700009256601
439,OK,65.500,0.44,15895.000018645078
440,OK,65.600,0.44,15873.500029556453
441,OK,59.700,0.44,15948.700020089746
442,OK,88.400,0.44,15849.99996703118
443,OK,60.200,0.44,15911.900030914694
444,OK,74.400,0.44,15889.100031927228
445,OK,74.700,0.44,15888.999972958118
446,OK,58.300,0.44,15902.799961622804
447,OK,59.500,0.44,15898.399986326694
448,OK,71.500,0.44,15873.79997363314
449,OK,58.000,0.44,15897.799981757998
450,OK,60.800,0.44,15908.300003502518
451,OK,71.700,0.44,15884.50005510822
452,OK,63.000,0.44,15889.099973719567
453,OK,60.800,0.44,15918.100019916892
454,OK,63.400,0.44,15873.399970587343
455,OK,55.600,0.44,15916.89995257184
456,OK,53.200,0.44,15917.200013063848
457,OK,51.500,0.44,15932.300011627376
458,OK,55.200,0.44,15912.999981082976
459,OK,50.500,0.44,15914.399991743267
460,OK,47.300,0.44,15938.800002913922
461,OK,51.200,0.44,15936.2000413239
462,OK,55.700,0.44,15903.999970760196
463,OK,57.700,0.44,15923.800005111843
464,OK,59.100,0.44,15819.999971427023
465,OK,61.600,0.44,15919.199970085174
466,OK,77.400,0.44,15950.299974065274
467,OK,59.800,0.44,15899.500052910298
468,OK,62.500,0.44,15841.900021769106
469,OK,51.800,0.44,15909.700014162809
470,OK,54.700,0.44,15948.400017805398
471,OK,63.600,0.44,15933.400020003319
472,OK,72.100,0.44,15888.300025835633
473,OK,65.400,0.44,15922.299993690103
474,OK,59.400,0.44,15910.400019492954
475,OK,61.400,0.44,15915.800002403557
476,OK,63.900,0.44,15836.499980650842
477,OK,63.500,0.44,15887.899964582175
478,OK,80.100,0.44,15928.099979646504
479,OK,94.700,0.44,15843.00003014505
480,OK,65.700,0.44,15865.599969401956
481,OK,37.000,0.44,15944.699989631772
482,OK,47.000,0.44,15951.200039125979
483,OK,38.100,0.44,15947.90001399815
484,OK,53.400,0.44,15925.200015772134
485,OK,47.000,0.44,16009.000013582408
486,OK,133.800,0.44,15678.29999839887
487,OK,64.200,0.44,15919.79997465387
488,OK,51.400,0.44,15921.50004580617
489,OK,51.400,0.44,15925.200015772134
490,OK,58.400,0.44,15826.300019398332
491,OK,75.900,0.44,15890.399983618408
492,OK,71.800,0.44,15901.900012977421
493,OK,79.400,0.44,15887.100016698241
494,OK,78.000,0.44,15877.900004852563
495,OK,79.000,0.44,15842.000022530556
496,OK,85.000,0.44,15877.099998760968
497,OK,89.800,0.44,15873.200027272105
498,OK,103.200,0.44,15875.39998581633
499,OK,120.300,0.44,15796.79996939376
500,OK,112.600,0.44,15832.000004593283
501,OK,104.600,0.44,15655.399998649955
502,OK,104.100,0.44,15835.40003048256
503,OK,101.700,0.44,15874.599979724735
504,OK,95.200,0.44,15796.89997015521
505,OK,103.300,0.44,15812.900033779442
506,OK,96.400,0.44,15871.500014327466
507,OK,100.500,0.44,15829.999989364296
508,OK,107.000,0.44,15820.900036487728
509,OK,100.700,0.44,15818.799962289631
510,OK,70.000,0.44,15895.299962721765
511,OK,100.600,0.44,15840.400010347366
512,OK,96.100,0.44,15863.70001314208
513,OK,78.700,0.44,15551.700023934245
514,OK,117.900,0.44,15840.400010347366
515,OK,108.700,0.44,15782.300033606589
516,OK,101.100,0.44,15796.499967109412
517,OK,76.200,0.44,15843.699977267534
518,OK,72.100,0.44,15966.799983289093
519,OK,92.100,0.44,15888.100024312735
520,OK,92.700,0.44,15842.999971937388
521,OK,73.400,0.44,16043.199982959777
522,OK,98.600,0.44,15662.699996028095
523,OK,58.700,0.44,15872.700023464859
524,OK,48.100,0.44,15923.800005111843
525,OK,36.200,0.44,15936.899988446385
526,OK,39.800,0.44,15966.899984050542
527,OK,46.900,0.44,15927.600034046918
528,OK,62.300,0.44,15906.199987512082
529,OK,46.700,0.44,15937.49999301508
530,OK,50.700,0.44,15936.600044369698
531,OK,129.400,0.44,15752.800041809678
532,OK,57.900,0.44,15916.600008495152
533,OK,59.900,0.44,15920.499979984015
534,OK,62.000,0.44,15943.100035656244
535,OK,66.100,0.44,15888.59996991232
536,OK,64.000,0.44,15907.399996649474
537,OK,70.800,0.44,15937.299991492182
538,OK,123.600,0.44,15692.599990870804
539,OK,72.500,0.44,15844.599984120578
540,OK,53.600,0.44,15981.400036253035
541,OK,77.800,0.44,16164.40003272146
542,OK,63.600,0.44,15606.200031470507
543,OK,55.700,0.44,15963.300014846027
544,OK,66.800,0.44,15856.599959079176
545,OK,56.900,0.44,15927.700034808367
546,OK,60.700,0.44,15935.799980070442
547,OK,69.100,0.44,15850.100026000291
548,OK,53.900,0.44,15890.40004182607
549,OK,60.200,0.44,15964.29996425286
550,OK,121.600,0.44,15762.299997732043
551,OK,58.600,0.44,16136.499994900078
552,OK,54.900,0.44,15650.999965146184
553,OK,51.800,0.44,16598.70002185926
554,OK,68.700,0.44,15379.499993287027
555,OK,76.200,0.44,15948.399959597737
556,OK,60.600,0.44,16002.400021534413
557,OK,89.000,0.44,16114.500002004206
558,OK,103.800,0.44,15590.599970892072
559,OK,136.000,0.44,15739.09999569878
560,OK,128.800,0.44,15986.700018402189
561,OK,121.500,0.44,16001.30001315847
562,OK,129.000,0.44,15669.100044760853
563,OK,146.400,0.44,15933.800023049116
564,OK,130.400,0.44,15608.899993821979
565,OK,153.800,0.44,15669.300046283752
566,OK,147.900,0.44,15660.799981560558
567,OK,121.700,0.44,15633.200004231185
568,OK,107.600,0.44,15994.200017303228
569,OK,160.400,0.44,15639.099990949035
570,OK,55.100,0.44,15825.999958906323
571,OK,77.100,0.44,15915.800002403557
572,OK,161.700,0.44,15747.700002975762
573,OK,55.600,0.44,15935.499977786094
574,OK,51.500,0.44,15910.500020254403
575,OK,56.200,0.44,15933.999966364354
576,OK,62.300,0.44,15898.799989372492
577,OK,64.000,0.44,15867.599984630942
578,OK,57.600,0.44,15947.000007145107
579,OK,57.100,0.44,15881.099971011281
580,OK,61.500,0.44,15939.900011289865
581,OK,57.600,0.44,15885.400003753603
582,OK,43.300,0.44,15944.500046316534
583,OK,60.300,0.44,15916.200005449355
584,OK,64.800,0.44,15906.999993603677
585,OK,48.400,0.44,15945.599996484816
586,OK,59.800,0.44,15921.19998531416
587,OK,64.900,0.44,15868.399990722537
588,OK,53.000,0.44,15926.999971270561
589,OK,55.400,0.44,15904.699976090342
590,OK,54.800,0.44,15916.200005449355
591,OK,50.000,0.44,15910.500020254403
592,OK,56.100,0.44,15917.699958663434
593,OK,55.600,0.44,15935.99998159334
594,OK,65.400,0.44,15822.799992747605
595,OK,66.200,0.44,15996.300033293664
596,OK,65.100,0.44,15834.900026675314
597,OK,60.100,0.44,15908.999950625002
598,OK,49.900,0.44,15919.89997541532
599,OK,52.700,0.44,15946.800005622208
600,OK,55.600,0.44,15903.899969998747
601,OK,56.000,0.44,15840.600011870265
602,OK,59.000,0.44,15890.699985902756
603,OK,68.300,0.44,15880.199964158237
604,OK,47.400,0.44,15928.099979646504
605,OK,46.100,0.44,15997.699985746294
606,OK,69.300,0.44,15784.400049597025
607,OK,55.900,0.44,15942.899975925684
608,OK,51.600,0.44,15889.599977526814
609,OK,50.800,0.44,15959.89998895675
610,OK,69.600,0.44,15910.500020254403
611,OK,62.100,0.44,15911.700029391795
612,OK,65.100,0.44,15890.09998133406
613,OK,63.600,0.44,15914.10004766658
614,OK,64.700,0.44,15862.300002481788
615,OK,57.300,0.44,15912.300033960491
616,OK,48.400,0.44,15948.800020851195
617,OK,64.200,0.44,15863.70001314208
618,OK,59.800,0.44,15862.800006289035
619,OK,52.900,0.44,15926.400024909526
620,OK,43.700,0.44,15961.000055540353
621,OK,45.400,0.44,15950.900036841631
622,OK,57.200,0.44,15899.09999165684
623,OK,55.900,0.44,15846.399997826666
624,OK,63.300,0.44,15942.699974402785
625,OK,60.300,0.44,15879.8000193201
626,OK,71.000,0.44,15904.99997837469
627,OK,56.400,0.44,15891.899995040148
628,OK,55.300,0.44,15919.79997465387
629,OK,51.700,0.44,15885.200002230704
630,OK,47.900,0.44,15948.999964166433
631,OK,50.000,0.44,15977.400005795062
632,OK,54.600,0.44,15913.099981844425
633,OK,95.300,0.44,15843.099972698838
634,OK,57.600,0.44,15729.000035207719
635,OK,107.800,0.44,15837.200044188648
636,OK,78.700,0.44,15904.399973805994
637,OK,79.900,0.44,15889.699978288263
638,OK,67.700,0.44,15855.300007387996
639,OK,70.000,0.44,15888.500027358532
640,OK,73.800,0.44,15792.4999948591
641,OK,65.800,0.44,15965.90003464371
642,OK,57.900,0.44,15874.299977440387
643,OK,57.200,0.44,15951.199980918318
644,OK,56.100,0.44,15876.499994192272
645,OK,82.700,0.44,15849.200019147247
646,OK,62.900,0.44,15977.200004272163
647,OK,60.200,0.44,15805.400034878403
648,OK,60.000,0.44,15909.799956716597
649,OK,64.400,0.44,15979.300020262599
650,OK,65.300,0.44,15813.799982424825
651,OK,76.300,0.44,15974.59998447448
652,OK,61.800,0.44,15815.899998415262
653,OK,60.500,0.44,15913.699986413121
654,OK,61.600,0.44,15902.499959338456
655,OK,94.900,0.44,15893.800009507686
656,OK,60.800,0.44,15904.699976090342
657,OK,61.200,0.44,15819.699969142675
658,OK,65.700,0.44,16000.900010112673
659,OK,68.000,0.44,15853.399992920458
660,OK,55.000,0.44,15929.699991829693
661,OK,55.800,0.44,15896.20002778247
662,OK,54.300,0.44,15930.09999487549
663,OK,76.000,0.44,15846.700000111014
664,OK,103.300,0.44,15844.29998183623
665,OK,128.800,0.44,15841.700020246208
666,OK,57.500,0.44,15918.600023724139
667,OK,59.800,0.44,15898.899990133941
668,OK,54.600,0.44,15933.19996027276
669,OK,64.500,0.44,15857.000020332634
670,OK,67.500,0.44,16050.30003702268
671,OK,88.100,0.44,15675.599977839738
672,OK,51.700,0.44,15905.400039628148
673,OK,49.100,0.44,15977.300005033612
674,OK,78.600,0.44,15818.100015167147
675,OK,51.400,0.44,15880.900027696043
676,OK,51.300,0.44,15944.200044032186
677,OK,53.900,0.44,15979.1000187397
678,OK,57.100,0.44,15917.699958663434
679,OK,60.500,0.44,15907.199995126575
680,OK,54.700,0.44,15934.500028379261
681,OK,61.700,0.44,15890.700044110417
682,OK,62.800,0.44,15915.600000880659
683,OK,65.700,0.44,15875.099983531982
684,OK,62.800,0.44,15906.999993603677
685,OK,64.100,0.44,15873.000025749207
686,OK,54.200,0.44,15906.39998903498
687,OK,48.000,0.44,15934.099967125803
688,OK,48.400,0.44,15928.299981169403
689,OK,50.600,0.44,15922.999999020249
690,OK,47.300,0.44,15938.099997583777
691,OK,65.300,0.44,15915.700001642108
692,OK,52.100,0.44,15902.999963145703
693,OK,51.800,0.44,15922.6999967359
694,OK,53.200,0.44,15920.899983029813
695,OK,53.700,0.44,15925.000014249235
696,OK,56.600,0.44,15906.59999055788
697,OK,56.000,0.44,15920.200035907328
698,OK,63.600,0.44,15905.499982181937
699,OK,63.000,0.44,15878.600010182709
700,OK,75.000,0.44,15912.099974229932
701,OK,166.900,0.44,15446.700039319694
702,OK,99.900,0.44,16240.600030869246
703,OK,81.800,0.44,15371.799992863089
704,OK,89.800,0.44,15894.100011792034
705,OK,63.200,0.44,15877.800004091114
706,OK,76.000,0.44,15892.900002654642
707,OK,64.400,0.44,15897.49997947365
708,OK,60.200,0.44,15855.500008910894
709,OK,48.700,0.44,15934.200026094913
710,OK,47.400,0.44,16012.899985071272
711,OK,137.100,0.44,15738.799993414432
712,OK,61.400,0.44,15854.60000205785
713,OK,51.200,0.44,15939.10000519827
714,OK,49.400,0.44,15884.899999946356
715,OK,56.300,0.44,15952.999994624406
716,OK,54.600,0.44,15925.000014249235
717,OK,58.600,0.44,15915.900003165007
718,OK,67.400,0.44,15871.199953835458
719,OK,64.600,0.44,15919.600031338632
720,OK,157.500,0.44,15708.399994764477
721,OK,58.800,0.44,15920.999983791262
722,OK,55.200,0.44,15917.699958663434
723,OK,61.300,0.44,15947.300009429455
724,OK,61.000,0.44,15908.400004263967
725,OK,62.200,0.44,15873.599972110242
726,OK,55.800,0.44,15873.499971348792
727,OK,59.500,0.44,15947.200008668005
728,OK,94.300,0.44,15829.49998555705
729,OK,84.700,0.44,15863.50001161918
730,OK,86.500,0.44,15867.799986153841
731,OK,80.900,0.44,15847.500006202608
732,OK,82.200,0.44,15899.299993179739
733,OK,103.100,0.44,15831.199998501688
734,OK,104.400,0.44,15880.099963396788
735,OK,95.500,0.44,15811.200020834804
736,OK,89.900,0.44,15880.200022365898
737,OK,111.800,0.44,15820.799977518618
738,OK,98.500,0.44,15822.400047909468
739,OK,92.500,0.44,15874.299977440387
740,OK,95.500,0.44,15854.7000028193
741,OK,93.300,0.44,15854.299999773502
742,OK,92.100,0.44,15859.699982684106
743,OK,89.400,0.44,15858.800034038723
744,OK,97.400,0.44,15858.300030231476
745,OK,119.000,0.44,15847.000002395362
746,OK,110.600,0.44,15835.999976843596
747,OK,94.600,0.44,15831.800003070384
748,OK,90.700,0.44,15862.00000019744
749,OK,94.100,0.44,15802.299953065813
750,OK,75.000,0.44,15895.099961198866
751,OK,81.000,0.44,15890.100039541721
752,OK,106.300,0.44,15847.900009248406
753,OK,96.800,0.44,15966.499981004745
754,OK,167.100,0.44,15773.400024045259
755,OK,202.100,0.44,15471.0000497289
756,OK,57.700,0.44,15898.799989372492
757,OK,47.100,0.44,15950.79997787252
758,OK,54.700,0.44,15896.899974904954
759,OK,58.300,0.44,15905.399981420487
760,OK,53.100,0.44,16018.499969504774
761,OK,81.800,0.44,15942.09996983409
762,OK,68.800,0.44,15899.299993179739
763,OK,68.200,0.44,15883.199987001717
764,OK,69.400,0.44,15880.000020843
765,OK,67.400,0.44,15908.300003502518
766,OK,61.900,0.44,15880.800026934594
767,OK,58.400,0.44,15983.70005376637
768,OK,149.700,0.44,15716.099995188415
769,OK,63.100,0.44,15903.900028206408
770,OK,60.900,0.44,15859.900042414665
771,OK,59.000,0.44,15954.800008330494
772,OK,71.400,0.44,15898.100042250007
773,OK,63.200,0.44,15788.300021085888
774,OK,89.500,0.44,15911.099966615438
775,OK,68.200,0.44,15962.000004947186
776,OK,85.400,0.44,15740.900009404868
777,OK,60.300,0.44,15984.600002411753
778,OK,64.000,0.44,15958.499978296459
779,OK,67.900,0.44,15879.8000193201
780,OK,53.600,0.44,15913.399984128773
781,OK,57.000,0.44,15901.600010693073
782,OK,79.600,0.44,15902.900020591915
783,OK,67.700,0.44,15846.099995542318
784,OK,57.800,0.44,15931.300004012883
785,OK,59.100,0.44,15861.299994867295
786,OK,55.400,0.44,16038.000001572073
787,OK,95.400,0.44,15779.300010763109
788,OK,71.800,0.44,15937.59999377653
789,OK,75.000,0.44,15866.599977016449
790,OK,65.700,0.44,15875.199984293431
791,OK,61.200,0.44,16031.600011046976
792,OK,64.200,0.44,16261.900018434972
793,OK,70.100,0.44,15755.50000416115
794,OK,76.800,0.44,16068.900004029274
795,OK,105.100,0.44,15827.500028535724
796,OK,139.700,0.44,15531.199984252453
797,OK,190.800,0.44,15674.300026148558
798,OK,133.100,0.44,16031.00000647828
799,OK,130.700,0.44,15566.200017929077
800,OK,150.000,0.44,15775.99998563528
801,OK,159.500,0.44,15318.799996748567
802,OK,199.800,0.44,15734.60001964122
803,OK,204.400,0.44,15721.700037829578
804,OK,150.700,0.44,15808.80000256002
805,OK,96.600,0.44,15791.299985721707
806,OK,132.900,0.44,15745.899989269674
807,OK,64.300,0.44,15811.500023119152
808,OK,59.400,0.44,15944.799990393221
809,OK,70.400,0.44,15895.499964244664
810,OK,51.100,0.44,15889.899979811162
811,OK,75.000,0.44,15939.20000595972
812,OK,54.000,0.44,15914.199990220368
813,OK,64.200,0.44,15827.800030820072
814,OK,56.100,0.44,15994.00001578033
815,OK,57.400,0.44,15917.900018393993
816,OK,59.900,0.44,15910.99996585399
817,OK,63.100,0.44,15885.400003753603
818,OK,57.900,0.44,15913.800045382231
819,OK,59.900,0.44,15907.90000045672
820,OK,60.000,0.44,15871.500014327466
821,OK,57.300,0.44,15950.89997863397
822,OK,56.400,0.44,15889.499976765364
823,OK,48.200,0.44,15949.699969496578
824,OK,65.500,0.44,15888.400026597083
825,OK,67.800,0.44,15876.499994192272
826,OK,58.800,0.44,15931.70000705868
827,OK,71.600,0.44,15889.499976765364
828,OK,71.700,0.44,15881.099971011281
829,OK,64.400,0.44,15897.70003920421
830,OK,57.500,0.44,15955.000009853393
831,OK,56.800,0.44,15891.499991994351
832,OK,51.400,0.44,15919.300029054284
833,OK,59.500,0.44,15890.800044871867
834,OK,52.700,0.44,15926.100022625178
835,OK,49.500,0.44,15924.700011964887
836,OK,51.900,0.44,15968.69999775663
837,OK,65.300,0.44,15861.099993344396
838,OK,53.900,0.44,15924.900013487786
839,OK,52.500,0.44,15926.799969747663
840,OK,75.000,0.44,15880.100021604449
841,OK,74.000,0.44,15871.400013566017
842,OK,58.700,0.44,15922.8999982588
843,OK,56.100,0.44,15915.50000011921
844,OK,55.400,0.44,15940.400015097111
845,OK,64.500,0.44,15820.70003496483
846,OK,63.000,0.44,15890.999988187104
847,OK,60.700,0.44,15928.399981930852
848,OK,76.000,0.44,15869.599999859929
849,OK,61.600,0.44,15953.199996147305
850,OK,66.100,0.44,15811.8000254035
851,OK,118.500,0.44,15795.40001694113
852,OK,74.000,0.44,15906.299988273531
853,OK,85.800,0.44,15918.599965516478
854,OK,67.300,0.44,15882.300038356334
855,OK,49.400,0.44,15960.499993525445
856,OK,56.300,0.44,15823.299996554852
857,OK,71.000,0.44,15918.200020678341
858,OK,49.400,0.44,15928.399981930852
859,OK,46.800,0.44,15917.500015348196
860,OK,47.400,0.44,15930.499997921288
861,OK,53.900,0.44,15909.200010355562
862,OK,59.500,0.44,15940.900018904358
863,OK,64.800,0.44,15860.400046221912
864,OK,62.900,0.44,15875.699988100678
865,OK,82.800,0.44,15910.299960523844
866,OK,59.900,0.44,15922.499995213002
867,OK,64.600,0.44,15891.999995801598
868,OK,67.800,0.44,15885.799948591739
869,OK,62.100,0.44,15994.300018064678
870,OK,46.600,0.44,15842.899971175939
871,OK,47.500,0.44,15916.000003926456
872,OK,46.000,0.44,15863.70001314208
873,OK,42.200,0.44,16010.2000227198
874,OK,145.400,0.44,15791.999991051853
875,OK,58.800,0.44,15896.500030066818
876,OK,60.400,0.44,15892.600000370294
877,OK,50.800,0.44,15862.200001720339
878,OK,51.300,0.44,15976.599999703467
879,OK,54.200,0.44,15928.899985738099
880,OK,60.000,0.44,15830.499993171543
881,OK,60.700,0.44,15938.199998345226
882,OK,72.700,0.44,15951.999987009913
883,OK,66.400,0.44,15819.700027350336
884,OK,71.100,0.44,15859.30003784597
885,OK,92.100,0.44,15843.399974983186
886,OK,87.000,0.44,15923.500002827495
887,OK,67.000,0.44,15936.699986923486
888,OK,68.100,0.44,15821.699984371662
889,OK,68.000,0.44,15891.7999942787
890,OK,60.700,0.44,15931.500005535781
891,OK,56.700,0.44,15921.39998683706
892,OK,63.700,0.44,15870.300005190074
893,OK,58.700,0.44,15925.600018817931
894,OK,57.900,0.44,15940.70001738146
895,OK,84.300,0.44,15857.300022616982
896,OK,63.000,0.44,15875.40004402399
897,OK,59.100,0.44,15915.39999935776
898,OK,56.800,0.44,15943.39997973293
899,OK,67.000,0.44,15843.00003014505
900,OK,58.900,0.44,15945.699997246265
901,OK,64.200,0.44,15782.199974637479
902,OK,104.700,0.44,16213.700000662357
903,OK,97.800,0.44,15452.500025276095
904,OK,55.300,0.44,15863.200009334832
905,OK,56.700,0.44,15946.100000292063
906,OK,167.300,0.44,15683.199977502227
907,OK,54.600,0.44,15926.399966701865
908,OK,50.200,0.44,15903.200022876263
909,OK,52.600,0.44,15894.100011792034
910,OK,50.500,0.44,15920.600038953125
911,OK,86.000,0.44,15885.000000707805
912,OK,68.300,0.44,15896.700031589717
913,OK,53.800,0.44,15907.799999695271
914,OK,54.500,0.44,15942.2000288032
915,OK,60.600,0.44,15912.60003624484
916,OK,69.900,0.44,15929.899993352592
917,OK,57.100,0.44,15824.700007215142
918,OK,57.600,0.44,15920.900041237473
919,OK,62.100,0.44,15904.100029729307
920,OK,61.100,0.44,15885.100001469254
921,OK,60.600,0.44,15872.60002270341
922,OK,60.600,0.44,15926.400024909526
923,OK,45.300,0.44,15914.300049189478
924,OK,36.300,0.44,15940.300014335662
925,OK,37.100,0.44,15978.200011886656
926,OK,46.800,0.44,15911.400027107447
927,OK,54.600,0.44,15909.099951386452
928,OK,49.000,0.44,15964.40002322197
929,OK,47.100,0.44,15921.100042760372
930,OK,45.300,0.44,15940.699959173799
931,OK,52.800,0.44,15900.50000231713
932,OK,50.100,0.44,15923.700004350394
933,OK,44.700,0.44,16017.000016290694
934,OK,147.500,0.44,15764.40001372248
935,OK,55.600,0.44,15926.900028716773
936,OK,69.600,0.44,15904.099971521646
937,OK,73.700,0.44,15901.800012215972
938,OK,63.400,0.44,15895.600023213774
939,OK,61.900,0.44,15903.300023637712
940,OK,60.500,0.44,15873.90003260225
941,OK,50.100,0.44,15944.499988108873
942,OK,120.300,0.44,15856.09995527193
943,OK,67.100,0.44,15839.100000448525
944,OK,51.200,0.44,15918.39996399358
945,OK,50.700,0.44,15904.500032775104
946,OK,51.100,0.44,15942.899975925684
947,OK,53.300,0.44,15884.899999946356
948,OK,63.000,0.44,15915.39999935776
949,OK,65.800,0.44,15918.200020678341
950,OK,67.700,0.44,15882.80004216358
951,OK,131.500,0.44,15782.399976160377
952,OK,132.600,0.44,15816.600003745407
953,OK,69.900,0.44,15905.1000373438
954,OK,51.100,0.44,15922.499995213002
955,OK,49.200,0.44,15931.60000629723
956,OK,53.600,0.44,15837.799990549684
957,OK,67.500,0.44,15922.6999967359
958,OK,82.300,0.44,15883.899992331862
959,OK,93.000,0.44,15856.700018048286
960,OK,147.300,0.44,15776.999993249774
961,OK,92.700,0.44,15906.299988273531
962,OK,114.100,0.44,15791.399986483157
963,OK,96.500,0.44,15832.200006116182
964,OK,102.800,0.44,15877.199999522418
965,OK,108.300,0.44,15849.200019147247
966,OK,101.300,0.44,15875.800047069788
967,OK,100.000,0.44,15864.900022279471
968,OK,96.200,0.44,15835.29997151345
969,OK,94.600,0.44,15855.699952226132
970,OK,96.700,0.44,15819.09996457398
971,OK,89.000,0.44,15883.299987763166
972,OK,92.000,0.44,15860.400046221912
973,OK,84.900,0.44,15869.49999909848
974,OK,85.800,0.44,15863.49995341152
975,OK,91.700,0.44,15830.79999545589
976,OK,85.800,0.44,15877.800004091114
977,OK,105.400,0.44,15841.499960515648
978,OK,104.200,0.44,15873.599972110242
979,OK,117.200,0.44,15799.199987668544
980,OK,115.900,0.44,15798.39998157695
981,OK,113.900,0.44,15860.099985729903
982,OK,81.900,0.44,15890.30004106462
983,OK,73.200,0.44,15844.600042328238
984,OK,84.800,0.44,15930.09999487549
985,OK,54.000,0.44,15888.400026597083
986,OK,48.700,0.44,15924.600011203438
987,OK,53.000,0.44,15953.599999193102
988,OK,60.200,0.44,15901.99995553121
989,OK,59.200,0.44,15922.299993690103
990,OK,66.100,0.44,15889.700036495924
991,OK,66.700,0.44,15908.200002741069
992,OK,72.700,0.44,15898.100042250007
993,OK,62.200,0.44,15904.099971521646
994,OK,61.600,0.44,15907.399996649474
995,OK,62.100,0.44,15906.39998903498
996,OK,137.600,0.44,15772.600017953664
997,OK,63.700,0.44,15900.800004601479
998,OK,63.700,0.44,15904.900035820901
999,OK,64.300,0.44,15909.200010355562
1000,OK,65.600,0.44,15853.899996727705
1001,OK,72.300,0.44,16176.500008441508
1002,OK,179.700,0.44,15199.70002118498
1003,OK,61.700,0.44,15982.000040821731
1004,OK,135.700,0.44,15786.40000661835
1005,OK,57.700,0.44,15951.00003760308
1006,OK,70.900,0.44,15844.000037759542
1007,OK,60.300,0.44,15915.700001642108
1008,OK,59.000,0.44,15933.20001848042
1009,OK,70.700,0.44,15897.999983280897
1010,OK,69.000,0.44,15858.899976592511
1011,OK,65.500,0.44,15858.400030992925
1012,OK,85.500,0.44,15855.600009672344
1013,OK,96.100,0.44,15965.199971105903
1014,OK,117.500,0.44,15731.099992990494
1015,OK,71.200,0.44,15878.800011705607
1016,OK,62.700,0.44,15881.799976341426
1017,OK,61.900,0.44,15850.09996779263
1018,OK,66.900,0.44,15937.099989969283
1019,OK,64.200,0.44,15889.300033450127
1020,OK,131.200,0.44,15846.599999349564
1021,OK,124.200,0.44,15760.100039187819
1022,OK,78.800,0.44,15862.800006289035
1023,OK,83.800,0.44,15870.300005190074
1024,OK,75.800,0.44,15828.899980988353
1025,OK,65.800,0.44,15789.099968969822
1026,OK,79.500,0.44,15967.499988619238
1027,OK,89.900,0.44,15750.89996913448
1028,OK,100.100,0.44,15861.699997913092
1029,OK,61.400,0.44,16046.100005041808
1030,OK,166.300,0.44,15825.599955860525
1031,OK,210.900,0.44,15393.599984236062
1032,OK,104.000,0.44,15786.300005856901
1033,OK,85.600,0.44,15885.100001469254
1034,OK,113.300,0.44,15845.499990973622
1035,OK,79.300,0.44,15900.099999271333
1036,OK,74.100,0.44,15893.30000570044
1037,OK,70.900,0.44,15923.099999781698
1038,OK,80.600,0.44,15837.800048757344
1039,OK,69.600,0.44,15897.70003920421
1040,OK,72.200,0.44,15894.699958153069
1041,OK,64.900,0.44,15914.499992504716
1042,OK,58.000,0.44,15904.400032013655
1043,OK,59.300,0.44,15916.80001001805
1044,OK,64.800,0.44,15884.799999184906
1045,OK,68.500,0.44,15894.000011030585
1046,OK,51.100,0.44,15913.699986413121
1047,OK,47.800,0.44,15917.500015348196
1048,OK,73.800,0.44,15964.799968060106
1049,OK,52.700,0.44,15882.79998395592
1050,OK,61.400,0.44,15876.399993430823
1051,OK,58.200,0.44,15904.499974567443
1052,OK,57.100,0.44,15936.400042846799
1053,OK,69.200,0.44,15866.099973209202
1054,OK,56.500,0.44,15900.400001555681
1055,OK,53.000,0.44,15848.000010009855
1056,OK,43.900,0.44,15927.20003100112
1057,OK,55.700,0.44,15923.099999781698
1058,OK,42.800,0.44,15927.29997355491
1059,OK,40.100,0.44,15957.499970681965
1060,OK,40.400,0.44,15922.099992167205
1061,OK,40.900,0.44,15982.499986421317
1062,OK,53.100,0.44,15861.099993344396
1063,OK,41.400,0.44,15961.700002662838
1064,OK,52.000,0.44,15906.800050288439
1065,OK,49.300,0.44,15908.800007309765
1066,OK,45.700,0.44,15942.10002804175
1067,OK,60.500,0.44,15898.199984803796
1068,OK,51.800,0.44,15921.799989882857
1069,OK,58.900,0.44,15861.699997913092
1070,OK,51.700,0.44,15973.19997381419
1071,OK,51.800,0.44,15877.199999522418
1072,OK,55.200,0.44,15927.40003252402
1073,OK,58.900,0.44,15908.800007309765
1074,OK,81.100,0.44,15893.500007223338
1075,OK,81.300,0.44,15861.099993344396
1076,OK,53.000,0.44,16028.899990487844
1077,OK,72.600,0.44,15826.29996119067
1078,OK,68.400,0.44,15935.100032947958
1079,OK,67.500,0.44,15896.199969574809
1080,OK,67.900,0.44,15894.70001636073
1081,OK,64.000,0.44,15892.800001893193
1082,OK,64.000,0.44,15896.699973382056
1083,OK,80.700,0.44,15885.300002992153
1084,OK,68.200,0.44,15886.200009845197
1085,OK,59.400,0.44,15914.300049189478
1086,OK,82.500,0.44,15812.400029972196
1087,OK,72.400,0.44,15910.700021777302
1088,OK,67.400,0.44,15885.200002230704
1089,OK,108.200,0.44,15900.300000794232
1090,OK,63.600,0.44,15930.599998682737
1091,OK,64.800,0.44,15881.29997253418
1092,OK,66.700,0.44,15881.599974818528
1093,OK,65.700,0.44,15909.000008832663
1094,OK,66.200,0.44,15916.9000107795
1095,OK,60.400,0.44,15906.59999055788
1096,OK,65.200,0.44,15829.799987841398
1097,OK,49.300,0.44,15938.399999868125
1098,OK,56.900,0.44,15886.500012129545
1099,OK,51.400,0.44,15990.499989129603
1100,OK,77.200,0.44,15816.500002983958
1101,OK,66.100,0.44,15835.100028198212
1102,OK,71.200,0.44,16088.79998093471
1103,OK,220.000,0.44,15428.300015628338
1104,OK,61.700,0.44,15966.000035405159
1105,OK,52.400,0.44,15842.69996965304
1106,OK,63.500,0.44,15955.900016706437
1107,OK,59.200,0.44,15885.100001469254
1108,OK,66.000,0.44,15931.70000705868
1109,OK,55.800,0.44,15893.30000570044
1110,OK,58.800,0.44,15950.300032272935
1111,OK,61.800,0.44,15807.699994184077
1112,OK,62.900,0.44,16006.499994546175
1113,OK,79.200,0.44,15853.599994443357
1114,OK,80.200,0.44,15792.599995620549
1115,OK,64.500,0.44,15977.60000731796
1116,OK,59.400,0.44,15854.099998250604
1117,OK,64.600,0.44,15909.799956716597
1118,OK,56.000,0.44,15957.999974489212
1119,OK,64.800,0.44,15903.300023637712
1120,OK,65.900,0.44,15891.500050202012
1121,OK,68.900,0.44,15892.399998847395
1122,OK,61.500,0.44,15892.099996563047
1123,OK,60.000,0.44,15894.900017883629
1124,OK,58.000,0.44,15957.500028889626
1125,OK,62.000,0.44,15871.800016611814
1126,OK,53.100,0.44,15937.199990730733
1127,OK,70.800,0.44,15899.599995464087
1128,OK,125.100,0.44,15796.099964063615
1129,OK,74.700,0.44,15864.100016187876
1130,OK,59.000,0.44,15916.600008495152
1131,OK,63.100,0.44,15916.200005449355
1132,OK,65.900,0.44,15845.69999249652
1133,OK,95.000,0.44,15873.399970587343
1134,OK,59.500,0.44,15951.599983964115
1135,OK,67.800,0.44,15864.399960264564
1136,OK,65.400,0.44,15910.600021015853
1137,OK,64.200,0.44,15900.099999271333
1138,OK,63.600,0.44,15903.800027444959
1139,OK,76.500,0.44,15873.89997439459
1140,OK,75.400,0.44,15873.400028795004
1141,OK,72.800,0.44,15899.999998509884
1142,OK,58.800,0.44,15914.200048428029
1143,OK,73.100,0.44,15894.900017883629
1144,OK,58.800,0.44,15791.599988006055
1145,OK,94.100,0.44,15917.200013063848
1146,OK,49.300,0.44,15970.600012224168
1147,OK,61.500,0.44,15896.799974143505
1148,OK,60.600,0.44,15887.500019744039
1149,OK,60.900,0.44,15927.19997279346
1150,OK,60.800,0.44,15893.700008746237
1151,OK,64.200,0.44,15872.100018896163
1152,OK,54.400,0.44,15889.399976003915
1153,OK,66.500,0.44,15932.500013150275
1154,OK,61.100,0.44,15897.5999802351
1155,OK,54.000,0.44,15912.49997727573
1156,OK,48.300,0.44,15937.49999301508
1157,OK,55.900,0.44,15907.000051811337
1158,OK,55.000,0.44,15940.400015097111
1159,OK,52.100,0.44,15919.69997389242
1160,OK,50.500,0.44,15934.300026856363
1161,OK,58.000,0.44,15899.000049103051
1162,OK,54.200,0.44,15923.800005111843
1163,OK,54.600,0.44,15894.60001559928
1164,OK,89.500,0.44,15897.500037681311
1165,OK,71.700,0.44,15876.299992669374
1166,OK,54.800,0.44,15954.700007569045
1167,OK,144.500,0.44,15735.500026494265
1168,OK,69.600,0.44,15897.900040727109
1169,OK,56.300,0.44,15900.50000231713
1170,OK,61.900,0.44,15922.79999749735
1171,OK,70.400,0.44,15924.500010441989
1172,OK,63.500,0.44,15887.20001745969
1173,OK,61.900,0.44,15855.900011956692
1174,OK,78.800,0.44,15827.100025489926
1175,OK,47.100,0.44,15972.900029737502
1176,OK,96.900,0.44,15817.299950867891
1177,OK,51.600,0.44,15893.20000493899
1178,OK,36.900,0.44,15983.49999403581
1179,OK,41.500,0.44,15900.60000307858
1180,OK,50.300,0.44,15904.000028967857
1181,OK,46.700,0.44,15954.400005284697
1182,OK,151.700,0.44,15786.5000073798
1183,OK,59.800,0.44,15895.799966529012
1184,OK,56.400,0.44,15913.199982605875
1185,OK,68.300,0.44,15902.500017546117
1186,OK,53.200,0.44,15947.000007145107
1187,OK,64.800,0.44,15865.599969401956
1188,OK,52.300,0.44,15887.899964582175
1189,OK,76.600,0.44,15894.000011030585
1190,OK,77.700,0.44,15854.500001296401
1191,OK,77.900,0.44,15970.20000917837
1192,OK,85.500,0.44,15827.399969566613
1193,OK,88.500,0.44,15847.800008486956
1194,OK,83.500,0.44,15843.699977267534
1195,OK,83.200,0.44,15883.799991570413
1196,OK,86.600,0.44,15867.000038269907
1197,OK,95.900,0.44,15886.700013652444
1198,OK,105.300,0.44,15829.099982511252
1199,OK,107.900,0.44,15867.699985392392
1200,OK,113.100,0.44,15806.699986569583
1201,OK,113.100,0.44,15672.099951189011
1202,OK,103.600,0.44,15851.999982260168
1203,OK,112.300,0.44,15901.000006124377
1204,OK,103.700,0.44,15760.599984787405
1205,OK,100.100,0.44,15817.900013644248
1206,OK,101.900,0.44,15843.799978028983
1207,OK,101.600,0.44,15848.80001610145
1208,OK,97.800,0.44,15849.300019908696
1209,OK,104.200,0.44,15814.399986993521
1210,OK,76.900,0.44,15856.000012718141
1211,OK,54.500,0.44,15978.800016455352
1212,OK,98.800,0.44,15827.600029297173
1213,OK,98.400,0.44,15896.299970336258
1214,OK,139.200,0.44,15699.20004112646
1215,OK,99.200,0.44,15788.800024893135
1216,OK,74.300,0.44,15885.200002230704
1217,OK,66.200,0.44,15893.700008746237
1218,OK,52.700,0.44,15928.400040138513
1219,OK,54.900,0.44,15913.89998793602
1220,OK,51.200,0.44,16055.500018410385
1221,OK,59.900,0.44,15897.200035396963
1222,OK,56.700,0.44,15923.600003588945
1223,OK,62.000,0.44,15883.800049778074
1224,OK,58.700,0.44,15918.600023724139
1225,OK,68.200,0.44,15905.999985989183
1226,OK,59.400,0.44,15921.30004428327
1227,OK,66.100,0.44,15887.299960013479
1228,OK,91.100,0.44,15793.90000551939
1229,OK,52.300,0.44,15907.799999695271
1230,OK,46.400,0.44,15936.000039801002
1231,OK,44.400,0.44,16006.100049708039
1232,OK,72.100,0.44,15782.299975398928
1233,OK,50.800,0.44,15964.29996425286
1234,OK,97.000,0.44,15859.999984968454
1235,OK,63.800,0.44,15826.000017113984
1236,OK,85.500,0.44,15942.600031848997
1237,OK,78.800,0.44,15837.599989026785
1238,OK,41.300,0.44,16000.800009351224
1239,OK,56.300,0.44,15833.300014492124
1240,OK,51.000,0.44,15955.000009853393
1241,OK,48.600,0.44,15907.599998172373
1242,OK,49.600,0.44,15962.200006470084
1243,OK,78.300,0.44,15922.79999749735
1244,OK,66.800,0.44,15912.39997651428
1245,OK,70.900,0.44,15943.300037179142
1246,OK,120.500,0.44,15799.999993760139
1247,OK,119.200,0.44,15753.699990455061
1248,OK,116.100,0.44,15800.799999851733
1249,OK,68.400,0.44,15887.20001745969
1250,OK,66.500,0.44,15806.699986569583
1251,OK,55.300,0.44,16025.900025852025
1252,OK,58.800,0.44,16458.500002045184
1253,OK,69.900,0.44,15573.799959383905
1254,OK,106.400,0.44,16070.600016973913
1255,OK,103.900,0.44,15891.499991994351
1256,OK,131.000,0.44,15529.799973592162
1257,OK,132.300,0.44,15676.399983931333
1258,OK,120.700,0.44,15771.300008054823
1259,OK,79.100,0.44,15846.700000111014
1260,OK,138.800,0.44,15661.099983844906
1261,OK,73.500,0.44,15773.599967360497
1262,OK,49.000,0.44,16046.300006564707
1263,OK,90.000,0.44,15779.00000847876
1264,OK,74.900,0.44,15938.399999868125
1265,OK,55.500,0.44,15858.899976592511
1266,OK,54.400,0.44,15985.400008503348
1267,OK,80.000,0.44,15857.100021094084
1268,OK,69.000,0.44,15963.699959684163
1269,OK,56.200,0.44,15851.999982260168
1270,OK,53.600,0.44,15926.200023386627
1271,OK,55.000,0.44,15913.79998717457
1272,OK,44.700,0.44,15961.500001139939
1273,OK,44.500,0.44,15902.499959338456
1274,OK,50.500,0.44,15923.900005873293
1275,OK,49.600,0.44,15874.300035648048
1276,OK,34.000,0.44,15930.900000967085
1277,OK,35.800,0.44,15958.899981342256
1278,OK,39.800,0.44,15952.999994624406
1279,OK,46.000,0.44,15934.70002990216
1280,OK,51.200,0.44,15929.699991829693
1281,OK,48.200,0.44,15960.499993525445
1282,OK,55.900,0.44,15860.4999887757
1283,OK,40.000,0.44,15941.600024234504
1284,OK,38.700,0.44,15946.100000292063
1285,OK,60.200,0.44,15932.99995874986
1286,OK,46.800,0.44,15914.699994027615
1287,OK,38.600,0.44,15951.599983964115
1288,OK,44.500,0.44,15942.700032610446
1289,OK,46.400,0.44,15894.000011030585
1290,OK,45.500,0.44,15941.399964503944
1291,OK,52.400,0.44,15931.200003251433
1292,OK,60.500,0.44,15893.20000493899
1293,OK,73.000,0.44,15952.49999081716
1294,OK,53.800,0.44,15859.599981922656
1295,OK,52.700,0.44,15877.999947406352
1296,OK,56.900,0.44,15897.300036158413
1297,OK,69.500,0.44,15945.899998769164
1298,OK,54.900,0.44,15920.600038953125
1299,OK,50.300,0.44,16028.20004336536
1300,OK,40.900,0.44,15750.700025819242
1301,OK,61.500,0.44,15816.300001461059
1302,OK,55.800,0.44,16013.19998735562
1303,OK,62.900,0.44,15821.400040294975
1304,OK,77.100,0.44,15959.399985149503
1305,OK,84.200,0.44,15873.099968302995
1306,OK,69.900,0.44,15853.299992159009
1307,OK,63.100,0.44,15875.000040978193
1308,OK,58.900,0.44,15930.499997921288
1309,OK,66.200,0.44,15819.500025827438
1310,OK,85.600,0.44,15861.599997151643
1311,OK,56.200,0.44,15902.600018307567
1312,OK,74.100,0.44,15936.999989207834
1313,OK,46.500,0.44,15912.39997651428
1314,OK,54.100,0.44,15914.899995550513
1315,OK,82.800,0.44,15837.699989788234
1316,OK,65.900,0.44,15936.19998311624
1317,OK,85.100,0.44,15862.800006289035
1318,OK,90.300,0.44,15864.499961026013
1319,OK,107.600,0.44,15847.500006202608
1320,OK,76.900,0.44,15893.10000417754
1321,OK,62.600,0.44,15813.000034540892
1322,OK,85.600,0.44,15993.599954526871
1323,OK,65.800,0.44,15872.899966780096
1324,OK,66.900,0.44,15814.999991562217
1325,OK,92.000,0.44,15901.400009170175
1326,OK,63.700,0.44,15848.69995713234
1327,OK,56.900,0.44,15919.600031338632
1328,OK,54.500,0.44,15908.600005786866
1329,OK,73.500,0.44,15890.999988187104
1330,OK,50.200,0.44,15896.299970336258
1331,OK,73.500,0.44,15980.799973476678
1332,OK,76.500,0.44,15888.199966866523
1333,OK,76.300,0.44,15814.899990800768
1334,OK,95.600,0.44,15953.299996908754
1335,OK,57.200,0.44,15869.599999859929
1336,OK,61.200,0.44,15909.100009594113
1337,OK,63.900,0.44,15855.900011956692
1338,OK,89.100,0.44,15918.499964755028
1339,OK,61.900,0.44,15879.100013989955
1340,OK,63.400,0.44,15921.699989121407
1341,OK,75.000,0.44,15900.400001555681
1342,OK,66.900,0.44,15869.199996814132
1343,OK,65.000,0.44,15816.09999993816
1344,OK,63.600,0.44,15971.600019838661
1345,OK,74.800,0.44,15895.100019406527
1346,OK,63.700,0.44,15884.799999184906
1347,OK,55.800,0.44,15917.700016871095
1348,OK,65.100,0.44,15913.700044620782
1349,OK,58.900,0.44,15936.299983877689
1350,OK,56.100,0.44,15885.100001469254
1351,OK,122.500,0.44,15847.600006964058
1352,OK,67.000,0.44,15898.299985565245
1353,OK,69.400,0.44,15886.800014413893
1354,OK,66.100,0.44,15917.999960947782
1355,OK,67.200,0.44,15863.400010857731
1356,OK,117.500,0.44,15839.90000654012
1357,OK,64.400,0.44,15807.999996468425
1358,OK,96.900,0.44,15882.500039879233
1359,OK,62.500,0.44,15839.90000654012
1360,OK,52.500,0.44,15958.40003574267
1361,OK,86.900,0.44,15849.700022954494
1362,OK,54.500,0.44,15926.800027955323
1363,OK,73.400,0.44,15914.999996311963
1364,OK,66.900,0.44,15890.799986664206
1365,OK,54.200,0.44,16040.300019085407
1366,OK,107.300,0.44,15745.799988508224
1367,OK,63.100,0.44,15920.600038953125
1368,OK,55.700,0.44,15912.900038529187
1369,OK,58.500,0.44,15899.19999241829
1370,OK,56.800,0.44,15909.3999536708
1371,OK,60.400,0.44,15907.300054095685
1372,OK,60.300,0.44,15885.70000603795
1373,OK,50.400,0.44,15913.600043859333
1374,OK,55.200,0.44,15918.800025247037
1375,OK,68.300,0.44,15903.3999661915
1376,OK,54.800,0.44,15923.200000543147
1377,OK,53.400,0.44,15879.500017035753
1378,OK,49.000,0.44,15978.500014171004
1379,OK,60.600,0.44,15915.29999859631
1380,OK,55.400,0.44,15899.799996986985
1381,OK,54.900,0.44,15912.700037006289
1382,OK,72.300,0.44,15874.399978201836
1383,OK,57.600,0.44,15930.29999639839
1384,OK,59.500,0.44,15924.599952995777
1385,OK,59.100,0.44,15919.499972369522
1386,OK,64.900,0.44,15874.300035648048
1387,OK,69.300,0.44,15897.199977189302
1388,OK,75.600,0.44,15901.599952485412
1389,OK,162.300,0.44,15769.999998155981
1390,OK,65.800,0.44,15838.699997402728
1391,OK,68.400,0.44,15901.400009170175
1392,OK,63.200,0.44,15916.600008495152
1393,OK,52.000,0.44,15911.499969661236
1394,OK,53.000,0.44,15883.200045209378
1395,OK,38.800,0.44,16041.200025938451
1396,OK,110.900,0.44,15797.199972439557
1397,OK,75.900,0.44,15872.200019657612
1398,OK,50.600,0.44,15928.6999842152
1399,OK,55.600,0.44,15923.800005111843
1400,OK,59.400,0.44,15848.400013055652
1401,OK,76.800,0.44,15821.99998665601
1402,OK,59.100,0.44,15967.29998709634
1403,OK,66.800,0.44,15891.399991232902
1404,OK,64.700,0.44,15897.299977950752
1405,OK,159.500,0.44,15766.799973789603
1406,OK,65.300,0.44,15886.100009083748
1407,OK,66.900,0.44,15874.499978963286
1408,OK,65.100,0.44,15920.799982268363
1409,OK,65.700,0.44,15884.099993854761
1410,OK,63.800,0.44,15919.80003286153
1411,OK,66.000,0.44,15866.699977777898
1412,OK,65.700,0.44,15809.200005605817
1413,OK,100.700,0.44,15862.300002481788
1414,OK,89.600,0.44,15858.900034800172
1415,OK,83.800,0.44,15858.900034800172
1416,OK,86.900,0.44,15879.600017797202
1417,OK,100.500,0.44,15890.29998285696
1418,OK,86.100,0.44,15807.999996468425
1419,OK,105.800,0.44,15857.70002566278
1420,OK,91.600,0.44,15873.800031840801
1421,OK,94.900,0.44,15845.199988689274
1422,OK,92.200,0.44,15850.800031330436
1423,OK,90.100,0.44,15875.39998581633
1424,OK,100.700,0.44,15853.20004960522
1425,OK,108.600,0.44,15799.79999223724
1426,OK,101.400,0.44,15871.799958404154
1427,OK,100.100,0.44,15855.500008910894
1428,OK,113.400,0.44,15843.300032429397
1429,OK,114.400,0.44,15826.599963475019
1430,OK,115.000,0.44,15821.800043340772
1431,OK,105.900,0.44,15821.400040294975
1432,OK,91.400,0.44,15827.399969566613
1433,OK,92.300,0.44,15875.29998505488
1434,OK,100.300,0.44,15827.900031581521
1435,OK,129.300,0.44,15853.599994443357
1436,OK,86.800,0.44,15849.500021431595
1437,OK,93.200,0.44,15830.199990887195
1438,OK,97.400,0.44,15942.500031087548
1439,OK,153.900,0.44,15776.499989442527
1440,OK,169.600,0.44,15613.800031132996
1441,OK,67.300,0.44,15892.700001131743
1442,OK,54.400,0.44,15970.900014508516
1443,OK,70.700,0.44,15914.399991743267
1444,OK,83.000,0.44,15867.99998767674
1445,OK,70.800,0.44,15963.500016368926
1446,OK,58.200,0.44,15888.70002888143
1447,OK,56.400,0.44,15916.9000107795
1448,OK,59.400,0.44,15919.500030577183
1449,OK,66.900,0.44,15913.79998717457
1450,OK,65.000,0.44,15884.50005510822
1451,OK,65.100,0.44,15912.29997575283
1452,OK,68.500,0.44,15904.700034298003
1453,OK,179.600,0.44,15692.499990109354
1454,OK,105.900,0.44,15796.999970916659
1455,OK,58.000,0.44,15899.599995464087
1456,OK,57.200,0.44,15926.600026432425
1457,OK,65.900,0.44,15924.500010441989
1458,OK,55.500,0.44,15914.499992504716
1459,OK,46.900,0.44,15866.70003598556
1460,OK,128.500,0.44,15776.999993249774
1461,OK,62.100,0.44,15910.299960523844
1462,OK,74.600,0.44,15917.299955617636
1463,OK,69.500,0.44,15876.200050115585
1464,OK,58.800,0.44,15929.499990306795
1465,OK,64.200,0.44,15928.70004242286
1466,OK,72.000,0.44,15822.09998741746
1467,OK,54.500,0.44,15828.999981749803
1468,OK,63.100,0.44,15956.599963828921
1469,OK,87.900,0.44,15862.500004004687
1470,OK,69.300,0.44,15923.099999781698
1471,OK,59.100,0.44,16152.800002600998
1472,OK,90.800,0.44,15872.199961449951
1473,OK,77.900,0.44,15756.700013298541
1474,OK,108.400,0.44,15718.3000119403
1475,OK,82.400,0.44,15904.499974567443
1476,OK,72.000,0.44,15805.299975909293
1477,OK,58.900,0.44,16399.500018451363
1478,OK,53.400,0.44,15649.699955247343
1479,OK,56.200,0.44,15714.099979959428
1480,OK,71.700,0.44,15971.399960108101
1481,OK,101.800,0.44,15893.800009507686
1482,OK,110.600,0.44,15699.699986726046
1483,OK,117.600,0.44,15989.699983038008
1484,OK,133.500,0.44,15661.199984606355
1485,OK,91.300,0.44,15895.599965006113
1486,OK,86.800,0.44,15864.399960264564
1487,OK,63.300,0.44,15850.100026000291
1488,OK,99.100,0.44,15879.700018558651
1489,OK,66.700,0.44,15975.99999513477
1490,OK,163.000,0.44,15559.90002816543
1491,OK,66.000,0.44,15931.300004012883
1492,OK,93.200,0.44,15789.700031746179
1493,OK,60.300,0.44,15879.399958066642
1494,OK,60.400,0.44,15988.600032869726
1495,OK,88.700,0.44,15922.199992928654
1496,OK,79.600,0.44,15830.89999621734
1497,OK,108.400,0.44,15833.999961614609
1498,OK,90.500,0.44,15914.799994789064
1499,OK,62.100,0.44,15861.099993344396
1500,OK,77.100,0.44,15909.60001340136
1501,OK,77.300,0.44,15740.000002551824
1502,OK,91.600,0.44,15920.099976938218
1503,OK,93.700,0.44,15790.79998191446
1504,OK,84.200,0.44,15872.100018896163
1505,OK,55.200,0.44,15921.50004580617
1506,OK,49.600,0.44,15873.100026510656
1507,OK,63.900,0.44,15877.099998760968
1508,OK,47.800,0.44,16037.399997003376
1509,OK,75.100,0.44,15847.20000391826
1510,OK,44.100,0.44,15972.899971529841
1511,OK,96.400,0.44,15868.799993768334
1512,OK,70.800,0.44,15864.800021518022
1513,OK,66.800,0.44,15830.699994694442
1514,OK,68.700,0.44,15862.00000019744
1515,OK,61.800,0.44,15945.599996484816
1516,OK,62.500,0.44,15882.599982433021
1517,OK,53.100,0.44,15899.699996225536
1518,OK,62.500,0.44,15962.200006470084
1519,OK,64.400,0.44,15816.700004506856
1520,OK,53.400,0.44,15991.699998266995
1521,OK,61.100,0.44,15884.599997662008
1522,OK,50.900,0.44,15898.799989372492
1523,OK,42.300,0.44,15955.000009853393
1524,OK,60.800,0.44,15896.700031589717
1525,OK,51.000,0.44,15914.00004690513
1526,OK,41.500,0.44,15933.700022287667
1527,OK,66.100,0.44,15938.600001391023
1528,OK,45.500,0.44,15950.200031511486
1529,OK,56.400,0.44,15879.000013228506
1530,OK,50.100,0.44,15920.399979222566
1531,OK,51.100,0.44,15935.699979308993
1532,OK,49.200,0.44,15940.300014335662
1533,OK,61.800,0.44,15849.799965508282
1534,OK,77.600,0.44,15939.700009766966
1535,OK,60.300,0.44,15897.100034635514
1536,OK,65.800,0.44,15888.59996991232
1537,OK,62.600,0.44,15742.800023872405
1538,OK,47.100,0.44,15957.699972204864
1539,OK,75.400,0.44,15912.199974991381
1540,OK,78.800,0.44,15848.099952563643
1541,OK,64.700,0.44,15895.699965767562
1542,OK,62.700,0.44,15908.300003502518
1543,OK,63.800,0.44,15906.49998979643
1544,OK,63.800,0.44,15891.899995040148
1545,OK,89.000,0.44,15863.200009334832
1546,OK,62.000,0.44,15891.69999351725
1547,OK,61.000,0.44,15928.59998345375
1548,OK,65.300,0.44,15831.500000786036
1549,OK,57.900,0.44,15958.29997677356
1550,OK,57.700,0.44,15871.900017373264
1551,OK,56.100,0.44,15923.500002827495
1552,OK,60.300,0.44,15951.399982441217
1553,OK,98.100,0.44,15874.299977440387
1554,OK,65.700,0.44,15889.200032688677
1555,OK,63.700,0.44,15902.00001373887
1556,OK,61.000,0.44,15853.899996727705
1557,OK,88.700,0.44,15919.299970846623
1558,OK,64.000,0.44,15895.799966529012
1559,OK,62.500,0.44,15895.799966529012
1560,OK,60.300,0.44,15909.200010355562
1561,OK,60.200,0.44,15834.599966183305
1562,OK,57.900,0.44,15876.300050877035
1563,OK,45.200,0.44,15976.499998942018
1564,OK,49.800,0.44,15887.40001898259
1565,OK,89.700,0.44,15887.100016698241
1566,OK,54.300,0.44,15925.999963656068
1567,OK,79.200,0.44,15845.100046135485
1568,OK,94.600,0.44,15915.900003165007
1569,OK,80.000,0.44,15910.79996433109
1570,OK,66.600,0.44,15871.700015850365
1571,OK,73.800,0.44,15856.699959840626
1572,OK,57.800,0.44,15860.4999887757
1573,OK,86.000,0.44,15884.599997662008
1574,OK,84.700,0.44,15926.599968224764
1575,OK,59.100,0.44,15892.000054009259
1576,OK,73.700,0.44,15919.099969323725
1577,OK,67.300,0.44,15847.700007725507
1578,OK,72.000,0.44,15951.499983202666
1579,OK,79.800,0.44,15841.100015677512
1580,OK,73.000,0.44,15914.499992504716
1581,OK,62.400,0.44,15935.100032947958
1582,OK,74.100,0.44,15863.60001238063
1583,OK,65.800,0.44,15899.299993179739
1584,OK,58.800,0.44,15892.600000370294
1585,OK,57.300,0.44,15911.699971184134
1586,OK,57.300,0.44,15924.600011203438
1587,OK,64.900,0.44,15862.500004004687
1588,OK,68.400,0.44,15906.39998903498
1589,OK,119.400,0.44,15803.999966010451
1590,OK,56.300,0.44,15888.399968389422
1591,OK,49.300,0.44,15939.300006721169
1592,OK,49.300,0.44,15990.99999293685
1593,OK,78.000,0.44,15867.299982346594
1594,OK,77.400,0.44,15874.399978201836
1595,OK,67.600,0.44,15869.299997575581
1596,OK,103.700,0.44,15871.400013566017
1597,OK,60.100,0.44,15896.500030066818
1598,OK,61.800,0.44,16017.199959605932
1599,OK,89.100,0.44,15735.399967525154
1600,OK,52.900,0.44,15921.600046567619
1601,OK,58.700,0.44,15822.199988178909
1602,OK,51.200,0.44,15932.899957988411
1603,OK,55.200,0.44,15931.60000629723
1604,OK,56.900,0.44,15907.90000045672
1605,OK,57.300,0.44,15904.000028967857
1606,OK,65.700,0.44,15889.800037257373
1607,OK,54.100,0.44,15927.09997203201
1608,OK,71.600,0.44,15903.3999661915
1609,OK,60.400,0.44,15861.499996390194
1610,OK,60.700,0.44,15920.400037430227
1611,OK,55.000,0.44,15847.000002395362
1612,OK,33.700,0.44,15986.100013833493
1613,OK,46.700,0.44,15892.399998847395
1614,OK,34.000,0.44,15957.899973727763
1615,OK,39.400,0.44,15948.699961882085
1616,OK,40.100,0.44,15957.199968397617
1617,OK,50.700,0.44,15898.499987088144
1618,OK,44.300,0.44,15935.200033709407
1619,OK,45.000,0.44,15957.899973727763
1620,OK,52.400,0.44,15877.099998760968
1621,OK,44.300,0.44,15992.700005881488
1622,OK,132.500,0.44,15748.599951621145
1623,OK,54.000,0.44,15913.599985651672
1624,OK,70.500,0.44,15921.699989121407
1625,OK,59.700,0.44,15904.800035059452
1626,OK,63.600,0.44,15951.200039125979
1627,OK,87.900,0.44,15801.700006704777
1628,OK,59.100,0.44,15862.500004004687
1629,OK,53.900,0.44,15933.600021526217
1630,OK,115.100,0.44,15910.699963569641
1631,OK,67.700,0.44,15775.599982589483
1632,OK,34.800,0.44,15952.39999005571
1633,OK,35.200,0.44,15957.299969159067
1634,OK,41.100,0.44,15929.599991068244
1635,OK,43.200,0.44,15951.199980918318
1636,OK,59.100,0.44,15968.299994710833
1637,OK,110.900,0.44,15822.899993509054
1638,OK,65.300,0.44,15901.100006885827
1639,OK,59.500,0.44,15897.80003996566
1640,OK,59.000,0.44,15882.599982433021
1641,OK,54.200,0.44,15945.09999267757
1642,OK,53.700,0.44,15871.099953074008
1643,OK,48.500,0.44,15861.499996390194
1644,OK,59.700,0.44,15924.599952995777
1645,OK,92.800,0.44,15856.499958317727
1646,OK,95.300,0.44,15856.700018048286
1647,OK,114.100,0.44,15881.19997177273
1648,OK,109.300,0.44,15827.599971089512
1649,OK,110.500,0.44,15818.399959243834
1650,OK,107.500,0.44,15857.500024139881
1651,OK,94.900,0.44,15820.400032680482
1652,OK,96.900,0.44,15883.900050539523
1653,OK,102.100,0.44,15800.199995283037
1654,OK,97.200,0.44,15890.599985141307
1655,OK,97.300,0.44,15830.89999621734
1656,OK,93.200,0.44,15859.199978876859
1657,OK,93.000,0.44,15854.299999773502
1658,OK,89.400,0.44,15850.599971599877
1659,OK,86.700,0.44,15863.70001314208
1660,OK,86.200,0.44,15873.199969064444
1661,OK,83.200,0.44,15880.499966442585
1662,OK,102.500,0.44,15849.299961701035
1663,OK,112.100,0.44,15827.699971850961
1664,OK,95.300,0.44,15827.200026251376
1665,OK,72.600,0.44,15922.399994451553
1666,OK,99.200,0.44,15838.700055610389
1667,OK,96.100,0.44,15897.69998099655
1668,OK,134.400,0.44,15894.70001636073
1669,OK,198.600,0.44,15553.300036117435
1670,OK,66.000,0.44,15896.800032351166
1671,OK,50.800,0.44,15975.499991327524
1672,OK,47.800,0.44,15948.899963404983
1673,OK,58.200,0.44,15771.80001186207
1674,OK,62.700,0.44,15880.900027696043
1675,OK,57.900,0.44,15909.999958239496
1676,OK,83.500,0.44,15935.800038278103
1677,OK,67.400,0.44,15888.799971435219
1678,OK,60.300,0.44,15870.000002905726
1679,OK,58.400,0.44,15946.900006383657
1680,OK,59.300,0.44,15896.09996881336
1681,OK,56.200,0.44,15955.40001289919
1682,OK,67.500,0.44,15858.600032515824
1683,OK,60.800,0.44,15901.100006885827
1684,OK,60.600,0.44,15835.799975320697
1685,OK,62.800,0.44,15967.599989380687
1686,OK,63.600,0.44,15901.400009170175
1687,OK,62.800,0.44,15910.300018731505
1688,OK,76.200,0.44,15895.799966529012
1689,OK,160.100,0.44,15713.300032075495
1690,OK,104.200,0.44,15792.199992574751
1691,OK,59.400,0.44,15838.29999435693
1692,OK,69.500,0.44,15998.599992599338
1693,OK,62.200,0.44,15939.00000443682
1694,OK,69.900,0.44,15808.80000256002
1695,OK,58.100,0.44,15920.599980745465
1696,OK,56.700,0.44,16088.199976366013
1697,OK,139.100,0.44,15644.999977666885
1698,OK,66.800,0.44,15831.400000024587
1699,OK,61.100,0.44,15921.799989882857
1700,OK,66.100,0.44,15803.400019649416
1701,OK,79.000,0.44,15847.400005441159
1702,OK,52.100,0.44,15897.100034635514
1703,OK,50.600,0.44,16131.099953781813
1704,OK,111.500,0.44,16090.200049802661
1705,OK,138.700,0.44,15413.800021633506
1706,OK,104.000,0.44,15868.699993006885
1707,OK,79.000,0.44,15844.700043089688
1708,OK,79.000,0.44,15940.400015097111
1709,OK,107.200,0.44,16297.900001518428
1710,OK,141.600,0.44,15291.199961211532
1711,OK,143.800,0.44,16160.500003024936
1712,OK,144.800,0.44,15739.800001028925
1713,OK,143.400,0.44,15937.399992253631
1714,OK,173.800,0.44,15650.600020308048
1715,OK,168.600,0.44,15525.199996773154
1716,OK,171.800,0.44,15998.499991837889
1717,OK,165.000,0.44,15628.200024366379
1718,OK,168.900,0.44,15639.79999627918
1719,OK,186.900,0.44,15963.100013323128
1720,OK,160.900,0.44,15828.300034627318
1721,OK,165.200,0.44,15806.400042492896
1722,OK,171.400,0.44,15306.499961297959
1723,OK,207.300,0.44,16364.39998401329
1724,OK,166.900,0.44,15524.699992965907
1725,OK,161.100,0.44,15388.600004371256
1726,OK,241.200,0.44,15627.499960828573
1727,OK,178.000,0.44,15592.599986121058
1728,OK,140.100,0.44,15648.100001271814
1729,OK,105.400,0.44,15951.699984725565
1730,OK,127.600,0.44,15631.899994332343
1731,OK,59.500,0.44,15900.400001555681
1732,OK,78.200,0.44,16092.299949377775
1733,OK,154.200,0.44,15562.599990516901
1734,OK,61.900,0.44,15978.300012648106
1735,OK,46.200,0.44,15932.000009343028
1736,OK,50.300,0.44,15911.200025584549
1737,OK,53.700,0.44,15934.59997093305
1738,OK,69.900,0.44,15883.799991570413
1739,OK,52.900,0.44,15913.199982605875
1740,OK,48.800,0.44,15935.799980070442
1741,OK,51.900,0.44,15918.999968562275
1742,OK,55.300,0.44,15933.600021526217
1743,OK,75.000,0.44,15886.000008322299
1744,OK,74.800,0.44,15849.99996703118
1745,OK,92.300,0.44,15831.900003831834
1746,OK,52.000,0.44,15920.500038191676
1747,OK,54.800,0.44,15953.399997670203
1748,OK,59.100,0.44,15943.999984301627
1749,OK,60.000,0.44,15853.699995204806
1750,OK,36.000,0.44,15932.700014673173
1751,OK,33.000,0.44,15980.400028638542
1752,OK,37.400,0.44,15892.600000370294
1753,OK,48.700,0.44,15974.49998371303
1754,OK,49.400,0.44,15911.599970422685
1755,OK,46.700,0.44,15917.500015348196
1756,OK,42.200,0.44,15954.700007569045
1757,OK,51.500,0.44,15908.500005025417
1758,OK,43.200,0.44,15935.600036755204
1759,OK,53.700,0.44,15915.799944195896
1760,OK,54.300,0.44,15936.699986923486
1761,OK,45.800,0.44,16036.100045312196
1762,OK,70.400,0.44,15766.499971505255
1763,OK,65.400,0.44,15900.400001555681
1764,OK,62.600,0.44,15912.800037767738
1765,OK,68.100,0.44,15874.999982770532
1766,OK,56.500,0.44,15925.999963656068
1767,OK,56.000,0.44,15841.200016438961
1768,OK,54.700,0.44,15990.500047337264
1769,OK,55.600,0.44,15930.900000967085
1770,OK,77.300,0.44,15778.900007717311
1771,OK,51.500,0.44,15925.79996213317
1772,OK,39.900,0.44,16019.999980926514
1773,OK,58.500,0.44,15910.500020254403
1774,OK,61.200,0.44,15923.600003588945
1775,OK,64.300,0.44,15882.000036071986
1776,OK,64.300,0.44,15917.00001154095
1777,OK,66.100,0.44,15870.90000975877
1778,OK,67.800,0.44,15881.499974057078
1779,OK,63.300,0.44,15932.000009343028
1780,OK,63.500,0.44,15914.599993266165
1781,OK,65.600,0.44,15871.299954596907
1782,OK,66.900,0.44,15899.499994702637
1783,OK,55.600,0.44,15860.100043937564
1784,OK,105.500,0.44,15803.600021172315
1785,OK,48.000,0.44,16006.399993784726
1786,OK,70.800,0.44,15908.800007309765
1787,OK,65.700,0.44,15903.100022114813
1788,OK,65.100,0.44,15877.400001045316
1789,OK,67.400,0.44,15919.499972369522
1790,OK,64.500,0.44,15900.400001555681
1791,OK,66.200,0.44,15920.999983791262
1792,OK,64.900,0.44,15851.999982260168
1793,OK,62.500,0.44,15895.100019406527
1794,OK,59.200,0.44,15901.500009931624
1795,OK,58.500,0.44,15895.599965006113
1796,OK,57.500,0.44,15888.799971435219
1797,OK,56.300,0.44,15948.800020851195
1798,OK,72.700,0.44,15915.900003165007
1799,OK,65.900,0.44,15872.50002194196
1800,OK,54.300,0.44,15815.199993085116
1801,OK,83.200,0.44,15825.899958144873
1802,OK,80.000,0.44,15935.300034470856
1803,OK,57.900,0.44,15894.500014837831
1804,OK,71.800,0.44,15894.60001559928
1805,OK,55.200,0.44,15903.400024399161
1806,OK,55.400,0.44,15941.800025757402
1807,OK,59.400,0.44,15904.599975328892
1808,OK,63.300,0.44,15912.699978798628
1809,OK,65.600,0.44,15788.599965162575
1810,OK,58.600,0.44,15977.500006556511
1811,OK,56.000,0.44,15939.900011289865
1812,OK,71.500,0.44,15856.800018809736
1813,OK,79.200,0.44,15911.499969661236
1814,OK,56.400,0.44,15827.000024728477
1815,OK,62.300,0.44,15988.300030585378
1816,OK,49.800,0.44,15909.200010355562
1817,OK,38.000,0.44,15916.200005449355
1818,OK,44.200,0.44,15929.199988022447
1819,OK,45.600,0.44,15975.399990566075
1820,OK,64.100,0.44,15839.400002732873
1821,OK,45.300,0.44,15957.400028128177
1822,OK,49.700,0.44,15931.200003251433
1823,OK,153.000,0.44,15715.29998909682
1824,OK,56.500,0.44,15948.500018566847
1825,OK,60.000,0.44,15904.599975328892
1826,OK,61.600,0.44,15940.800018142909
1827,OK,82.500,0.44,15867.99998767674
1828,OK,66.600,0.44,15911.799971945584
1829,OK,66.400,0.44,15893.20000493899
1830,OK,61.000,0.44,15896.599972620606
1831,OK,59.200,0.44,15900.400001555681
1832,OK,63.300,0.44,15911.099966615438
1833,OK,61.000,0.44,15897.49997947365
1834,OK,63.400,0.44,15908.599947579205
1835,OK,135.000,0.44,15847.700007725507
1836,OK,96.100,0.44,15745.699987746775
1837,OK,104.900,0.44,15825.200011022389
1838,OK,77.000,0.44,15842.399967368692
1839,OK,115.500,0.44,15860.999992582947
1840,OK,73.100,0.44,15896.299970336258
1841,OK,64.300,0.44,15781.900030560791
1842,OK,55.400,0.44,16028.799989726394
1843,OK,61.300,0.44,15890.600043348968
1844,OK,58.200,0.44,15898.99999089539
1845,OK,51.600,0.44,15924.40000968054
1846,OK,49.300,0.44,15911.300026345998
1847,OK,49.800,0.44,15932.500013150275
1848,OK,49.600,0.44,15932.000009343028
1849,OK,53.600,0.44,15942.899975925684
1850,OK,56.100,0.44,15929.699991829693
1851,OK,62.100,0.44,15877.899946644902
1852,OK,98.600,0.44,15801.799949258566
1853,OK,66.200,0.44,15933.900023810565
1854,OK,70.500,0.44,15915.000054519624
1855,OK,64.900,0.44,15859.499981161207
1856,OK,57.500,0.44,15922.599995974451
1857,OK,49.100,0.44,15921.699989121407
1858,OK,63.100,0.44,15912.900038529187
1859,OK,52.400,0.44,15922.399994451553
1860,OK,62.400,0.44,15935.000032186508
1861,OK,67.200,0.44,15882.80004216358
1862,OK,64.900,0.44,15904.099971521646
1863,OK,66.100,0.44,15904.599975328892
1864,OK,59.500,0.44,15855.500008910894
1865,OK,51.000,0.44,15931.80000782013
1866,OK,157.100,0.44,15715.899993665516
1867,OK,66.500,0.44,15833.300014492124
1868,OK,36.200,0.44,15982.399985659868
1869,OK,37.100,0.44,15957.799972966313
1870,OK,53.800,0.44,15993.69995528832
1871,OK,49.400,0.44,15928.299981169403
1872,OK,54.200,0.44,15954.500006046146
1873,OK,57.700,0.44,15914.299990981817
1874,OK,115.000,0.44,15806.299983523786
1875,OK,66.600,0.44,15814.799990039319
1876,OK,74.200,0.44,15963.999961968511
1877,OK,65.100,0.44,15930.900000967085
1878,OK,67.500,0.44,15817.300009075552
1879,OK,87.900,0.44,15826.29996119067
1880,OK,57.800,0.44,15927.499975077808
1881,OK,67.900,0.44,15856.199956033379
1882,OK,96.500,0.44,15840.200008824468
1883,OK,98.600,0.44,15864.000015426427
1884,OK,82.100,0.44,15828.199975658208
1885,OK,83.600,0.44,15892.299998085946
1886,OK,82.100,0.44,15857.500024139881
1887,OK,92.600,0.44,15853.899996727705
1888,OK,102.100,0.44,15832.800010684878
1889,OK,94.900,0.44,15877.800004091114
1890,OK,97.800,0.44,15823.099995031953
1891,OK,109.100,0.44,15837.1000434272
1892,OK,94.700,0.44,15911.299968138337
1893,OK,85.200,0.44,15833.400015253574
1894,OK,104.300,0.44,15832.50000840053
1895,OK,104.000,0.44,15848.80001610145
1896,OK,112.200,0.44,15890.399983618408
1897,OK,69.900,0.44,15833.400015253574
1898,OK,102.500,0.44,15957.500028889626
1899,OK,116.400,0.44,15719.300019554794
1900,OK,100.100,0.44,15853.499993681908
1901,OK,98.000,0.44,15702.900011092424
1902,OK,96.400,0.44,15966.899984050542
1903,OK,122.900,0.44,15727.30002226308
1904,OK,90.400,0.44,15862.500004004687
1905,OK,107.400,0.44,15860.299987252802
1906,OK,121.200,0.44,15775.299980305135
1907,OK,121.000,0.44,15806.299983523786
1908,OK,112.100,0.44,15863.60001238063
1909,OK,120.200,0.44,15821.900044102222
1910,OK,89.500,0.44,15819.599968381226
1911,OK,86.600,0.44,15923.400002066046
1912,OK,139.000,0.44,15719.100018031895
1913,OK,96.500,0.44,15778.700006194413
1914,OK,53.300,0.44,15924.600011203438
1915,OK,63.300,0.44,15918.600023724139
1916,OK,57.500,0.44,15944.100043270737
1917,OK,55.400,0.44,15968.400053679943
1918,OK,61.300,0.44,15887.699963059276
1919,OK,58.400,0.44,15905.199979897588
1920,OK,56.500,0.44,15942.199970595539
1921,OK,74.200,0.44,15879.299957305193
1922,OK,71.100,0.44,15904.699976090342
1923,OK,63.400,0.44,15893.500007223338
1924,OK,64.200,0.44,15903.70002668351
1925,OK,132.100,0.44,15783.39998377487
1926,OK,55.800,0.44,15902.700019069016
1927,OK,52.300,0.44,15918.000019155443
1928,OK,48.800,0.44,15862.200001720339
1929,OK,74.000,0.44,15861.499996390194
1930,OK,46.700,0.44,16078.699962235987
1931,OK,180.000,0.44,15681.30002124235
1932,OK,64.800,0.44,15839.80000577867
1933,OK,97.200,0.44,15877.199999522418
1934,OK,96.200,0.44,15847.500006202608
1935,OK,61.700,0.44,16031.500010285527
1936,OK,127.600,0.44,15655.600000172853
1937,OK,68.900,0.44,15935.599978547543
1938,OK,48.400,0.44,15911.900030914694
1939,OK,62.700,0.44,15865.899971686304
1940,OK,53.800,0.44,16104.300040751696
1941,OK,113.600,0.44,15754.099993500859
1942,OK,86.500,0.44,15939.900011289865
1943,OK,81.000,0.44,15733.000007458031
1944,OK,106.600,0.44,15781.800029799342
1945,OK,51.900,0.44,15922.099992167205
1946,OK,49.500,0.44,15996.90003786236
1947,OK,73.800,0.44,15827.900031581521
1948,OK,61.100,0.44,15897.999983280897
1949,OK,162.400,0.44,15849.300019908696
1950,OK,82.000,0.44,15786.000003572553
1951,OK,74.600,0.44,15920.699981506914
1952,OK,60.800,0.44,15839.300001971424
1953,OK,57.600,0.44,15844.399982597679
1954,OK,49.200,0.44,16122.80000699684
1955,OK,180.200,0.44,15591.500035952777
1956,OK,64.600,0.44,15935.500035993755
1957,OK,69.500,0.44,15758.699970319867
1958,OK,76.200,0.44,15867.99998767674
1959,OK,61.400,0.44,15978.000010363758
1960,OK,90.400,0.44,15860.699990298599
1961,OK,55.200,0.44,15935.899980831891
1962,OK,53.200,0.44,15840.999956708401
1963,OK,78.000,0.44,15922.399994451553
1964,OK,85.700,0.44,15973.800036590546
1965,OK,77.000,0.44,15856.900019571185
1966,OK,61.200,0.44,15890.899987425655
1967,OK,59.800,0.44,15872.40002118051
1968,OK,61.800,0.44,15952.39999005571
1969,OK,67.600,0.44,15922.79999749735
1970,OK,69.000,0.44,15859.399980399758
1971,OK,72.300,0.44,15924.800012726337
1972,OK,116.200,0.44,15752.39998055622
1973,OK,66.300,0.44,15927.09997203201
1974,OK,69.800,0.44,15879.999962635338
1975,OK,91.400,0.44,15826.999966520816
1976,OK,112.200,0.44,15864.200016949326
1977,OK,96.100,0.44,15874.599979724735
1978,OK,95.200,0.44,15856.500016525388
1979,OK,82.700,0.44,15880.499966442585
1980,OK,64.200,0.44,15847.000002395362
1981,OK,83.600,0.44,15845.599991735071
1982,OK,56.600,0.44,15898.100042250007
1983,OK,52.500,0.44,15986.50001687929
1984,OK,53.100,0.44,15872.000018134713
1985,OK,60.400,0.44,15870.500006712973
1986,OK,49.600,0.44,15956.69996459037
1987,OK,49.900,0.44,15922.599995974451
1988,OK,51.400,0.44,15918.50002296269
1989,OK,61.900,0.44,15842.100023292005
1990,OK,51.300,0.44,15902.20001526177
1991,OK,51.700,0.44,15955.40001289919
1992,OK,68.500,0.44,15874.599979724735
1993,OK,66.200,0.44,15970.20000917837
1994,OK,46.600,0.44,15956.499963067472
1995,OK,57.400,0.44,15889.999980572611
1996,OK,54.400,0.44,15916.100004687905
1997,OK,53.200,0.44,15889.799979049712
1998,OK,54.900,0.44,15896.600030828267
1999,OK,52.900,0.44,15981.299977283925
2000,OK,54.800,0.44,15912.999981082976
2001,OK,83.400,0.44,15805.999981239438
2002,OK,65.400,0.44,15914.499992504716
2003,OK,83.900,0.44,15888.200025074184
2004,OK,72.900,0.44,15779.10000924021
2005,OK,86.200,0.44,15953.699999954551
2006,OK,70.300,0.44,15886.400011368096
2007,OK,72.700,0.44,15887.499961536378
2008,OK,66.600,0.44,15895.199961960316
2009,OK,66.300,0.44,15906.59999055788
2010,OK,68.100,0.44,15831.400000024587
2011,OK,76.300,0.44,15875.699988100678
2012,OK,75.100,0.44,15871.299954596907
2013,OK,68.800,0.44,15899.799996986985
2014,OK,56.000,0.44,15932.800015434623
2015,OK,67.500,0.44,15864.000015426427
2016,OK,80.500,0.44,15941.699966788292
2017,OK,78.700,0.44,15885.999950114638
2018,OK,68.600,0.44,15843.400033190846
2019,OK,62.600,0.44,15867.700043600053
2020,OK,51.200,0.44,15956.100018229336
2021,OK,65.500,0.44,15905.699983704835
2022,OK,66.500,0.44,15918.100019916892
2023,OK,67.000,0.44,15889.600035734475
2024,OK,71.600,0.44,15908.10000197962
2025,OK,67.500,0.44,15879.100013989955
2026,OK,67.000,0.44,15882.100036833435
2027,OK,65.200,0.44,15894.400014076382
2028,OK,65.600,0.44,16010.19996451214
2029,OK,107.100,0.44,15761.899994686246
2030,OK,180.900,0.44,15612.000017426908
2031,OK,135.500,0.44,16215.099953114986
2032,OK,431.900,0.44,14967.700000852346
2033,OK,101.100,0.44,16199.600009713322
2034,OK,335.400,0.44,15337.100019678473
2035,OK,259.100,0.44,15283.800021279603
2036,OK,342.000,0.44,15669.999993406236
2037,OK,142.200,0.44,15917.700016871095
2038,OK,104.500,0.44,16393.8999758102
2039,OK,148.800,0.44,15095.200040377676
2040,OK,114.700,0.44,15768.79998901859
2041,OK,112.900,0.44,15848.900016862899
2042,OK,112.200,0.44,15837.099985219538
2043,OK,120.900,0.44,15819.10002278164
2044,OK,111.900,0.44,16063.60002188012
2045,OK,112.200,0.44,15596.499957609922
2046,OK,129.700,0.44,15820.49997523427
2047,OK,77.600,0.44,15839.300001971424
2048,OK,77.900,0.44,15926.799969747663
2049,OK,90.700,0.44,15699.699986726046
2050,OK,78.000,0.44,15944.299986585975
2051,OK,76.500,0.44,15833.299956284463
2052,OK,90.200,0.44,15861.600055359304
2053,OK,79.100,0.44,15921.999991405755
2054,OK,92.000,0.44,15866.39997549355
2055,OK,149.800,0.44,15755.900007206947
2056,OK,68.000,0.44,15880.200022365898
2057,OK,80.200,0.44,15865.900029893965
2058,OK,55.900,0.44,15908.599947579205
2059,OK,55.000,0.44,15956.700022798032
2060,OK,52.000,0.44,15895.600023213774
2061,OK,50.700,0.44,15913.599985651672
2062,OK,66.900,0.44,15902.10001450032
2063,OK,51.400,0.44,15912.799979560077
2064,OK,52.200,0.44,15918.799967039376
2065,OK,52.900,0.44,15935.700037516654
2066,OK,56.900,0.44,15888.200025074184
2067,OK,82.400,0.44,15875.199984293431
2068,OK,77.900,0.44,15956.500021275133
2069,OK,92.100,0.44,15864.700020756572
2070,OK,90.200,0.44,15821.399982087314
2071,OK,160.100,0.44,15835.200028959662
2072,OK,75.200,0.44,15867.99998767674
2073,OK,103.500,0.44,15823.49999807775
2074,OK,73.800,0.44,15805.400034878403
2075,OK,71.100,0.44,15863.100008573383
2076,OK,68.500,0.44,15836.79998293519
2077,OK,72.900,0.44,15938.600001391023
2078,OK,100.200,0.44,15884.699998423457
2079,OK,82.200,0.44,15797.899977769703
2080,OK,89.800,0.44,15910.000016447157
2081,OK,67.500,0.44,15856.700018048286
2082,OK,70.900,0.44,15920.599980745465
2083,OK,89.900,0.44,15895.900025498122
2084,OK,103.100,0.44,15792.699996381998
2085,OK,64.300,0.44,15774.59997497499
2086,OK,92.400,0.44,16045.100055634975
2087,OK,169.400,0.44,15500.999987125397
2088,OK,73.900,0.44,15890.899987425655
2089,OK,76.000,0.44,15952.599991578609
2090,OK,62.400,0.44,15923.500002827495
2091,OK,116.200,0.44,15821.799985133111
2092,OK,126.500,0.44,15729.400038253516
2093,OK,80.400,0.44,15924.20000815764
2094,OK,88.100,0.44,15889.300033450127
2095,OK,69.300,0.44,15905.799984466285
2096,OK,71.900,0.44,15847.600006964058
2097,OK,61.400,0.44,15909.200010355562
2098,OK,53.300,0.44,15945.799998007715
2099,OK,79.800,0.44,15853.699995204806
2100,OK,94.300,0.44,15895.399963483214
2101,OK,74.600,0.44,15710.800013039261
2102,OK,96.000,0.44,15810.499957296997
2103,OK,97.900,0.44,15897.399978712201
2104,OK,109.500,0.44,15837.599989026785
2105,OK,80.800,0.44,15891.000046394765
2106,OK,101.800,0.44,15858.300030231476
2107,OK,71.900,0.44,15881.700033787638
2108,OK,75.000,0.44,15885.70000603795
2109,OK,75.200,0.44,15906.299988273531
2110,OK,89.800,0.44,15854.7000028193
2111,OK,85.400,0.44,15825.900016352534
2112,OK,51.600,0.44,15893.10000417754
2113,OK,40.300,0.44,15955.100010614842
2114,OK,129.900,0.44,15798.599983099848
2115,OK,62.200,0.44,15934.200026094913
2116,OK,65.000,0.44,15915.800002403557
2117,OK,71.700,0.44,15830.79999545589
2118,OK,67.900,0.44,15932.600013911724
2119,OK,76.500,0.44,15873.199969064444
2120,OK,72.600,0.44,15862.200001720339
2121,OK,57.700,0.44,15922.79999749735
2122,OK,66.000,0.44,15890.799986664206
2123,OK,144.400,0.44,15740.70000788197
2124,OK,103.900,0.44,15855.399949941784
2125,OK,55.200,0.44,15896.09996881336
2126,OK,47.200,0.44,15947.400010190904
2127,OK,47.000,0.44,15930.29999639839
2128,OK,66.800,0.44,15903.100022114813
2129,OK,52.400,0.44,16001.40001391992
2130,OK,146.500,0.44,15596.80001810193
2131,OK,101.800,0.44,15916.200005449355
2132,OK,66.600,0.44,15893.10000417754
2133,OK,70.700,0.44,15880.700026173145
2134,OK,115.100,0.44,15867.400041315705
2135,OK,75.300,0.44,15867.599984630942
2136,OK,79.300,0.44,15817.400009837002
2137,OK,157.300,0.44,15756.599954329431
2138,OK,117.600,0.44,15820.100030396134
2139,OK,89.000,0.44,15857.099962886423
2140,OK,115.000,0.44,15827.200026251376
2141,OK,120.100,0.44,15829.099982511252
2142,OK,106.300,0.44,16070.200013928115
2143,OK,92.400,0.44,15643.900027498603
2144,OK,105.800,0.44,15836.69998217374
2145,OK,109.500,0.44,15794.800012372434
2146,OK,109.800,0.44,15849.500021431595
2147,OK,106.900,0.44,15784.699993673712
2148,OK,101.300,0.44,15850.40002828464
2149,OK,109.600,0.44,15834.700025152415
2150,OK,104.800,0.44,15812.499972525984
2151,OK,105.300,0.44,15850.999974645674
2152,OK,120.900,0.44,15785.399999003857
2153,OK,131.400,0.44,15824.300004169345
2154,OK,130.900,0.44,15856.400015763938
2155,OK,132.900,0.44,15888.69997067377
2156,OK,125.800,0.44,15699.399984441698
2157,OK,176.900,0.44,15728.799975477159
2158,OK,108.500,0.44,15816.800005268306
2159,OK,79.000,0.44,15920.400037430227
2160,OK,98.200,0.44,15803.100017365068
2161,OK,94.000,0.44,15847.400005441159
2162,OK,63.000,0.44,15917.699958663434
2163,OK,83.600,0.44,15818.200015928596
2164,OK,90.100,0.44,15912.29997575283
2165,OK,86.700,0.44,15813.09997709468
2166,OK,72.400,0.44,15905.00003658235
2167,OK,102.900,0.44,15847.100003156811
2168,OK,125.100,0.44,15837.999992072582
2169,OK,132.100,0.44,15811.899967957288
2170,OK,121.200,0.44,15828.600036911666
2171,OK,98.400,0.44,15765.100019052625
2172,OK,72.000,0.44,15882.79998395592
2173,OK,98.300,0.44,15788.800024893135
2174,OK,67.200,0.44,15931.70000705868
2175,OK,87.100,0.44,15866.100031416863
2176,OK,65.200,0.44,15914.499992504716
2177,OK,79.500,0.44,15872.599964495748
2178,OK,78.000,0.44,15867.000038269907
2179,OK,85.700,0.44,15934.500028379261
2180,OK,78.900,0.44,15772.200014907867
2181,OK,59.000,0.44,15922.299993690103
2182,OK,70.800,0.44,16060.49999827519
2183,OK,232.100,0.44,15658.000018447638
2184,OK,95.400,0.44,15831.600001547486
2185,OK,90.400,0.44,15836.999984458089
2186,OK,73.100,0.44,15882.200037594885
2187,OK,68.700,0.44,15884.499996900558
2188,OK,62.700,0.44,15923.800005111843
2189,OK,59.200,0.44,15939.700009766966
2190,OK,169.600,0.44,15720.300027169287
2191,OK,93.800,0.44,15881.40003150329
2192,OK,98.600,0.44,15838.999999687076
2193,OK,115.400,0.44,15819.300024304539
2194,OK,102.100,0.44,15850.100026000291
2195,OK,109.300,0.44,15801.000001374632
2196,OK,97.000,0.44,15880.100021604449
2197,OK,88.800,0.44,15871.800016611814
2198,OK,91.300,0.44,15796.90002836287
2199,OK,68.800,0.44,15969.700005371124
2200,OK,86.700,0.44,15832.200006116182
2201,OK,99.500,0.44,15681.100019719452
2202,OK,70.200,0.44,15935.499977786094
2203,OK,125.800,0.44,15808.299998752773
2204,OK,125.800,0.44,15799.599990714341
2205,OK,64.100,0.44,16135.100042447448
2206,OK,216.100,0.44,15417.699993122369
2207,OK,63.600,0.44,16191.400005482137
2208,OK,161.400,0.44,15723.799995612353
2209,OK,61.300,0.44,15757.700020913035
2210,OK,92.300,0.44,15822.299988940358
2211,OK,74.400,0.44,15938.299999106675
2212,OK,73.100,0.44,15938.600001391023
2213,OK,97.200,0.44,16151.999996509403
2214,OK,145.500,0.44,15591.699979268014
2215,OK,146.100,0.44,16071.599966380745
2216,OK,230.900,0.44,15375.200018752366
2217,OK,156.400,0.44,15669.39998883754
2218,OK,222.600,0.44,15536.999970208853
2219,OK,137.900,0.44,16191.300004720688
2220,OK,105.000,0.44,15716.399997472763
2221,OK,92.400,0.44,16116.400016471744
2222,OK,131.300,0.44,15608.299989253283
2223,OK,158.300,0.44,15668.199979700148
2224,OK,176.600,0.44,15756.200009491295
2225,OK,114.000,0.44,15952.999994624406
2226,OK,163.900,0.44,15365.80000538379
2227,OK,76.800,0.44,15736.999979708344
2228,OK,57.700,0.44,15993.600012734532
2229,OK,74.200,0.44,15961.40000037849
2230,OK,170.800,0.44,15659.400029107928
2231,OK,62.600,0.44,15820.49997523427
2232,OK,60.800,0.44,15913.000039290637
2233,OK,57.900,0.44,15971.600019838661
2234,OK,73.200,0.44,15935.299976263195
2235,OK,77.100,0.44,15844.40004080534
2236,OK,104.600,0.44,15843.199973460287
2237,OK,70.100,0.44,15886.800014413893
2238,OK,74.900,0.44,15864.499961026013
2239,OK,90.300,0.44,15902.00001373887
2240,OK,58.500,0.44,15976.700000464916
2241,OK,69.400,0.44,15843.699977267534
2242,OK,69.600,0.44,15942.899975925684
2243,OK,66.000,0.44,15917.300013825297
2244,OK,72.900,0.44,15861.399995628744
2245,OK,69.700,0.44,15889.299975242466
2246,OK,72.100,0.44,15907.199995126575
2247,OK,65.600,0.44,15888.999972958118
2248,OK,82.100,0.44,15871.600015088916
2249,OK,84.000,0.44,16386.69997919351
2250,OK,77.100,0.44,15377.899981103837
2251,OK,87.500,0.44,15809.400007128716
2252,OK,74.800,0.44,15829.400043003261
2253,OK,86.300,0.44,15941.300021950155
2254,OK,73.500,0.44,15840.400010347366
2255,OK,60.800,0.44,15864.800021518022
2256,OK,54.000,0.44,15959.599986672401
2257,OK,105.400,0.44,15812.200028449297
2258,OK,71.200,0.44,15959.599986672401
2259,OK,81.300,0.44,15791.099984198809
2260,OK,57.500,0.44,15880.499966442585
2261,OK,51.100,0.44,15928.399981930852
2262,OK,76.000,0.44,15949.900029227138
2263,OK,72.200,0.44,15886.000008322299
2264,OK,72.600,0.44,15848.70001534
2265,OK,100.200,0.44,15913.199982605875
2266,OK,74.600,0.44,15898.400044534355
2267,OK,76.000,0.44,15887.20001745969
2268,OK,72.000,0.44,15890.500042587519
2269,OK,66.800,0.44,15873.500029556453
2270,OK,67.700,0.44,15916.100004687905
2271,OK,74.900,0.44,15860.999992582947
2272,OK,66.900,0.44,15831.800003070384
2273,OK,61.400,0.44,15952.899993862957
2274,OK,67.500,0.44,15896.600030828267
2275,OK,62.800,0.44,15860.799991060048
2276,OK,69.000,0.44,15943.59998125583
2277,OK,76.200,0.44,15884.599997662008
2278,OK,72.800,0.44,15870.89995155111
2279,OK,68.500,0.44,15898.600046057254
2280,OK,73.700,0.44,15881.30003074184
2281,OK,82.300,0.44,15803.500020410866
2282,OK,61.100,0.44,15939.10000519827
2283,OK,69.000,0.44,15819.20002354309
2284,OK,84.400,0.44,15934.59997093305
2285,OK,50.200,0.44,15906.699991319329
2286,OK,52.800,0.44,15948.399959597737
2287,OK,73.700,0.44,15874.099975917488
2288,OK,102.500,0.44,15761.499991640449
2289,OK,90.600,0.44,15810.800017789006
2290,OK,65.500,0.44,15916.100004687905
2291,OK,66.900,0.44,15893.000003416091
2292,OK,53.200,0.44,15962.200006470084
2293,OK,61.300,0.44,15926.400024909526
2294,OK,65.800,0.44,15913.79998717457
2295,OK,70.800,0.44,15880.300023127347
2296,OK,65.300,0.44,15851.999982260168
2297,OK,67.200,0.44,15917.700016871095
2298,OK,62.900,0.44,15917.400014586747
2299,OK,66.000,0.44,15898.499987088144
2300,OK,70.000,0.44,15850.699972361326
2301,OK,72.600,0.44,15807.699994184077
2302,OK,130.600,0.44,15923.300001304597
2303,OK,72.800,0.44,15771.000005770475
2304,OK,73.800,0.44,15801.40000442043
2305,OK,70.600,0.44,15929.899993352592
2306,OK,91.900,0.44,15876.599994953722
2307,OK,89.300,0.44,15875.999990385026
2308,OK,71.900,0.44,15801.800007466227
2309,OK,68.400,0.44,15977.199946064502
2310,OK,112.800,0.44,15749.800018966198
2311,OK,93.800,0.44,15911.799971945584
2312,OK,81.100,0.44,15838.300052564591
2313,OK,82.500,0.44,15914.699994027615
2314,OK,85.500,0.44,15794.400009326637
2315,OK,62.400,0.44,15991.299995221198
2316,OK,60.800,0.44,15792.799997143447
2317,OK,61.200,0.44,15949.200023896992
2318,OK,54.500,0.44,15907.599998172373
2319,OK,59.000,0.44,15937.59999377653
2320,OK,92.000,0.44,15907.599998172373
2321,OK,63.700,0.44,15847.500006202608
2322,OK,68.500,0.44,15950.300032272935
2323,OK,70.200,0.44,15894.100011792034
2324,OK,69.300,0.44,15848.69995713234
2325,OK,79.700,0.44,15828.299976419657
2326,OK,70.300,0.44,15876.399993430823
2327,OK,56.600,0.44,15905.399981420487
2328,OK,53.500,0.44,15889.599977526814
2329,OK,55.300,0.44,15961.900004185736
2330,OK,56.800,0.44,15972.799970768392
2331,OK,127.400,0.44,15777.199994772673
2332,OK,76.900,0.44,15850.500029046088
2333,OK,72.700,0.44,15912.899980321527
2334,OK,75.300,0.44,15815.299993846565
2335,OK,97.300,0.44,15909.000008832663
2336,OK,141.700,0.44,15728.70003292337
2337,OK,64.300,0.44,15911.799971945584
2338,OK,77.200,0.44,15887.999965343624
2339,OK,49.300,0.44,15940.800018142909
2340,OK,48.700,0.44,15854.199999012053
2341,OK,52.800,0.44,15952.39999005571
2342,OK,57.600,0.44,15946.700004860759
2343,OK,52.900,0.44,15845.999994780868
2344,OK,91.000,0.44,15851.70003818348
2345,OK,93.700,0.44,15880.599967204034
2346,OK,58.500,0.44,15930.399997159839
2347,OK,117.800,0.44,15788.599965162575
2348,OK,78.300,0.44,15855.700010433793
2349,OK,79.000,0.44,15867.500042077154
2350,OK,75.200,0.44,15890.30004106462
2351,OK,65.900,0.44,15882.999985478818
2352,OK,89.700,0.44,15891.5999927558
2353,OK,59.300,0.44,15931.80000782013
2354,OK,81.200,0.44,15861.499996390194
2355,OK,67.500,0.44,15872.599964495748
2356,OK,56.600,0.44,15959.700045641512
2357,OK,86.500,0.44,15758.200024720281
2358,OK,125.400,0.44,15888.600028119981
2359,OK,112.300,0.44,15905.399981420487
2360,OK,71.900,0.44,15881.100029218942
2361,OK,104.100,0.44,15805.199975147843
2362,OK,97.700,0.44,15893.20000493899
2363,OK,69.300,0.44,15904.400032013655
2364,OK,79.800,0.44,15844.699984882027
2365,OK,68.000,0.44,15868.299989961088
2366,OK,69.100,0.44,15860.999992582947
2367,OK,68.100,0.44,15923.600003588945
2368,OK,72.600,0.44,15857.200021855533
2369,OK,49.300,0.44,15973.399975337088
2370,OK,166.600,0.44,15725.70001007989
2371,OK,67.000,0.44,15922.79999749735
2372,OK,82.700,0.44,15894.699958153069
2373,OK,71.600,0.44,15886.300010606647
2374,OK,75.700,0.44,15887.600020505488
2375,OK,70.600,0.44,15891.300048679113
2376,OK,73.800,0.44,15876.99999799952
2377,OK,69.800,0.44,15730.100043583661
2378,OK,70.100,0.44,15883.999993093312
2379,OK,71.700,0.44,15969.500003848225
2380,OK,132.100,0.44,15773.20002252236
2381,OK,117.300,0.44,15796.80002760142
2382,OK,105.600,0.44,15803.400019649416
2383,OK,64.100,0.44,15901.800012215972
2384,OK,70.600,0.44,16178.000019863248
2385,OK,373.600,0.44,15182.800008915365
2386,OK,64.700,0.44,15919.399971608073
2387,OK,58.900,0.44,15911.699971184134
2388,OK,64.400,0.44,15973.19997381419
2389,OK,112.900,0.44,15753.299987409264
2390,OK,67.600,0.44,15946.300001814961
2391,OK,71.500,0.44,15894.899959675968
2392,OK,75.300,0.44,15871.799958404154
2393,OK,69.700,0.44,15907.399996649474
2394,OK,73.400,0.44,15861.799998674542
2395,OK,97.700,0.44,15863.000007811934
2396,OK,70.400,0.44,15788.800024893135
2397,OK,94.000,0.44,15860.899991821498
2398,OK,97.600,0.44,15863.900014664978
2399,OK,99.200,0.44,15863.50001161918
2400,OK,109.800,0.44,15839.500003494322
2401,OK,106.700,0.44,15672.999958042055
2402,OK,99.200,0.44,16248.100029770285
2403,OK,141.600,0.44,15392.799978144467
2404,OK,76.800,0.44,15864.699962548912
2405,OK,116.200,0.44,15848.199953325093
2406,OK,106.100,0.44,15808.299998752773
2407,OK,80.500,0.44,15893.10000417754
2408,OK,124.400,0.44,15754.599997308105
2409,OK,96.800,0.44,15886.400011368096
2410,OK,71.500,0.44,15876.200050115585
2411,OK,98.200,0.44,15904.200030490756
2412,OK,108.300,0.44,15723.599994089454
2413,OK,103.000,0.44,15874.199976678938
2414,OK,135.700,0.44,15796.199964825064
2415,OK,121.900,0.44,15804.000024218112
2416,OK,116.800,0.44,15813.20003606379
2417,OK,106.800,0.44,15862.500004004687
2418,OK,92.800,0.44,15857.900027185678
2419,OK,97.800,0.44,15822.700050193816
2420,OK,98.400,0.44,15849.599963985384
2421,OK,91.300,0.44,15870.700008235872
2422,OK,102.200,0.44,15844.600042328238
2423,OK,81.400,0.44,15916.600008495152
2424,OK,85.500,0.44,15855.600009672344
2425,OK,134.500,0.44,15788.200020324439
2426,OK,79.400,0.44,15872.599964495748
2427,OK,83.600,0.44,15854.099998250604
2428,OK,107.600,0.44,15841.700020246208
2429,OK,110.900,0.44,15826.400020159781
2430,OK,104.400,0.44,15927.399974316359
2431,OK,81.800,0.44,15877.099998760968
2432,OK,79.500,0.44,15859.30003784597
2433,OK,77.400,0.44,15890.399983618408
2434,OK,65.300,0.44,15878.40000865981
2435,OK,167.600,0.44,15963.799960445613
2436,OK,276.900,0.44,15194.099978543818
2437,OK,64.900,0.44,15897.300036158413
2438,OK,66.100,0.44,15925.100015010685
2439,OK,125.100,0.44,15790.300036314875
2440,OK,92.600,0.44,15889.900038018823
2441,OK,119.600,0.44,15843.00003014505
2442,OK,113.400,0.44,15834.00001982227
2443,OK,106.300,0.44,15832.699951715767
2444,OK,96.300,0.44,15833.400015253574
2445,OK,99.900,0.44,16138.499951921403
2446,OK,137.500,0.44,15567.600028589368
2447,OK,174.700,0.44,15621.900034602731
2448,OK,88.300,0.44,15898.499987088144
2449,OK,98.800,0.44,15785.699943080544
2450,OK,97.400,0.44,15857.70002566278
2451,OK,96.900,0.44,15852.100041229278
2452,OK,96.300,0.44,15904.89997761324
2453,OK,95.100,0.44,15834.00001982227
2454,OK,113.600,0.44,15879.8000193201
2455,OK,93.900,0.44,15848.300012294203
2456,OK,90.500,0.44,15870.700008235872
2457,OK,92.800,0.44,15824.400004930794
2458,OK,83.000,0.44,15862.500004004687
2459,OK,85.200,0.44,15900.099999271333
2460,OK,70.000,0.44,15870.700008235872
2461,OK,78.900,0.44,15820.000029634684
2462,OK,83.800,0.44,16339.599969796836
2463,OK,135.800,0.44,15809.500007890165
2464,OK,100.800,0.44,15659.000026062131
2465,OK,129.300,0.44,16085.69995732978
2466,OK,148.800,0.44,15386.29998685792
2467,OK,196.200,0.44,15504.599956329912
2468,OK,122.200,0.44,15824.300004169345
2469,OK,98.500,0.44,15852.199983783066
2470,OK,84.800,0.44,16076.500003691763
2471,OK,86.500,0.44,15806.099982000887
2472,OK,69.500,0.44,15906.100044958293
2473,OK,87.200,0.44,15954.0000022389
2474,OK,117.000,0.44,16128.59999295324
2475,OK,196.600,0.44,15600.599988829345
2476,OK,343.800,0.44,15255.900041665882
2477,OK,134.100,0.44,15686.899947468191
2478,OK,88.300,0.44,15884.699998423457
2479,OK,170.900,0.44,15580.599952954799
2480,OK,77.500,0.44,15881.600033026189
2481,OK,52.400,0.44,15909.300011117011
2482,OK,47.900,0.44,15882.399980910122
2483,OK,57.800,0.44,15963.100013323128
2484,OK,56.100,0.44,15852.400043513626
2485,OK,78.000,0.44,16185.600019525737
2486,OK,240.500,0.44,15451.100014615804
2487,OK,72.300,0.44,15812.300029210746
2488,OK,55.600,0.44,15984.900004696101
2489,OK,56.100,0.44,15886.500012129545
2490,OK,52.300,0.44,15936.499985400587
2491,OK,63.400,0.44,15937.299991492182
2492,OK,71.600,0.44,15814.400045201182
2493,OK,83.800,0.44,15733.30000974238
2494,OK,95.300,0.44,15940.200013574213
2495,OK,75.400,0.44,15884.599997662008
2496,OK,75.800,0.44,15891.199989710003
2497,OK,60.500,0.44,15872.100018896163
2498,OK,51.100,0.44,15925.80002034083
2499,OK,70.300,0.44,15901.700011454523
2500,OK,67.900,0.44,15904.600033536553
2501,OK,78.300,0.44,15722.69998723641
2502,OK,71.200,0.44,15898.499987088144
2503,OK,74.200,0.44,15943.59998125583
2504,OK,72.300,0.44,15859.699982684106
2505,OK,102.100,0.44,15812.899975571781
2506,OK,60.900,0.44,15928.999986499548
2507,OK,59.000,0.44,15909.50001263991
2508,OK,63.300,0.44,15890.19998209551
2509,OK,94.100,0.44,15940.299956128001
2510,OK,115.200,0.44,15725.600009318441
2511,OK,67.000,0.44,15793.200000189245
2512,OK,76.800,0.44,15981.799981091172
2513,OK,68.300,0.44,15857.799968216568
2514,OK,72.800,0.44,15842.899971175939
2515,OK,69.500,0.44,15933.09995951131
2516,OK,63.800,0.44,15884.499996900558
2517,OK,67.700,0.44,15906.799992080778
2518,OK,67.000,0.44,15910.099959000945
2519,OK,67.800,0.44,15876.199991907924
2520,OK,63.900,0.44,15815.499995369464
2521,OK,63.900,0.44,15993.000008165836
2522,OK,81.800,0.44,15873.800031840801
2523,OK,74.600,0.44,15867.499983869493
2524,OK,65.500,0.44,15898.799989372492
2525,OK,64.300,0.44,15914.499992504716
2526,OK,52.100,0.44,15861.199994105846
2527,OK,53.700,0.44,15927.399974316359
2528,OK,54.800,0.44,15909.60001340136
2529,OK,53.400,0.44,15944.500046316534
2530,OK,50.700,0.44,15889.399976003915
2531,OK,60.500,0.44,15928.099979646504
2532,OK,74.400,0.44,15951.099980156869
2533,OK,94.700,0.44,15823.999943677336
2534,OK,116.700,0.44,15975.899994373322
2535,OK,177.000,0.44,15524.50004965067
2536,OK,71.300,0.44,15668.200037907809
2537,OK,119.900,0.44,15880.500024650246
2538,OK,103.500,0.44,15753.99999273941
2539,OK,122.500,0.44,15819.400025065988
2540,OK,88.300,0.44,15871.300012804568
2541,OK,61.300,0.44,15936.599986162037
2542,OK,74.400,0.44,15885.100001469254
2543,OK,68.200,0.44,15899.20005062595
2544,OK,57.500,0.44,15951.499983202666
2545,OK,64.400,0.44,15887.600020505488
2546,OK,69.400,0.44,15848.099952563643
2547,OK,75.800,0.44,15924.899955280125
2548,OK,77.700,0.44,15832.900011446327
2549,OK,69.100,0.44,15876.500052399933
2550,OK,65.200,0.44,15943.099977448583
2551,OK,60.500,0.44,15868.199989199638
2552,OK,70.800,0.44,15839.600004255772
2553,OK,97.900,0.44,15927.20003100112
2554,OK,69.400,0.44,15845.899994019419
2555,OK,77.200,0.44,15897.299977950752
2556,OK,66.700,0.44,15824.300004169345
2557,OK,67.200,0.44,15901.000006124377
2558,OK,58.300,0.44,15887.800022028387
2559,OK,66.900,0.44,15889.699978288263
2560,OK,75.600,0.44,15946.200001053512
2561,OK,82.100,0.44,15891.099988948554
2562,OK,81.700,0.44,15683.000034186989
2563,OK,115.500,0.44,15873.600030317903
2564,OK,99.900,0.44,15841.899963561445
2565,OK,100.500,0.44,18795.5999863334
2566,OK,134.400,0.44,12768.599961418658
2567,OK,102.700,0.44,15833.200013730675
2568,OK,98.700,0.44,15842.700027860701
2569,OK,81.400,0.44,15982.799988705665
2570,OK,60.400,0.44,15843.800036236644
2571,OK,63.300,0.44,15967.900049872696
2572,OK,71.800,0.44,15833.69995933026
2573,OK,92.100,0.44,15933.09995951131
2574,OK,66.400,0.44,15834.500023629516
2575,OK,78.400,0.44,15927.800035569817
2576,OK,88.000,0.44,15916.200005449355
2577,OK,77.100,0.44,15779.500012286007
2578,OK,115.600,0.44,15922.599995974451
2579,OK,80.200,0.44,15874.200034886599
2580,OK,84.200,0.44,15758.699970319867
2581,OK,82.400,0.44,15996.100031770766
2582,OK,84.200,0.44,15840.200008824468
2583,OK,66.900,0.44,15830.99999697879
2584,OK,64.100,0.44,15904.99997837469
2585,OK,101.200,0.44,15982.399985659868
2586,OK,143.300,0.44,15629.800036549568
2587,OK,82.000,0.44,15879.700018558651
2588,OK,50.700,0.44,15949.49996797368
2589,OK,58.400,0.44,15896.500030066818
2590,OK,105.100,0.44,15782.299975398928
2591,OK,51.500,0.44,15983.199991751462
2592,OK,74.000,0.44,15908.10000197962
2593,OK,66.200,0.44,15884.099993854761
2594,OK,67.100,0.44,15922.999999020249
2595,OK,73.000,0.44,15879.600017797202
2596,OK,69.500,0.44,15889.499976765364
2597,OK,64.100,0.44,15883.799991570413
2598,OK,62.100,0.44,15902.300016023219
2599,OK,65.400,0.44,15897.299977950752
2600,OK,59.200,0.44,15909.40001187846
2601,OK,78.200,0.44,15740.200004074723
2602,OK,98.300,0.44,15874.700038693845
2603,OK,99.600,0.44,15840.000007301569
2604,OK,71.900,0.44,15868.399990722537
2605,OK,98.300,0.44,15851.999982260168
2606,OK,94.700,0.44,15885.8000067994
2607,OK,65.100,0.44,15843.00003014505
2608,OK,85.100,0.44,15959.69998743385
2609,OK,74.200,0.44,15868.799993768334
2610,OK,73.100,0.44,15855.000005103648
2611,OK,56.300,0.44,15889.099973719567
2612,OK,54.500,0.44,15984.099998604506
2613,OK,69.800,0.44,15877.500001806766
2614,OK,60.400,0.44,15891.299990471452
2615,OK,105.400,0.44,15801.000001374632
2616,OK,93.100,0.44,15841.500018723309
2617,OK,66.600,0.44,15985.899954102933
2618,OK,73.600,0.44,15893.599949777126
2619,OK,84.200,0.44,15879.200014751405
2620,OK,73.600,0.44,15865.999972447753
2621,OK,67.800,0.44,15893.10000417754
2622,OK,62.700,0.44,15883.499989286065
2623,OK,70.600,0.44,15902.199957054108
2624,OK,70.500,0.44,15845.000045374036
2625,OK,64.900,0.44,15933.000016957521
2626,OK,64.700,0.44,15940.100012812763
2627,OK,214.000,0.44,15645.59998223558
2628,OK,104.900,0.44,16394.199978094548
2629,OK,83.500,0.44,15319.199999794364
2630,OK,67.600,0.44,15894.100011792034
2631,OK,71.100,0.44,15886.200009845197
2632,OK,152.700,0.44,15824.700007215142
2633,OK,113.800,0.44,15797.700034454465
2634,OK,79.200,0.44,15961.099998094141
2635,OK,74.000,0.44,15893.30000570044
2636,OK,109.400,0.44,15711.999963968992
2637,OK,93.400,0.44,15908.900008071214
2638,OK,67.200,0.44,15853.999997489154
2639,OK,80.200,0.44,15855.200006626546
2640,OK,69.800,0.44,15871.500014327466
2641,OK,92.100,0.44,15852.599986828864
2642,OK,57.800,0.44,15915.900003165007
2643,OK,65.300,0.44,15902.399958577007
2644,OK,68.600,0.44,15943.099977448583
2645,OK,82.600,0.44,15909.200010355562
2646,OK,154.000,0.44,15682.79997445643
2647,OK,104.600,0.44,15892.500057816505
2648,OK,68.500,0.44,15889.199974481016
2649,OK,67.400,0.44,15893.899952061474
2650,OK,71.500,0.44,15886.700013652444
2651,OK,70.900,0.44,15886.100009083748
2652,OK,74.000,0.44,15840.000007301569
2653,OK,97.200,0.44,15856.000012718141
2654,OK,106.100,0.44,15827.399969566613
2655,OK,113.500,0.44,15789.999975822866
2656,OK,91.300,0.44,15862.600004766136
2657,OK,99.100,0.44,15861.199994105846
2658,OK,125.900,0.44,15978.500014171004
2659,OK,214.900,0.44,15494.299994315952
2660,OK,109.400,0.44,15817.000006791204
2661,OK,106.100,0.44,15842.999971937388
2662,OK,170.500,0.44,15776.499989442527
2663,OK,109.600,0.44,16358.29999577254
2664,OK,269.300,0.44,15161.19996085763
2665,OK,86.600,0.44,15892.700001131743
2666,OK,116.700,0.44,15772.200014907867
2667,OK,111.700,0.44,15742.499963380396
2668,OK,101.400,0.44,15858.800034038723
2669,OK,98.100,0.44,15827.300027012825
2670,OK,72.100,0.44,15885.100001469254
2671,OK,104.800,0.44,15827.000024728477
2672,OK,77.200,0.44,15883.499989286065
2673,OK,110.900,0.44,15836.499980650842
2674,OK,85.300,0.44,15859.30003784597
2675,OK,105.900,0.44,15846.099995542318
2676,OK,84.800,0.44,15860.399988014251
2677,OK,88.100,0.44,15953.099995385855
2678,OK,75.800,0.44,15828.700037673116
2679,OK,116.600,0.44,15804.399969056249
2680,OK,105.600,0.44,15899.1000498645
2681,OK,89.900,0.44,15782.800037413836
2682,OK,83.300,0.44,15887.20001745969
2683,OK,98.200,0.44,15834.600024390966
2684,OK,91.800,0.44,15827.299968805164
2685,OK,66.300,0.44,15944.599988870323
2686,OK,79.600,0.44,15855.300007387996
2687,OK,121.800,0.44,15922.599995974451
2688,OK,121.700,0.44,15928.6999842152
2689,OK,109.100,0.44,15656.00000321865
2690,OK,79.600,0.44,15832.499950192869
2691,OK,79.500,0.44,15918.30002143979
2692,OK,72.600,0.44,15890.499984379858
2693,OK,94.100,0.44,15822.499990463257
2694,OK,77.700,0.44,15918.000019155443
2695,OK,77.000,0.44,15875.999990385026
2696,OK,73.600,0.44,15904.200030490756
2697,OK,85.300,0.44,15856.20001424104
2698,OK,77.400,0.44,15633.400005754083
2699,OK,82.600,0.44,15831.500000786036
2700,OK,84.800,0.44,15842.600027099252
2701,OK,78.800,0.44,15888.200025074184
2702,OK,120.300,0.44,15689.699968788773
2703,OK,82.000,0.44,15893.20000493899
2704,OK,99.600,0.44,15848.59995637089
2705,OK,91.800,0.44,15919.89997541532
2706,OK,69.900,0.44,15901.100006885827
2707,OK,86.900,0.44,15852.899989113212
2708,OK,91.600,0.44,15890.20004030317
2709,OK,105.200,0.44,15929.899993352592
2710,OK,188.600,0.44,15648.80000660196
2711,OK,98.200,0.44,15738.499991130084
2712,OK,74.900,0.44,15912.29997575283
2713,OK,76.900,0.44,15940.400015097111
2714,OK,83.400,0.44,15872.900024987757
2715,OK,91.300,0.44,15824.400004930794
2716,OK,96.900,0.44,15891.000046394765
2717,OK,75.400,0.44,15788.099961355329
2718,OK,85.800,0.44,15893.600007984787
2719,OK,79.200,0.44,15880.100021604449
2720,OK,76.600,0.44,15930.800000205636
2721,OK,81.400,0.44,15815.600054338574
2722,OK,61.000,0.44,15916.700009256601
2723,OK,77.600,0.44,16090.499993879348
2724,OK,163.700,0.44,15508.899989072233
2725,OK,88.600,0.44,16039.600013755262
2726,OK,127.700,0.44,15704.600024037063
2727,OK,105.600,0.44,15852.499986067414
2728,OK,183.900,0.44,15866.299974732101
2729,OK,169.600,0.44,15844.29998183623
2730,OK,174.100,0.44,15519.100008532405
2731,OK,166.000,0.44,15687.800012528896
2732,OK,108.500,0.44,15811.600023880601
2733,OK,82.200,0.44,15835.499973036349
2734,OK,53.800,0.44,16113.699995912611
2735,OK,95.700,0.44,15735.100023448467
2736,OK,115.900,0.44,16127.40004202351
2737,OK,82.100,0.44,15516.89999178052
2738,OK,95.200,0.44,15909.800014924258
2739,OK,168.100,0.44,15836.79998293519
2740,OK,229.000,0.44,15741.000010166317
2741,OK,206.800,0.44,15813.20003606379
2742,OK,448.500,0.44,15278.799983207136
2743,OK,272.100,0.44,15606.800036039203
2744,OK,215.300,0.44,15399.80003144592
2745,OK,78.700,0.44,15898.799989372492
2746,OK,91.100,0.44,15827.499970328063
2747,OK,76.400,0.44,15939.20000595972
2748,OK,173.000,0.44,15634.200011845678
2749,OK,64.000,0.44,15923.200000543147
2750,OK,69.000,0.44,15898.399986326694
2751,OK,85.800,0.44,15825.200011022389
2752,OK,74.400,0.44,15926.899970509112
2753,OK,77.400,0.44,15905.999985989183
2754,OK,58.000,0.44,15898.099984042346
2755,OK,62.300,0.44,15868.699993006885
2756,OK,70.100,0.44,15950.200031511486
2757,OK,99.900,0.44,15840.999956708401
2758,OK,73.500,0.44,15889.600035734475
2759,OK,57.900,0.44,15891.7999942787
2760,OK,53.600,0.44,15912.199974991381
2761,OK,61.800,0.44,15907.599998172373
2762,OK,62.200,0.44,15907.599998172373
2763,OK,58.900,0.44,15886.900015175343
2764,OK,56.600,0.44,15929.200046230108
2765,OK,56.900,0.44,15929.799992591143
2766,OK,66.600,0.44,15825.200011022389
2767,OK,60.100,0.44,15907.799999695271
2768,OK,80.800,0.44,15862.300002481788
2769,OK,58.700,0.44,15927.799977362156
2770,OK,63.400,0.44,15932.200010865927
2771,OK,60.600,0.44,15891.299990471452
2772,OK,51.100,0.44,15906.300046481192
2773,OK,56.500,0.44,15932.899957988411
2774,OK,67.300,0.44,15904.800035059452
2775,OK,67.300,0.44,15881.799976341426
2776,OK,73.100,0.44,15922.399994451553
2777,OK,108.000,0.44,15827.299968805164
2778,OK,79.100,0.44,15807.499992661178
2779,OK,56.600,0.44,15895.900025498122
2780,OK,47.700,0.44,15956.400020513684
2781,OK,57.700,0.44,15919.80003286153
2782,OK,58.400,0.44,15876.099991146475
2783,OK,50.200,0.44,15923.400002066046
2784,OK,78.700,0.44,16232.60002816096
2785,OK,197.900,0.44,15328.300010878593
2786,OK,72.800,0.44,15902.899962384254
2787,OK,70.600,0.44,15889.600035734475
2788,OK,67.000,0.44,15960.099990479648
2789,OK,102.600,0.44,15697.500028181821
2790,OK,60.600,0.44,15956.200018990785
2791,OK,63.900,0.44,15785.600000526756
2792,OK,61.200,0.44,15876.99999799952
2793,OK,74.500,0.44,15862.700005527586
2794,OK,50.200,0.44,15974.100038874894
2795,OK,49.400,0.44,15944.100043270737
2796,OK,48.900,0.44,15933.699964080006
2797,OK,67.500,0.44,15887.20001745969
2798,OK,79.300,0.44,15970.500011462718
2799,OK,72.500,0.44,15828.199975658208
2800,OK,60.400,0.44,15918.499964755028
2801,OK,98.200,0.44,15742.599964141846
2802,OK,91.100,0.44,15765.199961606413
2803,OK,78.400,0.44,15934.100025333464
2804,OK,59.400,0.44,15855.199948418885
2805,OK,63.200,0.44,15925.400017295033
2806,OK,74.600,0.44,15885.200002230704
2807,OK,65.900,0.44,15847.800008486956
2808,OK,61.000,0.44,15878.800011705607
2809,OK,53.900,0.44,15962.80001103878
2810,OK,52.400,0.44,15906.39998903498
2811,OK,53.500,0.44,15906.300046481192
2812,OK,73.500,0.44,15890.599985141307
2813,OK,71.000,0.44,15907.90000045672
2814,OK,55.700,0.44,15954.200003761798
2815,OK,67.100,0.44,15884.19999461621
2816,OK,58.400,0.44,15881.700033787638
2817,OK,64.800,0.44,15855.100005865097
2818,OK,66.000,0.44,15909.40001187846
2819,OK,59.900,0.44,15852.599986828864
2820,OK,53.900,0.44,15964.600024744868
2821,OK,59.200,0.44,15925.500018056482
2822,OK,60.200,0.44,15934.199967887253
2823,OK,85.300,0.44,15847.800008486956
2824,OK,79.400,0.44,15863.70001314208
2825,OK,96.000,0.44,15837.399987503886
2826,OK,76.400,0.44,15946.200001053512
2827,OK,60.700,0.44,15862.10000095889
2828,OK,60.200,0.44,15928.500040899962
2829,OK,90.500,0.44,15880.200022365898
2830,OK,67.000,0.44,15867.399983108044
2831,OK,67.200,0.44,15852.499986067414
2832,OK,81.400,0.44,15864.200016949326
2833,OK,55.000,0.44,15935.199975501746
2834,OK,74.500,0.44,15912.39997651428
2835,OK,64.300,0.44,15841.899963561445
2836,OK,97.500,0.44,15943.39997973293
2837,OK,86.900,0.44,15868.599992245436
2838,OK,84.800,0.44,15873.200027272105
2839,OK,80.100,0.44,15883.499989286065
2840,OK,81.600,0.44,15865.499968640506
2841,OK,72.800,0.44,15819.699969142675
2842,OK,80.300,0.44,15861.099993344396
2843,OK,111.100,0.44,15821.599983610213
2844,OK,109.100,0.44,15834.499965421855
2845,OK,94.000,0.44,15854.400000534952
2846,OK,55.000,0.44,15912.099974229932
2847,OK,62.700,0.44,15940.400015097111
2848,OK,202.300,0.44,15702.700009569526
2849,OK,79.200,0.44,15908.500005025417
2850,OK,106.800,0.44,15819.600026588887
2851,OK,79.600,0.44,15859.399980399758
2852,OK,74.300,0.44,15876.399993430823
2853,OK,93.000,0.44,15878.000005614012
2854,OK,55.800,0.44,15910.200017970055
2855,OK,51.500,0.44,15918.700024485588
2856,OK,57.700,0.44,15924.30000891909
2857,OK,75.200,0.44,15863.099950365722
2858,OK,66.000,0.44,15919.199970085174
2859,OK,74.300,0.44,15873.199969064444
2860,OK,82.600,0.44,15876.79999647662
2861,OK,154.000,0.44,15748.899953905493
2862,OK,88.800,0.44,15779.400011524558
2863,OK,63.000,0.44,15914.499992504716
2864,OK,59.100,0.44,15968.199993949383
2865,OK,91.300,0.44,15817.70001212135
2866,OK,179.000,0.44,15838.099992834032
2867,OK,63.700,0.44,15794.500010088086
2868,OK,92.200,0.44,15934.80003066361
2869,OK,95.400,0.44,15785.900002811104
2870,OK,81.900,0.44,15887.000015936792
2871,OK,83.500,0.44,15923.300001304597
2872,OK,78.000,0.44,15882.600040640682
2873,OK,78.300,0.44,15765.400021336973
2874,OK,74.000,0.44,15953.499998431653
2875,OK,73.900,0.44,15946.200001053512
2876,OK,76.100,0.44,15885.000000707805
2877,OK,78.100,0.44,15836.79998293519
2878,OK,64.400,0.44,15930.09999487549
2879,OK,72.600,0.44,15842.300024814904
2880,OK,81.700,0.44,15873.699972871691
2881,OK,72.100,0.44,15891.099988948554
2882,OK,70.200,0.44,15903.000021353364
2883,OK,53.500,0.44,16003.800032194704
2884,OK,205.100,0.44,15869.49999909848
2885,OK,458.500,0.44,15080.799988936633
2886,OK,69.100,0.44,15871.800016611814
2887,OK,57.400,0.44,15917.099954094738
2888,OK,76.600,0.44,15867.699985392392
2889,OK,59.700,0.44,15912.39997651428
2890,OK,57.400,0.44,15909.200010355562
2891,OK,63.500,0.44,15894.900017883629
2892,OK,142.000,0.44,15797.799977008253
2893,OK,114.500,0.44,15896.800032351166
2894,OK,77.100,0.44,15794.500010088086
2895,OK,78.000,0.44,15875.599987339228
2896,OK,67.200,0.44,15868.899994529784
2897,OK,75.300,0.44,15939.00000443682
2898,OK,66.300,0.44,15898.399986326694
2899,OK,71.400,0.44,15847.600006964058
2900,OK,68.500,0.44,15921.899990644306
2901,OK,89.000,0.44,16137.500002514571
2902,OK,269.900,0.44,15322.80002720654
2903,OK,141.000,0.44,15544.199966825545
2904,OK,67.900,0.44,15871.399955358356
2905,OK,57.300,0.44,15888.999972958118
2906,OK,51.000,0.44,15924.30000891909
2907,OK,48.700,0.44,15961.40000037849
2908,OK,75.800,0.44,15866.899979300797
2909,OK,68.900,0.44,15924.899955280125
2910,OK,67.900,0.44,15909.50001263991
2911,OK,81.300,0.44,15812.900033779442
2912,OK,87.700,0.44,15867.000038269907
2913,OK,74.000,0.44,15866.499976255
2914,OK,110.300,0.44,15900.70000384003
2915,OK,72.800,0.44,15807.999996468425
2916,OK,88.700,0.44,15833.89996085316
2917,OK,95.400,0.44,15880.400023888797
2918,OK,100.400,0.44,15821.400040294975
2919,OK,108.800,0.44,15855.699952226132
2920,OK,118.600,0.44,15810.699958819896
2921,OK,112.900,0.44,15823.199995793402
2922,OK,105.000,0.44,15873.199969064444
2923,OK,91.500,0.44,15886.300010606647
2924,OK,97.600,0.44,15865.00002304092
2925,OK,78.300,0.44,15862.500004004687
2926,OK,99.900,0.44,15817.900013644248
2927,OK,96.200,0.44,15863.800013903528
2928,OK,95.000,0.44,15826.50002092123
2929,OK,100.700,0.44,15869.800001382828
2930,OK,97.900,0.44,15820.900036487728
2931,OK,104.100,0.44,15841.800021007657
2932,OK,106.400,0.44,15839.500003494322
2933,OK,114.200,0.44,15861.899999435991
2934,OK,117.600,0.44,15853.299992159009
2935,OK,77.800,0.44,15838.799998164177
2936,OK,91.800,0.44,15821.100038010627
2937,OK,88.300,0.44,15915.29999859631
2938,OK,111.700,0.44,15908.300003502518
2939,OK,174.300,0.44,15614.199975971133
2940,OK,108.600,0.44,15835.899976082146
2941,OK,80.800,0.44,15842.199965845793
2942,OK,83.700,0.44,15876.099991146475
2943,OK,83.200,0.44,15961.29999961704
2944,OK,113.500,0.44,15822.399989701807
2945,OK,86.300,0.44,15836.599981412292
2946,OK,95.900,0.44,15810.400014743209
2947,OK,97.000,0.44,15930.399997159839
2948,OK,114.900,0.44,15747.099998407066
2949,OK,98.800,0.44,15854.199999012053
2950,OK,95.400,0.44,15813.799982424825
2951,OK,79.200,0.44,15944.599988870323
2952,OK,53.000,0.44,16023.100004531443
2953,OK,147.500,0.44,15738.599991891533
2954,OK,108.300,0.44,15846.700000111014
2955,OK,104.700,0.44,15809.200005605817
2956,OK,109.000,0.44,15848.400013055652
2957,OK,107.800,0.44,15816.400002222508
2958,OK,115.500,0.44,15829.29998403415
2959,OK,111.500,0.44,15834.600024390966
2960,OK,107.600,0.44,15831.700002308935
2961,OK,87.500,0.44,15790.79998191446
2962,OK,105.300,0.44,15981.699980329722
2963,OK,153.700,0.44,15782.799979206175
2964,OK,132.900,0.44,15730.999992229044
2965,OK,104.600,0.44,15844.599984120578
2966,OK,80.600,0.44,15899.19999241829
2967,OK,100.200,0.44,15794.900013133883
2968,OK,89.400,0.44,15826.100017875433
2969,OK,80.000,0.44,15964.500023983419
2970,OK,150.200,0.44,15745.899989269674
2971,OK,95.400,0.44,15801.399946212769
2972,OK,71.900,0.44,15867.699985392392
2973,OK,53.000,0.44,15933.30001924187
2974,OK,57.000,0.44,16109.899966977537
2975,OK,70.800,0.44,15988.499973900616
2976,OK,82.200,0.44,15647.699998226017
2977,OK,102.500,0.44,15882.899984717369
2978,OK,103.600,0.44,15902.400016784668
2979,OK,134.000,0.44,15727.100020740181
2980,OK,115.200,0.44,15723.600052297115
2981,OK,58.600,0.44,15917.299955617636
2982,OK,71.600,0.44,16105.699993204325
2983,OK,63.900,0.44,15894.500014837831
2984,OK,92.000,0.44,15889.700036495924
2985,OK,69.500,0.44,15752.100036479533
2986,OK,91.500,0.44,16088.199976366013
2987,OK,110.700,0.44,15878.399950452149
2988,OK,183.600,0.44,15898.300043772906
2989,OK,186.700,0.44,15872.200019657612
2990,OK,194.400,0.44,15382.800018414855
2991,OK,180.800,0.44,15694.300003815442
2992,OK,182.400,0.44,15511.400008108467
2993,OK,131.700,0.44,15675.599977839738
2994,OK,93.900,0.44,15808.60000103712
2995,OK,86.100,0.44,16030.200000386685
2996,OK,192.200,0.44,15530.499978922307
2997,OK,61.200,0.44,15858.899976592511
2998,OK,51.700,0.44,15945.899998769164
2999,OK,82.200,0.44,15862.600004766136
3000,OK,72.800,0.44,15887.999965343624
3001,OK,67.700,0.44,15875.799988862127
3002,OK,50.800,0.44,15852.900047320873
3003,OK,58.400,0.44,15979.600022546947
3004,OK,69.700,0.44,15925.099956803024
3005,OK,65.300,0.44,15855.99995451048
3006,OK,65.300,0.44,15916.000003926456
3007,OK,64.600,0.44,15854.299999773502
3008,OK,58.600,0.44,15916.700009256601
3009,OK,61.800,0.44,15919.700032100081
3010,OK,54.800,0.44,15898.099984042346
3011,OK,62.400,0.44,16012.599982786924
3012,OK,97.900,0.44,15687.100007198751
3013,OK,78.900,0.44,15942.400030326098
3014,OK,67.900,0.44,15931.300004012883
3015,OK,83.200,0.44,15839.80000577867
3016,OK,92.200,0.44,15936.09998235479
3017,OK,75.500,0.44,15856.10001347959
3018,OK,62.000,0.44,15924.600011203438
3019,OK,68.100,0.44,15804.599970579147
3020,OK,57.900,0.44,15991.399995982647
3021,OK,53.700,0.44,15914.999996311963
3022,OK,78.400,0.44,15836.69998217374
3023,OK,72.400,0.44,15848.400013055652
3024,OK,67.800,0.44,15947.800013236701
3025,OK,74.600,0.44,15811.099961865693
3026,OK,79.800,0.44,15917.299955617636
3027,OK,110.900,0.44,15874.399978201836
3028,OK,63.400,0.44,15911.900030914694
3029,OK,74.000,0.44,15887.700021266937
3030,OK,67.800,0.44,15818.799962289631
3031,OK,78.400,0.44,15922.8999982588
3032,OK,50.500,0.44,15921.600046567619
3033,OK,44.400,0.44,15921.19998531416
3034,OK,55.800,0.44,15918.200020678341
3035,OK,54.100,0.44,15940.099954605103
3036,OK,52.700,0.44,15886.300010606647
3037,OK,49.300,0.44,15964.500023983419
3038,OK,62.700,0.44,15845.899994019419
3039,OK,69.200,0.44,16282.90000371635
3040,OK,103.800,0.44,15457.60000590235
3041,OK,82.800,0.44,15898.099984042346
3042,OK,73.000,0.44,15915.50000011921
3043,OK,68.400,0.44,15915.900003165007
3044,OK,68.200,0.44,15868.799993768334
3045,OK,70.000,0.44,15920.999983791262
3046,OK,75.700,0.44,15762.90000230074
3047,OK,81.200,0.44,15839.300001971424
3048,OK,98.400,0.44,15861.399995628744
3049,OK,88.300,0.44,15945.299994200468
3050,OK,69.900,0.44,15867.300040554255
3051,OK,71.200,0.44,15831.199998501688
3052,OK,57.100,0.44,15857.000020332634
3053,OK,56.500,0.44,15933.499962557107
3054,OK,67.700,0.44,15964.899968821555
3055,OK,110.600,0.44,15732.500003650784
3056,OK,74.800,0.44,15899.399993941188
3057,OK,102.700,0.44,15879.000013228506
3058,OK,140.300,0.44,15782.500035129488
3059,OK,67.600,0.44,15883.399988524616
3060,OK,64.300,0.44,15859.000035561621
3061,OK,53.600,0.44,15896.900033112615
3062,OK,57.200,0.44,15927.499975077808
3063,OK,57.900,0.44,15917.300013825297
3064,OK,65.800,0.44,15881.099971011281
3065,OK,60.600,0.44,15935.400035232306
3066,OK,53.000,0.44,15937.59999377653
3067,OK,55.200,0.44,15897.60003844276
3068,OK,68.100,0.44,15904.599975328892
3069,OK,74.500,0.44,15865.699970163405
3070,OK,135.600,0.44,15868.599992245436
3071,OK,72.000,0.44,15802.999958395958
3072,OK,92.400,0.44,15845.999994780868
3073,OK,85.300,0.44,15764.100011438131
3074,OK,93.900,0.44,15810.20001322031
3075,OK,73.700,0.44,15949.300024658442
3076,OK,68.800,0.44,15876.699995715171
3077,OK,66.100,0.44,15879.199956543744
3078,OK,79.700,0.44,15936.499985400587
3079,OK,74.800,0.44,15871.400013566017
3080,OK,111.700,0.44,15804.500028025359
3081,OK,71.300,0.44,15887.19995925203
3082,OK,95.800,0.44,15863.300010096282
3083,OK,101.500,0.44,15824.700007215142
3084,OK,92.000,0.44,15825.500013306737
3085,OK,119.800,0.44,15877.800004091114
3086,OK,70.900,0.44,15844.599984120578
3087,OK,99.800,0.44,15805.099974386394
3088,OK,56.400,0.44,15936.700045131147
3089,OK,61.700,0.44,15900.400001555681
3090,OK,62.100,0.44,15830.79999545589
3091,OK,78.800,0.44,15925.600018817931
3092,OK,52.800,0.44,15933.10001771897
3093,OK,48.900,0.44,15943.199978210032
3094,OK,57.400,0.44,15912.29997575283
3095,OK,50.900,0.44,15943.300037179142
3096,OK,54.400,0.44,15886.100009083748
3097,OK,58.100,0.44,15857.799968216568
3098,OK,53.200,0.44,16064.600029494613
3099,OK,155.700,0.44,15623.59998933971
3100,OK,74.000,0.44,15974.799985997379
3101,OK,87.000,0.44,15747.800003737211
3102,OK,59.000,0.44,15886.400011368096
3103,OK,59.500,0.44,15922.099992167205
3104,OK,52.400,0.44,15919.999976176769
3105,OK,65.100,0.44,15825.999958906323
3106,OK,71.300,0.44,15940.70001738146
3107,OK,64.700,0.44,15911.099966615438
3108,OK,102.500,0.44,15797.299973201007
3109,OK,82.700,0.44,15842.80002862215
3110,OK,83.900,0.44,15914.399991743267
3111,OK,67.600,0.44,15816.500002983958
3112,OK,119.900,0.44,15875.900047831237
3113,OK,115.000,0.44,15752.300038002431
3114,OK,62.500,0.44,15876.099991146475
3115,OK,61.100,0.44,15963.100013323128
3116,OK,64.300,0.44,15887.600020505488
3117,OK,65.400,0.44,15853.499993681908
3118,OK,63.300,0.44,15938.700002152473
3119,OK,59.200,0.44,15878.30000789836
3120,OK,49.300,0.44,15947.699954267591
3121,OK,101.100,0.44,15786.700008902699
3122,OK,65.400,0.44,15890.999988187104
3123,OK,60.000,0.44,15991.199994459748
3124,OK,73.000,0.44,15858.300030231476
3125,OK,60.900,0.44,15839.100000448525
3126,OK,60.800,0.44,15998.099988792092
3127,OK,68.400,0.44,15866.499976255
3128,OK,69.300,0.44,15932.300011627376
3129,OK,67.600,0.44,15890.399983618408
3130,OK,68.800,0.44,15878.600010182709
3131,OK,59.200,0.44,15929.299988783896
3132,OK,69.000,0.44,15905.800042673945
3133,OK,69.400,0.44,15838.999999687076
3134,OK,96.900,0.44,15834.199963137507
3135,OK,55.400,0.44,15924.900013487786
3136,OK,133.800,0.44,15831.400000024587
3137,OK,79.700,0.44,15874.300035648048
3138,OK,84.900,0.44,15818.900021258742
3139,OK,81.900,0.44,15945.699997246265
3140,OK,68.800,0.44,15883.999993093312
3141,OK,73.000,0.44,15876.499994192272
3142,OK,76.900,0.44,15896.30002854392
3143,OK,77.100,0.44,15832.999954000115
3144,OK,67.500,0.44,15944.299986585975
3145,OK,121.400,0.44,15743.39997023344
3146,OK,96.600,0.44,15815.99999917671
3147,OK,59.900,0.44,15915.39999935776
3148,OK,59.600,0.44,15918.499964755028
3149,OK,64.300,0.44,15849.300019908696
3150,OK,78.200,0.44,15916.500007733703
3151,OK,62.600,0.44,15853.09999063611
3152,OK,84.800,0.44,15933.999966364354
3153,OK,135.000,0.44,15837.400045711547
3154,OK,73.300,0.44,15883.999993093312
3155,OK,80.100,0.44,15857.500024139881
3156,OK,80.300,0.44,15890.40004182607
3157,OK,79.800,0.44,15865.400026086718
3158,OK,73.400,0.44,15876.99999799952
3159,OK,75.700,0.44,15916.000003926456
3160,OK,69.900,0.44,15844.599984120578
3161,OK,71.300,0.44,15876.699995715171
3162,OK,71.700,0.44,15802.70001431927
3163,OK,96.200,0.44,15882.899984717369
3164,OK,119.500,0.44,15793.90000551939
3165,OK,114.500,0.44,15847.20000391826
3166,OK,106.700,0.44,15783.699986059219
3167,OK,107.800,0.44,15861.299994867295
3168,OK,116.500,0.44,15795.800019986928
3169,OK,106.800,0.44,15832.900011446327
3170,OK,98.800,0.44,15863.300010096282
3171,OK,112.800,0.44,15760.299982503057
3172,OK,100.000,0.44,15883.00004368648
3173,OK,116.900,0.44,15799.299988429993
3174,OK,120.300,0.44,15826.100017875433
3175,OK,124.700,0.44,15792.4999948591
3176,OK,124.600,0.44,15868.2000474073
3177,OK,122.500,0.44,15757.600020151585
3178,OK,127.700,0.44,15804.100024979562
3179,OK,80.800,0.44,15893.20000493899
3180,OK,110.000,0.44,15828.699979465455
3181,OK,138.500,0.44,15835.699974559247
3182,OK,102.400,0.44,15826.900023967028
3183,OK,109.900,0.44,15816.20000069961
3184,OK,97.200,0.44,16255.300026386976
3185,OK,125.200,0.44,15363.499987870455
3186,OK,93.300,0.44,15862.800006289035
3187,OK,97.400,0.44,15845.79999325797
3188,OK,107.100,0.44,15824.600006453693
3189,OK,105.300,0.44,15828.399977181107
3190,OK,92.700,0.44,15858.200029470026
3191,OK,94.900,0.44,15846.199996303767
3192,OK,96.300,0.44,15820.59997599572
3193,OK,75.900,0.44,15855.099947657436
3194,OK,49.500,0.44,15942.199970595539
3195,OK,64.200,0.44,15891.200047917664
3196,OK,48.100,0.44,15996.6999781318
3197,OK,70.000,0.44,15910.800022538751
3198,OK,77.600,0.44,15863.300010096282
3199,OK,77.200,0.44,15887.900022789836
3200,OK,90.500,0.44,15864.300017710775
3201,OK,88.300,0.44,15779.10000924021
3202,OK,134.000,0.44,15813.899983186275
3203,OK,106.400,0.44,15827.100025489926
3204,OK,80.600,0.44,15857.80002642423
3205,OK,83.500,0.44,15854.7000028193
3206,OK,69.000,0.44,15929.100045468658
3207,OK,80.700,0.44,15880.700026173145
3208,OK,94.700,0.44,16032.700019422919
3209,OK,122.600,0.44,15711.099957115948
3210,OK,110.900,0.44,15740.60000712052
3211,OK,87.300,0.44,15853.799995966256
3212,OK,82.200,0.44,15911.900030914694
3213,OK,105.500,0.44,15860.999992582947
3214,OK,97.200,0.44,15892.800001893193
3215,OK,76.100,0.44,15908.900008071214
3216,OK,65.800,0.44,15862.200001720339
3217,OK,88.700,0.44,15831.299999263138
3218,OK,75.300,0.44,16815.9999884665
3219,OK,115.900,0.44,14842.899981886148
3220,OK,106.500,0.44,15917.200013063848
3221,OK,86.500,0.44,15788.00001880154
3222,OK,87.000,0.44,15875.999990385026
3223,OK,79.900,0.44,15880.899969488382
3224,OK,77.200,0.44,15845.69999249652
3225,OK,76.100,0.44,16026.800032705069
3226,OK,142.100,0.44,15725.400007795542
3227,OK,82.400,0.44,15870.90000975877
3228,OK,111.400,0.44,16147.000016644597
3229,OK,177.500,0.44,15624.89999923855
3230,OK,213.500,0.44,15618.700010236353
3231,OK,119.500,0.44,15864.000015426427
3232,OK,113.800,0.44,15826.29996119067
3233,OK,151.000,0.44,15880.300023127347
3234,OK,157.700,0.44,15549.800009466708
3235,OK,228.100,0.44,16190.90000167489
3236,OK,174.200,0.44,15125.200035981834
3237,OK,117.000,0.44,16302.500036545098
3238,OK,283.000,0.44,15228.600008413196
3239,OK,196.500,0.44,15669.099986553192
3240,OK,169.300,0.44,15780.799963977188
3241,OK,94.200,0.44,15758.999972604215
3242,OK,69.700,0.44,15892.099996563047
3243,OK,87.300,0.44,15833.300014492124
3244,OK,58.500,0.44,16010.19996451214
3245,OK,163.900,0.44,15573.799959383905
3246,OK,78.300,0.44,15859.799983445555
3247,OK,51.900,0.44,16055.099957156926
3248,OK,91.700,0.44,15726.400015410036
3249,OK,91.700,0.44,15878.200007136911
3250,OK,100.600,0.44,15794.300008565187
3251,OK,128.600,0.44,15884.800057392567
3252,OK,79.600,0.44,15830.200049094856
3253,OK,104.600,0.44,15911.900030914694
3254,OK,71.500,0.44,15836.600039619952
3255,OK,69.100,0.44,15939.800010528415
3256,OK,68.100,0.44,15886.400011368096
3257,OK,71.100,0.44,15915.099997073412
3258,OK,70.900,0.44,15903.100022114813
3259,OK,82.900,0.44,15853.799995966256
3260,OK,95.500,0.44,15841.000014916062
3261,OK,83.400,0.44,15951.899986248463
3262,OK,84.400,0.44,15792.799997143447
3263,OK,68.100,0.44,15866.900037508458
3264,OK,53.900,0.44,15885.70000603795
3265,OK,114.900,0.44,15807.799994945526
3266,OK,72.100,0.44,15948.10001552105
3267,OK,65.300,0.44,15867.599984630942
3268,OK,72.700,0.44,15889.499976765364
3269,OK,51.700,0.44,15932.800015434623
3270,OK,48.300,0.44,15910.699963569641
3271,OK,53.900,0.44,15922.299993690103
3272,OK,62.100,0.44,15906.999993603677
3273,OK,62.400,0.44,15914.999996311963
3274,OK,52.200,0.44,15910.79996433109
3275,OK,69.500,0.44,15921.000041998923
3276,OK,74.600,0.44,15861.899999435991
3277,OK,112.900,0.44,15822.799992747605
3278,OK,72.200,0.44,15886.199951637536
3279,OK,80.800,0.44,15905.599982943386
3280,OK,92.100,0.44,15812.699974048883
3281,OK,84.400,0.44,16320.399998221546
3282,OK,59.100,0.44,15370.30003964901
3283,OK,111.800,0.44,15902.399958577007
3284,OK,66.500,0.44,15875.39998581633
3285,OK,65.000,0.44,15893.20000493899
3286,OK,77.000,0.44,15906.49998979643
3287,OK,71.900,0.44,15866.999980062246
3288,OK,71.300,0.44,15882.69998319447
3289,OK,78.000,0.44,15844.29998183623
3290,OK,45.000,0.44,15969.700005371124
3291,OK,77.000,0.44,15901.100006885827
3292,OK,53.000,0.44,15887.000015936792
3293,OK,47.400,0.44,15938.399999868125
3294,OK,54.700,0.44,15947.300009429455
3295,OK,75.200,0.44,15889.600035734475
3296,OK,63.700,0.44,15924.800012726337
3297,OK,71.200,0.44,15869.700000621378
3298,OK,85.800,0.44,15830.699994694442
3299,OK,104.300,0.44,15820.000029634684
3300,OK,66.100,0.44,15934.399969410151
3301,OK,82.000,0.44,15747.400000691414
3302,OK,63.000,0.44,15855.800011195242
3303,OK,96.400,0.44,15855.300007387996
3304,OK,100.100,0.44,15961.600001901388
3305,OK,108.600,0.44,15848.999959416687
3306,OK,75.000,0.44,15905.899985227734
3307,OK,93.600,0.44,15840.999956708401
3308,OK,77.600,0.44,15849.300019908696
3309,OK,75.900,0.44,15882.500039879233
3310,OK,76.600,0.44,15890.599985141307
3311,OK,66.500,0.44,15901.799954008311
3312,OK,62.100,0.44,15883.200045209378
3313,OK,86.000,0.44,15789.000026416034
3314,OK,69.400,0.44,15886.700013652444
3315,OK,68.300,0.44,15910.79996433109
3316,OK,79.300,0.44,15856.10001347959
3317,OK,76.100,0.44,15896.299970336258
3318,OK,79.700,0.44,15785.09999671951
3319,OK,95.800,0.44,15841.500018723309
3320,OK,75.200,0.44,15875.199984293431
3321,OK,75.500,0.44,15979.800024069846
3322,OK,89.300,0.44,15878.40000865981
3323,OK,62.700,0.44,15873.400028795004
3324,OK,74.100,0.44,15851.100033614784
3325,OK,85.600,0.44,15891.299990471452
3326,OK,94.700,0.44,15837.800048757344
3327,OK,69.200,0.44,15887.999965343624
3328,OK,57.300,0.44,15872.100018896163
3329,OK,96.600,0.44,15830.499993171543
3330,OK,59.600,0.44,15925.100015010685
3331,OK,59.000,0.44,15902.999963145703
3332,OK,88.200,0.44,15979.999967385083
3333,OK,62.600,0.44,15920.00003438443
3334,OK,75.500,0.44,15901.100006885827
3335,OK,96.400,0.44,15838.699997402728
3336,OK,75.500,0.44,15876.599994953722
3337,OK,93.500,0.44,15883.799991570413
3338,OK,101.200,0.44,15785.199997480959
3339,OK,61.700,0.44,15884.899999946356
3340,OK,66.600,0.44,15870.600007474422
3341,OK,72.700,0.44,15970.600012224168
3342,OK,82.100,0.44,15814.69998927787
3343,OK,89.800,0.44,15852.300042752177
3344,OK,55.400,0.44,15961.700002662838
3345,OK,64.800,0.44,15910.500020254403
3346,OK,66.200,0.44,15893.600007984787
3347,OK,68.700,0.44,15932.900016196072
3348,OK,195.500,0.44,15626.699954736978
3349,OK,73.700,0.44,15848.500013817102
3350,OK,75.000,0.44,15911.099966615438
3351,OK,65.200,0.44,15929.799992591143
3352,OK,69.700,0.44,15838.099992834032
3353,OK,98.700,0.44,15798.100037500262
3354,OK,96.700,0.44,15852.699987590313
3355,OK,75.900,0.44,15927.09997203201
3356,OK,71.400,0.44,15905.999985989183
3357,OK,84.300,0.44,15901.000006124377
3358,OK,65.700,0.44,15886.899956967682
3359,OK,77.200,0.44,15883.099986240268
3360,OK,67.600,0.44,15889.899979811162
3361,OK,70.400,0.44,15878.599951975048
3362,OK,62.200,0.44,15902.499959338456
3363,OK,61.400,0.44,15855.900011956692
3364,OK,60.200,0.44,15948.899963404983
3365,OK,71.900,0.44,15903.5999677144
3366,OK,71.800,0.44,15884.799999184906
3367,OK,76.700,0.44,15872.700023464859
3368,OK,66.000,0.44,15850.000025238842
3369,OK,54.100,0.44,15928.90004394576
3370,OK,86.900,0.44,15901.399950962514
3371,OK,80.200,0.44,15860.699990298599
3372,OK,71.300,0.44,15787.99996059388
3373,OK,96.100,0.44,15949.100023135543
3374,OK,72.400,0.44,15890.899987425655
3375,OK,71.300,0.44,15863.300010096282
3376,OK,75.700,0.44,15900.300000794232
3377,OK,69.700,0.44,15896.30002854392
3378,OK,84.800,0.44,15803.600021172315
3379,OK,100.000,0.44,15891.5999927558
3380,OK,110.500,0.44,15782.699978444725
3381,OK,95.400,0.44,15888.000023551285
3382,OK,67.100,0.44,15915.199997834861
3383,OK,78.800,0.44,15896.700031589717
3384,OK,89.500,0.44,15837.799990549684
3385,OK,143.100,0.44,15724.2999994196
3386,OK,90.300,0.44,15911.1000248231
3387,OK,105.400,0.44,15888.69997067377
3388,OK,69.900,0.44,15841.699962038547
3389,OK,71.800,0.44,15841.40001796186
3390,OK,49.900,0.44,15947.400010190904
3391,OK,59.800,0.44,15867.399983108044
3392,OK,55.800,0.44,15973.299974575639
3393,OK,94.400,0.44,15855.700010433793
3394,OK,65.600,0.44,15832.900011446327
3395,OK,51.500,0.44,15925.69996137172
3396,OK,55.400,0.44,15921.19998531416
3397,OK,59.900,0.44,15944.499988108873
3398,OK,64.300,0.44,15928.59998345375
3399,OK,69.800,0.44,15857.400023378432
3400,OK,60.200,0.44,15850.500029046088
3401,OK,91.600,0.44,15863.999957218766
3402,OK,211.100,0.44,15628.500026650727
3403,OK,350.900,0.44,15682.90003342554
3404,OK,59.500,0.44,15780.300018377602
3405,OK,81.300,0.44,15874.399978201836
3406,OK,77.900,0.44,15969.200001563877
3407,OK,157.800,0.44,15709.200000856072
3408,OK,54.400,0.44,15866.499976255
3409,OK,83.600,0.44,15866.000030655414
3410,OK,84.900,0.44,15938.099997583777
3411,OK,108.400,0.44,15761.799993924797
3412,OK,100.700,0.44,15833.500016015023
3413,OK,120.600,0.44,15833.000012207776
3414,OK,140.300,0.44,15840.000007301569
3415,OK,114.100,0.44,15791.799989528954
3416,OK,104.100,0.44,15838.699997402728
3417,OK,104.200,0.44,15833.700017537922
3418,OK,92.800,0.44,15866.300032939762
3419,OK,110.100,0.44,15875.099983531982
3420,OK,77.400,0.44,15834.400022868067
3421,OK,74.500,0.44,15833.299956284463
3422,OK,95.700,0.44,15879.600017797202
3423,OK,101.300,0.44,15802.500012796372
3424,OK,72.000,0.44,15902.800019830465
3425,OK,93.000,0.44,15855.500008910894
3426,OK,102.800,0.44,15858.899976592511
3427,OK,106.000,0.44,15845.399990212172
3428,OK,108.100,0.44,15845.200046896935
3429,OK,93.400,0.44,15867.199981585145
3430,OK,104.100,0.44,15848.399954847991
3431,OK,77.900,0.44,15890.999988187104
3432,OK,95.400,0.44,15829.100040718913
3433,OK,68.000,0.44,15885.600005276501
3434,OK,92.900,0.44,15853.20004960522
3435,OK,105.800,0.44,15860.200044699013
3436,OK,114.800,0.44,15803.199959918857
3437,OK,136.200,0.44,15855.200006626546
3438,OK,118.400,0.44,15756.300010252744
3439,OK,119.000,0.44,15801.800007466227
3440,OK,91.300,0.44,15875.999990385026
3441,OK,78.500,0.44,15875.199984293431
3442,OK,98.700,0.44,15826.800023205578
3443,OK,97.700,0.44,15849.900024477392
3444,OK,81.600,0.44,15872.60002270341
3445,OK,84.100,0.44,15811.999968718737
3446,OK,81.800,0.44,15859.09997811541
3447,OK,75.900,0.44,15888.600028119981
3448,OK,65.100,0.44,15884.50005510822
3449,OK,69.600,0.44,16029.899998102337
3450,OK,164.200,0.44,15697.799972258508
3451,OK,175.400,0.44,15705.199970398098
3452,OK,109.800,0.44,15816.400002222508
3453,OK,64.900,0.44,15903.50002516061
3454,OK,93.500,0.44,15905.799984466285
3455,OK,77.000,0.44,15802.80001508072
3456,OK,94.800,0.44,16016.700014006346
3457,OK,175.700,0.44,15754.099993500859
3458,OK,146.800,0.44,15440.399991348386
3459,OK,80.300,0.44,15935.199975501746
3460,OK,105.100,0.44,15831.600001547486
3461,OK,109.800,0.44,15855.099947657436
3462,OK,87.300,0.44,15817.800012882799
3463,OK,63.900,0.44,15958.300034981221
3464,OK,102.600,0.44,15841.700020246208
3465,OK,103.900,0.44,15846.700000111014
3466,OK,107.100,0.44,15882.200037594885
3467,OK,117.000,0.44,15781.89997235313
3468,OK,92.700,0.44,15812.899975571781
3469,OK,84.400,0.44,15873.200027272105
3470,OK,82.300,0.44,15865.699970163405
3471,OK,97.500,0.44,15825.899958144873
3472,OK,75.600,0.44,15905.999985989183
3473,OK,60.900,0.44,16120.799991767853
3474,OK,71.900,0.44,15933.700022287667
3475,OK,98.900,0.44,15645.79998375848
3476,OK,168.600,0.44,15693.599998485297
3477,OK,150.000,0.44,15644.999977666885
3478,OK,90.600,0.44,15957.099967636168
3479,OK,62.500,0.44,15849.799965508282
3480,OK,51.800,0.44,15962.400007992983
3481,OK,86.400,0.44,15894.900017883629
3482,OK,118.200,0.44,15772.500017192215
3483,OK,112.000,0.44,16009.500017389655
3484,OK,160.900,0.44,15860.899991821498
3485,OK,192.800,0.44,15414.100023917854
3486,OK,153.800,0.44,15780.59996245429
3487,OK,92.500,0.44,15854.099998250604
3488,OK,163.400,0.44,15788.099961355329
3489,OK,67.900,0.44,15713.79997767508
3490,OK,65.000,0.44,15870.400005951524
3491,OK,50.100,0.44,15994.099958334118
3492,OK,113.600,0.44,15747.099998407066
3493,OK,49.500,0.44,15959.099982865155
3494,OK,54.600,0.44,15941.399964503944
3495,OK,89.200,0.44,15804.40002726391
3496,OK,98.800,0.44,15910.800022538751
3497,OK,73.400,0.44,15896.30002854392
3498,OK,58.400,0.44,15952.799993101507
3499,OK,55.900,0.44,15898.499987088144
3500,OK,46.400,0.44,15924.30000891909
3501,OK,56.700,0.44,16072.000027634203
3502,OK,55.300,0.44,15710.599953308702
3503,OK,61.100,0.44,15843.500033952296
3504,OK,62.900,0.44,15882.599982433021
3505,OK,62.900,0.44,15950.89997863397
3506,OK,112.400,0.44,15830.399992410094
3507,OK,99.700,0.44,15837.800048757344
3508,OK,100.500,0.44,15915.700001642108
3509,OK,121.700,0.44,15793.200000189245
3510,OK,77.500,0.44,15873.200027272105
3511,OK,60.000,0.44,15946.40000257641
3512,OK,71.600,0.44,15864.89996407181
3513,OK,64.500,0.44,15929.199988022447
3514,OK,71.000,0.44,15878.30000789836
3515,OK,67.600,0.44,15842.9000293836
3516,OK,69.100,0.44,15941.700024995953
3517,OK,73.600,0.44,15797.800035215914
3518,OK,76.200,0.44,15893.499949015677
3519,OK,122.900,0.44,15731.899999082088
3520,OK,59.100,0.44,15926.900028716773
3521,OK,103.400,0.44,15887.30001822114
3522,OK,75.500,0.44,15877.900004852563
3523,OK,74.000,0.44,15939.500008244067
3524,OK,67.000,0.44,15875.899989623576
3525,OK,57.100,0.44,15936.19998311624
3526,OK,66.500,0.44,15842.300024814904
3527,OK,80.800,0.44,15911.899972707033
3528,OK,59.100,0.44,15864.79996331036
3529,OK,62.700,0.44,15897.799981757998
3530,OK,58.000,0.44,15946.800005622208
3531,OK,50.500,0.44,16061.700007412583
3532,OK,132.800,0.44,15615.299984347075
3533,OK,77.800,0.44,15812.500030733645
3534,OK,83.000,0.44,15978.800016455352
3535,OK,83.000,0.44,15881.600033026189
3536,OK,73.400,0.44,15878.000005614012
3537,OK,77.200,0.44,15867.099980823696
3538,OK,63.200,0.44,15891.7999942787
3539,OK,66.300,0.44,15894.100011792034
3540,OK,60.100,0.44,15917.499957140535
3541,OK,66.800,0.44,15872.900024987757
3542,OK,65.500,0.44,15862.700005527586
3543,OK,51.800,0.44,15935.699979308993
3544,OK,52.200,0.44,15871.10001128167
3545,OK,76.900,0.44,15828.999981749803
3546,OK,74.600,0.44,15935.399977024645
3547,OK,82.600,0.44,15926.300024148077
3548,OK,89.100,0.44,15860.999992582947
3549,OK,74.500,0.44,15904.000028967857
3550,OK,66.700,0.44,15834.100020583719
3551,OK,78.700,0.44,15899.399993941188
3552,OK,65.700,0.44,15901.699953246862
3553,OK,97.400,0.44,15862.600004766136
3554,OK,70.300,0.44,15868.299989961088
3555,OK,69.100,0.44,15962.90001180023
3556,OK,68.100,0.44,15791.799989528954
3557,OK,75.800,0.44,15867.99998767674
3558,OK,75.700,0.44,16039.899957831949
3559,OK,102.900,0.44,15725.200006272644
3560,OK,90.200,0.44,15872.199961449951
3561,OK,56.300,0.44,15905.699983704835
3562,OK,55.200,0.44,15937.799995299429
3563,OK,53.500,0.44,15942.999976687133
3564,OK,64.400,0.44,15917.600016109645
3565,OK,63.100,0.44,15799.299988429993
3566,OK,73.600,0.44,15949.39996721223
3567,OK,84.000,0.44,15926.400024909526
3568,OK,83.100,0.44,15848.399954847991
3569,OK,62.900,0.44,15865.00002304092
3570,OK,64.100,0.44,15856.500016525388
3571,OK,78.300,0.44,15918.700024485588
3572,OK,59.300,0.44,15909.899957478046
3573,OK,61.300,0.44,15854.60000205785
3574,OK,66.700,0.44,15939.300006721169
3575,OK,67.200,0.44,15847.400005441159
3576,OK,79.400,0.44,15939.800010528415
3577,OK,77.400,0.44,15836.499980650842
3578,OK,84.000,0.44,15864.79996331036
3579,OK,65.100,0.44,15926.099964417517
3580,OK,70.300,0.44,15869.099996052682
3581,OK,71.600,0.44,15959.69998743385
3582,OK,112.200,0.44,15758.19996651262
3583,OK,87.600,0.44,15883.499989286065
3584,OK,108.300,0.44,15757.799963466823
3585,OK,107.000,0.44,15770.09999891743
3586,OK,122.700,0.44,15833.600016776472
3587,OK,147.800,0.44,15804.700029548258
3588,OK,75.900,0.44,15832.100005354732
3589,OK,70.200,0.44,15948.0000147596
3590,OK,84.200,0.44,15879.90002008155
3591,OK,68.400,0.44,15855.400008149445
3592,OK,62.400,0.44,15907.599998172373
3593,OK,64.800,0.44,15903.799969237298
3594,OK,63.300,0.44,15847.900009248406
3595,OK,64.400,0.44,15941.400022711605
3596,OK,69.300,0.44,15907.499997410923
3597,OK,75.800,0.44,15830.599993932992
3598,OK,62.800,0.44,15921.499987598509
3599,OK,67.700,0.44,15886.899956967682
3600,OK,61.300,0.44,15905.1000373438
3601,OK,70.700,0.44,15686.800004914403
3602,OK,68.300,0.44,15956.600022036582
3603,OK,82.200,0.44,15905.699983704835
3604,OK,84.900,0.44,15881.899977102876
3605,OK,69.600,0.44,15916.700009256601
3606,OK,78.700,0.44,15864.600019995123
3607,OK,96.700,0.44,15748.500009067357
3608,OK,94.000,0.44,15902.800019830465
3609,OK,116.700,0.44,15874.899982009083
3610,OK,120.200,0.44,15820.400032680482
3611,OK,78.100,0.44,15857.899968978018
3612,OK,70.000,0.44,15907.699998933822
3613,OK,69.900,0.44,15863.70001314208
3614,OK,72.000,0.44,15898.299985565245
3615,OK,70.800,0.44,15826.599963475019
3616,OK,54.300,0.44,15880.899969488382
3617,OK,38.700,0.44,15983.39999327436
3618,OK,49.400,0.44,15893.10000417754
3619,OK,38.100,0.44,16012.099978979677
3620,OK,55.100,0.44,15922.299993690103
3621,OK,49.800,0.44,15923.500002827495
3622,OK,53.700,0.44,15960.899996571243
3623,OK,67.000,0.44,15863.49995341152
3624,OK,56.300,0.44,15929.499990306795
3625,OK,72.300,0.44,15868.700051214546
3626,OK,69.000,0.44,15903.70002668351
3627,OK,58.200,0.44,15899.699996225536
3628,OK,58.200,0.44,15935.600036755204
3629,OK,127.100,0.44,15771.60001033917
3630,OK,79.800,0.44,15868.299989961088
3631,OK,49.000,0.44,15936.299983877689
3632,OK,71.800,0.44,15886.999957729131
3633,OK,56.000,0.44,15859.999984968454
3634,OK,101.900,0.44,15794.800012372434
3635,OK,88.400,0.44,15938.800002913922
3636,OK,203.600,0.44,15698.599978350103
3637,OK,78.400,0.44,15836.69998217374
3638,OK,66.800,0.44,15877.700003329664
3639,OK,70.800,0.44,15924.700011964887
3640,OK,73.500,0.44,15861.199994105846
3641,OK,61.500,0.44,15884.699998423457
3642,OK,68.000,0.44,15928.099979646504
3643,OK,61.700,0.44,15951.199980918318
3644,OK,150.700,0.44,15688.199957367033
3645,OK,136.100,0.44,15815.299993846565
3646,OK,69.400,0.44,15910.79996433109
3647,OK,72.500,0.44,15881.30003074184
3648,OK,74.200,0.44,15884.599997662008
3649,OK,73.400,0.44,15869.900002144277
3650,OK,81.500,0.44,15899.699996225536
3651,OK,89.100,0.44,15819.799969904125
3652,OK,79.000,0.44,15799.999993760139
3653,OK,92.200,0.44,15854.500001296401
3654,OK,93.200,0.44,15950.400033034384
3655,OK,95.200,0.44,15766.699973028153
3656,OK,108.000,0.44,15833.100012969226
3657,OK,102.100,0.44,15912.999981082976
3658,OK,90.100,0.44,15798.700042068958
3659,OK,135.400,0.44,15785.800002049655
3660,OK,128.900,0.44,15921.900048851967
3661,OK,84.800,0.44,15783.000038936734
3662,OK,108.700,0.44,15847.100003156811
3663,OK,115.700,0.44,15823.3999973163
3664,OK,112.600,0.44,15829.29998403415
3665,OK,92.100,0.44,15800.199995283037
3666,OK,94.900,0.44,15890.599985141307
3667,OK,89.700,0.44,15809.100004844368
3668,OK,90.500,0.44,15855.000005103648
3669,OK,90.400,0.44,15889.599977526814
3670,OK,114.900,0.44,15799.200045876205
3671,OK,119.400,0.44,15867.500042077154
3672,OK,110.100,0.44,15829.000039957464
3673,OK,105.500,0.44,15796.199964825064
3674,OK,109.500,0.44,15879.8000193201
3675,OK,102.300,0.44,15801.600005943328
3676,OK,109.600,0.44,15843.999979551882
3677,OK,81.900,0.44,15879.69996035099
3678,OK,105.000,0.44,15813.400037586689
3679,OK,80.900,0.44,15887.100016698241
3680,OK,113.000,0.44,15825.400012545288
3681,OK,96.900,0.44,15825.400012545288
3682,OK,162.900,0.44,15809.300006367266
3683,OK,152.900,0.44,15877.900004852563
3684,OK,121.600,0.44,15653.799986466765
3685,OK,129.700,0.44,15785.199997480959
3686,OK,145.400,0.44,15722.79998799786
3687,OK,200.900,0.44,15718.899958301336
3688,OK,85.900,0.44,15875.799988862127
3689,OK,83.900,0.44,15925.000014249235
3690,OK,84.700,0.44,15906.899992842227
3691,OK,72.500,0.44,15858.099970500916
3692,OK,84.800,0.44,15896.199969574809
3693,OK,68.400,0.44,15892.199997324497
3694,OK,75.300,0.44,15904.099971521646
3695,OK,83.700,0.44,15884.499996900558
3696,OK,89.100,0.44,15853.19999139756
3697,OK,84.500,0.44,15862.700005527586
3698,OK,86.000,0.44,15861.499996390194
3699,OK,89.900,0.44,16000.100004021078
3700,OK,127.300,0.44,15620.900026988238
3701,OK,78.100,0.44,15770.400001201779
3702,OK,95.300,0.44,15921.19998531416
3703,OK,66.900,0.44,15862.200001720339
3704,OK,81.500,0.44,15904.099971521646
3705,OK,81.700,0.44,15943.699982017279
3706,OK,89.000,0.44,15799.100045114756
3707,OK,90.200,0.44,15964.399965014309
3708,OK,79.400,0.44,15838.29999435693
3709,OK,90.100,0.44,15835.100028198212
3710,OK,82.700,0.44,15875.999990385026
3711,OK,73.400,0.44,15929.299988783896
3712,OK,120.200,0.44,15769.300051033497
3713,OK,57.800,0.44,15885.300002992153
3714,OK,87.900,0.44,15915.39999935776
3715,OK,84.400,0.44,16005.499986931682
3716,OK,57.300,0.44,15811.500023119152
3717,OK,98.500,0.44,15844.499983359128
3718,OK,86.400,0.44,16197.499993722886
3719,OK,165.400,0.44,15736.799978185445
3720,OK,171.100,0.44,15712.29996625334
3721,OK,171.400,0.44,16069.50000859797
3722,OK,187.700,0.44,15441.600000485778
3723,OK,188.600,0.44,15786.100004334003
3724,OK,187.100,0.44,15632.300055585802
3725,OK,187.000,0.44,15676.79998697713
3726,OK,187.300,0.44,15529.600030276924
3727,OK,192.800,0.44,15791.099984198809
3728,OK,371.300,0.44,15424.399985931814
3729,OK,181.500,0.44,15889.099973719567
3730,OK,188.600,0.44,15552.900033071637
3731,OK,220.100,0.44,15682.79997445643
3732,OK,193.800,0.44,15916.499949526042
3733,OK,259.100,0.44,15141.399984713644
3734,OK,339.800,0.44,15356.499992776662
3735,OK,188.400,0.44,15742.300020065159
3736,OK,135.300,0.44,15987.699967809021
3737,OK,240.400,0.44,15512.40001572296
3738,OK,151.900,0.44,16172.400035429746
3739,OK,229.900,0.44,15481.599955819547
3740,OK,186.000,0.44,16052.200051490217
3741,OK,194.700,0.44,15340.999991167337
3742,OK,195.900,0.44,16089.799988549203
3743,OK,191.000,0.44,15035.50005145371
3744,OK,129.300,0.44,16211.899986956269
3745,OK,97.100,0.44,15708.899998571724
3746,OK,86.900,0.44,15874.10003412515
3747,OK,89.200,0.44,15722.300042398274
3748,OK,108.200,0.44,16186.599968932569
3749,OK,196.600,0.44,15507.99998221919
3750,OK,155.700,0.44,15709.900006186217
3751,OK,239.900,0.44,15509.999997448176
3752,OK,127.200,0.44,15760.599984787405
3753,OK,107.300,0.44,15814.69998927787
3754,OK,85.700,0.44,15860.899991821498
3755,OK,71.500,0.44,16121.2999955751
3756,OK,66.600,0.44,15886.400011368096
3757,OK,79.900,0.44,15980.699972715229
3758,OK,89.400,0.44,15671.100001782179
3759,OK,180.400,0.44,15704.199962783605
3760,OK,182.700,0.44,16029.699996579438
3761,OK,200.100,0.44,15545.600035693496
3762,OK,323.200,0.44,15363.699989393353
3763,OK,188.400,0.44,15882.000036071986
3764,OK,220.000,0.44,15577.399986796081
3765,OK,165.600,0.44,15713.199973106384
3766,OK,157.900,0.44,15589.200018439442
3767,OK,77.100,0.44,15884.599997662008
3768,OK,60.900,0.44,15963.300014846027
3769,OK,58.300,0.44,15831.400000024587
3770,OK,84.700,0.44,15910.300018731505
3771,OK,58.600,0.44,15882.999985478818
3772,OK,56.600,0.44,15931.60000629723
3773,OK,82.800,0.44,15849.100018385798
3774,OK,54.400,0.44,15957.200026605278
3775,OK,57.900,0.44,15905.09997913614
3776,OK,65.900,0.44,15924.800012726337
3777,OK,82.700,0.44,15803.299960680306
3778,OK,62.600,0.44,15960.599994286895
3779,OK,75.200,0.44,15812.600031495094
3780,OK,81.600,0.44,15918.19996247068
3781,OK,55.700,0.44,15904.599975328892
3782,OK,67.400,0.44,15887.20001745969
3783,OK,65.500,0.44,15962.500008754432
3784,OK,62.100,0.44,15890.999988187104
3785,OK,57.000,0.44,15823.099995031953
3786,OK,71.200,0.44,15852.699987590313
3787,OK,54.700,0.44,15937.70005274564
3788,OK,60.200,0.44,15890.899987425655
3789,OK,54.800,0.44,15930.499997921288
3790,OK,48.100,0.44,15918.699966277927
3791,OK,49.200,0.44,15923.200000543147
3792,OK,53.300,0.44,15909.899957478046
3793,OK,49.300,0.44,15947.800013236701
3794,OK,49.900,0.44,15911.699971184134
3795,OK,52.500,0.44,15925.500018056482
3796,OK,68.600,0.44,15908.900008071214
3797,OK,49.700,0.44,15970.500011462718
3798,OK,70.300,0.44,15884.19999461621
3799,OK,70.400,0.44,15884.899999946356
3800,OK,66.100,0.44,15883.599990047514
3801,OK,86.100,0.44,15743.50002920255
3802,OK,87.200,0.44,15882.099978625774
3803,OK,52.900,0.44,15905.699983704835
3804,OK,70.900,0.44,15870.300005190074
3805,OK,57.900,0.44,15957.500028889626
3806,OK,63.700,0.44,15862.10000095889
3807,OK,57.200,0.44,15905.599982943386
3808,OK,58.800,0.44,15892.299998085946
3809,OK,103.900,0.44,15896.500030066818
3810,OK,63.900,0.44,15926.800027955323
3811,OK,64.800,0.44,15903.100022114813
3812,OK,63.500,0.44,15865.799970924854
3813,OK,74.000,0.44,15891.000046394765
3814,OK,70.200,0.44,15902.499959338456
3815,OK,98.800,0.44,15814.899990800768
3816,OK,55.800,0.44,15951.200039125979
3817,OK,86.200,0.44,15821.399982087314
3818,OK,98.600,0.44,15851.999982260168
3819,OK,61.400,0.44,15873.600030317903
3820,OK,78.800,0.44,15939.400007482618
3821,OK,73.200,0.44,15925.600018817931
3822,OK,65.800,0.44,15859.800041653216
3823,OK,58.100,0.44,15924.700011964887
3824,OK,69.100,0.44,15855.100005865097
3825,OK,63.300,0.44,15945.09999267757
3826,OK,105.000,0.44,15848.200011532754
3827,OK,69.900,0.44,15866.400033701211
3828,OK,91.500,0.44,15810.10001245886
3829,OK,93.100,0.44,15863.70001314208
3830,OK,79.100,0.44,15827.100025489926
3831,OK,67.600,0.44,15933.899965602905
3832,OK,55.900,0.44,15920.299978461117
3833,OK,65.200,0.44,15857.100021094084
3834,OK,74.300,0.44,16233.600035775453
3835,OK,202.900,0.44,15415.799978654832
3836,OK,101.300,0.44,15709.900006186217
3837,OK,66.800,0.44,15925.79996213317
3838,OK,117.700,0.44,15845.100046135485
3839,OK,108.300,0.44,15860.399988014251
3840,OK,83.900,0.44,15890.000038780272
3841,OK,70.800,0.44,15894.900017883629
3842,OK,68.600,0.44,15862.200001720339
3843,OK,97.700,0.44,15805.499977432191
3844,OK,59.100,0.44,15942.699974402785
3845,OK,80.000,0.44,15895.799966529012
3846,OK,68.100,0.44,15888.400026597083
3847,OK,64.400,0.44,15833.500016015023
3848,OK,73.000,0.44,15864.500019233674
3849,OK,57.700,0.44,15900.50000231713
3850,OK,88.300,0.44,15846.900001633912
3851,OK,56.600,0.44,15987.599967047572
3852,OK,64.900,0.44,15868.699993006885
3853,OK,94.200,0.44,15937.600051984191
3854,OK,62.100,0.44,15932.400012388825
3855,OK,76.300,0.44,15845.299989450723
3856,OK,76.300,0.44,15949.40002541989
3857,OK,81.600,0.44,15861.499996390194
3858,OK,83.600,0.44,15823.900001123548
3859,OK,82.100,0.44,15906.199987512082
3860,OK,76.900,0.44,15862.900007050484
3861,OK,79.600,0.44,15845.400048419833
3862,OK,156.500,0.44,15781.000023707747
3863,OK,85.000,0.44,15859.899984207004
3864,OK,113.200,0.44,15881.700033787638
3865,OK,118.400,0.44,15840.799955185503
3866,OK,196.500,0.44,15546.899987384677
3867,OK,82.300,0.44,16006.699996069074
3868,OK,102.100,0.44,15732.700005173683
3869,OK,70.900,0.44,15895.499964244664
3870,OK,67.500,0.44,15857.39996517077
3871,OK,71.300,0.44,16231.200017500669
3872,OK,149.900,0.44,15451.80001994595
3873,OK,76.600,0.44,15878.30000789836
3874,OK,70.700,0.44,15836.79998293519
3875,OK,63.300,0.44,15937.100048176944
3876,OK,62.200,0.44,15918.700024485588
3877,OK,81.900,0.44,15870.100003667176
3878,OK,89.700,0.44,15906.899992842227
3879,OK,74.000,0.44,15884.29999537766
3880,OK,73.300,0.44,15887.899964582175
3881,OK,77.800,0.44,15868.199989199638
3882,OK,68.800,0.44,15887.40001898259
3883,OK,62.500,0.44,15886.799956206232
3884,OK,66.200,0.44,15882.099978625774
3885,OK,81.600,0.44,15918.499964755028
3886,OK,79.500,0.44,15881.900035310537
3887,OK,70.400,0.44,15890.799986664206
3888,OK,69.500,0.44,15873.599972110242
3889,OK,64.500,0.44,15841.399959754199
3890,OK,77.700,0.44,15825.799957383424
3891,OK,43.200,0.44,16057.899978477508
3892,OK,53.700,0.44,15849.299961701035
3893,OK,59.600,0.44,15920.900041237473
3894,OK,43.300,0.44,15949.900029227138
3895,OK,54.500,0.44,15896.10002702102
3896,OK,55.400,0.44,15890.29998285696
3897,OK,49.700,0.44,15961.800003424287
3898,OK,56.300,0.44,15903.800027444959
3899,OK,72.400,0.44,15835.100028198212
3900,OK,59.800,0.44,15906.39998903498
3901,OK,135.100,0.44,15892.299998085946
3902,OK,123.200,0.44,15924.30000891909
3903,OK,127.900,0.44,15411.60000488162
3904,OK,60.800,0.44,15908.00000121817
3905,OK,71.300,0.44,15875.599987339228
3906,OK,73.000,0.44,15893.30000570044
3907,OK,64.400,0.44,15894.099953584373
3908,OK,54.000,0.44,15963.300014846027
3909,OK,121.100,0.44,15774.099971167743
3910,OK,114.900,0.44,15818.900021258742
3911,OK,67.500,0.44,15872.599964495748
3912,OK,54.500,0.44,15911.1000248231
3913,OK,46.500,0.44,15917.999960947782
3914,OK,52.500,0.44,15917.600016109645
3915,OK,56.800,0.44,15921.900048851967
3916,OK,55.000,0.44,15970.10000841692
3917,OK,180.900,0.44,15667.400031816214
3918,OK,75.500,0.44,15886.999957729131
3919,OK,58.000,0.44,15843.200031667948
3920,OK,68.600,0.44,15955.700015183538
3921,OK,57.000,0.44,15943.299978971481
3922,OK,66.600,0.44,15796.700026839972
3923,OK,77.200,0.44,15909.900015685707
3924,OK,86.000,0.44,15839.90000654012
3925,OK,96.400,0.44,15863.200009334832
3926,OK,100.800,0.44,15859.799983445555
3927,OK,94.000,0.44,15857.400023378432
3928,OK,111.300,0.44,15722.899988759309
3929,OK,95.400,0.44,15853.30005036667
3930,OK,95.300,0.44,15876.699995715171
3931,OK,120.100,0.44,15828.499977942556
3932,OK,111.200,0.44,15819.10002278164
3933,OK,105.400,0.44,15799.099986907095
3934,OK,102.600,0.44,16167.29999659583
3935,OK,108.500,0.44,15457.400004379451
3936,OK,102.400,0.44,15862.00000019744
3937,OK,109.400,0.44,15799.299988429993
3938,OK,106.100,0.44,15856.400015763938
3939,OK,101.700,0.44,15829.599986318499
3940,OK,108.900,0.44,15863.49995341152
3941,OK,197.200,0.44,15745.399985462427
3942,OK,99.100,0.44,15839.500003494322
3943,OK,202.600,0.44,15750.199963804334
3944,OK,115.600,0.44,15794.300008565187
3945,OK,114.100,0.44,15834.00001982227
3946,OK,116.200,0.44,15858.299972023815
3947,OK,105.700,0.44,15847.100003156811
3948,OK,127.800,0.44,15797.300031408668
3949,OK,101.000,0.44,15816.700004506856
3950,OK,81.300,0.44,15915.39999935776
3951,OK,111.500,0.44,15842.399967368692
3952,OK,117.400,0.44,15838.599996641278
3953,OK,103.800,0.44,15792.999998666346
3954,OK,155.200,0.44,15801.100002136081
3955,OK,181.700,0.44,15665.600018110126
3956,OK,104.400,0.44,15811.799967195839
3957,OK,110.400,0.44,15869.49999909848
3958,OK,79.000,0.44,15855.000005103648
3959,OK,73.500,0.44,15901.600010693073
3960,OK,82.800,0.44,15885.000000707805
3961,OK,87.900,0.44,15826.50002092123
3962,OK,89.800,0.44,15898.399986326694
3963,OK,75.400,0.44,15880.700026173145
3964,OK,72.800,0.44,15870.200004428625
3965,OK,63.600,0.44,15871.799958404154
3966,OK,127.500,0.44,15841.200016438961
3967,OK,84.700,0.44,16053.700004704297
3968,OK,148.500,0.44,15549.000003375113
3969,OK,75.200,0.44,15900.400001555681
3970,OK,100.400,0.44,15851.90003970638
3971,OK,118.000,0.44,15853.599994443357
3972,OK,78.700,0.44,15858.799975831062
3973,OK,103.100,0.44,15867.299982346594
3974,OK,78.900,0.44,15847.000002395362
3975,OK,89.400,0.44,15808.500000275671
3976,OK,70.500,0.44,15923.099999781698
3977,OK,68.100,0.44,15855.700010433793
3978,OK,66.200,0.44,16121.099994052202
3979,OK,129.300,0.44,15460.300026461482
3980,OK,125.100,0.44,15882.200037594885
3981,OK,60.900,0.44,15910.000016447157
3982,OK,77.000,0.44,15896.600030828267
3983,OK,69.000,0.44,15882.80004216358
3984,OK,80.100,0.44,16030.800004955381
3985,OK,65.700,0.44,15904.500032775104
3986,OK,96.900,0.44,16107.600007671863
3987,OK,114.300,0.44,16055.600019171834
3988,OK,181.300,0.44,15401.099983137101
3989,OK,197.300,0.44,15628.099965397269
3990,OK,219.300,0.44,15560.099971480668
3991,OK,161.600,0.44,15712.899970822036
3992,OK,94.800,0.44,15900.800004601479
3993,OK,87.100,0.44,16129.299998283386
3994,OK,167.100,0.44,15690.999978687614
3995,OK,251.900,0.44,15691.500040702522
3996,OK,257.300,0.44,15953.599999193102
3997,OK,250.400,0.44,15412.800014019012
3998,OK,186.700,0.44,15882.199979387224
3999,OK,194.600,0.44,15336.20001282543
4000,OK,195.800,0.44,15622.20003688708
4001,OK,265.500,0.44,15287.399990484118
4002,OK,189.700,0.44,15487.800003029406
4003,OK,129.100,0.44,15877.199999522418
4004,OK,182.600,0.44,15767.999982926995
4005,OK,182.100,0.44,15574.900025967509
4006,OK,83.600,0.44,15820.70003496483
4007,OK,64.600,0.44,15894.500014837831
4008,OK,69.400,0.44,15879.200014751405
4009,OK,49.400,0.44,16320.299997460097
4010,OK,223.500,0.44,15266.100002918392
4011,OK,65.100,0.44,15947.800013236701
4012,OK,57.700,0.44,15882.399980910122
4013,OK,82.200,0.44,15831.600001547486
4014,OK,113.100,0.44,15912.29997575283
4015,OK,65.700,0.44,15941.400022711605
4016,OK,76.300,0.44,15849.699964746833
4017,OK,96.900,0.44,15874.999982770532
4018,OK,57.100,0.44,15839.200001209974
4019,OK,62.000,0.44,15974.799985997379
4020,OK,61.500,0.44,15918.30002143979
4021,OK,69.500,0.44,15893.20000493899
4022,OK,69.100,0.44,15865.600027609617
4023,OK,60.600,0.44,15873.699972871691
4024,OK,48.700,0.44,15985.300007741898
4025,OK,85.100,0.44,15806.000039447099
4026,OK,59.100,0.44,15917.900018393993
4027,OK,53.300,0.44,15939.600009005517
4028,OK,78.400,0.44,15856.800018809736
4029,OK,99.400,0.44,15895.300020929426
4030,OK,72.400,0.44,15850.600029807538
4031,OK,55.900,0.44,15926.999971270561
4032,OK,64.100,0.44,15929.099987260997
4033,OK,68.200,0.44,15828.299976419657
4034,OK,87.400,0.44,15883.400046732277
4035,OK,100.700,0.44,15905.599982943386
4036,OK,68.800,0.44,15883.099986240268
4037,OK,68.900,0.44,15913.299983367324
4038,OK,78.800,0.44,15850.600029807538
4039,OK,82.300,0.44,15858.399972785264
4040,OK,60.600,0.44,15901.400009170175
4041,OK,73.500,0.44,15900.599944870919
4042,OK,135.400,0.44,15796.000021509826
4043,OK,75.700,0.44,15819.999971427023
4044,OK,83.200,0.44,15923.900005873293
4045,OK,55.600,0.44,15895.699965767562
4046,OK,51.300,0.44,15933.699964080006
4047,OK,56.700,0.44,15920.300036668777
4048,OK,63.200,0.44,15964.700025506318
4049,OK,68.700,0.44,15895.299962721765
4050,OK,74.200,0.44,15816.700004506856
4051,OK,61.200,0.44,15952.799993101507
4052,OK,61.200,0.44,15875.799988862127
4053,OK,64.400,0.44,15934.59997093305
4054,OK,83.000,0.44,15875.799988862127
4055,OK,98.900,0.44,15845.90005222708
4056,OK,79.700,0.44,15891.099988948554
4057,OK,64.400,0.44,15859.199978876859
4058,OK,58.800,0.44,15962.300007231534
4059,OK,68.000,0.44,15842.999971937388
4060,OK,65.200,0.44,15882.79998395592
4061,OK,60.700,0.44,15930.499997921288
4062,OK,66.500,0.44,15862.300002481788
4063,OK,93.500,0.44,15847.400005441159
4064,OK,54.000,0.44,15859.499981161207
4065,OK,64.400,0.44,15958.19997601211
4066,OK,58.200,0.44,15927.100030239671
4067,OK,80.000,0.44,15816.800005268306
4068,OK,107.700,0.44,15844.699984882027
4069,OK,110.500,0.44,15891.5999927558
4070,OK,138.200,0.44,15745.999990031123
4071,OK,70.800,0.44,15891.999995801598
4072,OK,71.300,0.44,15935.99998159334
4073,OK,55.500,0.44,15911.899972707033
4074,OK,54.800,0.44,15924.900013487786
4075,OK,55.800,0.44,15896.599972620606
4076,OK,54.900,0.44,15864.400018472224
4077,OK,69.000,0.44,15947.400010190904
4078,OK,66.400,0.44,15886.599954683334
4079,OK,86.200,0.44,15841.200016438961
4080,OK,81.300,0.44,15855.900011956692
4081,OK,64.000,0.44,15907.799999695271
4082,OK,62.400,0.44,15887.100016698241
4083,OK,75.000,0.44,15913.599985651672
4084,OK,94.500,0.44,16083.299997262657
4085,OK,78.900,0.44,15670.099994167686
4086,OK,72.600,0.44,15845.999994780868
4087,OK,58.900,0.44,15898.99999089539
4088,OK,83.300,0.44,15918.29996323213
4089,OK,56.200,0.44,15828.300034627318
4090,OK,82.100,0.44,15896.600030828267
4091,OK,54.400,0.44,15928.000037092716
4092,OK,64.000,0.44,15908.10000197962
4093,OK,65.500,0.44,15914.999996311963
4094,OK,81.900,0.44,15847.500006202608
4095,OK,66.600,0.44,15900.400001555681
4096,OK,72.900,0.44,15935.899980831891
4097,OK,71.000,0.44,15793.099999427795
4098,OK,70.400,0.44,15899.999998509884
4099,OK,73.500,0.44,15849.700022954494
4100,OK,90.700,0.44,15895.099961198866
4101,OK,73.900,0.44,15758.000023197383
4102,OK,110.300,0.44,15877.500001806766
4103,OK,78.500,0.44,15902.600018307567
4104,OK,197.100,0.44,15653.400041628629
4105,OK,62.400,0.44,15896.999975666404
4106,OK,75.300,0.44,15898.599987849593
4107,OK,75.800,0.44,15824.700007215142
4108,OK,67.500,0.44,15913.99998869747
4109,OK,145.100,0.44,15813.30003682524
4110,OK,69.700,0.44,15894.59995739162
4111,OK,68.400,0.44,15889.699978288263
4112,OK,70.500,0.44,15869.099996052682
4113,OK,60.000,0.44,15932.800015434623
4114,OK,64.800,0.44,15877.400001045316
4115,OK,66.300,0.44,15890.799986664206
4116,OK,62.800,0.44,15901.800012215972
4117,OK,62.300,0.44,15892.099996563047
4118,OK,66.700,0.44,15861.799998674542
4119,OK,69.000,0.44,15928.100037854165
4120,OK,60.100,0.44,15903.60002592206
4121,OK,63.800,0.44,15893.000003416091
4122,OK,62.800,0.44,15923.800005111843
4123,OK,77.700,0.44,15879.200014751405
4124,OK,75.300,0.44,15831.299999263138
4125,OK,74.700,0.44,15905.699983704835
4126,OK,89.900,0.44,15920.399979222566
4127,OK,73.700,0.44,15833.300014492124
4128,OK,73.800,0.44,15919.89997541532
4129,OK,66.100,0.44,15849.400020670146
4130,OK,50.100,0.44,15894.200012553483
4131,OK,42.700,0.44,15947.90001399815
4132,OK,48.100,0.44,15900.200000032783
4133,OK,38.300,0.44,15926.500025670975
4134,OK,56.900,0.44,15912.699978798628
4135,OK,50.900,0.44,15834.100020583719
4136,OK,58.700,0.44,15987.900027539581
4137,OK,69.100,0.44,15895.700023975223
4138,OK,74.600,0.44,15944.300044793636
4139,OK,79.200,0.44,15849.899966269732
4140,OK,63.900,0.44,15936.999989207834
4141,OK,193.800,0.44,15702.10000500083
4142,OK,73.800,0.44,15834.500023629516
4143,OK,79.100,0.44,15879.199956543744
4144,OK,96.400,0.44,15823.49999807775
4145,OK,98.100,0.44,15859.800041653216
4146,OK,74.100,0.44,15904.599975328892
4147,OK,85.200,0.44,15909.900015685707
4148,OK,73.900,0.44,15881.40003150329
4149,OK,85.400,0.44,15870.90000975877
4150,OK,86.700,0.44,15879.199956543744
4151,OK,141.400,0.44,15791.699988767505
4152,OK,132.400,0.44,15700.999996624887
4153,OK,84.400,0.44,15905.800042673945
4154,OK,67.300,0.44,15812.500030733645
4155,OK,64.900,0.44,15899.19999241829
4156,OK,60.700,0.44,15898.699988611042
4157,OK,57.600,0.44,15904.600033536553
4158,OK,59.500,0.44,15911.800030153245
4159,OK,60.200,0.44,15947.90001399815
4160,OK,69.600,0.44,15881.699975579977
4161,OK,68.100,0.44,15910.700021777302
4162,OK,86.900,0.44,15883.099986240268
4163,OK,125.100,0.44,15777.69999857992
4164,OK,123.900,0.44,15877.10005696863
4165,OK,73.800,0.44,15889.699978288263
4166,OK,67.900,0.44,15877.600002568215
4167,OK,79.000,0.44,15774.900035466999
4168,OK,108.500,0.44,15883.899992331862
4169,OK,100.000,0.44,15828.699979465455
4170,OK,111.300,0.44,15926.300024148077
4171,OK,99.800,0.44,15816.700004506856
4172,OK,102.800,0.44,15800.699999090284
4173,OK,96.200,0.44,15834.300022106618
4174,OK,91.800,0.44,15847.000002395362
4175,OK,99.000,0.44,15849.500021431595
4176,OK,95.400,0.44,15883.999993093312
4177,OK,105.800,0.44,15838.799998164177
4178,OK,118.100,0.44,15795.30001617968
4179,OK,112.400,0.44,15827.400027774274
4180,OK,117.600,0.44,15843.499975744635
4181,OK,101.400,0.44,15820.799977518618
4182,OK,100.900,0.44,15833.299956284463
4183,OK,95.100,0.44,15851.899981498718
4184,OK,88.200,0.44,15859.09997811541
4185,OK,101.000,0.44,15844.499983359128
4186,OK,91.400,0.44,15862.200001720339
4187,OK,99.600,0.44,15812.900033779442
4188,OK,79.800,0.44,15877.900004852563
4189,OK,102.800,0.44,15842.100023292005
4190,OK,63.100,0.44,15906.39998903498
4191,OK,91.400,0.44,15838.099992834032
4192,OK,84.500,0.44,15930.699999444187
4193,OK,136.600,0.44,15784.99999595806
4194,OK,112.800,0.44,15860.099985729903
4195,OK,100.200,0.44,15792.699996381998
4196,OK,74.900,0.44,15905.299980659038
4197,OK,66.000,0.44,20871.40001822263
4198,OK,116.800,0.44,10901.099944021553
4199,OK,99.400,0.44,15886.700013652444
4200,OK,70.900,0.44,15886.900015175343
4201,OK,88.300,0.44,15706.799982581288
4202,OK,71.200,0.44,15903.900028206408
4203,OK,80.500,0.44,15905.800042673945
4204,OK,129.000,0.44,15786.200005095452
4205,OK,100.000,0.44,15821.399982087314
4206,OK,90.300,0.44,15955.600014422089
4207,OK,145.800,0.44,15776.499989442527
4208,OK,88.300,0.44,15866.499976255
4209,OK,97.400,0.44,15836.999984458089
4210,OK,84.600,0.44,15866.799978539348
4211,OK,88.300,0.44,15855.900011956692
4212,OK,84.200,0.44,15877.099998760968
4213,OK,86.700,0.44,15863.000007811934
4214,OK,84.500,0.44,15906.000044196844
4215,OK,159.400,0.44,15762.80000153929
4216,OK,96.200,0.44,15734.999964479357
4217,OK,82.000,0.44,15854.400000534952
4218,OK,59.300,0.44,15875.699988100678
4219,OK,75.900,0.44,15896.400029305369
4220,OK,69.000,0.44,15894.199954345822
4221,OK,48.300,0.44,15895.100019406527
4222,OK,90.900,0.44,15957.599971443415
4223,OK,83.900,0.44,15849.300019908696
4224,OK,84.300,0.44,15811.200020834804
4225,OK,70.400,0.44,15968.399995472282
4226,OK,82.600,0.44,15861.099993344396
4227,OK,77.900,0.44,15863.70001314208
4228,OK,74.800,0.44,16153.800010215491
4229,OK,210.000,0.44,15353.399969171733
4230,OK,76.500,0.44,16110.800032038242
4231,OK,58.100,0.44,15921.900048851967
4232,OK,142.300,0.44,15810.499957296997
4233,OK,93.700,0.44,16044.499992858618
4234,OK,132.300,0.44,15683.300036471337
4235,OK,233.100,0.44,15442.80000962317
4236,OK,92.800,0.44,15828.799980226904
4237,OK,103.000,0.44,15864.200016949326
4238,OK,79.100,0.44,15827.099967282265
4239,OK,71.800,0.44,15933.30001924187
4240,OK,57.600,0.44,16032.300016377121
4241,OK,88.800,0.44,15877.800004091114
4242,OK,85.800,0.44,15959.999989718199
4243,OK,110.800,0.44,15565.400011837482
4244,OK,139.900,0.44,15861.199994105846
4245,OK,150.100,0.44,15726.400015410036
4246,OK,227.100,0.44,15560.199972242117
4247,OK,163.100,0.44,15796.000021509826
4248,OK,101.100,0.44,15913.500043097883
4249,OK,243.200,0.44,15494.099992793053
4250,OK,71.200,0.44,15846.299997065216
4251,OK,70.900,0.44,15895.100019406527
4252,OK,75.200,0.44,15882.199979387224
4253,OK,122.100,0.44,15886.100009083748
4254,OK,51.700,0.44,15838.599996641278
4255,OK,68.100,0.44,15985.600010026246
4256,OK,61.400,0.44,15834.200021345168
4257,OK,94.200,0.44,15797.100029885769
4258,OK,106.200,0.44,15861.599997151643
4259,OK,81.200,0.44,15908.400004263967
4260,OK,104.800,0.44,15892.499999608845
4261,OK,90.100,0.44,15833.400015253574
4262,OK,69.600,0.44,15874.799981247634
4263,OK,66.400,0.44,15922.79999749735
4264,OK,60.700,0.44,15898.799989372492
4265,OK,93.500,0.44,15941.799967549741
4266,OK,59.700,0.44,15825.600014068186
4267,OK,77.700,0.44,15977.000002749264
4268,OK,83.200,0.44,15889.599977526814
4269,OK,76.600,0.44,15832.19994790852
4270,OK,63.600,0.44,15844.900044612586
4271,OK,78.500,0.44,15886.899956967682
4272,OK,120.300,0.44,15798.900043591857
4273,OK,70.800,0.44,15908.900008071214
4274,OK,115.400,0.44,15857.699967455119
4275,OK,69.400,0.44,15861.099993344396
4276,OK,73.100,0.44,15828.00003234297
4277,OK,53.300,0.44,15858.700033277273
4278,OK,51.200,0.44,15928.6999842152
4279,OK,61.100,0.44,15930.30005460605
4280,OK,57.700,0.44,15940.59995841235
4281,OK,68.800,0.44,15884.099993854761
4282,OK,63.500,0.44,15917.699958663434
4283,OK,72.100,0.44,15864.300017710775
4284,OK,70.900,0.44,15931.100002489984
4285,OK,88.800,0.44,15862.400003243238
4286,OK,86.600,0.44,15862.500004004687
4287,OK,76.600,0.44,15838.199993595481
4288,OK,92.100,0.44,15839.600004255772
4289,OK,86.200,0.44,15863.60001238063
4290,OK,81.700,0.44,15934.500028379261
4291,OK,70.100,0.44,15854.400000534952
4292,OK,60.600,0.44,15921.000041998923
4293,OK,56.700,0.44,15913.500043097883
4294,OK,87.600,0.44,15812.699974048883
4295,OK,82.000,0.44,15955.000009853393
4296,OK,58.800,0.44,15896.000026259571
4297,OK,53.500,0.44,15855.200006626546
4298,OK,58.000,0.44,15958.40003574267
4299,OK,59.500,0.44,15955.599956214428
4300,OK,77.100,0.44,15833.300014492124
4301,OK,88.800,0.44,15688.799961935729
4302,OK,116.200,0.44,15857.39996517077
4303,OK,75.600,0.44,15886.899956967682
4304,OK,64.100,0.44,15926.399966701865
4305,OK,76.100,0.44,15877.500001806766
4306,OK,67.600,0.44,15874.0000333637
4307,OK,79.000,0.44,15835.200028959662
4308,OK,59.700,0.44,15852.299984544516
4309,OK,73.600,0.44,15929.899993352592
4310,OK,63.200,0.44,15846.599999349564
4311,OK,81.400,0.44,15886.500012129545
4312,OK,59.100,0.44,15929.999994114041
4313,OK,57.700,0.44,15961.19999885559
4314,OK,69.000,0.44,15898.699988611042
4315,OK,81.800,0.44,15865.300025325269
4316,OK,81.000,0.44,15884.899999946356
4317,OK,64.800,0.44,15800.799999851733
4318,OK,81.400,0.44,15957.700030412525
4319,OK,63.400,0.44,15911.700029391795
4320,OK,57.300,0.44,15871.899959165603
4321,OK,46.400,0.44,15932.200010865927
4322,OK,52.400,0.44,15907.90000045672
4323,OK,48.200,0.44,15938.700002152473
4324,OK,53.000,0.44,15864.99996483326
4325,OK,54.900,0.44,15960.099990479648
4326,OK,63.400,0.44,15873.800031840801
4327,OK,61.400,0.44,15895.600023213774
4328,OK,125.000,0.44,15854.800003580749
4329,OK,92.600,0.44,15960.799995809793
4330,OK,70.900,0.44,15878.499951213598
4331,OK,73.800,0.44,15809.500007890165
4332,OK,58.600,0.44,15888.000023551285
4333,OK,75.100,0.44,16184.400010388345
4334,OK,59.200,0.44,15598.699974361807
4335,OK,80.100,0.44,15925.500018056482
4336,OK,71.800,0.44,15881.699975579977
4337,OK,105.500,0.44,15869.49999909848
4338,OK,97.900,0.44,15737.49998351559
4339,OK,77.900,0.44,15857.000020332634
4340,OK,71.300,0.44,15965.500031597912
4341,OK,85.600,0.44,15887.000015936792
4342,OK,92.000,0.44,15873.89997439459
4343,OK,74.700,0.44,15894.200012553483
4344,OK,75.300,0.44,15869.299997575581
4345,OK,73.700,0.44,15888.399968389422
4346,OK,77.600,0.44,15869.199996814132
4347,OK,80.900,0.44,15784.400049597025
4348,OK,110.400,0.44,15900.300000794232
4349,OK,101.600,0.44,15854.800003580749
4350,OK,105.100,0.44,15772.000013384968
4351,OK,105.100,0.44,15945.09999267757
4352,OK,87.900,0.44,15774.000028613955
4353,OK,156.100,0.44,15889.899979811162
4354,OK,99.100,0.44,15741.499955765903
4355,OK,73.100,0.44,15965.400030836463
4356,OK,77.500,0.44,15791.099984198809
4357,OK,113.000,0.44,15933.400020003319
4358,OK,72.900,0.44,15851.199976168573
4359,OK,66.900,0.44,15881.200029980391
4360,OK,69.000,0.44,15859.30003784597
4361,OK,69.200,0.44,15971.900022123009
4362,OK,83.300,0.44,15847.100003156811
4363,OK,62.600,0.44,15912.799979560077
4364,OK,68.200,0.44,15874.400036409497
4365,OK,61.300,0.44,15834.800025913864
4366,OK,78.200,0.44,15862.700005527586
4367,OK,64.400,0.44,15912.599978037179
4368,OK,70.700,0.44,15990.99999293685
4369,OK,80.700,0.44,15862.300002481788
4370,OK,68.900,0.44,15929.599991068244
4371,OK,82.400,0.44,15762.399998493493
4372,OK,90.200,0.44,15997.199981939048
4373,OK,64.300,0.44,15787.699958309531
4374,OK,108.600,0.44,15846.599999349564
4375,OK,91.100,0.44,15847.100003156811
4376,OK,99.800,0.44,15884.799999184906
4377,OK,81.500,0.44,15814.399986993521
4378,OK,66.200,0.44,15856.800018809736
4379,OK,65.900,0.44,15903.49996695295
4380,OK,51.900,0.44,15937.799995299429
4381,OK,51.700,0.44,15904.699976090342
4382,OK,70.600,0.44,15928.600041661412
4383,OK,64.000,0.44,15887.40001898259
4384,OK,73.600,0.44,15896.399971097708
4385,OK,50.600,0.44,15887.20001745969
4386,OK,58.200,0.44,15917.700016871095
4387,OK,58.500,0.44,15889.100031927228
4388,OK,54.100,0.44,15972.000022884458
4389,OK,177.600,0.44,15659.700031392276
4390,OK,77.600,0.44,15931.60000629723
4391,OK,70.800,0.44,15869.000053498894
4392,OK,66.900,0.44,15893.700008746237
4393,OK,64.600,0.44,15882.899984717369
4394,OK,53.700,0.44,15897.100034635514
4395,OK,51.900,0.44,15924.799954518676
4396,OK,50.300,0.44,15931.300004012883
4397,OK,178.100,0.44,15802.80001508072
4398,OK,68.100,0.44,15901.200007647276
4399,OK,88.100,0.44,15789.900033269078
4400,OK,65.600,0.44,15872.100018896163
4401,OK,69.800,0.44,15782.399976160377
4402,OK,68.400,0.44,15861.799998674542
4403,OK,72.000,0.44,15954.100003000349
4404,OK,76.800,0.44,15821.799985133111
4405,OK,66.400,0.44,15913.599985651672
4406,OK,147.500,0.44,15742.699964903295
4407,OK,112.300,0.44,15920.499979984015
4408,OK,88.200,0.44,15756.300010252744
4409,OK,87.000,0.44,15970.20000917837
4410,OK,88.600,0.44,15733.500011265278
4411,OK,98.100,0.44,15926.000021863729
4412,OK,73.500,0.44,15845.399990212172
4413,OK,67.300,0.44,15860.59998953715
4414,OK,112.500,0.44,15789.200027938932
4415,OK,95.300,0.44,15943.39997973293
4416,OK,108.200,0.44,15673.700021579862
4417,OK,98.700,0.44,15865.999972447753
4418,OK,93.700,0.44,15892.700001131743
4419,OK,100.900,0.44,15817.70001212135
4420,OK,98.900,0.44,15853.299992159009
4421,OK,106.800,0.44,15913.199982605875
4422,OK,110.500,0.44,15778.300003148615
4423,OK,118.000,0.44,15937.899996060878
4424,OK,97.300,0.44,15727.20002150163
4425,OK,112.100,0.44,15830.199990887195
4426,OK,100.200,0.44,15820.999979041517
4427,OK,79.200,0.44,15898.399986326694
4428,OK,95.800,0.44,15883.099986240268
4429,OK,78.700,0.44,15821.100038010627
4430,OK,78.200,0.44,15882.099978625774
4431,OK,97.800,0.44,15840.500011108816
4432,OK,88.100,0.44,15867.699985392392
4433,OK,87.400,0.44,15849.200019147247
4434,OK,84.700,0.44,15864.79996331036
4435,OK,96.000,0.44,15869.900002144277
4436,OK,100.900,0.44,15868.2000474073
4437,OK,117.800,0.44,15822.799992747605
4438,OK,107.000,0.44,15840.300009585917
4439,OK,107.700,0.44,15906.099986750633
4440,OK,83.400,0.44,15861.899999435991
4441,OK,100.200,0.44,15817.800012882799
4442,OK,99.100,0.44,15835.300029721111
4443,OK,103.300,0.44,15809.300006367266
4444,OK,116.900,0.44,15884.799999184906
4445,OK,186.000,0.44,15783.200040459633
4446,OK,162.400,0.44,15572.000003885478
4447,OK,104.000,0.44,15861.299994867295
4448,OK,106.700,0.44,15749.300015158951
4449,OK,96.600,0.44,15922.599995974451
4450,OK,90.400,0.44,15865.20002456382
4451,OK,105.800,0.44,15795.000013895333
4452,OK,105.300,0.44,15898.800047580153
4453,OK,115.100,0.44,15784.399991389364
4454,OK,84.900,0.44,15845.599991735071
4455,OK,92.200,0.44,15823.49999807775
4456,OK,84.400,0.44,15880.800026934594
4457,OK,92.600,0.44,15861.599997151643
4458,OK,91.800,0.44,15912.199974991381
4459,OK,122.200,0.44,15976.399998180568
4460,OK,142.000,0.44,15591.200033668429
4461,OK,83.900,0.44,15895.200020167977
4462,OK,83.200,0.44,15886.400011368096
4463,OK,98.500,0.44,15824.000001884997
4464,OK,103.500,0.44,15861.899999435991
4465,OK,102.800,0.44,15952.999994624406
4466,OK,105.100,0.44,15785.600000526756
4467,OK,95.600,0.44,15808.399999514222
4468,OK,93.000,0.44,15835.3999722749
4469,OK,93.300,0.44,15811.899967957288
4470,OK,77.600,0.44,15902.500017546117
4471,OK,81.700,0.44,15880.900027696043
4472,OK,88.400,0.44,15836.100035812706
4473,OK,88.900,0.44,15843.700035475194
4474,OK,86.100,0.44,15918.700024485588
4475,OK,100.700,0.44,15821.89998589456
4476,OK,123.200,0.44,15859.999984968454
4477,OK,99.000,0.44,15684.699988923967
4478,OK,76.000,0.44,16039.100009948015
4479,OK,127.300,0.44,15708.099992480129
4480,OK,84.100,0.44,16031.00000647828
4481,OK,134.700,0.44,15732.100000604987
4482,OK,104.500,0.44,15860.099985729903
4483,OK,152.400,0.44,15728.500031400472
4484,OK,219.400,0.44,15794.099948834628
4485,OK,133.300,0.44,15849.500021431595
4486,OK,115.600,0.44,15969.500003848225
4487,OK,154.200,0.44,15428.700018674135
4488,OK,83.600,0.44,15818.400017451495
4489,OK,94.900,0.44,15838.699997402728
4490,OK,88.900,0.44,15945.599996484816
4491,OK,67.000,0.44,15788.999968208373
4492,OK,56.000,0.44,16030.599945224822
4493,OK,60.300,0.44,16182.899998966604
4494,OK,98.900,0.44,15805.79997971654
4495,OK,112.900,0.44,15701.700001955032
4496,OK,165.100,0.44,15820.899978280067
4497,OK,248.900,0.44,15441.800002008677
4498,OK,163.100,0.44,15655.499999411404
4499,OK,113.200,0.44,15974.100038874894
4500,OK,208.100,0.44,15477.199980523437
4501,OK,120.100,0.44,15678.499999921769
4502,OK,63.000,0.44,16030.300001148134
4503,OK,125.100,0.44,15726.299956440926
4504,OK,69.500,0.44,15946.100000292063
4505,OK,60.100,0.44,15829.799987841398
4506,OK,64.700,0.44,15990.099986083806
4507,OK,66.600,0.44,15905.999985989183
4508,OK,64.600,0.44,15855.400008149445
4509,OK,51.800,0.44,16002.099961042404
4510,OK,65.700,0.44,15889.699978288263
4511,OK,97.900,0.44,15828.599978704005
4512,OK,60.300,0.44,15891.000046394765
4513,OK,51.900,0.44,15900.70000384003
4514,OK,54.500,0.44,15911.299968138337
4515,OK,64.900,0.44,15932.000009343028
4516,OK,64.500,0.44,15789.200027938932
4517,OK,53.000,0.44,15961.900004185736
4518,OK,68.000,0.44,15938.599943183362
4519,OK,87.300,0.44,15826.50002092123
4520,OK,52.400,0.44,15966.399980243295
4521,OK,71.000,0.44,15832.40000763908
4522,OK,63.900,0.44,15963.799960445613
4523,OK,69.300,0.44,15905.399981420487
4524,OK,69.900,0.44,15894.900017883629
4525,OK,66.900,0.44,15842.199965845793
4526,OK,71.100,0.44,15885.500004515052
4527,OK,58.400,0.44,15945.199993439019
4528,OK,63.000,0.44,15887.299960013479
4529,OK,61.200,0.44,15893.400006461889
4530,OK,53.200,0.44,15932.100010104477
4531,OK,60.200,0.44,15889.399976003915
4532,OK,56.300,0.44,15874.099975917488
4533,OK,71.400,0.44,15922.399994451553
4534,OK,48.600,0.44,16042.79997991398
4535,OK,80.100,0.44,15750.000020489097
4536,OK,61.000,0.44,15971.70002060011
4537,OK,56.500,0.44,15820.59997599572
4538,OK,76.400,0.44,15916.600008495152
4539,OK,51.000,0.44,15881.40003150329
4540,OK,59.900,0.44,15922.499995213002
4541,OK,62.000,0.44,16050.000034738332
4542,OK,189.200,0.44,15520.900022238493
4543,OK,88.900,0.44,15880.300023127347
4544,OK,79.700,0.44,15862.900007050484
4545,OK,89.700,0.44,15784.699993673712
4546,OK,67.400,0.44,15967.799990903586
4547,OK,90.800,0.44,15899.699996225536
4548,OK,72.700,0.44,15794.700011610985
4549,OK,88.700,0.44,15838.199993595481
4550,OK,48.200,0.44,15933.900023810565
4551,OK,57.800,0.44,15911.499969661236
4552,OK,65.100,0.44,15856.10001347959
4553,OK,92.900,0.44,15924.40000968054
4554,OK,98.200,0.44,15872.300020419061
4555,OK,100.300,0.44,15805.90003868565
4556,OK,66.000,0.44,15922.199992928654
4557,OK,56.600,0.44,15847.30000467971
4558,OK,96.500,0.44,15951.10003836453
4559,OK,67.200,0.44,15825.400012545288
4560,OK,70.500,0.44,15892.700001131743
4561,OK,53.600,0.44,15893.900010269135
4562,OK,51.400,0.44,15906.60004876554
4563,OK,79.700,0.44,15985.400008503348
4564,OK,65.800,0.44,15910.100017208606
4565,OK,81.400,0.44,15792.2999933362
4566,OK,57.800,0.44,15892.900002654642
4567,OK,59.400,0.44,15921.39998683706
4568,OK,55.700,0.44,15900.799946393818
4569,OK,57.700,0.44,15941.099962219596
4570,OK,70.400,0.44,15958.799980580807
4571,OK,93.400,0.44,15844.899986404926
4572,OK,78.300,0.44,15866.200032178313
4573,OK,76.800,0.44,15827.79997261241
4574,OK,62.000,0.44,15971.500019077212
4575,OK,70.500,0.44,15773.900027852505
4576,OK,81.800,0.44,16441.39998825267
4577,OK,75.500,0.44,15375.500021036714
4578,OK,112.200,0.44,15829.199983272702
4579,OK,105.700,0.44,15820.000029634684
4580,OK,94.000,0.44,15904.89997761324
4581,OK,77.300,0.44,15931.100002489984
4582,OK,75.500,0.44,15802.899957634509
4583,OK,65.600,0.44,15866.799978539348
4584,OK,90.600,0.44,15875.699988100678
4585,OK,95.800,0.44,15877.600002568215
4586,OK,71.000,0.44,15878.40000865981
4587,OK,95.200,0.44,15898.499987088144
4588,OK,82.600,0.44,15897.49997947365
4589,OK,67.400,0.44,15901.000006124377
4590,OK,69.900,0.44,15879.500017035753
4591,OK,72.100,0.44,15907.399996649474
4592,OK,71.300,0.44,15864.299959503114
4593,OK,64.800,0.44,15898.199984803796
4594,OK,69.000,0.44,15917.300013825297
4595,OK,73.800,0.44,15842.59996889159
4596,OK,59.200,0.44,15953.199996147305
4597,OK,71.300,0.44,15869.199996814132
4598,OK,65.300,0.44,15917.100012302399
4599,OK,170.400,0.44,15676.000039093196
4600,OK,102.100,0.44,15888.999972958118
4601,OK,68.100,0.44,15748.400008305907
4602,OK,113.000,0.44,16233.499976806343
4603,OK,257.900,0.44,15295.799996238202
4604,OK,225.600,0.44,15513.800026383251
4605,OK,124.800,0.44,15831.099997740239
4606,OK,85.600,0.44,15912.29997575283
4607,OK,83.000,0.44,15775.500040035695
4608,OK,56.200,0.44,15958.700038027018
4609,OK,93.700,0.44,15696.999966166914
4610,OK,58.400,0.44,15962.90001180023
4611,OK,66.200,0.44,15853.299992159009
4612,OK,106.500,0.44,15801.30000365898
4613,OK,72.800,0.44,15933.600021526217
4614,OK,69.800,0.44,15891.69999351725
4615,OK,167.100,0.44,15720.300027169287
4616,OK,111.500,0.44,15874.500037170947
4617,OK,64.100,0.44,15840.900014154613
4618,OK,67.800,0.44,15880.300023127347
4619,OK,62.700,0.44,15920.700039714575
4620,OK,86.700,0.44,15880.999970249832
4621,OK,67.800,0.44,15863.300010096282
4622,OK,95.500,0.44,15835.3999722749
4623,OK,54.300,0.44,15911.799971945584
4624,OK,47.600,0.44,15987.000020686537
4625,OK,65.500,0.44,15836.9000419043
4626,OK,56.600,0.44,15922.8999982588
4627,OK,52.500,0.44,15938.399999868125
4628,OK,81.200,0.44,15864.79996331036
4629,OK,67.600,0.44,15927.100030239671
4630,OK,65.500,0.44,15907.199995126575
4631,OK,80.600,0.44,15875.599987339228
4632,OK,63.900,0.44,15892.499999608845
4633,OK,60.400,0.44,15950.199973303825
4634,OK,74.300,0.44,15862.500004004687
4635,OK,95.500,0.44,15801.100002136081
4636,OK,73.600,0.44,15973.899979144335
4637,OK,75.700,0.44,15860.199986491352
4638,OK,66.400,0.44,15895.699965767562
4639,OK,162.600,0.44,15760.599984787405
4640,OK,182.500,0.44,15659.299970138818
4641,OK,65.600,0.44,15876.79999647662
4642,OK,74.700,0.44,15974.49998371303
4643,OK,95.600,0.44,15793.400001712143
4644,OK,86.600,0.44,15834.200021345168
4645,OK,68.700,0.44,15908.10000197962
4646,OK,65.700,0.44,15873.099968302995
4647,OK,67.000,0.44,15896.700031589717
4648,OK,73.800,0.44,15957.100025843829
4649,OK,139.000,0.44,15670.499997213483
4650,OK,102.300,0.44,15846.099995542318
4651,OK,66.600,0.44,15849.500021431595
4652,OK,69.900,0.44,15917.099954094738
4653,OK,78.900,0.44,15831.299999263138
4654,OK,70.300,0.44,15906.899992842227
4655,OK,78.000,0.44,15876.699995715171
4656,OK,124.100,0.44,15872.699965257198
4657,OK,77.100,0.44,15842.399967368692
4658,OK,75.700,0.44,15916.200005449355
4659,OK,112.300,0.44,15718.700014986098
4660,OK,71.100,0.44,15880.199964158237
4661,OK,53.400,0.44,15905.800042673945
4662,OK,56.100,0.44,15912.100032437593
4663,OK,58.000,0.44,15974.49998371303
4664,OK,101.900,0.44,15765.59996465221
4665,OK,71.100,0.44,15910.700021777302
4666,OK,87.400,0.44,15847.400005441159
4667,OK,105.200,0.44,15846.399997826666
4668,OK,93.000,0.44,15872.999967541546
4669,OK,109.400,0.44,15832.600009161979
4670,OK,110.700,0.44,15801.40000442043
4671,OK,119.900,0.44,15829.49998555705
4672,OK,120.200,0.44,15879.500017035753
4673,OK,101.500,0.44,15784.99999595806
4674,OK,101.100,0.44,15853.799995966256
4675,OK,100.800,0.44,15869.299997575581
4676,OK,78.000,0.44,15846.299997065216
4677,OK,98.000,0.44,15858.700033277273
4678,OK,83.200,0.44,15818.499960005283
4679,OK,115.300,0.44,15863.800013903528
4680,OK,118.800,0.44,15761.799993924797
4681,OK,124.300,0.44,15789.29997049272
4682,OK,93.100,0.44,15865.00002304092
4683,OK,95.200,0.44,15843.399974983186
4684,OK,74.400,0.44,15913.100040052086
4685,OK,115.000,0.44,15876.699995715171
4686,OK,105.100,0.44,15770.899946801364
4687,OK,101.200,0.44,15852.800046559423
4688,OK,96.100,0.44,15803.800022695214
4689,OK,109.600,0.44,15847.000002395362
4690,OK,61.800,0.44,15880.900027696043
4691,OK,93.400,0.44,15877.800004091114
4692,OK,97.200,0.44,15838.799998164177
4693,OK,78.400,0.44,16020.299983210862
4694,OK,138.900,0.44,15602.70000481978
4695,OK,96.700,0.44,15795.099956449121
4696,OK,57.300,0.44,15961.099998094141
4697,OK,76.200,0.44,15869.39999833703
4698,OK,59.900,0.44,15894.999960437417
4699,OK,62.900,0.44,15934.000024572015
4700,OK,89.400,0.44,15879.8000193201
4701,OK,65.000,0.44,15746.39999307692
4702,OK,82.100,0.44,16232.800029683858
4703,OK,222.100,0.44,15315.3000283055
4704,OK,87.700,0.44,15940.59995841235
4705,OK,184.600,0.44,15624.599996954203
4706,OK,92.600,0.44,15887.600020505488
4707,OK,99.100,0.44,15844.799985643476
4708,OK,78.800,0.44,15894.80001712218
4709,OK,56.100,0.44,15883.999993093312
4710,OK,67.600,0.44,15846.399997826666
4711,OK,84.400,0.44,15883.699990808964
4712,OK,78.500,0.44,16024.600015953183
4713,OK,135.100,0.44,15754.699998069555
4714,OK,113.800,0.44,15783.199982251972
4715,OK,79.600,0.44,15844.19998107478
4716,OK,59.200,0.44,15949.50002618134
4717,OK,108.500,0.44,15782.10003208369
4718,OK,53.000,0.44,16139.400016982108
4719,OK,146.400,0.44,15539.899992290884
4720,OK,71.900,0.44,15934.80003066361
4721,OK,78.200,0.44,16023.50000757724
4722,OK,78.100,0.44,15890.399983618408
4723,OK,81.800,0.44,15783.099981490523
4724,OK,114.900,0.44,16185.600019525737
4725,OK,163.800,0.44,15769.599995110184
4726,OK,162.900,0.44,15494.000050239265
4727,OK,362.000,0.44,15382.400015369058
4728,OK,116.500,0.44,15767.700038850307
4729,OK,90.200,0.44,15848.80001610145
4730,OK,75.400,0.44,16229.900007601827
4731,OK,56.800,0.44,15584.799984935671
4732,OK,77.400,0.44,15981.499978806823
4733,OK,105.100,0.44,15997.400041669607
4734,OK,153.200,0.44,15581.99996361509
4735,OK,192.300,0.44,16074.699989985675
4736,OK,238.800,0.44,15516.599989496171
4737,OK,162.300,0.44,16111.999982967973
4738,OK,195.000,0.44,15756.300010252744
4739,OK,194.300,0.44,15137.200010940433
4740,OK,173.500,0.44,15579.899947624654
4741,OK,117.100,0.44,15890.399983618408
4742,OK,60.600,0.44,16093.000012915581
4743,OK,156.700,0.44,15377.500036265701
4744,OK,75.200,0.44,15904.499974567443
4745,OK,61.900,0.44,15894.200012553483
4746,OK,76.700,0.44,15872.2999622114
4747,OK,58.000,0.44,15912.099974229932
4748,OK,61.700,0.44,15882.299980148673
4749,OK,73.500,0.44,15859.399980399758
4750,OK,55.900,0.44,15929.799992591143
4751,OK,85.400,0.44,15930.399997159839
4752,OK,62.000,0.44,15933.299961034209
4753,OK,150.100,0.44,15807.699994184077
4754,OK,72.500,0.44,15858.899976592511
4755,OK,71.900,0.44,15823.3999973163
4756,OK,103.000,0.44,15861.600055359304
4757,OK,106.600,0.44,15968.69999775663
4758,OK,75.800,0.44,15760.899987071753
4759,OK,94.300,0.44,15899.19999241829
4760,OK,84.200,0.44,15763.900009915233
4761,OK,54.500,0.44,15930.19999563694
4762,OK,54.900,0.44,15917.600016109645
4763,OK,54.700,0.44,15910.000016447157
4764,OK,50.200,0.44,15953.399997670203
4765,OK,52.900,0.44,15871.900017373264
4766,OK,59.800,0.44,15937.69999453798
4767,OK,86.200,0.44,15875.39998581633
4768,OK,59.300,0.44,15957.300027366728
4769,OK,75.800,0.44,15844.100038520992
4770,OK,76.500,0.44,15911.800030153245
4771,OK,73.100,0.44,15867.099980823696
4772,OK,83.900,0.44,15895.400021690875
4773,OK,76.500,0.44,15855.300007387996
4774,OK,73.900,0.44,15810.20001322031
4775,OK,63.000,0.44,15881.200029980391
4776,OK,57.100,0.44,15912.099974229932
4777,OK,64.900,0.44,15893.600007984787
4778,OK,62.000,0.44,15909.40001187846
4779,OK,57.600,0.44,15905.299980659038
4780,OK,60.100,0.44,15928.099979646504
4781,OK,61.400,0.44,15893.400006461889
4782,OK,84.400,0.44,15828.00003234297
4783,OK,86.100,0.44,15893.800009507686
4784,OK,87.600,0.44,16111.299977637827
4785,OK,68.200,0.44,15757.700020913035
4786,OK,69.200,0.44,15938.800002913922
4787,OK,98.800,0.44,15824.100002646446
4788,OK,92.600,0.44,15794.500010088086
4789,OK,93.700,0.44,15882.599982433021
4790,OK,65.600,0.44,15918.900026008487
4791,OK,68.900,0.44,15894.300013314933
4792,OK,92.600,0.44,15867.699985392392
4793,OK,83.600,0.44,15863.400010857731
4794,OK,80.600,0.44,15852.000040467829
4795,OK,68.000,0.44,15870.100003667176
4796,OK,88.500,0.44,15878.900012467057
4797,OK,52.300,0.44,15897.500037681311
4798,OK,45.000,0.44,15975.399990566075
4799,OK,56.800,0.44,15875.799988862127
4800,OK,78.700,0.44,15885.000000707805
4801,OK,67.500,0.44,15870.90000975877
4802,OK,103.300,0.44,20231.800037436187
4803,OK,104.500,0.44,20063.80003876984
4804,OK,133.700,0.44,27079.20002285391
4805,OK,111.400,0.44,15896.09996881336
4806,OK,105.600,0.44,18971.99999075383
4807,OK,130.200,0.44,10281.299997586757
4808,OK,134.200,0.44,14194.599993061274
4809,OK,116.200,0.44,20559.89997461438
4810,OK,143.200,0.44,11028.89998583123
4811,OK,76.800,0.44,15845.899994019419
4812,OK,82.000,0.44,15892.800001893193
4813,OK,73.100,0.44,15896.899974904954
4814,OK,74.600,0.44,15909.700014162809
4815,OK,73.700,0.44,15889.299975242466
4816,OK,72.000,0.44,15849.299961701035
4817,OK,59.600,0.44,15939.00000443682
4818,OK,79.300,0.44,15879.90002008155
4819,OK,81.500,0.44,15845.199988689274
4820,OK,84.800,0.44,15909.60001340136
4821,OK,66.100,0.44,15849.600022193044
4822,OK,67.200,0.44,15898.300043772906
4823,OK,60.900,0.44,15861.899999435991
4824,OK,75.800,0.44,15867.89998691529
4825,OK,103.500,0.44,15850.399970076978
4826,OK,57.100,0.44,15893.400006461889
4827,OK,65.100,0.44,15934.70002990216
4828,OK,111.200,0.44,15860.70004850626
4829,OK,94.400,0.44,15794.200007803738
4830,OK,112.000,0.44,15815.599996130913
4831,OK,63.700,0.44,15920.799982268363
4832,OK,60.300,0.44,15948.0000147596
4833,OK,85.200,0.44,15794.00000628084
4834,OK,82.900,0.44,15889.300033450127
4835,OK,108.600,0.44,15872.40002118051
4836,OK,82.800,0.44,15934.400027617812
4837,OK,139.000,0.44,15786.60000814125
4838,OK,68.100,0.44,15777.099994011223
4839,OK,101.400,0.44,15856.400015763938
4840,OK,102.600,0.44,15918.600023724139
4841,OK,87.800,0.44,15884.39999613911
4842,OK,77.100,0.44,15896.900033112615
4843,OK,76.700,0.44,15820.899978280067
4844,OK,73.000,0.44,16310.199978761375
4845,OK,96.000,0.44,15485.69998703897
4846,OK,91.000,0.44,15807.899995706975
4847,OK,121.800,0.44,15885.500004515052
4848,OK,81.000,0.44,15876.099991146475
4849,OK,85.300,0.44,15866.800036747009
4850,OK,74.300,0.44,15887.19995925203
4851,OK,85.600,0.44,15841.799962799996
4852,OK,88.400,0.44,15875.599987339228
4853,OK,61.900,0.44,15919.299970846623
4854,OK,81.300,0.44,15865.800029132515
4855,OK,172.100,0.44,15698.099974542856
4856,OK,120.700,0.44,15808.80000256002
4857,OK,66.000,0.44,15962.100005708635
4858,OK,98.900,0.44,15799.099986907095
4859,OK,102.000,0.44,15928.299981169403
4860,OK,89.200,0.44,15856.700018048286
4861,OK,84.800,0.44,15886.700013652444
4862,OK,72.000,0.44,15890.699985902756
4863,OK,62.900,0.44,15897.899982519448
4864,OK,60.500,0.44,15911.499969661236
4865,OK,69.600,0.44,15847.500006202608
4866,OK,62.500,0.44,15934.6999716945
4867,OK,66.700,0.44,15922.599995974451
4868,OK,74.400,0.44,15858.499973546714
4869,OK,69.000,0.44,15863.599954172969
4870,OK,70.600,0.44,15870.300005190074
4871,OK,57.700,0.44,15945.09999267757
4872,OK,95.600,0.44,15891.5999927558
4873,OK,78.700,0.44,15874.999982770532
4874,OK,94.700,0.44,15845.90005222708
4875,OK,87.500,0.44,15870.100003667176
4876,OK,129.500,0.44,15810.400014743209
4877,OK,61.300,0.44,15819.899970665574
4878,OK,74.500,0.44,15970.20000917837
4879,OK,49.400,0.44,15905.699983704835
4880,OK,56.300,0.44,15899.499994702637
4881,OK,72.400,0.44,15843.700035475194
4882,OK,57.400,0.44,15980.400028638542
4883,OK,78.300,0.44,15828.799980226904
4884,OK,112.100,0.44,15789.29997049272
4885,OK,80.300,0.44,15945.799998007715
4886,OK,54.200,0.44,15888.999972958118
4887,OK,50.000,0.44,15959.89998895675
4888,OK,119.100,0.44,15787.600015755743
4889,OK,98.600,0.44,15876.000048592687
4890,OK,64.900,0.44,15864.300017710775
4891,OK,57.900,0.44,15912.999981082976
4892,OK,58.300,0.44,15935.799980070442
4893,OK,69.600,0.44,15867.199981585145
4894,OK,51.500,0.44,15943.59998125583
4895,OK,139.500,0.44,15747.400000691414
4896,OK,115.700,0.44,15848.000010009855
4897,OK,61.700,0.44,15942.899975925684
4898,OK,79.100,0.44,15821.599983610213
4899,OK,50.500,0.44,15934.80003066361
4900,OK,52.100,0.44,15903.099963907152
4901,OK,63.700,0.44,15788.800024893135
4902,OK,77.500,0.44,16048.500023316592
4903,OK,188.600,0.44,15529.700031038374
4904,OK,78.400,0.44,15889.300033450127
4905,OK,76.700,0.44,15880.800026934594
4906,OK,76.600,0.44,15861.499996390194
4907,OK,84.700,0.44,15947.300009429455
4908,OK,95.200,0.44,15860.4999887757
4909,OK,102.100,0.44,15849.800023715943
4910,OK,68.200,0.44,15850.700030568987
4911,OK,93.700,0.44,15824.200003407896
4912,OK,97.800,0.44,15854.299999773502
4913,OK,107.000,0.44,15873.500029556453
4914,OK,123.400,0.44,15784.399991389364
4915,OK,108.400,0.44,15846.100053749979
4916,OK,102.200,0.44,15840.500011108816
4917,OK,112.400,0.44,15835.900034289807
4918,OK,99.800,0.44,15849.099960178137
4919,OK,99.200,0.44,15839.300001971424
4920,OK,103.500,0.44,15851.59997921437
4921,OK,102.800,0.44,15815.399994608015
4922,OK,77.700,0.44,15871.700015850365
4923,OK,101.000,0.44,15841.900021769106
4924,OK,102.000,0.44,15846.499998588115
4925,OK,99.500,0.44,15864.200016949326
4926,OK,103.900,0.44,15894.59995739162
4927,OK,114.500,0.44,15798.2999808155
4928,OK,110.100,0.44,15794.200007803738
4929,OK,106.100,0.44,15824.600006453693
4930,OK,107.300,0.44,15824.300004169345
4931,OK,104.800,0.44,15856.900019571185
4932,OK,108.600,0.44,15856.400015763938
4933,OK,94.700,0.44,15808.399999514222
4934,OK,64.400,0.44,15952.199988532811
4935,OK,107.200,0.44,15851.999982260168
4936,OK,102.300,0.44,15856.599959079176
4937,OK,109.700,0.44,15898.800047580153
4938,OK,105.900,0.44,15794.999955687672
4939,OK,165.800,0.44,15837.899991311133
4940,OK,206.600,0.44,15483.700030017644
4941,OK,62.400,0.44,15914.899995550513
4942,OK,74.400,0.44,15871.899959165603
4943,OK,77.100,0.44,15883.499989286065
4944,OK,81.400,0.44,15878.600010182709
4945,OK,71.900,0.44,15886.300010606647
4946,OK,65.500,0.44,15900.300000794232
4947,OK,93.300,0.44,15902.500017546117
4948,OK,75.100,0.44,15868.399990722537
4949,OK,70.400,0.44,15984.300000127405
4950,OK,116.400,0.44,15763.900009915233
4951,OK,92.200,0.44,15860.899991821498
4952,OK,92.600,0.44,15793.700003996491
4953,OK,131.000,0.44,15721.800038591027
4954,OK,117.500,0.44,15837.399987503886
4955,OK,103.600,0.44,15890.600043348968
4956,OK,84.100,0.44,15863.400010857731
4957,OK,96.800,0.44,15783.49998453632
4958,OK,111.300,0.44,15843.199973460287
4959,OK,92.300,0.44,15894.000011030585
4960,OK,150.900,0.44,15760.099980980158
4961,OK,65.400,0.44,15909.799956716597
4962,OK,92.800,0.44,15843.999979551882
4963,OK,80.100,0.44,15880.099963396788
4964,OK,89.400,0.44,15861.899999435991
4965,OK,85.100,0.44,15928.70004242286
4966,OK,134.400,0.44,15715.499990619719
4967,OK,85.500,0.44,15878.900012467057
4968,OK,94.000,0.44,15867.900045122951
4969,OK,96.700,0.44,15861.899999435991
4970,OK,97.000,0.44,15759.199974127114
4971,OK,92.700,0.44,16037.800000049174
4972,OK,67.600,0.44,15906.39998903498
4973,OK,59.000,0.44,15950.100030750036
4974,OK,68.900,0.44,15953.599999193102
4975,OK,156.400,0.44,15735.100023448467
4976,OK,161.400,0.44,15703.900018706918
4977,OK,166.200,0.44,15845.79999325797
4978,OK,285.400,0.44,15641.40000846237
4979,OK,181.900,0.44,15488.900011405349
4980,OK,111.100,0.44,15815.499995369464
4981,OK,103.800,0.44,15843.199973460287
4982,OK,103.800,0.44,15917.200013063848
4983,OK,187.000,0.44,15788.500022608787
4984,OK,264.400,0.44,15831.299999263138
4985,OK,255.200,0.44,15390.400018077344
4986,OK,190.600,0.44,15860.000043176115
4987,OK,265.200,0.44,15958.000032696873
4988,OK,282.000,0.44,15692.900051362813
4989,OK,194.800,0.44,15083.500009495765
4990,OK,184.800,0.44,16063.100018072873
4991,OK,184.900,0.44,15792.000049259514
4992,OK,182.800,0.44,15458.600013516843
4993,OK,182.700,0.44,15771.900012623519
4994,OK,181.900,0.44,15700.49999281764
4995,OK,191.500,0.44,15999.199997168034
4996,OK,247.800,0.44,15415.800036862493
4997,OK,204.600,0.44,15563.099994324148
4998,OK,177.500,0.44,15493.999992031604
4999,OK,129.800,0.44,15785.900002811104
5000,OK,92.800,0.44,15813.800040632486
5001,OK,86.500,0.44,15752.39998055622
5002,OK,66.300,0.44,16084.30000487715
5003,OK,57.800,0.44,15862.600004766136
5004,OK,83.400,0.44,15924.599952995777
5005,OK,76.200,0.44,15840.600011870265
5006,OK,94.200,0.44,15845.199988689274
5007,OK,111.400,0.44,15914.999996311963
5008,OK,191.700,0.44,15763.300005346537
5009,OK,179.800,0.44,15817.900013644248
5010,OK,185.300,0.44,15583.60003400594
5011,OK,200.000,0.44,15434.700006153435
5012,OK,129.600,0.44,15786.000003572553
5013,OK,115.800,0.44,15948.600019328296
5014,OK,181.000,0.44,15720.300027169287
5015,OK,176.200,0.44,15476.099972147495
5016,OK,72.900,0.44,15906.49998979643
5017,OK,56.500,0.44,15928.600041661412
5018,OK,67.500,0.44,15848.500013817102
5019,OK,49.400,0.44,16024.900018237531
5020,OK,75.800,0.44,15878.100006375462
5021,OK,61.900,0.44,15859.599981922656
5022,OK,75.700,0.44,15905.700041912496
5023,OK,61.900,0.44,15853.299992159009
5024,OK,59.100,0.44,15975.300048012286
5025,OK,66.100,0.44,15865.800029132515
5026,OK,76.000,0.44,15970.19995097071
5027,OK,62.300,0.44,15881.499974057078
5028,OK,65.000,0.44,15889.700036495924
5029,OK,64.900,0.44,15878.999955020845
5030,OK,60.500,0.44,15955.100010614842
5031,OK,81.900,0.44,15823.49999807775
5032,OK,58.200,0.44,15889.700036495924
5033,OK,49.600,0.44,15895.300020929426
5034,OK,71.100,0.44,15888.000023551285
5035,OK,79.400,0.44,15804.699971340597
5036,OK,96.600,0.44,15901.700011454523
5037,OK,95.100,0.44,15828.399977181107
5038,OK,91.800,0.44,15929.599991068244
5039,OK,79.400,0.44,15827.000024728477
5040,OK,71.000,0.44,15888.400026597083
5041,OK,65.900,0.44,15904.99997837469
5042,OK,53.500,0.44,16012.299980502576
5043,OK,48.900,0.44,15826.400020159781
5044,OK,47.800,0.44,15954.100003000349
5045,OK,84.700,0.44,15848.70001534
5046,OK,58.600,0.44,15911.199967376888
5047,OK,54.300,0.44,15941.099962219596
5048,OK,58.200,0.44,15893.700008746237
5049,OK,56.800,0.44,15914.499992504716
5050,OK,60.100,0.44,15913.599985651672
5051,OK,55.200,0.44,15873.300028033555
5052,OK,53.200,0.44,15921.799989882857
5053,OK,96.700,0.44,15840.100008063018
5054,OK,52.500,0.44,16043.199982959777
5055,OK,151.400,0.44,15699.999989010394
5056,OK,81.600,0.44,15876.699995715171
5057,OK,59.200,0.44,15904.000028967857
5058,OK,57.400,0.44,15928.90004394576
5059,OK,68.300,0.44,15823.699999600649
5060,OK,52.900,0.44,15930.599998682737
5061,OK,53.100,0.44,15892.800001893193
5062,OK,107.900,0.44,15826.60002168268
5063,OK,88.400,0.44,15999.399998690933
5064,OK,87.800,0.44,15760.600042995065
5065,OK,52.100,0.44,15911.200025584549
5066,OK,72.300,0.44,15830.599993932992
5067,OK,66.600,0.44,15934.6999716945
5068,OK,81.800,0.44,15866.70003598556
5069,OK,76.400,0.44,15909.800014924258
5070,OK,139.000,0.44,15781.800029799342
5071,OK,93.900,0.44,15877.900004852563
5072,OK,59.100,0.44,15873.90003260225
5073,OK,58.400,0.44,15890.499984379858
5074,OK,60.200,0.44,15962.899953592569
5075,OK,56.300,0.44,15859.500039368868
5076,OK,66.900,0.44,15936.299983877689
5077,OK,56.900,0.44,15918.30002143979
5078,OK,58.700,0.44,15958.100033458322
5079,OK,171.000,0.44,15637.799981050193
5080,OK,70.600,0.44,15893.000003416091
5081,OK,70.600,0.44,15856.300015002489
5082,OK,132.800,0.44,15808.199997991323
5083,OK,65.300,0.44,15834.100020583719
5084,OK,71.900,0.44,15921.599988359958
5085,OK,85.100,0.44,15857.099962886423
5086,OK,88.600,0.44,15804.499969817698
5087,OK,63.200,0.44,15912.200033199042
5088,OK,95.300,0.44,15902.900020591915
5089,OK,58.100,0.44,15903.699968475848
5090,OK,55.900,0.44,15871.10001128167
5091,OK,76.700,0.44,15850.30002752319
5092,OK,97.900,0.44,15889.599977526814
5093,OK,64.800,0.44,15912.200033199042
5094,OK,70.600,0.44,15861.799998674542
5095,OK,86.000,0.44,15881.40003150329
5096,OK,73.400,0.44,15974.799985997379
5097,OK,65.900,0.44,15855.500008910894
5098,OK,150.400,0.44,15842.300024814904
5099,OK,65.200,0.44,15888.499969150871
5100,OK,67.900,0.44,15902.20001526177
5101,OK,73.900,0.44,16590.399958658963
5102,OK,106.800,0.44,15053.10001084581
5103,OK,85.100,0.44,15854.900004342198
5104,OK,72.800,0.44,15860.899991821498
5105,OK,65.600,0.44,15891.499991994351
5106,OK,51.300,0.44,15951.600042171776
5107,OK,175.600,0.44,15609.699999913573
5108,OK,65.300,0.44,16032.300016377121
5109,OK,80.200,0.44,15892.800001893193
5110,OK,81.600,0.44,15861.699997913092
5111,OK,80.800,0.44,15878.600010182709
5112,OK,128.500,0.44,15800.099994521588
5113,OK,87.100,0.44,15841.399959754199
5114,OK,68.400,0.44,15956.79996535182
5115,OK,72.100,0.44,15822.399989701807
5116,OK,70.100,0.44,15834.300022106618
5117,OK,71.300,0.44,15946.700004860759
5118,OK,69.700,0.44,15920.899983029813
5119,OK,82.800,0.44,15867.399983108044
5120,OK,78.600,0.44,15888.600028119981
5121,OK,68.100,0.44,15809.300006367266
5122,OK,62.000,0.44,15939.00000443682
5123,OK,64.800,0.44,15855.000005103648
5124,OK,95.000,0.44,15883.399988524616
5125,OK,72.400,0.44,15822.399989701807
5126,OK,58.200,0.44,15880.200022365898
5127,OK,58.700,0.44,15941.399964503944
5128,OK,52.800,0.44,15950.199973303825
5129,OK,63.100,0.44,15821.89998589456
5130,OK,71.700,0.44,15978.200011886656
5131,OK,74.200,0.44,15872.599964495748
5132,OK,78.500,0.44,15803.600021172315
5133,OK,45.000,0.44,15980.60003016144
5134,OK,78.900,0.44,15918.700024485588
5135,OK,75.800,0.44,15844.50004156679
5136,OK,75.200,0.44,15837.400045711547
5137,OK,67.300,0.44,15901.400009170175
5138,OK,112.700,0.44,15777.000051457435
5139,OK,106.300,0.44,15854.299999773502
5140,OK,90.000,0.44,15906.49998979643
5141,OK,59.000,0.44,15806.399984285235
5142,OK,85.700,0.44,15970.700012985617
5143,OK,106.100,0.44,15809.700009413064
5144,OK,73.300,0.44,15868.999995291233
5145,OK,101.900,0.44,15826.900023967028
5146,OK,87.500,0.44,15918.40002220124
5147,OK,73.800,0.44,15897.299977950752
5148,OK,90.900,0.44,15836.399979889393
5149,OK,142.200,0.44,15787.500014994293
5150,OK,83.200,0.44,15877.099998760968
5151,OK,65.900,0.44,15778.100001625717
5152,OK,87.200,0.44,15991.099993698299
5153,OK,106.600,0.44,15832.40000763908
5154,OK,74.700,0.44,15902.700019069016
5155,OK,72.500,0.44,15878.50000942126
5156,OK,70.400,0.44,15873.699972871691
5157,OK,74.900,0.44,15934.000024572015
5158,OK,190.600,0.44,15428.00001334399
5159,OK,108.300,0.44,15881.600033026189
5160,OK,84.400,0.44,15890.29998285696
5161,OK,85.700,0.44,15863.800013903528
5162,OK,67.000,0.44,15847.100003156811
5163,OK,100.000,0.44,15815.299993846565
5164,OK,81.700,0.44,15979.599964339286
5165,OK,96.300,0.44,15808.399999514222
5166,OK,91.400,0.44,15766.800031997263
5167,OK,55.400,0.44,16021.699993871152
5168,OK,146.900,0.44,15708.399994764477
5169,OK,64.700,0.44,15902.099956292659
5170,OK,75.200,0.44,15899.799996986985
5171,OK,76.600,0.44,15910.9000233002
5172,OK,76.200,0.44,15885.000000707805
5173,OK,82.100,0.44,15860.999992582947
5174,OK,86.200,0.44,15878.000005614012
5175,OK,79.300,0.44,15779.20001000166
5176,OK,103.000,0.44,15849.100018385798
5177,OK,108.500,0.44,16258.399991784245
5178,OK,86.400,0.44,15421.600022818893
5179,OK,81.400,0.44,15915.800002403557
5180,OK,84.400,0.44,15853.30005036667
5181,OK,93.100,0.44,15917.499957140535
5182,OK,103.000,0.44,15777.799999341369
5183,OK,108.300,0.44,15853.09999063611
5184,OK,101.400,0.44,15831.500000786036
5185,OK,89.600,0.44,15856.10001347959
5186,OK,103.700,0.44,15831.700002308935
5187,OK,132.100,0.44,15795.000013895333
5188,OK,109.900,0.44,15836.499980650842
5189,OK,112.300,0.44,15842.100023292005
5190,OK,102.800,0.44,15801.700006704777
5191,OK,95.800,0.44,15887.999965343624
5192,OK,112.000,0.44,15843.499975744635
5193,OK,99.600,0.44,15805.400034878403
5194,OK,88.400,0.44,15859.09997811541
5195,OK,92.900,0.44,15858.399972785264
5196,OK,89.000,0.44,15856.800018809736
5197,OK,87.800,0.44,15849.000017624348
5198,OK,67.400,0.44,15908.00000121817
5199,OK,84.400,0.44,15852.899989113212
5200,OK,102.500,0.44,15849.000017624348
5201,OK,108.600,0.44,15688.100014813244
5202,OK,125.600,0.44,15815.199993085116
5203,OK,119.100,0.44,15796.299965586513
5204,OK,93.000,0.44,15853.999997489154
5205,OK,119.700,0.44,15821.199980564415
5206,OK,121.800,0.44,15826.60002168268
5207,OK,102.100,0.44,15902.999963145703
5208,OK,105.400,0.44,15852.200041990727
5209,OK,97.400,0.44,15853.799995966256
5210,OK,75.100,0.44,15834.200021345168
5211,OK,103.500,0.44,15837.800048757344
5212,OK,81.100,0.44,15858.100028708577
5213,OK,75.500,0.44,15896.400029305369
5214,OK,70.900,0.44,15951.599983964115
5215,OK,71.000,0.44,15909.60001340136
5216,OK,108.800,0.44,15871.700015850365
5217,OK,63.900,0.44,15820.900036487728
5218,OK,86.600,0.44,15843.800036236644
5219,OK,79.300,0.44,15893.500007223338
5220,OK,86.500,0.44,15851.899981498718
5221,OK,86.000,0.44,15836.79998293519
5222,OK,85.000,0.44,15897.999983280897
5223,OK,66.000,0.44,15914.899995550513
5224,OK,82.400,0.44,15867.89998691529
5225,OK,100.300,0.44,15772.900020238012
5226,OK,79.100,0.44,15874.0000333637
5227,OK,59.300,0.44,15896.999975666404
5228,OK,82.400,0.44,15950.800036080182
5229,OK,98.800,0.44,15845.899994019419
5230,OK,98.500,0.44,15849.900024477392
5231,OK,86.600,0.44,16067.299991846085
5232,OK,88.200,0.44,15701.700001955032
5233,OK,85.000,0.44,15826.100017875433
5234,OK,71.800,0.44,15911.499969661236
5235,OK,87.200,0.44,16137.60000327602
5236,OK,295.900,0.44,15257.49999564141
5237,OK,91.700,0.44,15829.599986318499
5238,OK,53.100,0.44,16027.799982111901
5239,OK,119.000,0.44,15910.300018731505
5240,OK,175.600,0.44,15823.5999988392
5241,OK,138.400,0.44,15670.099994167686
5242,OK,197.100,0.44,15957.800031173974
5243,OK,227.200,0.44,15710.500010754913
5244,OK,174.500,0.44,15458.000008948147
5245,OK,158.100,0.44,15655.099996365607
5246,OK,81.300,0.44,15845.69999249652
5247,OK,94.900,0.44,15840.600011870265
5248,OK,79.700,0.44,15890.600043348968
5249,OK,64.500,0.44,16065.699979662895
5250,OK,79.700,0.44,15809.800010174513
5251,OK,74.900,0.44,15853.899996727705
5252,OK,152.100,0.44,15682.000026572496
5253,OK,82.100,0.44,15876.699995715171
5254,OK,84.200,0.44,16050.700040068477
5255,OK,240.100,0.44,15282.500011380762
5256,OK,91.900,0.44,15893.900010269135
5257,OK,64.800,0.44,15903.300023637712
5258,OK,103.100,0.44,15862.800006289035
5259,OK,82.900,0.44,15879.700018558651
5260,OK,77.300,0.44,15899.09999165684
5261,OK,67.400,0.44,15847.900009248406
5262,OK,86.200,0.44,15810.10001245886
5263,OK,87.000,0.44,15958.099975250661
5264,OK,110.400,0.44,15822.399989701807
5265,OK,60.100,0.44,15921.000041998923
5266,OK,65.700,0.44,15890.399983618408
5267,OK,77.000,0.44,15954.400005284697
5268,OK,86.600,0.44,15803.999966010451
5269,OK,71.700,0.44,15942.600031848997
5270,OK,94.700,0.44,15847.400005441159
5271,OK,79.700,0.44,15885.399945545942
5272,OK,69.300,0.44,15914.499992504716
5273,OK,81.500,0.44,15875.599987339228
5274,OK,83.500,0.44,15861.599997151643
5275,OK,71.900,0.44,15911.500027868897
5276,OK,76.200,0.44,15857.799968216568
5277,OK,75.000,0.44,15878.399950452149
5278,OK,66.600,0.44,15894.300013314933
5279,OK,67.400,0.44,15847.700007725507
5280,OK,51.900,0.44,15917.599957901984
5281,OK,49.500,0.44,15910.89996509254
5282,OK,52.800,0.44,15890.40004182607
5283,OK,59.100,0.44,15935.400035232306
5284,OK,58.400,0.44,15905.999985989183
5285,OK,72.000,0.44,16247.499966993928
5286,OK,208.300,0.44,15307.90003016591
5287,OK,60.200,0.44,15835.999976843596
5288,OK,78.300,0.44,15943.799982778728
5289,OK,54.700,0.44,15930.800000205636
5290,OK,58.300,0.44,15913.399984128773
5291,OK,58.000,0.44,15902.399958577007
5292,OK,72.000,0.44,15852.300042752177
5293,OK,53.400,0.44,15967.599989380687
5294,OK,82.700,0.44,15777.799999341369
5295,OK,93.500,0.44,15923.700004350394
5296,OK,73.200,0.44,15848.500013817102
5297,OK,58.200,0.44,15905.699983704835
5298,OK,61.900,0.44,15886.599954683334
5299,OK,50.200,0.44,15951.499983202666
5300,OK,65.100,0.44,15898.400044534355
5301,OK,96.400,0.44,15652.599977329373
5302,OK,97.100,0.44,15959.89998895675
5303,OK,68.500,0.44,15890.499984379858
5304,OK,63.300,0.44,15823.099995031953
5305,OK,58.000,0.44,15949.60002694279
5306,OK,71.400,0.44,15919.100027531385
5307,OK,71.700,0.44,15899.699996225536
5308,OK,63.200,0.44,15894.300013314933
5309,OK,62.200,0.44,15909.199952147901
5310,OK,99.700,0.44,15808.70000179857
5311,OK,71.000,0.44,15839.100000448525
5312,OK,56.900,0.44,16005.79998921603
5313,OK,77.100,0.44,15884.799999184906
5314,OK,68.700,0.44,15905.300038866699
5315,OK,61.900,0.44,15898.499987088144
5316,OK,65.700,0.44,15877.099998760968
5317,OK,72.300,0.44,15852.600045036525
5318,OK,67.800,0.44,15973.3000327833
5319,OK,86.900,0.44,15825.200011022389
5320,OK,67.000,0.44,15889.599977526814
5321,OK,56.900,0.44,15865.00002304092
5322,OK,43.200,0.44,15964.40002322197
5323,OK,54.100,0.44,15913.699986413121
5324,OK,53.400,0.44,15941.900026518852
5325,OK,77.000,0.44,15866.299974732101
5326,OK,75.400,0.44,15908.00000121817
5327,OK,66.800,0.44,15848.200011532754
5328,OK,79.800,0.44,15893.299947492778
5329,OK,57.600,0.44,15817.50001059845
5330,OK,64.100,0.44,15924.500010441989
5331,OK,94.300,0.44,15893.900010269135
5332,OK,61.900,0.44,15869.299997575581
5333,OK,63.500,0.44,16092.600009869784
5334,OK,100.000,0.44,15641.900012269616
5335,OK,82.100,0.44,15868.199989199638
5336,OK,62.000,0.44,15975.699992850423
5337,OK,94.600,0.44,15816.800005268306
5338,OK,63.100,0.44,15814.799990039319
5339,OK,68.800,0.44,15923.500002827495
5340,OK,57.500,0.44,15878.800011705607
5341,OK,58.300,0.44,15926.500025670975
5342,OK,122.400,0.44,15844.19998107478
5343,OK,106.200,0.44,15921.19998531416
5344,OK,112.100,0.44,15813.799982424825
5345,OK,84.500,0.44,15870.700008235872
5346,OK,72.200,0.44,15851.80003894493
5347,OK,110.700,0.44,15894.200012553483
5348,OK,81.700,0.44,15850.700030568987
5349,OK,69.100,0.44,15902.20001526177
5350,OK,76.900,0.44,15841.599961277097
5351,OK,157.400,0.44,15744.100033771247
5352,OK,62.300,0.44,15883.999993093312
5353,OK,60.700,0.44,15931.80000782013
5354,OK,83.900,0.44,15971.599961631
5355,OK,177.500,0.44,15686.200000345707
5356,OK,66.000,0.44,15862.10000095889
5357,OK,76.400,0.44,15952.799993101507
5358,OK,112.500,0.44,15771.300008054823
5359,OK,75.900,0.44,15902.799961622804
5360,OK,73.600,0.44,15801.000001374632
5361,OK,70.800,0.44,15978.300012648106
5362,OK,76.900,0.44,15871.800016611814
5363,OK,72.200,0.44,15812.800033017993
5364,OK,68.000,0.44,15900.60000307858
5365,OK,62.200,0.44,15866.199973970652
5366,OK,79.400,0.44,15855.400008149445
5367,OK,89.400,0.44,15820.299973711371
5368,OK,95.700,0.44,15856.399957556278
5369,OK,151.400,0.44,15923.900005873293
5370,OK,84.900,0.44,15770.400001201779
5371,OK,66.700,0.44,15898.99999089539
5372,OK,63.800,0.44,15909.699955955148
5373,OK,76.300,0.44,15916.399948764592
5374,OK,76.900,0.44,15858.499973546714
5375,OK,72.300,0.44,15889.900038018823
5376,OK,76.100,0.44,15816.700004506856
5377,OK,62.800,0.44,15944.89999115467
5378,OK,57.800,0.44,15931.500005535781
5379,OK,90.900,0.44,15890.599985141307
5380,OK,79.000,0.44,15864.89996407181
5381,OK,68.200,0.44,15835.599973797798
5382,OK,75.500,0.44,15860.699990298599
5383,OK,65.500,0.44,15898.099984042346
5384,OK,70.000,0.44,16221.400001086295
5385,OK,214.400,0.44,15317.299985326827
5386,OK,72.600,0.44,15834.800025913864
5387,OK,61.200,0.44,15932.800015434623
5388,OK,66.200,0.44,15876.300050877035
5389,OK,66.200,0.44,15925.100015010685
5390,OK,71.900,0.44,15830.200049094856
5391,OK,98.800,0.44,15861.599997151643
5392,OK,90.500,0.44,15921.39998683706
5393,OK,205.200,0.44,15653.400041628629
5394,OK,98.600,0.44,15795.200015418231
5395,OK,57.700,0.44,15930.09999487549
5396,OK,100.900,0.44,15861.399995628744
5397,OK,70.300,0.44,15943.300037179142
5398,OK,56.100,0.44,15867.99998767674
5399,OK,54.000,0.44,15890.399983618408
5400,OK,45.400,0.44,16001.30001315847
5401,OK,182.600,0.44,15513.400023337454
5402,OK,156.000,0.44,15796.000021509826
5403,OK,64.400,0.44,15875.900047831237
5404,OK,75.200,0.44,15905.399981420487
5405,OK,73.600,0.44,15875.499986577779
5406,OK,87.300,0.44,15860.899991821498
5407,OK,77.200,0.44,15882.000036071986
5408,OK,66.300,0.44,15891.7999942787
5409,OK,60.000,0.44,15889.099973719567
5410,OK,110.600,0.44,15880.699967965484
5411,OK,69.300,0.44,15893.299947492778
5412,OK,72.500,0.44,15860.899991821498
5413,OK,98.300,0.44,15866.499976255
5414,OK,89.300,0.44,15877.600002568215
5415,OK,75.500,0.44,15904.599975328892
5416,OK,75.300,0.44,15870.800008997321
5417,OK,76.900,0.44,15822.999994270504
5418,OK,93.300,0.44,15815.900056622922
5419,OK,100.100,0.44,15893.399948254228
5420,OK,78.300,0.44,15863.900014664978
5421,OK,111.600,0.44,15796.400024555624
5422,OK,83.300,0.44,15880.200022365898
5423,OK,104.200,0.44,15833.300014492124
5424,OK,105.400,0.44,15845.599991735071
5425,OK,103.200,0.44,15852.799988351762
5426,OK,94.800,0.44,15868.999995291233
5427,OK,92.100,0.44,15852.799988351762
5428,OK,93.000,0.44,15858.900034800172
5429,OK,93.600,0.44,15866.200032178313
5430,OK,101.700,0.44,15824.700007215142
5431,OK,100.400,0.44,15862.800006289035
5432,OK,95.600,0.44,15844.600042328238
5433,OK,73.800,0.44,15874.10003412515
5434,OK,68.700,0.44,16229.50000455603
5435,OK,273.800,0.44,15216.799976769835
5436,OK,74.400,0.44,15873.500029556453
5437,OK,117.100,0.44,15870.300005190074
5438,OK,108.200,0.44,15802.500012796372
5439,OK,111.000,0.44,15851.59997921437
5440,OK,71.900,0.44,15808.70000179857
5441,OK,76.400,0.44,15885.300002992153
5442,OK,99.800,0.44,15874.399978201836
5443,OK,95.500,0.44,15893.600007984787
5444,OK,117.900,0.44,15772.499958984554
5445,OK,101.500,0.44,15804.19996753335
5446,OK,102.000,0.44,15832.800010684878
5447,OK,61.200,0.44,15934.199967887253
5448,OK,54.500,0.44,15901.600010693073
5449,OK,67.600,0.44,15939.300006721169
5450,OK,91.600,0.44,15806.499985046685
5451,OK,103.500,0.44,15882.399980910122
5452,OK,95.000,0.44,15901.300008408725
5453,OK,82.200,0.44,15870.000002905726
5454,OK,67.200,0.44,15830.699994694442
5455,OK,74.900,0.44,15933.799964841455
5456,OK,87.900,0.44,15875.499986577779
5457,OK,100.100,0.44,15900.300000794232
5458,OK,117.800,0.44,15734.899963717908
5459,OK,79.500,0.44,15923.600003588945
5460,OK,61.400,0.44,15803.700021933764
5461,OK,70.800,0.44,15858.399972785264
5462,OK,72.100,0.44,15914.199990220368
5463,OK,81.800,0.44,15898.099984042346
5464,OK,100.900,0.44,15914.099989458919
5465,OK,109.100,0.44,15805.700037162751
5466,OK,87.800,0.44,15804.899972863495
5467,OK,83.000,0.44,15898.799989372492
5468,OK,91.100,0.44,15833.000012207776
5469,OK,83.600,0.44,15886.800014413893
5470,OK,109.900,0.44,15823.099995031953
5471,OK,80.000,0.44,15901.000006124377
5472,OK,91.400,0.44,15862.600004766136
5473,OK,92.800,0.44,15864.400018472224
5474,OK,65.900,0.44,15909.999958239496
5475,OK,74.300,0.44,16065.899981185794
5476,OK,192.200,0.44,15520.200016908348
5477,OK,102.200,0.44,16049.199970439076
5478,OK,60.300,0.44,15738.99999493733
5479,OK,85.000,0.44,16159.79999769479
5480,OK,71.400,0.44,15926.500025670975
5481,OK,71.200,0.44,15868.299989961088
5482,OK,108.100,0.44,15724.800003226846
5483,OK,121.400,0.44,15702.900011092424
5484,OK,164.200,0.44,15704.599965829402
5485,OK,93.100,0.44,16179.599973838776
5486,OK,292.500,0.44,15160.600014496595
5487,OK,56.500,0.44,16098.199994303286
5488,OK,61.300,0.44,15898.399986326694
5489,OK,81.300,0.44,15746.899996884167
5490,OK,123.500,0.44,16174.199990928173
5491,OK,90.500,0.44,15737.900044769049
5492,OK,146.800,0.44,15690.19997259602
5493,OK,149.000,0.44,15852.799988351762
5494,OK,159.300,0.44,15501.299989409745
5495,OK,114.500,0.44,15794.700011610985
5496,OK,110.000,0.44,15911.400027107447
5497,OK,115.300,0.44,15721.499978099018
5498,OK,69.500,0.44,15872.39996297285
5499,OK,55.300,0.44,15932.899957988411
5500,OK,48.400,0.44,15898.900048341602
5501,OK,94.800,0.44,15668.700041715056
5502,OK,96.000,0.44,15889.799979049712
5503,OK,55.500,0.44,15866.099973209202
5504,OK,94.200,0.44,15912.699978798628
5505,OK,104.100,0.44,15847.30000467971
5506,OK,67.000,0.44,15934.199967887253
5507,OK,62.300,0.44,15943.400037940592
5508,OK,70.800,0.44,15869.000053498894
5509,OK,76.500,0.44,15967.499988619238
5510,OK,78.100,0.44,15790.399978868663
5511,OK,72.600,0.44,15885.90000756085
5512,OK,65.500,0.44,15830.300049856305
5513,OK,70.100,0.44,15936.399984639138
5514,OK,81.300,0.44,15789.100027177483
5515,OK,53.700,0.44,15896.900033112615
5516,OK,51.800,0.44,15934.100025333464
5517,OK,51.800,0.44,15949.800028465688
5518,OK,53.400,0.44,15893.500007223338
5519,OK,48.300,0.44,15903.400024399161
5520,OK,44.500,0.44,15954.300004523247
5521,OK,57.900,0.44,15883.099986240268
5522,OK,57.400,0.44,15926.000021863729
5523,OK,51.700,0.44,15907.199995126575
5524,OK,56.100,0.44,15903.000021353364
5525,OK,49.500,0.44,15935.599978547543
5526,OK,46.000,0.44,15942.299971356988
5527,OK,53.500,0.44,15931.000001728535
5528,OK,53.700,0.44,15924.000006634742
5529,OK,57.800,0.44,15900.099999271333
5530,OK,56.000,0.44,15936.699986923486
5531,OK,83.200,0.44,15816.09999993816
5532,OK,78.400,0.44,15958.200034219772
5533,OK,68.500,0.44,15920.999983791262
5534,OK,78.200,0.44,15863.800013903528
5535,OK,69.400,0.44,15885.200002230704
5536,OK,61.400,0.44,15896.399971097708
5537,OK,68.600,0.44,15821.99998665601
5538,OK,91.900,0.44,15880.299964919686
5539,OK,54.600,0.44,15905.999985989183
5540,OK,80.700,0.44,15900.400001555681
5541,OK,54.600,0.44,15902.999963145703
5542,OK,71.700,0.44,15939.400007482618
5543,OK,120.900,0.44,15856.899961363524
5544,OK,83.900,0.44,15873.89997439459
5545,OK,71.000,0.44,15875.800047069788
5546,OK,73.000,0.44,15729.000035207719
5547,OK,91.600,0.44,15886.700013652444
5548,OK,64.700,0.44,15942.299971356988
5549,OK,148.500,0.44,15806.799987331033
5550,OK,67.900,0.44,15901.700011454523
5551,OK,49.800,0.44,15845.399990212172
5552,OK,71.200,0.44,15888.600028119981
5553,OK,76.800,0.44,15919.299970846623
5554,OK,67.100,0.44,15917.500015348196
5555,OK,107.700,0.44,15841.40001796186
5556,OK,69.600,0.44,15921.799989882857
5557,OK,58.300,0.44,15912.40003472194
5558,OK,78.400,0.44,15887.40001898259
5559,OK,91.700,0.44,15874.400036409497
5560,OK,72.100,0.44,15894.999960437417
5561,OK,72.700,0.44,15896.799974143505
5562,OK,77.300,0.44,15841.600019484758
5563,OK,66.000,0.44,15880.300023127347
5564,OK,57.300,0.44,15897.69998099655
5565,OK,60.700,0.44,15962.90001180023
5566,OK,131.000,0.44,15720.299968961626
5567,OK,84.600,0.44,15943.200036417693
5568,OK,82.500,0.44,15798.200038261712
5569,OK,85.300,0.44,15817.300009075552
5570,OK,60.900,0.44,15888.899972196668
5571,OK,122.700,0.44,15838.099992834032
5572,OK,102.200,0.44,15808.60000103712
5573,OK,91.400,0.44,15887.699963059276
5574,OK,85.200,0.44,15938.700002152473
5575,OK,123.300,0.44,15773.999970406294
5576,OK,72.600,0.44,15813.399979379028
5577,OK,63.800,0.44,15905.1000373438
5578,OK,84.800,0.44,15895.300020929426
5579,OK,74.000,0.44,15866.300032939762
5580,OK,69.500,0.44,15936.399984639138
5581,OK,65.200,0.44,15867.100039031357
5582,OK,58.200,0.44,15882.899984717369
5583,OK,66.500,0.44,15928.499982692301
5584,OK,65.600,0.44,15885.500004515052
5585,OK,53.300,0.44,15838.899998925626
5586,OK,58.100,0.44,15971.500019077212
5587,OK,72.600,0.44,15916.100004687905
5588,OK,68.000,0.44,15910.700021777302
5589,OK,69.600,0.44,15905.1000373438
5590,OK,75.500,0.44,15857.100021094084
5591,OK,72.300,0.44,15822.699991986156
5592,OK,71.300,0.44,15960.599994286895
5593,OK,66.300,0.44,15911.599970422685
5594,OK,68.500,0.44,15871.500014327466
5595,OK,69.600,0.44,15863.000007811934
5596,OK,80.300,0.44,15903.800027444959
5597,OK,66.200,0.44,15889.499976765364
5598,OK,72.800,0.44,15928.6999842152
5599,OK,75.000,0.44,15863.200009334832
5600,OK,163.200,0.44,15619.900019373745
5601,OK,70.000,0.44,15772.500017192215
5602,OK,86.700,0.44,15946.200001053512
5603,OK,68.600,0.44,15863.70001314208
5604,OK,54.500,0.44,15888.90003040433
5605,OK,50.000,0.44,15958.900039549917
5606,OK,154.000,0.44,15781.399968545884
5607,OK,52.700,0.44,15904.399973805994
5608,OK,58.500,0.44,15895.400021690875
5609,OK,58.600,0.44,15935.600036755204
5610,OK,64.900,0.44,15910.99996585399
5611,OK,66.600,0.44,15874.199976678938
5612,OK,66.800,0.44,15943.500038702041
5613,OK,82.700,0.44,15875.700046308339
5614,OK,67.600,0.44,15848.600014578551
5615,OK,67.200,0.44,15932.500013150275
5616,OK,70.900,0.44,15870.100003667176
5617,OK,67.600,0.44,15906.49998979643
5618,OK,72.200,0.44,15832.200006116182
5619,OK,96.500,0.44,15879.500017035753
5620,OK,58.600,0.44,15845.999994780868
5621,OK,41.200,0.44,15985.100006219
5622,OK,44.300,0.44,15884.899999946356
5623,OK,34.500,0.44,15900.800004601479
5624,OK,41.000,0.44,15964.599966537207
5625,OK,49.000,0.44,15962.80001103878
5626,OK,53.900,0.44,15891.999995801598
5627,OK,51.800,0.44,15948.700020089746
5628,OK,67.100,0.44,15891.899995040148
5629,OK,52.100,0.44,15890.799986664206
5630,OK,46.600,0.44,16007.099999114871
5631,OK,135.300,0.44,15783.999988343567
5632,OK,64.100,0.44,15914.199990220368
5633,OK,66.800,0.44,15794.200007803738
5634,OK,73.700,0.44,16279.400035273284
5635,OK,224.600,0.44,15281.600004527718
5636,OK,71.600,0.44,15840.100008063018
5637,OK,72.900,0.44,15899.399993941188
5638,OK,68.300,0.44,15918.799967039376
5639,OK,87.000,0.44,15905.999985989183
5640,OK,161.500,0.44,15606.300032231957
5641,OK,158.800,0.44,15845.79999325797
5642,OK,64.000,0.44,15819.399966858327
5643,OK,67.800,0.44,15880.000020843
5644,OK,62.100,0.44,15903.800027444959
5645,OK,51.600,0.44,15851.90003970638
5646,OK,50.400,0.44,15949.700027704239
5647,OK,53.200,0.44,15988.699975423515
5648,OK,145.300,0.44,15680.500015150756
5649,OK,150.700,0.44,15769.799996633083
5650,OK,69.700,0.44,15929.999994114041
5651,OK,100.700,0.44,15864.400018472224
5652,OK,88.100,0.44,15817.400009837002
5653,OK,118.800,0.44,15869.700000621378
5654,OK,98.700,0.44,15872.000018134713
5655,OK,68.500,0.44,15916.500007733703
5656,OK,69.700,0.44,15772.099955938756
5657,OK,109.400,0.44,15843.400033190846
5658,OK,84.300,0.44,15878.700010944158
5659,OK,93.800,0.44,15831.700002308935
5660,OK,87.900,0.44,15865.400026086718
5661,OK,90.300,0.44,15927.399974316359
5662,OK,125.800,0.44,15757.099958136678
5663,OK,115.700,0.44,15910.599962808192
5664,OK,126.500,0.44,15728.500031400472
5665,OK,110.000,0.44,15832.800010684878
5666,OK,108.400,0.44,15833.89996085316
5667,OK,115.400,0.44,15790.400037076324
5668,OK,113.900,0.44,15887.19995925203
5669,OK,104.800,0.44,15831.299999263138
5670,OK,76.000,0.44,15891.099988948554
5671,OK,79.000,0.44,15912.40003472194
5672,OK,99.400,0.44,15783.099981490523
5673,OK,92.500,0.44,15823.49999807775
5674,OK,108.100,0.44,15847.20000391826
5675,OK,103.300,0.44,15965.600032359362
5676,OK,122.500,0.44,15676.199982408434
5677,OK,96.500,0.44,15855.200006626546
5678,OK,95.100,0.44,15863.400010857731
5679,OK,97.400,0.44,15848.59995637089
5680,OK,96.000,0.44,15851.400035899132
5681,OK,74.400,0.44,15912.200033199042
5682,OK,90.400,0.44,15869.800001382828
5683,OK,105.000,0.44,15821.400040294975
5684,OK,113.500,0.44,15792.999998666346
5685,OK,115.600,0.44,16236.299998126924
5686,OK,244.700,0.44,15288.499998860061
5687,OK,230.300,0.44,15542.400011327118
5688,OK,90.800,0.44,15914.099989458919
5689,OK,73.200,0.44,15886.700013652444
5690,OK,61.000,0.44,15899.599995464087
5691,OK,72.900,0.44,15897.199977189302
5692,OK,62.400,0.44,15918.600023724139
5693,OK,64.500,0.44,15820.900036487728
5694,OK,71.500,0.44,15926.899970509112
5695,OK,57.500,0.44,15890.999988187104
5696,OK,57.200,0.44,15906.199987512082
5697,OK,70.400,0.44,16060.900001320988
5698,OK,216.100,0.44,15562.999993562698
5699,OK,72.400,0.44,15884.899999946356
5700,OK,81.400,0.44,15890.499984379858
5701,OK,112.500,0.44,15601.39999492094
5702,OK,76.000,0.44,16060.800000559539
5703,OK,110.500,0.44,15772.400016430765
5704,OK,98.800,0.44,15825.600014068186
5705,OK,105.200,0.44,15797.800035215914
5706,OK,82.700,0.44,15916.200005449355
5707,OK,128.300,0.44,15840.500011108816
5708,OK,124.800,0.44,15694.000001531094
5709,OK,80.200,0.44,15879.499958828092
5710,OK,49.800,0.44,15972.100023645908
5711,OK,77.400,0.44,15874.200034886599
5712,OK,54.800,0.44,15925.59996061027
5713,OK,88.500,0.44,15837.600047234446
5714,OK,81.600,0.44,15856.300015002489
5715,OK,72.300,0.44,15925.100015010685
5716,OK,78.600,0.44,15839.200001209974
5717,OK,67.200,0.44,15872.300020419061
5718,OK,66.400,0.44,15927.499975077808
5719,OK,82.300,0.44,15846.499998588115
5720,OK,77.900,0.44,16114.700003527105
5721,OK,78.600,0.44,15883.200045209378
5722,OK,81.500,0.44,15925.100015010685
5723,OK,150.100,0.44,15613.000025041401
5724,OK,87.200,0.44,15861.199994105846
5725,OK,121.500,0.44,15727.999969385564
5726,OK,101.000,0.44,15871.700015850365
5727,OK,90.300,0.44,15998.599992599338
5728,OK,55.200,0.44,15759.600035380572
5729,OK,86.100,0.44,16065.0999750942
5730,OK,97.100,0.44,15854.60000205785
5731,OK,157.600,0.44,15827.199968043715
5732,OK,158.000,0.44,16043.400042690337
5733,OK,163.600,0.44,15822.999994270504
5734,OK,192.100,0.44,15355.39998440072
5735,OK,249.300,0.44,15613.699972163886
5736,OK,165.000,0.44,15642.90001988411
5737,OK,108.500,0.44,15740.000002551824
5738,OK,162.400,0.44,15735.200024209917
5739,OK,102.100,0.44,16000.000003259629
5740,OK,177.000,0.44,15517.699997872114
5741,OK,83.400,0.44,15878.100006375462
5742,OK,55.100,0.44,15909.000008832663
5743,OK,51.500,0.44,15920.799982268363
5744,OK,62.900,0.44,15919.300029054284
5745,OK,58.100,0.44,15869.299997575581
5746,OK,60.300,0.44,15968.899999279529
5747,OK,66.800,0.44,15863.100008573383
5748,OK,73.000,0.44,15860.699990298599
5749,OK,56.900,0.44,15856.10001347959
5750,OK,57.600,0.44,15944.499988108873
5751,OK,74.300,0.44,15982.09998337552
5752,OK,97.800,0.44,15810.600016266108
5753,OK,92.500,0.44,15776.699990965426
5754,OK,52.800,0.44,15991.099993698299
5755,OK,83.400,0.44,15829.799987841398
5756,OK,65.700,0.44,15886.000008322299
5757,OK,52.800,0.44,15953.199996147305
5758,OK,72.500,0.44,15845.999994780868
5759,OK,53.000,0.44,15930.19999563694
5760,OK,57.500,0.44,15906.999993603677
5761,OK,54.400,0.44,15901.99995553121
5762,OK,60.000,0.44,15953.800000716
5763,OK,90.700,0.44,15875.199984293431
5764,OK,76.400,0.44,15887.40001898259
5765,OK,74.300,0.44,15864.700020756572
5766,OK,82.300,0.44,15860.799991060048
5767,OK,104.900,0.44,15870.000002905726
5768,OK,76.700,0.44,15885.300002992153
5769,OK,75.900,0.44,15896.600030828267
5770,OK,73.300,0.44,15785.900002811104
5771,OK,54.700,0.44,15894.60001559928
5772,OK,47.300,0.44,15933.900023810565
5773,OK,47.200,0.44,15829.799987841398
5774,OK,73.100,0.44,15968.499996233732
5775,OK,122.900,0.44,15747.800003737211
5776,OK,87.800,0.44,15845.999994780868
5777,OK,81.800,0.44,15878.100006375462
5778,OK,99.200,0.44,15904.599975328892
5779,OK,67.800,0.44,15825.600014068186
5780,OK,82.000,0.44,15890.599985141307
5781,OK,67.500,0.44,15882.999985478818
5782,OK,105.800,0.44,15885.400003753603
5783,OK,66.500,0.44,15892.800001893193
5784,OK,67.500,0.44,15870.600007474422
5785,OK,72.100,0.44,15897.49997947365
5786,OK,71.200,0.44,15888.90003040433
5787,OK,70.600,0.44,15848.69995713234
5788,OK,96.300,0.44,15880.599967204034
5789,OK,70.000,0.44,15942.300029564649
5790,OK,68.200,0.44,15834.600024390966
5791,OK,85.400,0.44,15870.700008235872
5792,OK,67.800,0.44,15889.299975242466
5793,OK,65.000,0.44,15896.599972620606
5794,OK,66.700,0.44,15813.699981663376
5795,OK,47.900,0.44,15959.499985910952
5796,OK,55.000,0.44,15850.999974645674
5797,OK,60.900,0.44,15974.400041159242
5798,OK,73.500,0.44,15854.900004342198
5799,OK,58.400,0.44,15921.699989121407
5800,OK,48.200,0.44,15936.2000413239
5801,OK,57.000,0.44,15824.700007215142
5802,OK,67.900,0.44,15829.899988602847
5803,OK,70.000,0.44,15949.899971019477
5804,OK,85.800,0.44,16029.199992772192
5805,OK,147.900,0.44,15704.499965067953
5806,OK,104.200,0.44,15827.600029297173
5807,OK,74.800,0.44,15832.600009161979
5808,OK,68.800,0.44,15879.300015512854
5809,OK,54.700,0.44,15838.599996641278
5810,OK,71.200,0.44,15935.300034470856
5811,OK,68.900,0.44,15879.69996035099
5812,OK,72.800,0.44,15943.60003946349
5813,OK,67.400,0.44,15826.400020159781
5814,OK,81.400,0.44,15845.599991735071
5815,OK,107.800,0.44,15830.99999697879
5816,OK,75.400,0.44,15945.699997246265
5817,OK,70.500,0.44,15829.199983272702
5818,OK,67.600,0.44,15964.699967298657
5819,OK,86.400,0.44,15825.300011783838
5820,OK,69.600,0.44,15950.300032272935
5821,OK,91.900,0.44,15869.900002144277
5822,OK,59.500,0.44,15841.29995899275
5823,OK,61.800,0.44,15858.300030231476
5824,OK,61.600,0.44,15996.600035578012
5825,OK,75.300,0.44,15869.599999859929
5826,OK,61.100,0.44,15939.799952320755
5827,OK,71.900,0.44,15896.900033112615
5828,OK,106.500,0.44,15793.500002473593
5829,OK,93.900,0.44,15897.100034635514
5830,OK,63.600,0.44,15889.700036495924
5831,OK,84.000,0.44,15906.999993603677
5832,OK,87.000,0.44,15798.19998005405
5833,OK,67.400,0.44,16006.299993023276
5834,OK,74.800,0.44,15887.299960013479
5835,OK,78.100,0.44,15914.799994789064
5836,OK,119.000,0.44,15776.20004536584
5837,OK,116.400,0.44,15804.799972102046
5838,OK,84.000,0.44,15835.50003124401
5839,OK,71.400,0.44,15910.79996433109
5840,OK,93.400,0.44,15795.100014656782
5841,OK,75.300,0.44,15919.300029054284
5842,OK,73.900,0.44,15909.200010355562
5843,OK,87.800,0.44,15865.20002456382
5844,OK,165.000,0.44,15733.900014311075
5845,OK,77.300,0.44,15878.999955020845
5846,OK,69.200,0.44,15899.600053671747
5847,OK,62.600,0.44,15909.300011117011
5848,OK,64.500,0.44,15885.500004515052
5849,OK,63.900,0.44,15917.300013825297
5850,OK,67.800,0.44,15930.19999563694
5851,OK,70.600,0.44,15819.500025827438
5852,OK,64.300,0.44,15887.700021266937
5853,OK,80.100,0.44,15903.299965430051
5854,OK,90.500,0.44,15892.399998847395
5855,OK,70.000,0.44,15879.79996111244
5856,OK,66.800,0.44,15902.399958577007
5857,OK,71.400,0.44,15780.799963977188
5858,OK,72.800,0.44,16109.300020616502
5859,OK,106.800,0.44,15607.200039085
5860,OK,83.400,0.44,15898.99999089539
5861,OK,77.100,0.44,15901.599952485412
5862,OK,74.800,0.44,15888.299967627972
5863,OK,74.400,0.44,15883.899992331862
5864,OK,66.800,0.44,15878.50000942126
5865,OK,66.400,0.44,15857.200021855533
5866,OK,51.800,0.44,15951.900044456124
5867,OK,71.600,0.44,15893.899952061474
5868,OK,79.300,0.44,15885.300002992153
5869,OK,82.900,0.44,15882.499981671572
5870,OK,81.900,0.44,15792.50005306676
5871,OK,78.300,0.44,15951.199980918318
5872,OK,88.200,0.44,15861.199994105846
5873,OK,69.200,0.44,15885.200002230704
5874,OK,87.400,0.44,15879.299957305193
5875,OK,67.000,0.44,15846.099995542318
5876,OK,81.900,0.44,15859.999984968454
5877,OK,108.200,0.44,15848.300012294203
5878,OK,96.500,0.44,15785.800002049655
5879,OK,141.800,0.44,15788.500022608787
5880,OK,87.500,0.44,15908.300003502518
5881,OK,63.600,0.44,15848.70001534
5882,OK,153.800,0.44,15764.30001296103
5883,OK,69.500,0.44,15905.899985227734
5884,OK,54.100,0.44,15887.600020505488
5885,OK,68.800,0.44,15911.600028630346
5886,OK,57.400,0.44,15909.899957478046
5887,OK,68.700,0.44,15868.599992245436
5888,OK,62.700,0.44,15994.200017303228
5889,OK,94.500,0.44,15836.69998217374
5890,OK,67.700,0.44,15848.500013817102
5891,OK,63.700,0.44,15885.200002230704
5892,OK,58.500,0.44,15927.30003176257
5893,OK,84.300,0.44,15862.500004004687
5894,OK,52.200,0.44,15912.699978798628
5895,OK,52.300,0.44,15926.000021863729
5896,OK,52.400,0.44,15928.500040899962
5897,OK,96.000,0.44,15889.799979049712
5898,OK,78.600,0.44,15882.999985478818
5899,OK,69.400,0.44,15935.400035232306
5900,OK,88.100,0.44,15851.59997921437
5901,OK,74.200,0.44,15714.199980720878
5902,OK,109.600,0.44,15873.79997363314
5903,OK,125.300,0.44,15707.699989434332
5904,OK,104.100,0.44,15882.499981671572
5905,OK,111.000,0.44,15835.599973797798
5906,OK,95.100,0.44,15857.100021094084
5907,OK,100.900,0.44,15853.19999139756
5908,OK,90.500,0.44,15857.80002642423
5909,OK,91.600,0.44,15830.299991648644
5910,OK,85.900,0.44,15844.200039282441
5911,OK,96.400,0.44,15856.10001347959
5912,OK,104.600,0.44,15851.000032853335
5913,OK,126.400,0.44,15853.399992920458
5914,OK,123.400,0.44,15815.199993085116
5915,OK,109.300,0.44,15800.699999090284
5916,OK,107.100,0.44,15876.000048592687
5917,OK,90.600,0.44,15785.199997480959
5918,OK,100.100,0.44,15870.300005190074
5919,OK,92.500,0.44,15846.900001633912
5920,OK,90.700,0.44,15841.29995899275
5921,OK,94.300,0.44,15885.000000707805
5922,OK,73.000,0.44,15872.100018896163
5923,OK,100.700,0.44,15845.199988689274
5924,OK,94.000,0.44,15837.399987503886
5925,OK,97.800,0.44,15848.69995713234
5926,OK,96.400,0.44,15890.500042587519
5927,OK,108.900,0.44,15835.999976843596
5928,OK,55.900,0.44,15911.099966615438
5929,OK,113.200,0.44,15800.099994521588
5930,OK,122.500,0.44,15848.70001534
5931,OK,88.000,0.44,15872.100018896163
5932,OK,105.200,0.44,15826.60002168268
5933,OK,92.700,0.44,15853.999997489154
5934,OK,63.600,0.44,15903.70002668351
5935,OK,75.300,0.44,15888.90003040433
5936,OK,70.300,0.44,15911.1000248231
5937,OK,83.100,0.44,15870.500006712973
5938,OK,78.200,0.44,15944.799990393221
5939,OK,103.400,0.44,15812.900033779442
5940,OK,110.000,0.44,15863.400010857731
5941,OK,106.100,0.44,15823.900001123548
5942,OK,86.000,0.44,15926.400024909526
5943,OK,91.800,0.44,15869.700000621378
5944,OK,92.400,0.44,15785.700001288205
5945,OK,80.600,0.44,15875.199984293431
5946,OK,90.500,0.44,15876.099991146475
5947,OK,103.200,0.44,15843.699977267534
5948,OK,100.800,0.44,15828.599978704005
5949,OK,74.300,0.44,15876.099991146475
5950,OK,67.300,0.44,15837.300044950098
5951,OK,91.400,0.44,15980.799973476678
5952,OK,171.100,0.44,15668.899985030293
5953,OK,159.100,0.44,15681.30002124235
5954,OK,94.800,0.44,15858.800034038723
5955,OK,102.400,0.44,15934.299968648702
5956,OK,136.300,0.44,15784.89999519661
5957,OK,110.100,0.44,15825.10001026094
5958,OK,89.700,0.44,15850.299969315529
5959,OK,90.800,0.44,15871.300012804568
5960,OK,93.400,0.44,15840.900014154613
5961,OK,95.200,0.44,15870.700008235872
5962,OK,89.800,0.44,15839.999949093908
5963,OK,89.500,0.44,15872.60002270341
5964,OK,97.500,0.44,15837.699989788234
5965,OK,76.100,0.44,16046.500008087605
5966,OK,68.700,0.44,15865.699970163405
5967,OK,97.900,0.44,16161.30000911653
5968,OK,108.800,0.44,15805.100032594055
5969,OK,210.800,0.44,15431.499981787056
5970,OK,170.100,0.44,15531.999990344048
5971,OK,124.400,0.44,15919.299970846623
5972,OK,97.200,0.44,15790.79998191446
5973,OK,86.200,0.44,15920.100035145879
5974,OK,65.900,0.44,16023.200005292892
5975,OK,61.700,0.44,15745.300042908639
5976,OK,76.300,0.44,15846.199996303767
5977,OK,57.300,0.44,15975.099988281727
5978,OK,72.900,0.44,15708.199993241578
5979,OK,112.400,0.44,15881.000028457493
5980,OK,165.700,0.44,15724.900003988296
5981,OK,139.900,0.44,15783.099981490523
5982,OK,121.000,0.44,15951.400040648878
5983,OK,179.000,0.44,15615.699987392873
5984,OK,95.100,0.44,15772.200014907867
5985,OK,73.200,0.44,15895.700023975223
5986,OK,77.000,0.44,15924.30000891909
5987,OK,53.500,0.44,15966.500039212406
5988,OK,76.300,0.44,15799.69999147579
5989,OK,77.100,0.44,15971.000015269965
5990,OK,58.900,0.44,15887.40001898259
5991,OK,71.800,0.44,15901.799954008311
5992,OK,80.400,0.44,15891.5999927558
5993,OK,60.400,0.44,15923.200000543147
5994,OK,123.500,0.44,15829.899988602847
5995,OK,97.500,0.44,15816.20000069961
5996,OK,59.500,0.44,15891.899995040148
5997,OK,66.500,0.44,15871.10001128167
5998,OK,67.600,0.44,15917.300013825297
5999,OK,79.100,0.44,15926.900028716773
6000,OK,60.300,0.44,15915.29999859631
6001,OK,69.100,0.44,15776.499989442527
6002,OK,86.800,0.44,15880.599967204034
6003,OK,337.400,0.44,15629.999979864806
6004,OK,66.300,0.44,15798.100037500262
6005,OK,65.700,0.44,15933.10001771897
6006,OK,96.100,0.44,15830.79999545589
6007,OK,118.800,0.44,15833.600016776472
6008,OK,81.100,0.44,15875.40004402399
6009,OK,79.500,0.44,15900.70000384003
6010,OK,77.100,0.44,15851.899981498718
6011,OK,69.700,0.44,15882.499981671572
6012,OK,61.200,0.44,15885.500004515052
6013,OK,51.000,0.44,15881.799976341426
6014,OK,63.200,0.44,15925.000014249235
6015,OK,70.600,0.44,15876.399993430823
6016,OK,65.300,0.44,15970.800013747066
6017,OK,63.900,0.44,15848.199953325093
6018,OK,66.700,0.44,15890.699985902756
6019,OK,93.300,0.44,15909.000008832663
6020,OK,93.400,0.44,15784.699993673712
6021,OK,67.400,0.44,15900.60000307858
6022,OK,67.200,0.44,15891.5999927558
6023,OK,76.700,0.44,15913.599985651672
6024,OK,89.900,0.44,15803.400019649416
6025,OK,62.200,0.44,15966.800041496754
6026,OK,94.300,0.44,15775.699983350933
6027,OK,85.000,0.44,15941.700024995953
6028,OK,65.300,0.44,15953.90000147745
6029,OK,65.400,0.44,15825.800015591085
6030,OK,89.600,0.44,15861.299994867295
6031,OK,99.300,0.44,15868.599992245436
6032,OK,94.200,0.44,15812.100027687848
6033,OK,78.100,0.44,15953.199996147305
6034,OK,110.000,0.44,15785.600000526756
6035,OK,66.400,0.44,15838.899998925626
6036,OK,91.500,0.44,15906.699991319329
6037,OK,94.600,0.44,15903.60002592206
6038,OK,118.800,0.44,15729.900042060763
6039,OK,95.400,0.44,15871.299954596907
6040,OK,101.400,0.44,15817.400009837002
6041,OK,74.500,0.44,16139.20001545921
6042,OK,104.000,0.44,15558.600018266588
6043,OK,92.400,0.44,15859.599981922656
6044,OK,78.700,0.44,15918.900026008487
6045,OK,71.900,0.44,15849.000017624348
6046,OK,78.600,0.44,15854.099998250604
6047,OK,84.800,0.44,15841.700020246208
6048,OK,74.100,0.44,15905.799984466285
6049,OK,74.200,0.44,15860.299987252802
6050,OK,91.700,0.44,15930.19999563694
6051,OK,86.800,0.44,15801.900008227676
6052,OK,72.600,0.44,15908.00000121817
6053,OK,69.800,0.44,15965.90003464371
6054,OK,79.400,0.44,15862.500004004687
6055,OK,84.700,0.44,15783.899987582117
6056,OK,100.100,0.44,15896.399971097708
6057,OK,103.700,0.44,15782.699978444725
6058,OK,83.400,0.44,15963.100013323128
6059,OK,109.400,0.44,15750.100021250546
6060,OK,69.500,0.44,15891.499991994351
6061,OK,67.800,0.44,15856.300015002489
6062,OK,48.900,0.44,15987.800026778132
6063,OK,56.700,0.44,15864.100016187876
6064,OK,68.400,0.44,15890.40004182607
6065,OK,73.100,0.44,15925.000014249235
6066,OK,81.900,0.44,15821.199980564415
6067,OK,118.700,0.44,15839.600004255772
6068,OK,98.400,0.44,15827.699971850961
6069,OK,99.800,0.44,15913.300041574985
6070,OK,76.900,0.44,15811.49996491149
6071,OK,73.300,0.44,15891.7999942787
6072,OK,94.200,0.44,15859.799983445555
6073,OK,92.600,0.44,15847.30000467971
6074,OK,78.200,0.44,15859.899984207004
6075,OK,79.500,0.44,15920.299978461117
6076,OK,106.700,0.44,15815.099992323667
6077,OK,74.000,0.44,15864.500019233674
6078,OK,80.000,0.44,15861.199994105846
6079,OK,104.000,0.44,15898.099984042346
6080,OK,109.400,0.44,15762.099996209145
6081,OK,101.900,0.44,15807.999996468425
6082,OK,96.700,0.44,15913.199982605875
6083,OK,101.900,0.44,15768.000041134655
6084,OK,69.200,0.44,15927.699976600707
6085,OK,69.100,0.44,15941.799967549741
6086,OK,66.100,0.44,15803.900023456663
6087,OK,56.700,0.44,15879.599959589541
6088,OK,49.900,0.44,15945.899998769164
6089,OK,58.300,0.44,15926.099964417517
6090,OK,54.600,0.44,15901.399950962514
6091,OK,53.200,0.44,15923.500002827495
6092,OK,57.200,0.44,15916.500007733703
6093,OK,93.500,0.44,15871.800016611814
6094,OK,74.200,0.44,15879.300015512854
6095,OK,77.800,0.44,15925.500018056482
6096,OK,71.600,0.44,15956.79996535182
6097,OK,80.000,0.44,15903.49996695295
6098,OK,143.400,0.44,15677.199990022928
6099,OK,66.300,0.44,15821.699984371662
6100,OK,84.000,0.44,15949.599968735129
6101,OK,104.400,0.44,15754.799998831004
6102,OK,121.800,0.44,15747.500001452863
6103,OK,62.900,0.44,15986.400016117841
6104,OK,87.900,0.44,15790.099976584315
6105,OK,93.800,0.44,15909.100009594113
6106,OK,96.200,0.44,15821.699984371662
6107,OK,187.500,0.44,15837.199985980988
6108,OK,101.100,0.44,15780.000016093254
6109,OK,118.700,0.44,15700.699994340539
6110,OK,96.100,0.44,15828.599978704005
6111,OK,94.100,0.44,15881.099971011281
6112,OK,96.300,0.44,15839.200001209974
6113,OK,79.500,0.44,15844.19998107478
6114,OK,60.500,0.44,15960.899996571243
6115,OK,58.400,0.44,15836.599981412292
6116,OK,65.300,0.44,15904.500032775104
6117,OK,93.500,0.44,15852.000040467829
6118,OK,114.200,0.44,15837.799990549684
6119,OK,124.600,0.44,15814.49998775497
6120,OK,123.600,0.44,15833.400015253574
6121,OK,139.400,0.44,15797.799977008253
6122,OK,112.200,0.44,15822.999994270504
6123,OK,73.700,0.44,15875.499986577779
6124,OK,106.200,0.44,15810.999961104244
6125,OK,104.600,0.44,15865.999972447753
6126,OK,70.500,0.44,15892.900002654642
6127,OK,72.600,0.44,15833.300014492124
6128,OK,64.100,0.44,15915.099997073412
6129,OK,73.000,0.44,15859.199978876859
6130,OK,70.300,0.44,15931.500005535781
6131,OK,124.000,0.44,15797.900035977364
6132,OK,128.200,0.44,15856.600017286837
6133,OK,110.800,0.44,15821.800043340772
6134,OK,89.600,0.44,15795.799961779267
6135,OK,95.400,0.44,15832.600009161979
6136,OK,76.000,0.44,15905.299980659038
6137,OK,78.200,0.44,15790.199977345765
6138,OK,90.600,0.44,15851.000032853335
6139,OK,77.300,0.44,15937.099989969283
6140,OK,71.800,0.44,15895.899967290461
6141,OK,60.700,0.44,15918.100019916892
6142,OK,95.700,0.44,15845.999994780868
6143,OK,62.500,0.44,15900.400001555681
6144,OK,99.900,0.44,15810.800017789006
6145,OK,75.400,0.44,15821.799985133111
6146,OK,157.500,0.44,15746.299992315471
6147,OK,91.800,0.44,15909.50001263991
6148,OK,100.700,0.44,15797.099971678108
6149,OK,99.700,0.44,15860.4999887757
6150,OK,84.800,0.44,15832.100005354732
6151,OK,73.200,0.44,15973.699977621436
6152,OK,61.000,0.44,15871.300012804568
6153,OK,77.200,0.44,15921.499987598509
6154,OK,65.400,0.44,15990.99999293685
6155,OK,154.100,0.44,15902.300016023219
6156,OK,159.700,0.44,15577.70004728809
6157,OK,74.300,0.44,15800.299996044487
6158,OK,64.100,0.44,15927.899978123605
6159,OK,106.700,0.44,15795.600018464029
6160,OK,125.400,0.44,15852.700045797974
6161,OK,183.700,0.44,15788.799966685474
6162,OK,76.900,0.44,15801.500005181879
6163,OK,114.600,0.44,15767.799981404096
6164,OK,71.800,0.44,15871.200012043118
6165,OK,55.000,0.44,15983.799996320158
6166,OK,161.500,0.44,15753.099985886365
6167,OK,63.600,0.44,15913.599985651672
6168,OK,57.000,0.44,15920.899983029813
6169,OK,61.000,0.44,15905.400039628148
6170,OK,56.100,0.44,15920.599980745465
6171,OK,65.700,0.44,15812.599973287433
6172,OK,83.400,0.44,15907.699998933822
6173,OK,79.500,0.44,15903.900028206408
6174,OK,130.500,0.44,15818.99996381253
6175,OK,133.600,0.44,15825.899958144873
6176,OK,122.900,0.44,15738.499991130084
6177,OK,104.300,0.44,15796.300023794174
6178,OK,103.100,0.44,15819.799969904125
6179,OK,90.800,0.44,15843.199973460287
6180,OK,118.100,0.44,15812.400029972196
6181,OK,116.100,0.44,15833.999961614609
6182,OK,103.600,0.44,16909.3000004068
6183,OK,144.100,0.44,14587.500016205013
6184,OK,120.200,0.44,15807.699994184077
6185,OK,146.000,0.44,15862.900007050484
6186,OK,120.800,0.44,15748.800011351705
6187,OK,112.300,0.44,15748.00000526011
6188,OK,131.000,0.44,15769.099991302937
6189,OK,105.000,0.44,15949.900029227138
6190,OK,116.900,0.44,15729.400038253516
6191,OK,145.300,0.44,15851.999982260168
6192,OK,118.000,0.44,15716.399997472763
6193,OK,105.100,0.44,22940.90000214055
6194,OK,149.100,0.44,9113.000007346272
6195,OK,143.700,0.44,18358.999979682267
6196,OK,120.900,0.44,12875.800020992756
6197,OK,115.300,0.44,15761.599992401898
6198,OK,114.900,0.44,15940.100012812763
6199,OK,135.800,0.44,15690.800035372376
6200,OK,131.600,0.44,15771.900012623519
6201,OK,120.000,0.44,15632.900001946837
6202,OK,113.400,0.44,16165.199980605394
6203,OK,273.400,0.44,15211.49999462068
6204,OK,118.700,0.44,15826.999966520816
6205,OK,110.600,0.44,15815.299993846565
6206,OK,113.000,0.44,15847.400005441159
6207,OK,137.200,0.44,15932.600013911724
6208,OK,148.500,0.44,15627.700020559132
6209,OK,131.700,0.44,15707.900049164891
6210,OK,89.900,0.44,15901.800012215972
6211,OK,200.900,0.44,15667.699975892901
6212,OK,83.300,0.44,15790.79998191446
6213,OK,62.600,0.44,15917.900018393993
6214,OK,68.500,0.44,15936.700045131147
6215,OK,63.000,0.44,15931.300004012883
6216,OK,88.300,0.44,15806.799987331033
6217,OK,71.400,0.44,15892.700001131743
6218,OK,74.200,0.44,15884.699998423457
6219,OK,77.600,0.44,15882.000036071986
6220,OK,69.100,0.44,16090.399993117899
6221,OK,115.700,0.44,15742.300020065159
6222,OK,65.300,0.44,15890.699985902756
6223,OK,55.600,0.44,15904.499974567443
6224,OK,64.500,0.44,15889.000031165779
6225,OK,64.600,0.44,15911.599970422685
6226,OK,68.700,0.44,15986.60001764074
6227,OK,178.100,0.44,15678.600000683218
6228,OK,97.000,0.44,15820.39997447282
6229,OK,108.200,0.44,15792.39999409765
6230,OK,104.600,0.44,15936.499985400587
6231,OK,110.700,0.44,15816.500002983958
6232,OK,89.300,0.44,15837.799990549684
6233,OK,81.300,0.44,16168.400004971772
6234,OK,316.700,0.44,15466.40001470223
6235,OK,209.200,0.44,15444.09996131435
6236,OK,84.200,0.44,15759.80003690347
6237,OK,89.100,0.44,15978.700015693903
6238,OK,75.400,0.44,15822.000044863671
6239,OK,80.400,0.44,15895.499964244664
6240,OK,83.700,0.44,15910.79996433109
6241,OK,108.200,0.44,15841.599961277097
6242,OK,104.600,0.44,15831.700002308935
6243,OK,121.400,0.44,15872.799966018647
6244,OK,218.800,0.44,15568.500035442412
6245,OK,90.900,0.44,15847.700007725507
6246,OK,63.900,0.44,16023.70000910014
6247,OK,70.200,0.44,15854.800003580749
6248,OK,87.400,0.44,15955.700015183538
6249,OK,100.700,0.44,15966.300037689507
6250,OK,189.600,0.44,15755.50000416115
6251,OK,173.000,0.44,15617.099998053163
6252,OK,231.800,0.44,15444.20002028346
6253,OK,103.800,0.44,15857.59996669367
6254,OK,80.500,0.44,16145.700006745756
6255,OK,100.700,0.44,15847.000002395362
6256,OK,89.600,0.44,15920.700039714575
6257,OK,94.400,0.44,15685.79999729991
6258,OK,114.700,0.44,15786.39994841069
6259,OK,233.000,0.44,15768.200042657554
6260,OK,166.400,0.44,15546.400041785091
6261,OK,176.900,0.44,15781.600028276443
6262,OK,204.900,0.44,15813.899983186275
6263,OK,167.800,0.44,15478.39998966083
6264,OK,152.300,0.44,15680.600015912205
6265,OK,85.600,0.44,16109.200019855052
6266,OK,265.300,0.44,15323.599975090474
6267,OK,76.600,0.44,15839.80000577867
6268,OK,60.300,0.44,15990.300045814365
6269,OK,49.200,0.44,15826.900023967028
6270,OK,58.100,0.44,15960.799995809793
6271,OK,82.000,0.44,15860.59998953715
6272,OK,79.900,0.44,15929.799992591143
6273,OK,60.000,0.44,15922.299993690103
6274,OK,95.700,0.44,15855.000005103648
6275,OK,61.400,0.44,15871.399955358356
6276,OK,58.500,0.44,15903.3999661915
6277,OK,60.800,0.44,15935.100032947958
6278,OK,61.700,0.44,15920.500038191676
6279,OK,68.600,0.44,15856.299956794828
6280,OK,76.000,0.44,15915.099997073412
6281,OK,86.200,0.44,15818.200015928596
6282,OK,64.000,0.44,15932.799957226962
6283,OK,80.200,0.44,15861.099993344396
6284,OK,108.500,0.44,16080.900037195534
6285,OK,294.300,0.44,15313.600015360862
6286,OK,79.100,0.44,15810.799959581345
6287,OK,72.300,0.44,15819.300024304539
6288,OK,106.300,0.44,15927.09997203201
6289,OK,62.400,0.44,15937.299991492182
6290,OK,71.300,0.44,15833.300014492124
6291,OK,52.200,0.44,15986.100013833493
6292,OK,63.200,0.44,15882.099978625774
6293,OK,71.900,0.44,15864.700020756572
6294,OK,65.900,0.44,15890.900045633316
6295,OK,68.200,0.44,15883.299987763166
6296,OK,67.000,0.44,15909.300011117011
6297,OK,81.200,0.44,15866.699977777898
6298,OK,79.600,0.44,15872.39996297285
6299,OK,65.900,0.44,15946.199942845851
6300,OK,82.100,0.44,15842.700027860701
6301,OK,78.600,0.44,15763.800009153783
6302,OK,72.600,0.44,15936.499985400587
6303,OK,64.300,0.44,15978.100011125207
6304,OK,70.200,0.44,15802.70001431927
6305,OK,62.700,0.44,15878.600010182709
6306,OK,58.100,0.44,15894.500014837831
6307,OK,55.500,0.44,15918.799967039376
6308,OK,47.600,0.44,15915.900003165007
6309,OK,96.200,0.44,15858.800034038723
6310,OK,81.200,0.44,15912.29997575283
6311,OK,62.200,0.44,15804.0999667719
6312,OK,119.400,0.44,15896.799974143505
6313,OK,84.900,0.44,15906.299988273531
6314,OK,66.200,0.44,15883.899992331862
6315,OK,68.600,0.44,15875.599987339228
6316,OK,69.500,0.44,15893.10000417754
6317,OK,62.600,0.44,15913.199982605875
6318,OK,104.200,0.44,15857.799968216568
6319,OK,96.800,0.44,15836.999984458089
6320,OK,68.900,0.44,15881.29997253418
6321,OK,67.800,0.44,15896.10002702102
6322,OK,66.400,0.44,15851.300035137683
6323,OK,126.000,0.44,15809.600008651614
6324,OK,57.200,0.44,15875.699988100678
6325,OK,48.900,0.44,15905.599982943386
6326,OK,54.000,0.44,15910.500020254403
6327,OK,69.700,0.44,15997.999988030642
6328,OK,78.800,0.44,15828.00003234297
6329,OK,51.500,0.44,15958.300034981221
6330,OK,74.800,0.44,15886.300010606647
6331,OK,82.100,0.44,15890.599985141307
6332,OK,85.100,0.44,15905.09997913614
6333,OK,79.300,0.44,15792.799997143447
6334,OK,76.200,0.44,15930.699999444187
6335,OK,75.300,0.44,15896.399971097708
6336,OK,73.800,0.44,15870.90000975877
6337,OK,82.800,0.44,15827.900031581521
6338,OK,104.500,0.44,15787.099953740835
6339,OK,68.200,0.44,16029.899998102337
6340,OK,68.900,0.44,15880.400023888797
6341,OK,67.200,0.44,15900.099999271333
6342,OK,69.500,0.44,15771.69995289296
6343,OK,70.400,0.44,15952.49999081716
6344,OK,64.600,0.44,15890.899987425655
6345,OK,77.900,0.44,15903.3999661915
6346,OK,68.000,0.44,15855.700010433793
6347,OK,57.700,0.44,15888.500027358532
6348,OK,56.100,0.44,15909.999958239496
6349,OK,93.800,0.44,15893.000003416091
6350,OK,93.300,0.44,15822.199988178909
6351,OK,75.500,0.44,15957.200026605278
6352,OK,78.600,0.44,15849.900024477392
6353,OK,123.300,0.44,15763.699950184673
6354,OK,63.800,0.44,16012.199979741126
6355,OK,59.700,0.44,15825.500013306737
6356,OK,67.000,0.44,15948.700020089746
6357,OK,87.500,0.44,15832.000004593283
6358,OK,62.900,0.44,15924.599952995777
6359,OK,64.600,0.44,15887.500019744039
6360,OK,54.400,0.44,15902.999963145703
6361,OK,51.000,0.44,15977.400005795062
6362,OK,66.200,0.44,15875.599987339228
6363,OK,150.800,0.44,15723.599994089454
6364,OK,75.500,0.44,15969.600004609674
6365,OK,104.800,0.44,15825.00000949949
6366,OK,104.300,0.44,15867.699985392392
6367,OK,70.800,0.44,15807.40005010739
6368,OK,98.200,0.44,15957.399969920516
6369,OK,203.500,0.44,15733.000007458031
6370,OK,153.000,0.44,15774.399973452091
6371,OK,88.600,0.44,15785.199997480959
6372,OK,131.700,0.44,15808.099997229874
6373,OK,66.300,0.44,15883.699990808964
6374,OK,73.800,0.44,15930.19999563694
6375,OK,70.200,0.44,15900.50000231713
6376,OK,85.200,0.44,15907.699998933822
6377,OK,110.900,0.44,15810.899960342795
6378,OK,84.000,0.44,15880.200022365898
6379,OK,85.600,0.44,15882.69998319447
6380,OK,71.100,0.44,15889.900038018823
6381,OK,67.400,0.44,15890.100039541721
6382,OK,67.900,0.44,15887.500019744039
6383,OK,63.400,0.44,15866.000030655414
6384,OK,89.500,0.44,15889.099973719567
6385,OK,66.800,0.44,15898.599987849593
6386,OK,76.900,0.44,15847.000002395362
6387,OK,59.700,0.44,15938.399999868125
6388,OK,62.200,0.44,15819.699969142675
6389,OK,70.500,0.44,15839.400002732873
6390,OK,65.200,0.44,15935.300034470856
6391,OK,67.200,0.44,15852.199983783066
6392,OK,65.500,0.44,15862.999949604273
6393,OK,58.000,0.44,15891.099988948554
6394,OK,90.200,0.44,15791.699988767505
6395,OK,40.900,0.44,15951.999987009913
6396,OK,40.000,0.44,15995.899972040206
6397,OK,66.200,0.44,15971.80002136156
6398,OK,53.800,0.44,15924.900013487786
6399,OK,64.600,0.44,15885.90000756085
6400,OK,58.400,0.44,15888.000023551285
6401,OK,74.400,0.44,15808.399999514222
6402,OK,87.800,0.44,15871.300012804568
6403,OK,70.600,0.44,15797.600033693016
6404,OK,69.200,0.44,15915.700001642108
6405,OK,58.100,0.44,15959.599986672401
6406,OK,125.200,0.44,15685.199992731214
6407,OK,101.800,0.44,15884.599997662008
6408,OK,75.700,0.44,16210.500034503639
6409,OK,216.400,0.44,15292.900032363832
6410,OK,50.400,0.44,15972.700028214604
6411,OK,60.900,0.44,15879.100013989955
6412,OK,51.800,0.44,15908.399946056306
6413,OK,116.200,0.44,15861.099993344396
6414,OK,70.100,0.44,15771.000005770475
6415,OK,54.100,0.44,15952.599991578609
6416,OK,46.400,0.44,15936.10004056245
6417,OK,40.100,0.44,15897.299977950752
6418,OK,48.000,0.44,16003.800032194704
6419,OK,52.200,0.44,15941.700024995953
6420,OK,161.100,0.44,15669.29998807609
6421,OK,114.800,0.44,15858.599974308163
6422,OK,67.200,0.44,15869.900002144277
6423,OK,66.500,0.44,15940.60001662001
6424,OK,71.200,0.44,15890.999988187104
6425,OK,72.200,0.44,15848.299954086542
6426,OK,71.200,0.44,15889.400034211576
6427,OK,99.800,0.44,15772.299957461655
6428,OK,62.900,0.44,15902.899962384254
6429,OK,69.800,0.44,15869.299997575581
6430,OK,86.800,0.44,15864.300017710775
6431,OK,102.900,0.44,15829.200041480362
6432,OK,100.900,0.44,15839.300001971424
6433,OK,99.100,0.44,15865.099965594709
6434,OK,97.100,0.44,16224.000020883977
6435,OK,342.900,0.44,15128.400002140552
6436,OK,111.100,0.44,15870.90000975877
6437,OK,117.400,0.44,15832.900011446327
6438,OK,86.600,0.44,15784.599992912263
6439,OK,119.600,0.44,15844.100038520992
6440,OK,126.600,0.44,15757.999964989722
6441,OK,102.900,0.44,15880.000020843
6442,OK,99.300,0.44,15820.39997447282
6443,OK,117.300,0.44,15834.800025913864
6444,OK,99.900,0.44,15802.399953827262
6445,OK,103.400,0.44,15885.400003753603
6446,OK,81.300,0.44,15859.499981161207
6447,OK,115.000,0.44,15811.500023119152
6448,OK,115.300,0.44,15834.599966183305
6449,OK,114.800,0.44,15835.800033528358
6450,OK,101.400,0.44,15811.000019311905
6451,OK,100.400,0.44,15833.300014492124
6452,OK,98.500,0.44,15851.300035137683
6453,OK,112.100,0.44,15817.000006791204
6454,OK,102.800,0.44,15879.8000193201
6455,OK,105.500,0.44,15797.400032170117
6456,OK,100.700,0.44,15847.20000391826
6457,OK,85.900,0.44,15874.300035648048
6458,OK,128.600,0.44,15858.500031754375
6459,OK,126.100,0.44,15792.599995620549
6460,OK,172.600,0.44,15699.599985964596
6461,OK,126.600,0.44,15787.600015755743
6462,OK,132.900,0.44,16929.499979596585
6463,OK,146.400,0.44,14575.999986846
6464,OK,77.200,0.44,15901.200007647276
6465,OK,102.800,0.44,15826.100017875433
6466,OK,81.000,0.44,16035.699984058738
6467,OK,64.500,0.44,15819.900028873235
6468,OK,68.500,0.44,15872.999967541546
6469,OK,71.000,0.44,15885.500004515052
6470,OK,84.100,0.44,15877.099998760968
6471,OK,96.500,0.44,15899.900055956095
6472,OK,109.900,0.44,15980.799973476678
6473,OK,125.100,0.44,15638.200042303652
6474,OK,92.200,0.44,15853.19999139756
6475,OK,86.500,0.44,15860.999992582947
6476,OK,89.800,0.44,15887.20001745969
6477,OK,70.200,0.44,15825.799957383424
6478,OK,74.200,0.44,15898.899990133941
6479,OK,53.100,0.44,15981.500037014484
6480,OK,102.700,0.44,15799.099986907095
6481,OK,98.000,0.44,15850.399970076978
6482,OK,84.000,0.44,15884.599997662008
6483,OK,98.100,0.44,15860.4999887757
6484,OK,97.700,0.44,15822.300047148019
6485,OK,92.100,0.44,15844.600042328238
6486,OK,93.700,0.44,15943.39997973293
6487,OK,117.100,0.44,15733.500011265278
6488,OK,104.400,0.44,15807.399991899729
6489,OK,78.800,0.44,15875.899989623576
6490,OK,87.900,0.44,15860.699990298599
6491,OK,68.300,0.44,15846.800000872463
6492,OK,59.100,0.44,16006.199992261827
6493,OK,62.000,0.44,15979.500021785498
6494,OK,69.700,0.44,16020.899987779558
6495,OK,81.800,0.44,15695.200010668486
6496,OK,134.300,0.44,15889.900038018823
6497,OK,130.500,0.44,16136.499994900078
6498,OK,245.000,0.44,15638.39998561889
6499,OK,349.800,0.44,15618.100005667657
6500,OK,180.700,0.44,15528.399962931871
6501,OK,281.400,0.44,14971.900032833219
6502,OK,223.400,0.44,15433.499997016042
6503,OK,145.200,0.44,15788.299962878227
6504,OK,96.500,0.44,15833.500016015023
6505,OK,72.000,0.44,16125.299967825413
6506,OK,56.600,0.44,15697.699971497059
6507,OK,68.200,0.44,16138.200007844716
6508,OK,107.900,0.44,15630.89998671785
6509,OK,125.500,0.44,15991.399995982647
6510,OK,115.000,0.44,15906.099986750633
6511,OK,141.400,0.44,15746.200049761683
6512,OK,168.900,0.44,15699.999989010394
6513,OK,158.700,0.44,15683.699981309474
6514,OK,177.600,0.44,15575.899975374341
6515,OK,146.900,0.44,15710.7999548316
6516,OK,129.200,0.44,15917.300013825297
6517,OK,170.400,0.44,15679.300006013364
6518,OK,84.100,0.44,15724.600001703948
6519,OK,75.100,0.44,15892.600000370294
6520,OK,73.300,0.44,15971.300017554313
6521,OK,54.200,0.44,15850.800031330436
6522,OK,53.700,0.44,15903.800027444959
6523,OK,70.900,0.44,15892.900002654642
6524,OK,73.000,0.44,15928.000037092716
6525,OK,67.900,0.44,15855.000005103648
6526,OK,59.900,0.44,15907.499997410923
6527,OK,64.200,0.44,15960.999997332692
6528,OK,83.800,0.44,15871.400013566017
6529,OK,71.000,0.44,15865.10002380237
6530,OK,62.700,0.44,15914.399991743267
6531,OK,69.900,0.44,15865.500026848167
6532,OK,66.400,0.44,15901.599952485412
6533,OK,64.900,0.44,15899.09999165684
6534,OK,60.500,0.44,16030.90000571683
6535,OK,211.600,0.44,15549.800009466708
6536,OK,58.800,0.44,15868.699993006885
6537,OK,82.700,0.44,15987.500024493784
6538,OK,139.900,0.44,15697.60002894327
6539,OK,100.900,0.44,15889.599977526814
6540,OK,88.700,0.44,15755.200001876801
6541,OK,94.400,0.44,15865.499968640506
6542,OK,104.700,0.44,15821.699984371662
6543,OK,139.300,0.44,15876.499994192272
6544,OK,85.500,0.44,15851.59997921437
6545,OK,68.200,0.44,15841.100015677512
6546,OK,70.600,0.44,15857.000020332634
6547,OK,81.500,0.44,15882.199979387224
6548,OK,61.500,0.44,15915.099997073412
6549,OK,63.400,0.44,15866.000030655414
6550,OK,54.600,0.44,15922.399994451553
6551,OK,54.800,0.44,15880.999970249832
6552,OK,58.100,0.44,15931.70000705868
6553,OK,61.600,0.44,15947.90001399815
6554,OK,78.200,0.44,15829.599986318499
6555,OK,138.200,0.44,15754.599997308105
6556,OK,110.000,0.44,15885.400003753603
6557,OK,135.100,0.44,15791.999991051853
6558,OK,119.500,0.44,15810.20001322031
6559,OK,132.400,0.44,15828.300034627318
6560,OK,112.700,0.44,15836.999984458089
6561,OK,133.900,0.44,15864.299959503114
6562,OK,87.400,0.44,15831.1000559479
6563,OK,115.500,0.44,15817.6000113599
6564,OK,80.400,0.44,15843.400033190846
6565,OK,104.700,0.44,15936.600044369698
6566,OK,101.900,0.44,15737.500041723251
6567,OK,77.800,0.44,15840.399952139705
6568,OK,102.000,0.44,15909.700014162809
6569,OK,122.600,0.44,15706.899983342737
6570,OK,91.100,0.44,15814.49998775497
6571,OK,121.400,0.44,15803.400019649416
6572,OK,110.500,0.44,15933.500020764768
6573,OK,78.900,0.44,15837.799990549684
6574,OK,77.500,0.44,15871.10001128167
6575,OK,74.600,0.44,15865.500026848167
6576,OK,95.700,0.44,15809.199947398156
6577,OK,83.500,0.44,15915.800002403557
6578,OK,106.600,0.44,15787.099953740835
6579,OK,69.400,0.44,15930.599998682737
6580,OK,73.200,0.44,15909.100009594113
6581,OK,96.600,0.44,15841.599961277097
6582,OK,93.500,0.44,15831.299999263138
6583,OK,130.900,0.44,15762.499999254942
6584,OK,99.900,0.44,15796.000021509826
6585,OK,102.600,0.44,15888.69997067377
6586,OK,130.000,0.44,15825.900016352534
6587,OK,92.200,0.44,15834.299963898957
6588,OK,109.500,0.44,15763.800009153783
6589,OK,85.500,0.44,15877.500001806766
6590,OK,67.200,0.44,15909.300011117011
6591,OK,95.800,0.44,15893.10000417754
6592,OK,101.200,0.44,15505.800023674965
6593,OK,92.600,0.44,15868.599992245436
6594,OK,70.400,0.44,15863.50001161918
6595,OK,72.900,0.44,15859.600040130317
6596,OK,64.500,0.44,15987.400023732334
6597,OK,84.700,0.44,15877.300000283867
6598,OK,85.900,0.44,15858.399972785264
6599,OK,95.400,0.44,15859.299979638308
6600,OK,107.600,0.44,15884.700056631118
6601,OK,97.300,0.44,15665.599959902465
6602,OK,88.400,0.44,15831.400000024587
6603,OK,115.100,0.44,15826.700022444129
6604,OK,101.900,0.44,15843.899978790432
6605,OK,90.900,0.44,15867.799986153841
6606,OK,116.900,0.44,15818.199957720935
6607,OK,124.600,0.44,15784.399991389364
6608,OK,85.900,0.44,16229.699947871268
6609,OK,269.300,0.44,15141.299983952194
6610,OK,83.500,0.44,15953.099995385855
6611,OK,90.100,0.44,15880.100021604449
6612,OK,79.900,0.44,15789.300028700382
6613,OK,106.700,0.44,15903.3999661915
6614,OK,62.400,0.44,15823.299996554852
6615,OK,62.500,0.44,15881.799976341426
6616,OK,75.000,0.44,15925.79996213317
6617,OK,80.000,0.44,15833.199955523014
6618,OK,66.400,0.44,15965.499973390251
6619,OK,64.800,0.44,15901.800012215972
6620,OK,77.000,0.44,15798.2999808155
6621,OK,60.500,0.44,15954.300004523247
6622,OK,66.700,0.44,15814.59998851642
6623,OK,69.900,0.44,15965.999977197498
6624,OK,62.300,0.44,15895.800024736673
6625,OK,92.700,0.44,16671.699995640665
6626,OK,91.200,0.44,15007.10000982508
6627,OK,129.000,0.44,15813.09997709468
6628,OK,109.200,0.44,15847.500006202608
6629,OK,116.100,0.44,15793.099999427795
6630,OK,120.700,0.44,15849.800023715943
6631,OK,110.000,0.44,15843.099972698838
6632,OK,86.100,0.44,15800.699999090284
6633,OK,87.900,0.44,15835.799975320697
6634,OK,98.900,0.44,15884.39999613911
6635,OK,112.300,0.44,15862.600004766136
6636,OK,77.700,0.44,15826.50002092123
6637,OK,81.000,0.44,15951.999987009913
6638,OK,116.700,0.44,15772.899962030351
6639,OK,112.000,0.44,15861.099993344396
6640,OK,103.800,0.44,15867.799986153841
6641,OK,74.500,0.44,15791.799989528954
6642,OK,94.500,0.44,15869.200055021793
6643,OK,111.100,0.44,15797.199972439557
6644,OK,109.100,0.44,15860.400046221912
6645,OK,107.300,0.44,15851.300035137683
6646,OK,183.500,0.44,15724.40000018105
6647,OK,95.100,0.44,15800.499997567385
6648,OK,213.500,0.44,15737.300040200353
6649,OK,61.400,0.44,15922.299993690103
6650,OK,94.300,0.44,15774.500032421201
6651,OK,97.200,0.44,15852.799988351762
6652,OK,127.700,0.44,15863.300010096282
6653,OK,108.000,0.44,15820.899978280067
6654,OK,127.400,0.44,15881.999977864325
6655,OK,67.000,0.44,15898.499987088144
6656,OK,75.500,0.44,15873.699972871691
6657,OK,73.800,0.44,15739.399997983128
6658,OK,94.000,0.44,15825.500013306737
6659,OK,100.600,0.44,15870.100003667176
6660,OK,75.300,0.44,15863.60001238063
6661,OK,68.000,0.44,15894.70001636073
6662,OK,60.300,0.44,15888.400026597083
6663,OK,78.600,0.44,15939.900011289865
6664,OK,66.100,0.44,15877.700003329664
6665,OK,113.100,0.44,15802.200010512024
6666,OK,99.000,0.44,15802.100009750575
6667,OK,98.100,0.44,15901.300008408725
6668,OK,106.500,0.44,15832.600009161979
6669,OK,101.300,0.44,15912.29997575283
6670,OK,99.800,0.44,15831.600001547486
6671,OK,113.600,0.44,15753.299987409264
6672,OK,94.800,0.44,15874.699980486184
6673,OK,84.800,0.44,15803.999966010451
6674,OK,84.000,0.44,15919.099969323725
6675,OK,111.100,0.44,15830.399992410094
6676,OK,106.100,0.44,15839.200001209974
6677,OK,96.500,0.44,15835.599973797798
6678,OK,90.000,0.44,15908.500005025417
6679,OK,151.500,0.44,15776.799991726875
6680,OK,120.700,0.44,15758.19996651262
6681,OK,68.400,0.44,15897.299977950752
6682,OK,78.400,0.44,15917.800017632544
6683,OK,89.900,0.44,15851.100033614784
6684,OK,109.600,0.44,15841.500018723309
6685,OK,107.100,0.44,16243.799997027963
6686,OK,242.800,0.44,15165.299992077053
6687,OK,97.700,0.44,15908.00000121817
6688,OK,98.700,0.44,15850.899973884225
6689,OK,104.100,0.44,15838.999999687076
6690,OK,77.800,0.44,15863.200009334832
6691,OK,104.000,0.44,15880.300023127347
6692,OK,127.900,0.44,15654.600050766021
6693,OK,82.600,0.44,15935.400035232306
6694,OK,94.800,0.44,15837.799990549684
6695,OK,81.400,0.44,15934.399969410151
6696,OK,67.800,0.44,15905.20003810525
6697,OK,70.200,0.44,15898.000041488558
6698,OK,69.600,0.44,15879.8000193201
6699,OK,67.500,0.44,15908.10000197962
6700,OK,66.900,0.44,15901.400009170175
6701,OK,149.100,0.44,15480.200003366917
6702,OK,100.700,0.44,15935.199975501746
6703,OK,102.100,0.44,15751.200029626489
6704,OK,65.100,0.44,15914.999996311963
6705,OK,75.700,0.44,15900.300000794232
6706,OK,76.100,0.44,15843.399974983186
6707,OK,77.200,0.44,15945.09999267757
6708,OK,82.500,0.44,15885.100001469254
6709,OK,62.900,0.44,15853.999997489154
6710,OK,67.400,0.44,16076.80000597611
6711,OK,170.300,0.44,15509.49999364093
6712,OK,128.200,0.44,15764.500014483929
6713,OK,89.200,0.44,15906.70004952699
6714,OK,79.100,0.44,15884.29999537766
6715,OK,83.700,0.44,15876.099991146475
6716,OK,88.300,0.44,15867.200039792806
6717,OK,87.900,0.44,15870.90000975877
6718,OK,110.000,0.44,15800.300054252148
6719,OK,77.800,0.44,15833.300014492124
6720,OK,98.500,0.44,15858.399972785264
6721,OK,107.100,0.44,15881.999977864325
6722,OK,95.700,0.44,15822.399989701807
6723,OK,96.900,0.44,15841.700020246208
6724,OK,94.000,0.44,15840.300009585917
6725,OK,85.300,0.44,15842.9000293836
6726,OK,90.400,0.44,15853.19999139756
6727,OK,87.200,0.44,15879.400016274303
6728,OK,84.400,0.44,15852.000040467829
6729,OK,82.500,0.44,15881.599974818528
6730,OK,84.600,0.44,15861.799998674542
6731,OK,90.900,0.44,15904.300031252205
6732,OK,61.800,0.44,15867.699985392392
6733,OK,66.700,0.44,15939.00000443682
6734,OK,98.300,0.44,15894.70001636073
6735,OK,110.800,0.44,15791.199984960258
6736,OK,77.700,0.44,15797.399973962456
6737,OK,136.400,0.44,15795.50001770258
6738,OK,103.000,0.44,15905.999985989183
6739,OK,94.000,0.44,15850.799973122776
6740,OK,95.400,0.44,15802.000008989125
6741,OK,124.100,0.44,15819.899970665574
6742,OK,108.900,0.44,15898.199984803796
6743,OK,77.700,0.44,15832.200006116182
6744,OK,107.200,0.44,15802.100009750575
6745,OK,110.700,0.44,15785.499999765307
6746,OK,75.700,0.44,15915.099997073412
6747,OK,96.200,0.44,15815.99999917671
6748,OK,75.700,0.44,15926.099964417517
6749,OK,90.900,0.44,15970.800013747066
6750,OK,110.100,0.44,15801.600005943328
6751,OK,98.000,0.44,15769.399993587285
6752,OK,116.900,0.44,15863.599954172969
6753,OK,112.600,0.44,15796.89997015521
6754,OK,71.500,0.44,15896.600030828267
6755,OK,75.800,0.44,15778.600005432963
6756,OK,60.500,0.44,15979.700023308396
6757,OK,70.800,0.44,15895.199961960316
6758,OK,71.300,0.44,15890.29998285696
6759,OK,68.400,0.44,15894.59995739162
6760,OK,66.000,0.44,15889.099973719567
6761,OK,73.800,0.44,16008.999955374748
6762,OK,114.000,0.44,15680.200012866408
6763,OK,104.600,0.44,15803.199959918857
6764,OK,100.700,0.44,15964.29996425286
6765,OK,96.600,0.44,15841.800021007657
6766,OK,100.800,0.44,15845.300047658384
6767,OK,100.700,0.44,15836.099977605045
6768,OK,98.200,0.44,15835.899976082146
6769,OK,105.400,0.44,15880.899969488382
6770,OK,198.600,0.44,15706.39997953549
6771,OK,166.500,0.44,15753.599989693612
6772,OK,139.900,0.44,15738.599991891533
6773,OK,99.000,0.44,15769.399993587285
6774,OK,66.700,0.44,15883.700049016625
6775,OK,71.800,0.44,15984.800003934652
6776,OK,78.100,0.44,15815.99999917671
6777,OK,92.600,0.44,15899.799996986985
6778,OK,87.600,0.44,15882.199979387224
6779,OK,90.600,0.44,15799.099986907095
6780,OK,81.700,0.44,15873.400028795004
6781,OK,84.300,0.44,15880.599967204034
6782,OK,81.800,0.44,15900.900005362928
6783,OK,164.500,0.44,15751.10002886504
6784,OK,95.900,0.44,15964.399965014309
6785,OK,66.300,0.44,15945.799998007715
6786,OK,70.000,0.44,15904.399973805994
6787,OK,85.200,0.44,15749.499958474189
6788,OK,121.600,0.44,16129.600000567734
6789,OK,154.500,0.44,15567.600028589368
6790,OK,208.500,0.44,15681.000018958002
6791,OK,108.300,0.44,16027.9999836348
6792,OK,134.800,0.44,15895.400021690875
6793,OK,160.300,0.44,15476.999979000539
6794,OK,147.800,0.44,16074.099985416979
6795,OK,163.600,0.44,15430.200030095875
6796,OK,224.700,0.44,15341.99999878183
6797,OK,124.900,0.44,15781.700029037893
6798,OK,96.900,0.44,15831.099997740239
6799,OK,65.800,0.44,15946.799947414547
6800,OK,142.500,0.44,15707.499987911433
6801,OK,158.500,0.44,15599.6999819763
6802,OK,294.500,0.44,15496.800013352185
6803,OK,48.400,0.44,15902.400016784668
6804,OK,64.600,0.44,15951.999987009913
6805,OK,74.600,0.44,15836.500038858503
6806,OK,80.800,0.44,15992.40000359714
6807,OK,66.500,0.44,15835.999976843596
6808,OK,57.900,0.44,15881.700033787638
6809,OK,84.800,0.44,15925.300016533583
6810,OK,76.300,0.44,15896.30002854392
6811,OK,58.000,0.44,15885.70000603795
6812,OK,61.500,0.44,15874.699980486184
6813,OK,53.700,0.44,15957.600029651076
6814,OK,61.800,0.44,15897.49997947365
6815,OK,64.400,0.44,15907.399996649474
6816,OK,74.300,0.44,15883.599990047514
6817,OK,83.800,0.44,15870.499948505312
6818,OK,60.100,0.44,15880.400023888797
6819,OK,58.500,0.44,15842.59996889159
6820,OK,48.900,0.44,15995.29996747151
6821,OK,64.500,0.44,15857.80002642423
6822,OK,38.100,0.44,15939.900011289865
6823,OK,39.700,0.44,15934.80003066361
6824,OK,53.100,0.44,15934.299968648702
6825,OK,65.400,0.44,15873.90003260225
6826,OK,54.200,0.44,15895.100019406527
6827,OK,52.300,0.44,15961.600001901388
6828,OK,54.100,0.44,15926.199965178967
6829,OK,54.900,0.44,15855.600009672344
6830,OK,62.900,0.44,15921.099984552711
6831,OK,58.200,0.44,15959.89998895675
6832,OK,75.700,0.44,15833.000012207776
6833,OK,78.400,0.44,15962.200006470084
6834,OK,65.200,0.44,15892.899944446981
6835,OK,56.200,0.44,15916.300006210804
6836,OK,54.500,0.44,15892.399998847395
6837,OK,55.900,0.44,15912.40003472194
6838,OK,62.300,0.44,15942.999976687133
6839,OK,73.700,0.44,15873.599972110242
6840,OK,66.900,0.44,15895.599965006113
6841,OK,62.900,0.44,15890.799986664206
6842,OK,61.400,0.44,15879.100013989955
6843,OK,54.600,0.44,15928.399981930852
6844,OK,78.400,0.44,15870.500006712973
6845,OK,78.800,0.44,15868.399990722537
6846,OK,80.700,0.44,15845.199988689274
6847,OK,99.900,0.44,15918.800025247037
6848,OK,89.100,0.44,15758.699970319867
6849,OK,66.600,0.44,15989.899984560907
6850,OK,47.500,0.44,15926.700027193874
6851,OK,51.100,0.44,15925.90002110228
6852,OK,68.500,0.44,15900.60000307858
6853,OK,84.900,0.44,15815.200051292777
6854,OK,99.300,0.44,15907.699998933822
6855,OK,80.700,0.44,15855.400008149445
6856,OK,67.400,0.44,15888.400026597083
6857,OK,55.700,0.44,15900.400001555681
6858,OK,78.000,0.44,15851.600037422031
6859,OK,52.800,0.44,15975.99999513477
6860,OK,63.400,0.44,15894.999960437417
6861,OK,73.500,0.44,15902.600018307567
6862,OK,80.400,0.44,15828.800038434565
6863,OK,80.800,0.44,15935.99998159334
6864,OK,115.100,0.44,15798.899985384196
6865,OK,85.000,0.44,15812.100027687848
6866,OK,57.400,0.44,15950.599976349622
6867,OK,71.900,0.44,15893.899952061474
6868,OK,66.100,0.44,15904.000028967857
6869,OK,71.000,0.44,15901.700011454523
6870,OK,85.800,0.44,15871.400013566017
6871,OK,72.800,0.44,15851.000032853335
6872,OK,105.200,0.44,15813.30003682524
6873,OK,98.000,0.44,15834.700025152415
6874,OK,85.200,0.44,15895.100019406527
6875,OK,83.600,0.44,15812.099969480187
6876,OK,53.700,0.44,15900.70000384003
6877,OK,55.100,0.44,15946.300001814961
6878,OK,93.600,0.44,15795.899962540716
6879,OK,60.700,0.44,15949.699969496578
6880,OK,76.800,0.44,15834.100020583719
6881,OK,74.100,0.44,15893.900010269135
6882,OK,88.400,0.44,15916.80001001805
6883,OK,72.300,0.44,15850.599971599877
6884,OK,68.000,0.44,15892.499999608845
6885,OK,64.600,0.44,15871.700015850365
6886,OK,67.800,0.44,15868.300048168749
6887,OK,89.800,0.44,15993.500011973083
6888,OK,70.600,0.44,15784.499992150813
6889,OK,86.200,0.44,15964.999969583005
6890,OK,58.200,0.44,15897.49997947365
6891,OK,53.000,0.44,15919.100027531385
6892,OK,59.200,0.44,15910.100017208606
6893,OK,54.600,0.44,15868.599992245436
6894,OK,59.400,0.44,15927.20003100112
6895,OK,57.800,0.44,15896.199969574809
6896,OK,57.900,0.44,15894.900017883629
6897,OK,145.100,0.44,15777.299995534122
6898,OK,81.600,0.44,15882.000036071986
6899,OK,59.800,0.44,15893.599949777126
6900,OK,60.400,0.44,15920.200035907328
6901,OK,72.500,0.44,15764.40001372248
6902,OK,66.500,0.44,15814.49998775497
6903,OK,113.700,0.44,15871.600015088916
6904,OK,64.000,0.44,15891.5999927558
6905,OK,82.300,0.44,15769.399993587285
6906,OK,93.800,0.44,15913.200040813535
6907,OK,78.200,0.44,15849.499963223934
6908,OK,77.800,0.44,15912.999981082976
6909,OK,77.800,0.44,15875.999990385026
6910,OK,65.600,0.44,15909.999958239496
6911,OK,86.300,0.44,15864.099957980216
6912,OK,82.400,0.44,15952.099987771362
6913,OK,88.900,0.44,15780.199959408492
6914,OK,65.000,0.44,15895.899967290461
6915,OK,119.200,0.44,15831.900003831834
6916,OK,69.800,0.44,15887.600020505488
6917,OK,66.000,0.44,15874.899982009083
6918,OK,62.600,0.44,15932.100010104477
6919,OK,66.200,0.44,15887.09995849058
6920,OK,66.800,0.44,15890.19998209551
6921,OK,66.600,0.44,15873.100026510656
6922,OK,67.500,0.44,15962.300007231534
6923,OK,67.500,0.44,15852.099983021617
6924,OK,59.900,0.44,15847.30000467971
6925,OK,57.700,0.44,15926.400024909526
6926,OK,60.100,0.44,15947.699954267591
6927,OK,76.300,0.44,15889.000031165779
6928,OK,56.000,0.44,15935.399977024645
6929,OK,65.800,0.44,15880.300023127347
6930,OK,56.200,0.44,15914.099989458919
6931,OK,56.400,0.44,15865.399967879057
6932,OK,67.300,0.44,15847.100003156811
6933,OK,44.600,0.44,15951.399982441217
6934,OK,60.300,0.44,15874.299977440387
6935,OK,53.100,0.44,15946.200001053512
6936,OK,52.700,0.44,15990.099986083806
6937,OK,173.300,0.44,15627.199958544225
6938,OK,72.500,0.44,15933.900023810565
6939,OK,86.100,0.44,15886.100009083748
6940,OK,77.100,0.44,15870.200004428625
6941,OK,72.700,0.44,15803.400019649416
6942,OK,85.300,0.44,15841.699962038547
6943,OK,77.700,0.44,15941.300021950155
6944,OK,51.500,0.44,15948.400017805398
6945,OK,64.900,0.44,15857.100021094084
6946,OK,127.800,0.44,15887.40001898259
6947,OK,74.200,0.44,15824.900008738041
6948,OK,95.700,0.44,15803.200018126518
6949,OK,100.600,0.44,15871.899959165603
6950,OK,90.900,0.44,15876.99999799952
6951,OK,102.500,0.44,15858.299972023815
6952,OK,121.800,0.44,15794.900013133883
6953,OK,83.700,0.44,15928.499982692301
6954,OK,77.500,0.44,15869.299997575581
6955,OK,65.000,0.44,15938.399999868125
6956,OK,141.400,0.44,15712.5000259839
6957,OK,72.500,0.44,15928.299981169403
6958,OK,69.000,0.44,15885.000000707805
6959,OK,76.300,0.44,15884.899999946356
6960,OK,75.300,0.44,15815.499995369464
6961,OK,81.600,0.44,15939.00000443682
6962,OK,75.200,0.44,15800.399996805936
6963,OK,92.100,0.44,15821.099979802966
6964,OK,79.800,0.44,15878.600010182709
6965,OK,102.400,0.44,15850.900032091886
6966,OK,114.400,0.44,15841.600019484758
6967,OK,151.900,0.44,15767.599979881197
6968,OK,119.400,0.44,15852.799988351762
6969,OK,99.500,0.44,15814.199985470623
6970,OK,98.900,0.44,15828.999981749803
6971,OK,100.600,0.44,15843.299974221736
6972,OK,108.400,0.44,15877.700003329664
6973,OK,86.000,0.44,16016.599955037236
6974,OK,129.600,0.44,15588.200010824949
6975,OK,113.500,0.44,15824.700007215142
6976,OK,130.600,0.44,15873.000025749207
6977,OK,97.600,0.44,15760.999987833202
6978,OK,122.200,0.44,15837.099985219538
6979,OK,103.900,0.44,15857.200021855533
6980,OK,115.900,0.44,15804.499969817698
6981,OK,113.100,0.44,15830.299991648644
6982,OK,122.200,0.44,15829.599986318499
6983,OK,117.800,0.44,15809.500007890165
6984,OK,100.500,0.44,15826.699964236468
6985,OK,89.400,0.44,15881.499974057078
6986,OK,98.000,0.44,15841.899963561445
6987,OK,98.100,0.44,15841.100015677512
6988,OK,103.600,0.44,15846.900001633912
6989,OK,96.600,0.44,15876.099991146475
6990,OK,85.800,0.44,15776.799991726875
6991,OK,59.200,0.44,15992.900007404387
6992,OK,103.300,0.44,15813.500038348138
6993,OK,88.400,0.44,15959.399985149503
6994,OK,159.500,0.44,16192.50001385808
6995,OK,141.400,0.44,15251.400007400662
6996,OK,125.700,0.44,15753.199986647815
6997,OK,74.500,0.44,15881.700033787638
6998,OK,82.900,0.44,15859.09997811541
6999,OK,70.200,0.44,15925.79996213317
7000,OK,78.300,0.44,15893.900010269135
7001,OK,88.100,0.44,15724.800003226846
7002,OK,73.900,0.44,15922.499995213002
7003,OK,93.200,0.44,15813.699981663376
7004,OK,89.600,0.44,15867.299982346594
7005,OK,89.900,0.44,15819.400025065988
7006,OK,92.500,0.44,15891.199989710003
7007,OK,101.700,0.44,15847.900009248406
7008,OK,109.300,0.44,15904.400032013655
7009,OK,172.400,0.44,15682.299970649183
7010,OK,95.400,0.44,15837.299986742437
7011,OK,86.800,0.44,15855.000005103648
7012,OK,85.000,0.44,15890.500042587519
7013,OK,86.200,0.44,15872.099960688502
7014,OK,86.900,0.44,15869.299997575581
7015,OK,84.400,0.44,15876.99999799952
7016,OK,128.600,0.44,15770.800004247576
7017,OK,86.000,0.44,15827.600029297173
7018,OK,62.000,0.44,15856.300015002489
7019,OK,83.500,0.44,15910.300018731505
7020,OK,71.200,0.44,15927.500033285469
7021,OK,87.300,0.44,15892.399998847395
7022,OK,102.800,0.44,15830.89999621734
7023,OK,93.200,0.44,15852.999989874661
7024,OK,81.300,0.44,15906.199987512082
7025,OK,141.900,0.44,15767.1999768354
7026,OK,74.400,0.44,15871.800016611814
7027,OK,71.200,0.44,16038.30000385642
7028,OK,155.700,0.44,15591.699979268014
7029,OK,83.800,0.44,15943.60003946349
7030,OK,59.100,0.44,15799.099986907095
7031,OK,54.300,0.44,16135.099984239787
7032,OK,124.400,0.44,15965.90003464371
7033,OK,158.000,0.44,15668.700041715056
7034,OK,219.400,0.44,15512.700018007308
7035,OK,120.500,0.44,15754.299995023757
7036,OK,78.600,0.44,15830.89999621734
7037,OK,72.200,0.44,15933.20001848042
7038,OK,87.500,0.44,15851.100033614784
7039,OK,80.600,0.44,16078.499960713089
7040,OK,102.200,0.44,15875.29998505488
7041,OK,130.800,0.44,15645.099978428334
7042,OK,106.600,0.44,16075.39999531582
7043,OK,148.500,0.44,15595.600008964539
7044,OK,254.100,0.44,15727.499965578318
7045,OK,170.100,0.44,15680.600015912205
7046,OK,239.900,0.44,15677.800052799284
7047,OK,258.500,0.44,15546.899987384677
7048,OK,230.800,0.44,15705.00002708286
7049,OK,250.400,0.44,15470.599988475442
7050,OK,252.300,0.44,15717.600006610155
7051,OK,207.500,0.44,15676.700044423342
7052,OK,254.300,0.44,15599.399979691952
7053,OK,281.100,0.44,15455.299988389015
7054,OK,103.500,0.44,16186.899971216917
7055,OK,99.300,0.44,15554.499987047166
7056,OK,100.100,0.44,16097.299987450242
7057,OK,82.200,0.44,15945.899998769164
7058,OK,134.500,0.44,15976.599999703467
7059,OK,152.500,0.44,15690.800035372376
7060,OK,185.500,0.44,15607.30003984645
7061,OK,194.400,0.44,15891.499991994351
7062,OK,244.700,0.44,15528.400021139532
7063,OK,186.300,0.44,15800.900000613183
7064,OK,194.000,0.44,15751.699975226074
7065,OK,197.300,0.44,15470.499987713993
7066,OK,311.500,0.44,15458.699956070632
7067,OK,144.200,0.44,15600.700047798455
7068,OK,210.600,0.44,16164.099972229451
7069,OK,183.200,0.44,15555.499994661659
7070,OK,207.100,0.44,15691.500040702522
7071,OK,196.600,0.44,15584.499982651323
7072,OK,194.500,0.44,15724.500000942498
7073,OK,252.300,0.44,15585.500048473477
7074,OK,261.400,0.44,15631.699992809445
7075,OK,254.000,0.44,15667.700034100562
7076,OK,274.400,0.44,15583.599975798279
7077,OK,254.500,0.44,15397.700015455484
7078,OK,173.600,0.44,15830.89999621734
7079,OK,122.100,0.44,15722.899988759309
7080,OK,79.000,0.44,15793.200000189245
7081,OK,58.500,0.44,15853.399992920458
7082,OK,57.900,0.44,16306.400008033961
7083,OK,76.500,0.44,15890.19998209551
7084,OK,100.400,0.44,15631.199989002198
7085,OK,109.600,0.44,15992.000000551343
7086,OK,103.400,0.44,15728.199970908463
7087,OK,125.800,0.44,15966.200036928058
7088,OK,169.000,0.44,15953.699999954551
7089,OK,185.500,0.44,15720.499970484525
7090,OK,183.400,0.44,15581.799962092191
7091,OK,185.100,0.44,15583.599975798279
7092,OK,186.400,0.44,16038.000001572073
7093,OK,257.700,0.44,15495.500003453344
7094,OK,246.100,0.44,15530.500037129968
7095,OK,197.300,0.44,16055.099957156926
7096,OK,191.800,0.44,15312.700008507818
7097,OK,183.900,0.44,15993.399953003973
7098,OK,187.000,0.44,15511.300007347018
7099,OK,192.700,0.44,15707.000042311847
7100,OK,160.900,0.44,15675.300033763051
7101,OK,189.800,0.44,15442.400006577373
7102,OK,186.000,0.44,15500.299981795251
7103,OK,170.300,0.44,15766.399970743805
7104,OK,108.700,0.44,16149.899980518967
7105,OK,120.000,0.44,15715.699992142618
7106,OK,97.100,0.44,16026.900033466518
7107,OK,120.200,0.44,15450.000006239861
7108,OK,148.700,0.44,16218.500037211925
7109,OK,184.100,0.44,15155.899978708476
7110,OK,121.200,0.44,16127.700044307858
7111,OK,56.900,0.44,15829.70004528761
7112,OK,74.200,0.44,15735.200024209917
7113,OK,225.100,0.44,15970.999957062304
7114,OK,140.800,0.44,15879.499958828092
7115,OK,237.000,0.44,15482.400020118803
7116,OK,184.800,0.44,15683.599980548024
7117,OK,261.100,0.44,15708.10005068779
7118,OK,191.100,0.44,15924.800012726337
7119,OK,192.800,0.44,15699.599985964596
7120,OK,296.600,0.44,15588.300011586398
7121,OK,191.900,0.44,15774.500032421201
7122,OK,190.600,0.44,15697.299968451262
7123,OK,276.300,0.44,15059.09999832511
7124,OK,115.700,0.44,15849.500021431595
7125,OK,106.700,0.44,15904.300031252205
7126,OK,152.800,0.44,15655.199997127056
7127,OK,72.200,0.44,15816.400002222508
7128,OK,51.800,0.44,15893.000003416091
7129,OK,61.200,0.44,15935.099974740297
7130,OK,48.000,0.44,15939.00000443682
7131,OK,49.500,0.44,15919.099969323725
7132,OK,88.800,0.44,15895.400021690875
7133,OK,77.000,0.44,15881.699975579977
7134,OK,49.800,0.44,15863.799955695868
7135,OK,56.300,0.44,15989.899984560907
7136,OK,61.900,0.44,15884.699998423457
7137,OK,58.000,0.44,15900.50000231713
7138,OK,60.200,0.44,15916.300006210804
7139,OK,60.500,0.44,15898.699988611042
7140,OK,68.800,0.44,15883.999993093312
7141,OK,64.400,0.44,15925.499959848821
7142,OK,87.800,0.44,15809.900010935962
7143,OK,62.200,0.44,15889.700036495924
7144,OK,69.700,0.44,15905.699983704835
7145,OK,91.500,0.44,15829.29998403415
7146,OK,63.900,0.44,15985.00000545755
7147,OK,94.900,0.44,15777.900000102818
7148,OK,90.000,0.44,15901.800012215972
7149,OK,73.900,0.44,15893.700008746237
7150,OK,73.200,0.44,15838.499995879829
7151,OK,73.500,0.44,15969.200001563877
7152,OK,88.000,0.44,15774.799976497889
7153,OK,105.500,0.44,15828.00003234297
7154,OK,86.600,0.44,15909.40001187846
7155,OK,81.000,0.44,15884.099993854761
7156,OK,65.600,0.44,15885.70000603795
7157,OK,80.300,0.44,15886.799956206232
7158,OK,72.900,0.44,15866.400033701211
7159,OK,84.900,0.44,15898.599987849593
7160,OK,53.400,0.44,15864.300017710775
7161,OK,46.500,0.44,15935.099974740297
7162,OK,56.400,0.44,15909.799956716597
7163,OK,73.900,0.44,15873.89997439459
7164,OK,59.300,0.44,15914.499992504716
7165,OK,62.700,0.44,15903.800027444959
7166,OK,55.600,0.44,15918.50002296269
7167,OK,59.200,0.44,15870.100003667176
7168,OK,85.400,0.44,15885.000000707805
7169,OK,72.400,0.44,15782.499976921827
7170,OK,63.800,0.44,15907.099994365126
7171,OK,55.000,0.44,15926.500025670975
7172,OK,82.600,0.44,15884.599997662008
7173,OK,87.000,0.44,15885.099943261594
7174,OK,76.400,0.44,15881.499974057078
7175,OK,73.300,0.44,15891.399991232902
7176,OK,65.000,0.44,15885.100001469254
7177,OK,73.600,0.44,15896.899974904954
7178,OK,64.500,0.44,15836.100035812706
7179,OK,102.800,0.44,15777.299995534122
7180,OK,69.900,0.44,15934.300026856363
7181,OK,74.400,0.44,15856.300015002489
7182,OK,90.300,0.44,15806.299983523786
7183,OK,72.700,0.44,15980.199968907982
7184,OK,56.100,0.44,15913.99998869747
7185,OK,81.200,0.44,15891.69999351725
7186,OK,64.200,0.44,15847.500006202608
7187,OK,81.400,0.44,15929.499990306795
7188,OK,69.800,0.44,15903.800027444959
7189,OK,70.700,0.44,15860.799991060048
7190,OK,68.500,0.44,15915.39999935776
7191,OK,65.700,0.44,15902.099956292659
7192,OK,68.000,0.44,15883.599990047514
7193,OK,68.600,0.44,15902.500017546117
7194,OK,67.700,0.44,15881.600033026189
7195,OK,66.600,0.44,15875.39998581633
7196,OK,64.300,0.44,15847.800008486956
7197,OK,62.100,0.44,15856.000012718141
7198,OK,49.300,0.44,16016.000008676201
7199,OK,59.100,0.44,15903.3999661915
7200,OK,65.700,0.44,15902.799961622804
7201,OK,60.400,0.44,15776.09998639673
7202,OK,54.800,0.44,15833.200013730675
7203,OK,91.900,0.44,16145.600005984306
7204,OK,106.400,0.44,15547.599992714822
7205,OK,99.900,0.44,15820.500033441931
7206,OK,127.200,0.44,15795.600018464029
7207,OK,105.500,0.44,15891.199989710003
7208,OK,76.500,0.44,15828.200033865869
7209,OK,78.700,0.44,15894.000011030585
7210,OK,102.300,0.44,15790.99998343736
7211,OK,59.300,0.44,15924.19994994998
7212,OK,56.600,0.44,15939.10000519827
7213,OK,73.400,0.44,15803.600021172315
7214,OK,54.500,0.44,16013.999993447214
7215,OK,96.400,0.44,15848.999959416687
7216,OK,61.900,0.44,15849.399962462485
7217,OK,53.300,0.44,15898.99999089539
7218,OK,49.700,0.44,15910.89996509254
7219,OK,59.700,0.44,15916.300006210804
7220,OK,59.800,0.44,15910.199959762394
7221,OK,54.600,0.44,15907.599998172373
7222,OK,59.300,0.44,15865.799970924854
7223,OK,48.700,0.44,15946.800005622208
7224,OK,54.500,0.44,15924.999956041574
7225,OK,79.300,0.44,15888.80002964288
7226,OK,52.300,0.44,15956.79996535182
7227,OK,73.400,0.44,15890.29998285696
7228,OK,94.200,0.44,15888.90003040433
7229,OK,69.100,0.44,15854.299999773502
7230,OK,88.000,0.44,15822.199988178909
7231,OK,62.300,0.44,15817.200008314103
7232,OK,53.000,0.44,15997.599984984845
7233,OK,54.300,0.44,15850.999974645674
7234,OK,81.900,0.44,15890.599985141307
7235,OK,52.700,0.44,15950.500033795834
7236,OK,59.800,0.44,15905.599982943386
7237,OK,62.800,0.44,15908.00000121817
7238,OK,85.900,0.44,15872.300020419061
7239,OK,71.700,0.44,15892.399998847395
7240,OK,65.900,0.44,15890.100039541721
7241,OK,84.400,0.44,15872.300020419061
7242,OK,69.900,0.44,15869.599999859929
7243,OK,66.100,0.44,15922.8999982588
7244,OK,66.000,0.44,15908.300003502518
7245,OK,75.400,0.44,15888.199966866523
7246,OK,71.200,0.44,15884.099993854761
7247,OK,72.700,0.44,15827.500028535724
7248,OK,62.900,0.44,15899.3000513874
7249,OK,64.200,0.44,15951.099980156869
7250,OK,83.300,0.44,15851.399977691472
7251,OK,74.800,0.44,15813.799982424825
7252,OK,90.200,0.44,15880.200022365898
7253,OK,74.000,0.44,15936.399984639138
7254,OK,85.200,0.44,15893.10000417754
7255,OK,94.600,0.44,15758.200024720281
7256,OK,98.800,0.44,15875.699988100678
7257,OK,95.800,0.44,15932.700014673173
7258,OK,85.400,0.44,15861.199994105846
7259,OK,66.400,0.44,15840.999956708401
7260,OK,62.700,0.44,15893.500007223338
7261,OK,60.000,0.44,15878.100006375462
7262,OK,53.000,0.44,15990.300045814365
7263,OK,144.300,0.44,15770.800004247576
7264,OK,89.000,0.44,15835.600032005459
7265,OK,65.800,0.44,15881.099971011281
7266,OK,55.500,0.44,15928.099979646504
7267,OK,70.800,0.44,15889.999980572611
7268,OK,78.300,0.44,15838.39999511838
7269,OK,60.900,0.44,15922.999999020249
7270,OK,71.700,0.44,15892.800001893193
7271,OK,122.200,0.44,15834.600024390966
7272,OK,65.600,0.44,15900.70000384003
7273,OK,73.800,0.44,15840.600011870265
7274,OK,75.800,0.44,15940.299956128001
7275,OK,70.600,0.44,15858.000027947128
7276,OK,147.100,0.44,15825.700014829636
7277,OK,74.200,0.44,15893.500007223338
7278,OK,71.700,0.44,15881.899977102876
7279,OK,73.400,0.44,15774.900035466999
7280,OK,70.500,0.44,15937.100048176944
7281,OK,140.300,0.44,15727.900026831776
7282,OK,110.300,0.44,15882.899984717369
7283,OK,105.400,0.44,15916.9000107795
7284,OK,71.500,0.44,15890.100039541721
7285,OK,70.600,0.44,15908.00000121817
7286,OK,67.400,0.44,15863.300010096282
7287,OK,80.400,0.44,15835.29997151345
7288,OK,99.200,0.44,15811.200020834804
7289,OK,89.600,0.44,15851.999982260168
7290,OK,87.300,0.44,15883.200045209378
7291,OK,91.400,0.44,15880.400023888797
7292,OK,85.700,0.44,15838.39999511838
7293,OK,87.400,0.44,15858.400030992925
7294,OK,92.000,0.44,15853.299992159009
7295,OK,93.300,0.44,15851.100033614784
7296,OK,79.700,0.44,15910.499962046742
7297,OK,113.300,0.44,15836.89998369664
7298,OK,100.000,0.44,15826.39996195212
7299,OK,100.900,0.44,15832.50000840053
7300,OK,107.300,0.44,15839.80000577867
7301,OK,114.500,0.44,15682.999975979328
7302,OK,105.500,0.44,15882.999985478818
7303,OK,247.200,0.44,15553.199977148324
7304,OK,124.200,0.44,15777.299995534122
7305,OK,75.000,0.44,15899.399993941188
7306,OK,146.600,0.44,15739.599999506027
7307,OK,114.400,0.44,16194.599971640855
7308,OK,119.100,0.44,15438.29997535795
7309,OK,134.500,0.44,15827.79997261241
7310,OK,103.500,0.44,15810.700017027557
7311,OK,101.500,0.44,15852.900047320873
7312,OK,74.300,0.44,15852.400043513626
7313,OK,59.100,0.44,15974.399982951581
7314,OK,89.500,0.44,15815.400052815676
7315,OK,96.700,0.44,15894.000011030585
7316,OK,114.200,0.44,15817.6000113599
7317,OK,101.200,0.44,15829.3999847956
7318,OK,72.400,0.44,15865.199966356158
7319,OK,72.200,0.44,15879.600017797202
7320,OK,65.800,0.44,15921.800048090518
7321,OK,64.500,0.44,15928.79998497665
7322,OK,86.200,0.44,15854.400000534952
7323,OK,65.900,0.44,15909.000008832663
7324,OK,80.700,0.44,15832.600009161979
7325,OK,56.900,0.44,15974.299982190132
7326,OK,55.300,0.44,15878.600010182709
7327,OK,57.000,0.44,16012.800042517483
7328,OK,130.800,0.44,15681.599965319037
7329,OK,83.100,0.44,15881.499974057078
7330,OK,68.600,0.44,15912.000031676143
7331,OK,83.200,0.44,15844.499983359128
7332,OK,80.300,0.44,15915.39999935776
7333,OK,90.900,0.44,15783.59998529777
7334,OK,78.100,0.44,15904.800035059452
7335,OK,106.900,0.44,15816.500002983958
7336,OK,85.700,0.44,15972.300025168806
7337,OK,114.400,0.44,15779.10000924021
7338,OK,97.200,0.44,15814.399986993521
7339,OK,91.200,0.44,15942.300029564649
7340,OK,99.900,0.44,15795.100014656782
7341,OK,91.300,0.44,15874.199976678938
7342,OK,86.700,0.44,15868.099988438189
7343,OK,91.800,0.44,15870.600007474422
7344,OK,91.400,0.44,15850.499970838428
7345,OK,90.400,0.44,15843.799978028983
7346,OK,86.400,0.44,15860.100043937564
7347,OK,87.300,0.44,15871.10001128167
7348,OK,107.300,0.44,15831.900003831834
7349,OK,110.300,0.44,15837.299986742437
7350,OK,109.400,0.44,15834.100020583719
7351,OK,91.400,0.44,15930.900000967085
7352,OK,118.300,0.44,15782.599977683276
7353,OK,76.200,0.44,15838.999999687076
7354,OK,128.400,0.44,15844.19998107478
7355,OK,98.000,0.44,15812.799974810332
7356,OK,134.700,0.44,15871.700015850365
7357,OK,209.000,0.44,15695.300011429936
7358,OK,220.200,0.44,15730.499988421798
7359,OK,227.100,0.44,15818.500018212944
7360,OK,235.900,0.44,15416.999987792224
7361,OK,160.000,0.44,15962.80001103878
7362,OK,336.200,0.44,15550.90001784265
7363,OK,143.200,0.44,15598.999976646155
7364,OK,144.000,0.44,15633.500006515533
7365,OK,118.300,0.44,15772.599959746003
7366,OK,74.200,0.44,15917.200013063848
7367,OK,164.800,0.44,15632.800001185387
7368,OK,101.700,0.44,15814.899990800768
7369,OK,74.900,0.44,15891.199989710003
7370,OK,48.600,0.44,15912.50003548339
7371,OK,51.300,0.44,15935.599978547543
7372,OK,67.900,0.44,15881.999977864325
7373,OK,81.900,0.44,15852.999989874661
7374,OK,55.300,0.44,15897.60003844276
7375,OK,87.200,0.44,15889.099973719567
7376,OK,64.000,0.44,15909.200010355562
7377,OK,54.500,0.44,15896.499971859157
7378,OK,52.900,0.44,15916.200005449355
7379,OK,74.700,0.44,15887.600020505488
7380,OK,78.500,0.44,15879.300015512854
7381,OK,61.400,0.44,15903.000021353364
7382,OK,95.400,0.44,15903.400024399161
7383,OK,98.200,0.44,15846.499998588115
7384,OK,87.500,0.44,15783.49998453632
7385,OK,70.500,0.44,16034.499974921346
7386,OK,98.200,0.44,15781.599970068783
7387,OK,92.400,0.44,15871.400013566017
7388,OK,62.900,0.44,15925.69996137172
7389,OK,68.400,0.44,15865.699970163405
7390,OK,69.900,0.44,15881.899977102876
7391,OK,88.800,0.44,15865.600027609617
7392,OK,83.400,0.44,15947.200008668005
7393,OK,77.400,0.44,15776.10004460439
7394,OK,119.600,0.44,15915.900003165007
7395,OK,73.000,0.44,15896.299970336258
7396,OK,67.400,0.44,15830.599993932992
7397,OK,56.000,0.44,15893.800009507686
7398,OK,71.400,0.44,15886.300010606647
7399,OK,50.600,0.44,15894.200012553483
7400,OK,48.400,0.44,15945.699997246265
7401,OK,59.200,0.44,15830.299991648644
7402,OK,49.200,0.44,15924.30000891909
7403,OK,60.700,0.44,15913.099981844425
7404,OK,53.600,0.44,15942.199970595539
7405,OK,75.000,0.44,15916.000003926456
7406,OK,57.000,0.44,15878.0999481678
7407,OK,56.800,0.44,15856.000012718141
7408,OK,82.300,0.44,16157.10003534332
7409,OK,194.100,0.44,15368.200023658574
7410,OK,71.400,0.44,15826.200018636882
7411,OK,108.500,0.44,15849.800023715943
7412,OK,65.000,0.44,15892.499999608845
7413,OK,78.100,0.44,15858.400030992925
7414,OK,51.100,0.44,15944.499988108873
7415,OK,54.000,0.44,15881.599974818528
7416,OK,51.800,0.44,15927.09997203201
7417,OK,48.100,0.44,15903.299965430051
7418,OK,54.500,0.44,15942.800033371896
7419,OK,58.100,0.44,15918.600023724139
7420,OK,74.700,0.44,15889.499976765364
7421,OK,73.100,0.44,15868.299989961088
7422,OK,88.300,0.44,15876.199991907924
7423,OK,59.200,0.44,15839.80000577867
7424,OK,68.100,0.44,15909.799956716597
7425,OK,87.200,0.44,15871.800016611814
7426,OK,58.300,0.44,15894.400014076382
7427,OK,51.500,0.44,15947.599953506142
7428,OK,53.100,0.44,15905.09997913614
7429,OK,53.500,0.44,15954.100003000349
7430,OK,53.900,0.44,15859.500039368868
7431,OK,53.300,0.44,15878.699952736497
7432,OK,50.300,0.44,15970.900014508516
7433,OK,72.900,0.44,15879.000013228506
7434,OK,92.200,0.44,15824.600006453693
7435,OK,137.700,0.44,15849.799965508282
7436,OK,96.900,0.44,15802.000008989125
7437,OK,62.200,0.44,15924.800012726337
7438,OK,62.800,0.44,15891.099988948554
7439,OK,81.800,0.44,15871.900017373264
7440,OK,59.800,0.44,15901.900012977421
7441,OK,85.900,0.44,15857.999969739467
7442,OK,67.200,0.44,15949.200023896992
7443,OK,68.000,0.44,15898.399986326694
7444,OK,64.000,0.44,15861.599997151643
7445,OK,65.500,0.44,15921.29998607561
7446,OK,101.000,0.44,15855.600009672344
7447,OK,79.600,0.44,15841.800021007657
7448,OK,80.500,0.44,15909.099951386452
7449,OK,79.500,0.44,15893.10000417754
7450,OK,63.100,0.44,15929.799992591143
7451,OK,70.500,0.44,15897.899982519448
7452,OK,88.700,0.44,15814.999991562217
7453,OK,64.300,0.44,15898.100042250007
7454,OK,67.800,0.44,15880.700026173145
7455,OK,64.600,0.44,15923.999948427081
7456,OK,69.200,0.44,15888.80002964288
7457,OK,58.300,0.44,15875.39998581633
7458,OK,72.500,0.44,15908.600005786866
7459,OK,114.900,0.44,15814.80004824698
7460,OK,95.700,0.44,15876.99999799952
7461,OK,128.800,0.44,15834.200021345168
7462,OK,159.400,0.44,15760.999987833202
7463,OK,102.100,0.44,15870.000002905726
7464,OK,73.500,0.44,15874.400036409497
7465,OK,73.900,0.44,15865.700028371066
7466,OK,75.800,0.44,15879.90002008155
7467,OK,76.800,0.44,15911.1000248231
7468,OK,156.200,0.44,15709.600003901869
7469,OK,69.500,0.44,15850.20002676174
7470,OK,70.800,0.44,15930.800000205636
7471,OK,58.600,0.44,15935.699979308993
7472,OK,56.300,0.44,15911.700029391795
7473,OK,73.300,0.44,15902.199957054108
7474,OK,63.900,0.44,15888.099966105074
7475,OK,58.800,0.44,15901.700011454523
7476,OK,60.600,0.44,15932.500013150275
7477,OK,200.700,0.44,15727.100020740181
7478,OK,76.200,0.44,15853.09999063611
7479,OK,109.600,0.44,15822.599991224706
7480,OK,81.500,0.44,15831.099997740239
7481,OK,60.600,0.44,15932.200010865927
7482,OK,61.400,0.44,15872.2999622114
7483,OK,93.400,0.44,15829.899988602847
7484,OK,87.100,0.44,15948.799962643534
7485,OK,159.800,0.44,15609.199996106327
7486,OK,83.400,0.44,15856.20001424104
7487,OK,85.000,0.44,15863.100008573383
7488,OK,56.900,0.44,15938.600001391023
7489,OK,40.800,0.44,15925.499959848821
7490,OK,36.300,0.44,15942.10002804175
7491,OK,59.500,0.44,15967.999992426485
7492,OK,49.500,0.44,15927.599975839257
7493,OK,56.100,0.44,15892.399998847395
7494,OK,49.500,0.44,15947.600011713803
7495,OK,51.600,0.44,15918.40002220124
7496,OK,60.700,0.44,15903.70002668351
7497,OK,64.200,0.44,15915.29999859631
7498,OK,65.400,0.44,15880.700026173145
7499,OK,67.400,0.44,15952.699992340058
7500,OK,143.700,0.44,15712.19996549189
7501,OK,66.600,0.44,15731.100051198155
7502,OK,90.000,0.44,15882.899984717369
7503,OK,71.300,0.44,15901.000006124377
7504,OK,54.800,0.44,15929.999994114041
7505,OK,62.600,0.44,15913.89998793602
7506,OK,58.100,0.44,15953.299996908754
7507,OK,176.200,0.44,15772.500017192215
7508,OK,96.800,0.44,15778.800006955862
7509,OK,56.600,0.44,15895.700023975223
7510,OK,50.400,0.44,15904.100029729307
7511,OK,46.500,0.44,15928.499982692301
7512,OK,50.300,0.44,15933.600021526217
7513,OK,57.500,0.44,15907.199995126575
7514,OK,61.700,0.44,16013.09998659417
7515,OK,159.500,0.44,15697.299968451262
7516,OK,76.200,0.44,15792.599995620549
7517,OK,66.300,0.44,15961.700002662838
7518,OK,73.600,0.44,15834.400022868067
7519,OK,69.200,0.44,15896.499971859157
7520,OK,76.100,0.44,15900.60000307858
7521,OK,86.900,0.44,15840.099949855357
7522,OK,60.600,0.44,15838.599996641278
7523,OK,94.800,0.44,15858.899976592511
7524,OK,95.200,0.44,15885.300002992153
7525,OK,96.900,0.44,15818.800020497292
7526,OK,97.400,0.44,15849.100018385798
7527,OK,105.500,0.44,15849.399962462485
7528,OK,109.800,0.44,15836.099977605045
7529,OK,110.800,0.44,15875.800047069788
7530,OK,107.700,0.44,15991.10005190596
7531,OK,105.500,0.44,15634.600014891475
7532,OK,120.800,0.44,15842.100023292005
7533,OK,79.700,0.44,15844.000037759542
7534,OK,78.700,0.44,16157.499980181456
7535,OK,133.300,0.44,15514.399972744286
7536,OK,137.300,0.44,15796.700026839972
7537,OK,120.000,0.44,15847.899951040745
7538,OK,109.300,0.44,15775.599982589483
7539,OK,95.900,0.44,15822.499990463257
7540,OK,90.600,0.44,15878.40000865981
7541,OK,97.700,0.44,15846.399997826666
7542,OK,109.200,0.44,15825.10001026094
7543,OK,107.100,0.44,15864.99996483326
7544,OK,109.400,0.44,15804.40002726391
7545,OK,83.000,0.44,15949.099964927882
7546,OK,84.600,0.44,15947.700012475252
7547,OK,81.700,0.44,15832.100005354732
7548,OK,116.500,0.44,15875.100041739643
7549,OK,171.100,0.44,15621.400030795485
7550,OK,116.500,0.44,15863.200009334832
7551,OK,79.000,0.44,15826.700022444129
7552,OK,57.600,0.44,15910.500020254403
7553,OK,83.400,0.44,15851.69997997582
7554,OK,64.300,0.44,15932.700014673173
7555,OK,70.300,0.44,15931.60000629723
7556,OK,54.300,0.44,15883.499989286065
7557,OK,51.700,0.44,15980.500029399991
7558,OK,65.800,0.44,15844.999987166375
7559,OK,76.200,0.44,15975.000045727938
7560,OK,141.800,0.44,15646.099986042827
7561,OK,80.800,0.44,15896.900033112615
7562,OK,73.400,0.44,15815.99999917671
7563,OK,128.700,0.44,15898.99999089539
7564,OK,105.100,0.44,15864.500019233674
7565,OK,58.500,0.44,15924.30000891909
7566,OK,71.700,0.44,15887.500019744039
7567,OK,156.100,0.44,15849.100018385798
7568,OK,133.800,0.44,15706.699981819838
7569,OK,102.300,0.44,15846.399997826666
7570,OK,94.900,0.44,15854.699944611639
7571,OK,93.400,0.44,15858.300030231476
7572,OK,94.200,0.44,15853.599994443357
7573,OK,94.700,0.44,15848.000010009855
7574,OK,89.900,0.44,15846.900001633912
7575,OK,95.200,0.44,15821.199980564415
7576,OK,71.000,0.44,15845.69999249652
7577,OK,62.900,0.44,15939.300006721169
7578,OK,77.000,0.44,15863.800013903528
7579,OK,68.800,0.44,15890.999988187104
7580,OK,88.700,0.44,15902.20001526177
7581,OK,64.400,0.44,15912.700037006289
7582,OK,88.000,0.44,15833.100012969226
7583,OK,94.600,0.44,15821.399982087314
7584,OK,87.500,0.44,16327.099991030991
7585,OK,112.600,0.44,15344.599960371852
7586,OK,87.300,0.44,15873.499971348792
7587,OK,62.600,0.44,16172.899981029332
7588,OK,76.100,0.44,15685.69999653846
7589,OK,83.000,0.44,16110.599972307682
7590,OK,108.000,0.44,16060.399997513741
7591,OK,246.800,0.44,15186.50003708899
7592,OK,155.500,0.44,15641.30000770092
7593,OK,155.600,0.44,15732.600004412234
7594,OK,84.000,0.44,15857.900027185678
7595,OK,64.700,0.44,16143.899993039668
7596,OK,65.500,0.44,15900.900005362928
7597,OK,85.200,0.44,15902.699960861355
7598,OK,97.300,0.44,16042.600036598742
7599,OK,150.200,0.44,15990.499989129603
7600,OK,169.600,0.44,15373.800008092076
7601,OK,181.300,0.44,15194.699983112514
7602,OK,127.400,0.44,15798.000036738813
7603,OK,110.700,0.44,16061.000002082437
7604,OK,189.300,0.44,15669.49998959899
7605,OK,213.900,0.44,15582.899970468134
7606,OK,167.500,0.44,15650.800021830946
7607,OK,93.900,0.44,15863.70001314208
7608,OK,72.100,0.44,15838.199993595481
7609,OK,65.000,0.44,16290.800005663186
7610,OK,292.200,0.44,15222.300018649548
7611,OK,79.300,0.44,15933.799964841455
7612,OK,76.400,0.44,15855.400008149445
7613,OK,80.400,0.44,15926.300024148077
7614,OK,84.300,0.44,15775.799984112382
7615,OK,64.500,0.44,15920.699981506914
7616,OK,61.400,0.44,15908.200002741069
7617,OK,69.900,0.44,15914.999996311963
7618,OK,68.800,0.44,15858.699975069612
7619,OK,71.000,0.44,15876.499994192272
7620,OK,74.200,0.44,15885.59994706884
7621,OK,73.500,0.44,15837.199985980988
7622,OK,93.200,0.44,15930.900000967085
7623,OK,75.700,0.44,15890.20004030317
7624,OK,77.300,0.44,15884.000051300973
7625,OK,62.700,0.44,15860.399988014251
7626,OK,51.700,0.44,15958.900039549917
7627,OK,68.100,0.44,15863.70001314208
7628,OK,56.400,0.44,15896.199969574809
7629,OK,50.300,0.44,15943.60003946349
7630,OK,64.500,0.44,15906.200045719743
7631,OK,62.600,0.44,15894.100011792034
7632,OK,61.400,0.44,15904.000028967857
7633,OK,58.500,0.44,15853.399992920458
7634,OK,63.400,0.44,16346.099961083382
7635,OK,248.700,0.44,15155.799977947026
7636,OK,65.800,0.44,15944.99999191612
7637,OK,80.800,0.44,15791.999991051853
7638,OK,118.700,0.44,15906.59999055788
7639,OK,119.800,0.44,15770.500001963228
7640,OK,85.500,0.44,15918.200020678341
7641,OK,63.700,0.44,15890.700044110417
7642,OK,67.200,0.44,15956.400020513684
7643,OK,63.000,0.44,15874.400036409497
7644,OK,74.400,0.44,15895.300020929426
7645,OK,70.000,0.44,15884.099993854761
7646,OK,73.400,0.44,15877.700003329664
7647,OK,86.900,0.44,15870.000002905726
7648,OK,63.300,0.44,15875.699988100678
7649,OK,63.300,0.44,15914.00004690513
7650,OK,76.300,0.44,15875.499986577779
7651,OK,66.100,0.44,15868.699993006885
7652,OK,72.200,0.44,16121.499997097999
7653,OK,205.700,0.44,15493.19998594001
7654,OK,57.000,0.44,15927.09997203201
7655,OK,63.100,0.44,15917.899960186332
7656,OK,68.300,0.44,15827.600029297173
7657,OK,64.100,0.44,15878.699952736497
7658,OK,48.700,0.44,15942.2000288032
7659,OK,52.300,0.44,15934.70002990216
7660,OK,47.900,0.44,15907.699998933822
7661,OK,52.600,0.44,15879.8000193201
7662,OK,56.400,0.44,15962.69995206967
7663,OK,57.700,0.44,15849.700022954494
7664,OK,87.300,0.44,15847.100003156811
7665,OK,116.600,0.44,15783.199982251972
7666,OK,75.800,0.44,15917.00001154095
7667,OK,73.100,0.44,15850.600029807538
7668,OK,78.500,0.44,15947.800013236701
7669,OK,63.900,0.44,15899.1000498645
7670,OK,52.500,0.44,15887.20001745969
7671,OK,56.000,0.44,15921.599988359958
7672,OK,61.900,0.44,15944.299986585975
7673,OK,60.800,0.44,15877.500001806766
7674,OK,57.700,0.44,15900.900005362928
7675,OK,68.800,0.44,15899.699996225536
7676,OK,74.600,0.44,15915.199997834861
7677,OK,81.500,0.44,15883.399988524616
7678,OK,64.100,0.44,15854.500001296401
7679,OK,58.200,0.44,15948.300017043948
7680,OK,66.300,0.44,15838.899998925626
7681,OK,83.100,0.44,15691.59998325631
7682,OK,79.700,0.44,15868.699993006885
7683,OK,79.600,0.44,16169.200011063367
7684,OK,73.600,0.44,15638.3000430651
7685,OK,91.500,0.44,15885.70000603795
7686,OK,74.400,0.44,15900.70000384003
7687,OK,69.500,0.44,15861.199994105846
7688,OK,81.100,0.44,15913.000039290637
7689,OK,63.500,0.44,15885.600005276501
7690,OK,64.100,0.44,15880.600025411695
7691,OK,68.100,0.44,15887.700021266937
7692,OK,58.000,0.44,15957.299969159067
7693,OK,90.400,0.44,15863.900014664978
7694,OK,57.800,0.44,15832.000004593283
7695,OK,67.100,0.44,15939.400007482618
7696,OK,54.800,0.44,15873.499971348792
7697,OK,88.700,0.44,15908.200002741069
7698,OK,63.500,0.44,15967.09998557344
7699,OK,74.300,0.44,15857.899968978018
7700,OK,61.500,0.44,15890.900045633316
7701,OK,90.100,0.44,15731.199993751943
7702,OK,89.900,0.44,15923.300001304597
7703,OK,99.000,0.44,15778.600005432963
7704,OK,69.000,0.44,15903.900028206408
7705,OK,138.100,0.44,15815.899998415262
7706,OK,86.700,0.44,15873.300028033555
7707,OK,72.300,0.44,16290.700004901737
7708,OK,295.900,0.44,15062.399965245277
7709,OK,56.100,0.44,15890.09998133406
7710,OK,65.700,0.44,15930.699999444187
7711,OK,76.800,0.44,15880.400023888797
7712,OK,59.700,0.44,15933.19996027276
7713,OK,62.800,0.44,15845.899994019419
7714,OK,63.400,0.44,15898.899990133941
7715,OK,73.800,0.44,15902.20001526177
7716,OK,69.100,0.44,15858.500031754375
7717,OK,164.800,0.44,15809.99995348975
7718,OK,89.000,0.44,15771.100006531924
7719,OK,84.200,0.44,15981.299977283925
7720,OK,75.900,0.44,15862.900007050484
7721,OK,64.100,0.44,15835.699974559247
7722,OK,89.900,0.44,15902.399958577007
7723,OK,71.300,0.44,15916.100004687905
7724,OK,70.000,0.44,15859.599981922656
7725,OK,64.500,0.44,15889.999980572611
7726,OK,64.900,0.44,15863.70001314208
7727,OK,61.100,0.44,15942.699974402785
7728,OK,66.700,0.44,15902.500017546117
7729,OK,61.900,0.44,15863.800013903528
7730,OK,54.200,0.44,15937.299991492182
7731,OK,63.100,0.44,15916.700009256601
7732,OK,65.800,0.44,15833.000012207776
7733,OK,59.800,0.44,15909.099951386452
7734,OK,60.700,0.44,15984.400000888854
7735,OK,54.300,0.44,15922.599995974451
7736,OK,73.200,0.44,15884.099993854761
7737,OK,69.100,0.44,15894.300013314933
7738,OK,78.700,0.44,15863.599954172969
7739,OK,75.000,0.44,15835.100028198212
7740,OK,102.500,0.44,15843.399974983186
7741,OK,107.600,0.44,15819.899970665574
7742,OK,92.300,0.44,15906.59999055788
7743,OK,68.000,0.44,15910.100017208606
7744,OK,70.700,0.44,15886.299952398986
7745,OK,85.900,0.44,15864.79996331036
7746,OK,147.100,0.44,15743.200026918203
7747,OK,72.500,0.44,15864.200016949326
7748,OK,75.000,0.44,15923.400002066046
7749,OK,50.900,0.44,15934.999973978847
7750,OK,66.700,0.44,15820.60003420338
7751,OK,48.300,0.44,15927.30003176257
7752,OK,71.800,0.44,15972.400025930256
7753,OK,160.400,0.44,15683.100034948438
7754,OK,66.500,0.44,15901.89995476976
7755,OK,63.300,0.44,15902.300016023219
7756,OK,59.300,0.44,15869.900002144277
7757,OK,60.200,0.44,15931.200003251433
7758,OK,57.700,0.44,15887.800022028387
7759,OK,54.100,0.44,16015.700006391853
7760,OK,166.200,0.44,15601.699997205287
7761,OK,72.700,0.44,15925.300016533583
7762,OK,87.900,0.44,15796.80002760142
7763,OK,92.300,0.44,15963.900019414723
7764,OK,79.200,0.44,15766.199969220906
7765,OK,86.900,0.44,15894.60001559928
7766,OK,114.700,0.44,15873.099968302995
7767,OK,135.200,0.44,15859.699982684106
7768,OK,164.100,0.44,15656.900010071695
7769,OK,77.800,0.44,15856.500016525388
7770,OK,107.900,0.44,15822.09998741746
7771,OK,104.100,0.44,15839.200001209974
7772,OK,98.100,0.44,15857.49996593222
7773,OK,115.400,0.44,15766.200027428567
7774,OK,110.400,0.44,15894.49995663017
7775,OK,109.900,0.44,15816.300001461059
7776,OK,115.200,0.44,15837.999992072582
7777,OK,106.300,0.44,15779.500012286007
7778,OK,92.400,0.44,15824.600006453693
7779,OK,95.300,0.44,15825.00000949949
7780,OK,110.400,0.44,15855.200006626546
7781,OK,97.500,0.44,15865.900029893965
7782,OK,82.000,0.44,15835.099969990551
7783,OK,100.500,0.44,16009.800019674003
7784,OK,141.300,0.44,15626.000007614493
7785,OK,112.800,0.44,16097.999992780387
7786,OK,114.500,0.44,16168.500005733222
7787,OK,119.600,0.44,15854.199999012053
7788,OK,139.800,0.44,16504.800005350262
7789,OK,121.800,0.44,14463.899948168546
7790,OK,116.300,0.44,15771.100006531924
7791,OK,111.000,0.44,16237.400006502867
7792,OK,122.000,0.44,15313.499956391752
7793,OK,76.800,0.44,15908.400004263967
7794,OK,97.600,0.44,15843.999979551882
7795,OK,96.200,0.44,15831.700002308935
7796,OK,95.900,0.44,15836.000035051256
7797,OK,68.300,0.44,15890.599985141307
7798,OK,82.200,0.44,15911.400027107447
7799,OK,101.600,0.44,15833.100012969226
7800,OK,95.800,0.44,15841.399959754199
7801,OK,100.100,0.44,15772.000013384968
7802,OK,119.300,0.44,15792.899997904897
7803,OK,119.600,0.44,15874.799981247634
7804,OK,94.200,0.44,15836.200036574155
7805,OK,81.700,0.44,15887.499961536378
7806,OK,64.300,0.44,15906.299988273531
7807,OK,53.300,0.44,15926.400024909526
7808,OK,70.400,0.44,15858.900034800172
7809,OK,84.600,0.44,15865.299967117608
7810,OK,95.900,0.44,15902.900020591915
7811,OK,123.200,0.44,15802.69995611161
7812,OK,113.400,0.44,15839.400002732873
7813,OK,145.400,0.44,15723.799995612353
7814,OK,84.600,0.44,15860.999992582947
7815,OK,97.300,0.44,15854.500001296401
7816,OK,87.100,0.44,15838.199993595481
7817,OK,90.800,0.44,15885.300002992153
7818,OK,99.400,0.44,15867.099980823696
7819,OK,76.200,0.44,15888.000023551285
7820,OK,80.000,0.44,15894.500014837831
7821,OK,126.000,0.44,15746.000048238784
7822,OK,95.600,0.44,15779.700013808906
7823,OK,77.900,0.44,15845.69999249652
7824,OK,65.200,0.44,16035.599983297288
7825,OK,64.100,0.44,15813.299978617579
7826,OK,62.900,0.44,15914.699994027615
7827,OK,89.200,0.44,15970.600012224168
7828,OK,77.900,0.44,15727.19996329397
7829,OK,78.800,0.44,15924.699953757226
7830,OK,98.600,0.44,15820.199972949922
7831,OK,96.800,0.44,15854.299999773502
7832,OK,82.700,0.44,15906.799992080778
7833,OK,82.300,0.44,15852.999989874661
7834,OK,79.900,0.44,15949.999971780926
7835,OK,80.200,0.44,15800.699999090284
7836,OK,92.000,0.44,15831.500000786036
7837,OK,81.400,0.44,16058.499983046204
7838,OK,78.500,0.44,16002.600023057312
7839,OK,79.700,0.44,15687.400009483099
7840,OK,93.500,0.44,15917.499957140535
7841,OK,206.200,0.44,15608.79999306053
7842,OK,130.900,0.44,15695.000009145588
7843,OK,133.500,0.44,15802.59995535016
7844,OK,98.900,0.44,16329.500009305775
7845,OK,104.800,0.44,15631.900052540004
7846,OK,66.400,0.44,15788.999968208373
7847,OK,73.500,0.44,15945.500053931028
7848,OK,101.200,0.44,15686.200000345707
7849,OK,159.600,0.44,15761.399990879
7850,OK,152.000,0.44,15851.399977691472
7851,OK,154.000,0.44,15827.699971850961
7852,OK,208.800,0.44,15478.699991945177
7853,OK,82.900,0.44,15978.500014171004
7854,OK,143.800,0.44,15767.30003580451
7855,OK,170.200,0.44,15605.600026901811
7856,OK,84.700,0.44,15798.200038261712
7857,OK,65.300,0.44,16061.100002843887
7858,OK,183.500,0.44,15611.500013619661
7859,OK,106.600,0.44,15886.100009083748
7860,OK,72.700,0.44,15882.299980148673
7861,OK,59.900,0.44,15807.900053914636
7862,OK,55.200,0.44,15952.49999081716
7863,OK,81.500,0.44,15875.300043262541
7864,OK,63.500,0.44,15951.400040648878
7865,OK,63.700,0.44,15848.300012294203
7866,OK,86.200,0.44,15844.699984882027
7867,OK,102.300,0.44,15878.900012467057
7868,OK,130.100,0.44,15782.800037413836
7869,OK,97.100,0.44,15977.000002749264
7870,OK,89.300,0.44,15827.599971089512
7871,OK,72.000,0.44,15807.700052391738
7872,OK,100.100,0.44,15823.49999807775
7873,OK,55.500,0.44,15882.400039117783
7874,OK,114.700,0.44,15906.50004800409
7875,OK,86.900,0.44,15819.800028111786
7876,OK,54.500,0.44,15906.999993603677
7877,OK,56.600,0.44,15903.199964668602
7878,OK,58.700,0.44,15907.599998172373
7879,OK,60.400,0.44,15924.600011203438
7880,OK,55.000,0.44,15917.199954856187
7881,OK,59.600,0.44,15898.300043772906
7882,OK,62.900,0.44,15896.30002854392
7883,OK,54.900,0.44,15926.299965940416
7884,OK,62.600,0.44,15901.800012215972
7885,OK,73.200,0.44,16217.100026551634
7886,OK,92.600,0.44,15546.400041785091
7887,OK,61.100,0.44,15903.300023637712
7888,OK,53.700,0.44,15912.000031676143
7889,OK,57.100,0.44,15910.300018731505
7890,OK,59.700,0.44,15936.799987684935
7891,OK,57.200,0.44,15873.299969825894
7892,OK,80.600,0.44,15862.099942751229
7893,OK,62.100,0.44,15891.499991994351
7894,OK,116.000,0.44,15908.900008071214
7895,OK,90.200,0.44,15859.400038607419
7896,OK,68.300,0.44,16054.900013841689
7897,OK,139.900,0.44,15576.1000351049
7898,OK,102.600,0.44,15867.799986153841
7899,OK,81.800,0.44,15927.399974316359
7900,OK,68.300,0.44,15821.499982848763
7901,OK,66.100,0.44,15769.199992064387
7902,OK,105.500,0.44,15842.399967368692
7903,OK,70.800,0.44,15910.299960523844
7904,OK,103.700,0.44,15782.599977683276
7905,OK,60.900,0.44,15904.000028967857
7906,OK,51.200,0.44,15906.099986750633
7907,OK,54.000,0.44,15956.90002432093
7908,OK,56.400,0.44,15918.30002143979
7909,OK,59.100,0.44,15817.799954675138
7910,OK,74.900,0.44,15981.200034730136
7911,OK,73.800,0.44,15883.499989286065
7912,OK,74.400,0.44,16018.699971027672
7913,OK,79.300,0.44,15757.800021674484
7914,OK,57.400,0.44,15907.499997410923
7915,OK,62.900,0.44,15906.200045719743
7916,OK,67.000,0.44,15915.39999935776
7917,OK,73.100,0.44,15865.00002304092
7918,OK,68.000,0.44,15890.000038780272
7919,OK,75.000,0.44,15915.50000011921
7920,OK,76.900,0.44,15914.299990981817
7921,OK,108.900,0.44,15788.10001956299
7922,OK,64.800,0.44,15891.399991232902
7923,OK,62.100,0.44,15948.900021612644
7924,OK,93.600,0.44,15849.200019147247
7925,OK,84.200,0.44,15801.799949258566
7926,OK,61.800,0.44,15965.600032359362
7927,OK,59.600,0.44,15803.100017365068
7928,OK,68.300,0.44,15993.700013495982
7929,OK,64.600,0.44,15895.400021690875
7930,OK,95.200,0.44,15782.699978444725
7931,OK,76.800,0.44,15893.500007223338
7932,OK,100.100,0.44,15900.50000231713
7933,OK,122.900,0.44,15760.699985548854
7934,OK,79.200,0.44,15900.50000231713
7935,OK,99.600,0.44,15874.599979724735
7936,OK,80.100,0.44,15866.699977777898
7937,OK,65.100,0.44,15881.29997253418
7938,OK,132.400,0.44,15879.400016274303
7939,OK,78.800,0.44,15863.70001314208
7940,OK,87.700,0.44,15743.39997023344
7941,OK,82.400,0.44,15923.200000543147
7942,OK,72.600,0.44,15916.80001001805
7943,OK,69.500,0.44,15895.300020929426
7944,OK,102.500,0.44,15789.599972777069
7945,OK,98.300,0.44,15860.099985729903
7946,OK,88.100,0.44,15908.00000121817
7947,OK,85.100,0.44,15821.799985133111
7948,OK,65.900,0.44,15880.099963396788
7949,OK,77.900,0.44,15900.099999271333
7950,OK,68.500,0.44,15936.999989207834
7951,OK,91.400,0.44,15879.100013989955
7952,OK,84.300,0.44,15857.100021094084
7953,OK,90.300,0.44,15883.399988524616
7954,OK,72.400,0.44,15821.100038010627
7955,OK,92.000,0.44,15888.899972196668
7956,OK,73.500,0.44,15827.800030820072
7957,OK,84.200,0.44,15936.599986162037
7958,OK,73.000,0.44,15883.299987763166
7959,OK,67.200,0.44,15848.600014578551
7960,OK,100.300,0.44,15879.700018558651
7961,OK,74.300,0.44,15846.800000872463
7962,OK,67.600,0.44,15846.599999349564
7963,OK,60.100,0.44,15916.600008495152
7964,OK,61.100,0.44,15940.59995841235
7965,OK,56.800,0.44,15910.400019492954
7966,OK,70.000,0.44,15917.600016109645
7967,OK,71.500,0.44,15898.499987088144
7968,OK,78.500,0.44,15864.599961787462
7969,OK,70.300,0.44,15844.000037759542
7970,OK,98.800,0.44,15876.599994953722
7971,OK,105.400,0.44,15874.999982770532
7972,OK,94.500,0.44,15772.300015669316
7973,OK,60.900,0.44,15935.499977786094
7974,OK,64.700,0.44,15843.799978028983
7975,OK,63.300,0.44,15965.300030075014
7976,OK,68.600,0.44,15885.600005276501
7977,OK,78.800,0.44,15868.599992245436
7978,OK,90.400,0.44,15877.199999522418
7979,OK,88.800,0.44,15844.800043851137
7980,OK,87.000,0.44,15852.299984544516
7981,OK,63.800,0.44,15918.50002296269
7982,OK,68.600,0.44,15835.599973797798
7983,OK,67.800,0.44,15911.599970422685
7984,OK,47.200,0.44,15921.40004504472
7985,OK,58.400,0.44,15916.500007733703
7986,OK,48.700,0.44,15899.899997748435
7987,OK,52.600,0.44,15933.499962557107
7988,OK,49.400,0.44,15928.70004242286
7989,OK,64.600,0.44,15840.300009585917
7990,OK,55.500,0.44,15917.100012302399
7991,OK,49.600,0.44,15972.99997229129
7992,OK,166.100,0.44,15787.200012709945
7993,OK,71.400,0.44,15882.299980148673
7994,OK,77.700,0.44,15891.5999927558
7995,OK,74.200,0.44,15847.700007725507
7996,OK,93.300,0.44,15848.400013055652
7997,OK,69.200,0.44,15973.19997381419
7998,OK,110.500,0.44,15754.699998069555
7999,OK,66.700,0.44,15915.50000011921
8000,OK,58.000,0.44,15920.099976938218
8001,OK,67.800,0.44,15788.400021847337
8002,OK,122.200,0.44,15804.699971340597
8003,OK,66.100,0.44,15951.699984725565
8004,OK,72.600,0.44,15886.200009845197
8005,OK,85.500,0.44,15878.000005614012
8006,OK,106.700,0.44,15844.899986404926
8007,OK,73.900,0.44,15862.400003243238
8008,OK,74.000,0.44,15914.399991743267
8009,OK,55.500,0.44,15904.400032013655
8010,OK,52.000,0.44,15929.399989545345
8011,OK,147.100,0.44,15737.49998351559
8012,OK,61.300,0.44,15892.600000370294
8013,OK,66.000,0.44,15890.09998133406
8014,OK,59.600,0.44,15881.700033787638
8015,OK,51.400,0.44,15915.600000880659
8016,OK,56.800,0.44,15837.699989788234
8017,OK,75.200,0.44,15870.700008235872
8018,OK,89.500,0.44,15867.399983108044
8019,OK,98.100,0.44,15910.200017970055
8020,OK,116.100,0.44,16058.299981523305
8021,OK,115.700,0.44,15580.100007355213
8022,OK,90.100,0.44,15930.900000967085
8023,OK,116.300,0.44,15712.999971583486
8024,OK,107.900,0.44,15893.400006461889
8025,OK,99.600,0.44,15716.499998234212
8026,OK,90.900,0.44,15883.599990047514
8027,OK,99.800,0.44,15836.400038097054
8028,OK,90.300,0.44,15849.900024477392
8029,OK,101.300,0.44,15903.999970760196
8030,OK,97.900,0.44,15812.700032256544
8031,OK,95.200,0.44,15860.099985729903
8032,OK,100.800,0.44,15871.600015088916
8033,OK,108.800,0.44,15796.000021509826
8034,OK,108.200,0.44,15864.89996407181
8035,OK,115.600,0.44,15804.599970579147
8036,OK,119.300,0.44,15879.000013228506
8037,OK,101.600,0.44,15851.80003894493
8038,OK,107.200,0.44,15813.399979379028
8039,OK,111.700,0.44,15853.899996727705
8040,OK,123.400,0.44,15752.40003876388
8041,OK,107.500,0.44,15850.500029046088
8042,OK,73.600,0.44,15898.899990133941
8043,OK,110.500,0.44,15821.500041056424
8044,OK,90.900,0.44,15922.79999749735
8045,OK,96.200,0.44,15806.499985046685
8046,OK,140.900,0.44,15982.399985659868
8047,OK,194.000,0.44,15801.000001374632
8048,OK,222.800,0.44,15258.800005540252
8049,OK,89.800,0.44,15842.000022530556
8050,OK,56.000,0.44,15942.699974402785
8051,OK,99.000,0.44,15847.700007725507
8052,OK,95.500,0.44,15937.299991492182
8053,OK,98.500,0.44,15819.399966858327
8054,OK,85.900,0.44,15893.30000570044
8055,OK,87.600,0.44,15860.699990298599
8056,OK,94.400,0.44,15887.800022028387
8057,OK,96.600,0.44,15826.60002168268
8058,OK,76.600,0.44,15863.60001238063
8059,OK,76.500,0.44,15896.900033112615
8060,OK,121.000,0.44,15814.400045201182
8061,OK,90.000,0.44,15884.599997662008
8062,OK,86.500,0.44,15853.399992920458
8063,OK,82.500,0.44,15887.800022028387
8064,OK,75.800,0.44,15875.199984293431
8065,OK,71.600,0.44,15921.999991405755
8066,OK,65.100,0.44,15971.49996086955
8067,OK,176.900,0.44,15662.199992220849
8068,OK,120.900,0.44,15812.900033779442
8069,OK,93.800,0.44,15824.600006453693
8070,OK,97.100,0.44,15833.000012207776
8071,OK,68.500,0.44,15863.599954172969
8072,OK,81.300,0.44,16055.900021456182
8073,OK,78.800,0.44,15684.699988923967
8074,OK,66.300,0.44,16094.300022814423
8075,OK,72.800,0.44,15673.700021579862
8076,OK,88.000,0.44,16073.90004210174
8077,OK,64.400,0.44,15828.799980226904
8078,OK,79.300,0.44,15795.900020748377
8079,OK,81.800,0.44,15880.399965681136
8080,OK,62.700,0.44,16246.700019109994
8081,OK,57.500,0.44,15455.499989911914
8082,OK,67.100,0.44,15982.699987944216
8083,OK,87.700,0.44,15874.10003412515
8084,OK,104.700,0.44,15885.300002992153
8085,OK,75.900,0.44,15931.70000705868
8086,OK,76.800,0.44,16178.200021386147
8087,OK,109.900,0.44,15745.20004214719
8088,OK,127.500,0.44,15722.299984190613
8089,OK,246.900,0.44,15931.900008581579
8090,OK,158.900,0.44,15502.800000831485
8091,OK,262.800,0.44,15609.200054313987
8092,OK,247.500,0.44,15374.500013422221
8093,OK,154.200,0.44,15843.900036998093
8094,OK,165.900,0.44,15614.799980539829
8095,OK,93.000,0.44,15959.7999881953
8096,OK,139.600,0.44,15662.999998312443
8097,OK,78.800,0.44,15910.800022538751
8098,OK,75.300,0.44,15959.299984388053
8099,OK,148.800,0.44,15606.999979354441
8100,OK,56.000,0.44,15953.599999193102
8101,OK,94.000,0.44,15787.399956025183
8102,OK,55.300,0.44,15901.100006885827
8103,OK,88.400,0.44,15896.400029305369
8104,OK,82.100,0.44,15855.599951464683
8105,OK,64.000,0.44,15811.500023119152
8106,OK,81.000,0.44,15999.299997929484
8107,OK,70.700,0.44,15861.799998674542
8108,OK,55.400,0.44,15907.399996649474
8109,OK,64.100,0.44,15956.199960783124
8110,OK,70.400,0.44,15839.200001209974
8111,OK,72.200,0.44,15868.199989199638
8112,OK,64.500,0.44,15825.499955099076
8113,OK,62.700,0.44,15956.199960783124
8114,OK,59.400,0.44,15909.300011117011
8115,OK,53.000,0.44,15935.100032947958
8116,OK,80.600,0.44,15825.00000949949
8117,OK,59.800,0.44,15983.299992512912
8118,OK,105.700,0.44,15807.699994184077
8119,OK,58.600,0.44,15939.400007482618
8120,OK,53.300,0.44,15959.599986672401
8121,OK,65.900,0.44,15883.199987001717
8122,OK,58.800,0.44,15921.999991405755
8123,OK,69.800,0.44,15881.099971011281
8124,OK,66.900,0.44,15852.899989113212
8125,OK,59.400,0.44,15908.600005786866
8126,OK,55.900,0.44,15888.600028119981
8127,OK,49.400,0.44,15903.100022114813
8128,OK,45.100,0.44,15941.900026518852
8129,OK,49.800,0.44,15963.300014846027
8130,OK,44.600,0.44,15933.900023810565
8131,OK,68.800,0.44,15877.099998760968
8132,OK,59.600,0.44,15967.699990142137
8133,OK,52.100,0.44,15918.599965516478
8134,OK,54.400,0.44,16229.800006840378
8135,OK,227.300,0.44,15313.700016122311
8136,OK,53.900,0.44,15911.800030153245
8137,OK,55.500,0.44,15861.899999435991
8138,OK,57.900,0.44,15898.699988611042
8139,OK,84.200,0.44,15869.49999909848
8140,OK,57.600,0.44,15934.60002914071
8141,OK,63.500,0.44,15877.099998760968
8142,OK,76.100,0.44,15872.300020419061
8143,OK,61.400,0.44,15888.199966866523
8144,OK,54.800,0.44,15929.399989545345
8145,OK,92.000,0.44,15826.000017113984
8146,OK,62.700,0.44,15994.700021110475
8147,OK,59.900,0.44,15772.599959746003
8148,OK,56.800,0.44,16007.19999987632
8149,OK,95.200,0.44,15837.499988265336
8150,OK,89.200,0.44,15886.000008322299
8151,OK,69.100,0.44,15921.899990644306
8152,OK,92.500,0.44,15812.300029210746
8153,OK,73.100,0.44,15845.200046896935
8154,OK,68.300,0.44,15956.099960021675
8155,OK,56.300,0.44,15900.50000231713
8156,OK,57.600,0.44,15879.500017035753
8157,OK,63.700,0.44,15909.700014162809
8158,OK,85.400,0.44,15880.100021604449
8159,OK,68.200,0.44,15922.8999982588
8160,OK,71.200,0.44,15884.799999184906
8161,OK,71.800,0.44,15895.400021690875
8162,OK,79.400,0.44,15863.60001238063
8163,OK,72.500,0.44,15916.400006972253
8164,OK,76.500,0.44,15865.799970924854
8165,OK,76.900,0.44,15842.9000293836
8166,OK,79.700,0.44,15933.20001848042
8167,OK,174.200,0.44,15728.70003292337
8168,OK,77.100,0.44,15861.699997913092
8169,OK,69.800,0.44,15931.70000705868
8170,OK,80.000,0.44,15792.099991813302
8171,OK,75.500,0.44,15899.800055194646
8172,OK,93.100,0.44,15802.399953827262
8173,OK,80.300,0.44,15914.099989458919
8174,OK,100.600,0.44,15811.8000254035
8175,OK,70.400,0.44,15873.400028795004
8176,OK,80.400,0.44,15911.700029391795
8177,OK,58.100,0.44,15882.79998395592
8178,OK,67.300,0.44,15909.50001263991
8179,OK,51.700,0.44,15891.199989710003
8180,OK,64.200,0.44,15956.000017467886
8181,OK,62.600,0.44,15836.399979889393
8182,OK,84.400,0.44,15865.399967879057
8183,OK,65.500,0.44,15956.299961544573
8184,OK,72.100,0.44,15894.299955107272
8185,OK,84.700,0.44,15885.300002992153
8186,OK,65.800,0.44,15883.799991570413
8187,OK,64.100,0.44,15909.3999536708
8188,OK,63.700,0.44,15881.30003074184
8189,OK,74.800,0.44,15927.09997203201
8190,OK,74.500,0.44,15877.500001806766
8191,OK,72.400,0.44,15866.099973209202
8192,OK,66.700,0.44,15904.200030490756
8193,OK,64.200,0.44,15673.000016249716
8194,OK,63.700,0.44,15904.800035059452
8195,OK,66.000,0.44,15839.300001971424
8196,OK,66.700,0.44,15904.799976851791
8197,OK,160.600,0.44,15792.699996381998
8198,OK,75.400,0.44,15892.800001893193
8199,OK,84.200,0.44,15837.899991311133
8200,OK,90.600,0.44,15936.000039801002
8201,OK,80.100,0.44,15785.800002049655
8202,OK,154.600,0.44,15668.500040192157
8203,OK,64.400,0.44,15887.599962297827
8204,OK,85.300,0.44,15905.900043435395
8205,OK,81.500,0.44,15917.00001154095
8206,OK,76.300,0.44,15753.099985886365
8207,OK,52.300,0.44,15962.199948262423
8208,OK,67.000,0.44,15916.500007733703
8209,OK,59.600,0.44,15920.899983029813
8210,OK,57.000,0.44,15901.800012215972
8211,OK,72.500,0.44,15893.30000570044
8212,OK,78.100,0.44,15898.299985565245
8213,OK,68.900,0.44,15895.100019406527
8214,OK,65.700,0.44,15878.700010944158
8215,OK,64.800,0.44,15811.899967957288
8216,OK,91.600,0.44,15955.000009853393
8217,OK,56.000,0.44,15922.79999749735
8218,OK,63.500,0.44,15904.499974567443
8219,OK,66.900,0.44,15888.200025074184
8220,OK,61.000,0.44,15919.299970846623
8221,OK,65.600,0.44,15832.200006116182
8222,OK,46.300,0.44,15924.30000891909
8223,OK,38.300,0.44,15964.800026267767
8224,OK,39.100,0.44,15932.100010104477
8225,OK,41.900,0.44,15928.400040138513
8226,OK,50.700,0.44,15903.900028206408
8227,OK,64.600,0.44,15927.600034046918
8228,OK,53.800,0.44,15869.199996814132
8229,OK,49.100,0.44,15957.799972966313
8230,OK,59.700,0.44,15798.599983099848
8231,OK,57.700,0.44,15859.700040891767
8232,OK,43.300,0.44,15999.90000249818
8233,OK,180.000,0.44,15768.199984449893
8234,OK,151.900,0.44,15675.800037570298
8235,OK,69.000,0.44,15900.70000384003
8236,OK,65.700,0.44,15950.599976349622
8237,OK,85.500,0.44,15876.99999799952
8238,OK,87.200,0.44,15885.400003753603
8239,OK,80.400,0.44,15848.49995560944
8240,OK,84.300,0.44,15874.099975917488
8241,OK,65.100,0.44,15872.300020419061
8242,OK,68.900,0.44,15911.499969661236
8243,OK,86.100,0.44,15832.300006877631
8244,OK,74.800,0.44,15892.900002654642
8245,OK,67.900,0.44,15890.800044871867
8246,OK,66.600,0.44,15880.400023888797
8247,OK,68.400,0.44,15851.999982260168
8248,OK,98.500,0.44,15835.900034289807
8249,OK,68.400,0.44,15917.500015348196
8250,OK,105.200,0.44,15794.800012372434
8251,OK,92.900,0.44,15895.700023975223
8252,OK,101.700,0.44,15866.000030655414
8253,OK,185.700,0.44,15724.900003988296
8254,OK,65.800,0.44,15865.20002456382
8255,OK,58.900,0.44,15901.799954008311
8256,OK,52.200,0.44,15909.599955193698
8257,OK,64.300,0.44,15952.39999005571
8258,OK,95.500,0.44,15828.099974896759
8259,OK,108.500,0.44,15773.500024806708
8260,OK,253.300,0.44,15642.600017599761
8261,OK,67.200,0.44,15883.499989286065
8262,OK,107.200,0.44,15861.799998674542
8263,OK,129.800,0.44,15891.999995801598
8264,OK,132.000,0.44,15689.600026234984
8265,OK,121.000,0.44,15872.40002118051
8266,OK,128.700,0.44,15739.09999569878
8267,OK,123.900,0.44,15825.899958144873
8268,OK,133.300,0.44,15844.100038520992
8269,OK,118.800,0.44,15814.400045201182
8270,OK,120.100,0.44,15786.900010425597
8271,OK,114.000,0.44,15833.100012969226
8272,OK,103.600,0.44,15786.599949933589
8273,OK,115.200,0.44,15858.899976592511
8274,OK,120.500,0.44,15870.600007474422
8275,OK,131.100,0.44,15745.199983939528
8276,OK,143.800,0.44,15763.500006869435
8277,OK,106.100,0.44,15827.300027012825
8278,OK,124.300,0.44,15708.399994764477
8279,OK,74.500,0.44,15921.200043521821
8280,OK,107.100,0.44,15841.899963561445
8281,OK,113.500,0.44,15820.800035726279
8282,OK,101.600,0.44,15822.499990463257
8283,OK,108.300,0.44,15801.500005181879
8284,OK,92.000,0.44,15820.59997599572
8285,OK,94.700,0.44,15871.600015088916
8286,OK,99.400,0.44,15824.900008738041
8287,OK,77.300,0.44,15912.700037006289
8288,OK,149.600,0.44,15818.499960005283
8289,OK,123.300,0.44,15872.999967541546
8290,OK,187.300,0.44,15615.99998967722
8291,OK,94.000,0.44,15799.89999299869
8292,OK,60.300,0.44,15889.100031927228
8293,OK,55.100,0.44,15922.599995974451
8294,OK,59.700,0.44,15891.200047917664
8295,OK,43.600,0.44,15925.899962894619
8296,OK,49.200,0.44,16046.200005803257
8297,OK,66.100,0.44,15862.10000095889
8298,OK,54.200,0.44,15923.200000543147
8299,OK,61.500,0.44,16024.800017476082
8300,OK,132.700,0.44,15691.199980210513
8301,OK,125.200,0.44,15665.500017348677
8302,OK,84.300,0.44,16162.90002129972
8303,OK,112.600,0.44,15473.300009034574
8304,OK,119.000,0.44,15829.599986318499
8305,OK,106.500,0.44,15902.900020591915
8306,OK,105.400,0.44,15782.799979206175
8307,OK,102.500,0.44,15755.50000416115
8308,OK,92.100,0.44,15883.00004368648
8309,OK,102.600,0.44,15907.099994365126
8310,OK,139.100,0.44,15746.099990792572
8311,OK,114.600,0.44,15755.200001876801
8312,OK,82.800,0.44,15897.199977189302
8313,OK,83.000,0.44,15861.399995628744
8314,OK,76.300,0.44,15883.299987763166
8315,OK,64.000,0.44,15883.699990808964
8316,OK,78.600,0.44,15843.500033952296
8317,OK,46.000,0.44,15913.099981844425
8318,OK,52.800,0.44,15963.700017891824
8319,OK,69.700,0.44,15868.499991483986
8320,OK,56.100,0.44,15937.500051222742
8321,OK,82.400,0.44,15859.399980399758
8322,OK,71.700,0.44,15893.700008746237
8323,OK,81.900,0.44,16082.099988125265
8324,OK,62.100,0.44,15906.200045719743
8325,OK,69.100,0.44,15986.400016117841
8326,OK,76.400,0.44,15744.599979370832
8327,OK,100.900,0.44,15914.10004766658
8328,OK,120.200,0.44,15661.299985367805
8329,OK,163.100,0.44,15669.199987314641
8330,OK,102.800,0.44,15847.400005441159
8331,OK,85.700,0.44,15873.100026510656
8332,OK,65.500,0.44,16085.000010207295
8333,OK,52.500,0.44,15880.700026173145
8334,OK,73.300,0.44,16113.299992866814
8335,OK,188.600,0.44,15427.699952851981
8336,OK,98.200,0.44,16066.39998499304
8337,OK,148.900,0.44,15426.50000192225
8338,OK,99.000,0.44,15951.200039125979
8339,OK,119.600,0.44,15696.600021328777
8340,OK,87.200,0.44,16035.699984058738
8341,OK,173.500,0.44,15535.500016994774
8342,OK,80.900,0.44,15872.899966780096
8343,OK,67.600,0.44,15883.899992331862
8344,OK,85.500,0.44,15881.599974818528
8345,OK,58.700,0.44,15951.299981679767
8346,OK,55.300,0.44,15917.900018393993
8347,OK,60.100,0.44,15825.200011022389
8348,OK,71.800,0.44,15967.09998557344
8349,OK,99.600,0.44,15854.999946895987
8350,OK,68.000,0.44,15785.399999003857
8351,OK,59.500,0.44,15998.699993360788
8352,OK,74.200,0.44,15821.000037249178
8353,OK,99.000,0.44,15864.700020756572
8354,OK,89.900,0.44,15894.59995739162
8355,OK,104.700,0.44,15815.399994608015
8356,OK,52.300,0.44,15940.900018904358
8357,OK,51.500,0.44,15897.5999802351
8358,OK,56.700,0.44,15931.200003251433
8359,OK,62.200,0.44,15922.700054943562
8360,OK,96.700,0.44,15858.899976592511
8361,OK,76.000,0.44,15858.299972023815
8362,OK,75.500,0.44,15897.49997947365
8363,OK,86.200,0.44,15865.00002304092
8364,OK,75.300,0.44,15880.799968726933
8365,OK,72.500,0.44,15882.500039879233
8366,OK,73.400,0.44,15888.200025074184
8367,OK,72.000,0.44,15897.099976427853
8368,OK,76.200,0.44,15861.099993344396
8369,OK,66.200,0.44,15886.400011368096
8370,OK,68.100,0.44,15814.400045201182
8371,OK,89.100,0.44,15881.699975579977
8372,OK,66.400,0.44,15873.099968302995
8373,OK,64.200,0.44,15915.099997073412
8374,OK,64.300,0.44,15902.699960861355
8375,OK,68.400,0.44,15892.299998085946
8376,OK,75.300,0.44,15935.99998159334
8377,OK,103.100,0.44,15792.4999948591
8378,OK,102.400,0.44,15804.700029548258
8379,OK,84.600,0.44,15904.300031252205
8380,OK,69.400,0.44,15909.200010355562
8381,OK,70.500,0.44,15886.799956206232
8382,OK,66.300,0.44,15883.399988524616
8383,OK,65.700,0.44,15845.599991735071
8384,OK,66.900,0.44,15942.199970595539
8385,OK,65.700,0.44,15917.199954856187
8386,OK,84.100,0.44,15836.400038097054
8387,OK,59.800,0.44,15926.799969747663
8388,OK,62.300,0.44,15876.099991146475
8389,OK,60.900,0.44,15932.200010865927
8390,OK,84.000,0.44,15828.700037673116
8391,OK,83.700,0.44,15950.79997787252
8392,OK,69.500,0.44,15885.600005276501
8393,OK,69.300,0.44,15902.20001526177
8394,OK,78.300,0.44,15773.700026329607
8395,OK,61.900,0.44,15945.699997246265
8396,OK,66.100,0.44,15918.599965516478
8397,OK,64.800,0.44,15912.700037006289
8398,OK,65.900,0.44,15861.199994105846
8399,OK,79.400,0.44,15842.999971937388
8400,OK,54.600,0.44,15922.399994451553
8401,OK,78.300,0.44,16243.399993982166
8402,OK,347.800,0.44,15328.299952670932
8403,OK,139.100,0.44,15430.700033903122
8404,OK,72.500,0.44,15959.700045641512
8405,OK,88.300,0.44,15886.300010606647
8406,OK,89.000,0.44,15834.599966183305
8407,OK,66.800,0.44,15889.299975242466
8408,OK,58.400,0.44,15900.60000307858
8409,OK,52.000,0.44,15914.099989458919
8410,OK,75.400,0.44,15909.900015685707
8411,OK,65.100,0.44,15926.200023386627
8412,OK,71.900,0.44,15891.399991232902
8413,OK,144.800,0.44,15733.499953057617
8414,OK,66.900,0.44,16908.999998122454
8415,OK,128.900,0.44,14784.400002099574
8416,OK,93.600,0.44,15903.100022114813
8417,OK,80.300,0.44,15885.200002230704
8418,OK,80.400,0.44,15878.100006375462
8419,OK,64.600,0.44,15891.199989710003
8420,OK,58.100,0.44,15908.500005025417
8421,OK,52.200,0.44,15886.900015175343
8422,OK,65.500,0.44,15913.79998717457
8423,OK,54.300,0.44,15932.600013911724
8424,OK,85.400,0.44,15795.600018464029
8425,OK,59.200,0.44,15933.10001771897
8426,OK,58.900,0.44,15840.700012631714
8427,OK,77.900,0.44,15897.000033874065
8428,OK,79.000,0.44,15892.499999608845
8429,OK,54.100,0.44,15862.400003243238
8430,OK,82.600,0.44,15916.000003926456
8431,OK,52.900,0.44,15903.199964668602
8432,OK,72.400,0.44,15886.400011368096
8433,OK,83.100,0.44,15921.700047329068
8434,OK,55.900,0.44,15927.20003100112
8435,OK,71.200,0.44,15765.000018291175
8436,OK,111.200,0.44,15879.700018558651
8437,OK,94.800,0.44,15846.599999349564
8438,OK,72.000,0.44,15924.000006634742
8439,OK,78.200,0.44,15787.90001804009
8440,OK,64.400,0.44,15904.800035059452
8441,OK,49.400,0.44,15918.899967800826
8442,OK,61.100,0.44,15982.799988705665
8443,OK,97.200,0.44,15817.400009837002
8444,OK,76.600,0.44,15891.499991994351
8445,OK,64.000,0.44,15979.199961293489
8446,OK,158.500,0.44,15715.799992904067
8447,OK,71.400,0.44,15836.89998369664
8448,OK,78.700,0.44,15935.899980831891
8449,OK,83.900,0.44,15872.100018896163
8450,OK,75.500,0.44,15822.999994270504
8451,OK,53.000,0.44,15958.29997677356
8452,OK,99.000,0.44,15782.00003132224
8453,OK,51.600,0.44,15920.699981506914
8454,OK,99.300,0.44,15807.29999113828
8455,OK,90.500,0.44,15918.000019155443
8456,OK,101.700,0.44,15873.500029556453
8457,OK,98.700,0.44,15853.599994443357
8458,OK,78.100,0.44,15903.699968475848
8459,OK,112.100,0.44,15790.99998343736
8460,OK,102.300,0.44,15932.600013911724
8461,OK,123.600,0.44,15709.600003901869
8462,OK,97.000,0.44,15880.900027696043
8463,OK,72.300,0.44,15837.600047234446
8464,OK,71.500,0.44,15895.399963483214
8465,OK,74.700,0.44,15906.59999055788
8466,OK,82.300,0.44,15877.799945883453
8467,OK,74.700,0.44,15857.899968978018
8468,OK,66.900,0.44,15885.500004515052
8469,OK,50.200,0.44,15918.100019916892
8470,OK,62.000,0.44,15918.000019155443
8471,OK,52.100,0.44,15933.900023810565
8472,OK,69.400,0.44,15882.899984717369
8473,OK,80.700,0.44,15881.600033026189
8474,OK,60.600,0.44,15908.300003502518
8475,OK,61.900,0.44,15900.60000307858
8476,OK,59.800,0.44,15948.499960359186
8477,OK,69.700,0.44,15805.000031832606
8478,OK,64.100,0.44,15967.100043781102
8479,OK,71.900,0.44,15942.2000288032
8480,OK,152.800,0.44,15695.500012952834
8481,OK,89.300,0.44,15852.799988351762
8482,OK,82.800,0.44,15936.299983877689
8483,OK,61.000,0.44,15862.900007050484
8484,OK,162.800,0.44,15858.600032515824
8485,OK,77.300,0.44,15866.099973209202
8486,OK,71.700,0.44,15865.600027609617
8487,OK,71.300,0.44,15881.899977102876
8488,OK,67.500,0.44,15902.400016784668
8489,OK,122.900,0.44,15806.199982762337
8490,OK,98.000,0.44,15764.100011438131
8491,OK,46.900,0.44,15943.300037179142
8492,OK,53.100,0.44,15901.300008408725
8493,OK,43.300,0.44,15918.900026008487
8494,OK,66.600,0.44,15925.600018817931
8495,OK,55.700,0.44,15887.999965343624
8496,OK,48.900,0.44,15938.500000629574
8497,OK,112.200,0.44,15868.499991483986
8498,OK,75.900,0.44,15843.00003014505
8499,OK,81.700,0.44,15902.500017546117
8500,OK,70.300,0.44,15866.60003522411
8501,OK,69.900,0.44,15841.499960515648
8502,OK,72.200,0.44,15824.200003407896
8503,OK,65.300,0.44,15839.400002732873
8504,OK,97.600,0.44,15876.399993430823
8505,OK,103.600,0.44,15826.100017875433
8506,OK,126.200,0.44,15795.599960256368
8507,OK,107.300,0.44,15853.399992920458
8508,OK,135.800,0.44,15826.700022444129
8509,OK,100.400,0.44,15838.199993595481
8510,OK,104.300,0.44,15821.000037249178
8511,OK,95.400,0.44,15881.999977864325
8512,OK,112.100,0.44,15802.400012034923
8513,OK,109.200,0.44,15826.799964997917
8514,OK,107.500,0.44,15826.50002092123
8515,OK,104.400,0.44,15838.199993595481
8516,OK,102.500,0.44,15885.8000067994
8517,OK,78.000,0.44,15886.200009845197
8518,OK,112.300,0.44,15842.200024053454
8519,OK,104.300,0.44,15820.999979041517
8520,OK,107.700,0.44,15811.400022357702
8521,OK,75.000,0.44,15880.699967965484
8522,OK,82.100,0.44,15887.40001898259
8523,OK,99.500,0.44,15847.599948756397
8524,OK,120.100,0.44,15813.999983947724
8525,OK,111.900,0.44,15822.799992747605
8526,OK,107.000,0.44,15847.900009248406
8527,OK,113.500,0.44,15833.400015253574
8528,OK,111.300,0.44,15838.799998164177
8529,OK,102.500,0.44,15798.099979292601
8530,OK,79.400,0.44,15857.099962886423
8531,OK,89.000,0.44,15857.100021094084
8532,OK,106.500,0.44,15851.59997921437
8533,OK,99.900,0.44,15934.4999701716
8534,OK,163.900,0.44,15768.199984449893
8535,OK,213.100,0.44,15551.999968010932
8536,OK,105.900,0.44,15854.099998250604
8537,OK,58.300,0.44,15854.60000205785
8538,OK,72.800,0.44,15891.999995801598
8539,OK,75.200,0.44,15919.599973130971
8540,OK,62.100,0.44,15931.400004774332
8541,OK,87.200,0.44,15845.100046135485
8542,OK,90.900,0.44,15860.999992582947
8543,OK,87.100,0.44,15875.999990385026
8544,OK,78.400,0.44,15886.000008322299
8545,OK,76.800,0.44,15894.900017883629
8546,OK,97.300,0.44,15823.299996554852
8547,OK,80.100,0.44,15866.100031416863
8548,OK,77.900,0.44,15847.499947994947
8549,OK,74.600,0.44,15914.099989458919
8550,OK,49.500,0.44,15912.799979560077
8551,OK,63.500,0.44,15945.799998007715
8552,OK,82.400,0.44,15922.599995974451
8553,OK,158.200,0.44,15712.999971583486
8554,OK,67.600,0.44,15947.800013236701
8555,OK,93.200,0.44,15856.799960602075
8556,OK,212.500,0.44,15513.399965129793
8557,OK,117.300,0.44,15879.69996035099
8558,OK,63.900,0.44,15833.700017537922
8559,OK,89.600,0.44,15879.400016274303
8560,OK,52.800,0.44,15860.099985729903
8561,OK,69.300,0.44,15991.599997505546
8562,OK,84.800,0.44,15963.999961968511
8563,OK,64.800,0.44,15956.999966874719
8564,OK,122.800,0.44,15807.399991899729
8565,OK,141.100,0.44,15938.800002913922
8566,OK,155.300,0.44,15800.199995283037
8567,OK,171.200,0.44,15534.000005573034
8568,OK,157.500,0.44,15750.89996913448
8569,OK,121.200,0.44,15727.699967101216
8570,OK,105.600,0.44,15768.79998901859
8571,OK,85.100,0.44,15867.199981585145
8572,OK,68.500,0.44,16092.800011392683
8573,OK,63.200,0.44,15913.000039290637
8574,OK,77.300,0.44,15831.299999263138
8575,OK,100.700,0.44,16127.30004126206
8576,OK,125.500,0.44,15481.600014027208
8577,OK,126.900,0.44,15918.700024485588
8578,OK,156.300,0.44,15821.799985133111
8579,OK,240.300,0.44,15497.200016397983
8580,OK,143.400,0.44,15724.2999994196
8581,OK,322.000,0.44,15362.399979494512
8582,OK,99.100,0.44,15846.399997826666
8583,OK,109.500,0.44,15832.899953238666
8584,OK,75.100,0.44,15900.899947155267
8585,OK,73.300,0.44,15843.199973460287
8586,OK,99.300,0.44,15916.400006972253
8587,OK,85.200,0.44,15865.599969401956
8588,OK,62.300,0.44,15905.300038866699
8589,OK,88.700,0.44,15858.600032515824
8590,OK,101.500,0.44,15880.700026173145
8591,OK,81.600,0.44,15910.700021777302
8592,OK,64.600,0.44,15890.599985141307
8593,OK,72.500,0.44,15878.799953497946
8594,OK,85.800,0.44,15759.700036142021
8595,OK,66.700,0.44,15955.900016706437
8596,OK,80.300,0.44,15927.600034046918
8597,OK,71.200,0.44,15827.099967282265
8598,OK,87.000,0.44,15944.699989631772
8599,OK,69.800,0.44,15772.300015669316
8600,OK,51.200,0.44,15971.80002136156
8601,OK,68.900,0.44,15757.500019390136
8602,OK,74.600,0.44,15886.000008322299
8603,OK,63.500,0.44,15947.100007906556
8604,OK,75.900,0.44,15890.100039541721
8605,OK,66.000,0.44,15913.600043859333
8606,OK,80.600,0.44,15776.499989442527
8607,OK,76.300,0.44,15907.099994365126
8608,OK,107.000,0.44,15844.200039282441
8609,OK,112.700,0.44,15891.5999927558
8610,OK,73.800,0.44,15852.099983021617
8611,OK,67.800,0.44,15900.799946393818
8612,OK,74.200,0.44,15876.099991146475
8613,OK,67.500,0.44,15885.400003753603
8614,OK,66.000,0.44,15907.499997410923
8615,OK,67.900,0.44,15873.600030317903
8616,OK,58.300,0.44,15926.600026432425
8617,OK,64.200,0.44,15901.400009170175
8618,OK,59.300,0.44,15894.099953584373
8619,OK,56.700,0.44,15912.700037006289
8620,OK,60.700,0.44,15896.10002702102
8621,OK,58.500,0.44,15921.099984552711
8622,OK,76.500,0.44,15902.800019830465
8623,OK,65.400,0.44,15860.59998953715
8624,OK,71.100,0.44,15844.09998031333
8625,OK,96.400,0.44,15919.300029054284
8626,OK,62.100,0.44,15881.800034549087
8627,OK,53.900,0.44,15910.89996509254
8628,OK,56.500,0.44,15849.699964746833
8629,OK,83.700,0.44,15917.500015348196
8630,OK,64.600,0.44,15867.99998767674
8631,OK,52.400,0.44,15886.900015175343
8632,OK,51.800,0.44,15937.899996060878
8633,OK,48.700,0.44,15964.800026267767
8634,OK,64.400,0.44,15834.800025913864
8635,OK,62.300,0.44,15980.400028638542
8636,OK,99.400,0.44,15789.39997125417
8637,OK,52.600,0.44,15941.99996907264
8638,OK,77.300,0.44,15877.199999522418
8639,OK,74.000,0.44,15896.20002778247
8640,OK,59.600,0.44,15857.39996517077
8641,OK,59.000,0.44,15919.100027531385
8642,OK,56.000,0.44,15920.099976938218
8643,OK,131.000,0.44,15749.499958474189
8644,OK,58.000,0.44,15879.90002008155
8645,OK,57.800,0.44,15965.700033120811
8646,OK,73.500,0.44,15864.900022279471
8647,OK,69.700,0.44,15952.699992340058
8648,OK,89.000,0.44,15813.09997709468
8649,OK,85.000,0.44,15940.099954605103
8650,OK,71.000,0.44,15818.599960766733
8651,OK,75.500,0.44,15916.300006210804
8652,OK,105.800,0.44,15809.300006367266
8653,OK,101.300,0.44,15780.400019139051
8654,OK,74.400,0.44,15976.19999665767
8655,OK,68.500,0.44,15848.400013055652
8656,OK,71.100,0.44,15903.300023637712
8657,OK,83.400,0.44,15923.800005111843
8658,OK,101.100,0.44,15781.199967022985
8659,OK,95.300,0.44,15850.999974645674
8660,OK,76.900,0.44,15844.999987166375
8661,OK,73.200,0.44,15885.400003753603
8662,OK,79.200,0.44,15852.899989113212
8663,OK,52.500,0.44,15940.50001585856
8664,OK,62.200,0.44,15873.599972110242
8665,OK,63.200,0.44,15928.100037854165
8666,OK,80.900,0.44,15916.500007733703
8667,OK,67.600,0.44,15883.499989286065
8668,OK,76.000,0.44,15920.00003438443
8669,OK,62.200,0.44,15868.999995291233
8670,OK,61.200,0.44,15857.49996593222
8671,OK,100.300,0.44,15893.700008746237
8672,OK,74.700,0.44,15833.100012969226
8673,OK,63.700,0.44,15918.000019155443
8674,OK,63.900,0.44,15957.999974489212
8675,OK,66.000,0.44,15922.599995974451
8676,OK,78.400,0.44,15903.60002592206
8677,OK,74.300,0.44,15884.29999537766
8678,OK,76.000,0.44,15908.600005786866
8679,OK,78.200,0.44,15904.599975328892
8680,OK,78.600,0.44,15794.400009326637
8681,OK,112.800,0.44,15878.799953497946
8682,OK,77.500,0.44,15945.899998769164
8683,OK,101.500,0.44,15687.30000872165
8684,OK,72.800,0.44,15993.600012734532
8685,OK,85.400,0.44,15855.400008149445
8686,OK,161.500,0.44,15656.20000474155
8687,OK,57.300,0.44,15919.499972369522
8688,OK,57.400,0.44,15921.19998531416
8689,OK,53.700,0.44,15886.700013652444
8690,OK,96.400,0.44,15903.000021353364
8691,OK,78.900,0.44,15860.699990298599
8692,OK,68.800,0.44,15911.400027107447
8693,OK,71.600,0.44,15885.100001469254
8694,OK,68.500,0.44,15888.000023551285
8695,OK,66.200,0.44,15874.499978963286
8696,OK,73.200,0.44,15911.300026345998
8697,OK,63.400,0.44,15897.69998099655
8698,OK,61.300,0.44,15851.69997997582
8699,OK,64.700,0.44,15943.59998125583
8700,OK,62.200,0.44,15895.800024736673
8701,OK,79.700,0.44,15790.300036314875
8702,OK,64.400,0.44,16284.100012853742
8703,OK,263.500,0.44,15060.800011269748
8704,OK,65.200,0.44,15974.399982951581
8705,OK,60.200,0.44,15765.400021336973
8706,OK,82.200,0.44,15857.000020332634
8707,OK,74.300,0.44,15933.09995951131
8708,OK,63.500,0.44,15884.699998423457
8709,OK,94.300,0.44,15869.199996814132
8710,OK,67.200,0.44,15813.599980901927
8711,OK,55.300,0.44,15974.899986758828
8712,OK,64.000,0.44,15880.899969488382
8713,OK,57.000,0.44,15930.699999444187
8714,OK,65.800,0.44,15866.199973970652
8715,OK,54.400,0.44,15928.199980407953
8716,OK,56.800,0.44,15934.300026856363
8717,OK,72.800,0.44,15884.799999184906
8718,OK,78.600,0.44,15893.30000570044
8719,OK,66.100,0.44,15855.200006626546
8720,OK,58.600,0.44,15853.800054173917
8721,OK,78.100,0.44,15940.200013574213
8722,OK,56.600,0.44,15899.699996225536
8723,OK,60.600,0.44,15912.100032437593
8724,OK,67.600,0.44,15869.099996052682
8725,OK,63.900,0.44,15876.79999647662
8726,OK,88.100,0.44,15882.600040640682
8727,OK,62.100,0.44,16012.799984309822
8728,OK,184.500,0.44,15660.000033676624
8729,OK,60.700,0.44,15862.200001720339
8730,OK,56.700,0.44,15946.40000257641
8731,OK,66.400,0.44,15911.800030153245
8732,OK,79.600,0.44,15839.700005017221
8733,OK,77.300,0.44,15994.500019587576
8734,OK,92.000,0.44,17156.300018541515
8735,OK,128.900,0.44,14339.399989694357
8736,OK,86.800,0.44,15971.100016031414
8737,OK,186.000,0.44,15649.600012693554
8738,OK,102.200,0.44,15872.900024987757
8739,OK,67.600,0.44,15916.80001001805
8740,OK,68.500,0.44,15878.900012467057
8741,OK,73.300,0.44,15890.09998133406
8742,OK,75.300,0.44,15896.699973382056
8743,OK,84.900,0.44,15862.200001720339
8744,OK,77.800,0.44,15874.10003412515
8745,OK,69.400,0.44,16012.600040994585
8746,OK,163.800,0.44,15654.399991035461
8747,OK,64.100,0.44,15810.600016266108
8748,OK,72.900,0.44,15966.899984050542
8749,OK,76.900,0.44,15896.899974904954
8750,OK,71.500,0.44,15850.699972361326
8751,OK,75.200,0.44,15906.50004800409
8752,OK,74.400,0.44,15835.800033528358
8753,OK,69.200,0.44,15871.700015850365
8754,OK,68.400,0.44,15865.400026086718
8755,OK,95.600,0.44,15845.299989450723
8756,OK,88.100,0.44,15848.59995637089
8757,OK,93.600,0.44,15848.100010771304
8758,OK,69.000,0.44,15889.999980572611
8759,OK,124.400,0.44,15838.899998925626
8760,OK,113.700,0.44,15793.400001712143
8761,OK,122.000,0.44,15810.900018550456
8762,OK,181.500,0.44,15719.700022600591
8763,OK,114.200,0.44,15778.700006194413
8764,OK,95.400,0.44,15921.899990644306
8765,OK,97.700,0.44,15805.099974386394
8766,OK,80.300,0.44,15874.599979724735
8767,OK,116.000,0.44,15823.099995031953
8768,OK,72.700,0.44,15910.599962808192
8769,OK,92.500,0.44,15821.099979802966
8770,OK,94.100,0.44,15887.800022028387
8771,OK,113.600,0.44,15807.29999113828
8772,OK,79.100,0.44,15886.200009845197
8773,OK,120.200,0.44,15820.59997599572
8774,OK,111.400,0.44,15830.299991648644
8775,OK,115.400,0.44,15849.700022954494
8776,OK,82.100,0.44,15827.700030058622
8777,OK,96.600,0.44,15833.800018299371
8778,OK,98.600,0.44,15856.900019571185
8779,OK,76.400,0.44,15871.599956881255
8780,OK,102.900,0.44,15871.900017373264
8781,OK,67.600,0.44,15940.800018142909
8782,OK,77.400,0.44,15889.999980572611
8783,OK,117.100,0.44,15787.399956025183
8784,OK,196.700,0.44,15730.099985376
8785,OK,143.300,0.44,15762.299997732043
8786,OK,105.100,0.44,15907.799999695271
8787,OK,123.700,0.44,15815.600054338574
8788,OK,142.600,0.44,15652.300033252686
8789,OK,79.800,0.44,15869.900002144277
8790,OK,59.000,0.44,15899.699996225536
8791,OK,71.800,0.44,15885.8000067994
8792,OK,70.000,0.44,15978.300012648106
8793,OK,69.800,0.44,15867.399983108044
8794,OK,55.300,0.44,15930.399997159839
8795,OK,71.600,0.44,15888.799971435219
8796,OK,59.800,0.44,16018.000023905188
8797,OK,124.700,0.44,15687.500010244548
8798,OK,71.700,0.44,15899.299993179739
8799,OK,79.300,0.44,15877.900004852563
8800,OK,89.500,0.44,15919.399971608073
8801,OK,94.200,0.44,15692.999993916601
8802,OK,89.900,0.44,16227.89999237284
8803,OK,356.100,0.44,15041.899983771145
8804,OK,60.200,0.44,15915.900003165007
8805,OK,59.700,0.44,15890.29998285696
8806,OK,67.400,0.44,15851.999982260168
8807,OK,54.000,0.44,15937.399992253631
8808,OK,88.600,0.44,15912.899980321527
8809,OK,98.500,0.44,15834.599966183305
8810,OK,74.200,0.44,15860.59998953715
8811,OK,64.800,0.44,15877.400001045316
8812,OK,119.000,0.44,15843.599976506084
8813,OK,101.900,0.44,15810.899960342795
8814,OK,65.500,0.44,15887.799963820726
8815,OK,81.400,0.44,15898.400044534355
8816,OK,50.100,0.44,16056.10002297908
8817,OK,56.800,0.44,16009.800019674003
8818,OK,62.600,0.44,15987.100021447986
8819,OK,79.600,0.44,15937.399992253631
8820,OK,108.800,0.44,15497.50001868233
8821,OK,82.400,0.44,15814.49998775497
8822,OK,82.900,0.44,15850.399970076978
8823,OK,71.800,0.44,15901.200007647276
8824,OK,55.300,0.44,16114.300000481308
8825,OK,106.300,0.44,15764.000010676682
8826,OK,78.600,0.44,16189.4999910146
8827,OK,94.200,0.44,15739.800001028925
8828,OK,240.600,0.44,15570.19999017939
8829,OK,165.500,0.44,15605.80002842471
8830,OK,97.100,0.44,15852.299984544516
8831,OK,77.400,0.44,16209.500026889145
8832,OK,71.700,0.44,15479.299996513873
8833,OK,96.000,0.44,16050.999984145164
8834,OK,156.600,0.44,15755.700005684048
8835,OK,177.800,0.44,15588.399954140186
8836,OK,67.600,0.44,15751.00002810359
8837,OK,94.600,0.44,15849.399962462485
8838,OK,92.300,0.44,15828.899980988353
8839,OK,91.200,0.44,15945.199993439019
8840,OK,57.700,0.44,15893.900010269135
8841,OK,63.400,0.44,15877.099998760968
8842,OK,52.700,0.44,15935.200033709407
8843,OK,98.800,0.44,15841.30001720041
8844,OK,85.000,0.44,15902.00001373887
8845,OK,62.900,0.44,15826.39996195212
8846,OK,54.100,0.44,15951.900044456124
8847,OK,60.700,0.44,15940.400015097111
8848,OK,67.900,0.44,15827.000024728477
8849,OK,72.700,0.44,15947.90001399815
8850,OK,72.400,0.44,15885.8000067994
8851,OK,76.100,0.44,15874.799981247634
8852,OK,102.800,0.44,15709.100000094622
8853,OK,99.600,0.44,15960.200049448758
8854,OK,85.600,0.44,15867.299982346594
8855,OK,90.600,0.44,15922.8999982588
8856,OK,77.700,0.44,15808.399999514222
8857,OK,72.400,0.44,15916.300006210804
8858,OK,70.800,0.44,15879.199956543744
8859,OK,74.600,0.44,15893.700008746237
8860,OK,84.300,0.44,15816.700004506856
8861,OK,66.800,0.44,15913.79998717457
8862,OK,57.200,0.44,15878.200007136911
8863,OK,114.600,0.44,15781.300025992095
8864,OK,63.600,0.44,15961.000055540353
8865,OK,66.600,0.44,15835.900034289807
8866,OK,50.700,0.44,15969.800006132573
8867,OK,70.900,0.44,15802.200010512024
8868,OK,52.500,0.44,15926.100022625178
8869,OK,60.900,0.44,15889.000031165779
8870,OK,62.000,0.44,15972.400025930256
8871,OK,66.500,0.44,15903.299965430051
8872,OK,53.400,0.44,15899.799996986985
8873,OK,74.300,0.44,15908.500005025417
8874,OK,82.500,0.44,15870.600007474422
8875,OK,66.000,0.44,15879.500017035753
8876,OK,60.000,0.44,15912.799979560077
8877,OK,66.600,0.44,15850.100026000291
8878,OK,80.600,0.44,15968.69999775663
8879,OK,60.500,0.44,15858.99997735396
8880,OK,62.100,0.44,15918.700024485588
8881,OK,53.200,0.44,15887.30001822114
8882,OK,56.800,0.44,15834.199963137507
8883,OK,56.100,0.44,15964.40002322197
8884,OK,74.800,0.44,15874.099975917488
8885,OK,77.200,0.44,15963.000012561679
8886,OK,71.100,0.44,15906.39998903498
8887,OK,58.500,0.44,15862.10000095889
8888,OK,58.500,0.44,15860.999992582947
8889,OK,71.400,0.44,15972.899971529841
8890,OK,81.800,0.44,15852.999989874661
8891,OK,98.200,0.44,15853.000048082322
8892,OK,74.700,0.44,15827.89997337386
8893,OK,68.100,0.44,15932.600013911724
8894,OK,62.400,0.44,15809.300006367266
8895,OK,53.500,0.44,15989.899984560907
8896,OK,126.100,0.44,15876.099991146475
8897,OK,84.300,0.44,15783.70004426688
8898,OK,113.900,0.44,15809.300006367266
8899,OK,99.100,0.44,15812.400029972196
8900,OK,60.900,0.44,15966.399980243295
8901,OK,76.300,0.44,15746.899996884167
8902,OK,77.100,0.44,15894.000011030585
8903,OK,75.000,0.44,15845.69999249652
8904,OK,91.700,0.44,15821.300039533526
8905,OK,62.000,0.44,15893.10000417754
8906,OK,55.200,0.44,15955.600014422089
8907,OK,67.600,0.44,15868.899994529784
8908,OK,103.300,0.44,16020.199982449412
8909,OK,113.300,0.44,15626.100008375943
8910,OK,106.000,0.44,15862.899948842824
8911,OK,142.600,0.44,15827.89997337386
8912,OK,55.500,0.44,15923.099999781698
8913,OK,62.900,0.44,15797.00002912432
8914,OK,95.000,0.44,15890.999988187104
8915,OK,58.900,0.44,15948.0000147596
8916,OK,60.900,0.44,15903.200022876263
8917,OK,59.100,0.44,15859.09997811541
8918,OK,94.300,0.44,15883.799991570413
8919,OK,98.900,0.44,15814.799990039319
8920,OK,79.400,0.44,15876.200050115585
8921,OK,58.000,0.44,15904.700034298003
8922,OK,66.400,0.44,15871.899959165603
8923,OK,52.300,0.44,15970.400010701269
8924,OK,51.700,0.44,15924.500010441989
8925,OK,69.200,0.44,15894.200012553483
8926,OK,74.900,0.44,15880.000020843
8927,OK,55.200,0.44,15927.900036331266
8928,OK,48.500,0.44,15947.000007145107
8929,OK,131.400,0.44,15735.199966002256
8930,OK,60.500,0.44,15878.800011705607
8931,OK,55.000,0.44,15944.299986585975
8932,OK,62.900,0.44,15917.300013825297
8933,OK,96.100,0.44,15905.899985227734
8934,OK,64.100,0.44,16280.499985441566
8935,OK,190.700,0.44,15573.399956338108
8936,OK,237.700,0.44,15412.799955811352
8937,OK,80.100,0.44,15891.099988948554
8938,OK,63.200,0.44,15747.500001452863
8939,OK,74.200,0.44,15979.900024831295
8940,OK,95.700,0.44,15790.699981153011
8941,OK,69.100,0.44,15895.199961960316
8942,OK,57.900,0.44,15942.699974402785
8943,OK,61.300,0.44,15889.700036495924
8944,OK,63.500,0.44,15916.9000107795
8945,OK,72.500,0.44,15901.800012215972
8946,OK,122.000,0.44,15861.500054597855
8947,OK,93.700,0.44,15808.500000275671
8948,OK,61.400,0.44,15914.200048428029
8949,OK,77.600,0.44,15851.399977691472
8950,OK,80.300,0.44,15909.800014924258
8951,OK,88.300,0.44,15848.200011532754
8952,OK,132.200,0.44,15730.499988421798
8953,OK,83.300,0.44,15886.400011368096
8954,OK,91.000,0.44,15938.600001391023
8955,OK,59.300,0.44,15883.199987001717
8956,OK,67.800,0.44,15931.60000629723
8957,OK,103.500,0.44,15834.900026675314
8958,OK,78.200,0.44,15916.700009256601
8959,OK,66.800,0.44,15831.500000786036
8960,OK,70.900,0.44,15931.500005535781
8961,OK,67.100,0.44,15850.899973884225
8962,OK,62.400,0.44,15900.200000032783
8963,OK,56.800,0.44,15927.999978885055
8964,OK,51.800,0.44,15902.10001450032
8965,OK,92.400,0.44,15846.599999349564
8966,OK,135.200,0.44,15890.699985902756
8967,OK,71.700,0.44,15872.60002270341
8968,OK,121.600,0.44,15837.799990549684
8969,OK,79.000,0.44,15867.199981585145
8970,OK,56.400,0.44,15858.500031754375
8971,OK,56.200,0.44,15906.699991319329
8972,OK,65.100,0.44,15909.999958239496
8973,OK,66.000,0.44,15893.000003416091
8974,OK,65.500,0.44,15892.800001893193
8975,OK,61.700,0.44,15987.500024493784
8976,OK,126.600,0.44,15763.900009915233
8977,OK,90.900,0.44,15887.800022028387
8978,OK,77.500,0.44,15846.399997826666
8979,OK,73.000,0.44,15900.200000032783
8980,OK,74.600,0.44,15867.699985392392
8981,OK,71.200,0.44,15883.999993093312
8982,OK,76.500,0.44,15854.500001296401
8983,OK,69.500,0.44,15844.799985643476
8984,OK,73.600,0.44,15911.00002406165
8985,OK,66.300,0.44,15862.599946558475
8986,OK,167.000,0.44,15792.2999933362
8987,OK,111.200,0.44,15684.700047131628
8988,OK,52.500,0.44,15983.899997081608
8989,OK,62.600,0.44,15914.299990981817
8990,OK,49.400,0.44,15933.20001848042
8991,OK,113.800,0.44,15809.200005605817
8992,OK,85.200,0.44,15828.800038434565
8993,OK,84.800,0.44,15941.000019665807
8994,OK,76.100,0.44,15863.100008573383
8995,OK,80.800,0.44,15855.800011195242
8996,OK,97.700,0.44,15892.099996563047
8997,OK,105.400,0.44,15802.600013557822
8998,OK,92.800,0.44,15855.600009672344
8999,OK,103.200,0.44,15839.200001209974
9000,OK,99.000,0.44,15951.199980918318
9001,OK,112.700,0.44,15563.900000415742
9002,OK,100.500,0.44,15901.400009170175
9003,OK,116.400,0.44,15661.199984606355
9004,OK,120.400,0.44,15835.40003048256
9005,OK,91.400,0.44,15828.300034627318
9006,OK,155.300,0.44,15768.199984449893
9007,OK,95.600,0.44,15882.899984717369
9008,OK,110.400,0.44,15829.49998555705
9009,OK,116.100,0.44,15782.800037413836
9010,OK,120.000,0.44,15841.799962799996
9011,OK,95.700,0.44,15835.3999722749
9012,OK,101.900,0.44,15901.700011454523
9013,OK,100.700,0.44,15797.400032170117
9014,OK,102.600,0.44,15891.499991994351
9015,OK,103.500,0.44,15810.700017027557
9016,OK,90.700,0.44,15836.399979889393
9017,OK,94.600,0.44,15824.400004930794
9018,OK,76.900,0.44,15935.199975501746
9019,OK,86.300,0.44,15794.799954164773
9020,OK,117.000,0.44,15793.300000950694
9021,OK,110.200,0.44,15861.399995628744
9022,OK,100.700,0.44,15862.800006289035
9023,OK,110.500,0.44,15786.200005095452
9024,OK,106.500,0.44,15837.999992072582
9025,OK,90.900,0.44,15805.69997895509
9026,OK,56.900,0.44,15922.8999982588
9027,OK,71.400,0.44,15878.30000789836
9028,OK,56.600,0.44,15963.600017130375
9029,OK,57.000,0.44,15965.90003464371
9030,OK,64.600,0.44,15899.799996986985
9031,OK,57.600,0.44,15890.799986664206
9032,OK,82.000,0.44,15860.200044699013
9033,OK,78.700,0.44,15922.79999749735
9034,OK,55.900,0.44,15868.10004664585
9035,OK,62.200,0.44,16050.599981099367
9036,OK,192.200,0.44,15535.600017756224
9037,OK,74.700,0.44,15882.499981671572
9038,OK,92.800,0.44,15874.699980486184
9039,OK,96.300,0.44,15875.099983531982
9040,OK,93.000,0.44,15805.300034116954
9041,OK,76.300,0.44,15880.399965681136
9042,OK,101.500,0.44,15834.300022106618
9043,OK,71.400,0.44,15941.500023473054
9044,OK,92.400,0.44,15845.399990212172
9045,OK,226.800,0.44,15633.999952115119
9046,OK,129.500,0.44,15844.000037759542
9047,OK,102.400,0.44,15834.699966944754
9048,OK,79.000,0.44,15881.200029980391
9049,OK,96.100,0.44,15883.599990047514
9050,OK,127.200,0.44,15796.399966347963
9051,OK,93.800,0.44,15865.299967117608
9052,OK,71.900,0.44,15866.899979300797
9053,OK,56.000,0.44,15897.199977189302
9054,OK,56.600,0.44,15904.199972283095
9055,OK,66.500,0.44,15873.300028033555
9056,OK,70.100,0.44,15903.70002668351
9057,OK,64.800,0.44,16115.5000096187
9058,OK,55.000,0.44,15891.69999351725
9059,OK,62.100,0.44,15967.000043019652
9060,OK,104.000,0.44,15914.10004766658
9061,OK,86.000,0.44,15541.200002189726
9062,OK,84.100,0.44,15818.400017451495
9063,OK,94.700,0.44,16159.099992364645
9064,OK,66.700,0.44,15635.50002174452
9065,OK,87.000,0.44,15913.699986413121
9066,OK,122.300,0.44,15904.000028967857
9067,OK,151.000,0.44,15728.400030639023
9068,OK,179.300,0.44,15996.400034055114
9069,OK,252.300,0.44,15714.00003740564
9070,OK,336.900,0.44,15479.599998798221
9071,OK,184.000,0.44,15901.400009170175
9072,OK,196.100,0.44,15573.10001226142
9073,OK,184.500,0.44,15465.300006326288
9074,OK,164.100,0.44,15705.500030890107
9075,OK,79.600,0.44,15841.40001796186
9076,OK,171.300,0.44,15812.700032256544
9077,OK,182.400,0.44,15458.300011232495
9078,OK,80.900,0.44,15911.099966615438
9079,OK,64.500,0.44,15968.199993949383
9080,OK,54.000,0.44,15876.299992669374
9081,OK,54.600,0.44,15901.800012215972
9082,OK,54.000,0.44,15935.299976263195
9083,OK,72.800,0.44,15840.700012631714
9084,OK,82.300,0.44,16179.299971554428
9085,OK,229.700,0.44,15273.80000334233
9086,OK,83.200,0.44,15906.999993603677
9087,OK,70.700,0.44,15885.600005276501
9088,OK,72.600,0.44,15896.700031589717
9089,OK,73.600,0.44,15935.100032947958
9090,OK,64.500,0.44,15904.99997837469
9091,OK,70.100,0.44,15900.699945632368
9092,OK,68.900,0.44,15864.600019995123
9093,OK,77.900,0.44,15925.600018817931
9094,OK,81.400,0.44,15811.200020834804
9095,OK,49.400,0.44,15958.099975250661
9096,OK,55.800,0.44,15831.199998501688
9097,OK,48.800,0.44,15924.600011203438
9098,OK,38.200,0.44,15945.900056976825
9099,OK,48.100,0.44,15911.499969661236
9100,OK,42.500,0.44,15969.300002325326
9101,OK,76.800,0.44,15817.50001059845
9102,OK,53.600,0.44,15924.800012726337
9103,OK,70.300,0.44,15889.799979049712
9104,OK,70.900,0.44,15915.50000011921
9105,OK,54.800,0.44,15938.900003675371
9106,OK,57.500,0.44,15923.700004350394
9107,OK,59.500,0.44,15885.8000067994
9108,OK,64.700,0.44,16234.999988228083
9109,OK,115.500,0.44,15392.499975860119
9110,OK,93.900,0.44,15887.40001898259
9111,OK,72.500,0.44,15874.0000333637
9112,OK,63.100,0.44,15872.300020419061
9113,OK,82.300,0.44,15868.299989961088
9114,OK,57.300,0.44,15906.899992842227
9115,OK,90.400,0.44,15838.29999435693
9116,OK,52.100,0.44,15981.99998261407
9117,OK,53.900,0.44,15951.099980156869
9118,OK,76.600,0.44,15880.900027696043
9119,OK,69.200,0.44,15937.49999301508
9120,OK,66.200,0.44,15847.700007725507
9121,OK,67.200,0.44,15878.50000942126
9122,OK,67.000,0.44,15911.899972707033
9123,OK,69.500,0.44,15891.199989710003
9124,OK,68.600,0.44,15856.20001424104
9125,OK,65.900,0.44,15887.100016698241
9126,OK,66.600,0.44,15884.499996900558
9127,OK,54.700,0.44,15863.300010096282
9128,OK,43.400,0.44,16004.900040570647
9129,OK,61.900,0.44,15880.899969488382
9130,OK,62.200,0.44,15907.199995126575
9131,OK,49.500,0.44,15947.600011713803
9132,OK,99.800,0.44,15759.79997869581
9133,OK,58.500,0.44,15930.399997159839
9134,OK,63.300,0.44,15899.400052148849
9135,OK,60.900,0.44,15896.900033112615
9136,OK,56.100,0.44,15980.999974999577
9137,OK,51.700,0.44,15909.50001263991
9138,OK,61.200,0.44,15891.099988948554
9139,OK,54.600,0.44,15901.500009931624
9140,OK,67.900,0.44,15903.699968475848
9141,OK,103.700,0.44,15875.899989623576
9142,OK,118.200,0.44,15781.700029037893
9143,OK,101.300,0.44,15838.799998164177
9144,OK,109.000,0.44,15818.900021258742
9145,OK,83.200,0.44,15952.29998929426
9146,OK,69.100,0.44,15861.699997913092
9147,OK,67.300,0.44,15915.50000011921
9148,OK,74.600,0.44,15846.700000111014
9149,OK,93.300,0.44,15820.699976757169
9150,OK,75.900,0.44,15873.400028795004
9151,OK,57.200,0.44,15909.100009594113
9152,OK,57.000,0.44,15912.999981082976
9153,OK,87.400,0.44,15912.099974229932
9154,OK,102.100,0.44,15851.499978452921
9155,OK,83.800,0.44,15795.29995797202
9156,OK,78.400,0.44,15952.900052070618
9157,OK,88.100,0.44,15859.400038607419
9158,OK,88.500,0.44,15861.899999435991
9159,OK,66.200,0.44,15819.900028873235
9160,OK,93.500,0.44,15933.09995951131
9161,OK,74.500,0.44,15846.499998588115
9162,OK,85.000,0.44,15867.099980823696
9163,OK,63.900,0.44,15882.199979387224
9164,OK,65.400,0.44,15913.599985651672
9165,OK,74.600,0.44,15928.399981930852
9166,OK,71.500,0.44,15913.99998869747
9167,OK,75.000,0.44,15829.400043003261
9168,OK,128.700,0.44,15815.499995369464
9169,OK,132.300,0.44,15788.900025654584
9170,OK,107.400,0.44,15967.599989380687
9171,OK,105.400,0.44,15780.200017616153
9172,OK,76.900,0.44,15893.500007223338
9173,OK,84.500,0.44,15848.199953325093
9174,OK,82.000,0.44,15891.90005324781
9175,OK,96.800,0.44,15825.300011783838
9176,OK,74.600,0.44,15896.999975666404
9177,OK,81.800,0.44,15892.299998085946
9178,OK,70.200,0.44,15867.099980823696
9179,OK,69.700,0.44,15874.899982009083
9180,OK,147.800,0.44,15785.399999003857
9181,OK,89.400,0.44,15875.39998581633
9182,OK,77.300,0.44,15810.400014743209
9183,OK,81.600,0.44,15881.100029218942
9184,OK,73.800,0.44,15870.500006712973
9185,OK,63.300,0.44,16166.499990504235
9186,OK,310.700,0.44,15205.70000866428
9187,OK,64.800,0.44,15891.5999927558
9188,OK,63.900,0.44,15879.700018558651
9189,OK,63.900,0.44,15901.500009931624
9190,OK,65.700,0.44,15919.90003362298
9191,OK,67.100,0.44,15897.69998099655
9192,OK,63.200,0.44,15876.89999723807
9193,OK,135.600,0.44,15818.099956959486
9194,OK,84.000,0.44,15882.80004216358
9195,OK,86.400,0.44,15850.000025238842
9196,OK,63.600,0.44,15920.999983791262
9197,OK,79.500,0.44,15883.100044447929
9198,OK,84.000,0.44,15894.70001636073
9199,OK,81.100,0.44,15851.199976168573
9200,OK,62.500,0.44,15887.20001745969
9201,OK,58.600,0.44,15819.10002278164
9202,OK,58.300,0.44,15959.700045641512
9203,OK,74.500,0.44,15895.500022452325
9204,OK,80.600,0.44,15875.499986577779
9205,OK,103.000,0.44,15767.700038850307
9206,OK,94.200,0.44,15890.899987425655
9207,OK,72.500,0.44,15888.000023551285
9208,OK,89.700,0.44,16069.800010882318
9209,OK,96.800,0.44,15485.59998627752
9210,OK,82.600,0.44,15897.100034635514
9211,OK,95.000,0.44,15827.199968043715
9212,OK,69.200,0.44,15895.099961198866
9213,OK,70.400,0.44,15879.500017035753
9214,OK,68.300,0.44,15887.19995925203
9215,OK,63.500,0.44,15892.099996563047
9216,OK,53.300,0.44,15937.299991492182
9217,OK,136.300,0.44,15520.400018431246
9218,OK,82.900,0.44,15905.399981420487
9219,OK,61.300,0.44,15898.899990133941
9220,OK,74.200,0.44,15892.099996563047
9221,OK,66.400,0.44,15905.999985989183
9222,OK,67.800,0.44,15879.90002008155
9223,OK,77.900,0.44,15867.299982346594
9224,OK,76.900,0.44,15873.699972871691
9225,OK,60.800,0.44,16000.000003259629
9226,OK,139.700,0.44,15745.299984700978
9227,OK,66.500,0.44,15887.40001898259
9228,OK,63.200,0.44,15861.099993344396
9229,OK,53.300,0.44,15933.09995951131
9230,OK,63.700,0.44,15932.200010865927
9231,OK,59.400,0.44,15864.900022279471
9232,OK,54.000,0.44,15956.90002432093
9233,OK,65.600,0.44,15835.29997151345
9234,OK,104.500,0.44,15864.199958741665
9235,OK,133.500,0.44,15800.499997567385
9236,OK,109.100,0.44,15883.199987001717
9237,OK,70.200,0.44,15894.70001636073
9238,OK,71.500,0.44,15861.199994105846
9239,OK,69.200,0.44,15894.60001559928
9240,OK,76.700,0.44,15903.400024399161
9241,OK,74.800,0.44,15796.80002760142
9242,OK,71.700,0.44,15816.500002983958
9243,OK,85.000,0.44,15873.800031840801
9244,OK,78.500,0.44,15888.90003040433
9245,OK,111.200,0.44,15833.90001906082
9246,OK,153.800,0.44,15719.399962108582
9247,OK,65.900,0.44,15893.900010269135
9248,OK,85.400,0.44,15883.599990047514
9249,OK,87.500,0.44,15942.299971356988
9250,OK,88.900,0.44,15782.499976921827
9251,OK,108.300,0.44,15860.70004850626
9252,OK,110.700,0.44,15811.400022357702
9253,OK,111.900,0.44,15829.699987079948
9254,OK,110.300,0.44,15849.000017624348
9255,OK,100.000,0.44,15867.299982346594
9256,OK,100.700,0.44,15747.800003737211
9257,OK,114.300,0.44,15804.699971340597
9258,OK,83.400,0.44,15870.500006712973
9259,OK,91.800,0.44,15849.299961701035
9260,OK,96.700,0.44,15868.10004664585
9261,OK,102.500,0.44,15789.699973538518
9262,OK,105.100,0.44,15843.199973460287
9263,OK,122.300,0.44,15872.40002118051
9264,OK,116.400,0.44,15778.100001625717
9265,OK,114.200,0.44,15795.700019225478
9266,OK,71.900,0.44,15875.100041739643
9267,OK,113.400,0.44,15829.300042241812
9268,OK,114.400,0.44,16011.70003414154
9269,OK,87.800,0.44,15672.40001168102
9270,OK,110.500,0.44,15863.50001161918
9271,OK,119.900,0.44,15807.599993422627
9272,OK,117.500,0.44,15815.699996892363
9273,OK,135.700,0.44,15755.699947476387
9274,OK,90.700,0.44,15883.499989286065
9275,OK,166.200,0.44,15713.400032836944
9276,OK,86.000,0.44,15871.800016611814
9277,OK,89.800,0.44,15847.800008486956
9278,OK,98.300,0.44,15886.999957729131
9279,OK,114.500,0.44,15829.50004376471
9280,OK,113.400,0.44,15836.299979127944
9281,OK,98.800,0.44,15905.00003658235
9282,OK,99.200,0.44,15850.399970076978
9283,OK,96.000,0.44,15834.499965421855
9284,OK,95.700,0.44,16145.300003699958
9285,OK,258.000,0.44,15334.49999988079
9286,OK,91.400,0.44,15832.900011446327
9287,OK,89.700,0.44,15826.200018636882
9288,OK,76.700,0.44,15904.500032775104
9289,OK,86.800,0.44,15991.399995982647
9290,OK,116.600,0.44,15603.799954988062
9291,OK,75.200,0.44,15874.300035648048
9292,OK,66.200,0.44,15896.000026259571
9293,OK,64.700,0.44,15952.199988532811
9294,OK,56.200,0.44,15887.40001898259
9295,OK,82.700,0.44,15989.899984560907
9296,OK,56.100,0.44,15949.300024658442
9297,OK,79.900,0.44,15830.699994694442
9298,OK,85.100,0.44,15865.699970163405
9299,OK,77.800,0.44,15810.20001322031
9300,OK,63.000,0.44,15922.399994451553
9301,OK,94.900,0.44,15817.70001212135
9302,OK,111.600,0.44,15685.79999729991
9303,OK,66.100,0.44,15925.899962894619
9304,OK,57.300,0.44,16069.900011643767
9305,OK,59.300,0.44,16023.000003769994
9306,OK,149.400,0.44,15719.69996439293
9307,OK,151.000,0.44,15773.30002328381
9308,OK,161.100,0.44,15718.40001270175
9309,OK,156.700,0.44,15875.300043262541
9310,OK,204.500,0.44,15658.699965570122
9311,OK,164.800,0.44,15699.199982918799
9312,OK,230.600,0.44,15779.899957124144
9313,OK,163.900,0.44,15653.399983420968
9314,OK,123.900,0.44,16045.099997427315
9315,OK,90.000,0.44,15635.900024790317
9316,OK,94.300,0.44,16105.800052173436
9317,OK,118.300,0.44,15864.600019995123
9318,OK,146.500,0.44,15618.700010236353
9319,OK,175.800,0.44,16085.399955045432
9320,OK,191.900,0.44,15362.300036940724
9321,OK,191.500,0.44,15551.500022411346
9322,OK,193.500,0.44,15589.899965561926
9323,OK,234.200,0.44,15509.39999287948
9324,OK,123.400,0.44,15751.599974464625
9325,OK,79.400,0.44,15797.799977008253
9326,OK,63.000,0.44,15925.300016533583
9327,OK,66.400,0.44,15878.600010182709
9328,OK,55.800,0.44,15868.799993768334
9329,OK,70.900,0.44,15970.30000993982
9330,OK,49.200,0.44,15939.700009766966
9331,OK,79.600,0.44,15841.399959754199
9332,OK,55.600,0.44,15855.399949941784
9333,OK,61.300,0.44,15974.199981428683
9334,OK,104.100,0.44,15819.900028873235
9335,OK,75.700,0.44,15898.399986326694
9336,OK,58.200,0.44,15880.900027696043
9337,OK,70.800,0.44,15882.199979387224
9338,OK,72.100,0.44,15952.39999005571
9339,OK,54.200,0.44,15896.999975666404
9340,OK,55.600,0.44,15989.60004048422
9341,OK,98.400,0.44,15799.299988429993
9342,OK,60.400,0.44,15905.399981420487
9343,OK,61.600,0.44,15913.100040052086
9344,OK,57.800,0.44,15866.099973209202
9345,OK,51.700,0.44,15942.699974402785
9346,OK,55.500,0.44,15812.799974810332
9347,OK,92.500,0.44,15957.00002508238
9348,OK,76.500,0.44,15784.399991389364
9349,OK,59.600,0.44,15962.59995130822
9350,OK,52.600,0.44,15916.700009256601
9351,OK,57.400,0.44,15856.700018048286
9352,OK,53.400,0.44,15923.200000543147
9353,OK,80.400,0.44,15863.800013903528
9354,OK,62.800,0.44,15879.79996111244
9355,OK,69.600,0.44,15934.80003066361
9356,OK,74.200,0.44,15938.900003675371
9357,OK,62.600,0.44,15908.799949102104
9358,OK,68.600,0.44,15907.399996649474
9359,OK,89.900,0.44,15860.000043176115
9360,OK,86.200,0.44,15857.999969739467
9361,OK,92.500,0.44,15891.999995801598
9362,OK,88.600,0.44,15852.099983021617
9363,OK,59.400,0.44,15861.399995628744
9364,OK,66.700,0.44,15941.099962219596
9365,OK,68.200,0.44,15896.800032351166
9366,OK,71.000,0.44,15780.300018377602
9367,OK,85.100,0.44,15912.50003548339
9368,OK,71.500,0.44,15960.399992763996
9369,OK,75.600,0.44,15810.20001322031
9370,OK,80.600,0.44,15822.799992747605
9371,OK,51.100,0.44,15969.900006894022
9372,OK,98.300,0.44,15819.09996457398
9373,OK,134.900,0.44,15869.099996052682
9374,OK,80.700,0.44,15901.099948678166
9375,OK,96.700,0.44,15749.50001668185
9376,OK,70.400,0.44,15895.099961198866
9377,OK,96.400,0.44,15837.699989788234
9378,OK,60.800,0.44,15926.499967463315
9379,OK,58.400,0.44,15856.300015002489
9380,OK,126.500,0.44,15824.400004930794
9381,OK,72.500,0.44,15827.599971089512
9382,OK,55.500,0.44,15915.600000880659
9383,OK,58.800,0.44,15999.400056898594
9384,OK,67.000,0.44,15837.800048757344
9385,OK,61.700,0.44,15934.60002914071
9386,OK,80.800,0.44,15850.30002752319
9387,OK,75.700,0.44,15865.600027609617
9388,OK,110.900,0.44,15859.699982684106
9389,OK,88.300,0.44,15864.200016949326
9390,OK,67.400,0.44,15830.299991648644
9391,OK,61.700,0.44,15892.299998085946
9392,OK,67.300,0.44,15939.599950797856
9393,OK,56.800,0.44,15967.399987857789
9394,OK,60.900,0.44,15911.1000248231
9395,OK,76.500,0.44,15895.700023975223
9396,OK,70.400,0.44,15824.200003407896
9397,OK,72.500,0.44,15867.799986153841
9398,OK,67.300,0.44,15963.499958161265
9399,OK,64.700,0.44,15791.700046975166
9400,OK,63.200,0.44,15979.900024831295
9401,OK,130.700,0.44,15701.700001955032
9402,OK,107.700,0.44,15916.400006972253
9403,OK,74.900,0.44,15783.699986059219
9404,OK,80.100,0.44,15888.200025074184
9405,OK,98.200,0.44,15907.599998172373
9406,OK,72.100,0.44,15850.40002828464
9407,OK,62.900,0.44,15903.300023637712
9408,OK,116.500,0.44,15759.100031573325
9409,OK,60.500,0.44,15942.500031087548
9410,OK,97.100,0.44,15829.599986318499
9411,OK,61.000,0.44,15960.099990479648
9412,OK,65.300,0.44,15903.000021353364
9413,OK,84.100,0.44,15863.70001314208
9414,OK,70.400,0.44,15912.300033960491
9415,OK,85.300,0.44,15805.199975147843
9416,OK,90.100,0.44,15916.600008495152
9417,OK,94.500,0.44,15844.900044612586
9418,OK,72.300,0.44,15888.400026597083
9419,OK,71.700,0.44,15838.799998164177
9420,OK,58.100,0.44,15932.300011627376
9421,OK,70.000,0.44,15842.100023292005
9422,OK,65.400,0.44,15993.100008927286
9423,OK,72.400,0.44,15858.099970500916
9424,OK,184.200,0.44,15714.299981482327
9425,OK,177.900,0.44,15744.099975563586
9426,OK,120.000,0.44,15780.60002066195
9427,OK,56.200,0.44,15943.800040986389
9428,OK,184.300,0.44,15750.000020489097
9429,OK,99.900,0.44,15879.600017797202
9430,OK,68.800,0.44,15901.500009931624
9431,OK,97.200,0.44,15854.299999773502
9432,OK,111.800,0.44,15839.700005017221
9433,OK,66.700,0.44,15849.400020670146
9434,OK,90.000,0.44,15909.199952147901
9435,OK,68.900,0.44,15889.699978288263
9436,OK,88.200,0.44,15868.899994529784
9437,OK,70.600,0.44,15886.800014413893
9438,OK,88.700,0.44,15859.899984207004
9439,OK,67.800,0.44,15905.499982181937
9440,OK,69.500,0.44,15876.499994192272
9441,OK,63.200,0.44,15942.199970595539
9442,OK,113.000,0.44,15734.099957626313
9443,OK,65.600,0.44,15965.7999756746
9444,OK,64.400,0.44,15805.79997971654
9445,OK,78.600,0.44,15875.29998505488
9446,OK,85.900,0.44,15962.90001180023
9447,OK,67.300,0.44,15888.400026597083
9448,OK,69.300,0.44,15867.89998691529
9449,OK,85.900,0.44,15834.100020583719
9450,OK,80.600,0.44,15861.299994867295
9451,OK,55.900,0.44,15919.000026769936
9452,OK,50.800,0.44,15909.200010355562
9453,OK,64.500,0.44,15893.600007984787
9454,OK,72.300,0.44,15927.09997203201
9455,OK,84.200,0.44,15888.59996991232
9456,OK,97.100,0.44,15890.599985141307
9457,OK,64.500,0.44,15827.299968805164
9458,OK,121.400,0.44,15831.600001547486
9459,OK,78.800,0.44,15924.000006634742
9460,OK,70.600,0.44,15830.399992410094
9461,OK,77.100,0.44,15842.899971175939
9462,OK,75.800,0.44,15837.500046472996
9463,OK,69.100,0.44,15882.399980910122
9464,OK,66.200,0.44,15923.200000543147
9465,OK,75.000,0.44,15933.600021526217
9466,OK,178.100,0.44,15636.000025551766
9467,OK,85.500,0.44,15855.799952987581
9468,OK,69.000,0.44,15917.00001154095
9469,OK,64.400,0.44,15915.700001642108
9470,OK,89.200,0.44,15883.499989286065
9471,OK,78.400,0.44,15821.900044102222
9472,OK,90.900,0.44,15916.000003926456
9473,OK,75.600,0.44,15873.300028033555
9474,OK,75.100,0.44,15867.700043600053
9475,OK,166.100,0.44,15765.199961606413
9476,OK,119.500,0.44,15874.699980486184
9477,OK,81.600,0.44,15778.000000864267
9478,OK,54.900,0.44,15902.899962384254
9479,OK,56.200,0.44,15913.300041574985
9480,OK,50.900,0.44,15912.39997651428
9481,OK,53.300,0.44,15921.39998683706
9482,OK,50.800,0.44,15924.20000815764
9483,OK,119.400,0.44,15815.399994608015
9484,OK,59.800,0.44,15931.500005535781
9485,OK,55.000,0.44,15881.200029980391
9486,OK,62.600,0.44,15848.600014578551
9487,OK,67.200,0.44,15912.699978798628
9488,OK,58.100,0.44,15808.399999514222
9489,OK,77.200,0.44,15883.599990047514
9490,OK,89.400,0.44,15875.699988100678
9491,OK,97.600,0.44,15877.800004091114
9492,OK,99.100,0.44,15835.099969990551
9493,OK,100.400,0.44,15855.500008910894
9494,OK,102.600,0.44,15816.20000069961
9495,OK,98.700,0.44,15888.300025835633
9496,OK,117.200,0.44,15802.80001508072
9497,OK,108.400,0.44,15824.900008738041
9498,OK,113.900,0.44,15847.600006964058
9499,OK,133.700,0.44,15832.40000763908
9500,OK,112.200,0.44,15750.90002734214
9501,OK,111.400,0.44,15709.200000856072
9502,OK,126.000,0.44,15782.199974637479
9503,OK,97.600,0.44,15897.299977950752
9504,OK,101.700,0.44,15786.000003572553
9505,OK,102.400,0.44,15854.099998250604
9506,OK,105.000,0.44,15806.699986569583
9507,OK,90.200,0.44,15971.799963153899
9508,OK,77.500,0.44,15775.199979543686
9509,OK,99.900,0.44,15844.599984120578
9510,OK,103.100,0.44,15839.200001209974
9511,OK,115.000,0.44,15844.499983359128
9512,OK,122.300,0.44,15819.600026588887
9513,OK,122.200,0.44,15808.80000256002
9514,OK,86.400,0.44,15874.199976678938
9515,OK,106.700,0.44,15823.299996554852
9516,OK,121.100,0.44,15816.300001461059
9517,OK,102.700,0.44,15920.399979222566
9518,OK,162.900,0.44,15777.69999857992
9519,OK,151.100,0.44,15675.300033763051
9520,OK,67.100,0.44,15873.199969064444
9521,OK,64.200,0.44,15850.900032091886
9522,OK,50.700,0.44,15906.299988273531
9523,OK,77.900,0.44,15887.09995849058
9524,OK,86.000,0.44,15992.600005120039
9525,OK,102.600,0.44,15786.200005095452
9526,OK,99.100,0.44,15885.70000603795
9527,OK,75.200,0.44,15869.39999833703
9528,OK,80.600,0.44,15914.699994027615
9529,OK,86.700,0.44,15812.499972525984
9530,OK,71.700,0.44,16047.000011894852
9531,OK,134.800,0.44,15661.99999069795
9532,OK,87.800,0.44,15868.799993768334
9533,OK,83.900,0.44,16165.099979843944
9534,OK,95.000,0.44,15577.699989080429
9535,OK,97.600,0.44,15857.000020332634
9536,OK,66.400,0.44,15814.300044439733
9537,OK,90.700,0.44,15904.200030490756
9538,OK,110.500,0.44,15847.100003156811
9539,OK,70.800,0.44,15829.29998403415
9540,OK,77.800,0.44,15888.70002888143
9541,OK,87.500,0.44,15842.80002862215
9542,OK,74.300,0.44,16129.700001329184
9543,OK,146.600,0.44,15583.200030960143
9544,OK,66.400,0.44,15882.499981671572
9545,OK,58.900,0.44,15957.299969159067
9546,OK,98.000,0.44,15818.100015167147
9547,OK,108.300,0.44,15836.300037335604
9548,OK,97.200,0.44,15999.299997929484
9549,OK,66.000,0.44,15725.400007795542
9550,OK,69.000,0.44,15887.700021266937
9551,OK,102.800,0.44,15868.399990722537
9552,OK,111.800,0.44,15774.399973452091
9553,OK,117.600,0.44,15885.70000603795
9554,OK,58.900,0.44,15884.39999613911
9555,OK,79.700,0.44,15926.499967463315
9556,OK,56.300,0.44,16076.600004453212
9557,OK,103.400,0.44,15773.20002252236
9558,OK,74.500,0.44,15940.70001738146
9559,OK,91.900,0.44,16037.599998526275
9560,OK,111.100,0.44,15996.199974324554
9561,OK,169.900,0.44,15614.099975209683
9562,OK,166.600,0.44,15622.999984771013
9563,OK,178.600,0.44,15669.699991121888
9564,OK,229.300,0.44,15470.399986952543
9565,OK,110.000,0.44,15750.400023534894
9566,OK,103.700,0.44,15961.799945216626
9567,OK,157.100,0.44,15585.09998722002
9568,OK,90.600,0.44,15809.200005605817
9569,OK,47.500,0.44,16034.999978728592
9570,OK,71.200,0.44,15866.799978539348
9571,OK,115.500,0.44,15805.69997895509
9572,OK,74.200,0.44,15937.999996822327
9573,OK,56.800,0.44,15839.100000448525
9574,OK,52.000,0.44,15957.399969920516
9575,OK,56.800,0.44,15970.999957062304
9576,OK,96.400,0.44,15785.900002811104
9577,OK,92.100,0.44,15847.800008486956
9578,OK,71.700,0.44,15940.50001585856
9579,OK,139.800,0.44,15725.799952633679
9580,OK,67.100,0.44,15952.29998929426
9581,OK,55.700,0.44,15872.900024987757
9582,OK,77.400,0.44,15934.70002990216
9583,OK,61.000,0.44,15896.900033112615
9584,OK,81.400,0.44,15875.29998505488
9585,OK,54.300,0.44,15902.300016023219
9586,OK,53.100,0.44,15911.500027868897
9587,OK,57.000,0.44,15852.100041229278
9588,OK,42.000,0.44,15953.800000716
9589,OK,49.100,0.44,15947.700012475252
9590,OK,52.700,0.44,15899.899997748435
9591,OK,48.000,0.44,15937.199990730733
9592,OK,55.900,0.44,15864.500019233674
9593,OK,41.900,0.44,15996.599977370352
9594,OK,60.000,0.44,15886.600012890995
9595,OK,58.600,0.44,15928.299981169403
9596,OK,48.200,0.44,15919.399971608073
9597,OK,50.900,0.44,15923.600003588945
9598,OK,51.900,0.44,15925.100015010685
9599,OK,53.500,0.44,15906.59999055788
9600,OK,51.900,0.44,15926.700027193874
9601,OK,86.100,0.44,16115.900012664497
9602,OK,285.400,0.44,15437.400026712567
9603,OK,240.500,0.44,15335.200005210936
9604,OK,57.900,0.44,15905.699983704835
9605,OK,54.300,0.44,15911.299968138337
9606,OK,57.100,0.44,15955.800015944988
9607,OK,91.600,0.44,15820.49997523427
9608,OK,55.500,0.44,15943.49998049438
9609,OK,112.700,0.44,15899.999998509884
9610,OK,102.400,0.44,15810.0999542512
9611,OK,58.900,0.44,15940.59995841235
9612,OK,69.000,0.44,15865.10002380237
9613,OK,58.100,0.44,15904.499974567443
9614,OK,59.800,0.44,15940.900018904358
9615,OK,67.000,0.44,15869.099996052682
9616,OK,61.800,0.44,15922.299993690103
9617,OK,68.000,0.44,15890.999988187104
9618,OK,72.300,0.44,15886.500012129545
9619,OK,75.000,0.44,15919.399971608073
9620,OK,77.300,0.44,15841.000014916062
9621,OK,99.700,0.44,15755.100001115352
9622,OK,61.800,0.44,15960.999997332692
9623,OK,62.800,0.44,15872.50002194196
9624,OK,63.400,0.44,15858.899976592511
9625,OK,54.300,0.44,15951.499983202666
9626,OK,53.600,0.44,15906.299988273531
9627,OK,55.300,0.44,15885.600005276501
9628,OK,52.700,0.44,15941.200021188706
9629,OK,75.000,0.44,15926.999971270561
9630,OK,73.900,0.44,15866.799978539348
9631,OK,59.300,0.44,15847.600006964058
9632,OK,50.200,0.44,15924.999956041574
9633,OK,55.300,0.44,15940.70001738146
9634,OK,71.600,0.44,15935.500035993755
9635,OK,73.500,0.44,15875.799988862127
9636,OK,71.200,0.44,15880.499966442585
9637,OK,65.100,0.44,15892.100054770708
9638,OK,63.600,0.44,15832.600009161979
9639,OK,76.600,0.44,15955.999959260225
9640,OK,71.300,0.44,15898.700046818703
9641,OK,67.400,0.44,15949.60002694279
9642,OK,110.800,0.44,15764.600015245378
9643,OK,81.700,0.44,15854.800003580749
9644,OK,68.200,0.44,15831.600001547486
9645,OK,79.800,0.44,15879.399958066642
9646,OK,91.100,0.44,15878.100006375462
9647,OK,105.100,0.44,15919.90003362298
9648,OK,75.500,0.44,15809.399948921055
9649,OK,81.200,0.44,15928.999986499548
9650,OK,60.300,0.44,15897.999983280897
9651,OK,68.600,0.44,15938.700002152473
9652,OK,61.400,0.44,15878.100006375462
9653,OK,119.700,0.44,15762.70000077784
9654,OK,75.300,0.44,15900.899947155267
9655,OK,91.800,0.44,15871.599956881255
9656,OK,113.400,0.44,15903.800027444959
9657,OK,77.200,0.44,15815.499995369464
9658,OK,77.500,0.44,15862.400003243238
9659,OK,78.200,0.44,15879.500017035753
9660,OK,72.100,0.44,15923.600003588945
9661,OK,87.900,0.44,15870.400005951524
9662,OK,89.800,0.44,15864.900022279471
9663,OK,72.000,0.44,15875.799988862127
9664,OK,76.800,0.44,15831.799944862723
9665,OK,77.400,0.44,15920.299978461117
9666,OK,75.900,0.44,15754.899999592453
9667,OK,59.900,0.44,15886.299952398986
9668,OK,65.800,0.44,16303.099982906133
9669,OK,203.400,0.44,15352.30001900345
9670,OK,69.300,0.44,15894.60001559928
9671,OK,82.500,0.44,15806.400042492896
9672,OK,73.000,0.44,15939.00000443682
9673,OK,79.300,0.44,15846.199996303767
9674,OK,74.800,0.44,15831.500000786036
9675,OK,59.900,0.44,15931.900008581579
9676,OK,58.400,0.44,15886.099950876087
9677,OK,60.200,0.44,15970.400010701269
9678,OK,63.400,0.44,15883.399988524616
9679,OK,107.700,0.44,15925.80002034083
9680,OK,103.600,0.44,15818.600018974394
9681,OK,71.500,0.44,15849.100018385798
9682,OK,100.000,0.44,15926.299965940416
9683,OK,73.900,0.44,15845.79999325797
9684,OK,65.700,0.44,15886.699955444783
9685,OK,72.300,0.44,15882.599982433021
9686,OK,67.400,0.44,15897.999983280897
9687,OK,85.500,0.44,15844.600042328238
9688,OK,80.000,0.44,15926.000021863729
9689,OK,68.700,0.44,15789.200027938932
9690,OK,49.500,0.44,15961.900004185736
9691,OK,58.100,0.44,15890.499984379858
9692,OK,57.100,0.44,15924.40000968054
9693,OK,58.900,0.44,15913.600043859333
9694,OK,64.400,0.44,15865.799970924854
9695,OK,58.700,0.44,15920.200035907328
9696,OK,68.900,0.44,15912.900038529187
9697,OK,54.600,0.44,15909.100009594113
9698,OK,60.400,0.44,15917.200013063848
9699,OK,65.300,0.44,15878.699952736497
9700,OK,58.300,0.44,15939.600009005517
9701,OK,76.200,0.44,15721.399977337569
9702,OK,65.300,0.44,15891.7999942787
9703,OK,113.300,0.44,16165.199980605394
9704,OK,125.500,0.44,15467.600023839623
9705,OK,228.900,0.44,15702.799952123314
9706,OK,86.400,0.44,15969.200001563877
9707,OK,166.700,0.44,15658.400021493435
9708,OK,79.300,0.44,15899.799996986985
9709,OK,73.500,0.44,15917.300013825297
9710,OK,70.900,0.44,15895.100019406527
9711,OK,75.900,0.44,15884.699998423457
9712,OK,72.200,0.44,15874.099975917488
9713,OK,85.100,0.44,15855.000005103648
9714,OK,64.500,0.44,15871.400013566017
9715,OK,55.000,0.44,15890.29998285696
9716,OK,125.900,0.44,15831.800003070384
9717,OK,132.100,0.44,15813.799982424825
9718,OK,68.800,0.44,15918.600023724139
9719,OK,57.600,0.44,15892.499999608845
9720,OK,52.600,0.44,15916.400006972253
9721,OK,50.300,0.44,15920.300036668777
9722,OK,62.500,0.44,15908.200002741069
9723,OK,61.200,0.44,15938.399999868125
9724,OK,65.900,0.44,15848.199953325093
9725,OK,58.200,0.44,15926.800027955323
9726,OK,139.000,0.44,15823.800000362098
9727,OK,64.000,0.44,15873.200027272105
9728,OK,59.700,0.44,15855.100005865097
9729,OK,85.000,0.44,15848.500013817102
9730,OK,80.700,0.44,15836.199978366494
9731,OK,88.400,0.44,15801.20000289753
9732,OK,63.800,0.44,15936.299983877689
9733,OK,98.000,0.44,15856.900019571185
9734,OK,90.400,0.44,15869.39999833703
9735,OK,94.900,0.44,15846.099995542318
9736,OK,92.700,0.44,15850.700030568987
9737,OK,89.700,0.44,15919.80003286153
9738,OK,93.200,0.44,15811.299963388592
9739,OK,90.000,0.44,15846.900001633912
9740,OK,98.000,0.44,15830.89999621734
9741,OK,100.100,0.44,15842.79997041449
9742,OK,97.900,0.44,15882.700041402131
9743,OK,117.600,0.44,15790.199977345765
9744,OK,106.600,0.44,15874.999982770532
9745,OK,121.000,0.44,15792.4999948591
9746,OK,86.000,0.44,15882.100036833435
9747,OK,96.600,0.44,15840.100008063018
9748,OK,102.700,0.44,15853.800054173917
9749,OK,98.900,0.44,15818.299958482385
9750,OK,96.200,0.44,15849.699964746833
9751,OK,97.600,0.44,15933.399961795658
9752,OK,118.300,0.44,15744.500036817044
9753,OK,107.200,0.44,15923.500002827495
9754,OK,83.000,0.44,15739.399997983128
9755,OK,80.600,0.44,15943.000034894794
9756,OK,135.700,0.44,15740.49994815141
9757,OK,128.900,0.44,15837.500046472996
9758,OK,237.600,0.44,15749.200014397502
9759,OK,132.800,0.44,15921.999991405755
9760,OK,231.900,0.44,15425.999998115003
9761,OK,79.400,0.44,15913.90004614368
9762,OK,64.600,0.44,15863.300010096282
9763,OK,60.900,0.44,15919.600031338632
9764,OK,55.700,0.44,15898.600046057254
9765,OK,77.200,0.44,15857.59996669367
9766,OK,67.900,0.44,15914.599993266165
9767,OK,71.000,0.44,15873.699972871691
9768,OK,64.900,0.44,15891.69999351725
9769,OK,76.900,0.44,16098.599997349083
9770,OK,121.000,0.44,15627.800021320581
9771,OK,89.000,0.44,15811.400022357702
9772,OK,101.200,0.44,15923.200000543147
9773,OK,75.100,0.44,15883.899992331862
9774,OK,83.100,0.44,15836.79998293519
9775,OK,73.900,0.44,15855.600009672344
9776,OK,75.200,0.44,15916.100004687905
9777,OK,73.300,0.44,15979.499963577837
9778,OK,150.800,0.44,15719.80002336204
9779,OK,98.200,0.44,15854.800003580749
9780,OK,96.800,0.44,15814.199985470623
9781,OK,87.200,0.44,15916.9000107795
9782,OK,120.300,0.44,15766.100026667118
9783,OK,178.900,0.44,15796.300023794174
9784,OK,97.600,0.44,15793.80000475794
9785,OK,80.700,0.44,15964.40002322197
9786,OK,88.300,0.44,15814.199985470623
9787,OK,69.200,0.44,15923.099999781698
9788,OK,88.500,0.44,15994.899964425713
9789,OK,211.800,0.44,15587.200003210455
9790,OK,86.200,0.44,15820.60003420338
9791,OK,78.300,0.44,15892.099996563047
9792,OK,73.000,0.44,15880.099963396788
9793,OK,93.300,0.44,15855.000005103648
9794,OK,89.800,0.44,16017.299960367382
9795,OK,59.900,0.44,15905.799984466285
9796,OK,90.200,0.44,15865.700028371066
9797,OK,96.800,0.44,15816.500002983958
9798,OK,155.400,0.44,15654.49999179691
9799,OK,108.700,0.44,15813.399979379028
9800,OK,70.900,0.44,15832.100005354732
9801,OK,87.300,0.44,15772.300015669316
9802,OK,84.500,0.44,16046.800010371953
9803,OK,54.200,0.44,15873.299969825894
9804,OK,120.200,0.44,15679.700009059161
9805,OK,100.100,0.44,16015.800007153302
9806,OK,196.700,0.44,15898.199984803796
9807,OK,201.900,0.44,15595.700009725988
9808,OK,246.500,0.44,15641.000005416572
9809,OK,258.300,0.44,15504.500013776124
9810,OK,160.600,0.44,15625.700005330145
9811,OK,148.500,0.44,15753.699990455061
9812,OK,77.000,0.44,15876.499994192272
9813,OK,158.500,0.44,15702.900011092424
9814,OK,88.800,0.44,15856.899961363524
9815,OK,68.000,0.44,15929.199988022447
9816,OK,56.500,0.44,15838.39999511838
9817,OK,64.000,0.44,15970.600012224168
9818,OK,55.700,0.44,15917.200013063848
9819,OK,60.200,0.44,15893.400006461889
9820,OK,76.900,0.44,15875.39998581633
9821,OK,58.800,0.44,15885.70000603795
9822,OK,56.500,0.44,15956.500021275133
9823,OK,59.900,0.44,15902.300016023219
9824,OK,73.600,0.44,15804.0999667719
9825,OK,71.400,0.44,15967.200044542551
9826,OK,76.600,0.44,15913.599985651672
9827,OK,69.600,0.44,15870.300005190074
9828,OK,81.200,0.44,15862.400003243238
9829,OK,100.300,0.44,15801.800007466227
9830,OK,97.100,0.44,15850.899973884225
9831,OK,69.000,0.44,15867.799986153841
9832,OK,77.400,0.44,15857.200021855533
9833,OK,73.800,0.44,15867.699985392392
9834,OK,71.700,0.44,15918.000019155443
9835,OK,62.300,0.44,15850.699972361326
9836,OK,49.500,0.44,15935.599978547543
9837,OK,56.700,0.44,15922.399994451553
9838,OK,56.800,0.44,15918.50002296269
9839,OK,52.500,0.44,15890.800044871867
9840,OK,57.800,0.44,15921.000041998923
9841,OK,74.100,0.44,15886.800014413893
9842,OK,69.500,0.44,15956.89996611327
9843,OK,60.200,0.44,15930.399997159839
9844,OK,66.500,0.44,15919.300029054284
9845,OK,66.500,0.44,15911.699971184134
9846,OK,73.600,0.44,15819.09996457398
9847,OK,67.300,0.44,15868.699993006885
9848,OK,49.400,0.44,16096.20003728196
9849,OK,159.000,0.44,15605.90002918616
9850,OK,56.400,0.44,15868.499991483986
9851,OK,54.200,0.44,15902.900020591915
9852,OK,54.600,0.44,15889.000031165779
9853,OK,85.800,0.44,15956.200018990785
9854,OK,82.000,0.44,15793.300000950694
9855,OK,84.500,0.44,16083.399998024106
9856,OK,102.500,0.44,15690.899977926165
9857,OK,70.000,0.44,15897.400036919862
9858,OK,67.200,0.44,15888.400026597083
9859,OK,90.100,0.44,15853.399992920458
9860,OK,83.200,0.44,15943.999984301627
9861,OK,76.100,0.44,15864.900022279471
9862,OK,66.100,0.44,15857.900027185678
9863,OK,64.500,0.44,15912.40003472194
9864,OK,72.100,0.44,15906.199987512082
9865,OK,78.600,0.44,15863.900014664978
9866,OK,78.700,0.44,15848.200011532754
9867,OK,56.400,0.44,15891.80005248636
9868,OK,69.000,0.44,15895.500022452325
9869,OK,86.200,0.44,15879.500017035753
9870,OK,58.400,0.44,15936.899988446385
9871,OK,61.000,0.44,15820.60003420338
9872,OK,61.000,0.44,15836.499980650842
9873,OK,71.100,0.44,15913.699986413121
9874,OK,62.100,0.44,15886.900015175343
9875,OK,57.600,0.44,15850.399970076978
9876,OK,62.800,0.44,15903.900028206408
9877,OK,59.600,0.44,15894.899959675968
9878,OK,55.000,0.44,15865.00002304092
9879,OK,90.500,0.44,15874.099975917488
9880,OK,81.300,0.44,15848.300012294203
9881,OK,65.500,0.44,15938.900003675371
9882,OK,105.900,0.44,15838.199993595481
9883,OK,76.700,0.44,15895.400021690875
9884,OK,103.400,0.44,15798.2999808155
9885,OK,90.500,0.44,15927.399974316359
9886,OK,72.100,0.44,15843.199973460287
9887,OK,89.600,0.44,15852.799988351762
9888,OK,66.400,0.44,15823.5999988392
9889,OK,90.300,0.44,15923.900005873293
9890,OK,72.000,0.44,15840.700012631714
9891,OK,70.400,0.44,15854.500001296401
9892,OK,70.000,0.44,15980.59997195378
9893,OK,124.500,0.44,15829.899988602847
9894,OK,108.800,0.44,15838.799998164177
9895,OK,112.400,0.44,15746.800054330379
9896,OK,120.000,0.44,15814.49998775497
9897,OK,105.500,0.44,15821.599983610213
9898,OK,95.400,0.44,15961.29999961704
9899,OK,70.200,0.44,15859.599981922656
9900,OK,68.200,0.44,15842.899971175939
9901,OK,80.500,0.44,15771.200007293373
9902,OK,66.300,0.44,16156.700032297522
9903,OK,271.000,0.44,15324.599982704967
9904,OK,62.600,0.44,15966.900042258203
9905,OK,59.900,0.44,15903.899969998747
9906,OK,73.600,0.44,15904.400032013655
9907,OK,120.900,0.44,15740.60000712052
9908,OK,100.100,0.44,15841.700020246208
9909,OK,108.100,0.44,15933.700022287667
9910,OK,107.700,0.44,15832.700009923428
9911,OK,73.900,0.44,15881.499974057078
9912,OK,71.100,0.44,15893.600007984787
9913,OK,74.200,0.44,15879.79996111244
9914,OK,67.000,0.44,15922.000049613416
9915,OK,74.500,0.44,15818.399959243834
9916,OK,62.300,0.44,15853.999997489154
9917,OK,47.700,0.44,15910.200017970055
9918,OK,57.900,0.44,15987.399965524673
9919,OK,94.200,0.44,15824.900008738041
9920,OK,60.900,0.44,15899.599995464087
9921,OK,70.400,0.44,15843.199973460287
9922,OK,54.300,0.44,15929.699991829693
9923,OK,52.400,0.44,15940.50001585856
9924,OK,74.700,0.44,15857.899968978018
9925,OK,63.700,0.44,15904.699976090342
9926,OK,66.500,0.44,15928.399981930852
9927,OK,60.200,0.44,15902.999963145703
9928,OK,59.300,0.44,15941.799967549741
9929,OK,64.700,0.44,15867.799986153841
9930,OK,72.400,0.44,15862.500004004687
9931,OK,56.200,0.44,15931.799949612468
9932,OK,53.900,0.44,15905.500040389597
9933,OK,57.900,0.44,15915.199997834861
9934,OK,83.900,0.44,15856.800018809736
9935,OK,98.700,0.44,15843.200031667948
9936,OK,69.000,0.44,15903.5999677144
9937,OK,60.300,0.44,15933.399961795658
9938,OK,65.300,0.44,15970.699954777956
9939,OK,78.500,0.44,15827.100025489926
9940,OK,74.000,0.44,15853.19999139756
9941,OK,60.000,0.44,15909.900015685707
9942,OK,60.500,0.44,15899.000049103051
9943,OK,64.900,0.44,15943.49998049438
9944,OK,71.100,0.44,15885.70000603795
9945,OK,71.900,0.44,15925.59996061027
9946,OK,88.500,0.44,15879.000013228506
9947,OK,95.100,0.44,15811.70002464205
9948,OK,73.100,0.44,15852.499986067414
9949,OK,62.200,0.44,15909.200010355562
9950,OK,68.600,0.44,16001.40001391992
9951,OK,167.800,0.44,15693.1999954395
9952,OK,61.500,0.44,15879.500017035753
9953,OK,101.700,0.44,15893.399948254228
9954,OK,71.900,0.44,15867.299982346594
9955,OK,72.500,0.44,15898.499987088144
9956,OK,82.200,0.44,15824.100002646446
9957,OK,77.800,0.44,15927.999978885055
9958,OK,91.500,0.44,15791.499987244606
9959,OK,103.200,0.44,15829.599986318499
9960,OK,108.100,0.44,15868.399990722537
9961,OK,182.500,0.44,15690.600033849478
9962,OK,160.700,0.44,15849.600022193044
9963,OK,68.000,0.44,15902.10001450032
9964,OK,76.300,0.44,15863.900014664978
9965,OK,73.300,0.44,15892.399998847395
9966,OK,73.700,0.44,15877.500001806766
9967,OK,73.900,0.44,15889.199974481016
9968,OK,68.300,0.44,15797.800035215914
9969,OK,54.300,0.44,15917.00001154095
9970,OK,57.500,0.44,15993.999957572669
9971,OK,137.000,0.44,15777.59999781847
9972,OK,60.700,0.44,15908.699948340654
9973,OK,76.200,0.44,15901.399950962514
9974,OK,75.900,0.44,15826.999966520816
9975,OK,108.800,0.44,15870.100003667176
9976,OK,98.100,0.44,15841.200016438961
9977,OK,191.400,0.44,15736.000030301511
9978,OK,129.600,0.44,15784.599992912263
9979,OK,72.700,0.44,15823.3999973163
9980,OK,70.900,0.44,15832.600009161979
9981,OK,91.300,0.44,15903.100022114813
9982,OK,96.300,0.44,15847.30000467971
9983,OK,104.600,0.44,15852.699987590313
9984,OK,92.700,0.44,15840.000007301569
9985,OK,102.200,0.44,15826.899965759367
9986,OK,99.200,0.44,15829.60004452616
9987,OK,89.700,0.44,15856.800018809736
9988,OK,93.800,0.44,15965.200029313564
9989,OK,77.900,0.44,15741.600014735013
9990,OK,115.000,0.44,15849.199960939586
9991,OK,114.800,0.44,15815.299993846565
9992,OK,101.200,0.44,15854.7000028193
9993,OK,89.200,0.44,15845.599991735071
9994,OK,88.000,0.44,15849.200019147247
9995,OK,87.100,0.44,15844.499983359128
9996,OK,99.200,0.44,15843.200031667948
9997,OK,93.100,0.44,15837.799990549684
9998,OK,96.800,0.44,15843.299974221736
9999,OK,77.400,0.44,15874.899982009083
10000,OK,112.800,0.44,15830.699994694442
10001,OK,101.800,0.44,15718.700014986098
10002,OK,108.700,0.44,15820.199972949922
10003,OK,80.300,0.44,15882.199979387224
10004,OK,86.800,0.44,15863.300010096282
10005,OK,126.300,0.44,15840.200008824468
10006,OK,125.600,0.44,15927.29997355491
10007,OK,99.000,0.44,15755.100001115352
10008,OK,127.700,0.44,15795.100014656782
10009,OK,136.900,0.44,15717.800008133054
10010,OK,73.900,0.44,15922.6999967359
10011,OK,106.200,0.44,15759.099973365664
10012,OK,64.900,0.44,15884.099993854761
10013,OK,50.700,0.44,15928.200038615614
10014,OK,57.100,0.44,15983.299992512912
10015,OK,68.800,0.44,15854.60000205785
10016,OK,70.500,0.44,15929.999994114041
10017,OK,68.400,0.44,15888.200025074184
10018,OK,81.700,0.44,15894.500014837831
10019,OK,81.000,0.44,15984.700003173202
10020,OK,156.500,0.44,15650.900022592396
10021,OK,74.100,0.44,15905.299980659038
10022,OK,66.800,0.44,15886.899956967682
10023,OK,69.400,0.44,15895.299962721765
10024,OK,72.000,0.44,15900.400001555681
10025,OK,81.700,0.44,15813.799982424825
10026,OK,85.400,0.44,15882.599982433021
10027,OK,84.900,0.44,15953.699999954551
10028,OK,97.300,0.44,15765.200019814074
10029,OK,82.300,0.44,15920.700039714575
10030,OK,83.400,0.44,15879.90002008155
10031,OK,98.400,0.44,15823.199995793402
10032,OK,89.400,0.44,15803.699963726103
10033,OK,73.900,0.44,15895.300020929426
10034,OK,85.900,0.44,16592.4999746494
10035,OK,438.800,0.44,14507.500047329813
10036,OK,59.600,0.44,16000.300005543977
10037,OK,194.300,0.44,15652.799978852272
10038,OK,105.300,0.44,15961.29999961704
10039,OK,59.100,0.44,15784.399991389364
10040,OK,73.200,0.44,15847.100003156811
10041,OK,96.500,0.44,15831.099997740239
10042,OK,71.200,0.44,15855.300007387996
10043,OK,100.000,0.44,15885.8000067994
10044,OK,57.300,0.44,15927.40003252402
10045,OK,94.300,0.44,16091.099998448044
10046,OK,74.500,0.44,15904.600033536553
10047,OK,104.100,0.44,15836.599981412292
10048,OK,118.900,0.44,15921.19998531416
10049,OK,163.700,0.44,15863.799955695868
10050,OK,165.700,0.44,15474.200015887618
10051,OK,168.300,0.44,15644.999977666885
10052,OK,169.200,0.44,15731.79999832064
10053,OK,175.900,0.44,15717.100002802908
10054,OK,179.800,0.44,15596.69995913282
10055,OK,74.800,0.44,15855.399949941784
10056,OK,62.900,0.44,15888.69997067377
10057,OK,70.400,0.44,15875.999990385026
10058,OK,83.600,0.44,15929.999994114041
10059,OK,72.500,0.44,15909.200010355562
10060,OK,66.000,0.44,15882.399980910122
10061,OK,57.100,0.44,15848.299954086542
10062,OK,103.400,0.44,15902.299957815558
10063,OK,94.000,0.44,15836.69998217374
10064,OK,82.100,0.44,15853.499993681908
10065,OK,63.800,0.44,15914.399991743267
10066,OK,66.300,0.44,15847.599948756397
10067,OK,58.400,0.44,15884.599997662008
10068,OK,59.700,0.44,15980.100026354194
10069,OK,63.300,0.44,15851.100033614784
10070,OK,105.400,0.44,15933.299961034209
10071,OK,96.100,0.44,15832.100005354732
10072,OK,80.000,0.44,15894.60001559928
10073,OK,71.100,0.44,15897.199977189302
10074,OK,109.600,0.44,7203.000015579164
10075,OK,59.900,0.44,15867.399983108044
10076,OK,51.800,0.44,15933.500020764768
10077,OK,47.400,0.44,15915.700001642108
10078,OK,52.100,0.44,15858.699975069612
10079,OK,53.000,0.44,16010.900028049946
10080,OK,61.500,0.44,15918.799967039376
10081,OK,76.500,0.44,15839.400002732873
10082,OK,90.800,0.44,15828.699979465455
10083,OK,65.200,0.44,15903.49996695295
10084,OK,86.300,0.44,15952.099987771362
10085,OK,108.700,0.44,15704.199962783605
10086,OK,101.000,0.44,15807.29999113828
10087,OK,56.000,0.44,15906.299988273531
10088,OK,70.200,0.44,15955.600014422089
10089,OK,54.300,0.44,15945.09999267757
10090,OK,70.200,0.44,15892.600000370294
10091,OK,67.300,0.44,15889.699978288263
10092,OK,71.300,0.44,15808.099997229874
10093,OK,60.900,0.44,15919.90003362298
10094,OK,79.300,0.44,15967.19998633489
10095,OK,76.800,0.44,15782.800037413836
10096,OK,71.500,0.44,15966.700040735304
10097,OK,66.300,0.44,15811.500023119152
10098,OK,92.300,0.44,15889.999980572611
10099,OK,82.100,0.44,15906.099986750633
10100,OK,118.000,0.44,15797.900035977364
10101,OK,76.600,0.44,15735.100023448467
10102,OK,123.500,0.44,15879.200014751405
10103,OK,80.900,0.44,15916.499949526042
10104,OK,97.700,0.44,15838.199993595481
10105,OK,66.900,0.44,15917.00001154095
10106,OK,75.400,0.44,15918.599965516478
10107,OK,80.600,0.44,15800.199995283037
10108,OK,93.400,0.44,15824.499947484583
10109,OK,52.000,0.44,15868.299989961088
10110,OK,50.300,0.44,15957.799972966313
10111,OK,52.200,0.44,15934.199967887253
10112,OK,82.200,0.44,15849.400020670146
10113,OK,83.900,0.44,15924.600011203438
10114,OK,67.500,0.44,15861.299994867295
10115,OK,89.900,0.44,15902.300016023219
10116,OK,57.900,0.44,15888.500027358532
10117,OK,56.100,0.44,15904.99997837469
10118,OK,64.700,0.44,15924.700011964887
10119,OK,64.600,0.44,15898.700046818703
10120,OK,65.700,0.44,15847.20000391826
10121,OK,93.500,0.44,15905.699983704835
10122,OK,68.300,0.44,15935.799980070442
10123,OK,73.400,0.44,15807.599993422627
10124,OK,76.900,0.44,15812.99997633323
10125,OK,75.500,0.44,16043.999989051372
10126,OK,75.200,0.44,15815.599996130913
10127,OK,85.900,0.44,15811.500023119152
10128,OK,67.000,0.44,15927.29997355491
10129,OK,66.800,0.44,15947.700012475252
10130,OK,64.000,0.44,15874.0000333637
10131,OK,72.300,0.44,15886.900015175343
10132,OK,58.800,0.44,15884.099993854761
10133,OK,61.400,0.44,15890.500042587519
10134,OK,77.200,0.44,15883.199987001717
10135,OK,394.400,0.44,15597.899968270212
10136,OK,70.700,0.44,15890.399983618408
10137,OK,60.200,0.44,15881.700033787638
10138,OK,118.700,0.44,15784.299990627915
10139,OK,100.800,0.44,15827.499970328063
10140,OK,57.100,0.44,15899.499994702637
10141,OK,79.700,0.44,15889.000031165779
10142,OK,80.900,0.44,15871.10001128167
10143,OK,77.100,0.44,15939.10000519827
10144,OK,57.700,0.44,15927.500033285469
10145,OK,74.900,0.44,15796.099964063615
10146,OK,88.700,0.44,15930.100053083152
10147,OK,106.600,0.44,15877.600002568215
10148,OK,81.400,0.44,15894.999960437417
10149,OK,75.900,0.44,15864.600019995123
10150,OK,83.900,0.44,15877.400001045316
10151,OK,87.800,0.44,15855.100005865097
10152,OK,93.600,0.44,15809.200005605817
10153,OK,117.700,0.44,15873.499971348792
10154,OK,88.100,0.44,15872.000018134713
10155,OK,81.400,0.44,15833.300014492124
10156,OK,128.300,0.44,15709.999948740005
10157,OK,74.700,0.44,15914.899995550513
10158,OK,51.600,0.44,15949.899971019477
10159,OK,64.000,0.44,15856.20001424104
10160,OK,112.600,0.44,16038.100002333522
10161,OK,86.100,0.44,15487.900003790855
10162,OK,57.400,0.44,15935.600036755204
10163,OK,60.400,0.44,15869.199996814132
10164,OK,98.000,0.44,15862.899948842824
10165,OK,91.400,0.44,15942.399972118437
10166,OK,68.000,0.44,15893.20000493899
10167,OK,61.300,0.44,15906.299988273531
10168,OK,78.100,0.44,15877.700003329664
10169,OK,71.900,0.44,15900.300000794232
10170,OK,76.600,0.44,15878.399950452149
10171,OK,77.100,0.44,15849.300019908696
10172,OK,76.400,0.44,15940.50001585856
10173,OK,71.300,0.44,15893.700008746237
10174,OK,69.300,0.44,15862.900007050484
10175,OK,66.700,0.44,15880.100021604449
10176,OK,71.400,0.44,15859.799983445555
10177,OK,81.700,0.44,15902.499959338456
10178,OK,85.300,0.44,15851.70003818348
10179,OK,77.600,0.44,15908.00000121817
10180,OK,58.900,0.44,15892.800001893193
10181,OK,73.400,0.44,15912.000031676143
10182,OK,77.300,0.44,15909.000008832663
10183,OK,68.900,0.44,15870.800008997321
10184,OK,77.300,0.44,15855.300007387996
10185,OK,81.200,0.44,15886.099950876087
10186,OK,74.200,0.44,15874.399978201836
10187,OK,70.200,0.44,15871.500014327466
10188,OK,58.600,0.44,15878.499951213598
10189,OK,64.900,0.44,15911.499969661236
10190,OK,64.000,0.44,15942.799975164235
10191,OK,85.700,0.44,15849.100018385798
10192,OK,62.800,0.44,15906.70004952699
10193,OK,65.800,0.44,15865.20002456382
10194,OK,53.000,0.44,15917.700016871095
10195,OK,66.800,0.44,15891.999995801598
10196,OK,86.300,0.44,15890.09998133406
10197,OK,65.500,0.44,15897.60003844276
10198,OK,52.700,0.44,15913.299983367324
10199,OK,52.500,0.44,15943.70004022494
10200,OK,61.600,0.44,15856.000012718141
10201,OK,53.500,0.44,16539.09997548908
10202,OK,163.700,0.44,15089.900000020862
10203,OK,116.200,0.44,15821.400040294975
10204,OK,75.400,0.44,15893.20000493899
10205,OK,79.200,0.44,15841.500018723309
10206,OK,77.000,0.44,15915.39999935776
10207,OK,88.800,0.44,15855.700010433793
10208,OK,79.500,0.44,15894.70001636073
10209,OK,84.200,0.44,15824.100002646446
10210,OK,88.200,0.44,15936.500043608248
10211,OK,67.400,0.44,15880.400023888797
10212,OK,154.500,0.44,15745.499986223876
10213,OK,84.400,0.44,15945.999999530613
10214,OK,184.300,0.44,15588.400012347847
10215,OK,100.300,0.44,15854.900004342198
10216,OK,93.900,0.44,15885.100001469254
10217,OK,93.700,0.44,15852.599986828864
10218,OK,95.900,0.44,15861.899999435991
10219,OK,102.000,0.44,15833.599958568811
10220,OK,100.800,0.44,15814.100042916834
10221,OK,94.900,0.44,15853.799995966256
10222,OK,116.200,0.44,15835.300029721111
10223,OK,108.400,0.44,15856.700018048286
10224,OK,102.700,0.44,15783.100039698184
10225,OK,109.000,0.44,15844.30004004389
10226,OK,97.700,0.44,15851.899981498718
10227,OK,92.100,0.44,15879.100013989955
10228,OK,93.800,0.44,15826.800023205578
10229,OK,94.100,0.44,15858.299972023815
10230,OK,98.600,0.44,15827.99997413531
10231,OK,101.900,0.44,15864.600019995123
10232,OK,99.900,0.44,15809.899952728301
10233,OK,99.000,0.44,15870.500006712973
10234,OK,114.700,0.44,16300.799965392798
10235,OK,381.800,0.44,14900.800015311688
10236,OK,113.500,0.44,15859.299979638308
10237,OK,109.500,0.44,15851.499978452921
10238,OK,100.300,0.44,15826.000017113984
10239,OK,108.000,0.44,15847.000002395362
10240,OK,102.900,0.44,15777.799999341369
10241,OK,126.000,0.44,15405.600017402321
10242,OK,87.800,0.44,15860.400046221912
10243,OK,102.200,0.44,15873.399970587343
10244,OK,99.000,0.44,15824.800007976592
10245,OK,104.700,0.44,15895.99996805191
10246,OK,75.600,0.44,15856.300015002489
10247,OK,69.800,0.44,15825.599955860525
10248,OK,112.800,0.44,15774.799976497889
10249,OK,105.800,0.44,15903.900028206408
10250,OK,137.500,0.44,15797.299973201007
10251,OK,123.800,0.44,15915.29999859631
10252,OK,188.300,0.44,15573.400014545768
10253,OK,105.300,0.44,15876.699995715171
10254,OK,76.700,0.44,15788.400021847337
10255,OK,89.500,0.44,15860.799991060048
10256,OK,94.000,0.44,15844.29998183623
10257,OK,72.400,0.44,15886.200009845197
10258,OK,82.200,0.44,15936.799987684935
10259,OK,90.100,0.44,15865.599969401956
10260,OK,73.100,0.44,15845.399990212172
10261,OK,63.700,0.44,15940.50001585856
10262,OK,69.600,0.44,16035.39998177439
10263,OK,184.900,0.44,15588.1000100635
10264,OK,58.500,0.44,15899.399993941188
10265,OK,97.500,0.44,15849.399962462485
10266,OK,99.000,0.44,15780.5000199005
10267,OK,88.700,0.44,15844.600042328238
10268,OK,112.400,0.44,15940.70001738146
10269,OK,106.800,0.44,15826.099959667772
10270,OK,105.100,0.44,15911.999973468482
10271,OK,115.500,0.44,15759.599977172911
10272,OK,143.500,0.44,15736.20003182441
10273,OK,93.500,0.44,15918.600023724139
10274,OK,113.700,0.44,15786.200005095452
10275,OK,111.700,0.44,15787.79995907098
10276,OK,105.500,0.44,15856.299956794828
10277,OK,105.700,0.44,15962.100005708635
10278,OK,171.400,0.44,15653.100039344281
10279,OK,77.700,0.44,15849.600022193044
10280,OK,83.500,0.44,15757.700020913035
10281,OK,87.800,0.44,15908.900008071214
10282,OK,94.600,0.44,15835.999976843596
10283,OK,66.400,0.44,16101.599961984903
10284,OK,145.000,0.44,15704.400022514164
10285,OK,190.900,0.44,15990.800049621612
10286,OK,165.500,0.44,15405.000012833625
10287,OK,174.200,0.44,15806.699986569583
10288,OK,108.100,0.44,15778.300003148615
10289,OK,106.400,0.44,15712.100022938102
10290,OK,58.100,0.44,15950.499975588173
10291,OK,60.800,0.44,15996.400034055114
10292,OK,56.400,0.44,15889.999980572611
10293,OK,69.700,0.44,15956.400020513684
10294,OK,78.200,0.44,16014.099994208664
10295,OK,93.100,0.44,15838.199993595481
10296,OK,174.600,0.44,16113.199992105365
10297,OK,164.100,0.44,15752.999985124916
10298,OK,166.700,0.44,15553.199977148324
10299,OK,162.600,0.44,15817.50001059845
10300,OK,176.700,0.44,15485.999989323318
10301,OK,171.300,0.44,15215.900028124452
10302,OK,93.300,0.44,15948.999964166433
10303,OK,153.800,0.44,15619.399957358837
10304,OK,89.400,0.44,16071.200021542609
10305,OK,185.800,0.44,15483.699971809983
10306,OK,78.700,0.44,15875.000040978193
10307,OK,77.100,0.44,15952.099987771362
10308,OK,55.700,0.44,16185.599961318076
10309,OK,73.000,0.44,15561.899985186756
10310,OK,70.200,0.44,15910.800022538751
10311,OK,54.000,0.44,15880.999970249832
10312,OK,74.500,0.44,15969.200001563877
10313,OK,78.900,0.44,15827.89997337386
10314,OK,55.500,0.44,15863.900014664978
10315,OK,48.500,0.44,15952.799993101507
10316,OK,57.100,0.44,15963.900019414723
10317,OK,88.500,0.44,15833.800018299371
10318,OK,80.500,0.44,15918.099961709231
10319,OK,71.200,0.44,15859.699982684106
10320,OK,61.500,0.44,15853.09999063611
10321,OK,58.400,0.44,15882.999985478818
10322,OK,50.000,0.44,15992.600005120039
10323,OK,58.600,0.44,15855.800011195242
10324,OK,39.600,0.44,15968.399995472282
10325,OK,53.700,0.44,15908.900008071214
10326,OK,43.200,0.44,15918.40002220124
10327,OK,47.300,0.44,15938.800002913922
10328,OK,50.800,0.44,15891.899995040148
10329,OK,45.200,0.44,15965.200029313564
10330,OK,51.700,0.44,15929.100045468658
10331,OK,65.900,0.44,15894.500014837831
10332,OK,71.600,0.44,15900.800004601479
10333,OK,67.500,0.44,15883.399988524616
10334,OK,57.800,0.44,15945.399994961917
10335,OK,70.400,0.44,15836.999984458089
10336,OK,102.000,0.44,15858.399972785264
10337,OK,66.500,0.44,15956.200018990785
10338,OK,67.300,0.44,15799.500048160553
10339,OK,67.900,0.44,15933.400020003319
10340,OK,67.000,0.44,15837.199985980988
10341,OK,50.000,0.44,15940.900018904358
10342,OK,76.400,0.44,15914.199990220368
10343,OK,114.400,0.44,15725.300007034093
10344,OK,66.600,0.44,15984.900004696101
10345,OK,64.800,0.44,15849.100018385798
10346,OK,64.400,0.44,15864.900022279471
10347,OK,70.200,0.44,16008.70001129806
10348,OK,72.500,0.44,15878.40000865981
10349,OK,64.800,0.44,15909.000008832663
10350,OK,73.700,0.44,15881.099971011281
10351,OK,63.600,0.44,15870.500006712973
10352,OK,66.300,0.44,15863.899956457317
10353,OK,89.300,0.44,15891.200047917664
10354,OK,52.600,0.44,15867.799986153841
10355,OK,63.200,0.44,15893.20000493899
10356,OK,62.800,0.44,15969.600004609674
10357,OK,78.300,0.44,15888.69997067377
10358,OK,86.900,0.44,15862.00000019744
10359,OK,98.500,0.44,15758.200024720281
10360,OK,116.800,0.44,15865.500026848167
10361,OK,76.700,0.44,15821.199980564415
10362,OK,90.700,0.44,15980.70003092289
10363,OK,63.700,0.44,15845.000045374036
10364,OK,101.500,0.44,15850.699972361326
10365,OK,66.300,0.44,15936.499985400587
10366,OK,66.000,0.44,15862.600004766136
10367,OK,83.600,0.44,15874.800039455295
10368,OK,93.800,0.44,15876.699995715171
10369,OK,97.300,0.44,15822.499990463257
10370,OK,116.300,0.44,15771.300008054823
10371,OK,60.900,0.44,15939.799952320755
10372,OK,52.800,0.44,15923.500002827495
10373,OK,58.500,0.44,15906.199987512082
10374,OK,75.800,0.44,15885.200002230704
10375,OK,54.100,0.44,15932.200010865927
10376,OK,60.500,0.44,15895.599965006113
10377,OK,63.100,0.44,15901.800012215972
10378,OK,59.500,0.44,15872.699965257198
10379,OK,63.400,0.44,15932.800015434623
10380,OK,65.200,0.44,15857.000020332634
10381,OK,60.600,0.44,15879.700018558651
10382,OK,95.200,0.44,15837.299986742437
10383,OK,73.400,0.44,15920.900041237473
10384,OK,91.200,0.44,15843.199973460287
10385,OK,69.600,0.44,15880.600025411695
10386,OK,87.400,0.44,15894.099953584373
10387,OK,66.500,0.44,15896.20002778247
10388,OK,99.400,0.44,15806.999988853931
10389,OK,92.100,0.44,15934.4999701716
10390,OK,63.800,0.44,15862.300002481788
10391,OK,73.200,0.44,15867.099980823696
10392,OK,54.500,0.44,15867.400041315705
10393,OK,57.100,0.44,15933.30001924187
10394,OK,64.000,0.44,15897.60003844276
10395,OK,86.600,0.44,15882.700041402131
10396,OK,60.200,0.44,15904.099971521646
10397,OK,61.200,0.44,15902.800019830465
10398,OK,83.000,0.44,15921.50004580617
10399,OK,102.600,0.44,15908.10000197962
10400,OK,72.400,0.44,15828.899980988353
10401,OK,79.200,0.44,15788.600023370236
10402,OK,143.000,0.44,15776.09998639673
10403,OK,90.900,0.44,15886.400011368096
10404,OK,71.400,0.44,15869.299997575581
10405,OK,70.300,0.44,15906.199987512082
10406,OK,88.800,0.44,15825.500013306737
10407,OK,77.300,0.44,15844.599984120578
10408,OK,93.700,0.44,15782.10003208369
10409,OK,61.100,0.44,15911.500027868897
10410,OK,55.000,0.44,15909.300011117011
10411,OK,62.000,0.44,15868.399990722537
10412,OK,50.500,0.44,15914.299990981817
10413,OK,51.800,0.44,15966.299979481846
10414,OK,55.100,0.44,15908.600005786866
10415,OK,56.700,0.44,15923.099999781698
10416,OK,69.000,0.44,15900.800004601479
10417,OK,69.400,0.44,16020.299983210862
10418,OK,122.200,0.44,15785.199997480959
10419,OK,89.700,0.44,15792.899997904897
10420,OK,60.700,0.44,15965.5999741517
10421,OK,61.900,0.44,15887.900022789836
10422,OK,64.500,0.44,15885.8000067994
10423,OK,65.500,0.44,15871.10001128167
10424,OK,69.700,0.44,15885.500004515052
10425,OK,56.400,0.44,15896.799974143505
10426,OK,43.700,0.44,15916.600008495152
10427,OK,43.000,0.44,15922.79999749735
10428,OK,42.200,0.44,15945.599996484816
10429,OK,66.700,0.44,15917.300013825297
10430,OK,50.800,0.44,15914.299990981817
10431,OK,46.400,0.44,15934.6999716945
10432,OK,57.300,0.44,15918.999968562275
10433,OK,56.100,0.44,15867.600042838603
10434,OK,53.300,0.44,15901.200007647276
10435,OK,59.700,0.44,15952.799993101507
10436,OK,56.300,0.44,16008.999955374748
10437,OK,166.600,0.44,15608.999994583428
10438,OK,88.500,0.44,15800.099994521588
10439,OK,103.300,0.44,15910.99996585399
10440,OK,88.000,0.44,15868.399990722537
10441,OK,78.300,0.44,15841.09995746985
10442,OK,88.100,0.44,15916.200005449355
10443,OK,75.900,0.44,15861.799998674542
10444,OK,109.700,0.44,15730.700048152357
10445,OK,117.400,0.44,15790.099976584315
10446,OK,81.400,0.44,15964.600024744868
10447,OK,155.300,0.44,15733.10000821948
10448,OK,71.100,0.44,15867.699985392392
10449,OK,64.100,0.44,15907.90000045672
10450,OK,72.700,0.44,15893.800009507686
10451,OK,72.800,0.44,15916.300006210804
10452,OK,77.500,0.44,15815.99999917671
10453,OK,80.500,0.44,15890.499984379858
10454,OK,60.400,0.44,15889.200032688677
10455,OK,54.400,0.44,15999.099996406585
10456,OK,149.700,0.44,15706.699981819838
10457,OK,68.100,0.44,15896.000026259571
10458,OK,72.300,0.44,15838.699997402728
10459,OK,80.600,0.44,15888.199966866523
10460,OK,60.200,0.44,15912.39997651428
10461,OK,102.500,0.44,15848.200011532754
10462,OK,112.900,0.44,15911.599970422685
10463,OK,84.600,0.44,15767.999982926995
10464,OK,103.100,0.44,15855.600009672344
10465,OK,89.300,0.44,15834.700025152415
10466,OK,92.200,0.44,15872.900024987757
10467,OK,99.200,0.44,15837.699989788234
10468,OK,134.400,0.44,15786.200005095452
10469,OK,96.000,0.44,15865.299967117608
10470,OK,137.500,0.44,15757.700020913035
10471,OK,123.800,0.44,15894.200012553483
10472,OK,114.100,0.44,15825.900016352534
10473,OK,96.700,0.44,15838.899998925626
10474,OK,95.000,0.44,15712.60002674535
10475,OK,81.700,0.44,15908.700006548315
10476,OK,113.800,0.44,15817.6000113599
10477,OK,101.300,0.44,15816.500002983958
10478,OK,107.700,0.44,15831.700002308935
10479,OK,110.600,0.44,15878.40000865981
10480,OK,115.000,0.44,15815.899998415262
10481,OK,109.800,0.44,15821.700042579323
10482,OK,118.100,0.44,15817.999956198037
10483,OK,104.600,0.44,15855.200006626546
10484,OK,123.700,0.44,15807.699994184077
10485,OK,117.700,0.44,16269.400017336011
10486,OK,375.300,0.44,14976.999955251813
10487,OK,102.500,0.44,15832.200006116182
10488,OK,99.000,0.44,15841.29995899275
10489,OK,94.200,0.44,15810.400014743209
10490,OK,95.300,0.44,15902.600018307567
10491,OK,87.600,0.44,15898.699988611042
10492,OK,99.600,0.44,15825.600014068186
10493,OK,103.800,0.44,15811.600023880601
10494,OK,78.500,0.44,15879.200014751405
10495,OK,94.600,0.44,15826.800023205578
10496,OK,60.100,0.44,15933.900023810565
10497,OK,49.900,0.44,15897.799981757998
10498,OK,39.500,0.44,15953.90000147745
10499,OK,65.600,0.44,15916.100004687905
10500,OK,63.600,0.44,15873.999975156039
10501,OK,61.900,0.44,15829.49998555705
10502,OK,57.000,0.44,15882.099978625774
10503,OK,85.600,0.44,15919.400029815733
10504,OK,95.200,0.44,15980.299969669431
10505,OK,128.000,0.44,15669.100044760853
10506,OK,92.500,0.44,15869.599999859929
10507,OK,106.400,0.44,15900.900005362928
10508,OK,83.900,0.44,15803.899965249002
10509,OK,100.200,0.44,16129.900002852082
10510,OK,138.000,0.44,15432.599990162998
10511,OK,82.500,0.44,16008.200007490814
10512,OK,143.000,0.44,15619.2000140436
10513,OK,91.500,0.44,15941.699966788292
10514,OK,97.200,0.44,15851.69997997582
10515,OK,97.300,0.44,15833.500016015023
10516,OK,84.000,0.44,15843.500033952296
10517,OK,74.300,0.44,15893.600007984787
10518,OK,77.800,0.44,15903.3999661915
10519,OK,84.700,0.44,15873.79997363314
10520,OK,88.000,0.44,15879.8000193201
10521,OK,118.400,0.44,15822.699991986156
10522,OK,91.500,0.44,15871.999959927052
10523,OK,95.200,0.44,15838.799998164177
10524,OK,83.900,0.44,15805.299975909293
10525,OK,90.900,0.44,16058.900044299662
10526,OK,52.200,0.44,15937.099989969283
10527,OK,75.600,0.44,16095.500031951815
10528,OK,95.200,0.44,15677.199990022928
10529,OK,113.900,0.44,16116.700018756092
10530,OK,161.200,0.44,15426.900004968047
10531,OK,162.900,0.44,15706.799982581288
10532,OK,111.000,0.44,15748.400008305907
10533,OK,98.900,0.44,15793.200000189245
10534,OK,78.800,0.44,16099.700005725026
10535,OK,54.300,0.44,15913.200040813535
10536,OK,61.700,0.44,15891.999995801598
10537,OK,70.800,0.44,15940.000012051314
10538,OK,109.100,0.44,15666.800027247518
10539,OK,88.200,0.44,15836.399979889393
10540,OK,86.600,0.44,15826.50002092123
10541,OK,96.800,0.44,16040.500020608306
10542,OK,203.400,0.44,15596.80001810193
10543,OK,214.100,0.44,15480.999951250851
10544,OK,62.000,0.44,15881.50003226474
10545,OK,60.000,0.44,16114.099998958409
10546,OK,141.200,0.44,15578.699996694922
10547,OK,105.500,0.44,15795.900020748377
10548,OK,71.600,0.44,15944.500046316534
10549,OK,58.500,0.44,15855.300007387996
10550,OK,65.200,0.44,15944.400045555085
10551,OK,92.700,0.44,15784.799994435161
10552,OK,109.000,0.44,15851.199976168573
10553,OK,66.900,0.44,15959.399985149503
10554,OK,67.700,0.44,15894.300013314933
10555,OK,76.000,0.44,15892.600000370294
10556,OK,78.700,0.44,15899.799996986985
10557,OK,96.700,0.44,15820.100030396134
10558,OK,70.400,0.44,15883.799991570413
10559,OK,68.200,0.44,15814.100042916834
10560,OK,68.400,0.44,15941.000019665807
10561,OK,81.100,0.44,15802.400012034923
10562,OK,72.600,0.44,15978.200011886656
10563,OK,86.800,0.44,15870.300005190074
10564,OK,85.000,0.44,15863.400010857731
10565,OK,77.500,0.44,15862.200001720339
10566,OK,68.800,0.44,15925.200015772134
10567,OK,70.500,0.44,15880.000020843
10568,OK,68.000,0.44,15885.8000067994
10569,OK,65.700,0.44,15875.799988862127
10570,OK,72.500,0.44,15825.600014068186
10571,OK,76.800,0.44,15927.19997279346
10572,OK,102.900,0.44,15846.900001633912
10573,OK,90.700,0.44,15871.500014327466
10574,OK,110.100,0.44,15818.100015167147
10575,OK,65.800,0.44,15837.299986742437
10576,OK,67.400,0.44,15844.000037759542
10577,OK,70.800,0.44,15997.399983461946
10578,OK,78.000,0.44,15825.699956621975
10579,OK,83.000,0.44,15942.499972879887
10580,OK,73.000,0.44,15792.39999409765
10581,OK,100.500,0.44,15928.6999842152
10582,OK,70.700,0.44,15898.299985565245
10583,OK,71.200,0.44,15813.999983947724
10584,OK,100.200,0.44,15867.799986153841
10585,OK,87.700,0.44,15899.999998509884
10586,OK,141.400,0.44,15804.19996753335
10587,OK,91.600,0.44,15775.200037751347
10588,OK,62.900,0.44,15936.2000413239
10589,OK,62.600,0.44,15831.900003831834
10590,OK,68.500,0.44,15950.299974065274
10591,OK,55.300,0.44,15860.799991060048
10592,OK,52.900,0.44,15925.000014249235
10593,OK,50.100,0.44,15890.399983618408
10594,OK,45.600,0.44,16018.799971789122
10595,OK,58.700,0.44,15889.500034973025
10596,OK,52.800,0.44,15916.000003926456
10597,OK,51.400,0.44,15911.299968138337
10598,OK,132.200,0.44,15816.300001461059
10599,OK,57.500,0.44,15931.000001728535
10600,OK,59.200,0.44,15891.500050202012
10601,OK,105.300,0.44,15711.999963968992
10602,OK,89.500,0.44,15898.899990133941
10603,OK,58.500,0.44,15843.600034713745
10604,OK,59.100,0.44,15953.90000147745
10605,OK,58.400,0.44,15876.399993430823
10606,OK,52.200,0.44,15950.600034557283
10607,OK,75.500,0.44,15891.999995801598
10608,OK,53.100,0.44,15910.000016447157
10609,OK,52.000,0.44,15920.200035907328
10610,OK,64.200,0.44,15880.000020843
10611,OK,69.000,0.44,15931.399946566671
10612,OK,66.900,0.44,15853.999997489154
10613,OK,72.500,0.44,15938.099997583777
10614,OK,75.100,0.44,15889.699978288263
10615,OK,68.800,0.44,15894.300013314933
10616,OK,72.100,0.44,15865.299967117608
10617,OK,57.900,0.44,15874.0000333637
10618,OK,54.400,0.44,15935.900039039552
10619,OK,95.900,0.44,15818.100015167147
10620,OK,68.300,0.44,15972.699970006943
10621,OK,63.000,0.44,15825.600014068186
10622,OK,90.700,0.44,15861.399995628744
10623,OK,99.200,0.44,15897.5999802351
10624,OK,67.000,0.44,15963.800018653274
10625,OK,94.000,0.44,15746.39999307692
10626,OK,61.100,0.44,15867.500042077154
10627,OK,74.500,0.44,15965.199971105903
10628,OK,65.900,0.44,15866.499976255
10629,OK,65.100,0.44,15924.900013487786
10630,OK,78.100,0.44,15805.59997819364
10631,OK,60.700,0.44,15937.999996822327
10632,OK,60.000,0.44,15899.299993179739
10633,OK,58.900,0.44,15850.499970838428
10634,OK,52.300,0.44,15970.400010701269
10635,OK,67.500,0.44,15880.700026173145
10636,OK,75.200,0.44,15899.399993941188
10637,OK,54.600,0.44,15959.499985910952
10638,OK,68.500,0.44,15890.399983618408
10639,OK,71.600,0.44,15893.600007984787
10640,OK,80.200,0.44,15895.100019406527
10641,OK,77.200,0.44,15824.800007976592
10642,OK,81.800,0.44,15903.099963907152
10643,OK,69.500,0.44,15903.3999661915
10644,OK,91.300,0.44,15831.199998501688
10645,OK,87.100,0.44,15873.400028795004
10646,OK,79.500,0.44,15896.600030828267
10647,OK,129.600,0.44,15707.89999095723
10648,OK,80.700,0.44,15879.599959589541
10649,OK,87.800,0.44,15822.000044863671
10650,OK,69.100,0.44,15899.600053671747
10651,OK,50.900,0.44,15915.800002403557
10652,OK,55.300,0.44,15909.700014162809
10653,OK,75.300,0.44,15835.499973036349
10654,OK,53.500,0.44,15978.700015693903
10655,OK,78.800,0.44,15849.300019908696
10656,OK,83.500,0.44,15911.199967376888
10657,OK,81.100,0.44,15865.800029132515
10658,OK,84.200,0.44,15869.49999909848
10659,OK,84.600,0.44,15920.200035907328
10660,OK,89.400,0.44,15881.30003074184
10661,OK,66.900,0.44,15866.100031416863
10662,OK,75.200,0.44,15774.59997497499
10663,OK,85.700,0.44,15907.90000045672
10664,OK,94.200,0.44,15854.60000205785
10665,OK,97.300,0.44,15830.299991648644
10666,OK,91.500,0.44,15922.199992928654
10667,OK,91.800,0.44,15774.49997421354
10668,OK,79.600,0.44,15948.900021612644
10669,OK,80.100,0.44,15906.999993603677
10670,OK,103.300,0.44,15812.199970241636
10671,OK,113.400,0.44,15786.40000661835
10672,OK,85.800,0.44,15921.39998683706
10673,OK,101.500,0.44,15810.699958819896
10674,OK,145.100,0.44,15779.800014570355
10675,OK,99.100,0.44,15844.599984120578
10676,OK,93.900,0.44,15783.999988343567
10677,OK,81.900,0.44,15859.899984207004
10678,OK,84.200,0.44,15910.100017208606
10679,OK,95.700,0.44,15805.200033355504
10680,OK,95.600,0.44,15780.200017616153
10681,OK,89.000,0.44,15878.40000865981
10682,OK,82.100,0.44,15876.199991907924
10683,OK,86.400,0.44,15875.699988100678
10684,OK,84.600,0.44,16373.899998143315
10685,OK,457.400,0.44,14726.900029927492
10686,OK,179.300,0.44,15873.999975156039
10687,OK,78.300,0.44,15757.200017105788
10688,OK,95.500,0.44,15821.900044102222
10689,OK,104.900,0.44,16044.499992858618
10690,OK,89.500,0.44,15636.700030881912
10691,OK,88.400,0.44,15916.000003926456
10692,OK,92.000,0.44,15825.300011783838
10693,OK,85.400,0.44,15900.50000231713
10694,OK,71.000,0.44,15893.800009507686
10695,OK,158.400,0.44,15751.800034195185
10696,OK,65.000,0.44,15898.299985565245
10697,OK,63.500,0.44,15886.400011368096
10698,OK,60.100,0.44,15906.199987512082
10699,OK,65.700,0.44,15871.900017373264
10700,OK,57.600,0.44,15958.499978296459
10701,OK,61.900,0.44,15788.300021085888
10702,OK,89.700,0.44,15846.199996303767
10703,OK,58.000,0.44,15931.100002489984
10704,OK,173.200,0.44,15665.899962186813
10705,OK,62.000,0.44,15834.699966944754
10706,OK,59.800,0.44,15928.499982692301
10707,OK,60.300,0.44,15853.799995966256
10708,OK,66.500,0.44,15885.000000707805
10709,OK,62.800,0.44,15903.50002516061
10710,OK,58.500,0.44,15878.40000865981
10711,OK,71.600,0.44,15878.40000865981
10712,OK,89.200,0.44,15889.800037257373
10713,OK,95.500,0.44,15851.399977691472
10714,OK,89.900,0.44,15887.600020505488
10715,OK,96.400,0.44,15852.599986828864
10716,OK,89.200,0.44,15834.600024390966
10717,OK,105.900,0.44,15869.299997575581
10718,OK,89.900,0.44,15815.599996130913
10719,OK,89.900,0.44,15865.699970163405
10720,OK,92.100,0.44,15857.999969739467
10721,OK,98.300,0.44,15841.100015677512
10722,OK,94.200,0.44,15861.699997913092
10723,OK,93.500,0.44,15860.099985729903
10724,OK,102.400,0.44,15833.700017537922
10725,OK,99.300,0.44,15860.999992582947
10726,OK,117.600,0.44,15841.200016438961
10727,OK,101.800,0.44,15847.899951040745
10728,OK,118.600,0.44,15826.700022444129
10729,OK,141.200,0.44,15761.099988594651
10730,OK,119.900,0.44,15830.99999697879
10731,OK,114.600,0.44,15794.999955687672
10732,OK,107.300,0.44,15887.600020505488
10733,OK,64.900,0.44,15849.200019147247
10734,OK,59.200,0.44,15931.70000705868
10735,OK,102.600,0.44,15868.599992245436
10736,OK,117.100,0.44,15822.199988178909
10737,OK,160.200,0.44,15679.400006774813
10738,OK,209.100,0.44,15705.299971159548
10739,OK,120.200,0.44,15796.80002760142
10740,OK,107.800,0.44,15817.59995315224
10741,OK,102.500,0.44,15900.50000231713
10742,OK,103.500,0.44,15845.099987927824
10743,OK,102.100,0.44,15844.399982597679
10744,OK,87.800,0.44,15943.799982778728
10745,OK,92.100,0.44,15854.899946134537
10746,OK,83.000,0.44,15863.70001314208
10747,OK,88.000,0.44,15835.199970752
10748,OK,75.400,0.44,15863.200009334832
10749,OK,65.100,0.44,15964.700025506318
10750,OK,201.900,0.44,15646.999992895871
10751,OK,78.200,0.44,15834.100020583719
10752,OK,85.600,0.44,15894.80001712218
10753,OK,72.600,0.44,15820.199972949922
10754,OK,69.200,0.44,15915.900003165007
10755,OK,71.900,0.44,15850.000025238842
10756,OK,81.500,0.44,16035.799984820187
10757,OK,131.800,0.44,15759.200032334775
10758,OK,76.300,0.44,15802.200010512024
10759,OK,70.200,0.44,15891.299990471452
10760,OK,85.600,0.44,15853.699995204806
10761,OK,65.600,0.44,15846.399997826666
10762,OK,72.500,0.44,15957.100025843829
10763,OK,64.900,0.44,15788.799966685474
10764,OK,72.700,0.44,15874.300035648048
10765,OK,62.700,0.44,15922.600054182112
10766,OK,74.600,0.44,15879.400016274303
10767,OK,67.200,0.44,16149.099974427372
10768,OK,133.400,0.44,15503.50000616163
10769,OK,75.200,0.44,15958.600037265569
10770,OK,62.100,0.44,15851.899981498718
10771,OK,74.900,0.44,15842.80002862215
10772,OK,82.900,0.44,16020.199982449412
10773,OK,66.300,0.44,15854.099998250604
10774,OK,59.100,0.44,15817.800012882799
10775,OK,103.700,0.44,15945.499995723367
10776,OK,106.300,0.44,15704.000019468367
10777,OK,77.600,0.44,16201.499965973198
10778,OK,101.200,0.44,15786.800009664148
10779,OK,94.200,0.44,15751.500031910837
10780,OK,138.900,0.44,16086.099960375577
10781,OK,145.900,0.44,15623.39998781681
10782,OK,145.800,0.44,15853.699995204806
10783,OK,189.100,0.44,15522.100031375885
10784,OK,145.700,0.44,15983.899997081608
10785,OK,97.600,0.44,15992.700005881488
10786,OK,150.200,0.44,15358.900011051446
10787,OK,143.500,0.44,15697.000024374574
10788,OK,87.800,0.44,15828.599978704005
10789,OK,76.100,0.44,16063.60002188012
10790,OK,260.500,0.44,15354.699979070574
10791,OK,101.600,0.44,15859.20003708452
10792,OK,84.200,0.44,15853.899996727705
10793,OK,102.100,0.44,15869.700000621378
10794,OK,102.100,0.44,15794.400009326637
10795,OK,94.300,0.44,15858.700033277273
10796,OK,111.000,0.44,15844.800043851137
10797,OK,101.500,0.44,15836.700040381402
10798,OK,116.700,0.44,15848.999959416687
10799,OK,82.400,0.44,15856.10001347959
10800,OK,99.500,0.44,16393.400030210614
10801,OK,92.800,0.44,15160.000009927899
10802,OK,96.400,0.44,15826.49996271357
10803,OK,123.600,0.44,15852.199983783066
10804,OK,80.800,0.44,15857.400023378432
10805,OK,93.300,0.44,15885.90000756085
10806,OK,96.900,0.44,15917.800017632544
10807,OK,70.600,0.44,15856.399957556278
10808,OK,140.900,0.44,15824.000001884997
10809,OK,100.200,0.44,15805.500035639852
10810,OK,78.900,0.44,15857.400023378432
10811,OK,96.800,0.44,15936.000039801002
10812,OK,86.800,0.44,15810.20001322031
10813,OK,93.800,0.44,15823.3999973163
10814,OK,79.900,0.44,15891.69999351725
10815,OK,80.200,0.44,15791.799989528954
10816,OK,96.300,0.44,15897.100034635514
10817,OK,81.600,0.44,15850.799973122776
10818,OK,75.800,0.44,15928.499982692301
10819,OK,72.600,0.44,15853.699995204806
10820,OK,71.700,0.44,15890.500042587519
10821,OK,72.700,0.44,15886.700013652444
10822,OK,107.400,0.44,15833.90001906082
10823,OK,110.900,0.44,15782.899979967624
10824,OK,98.700,0.44,15877.00005620718
10825,OK,100.500,0.44,15874.699980486184
10826,OK,99.800,0.44,15808.80000256002
10827,OK,111.000,0.44,15831.099997740239
10828,OK,82.900,0.44,15902.500017546117
10829,OK,102.700,0.44,15798.600041307509
10830,OK,98.600,0.44,15838.699997402728
10831,OK,93.400,0.44,15846.099995542318
10832,OK,102.100,0.44,15822.09998741746
10833,OK,99.600,0.44,15873.699972871691
10834,OK,102.900,0.44,15929.199988022447
10835,OK,118.900,0.44,15750.99996989593
10836,OK,123.400,0.44,15748.600009828806
10837,OK,96.900,0.44,15931.300004012883
10838,OK,86.400,0.44,15847.400005441159
10839,OK,113.500,0.44,15837.699989788234
10840,OK,106.700,0.44,15787.599957548082
10841,OK,137.000,0.44,15752.899984363467
10842,OK,107.000,0.44,15816.700004506856
10843,OK,97.100,0.44,15876.699995715171
10844,OK,80.800,0.44,15851.999982260168
10845,OK,61.700,0.44,15933.999966364354
10846,OK,91.200,0.44,15841.499960515648
10847,OK,75.600,0.44,15908.899949863553
10848,OK,70.300,0.44,15900.49994410947
10849,OK,111.100,0.44,15749.700018204749
10850,OK,102.800,0.44,15866.299974732101
10851,OK,109.200,0.44,15857.000020332634
10852,OK,131.200,0.44,15820.100030396134
10853,OK,119.700,0.44,15808.60000103712
10854,OK,94.400,0.44,15836.100035812706
10855,OK,91.800,0.44,15837.1000434272
10856,OK,86.900,0.44,15895.899967290461
10857,OK,69.300,0.44,15858.800034038723
10858,OK,71.200,0.44,15874.999982770532
10859,OK,68.300,0.44,15872.200019657612
10860,OK,100.800,0.44,15868.699993006885
10861,OK,79.800,0.44,15870.300005190074
10862,OK,102.600,0.44,15873.399970587343
10863,OK,106.600,0.44,15746.299992315471
10864,OK,106.300,0.44,15886.900015175343
10865,OK,120.900,0.44,15857.200021855533
10866,OK,88.100,0.44,15729.999984614551
10867,OK,61.300,0.44,15977.900009602308
10868,OK,53.900,0.44,15913.699986413121
10869,OK,56.800,0.44,15931.70000705868
10870,OK,52.800,0.44,15931.300004012883
10871,OK,62.800,0.44,15887.40001898259
10872,OK,52.200,0.44,15828.899980988353
10873,OK,63.200,0.44,15955.100010614842
10874,OK,80.200,0.44,15855.600009672344
10875,OK,65.000,0.44,15861.799998674542
10876,OK,78.000,0.44,15938.500000629574
10877,OK,66.400,0.44,15798.899985384196
10878,OK,90.300,0.44,15871.700015850365
10879,OK,72.000,0.44,16028.500045649707
10880,OK,95.500,0.44,15718.000009655952
10881,OK,89.300,0.44,15832.300006877631
10882,OK,89.800,0.44,15996.8999796547
10883,OK,67.600,0.44,15819.800028111786
10884,OK,91.600,0.44,15855.100005865097
10885,OK,90.800,0.44,15886.399953160435
10886,OK,69.900,0.44,15822.599991224706
10887,OK,80.000,0.44,15808.900003321469
10888,OK,63.200,0.44,15955.599956214428
10889,OK,99.000,0.44,15858.899976592511
10890,OK,55.800,0.44,15938.700002152473
10891,OK,88.900,0.44,15830.099990125746
10892,OK,55.900,0.44,15858.799975831062
10893,OK,76.600,0.44,16021.800052840263
10894,OK,73.300,0.44,15870.200004428625
10895,OK,72.000,0.44,15874.299977440387
10896,OK,66.600,0.44,15830.299991648644
10897,OK,68.100,0.44,15890.499984379858
10898,OK,73.400,0.44,15940.200013574213
10899,OK,73.900,0.44,15900.70000384003
10900,OK,79.900,0.44,15834.999969229102
10901,OK,71.400,0.44,15819.799969904125
10902,OK,97.800,0.44,15757.200017105788
10903,OK,88.400,0.44,15846.299997065216
10904,OK,75.000,0.44,15972.100023645908
10905,OK,155.800,0.44,15696.299960836768
10906,OK,83.500,0.44,15974.999987520278
10907,OK,72.900,0.44,15875.800047069788
10908,OK,83.900,0.44,15885.70000603795
10909,OK,84.000,0.44,15847.30000467971
10910,OK,78.400,0.44,15898.599987849593
10911,OK,76.200,0.44,15835.000027436763
10912,OK,72.900,0.44,15906.199987512082
10913,OK,73.000,0.44,15892.499999608845
10914,OK,73.800,0.44,15889.299975242466
10915,OK,63.800,0.44,15878.200007136911
10916,OK,65.900,0.44,15908.00000121817
10917,OK,74.800,0.44,15874.399978201836
10918,OK,79.300,0.44,15885.000000707805
10919,OK,81.200,0.44,15875.199984293431
10920,OK,71.300,0.44,15882.899984717369
10921,OK,62.200,0.44,15898.500045295805
10922,OK,64.500,0.44,15900.200000032783
10923,OK,68.000,0.44,15889.799979049712
10924,OK,64.800,0.44,15871.300012804568
10925,OK,68.600,0.44,15868.800051975995
10926,OK,60.700,0.44,15941.600024234504
10927,OK,63.900,0.44,15924.40000968054
10928,OK,63.700,0.44,15902.700019069016
10929,OK,67.000,0.44,15897.5999802351
10930,OK,127.800,0.44,15730.699989944696
10931,OK,46.300,0.44,15919.90003362298
10932,OK,44.500,0.44,15881.799976341426
10933,OK,64.700,0.44,15934.6999716945
10934,OK,91.500,0.44,15864.700020756572
10935,OK,94.900,0.44,15863.800013903528
10936,OK,96.500,0.44,15929.299988783896
10937,OK,62.000,0.44,15911.800030153245
10938,OK,100.600,0.44,15790.599980391562
10939,OK,87.500,0.44,15863.899956457317
10940,OK,93.400,0.44,15871.00001052022
10941,OK,91.600,0.44,16074.500046670437
10942,OK,110.000,0.44,15548.700001090765
10943,OK,98.800,0.44,15843.999979551882
10944,OK,96.600,0.44,15842.299966607243
10945,OK,98.200,0.44,15919.100027531385
10946,OK,149.300,0.44,15671.00000102073
10947,OK,82.300,0.44,15912.199974991381
10948,OK,65.600,0.44,15891.099988948554
10949,OK,73.600,0.44,15901.100006885827
10950,OK,56.200,0.44,15806.099982000887
10951,OK,72.200,0.44,15925.100015010685
10952,OK,61.600,0.44,16021.299990825355
10953,OK,182.200,0.44,15593.099989928305
10954,OK,125.000,0.44,15757.999964989722
10955,OK,100.600,0.44,15873.199969064444
10956,OK,88.600,0.44,15873.499971348792
10957,OK,88.700,0.44,15936.299983877689
10958,OK,64.200,0.44,15836.9000419043
10959,OK,62.700,0.44,15916.000003926456
10960,OK,92.200,0.44,15841.999964322895
10961,OK,68.700,0.44,15940.200013574213
10962,OK,180.200,0.44,15701.199998147786
10963,OK,82.200,0.44,15893.10000417754
10964,OK,83.900,0.44,15860.199986491352
10965,OK,85.200,0.44,15874.499978963286
10966,OK,79.800,0.44,15868.899994529784
10967,OK,83.000,0.44,15869.700000621378
10968,OK,73.100,0.44,15879.200014751405
10969,OK,85.900,0.44,15852.199983783066
10970,OK,73.600,0.44,15782.700036652386
10971,OK,62.500,0.44,15872.100018896163
10972,OK,85.400,0.44,15919.399971608073
10973,OK,72.500,0.44,15888.300025835633
10974,OK,89.700,0.44,15847.000002395362
10975,OK,132.400,0.44,15833.100012969226
10976,OK,103.000,0.44,15806.199982762337
10977,OK,120.000,0.44,15963.900019414723
10978,OK,80.500,0.44,15750.600025057793
10979,OK,115.600,0.44,15841.499960515648
10980,OK,115.500,0.44,15799.79999223724
10981,OK,114.500,0.44,15856.500016525388
10982,OK,119.900,0.44,15732.400002889335
10983,OK,97.300,0.44,15852.000040467829
10984,OK,97.000,0.44,15825.10001026094
10985,OK,101.000,0.44,15856.599959079176
10986,OK,133.700,0.44,15811.199962627143
10987,OK,110.500,0.44,15795.100014656782
10988,OK,82.700,0.44,15892.399998847395
10989,OK,108.300,0.44,15845.099987927824
10990,OK,116.600,0.44,15805.999981239438
10991,OK,83.600,0.44,15897.300036158413
10992,OK,93.200,0.44,15840.400010347366
10993,OK,96.300,0.44,15889.500034973025
10994,OK,103.500,0.44,15849.100018385798
10995,OK,93.400,0.44,15867.89998691529
10996,OK,97.800,0.44,15803.999966010451
10997,OK,62.300,0.44,15836.400038097054
10998,OK,64.700,0.44,15931.000001728535
10999,OK,68.200,0.44,15929.999994114041
11000,OK,82.300,0.44,15865.399967879057
11001,OK,119.400,0.44,15692.199987825006
11002,OK,148.300,0.44,16032.699961215258
11003,OK,203.300,0.44,15439.80004498735
11004,OK,104.600,0.44,15811.8000254035
11005,OK,128.000,0.44,15780.000016093254
11006,OK,122.500,0.44,15883.499989286065
11007,OK,69.600,0.44,15870.000002905726
11008,OK,112.400,0.44,15836.399979889393
11009,OK,106.800,0.44,15859.299979638308
11010,OK,92.900,0.44,15844.19998107478
11011,OK,89.900,0.44,15839.500003494322
11012,OK,82.800,0.44,15889.400034211576
11013,OK,87.400,0.44,15863.899956457317
11014,OK,92.700,0.44,15859.499981161207
11015,OK,93.700,0.44,15865.600027609617
11016,OK,92.200,0.44,15844.499983359128
11017,OK,89.500,0.44,15923.099999781698
11018,OK,89.900,0.44,15802.100009750575
11019,OK,90.500,0.44,15789.199969731271
11020,OK,68.000,0.44,15937.500051222742
11021,OK,60.800,0.44,15865.899971686304
11022,OK,60.000,0.44,15901.000006124377
11023,OK,64.800,0.44,15915.29999859631
11024,OK,95.100,0.44,15907.90000045672
11025,OK,72.900,0.44,15837.299986742437
11026,OK,115.500,0.44,15782.09997387603
11027,OK,95.300,0.44,15863.899956457317
11028,OK,82.200,0.44,15915.50000011921
11029,OK,97.400,0.44,15869.49999909848
11030,OK,99.700,0.44,15888.500027358532
11031,OK,85.000,0.44,15753.89999197796
11032,OK,59.200,0.44,15968.59999699518
11033,OK,73.400,0.44,15916.9000107795
11034,OK,82.300,0.44,15868.999995291233
11035,OK,69.400,0.44,15887.700021266937
11036,OK,62.200,0.44,16047.299955971539
11037,OK,70.900,0.44,15901.000006124377
11038,OK,101.900,0.44,15720.00002488494
11039,OK,74.500,0.44,15857.80002642423
11040,OK,112.200,0.44,15818.599960766733
11041,OK,104.500,0.44,15859.600040130317
11042,OK,95.800,0.44,16022.800002247095
11043,OK,61.900,0.44,15674.00002386421
11044,OK,75.700,0.44,16068.500000983477
11045,OK,105.000,0.44,15908.900008071214
11046,OK,113.900,0.44,15892.600000370294
11047,OK,165.800,0.44,15966.300037689507
11048,OK,174.200,0.44,15559.000021312386
11049,OK,269.200,0.44,15440.699993632734
11050,OK,197.800,0.44,15614.099975209683
11051,OK,128.900,0.44,15952.199988532811
11052,OK,191.700,0.44,15726.200013887137
11053,OK,141.300,0.44,15521.499968599528
11054,OK,77.400,0.44,15849.799965508282
11055,OK,65.800,0.44,15857.300022616982
11056,OK,81.000,0.44,15952.799993101507
11057,OK,99.500,0.44,15797.900035977364
11058,OK,99.000,0.44,15884.39999613911
11059,OK,60.600,0.44,15857.39996517077
11060,OK,88.800,0.44,15954.300004523247
11061,OK,75.100,0.44,15813.19997785613
11062,OK,92.900,0.44,15816.500002983958
11063,OK,95.100,0.44,15880.799968726933
11064,OK,88.000,0.44,15921.099984552711
11065,OK,94.200,0.44,15887.500019744039
11066,OK,90.500,0.44,15868.599992245436
11067,OK,101.000,0.44,15846.900001633912
11068,OK,96.300,0.44,15875.39998581633
11069,OK,95.400,0.44,15860.299987252802
11070,OK,79.400,0.44,15896.299970336258
11071,OK,81.500,0.44,15837.999992072582
11072,OK,90.300,0.44,15847.400005441159
11073,OK,65.600,0.44,15902.700019069016
11074,OK,71.100,0.44,15902.300016023219
11075,OK,78.600,0.44,15782.499976921827
11076,OK,73.900,0.44,15866.39997549355
11077,OK,68.500,0.44,15892.199997324497
11078,OK,67.700,0.44,15906.900051049888
11079,OK,71.500,0.44,15861.599997151643
11080,OK,73.400,0.44,15954.500006046146
11081,OK,110.100,0.44,15757.899964228272
11082,OK,115.100,0.44,15838.39999511838
11083,OK,140.500,0.44,15727.899968624115
11084,OK,71.800,0.44,15868.499991483986
11085,OK,53.200,0.44,15894.200012553483
11086,OK,78.600,0.44,15928.90004394576
11087,OK,66.300,0.44,15920.999983791262
11088,OK,59.300,0.44,15924.800012726337
11089,OK,62.600,0.44,15885.69994783029
11090,OK,64.400,0.44,15895.299962721765
11091,OK,78.100,0.44,15897.49997947365
11092,OK,64.100,0.44,15861.499996390194
11093,OK,54.300,0.44,15920.799982268363
11094,OK,53.600,0.44,15944.599988870323
11095,OK,65.300,0.44,15907.90000045672
11096,OK,68.500,0.44,15885.100001469254
11097,OK,69.900,0.44,15949.50002618134
11098,OK,83.600,0.44,15820.70003496483
11099,OK,79.900,0.44,15830.99999697879
11100,OK,96.600,0.44,15870.199946220964
11101,OK,62.400,0.44,15650.399960577488
11102,OK,103.500,0.44,15952.799993101507
11103,OK,65.200,0.44,15911.099966615438
11104,OK,58.700,0.44,15899.899997748435
11105,OK,69.200,0.44,15854.299999773502
11106,OK,99.100,0.44,15950.000029988587
11107,OK,135.500,0.44,15702.399949077517
11108,OK,86.900,0.44,15898.499987088144
11109,OK,85.100,0.44,15896.700031589717
11110,OK,92.800,0.44,15866.300032939762
11111,OK,74.800,0.44,15855.800011195242
11112,OK,134.800,0.44,15848.69995713234
11113,OK,64.000,0.44,15906.59999055788
11114,OK,66.200,0.44,15897.900040727109
11115,OK,70.500,0.44,15850.399970076978
11116,OK,74.200,0.44,15859.199978876859
11117,OK,59.900,0.44,15881.800034549087
11118,OK,80.700,0.44,15941.700024995953
11119,OK,57.500,0.44,15894.999960437417
11120,OK,55.600,0.44,15858.600032515824
11121,OK,52.200,0.44,15922.599995974451
11122,OK,47.800,0.44,15935.899980831891
11123,OK,64.800,0.44,15933.20001848042
11124,OK,54.000,0.44,15867.799986153841
11125,OK,50.800,0.44,15890.399983618408
11126,OK,50.900,0.44,16004.200035240501
11127,OK,58.600,0.44,15848.80001610145
11128,OK,69.300,0.44,15937.299991492182
11129,OK,56.500,0.44,15938.099997583777
11130,OK,60.800,0.44,15842.099965084344
11131,OK,87.200,0.44,15881.599974818528
11132,OK,67.800,0.44,15924.30000891909
11133,OK,59.700,0.44,16213.800001423806
11134,OK,221.000,0.44,15262.599976267666
11135,OK,101.000,0.44,15823.099995031953
11136,OK,89.800,0.44,15874.899982009083
11137,OK,74.700,0.44,15884.699998423457
11138,OK,74.100,0.44,15842.099965084344
11139,OK,110.200,0.44,15837.199985980988
11140,OK,98.200,0.44,15872.599964495748
11141,OK,89.100,0.44,15909.899957478046
11142,OK,75.700,0.44,15909.200010355562
11143,OK,74.700,0.44,15862.800006289035
11144,OK,79.800,0.44,15857.199963647872
11145,OK,93.200,0.44,15883.100044447929
11146,OK,111.200,0.44,15795.100014656782
11147,OK,116.000,0.44,15828.499977942556
11148,OK,123.600,0.44,15826.599963475019
11149,OK,84.500,0.44,15918.999968562275
11150,OK,71.100,0.44,15888.000023551285
11151,OK,88.500,0.44,15883.200045209378
11152,OK,102.300,0.44,15750.100021250546
11153,OK,92.600,0.44,15902.399958577007
11154,OK,85.800,0.44,15810.799959581345
11155,OK,74.900,0.44,15876.399993430823
11156,OK,62.000,0.44,15952.199988532811
11157,OK,59.000,0.44,15946.300001814961
11158,OK,118.900,0.44,15765.200019814074
11159,OK,94.200,0.44,15871.600015088916
11160,OK,93.300,0.44,15935.99998159334
11161,OK,212.600,0.44,15600.799990352243
11162,OK,63.800,0.44,15873.90003260225
11163,OK,57.600,0.44,15916.80001001805
11164,OK,63.700,0.44,15912.099974229932
11165,OK,59.200,0.44,15902.10001450032
11166,OK,59.600,0.44,15919.89997541532
11167,OK,58.100,0.44,15892.000054009259
11168,OK,93.500,0.44,15845.899994019419
11169,OK,72.000,0.44,15925.300016533583
11170,OK,56.700,0.44,15906.999993603677
11171,OK,60.000,0.44,15917.099954094738
11172,OK,62.000,0.44,15920.099976938218
11173,OK,71.900,0.44,15913.599985651672
11174,OK,71.400,0.44,15882.79998395592
11175,OK,71.500,0.44,15869.39999833703
11176,OK,59.100,0.44,15898.099984042346
11177,OK,63.700,0.44,15922.100050374866
11178,OK,81.100,0.44,15877.900004852563
11179,OK,85.100,0.44,15865.799970924854
11180,OK,67.500,0.44,15845.399990212172
11181,OK,88.400,0.44,15861.200052313507
11182,OK,64.000,0.44,15898.199984803796
11183,OK,89.300,0.44,15832.999954000115
11184,OK,94.500,0.44,16366.299998480827
11185,OK,603.200,0.44,14603.500021621585
11186,OK,91.300,0.44,15807.699994184077
11187,OK,62.000,0.44,15967.100043781102
11188,OK,65.200,0.44,15889.699978288263
11189,OK,67.900,0.44,15871.900017373264
11190,OK,63.000,0.44,15935.800038278103
11191,OK,88.800,0.44,15855.399949941784
11192,OK,56.900,0.44,15900.50000231713
11193,OK,57.400,0.44,15929.899993352592
11194,OK,93.700,0.44,15875.29998505488
11195,OK,69.900,0.44,15817.70001212135
11196,OK,72.700,0.44,15872.700023464859
11197,OK,62.000,0.44,16038.30000385642
11198,OK,103.200,0.44,15770.700003486127
11199,OK,61.900,0.44,15920.999983791262
11200,OK,67.300,0.44,15934.400027617812
11201,OK,87.200,0.44,15706.199978012592
11202,OK,94.700,0.44,15851.70003818348
11203,OK,63.300,0.44,15875.39998581633
11204,OK,63.100,0.44,15877.900004852563
11205,OK,47.200,0.44,16166.199988219887
11206,OK,167.300,0.44,15581.399959046394
11207,OK,94.000,0.44,15809.499949682504
11208,OK,99.600,0.44,15980.899974238127
11209,OK,99.900,0.44,15782.199974637479
11210,OK,69.400,0.44,15803.700021933764
11211,OK,88.900,0.44,15965.499973390251
11212,OK,75.900,0.44,15840.900014154613
11213,OK,60.700,0.44,15919.500030577183
11214,OK,67.200,0.44,15865.099965594709
11215,OK,58.700,0.44,15934.299968648702
11216,OK,122.000,0.44,15826.300019398332
11217,OK,69.900,0.44,15810.800017789006
11218,OK,66.500,0.44,15987.600025255233
11219,OK,78.900,0.44,15849.900024477392
11220,OK,71.600,0.44,15903.200022876263
11221,OK,83.400,0.44,15826.200018636882
11222,OK,128.300,0.44,15813.799982424825
11223,OK,99.400,0.44,15820.699976757169
11224,OK,107.400,0.44,15872.899966780096
11225,OK,98.200,0.44,15850.900032091886
11226,OK,101.300,0.44,15794.100007042289
11227,OK,86.700,0.44,15876.299992669374
11228,OK,96.400,0.44,15886.800014413893
11229,OK,100.000,0.44,15838.999999687076
11230,OK,71.800,0.44,15893.20000493899
11231,OK,103.400,0.44,15837.199985980988
11232,OK,106.200,0.44,15824.900008738041
11233,OK,115.700,0.44,16422.499960754067
11234,OK,390.900,0.44,15242.299996316433
11235,OK,311.000,0.44,15171.5999818407
11236,OK,128.000,0.44,15742.600022349507
11237,OK,103.800,0.44,15756.000007968396
11238,OK,98.600,0.44,15835.40003048256
11239,OK,97.800,0.44,15845.099987927824
11240,OK,116.000,0.44,15847.400005441159
11241,OK,109.700,0.44,15838.899998925626
11242,OK,99.900,0.44,15836.100035812706
11243,OK,86.100,0.44,15859.899984207004
11244,OK,100.700,0.44,15861.599997151643
11245,OK,100.300,0.44,15801.799949258566
11246,OK,106.500,0.44,15839.80000577867
11247,OK,73.400,0.44,15866.60003522411
11248,OK,104.400,0.44,15859.900042414665
11249,OK,108.300,0.44,15890.29998285696
11250,OK,65.300,0.44,15845.499990973622
11251,OK,82.000,0.44,15835.099969990551
11252,OK,106.500,0.44,15799.099986907095
11253,OK,109.300,0.44,15836.299979127944
11254,OK,78.300,0.44,15915.199997834861
11255,OK,102.700,0.44,15803.299960680306
11256,OK,96.200,0.44,15912.29997575283
11257,OK,102.700,0.44,15828.799980226904
11258,OK,84.800,0.44,15812.300029210746
11259,OK,83.100,0.44,15893.20000493899
11260,OK,71.300,0.44,15931.400004774332
11261,OK,121.100,0.44,15838.499995879829
11262,OK,89.600,0.44,15820.300031919032
11263,OK,103.200,0.44,15865.099965594709
11264,OK,64.300,0.44,15859.899984207004
11265,OK,63.800,0.44,15865.10002380237
11266,OK,86.600,0.44,15863.199951127172
11267,OK,84.200,0.44,15816.800005268306
11268,OK,91.700,0.44,15963.200014084578
11269,OK,195.900,0.44,15668.399981223047
11270,OK,86.200,0.44,15826.999966520816
11271,OK,90.900,0.44,15872.900024987757
11272,OK,82.000,0.44,15874.599979724735
11273,OK,82.200,0.44,15864.900022279471
11274,OK,67.200,0.44,15877.900004852563
11275,OK,83.500,0.44,15930.19999563694
11276,OK,118.200,0.44,15732.199943158776
11277,OK,113.100,0.44,15773.700026329607
11278,OK,82.400,0.44,15897.49997947365
11279,OK,99.500,0.44,15822.09998741746
11280,OK,81.400,0.44,15881.099971011281
11281,OK,62.000,0.44,15845.69999249652
11282,OK,79.500,0.44,15964.19996349141
11283,OK,88.200,0.44,15852.399985305965
11284,OK,71.600,0.44,16128.90005344525
11285,OK,87.200,0.44,15553.599980194122
11286,OK,102.700,0.44,15830.000047571957
11287,OK,86.100,0.44,15853.09999063611
11288,OK,76.900,0.44,15921.19998531416
11289,OK,80.400,0.44,15894.100011792034
11290,OK,105.800,0.44,15846.900001633912
11291,OK,69.900,0.44,16275.000001769513
11292,OK,86.300,0.44,15482.000017073005
11293,OK,82.200,0.44,16087.899974081665
11294,OK,115.900,0.44,15648.100001271814
11295,OK,208.400,0.44,15837.099985219538
11296,OK,186.200,0.44,15628.299966920167
11297,OK,140.000,0.44,15744.89998165518
11298,OK,94.100,0.44,15806.899988092482
11299,OK,75.700,0.44,16084.2000041157
11300,OK,59.800,0.44,15821.199980564415
11301,OK,87.000,0.44,15681.800025049597
11302,OK,119.500,0.44,16086.600022390485
11303,OK,86.200,0.44,15876.299992669374
11304,OK,80.100,0.44,15988.600032869726
11305,OK,97.900,0.44,15790.300036314875
11306,OK,93.500,0.44,15614.60003722459
11307,OK,164.800,0.44,15654.199989512563
11308,OK,121.700,0.44,15994.199959095567
11309,OK,95.900,0.44,15786.700008902699
11310,OK,136.500,0.44,15535.99996259436
11311,OK,56.200,0.44,15952.099987771362
11312,OK,68.100,0.44,15869.39999833703
11313,OK,78.000,0.44,15904.400032013655
11314,OK,73.000,0.44,15896.10002702102
11315,OK,51.000,0.44,15900.300000794232
11316,OK,70.200,0.44,15941.299963742495
11317,OK,74.400,0.44,15827.199968043715
11318,OK,93.900,0.44,15891.7999942787
11319,OK,71.200,0.44,15904.399973805994
11320,OK,54.100,0.44,15943.299978971481
11321,OK,55.500,0.44,15887.499961536378
11322,OK,53.800,0.44,15929.699991829693
11323,OK,63.100,0.44,15904.000028967857
11324,OK,66.500,0.44,15912.39997651428
11325,OK,68.400,0.44,15879.000013228506
11326,OK,63.200,0.44,19878.100021742284
11327,OK,112.400,0.44,11833.399999886751
11328,OK,82.800,0.44,15844.399982597679
11329,OK,53.100,0.44,15896.599972620606
11330,OK,38.700,0.44,15960.399992763996
11331,OK,85.400,0.44,15877.300000283867
11332,OK,90.600,0.44,15847.100003156811
11333,OK,66.200,0.44,15886.700013652444
11334,OK,69.400,0.44,16107.600007671863
11335,OK,288.200,0.44,15384.600032120943
11336,OK,71.300,0.44,15823.5999988392
11337,OK,66.200,0.44,15870.89995155111
11338,OK,84.100,0.44,15900.400001555681
11339,OK,75.800,0.44,15905.00003658235
11340,OK,51.400,0.44,15922.499995213002
11341,OK,55.900,0.44,15934.299968648702
11342,OK,62.900,0.44,15930.19999563694
11343,OK,78.700,0.44,15855.300007387996
11344,OK,75.700,0.44,15911.299968138337
11345,OK,62.100,0.44,15829.899988602847
11346,OK,97.600,0.44,15862.00000019744
11347,OK,67.000,0.44,15948.200016282499
11348,OK,71.700,0.44,15888.69997067377
11349,OK,70.100,0.44,15853.399992920458
11350,OK,65.100,0.44,15886.600012890995
11351,OK,56.500,0.44,15850.699972361326
11352,OK,85.200,0.44,15925.300016533583
11353,OK,86.300,0.44,15868.899994529784
11354,OK,75.300,0.44,15903.199964668602
11355,OK,77.800,0.44,15877.500001806766
11356,OK,85.400,0.44,15879.200014751405
11357,OK,90.100,0.44,15800.199995283037
11358,OK,100.100,0.44,15909.599955193698
11359,OK,60.700,0.44,15863.200009334832
11360,OK,51.200,0.44,15853.19999139756
11361,OK,55.800,0.44,15945.09999267757
11362,OK,79.200,0.44,15875.099983531982
11363,OK,91.800,0.44,15862.300002481788
11364,OK,75.300,0.44,15801.600005943328
11365,OK,94.800,0.44,15924.30000891909
11366,OK,56.500,0.44,15885.59994706884
11367,OK,60.100,0.44,15940.100012812763
11368,OK,66.100,0.44,15857.999969739467
11369,OK,64.500,0.44,15957.199968397617
11370,OK,81.900,0.44,15805.499977432191
11371,OK,72.400,0.44,16083.399998024106
11372,OK,85.600,0.44,15789.50003022328
11373,OK,88.000,0.44,15839.200001209974
11374,OK,73.600,0.44,15863.900014664978
11375,OK,65.500,0.44,15882.499981671572
11376,OK,51.200,0.44,15916.9000107795
11377,OK,51.400,0.44,15906.900051049888
11378,OK,91.500,0.44,15898.699988611042
11379,OK,63.000,0.44,15898.700046818703
11380,OK,65.200,0.44,15855.700010433793
11381,OK,68.100,0.44,15899.599995464087
11382,OK,63.300,0.44,15875.099983531982
11383,OK,63.800,0.44,15860.799991060048
11384,OK,85.300,0.44,15910.700021777302
11385,OK,106.800,0.44,15860.60004774481
11386,OK,92.400,0.44,15850.20002676174
11387,OK,77.600,0.44,15851.70003818348
11388,OK,78.400,0.44,15881.40003150329
11389,OK,111.600,0.44,15853.399992920458
11390,OK,60.900,0.44,15908.700006548315
11391,OK,63.800,0.44,15941.400022711605
11392,OK,61.400,0.44,15916.100004687905
11393,OK,54.800,0.44,15854.500001296401
11394,OK,64.800,0.44,15944.399987347424
11395,OK,81.400,0.44,15832.600009161979
11396,OK,92.700,0.44,15909.60001340136
11397,OK,78.000,0.44,15827.699971850961
11398,OK,66.600,0.44,15872.700023464859
11399,OK,61.600,0.44,15941.400022711605
11400,OK,110.200,0.44,15807.399991899729
11401,OK,79.900,0.44,15794.100007042289
11402,OK,97.000,0.44,15898.300043772906
11403,OK,72.300,0.44,15912.60003624484
11404,OK,73.300,0.44,15910.500020254403
11405,OK,75.500,0.44,15851.500036660582
11406,OK,74.900,0.44,15849.800023715943
11407,OK,100.900,0.44,15832.700009923428
11408,OK,77.800,0.44,15795.700019225478
11409,OK,102.300,0.44,15961.800003424287
11410,OK,74.800,0.44,15859.499981161207
11411,OK,80.700,0.44,15904.900035820901
11412,OK,158.800,0.44,15685.79999729991
11413,OK,76.800,0.44,15828.899980988353
11414,OK,101.200,0.44,15877.300000283867
11415,OK,61.200,0.44,15894.300013314933
11416,OK,79.400,0.44,15917.600016109645
11417,OK,55.300,0.44,15899.299993179739
11418,OK,50.900,0.44,15933.900023810565
11419,OK,51.900,0.44,15917.400014586747
11420,OK,54.500,0.44,15901.100006885827
11421,OK,59.400,0.44,15930.499997921288
11422,OK,61.700,0.44,15913.399984128773
11423,OK,62.400,0.44,15886.800014413893
11424,OK,58.200,0.44,15908.800007309765
11425,OK,77.700,0.44,15899.999998509884
11426,OK,85.100,0.44,15832.700009923428
11427,OK,87.600,0.44,15922.80005570501
11428,OK,79.800,0.44,15894.500014837831
11429,OK,109.000,0.44,15702.500008046627
11430,OK,52.700,0.44,16013.899992685765
11431,OK,52.000,0.44,15884.19999461621
11432,OK,63.500,0.44,15880.999970249832
11433,OK,57.400,0.44,15865.400026086718
11434,OK,78.200,0.44,16341.000038664788
11435,OK,124.100,0.44,15374.799957498908
11436,OK,67.100,0.44,15857.699967455119
11437,OK,76.700,0.44,15928.500040899962
11438,OK,98.500,0.44,15771.300008054823
11439,OK,94.500,0.44,15842.099965084344
11440,OK,106.600,0.44,15828.10003310442
11441,OK,104.000,0.44,15957.699972204864
11442,OK,70.900,0.44,15785.499999765307
11443,OK,73.400,0.44,15897.60003844276
11444,OK,51.100,0.44,15993.800014257431
11445,OK,122.000,0.44,15768.100041896105
11446,OK,89.600,0.44,15891.399991232902
11447,OK,72.900,0.44,15890.599985141307
11448,OK,78.400,0.44,15860.299987252802
11449,OK,74.600,0.44,15876.499994192272
11450,OK,70.500,0.44,15920.300036668777
11451,OK,100.800,0.44,15820.899978280067
11452,OK,84.700,0.44,15853.599994443357
11453,OK,75.000,0.44,15899.000049103051
11454,OK,82.100,0.44,15880.900027696043
11455,OK,131.800,0.44,15798.699983861297
11456,OK,72.700,0.44,15861.299994867295
11457,OK,75.800,0.44,15876.099991146475
11458,OK,71.200,0.44,15894.500014837831
11459,OK,75.400,0.44,15830.299991648644
11460,OK,75.400,0.44,15964.899968821555
11461,OK,75.300,0.44,15915.800002403557
11462,OK,69.200,0.44,15803.099959157407
11463,OK,69.300,0.44,15963.000012561679
11464,OK,189.900,0.44,15805.899980477989
11465,OK,132.900,0.44,15602.300001773983
11466,OK,77.100,0.44,15928.80004318431
11467,OK,75.800,0.44,15877.199999522418
11468,OK,71.300,0.44,15983.999997843057
11469,OK,69.600,0.44,15823.900001123548
11470,OK,49.800,0.44,15808.199997991323
11471,OK,88.300,0.44,15954.200003761798
11472,OK,95.000,0.44,15888.099966105074
11473,OK,101.400,0.44,15773.800027091056
11474,OK,99.700,0.44,15837.200044188648
11475,OK,96.800,0.44,15885.799948591739
11476,OK,129.900,0.44,15665.899962186813
11477,OK,105.700,0.44,15847.700007725507
11478,OK,123.100,0.44,15820.400032680482
11479,OK,126.700,0.44,15746.39999307692
11480,OK,104.400,0.44,15837.599989026785
11481,OK,118.600,0.44,15869.599999859929
11482,OK,110.100,0.44,15791.099984198809
11483,OK,100.500,0.44,15847.700007725507
11484,OK,113.800,0.44,15861.399995628744
11485,OK,111.900,0.44,15770.600002724677
11486,OK,105.900,0.44,15828.199975658208
11487,OK,99.100,0.44,15852.000040467829
11488,OK,73.300,0.44,15912.699978798628
11489,OK,102.900,0.44,15822.199988178909
11490,OK,97.700,0.44,15865.899971686304
11491,OK,100.700,0.44,15804.499969817698
11492,OK,74.600,0.44,15903.50002516061
11493,OK,101.000,0.44,15849.699964746833
11494,OK,97.300,0.44,15852.799988351762
11495,OK,102.600,0.44,15843.300032429397
11496,OK,86.000,0.44,15850.500029046088
11497,OK,85.400,0.44,15847.700007725507
11498,OK,62.300,0.44,15940.300014335662
11499,OK,84.100,0.44,15893.900010269135
11500,OK,107.900,0.44,15851.70003818348
11501,OK,134.400,0.44,15649.800014216453
11502,OK,157.700,0.44,15811.999968718737
11503,OK,180.300,0.44,15605.300024617463
11504,OK,119.400,0.44,15758.800029288977
11505,OK,73.900,0.44,15905.00003658235
11506,OK,72.100,0.44,15899.999998509884
11507,OK,90.700,0.44,15860.999992582947
11508,OK,75.500,0.44,15913.599985651672
11509,OK,76.000,0.44,15895.000018645078
11510,OK,77.700,0.44,15931.100002489984
11511,OK,74.100,0.44,15817.200008314103
11512,OK,58.600,0.44,15884.099993854761
11513,OK,59.500,0.44,16022.199997678399
11514,OK,105.800,0.44,15783.799986820668
11515,OK,100.800,0.44,15847.100003156811
11516,OK,79.000,0.44,15801.399946212769
11517,OK,96.200,0.44,15838.899998925626
11518,OK,118.100,0.44,15863.49995341152
11519,OK,82.700,0.44,15884.19999461621
11520,OK,63.600,0.44,15837.699989788234
11521,OK,81.800,0.44,15932.899957988411
11522,OK,95.400,0.44,15832.000004593283
11523,OK,94.600,0.44,15848.899958655238
11524,OK,90.000,0.44,15864.900022279471
11525,OK,68.700,0.44,15886.400011368096
11526,OK,65.700,0.44,15880.799968726933
11527,OK,57.100,0.44,15920.199977699667
11528,OK,70.400,0.44,16021.9999961555
11529,OK,57.200,0.44,16005.200042854995
11530,OK,75.800,0.44,15852.699987590313
11531,OK,107.500,0.44,15782.999980729073
11532,OK,134.400,0.44,16101.599961984903
11533,OK,122.200,0.44,15561.399981379509
11534,OK,156.000,0.44,16019.899980165064
11535,OK,241.300,0.44,15399.90003220737
11536,OK,178.500,0.44,15832.700009923428
11537,OK,225.200,0.44,15557.100006844848
11538,OK,224.200,0.44,15553.299977909774
11539,OK,146.600,0.44,15720.199968200177
11540,OK,128.100,0.44,15752.900042571127
11541,OK,105.300,0.44,15929.899993352592
11542,OK,96.100,0.44,15950.200031511486
11543,OK,130.500,0.44,15699.899988248944
11544,OK,92.900,0.44,16108.900017570704
11545,OK,84.500,0.44,15867.499983869493
11546,OK,105.900,0.44,15853.599994443357
11547,OK,127.400,0.44,15553.499979432672
11548,OK,128.000,0.44,16095.199971459806
11549,OK,95.700,0.44,15896.599972620606
11550,OK,123.100,0.44,15632.900001946837
11551,OK,143.200,0.44,15885.000000707805
11552,OK,134.100,0.44,15597.300021909177
11553,OK,140.100,0.44,16071.200021542609
11554,OK,145.600,0.44,15724.500000942498
11555,OK,90.400,0.44,15623.199986293912
11556,OK,91.200,0.44,15945.09999267757
11557,OK,114.400,0.44,15838.599996641278
11558,OK,139.000,0.44,15778.900007717311
11559,OK,180.400,0.44,15728.399972431362
11560,OK,189.400,0.44,15917.499957140535
11561,OK,200.500,0.44,15691.70004222542
11562,OK,263.800,0.44,15451.100014615804
11563,OK,255.800,0.44,15647.19999441877
11564,OK,274.800,0.44,15508.799988310784
11565,OK,181.500,0.44,15547.399991191924
11566,OK,136.000,0.44,16073.79998313263
11567,OK,220.400,0.44,15449.099999386817
11568,OK,83.600,0.44,15738.899994175881
11569,OK,82.600,0.44,15831.099997740239
11570,OK,51.500,0.44,15973.100031260401
11571,OK,73.400,0.44,15898.099984042346
11572,OK,53.100,0.44,15879.100013989955
11573,OK,60.700,0.44,15884.099993854761
11574,OK,52.800,0.44,16025.199962314218
11575,OK,103.600,0.44,15783.899987582117
11576,OK,126.400,0.44,15855.100005865097
11577,OK,72.800,0.44,15872.200019657612
11578,OK,68.900,0.44,15893.799951300025
11579,OK,58.800,0.44,15916.80001001805
11580,OK,64.800,0.44,15878.000005614012
11581,OK,50.800,0.44,15882.999985478818
11582,OK,50.500,0.44,15978.800016455352
11583,OK,62.000,0.44,15924.599952995777
11584,OK,55.800,0.44,16398.900013882667
11585,OK,381.700,0.44,14872.29997292161
11586,OK,84.100,0.44,15908.800007309765
11587,OK,69.400,0.44,15874.600037932396
11588,OK,59.100,0.44,15915.099997073412
11589,OK,72.600,0.44,15898.99999089539
11590,OK,80.400,0.44,15873.600030317903
11591,OK,74.200,0.44,15846.099995542318
11592,OK,71.100,0.44,15853.599994443357
11593,OK,98.500,0.44,15764.20001219958
11594,OK,60.700,0.44,16033.300023991615
11595,OK,62.100,0.44,15870.300005190074
11596,OK,54.900,0.44,15964.100020937622
11597,OK,60.600,0.44,15905.900043435395
11598,OK,66.000,0.44,15880.499966442585
11599,OK,62.400,0.44,15929.199988022447
11600,OK,66.100,0.44,15879.8000193201
11601,OK,76.200,0.44,15753.79999121651
11602,OK,73.300,0.44,15906.300046481192
11603,OK,79.500,0.44,15854.099998250604
11604,OK,80.400,0.44,15825.299953576177
11605,OK,92.800,0.44,15944.200044032186
11606,OK,95.000,0.44,15807.29999113828
11607,OK,57.700,0.44,15907.799999695271
11608,OK,54.000,0.44,16008.70001129806
11609,OK,67.100,0.44,15752.29997979477
11610,OK,47.700,0.44,15896.09996881336
11611,OK,75.900,0.44,15897.70003920421
11612,OK,68.900,0.44,15893.600007984787
11613,OK,57.300,0.44,15881.29997253418
11614,OK,48.900,0.44,15940.70001738146
11615,OK,54.100,0.44,15881.399973295629
11616,OK,55.700,0.44,15922.199992928654
11617,OK,58.100,0.44,15958.19997601211
11618,OK,83.500,0.44,15820.900036487728
11619,OK,74.100,0.44,16017.000016290694
11620,OK,127.800,0.44,15665.400016587228
11621,OK,66.900,0.44,15949.700027704239
11622,OK,58.000,0.44,15928.499982692301
11623,OK,70.300,0.44,15882.199979387224
11624,OK,102.700,0.44,15778.799948748201
11625,OK,81.300,0.44,15843.200031667948
11626,OK,82.000,0.44,15862.600004766136
11627,OK,107.900,0.44,15906.899992842227
11628,OK,99.300,0.44,15837.099985219538
11629,OK,79.000,0.44,15883.799991570413
11630,OK,101.300,0.44,15771.100006531924
11631,OK,74.900,0.44,15914.399991743267
11632,OK,126.200,0.44,15862.500004004687
11633,OK,91.400,0.44,15858.499973546714
11634,OK,124.800,0.44,15886.400011368096
11635,OK,80.900,0.44,15772.9999627918
11636,OK,75.400,0.44,15929.199988022447
11637,OK,73.600,0.44,15866.999980062246
11638,OK,108.700,0.44,15850.800031330436
11639,OK,75.200,0.44,15801.30000365898
11640,OK,81.000,0.44,15898.300043772906
11641,OK,69.500,0.44,15876.299992669374
11642,OK,59.900,0.44,15943.999984301627
11643,OK,146.900,0.44,15773.299965076149
11644,OK,120.400,0.44,15786.700008902699
11645,OK,105.000,0.44,15908.00000121817
11646,OK,73.200,0.44,15900.200000032783
11647,OK,75.700,0.44,15819.10002278164
11648,OK,95.800,0.44,15830.199990887195
11649,OK,89.100,0.44,15877.400001045316
11650,OK,106.900,0.44,15791.799989528954
11651,OK,78.000,0.44,15909.799956716597
11652,OK,108.800,0.44,15833.100012969226
11653,OK,128.500,0.44,15983.39999327436
11654,OK,93.600,0.44,15663.700003642589
11655,OK,101.400,0.44,15893.400006461889
11656,OK,139.000,0.44,15720.700030215085
11657,OK,86.400,0.44,15846.800000872463
11658,OK,72.700,0.44,15889.499976765364
11659,OK,97.700,0.44,15860.699990298599
11660,OK,135.200,0.44,15845.299989450723
11661,OK,106.700,0.44,15786.199946887791
11662,OK,88.400,0.44,15855.100005865097
11663,OK,89.000,0.44,15821.89998589456
11664,OK,64.900,0.44,15915.999945718795
11665,OK,102.200,0.44,15815.799997653812
11666,OK,94.300,0.44,15974.900044966489
11667,OK,71.100,0.44,15929.399989545345
11668,OK,70.700,0.44,15739.09999569878
11669,OK,84.700,0.44,15837.999992072582
11670,OK,93.900,0.44,15949.799970258027
11671,OK,98.600,0.44,15894.000011030585
11672,OK,71.000,0.44,15912.000031676143
11673,OK,74.700,0.44,15894.200012553483
11674,OK,83.900,0.44,15857.59996669367
11675,OK,89.300,0.44,15780.800022184849
11676,OK,78.600,0.44,15880.299964919686
11677,OK,71.900,0.44,15882.199979387224
11678,OK,75.300,0.44,15933.10001771897
11679,OK,194.400,0.44,15668.299980461597
11680,OK,75.100,0.44,15867.99998767674
11681,OK,75.400,0.44,15894.70001636073
11682,OK,72.500,0.44,15883.899992331862
11683,OK,75.100,0.44,15860.4999887757
11684,OK,153.600,0.44,15878.50000942126
11685,OK,76.500,0.44,15743.100026156753
11686,OK,79.900,0.44,15891.999995801598
11687,OK,73.000,0.44,15877.400001045316
11688,OK,64.600,0.44,15899.699996225536
11689,OK,66.100,0.44,15925.200015772134
11690,OK,73.100,0.44,15832.900011446327
11691,OK,87.200,0.44,15862.599946558475
11692,OK,61.900,0.44,15901.000006124377
11693,OK,65.900,0.44,15857.70002566278
11694,OK,83.000,0.44,15863.60001238063
11695,OK,81.900,0.44,15828.799980226904
11696,OK,68.300,0.44,15943.699982017279
11697,OK,63.500,0.44,15904.299973044544
11698,OK,77.300,0.44,15868.799993768334
11699,OK,70.600,0.44,15872.000018134713
11700,OK,73.200,0.44,15926.600026432425
11701,OK,71.600,0.44,15718.5000134632
11702,OK,93.600,0.44,15958.19997601211
11703,OK,70.000,0.44,15899.399993941188
11704,OK,65.600,0.44,15889.099973719567
11705,OK,71.800,0.44,15901.000006124377
11706,OK,68.500,0.44,15805.500035639852
11707,OK,102.300,0.44,15956.200018990785
11708,OK,80.500,0.44,15890.399983618408
11709,OK,142.400,0.44,15743.800031486899
11710,OK,69.800,0.44,15827.400027774274
11711,OK,91.400,0.44,15916.80001001805
11712,OK,86.800,0.44,15846.499998588115
11713,OK,52.500,0.44,15894.70001636073
11714,OK,78.300,0.44,15885.000000707805
11715,OK,101.800,0.44,15921.599988359958
11716,OK,68.100,0.44,15817.100007552654
11717,OK,92.000,0.44,15878.200007136911
11718,OK,65.700,0.44,15849.000017624348
11719,OK,54.300,0.44,16013.09998659417
11720,OK,164.000,0.44,15740.200004074723
11721,OK,98.400,0.44,15783.099981490523
11722,OK,53.700,0.44,15916.200005449355
11723,OK,61.000,0.44,15879.90002008155
11724,OK,52.700,0.44,15986.000013072044
11725,OK,69.400,0.44,15889.600035734475
11726,OK,85.300,0.44,15856.300015002489
11727,OK,60.000,0.44,15920.900041237473
11728,OK,76.700,0.44,15960.799995809793
11729,OK,150.500,0.44,15692.500048317015
11730,OK,64.600,0.44,15848.200011532754
11731,OK,52.400,0.44,15922.399994451553
11732,OK,51.300,0.44,15928.70004242286
11733,OK,48.600,0.44,16327.899997122586
11734,OK,255.100,0.44,15170.999977272004
11735,OK,60.600,0.44,16029.099992010742
11736,OK,179.000,0.44,15621.599974110723
11737,OK,57.100,0.44,15925.199957564473
11738,OK,67.600,0.44,15888.000023551285
11739,OK,108.500,0.44,15747.800003737211
11740,OK,72.100,0.44,15940.299956128001
11741,OK,104.200,0.44,15856.400015763938
11742,OK,79.000,0.44,15785.299998242408
11743,OK,104.000,0.44,15864.499961026013
11744,OK,112.300,0.44,15861.899999435991
11745,OK,114.400,0.44,15827.499970328063
11746,OK,94.700,0.44,16198.29999981448
11747,OK,103.600,0.44,15447.700046934187
11748,OK,102.500,0.44,15840.300009585917
11749,OK,99.000,0.44,15829.099982511252
11750,OK,101.800,0.44,15831.400000024587
11751,OK,84.700,0.44,15935.000032186508
11752,OK,103.800,0.44,15792.699996381998
11753,OK,120.200,0.44,15793.500002473593
11754,OK,134.900,0.44,15843.899978790432
11755,OK,130.100,0.44,15805.400034878403
11756,OK,145.900,0.44,15808.199997991323
11757,OK,129.400,0.44,15693.299996200949
11758,OK,125.700,0.44,15834.800025913864
11759,OK,127.400,0.44,15789.100027177483
11760,OK,103.500,0.44,15857.49996593222
11761,OK,82.500,0.44,15854.60000205785
11762,OK,106.600,0.44,15853.999997489154
11763,OK,111.000,0.44,15942.10002804175
11764,OK,123.500,0.44,15656.500007025898
11765,OK,91.900,0.44,15909.000008832663
11766,OK,72.700,0.44,15859.899984207004
11767,OK,126.700,0.44,15824.200003407896
11768,OK,114.300,0.44,15931.60000629723
11769,OK,99.800,0.44,15748.600009828806
11770,OK,124.400,0.44,15783.49998453632
11771,OK,114.000,0.44,15821.900044102222
11772,OK,106.000,0.44,15795.50001770258
11773,OK,109.200,0.44,15894.100011792034
11774,OK,105.600,0.44,15810.900018550456
11775,OK,88.600,0.44,15837.799990549684
11776,OK,87.500,0.44,15851.300035137683
11777,OK,87.600,0.44,15757.500019390136
11778,OK,83.000,0.44,15898.699988611042
11779,OK,134.800,0.44,15722.099982667714
11780,OK,105.700,0.44,15948.799962643534
11781,OK,111.300,0.44,15796.499967109412
11782,OK,81.300,0.44,15870.800008997321
11783,OK,84.300,0.44,15862.00000019744
11784,OK,80.200,0.44,15976.599999703467
11785,OK,85.000,0.44,15796.399966347963
11786,OK,63.700,0.44,15893.10000417754
11787,OK,57.600,0.44,15909.900015685707
11788,OK,58.200,0.44,15897.80003996566
11789,OK,73.200,0.44,15964.900027029216
11790,OK,146.300,0.44,15699.09998215735
11791,OK,88.800,0.44,15836.299979127944
11792,OK,73.100,0.44,15898.099984042346
11793,OK,71.500,0.44,15889.299975242466
11794,OK,71.100,0.44,15895.799966529012
11795,OK,62.500,0.44,15851.000032853335
11796,OK,58.100,0.44,16036.699991673231
11797,OK,115.500,0.44,15779.00000847876
11798,OK,78.700,0.44,15856.900019571185
11799,OK,72.300,0.44,15837.699989788234
11800,OK,62.300,0.44,15930.599998682737
11801,OK,89.000,0.44,15738.099988084286
11802,OK,71.900,0.44,15929.200046230108
11803,OK,75.800,0.44,15881.29997253418
11804,OK,91.800,0.44,15857.59996669367
11805,OK,95.000,0.44,16000.300005543977
11806,OK,232.400,0.44,15443.900017999113
11807,OK,80.700,0.44,15832.700009923428
11808,OK,67.100,0.44,16199.000005144626
11809,OK,72.400,0.44,15573.799959383905
11810,OK,86.100,0.44,15931.900008581579
11811,OK,64.500,0.44,16152.700001839548
11812,OK,81.200,0.44,15698.800038080662
11813,OK,96.200,0.44,15995.39996823296
11814,OK,123.000,0.44,16060.69999979809
11815,OK,161.300,0.44,15486.100048292428
11816,OK,157.300,0.44,15640.199999324977
11817,OK,108.600,0.44,16003.599972464144
11818,OK,90.300,0.44,15765.399963129312
11819,OK,106.700,0.44,15960.099990479648
11820,OK,163.600,0.44,15665.700018871576
11821,OK,182.000,0.44,15792.2999933362
11822,OK,189.900,0.44,15742.700023110956
11823,OK,185.300,0.44,15835.3999722749
11824,OK,169.800,0.44,15594.800002872944
11825,OK,273.200,0.44,15844.699984882027
11826,OK,193.600,0.44,15252.89996061474
11827,OK,226.500,0.44,15576.09997689724
11828,OK,91.600,0.44,15767.799981404096
11829,OK,87.900,0.44,15838.699997402728
11830,OK,76.100,0.44,16181.099985260516
11831,OK,60.000,0.44,15606.099972501397
11832,OK,60.800,0.44,16211.999987717718
11833,OK,88.800,0.44,15654.69999331981
11834,OK,96.100,0.44,15788.600023370236
11835,OK,108.800,0.44,15971.600019838661
11836,OK,223.600,0.44,15658.300020731986
11837,OK,190.800,0.44,15536.09996335581
11838,OK,92.200,0.44,15846.800000872463
11839,OK,76.800,0.44,15909.199952147901
11840,OK,79.800,0.44,15883.299987763166
11841,OK,58.000,0.44,15942.799975164235
11842,OK,55.600,0.44,15837.599989026785
11843,OK,59.800,0.44,15959.999989718199
11844,OK,53.800,0.44,15860.799991060048
11845,OK,87.900,0.44,15915.999945718795
11846,OK,75.100,0.44,15874.399978201836
11847,OK,123.100,0.44,15756.100008729845
11848,OK,81.200,0.44,15842.700027860701
11849,OK,55.900,0.44,16002.300020772964
11850,OK,60.400,0.44,15922.199992928654
11851,OK,81.800,0.44,15919.79997465387
11852,OK,79.500,0.44,15870.200004428625
11853,OK,97.400,0.44,15725.49995034933
11854,OK,80.400,0.44,15987.599967047572
11855,OK,63.400,0.44,15878.800011705607
11856,OK,51.900,0.44,15914.499992504716
11857,OK,56.900,0.44,15864.000015426427
11858,OK,59.600,0.44,15943.39997973293
11859,OK,66.000,0.44,15934.60002914071
11860,OK,73.300,0.44,15808.199997991323
11861,OK,61.700,0.44,15887.799963820726
11862,OK,62.200,0.44,15939.600009005517
11863,OK,53.900,0.44,15911.00002406165
11864,OK,68.000,0.44,15879.8000193201
11865,OK,65.200,0.44,15924.000006634742
11866,OK,59.500,0.44,15932.099951896816
11867,OK,62.800,0.44,15908.800007309765
11868,OK,66.100,0.44,15906.699991319329
11869,OK,79.400,0.44,15897.199977189302
11870,OK,77.700,0.44,15834.600024390966
11871,OK,75.500,0.44,15847.900009248406
11872,OK,80.000,0.44,15873.199969064444
11873,OK,95.600,0.44,15852.199983783066
11874,OK,77.200,0.44,15996.499976608902
11875,OK,73.200,0.44,15680.200012866408
11876,OK,77.000,0.44,15846.100053749979
11877,OK,73.200,0.44,15911.00002406165
11878,OK,81.100,0.44,15898.199984803796
11879,OK,71.200,0.44,15849.400020670146
11880,OK,58.100,0.44,15896.799974143505
11881,OK,62.200,0.44,15801.700006704777
11882,OK,103.400,0.44,15936.999989207834
11883,OK,61.300,0.44,15896.700031589717
11884,OK,55.800,0.44,15906.299988273531
11885,OK,61.700,0.44,15917.00001154095
11886,OK,103.200,0.44,15853.899996727705
11887,OK,70.600,0.44,15854.7000028193
11888,OK,52.500,0.44,15947.099949698895
11889,OK,48.300,0.44,15934.999973978847
11890,OK,53.800,0.44,15924.600011203438
11891,OK,72.700,0.44,15895.99996805191
11892,OK,79.000,0.44,15922.6999967359
11893,OK,98.300,0.44,15783.59998529777
11894,OK,62.800,0.44,15884.899999946356
11895,OK,57.600,0.44,15879.700018558651
11896,OK,78.400,0.44,15965.099970344454
11897,OK,67.300,0.44,15825.600014068186
11898,OK,103.300,0.44,15862.700005527586
11899,OK,67.900,0.44,15874.299977440387
11900,OK,58.300,0.44,15890.900045633316
11901,OK,58.800,0.44,15846.299997065216
11902,OK,75.200,0.44,15941.000019665807
11903,OK,61.000,0.44,15920.099976938218
11904,OK,87.700,0.44,15856.20001424104
11905,OK,81.900,0.44,15884.499996900558
11906,OK,71.500,0.44,15869.39999833703
11907,OK,75.000,0.44,15887.899964582175
11908,OK,76.200,0.44,15889.599977526814
11909,OK,73.100,0.44,15830.79999545589
11910,OK,75.200,0.44,15887.20001745969
11911,OK,57.200,0.44,15908.600005786866
11912,OK,76.700,0.44,15917.900018393993
11913,OK,60.500,0.44,15888.399968389422
11914,OK,66.400,0.44,15925.90002110228
11915,OK,70.000,0.44,15839.100000448525
11916,OK,66.400,0.44,15858.199971262366
11917,OK,80.700,0.44,15933.20001848042
11918,OK,73.700,0.44,15859.499981161207
11919,OK,73.700,0.44,15811.600023880601
11920,OK,53.600,0.44,15978.700015693903
11921,OK,63.200,0.44,15919.80003286153
11922,OK,53.800,0.44,15948.599961120635
11923,OK,80.200,0.44,15870.300005190074
11924,OK,62.200,0.44,15844.699984882027
11925,OK,66.300,0.44,15960.999997332692
11926,OK,63.700,0.44,15921.999991405755
11927,OK,66.000,0.44,15916.600008495152
11928,OK,69.100,0.44,15878.699952736497
11929,OK,72.900,0.44,15866.39997549355
11930,OK,64.800,0.44,15924.600011203438
11931,OK,82.000,0.44,15850.899973884225
11932,OK,81.900,0.44,15882.099978625774
11933,OK,72.800,0.44,15918.099961709231
11934,OK,74.100,0.44,15882.999985478818
11935,OK,70.900,0.44,15886.500012129545
11936,OK,70.500,0.44,15811.100020073354
11937,OK,81.900,0.44,15928.899985738099
11938,OK,66.800,0.44,15888.799971435219
11939,OK,71.100,0.44,15845.399990212172
11940,OK,68.500,0.44,15888.799971435219
11941,OK,63.100,0.44,15874.799981247634
11942,OK,69.000,0.44,16024.500015191734
11943,OK,100.300,0.44,15738.799993414432
11944,OK,59.900,0.44,15930.399997159839
11945,OK,87.000,0.44,15864.300017710775
11946,OK,70.000,0.44,15830.699994694442
11947,OK,96.900,0.44,15902.400016784668
11948,OK,75.400,0.44,15831.600001547486
11949,OK,104.900,0.44,15840.900014154613
11950,OK,69.800,0.44,15802.000008989125
11951,OK,65.300,0.44,15987.599967047572
11952,OK,64.400,0.44,15850.899973884225
11953,OK,81.100,0.44,15936.10004056245
11954,OK,66.200,0.44,15824.900008738041
11955,OK,71.400,0.44,15944.599988870323
11956,OK,118.000,0.44,15826.300019398332
11957,OK,97.900,0.44,15819.500025827438
11958,OK,84.300,0.44,15828.200033865869
11959,OK,62.700,0.44,15932.600013911724
11960,OK,87.000,0.44,15866.400033701211
11961,OK,64.400,0.44,15889.299975242466
11962,OK,67.900,0.44,15889.600035734475
11963,OK,59.900,0.44,15890.699985902756
11964,OK,51.900,0.44,15893.900010269135
11965,OK,58.900,0.44,15903.5999677144
11966,OK,53.300,0.44,15898.600046057254
11967,OK,54.500,0.44,15933.800023049116
11968,OK,63.100,0.44,15874.700038693845
11969,OK,58.300,0.44,15994.899964425713
11970,OK,80.700,0.44,15833.199955523014
11971,OK,60.000,0.44,15882.100036833435
11972,OK,61.100,0.44,15871.800016611814
11973,OK,56.200,0.44,15875.999990385026
11974,OK,102.300,0.44,15891.5999927558
11975,OK,110.500,0.44,15896.699973382056
11976,OK,163.900,0.44,15734.300017356873
11977,OK,101.100,0.44,15856.10001347959
11978,OK,80.400,0.44,15875.300043262541
11979,OK,79.700,0.44,15837.599989026785
11980,OK,58.900,0.44,15857.60002490133
11981,OK,50.900,0.44,15965.69997491315
11982,OK,57.400,0.44,15862.10000095889
11983,OK,56.100,0.44,16013.399988878518
11984,OK,183.800,0.44,15600.999991875142
11985,OK,84.100,0.44,15906.999993603677
11986,OK,68.800,0.44,15855.900011956692
11987,OK,66.100,0.44,15846.299997065216
11988,OK,57.400,0.44,15904.89997761324
11989,OK,44.500,0.44,15887.40001898259
11990,OK,47.900,0.44,15932.500013150275
11991,OK,52.200,0.44,15957.100025843829
11992,OK,192.100,0.44,15668.400039430708
11993,OK,61.000,0.44,15870.700008235872
11994,OK,69.700,0.44,15937.59999377653
11995,OK,70.600,0.44,15893.700008746237
11996,OK,73.800,0.44,15906.699991319329
11997,OK,78.100,0.44,15868.299989961088
11998,OK,112.300,0.44,15776.399988681078
11999,OK,94.200,0.44,15887.399960774928
12000,OK,97.300,0.44,15794.199949596077
12001,OK,113.500,0.44,15665.300015825778
12002,OK,115.900,0.44,15882.599982433021
12003,OK,149.400,0.44,15746.39999307692
12004,OK,98.100,0.44,15828.699979465455
12005,OK,106.200,0.44,15856.399957556278
12006,OK,98.300,0.44,15898.199984803796
12007,OK,111.100,0.44,15793.80000475794
12008,OK,119.400,0.44,15817.50001059845
12009,OK,116.100,0.44,15828.299976419657
12010,OK,106.600,0.44,15809.600008651614
12011,OK,114.900,0.44,15814.799990039319
12012,OK,111.000,0.44,15842.300024814904
12013,OK,122.400,0.44,15822.499990463257
12014,OK,114.200,0.44,15825.00000949949
12015,OK,119.400,0.44,15851.899981498718
12016,OK,178.400,0.44,15751.700033433735
12017,OK,106.300,0.44,15794.200007803738
12018,OK,105.800,0.44,15847.000002395362
12019,OK,110.000,0.44,15859.999984968454
12020,OK,113.400,0.44,15809.300006367266
12021,OK,94.700,0.44,15835.200028959662
12022,OK,115.800,0.44,15835.29997151345
12023,OK,99.500,0.44,15771.400008816272
12024,OK,100.400,0.44,15877.400001045316
12025,OK,105.400,0.44,15834.100020583719
12026,OK,99.100,0.44,15815.699996892363
12027,OK,86.700,0.44,15883.899992331862
12028,OK,123.700,0.44,15827.99997413531
12029,OK,123.400,0.44,15920.199977699667
12030,OK,165.600,0.44,15802.100009750575
12031,OK,218.600,0.44,15481.600014027208
12032,OK,83.600,0.44,16018.600028473884
12033,OK,67.400,0.44,15735.99997209385
12034,OK,64.400,0.44,15950.499975588173
12035,OK,69.700,0.44,15908.600005786866
12036,OK,97.200,0.44,15883.499989286065
12037,OK,99.900,0.44,15879.599959589541
12038,OK,86.900,0.44,15849.199960939586
12039,OK,82.700,0.44,15891.600050963461
12040,OK,101.900,0.44,15865.300025325269
12041,OK,117.900,0.44,15786.900010425597
12042,OK,96.200,0.44,15867.500042077154
12043,OK,90.400,0.44,15887.30001822114
12044,OK,103.700,0.44,15801.800007466227
12045,OK,88.100,0.44,15881.399973295629
12046,OK,92.100,0.44,15866.199973970652
12047,OK,87.600,0.44,15853.499993681908
12048,OK,94.900,0.44,15836.199978366494
12049,OK,91.500,0.44,15819.299966096878
12050,OK,82.200,0.44,15845.499990973622
12051,OK,55.700,0.44,16047.599958255887
12052,OK,183.000,0.44,15567.700029350817
12053,OK,82.300,0.44,15930.699999444187
12054,OK,91.100,0.44,15837.399987503886
12055,OK,119.600,0.44,15816.300001461059
12056,OK,118.200,0.44,15765.000018291175
12057,OK,113.600,0.44,15905.600041151047
12058,OK,63.300,0.44,15918.999968562275
12059,OK,83.900,0.44,15864.100016187876
12060,OK,76.200,0.44,15876.499994192272
12061,OK,83.100,0.44,15878.000005614012
12062,OK,97.100,0.44,15860.799991060048
12063,OK,91.600,0.44,15829.899988602847
12064,OK,84.900,0.44,15877.500001806766
12065,OK,89.800,0.44,15804.30002650246
12066,OK,87.600,0.44,15922.999999020249
12067,OK,60.800,0.44,16070.500016212463
12068,OK,62.000,0.44,15978.300012648106
12069,OK,87.400,0.44,16032.40001713857
12070,OK,104.500,0.44,15478.599991183728
12071,OK,158.200,0.44,15777.59999781847
12072,OK,125.800,0.44,15769.099991302937
12073,OK,103.600,0.44,15828.999981749803
12074,OK,84.900,0.44,15828.200033865869
12075,OK,62.600,0.44,15837.199985980988
12076,OK,87.900,0.44,15915.39999935776
12077,OK,71.700,0.44,15868.099988438189
12078,OK,336.800,0.44,16055.599960964173
12079,OK,187.100,0.44,15369.300032034516
12080,OK,195.600,0.44,15704.499965067953
12081,OK,166.600,0.44,15804.599970579147
12082,OK,167.200,0.44,15489.000012166798
12083,OK,94.100,0.44,16005.400044377893
12084,OK,212.700,0.44,15702.10000500083
12085,OK,165.200,0.44,15563.299995847046
12086,OK,67.700,0.44,15850.40002828464
12087,OK,74.700,0.44,15846.299997065216
12088,OK,66.800,0.44,15902.400016784668
12089,OK,56.800,0.44,15930.699999444187
12090,OK,49.300,0.44,15884.599997662008
12091,OK,77.000,0.44,15958.39997753501
12092,OK,57.400,0.44,15882.000036071986
12093,OK,84.400,0.44,15831.700002308935
12094,OK,84.100,0.44,15889.699978288263
12095,OK,57.200,0.44,15928.79998497665
12096,OK,50.700,0.44,15906.799992080778
12097,OK,52.200,0.44,15912.50003548339
12098,OK,51.000,0.44,15943.49998049438
12099,OK,60.700,0.44,15931.100002489984
12100,OK,55.100,0.44,15905.499982181937
12101,OK,61.300,0.44,15772.9999627918
12102,OK,36.200,0.44,16029.099992010742
12103,OK,94.900,0.44,15754.099993500859
12104,OK,67.700,0.44,15931.500005535781
12105,OK,51.700,0.44,15886.700013652444
12106,OK,96.600,0.44,15870.100003667176
12107,OK,78.500,0.44,15947.600011713803
12108,OK,86.700,0.44,15810.500015504658
12109,OK,77.700,0.44,15902.00001373887
12110,OK,90.600,0.44,15911.500027868897
12111,OK,69.200,0.44,15875.199984293431
12112,OK,70.100,0.44,15879.200014751405
12113,OK,60.000,0.44,15904.600033536553
12114,OK,58.600,0.44,15908.00000121817
12115,OK,91.000,0.44,15851.799980737269
12116,OK,78.500,0.44,15881.699975579977
12117,OK,65.300,0.44,15853.799995966256
12118,OK,86.900,0.44,15909.40001187846
12119,OK,63.200,0.44,15887.399960774928
12120,OK,62.300,0.44,15891.7999942787
12121,OK,59.500,0.44,15934.4999701716
12122,OK,66.500,0.44,15924.500010441989
12123,OK,83.000,0.44,15855.299949180335
12124,OK,104.900,0.44,15863.200009334832
12125,OK,65.600,0.44,15873.90003260225
12126,OK,63.600,0.44,15847.100003156811
12127,OK,60.500,0.44,15918.499964755028
12128,OK,46.600,0.44,15810.700017027557
12129,OK,86.000,0.44,16038.000001572073
12130,OK,56.100,0.44,15865.799970924854
12131,OK,62.500,0.44,15885.8000067994
12132,OK,64.800,0.44,15883.599990047514
12133,OK,58.500,0.44,16024.200012907386
12134,OK,137.100,0.44,15698.800038080662
12135,OK,65.900,0.44,15916.999953333288
12136,OK,89.100,0.44,15873.199969064444
12137,OK,82.500,0.44,15872.699965257198
12138,OK,76.500,0.44,15858.699975069612
12139,OK,60.600,0.44,15874.399978201836
12140,OK,48.800,0.44,15889.399976003915
12141,OK,79.600,0.44,15807.599993422627
12142,OK,68.500,0.44,15926.999971270561
12143,OK,54.300,0.44,15926.000021863729
12144,OK,64.700,0.44,15881.399973295629
12145,OK,71.700,0.44,15925.300016533583
12146,OK,101.600,0.44,15890.900045633316
12147,OK,62.900,0.44,15867.199981585145
12148,OK,72.600,0.44,15929.199988022447
12149,OK,84.400,0.44,15869.700000621378
12150,OK,85.600,0.44,15884.39999613911
12151,OK,98.000,0.44,15838.799998164177
12152,OK,102.900,0.44,15722.79998799786
12153,OK,127.500,0.44,15887.900022789836
12154,OK,107.100,0.44,15828.300034627318
12155,OK,96.000,0.44,15867.000038269907
12156,OK,71.000,0.44,15850.299969315529
12157,OK,62.200,0.44,15895.100019406527
12158,OK,77.400,0.44,15867.399983108044
12159,OK,96.400,0.44,15875.40004402399
12160,OK,65.000,0.44,15879.200014751405
12161,OK,82.600,0.44,15866.50003446266
12162,OK,63.300,0.44,15915.39999935776
12163,OK,98.000,0.44,15836.999984458089
12164,OK,57.900,0.44,15915.50000011921
12165,OK,103.300,0.44,15890.599985141307
12166,OK,72.200,0.44,15855.000005103648
12167,OK,79.400,0.44,15894.200012553483
12168,OK,86.000,0.44,15858.400030992925
12169,OK,58.800,0.44,15895.000018645078
12170,OK,65.300,0.44,15927.500033285469
12171,OK,54.500,0.44,15871.599956881255
12172,OK,79.300,0.44,15860.199986491352
12173,OK,60.300,0.44,15863.60001238063
12174,OK,64.000,0.44,15995.200024917722
12175,OK,72.200,0.44,15901.000006124377
12176,OK,80.900,0.44,15813.299978617579
12177,OK,76.700,0.44,16030.500002671033
12178,OK,92.000,0.44,15727.899968624115
12179,OK,102.100,0.44,15971.500019077212
12180,OK,103.400,0.44,15845.599991735071
12181,OK,93.600,0.44,15810.600016266108
12182,OK,69.900,0.44,15891.70005172491
12183,OK,70.900,0.44,15889.099973719567
12184,OK,79.700,0.44,15897.100034635514
12185,OK,77.100,0.44,15829.60004452616
12186,OK,77.900,0.44,15829.599986318499
12187,OK,82.600,0.44,15827.700030058622
12188,OK,51.700,0.44,15983.799996320158
12189,OK,63.400,0.44,15905.399981420487
12190,OK,76.300,0.44,15887.600020505488
12191,OK,97.800,0.44,15850.699972361326
12192,OK,93.100,0.44,15863.300010096282
12193,OK,79.200,0.44,15887.500019744039
12194,OK,71.500,0.44,15901.199949439615
12195,OK,67.500,0.44,15880.499966442585
12196,OK,69.400,0.44,15894.900017883629
12197,OK,63.600,0.44,15908.400004263967
12198,OK,66.200,0.44,15859.20003708452
12199,OK,59.500,0.44,15901.600010693073
12200,OK,59.600,0.44,15904.700034298003
12201,OK,85.800,0.44,15785.20005568862
12202,OK,58.900,0.44,15947.800013236701
12203,OK,93.700,0.44,16118.19997197017
12204,OK,126.400,0.44,15399.90003220737
12205,OK,93.100,0.44,15842.499968130141
12206,OK,105.200,0.44,15856.20001424104
12207,OK,93.700,0.44,15941.500023473054
12208,OK,85.200,0.44,15877.800004091114
12209,OK,85.300,0.44,15903.099963907152
12210,OK,73.100,0.44,15808.900003321469
12211,OK,71.000,0.44,15935.100032947958
12212,OK,75.800,0.44,15869.299997575581
12213,OK,62.500,0.44,15911.899972707033
12214,OK,65.900,0.44,15872.099960688502
12215,OK,61.200,0.44,15919.599973130971
12216,OK,61.300,0.44,15890.500042587519
12217,OK,62.000,0.44,15919.399971608073
12218,OK,52.400,0.44,15948.400017805398
12219,OK,82.600,0.44,15852.599986828864
12220,OK,73.200,0.44,15895.199961960316
12221,OK,79.500,0.44,15886.800014413893
12222,OK,61.800,0.44,15940.199955366552
12223,OK,67.600,0.44,15880.700026173145
12224,OK,64.700,0.44,15891.000046394765
12225,OK,64.200,0.44,15820.200031157583
12226,OK,79.400,0.44,15921.999991405755
12227,OK,64.400,0.44,15868.499991483986
12228,OK,135.700,0.44,15846.199996303767
12229,OK,87.900,0.44,15794.200007803738
12230,OK,62.100,0.44,15892.399998847395
12231,OK,63.400,0.44,15949.999971780926
12232,OK,79.600,0.44,15904.099971521646
12233,OK,84.200,0.44,15874.900040216744
12234,OK,120.400,0.44,15747.90000449866
12235,OK,63.500,0.44,15940.50001585856
12236,OK,66.000,0.44,15925.099956803024
12237,OK,163.300,0.44,15718.40001270175
12238,OK,67.300,0.44,15883.300045970827
12239,OK,70.000,0.44,15877.600002568215
12240,OK,95.600,0.44,15864.800021518022
12241,OK,68.600,0.44,15916.500007733703
12242,OK,64.300,0.44,15884.39999613911
12243,OK,72.600,0.44,15912.100032437593
12244,OK,65.500,0.44,15869.39999833703
12245,OK,68.900,0.44,15905.899985227734
12246,OK,86.700,0.44,15795.700019225478
12247,OK,130.400,0.44,15887.800022028387
12248,OK,68.600,0.44,15777.49999705702
12249,OK,79.200,0.44,15875.199984293431
12250,OK,71.800,0.44,15942.399972118437
12251,OK,61.200,0.44,15949.699969496578
12252,OK,82.000,0.44,15817.200008314103
12253,OK,98.000,0.44,15868.999995291233
12254,OK,96.900,0.44,15890.599985141307
12255,OK,109.000,0.44,15762.399998493493
12256,OK,100.200,0.44,15896.600030828267
12257,OK,96.200,0.44,15790.300036314875
12258,OK,81.200,0.44,15872.50002194196
12259,OK,89.700,0.44,15890.000038780272
12260,OK,119.400,0.44,15939.600009005517
12261,OK,77.300,0.44,15744.900039862841
12262,OK,114.200,0.44,15892.700001131743
12263,OK,102.700,0.44,15796.000021509826
12264,OK,103.400,0.44,15908.00000121817
12265,OK,94.300,0.44,15814.69998927787
12266,OK,105.700,0.44,15864.599961787462
12267,OK,94.000,0.44,15849.299961701035
12268,OK,99.100,0.44,15915.29999859631
12269,OK,80.600,0.44,15800.299996044487
12270,OK,104.800,0.44,15937.999996822327
12271,OK,89.200,0.44,15763.600007630885
12272,OK,100.800,0.44,15841.100015677512
12273,OK,77.400,0.44,15883.200045209378
12274,OK,121.500,0.44,15769.999998155981
12275,OK,107.000,0.44,15865.700028371066
12276,OK,95.600,0.44,15728.999977000058
12277,OK,107.200,0.44,15807.200048584491
12278,OK,106.000,0.44,15890.499984379858
12279,OK,101.300,0.44,15832.900011446327
12280,OK,139.200,0.44,15751.10002886504
12281,OK,103.000,0.44,15845.899994019419
12282,OK,115.100,0.44,15882.499981671572
12283,OK,169.400,0.44,15793.300000950694
12284,OK,101.100,0.44,15780.900022946298
12285,OK,120.100,0.44,15909.60001340136
12286,OK,85.900,0.44,15769.399993587285
12287,OK,109.800,0.44,15935.300034470856
12288,OK,215.200,0.44,15454.200038220733
12289,OK,128.400,0.44,15728.69997471571
12290,OK,56.500,0.44,15926.999971270561
12291,OK,77.400,0.44,15859.10003632307
12292,OK,87.700,0.44,15919.099969323725
12293,OK,86.100,0.44,15853.699995204806
12294,OK,77.500,0.44,15867.699985392392
12295,OK,71.000,0.44,15963.699959684163
12296,OK,86.700,0.44,15842.80002862215
12297,OK,72.400,0.44,15913.199982605875
12298,OK,91.600,0.44,15867.599984630942
12299,OK,79.100,0.44,15880.699967965484
12300,OK,85.200,0.44,15915.50000011921
12301,OK,187.900,0.44,15465.500007849187
12302,OK,70.100,0.44,15844.599984120578
12303,OK,91.300,0.44,15904.399973805994
12304,OK,53.400,0.44,15741.400013212115
12305,OK,77.900,0.44,15873.79997363314
12306,OK,88.200,0.44,15837.599989026785
12307,OK,97.200,0.44,15815.299993846565
12308,OK,70.400,0.44,15960.400050971657
12309,OK,83.400,0.44,15796.299965586513
12310,OK,52.000,0.44,15962.500008754432
12311,OK,67.700,0.44,15868.999995291233
12312,OK,56.200,0.44,15998.099988792092
12313,OK,77.900,0.44,15799.79999223724
12314,OK,59.100,0.44,15911.299968138337
12315,OK,64.200,0.44,16144.699999131262
12316,OK,57.400,0.44,15687.599952798337
12317,OK,93.000,0.44,15863.400010857731
12318,OK,70.000,0.44,16160.800005309284
12319,OK,77.000,0.44,16077.00000749901
12320,OK,110.400,0.44,15558.700019028038
12321,OK,240.300,0.44,15604.30001700297
12322,OK,161.600,0.44,15670.699998736382
12323,OK,141.800,0.44,15783.799986820668
12324,OK,70.000,0.44,15828.200033865869
12325,OK,57.600,0.44,16141.800035256892
12326,OK,59.100,0.44,15759.100031573325
12327,OK,101.100,0.44,16116.199956741184
12328,OK,90.300,0.44,15699.10004036501
12329,OK,106.100,0.44,16127.000038977712
12330,OK,132.600,0.44,15684.399986639619
12331,OK,191.400,0.44,15607.100038323551
12332,OK,275.600,0.44,15597.399964462966
12333,OK,158.600,0.44,15698.9999813959
12334,OK,108.500,0.44,15830.599993932992
12335,OK,136.100,0.44,15638.19998409599
12336,OK,107.100,0.44,15933.899965602905
12337,OK,130.000,0.44,15861.399995628744
12338,OK,186.300,0.44,15604.09995727241
12339,OK,79.400,0.44,15841.999964322895
12340,OK,83.300,0.44,15856.20001424104
12341,OK,67.500,0.44,15917.00001154095
12342,OK,78.800,0.44,15940.400015097111
12343,OK,72.500,0.44,15854.800003580749
12344,OK,85.600,0.44,15883.799991570413
12345,OK,56.700,0.44,15934.399969410151
12346,OK,64.500,0.44,15888.80002964288
12347,OK,87.900,0.44,15836.499980650842
12348,OK,67.800,0.44,15933.800023049116
12349,OK,85.300,0.44,15858.900034800172
12350,OK,59.600,0.44,15903.50002516061
12351,OK,66.800,0.44,15901.000006124377
12352,OK,96.600,0.44,15830.900054425001
12353,OK,63.700,0.44,15816.700004506856
12354,OK,85.000,0.44,15906.49998979643
12355,OK,100.400,0.44,15885.8000067994
12356,OK,139.300,0.44,15800.099994521588
12357,OK,88.300,0.44,15864.299959503114
12358,OK,93.100,0.44,15836.79998293519
12359,OK,89.500,0.44,15879.500017035753
12360,OK,87.300,0.44,15886.000008322299
12361,OK,70.700,0.44,15928.600041661412
12362,OK,75.300,0.44,15854.500001296401
12363,OK,72.600,0.44,15900.099999271333
12364,OK,71.000,0.44,15857.500024139881
12365,OK,69.500,0.44,15911.299968138337
12366,OK,76.500,0.44,15911.800030153245
12367,OK,86.100,0.44,15719.90002412349
12368,OK,92.000,0.44,15913.599985651672
12369,OK,65.500,0.44,15894.900017883629
12370,OK,89.200,0.44,15862.300002481788
12371,OK,74.300,0.44,15894.000011030585
12372,OK,80.200,0.44,15948.10001552105
12373,OK,70.500,0.44,15891.099988948554
12374,OK,66.200,0.44,15884.39999613911
12375,OK,68.100,0.44,15917.200013063848
12376,OK,74.700,0.44,15891.500050202012
12377,OK,65.400,0.44,15879.90002008155
12378,OK,73.000,0.44,15874.600037932396
12379,OK,71.700,0.44,15890.499984379858
12380,OK,67.000,0.44,15876.399993430823
12381,OK,98.000,0.44,15893.400006461889
12382,OK,94.900,0.44,15782.199974637479
12383,OK,87.000,0.44,15945.999999530613
12384,OK,110.400,0.44,15743.49997099489
12385,OK,69.200,0.44,15819.700027350336
12386,OK,65.800,0.44,15894.300013314933
12387,OK,93.900,0.44,16158.000042196363
12388,OK,100.100,0.44,15609.499998390675
12389,OK,49.400,0.44,15901.500009931624
12390,OK,46.600,0.44,16014.900000300258
12391,OK,67.200,0.44,15811.49996491149
12392,OK,61.700,0.44,15874.0000333637
12393,OK,71.700,0.44,15962.000004947186
12394,OK,71.200,0.44,15847.600006964058
12395,OK,75.500,0.44,15860.4999887757
12396,OK,91.400,0.44,15926.100022625178
12397,OK,82.800,0.44,15799.199987668544
12398,OK,98.300,0.44,15937.49999301508
12399,OK,63.400,0.44,15818.100015167147
12400,OK,97.300,0.44,15814.69998927787
12401,OK,81.900,0.44,15754.399995785207
12402,OK,79.000,0.44,16013.299988117069
12403,OK,64.800,0.44,15865.10002380237
12404,OK,68.900,0.44,15878.800011705607
12405,OK,76.800,0.44,15841.40001796186
12406,OK,80.700,0.44,15919.599973130971
12407,OK,109.000,0.44,15827.300027012825
12408,OK,101.500,0.44,15866.999980062246
12409,OK,84.300,0.44,15760.299982503057
12410,OK,76.900,0.44,15951.200039125979
12411,OK,87.400,0.44,15869.599999859929
12412,OK,85.700,0.44,15878.699952736497
12413,OK,67.100,0.44,15896.499971859157
12414,OK,75.000,0.44,15847.100003156811
12415,OK,61.600,0.44,15899.999998509884
12416,OK,66.000,0.44,15937.500051222742
12417,OK,64.700,0.44,15855.300007387996
12418,OK,62.000,0.44,15872.60002270341
12419,OK,79.900,0.44,15852.999989874661
12420,OK,55.100,0.44,15920.999983791262
12421,OK,57.400,0.44,15875.799988862127
12422,OK,66.700,0.44,15908.900008071214
12423,OK,84.000,0.44,15965.200029313564
12424,OK,86.400,0.44,15778.500004671514
12425,OK,58.700,0.44,15910.200017970055
12426,OK,63.900,0.44,15950.099972542375
12427,OK,62.600,0.44,15900.60000307858
12428,OK,73.500,0.44,15910.600021015853
12429,OK,67.900,0.44,15859.700040891767
12430,OK,67.700,0.44,15889.999980572611
12431,OK,59.300,0.44,15930.399997159839
12432,OK,82.800,0.44,15895.99996805191
12433,OK,81.600,0.44,15845.200046896935
12434,OK,157.600,0.44,15877.800004091114
12435,OK,365.400,0.44,15296.600002329797
12436,OK,80.900,0.44,15855.500008910894
12437,OK,55.100,0.44,15914.999996311963
12438,OK,70.700,0.44,15935.099974740297
12439,OK,72.800,0.44,15885.999950114638
12440,OK,69.900,0.44,15896.500030066818
12441,OK,86.600,0.44,15873.099968302995
12442,OK,69.400,0.44,15836.800041142851
12443,OK,73.100,0.44,15900.50000231713
12444,OK,89.800,0.44,15831.199998501688
12445,OK,75.000,0.44,15865.500026848167
12446,OK,75.800,0.44,15841.40001796186
12447,OK,71.000,0.44,15880.100021604449
12448,OK,60.700,0.44,15855.699952226132
12449,OK,70.100,0.44,15906.699991319329
12450,OK,56.600,0.44,15909.40001187846
12451,OK,51.300,0.44,15953.699999954551
12452,OK,69.900,0.44,15878.200007136911
12453,OK,90.000,0.44,15875.999990385026
12454,OK,65.600,0.44,15932.99995874986
12455,OK,66.300,0.44,15894.799958914518
12456,OK,60.400,0.44,15889.100031927228
12457,OK,153.200,0.44,15784.399991389364
12458,OK,70.100,0.44,15937.299991492182
12459,OK,115.500,0.44,15714.600041974336
12460,OK,77.100,0.44,15874.599979724735
12461,OK,82.000,0.44,15888.400026597083
12462,OK,58.200,0.44,15906.999993603677
12463,OK,59.700,0.44,15986.100013833493
12464,OK,86.600,0.44,15823.900001123548
12465,OK,69.100,0.44,15908.00000121817
12466,OK,82.100,0.44,15923.900005873293
12467,OK,82.200,0.44,15816.900006029755
12468,OK,79.400,0.44,15926.900028716773
12469,OK,75.400,0.44,15877.600002568215
12470,OK,67.500,0.44,15852.100041229278
12471,OK,70.000,0.44,15884.29999537766
12472,OK,68.600,0.44,15886.200009845197
12473,OK,73.100,0.44,15922.79999749735
12474,OK,73.900,0.44,15868.599992245436
12475,OK,67.100,0.44,15826.900023967028
12476,OK,96.700,0.44,15866.899979300797
12477,OK,70.700,0.44,15803.599962964654
12478,OK,81.000,0.44,15850.799973122776
12479,OK,71.200,0.44,15873.90003260225
12480,OK,72.500,0.44,15995.599969755858
12481,OK,238.000,0.44,15699.999989010394
12482,OK,125.500,0.44,15671.400004066527
12483,OK,77.600,0.44,15825.300011783838
12484,OK,116.800,0.44,16191.10000319779
12485,OK,256.000,0.44,15309.100039303303
12486,OK,81.900,0.44,15807.29999113828
12487,OK,89.300,0.44,15895.700023975223
12488,OK,71.000,0.44,15853.299992159009
12489,OK,60.700,0.44,15909.200010355562
12490,OK,66.100,0.44,15917.500015348196
12491,OK,178.300,0.44,15681.700024288148
12492,OK,79.400,0.44,15866.100031416863
12493,OK,51.700,0.44,15896.399971097708
12494,OK,49.100,0.44,15940.70001738146
12495,OK,69.600,0.44,15889.599977526814
12496,OK,61.100,0.44,15922.8999982588
12497,OK,56.400,0.44,16052.199993282557
12498,OK,164.100,0.44,15668.299980461597
12499,OK,106.000,0.44,15868.699993006885
12500,OK,66.900,0.44,15902.500017546117
12501,OK,92.900,0.44,15735.799970570952
12502,OK,97.200,0.44,15883.400046732277
12503,OK,89.000,0.44,15821.699984371662
12504,OK,78.400,0.44,15834.600024390966
12505,OK,112.300,0.44,15797.00002912432
12506,OK,98.400,0.44,15888.100024312735
12507,OK,149.500,0.44,15793.90000551939
12508,OK,127.600,0.44,15822.599991224706
12509,OK,124.300,0.44,15810.899960342795
12510,OK,109.600,0.44,15810.400014743209
12511,OK,126.100,0.44,15791.00004164502
12512,OK,102.100,0.44,15861.699997913092
12513,OK,137.900,0.44,15822.10004562512
12514,OK,105.800,0.44,15825.700014829636
12515,OK,117.600,0.44,15833.500016015023
12516,OK,112.900,0.44,15816.900006029755
12517,OK,171.500,0.44,15731.499996036291
12518,OK,104.400,0.44,15860.099985729903
12519,OK,103.300,0.44,15846.299997065216
12520,OK,130.000,0.44,15800.799999851733
12521,OK,119.100,0.44,15847.000002395362
12522,OK,126.700,0.44,15803.500020410866
12523,OK,114.900,0.44,15791.500045452267
12524,OK,115.400,0.44,15817.800012882799
12525,OK,99.800,0.44,15870.600007474422
12526,OK,102.800,0.44,15847.900009248406
12527,OK,96.300,0.44,15829.599986318499
12528,OK,109.800,0.44,15839.200001209974
12529,OK,91.600,0.44,15854.099998250604
12530,OK,92.200,0.44,15853.600052651018
12531,OK,74.900,0.44,15886.999957729131
12532,OK,54.400,0.44,15934.099967125803
12533,OK,113.500,0.44,15826.599963475019
12534,OK,116.900,0.44,16219.19998433441
12535,OK,173.300,0.44,15888.799971435219
12536,OK,462.700,0.44,14885.899960063398
12537,OK,100.800,0.44,15680.800017435104
12538,OK,66.300,0.44,15905.599982943386
12539,OK,90.200,0.44,15836.9000419043
12540,OK,74.800,0.44,15914.199990220368
12541,OK,77.600,0.44,15871.10001128167
12542,OK,71.600,0.44,15885.000000707805
12543,OK,64.500,0.44,15904.100029729307
12544,OK,75.700,0.44,15911.1000248231
12545,OK,80.700,0.44,15900.300000794232
12546,OK,117.600,0.44,15797.600033693016
12547,OK,88.400,0.44,15862.800006289035
12548,OK,107.000,0.44,15834.299963898957
12549,OK,94.300,0.44,15884.799999184906
12550,OK,89.200,0.44,15798.499982338399
12551,OK,89.900,0.44,15888.000023551285
12552,OK,98.800,0.44,15838.999999687076
12553,OK,112.400,0.44,15794.00000628084
12554,OK,95.400,0.44,15889.799979049712
12555,OK,81.600,0.44,15845.69999249652
12556,OK,84.500,0.44,15913.99998869747
12557,OK,73.400,0.44,15790.199977345765
12558,OK,71.800,0.44,15871.500014327466
12559,OK,69.200,0.44,15897.70003920421
12560,OK,98.100,0.44,15820.299973711371
12561,OK,99.900,0.44,15892.199997324497
12562,OK,76.700,0.44,15899.19999241829
12563,OK,101.900,0.44,15854.799945373088
12564,OK,85.600,0.44,15841.30001720041
12565,OK,86.300,0.44,15865.500026848167
12566,OK,88.800,0.44,15896.699973382056
12567,OK,91.900,0.44,15748.300007544458
12568,OK,84.200,0.44,15928.500040899962
12569,OK,108.600,0.44,15812.300029210746
12570,OK,98.600,0.44,15885.000000707805
12571,OK,103.300,0.44,16018.200025428087
12572,OK,69.700,0.44,15660.000033676624
12573,OK,58.200,0.44,16109.700023662299
12574,OK,75.100,0.44,15804.800030309707
12575,OK,102.300,0.44,15903.699968475848
12576,OK,126.500,0.44,15906.49998979643
12577,OK,136.200,0.44,15993.000008165836
12578,OK,145.200,0.44,15537.299972493201
12579,OK,201.000,0.44,15545.799979008734
12580,OK,83.200,0.44,15789.799974299967
12581,OK,87.100,0.44,15856.999962124974
12582,OK,80.200,0.44,16103.799978736788
12583,OK,52.100,0.44,15837.800048757344
12584,OK,67.100,0.44,15764.000010676682
12585,OK,89.500,0.44,16257.299983408302
12586,OK,81.700,0.44,15429.700026288629
12587,OK,65.700,0.44,15934.000024572015
12588,OK,73.400,0.44,15828.599978704005
12589,OK,88.700,0.44,15811.100020073354
12590,OK,115.900,0.44,16027.799982111901
12591,OK,156.200,0.44,15614.299976732582
12592,OK,104.500,0.44,15782.800037413836
12593,OK,72.700,0.44,15908.700006548315
12594,OK,71.400,0.44,15871.699957642704
12595,OK,48.400,0.44,15941.000019665807
12596,OK,54.000,0.44,15887.000015936792
12597,OK,57.300,0.44,15931.60000629723
12598,OK,75.200,0.44,15812.500030733645
12599,OK,69.700,0.44,16200.200014282018
12600,OK,56.700,0.44,15706.5000385046
12601,OK,58.900,0.44,15764.100011438131
12602,OK,95.200,0.44,16411.099990364164
12603,OK,84.100,0.44,15354.399976786226
12604,OK,76.700,0.44,15924.500010441989
12605,OK,69.500,0.44,15913.699986413121
12606,OK,76.000,0.44,15876.699995715171
12607,OK,95.400,0.44,15830.99999697879
12608,OK,71.800,0.44,15887.19995925203
12609,OK,91.900,0.44,15859.899984207004
12610,OK,74.200,0.44,15898.200043011457
12611,OK,70.400,0.44,15838.29999435693
12612,OK,63.200,0.44,15888.499969150871
12613,OK,58.200,0.44,15912.199974991381
12614,OK,51.600,0.44,15945.999999530613
12615,OK,91.200,0.44,15863.39995265007
12616,OK,68.900,0.44,15914.999996311963
12617,OK,82.400,0.44,15891.099988948554
12618,OK,69.100,0.44,15886.300010606647
12619,OK,65.900,0.44,15867.399983108044
12620,OK,58.100,0.44,15923.700004350394
12621,OK,59.700,0.44,15859.000035561621
12622,OK,59.700,0.44,15893.299947492778
12623,OK,52.400,0.44,15911.00002406165
12624,OK,47.800,0.44,15898.899990133941
12625,OK,51.700,0.44,15980.899974238127
12626,OK,41.900,0.44,15916.500007733703
12627,OK,53.300,0.44,15939.300006721169
12628,OK,56.000,0.44,15889.499976765364
12629,OK,93.700,0.44,15831.299999263138
12630,OK,55.400,0.44,15930.09999487549
12631,OK,59.600,0.44,15945.999999530613
12632,OK,60.700,0.44,15843.399974983186
12633,OK,73.200,0.44,15886.900015175343
12634,OK,96.000,0.44,15853.799995966256
12635,OK,62.100,0.44,15869.199996814132
12636,OK,63.500,0.44,15895.600023213774
12637,OK,52.800,0.44,15853.20004960522
12638,OK,47.700,0.44,16068.09999793768
12639,OK,75.500,0.44,15797.999978531152
12640,OK,69.000,0.44,15920.300036668777
12641,OK,60.500,0.44,15940.60001662001
12642,OK,79.900,0.44,15865.600027609617
12643,OK,83.800,0.44,15906.299988273531
12644,OK,68.400,0.44,15848.899958655238
12645,OK,72.000,0.44,15840.100008063018
12646,OK,103.700,0.44,15808.80000256002
12647,OK,77.800,0.44,15857.400023378432
12648,OK,105.700,0.44,15879.899961873889
12649,OK,124.700,0.44,15725.70001007989
12650,OK,70.800,0.44,15931.300004012883
12651,OK,104.000,0.44,15822.10004562512
12652,OK,66.300,0.44,15923.799946904182
12653,OK,64.700,0.44,15942.599973641336
12654,OK,78.200,0.44,15901.800012215972
12655,OK,68.900,0.44,15895.99996805191
12656,OK,89.100,0.44,15865.800029132515
12657,OK,85.900,0.44,15874.900040216744
12658,OK,72.500,0.44,15746.199991554022
12659,OK,91.000,0.44,15890.699985902756
12660,OK,66.400,0.44,15908.800007309765
12661,OK,45.600,0.44,15978.100011125207
12662,OK,151.300,0.44,15701.199998147786
12663,OK,54.100,0.44,15925.69996137172
12664,OK,101.100,0.44,15885.500004515052
12665,OK,93.400,0.44,15828.799980226904
12666,OK,99.600,0.44,15846.800000872463
12667,OK,58.700,0.44,15873.099968302995
12668,OK,86.400,0.44,15944.399987347424
12669,OK,59.500,0.44,15855.800011195242
12670,OK,58.000,0.44,15860.399988014251
12671,OK,77.200,0.44,15924.30000891909
12672,OK,77.300,0.44,15956.80002355948
12673,OK,68.400,0.44,15840.600011870265
12674,OK,65.800,0.44,15882.999985478818
12675,OK,80.900,0.44,15912.099974229932
12676,OK,60.600,0.44,15837.199985980988
12677,OK,64.300,0.44,15854.799945373088
12678,OK,58.100,0.44,15974.399982951581
12679,OK,104.100,0.44,16061.300004366785
12680,OK,76.300,0.44,15554.500045254827
12681,OK,66.200,0.44,15952.999994624406
12682,OK,61.800,0.44,15866.999980062246
12683,OK,64.600,0.44,15940.400015097111
12684,OK,54.100,0.44,15903.199964668602
12685,OK,89.900,0.44,15870.400005951524
12686,OK,62.300,0.44,15979.800024069846
12687,OK,73.500,0.44,15931.60000629723
12688,OK,190.300,0.44,15652.299975045025
12689,OK,71.000,0.44,15812.000026926398
12690,OK,69.100,0.44,15925.500018056482
12691,OK,70.400,0.44,15951.699984725565
12692,OK,76.400,0.44,15854.099998250604
12693,OK,107.000,0.44,15849.099960178137
12694,OK,178.200,0.44,15657.49995643273
12695,OK,166.300,0.44,15784.99999595806
12696,OK,61.500,0.44,15914.800052996725
12697,OK,89.200,0.44,15890.799986664206
12698,OK,94.900,0.44,15846.399997826666
12699,OK,94.700,0.44,15873.199969064444
12700,OK,71.500,0.44,15894.80001712218
12701,OK,65.600,0.44,15859.599981922656
12702,OK,82.900,0.44,15883.099986240268
12703,OK,61.600,0.44,15927.700034808367
12704,OK,139.700,0.44,15792.999998666346
12705,OK,68.000,0.44,15897.899982519448
12706,OK,63.100,0.44,15872.300020419061
12707,OK,64.400,0.44,15870.600007474422
12708,OK,57.000,0.44,15962.400007992983
12709,OK,65.800,0.44,15858.500031754375
12710,OK,69.600,0.44,15895.500022452325
12711,OK,74.700,0.44,15872.50002194196
12712,OK,81.600,0.44,15886.300010606647
12713,OK,74.900,0.44,15902.00001373887
12714,OK,56.900,0.44,15869.900002144277
12715,OK,73.500,0.44,15866.899979300797
12716,OK,61.300,0.44,15951.899986248463
12717,OK,57.900,0.44,15868.699993006885
12718,OK,63.100,0.44,15960.299992002547
12719,OK,63.500,0.44,15899.799996986985
12720,OK,57.700,0.44,15937.199990730733
12721,OK,71.000,0.44,15838.000050280243
12722,OK,62.700,0.44,15931.80000782013
12723,OK,58.100,0.44,15932.599955704063
12724,OK,94.600,0.44,15891.600050963461
12725,OK,73.600,0.44,15787.000011187047
12726,OK,93.400,0.44,15899.499994702637
12727,OK,59.400,0.44,15951.499983202666
12728,OK,184.500,0.44,15683.799982070923
12729,OK,61.300,0.44,15868.299989961088
12730,OK,52.500,0.44,15929.399989545345
12731,OK,56.100,0.44,15902.499959338456
12732,OK,52.800,0.44,15947.000007145107
12733,OK,61.400,0.44,15854.7000028193
12734,OK,49.000,0.44,16424.399975221604
12735,OK,415.600,0.44,14881.29998324439
12736,OK,165.700,0.44,15725.200006272644
12737,OK,78.100,0.44,15878.700010944158
12738,OK,85.100,0.44,15852.500044275075
12739,OK,86.600,0.44,15842.899971175939
12740,OK,109.500,0.44,15906.59999055788
12741,OK,106.600,0.44,15777.900000102818
12742,OK,94.100,0.44,15820.39997447282
12743,OK,72.700,0.44,15883.899992331862
12744,OK,57.600,0.44,16004.19997703284
12745,OK,169.300,0.44,15702.400007285178
12746,OK,73.000,0.44,15924.799954518676
12747,OK,81.400,0.44,15882.599982433021
12748,OK,78.000,0.44,15885.500004515052
12749,OK,92.200,0.44,15855.299949180335
12750,OK,89.500,0.44,15889.199974481016
12751,OK,93.900,0.44,15788.799966685474
12752,OK,114.400,0.44,15852.099983021617
12753,OK,116.400,0.44,15693.800000008196
12754,OK,106.900,0.44,15882.399980910122
12755,OK,85.200,0.44,15945.499995723367
12756,OK,72.500,0.44,15778.800006955862
12757,OK,95.600,0.44,15817.70001212135
12758,OK,97.500,0.44,15872.199961449951
12759,OK,97.000,0.44,15819.599968381226
12760,OK,99.000,0.44,15883.099986240268
12761,OK,91.200,0.44,15882.399980910122
12762,OK,120.800,0.44,15769.299992825836
12763,OK,106.600,0.44,15905.499982181937
12764,OK,117.100,0.44,15802.499954588711
12765,OK,94.100,0.44,15826.999966520816
12766,OK,131.400,0.44,15767.09997607395
12767,OK,271.500,0.44,15674.200025387108
12768,OK,130.100,0.44,15827.499970328063
12769,OK,92.600,0.44,15918.30002143979
12770,OK,107.000,0.44,15809.700009413064
12771,OK,114.300,0.44,15816.600003745407
12772,OK,130.900,0.44,15784.399991389364
12773,OK,97.800,0.44,15894.699958153069
12774,OK,75.100,0.44,15844.699984882027
12775,OK,97.900,0.44,15822.09998741746
12776,OK,78.000,0.44,15891.000046394765
12777,OK,103.000,0.44,15845.399990212172
12778,OK,98.600,0.44,15858.599974308163
12779,OK,113.800,0.44,15781.000023707747
12780,OK,74.800,0.44,15940.70001738146
12781,OK,124.000,0.44,15809.100004844368
12782,OK,119.200,0.44,15825.10001026094
12783,OK,111.800,0.44,15835.29997151345
12784,OK,109.900,0.44,15871.200012043118
12785,OK,164.000,0.44,16153.400007169694
12786,OK,167.200,0.44,15256.999991834164
12787,OK,259.100,0.44,15610.10000295937
12788,OK,77.000,0.44,15901.800012215972
12789,OK,97.400,0.44,15890.40004182607
12790,OK,87.100,0.44,15804.40002726391
12791,OK,72.000,0.44,15849.100018385798
12792,OK,64.200,0.44,15950.699977111071
12793,OK,86.200,0.44,15881.30003074184
12794,OK,95.600,0.44,15908.300003502518
12795,OK,81.900,0.44,15868.899994529784
12796,OK,80.800,0.44,15877.700003329664
12797,OK,90.400,0.44,15842.100023292005
12798,OK,76.300,0.44,15959.000040311366
12799,OK,122.300,0.44,15703.699958976358
12800,OK,75.300,0.44,15900.999947916716
12801,OK,77.800,0.44,15669.099986553192
12802,OK,84.400,0.44,15905.399981420487
12803,OK,87.700,0.44,15795.099956449121
12804,OK,86.400,0.44,15917.100012302399
12805,OK,96.700,0.44,15873.399970587343
12806,OK,104.300,0.44,15804.40002726391
12807,OK,89.200,0.44,15878.799953497946
12808,OK,97.100,0.44,15865.699970163405
12809,OK,104.900,0.44,15823.49999807775
12810,OK,76.700,0.44,15859.000035561621
12811,OK,75.300,0.44,15904.89997761324
12812,OK,82.500,0.44,15894.60001559928
12813,OK,83.000,0.44,15830.199990887195
12814,OK,70.600,0.44,15925.69996137172
12815,OK,80.200,0.44,15887.999965343624
12816,OK,66.400,0.44,15841.000014916062
12817,OK,88.900,0.44,16046.500008087605
12818,OK,123.300,0.44,15873.400028795004
12819,OK,106.300,0.44,15952.60004978627
12820,OK,178.600,0.44,15775.400039274246
12821,OK,186.200,0.44,15628.900029696524
12822,OK,230.800,0.44,15571.100055240095
12823,OK,113.800,0.44,15702.400007285178
12824,OK,96.700,0.44,15825.400012545288
12825,OK,60.200,0.44,16099.00000039488
12826,OK,61.300,0.44,15871.400013566017
12827,OK,68.200,0.44,15926.500025670975
12828,OK,90.100,0.44,15872.999967541546
12829,OK,92.800,0.44,16130.20000513643
12830,OK,111.000,0.44,15604.700020048767
12831,OK,166.400,0.44,16074.099985416979
12832,OK,167.000,0.44,15184.100018814206
12833,OK,196.800,0.44,15704.099962022156
12834,OK,92.100,0.44,15848.70001534
12835,OK,81.800,0.44,15871.200012043118
12836,OK,90.000,0.44,15944.300044793636
12837,OK,146.000,0.44,15629.49997605756
12838,OK,69.500,0.44,15881.699975579977
12839,OK,57.600,0.44,15953.199996147305
12840,OK,52.300,0.44,15908.10000197962
12841,OK,65.400,0.44,15856.10001347959
12842,OK,79.600,0.44,15875.599987339228
12843,OK,87.100,0.44,15843.799978028983
12844,OK,70.400,0.44,15866.699977777898
12845,OK,59.500,0.44,15973.499976098537
12846,OK,64.300,0.44,15922.700054943562
12847,OK,72.400,0.44,15898.899990133941
12848,OK,90.300,0.44,15871.199953835458
12849,OK,75.500,0.44,15907.90000045672
12850,OK,91.900,0.44,15884.19999461621
12851,OK,74.300,0.44,15865.999972447753
12852,OK,69.300,0.44,15890.100039541721
12853,OK,96.700,0.44,15794.00000628084
12854,OK,74.700,0.44,15946.300001814961
12855,OK,63.100,0.44,15910.599962808192
12856,OK,62.600,0.44,15917.099954094738
12857,OK,79.900,0.44,15820.799977518618
12858,OK,65.500,0.44,15842.499968130141
12859,OK,46.600,0.44,15931.500005535781
12860,OK,53.600,0.44,15921.699989121407
12861,OK,60.800,0.44,15920.099976938218
12862,OK,52.400,0.44,15925.100015010685
12863,OK,72.400,0.44,15902.299957815558
12864,OK,74.000,0.44,15896.599972620606
12865,OK,56.300,0.44,15919.000026769936
12866,OK,58.500,0.44,15873.700031079352
12867,OK,84.700,0.44,15877.699945122004
12868,OK,103.000,0.44,15917.200013063848
12869,OK,101.900,0.44,15850.800031330436
12870,OK,72.300,0.44,15893.900010269135
12871,OK,68.400,0.44,15888.70002888143
12872,OK,70.100,0.44,15880.900027696043
12873,OK,74.200,0.44,15925.899962894619
12874,OK,94.400,0.44,15769.399993587285
12875,OK,83.300,0.44,15916.9000107795
12876,OK,79.900,0.44,15885.300002992153
12877,OK,71.100,0.44,15785.800002049655
12878,OK,55.600,0.44,15874.299977440387
12879,OK,54.400,0.44,15965.500031597912
12880,OK,87.500,0.44,15728.200029116124
12881,OK,50.900,0.44,15986.100013833493
12882,OK,97.200,0.44,15864.200016949326
12883,OK,73.100,0.44,15901.600010693073
12884,OK,109.400,0.44,15848.100010771304
12885,OK,106.600,0.44,15837.399987503886
12886,OK,67.400,0.44,15859.09997811541
12887,OK,76.900,0.44,15843.899978790432
12888,OK,50.800,0.44,15925.299958325922
12889,OK,48.400,0.44,15959.999989718199
12890,OK,69.600,0.44,15892.399998847395
12891,OK,66.000,0.44,15902.199957054108
12892,OK,67.500,0.44,15855.400008149445
12893,OK,77.000,0.44,15881.399973295629
12894,OK,65.200,0.44,15904.300031252205
12895,OK,77.700,0.44,15907.599998172373
12896,OK,62.400,0.44,15903.199964668602
12897,OK,55.700,0.44,15890.800044871867
12898,OK,69.400,0.44,15921.599988359958
12899,OK,74.900,0.44,15915.39999935776
12900,OK,73.400,0.44,15862.10000095889
12901,OK,76.200,0.44,15780.899964738637
12902,OK,114.300,0.44,15821.99998665601
12903,OK,82.700,0.44,15883.399988524616
12904,OK,79.500,0.44,15897.899982519448
12905,OK,62.900,0.44,15819.10002278164
12906,OK,68.900,0.44,15947.400010190904
12907,OK,65.400,0.44,15907.299995888025
12908,OK,75.900,0.44,15825.10001026094
12909,OK,63.300,0.44,15889.899979811162
12910,OK,51.300,0.44,15922.299993690103
12911,OK,77.900,0.44,15858.599974308163
12912,OK,80.600,0.44,15866.70003598556
12913,OK,92.600,0.44,15943.39997973293
12914,OK,69.500,0.44,15826.200018636882
12915,OK,80.400,0.44,15957.200026605278
12916,OK,84.900,0.44,15806.000039447099
12917,OK,54.600,0.44,15891.500050202012
12918,OK,94.900,0.44,15889.199974481016
12919,OK,67.000,0.44,15847.400005441159
12920,OK,67.700,0.44,15945.299994200468
12921,OK,72.300,0.44,15846.900001633912
12922,OK,82.700,0.44,15925.500018056482
12923,OK,65.300,0.44,15866.299974732101
12924,OK,59.300,0.44,15912.199974991381
12925,OK,55.300,0.44,15961.099998094141
12926,OK,62.700,0.44,15855.100005865097
12927,OK,72.000,0.44,15928.70004242286
12928,OK,64.000,0.44,15884.099993854761
12929,OK,50.700,0.44,15858.99997735396
12930,OK,54.500,0.44,15898.600046057254
12931,OK,49.300,0.44,15960.199991241097
12932,OK,74.900,0.44,15886.400011368096
12933,OK,94.500,0.44,15943.59998125583
12934,OK,71.300,0.44,15918.50002296269
12935,OK,111.000,0.44,15804.800030309707
12936,OK,72.400,0.44,15864.600019995123
12937,OK,60.600,0.44,15925.300016533583
12938,OK,71.100,0.44,15926.700027193874
12939,OK,73.100,0.44,15897.799981757998
12940,OK,71.100,0.44,15783.899987582117
12941,OK,74.700,0.44,15842.69996965304
12942,OK,58.400,0.44,15939.500008244067
12943,OK,81.400,0.44,15879.8000193201
12944,OK,119.300,0.44,15826.000017113984
12945,OK,84.500,0.44,15878.800011705607
12946,OK,108.900,0.44,15837.300044950098
12947,OK,90.900,0.44,15946.800005622208
12948,OK,66.700,0.44,15913.099981844425
12949,OK,70.700,0.44,15903.799969237298
12950,OK,106.000,0.44,15822.899993509054
12951,OK,102.600,0.44,15910.299960523844
12952,OK,155.700,0.44,15712.099964730442
12953,OK,89.700,0.44,15854.099998250604
12954,OK,72.700,0.44,15912.799979560077
12955,OK,74.900,0.44,15927.399974316359
12956,OK,89.600,0.44,15869.800001382828
12957,OK,69.600,0.44,15808.900003321469
12958,OK,74.800,0.44,15796.399966347963
12959,OK,79.500,0.44,15921.899990644306
12960,OK,78.400,0.44,15959.199983626604
12961,OK,63.400,0.44,15850.700030568987
12962,OK,69.300,0.44,15958.300034981221
12963,OK,73.500,0.44,15856.999962124974
12964,OK,113.900,0.44,15866.900037508458
12965,OK,77.600,0.44,15865.899971686304
12966,OK,81.400,0.44,15871.899959165603
12967,OK,78.300,0.44,15873.100026510656
12968,OK,72.700,0.44,15818.199957720935
12969,OK,126.600,0.44,15828.900039196014
12970,OK,84.100,0.44,15829.199983272702
12971,OK,79.500,0.44,15994.500019587576
12972,OK,172.800,0.44,15671.399945858866
12973,OK,78.100,0.44,15882.399980910122
12974,OK,64.200,0.44,15944.499988108873
12975,OK,173.500,0.44,15688.300016336143
12976,OK,77.800,0.44,15878.50000942126
12977,OK,70.200,0.44,15866.70003598556
12978,OK,59.200,0.44,15884.39999613911
12979,OK,59.800,0.44,15923.800005111843
12980,OK,51.600,0.44,15917.200013063848
12981,OK,55.700,0.44,15881.40003150329
12982,OK,56.000,0.44,15991.799999028444
12983,OK,158.400,0.44,15676.599985454232
12984,OK,60.000,0.44,15909.40001187846
12985,OK,72.900,0.44,15844.599984120578
12986,OK,43.600,0.44,15957.200026605278
12987,OK,49.700,0.44,15870.700008235872
12988,OK,62.800,0.44,15939.600009005517
12989,OK,48.900,0.44,15947.100007906556
12990,OK,57.700,0.44,15916.000003926456
12991,OK,112.000,0.44,15778.400003910065
12992,OK,59.600,0.44,15883.200045209378
12993,OK,57.300,0.44,15934.60002914071
12994,OK,63.900,0.44,15891.5999927558
12995,OK,67.300,0.44,15926.200023386627
12996,OK,84.800,0.44,15783.200040459633
12997,OK,49.700,0.44,15931.400004774332
12998,OK,76.800,0.44,15893.800009507686
12999,OK,84.300,0.44,15884.699998423457
13000,OK,105.100,0.44,15856.300015002489
13001,OK,97.200,0.44,15688.400017097592
13002,OK,102.200,0.44,15889.600035734475
13003,OK,154.300,0.44,15792.799997143447
13004,OK,99.900,0.44,15791.399986483157
13005,OK,95.000,0.44,15851.300035137683
13006,OK,98.300,0.44,15823.400055523962
13007,OK,103.500,0.44,15861.799998674542
13008,OK,108.300,0.44,15799.69999147579
13009,OK,114.100,0.44,15830.300049856305
13010,OK,108.000,0.44,15890.29998285696
13011,OK,92.300,0.44,15823.900001123548
13012,OK,113.900,0.44,15821.299981325865
13013,OK,106.200,0.44,15838.899998925626
13014,OK,111.400,0.44,16005.199984647334
13015,OK,125.200,0.44,15642.100013792515
13016,OK,104.700,0.44,15843.199973460287
13017,OK,99.100,0.44,15849.499963223934
13018,OK,94.500,0.44,15842.79997041449
13019,OK,96.900,0.44,15850.500029046088
13020,OK,102.400,0.44,15856.600017286837
13021,OK,97.800,0.44,15830.099990125746
13022,OK,74.900,0.44,15910.9000233002
13023,OK,109.700,0.44,15787.100011948496
13024,OK,107.800,0.44,15871.799958404154
13025,OK,127.700,0.44,15814.199985470623
13026,OK,97.000,0.44,15907.800057902932
13027,OK,103.600,0.44,15711.699961684644
13028,OK,112.200,0.44,15826.400020159781
13029,OK,89.200,0.44,15846.700000111014
13030,OK,62.000,0.44,15895.99996805191
13031,OK,79.000,0.44,15993.500011973083
13032,OK,53.900,0.44,15866.499976255
13033,OK,70.700,0.44,15911.599970422685
13034,OK,69.900,0.44,16247.500025201589
13035,OK,297.300,0.44,15168.500016443431
13036,OK,71.300,0.44,15912.900038529187
13037,OK,60.800,0.44,15870.600007474422
13038,OK,68.800,0.44,15969.899948686361
13039,OK,166.100,0.44,15690.30003156513
13040,OK,106.100,0.44,15824.700007215142
13041,OK,101.700,0.44,15875.199984293431
13042,OK,82.600,0.44,15783.299983013421
13043,OK,75.900,0.44,15896.799974143505
13044,OK,72.000,0.44,15856.600017286837
13045,OK,102.100,0.44,15907.799999695271
13046,OK,98.200,0.44,15933.000016957521
13047,OK,173.100,0.44,15751.299972180277
13048,OK,146.200,0.44,15699.599985964596
13049,OK,85.200,0.44,15876.699995715171
13050,OK,76.500,0.44,15875.099983531982
13051,OK,81.800,0.44,15880.200022365898
13052,OK,106.000,0.44,15852.499986067414
13053,OK,113.900,0.44,15837.799990549684
13054,OK,73.400,0.44,15801.600005943328
13055,OK,75.000,0.44,15891.199989710003
13056,OK,76.100,0.44,15849.400020670146
13057,OK,88.200,0.44,16045.80000275746
13058,OK,60.100,0.44,15928.299981169403
13059,OK,128.900,0.44,15890.899987425655
13060,OK,245.600,0.44,15831.700002308935
13061,OK,177.000,0.44,15625.900006853044
13062,OK,228.100,0.44,15520.800021477044
13063,OK,118.200,0.44,15704.199962783605
13064,OK,110.300,0.44,15827.300027012825
13065,OK,86.000,0.44,16002.899967133999
13066,OK,52.200,0.44,15877.099998760968
13067,OK,66.200,0.44,15897.300036158413
13068,OK,73.900,0.44,15842.600027099252
13069,OK,128.300,0.44,15873.100026510656
13070,OK,147.900,0.44,15797.399973962456
13071,OK,184.500,0.44,15730.099985376
13072,OK,251.200,0.44,15648.200002033263
13073,OK,294.600,0.44,15744.299977086484
13074,OK,316.900,0.44,15520.800021477044
13075,OK,185.500,0.44,15735.000022687018
13076,OK,296.600,0.44,15739.399997983128
13077,OK,198.100,0.44,15322.500024922192
13078,OK,186.900,0.44,15501.699992455542
13079,OK,233.200,0.44,15612.500021234155
13080,OK,187.300,0.44,16015.300003346056
13081,OK,187.400,0.44,15737.200039438903
13082,OK,196.300,0.44,15411.200001835823
13083,OK,175.200,0.44,15613.700030371547
13084,OK,115.600,0.44,15733.30000974238
13085,OK,73.100,0.44,15912.49997727573
13086,OK,61.800,0.44,15802.000008989125
13087,OK,52.500,0.44,15975.099988281727
13088,OK,172.000,0.44,15606.799977831542
13089,OK,67.300,0.44,15871.299954596907
13090,OK,68.200,0.44,15832.700009923428
13091,OK,51.100,0.44,16059.299989137799
13092,OK,49.600,0.44,15877.500001806766
13093,OK,87.400,0.44,15831.900003831834
13094,OK,62.300,0.44,15902.699960861355
13095,OK,63.400,0.44,15974.000038113445
13096,OK,95.500,0.44,15775.599982589483
13097,OK,70.400,0.44,15979.600022546947
13098,OK,62.600,0.44,15784.099989105016
13099,OK,73.800,0.44,15989.100036676973
13100,OK,62.400,0.44,15879.899961873889
13101,OK,59.900,0.44,15803.800022695214
13102,OK,52.300,0.44,22485.099965706468
13103,OK,111.700,0.44,18748.499976936728
13104,OK,93.000,0.44,18366.09997553751
13105,OK,109.500,0.44,11277.700017672032
13106,OK,108.600,0.44,26782.99997933209
13107,OK,135.300,0.44,13354.299997445196
13108,OK,127.000,0.44,18549.49997505173
13109,OK,113.400,0.44,13172.000006306916
13110,OK,74.900,0.44,15845.700050704181
13111,OK,84.900,0.44,15807.09998961538
13112,OK,52.900,0.44,15923.300001304597
13113,OK,54.300,0.44,15998.499991837889
13114,OK,67.400,0.44,15883.799991570413
13115,OK,61.400,0.44,15900.200000032783
13116,OK,71.700,0.44,15876.89999723807
13117,OK,81.100,0.44,15826.100017875433
13118,OK,50.100,0.44,15942.400030326098
13119,OK,49.600,0.44,15888.600028119981
13120,OK,41.700,0.44,15960.699995048344
13121,OK,55.700,0.44,15894.399955868721
13122,OK,44.000,0.44,15945.299994200468
13123,OK,47.200,0.44,15955.40001289919
13124,OK,55.700,0.44,15883.199987001717
13125,OK,52.600,0.44,15886.599954683334
13126,OK,50.300,0.44,15947.800013236701
13127,OK,58.400,0.44,15927.700034808367
13128,OK,63.900,0.44,15872.800024226308
13129,OK,70.900,0.44,15900.999947916716
13130,OK,54.400,0.44,15881.099971011281
13131,OK,54.500,0.44,15947.100007906556
13132,OK,60.500,0.44,15924.100007396191
13133,OK,64.200,0.44,15879.000013228506
13134,OK,66.500,0.44,15928.899985738099
13135,OK,72.900,0.44,15875.599987339228
13136,OK,89.500,0.44,15899.999998509884
13137,OK,75.000,0.44,15882.79998395592
13138,OK,72.000,0.44,15903.800027444959
13139,OK,73.500,0.44,15889.599977526814
13140,OK,69.700,0.44,15830.599993932992
13141,OK,66.600,0.44,15841.30001720041
13142,OK,51.600,0.44,15925.600018817931
13143,OK,51.300,0.44,15985.300007741898
13144,OK,56.000,0.44,15869.099996052682
13145,OK,67.400,0.44,15955.499955452979
13146,OK,83.600,0.44,15752.29997979477
13147,OK,98.700,0.44,15883.199987001717
13148,OK,145.700,0.44,15746.100049000233
13149,OK,111.100,0.44,15911.399968899786
13150,OK,70.700,0.44,15845.69999249652
13151,OK,98.500,0.44,15798.699983861297
13152,OK,77.900,0.44,15980.800031684339
13153,OK,71.400,0.44,15887.30001822114
13154,OK,66.500,0.44,15890.19998209551
13155,OK,75.800,0.44,15890.699985902756
13156,OK,74.000,0.44,15855.000005103648
13157,OK,77.200,0.44,15866.799978539348
13158,OK,68.100,0.44,15886.800014413893
13159,OK,72.500,0.44,15883.699990808964
13160,OK,84.200,0.44,15816.300001461059
13161,OK,85.000,0.44,15877.700003329664
13162,OK,66.800,0.44,15902.800019830465
13163,OK,78.600,0.44,15912.60003624484
13164,OK,66.300,0.44,15896.499971859157
13165,OK,66.400,0.44,15926.200023386627
13166,OK,64.100,0.44,15770.700003486127
13167,OK,60.400,0.44,15924.600011203438
13168,OK,72.900,0.44,15890.499984379858
13169,OK,63.900,0.44,15957.200026605278
13170,OK,81.600,0.44,15841.1999582313
13171,OK,61.300,0.44,16103.59997721389
13172,OK,166.400,0.44,15527.500014286488
13173,OK,82.200,0.44,15842.100023292005
13174,OK,96.900,0.44,15808.900003321469
13175,OK,86.800,0.44,15942.2000288032
13176,OK,77.500,0.44,15840.500011108816
13177,OK,56.900,0.44,15953.199996147305
13178,OK,52.900,0.44,15852.099983021617
13179,OK,63.400,0.44,15872.60002270341
13180,OK,90.600,0.44,15899.09999165684
13181,OK,62.000,0.44,15936.499985400587
13182,OK,64.100,0.44,15867.699985392392
13183,OK,68.200,0.44,15894.200012553483
13184,OK,76.300,0.44,15909.899957478046
13185,OK,68.300,0.44,15854.800003580749
13186,OK,53.900,0.44,15891.600050963461
13187,OK,45.600,0.44,15916.000003926456
13188,OK,47.500,0.44,15920.100035145879
13189,OK,46.900,0.44,16129.800002090633
13190,OK,201.700,0.44,15456.900000572205
13191,OK,47.400,0.44,15944.599988870323
13192,OK,64.600,0.44,15985.699952580035
13193,OK,157.100,0.44,15640.500001609325
13194,OK,63.400,0.44,15964.29996425286
13195,OK,58.800,0.44,15854.199999012053
13196,OK,49.000,0.44,15924.000006634742
13197,OK,53.300,0.44,15973.799978382885
13198,OK,74.000,0.44,15829.199983272702
13199,OK,50.400,0.44,15832.900011446327
13200,OK,49.200,0.44,16013.299988117069
13201,OK,77.300,0.44,15753.89999197796
13202,OK,65.600,0.44,15952.899993862957
13203,OK,69.800,0.44,15896.999975666404
13204,OK,94.800,0.44,15828.699979465455
13205,OK,112.200,0.44,15918.39996399358
13206,OK,74.000,0.44,15823.49999807775
13207,OK,67.900,0.44,15938.099997583777
13208,OK,71.400,0.44,15859.09997811541
13209,OK,63.700,0.44,15931.099944282323
13210,OK,73.100,0.44,15870.100003667176
13211,OK,69.200,0.44,15883.899992331862
13212,OK,60.200,0.44,15861.699997913092
13213,OK,48.900,0.44,15897.60003844276
13214,OK,37.900,0.44,15956.90002432093
13215,OK,43.800,0.44,15953.599999193102
13216,OK,50.700,0.44,15910.800022538751
13217,OK,50.100,0.44,15985.00000545755
13218,OK,74.900,0.44,15894.100011792034
13219,OK,64.800,0.44,15891.499991994351
13220,OK,57.100,0.44,15947.100007906556
13221,OK,72.700,0.44,15865.20002456382
13222,OK,68.800,0.44,15921.39998683706
13223,OK,69.200,0.44,15851.299976930022
13224,OK,59.900,0.44,15877.900004852563
13225,OK,91.400,0.44,15901.800012215972
13226,OK,149.100,0.44,15687.000006437302
13227,OK,54.400,0.44,15947.700012475252
13228,OK,61.800,0.44,15883.799991570413
13229,OK,65.200,0.44,15873.999975156039
13230,OK,56.600,0.44,15958.999982103705
13231,OK,73.400,0.44,15802.200010512024
13232,OK,62.200,0.44,15959.69998743385
13233,OK,134.100,0.44,15781.300025992095
13234,OK,109.400,0.44,15845.69999249652
13235,OK,70.800,0.44,15901.100006885827
13236,OK,73.000,0.44,15903.000021353364
13237,OK,76.500,0.44,15860.699990298599
13238,OK,72.000,0.44,15925.300016533583
13239,OK,95.500,0.44,15800.299996044487
13240,OK,69.300,0.44,15893.299947492778
13241,OK,69.000,0.44,15884.899999946356
13242,OK,71.600,0.44,15886.000008322299
13243,OK,88.900,0.44,15915.29999859631
13244,OK,164.500,0.44,15644.09997081384
13245,OK,76.900,0.44,15896.900033112615
13246,OK,63.200,0.44,15881.499974057078
13247,OK,55.500,0.44,15896.499971859157
13248,OK,57.300,0.44,15944.199985824525
13249,OK,86.500,0.44,15793.700003996491
13250,OK,74.200,0.44,15883.999993093312
13251,OK,75.200,0.44,15864.499961026013
13252,OK,100.500,0.44,15859.299979638308
13253,OK,102.900,0.44,15870.400005951524
13254,OK,133.100,0.44,15781.900030560791
13255,OK,130.100,0.44,15809.500007890165
13256,OK,113.800,0.44,15829.899988602847
13257,OK,118.600,0.44,15820.100030396134
13258,OK,118.400,0.44,15804.100024979562
13259,OK,127.500,0.44,15828.399977181107
13260,OK,100.500,0.44,15823.699999600649
13261,OK,103.100,0.44,15811.70002464205
13262,OK,102.700,0.44,15835.899976082146
13263,OK,85.800,0.44,15875.29998505488
13264,OK,112.400,0.44,15867.800044361502
13265,OK,105.500,0.44,15807.699994184077
13266,OK,104.300,0.44,15841.09995746985
13267,OK,97.200,0.44,15857.799968216568
13268,OK,104.900,0.44,15824.700007215142
13269,OK,106.800,0.44,15840.999956708401
13270,OK,129.300,0.44,15814.70004748553
13271,OK,119.800,0.44,15797.899977769703
13272,OK,80.200,0.44,15969.300002325326
13273,OK,84.800,0.44,15783.199982251972
13274,OK,302.000,0.44,15584.800043143332
13275,OK,108.900,0.44,15806.199982762337
13276,OK,113.300,0.44,15790.599980391562
13277,OK,100.100,0.44,15767.30003580451
13278,OK,100.900,0.44,15864.200016949326
13279,OK,103.400,0.44,15875.999990385026
13280,OK,120.400,0.44,15753.599989693612
13281,OK,101.500,0.44,15820.800035726279
13282,OK,67.000,0.44,15938.099997583777
13283,OK,131.500,0.44,15794.400009326637
13284,OK,109.700,0.44,15830.89999621734
13285,OK,114.300,0.44,15832.600009161979
13286,OK,100.000,0.44,15850.299969315529
13287,OK,89.400,0.44,15850.20002676174
13288,OK,98.200,0.44,15897.5999802351
13289,OK,115.600,0.44,15802.499954588711
13290,OK,80.000,0.44,15881.499974057078
13291,OK,82.300,0.44,15862.10000095889
13292,OK,80.200,0.44,15905.600041151047
13293,OK,75.500,0.44,15873.400028795004
13294,OK,81.500,0.44,15853.09999063611
13295,OK,81.800,0.44,15943.60003946349
13296,OK,159.700,0.44,15615.899988915771
13297,OK,73.300,0.44,15875.29998505488
13298,OK,63.800,0.44,15935.800038278103
13299,OK,59.100,0.44,15895.600023213774
13300,OK,77.400,0.44,15896.000026259571
13301,OK,70.600,0.44,15794.00000628084
13302,OK,57.300,0.44,16030.500002671033
13303,OK,122.700,0.44,15690.700034610927
13304,OK,86.400,0.44,15852.299984544516
13305,OK,61.400,0.44,15950.79997787252
13306,OK,67.000,0.44,15830.599993932992
13307,OK,55.400,0.44,15947.100007906556
13308,OK,74.000,0.44,15867.599984630942
13309,OK,57.900,0.44,15900.800004601479
13310,OK,69.800,0.44,15894.500014837831
13311,OK,87.300,0.44,16022.199997678399
13312,OK,80.800,0.44,15927.09997203201
13313,OK,85.300,0.44,15889.999980572611
13314,OK,106.700,0.44,15854.299999773502
13315,OK,145.600,0.44,15866.999980062246
13316,OK,162.400,0.44,15776.700049173087
13317,OK,172.600,0.44,15727.899968624115
13318,OK,274.200,0.44,15325.100044719875
13319,OK,150.600,0.44,15660.70003900677
13320,OK,102.100,0.44,15864.600019995123
13321,OK,88.800,0.44,15827.100025489926
13322,OK,77.100,0.44,16042.90003888309
13323,OK,62.000,0.44,15780.300018377602
13324,OK,67.300,0.44,15925.90002110228
13325,OK,74.200,0.44,16149.999981280416
13326,OK,110.800,0.44,15557.599952444434
13327,OK,137.800,0.44,16300.200019031763
13328,OK,185.500,0.44,15751.199971418828
13329,OK,197.700,0.44,15655.099996365607
13330,OK,186.800,0.44,15601.599996443838
13331,OK,181.300,0.44,15534.800011664629
13332,OK,176.800,0.44,15560.300031211227
13333,OK,113.000,0.44,15819.999971427023
13334,OK,208.900,0.44,15758.30002548173
13335,OK,116.300,0.44,15671.200002543628
13336,OK,61.700,0.44,16224.299964960665
13337,OK,91.300,0.44,15956.90002432093
13338,OK,97.900,0.44,15610.400005243719
13339,OK,159.000,0.44,15714.699984528124
13340,OK,141.500,0.44,15656.699950341135
13341,OK,106.800,0.44,16043.499985244125
13342,OK,222.500,0.44,15535.799961071461
13343,OK,76.200,0.44,15822.499990463257
13344,OK,60.600,0.44,15898.300043772906
13345,OK,63.900,0.44,15927.700034808367
13346,OK,53.600,0.44,15859.899984207004
13347,OK,77.900,0.44,15907.299995888025
13348,OK,56.900,0.44,15895.600023213774
13349,OK,47.700,0.44,15940.300014335662
13350,OK,86.900,0.44,15844.200039282441
13351,OK,51.300,0.44,15948.399959597737
13352,OK,102.900,0.44,15752.49998131767
13353,OK,71.800,0.44,16017.100017052144
13354,OK,65.200,0.44,15870.800008997321
13355,OK,69.900,0.44,15791.399986483157
13356,OK,70.500,0.44,15900.800004601479
13357,OK,48.600,0.44,15938.800002913922
13358,OK,56.400,0.44,15884.899999946356
13359,OK,55.000,0.44,15859.09997811541
13360,OK,55.900,0.44,16001.699957996607
13361,OK,91.300,0.44,15836.499980650842
13362,OK,56.000,0.44,15898.199984803796
13363,OK,56.100,0.44,15910.599962808192
13364,OK,54.300,0.44,15918.40002220124
13365,OK,61.700,0.44,15909.900015685707
13366,OK,56.900,0.44,15903.199964668602
13367,OK,63.100,0.44,15907.199995126575
13368,OK,54.900,0.44,15904.900035820901
13369,OK,57.500,0.44,15918.39996399358
13370,OK,77.800,0.44,15894.999960437417
13371,OK,59.700,0.44,15846.299997065216
13372,OK,64.200,0.44,15982.700046151876
13373,OK,62.200,0.44,15876.200050115585
13374,OK,63.500,0.44,15962.500008754432
13375,OK,65.000,0.44,15836.999984458089
13376,OK,71.700,0.44,15879.8000193201
13377,OK,92.900,0.44,15923.600003588945
13378,OK,74.900,0.44,15903.100022114813
13379,OK,96.200,0.44,15841.800021007657
13380,OK,80.400,0.44,15871.300012804568
13381,OK,66.400,0.44,15858.500031754375
13382,OK,54.400,0.44,15860.400046221912
13383,OK,61.500,0.44,15848.70001534
13384,OK,73.000,0.44,15932.499954942614
13385,OK,55.600,0.44,15905.899985227734
13386,OK,57.100,0.44,15860.4999887757
13387,OK,56.300,0.44,15955.800015944988
13388,OK,58.100,0.44,15893.600007984787
13389,OK,53.800,0.44,15958.999982103705
13390,OK,62.500,0.44,15913.499984890223
13391,OK,70.000,0.44,15889.800037257373
13392,OK,70.400,0.44,15894.899959675968
13393,OK,78.000,0.44,15900.50000231713
13394,OK,94.100,0.44,15893.900010269135
13395,OK,73.200,0.44,15830.400050617754
13396,OK,67.100,0.44,15913.800045382231
13397,OK,82.400,0.44,15787.700016517192
13398,OK,82.700,0.44,15854.199999012053
13399,OK,63.500,0.44,15927.100030239671
13400,OK,62.900,0.44,15896.499971859157
13401,OK,64.000,0.44,15845.69999249652
13402,OK,63.800,0.44,15830.200049094856
13403,OK,62.700,0.44,15860.899991821498
13404,OK,58.800,0.44,15925.200015772134
13405,OK,52.400,0.44,15926.599968224764
13406,OK,53.700,0.44,15959.299984388053
13407,OK,75.500,0.44,15905.199979897588
13408,OK,83.900,0.44,15884.499996900558
13409,OK,70.100,0.44,15909.699955955148
13410,OK,95.200,0.44,15829.400043003261
13411,OK,78.000,0.44,15819.299966096878
13412,OK,71.100,0.44,15895.900025498122
13413,OK,52.700,0.44,15952.199988532811
13414,OK,53.800,0.44,15924.800012726337
13415,OK,61.200,0.44,15844.399982597679
13416,OK,55.900,0.44,15919.700032100081
13417,OK,58.300,0.44,15958.699979819357
13418,OK,64.400,0.44,15818.600018974394
13419,OK,94.400,0.44,15920.100035145879
13420,OK,67.900,0.44,15887.20001745969
13421,OK,58.600,0.44,15835.40003048256
13422,OK,80.800,0.44,15966.000035405159
13423,OK,65.900,0.44,15822.999994270504
13424,OK,74.800,0.44,15913.699986413121
13425,OK,53.000,0.44,15894.200012553483
13426,OK,57.800,0.44,15915.900003165007
13427,OK,65.600,0.44,15924.500010441989
13428,OK,63.000,0.44,15843.199973460287
13429,OK,77.500,0.44,15971.900022123009
13430,OK,81.300,0.44,15852.199983783066
13431,OK,69.900,0.44,15901.200007647276
13432,OK,68.300,0.44,15897.399978712201
13433,OK,82.700,0.44,15870.700008235872
13434,OK,93.600,0.44,15893.700008746237
13435,OK,90.200,0.44,15743.50002920255
13436,OK,85.700,0.44,15970.500011462718
13437,OK,106.500,0.44,15864.900022279471
13438,OK,75.000,0.44,15818.100015167147
13439,OK,77.200,0.44,15914.10004766658
13440,OK,74.200,0.44,15863.70001314208
13441,OK,68.900,0.44,15912.50003548339
13442,OK,74.500,0.44,15914.300049189478
13443,OK,80.600,0.44,15877.999947406352
13444,OK,166.100,0.44,15688.100014813244
13445,OK,68.800,0.44,15944.400045555085
13446,OK,54.200,0.44,15879.000013228506
13447,OK,59.900,0.44,15928.59998345375
13448,OK,86.600,0.44,15880.900027696043
13449,OK,75.000,0.44,15844.19998107478
13450,OK,67.000,0.44,15838.300052564591
13451,OK,85.700,0.44,15943.299978971481
13452,OK,63.700,0.44,15789.599972777069
13453,OK,96.500,0.44,15853.30005036667
13454,OK,90.200,0.44,15906.899992842227
13455,OK,81.700,0.44,15897.5999802351
13456,OK,64.300,0.44,15890.000038780272
13457,OK,66.600,0.44,15853.40005112812
13458,OK,69.200,0.44,15950.100030750036
13459,OK,69.100,0.44,15862.200001720339
13460,OK,65.500,0.44,15850.700030568987
13461,OK,67.900,0.44,15963.500016368926
13462,OK,82.200,0.44,15909.800014924258
13463,OK,87.000,0.44,15876.599994953722
13464,OK,66.000,0.44,15880.099963396788
13465,OK,73.600,0.44,15877.800004091114
13466,OK,72.600,0.44,15918.899967800826
13467,OK,73.200,0.44,15810.899960342795
13468,OK,60.000,0.44,15902.799961622804
13469,OK,71.300,0.44,15901.099948678166
13470,OK,70.100,0.44,15929.899993352592
13471,OK,67.200,0.44,15862.200001720339
13472,OK,67.200,0.44,15924.600011203438
13473,OK,65.800,0.44,15893.600007984787
13474,OK,79.500,0.44,15835.600032005459
13475,OK,107.500,0.44,15856.500016525388
13476,OK,82.800,0.44,15864.599961787462
13477,OK,50.600,0.44,15879.200014751405
13478,OK,51.200,0.44,15850.499970838428
13479,OK,88.900,0.44,16014.799999538809
13480,OK,211.000,0.44,15748.00000526011
13481,OK,106.800,0.44,15515.099978074431
13482,OK,59.300,0.44,15963.400015607476
13483,OK,63.800,0.44,15882.300038356334
13484,OK,65.300,0.44,15867.499983869493
13485,OK,56.900,0.44,15912.100032437593
13486,OK,63.500,0.44,15886.400011368096
13487,OK,49.100,0.44,16021.099989302456
13488,OK,179.400,0.44,15692.199987825006
13489,OK,62.400,0.44,15863.900014664978
13490,OK,41.300,0.44,15959.399985149503
13491,OK,65.500,0.44,15885.200002230704
13492,OK,64.100,0.44,15913.79998717457
13493,OK,56.000,0.44,15897.49997947365
13494,OK,47.500,0.44,15942.500031087548
13495,OK,140.500,0.44,15801.500005181879
13496,OK,65.900,0.44,15877.400001045316
13497,OK,63.300,0.44,15944.699989631772
13498,OK,76.000,0.44,15860.099985729903
13499,OK,69.700,0.44,15896.800032351166
13500,OK,69.700,0.44,15901.100006885827
13501,OK,97.500,0.44,15693.000052124262
13502,OK,72.000,0.44,16045.600001234561
13503,OK,115.700,0.44,15959.100041072816
13504,OK,124.300,0.44,15430.099971126765
13505,OK,105.600,0.44,15727.799967862666
13506,OK,108.300,0.44,15872.899966780096
13507,OK,100.200,0.44,15869.700000621378
13508,OK,99.100,0.44,15854.400000534952
13509,OK,95.100,0.44,15860.099985729903
13510,OK,96.100,0.44,15811.600023880601
13511,OK,97.300,0.44,15851.000032853335
13512,OK,97.900,0.44,15852.299984544516
13513,OK,98.300,0.44,15842.100023292005
13514,OK,98.500,0.44,15830.399992410094
13515,OK,104.700,0.44,15900.900005362928
13516,OK,120.400,0.44,15757.899964228272
13517,OK,109.000,0.44,15845.79999325797
13518,OK,109.900,0.44,15825.099952053279
13519,OK,116.000,0.44,15853.000048082322
13520,OK,97.700,0.44,15871.00001052022
13521,OK,99.000,0.44,15838.199993595481
13522,OK,112.200,0.44,15797.799977008253
13523,OK,83.700,0.44,15864.89996407181
13524,OK,81.700,0.44,15888.69997067377
13525,OK,102.200,0.44,15832.50000840053
13526,OK,101.600,0.44,15815.499995369464
13527,OK,92.000,0.44,15850.700030568987
13528,OK,76.100,0.44,15903.699968475848
13529,OK,67.400,0.44,15860.099985729903
13530,OK,95.900,0.44,15903.70002668351
13531,OK,107.600,0.44,15882.199979387224
13532,OK,137.800,0.44,15722.999989520758
13533,OK,111.900,0.44,15885.100001469254
13534,OK,112.800,0.44,15935.199975501746
13535,OK,93.600,0.44,15688.600018620491
13536,OK,110.700,0.44,15844.09998031333
13537,OK,95.300,0.44,15897.899982519448
13538,OK,71.700,0.44,16003.800032194704
13539,OK,128.000,0.44,15642.400016076863
13540,OK,82.600,0.44,15878.40000865981
13541,OK,74.900,0.44,15886.000008322299
13542,OK,75.900,0.44,15901.800012215972
13543,OK,97.400,0.44,15834.700025152415
13544,OK,111.800,0.44,15834.499965421855
13545,OK,131.100,0.44,15745.499986223876
13546,OK,71.300,0.44,15939.599950797856
13547,OK,71.300,0.44,15847.100003156811
13548,OK,63.400,0.44,15923.099999781698
13549,OK,64.200,0.44,15875.200042501092
13550,OK,65.800,0.44,15892.499999608845
13551,OK,110.400,0.44,15859.699982684106
13552,OK,99.500,0.44,15872.499963734299
13553,OK,95.800,0.44,15828.799980226904
13554,OK,73.300,0.44,15878.50000942126
13555,OK,121.400,0.44,15847.000002395362
13556,OK,115.400,0.44,15760.900045279413
13557,OK,63.900,0.44,15950.200031511486
13558,OK,91.900,0.44,15822.899993509054
13559,OK,68.900,0.44,16033.500025514513
13560,OK,112.700,0.44,15765.59996465221
13561,OK,96.100,0.44,15807.999996468425
13562,OK,74.500,0.44,15917.099954094738
13563,OK,84.300,0.44,15819.300024304539
13564,OK,66.600,0.44,15950.599976349622
13565,OK,75.200,0.44,15918.19996247068
13566,OK,87.000,0.44,16086.900024674833
13567,OK,308.300,0.44,15164.999989792705
13568,OK,60.400,0.44,16116.600017994642
13569,OK,125.600,0.44,15753.99999273941
13570,OK,126.900,0.44,15813.900041393936
13571,OK,100.600,0.44,15687.100007198751
13572,OK,138.000,0.44,15841.40001796186
13573,OK,99.600,0.44,15814.199985470623
13574,OK,84.400,0.44,15764.100011438131
13575,OK,79.900,0.44,16134.90004092455
13576,OK,97.700,0.44,15997.999988030642
13577,OK,164.900,0.44,15499.10003086552
13578,OK,241.200,0.44,15638.099983334541
13579,OK,210.000,0.44,15674.499969463795
13580,OK,170.500,0.44,15801.600005943328
13581,OK,222.200,0.44,15370.700042694807
13582,OK,201.600,0.44,15714.099979959428
13583,OK,145.200,0.44,16029.199992772192
13584,OK,109.500,0.44,15524.899994488806
13585,OK,86.500,0.44,15731.099992990494
13586,OK,62.500,0.44,15944.699989631772
13587,OK,75.900,0.44,15935.900039039552
13588,OK,153.200,0.44,15658.100019209087
13589,OK,71.700,0.44,15813.500038348138
13590,OK,79.700,0.44,15995.699970517308
13591,OK,54.000,0.44,15822.09998741746
13592,OK,66.000,0.44,15855.000005103648
13593,OK,60.600,0.44,15908.900008071214
13594,OK,60.600,0.44,15918.700024485588
13595,OK,112.500,0.44,15914.799994789064
13596,OK,87.400,0.44,15795.200015418231
13597,OK,89.800,0.44,15929.799992591143
13598,OK,62.500,0.44,15913.599985651672
13599,OK,77.900,0.44,15883.899992331862
13600,OK,84.000,0.44,15867.400041315705
13601,OK,72.900,0.44,15812.900033779442
13602,OK,69.100,0.44,15897.999983280897
13603,OK,98.100,0.44,15838.799998164177
13604,OK,71.600,0.44,15833.300014492124
13605,OK,85.800,0.44,15846.599999349564
13606,OK,81.600,0.44,15861.199994105846
13607,OK,91.200,0.44,15887.40001898259
13608,OK,91.200,0.44,15814.899990800768
13609,OK,64.700,0.44,15997.400041669607
13610,OK,67.800,0.44,15843.900036998093
13611,OK,95.100,0.44,15904.699976090342
13612,OK,73.300,0.44,15893.20000493899
13613,OK,78.800,0.44,15842.499968130141
13614,OK,58.400,0.44,15959.89998895675
13615,OK,70.300,0.44,15868.899994529784
13616,OK,62.100,0.44,15895.000018645078
13617,OK,55.000,0.44,15894.500014837831
13618,OK,90.900,0.44,15870.000002905726
13619,OK,62.100,0.44,15904.399973805994
13620,OK,61.600,0.44,15890.100039541721
13621,OK,53.100,0.44,15950.79997787252
13622,OK,65.500,0.44,15887.000015936792
13623,OK,65.900,0.44,15845.499990973622
13624,OK,63.400,0.44,15908.400004263967
13625,OK,53.100,0.44,15913.700044620782
13626,OK,48.900,0.44,15949.000022374094
13627,OK,50.200,0.44,15927.40003252402
13628,OK,77.000,0.44,15873.500029556453
13629,OK,53.800,0.44,15898.600046057254
13630,OK,68.400,0.44,15931.500005535781
13631,OK,62.000,0.44,15917.500015348196
13632,OK,64.500,0.44,15906.699991319329
13633,OK,74.900,0.44,15924.500010441989
13634,OK,81.700,0.44,15829.699987079948
13635,OK,55.100,0.44,15924.30000891909
13636,OK,54.200,0.44,15879.399958066642
13637,OK,56.200,0.44,15939.800010528415
13638,OK,54.300,0.44,15925.099956803024
13639,OK,54.800,0.44,15890.30004106462
13640,OK,73.000,0.44,15911.700029391795
13641,OK,87.600,0.44,15881.800034549087
13642,OK,77.400,0.44,15830.699994694442
13643,OK,63.600,0.44,15852.699987590313
13644,OK,49.900,0.44,15952.29998929426
13645,OK,95.100,0.44,15864.89996407181
13646,OK,106.200,0.44,15851.80003894493
13647,OK,68.000,0.44,15921.799989882857
13648,OK,62.600,0.44,15833.90001906082
13649,OK,67.400,0.44,15872.899966780096
13650,OK,71.800,0.44,15936.299983877689
13651,OK,89.800,0.44,15831.400000024587
13652,OK,101.900,0.44,15852.099983021617
13653,OK,71.200,0.44,15928.59998345375
13654,OK,97.700,0.44,15774.500032421201
13655,OK,96.700,0.44,15902.00001373887
13656,OK,66.300,0.44,15821.699984371662
13657,OK,54.000,0.44,15964.500023983419
13658,OK,97.100,0.44,15872.999967541546
13659,OK,62.100,0.44,15910.000016447157
13660,OK,49.900,0.44,15939.10000519827
13661,OK,62.800,0.44,15904.499974567443
13662,OK,71.900,0.44,15921.699989121407
13663,OK,73.900,0.44,15818.200015928596
13664,OK,71.100,0.44,15843.800036236644
13665,OK,63.000,0.44,15925.59996061027
13666,OK,63.600,0.44,15874.599979724735
13667,OK,66.700,0.44,15893.10000417754
13668,OK,65.500,0.44,15890.799986664206
13669,OK,103.600,0.44,15880.500024650246
13670,OK,78.700,0.44,15960.499993525445
13671,OK,66.800,0.44,15882.499981671572
13672,OK,68.100,0.44,15918.799967039376
13673,OK,66.100,0.44,15871.400013566017
13674,OK,64.000,0.44,15836.099977605045
13675,OK,73.700,0.44,15947.000007145107
13676,OK,68.000,0.44,15835.3999722749
13677,OK,71.700,0.44,15870.000002905726
13678,OK,67.700,0.44,15899.499994702637
13679,OK,62.100,0.44,15898.199984803796
13680,OK,104.200,0.44,15856.800018809736
13681,OK,81.000,0.44,15855.000005103648
13682,OK,109.000,0.44,15768.099983688444
13683,OK,151.600,0.44,15926.499967463315
13684,OK,100.300,0.44,15813.400037586689
13685,OK,106.000,0.44,15819.300024304539
13686,OK,77.800,0.44,15856.600017286837
13687,OK,90.100,0.44,15847.000002395362
13688,OK,75.100,0.44,15897.000033874065
13689,OK,73.000,0.44,15878.200007136911
13690,OK,70.400,0.44,15919.300029054284
13691,OK,142.200,0.44,15715.499990619719
13692,OK,71.700,0.44,15946.200001053512
13693,OK,66.400,0.44,15903.60002592206
13694,OK,82.700,0.44,15856.300015002489
13695,OK,77.200,0.44,15896.799974143505
13696,OK,131.100,0.44,15763.900009915233
13697,OK,63.500,0.44,15872.2999622114
13698,OK,62.500,0.44,15856.09995527193
13699,OK,63.100,0.44,15905.900043435395
13700,OK,65.200,0.44,15885.400003753603
13701,OK,74.000,0.44,16121.19999481365
13702,OK,301.800,0.44,15287.999995052814
13703,OK,66.100,0.44,15893.000003416091
13704,OK,72.200,0.44,15863.200009334832
13705,OK,73.200,0.44,15897.5999802351
13706,OK,67.800,0.44,15895.599965006113
13707,OK,77.700,0.44,15834.799967706203
13708,OK,91.400,0.44,15793.300000950694
13709,OK,116.100,0.44,15891.999995801598
13710,OK,117.100,0.44,15749.100013636053
13711,OK,83.200,0.44,15882.299980148673
13712,OK,57.000,0.44,15932.800015434623
13713,OK,68.600,0.44,15895.499964244664
13714,OK,64.700,0.44,15876.79999647662
13715,OK,82.500,0.44,15905.300038866699
13716,OK,76.100,0.44,15769.399993587285
13717,OK,64.200,0.44,15878.200007136911
13718,OK,78.700,0.44,15911.300026345998
13719,OK,92.400,0.44,15895.100019406527
13720,OK,52.200,0.44,15939.10000519827
13721,OK,52.500,0.44,15971.70002060011
13722,OK,64.800,0.44,15835.300029721111
13723,OK,66.000,0.44,15959.7999881953
13724,OK,72.000,0.44,15813.20003606379
13725,OK,85.500,0.44,15898.899990133941
13726,OK,70.900,0.44,15830.99999697879
13727,OK,121.600,0.44,15876.099991146475
13728,OK,64.500,0.44,15889.300033450127
13729,OK,62.000,0.44,15899.999998509884
13730,OK,145.000,0.44,15743.300027679652
13731,OK,68.400,0.44,15939.899953082204
13732,OK,68.600,0.44,15861.699997913092
13733,OK,93.700,0.44,15868.2000474073
13734,OK,124.200,0.44,15812.000026926398
13735,OK,108.400,0.44,15844.499983359128
13736,OK,99.700,0.44,15913.599985651672
13737,OK,71.700,0.44,15853.09999063611
13738,OK,64.400,0.44,15876.000048592687
13739,OK,79.600,0.44,15906.699991319329
13740,OK,128.700,0.44,15750.800026580691
13741,OK,73.000,0.44,15862.10000095889
13742,OK,64.200,0.44,15884.29999537766
13743,OK,65.200,0.44,15899.19999241829
13744,OK,71.200,0.44,15887.800022028387
13745,OK,72.800,0.44,15917.500015348196
13746,OK,57.700,0.44,15916.9000107795
13747,OK,63.000,0.44,15877.600002568215
13748,OK,106.100,0.44,15806.299983523786
13749,OK,63.000,0.44,15997.499984223396
13750,OK,79.800,0.44,15842.499968130141
13751,OK,82.300,0.44,15888.59996991232
13752,OK,89.500,0.44,15866.39997549355
13753,OK,115.800,0.44,15860.500046983361
13754,OK,69.400,0.44,15864.600019995123
13755,OK,85.600,0.44,15820.099972188473
13756,OK,95.500,0.44,15812.300029210746
13757,OK,75.000,0.44,15929.299988783896
13758,OK,84.200,0.44,15840.600011870265
13759,OK,102.000,0.44,15845.69999249652
13760,OK,131.300,0.44,15811.200020834804
13761,OK,102.200,0.44,15892.600000370294
13762,OK,126.800,0.44,15815.99999917671
13763,OK,110.100,0.44,15809.300006367266
13764,OK,116.000,0.44,15831.500000786036
13765,OK,109.600,0.44,15860.899991821498
13766,OK,96.700,0.44,15846.299997065216
13767,OK,93.300,0.44,15850.499970838428
13768,OK,98.700,0.44,15833.500016015023
13769,OK,106.700,0.44,15825.00000949949
13770,OK,105.000,0.44,15811.49996491149
13771,OK,79.600,0.44,15896.999975666404
13772,OK,100.800,0.44,15848.49995560944
13773,OK,76.800,0.44,15838.499995879829
13774,OK,80.800,0.44,15875.899989623576
13775,OK,108.500,0.44,15824.499947484583
13776,OK,105.800,0.44,15844.29998183623
13777,OK,100.300,0.44,15819.800028111786
13778,OK,91.500,0.44,15890.30004106462
13779,OK,103.600,0.44,15833.499957807362
13780,OK,107.100,0.44,15853.899996727705
13781,OK,97.500,0.44,15917.800017632544
13782,OK,132.800,0.44,15806.899988092482
13783,OK,107.900,0.44,15816.599945537746
13784,OK,124.000,0.44,15824.600006453693
13785,OK,128.900,0.44,15788.799966685474
13786,OK,104.400,0.44,15936.699986923486
13787,OK,160.200,0.44,15591.200033668429
13788,OK,103.800,0.44,15811.099961865693
13789,OK,83.000,0.44,15883.799991570413
13790,OK,92.700,0.44,15840.600011870265
13791,OK,89.200,0.44,15897.49997947365
13792,OK,87.700,0.44,15870.800008997321
13793,OK,89.100,0.44,15925.200015772134
13794,OK,72.100,0.44,15888.000023551285
13795,OK,74.100,0.44,15901.400009170175
13796,OK,79.700,0.44,15865.00002304092
13797,OK,75.200,0.44,15901.900012977421
13798,OK,85.800,0.44,15832.000004593283
13799,OK,81.600,0.44,15962.90001180023
13800,OK,72.200,0.44,15951.099980156869
13801,OK,272.400,0.44,15339.699981268495
13802,OK,109.700,0.44,15822.700050193816
13803,OK,97.100,0.44,15836.300037335604
13804,OK,100.200,0.44,15879.100013989955
13805,OK,98.100,0.44,15830.099990125746
13806,OK,93.500,0.44,15817.900013644248
13807,OK,82.800,0.44,15910.699963569641
13808,OK,92.500,0.44,15812.400029972196
13809,OK,91.500,0.44,15774.000028613955
13810,OK,79.700,0.44,15906.099986750633
13811,OK,82.700,0.44,15880.899969488382
13812,OK,66.500,0.44,15923.400002066046
13813,OK,75.000,0.44,15874.700038693845
13814,OK,79.100,0.44,15896.30002854392
13815,OK,77.700,0.44,15866.900037508458
13816,OK,72.900,0.44,15876.499994192272
13817,OK,67.500,0.44,15905.499982181937
13818,OK,90.300,0.44,15866.70003598556
13819,OK,99.300,0.44,16017.500020097941
13820,OK,126.500,0.44,15737.099980469793
13821,OK,89.200,0.44,16091.299999970943
13822,OK,155.200,0.44,15789.899975061417
13823,OK,164.700,0.44,15461.700037121773
13824,OK,152.000,0.44,15870.200004428625
13825,OK,141.600,0.44,15559.59996767342
13826,OK,86.400,0.44,15831.900003831834
13827,OK,89.300,0.44,16054.200008511543
13828,OK,57.200,0.44,15879.400016274303
13829,OK,71.300,0.44,15901.400009170175
13830,OK,89.200,0.44,15937.799995299429
13831,OK,125.800,0.44,16035.099979490042
13832,OK,200.900,0.44,15506.000025197864
13833,OK,226.400,0.44,15396.400005556643
13834,OK,125.100,0.44,15733.900014311075
13835,OK,93.000,0.44,15876.599994953722
13836,OK,109.900,0.44,15972.100023645908
13837,OK,247.100,0.44,15675.19997479394
13838,OK,212.700,0.44,15406.99996985495
13839,OK,79.000,0.44,15899.499994702637
13840,OK,85.100,0.44,15821.499982848763
13841,OK,67.800,0.44,15913.800045382231
13842,OK,77.100,0.44,15852.599986828864
13843,OK,49.500,0.44,15922.499995213002
13844,OK,61.700,0.44,15912.50003548339
13845,OK,53.100,0.44,15884.39999613911
13846,OK,72.200,0.44,15860.70004850626
13847,OK,90.600,0.44,15939.800010528415
13848,OK,58.400,0.44,15925.79996213317
13849,OK,82.800,0.44,15846.900001633912
13850,OK,58.700,0.44,15935.299976263195
13851,OK,50.800,0.44,15917.700016871095
13852,OK,49.900,0.44,15904.500032775104
13853,OK,74.800,0.44,15902.300016023219
13854,OK,53.900,0.44,15906.39998903498
13855,OK,54.900,0.44,15907.199995126575
13856,OK,67.400,0.44,15921.39998683706
13857,OK,55.900,0.44,15872.699965257198
13858,OK,52.800,0.44,15920.700039714575
13859,OK,54.300,0.44,15886.700013652444
13860,OK,65.300,0.44,15872.200019657612
13861,OK,57.000,0.44,15983.39999327436
13862,OK,71.900,0.44,15810.900018550456
13863,OK,68.900,0.44,15942.2000288032
13864,OK,53.000,0.44,15923.900005873293
13865,OK,53.600,0.44,15884.29999537766
13866,OK,85.100,0.44,15877.300000283867
13867,OK,61.200,0.44,15929.799992591143
13868,OK,55.200,0.44,15907.599998172373
13869,OK,63.200,0.44,15894.59995739162
13870,OK,74.200,0.44,15926.100022625178
13871,OK,71.300,0.44,15810.000011697412
13872,OK,66.900,0.44,15897.999983280897
13873,OK,74.400,0.44,15899.299993179739
13874,OK,59.200,0.44,15922.79999749735
13875,OK,75.800,0.44,15848.400013055652
13876,OK,73.400,0.44,15873.299969825894
13877,OK,80.300,0.44,15772.399958223104
13878,OK,80.900,0.44,15902.10001450032
13879,OK,74.100,0.44,15933.999966364354
13880,OK,77.400,0.44,15877.600002568215
13881,OK,104.300,0.44,15805.399976670742
13882,OK,95.400,0.44,15866.70003598556
13883,OK,72.300,0.44,15884.19999461621
13884,OK,63.600,0.44,15831.400000024587
13885,OK,97.800,0.44,15955.700015183538
13886,OK,84.600,0.44,15780.5000199005
13887,OK,76.100,0.44,15877.900004852563
13888,OK,83.900,0.44,15912.000031676143
13889,OK,74.800,0.44,15925.899962894619
13890,OK,69.800,0.44,15876.399993430823
13891,OK,67.300,0.44,15882.499981671572
13892,OK,87.800,0.44,15865.799970924854
13893,OK,62.400,0.44,15841.800021007657
13894,OK,57.600,0.44,15888.000023551285
13895,OK,91.000,0.44,15880.400023888797
13896,OK,65.000,0.44,15850.19996855408
13897,OK,80.100,0.44,16001.900017727166
13898,OK,67.700,0.44,15849.899966269732
13899,OK,126.600,0.44,15790.299978107214
13900,OK,75.300,0.44,15909.300011117011
13901,OK,71.500,0.44,15715.499990619719
13902,OK,121.000,0.44,15867.399983108044
13903,OK,66.200,0.44,15897.100034635514
13904,OK,73.000,0.44,15785.499999765307
13905,OK,52.500,0.44,15974.299982190132
13906,OK,125.500,0.44,15763.899951707572
13907,OK,76.400,0.44,15915.900003165007
13908,OK,85.700,0.44,15860.399988014251
13909,OK,65.800,0.44,15920.00003438443
13910,OK,65.300,0.44,15913.199982605875
13911,OK,63.700,0.44,15829.799987841398
13912,OK,101.900,0.44,15848.500013817102
13913,OK,63.200,0.44,15860.4999887757
13914,OK,57.600,0.44,15951.099980156869
13915,OK,96.900,0.44,15850.799973122776
13916,OK,116.200,0.44,15802.600013557822
13917,OK,56.500,0.44,15909.300011117011
13918,OK,55.600,0.44,15879.500017035753
13919,OK,80.800,0.44,15855.800011195242
13920,OK,57.300,0.44,15992.700005881488
13921,OK,63.400,0.44,15909.000008832663
13922,OK,69.200,0.44,15799.200045876205
13923,OK,80.000,0.44,15878.700010944158
13924,OK,61.300,0.44,15920.099976938218
13925,OK,53.000,0.44,15949.800028465688
13926,OK,66.400,0.44,15994.200017303228
13927,OK,69.900,0.44,15840.300009585917
13928,OK,87.400,0.44,15881.600033026189
13929,OK,70.100,0.44,15911.900030914694
13930,OK,76.600,0.44,15864.299959503114
13931,OK,74.100,0.44,15790.199977345765
13932,OK,63.800,0.44,15969.500003848225
13933,OK,70.200,0.44,16225.500032305717
13934,OK,242.700,0.44,15555.899997707456
13935,OK,128.700,0.44,15502.700000070035
13936,OK,122.100,0.44,15722.90004696697
13937,OK,52.300,0.44,15894.80001712218
13938,OK,98.900,0.44,15850.000025238842
13939,OK,111.800,0.44,16163.900028914213
13940,OK,102.100,0.44,15666.29996523261
13941,OK,148.000,0.44,15514.399972744286
13942,OK,76.100,0.44,15944.99999191612
13943,OK,79.600,0.44,15926.699968986213
13944,OK,74.600,0.44,15870.300005190074
13945,OK,78.700,0.44,15882.79998395592
13946,OK,67.600,0.44,15898.99999089539
13947,OK,64.600,0.44,15895.800024736673
13948,OK,63.600,0.44,15861.199994105846
13949,OK,66.600,0.44,15920.799982268363
13950,OK,61.500,0.44,15920.400037430227
13951,OK,65.400,0.44,15854.7000028193
13952,OK,78.300,0.44,15885.300002992153
13953,OK,63.500,0.44,15896.499971859157
13954,OK,57.100,0.44,15983.899997081608
13955,OK,90.200,0.44,15797.799977008253
13956,OK,75.700,0.44,15835.100028198212
13957,OK,73.800,0.44,15859.199978876859
13958,OK,59.200,0.44,15925.80002034083
13959,OK,73.700,0.44,15840.600011870265
13960,OK,69.700,0.44,15887.600020505488
13961,OK,65.700,0.44,15918.600023724139
13962,OK,62.000,0.44,15878.800011705607
13963,OK,96.000,0.44,15814.69998927787
13964,OK,76.900,0.44,15870.700008235872
13965,OK,62.500,0.44,15926.999971270561
13966,OK,51.600,0.44,15927.399974316359
13967,OK,68.300,0.44,15914.199990220368
13968,OK,59.700,0.44,15909.300011117011
13969,OK,74.200,0.44,15885.8000067994
13970,OK,62.100,0.44,15897.099976427853
13971,OK,59.400,0.44,15972.100023645908
13972,OK,57.200,0.44,15821.200038772076
13973,OK,64.000,0.44,15942.09996983409
13974,OK,72.400,0.44,15917.300013825297
13975,OK,181.800,0.44,15657.000010833144
13976,OK,67.200,0.44,15906.200045719743
13977,OK,68.200,0.44,15928.099979646504
13978,OK,68.300,0.44,15871.200012043118
13979,OK,73.700,0.44,15877.199999522418
13980,OK,69.800,0.44,15912.799979560077
13981,OK,92.300,0.44,15840.400010347366
13982,OK,88.800,0.44,15874.700038693845
13983,OK,154.600,0.44,15766.399970743805
13984,OK,71.200,0.44,15854.500001296401
13985,OK,148.000,0.44,15793.80000475794
13986,OK,67.500,0.44,15855.700010433793
13987,OK,58.300,0.44,15911.899972707033
13988,OK,67.200,0.44,15920.199977699667
13989,OK,68.200,0.44,15886.800014413893
13990,OK,58.900,0.44,15844.200039282441
13991,OK,60.300,0.44,15983.699995558709
13992,OK,68.600,0.44,15884.799999184906
13993,OK,61.300,0.44,15922.599995974451
13994,OK,157.500,0.44,15739.599999506027
13995,OK,112.200,0.44,15823.5999988392
13996,OK,74.600,0.44,15896.799974143505
13997,OK,76.400,0.44,15874.699980486184
13998,OK,69.100,0.44,15877.800004091114
13999,OK,67.200,0.44,15932.800015434623
14000,OK,100.600,0.44,15795.699961017817
14001,OK,90.000,0.44,15730.800048913807
14002,OK,72.900,0.44,15801.40000442043
14003,OK,89.700,0.44,15874.799981247634
14004,OK,107.700,0.44,15870.500006712973
14005,OK,97.400,0.44,15816.600003745407
14006,OK,88.100,0.44,15862.800006289035
14007,OK,85.500,0.44,15870.100003667176
14008,OK,92.200,0.44,15818.400017451495
14009,OK,103.800,0.44,15856.899961363524
14010,OK,109.100,0.44,15837.400045711547
14011,OK,110.400,0.44,15869.599999859929
14012,OK,96.800,0.44,15805.899980477989
14013,OK,104.800,0.44,15860.699990298599
14014,OK,105.800,0.44,15818.200015928596
14015,OK,102.700,0.44,15817.6000113599
14016,OK,93.000,0.44,15858.000027947128
14017,OK,73.500,0.44,15903.400024399161
14018,OK,93.500,0.44,15851.69997997582
14019,OK,89.500,0.44,15860.299987252802
14020,OK,104.000,0.44,15861.499996390194
14021,OK,96.800,0.44,15837.399987503886
14022,OK,97.700,0.44,15873.600030317903
14023,OK,97.700,0.44,15812.899975571781
14024,OK,115.400,0.44,15981.799981091172
14025,OK,113.500,0.44,15689.899970311671
14026,OK,116.500,0.44,15839.90000654012
14027,OK,105.500,0.44,15781.000023707747
14028,OK,82.000,0.44,15890.399983618408
14029,OK,97.800,0.44,15869.900002144277
14030,OK,117.800,0.44,15534.800011664629
14031,OK,109.900,0.44,15781.400026753545
14032,OK,88.700,0.44,16013.499989639968
14033,OK,186.900,0.44,15521.399967838079
14034,OK,106.200,0.44,16097.399988211691
14035,OK,97.900,0.44,15941.100020427257
14036,OK,466.200,0.44,14853.500004392117
14037,OK,87.800,0.44,15880.599967204034
14038,OK,100.800,0.44,15809.500007890165
14039,OK,107.700,0.44,15897.399978712201
14040,OK,94.900,0.44,15796.200023032725
14041,OK,84.500,0.44,15931.400004774332
14042,OK,78.800,0.44,15844.799985643476
14043,OK,70.200,0.44,15976.19999665767
14044,OK,79.900,0.44,15950.800036080182
14045,OK,128.100,0.44,15721.999981906265
14046,OK,92.900,0.44,15884.000051300973
14047,OK,75.500,0.44,15893.400006461889
14048,OK,68.200,0.44,15864.100016187876
14049,OK,81.500,0.44,15856.900019571185
14050,OK,109.400,0.44,15845.299989450723
14051,OK,107.200,0.44,15771.300008054823
14052,OK,111.900,0.44,15859.900042414665
14053,OK,93.700,0.44,15870.000002905726
14054,OK,86.900,0.44,15886.000008322299
14055,OK,70.900,0.44,15925.500018056482
14056,OK,86.900,0.44,15863.29995188862
14057,OK,83.100,0.44,15893.10000417754
14058,OK,84.300,0.44,15820.100030396134
14059,OK,60.700,0.44,15874.099975917488
14060,OK,57.300,0.44,16133.400029502809
14061,OK,69.200,0.44,15875.40004402399
14062,OK,72.800,0.44,15703.100012615323
14063,OK,79.800,0.44,16040.700022131205
14064,OK,143.400,0.44,15741.399955004454
14065,OK,115.500,0.44,16027.099976781756
14066,OK,328.100,0.44,15432.999993208796
14067,OK,173.000,0.44,16071.800026111305
14068,OK,316.900,0.44,15379.09999024123
14069,OK,217.800,0.44,15487.29999922216
14070,OK,173.500,0.44,15972.799970768392
14071,OK,107.200,0.44,15816.09999993816
14072,OK,97.400,0.44,15827.800030820072
14073,OK,93.500,0.44,15919.300029054284
14074,OK,109.300,0.44,15691.199980210513
14075,OK,128.000,0.44,15601.499995682389
14076,OK,173.600,0.44,15882.399980910122
14077,OK,95.700,0.44,16004.30003600195
14078,OK,137.700,0.44,15471.799997612834
14079,OK,139.500,0.44,15821.89998589456
14080,OK,138.700,0.44,15815.699996892363
14081,OK,164.200,0.44,15593.399992212653
14082,OK,81.900,0.44,15904.99997837469
14083,OK,137.900,0.44,15683.000034186989
14084,OK,59.800,0.44,15931.70000705868
14085,OK,82.600,0.44,15913.599985651672
14086,OK,81.200,0.44,15809.800010174513
14087,OK,90.100,0.44,15861.799998674542
14088,OK,77.800,0.44,15974.399982951581
14089,OK,61.500,0.44,15889.100031927228
14090,OK,97.000,0.44,15802.400012034923
14091,OK,113.800,0.44,15818.99996381253
14092,OK,55.000,0.44,15934.299968648702
14093,OK,92.700,0.44,15868.400048930198
14094,OK,102.400,0.44,15905.699983704835
14095,OK,60.300,0.44,15922.599995974451
14096,OK,64.000,0.44,15894.000011030585
14097,OK,65.400,0.44,15858.299972023815
14098,OK,78.800,0.44,15916.9000107795
14099,OK,86.000,0.44,15841.200016438961
14100,OK,43.300,0.44,15954.600006807595
14101,OK,86.300,0.44,15755.900007206947
14102,OK,68.300,0.44,15885.000000707805
14103,OK,63.700,0.44,15883.099986240268
14104,OK,57.500,0.44,15949.60002694279
14105,OK,52.000,0.44,15908.400004263967
14106,OK,64.800,0.44,15905.700041912496
14107,OK,67.900,0.44,15874.899982009083
14108,OK,55.500,0.44,15915.600000880659
14109,OK,59.300,0.44,15891.200047917664
14110,OK,58.100,0.44,15927.19997279346
14111,OK,57.300,0.44,15898.99999089539
14112,OK,49.700,0.44,15928.79998497665
14113,OK,62.000,0.44,15927.40003252402
14114,OK,63.700,0.44,15879.000013228506
14115,OK,61.900,0.44,15886.500012129545
14116,OK,67.100,0.44,15949.199965689331
14117,OK,94.000,0.44,15812.600031495094
14118,OK,78.300,0.44,15865.300025325269
14119,OK,170.600,0.44,15844.19998107478
14120,OK,84.700,0.44,15866.099973209202
14121,OK,77.800,0.44,15851.200034376234
14122,OK,68.700,0.44,15903.50002516061
14123,OK,77.500,0.44,15813.699981663376
14124,OK,77.800,0.44,15930.499997921288
14125,OK,62.800,0.44,15936.599986162037
14126,OK,82.800,0.44,15882.100036833435
14127,OK,64.400,0.44,15781.099966261536
14128,OK,52.900,0.44,16004.599980078638
14129,OK,66.700,0.44,15870.400005951524
14130,OK,67.900,0.44,15898.499987088144
14131,OK,68.500,0.44,15807.799994945526
14132,OK,69.500,0.44,15995.000023394823
14133,OK,69.100,0.44,15888.499969150871
14134,OK,80.400,0.44,15872.999967541546
14135,OK,76.900,0.44,15823.5999988392
14136,OK,71.700,0.44,15936.899988446385
14137,OK,123.500,0.44,15814.300044439733
14138,OK,149.900,0.44,15765.399963129312
14139,OK,65.200,0.44,15920.399979222566
14140,OK,69.300,0.44,15868.700051214546
14141,OK,59.100,0.44,15913.599985651672
14142,OK,76.600,0.44,15916.100004687905
14143,OK,110.700,0.44,15838.599996641278
14144,OK,99.600,0.44,15807.599993422627
14145,OK,59.300,0.44,15902.00001373887
14146,OK,59.700,0.44,15969.200001563877
14147,OK,90.200,0.44,15848.600014578551
14148,OK,90.700,0.44,15824.600006453693
14149,OK,83.400,0.44,15977.200004272163
14150,OK,86.900,0.44,15845.69999249652
14151,OK,95.300,0.44,15869.800001382828
14152,OK,75.600,0.44,15897.000033874065
14153,OK,95.700,0.44,15774.399973452091
14154,OK,57.500,0.44,15941.300021950155
14155,OK,49.800,0.44,15942.400030326098
14156,OK,59.800,0.44,15851.90003970638
14157,OK,57.800,0.44,15959.89998895675
14158,OK,56.300,0.44,15856.799960602075
14159,OK,81.700,0.44,15880.100021604449
14160,OK,56.600,0.44,15933.999966364354
14161,OK,116.100,0.44,15859.199978876859
14162,OK,66.400,0.44,15907.599998172373
14163,OK,106.000,0.44,15807.29999113828
14164,OK,69.300,0.44,15813.800040632486
14165,OK,89.900,0.44,15865.799970924854
14166,OK,115.200,0.44,15891.999995801598
14167,OK,59.900,0.44,15914.499992504716
14168,OK,106.700,0.44,15811.69996643439
14169,OK,102.900,0.44,15822.599991224706
14170,OK,56.800,0.44,15903.000021353364
14171,OK,66.600,0.44,15939.00000443682
14172,OK,71.500,0.44,15875.599987339228
14173,OK,54.300,0.44,15916.300006210804
14174,OK,62.900,0.44,15977.100003510714
14175,OK,90.000,0.44,15723.999997135252
14176,OK,93.000,0.44,15935.799980070442
14177,OK,92.400,0.44,15786.799951456487
14178,OK,57.500,0.44,15901.500009931624
14179,OK,56.100,0.44,15949.29996645078
14180,OK,149.400,0.44,16024.000011384487
14181,OK,74.700,0.44,15672.599954996258
14182,OK,78.100,0.44,15880.300023127347
14183,OK,94.600,0.44,15842.79997041449
14184,OK,70.700,0.44,16169.499955140054
14185,OK,154.100,0.44,15456.799999810755
14186,OK,67.900,0.44,15873.600030317903
14187,OK,59.900,0.44,15916.200005449355
14188,OK,74.300,0.44,15920.199977699667
14189,OK,45.200,0.44,15906.299988273531
14190,OK,49.800,0.44,15908.500005025417
14191,OK,54.600,0.44,15877.400001045316
14192,OK,54.500,0.44,15892.800001893193
14193,OK,74.300,0.44,15921.699989121407
14194,OK,56.700,0.44,15842.899971175939
14195,OK,62.600,0.44,15999.300056137145
14196,OK,66.400,0.44,15858.400030992925
14197,OK,58.200,0.44,15901.000006124377
14198,OK,62.500,0.44,15917.400014586747
14199,OK,65.700,0.44,15917.200013063848
14200,OK,82.600,0.44,15842.400025576353
14201,OK,72.300,0.44,15774.900035466999
14202,OK,138.700,0.44,15813.19997785613
14203,OK,86.800,0.44,15885.500004515052
14204,OK,70.500,0.44,15875.999990385026
14205,OK,68.900,0.44,15900.50000231713
14206,OK,78.100,0.44,15871.700015850365
14207,OK,81.900,0.44,15833.600016776472
14208,OK,70.300,0.44,15897.399978712201
14209,OK,67.400,0.44,15838.599996641278
14210,OK,124.300,0.44,15875.200042501092
14211,OK,110.900,0.44,15823.900001123548
14212,OK,76.600,0.44,15888.200025074184
14213,OK,76.100,0.44,15896.999975666404
14214,OK,70.700,0.44,15910.600021015853
14215,OK,75.900,0.44,15880.500024650246
14216,OK,87.900,0.44,15845.79999325797
14217,OK,64.200,0.44,15973.09997305274
14218,OK,70.700,0.44,15853.09999063611
14219,OK,125.700,0.44,15707.000042311847
14220,OK,138.500,0.44,15873.89997439459
14221,OK,71.600,0.44,15857.200021855533
14222,OK,60.300,0.44,15914.299990981817
14223,OK,57.100,0.44,15966.799983289093
14224,OK,68.400,0.44,15882.099978625774
14225,OK,72.300,0.44,15892.700001131743
14226,OK,74.600,0.44,15848.500013817102
14227,OK,51.400,0.44,15960.199991241097
14228,OK,122.100,0.44,15788.800024893135
14229,OK,69.500,0.44,15821.699984371662
14230,OK,65.800,0.44,15943.49998049438
14231,OK,60.500,0.44,15884.599997662008
14232,OK,78.500,0.44,15826.999966520816
14233,OK,87.100,0.44,15852.200041990727
14234,OK,71.100,0.44,15947.300009429455
14235,OK,65.400,0.44,15856.20001424104
14236,OK,77.600,0.44,15912.699978798628
14237,OK,113.800,0.44,15808.199997991323
14238,OK,100.400,0.44,15862.300002481788
14239,OK,76.500,0.44,15904.799976851791
14240,OK,69.900,0.44,15880.099963396788
14241,OK,65.800,0.44,15901.300008408725
14242,OK,97.300,0.44,15833.700017537922
14243,OK,90.500,0.44,15903.300023637712
14244,OK,118.000,0.44,15724.2999994196
14245,OK,124.300,0.44,15910.300018731505
14246,OK,98.400,0.44,15760.500042233616
14247,OK,89.400,0.44,15895.000018645078
14248,OK,88.200,0.44,15826.900023967028
14249,OK,93.400,0.44,15901.700011454523
14250,OK,97.700,0.44,15852.199983783066
14251,OK,99.600,0.44,15817.800012882799
14252,OK,99.200,0.44,15837.300044950098
14253,OK,95.900,0.44,15865.599969401956
14254,OK,109.200,0.44,15905.899985227734
14255,OK,122.600,0.44,15790.699981153011
14256,OK,120.200,0.44,15781.699970830232
14257,OK,119.300,0.44,15807.30004934594
14258,OK,111.200,0.44,15842.80002862215
14259,OK,99.800,0.44,15876.89999723807
14260,OK,96.400,0.44,15808.299998752773
14261,OK,88.000,0.44,15894.500014837831
14262,OK,101.700,0.44,15790.200035553426
14263,OK,78.800,0.44,15887.999965343624
14264,OK,100.200,0.44,15843.200031667948
14265,OK,88.100,0.44,15827.699971850961
14266,OK,101.100,0.44,15843.800036236644
14267,OK,100.500,0.44,15835.899976082146
14268,OK,90.300,0.44,15903.699968475848
14269,OK,138.700,0.44,15760.499984025955
14270,OK,130.400,0.44,15809.500007890165
14271,OK,124.900,0.44,15812.600031495094
14272,OK,82.300,0.44,15895.599965006113
14273,OK,105.900,0.44,15842.59996889159
14274,OK,115.900,0.44,15831.900003831834
14275,OK,118.500,0.44,15826.400020159781
14276,OK,146.100,0.44,15862.500004004687
14277,OK,151.900,0.44,15456.699999049306
14278,OK,98.700,0.44,15829.60004452616
14279,OK,94.200,0.44,15871.700015850365
14280,OK,81.300,0.44,15895.400021690875
14281,OK,103.500,0.44,15821.900044102222
14282,OK,104.000,0.44,15898.400044534355
14283,OK,109.100,0.44,15807.499992661178
14284,OK,77.900,0.44,16096.799983642995
14285,OK,93.300,0.44,15693.09999467805
14286,OK,87.700,0.44,15832.200006116182
14287,OK,81.500,0.44,15899.799996986985
14288,OK,87.600,0.44,15864.399960264564
14289,OK,72.700,0.44,15864.99996483326
14290,OK,76.100,0.44,15921.50004580617
14291,OK,129.600,0.44,15743.199968710542
14292,OK,86.700,0.44,15891.200047917664
14293,OK,82.200,0.44,15835.3999722749
14294,OK,84.800,0.44,15916.100004687905
14295,OK,81.400,0.44,15814.199985470623
14296,OK,92.900,0.44,15809.100004844368
14297,OK,80.600,0.44,15935.599978547543
14298,OK,92.200,0.44,15892.099996563047
14299,OK,86.100,0.44,15809.300006367266
14300,OK,99.200,0.44,15951.600042171776
14301,OK,103.900,0.44,15712.5000259839
14302,OK,83.800,0.44,15853.799995966256
14303,OK,87.300,0.44,15908.10000197962
14304,OK,85.200,0.44,15797.699976246804
14305,OK,74.900,0.44,15865.800029132515
14306,OK,88.700,0.44,15872.900024987757
14307,OK,74.100,0.44,15911.00002406165
14308,OK,135.000,0.44,15759.099973365664
14309,OK,98.400,0.44,16047.500015702099
14310,OK,67.600,0.44,15875.699988100678
14311,OK,72.700,0.44,15773.900027852505
14312,OK,93.000,0.44,15828.899980988353
14313,OK,100.700,0.44,15812.399971764535
14314,OK,77.700,0.44,15826.300019398332
14315,OK,56.900,0.44,16108.799958601594
14316,OK,61.100,0.44,15859.20003708452
14317,OK,76.900,0.44,15925.999963656068
14318,OK,84.300,0.44,15897.999983280897
14319,OK,120.500,0.44,15847.700007725507
14320,OK,157.600,0.44,15682.500030379742
14321,OK,180.500,0.44,15856.399957556278
14322,OK,193.100,0.44,15635.30002022162
14323,OK,180.900,0.44,15663.40000135824
14324,OK,154.900,0.44,15631.499991286546
14325,OK,114.300,0.44,15861.899999435991
14326,OK,164.700,0.44,15638.900047633797
14327,OK,80.000,0.44,15849.599963985384
14328,OK,76.500,0.44,15958.899981342256
14329,OK,56.600,0.44,15892.399998847395
14330,OK,49.500,0.44,15913.89998793602
14331,OK,61.000,0.44,15911.500027868897
14332,OK,82.600,0.44,15877.300000283867
14333,OK,95.700,0.44,15779.20001000166
14334,OK,92.000,0.44,15883.500047493726
14335,OK,93.600,0.44,15796.499967109412
14336,OK,101.400,0.44,15895.300020929426
14337,OK,67.500,0.44,15835.999976843596
14338,OK,88.900,0.44,15930.800000205636
14339,OK,123.400,0.44,15844.699984882027
14340,OK,69.800,0.44,15897.299977950752
14341,OK,69.900,0.44,15818.900021258742
14342,OK,71.300,0.44,15932.000009343028
14343,OK,73.800,0.44,15853.799995966256
14344,OK,69.700,0.44,15910.200017970055
14345,OK,63.600,0.44,15836.399979889393
14346,OK,85.000,0.44,15830.99999697879
14347,OK,82.200,0.44,15966.399980243295
14348,OK,76.800,0.44,15912.199974991381
14349,OK,75.200,0.44,15809.400007128716
14350,OK,70.600,0.44,15851.69997997582
14351,OK,49.000,0.44,15910.500020254403
14352,OK,59.300,0.44,15951.399982441217
14353,OK,67.800,0.44,15899.19999241829
14354,OK,52.900,0.44,15906.999993603677
14355,OK,56.100,0.44,15915.50000011921
14356,OK,54.900,0.44,15883.100044447929
14357,OK,51.900,0.44,15923.300001304597
14358,OK,62.500,0.44,15916.500007733703
14359,OK,57.800,0.44,15889.100031927228
14360,OK,65.700,0.44,15882.299980148673
14361,OK,88.300,0.44,15904.699976090342
14362,OK,57.900,0.44,15919.89997541532
14363,OK,73.000,0.44,15879.8000193201
14364,OK,61.200,0.44,15872.60002270341
14365,OK,75.500,0.44,15948.799962643534
14366,OK,88.400,0.44,15771.900012623519
14367,OK,74.700,0.44,15974.100038874894
14368,OK,72.300,0.44,15881.50003226474
14369,OK,74.400,0.44,15865.800029132515
14370,OK,69.200,0.44,15836.999984458089
14371,OK,105.100,0.44,15874.300035648048
14372,OK,94.100,0.44,15841.200016438961
14373,OK,319.900,0.44,15695.000009145588
14374,OK,72.600,0.44,15871.400013566017
14375,OK,70.400,0.44,15912.699978798628
14376,OK,67.500,0.44,15888.799971435219
14377,OK,84.900,0.44,15847.600006964058
14378,OK,53.300,0.44,15905.899985227734
14379,OK,51.100,0.44,15911.200025584549
14380,OK,66.900,0.44,15928.79998497665
14381,OK,81.400,0.44,15871.200012043118
14382,OK,53.700,0.44,15860.100043937564
14383,OK,88.500,0.44,15914.899995550513
14384,OK,56.200,0.44,15856.09995527193
14385,OK,57.900,0.44,15964.399965014309
14386,OK,102.900,0.44,15830.499993171543
14387,OK,59.200,0.44,15894.70001636073
14388,OK,52.700,0.44,15911.599970422685
14389,OK,51.700,0.44,15928.399981930852
14390,OK,57.400,0.44,15877.199999522418
14391,OK,56.500,0.44,15866.199973970652
14392,OK,51.600,0.44,15980.100026354194
14393,OK,56.300,0.44,15920.499979984015
14394,OK,64.300,0.44,15911.399968899786
14395,OK,67.800,0.44,15914.499992504716
14396,OK,67.800,0.44,15894.200012553483
14397,OK,64.400,0.44,15807.899995706975
14398,OK,102.100,0.44,15844.399982597679
14399,OK,83.800,0.44,15899.899997748435
14400,OK,93.700,0.44,15912.60003624484
14401,OK,109.200,0.44,15684.699988923967
14402,OK,97.900,0.44,15820.200031157583
14403,OK,71.300,0.44,15863.60001238063
14404,OK,54.700,0.44,15989.300038199872
14405,OK,67.400,0.44,15896.700031589717
14406,OK,80.900,0.44,15794.699953403324
14407,OK,72.300,0.44,15978.400013409555
14408,OK,68.200,0.44,15899.499994702637
14409,OK,65.800,0.44,15896.299970336258
14410,OK,86.500,0.44,15790.100034791976
14411,OK,99.100,0.44,15831.700002308935
14412,OK,67.800,0.44,15926.899970509112
14413,OK,63.000,0.44,15933.500020764768
14414,OK,63.400,0.44,15907.90000045672
14415,OK,81.500,0.44,15857.300022616982
14416,OK,58.400,0.44,15936.000039801002
14417,OK,90.300,0.44,15850.599971599877
14418,OK,96.100,0.44,15848.300012294203
14419,OK,86.600,0.44,15850.700030568987
14420,OK,74.300,0.44,15891.69999351725
14421,OK,64.600,0.44,15912.599978037179
14422,OK,73.100,0.44,15886.200009845197
14423,OK,68.000,0.44,15901.100006885827
14424,OK,70.400,0.44,15896.800032351166
14425,OK,114.900,0.44,15736.800036393106
14426,OK,54.000,0.44,15912.200033199042
14427,OK,50.300,0.44,15937.59999377653
14428,OK,55.500,0.44,15930.699999444187
14429,OK,49.700,0.44,15935.500035993755
14430,OK,64.400,0.44,15918.40002220124
14431,OK,67.800,0.44,15905.09997913614
14432,OK,85.800,0.44,15858.600032515824
14433,OK,79.300,0.44,15844.40004080534
14434,OK,93.400,0.44,15893.000003416091
14435,OK,87.300,0.44,15894.400014076382
14436,OK,72.300,0.44,15885.600005276501
14437,OK,68.300,0.44,15893.999952822924
14438,OK,69.400,0.44,15896.199969574809
14439,OK,69.400,0.44,15901.699953246862
14440,OK,70.600,0.44,15878.799953497946
14441,OK,67.200,0.44,15909.200010355562
14442,OK,71.700,0.44,15864.900022279471
14443,OK,67.700,0.44,15876.99999799952
14444,OK,67.900,0.44,15915.700001642108
14445,OK,64.000,0.44,15849.200019147247
14446,OK,64.900,0.44,15946.100000292063
14447,OK,106.800,0.44,15811.300021596253
14448,OK,112.000,0.44,15793.80000475794
14449,OK,106.600,0.44,15953.499998431653
14450,OK,82.500,0.44,15771.199949085712
14451,OK,57.500,0.44,15912.800037767738
14452,OK,80.500,0.44,15887.399960774928
14453,OK,102.300,0.44,15864.599961787462
14454,OK,74.800,0.44,15936.999989207834
14455,OK,71.600,0.44,15880.200022365898
14456,OK,68.500,0.44,15867.800044361502
14457,OK,66.300,0.44,15860.999992582947
14458,OK,78.400,0.44,15926.900028716773
14459,OK,67.900,0.44,15858.200029470026
14460,OK,67.900,0.44,15858.200029470026
14461,OK,70.900,0.44,15856.300015002489
14462,OK,118.800,0.44,15869.099996052682
14463,OK,116.800,0.44,15812.99997633323
14464,OK,74.300,0.44,15881.600033026189
14465,OK,69.100,0.44,15957.299969159067
14466,OK,131.900,0.44,15794.600010849535
14467,OK,69.200,0.44,15904.799976851791
14468,OK,72.100,0.44,15884.699998423457
14469,OK,78.600,0.44,15900.400001555681
14470,OK,78.000,0.44,15833.500016015023
14471,OK,80.100,0.44,16011.59997517243
14472,OK,68.900,0.44,15679.90001058206
14473,OK,92.800,0.44,15860.400046221912
14474,OK,94.400,0.44,15902.399958577007
14475,OK,157.100,0.44,15696.000016760081
14476,OK,144.900,0.44,15853.899996727705
14477,OK,77.700,0.44,15792.999998666346
14478,OK,69.400,0.44,15874.899982009083
14479,OK,69.900,0.44,15889.800037257373
14480,OK,70.700,0.44,15888.000023551285
14481,OK,68.800,0.44,15874.399978201836
14482,OK,75.100,0.44,15919.400029815733
14483,OK,94.700,0.44,15856.899961363524
14484,OK,66.600,0.44,15878.50000942126
14485,OK,68.600,0.44,15871.999959927052
14486,OK,137.100,0.44,15802.59995535016
14487,OK,65.300,0.44,15899.799996986985
14488,OK,82.300,0.44,15880.400023888797
14489,OK,85.200,0.44,15887.700021266937
14490,OK,68.700,0.44,15891.500050202012
14491,OK,70.800,0.44,15865.299967117608
14492,OK,60.500,0.44,15917.700016871095
14493,OK,69.100,0.44,15814.500045962632
14494,OK,86.500,0.44,15840.700012631714
14495,OK,90.200,0.44,15863.000007811934
14496,OK,94.900,0.44,15868.0000458844
14497,OK,93.700,0.44,15895.399963483214
14498,OK,91.000,0.44,15811.600023880601
14499,OK,97.900,0.44,15854.900004342198
14500,OK,92.500,0.44,15834.799967706203
14501,OK,97.800,0.44,15713.90003664419
14502,OK,104.400,0.44,16319.999995175749
14503,OK,208.400,0.44,15144.600009080023
14504,OK,106.500,0.44,15857.899968978018
14505,OK,92.300,0.44,15868.699993006885
14506,OK,99.400,0.44,15832.100005354732
14507,OK,105.300,0.44,15832.900011446327
14508,OK,101.400,0.44,15846.800000872463
14509,OK,93.400,0.44,15849.800023715943
14510,OK,96.400,0.44,15897.799981757998
14511,OK,93.300,0.44,15823.099995031953
14512,OK,81.200,0.44,15887.30001822114
14513,OK,101.900,0.44,15822.499990463257
14514,OK,92.500,0.44,15832.50000840053
14515,OK,91.600,0.44,15837.599989026785
14516,OK,61.500,0.44,15929.999994114041
14517,OK,95.600,0.44,15861.499996390194
14518,OK,111.800,0.44,15950.100030750036
14519,OK,156.900,0.44,15624.699997715652
14520,OK,96.900,0.44,16027.699981350452
14521,OK,234.800,0.44,15480.800007935613
14522,OK,79.800,0.44,15859.799983445555
14523,OK,96.200,0.44,15882.79998395592
14524,OK,75.800,0.44,15840.600011870265
14525,OK,75.900,0.44,15939.300006721169
14526,OK,91.700,0.44,15836.300037335604
14527,OK,82.500,0.44,15853.899996727705
14528,OK,79.100,0.44,15950.000029988587
14529,OK,93.900,0.44,15808.099997229874
14530,OK,92.700,0.44,15890.20004030317
14531,OK,72.300,0.44,15923.400002066046
14532,OK,102.100,0.44,15952.200046740472
14533,OK,102.400,0.44,15770.500001963228
14534,OK,92.500,0.44,15884.799999184906
14535,OK,89.300,0.44,15828.700037673116
14536,OK,93.700,0.44,15854.500001296401
14537,OK,103.900,0.44,15790.499979630113
14538,OK,89.300,0.44,15905.599982943386
14539,OK,91.100,0.44,15868.499991483986
14540,OK,105.400,0.44,15824.400004930794
14541,OK,107.600,0.44,15907.799999695271
14542,OK,163.600,0.44,15724.800003226846
14543,OK,119.900,0.44,15670.199994929135
14544,OK,70.800,0.44,15944.500046316534
14545,OK,77.100,0.44,15852.899989113212
14546,OK,62.400,0.44,15923.200000543147
14547,OK,86.200,0.44,15792.39999409765
14548,OK,67.100,0.44,15884.39999613911
14549,OK,52.200,0.44,15904.499974567443
14550,OK,48.700,0.44,15928.100037854165
14551,OK,66.700,0.44,15831.400000024587
14552,OK,54.500,0.44,15956.200018990785
14553,OK,54.200,0.44,15970.900014508516
14554,OK,61.000,0.44,15870.90000975877
14555,OK,65.800,0.44,16185.700020287186
14556,OK,117.700,0.44,15990.499989129603
14557,OK,113.100,0.44,15488.600009121
14558,OK,136.700,0.44,15765.399963129312
14559,OK,80.900,0.44,15761.29999011755
14560,OK,99.500,0.44,15881.000028457493
14561,OK,74.600,0.44,15877.999947406352
14562,OK,61.300,0.44,16101.099958177656
14563,OK,77.500,0.44,15758.29996727407
14564,OK,92.000,0.44,16145.400004461408
14565,OK,113.000,0.44,15885.100001469254
14566,OK,136.400,0.44,15875.40004402399
14567,OK,181.900,0.44,15557.000006083399
14568,OK,168.700,0.44,15730.20004434511
14569,OK,172.900,0.44,15510.400000493973
14570,OK,217.600,0.44,15819.300024304539
14571,OK,173.500,0.44,15716.399997472763
14572,OK,204.500,0.44,15501.399990171194
14573,OK,77.500,0.44,15976.900001987815
14574,OK,193.400,0.44,15791.999991051853
14575,OK,235.700,0.44,15394.799993373454
14576,OK,70.000,0.44,15933.000016957521
14577,OK,118.000,0.44,15792.999998666346
14578,OK,76.600,0.44,15889.399976003915
14579,OK,63.000,0.44,15880.299964919686
14580,OK,60.200,0.44,15941.800025757402
14581,OK,57.600,0.44,15901.100006885827
14582,OK,85.800,0.44,15914.599993266165
14583,OK,67.200,0.44,15814.59998851642
14584,OK,84.600,0.44,15954.300004523247
14585,OK,126.800,0.44,15761.40004908666
14586,OK,97.500,0.44,15827.200026251376
14587,OK,75.700,0.44,15838.50005408749
14588,OK,70.300,0.44,15931.399946566671
14589,OK,70.500,0.44,15868.799993768334
14590,OK,73.400,0.44,15871.199953835458
14591,OK,70.500,0.44,15921.700047329068
14592,OK,92.600,0.44,15846.299997065216
14593,OK,62.500,0.44,15868.299989961088
14594,OK,47.500,0.44,15952.29998929426
14595,OK,64.400,0.44,15896.09996881336
14596,OK,58.700,0.44,15915.50000011921
14597,OK,61.900,0.44,15880.699967965484
14598,OK,51.800,0.44,15942.700032610446
14599,OK,72.500,0.44,15905.800042673945
14600,OK,65.900,0.44,15870.800008997321
14601,OK,60.200,0.44,15805.899980477989
14602,OK,103.400,0.44,15758.100023958832
14603,OK,86.300,0.44,15854.400000534952
14604,OK,49.700,0.44,15954.699949361384
14605,OK,53.200,0.44,15967.500046826899
14606,OK,60.600,0.44,15919.499972369522
14607,OK,62.000,0.44,15893.10000417754
14608,OK,74.100,0.44,15878.699952736497
14609,OK,65.600,0.44,15870.800008997321
14610,OK,56.400,0.44,15915.099997073412
14611,OK,46.500,0.44,15939.799952320755
14612,OK,57.800,0.44,15935.699979308993
14613,OK,66.800,0.44,15880.799968726933
14614,OK,61.800,0.44,15906.899992842227
14615,OK,66.500,0.44,15855.200006626546
14616,OK,91.600,0.44,15904.199972283095
14617,OK,66.500,0.44,15900.400001555681
14618,OK,65.200,0.44,15920.699981506914
14619,OK,69.200,0.44,15825.400012545288
14620,OK,72.500,0.44,15875.199984293431
14621,OK,63.800,0.44,15914.999996311963
14622,OK,61.300,0.44,15903.999970760196
14623,OK,59.400,0.44,15911.299968138337
14624,OK,62.000,0.44,15893.400006461889
14625,OK,72.600,0.44,15855.100005865097
14626,OK,52.100,0.44,15940.60001662001
14627,OK,48.700,0.44,15877.600002568215
14628,OK,77.800,0.44,15822.399989701807
14629,OK,66.900,0.44,15922.399994451553
14630,OK,56.900,0.44,15872.100018896163
14631,OK,84.600,0.44,15866.199973970652
14632,OK,51.600,0.44,15951.900044456124
14633,OK,59.900,0.44,15917.300013825297
14634,OK,60.400,0.44,15860.900050029159
14635,OK,69.000,0.44,15895.299962721765
14636,OK,61.600,0.44,15906.099986750633
14637,OK,74.900,0.44,15932.500013150275
14638,OK,80.100,0.44,15873.000025749207
14639,OK,88.500,0.44,15875.099983531982
14640,OK,77.000,0.44,15858.100028708577
14641,OK,58.100,0.44,15914.199990220368
14642,OK,65.400,0.44,15904.799976851791
14643,OK,68.800,0.44,15895.400021690875
14644,OK,73.900,0.44,15875.799988862127
14645,OK,71.500,0.44,15864.79996331036
14646,OK,95.400,0.44,15893.400006461889
14647,OK,69.500,0.44,15859.09997811541
14648,OK,69.700,0.44,15880.100021604449
14649,OK,59.500,0.44,15843.599976506084
14650,OK,95.900,0.44,15909.200010355562
14651,OK,64.800,0.44,15870.000002905726
14652,OK,123.600,0.44,15821.299981325865
14653,OK,109.500,0.44,15844.499983359128
14654,OK,77.500,0.44,15859.299979638308
14655,OK,69.700,0.44,15968.899999279529
14656,OK,67.900,0.44,15847.400005441159
14657,OK,67.900,0.44,15827.299968805164
14658,OK,67.500,0.44,15967.699990142137
14659,OK,67.300,0.44,15900.60000307858
14660,OK,66.300,0.44,15892.900002654642
14661,OK,90.200,0.44,15828.199975658208
14662,OK,76.200,0.44,15861.599997151643
14663,OK,87.300,0.44,15887.30001822114
14664,OK,73.300,0.44,15907.399996649474
14665,OK,88.800,0.44,15902.10001450032
14666,OK,86.400,0.44,15883.199987001717
14667,OK,112.300,0.44,15802.000008989125
14668,OK,82.100,0.44,15910.399961285293
14669,OK,77.600,0.44,15877.500001806766
14670,OK,72.500,0.44,15851.399977691472
14671,OK,100.900,0.44,15829.49998555705
14672,OK,69.600,0.44,15879.100013989955
14673,OK,67.300,0.44,15896.999975666404
14674,OK,73.800,0.44,15886.000008322299
14675,OK,67.900,0.44,15878.000005614012
14676,OK,63.800,0.44,15881.699975579977
14677,OK,74.800,0.44,15733.400010503829
14678,OK,109.200,0.44,15849.199960939586
14679,OK,135.400,0.44,15861.899999435991
14680,OK,165.700,0.44,15554.899990092963
14681,OK,56.400,0.44,15972.000022884458
14682,OK,60.200,0.44,15939.300006721169
14683,OK,69.000,0.44,15881.699975579977
14684,OK,75.600,0.44,15880.499966442585
14685,OK,72.400,0.44,15890.999988187104
14686,OK,102.200,0.44,15862.699947319925
14687,OK,62.100,0.44,15890.599985141307
14688,OK,65.500,0.44,15898.399986326694
14689,OK,67.700,0.44,15905.999985989183
14690,OK,65.300,0.44,15894.500014837831
14691,OK,60.200,0.44,15907.099994365126
14692,OK,72.700,0.44,15845.099987927824
14693,OK,61.300,0.44,15939.700009766966
14694,OK,81.600,0.44,15886.600012890995
14695,OK,61.900,0.44,15895.199961960316
14696,OK,59.400,0.44,15898.099984042346
14697,OK,68.400,0.44,15910.800022538751
14698,OK,66.400,0.44,15883.999993093312
14699,OK,66.200,0.44,15853.20004960522
14700,OK,53.500,0.44,15943.300037179142
14701,OK,97.500,0.44,15683.100034948438
14702,OK,91.900,0.44,15908.700006548315
14703,OK,97.300,0.44,15828.800038434565
14704,OK,91.600,0.44,15832.000004593283
14705,OK,86.700,0.44,15952.900052070618
14706,OK,102.100,0.44,15798.600041307509
14707,OK,84.800,0.44,15910.300018731505
14708,OK,73.100,0.44,15833.999961614609
14709,OK,76.400,0.44,15887.20001745969
14710,OK,66.200,0.44,15885.200002230704
14711,OK,74.000,0.44,15844.200039282441
14712,OK,67.300,0.44,15889.199974481016
14713,OK,70.300,0.44,15882.599982433021
14714,OK,70.800,0.44,15880.400023888797
14715,OK,64.200,0.44,15890.799986664206
14716,OK,111.600,0.44,15884.39999613911
14717,OK,71.100,0.44,15872.099960688502
14718,OK,93.200,0.44,15761.899994686246
14719,OK,55.800,0.44,15894.900017883629
14720,OK,52.400,0.44,16018.799971789122
14721,OK,73.800,0.44,15925.70001957938
14722,OK,71.300,0.44,15841.500018723309
14723,OK,61.300,0.44,15922.299993690103
14724,OK,56.700,0.44,15922.79999749735
14725,OK,142.700,0.44,15784.600051119924
14726,OK,73.600,0.44,15869.299997575581
14727,OK,66.600,0.44,15881.799976341426
14728,OK,61.100,0.44,15841.800021007657
14729,OK,65.700,0.44,15972.200024407357
14730,OK,60.700,0.44,15889.000031165779
14731,OK,81.500,0.44,15909.000008832663
14732,OK,65.800,0.44,15858.699975069612
14733,OK,63.300,0.44,15913.199982605875
14734,OK,63.800,0.44,16314.400010742247
14735,OK,302.700,0.44,15061.89996143803
14736,OK,77.300,0.44,15878.200007136911
14737,OK,78.000,0.44,15945.799998007715
14738,OK,58.900,0.44,15922.599995974451
14739,OK,49.300,0.44,15935.200033709407
14740,OK,62.000,0.44,15845.100046135485
14741,OK,65.300,0.44,15965.400030836463
14742,OK,123.000,0.44,15685.299993492663
14743,OK,105.800,0.44,15883.199987001717
14744,OK,73.700,0.44,16321.200004313141
14745,OK,112.600,0.44,15424.799988977611
14746,OK,94.400,0.44,15863.000007811934
14747,OK,89.200,0.44,15843.899978790432
14748,OK,114.200,0.44,15839.700005017221
14749,OK,100.700,0.44,15803.200018126518
14750,OK,102.900,0.44,15836.400038097054
14751,OK,99.800,0.44,15933.699964080006
14752,OK,104.200,0.44,15798.200038261712
14753,OK,140.200,0.44,15738.99999493733
14754,OK,108.300,0.44,15803.600021172315
14755,OK,109.500,0.44,15824.000001884997
14756,OK,77.600,0.44,15911.399968899786
14757,OK,85.600,0.44,15851.400035899132
14758,OK,98.100,0.44,15920.00003438443
14759,OK,126.100,0.44,15796.90002836287
14760,OK,118.400,0.44,15786.800009664148
14761,OK,116.500,0.44,15811.400022357702
14762,OK,117.300,0.44,15807.699994184077
14763,OK,109.800,0.44,15870.400005951524
14764,OK,80.900,0.44,15865.800029132515
14765,OK,93.900,0.44,15819.09996457398
14766,OK,59.000,0.44,15896.799974143505
14767,OK,138.900,0.44,15832.800010684878
14768,OK,100.900,0.44,15843.899978790432
14769,OK,115.900,0.44,15815.399994608015
14770,OK,71.200,0.44,15867.399983108044
14771,OK,110.600,0.44,15841.30001720041
14772,OK,105.200,0.44,15782.500035129488
14773,OK,105.400,0.44,15841.999964322895
14774,OK,96.800,0.44,15882.69998319447
14775,OK,90.600,0.44,15815.899998415262
14776,OK,96.300,0.44,15836.599981412292
14777,OK,97.800,0.44,15837.1000434272
14778,OK,99.800,0.44,15869.39999833703
14779,OK,106.100,0.44,15895.899967290461
14780,OK,93.200,0.44,15826.799964997917
14781,OK,64.200,0.44,15946.300001814961
14782,OK,70.200,0.44,15947.99995655194
14783,OK,120.200,0.44,15757.800021674484
14784,OK,89.900,0.44,15855.200006626546
14785,OK,98.900,0.44,15829.49998555705
14786,OK,90.100,0.44,15818.299958482385
14787,OK,76.300,0.44,15884.19999461621
14788,OK,90.200,0.44,15858.400030992925
14789,OK,78.200,0.44,16038.900008425117
14790,OK,220.300,0.44,15460.799972061068
14791,OK,99.600,0.44,15833.700017537922
14792,OK,100.700,0.44,15913.699986413121
14793,OK,69.900,0.44,15908.700006548315
14794,OK,99.200,0.44,15839.300001971424
14795,OK,89.400,0.44,15858.100028708577
14796,OK,82.100,0.44,15837.199985980988
14797,OK,57.300,0.44,15934.100025333464
14798,OK,74.100,0.44,15892.299998085946
14799,OK,80.700,0.44,15886.400011368096
14800,OK,54.600,0.44,15902.399958577007
14801,OK,89.900,0.44,15977.300005033612
14802,OK,123.400,0.44,15765.399963129312
14803,OK,251.400,0.44,15500.199981033802
14804,OK,59.200,0.44,15773.600025568157
14805,OK,81.000,0.44,15947.600011713803
14806,OK,87.500,0.44,15921.200043521821
14807,OK,146.900,0.44,15728.200029116124
14808,OK,76.100,0.44,15856.300015002489
14809,OK,88.500,0.44,15840.100008063018
14810,OK,78.200,0.44,16079.599969089031
14811,OK,55.500,0.44,15870.89995155111
14812,OK,60.400,0.44,15922.099992167205
14813,OK,82.600,0.44,15941.000019665807
14814,OK,115.800,0.44,16011.59997517243
14815,OK,123.900,0.44,15894.70001636073
14816,OK,187.800,0.44,15608.300047460943
14817,OK,192.600,0.44,15826.29996119067
14818,OK,186.400,0.44,15481.899958103895
14819,OK,253.500,0.44,15392.000030260533
14820,OK,144.600,0.44,15744.499978609383
14821,OK,133.500,0.44,16142.299980856478
14822,OK,96.300,0.44,15794.900013133883
14823,OK,106.100,0.44,15613.500028848648
14824,OK,145.000,0.44,15939.00000443682
14825,OK,139.300,0.44,15662.299992982298
14826,OK,151.000,0.44,15740.60000712052
14827,OK,111.300,0.44,15815.199993085116
14828,OK,132.300,0.44,15722.599986474961
14829,OK,72.700,0.44,15856.500016525388
14830,OK,61.100,0.44,15909.200010355562
14831,OK,92.900,0.44,15918.900026008487
14832,OK,61.500,0.44,15978.300012648106
14833,OK,50.300,0.44,15799.600048922002
14834,OK,63.200,0.44,15932.800015434623
14835,OK,58.100,0.44,15887.09995849058
14836,OK,83.600,0.44,15918.999968562275
14837,OK,65.500,0.44,15885.200002230704
14838,OK,75.900,0.44,15917.700016871095
14839,OK,85.000,0.44,15818.500018212944
14840,OK,70.400,0.44,15963.300014846027
14841,OK,73.200,0.44,15887.499961536378
14842,OK,75.800,0.44,15876.199991907924
14843,OK,80.000,0.44,15848.000010009855
14844,OK,76.500,0.44,15953.199996147305
14845,OK,109.400,0.44,15706.7000400275
14846,OK,102.000,0.44,15948.199958074838
14847,OK,70.400,0.44,15858.699975069612
14848,OK,92.000,0.44,15891.299990471452
14849,OK,74.600,0.44,15812.900033779442
14850,OK,68.300,0.44,15837.799990549684
14851,OK,73.400,0.44,15905.899985227734
14852,OK,96.300,0.44,15833.399957045913
14853,OK,70.400,0.44,15929.799992591143
14854,OK,76.600,0.44,15920.900041237473
14855,OK,98.900,0.44,15771.300008054823
14856,OK,101.600,0.44,15821.200038772076
14857,OK,101.100,0.44,15817.400009837002
14858,OK,87.700,0.44,15962.100005708635
14859,OK,79.100,0.44,15886.700013652444
14860,OK,69.200,0.44,15899.399993941188
14861,OK,69.200,0.44,15894.400014076382
14862,OK,71.600,0.44,15885.300002992153
14863,OK,72.600,0.44,15881.799976341426
14864,OK,67.500,0.44,15893.000003416091
14865,OK,66.900,0.44,15907.099994365126
14866,OK,71.800,0.44,15893.10000417754
14867,OK,74.000,0.44,15886.500012129545
14868,OK,70.500,0.44,15899.400052148849
14869,OK,88.100,0.44,15846.499998588115
14870,OK,88.100,0.44,15877.999947406352
14871,OK,81.000,0.44,15872.699965257198
14872,OK,64.800,0.44,15862.400003243238
14873,OK,90.300,0.44,15834.999969229102
14874,OK,73.500,0.44,15901.299950201064
14875,OK,57.300,0.44,15889.399976003915
14876,OK,70.200,0.44,15925.90002110228
14877,OK,53.000,0.44,15830.99999697879
14878,OK,62.000,0.44,15955.799957737327
14879,OK,72.600,0.44,15810.999961104244
14880,OK,68.400,0.44,15893.500007223338
14881,OK,83.900,0.44,15878.800011705607
14882,OK,74.100,0.44,15942.900034133345
14883,OK,82.200,0.44,15917.400014586747
14884,OK,106.600,0.44,15832.700009923428
14885,OK,82.000,0.44,15855.699952226132
14886,OK,74.800,0.44,15865.800029132515
14887,OK,64.800,0.44,15923.500002827495
14888,OK,63.100,0.44,15802.000008989125
14889,OK,70.400,0.44,15856.800018809736
14890,OK,59.700,0.44,15928.399981930852
14891,OK,60.300,0.44,15956.80002355948
14892,OK,66.200,0.44,15933.299961034209
14893,OK,68.300,0.44,15889.799979049712
14894,OK,95.500,0.44,15871.299954596907
14895,OK,69.000,0.44,15879.90002008155
14896,OK,72.200,0.44,15889.499976765364
14897,OK,65.900,0.44,15869.900002144277
14898,OK,71.100,0.44,15867.299982346594
14899,OK,55.400,0.44,15949.200023896992
14900,OK,73.200,0.44,15944.199985824525
14901,OK,70.900,0.44,15709.600003901869
14902,OK,95.200,0.44,16102.800029329956
14903,OK,80.300,0.44,15611.200011335313
14904,OK,74.000,0.44,15908.600005786866
14905,OK,64.500,0.44,15817.70001212135
14906,OK,172.900,0.44,15777.099994011223
14907,OK,82.900,0.44,15888.69997067377
14908,OK,88.200,0.44,15833.90001906082
14909,OK,78.500,0.44,15887.09995849058
14910,OK,51.200,0.44,15882.899984717369
14911,OK,52.400,0.44,15935.699979308993
14912,OK,73.300,0.44,15932.99995874986
14913,OK,68.500,0.44,15866.899979300797
14914,OK,96.900,0.44,15891.899995040148
14915,OK,58.400,0.44,15853.30005036667
14916,OK,69.700,0.44,15962.200006470084
14917,OK,55.000,0.44,15878.900012467057
14918,OK,52.600,0.44,15929.199988022447
14919,OK,83.000,0.44,15917.199954856187
14920,OK,62.700,0.44,15882.599982433021
14921,OK,62.600,0.44,15963.600017130375
14922,OK,90.900,0.44,15831.400000024587
14923,OK,73.400,0.44,15887.30001822114
14924,OK,74.000,0.44,15880.199964158237
14925,OK,69.200,0.44,15907.399996649474
14926,OK,86.300,0.44,15837.899991311133
14927,OK,71.600,0.44,15920.599980745465
14928,OK,102.900,0.44,15820.49997523427
14929,OK,58.800,0.44,15928.899985738099
14930,OK,66.500,0.44,15875.39998581633
14931,OK,132.700,0.44,15844.399982597679
14932,OK,70.900,0.44,15821.99998665601
14933,OK,87.100,0.44,15856.20001424104
14934,OK,97.500,0.44,16050.399979576468
14935,OK,95.500,0.44,15683.499979786575
14936,OK,179.100,0.44,15627.700020559132
14937,OK,54.800,0.44,15994.899964425713
14938,OK,72.600,0.44,15800.399996805936
14939,OK,70.400,0.44,15958.40003574267
14940,OK,89.600,0.44,15863.999957218766
14941,OK,75.900,0.44,15939.400007482618
14942,OK,67.300,0.44,15874.900040216744
14943,OK,64.600,0.44,15888.299967627972
14944,OK,65.700,0.44,15920.699981506914
14945,OK,66.800,0.44,15863.800013903528
14946,OK,66.600,0.44,15923.200000543147
14947,OK,63.100,0.44,15889.799979049712
14948,OK,64.000,0.44,15908.00000121817
14949,OK,73.100,0.44,15844.200039282441
14950,OK,68.800,0.44,15931.200003251433
14951,OK,88.200,0.44,15809.700009413064
14952,OK,74.800,0.44,15922.999999020249
14953,OK,52.600,0.44,15902.800019830465
14954,OK,71.600,0.44,15866.799978539348
14955,OK,80.000,0.44,15949.899971019477
14956,OK,65.000,0.44,15928.499982692301
14957,OK,71.500,0.44,15841.100015677512
14958,OK,71.100,0.44,15865.999972447753
14959,OK,93.500,0.44,15821.099979802966
14960,OK,75.700,0.44,15951.599983964115
14961,OK,67.000,0.44,15899.399993941188
14962,OK,66.500,0.44,15844.800043851137
14963,OK,70.700,0.44,15918.40002220124
14964,OK,65.300,0.44,15897.100034635514
14965,OK,58.700,0.44,15914.499992504716
14966,OK,48.600,0.44,15919.700032100081
14967,OK,67.800,0.44,15917.400014586747
14968,OK,66.500,0.44,15872.999967541546
14969,OK,60.900,0.44,15973.599976859987
14970,OK,202.800,0.44,15592.699986882508
14971,OK,83.300,0.44,15852.899989113212
14972,OK,69.400,0.44,15904.89997761324
14973,OK,66.700,0.44,15841.899963561445
14974,OK,60.400,0.44,15896.899974904954
14975,OK,60.700,0.44,15899.299993179739
14976,OK,61.100,0.44,15862.00000019744
14977,OK,56.400,0.44,16018.699971027672
14978,OK,163.200,0.44,15658.799966331571
14979,OK,105.000,0.44,15887.40001898259
14980,OK,67.100,0.44,15927.19997279346
14981,OK,91.900,0.44,15841.100015677512
14982,OK,107.600,0.44,15787.90001804009
14983,OK,113.600,0.44,15893.800009507686
14984,OK,72.700,0.44,15887.40001898259
14985,OK,77.300,0.44,15847.400005441159
14986,OK,86.800,0.44,15907.699998933822
14987,OK,69.600,0.44,15867.599984630942
14988,OK,62.100,0.44,15851.399977691472
14989,OK,103.800,0.44,15872.099960688502
14990,OK,62.100,0.44,15890.30004106462
14991,OK,50.900,0.44,15920.299978461117
14992,OK,49.400,0.44,15959.600044880062
14993,OK,84.700,0.44,15759.300033096224
14994,OK,67.700,0.44,15907.399996649474
14995,OK,85.100,0.44,15886.799956206232
14996,OK,109.100,0.44,15873.200027272105
14997,OK,101.300,0.44,15786.799951456487
14998,OK,108.500,0.44,15813.699981663376
14999,OK,97.000,0.44,15875.099983531982
15000,OK,95.400,0.44,15853.899996727705
15001,OK,101.600,0.44,15678.900002967566
15002,OK,95.100,0.44,16218.799981288612
15003,OK,310.900,0.44,15140.300034545362
15004,OK,103.100,0.44,15878.600010182709
15005,OK,91.100,0.44,15852.399985305965
15006,OK,112.900,0.44,15775.99998563528
15007,OK,96.800,0.44,15851.299976930022
15008,OK,121.200,0.44,15869.900002144277
15009,OK,124.600,0.44,15757.799963466823
15010,OK,94.800,0.44,15864.500019233674
15011,OK,107.000,0.44,15841.100015677512
15012,OK,89.800,0.44,15845.599991735071
15013,OK,95.700,0.44,15812.299971003085
15014,OK,76.700,0.44,15885.600005276501
15015,OK,61.900,0.44,15968.69999775663
15016,OK,98.200,0.44,15895.99996805191
15017,OK,171.500,0.44,15842.9000293836
15018,OK,162.200,0.44,15638.800046872348
15019,OK,76.300,0.44,15875.39998581633
15020,OK,73.100,0.44,15865.400026086718
15021,OK,65.800,0.44,15884.899999946356
15022,OK,94.000,0.44,15895.200020167977
15023,OK,84.800,0.44,15864.300017710775
15024,OK,89.400,0.44,15825.699956621975
15025,OK,85.800,0.44,15867.299982346594
15026,OK,72.000,0.44,15866.999980062246
15027,OK,63.400,0.44,15898.599987849593
15028,OK,62.300,0.44,15904.100029729307
15029,OK,67.200,0.44,15951.299981679767
15030,OK,88.900,0.44,15900.599944870919
15031,OK,118.600,0.44,15728.59997395426
15032,OK,80.900,0.44,15856.600017286837
15033,OK,73.700,0.44,15929.399989545345
15034,OK,69.900,0.44,15910.500020254403
15035,OK,91.100,0.44,15871.999959927052
15036,OK,105.500,0.44,15873.100026510656
15037,OK,92.800,0.44,15822.299988940358
15038,OK,88.800,0.44,15875.499986577779
15039,OK,101.400,0.44,15856.799960602075
15040,OK,117.600,0.44,15772.600017953664
15041,OK,81.500,0.44,15867.89998691529
15042,OK,83.300,0.44,15881.399973295629
15043,OK,83.000,0.44,15865.300025325269
15044,OK,71.700,0.44,15885.90000756085
15045,OK,88.700,0.44,15837.499988265336
15046,OK,83.400,0.44,15813.699981663376
15047,OK,83.600,0.44,15930.800000205636
15048,OK,62.300,0.44,15833.599958568811
15049,OK,75.600,0.44,15903.100022114813
15050,OK,73.600,0.44,15914.699994027615
15051,OK,89.100,0.44,15845.69999249652
15052,OK,85.500,0.44,15867.699985392392
15053,OK,98.000,0.44,15872.000018134713
15054,OK,87.500,0.44,15846.900001633912
15055,OK,89.000,0.44,15842.9000293836
15056,OK,78.600,0.44,16019.999980926514
15057,OK,244.900,0.44,15489.99996157363
15058,OK,63.300,0.44,15958.000032696873
15059,OK,59.600,0.44,15798.39998157695
15060,OK,88.400,0.44,15899.399993941188
15061,OK,82.900,0.44,15913.400042336434
15062,OK,180.400,0.44,15889.599977526814
15063,OK,237.700,0.44,15770.900005009025
15064,OK,183.100,0.44,15625.500003807247
15065,OK,225.500,0.44,15459.500020369887
15066,OK,92.100,0.44,15866.599977016449
15067,OK,76.000,0.44,15826.000017113984
15068,OK,55.000,0.44,16109.000018332154
15069,OK,57.700,0.44,15920.900041237473
15070,OK,76.900,0.44,15896.299970336258
15071,OK,83.100,0.44,16161.000006832182
15072,OK,116.400,0.44,15768.299985211343
15073,OK,151.200,0.44,15504.500013776124
15074,OK,172.000,0.44,15886.200009845197
15075,OK,164.200,0.44,15652.400034014136
15076,OK,257.200,0.44,15514.200029429048
15077,OK,128.400,0.44,15582.699968945235
15078,OK,114.000,0.44,15967.700048349798
15079,OK,152.900,0.44,15578.299993649125
15080,OK,84.200,0.44,15864.099957980216
15081,OK,61.200,0.44,15872.200019657612
15082,OK,55.100,0.44,15956.80002355948
15083,OK,57.000,0.44,15894.000011030585
15084,OK,71.800,0.44,15879.79996111244
15085,OK,65.500,0.44,15878.799953497946
15086,OK,93.000,0.44,15881.100029218942
15087,OK,76.300,0.44,15864.400018472224
15088,OK,115.500,0.44,15804.30002650246
15089,OK,77.800,0.44,15945.599996484816
15090,OK,70.200,0.44,15897.300036158413
15091,OK,70.600,0.44,15871.400013566017
15092,OK,69.300,0.44,15888.500027358532
15093,OK,70.100,0.44,15886.099950876087
15094,OK,70.300,0.44,15894.699958153069
15095,OK,63.900,0.44,15878.700010944158
15096,OK,64.900,0.44,15854.500001296401
15097,OK,53.400,0.44,15882.79998395592
15098,OK,31.800,0.44,16021.799994632602
15099,OK,51.800,0.44,15839.90000654012
15100,OK,58.200,0.44,15945.399994961917
15101,OK,55.500,0.44,15848.399954847991
15102,OK,50.800,0.44,15957.500028889626
15103,OK,84.000,0.44,15855.900011956692
15104,OK,66.300,0.44,15872.000018134713
15105,OK,75.500,0.44,15874.300035648048
15106,OK,70.800,0.44,15944.99999191612
15107,OK,52.200,0.44,15892.399998847395
15108,OK,80.300,0.44,15867.799986153841
15109,OK,53.900,0.44,15924.800012726337
15110,OK,62.600,0.44,15831.600001547486
15111,OK,69.600,0.44,15902.699960861355
15112,OK,55.900,0.44,15973.19997381419
15113,OK,65.000,0.44,15920.399979222566
15114,OK,63.300,0.44,15908.299945294857
15115,OK,70.200,0.44,15885.600005276501
15116,OK,84.300,0.44,15864.300017710775
15117,OK,89.300,0.44,15865.300025325269
15118,OK,70.600,0.44,15893.400006461889
15119,OK,79.000,0.44,15881.600033026189
15120,OK,58.700,0.44,15866.899979300797
15121,OK,82.900,0.44,15840.000007301569
15122,OK,54.300,0.44,15915.29999859631
15123,OK,64.400,0.44,15920.399979222566
15124,OK,62.200,0.44,15836.79998293519
15125,OK,84.200,0.44,15821.500041056424
15126,OK,52.200,0.44,15962.500008754432
15127,OK,87.200,0.44,15832.600009161979
15128,OK,73.000,0.44,15944.89999115467
15129,OK,60.800,0.44,15903.300023637712
15130,OK,50.200,0.44,15927.600034046918
15131,OK,54.700,0.44,15874.400036409497
15132,OK,97.200,0.44,15878.000005614012
15133,OK,79.900,0.44,16082.100046332926
15134,OK,223.100,0.44,15472.50000294298
15135,OK,61.900,0.44,15906.999993603677
15136,OK,53.700,0.44,15858.700033277273
15137,OK,102.000,0.44,15872.799966018647
15138,OK,66.800,0.44,15835.800033528358
15139,OK,97.600,0.44,15880.199964158237
15140,OK,63.100,0.44,15883.999993093312
15141,OK,55.200,0.44,15910.300018731505
15142,OK,53.900,0.44,15915.50000011921
15143,OK,63.000,0.44,15929.200046230108
15144,OK,65.900,0.44,15842.100023292005
15145,OK,60.600,0.44,15877.800004091114
15146,OK,54.300,0.44,15942.899975925684
15147,OK,80.900,0.44,15856.699959840626
15148,OK,83.000,0.44,15979.1000187397
15149,OK,62.400,0.44,15830.499993171543
15150,OK,93.000,0.44,15927.899978123605
15151,OK,71.100,0.44,15870.400005951524
15152,OK,64.700,0.44,15817.100007552654
15153,OK,92.700,0.44,15853.19999139756
15154,OK,67.200,0.44,15932.399954181165
15155,OK,67.200,0.44,15847.000002395362
15156,OK,84.000,0.44,15927.09997203201
15157,OK,60.900,0.44,15910.600021015853
15158,OK,61.500,0.44,15841.100015677512
15159,OK,84.600,0.44,15938.900003675371
15160,OK,62.300,0.44,15904.800035059452
15161,OK,64.900,0.44,15812.400029972196
15162,OK,113.100,0.44,15857.300022616982
15163,OK,75.000,0.44,15933.000016957521
15164,OK,72.300,0.44,15800.399996805936
15165,OK,83.700,0.44,15960.399992763996
15166,OK,60.000,0.44,15861.399995628744
15167,OK,57.600,0.44,15901.89995476976
15168,OK,73.000,0.44,15943.299978971481
15169,OK,71.300,0.44,15888.299967627972
15170,OK,76.400,0.44,15858.100028708577
15171,OK,68.200,0.44,15895.100019406527
15172,OK,88.500,0.44,15887.000015936792
15173,OK,92.800,0.44,15862.800006289035
15174,OK,68.300,0.44,15895.500022452325
15175,OK,79.400,0.44,15872.39996297285
15176,OK,100.800,0.44,15782.199974637479
15177,OK,81.300,0.44,15910.499962046742
15178,OK,63.600,0.44,15873.200027272105
15179,OK,51.400,0.44,15982.999990228564
15180,OK,132.000,0.44,15738.399990368634
15181,OK,57.400,0.44,15873.700031079352
15182,OK,60.900,0.44,15918.599965516478
15183,OK,56.600,0.44,15945.799998007715
15184,OK,81.700,0.44,15843.999979551882
15185,OK,55.400,0.44,15924.500010441989
15186,OK,82.400,0.44,15892.099996563047
15187,OK,68.900,0.44,15835.600032005459
15188,OK,77.600,0.44,15913.500043097883
15189,OK,64.000,0.44,15884.099993854761
15190,OK,61.900,0.44,15901.000006124377
15191,OK,68.500,0.44,15935.799980070442
15192,OK,68.900,0.44,15851.80003894493
15193,OK,67.000,0.44,15906.100044958293
15194,OK,64.900,0.44,15897.399978712201
15195,OK,64.100,0.44,15910.000016447157
15196,OK,70.400,0.44,15889.000031165779
15197,OK,71.600,0.44,15871.800016611814
15198,OK,63.700,0.44,15923.500002827495
15199,OK,84.300,0.44,15795.40001694113
15200,OK,41.800,0.44,15928.600041661412
15201,OK,63.200,0.44,15867.399983108044
15202,OK,67.600,0.44,15968.499996233732
15203,OK,100.300,0.44,15836.9000419043
15204,OK,52.800,0.44,15918.900026008487
15205,OK,52.000,0.44,15902.400016784668
15206,OK,60.600,0.44,15889.399976003915
15207,OK,57.600,0.44,15932.100010104477
15208,OK,57.700,0.44,15907.099994365126
15209,OK,57.300,0.44,15874.299977440387
15210,OK,93.900,0.44,15932.600013911724
15211,OK,175.600,0.44,15638.899989426136
15212,OK,62.300,0.44,15911.299968138337
15213,OK,92.800,0.44,15854.099998250604
15214,OK,69.200,0.44,15881.100029218942
15215,OK,57.600,0.44,15917.700016871095
15216,OK,71.700,0.44,15905.1000373438
15217,OK,75.800,0.44,15856.299956794828
15218,OK,60.200,0.44,16008.59995232895
15219,OK,150.900,0.44,15767.699980642647
15220,OK,61.100,0.44,15877.099998760968
15221,OK,55.900,0.44,15885.8000067994
15222,OK,41.900,0.44,15927.20003100112
15223,OK,42.700,0.44,15958.000032696873
15224,OK,53.900,0.44,15903.799969237298
15225,OK,54.800,0.44,15999.399998690933
15226,OK,159.500,0.44,15656.600007787347
15227,OK,120.800,0.44,15813.999983947724
15228,OK,73.300,0.44,15963.300014846027
15229,OK,67.300,0.44,15858.299972023815
15230,OK,69.500,0.44,15915.900003165007
15231,OK,90.600,0.44,15794.099948834628
15232,OK,68.000,0.44,15866.199973970652
15233,OK,56.300,0.44,15903.000021353364
15234,OK,82.500,0.44,16258.900053799152
15235,OK,359.800,0.44,15040.499973110855
15236,OK,77.100,0.44,15874.799981247634
15237,OK,108.100,0.44,15802.80001508072
15238,OK,131.500,0.44,15876.79999647662
15239,OK,133.100,0.44,15668.200037907809
15240,OK,108.900,0.44,15937.799995299429
15241,OK,114.500,0.44,15747.700002975762
15242,OK,107.600,0.44,15879.099955782294
15243,OK,81.600,0.44,15831.500000786036
15244,OK,100.000,0.44,15812.200028449297
15245,OK,91.900,0.44,15901.99995553121
15246,OK,94.300,0.44,15843.799978028983
15247,OK,94.300,0.44,15863.50001161918
15248,OK,96.100,0.44,15819.20002354309
15249,OK,98.500,0.44,15840.400010347366
15250,OK,97.200,0.44,15837.899991311133
15251,OK,98.800,0.44,15823.199995793402
15252,OK,97.200,0.44,15889.000031165779
15253,OK,115.600,0.44,15795.899962540716
15254,OK,78.100,0.44,15860.70004850626
15255,OK,86.700,0.44,15892.600000370294
15256,OK,99.500,0.44,15920.399979222566
15257,OK,118.100,0.44,15798.499982338399
15258,OK,108.500,0.44,15869.900002144277
15259,OK,113.200,0.44,15795.600018464029
15260,OK,118.600,0.44,15839.200001209974
15261,OK,104.500,0.44,15762.299997732043
15262,OK,79.600,0.44,15903.799969237298
15263,OK,81.100,0.44,15888.400026597083
15264,OK,87.900,0.44,15818.000014405698
15265,OK,86.500,0.44,15830.79999545589
15266,OK,93.200,0.44,15898.499987088144
15267,OK,70.600,0.44,15927.399974316359
15268,OK,83.800,0.44,15920.699981506914
15269,OK,70.400,0.44,15872.899966780096
15270,OK,75.600,0.44,15865.500026848167
15271,OK,95.400,0.44,15859.199978876859
15272,OK,72.000,0.44,15856.699959840626
15273,OK,73.300,0.44,15930.499997921288
15274,OK,137.900,0.44,15726.200013887137
15275,OK,102.200,0.44,15898.099984042346
15276,OK,71.000,0.44,15896.600030828267
15277,OK,85.600,0.44,15718.599956016988
15278,OK,82.900,0.44,15850.600029807538
15279,OK,86.100,0.44,15870.500006712973
15280,OK,80.700,0.44,15927.700034808367
15281,OK,88.500,0.44,15955.899958498776
15282,OK,107.000,0.44,15730.19998613745
15283,OK,93.800,0.44,15848.500013817102
15284,OK,84.600,0.44,15844.29998183623
15285,OK,77.600,0.44,15922.6999967359
15286,OK,73.200,0.44,15883.400046732277
15287,OK,86.500,0.44,15854.60000205785
15288,OK,83.000,0.44,15866.000030655414
15289,OK,97.000,0.44,15899.599995464087
15290,OK,86.700,0.44,15822.199988178909
15291,OK,83.600,0.44,15828.399977181107
15292,OK,62.600,0.44,15968.299994710833
15293,OK,75.800,0.44,15911.1000248231
15294,OK,100.100,0.44,15789.300028700382
15295,OK,74.100,0.44,15886.099950876087
15296,OK,69.400,0.44,15896.399971097708
15297,OK,93.200,0.44,15875.39998581633
15298,OK,90.300,0.44,15799.199987668544
15299,OK,73.500,0.44,15988.099970854819
15300,OK,58.400,0.44,15999.700000975281
15301,OK,117.900,0.44,15622.999984771013
15302,OK,94.900,0.44,15782.300033606589
15303,OK,116.100,0.44,15872.099960688502
15304,OK,117.900,0.44,16161.900013685226
15305,OK,136.700,0.44,15709.40000237897
15306,OK,206.600,0.44,15548.099996522069
15307,OK,231.300,0.44,15557.000006083399
15308,OK,114.800,0.44,15771.299949847162
15309,OK,121.200,0.44,15733.20000898093
15310,OK,111.600,0.44,15771.400008816272
15311,OK,95.900,0.44,15868.700051214546
15312,OK,116.300,0.44,15913.100040052086
15313,OK,173.000,0.44,15651.000023353845
15314,OK,85.200,0.44,15865.500026848167
15315,OK,73.700,0.44,15909.900015685707
15316,OK,85.400,0.44,15839.600004255772
15317,OK,58.400,0.44,15911.00002406165
15318,OK,63.000,0.44,15889.700036495924
15319,OK,81.100,0.44,15834.799967706203
15320,OK,52.500,0.44,15980.100026354194
15321,OK,70.900,0.44,15893.700008746237
15322,OK,53.700,0.44,15917.800017632544
15323,OK,69.500,0.44,15908.300003502518
15324,OK,64.800,0.44,15871.600015088916
15325,OK,66.900,0.44,15951.299981679767
15326,OK,54.400,0.44,15911.900030914694
15327,OK,54.800,0.44,15911.499969661236
15328,OK,56.500,0.44,15869.199996814132
15329,OK,52.900,0.44,15972.900029737502
15330,OK,54.900,0.44,15925.000014249235
15331,OK,71.900,0.44,15844.699984882027
15332,OK,59.400,0.44,15948.700020089746
15333,OK,67.600,0.44,15871.10001128167
15334,OK,69.900,0.44,15869.099996052682
15335,OK,115.500,0.44,15820.699976757169
15336,OK,69.000,0.44,15935.199975501746
15337,OK,86.700,0.44,15868.999995291233
15338,OK,82.400,0.44,15909.60001340136
15339,OK,78.700,0.44,15829.29998403415
15340,OK,77.500,0.44,15825.499955099076
15341,OK,104.600,0.44,15838.39999511838
15342,OK,88.700,0.44,15852.600045036525
15343,OK,84.400,0.44,15901.900012977421
15344,OK,57.400,0.44,15915.800002403557
15345,OK,51.200,0.44,15881.900035310537
15346,OK,53.800,0.44,15922.400052659214
15347,OK,54.900,0.44,15929.799992591143
15348,OK,56.000,0.44,15917.300013825297
15349,OK,52.000,0.44,15943.800040986389
15350,OK,100.400,0.44,15768.399985972792
15351,OK,56.100,0.44,15959.499985910952
15352,OK,50.300,0.44,15894.80001712218
15353,OK,59.100,0.44,15941.399964503944
15354,OK,64.000,0.44,15902.00001373887
15355,OK,71.200,0.44,15828.10003310442
15356,OK,99.700,0.44,15828.999981749803
15357,OK,83.900,0.44,15915.50000011921
15358,OK,62.900,0.44,15905.700041912496
15359,OK,53.700,0.44,15866.499976255
15360,OK,53.300,0.44,15986.900019925088
15361,OK,61.600,0.44,15780.60002066195
15362,OK,73.000,0.44,15895.800024736673
15363,OK,71.800,0.44,15922.199992928654
15364,OK,93.100,0.44,15866.39997549355
15365,OK,86.700,0.44,15778.300003148615
15366,OK,82.100,0.44,15863.300010096282
15367,OK,103.600,0.44,15836.499980650842
15368,OK,84.100,0.44,15861.599997151643
15369,OK,70.700,0.44,15966.700040735304
15370,OK,61.900,0.44,15862.600004766136
15371,OK,70.200,0.44,15933.10001771897
15372,OK,86.100,0.44,15840.600011870265
15373,OK,102.000,0.44,15825.900016352534
15374,OK,75.400,0.44,15900.49994410947
15375,OK,60.900,0.44,15898.99999089539
15376,OK,64.300,0.44,15896.30002854392
15377,OK,58.200,0.44,15970.800013747066
15378,OK,74.400,0.44,15879.299957305193
15379,OK,66.800,0.44,15916.600008495152
15380,OK,69.600,0.44,15914.499992504716
15381,OK,72.000,0.44,15882.199979387224
15382,OK,71.900,0.44,15863.400010857731
15383,OK,64.200,0.44,15909.499954432249
15384,OK,55.900,0.44,15885.100001469254
15385,OK,72.200,0.44,15845.600049942732
15386,OK,98.900,0.44,15818.89996305108
15387,OK,86.400,0.44,15879.500017035753
15388,OK,81.100,0.44,15924.500010441989
15389,OK,61.100,0.44,15863.60001238063
15390,OK,78.100,0.44,16007.700003683567
15391,OK,66.300,0.44,15770.600002724677
15392,OK,71.800,0.44,15932.800015434623
15393,OK,69.800,0.44,15835.199970752
15394,OK,66.300,0.44,15888.69997067377
15395,OK,68.400,0.44,15851.000032853335
15396,OK,56.300,0.44,15947.79995502904
15397,OK,61.000,0.44,15848.000010009855
15398,OK,61.200,0.44,15880.799968726933
15399,OK,80.800,0.44,15866.60003522411
15400,OK,57.700,0.44,15886.399953160435
15401,OK,88.800,0.44,15807.899995706975
15402,OK,61.000,0.44,15872.900024987757
15403,OK,56.600,0.44,15914.899995550513
15404,OK,60.500,0.44,15918.100019916892
15405,OK,59.500,0.44,15906.39998903498
15406,OK,71.800,0.44,15899.500052910298
15407,OK,77.200,0.44,15890.100039541721
15408,OK,61.200,0.44,15954.800008330494
15409,OK,160.500,0.44,15678.499999921769
15410,OK,96.400,0.44,15880.799968726933
15411,OK,62.600,0.44,15963.800018653274
15412,OK,94.300,0.44,15789.999975822866
15413,OK,130.900,0.44,15778.100001625717
15414,OK,60.000,0.44,15904.700034298003
15415,OK,59.200,0.44,15907.599998172373
15416,OK,128.800,0.44,15778.300003148615
15417,OK,57.900,0.44,15905.299980659038
15418,OK,84.400,0.44,15881.800034549087
15419,OK,59.000,0.44,15902.699960861355
15420,OK,57.600,0.44,15911.00002406165
15421,OK,66.500,0.44,15907.499997410923
15422,OK,57.500,0.44,15904.89997761324
15423,OK,61.400,0.44,15952.699992340058
15424,OK,62.400,0.44,15901.400009170175
15425,OK,65.700,0.44,15870.69995002821
15426,OK,56.000,0.44,15895.699965767562
15427,OK,75.300,0.44,15907.90000045672
15428,OK,79.200,0.44,15856.499958317727
15429,OK,60.800,0.44,15904.599975328892
15430,OK,79.900,0.44,15833.599958568811
15431,OK,38.800,0.44,15963.000012561679
15432,OK,61.300,0.44,15863.099950365722
15433,OK,52.800,0.44,16340.49997664988
15434,OK,265.700,0.44,15204.100054688752
15435,OK,68.800,0.44,15896.10002702102
15436,OK,90.500,0.44,15931.80000782013
15437,OK,57.500,0.44,15933.999966364354
15438,OK,66.100,0.44,15888.199966866523
15439,OK,73.100,0.44,15888.70002888143
15440,OK,79.800,0.44,15961.699944455177
15441,OK,78.400,0.44,15824.800007976592
15442,OK,209.500,0.44,15650.899964384735
15443,OK,100.400,0.44,15818.000014405698
15444,OK,78.300,0.44,15894.400014076382
15445,OK,104.700,0.44,15846.399997826666
15446,OK,143.000,0.44,15772.300015669316
15447,OK,110.100,0.44,15886.600012890995
15448,OK,108.700,0.44,15869.700000621378
15449,OK,68.400,0.44,15871.800016611814
15450,OK,75.100,0.44,15886.300010606647
15451,OK,71.500,0.44,15867.299982346594
15452,OK,72.100,0.44,15855.100005865097
15453,OK,81.600,0.44,15888.999972958118
15454,OK,56.800,0.44,15942.300029564649
15455,OK,174.600,0.44,15654.299990274012
15456,OK,101.000,0.44,15906.49998979643
15457,OK,86.000,0.44,15867.99998767674
15458,OK,73.400,0.44,15913.600043859333
15459,OK,94.800,0.44,15857.299964409322
15460,OK,90.300,0.44,15868.599992245436
15461,OK,78.800,0.44,15866.400033701211
15462,OK,70.900,0.44,15883.099986240268
15463,OK,73.800,0.44,15881.099971011281
15464,OK,63.000,0.44,15933.19996027276
15465,OK,135.300,0.44,15667.900035623461
15466,OK,100.000,0.44,15939.700009766966
15467,OK,76.400,0.44,15824.600006453693
15468,OK,95.500,0.44,15891.099988948554
15469,OK,103.700,0.44,15833.100012969226
15470,OK,103.200,0.44,15819.499967619777
15471,OK,85.600,0.44,15934.80003066361
15472,OK,85.500,0.44,15868.699993006885
15473,OK,78.100,0.44,15785.499999765307
15474,OK,115.300,0.44,15841.29995899275
15475,OK,112.300,0.44,15898.899990133941
15476,OK,102.000,0.44,15805.79997971654
15477,OK,97.500,0.44,15827.300027012825
15478,OK,97.800,0.44,15730.100043583661
15479,OK,96.500,0.44,15854.800003580749
15480,OK,89.600,0.44,15845.299989450723
15481,OK,94.100,0.44,15847.800008486956
15482,OK,90.500,0.44,15898.399986326694
15483,OK,104.400,0.44,15833.100012969226
15484,OK,95.700,0.44,15852.999989874661
15485,OK,78.900,0.44,15821.89998589456
15486,OK,91.300,0.44,15860.399988014251
15487,OK,100.900,0.44,15872.199961449951
15488,OK,105.100,0.44,15838.899998925626
15489,OK,104.200,0.44,15832.300006877631
15490,OK,109.900,0.44,15847.700007725507
15491,OK,101.500,0.44,15911.699971184134
15492,OK,100.600,0.44,15776.799991726875
15493,OK,81.200,0.44,15907.499997410923
15494,OK,98.400,0.44,15809.499949682504
15495,OK,75.900,0.44,15927.600034046918
15496,OK,71.300,0.44,15900.800004601479
15497,OK,103.800,0.44,15832.000004593283
15498,OK,92.900,0.44,15867.399983108044
15499,OK,213.100,0.44,15615.899988915771
15500,OK,88.300,0.44,15816.20000069961
15501,OK,76.400,0.44,15921.799989882857
15502,OK,57.900,0.44,15816.800005268306
15503,OK,75.700,0.44,15875.000040978193
15504,OK,81.800,0.44,15936.19998311624
15505,OK,68.500,0.44,15943.400037940592
15506,OK,78.600,0.44,15865.10002380237
15507,OK,75.800,0.44,15940.199955366552
15508,OK,77.000,0.44,16034.199972636998
15509,OK,74.300,0.44,15599.400037899613
15510,OK,80.700,0.44,15952.49999081716
15511,OK,137.400,0.44,15725.500008556992
15512,OK,70.900,0.44,15854.400000534952
15513,OK,63.400,0.44,15976.499998942018
15514,OK,75.100,0.44,15892.499999608845
15515,OK,91.600,0.44,15872.499963734299
15516,OK,80.000,0.44,15879.000013228506
15517,OK,75.800,0.44,15966.999984811991
15518,OK,216.100,0.44,15603.200008627027
15519,OK,85.300,0.44,15824.900008738041
15520,OK,71.700,0.44,15872.900024987757
15521,OK,72.600,0.44,15852.399985305965
15522,OK,99.500,0.44,15887.900022789836
15523,OK,82.700,0.44,15836.300037335604
15524,OK,84.700,0.44,15811.600023880601
15525,OK,89.300,0.44,15956.099960021675
15526,OK,85.300,0.44,15826.39996195212
15527,OK,89.900,0.44,15850.899973884225
15528,OK,90.400,0.44,15882.000036071986
15529,OK,72.100,0.44,15917.600016109645
15530,OK,104.000,0.44,15704.600024037063
15531,OK,92.800,0.44,15918.100019916892
15532,OK,82.300,0.44,16053.700004704297
15533,OK,86.200,0.44,15687.699953559786
15534,OK,69.700,0.44,16057.799977716058
15535,OK,66.000,0.44,15843.899978790432
15536,OK,80.800,0.44,15943.59998125583
15537,OK,95.500,0.44,15761.599992401898
15538,OK,84.900,0.44,15978.300012648106
15539,OK,84.500,0.44,15950.99997939542
15540,OK,90.700,0.44,15665.00001354143
15541,OK,122.700,0.44,15790.199977345765
15542,OK,101.300,0.44,15744.800039101392
15543,OK,63.600,0.44,16073.599981609732
15544,OK,58.800,0.44,15767.000033520162
15545,OK,82.700,0.44,15919.599973130971
15546,OK,108.100,0.44,15904.399973805994
15547,OK,126.700,0.44,15893.400006461889
15548,OK,137.900,0.44,16017.100017052144
15549,OK,164.800,0.44,15897.099976427853
15550,OK,180.900,0.44,15748.200006783009
15551,OK,169.200,0.44,15607.999986968935
15552,OK,172.800,0.44,15443.300013430417
15553,OK,234.000,0.44,15557.900012936443
15554,OK,125.500,0.44,15880.999970249832
15555,OK,74.200,0.44,15665.00001354143
15556,OK,113.700,0.44,15874.199976678938
15557,OK,98.700,0.44,16020.999988541007
15558,OK,182.700,0.44,15454.100037459284
15559,OK,87.500,0.44,15871.10001128167
15560,OK,91.600,0.44,15935.800038278103
15561,OK,53.800,0.44,15908.300003502518
15562,OK,82.400,0.44,15799.500048160553
15563,OK,92.200,0.44,15921.599988359958
15564,OK,58.200,0.44,15824.800007976592
15565,OK,61.600,0.44,15910.400019492954
15566,OK,59.800,0.44,15897.399978712201
15567,OK,62.600,0.44,15959.999989718199
15568,OK,58.500,0.44,15890.09998133406
15569,OK,61.300,0.44,15884.29999537766
15570,OK,64.100,0.44,15885.8000067994
15571,OK,107.600,0.44,15884.499996900558
15572,OK,79.500,0.44,15904.100029729307
15573,OK,73.600,0.44,15904.699976090342
15574,OK,65.700,0.44,15923.900005873293
15575,OK,68.700,0.44,15896.800032351166
15576,OK,65.200,0.44,15842.099965084344
15577,OK,47.600,0.44,15908.00000121817
15578,OK,53.400,0.44,15928.299981169403
15579,OK,50.100,0.44,15928.499982692301
15580,OK,51.500,0.44,15919.80003286153
15581,OK,54.200,0.44,15894.60001559928
15582,OK,59.300,0.44,15917.899960186332
15583,OK,102.700,0.44,15829.800046049058
15584,OK,54.500,0.44,15919.600031338632
15585,OK,70.700,0.44,15889.799979049712
15586,OK,82.200,0.44,15886.199951637536
15587,OK,57.300,0.44,15940.70001738146
15588,OK,57.000,0.44,15890.899987425655
15589,OK,64.000,0.44,15906.900051049888
15590,OK,51.200,0.44,15941.500023473054
15591,OK,56.900,0.44,15892.099996563047
15592,OK,50.800,0.44,15901.200007647276
15593,OK,54.300,0.44,15821.99998665601
15594,OK,51.300,0.44,15937.59999377653
15595,OK,57.600,0.44,15978.300012648106
15596,OK,83.900,0.44,15804.0999667719
15597,OK,59.000,0.44,15908.00000121817
15598,OK,52.700,0.44,15958.599979057908
15599,OK,48.600,0.44,15858.899976592511
15600,OK,81.000,0.44,15897.500037681311
15601,OK,71.100,0.44,15832.800010684878
15602,OK,67.400,0.44,15899.499994702637
15603,OK,119.700,0.44,15901.200007647276
15604,OK,89.800,0.44,15836.299979127944
15605,OK,80.900,0.44,15777.69999857992
15606,OK,78.000,0.44,15959.600044880062
15607,OK,72.000,0.44,15877.500001806766
15608,OK,71.800,0.44,15918.39996399358
15609,OK,91.300,0.44,15787.000011187047
15610,OK,114.700,0.44,16093.600017484277
15611,OK,149.200,0.44,15438.799979165196
15612,OK,91.400,0.44,15853.09999063611
15613,OK,111.600,0.44,15869.49999909848
15614,OK,60.200,0.44,15848.300012294203
15615,OK,63.300,0.44,15981.499978806823
15616,OK,66.300,0.44,15859.899984207004
15617,OK,67.000,0.44,15955.200011376292
15618,OK,70.900,0.44,15819.299966096878
15619,OK,69.300,0.44,15896.399971097708
15620,OK,62.000,0.44,15881.700033787638
15621,OK,54.700,0.44,15943.59998125583
15622,OK,62.900,0.44,15888.899972196668
15623,OK,49.000,0.44,15987.99997009337
15624,OK,69.100,0.44,15809.000004082918
15625,OK,86.400,0.44,15933.399961795658
15626,OK,66.900,0.44,15777.49999705702
15627,OK,68.400,0.44,15955.30001213774
15628,OK,53.600,0.44,15852.199983783066
15629,OK,51.900,0.44,15996.399975847453
15630,OK,58.600,0.44,15894.300013314933
15631,OK,62.200,0.44,15878.599951975048
15632,OK,84.700,0.44,15858.800034038723
15633,OK,96.000,0.44,15873.700031079352
15634,OK,64.700,0.44,15835.40003048256
15635,OK,90.900,0.44,15886.100009083748
15636,OK,63.600,0.44,15924.399951472878
15637,OK,84.400,0.44,15908.900008071214
15638,OK,73.200,0.44,15846.800000872463
15639,OK,119.200,0.44,15810.000011697412
15640,OK,90.300,0.44,15915.50000011921
15641,OK,61.900,0.44,15927.000029478222
15642,OK,65.600,0.44,15862.600004766136
15643,OK,72.500,0.44,15916.000003926456
15644,OK,65.100,0.44,15910.599962808192
15645,OK,68.600,0.44,15821.100038010627
15646,OK,75.900,0.44,15884.599997662008
15647,OK,110.800,0.44,15833.79996009171
15648,OK,91.900,0.44,15836.999984458089
15649,OK,67.800,0.44,15920.899983029813
15650,OK,56.200,0.44,15903.5999677144
15651,OK,90.800,0.44,15926.599968224764
15652,OK,161.900,0.44,15635.40002098307
15653,OK,75.800,0.44,15940.899960696697
15654,OK,83.000,0.44,15906.099986750633
15655,OK,55.900,0.44,15953.199996147305
15656,OK,106.700,0.44,15692.000044509768
15657,OK,67.400,0.44,15950.99997939542
15658,OK,64.000,0.44,15870.400005951524
15659,OK,110.100,0.44,15904.799976851791
15660,OK,71.000,0.44,15886.300010606647
15661,OK,66.800,0.44,15934.299968648702
15662,OK,99.400,0.44,15786.800009664148
15663,OK,68.700,0.44,15894.900017883629
15664,OK,64.700,0.44,15876.299992669374
15665,OK,57.900,0.44,15945.199993439019
15666,OK,78.400,0.44,15951.299981679767
15667,OK,73.500,0.44,15874.199976678938
15668,OK,73.200,0.44,15855.600009672344
15669,OK,68.500,0.44,15829.199983272702
15670,OK,101.500,0.44,15901.000006124377
15671,OK,85.300,0.44,15793.400001712143
15672,OK,73.000,0.44,15916.9000107795
15673,OK,81.400,0.44,15859.399980399758
15674,OK,86.100,0.44,15936.999989207834
15675,OK,87.300,0.44,15831.299999263138
15676,OK,109.800,0.44,15885.8000067994
15677,OK,92.500,0.44,15790.99998343736
15678,OK,76.000,0.44,15842.400025576353
15679,OK,64.900,0.44,15889.899979811162
15680,OK,71.000,0.44,15909.800014924258
15681,OK,66.300,0.44,15915.800002403557
15682,OK,57.900,0.44,15824.000001884997
15683,OK,55.100,0.44,15939.700009766966
15684,OK,57.300,0.44,15905.899985227734
15685,OK,56.300,0.44,15903.699968475848
15686,OK,57.500,0.44,15893.000003416091
15687,OK,53.600,0.44,15903.3999661915
15688,OK,49.100,0.44,15986.199956387281
15689,OK,182.500,0.44,15629.49997605756
15690,OK,58.200,0.44,15956.90002432093
15691,OK,53.400,0.44,15896.600030828267
15692,OK,51.500,0.44,15926.200023386627
15693,OK,68.300,0.44,15904.99997837469
15694,OK,70.100,0.44,15806.299983523786
15695,OK,69.100,0.44,15869.299997575581
15696,OK,40.300,0.44,16041.000024415553
15697,OK,106.000,0.44,15851.099975407124
15698,OK,75.700,0.44,15850.19996855408
15699,OK,68.400,0.44,15950.499975588173
15700,OK,79.400,0.44,15878.30000789836
15701,OK,79.900,0.44,15772.800019476563
15702,OK,61.100,0.44,15903.999970760196
15703,OK,77.800,0.44,15914.999996311963
15704,OK,68.000,0.44,15895.300020929426
15705,OK,93.100,0.44,15841.200016438961
15706,OK,158.300,0.44,15708.999999333173
15707,OK,84.500,0.44,15843.399974983186
15708,OK,95.000,0.44,15834.600024390966
15709,OK,73.700,0.44,15995.900030247867
15710,OK,83.800,0.44,15836.69998217374
15711,OK,75.200,0.44,15827.99997413531
15712,OK,56.400,0.44,15895.799966529012
15713,OK,105.500,0.44,15814.49998775497
15714,OK,106.800,0.44,15870.500006712973
15715,OK,108.200,0.44,15822.399989701807
15716,OK,102.100,0.44,15842.700027860701
15717,OK,119.400,0.44,15825.600014068186
15718,OK,119.000,0.44,15804.799972102046
15719,OK,117.400,0.44,15838.499995879829
15720,OK,110.300,0.44,15853.599994443357
15721,OK,120.600,0.44,15809.000004082918
15722,OK,123.100,0.44,15844.699984882027
15723,OK,105.700,0.44,15788.200020324439
15724,OK,102.100,0.44,15858.199971262366
15725,OK,149.600,0.44,15798.499982338399
15726,OK,93.700,0.44,15850.09996779263
15727,OK,122.000,0.44,15802.300011273474
15728,OK,105.300,0.44,15860.200044699013
15729,OK,103.600,0.44,15828.700037673116
15730,OK,97.300,0.44,15854.7000028193
15731,OK,105.300,0.44,15797.499974723905
15732,OK,100.200,0.44,15876.599994953722
15733,OK,115.600,0.44,15822.299988940358
15734,OK,121.900,0.44,15825.900016352534
15735,OK,112.200,0.44,15812.899975571781
15736,OK,110.500,0.44,15865.800029132515
15737,OK,69.500,0.44,15856.499958317727
15738,OK,62.600,0.44,15938.099997583777
15739,OK,103.500,0.44,15880.200022365898
15740,OK,119.000,0.44,15800.699999090284
15741,OK,117.300,0.44,15801.09994392842
15742,OK,71.100,0.44,15838.999999687076
15743,OK,109.200,0.44,15784.89999519661
15744,OK,82.700,0.44,15910.500020254403
15745,OK,57.000,0.44,15922.499995213002
15746,OK,61.000,0.44,15944.400045555085
15747,OK,73.700,0.44,15894.500014837831
15748,OK,60.600,0.44,15903.5999677144
15749,OK,85.500,0.44,15870.200004428625
15750,OK,82.900,0.44,15785.700001288205
15751,OK,73.500,0.44,15901.900012977421
15752,OK,84.300,0.44,15917.800017632544
15753,OK,114.400,0.44,15802.600013557822
15754,OK,76.900,0.44,15955.799957737327
15755,OK,89.000,0.44,15829.699987079948
15756,OK,101.600,0.44,15797.299973201007
15757,OK,132.700,0.44,15799.499989952892
15758,OK,134.400,0.44,15772.300015669316
15759,OK,93.200,0.44,15865.00002304092
15760,OK,105.700,0.44,15825.699956621975
15761,OK,122.000,0.44,15915.50000011921
15762,OK,105.400,0.44,15793.300000950694
15763,OK,98.800,0.44,15755.900007206947
15764,OK,100.300,0.44,15893.400006461889
15765,OK,95.800,0.44,15825.999958906323
15766,OK,92.500,0.44,15910.200017970055
15767,OK,92.000,0.44,15812.600031495094
15768,OK,95.200,0.44,15881.999977864325
15769,OK,93.900,0.44,15840.799955185503
15770,OK,89.400,0.44,15882.099978625774
15771,OK,88.500,0.44,15855.500008910894
15772,OK,103.800,0.44,15836.700040381402
15773,OK,94.500,0.44,15813.399979379028
15774,OK,117.900,0.44,15834.499965421855
15775,OK,83.700,0.44,15868.799993768334
15776,OK,115.000,0.44,15929.600049275905
15777,OK,115.200,0.44,15958.800038788468
15778,OK,75.900,0.44,15902.10001450032
15779,OK,81.500,0.44,15953.199996147305
15780,OK,116.400,0.44,15643.799968529493
15781,OK,129.000,0.44,15735.800028778613
15782,OK,84.900,0.44,15878.000005614012
15783,OK,83.200,0.44,16055.899963248521
15784,OK,59.300,0.44,15811.69996643439
15785,OK,71.500,0.44,15915.50000011921
15786,OK,76.500,0.44,15859.600040130317
15787,OK,98.900,0.44,15774.400031659752
15788,OK,110.600,0.44,15795.200015418231
15789,OK,84.800,0.44,16235.999995842576
15790,OK,97.900,0.44,15713.89997843653
15791,OK,102.800,0.44,15880.100021604449
15792,OK,106.700,0.44,15665.600018110126
15793,OK,167.100,0.44,15699.799987487495
15794,OK,95.300,0.44,15892.299998085946
15795,OK,158.000,0.44,15643.000020645559
15796,OK,72.600,0.44,15804.20002574101
15797,OK,63.700,0.44,15882.599982433021
15798,OK,74.500,0.44,15988.499973900616
15799,OK,63.000,0.44,15907.299995888025
15800,OK,91.100,0.44,15799.399989191443
15801,OK,119.400,0.44,15751.599974464625
15802,OK,161.800,0.44,15831.400000024587
15803,OK,79.100,0.44,15891.69999351725
15804,OK,70.400,0.44,15812.700032256544
15805,OK,51.200,0.44,15965.999977197498
15806,OK,51.000,0.44,15939.700009766966
15807,OK,54.500,0.44,15918.899967800826
15808,OK,47.000,0.44,15907.799999695271
15809,OK,54.300,0.44,15948.800020851195
15810,OK,66.900,0.44,15890.09998133406
15811,OK,68.100,0.44,15882.79998395592
15812,OK,57.700,0.44,15896.400029305369
15813,OK,50.500,0.44,15961.800003424287
15814,OK,83.900,0.44,15843.299974221736
15815,OK,56.400,0.44,15909.100009594113
15816,OK,61.900,0.44,15934.099967125803
15817,OK,71.100,0.44,15872.799966018647
15818,OK,58.100,0.44,15908.500005025417
15819,OK,67.500,0.44,15887.000015936792
15820,OK,53.500,0.44,15945.599996484816
15821,OK,71.000,0.44,15859.500039368868
15822,OK,66.700,0.44,15881.599974818528
15823,OK,70.500,0.44,15938.299999106675
15824,OK,64.800,0.44,15878.700010944158
15825,OK,66.800,0.44,15954.200003761798
15826,OK,122.300,0.44,15772.499958984554
15827,OK,61.000,0.44,15917.200013063848
15828,OK,57.800,0.44,15865.299967117608
15829,OK,59.800,0.44,15884.899999946356
15830,OK,62.400,0.44,15944.099985063076
15831,OK,57.700,0.44,15912.100032437593
15832,OK,56.500,0.44,15928.000037092716
15833,OK,63.200,0.44,15888.399968389422
15834,OK,67.100,0.44,15920.599980745465
15835,OK,62.800,0.44,15840.000007301569
15836,OK,64.200,0.44,15937.899996060878
15837,OK,62.900,0.44,15848.200011532754
15838,OK,82.500,0.44,15896.400029305369
15839,OK,74.300,0.44,15921.599988359958
15840,OK,65.600,0.44,15838.39999511838
15841,OK,89.200,0.44,15870.300005190074
15842,OK,61.100,0.44,15941.99996907264
15843,OK,78.100,0.44,15847.500006202608
15844,OK,82.500,0.44,15938.199998345226
15845,OK,63.400,0.44,15893.900010269135
15846,OK,67.200,0.44,15874.099975917488
15847,OK,58.700,0.44,15900.099999271333
15848,OK,59.500,0.44,15933.09995951131
15849,OK,84.600,0.44,15909.40001187846
15850,OK,128.700,0.44,15701.299998909235
15851,OK,96.500,0.44,15848.400013055652
15852,OK,85.700,0.44,15809.800010174513
15853,OK,76.600,0.44,15945.299994200468
15854,OK,72.000,0.44,15837.599989026785
15855,OK,51.200,0.44,15959.69998743385
15856,OK,69.800,0.44,15858.000027947128
15857,OK,56.400,0.44,15953.800000716
15858,OK,73.000,0.44,15938.299999106675
15859,OK,58.700,0.44,15906.199987512082
15860,OK,58.300,0.44,15898.399986326694
15861,OK,50.100,0.44,15908.500005025417
15862,OK,62.700,0.44,15939.500008244067
15863,OK,73.500,0.44,15820.000029634684
15864,OK,63.100,0.44,15943.39997973293
15865,OK,57.100,0.44,15874.799981247634
15866,OK,65.200,0.44,15921.799989882857
15867,OK,73.500,0.44,15919.499972369522
15868,OK,84.700,0.44,15897.100034635514
15869,OK,87.800,0.44,15820.199972949922
15870,OK,100.500,0.44,15835.50003124401
15871,OK,79.100,0.44,15847.000002395362
15872,OK,71.800,0.44,15929.499990306795
15873,OK,72.400,0.44,15823.199995793402
15874,OK,68.200,0.44,15840.300009585917
15875,OK,88.300,0.44,15909.200010355562
15876,OK,64.900,0.44,15878.800011705607
15877,OK,80.200,0.44,15920.700039714575
15878,OK,104.000,0.44,15791.499987244606
15879,OK,85.000,0.44,15825.800015591085
15880,OK,97.500,0.44,15827.499970328063
15881,OK,67.100,0.44,15879.300015512854
15882,OK,63.100,0.44,15953.199996147305
15883,OK,60.300,0.44,15925.600018817931
15884,OK,79.300,0.44,15846.099995542318
15885,OK,84.000,0.44,15901.300008408725
15886,OK,56.600,0.44,15925.600018817931
15887,OK,70.500,0.44,15900.60000307858
15888,OK,77.600,0.44,15885.400003753603
15889,OK,69.200,0.44,15903.200022876263
15890,OK,73.900,0.44,15832.700009923428
15891,OK,62.000,0.44,15930.699999444187
15892,OK,67.500,0.44,15898.000041488558
15893,OK,87.300,0.44,15872.300020419061
15894,OK,65.300,0.44,15919.79997465387
15895,OK,84.800,0.44,15814.400045201182
15896,OK,93.800,0.44,15883.999993093312
15897,OK,63.600,0.44,15931.300004012883
15898,OK,86.300,0.44,15836.499980650842
15899,OK,92.200,0.44,15935.000032186508
15900,OK,97.100,0.44,15741.500013973564
15901,OK,71.100,0.44,15851.59997921437
15902,OK,366.600,0.44,15546.50004254654
15903,OK,129.900,0.44,15765.70002362132
15904,OK,95.900,0.44,15888.499969150871
15905,OK,65.800,0.44,15912.199974991381
15906,OK,64.700,0.44,15891.499991994351
15907,OK,112.900,0.44,15798.999986145645
15908,OK,58.500,0.44,15898.299985565245
15909,OK,70.400,0.44,15898.899990133941
15910,OK,71.000,0.44,15893.800009507686
15911,OK,75.200,0.44,15900.60000307858
15912,OK,69.600,0.44,15868.899994529784
15913,OK,62.200,0.44,15910.99996585399
15914,OK,75.300,0.44,15897.999983280897
15915,OK,70.700,0.44,15881.50003226474
15916,OK,61.400,0.44,15884.29999537766
15917,OK,60.700,0.44,15899.799996986985
15918,OK,62.100,0.44,15913.300041574985
15919,OK,67.200,0.44,15902.400016784668
15920,OK,70.400,0.44,15867.099980823696
15921,OK,64.700,0.44,15866.899979300797
15922,OK,54.400,0.44,15944.699989631772
15923,OK,68.000,0.44,15892.399998847395
15924,OK,60.200,0.44,15859.799983445555
15925,OK,60.900,0.44,15995.40002644062
15926,OK,66.900,0.44,15851.300035137683
15927,OK,65.900,0.44,15851.500036660582
15928,OK,83.100,0.44,15948.499960359186
15929,OK,71.400,0.44,15879.400016274303
15930,OK,58.300,0.44,15912.999981082976
15931,OK,63.400,0.44,15899.999998509884
15932,OK,68.200,0.44,15905.499982181937
15933,OK,62.100,0.44,15879.700018558651
15934,OK,67.400,0.44,15877.500001806766
15935,OK,61.900,0.44,15907.499997410923
15936,OK,69.800,0.44,15962.200006470084
15937,OK,156.700,0.44,15696.999966166914
15938,OK,98.500,0.44,15908.300003502518
15939,OK,64.000,0.44,15896.999975666404
15940,OK,74.000,0.44,15918.700024485588
15941,OK,115.000,0.44,15715.199988335371
15942,OK,62.200,0.44,15946.200001053512
15943,OK,80.800,0.44,15817.800012882799
15944,OK,68.500,0.44,15920.299978461117
15945,OK,61.300,0.44,15960.999997332692
15946,OK,122.100,0.44,15763.500006869435
15947,OK,65.300,0.44,15816.900006029755
15948,OK,51.800,0.44,15947.400010190904
15949,OK,55.500,0.44,15911.999973468482
15950,OK,48.600,0.44,15909.60001340136
15951,OK,56.100,0.44,15920.999983791262
15952,OK,47.500,0.44,15959.700045641512
15953,OK,183.800,0.44,15594.399999827147
15954,OK,152.500,0.44,15730.600047390908
15955,OK,91.600,0.44,15980.200027115643
15956,OK,78.900,0.44,15836.999984458089
15957,OK,66.600,0.44,15889.500034973025
15958,OK,56.000,0.44,15926.999971270561
15959,OK,66.700,0.44,15819.09996457398
15960,OK,120.200,0.44,15768.999990541488
15961,OK,88.500,0.44,15888.59996991232
15962,OK,106.800,0.44,15816.20000069961
15963,OK,118.500,0.44,15869.099996052682
15964,OK,126.700,0.44,15817.000006791204
15965,OK,130.000,0.44,15760.899987071753
15966,OK,126.500,0.44,15814.799990039319
15967,OK,117.400,0.44,15810.700017027557
15968,OK,96.000,0.44,15874.899982009083
15969,OK,101.900,0.44,15817.900013644248
15970,OK,103.600,0.44,15855.000005103648
15971,OK,113.600,0.44,15810.10001245886
15972,OK,106.000,0.44,15835.199970752
15973,OK,75.700,0.44,15903.799969237298
15974,OK,99.100,0.44,15816.700004506856
15975,OK,113.300,0.44,15820.400032680482
15976,OK,101.700,0.44,15919.80003286153
15977,OK,163.200,0.44,15682.399971410632
15978,OK,114.700,0.44,15835.599973797798
15979,OK,112.000,0.44,15804.000024218112
15980,OK,124.200,0.44,15858.800034038723
15981,OK,111.500,0.44,15789.49997201562
15982,OK,104.800,0.44,15828.800038434565
15983,OK,96.000,0.44,15853.09999063611
15984,OK,103.900,0.44,15814.49998775497
15985,OK,99.200,0.44,15851.000032853335
15986,OK,105.000,0.44,15839.300001971424
15987,OK,93.400,0.44,15814.59998851642
15988,OK,58.100,0.44,15957.199968397617
15989,OK,82.700,0.44,15847.900009248406
15990,OK,81.400,0.44,15892.700001131743
15991,OK,119.700,0.44,15857.299964409322
15992,OK,152.300,0.44,15699.699986726046
15993,OK,73.900,0.44,15871.600015088916
15994,OK,75.000,0.44,15925.399959087372
15995,OK,85.400,0.44,15917.999960947782
15996,OK,85.100,0.44,15910.000016447157
15997,OK,92.900,0.44,15836.69998217374
15998,OK,83.300,0.44,15861.699997913092
15999,OK,75.100,0.44,15902.899962384254
16000,OK,90.500,0.44,15846.599999349564
16001,OK,89.200,0.44,15704.9999688752
16002,OK,98.400,0.44,15788.099961355329
16003,OK,101.400,0.44,15930.09999487549
16004,OK,90.300,0.44,15765.79996617511
16005,OK,116.400,0.44,15819.700027350336
16006,OK,77.300,0.44,15969.700005371124
16007,OK,98.400,0.44,15747.400000691414
16008,OK,90.000,0.44,15875.999990385026
16009,OK,84.800,0.44,15882.499981671572
16010,OK,83.900,0.44,15880.400023888797
16011,OK,94.700,0.44,15806.499985046685
16012,OK,95.300,0.44,15916.000003926456
16013,OK,88.300,0.44,15750.400023534894
16014,OK,97.100,0.44,15925.70001957938
16015,OK,119.300,0.44,15802.70001431927
16016,OK,81.400,0.44,15859.899984207004
16017,OK,91.900,0.44,15859.899984207004
16018,OK,78.200,0.44,15852.799988351762
16019,OK,61.300,0.44,15926.499967463315
16020,OK,61.800,0.44,15951.799985487014
16021,OK,103.500,0.44,15769.699995871633
16022,OK,83.800,0.44,15933.400020003319
16023,OK,85.100,0.44,15922.599995974451
16024,OK,92.300,0.44,15816.799947060645
16025,OK,79.600,0.44,15814.600046724081
16026,OK,77.600,0.44,16112.599987536669
16027,OK,120.800,0.44,15640.700003132224
16028,OK,87.600,0.44,16004.999983124435
16029,OK,65.600,0.44,15768.999990541488
16030,OK,70.200,0.44,16041.700029745698
16031,OK,91.400,0.44,16058.299981523305
16032,OK,145.000,0.44,15983.000048436224
16033,OK,262.900,0.44,15557.999955490232
16034,OK,201.200,0.44,15747.199999168515
16035,OK,208.600,0.44,15311.499999370426
16036,OK,187.600,0.44,15682.59997293353
16037,OK,113.100,0.44,15712.200023699552
16038,OK,85.200,0.44,15864.700020756572
16039,OK,70.800,0.44,15871.10001128167
16040,OK,90.500,0.44,15819.500025827438
16041,OK,82.800,0.44,15995.000023394823
16042,OK,56.200,0.44,15933.999966364354
16043,OK,98.100,0.44,15919.79997465387
16044,OK,109.400,0.44,15868.999995291233
16045,OK,110.300,0.44,16148.099966812879
16046,OK,137.300,0.44,15844.19998107478
16047,OK,175.100,0.44,15669.29998807609
16048,OK,169.500,0.44,15430.000028572977
16049,OK,203.900,0.44,15611.200011335313
16050,OK,216.500,0.44,15669.599990360439
16051,OK,180.100,0.44,15712.29996625334
16052,OK,193.200,0.44,15719.600021839142
16053,OK,275.400,0.44,15440.300048794597
16054,OK,141.000,0.44,15763.600007630885
16055,OK,93.700,0.44,15920.300036668777
16056,OK,129.700,0.44,15769.999998155981
16057,OK,67.800,0.44,15899.399993941188
16058,OK,148.900,0.44,15696.500020567328
16059,OK,65.100,0.44,15958.999982103705
16060,OK,47.300,0.44,15866.39997549355
16061,OK,91.000,0.44,15804.500028025359
16062,OK,94.000,0.44,15826.39996195212
16063,OK,95.500,0.44,15915.800002403557
16064,OK,70.100,0.44,15911.200025584549
16065,OK,63.700,0.44,15925.999963656068
16066,OK,62.200,0.44,15871.800016611814
16067,OK,58.000,0.44,15839.700005017221
16068,OK,53.200,0.44,15965.899976436049
16069,OK,56.700,0.44,15917.999960947782
16070,OK,61.400,0.44,15923.499944619834
16071,OK,60.000,0.44,15899.19999241829
16072,OK,57.600,0.44,15911.999973468482
16073,OK,61.000,0.44,15910.299960523844
16074,OK,90.300,0.44,15882.700041402131
16075,OK,98.300,0.44,15841.600019484758
16076,OK,79.900,0.44,15878.40000865981
16077,OK,71.800,0.44,15880.400023888797
16078,OK,76.000,0.44,15817.799954675138
16079,OK,73.900,0.44,15807.499992661178
16080,OK,71.600,0.44,15911.500027868897
16081,OK,82.300,0.44,15865.699970163405
16082,OK,75.900,0.44,15893.000003416091
16083,OK,105.500,0.44,15762.199996970594
16084,OK,60.400,0.44,15933.20001848042
16085,OK,70.200,0.44,15897.100034635514
16086,OK,76.900,0.44,15828.799980226904
16087,OK,112.700,0.44,15874.700038693845
16088,OK,64.000,0.44,15881.499974057078
16089,OK,86.200,0.44,15908.599947579205
16090,OK,62.700,0.44,15903.000021353364
16091,OK,71.400,0.44,15872.699965257198
16092,OK,64.400,0.44,15875.499986577779
16093,OK,61.100,0.44,15938.299999106675
16094,OK,70.200,0.44,15878.600010182709
16095,OK,67.000,0.44,15868.399990722537
16096,OK,67.600,0.44,15910.400019492954
16097,OK,65.400,0.44,15850.999974645674
16098,OK,58.900,0.44,15888.799971435219
16099,OK,52.400,0.44,15921.099984552711
16100,OK,76.200,0.44,15935.599978547543
16101,OK,64.300,0.44,15751.699975226074
16102,OK,83.400,0.44,16160.099999979138
16103,OK,219.100,0.44,15429.799968842417
16104,OK,68.400,0.44,15819.20002354309
16105,OK,80.500,0.44,15846.099995542318
16106,OK,93.500,0.44,15909.999958239496
16107,OK,94.100,0.44,15784.000046551228
16108,OK,85.000,0.44,15961.40000037849
16109,OK,66.500,0.44,15887.700021266937
16110,OK,72.300,0.44,15872.100018896163
16111,OK,69.300,0.44,15922.999999020249
16112,OK,71.100,0.44,15878.000005614012
16113,OK,67.600,0.44,15851.59997921437
16114,OK,96.100,0.44,15809.600008651614
16115,OK,71.200,0.44,15963.200014084578
16116,OK,70.300,0.44,15887.900022789836
16117,OK,71.700,0.44,15871.10001128167
16118,OK,70.500,0.44,15883.499989286065
16119,OK,68.100,0.44,15890.19998209551
16120,OK,70.700,0.44,15902.899962384254
16121,OK,48.300,0.44,15956.399962306023
16122,OK,65.700,0.44,15910.499962046742
16123,OK,58.800,0.44,15918.600023724139
16124,OK,63.700,0.44,15912.50003548339
16125,OK,68.100,0.44,15837.999992072582
16126,OK,53.200,0.44,15917.799959424883
16127,OK,71.000,0.44,15936.499985400587
16128,OK,81.800,0.44,15861.099993344396
16129,OK,75.600,0.44,15862.300002481788
16130,OK,82.400,0.44,15906.199987512082
16131,OK,74.700,0.44,15844.999987166375
16132,OK,109.100,0.44,15741.500013973564
16133,OK,75.300,0.44,15956.200018990785
16134,OK,91.800,0.44,15908.800007309765
16135,OK,68.000,0.44,15827.700030058622
16136,OK,65.900,0.44,15959.7999881953
16137,OK,94.000,0.44,15792.599995620549
16138,OK,65.100,0.44,15977.699949871749
16139,OK,69.600,0.44,15827.099967282265
16140,OK,71.800,0.44,15908.800007309765
16141,OK,57.600,0.44,15946.60000409931
16142,OK,61.900,0.44,15862.800006289035
16143,OK,75.300,0.44,15799.599990714341
16144,OK,88.600,0.44,15903.699968475848
16145,OK,58.600,0.44,15898.199984803796
16146,OK,81.600,0.44,15874.599979724735
16147,OK,63.300,0.44,15938.799944706261
16148,OK,59.600,0.44,15869.199996814132
16149,OK,74.500,0.44,15848.200011532754
16150,OK,96.500,0.44,15848.300012294203
16151,OK,64.200,0.44,15891.199989710003
16152,OK,60.900,0.44,15894.400014076382
16153,OK,83.400,0.44,15909.40001187846
16154,OK,64.800,0.44,15883.799991570413
16155,OK,64.400,0.44,15982.799988705665
16156,OK,136.900,0.44,15716.199995949864
16157,OK,97.300,0.44,15825.400012545288
16158,OK,100.400,0.44,15796.599967870861
16159,OK,91.600,0.44,15985.00000545755
16160,OK,178.900,0.44,15647.09999365732
16161,OK,60.300,0.44,15929.799992591143
16162,OK,74.900,0.44,15886.100009083748
16163,OK,55.300,0.44,15900.60000307858
16164,OK,55.700,0.44,15960.799995809793
16165,OK,100.000,0.44,15871.199953835458
16166,OK,72.600,0.44,15733.500011265278
16167,OK,55.500,0.44,15997.300040908158
16168,OK,58.400,0.44,15903.999970760196
16169,OK,68.500,0.44,15925.400017295033
16170,OK,67.300,0.44,15897.399978712201
16171,OK,121.400,0.44,15768.7000464648
16172,OK,91.400,0.44,15838.39999511838
16173,OK,69.500,0.44,15845.100046135485
16174,OK,62.500,0.44,15897.999983280897
16175,OK,61.400,0.44,15964.699967298657
16176,OK,75.400,0.44,15858.499973546714
16177,OK,69.700,0.44,15888.500027358532
16178,OK,78.700,0.44,15863.099950365722
16179,OK,69.700,0.44,15900.400001555681
16180,OK,64.900,0.44,15859.499981161207
16181,OK,71.600,0.44,15893.400006461889
16182,OK,86.900,0.44,15843.299974221736
16183,OK,137.500,0.44,15727.500023785979
16184,OK,82.300,0.44,15974.999987520278
16185,OK,99.100,0.44,15760.099980980158
16186,OK,71.600,0.44,15907.199995126575
16187,OK,49.000,0.44,15925.600018817931
16188,OK,65.800,0.44,15902.099956292659
16189,OK,60.400,0.44,15851.69997997582
16190,OK,52.700,0.44,15977.400005795062
16191,OK,135.200,0.44,15766.300028190017
16192,OK,55.400,0.44,16076.700005214661
16193,OK,71.000,0.44,15700.099989771843
16194,OK,52.100,0.44,15952.999994624406
16195,OK,57.100,0.44,15907.90000045672
16196,OK,58.300,0.44,15873.599972110242
16197,OK,42.200,0.44,15985.400008503348
16198,OK,145.600,0.44,15794.200007803738
16199,OK,84.900,0.44,15855.600009672344
16200,OK,57.100,0.44,15959.400043357164
16201,OK,68.100,0.44,15763.600007630885
16202,OK,97.100,0.44,15894.500014837831
16203,OK,75.100,0.44,15881.999977864325
16204,OK,74.700,0.44,15898.499987088144
16205,OK,78.800,0.44,15882.499981671572
16206,OK,70.900,0.44,15883.299987763166
16207,OK,137.700,0.44,15698.799979873002
16208,OK,133.400,0.44,15819.20002354309
16209,OK,75.100,0.44,15859.000035561621
16210,OK,104.800,0.44,15905.00003658235
16211,OK,85.000,0.44,15830.499993171543
16212,OK,85.600,0.44,15868.999995291233
16213,OK,86.700,0.44,15923.700004350394
16214,OK,68.600,0.44,15856.700018048286
16215,OK,97.000,0.44,15835.800033528358
16216,OK,94.700,0.44,15834.700025152415
16217,OK,95.100,0.44,15872.099960688502
16218,OK,101.500,0.44,15832.499950192869
16219,OK,96.700,0.44,15861.099993344396
16220,OK,100.400,0.44,15870.300005190074
16221,OK,98.300,0.44,15836.999984458089
16222,OK,98.100,0.44,15850.999974645674
16223,OK,129.400,0.44,15795.700019225478
16224,OK,98.000,0.44,15877.500001806766
16225,OK,114.700,0.44,15791.799989528954
16226,OK,105.800,0.44,15835.899976082146
16227,OK,103.200,0.44,15859.20003708452
16228,OK,97.000,0.44,15852.799988351762
16229,OK,88.900,0.44,15871.300012804568
16230,OK,92.300,0.44,15868.699993006885
16231,OK,96.000,0.44,15834.899968467653
16232,OK,95.200,0.44,15854.500001296401
16233,OK,95.100,0.44,15850.20002676174
16234,OK,97.200,0.44,15855.699952226132
16235,OK,107.700,0.44,15866.699977777898
16236,OK,108.900,0.44,15734.60001964122
16237,OK,101.700,0.44,15890.899987425655
16238,OK,94.100,0.44,15846.199996303767
16239,OK,121.100,0.44,15794.899954926223
16240,OK,130.600,0.44,15826.300019398332
16241,OK,125.700,0.44,15798.899985384196
16242,OK,154.300,0.44,15803.800022695214
16243,OK,295.200,0.44,15507.099975366145
16244,OK,68.200,0.44,15901.100006885827
16245,OK,131.300,0.44,15855.199948418885
16246,OK,100.700,0.44,15744.799980893731
16247,OK,75.200,0.44,15858.899976592511
16248,OK,68.800,0.44,15907.099994365126
16249,OK,53.400,0.44,15948.600019328296
16250,OK,61.100,0.44,15916.000003926456
16251,OK,49.600,0.44,15912.000031676143
16252,OK,71.800,0.44,15896.700031589717
16253,OK,113.900,0.44,15902.799961622804
16254,OK,149.300,0.44,15694.500005338341
16255,OK,95.200,0.44,15853.999997489154
16256,OK,94.500,0.44,15866.899979300797
16257,OK,102.500,0.44,15885.300002992153
16258,OK,101.200,0.44,15807.40005010739
16259,OK,88.500,0.44,15840.300009585917
16260,OK,75.200,0.44,15852.699987590313
16261,OK,90.800,0.44,15899.299993179739
16262,OK,85.000,0.44,15899.399993941188
16263,OK,89.600,0.44,15844.699984882027
16264,OK,201.000,0.44,15703.699958976358
16265,OK,64.200,0.44,15913.399984128773
16266,OK,86.700,0.44,15864.699962548912
16267,OK,105.700,0.44,15847.100003156811
16268,OK,98.000,0.44,15841.000014916062
16269,OK,86.900,0.44,15831.400000024587
16270,OK,114.100,0.44,15853.699995204806
16271,OK,92.100,0.44,15805.899980477989
16272,OK,56.000,0.44,15924.100007396191
16273,OK,71.600,0.44,15881.000028457493
16274,OK,87.100,0.44,16046.199947595596
16275,OK,131.400,0.44,15679.700009059161
16276,OK,154.100,0.44,15688.70001938194
16277,OK,76.400,0.44,15984.500001650304
16278,OK,60.200,0.44,15868.799993768334
16279,OK,71.400,0.44,15722.200041636825
16280,OK,131.100,0.44,15941.000019665807
16281,OK,81.200,0.44,15972.900029737502
16282,OK,80.600,0.44,15596.599958371371
16283,OK,86.200,0.44,15909.3999536708
16284,OK,127.700,0.44,15865.799970924854
16285,OK,237.100,0.44,15630.399982910603
16286,OK,217.100,0.44,15827.79997261241
16287,OK,214.100,0.44,15942.700032610446
16288,OK,243.100,0.44,15310.79999404028
16289,OK,185.700,0.44,16016.700014006346
16290,OK,233.900,0.44,15431.499981787056
16291,OK,228.900,0.44,15509.699995163828
16292,OK,124.200,0.44,15767.599979881197
16293,OK,105.200,0.44,15820.000029634684
16294,OK,85.600,0.44,16073.79998313263
16295,OK,53.500,0.44,15763.799950946122
16296,OK,77.900,0.44,16007.600002922118
16297,OK,100.400,0.44,15918.999968562275
16298,OK,188.900,0.44,15581.89996285364
16299,OK,124.400,0.44,15852.299984544516
16300,OK,97.500,0.44,15892.700001131743
16301,OK,170.700,0.44,15356.199990492314
16302,OK,72.700,0.44,15852.100041229278
16303,OK,62.000,0.44,15804.900031071156
16304,OK,56.700,0.44,15970.000007655472
16305,OK,57.200,0.44,15863.899956457317
16306,OK,73.000,0.44,15870.000002905726
16307,OK,88.300,0.44,15928.79998497665
16308,OK,79.200,0.44,15891.000046394765
16309,OK,77.000,0.44,15830.699994694442
16310,OK,79.400,0.44,15919.999976176769
16311,OK,77.800,0.44,15824.000001884997
16312,OK,62.100,0.44,15977.699949871749
16313,OK,56.800,0.44,15906.799992080778
16314,OK,54.400,0.44,15888.70002888143
16315,OK,59.700,0.44,15954.900009091944
16316,OK,69.500,0.44,15883.999993093312
16317,OK,66.600,0.44,15900.900005362928
16318,OK,64.300,0.44,15927.30003176257
16319,OK,92.900,0.44,15804.699971340597
16320,OK,53.100,0.44,15922.599995974451
16321,OK,55.000,0.44,15904.199972283095
16322,OK,59.900,0.44,15932.900016196072
16323,OK,60.200,0.44,15912.39997651428
16324,OK,64.200,0.44,15815.200051292777
16325,OK,71.800,0.44,15913.89998793602
16326,OK,58.600,0.44,15951.699984725565
16327,OK,61.300,0.44,15938.099997583777
16328,OK,70.600,0.44,15871.00001052022
16329,OK,56.300,0.44,15833.000012207776
16330,OK,51.900,0.44,15995.300025679171
16331,OK,65.500,0.44,15905.599982943386
16332,OK,63.000,0.44,15881.29997253418
16333,OK,63.600,0.44,15904.299973044544
16334,OK,52.500,0.44,15864.700020756572
16335,OK,108.700,0.44,15854.500001296401
16336,OK,93.600,0.44,16010.999970603734
16337,OK,117.100,0.44,15775.400039274246
16338,OK,84.900,0.44,15706.900041550398
16339,OK,80.400,0.44,15984.699944965541
16340,OK,74.300,0.44,15881.100029218942
16341,OK,73.100,0.44,15894.900017883629
16342,OK,72.700,0.44,15853.19999139756
16343,OK,63.800,0.44,15926.299965940416
16344,OK,69.800,0.44,15841.800021007657
16345,OK,74.200,0.44,15919.80003286153
16346,OK,92.100,0.44,15847.700007725507
16347,OK,61.500,0.44,15902.500017546117
16348,OK,47.500,0.44,15934.70002990216
16349,OK,69.900,0.44,15866.799978539348
16350,OK,63.900,0.44,15910.400019492954
16351,OK,74.500,0.44,15881.999977864325
16352,OK,76.200,0.44,15948.0000147596
16353,OK,77.700,0.44,15904.99997837469
16354,OK,67.900,0.44,15880.700026173145
16355,OK,65.800,0.44,15883.00004368648
16356,OK,71.500,0.44,15855.100005865097
16357,OK,70.200,0.44,15949.000022374094
16358,OK,93.900,0.44,15834.299963898957
16359,OK,63.700,0.44,15915.39999935776
16360,OK,79.900,0.44,15882.300038356334
16361,OK,77.800,0.44,15822.799992747605
16362,OK,100.300,0.44,15844.499983359128
16363,OK,96.100,0.44,15811.099961865693
16364,OK,81.100,0.44,15950.500033795834
16365,OK,60.900,0.44,15905.09997913614
16366,OK,66.200,0.44,15885.70000603795
16367,OK,70.200,0.44,15917.400014586747
16368,OK,80.000,0.44,15867.799986153841
16369,OK,75.000,0.44,15903.299965430051
16370,OK,74.100,0.44,15881.699975579977
16371,OK,71.900,0.44,15870.700008235872
16372,OK,75.100,0.44,15890.999988187104
16373,OK,69.400,0.44,15868.199989199638
16374,OK,71.500,0.44,15862.00000019744
16375,OK,50.900,0.44,15951.200039125979
16376,OK,134.100,0.44,15763.700008392334
16377,OK,118.700,0.44,15871.699957642704
16378,OK,67.600,0.44,15821.89998589456
16379,OK,61.600,0.44,15895.100019406527
16380,OK,59.000,0.44,15916.69995104894
16381,OK,69.000,0.44,15870.500006712973
16382,OK,51.300,0.44,15913.199982605875
16383,OK,67.000,0.44,15841.1999582313
