Copyright 1986-2022 Xilinx, Inc. All Rights Reserved. Copyright 2022-2024 Advanced Micro Devices, Inc. All Rights Reserved.
------------------------------------------------------------------------------------------------------------------------------------------------------------------------------------------------------------------------------------------------
| Tool Version : Vivado v.2024.2 (win64) Build 5239630 Fri Nov 08 22:35:27 MST 2024
| Date         : Mon Feb  9 10:37:24 2026
| Host         : Samuel running 64-bit major release  (build 9200)
| Command      : report_timing_summary -max_paths 10 -report_unconstrained -file key_injector_cmod_timing_summary_routed.rpt -pb key_injector_cmod_timing_summary_routed.pb -rpx key_injector_cmod_timing_summary_routed.rpx -warn_on_violation
| Design       : key_injector_cmod
| Device       : 7s25-csga225
| Speed File   : -1  PRODUCTION 1.23 2018-06-13
| Design State : Routed
------------------------------------------------------------------------------------------------------------------------------------------------------------------------------------------------------------------------------------------------

Timing Summary Report

------------------------------------------------------------------------------------------------
| Timer Settings
| --------------
------------------------------------------------------------------------------------------------

  Enable Multi Corner Analysis               :  Yes
  Enable Pessimism Removal                   :  Yes
  Pessimism Removal Resolution               :  Nearest Common Node
  Enable Input Delay Default Clock           :  No
  Enable Preset / Clear Arcs                 :  No
  Disable Flight Delays                      :  No
  Ignore I/O Paths                           :  No
  Timing Early Launch at Borrowing Latches   :  No
  Borrow Time for Max Delay Exceptions       :  Yes
  Merge Timing Exceptions                    :  Yes
  Inter-SLR Compensation                     :  Conservative

  Corner  Analyze    Analyze    
  Name    Max Paths  Min Paths  
  ------  ---------  ---------  
  Slow    Yes        Yes        
  Fast    Yes        Yes        


------------------------------------------------------------------------------------------------
| Report Methodology
| ------------------
------------------------------------------------------------------------------------------------

Rule       Severity  Description                    Violations  
---------  --------  -----------------------------  ----------  
TIMING-18  Warning   Missing input or output delay  3           

Note: This report is based on the most recent report_methodology run and may not be up-to-date. Run report_methodology on the current design for the latest report.



check_timing report

Table of Contents
-----------------
1. checking no_clock (0)
2. checking constant_clock (0)
3. checking pulse_width_clock (0)
4. checking unconstrained_internal_endpoints (0)
5. checking no_input_delay (2)
6. checking no_output_delay (1)
7. checking multiple_clock (0)
8. checking generated_clocks (0)
9. checking loops (0)
10. checking partial_input_delay (0)
11. checking partial_output_delay (0)
12. checking latch_loops (0)

1. checking no_clock (0)
------------------------
 There are 0 register/latch pins with no clock.


2. checking constant_clock (0)
------------------------------
 There are 0 register/latch pins with constant_clock.


3. checking pulse_width_clock (0)
---------------------------------
 There are 0 register/latch pins which need pulse_width check


4. checking unconstrained_internal_endpoints (0)
------------------------------------------------
 There are 0 pins that are not constrained for maximum delay.

 There are 0 pins that are not constrained for maximum delay due to constant clock.


5. checking no_input_delay (2)
------------------------------
 There are 2 input ports with no input delay specified. (HIGH)

 There are 0 input ports with no input delay but user has a false path constraint.


6. checking no_output_delay (1)
-------------------------------
 There is 1 port with no output delay specified. (HIGH)

 There are 0 ports with no output delay but user has a false path constraint

 There are 0 ports with no output delay but with a timing clock defined on it or propagating through it


7. checking multiple_clock (0)
------------------------------
 There are 0 register/latch pins with multiple clocks.


8. checking generated_clocks (0)
--------------------------------
 There are 0 generated clocks that are not connected to a clock source.


9. checking loops (0)
---------------------
 There are 0 combinational loops in the design.


10. checking partial_input_delay (0)
------------------------------------
 There are 0 input ports with partial input delay specified.


11. checking partial_output_delay (0)
-------------------------------------
 There are 0 ports with partial output delay specified.


12. checking latch_loops (0)
----------------------------
 There are 0 combinational latch loops in the design through latch input



------------------------------------------------------------------------------------------------
| Design Timing Summary
| ---------------------
------------------------------------------------------------------------------------------------

    WNS(ns)      TNS(ns)  TNS Failing Endpoints  TNS Total Endpoints      WHS(ns)      THS(ns)  THS Failing Endpoints  THS Total Endpoints     WPWS(ns)     TPWS(ns)  TPWS Failing Endpoints  TPWS Total Endpoints  
    -------      -------  ---------------------  -------------------      -------      -------  ---------------------  -------------------     --------     --------  ----------------------  --------------------  
     79.766        0.000                      0                  144        0.123        0.000                      0                  144       40.680        0.000                       0                    77  


All user specified timing constraints are met.


------------------------------------------------------------------------------------------------
| Clock Summary
| -------------
------------------------------------------------------------------------------------------------

Clock        Waveform(ns)       Period(ns)      Frequency(MHz)
-----        ------------       ----------      --------------
sys_clk_pin  {0.000 41.660}     83.330          12.000          


------------------------------------------------------------------------------------------------
| Intra Clock Table
| -----------------
------------------------------------------------------------------------------------------------

Clock             WNS(ns)      TNS(ns)  TNS Failing Endpoints  TNS Total Endpoints      WHS(ns)      THS(ns)  THS Failing Endpoints  THS Total Endpoints     WPWS(ns)     TPWS(ns)  TPWS Failing Endpoints  TPWS Total Endpoints  
-----             -------      -------  ---------------------  -------------------      -------      -------  ---------------------  -------------------     --------     --------  ----------------------  --------------------  
sys_clk_pin        79.766        0.000                      0                  144        0.123        0.000                      0                  144       40.680        0.000                       0                    77  


------------------------------------------------------------------------------------------------
| Inter Clock Table
| -----------------
------------------------------------------------------------------------------------------------

From Clock    To Clock          WNS(ns)      TNS(ns)  TNS Failing Endpoints  TNS Total Endpoints      WHS(ns)      THS(ns)  THS Failing Endpoints  THS Total Endpoints  
----------    --------          -------      -------  ---------------------  -------------------      -------      -------  ---------------------  -------------------  


------------------------------------------------------------------------------------------------
| Other Path Groups Table
| -----------------------
------------------------------------------------------------------------------------------------

Path Group    From Clock    To Clock          WNS(ns)      TNS(ns)  TNS Failing Endpoints  TNS Total Endpoints      WHS(ns)      THS(ns)  THS Failing Endpoints  THS Total Endpoints  
----------    ----------    --------          -------      -------  ---------------------  -------------------      -------      -------  ---------------------  -------------------  


------------------------------------------------------------------------------------------------
| User Ignored Path Table
| -----------------------
------------------------------------------------------------------------------------------------

Path Group    From Clock    To Clock    
----------    ----------    --------    


------------------------------------------------------------------------------------------------
| Unconstrained Path Table
| ------------------------
------------------------------------------------------------------------------------------------

Path Group    From Clock    To Clock    
----------    ----------    --------    
(none)        sys_clk_pin                 
(none)                      sys_clk_pin   


------------------------------------------------------------------------------------------------
| Timing Details
| --------------
------------------------------------------------------------------------------------------------


---------------------------------------------------------------------------------------------------
From Clock:  sys_clk_pin
  To Clock:  sys_clk_pin

Setup :            0  Failing Endpoints,  Worst Slack       79.766ns,  Total Violation        0.000ns
Hold  :            0  Failing Endpoints,  Worst Slack        0.123ns,  Total Violation        0.000ns
PW    :            0  Failing Endpoints,  Worst Slack       40.680ns,  Total Violation        0.000ns
---------------------------------------------------------------------------------------------------


Max Delay Paths
--------------------------------------------------------------------------------------
Slack (MET) :             79.766ns  (required time - arrival time)
  Source:                 debounce_cnt_reg[15]/C
                            (rising edge-triggered cell FDRE clocked by sys_clk_pin  {rise@0.000ns fall@41.660ns period=83.330ns})
  Destination:            debounce_cnt_reg[0]/CE
                            (rising edge-triggered cell FDRE clocked by sys_clk_pin  {rise@0.000ns fall@41.660ns period=83.330ns})
  Path Group:             sys_clk_pin
  Path Type:              Setup (Max at Slow Process Corner)
  Requirement:            83.330ns  (sys_clk_pin rise@83.330ns - sys_clk_pin rise@0.000ns)
  Data Path Delay:        3.296ns  (logic 0.704ns (21.357%)  route 2.592ns (78.643%))
  Logic Levels:           2  (LUT6=2)
  Clock Path Skew:        -0.027ns (DCD - SCD + CPR)
    Destination Clock Delay (DCD):    4.859ns = ( 88.189 - 83.330 ) 
    Source Clock Delay      (SCD):    5.158ns
    Clock Pessimism Removal (CPR):    0.272ns
  Clock Uncertainty:      0.035ns  ((TSJ^2 + TIJ^2)^1/2 + DJ) / 2 + PE
    Total System Jitter     (TSJ):    0.071ns
    Total Input Jitter      (TIJ):    0.000ns
    Discrete Jitter          (DJ):    0.000ns
    Phase Error              (PE):    0.000ns

    Location             Delay type                Incr(ns)  Path(ns)    Netlist Resource(s)
  -------------------------------------------------------------------    -------------------
                         (clock sys_clk_pin rise edge)
                                                      0.000     0.000 r  
    M9                                                0.000     0.000 r  clk (IN)
                         net (fo=0)                   0.000     0.000    clk
    M9                   IBUF (Prop_ibuf_I_O)         1.465     1.465 r  clk_IBUF_inst/O
                         net (fo=1, routed)           1.966     3.431    clk_IBUF
    BUFGCTRL_X0Y0        BUFG (Prop_bufg_I_O)         0.096     3.527 r  clk_IBUF_BUFG_inst/O
                         net (fo=76, routed)          1.631     5.158    clk_IBUF_BUFG
    SLICE_X41Y38         FDRE                                         r  debounce_cnt_reg[15]/C
  -------------------------------------------------------------------    -------------------
    SLICE_X41Y38         FDRE (Prop_fdre_C_Q)         0.456     5.614 f  debounce_cnt_reg[15]/Q
                         net (fo=3, routed)           0.844     6.458    debounce_cnt_reg[15]
    SLICE_X40Y39         LUT6 (Prop_lut6_I4_O)        0.124     6.582 r  btn_stable_i_4/O
                         net (fo=2, routed)           0.965     7.547    btn_stable_i_4_n_0
    SLICE_X40Y36         LUT6 (Prop_lut6_I0_O)        0.124     7.671 r  debounce_cnt[0]_i_2/O
                         net (fo=20, routed)          0.783     8.454    sel
    SLICE_X41Y35         FDRE                                         r  debounce_cnt_reg[0]/CE
  -------------------------------------------------------------------    -------------------

                         (clock sys_clk_pin rise edge)
                                                     83.330    83.330 r  
    M9                                                0.000    83.330 r  clk (IN)
                         net (fo=0)                   0.000    83.330    clk
    M9                   IBUF (Prop_ibuf_I_O)         1.395    84.725 r  clk_IBUF_inst/O
                         net (fo=1, routed)           1.862    86.587    clk_IBUF
    BUFGCTRL_X0Y0        BUFG (Prop_bufg_I_O)         0.091    86.678 r  clk_IBUF_BUFG_inst/O
                         net (fo=76, routed)          1.511    88.189    clk_IBUF_BUFG
    SLICE_X41Y35         FDRE                                         r  debounce_cnt_reg[0]/C
                         clock pessimism              0.272    88.461    
                         clock uncertainty           -0.035    88.426    
    SLICE_X41Y35         FDRE (Setup_fdre_C_CE)      -0.205    88.221    debounce_cnt_reg[0]
  -------------------------------------------------------------------
                         required time                         88.221    
                         arrival time                          -8.454    
  -------------------------------------------------------------------
                         slack                                 79.766    

Slack (MET) :             79.766ns  (required time - arrival time)
  Source:                 debounce_cnt_reg[15]/C
                            (rising edge-triggered cell FDRE clocked by sys_clk_pin  {rise@0.000ns fall@41.660ns period=83.330ns})
  Destination:            debounce_cnt_reg[10]/CE
                            (rising edge-triggered cell FDRE clocked by sys_clk_pin  {rise@0.000ns fall@41.660ns period=83.330ns})
  Path Group:             sys_clk_pin
  Path Type:              Setup (Max at Slow Process Corner)
  Requirement:            83.330ns  (sys_clk_pin rise@83.330ns - sys_clk_pin rise@0.000ns)
  Data Path Delay:        3.297ns  (logic 0.704ns (21.350%)  route 2.593ns (78.649%))
  Logic Levels:           2  (LUT6=2)
  Clock Path Skew:        -0.026ns (DCD - SCD + CPR)
    Destination Clock Delay (DCD):    4.860ns = ( 88.190 - 83.330 ) 
    Source Clock Delay      (SCD):    5.158ns
    Clock Pessimism Removal (CPR):    0.272ns
  Clock Uncertainty:      0.035ns  ((TSJ^2 + TIJ^2)^1/2 + DJ) / 2 + PE
    Total System Jitter     (TSJ):    0.071ns
    Total Input Jitter      (TIJ):    0.000ns
    Discrete Jitter          (DJ):    0.000ns
    Phase Error              (PE):    0.000ns

    Location             Delay type                Incr(ns)  Path(ns)    Netlist Resource(s)
  -------------------------------------------------------------------    -------------------
                         (clock sys_clk_pin rise edge)
                                                      0.000     0.000 r  
    M9                                                0.000     0.000 r  clk (IN)
                         net (fo=0)                   0.000     0.000    clk
    M9                   IBUF (Prop_ibuf_I_O)         1.465     1.465 r  clk_IBUF_inst/O
                         net (fo=1, routed)           1.966     3.431    clk_IBUF
    BUFGCTRL_X0Y0        BUFG (Prop_bufg_I_O)         0.096     3.527 r  clk_IBUF_BUFG_inst/O
                         net (fo=76, routed)          1.631     5.158    clk_IBUF_BUFG
    SLICE_X41Y38         FDRE                                         r  debounce_cnt_reg[15]/C
  -------------------------------------------------------------------    -------------------
    SLICE_X41Y38         FDRE (Prop_fdre_C_Q)         0.456     5.614 f  debounce_cnt_reg[15]/Q
                         net (fo=3, routed)           0.844     6.458    debounce_cnt_reg[15]
    SLICE_X40Y39         LUT6 (Prop_lut6_I4_O)        0.124     6.582 r  btn_stable_i_4/O
                         net (fo=2, routed)           0.965     7.547    btn_stable_i_4_n_0
    SLICE_X40Y36         LUT6 (Prop_lut6_I0_O)        0.124     7.671 r  debounce_cnt[0]_i_2/O
                         net (fo=20, routed)          0.784     8.455    sel
    SLICE_X41Y37         FDRE                                         r  debounce_cnt_reg[10]/CE
  -------------------------------------------------------------------    -------------------

                         (clock sys_clk_pin rise edge)
                                                     83.330    83.330 r  
    M9                                                0.000    83.330 r  clk (IN)
                         net (fo=0)                   0.000    83.330    clk
    M9                   IBUF (Prop_ibuf_I_O)         1.395    84.725 r  clk_IBUF_inst/O
                         net (fo=1, routed)           1.862    86.587    clk_IBUF
    BUFGCTRL_X0Y0        BUFG (Prop_bufg_I_O)         0.091    86.678 r  clk_IBUF_BUFG_inst/O
                         net (fo=76, routed)          1.512    88.190    clk_IBUF_BUFG
    SLICE_X41Y37         FDRE                                         r  debounce_cnt_reg[10]/C
                         clock pessimism              0.272    88.462    
                         clock uncertainty           -0.035    88.427    
    SLICE_X41Y37         FDRE (Setup_fdre_C_CE)      -0.205    88.222    debounce_cnt_reg[10]
  -------------------------------------------------------------------
                         required time                         88.222    
                         arrival time                          -8.455    
  -------------------------------------------------------------------
                         slack                                 79.766    

Slack (MET) :             79.766ns  (required time - arrival time)
  Source:                 debounce_cnt_reg[15]/C
                            (rising edge-triggered cell FDRE clocked by sys_clk_pin  {rise@0.000ns fall@41.660ns period=83.330ns})
  Destination:            debounce_cnt_reg[11]/CE
                            (rising edge-triggered cell FDRE clocked by sys_clk_pin  {rise@0.000ns fall@41.660ns period=83.330ns})
  Path Group:             sys_clk_pin
  Path Type:              Setup (Max at Slow Process Corner)
  Requirement:            83.330ns  (sys_clk_pin rise@83.330ns - sys_clk_pin rise@0.000ns)
  Data Path Delay:        3.297ns  (logic 0.704ns (21.350%)  route 2.593ns (78.649%))
  Logic Levels:           2  (LUT6=2)
  Clock Path Skew:        -0.026ns (DCD - SCD + CPR)
    Destination Clock Delay (DCD):    4.860ns = ( 88.190 - 83.330 ) 
    Source Clock Delay      (SCD):    5.158ns
    Clock Pessimism Removal (CPR):    0.272ns
  Clock Uncertainty:      0.035ns  ((TSJ^2 + TIJ^2)^1/2 + DJ) / 2 + PE
    Total System Jitter     (TSJ):    0.071ns
    Total Input Jitter      (TIJ):    0.000ns
    Discrete Jitter          (DJ):    0.000ns
    Phase Error              (PE):    0.000ns

    Location             Delay type                Incr(ns)  Path(ns)    Netlist Resource(s)
  -------------------------------------------------------------------    -------------------
                         (clock sys_clk_pin rise edge)
                                                      0.000     0.000 r  
    M9                                                0.000     0.000 r  clk (IN)
                         net (fo=0)                   0.000     0.000    clk
    M9                   IBUF (Prop_ibuf_I_O)         1.465     1.465 r  clk_IBUF_inst/O
                         net (fo=1, routed)           1.966     3.431    clk_IBUF
    BUFGCTRL_X0Y0        BUFG (Prop_bufg_I_O)         0.096     3.527 r  clk_IBUF_BUFG_inst/O
                         net (fo=76, routed)          1.631     5.158    clk_IBUF_BUFG
    SLICE_X41Y38         FDRE                                         r  debounce_cnt_reg[15]/C
  -------------------------------------------------------------------    -------------------
    SLICE_X41Y38         FDRE (Prop_fdre_C_Q)         0.456     5.614 f  debounce_cnt_reg[15]/Q
                         net (fo=3, routed)           0.844     6.458    debounce_cnt_reg[15]
    SLICE_X40Y39         LUT6 (Prop_lut6_I4_O)        0.124     6.582 r  btn_stable_i_4/O
                         net (fo=2, routed)           0.965     7.547    btn_stable_i_4_n_0
    SLICE_X40Y36         LUT6 (Prop_lut6_I0_O)        0.124     7.671 r  debounce_cnt[0]_i_2/O
                         net (fo=20, routed)          0.784     8.455    sel
    SLICE_X41Y37         FDRE                                         r  debounce_cnt_reg[11]/CE
  -------------------------------------------------------------------    -------------------

                         (clock sys_clk_pin rise edge)
                                                     83.330    83.330 r  
    M9                                                0.000    83.330 r  clk (IN)
                         net (fo=0)                   0.000    83.330    clk
    M9                   IBUF (Prop_ibuf_I_O)         1.395    84.725 r  clk_IBUF_inst/O
                         net (fo=1, routed)           1.862    86.587    clk_IBUF
    BUFGCTRL_X0Y0        BUFG (Prop_bufg_I_O)         0.091    86.678 r  clk_IBUF_BUFG_inst/O
                         net (fo=76, routed)          1.512    88.190    clk_IBUF_BUFG
    SLICE_X41Y37         FDRE                                         r  debounce_cnt_reg[11]/C
                         clock pessimism              0.272    88.462    
                         clock uncertainty           -0.035    88.427    
    SLICE_X41Y37         FDRE (Setup_fdre_C_CE)      -0.205    88.222    debounce_cnt_reg[11]
  -------------------------------------------------------------------
                         required time                         88.222    
                         arrival time                          -8.455    
  -------------------------------------------------------------------
                         slack                                 79.766    

Slack (MET) :             79.766ns  (required time - arrival time)
  Source:                 debounce_cnt_reg[15]/C
                            (rising edge-triggered cell FDRE clocked by sys_clk_pin  {rise@0.000ns fall@41.660ns period=83.330ns})
  Destination:            debounce_cnt_reg[1]/CE
                            (rising edge-triggered cell FDRE clocked by sys_clk_pin  {rise@0.000ns fall@41.660ns period=83.330ns})
  Path Group:             sys_clk_pin
  Path Type:              Setup (Max at Slow Process Corner)
  Requirement:            83.330ns  (sys_clk_pin rise@83.330ns - sys_clk_pin rise@0.000ns)
  Data Path Delay:        3.296ns  (logic 0.704ns (21.357%)  route 2.592ns (78.643%))
  Logic Levels:           2  (LUT6=2)
  Clock Path Skew:        -0.027ns (DCD - SCD + CPR)
    Destination Clock Delay (DCD):    4.859ns = ( 88.189 - 83.330 ) 
    Source Clock Delay      (SCD):    5.158ns
    Clock Pessimism Removal (CPR):    0.272ns
  Clock Uncertainty:      0.035ns  ((TSJ^2 + TIJ^2)^1/2 + DJ) / 2 + PE
    Total System Jitter     (TSJ):    0.071ns
    Total Input Jitter      (TIJ):    0.000ns
    Discrete Jitter          (DJ):    0.000ns
    Phase Error              (PE):    0.000ns

    Location             Delay type                Incr(ns)  Path(ns)    Netlist Resource(s)
  -------------------------------------------------------------------    -------------------
                         (clock sys_clk_pin rise edge)
                                                      0.000     0.000 r  
    M9                                                0.000     0.000 r  clk (IN)
                         net (fo=0)                   0.000     0.000    clk
    M9                   IBUF (Prop_ibuf_I_O)         1.465     1.465 r  clk_IBUF_inst/O
                         net (fo=1, routed)           1.966     3.431    clk_IBUF
    BUFGCTRL_X0Y0        BUFG (Prop_bufg_I_O)         0.096     3.527 r  clk_IBUF_BUFG_inst/O
                         net (fo=76, routed)          1.631     5.158    clk_IBUF_BUFG
    SLICE_X41Y38         FDRE                                         r  debounce_cnt_reg[15]/C
  -------------------------------------------------------------------    -------------------
    SLICE_X41Y38         FDRE (Prop_fdre_C_Q)         0.456     5.614 f  debounce_cnt_reg[15]/Q
                         net (fo=3, routed)           0.844     6.458    debounce_cnt_reg[15]
    SLICE_X40Y39         LUT6 (Prop_lut6_I4_O)        0.124     6.582 r  btn_stable_i_4/O
                         net (fo=2, routed)           0.965     7.547    btn_stable_i_4_n_0
    SLICE_X40Y36         LUT6 (Prop_lut6_I0_O)        0.124     7.671 r  debounce_cnt[0]_i_2/O
                         net (fo=20, routed)          0.783     8.454    sel
    SLICE_X41Y35         FDRE                                         r  debounce_cnt_reg[1]/CE
  -------------------------------------------------------------------    -------------------

                         (clock sys_clk_pin rise edge)
                                                     83.330    83.330 r  
    M9                                                0.000    83.330 r  clk (IN)
                         net (fo=0)                   0.000    83.330    clk
    M9                   IBUF (Prop_ibuf_I_O)         1.395    84.725 r  clk_IBUF_inst/O
                         net (fo=1, routed)           1.862    86.587    clk_IBUF
    BUFGCTRL_X0Y0        BUFG (Prop_bufg_I_O)         0.091    86.678 r  clk_IBUF_BUFG_inst/O
                         net (fo=76, routed)          1.511    88.189    clk_IBUF_BUFG
    SLICE_X41Y35         FDRE                                         r  debounce_cnt_reg[1]/C
                         clock pessimism              0.272    88.461    
                         clock uncertainty           -0.035    88.426    
    SLICE_X41Y35         FDRE (Setup_fdre_C_CE)      -0.205    88.221    debounce_cnt_reg[1]
  -------------------------------------------------------------------
                         required time                         88.221    
                         arrival time                          -8.454    
  -------------------------------------------------------------------
                         slack                                 79.766    

Slack (MET) :             79.766ns  (required time - arrival time)
  Source:                 debounce_cnt_reg[15]/C
                            (rising edge-triggered cell FDRE clocked by sys_clk_pin  {rise@0.000ns fall@41.660ns period=83.330ns})
  Destination:            debounce_cnt_reg[2]/CE
                            (rising edge-triggered cell FDRE clocked by sys_clk_pin  {rise@0.000ns fall@41.660ns period=83.330ns})
  Path Group:             sys_clk_pin
  Path Type:              Setup (Max at Slow Process Corner)
  Requirement:            83.330ns  (sys_clk_pin rise@83.330ns - sys_clk_pin rise@0.000ns)
  Data Path Delay:        3.296ns  (logic 0.704ns (21.357%)  route 2.592ns (78.643%))
  Logic Levels:           2  (LUT6=2)
  Clock Path Skew:        -0.027ns (DCD - SCD + CPR)
    Destination Clock Delay (DCD):    4.859ns = ( 88.189 - 83.330 ) 
    Source Clock Delay      (SCD):    5.158ns
    Clock Pessimism Removal (CPR):    0.272ns
  Clock Uncertainty:      0.035ns  ((TSJ^2 + TIJ^2)^1/2 + DJ) / 2 + PE
    Total System Jitter     (TSJ):    0.071ns
    Total Input Jitter      (TIJ):    0.000ns
    Discrete Jitter          (DJ):    0.000ns
    Phase Error              (PE):    0.000ns

    Location             Delay type                Incr(ns)  Path(ns)    Netlist Resource(s)
  -------------------------------------------------------------------    -------------------
                         (clock sys_clk_pin rise edge)
                                                      0.000     0.000 r  
    M9                                                0.000     0.000 r  clk (IN)
                         net (fo=0)                   0.000     0.000    clk
    M9                   IBUF (Prop_ibuf_I_O)         1.465     1.465 r  clk_IBUF_inst/O
                         net (fo=1, routed)           1.966     3.431    clk_IBUF
    BUFGCTRL_X0Y0        BUFG (Prop_bufg_I_O)         0.096     3.527 r  clk_IBUF_BUFG_inst/O
                         net (fo=76, routed)          1.631     5.158    clk_IBUF_BUFG
    SLICE_X41Y38         FDRE                                         r  debounce_cnt_reg[15]/C
  -------------------------------------------------------------------    -------------------
    SLICE_X41Y38         FDRE (Prop_fdre_C_Q)         0.456     5.614 f  debounce_cnt_reg[15]/Q
                         net (fo=3, routed)           0.844     6.458    debounce_cnt_reg[15]
    SLICE_X40Y39         LUT6 (Prop_lut6_I4_O)        0.124     6.582 r  btn_stable_i_4/O
                         net (fo=2, routed)           0.965     7.547    btn_stable_i_4_n_0
    SLICE_X40Y36         LUT6 (Prop_lut6_I0_O)        0.124     7.671 r  debounce_cnt[0]_i_2/O
                         net (fo=20, routed)          0.783     8.454    sel
    SLICE_X41Y35         FDRE                                         r  debounce_cnt_reg[2]/CE
  -------------------------------------------------------------------    -------------------

                         (clock sys_clk_pin rise edge)
                                                     83.330    83.330 r  
    M9                                                0.000    83.330 r  clk (IN)
                         net (fo=0)                   0.000    83.330    clk
    M9                   IBUF (Prop_ibuf_I_O)         1.395    84.725 r  clk_IBUF_inst/O
                         net (fo=1, routed)           1.862    86.587    clk_IBUF
    BUFGCTRL_X0Y0        BUFG (Prop_bufg_I_O)         0.091    86.678 r  clk_IBUF_BUFG_inst/O
                         net (fo=76, routed)          1.511    88.189    clk_IBUF_BUFG
    SLICE_X41Y35         FDRE                                         r  debounce_cnt_reg[2]/C
                         clock pessimism              0.272    88.461    
                         clock uncertainty           -0.035    88.426    
    SLICE_X41Y35         FDRE (Setup_fdre_C_CE)      -0.205    88.221    debounce_cnt_reg[2]
  -------------------------------------------------------------------
                         required time                         88.221    
                         arrival time                          -8.454    
  -------------------------------------------------------------------
                         slack                                 79.766    

Slack (MET) :             79.766ns  (required time - arrival time)
  Source:                 debounce_cnt_reg[15]/C
                            (rising edge-triggered cell FDRE clocked by sys_clk_pin  {rise@0.000ns fall@41.660ns period=83.330ns})
  Destination:            debounce_cnt_reg[3]/CE
                            (rising edge-triggered cell FDRE clocked by sys_clk_pin  {rise@0.000ns fall@41.660ns period=83.330ns})
  Path Group:             sys_clk_pin
  Path Type:              Setup (Max at Slow Process Corner)
  Requirement:            83.330ns  (sys_clk_pin rise@83.330ns - sys_clk_pin rise@0.000ns)
  Data Path Delay:        3.296ns  (logic 0.704ns (21.357%)  route 2.592ns (78.643%))
  Logic Levels:           2  (LUT6=2)
  Clock Path Skew:        -0.027ns (DCD - SCD + CPR)
    Destination Clock Delay (DCD):    4.859ns = ( 88.189 - 83.330 ) 
    Source Clock Delay      (SCD):    5.158ns
    Clock Pessimism Removal (CPR):    0.272ns
  Clock Uncertainty:      0.035ns  ((TSJ^2 + TIJ^2)^1/2 + DJ) / 2 + PE
    Total System Jitter     (TSJ):    0.071ns
    Total Input Jitter      (TIJ):    0.000ns
    Discrete Jitter          (DJ):    0.000ns
    Phase Error              (PE):    0.000ns

    Location             Delay type                Incr(ns)  Path(ns)    Netlist Resource(s)
  -------------------------------------------------------------------    -------------------
                         (clock sys_clk_pin rise edge)
                                                      0.000     0.000 r  
    M9                                                0.000     0.000 r  clk (IN)
                         net (fo=0)                   0.000     0.000    clk
    M9                   IBUF (Prop_ibuf_I_O)         1.465     1.465 r  clk_IBUF_inst/O
                         net (fo=1, routed)           1.966     3.431    clk_IBUF
    BUFGCTRL_X0Y0        BUFG (Prop_bufg_I_O)         0.096     3.527 r  clk_IBUF_BUFG_inst/O
                         net (fo=76, routed)          1.631     5.158    clk_IBUF_BUFG
    SLICE_X41Y38         FDRE                                         r  debounce_cnt_reg[15]/C
  -------------------------------------------------------------------    -------------------
    SLICE_X41Y38         FDRE (Prop_fdre_C_Q)         0.456     5.614 f  debounce_cnt_reg[15]/Q
                         net (fo=3, routed)           0.844     6.458    debounce_cnt_reg[15]
    SLICE_X40Y39         LUT6 (Prop_lut6_I4_O)        0.124     6.582 r  btn_stable_i_4/O
                         net (fo=2, routed)           0.965     7.547    btn_stable_i_4_n_0
    SLICE_X40Y36         LUT6 (Prop_lut6_I0_O)        0.124     7.671 r  debounce_cnt[0]_i_2/O
                         net (fo=20, routed)          0.783     8.454    sel
    SLICE_X41Y35         FDRE                                         r  debounce_cnt_reg[3]/CE
  -------------------------------------------------------------------    -------------------

                         (clock sys_clk_pin rise edge)
                                                     83.330    83.330 r  
    M9                                                0.000    83.330 r  clk (IN)
                         net (fo=0)                   0.000    83.330    clk
    M9                   IBUF (Prop_ibuf_I_O)         1.395    84.725 r  clk_IBUF_inst/O
                         net (fo=1, routed)           1.862    86.587    clk_IBUF
    BUFGCTRL_X0Y0        BUFG (Prop_bufg_I_O)         0.091    86.678 r  clk_IBUF_BUFG_inst/O
                         net (fo=76, routed)          1.511    88.189    clk_IBUF_BUFG
    SLICE_X41Y35         FDRE                                         r  debounce_cnt_reg[3]/C
                         clock pessimism              0.272    88.461    
                         clock uncertainty           -0.035    88.426    
    SLICE_X41Y35         FDRE (Setup_fdre_C_CE)      -0.205    88.221    debounce_cnt_reg[3]
  -------------------------------------------------------------------
                         required time                         88.221    
                         arrival time                          -8.454    
  -------------------------------------------------------------------
                         slack                                 79.766    

Slack (MET) :             79.766ns  (required time - arrival time)
  Source:                 debounce_cnt_reg[15]/C
                            (rising edge-triggered cell FDRE clocked by sys_clk_pin  {rise@0.000ns fall@41.660ns period=83.330ns})
  Destination:            debounce_cnt_reg[8]/CE
                            (rising edge-triggered cell FDRE clocked by sys_clk_pin  {rise@0.000ns fall@41.660ns period=83.330ns})
  Path Group:             sys_clk_pin
  Path Type:              Setup (Max at Slow Process Corner)
  Requirement:            83.330ns  (sys_clk_pin rise@83.330ns - sys_clk_pin rise@0.000ns)
  Data Path Delay:        3.297ns  (logic 0.704ns (21.350%)  route 2.593ns (78.649%))
  Logic Levels:           2  (LUT6=2)
  Clock Path Skew:        -0.026ns (DCD - SCD + CPR)
    Destination Clock Delay (DCD):    4.860ns = ( 88.190 - 83.330 ) 
    Source Clock Delay      (SCD):    5.158ns
    Clock Pessimism Removal (CPR):    0.272ns
  Clock Uncertainty:      0.035ns  ((TSJ^2 + TIJ^2)^1/2 + DJ) / 2 + PE
    Total System Jitter     (TSJ):    0.071ns
    Total Input Jitter      (TIJ):    0.000ns
    Discrete Jitter          (DJ):    0.000ns
    Phase Error              (PE):    0.000ns

    Location             Delay type                Incr(ns)  Path(ns)    Netlist Resource(s)
  -------------------------------------------------------------------    -------------------
                         (clock sys_clk_pin rise edge)
                                                      0.000     0.000 r  
    M9                                                0.000     0.000 r  clk (IN)
                         net (fo=0)                   0.000     0.000    clk
    M9                   IBUF (Prop_ibuf_I_O)         1.465     1.465 r  clk_IBUF_inst/O
                         net (fo=1, routed)           1.966     3.431    clk_IBUF
    BUFGCTRL_X0Y0        BUFG (Prop_bufg_I_O)         0.096     3.527 r  clk_IBUF_BUFG_inst/O
                         net (fo=76, routed)          1.631     5.158    clk_IBUF_BUFG
    SLICE_X41Y38         FDRE                                         r  debounce_cnt_reg[15]/C
  -------------------------------------------------------------------    -------------------
    SLICE_X41Y38         FDRE (Prop_fdre_C_Q)         0.456     5.614 f  debounce_cnt_reg[15]/Q
                         net (fo=3, routed)           0.844     6.458    debounce_cnt_reg[15]
    SLICE_X40Y39         LUT6 (Prop_lut6_I4_O)        0.124     6.582 r  btn_stable_i_4/O
                         net (fo=2, routed)           0.965     7.547    btn_stable_i_4_n_0
    SLICE_X40Y36         LUT6 (Prop_lut6_I0_O)        0.124     7.671 r  debounce_cnt[0]_i_2/O
                         net (fo=20, routed)          0.784     8.455    sel
    SLICE_X41Y37         FDRE                                         r  debounce_cnt_reg[8]/CE
  -------------------------------------------------------------------    -------------------

                         (clock sys_clk_pin rise edge)
                                                     83.330    83.330 r  
    M9                                                0.000    83.330 r  clk (IN)
                         net (fo=0)                   0.000    83.330    clk
    M9                   IBUF (Prop_ibuf_I_O)         1.395    84.725 r  clk_IBUF_inst/O
                         net (fo=1, routed)           1.862    86.587    clk_IBUF
    BUFGCTRL_X0Y0        BUFG (Prop_bufg_I_O)         0.091    86.678 r  clk_IBUF_BUFG_inst/O
                         net (fo=76, routed)          1.512    88.190    clk_IBUF_BUFG
    SLICE_X41Y37         FDRE                                         r  debounce_cnt_reg[8]/C
                         clock pessimism              0.272    88.462    
                         clock uncertainty           -0.035    88.427    
    SLICE_X41Y37         FDRE (Setup_fdre_C_CE)      -0.205    88.222    debounce_cnt_reg[8]
  -------------------------------------------------------------------
                         required time                         88.222    
                         arrival time                          -8.455    
  -------------------------------------------------------------------
                         slack                                 79.766    

Slack (MET) :             79.766ns  (required time - arrival time)
  Source:                 debounce_cnt_reg[15]/C
                            (rising edge-triggered cell FDRE clocked by sys_clk_pin  {rise@0.000ns fall@41.660ns period=83.330ns})
  Destination:            debounce_cnt_reg[9]/CE
                            (rising edge-triggered cell FDRE clocked by sys_clk_pin  {rise@0.000ns fall@41.660ns period=83.330ns})
  Path Group:             sys_clk_pin
  Path Type:              Setup (Max at Slow Process Corner)
  Requirement:            83.330ns  (sys_clk_pin rise@83.330ns - sys_clk_pin rise@0.000ns)
  Data Path Delay:        3.297ns  (logic 0.704ns (21.350%)  route 2.593ns (78.649%))
  Logic Levels:           2  (LUT6=2)
  Clock Path Skew:        -0.026ns (DCD - SCD + CPR)
    Destination Clock Delay (DCD):    4.860ns = ( 88.190 - 83.330 ) 
    Source Clock Delay      (SCD):    5.158ns
    Clock Pessimism Removal (CPR):    0.272ns
  Clock Uncertainty:      0.035ns  ((TSJ^2 + TIJ^2)^1/2 + DJ) / 2 + PE
    Total System Jitter     (TSJ):    0.071ns
    Total Input Jitter      (TIJ):    0.000ns
    Discrete Jitter          (DJ):    0.000ns
    Phase Error              (PE):    0.000ns

    Location             Delay type                Incr(ns)  Path(ns)    Netlist Resource(s)
  -------------------------------------------------------------------    -------------------
                         (clock sys_clk_pin rise edge)
                                                      0.000     0.000 r  
    M9                                                0.000     0.000 r  clk (IN)
                         net (fo=0)                   0.000     0.000    clk
    M9                   IBUF (Prop_ibuf_I_O)         1.465     1.465 r  clk_IBUF_inst/O
                         net (fo=1, routed)           1.966     3.431    clk_IBUF
    BUFGCTRL_X0Y0        BUFG (Prop_bufg_I_O)         0.096     3.527 r  clk_IBUF_BUFG_inst/O
                         net (fo=76, routed)          1.631     5.158    clk_IBUF_BUFG
    SLICE_X41Y38         FDRE                                         r  debounce_cnt_reg[15]/C
  -------------------------------------------------------------------    -------------------
    SLICE_X41Y38         FDRE (Prop_fdre_C_Q)         0.456     5.614 f  debounce_cnt_reg[15]/Q
                         net (fo=3, routed)           0.844     6.458    debounce_cnt_reg[15]
    SLICE_X40Y39         LUT6 (Prop_lut6_I4_O)        0.124     6.582 r  btn_stable_i_4/O
                         net (fo=2, routed)           0.965     7.547    btn_stable_i_4_n_0
    SLICE_X40Y36         LUT6 (Prop_lut6_I0_O)        0.124     7.671 r  debounce_cnt[0]_i_2/O
                         net (fo=20, routed)          0.784     8.455    sel
    SLICE_X41Y37         FDRE                                         r  debounce_cnt_reg[9]/CE
  -------------------------------------------------------------------    -------------------

                         (clock sys_clk_pin rise edge)
                                                     83.330    83.330 r  
    M9                                                0.000    83.330 r  clk (IN)
                         net (fo=0)                   0.000    83.330    clk
    M9                   IBUF (Prop_ibuf_I_O)         1.395    84.725 r  clk_IBUF_inst/O
                         net (fo=1, routed)           1.862    86.587    clk_IBUF
    BUFGCTRL_X0Y0        BUFG (Prop_bufg_I_O)         0.091    86.678 r  clk_IBUF_BUFG_inst/O
                         net (fo=76, routed)          1.512    88.190    clk_IBUF_BUFG
    SLICE_X41Y37         FDRE                                         r  debounce_cnt_reg[9]/C
                         clock pessimism              0.272    88.462    
                         clock uncertainty           -0.035    88.427    
    SLICE_X41Y37         FDRE (Setup_fdre_C_CE)      -0.205    88.222    debounce_cnt_reg[9]
  -------------------------------------------------------------------
                         required time                         88.222    
                         arrival time                          -8.455    
  -------------------------------------------------------------------
                         slack                                 79.766    

Slack (MET) :             79.906ns  (required time - arrival time)
  Source:                 debounce_cnt_reg[15]/C
                            (rising edge-triggered cell FDRE clocked by sys_clk_pin  {rise@0.000ns fall@41.660ns period=83.330ns})
  Destination:            debounce_cnt_reg[4]/CE
                            (rising edge-triggered cell FDRE clocked by sys_clk_pin  {rise@0.000ns fall@41.660ns period=83.330ns})
  Path Group:             sys_clk_pin
  Path Type:              Setup (Max at Slow Process Corner)
  Requirement:            83.330ns  (sys_clk_pin rise@83.330ns - sys_clk_pin rise@0.000ns)
  Data Path Delay:        3.156ns  (logic 0.704ns (22.303%)  route 2.452ns (77.697%))
  Logic Levels:           2  (LUT6=2)
  Clock Path Skew:        -0.027ns (DCD - SCD + CPR)
    Destination Clock Delay (DCD):    4.859ns = ( 88.189 - 83.330 ) 
    Source Clock Delay      (SCD):    5.158ns
    Clock Pessimism Removal (CPR):    0.272ns
  Clock Uncertainty:      0.035ns  ((TSJ^2 + TIJ^2)^1/2 + DJ) / 2 + PE
    Total System Jitter     (TSJ):    0.071ns
    Total Input Jitter      (TIJ):    0.000ns
    Discrete Jitter          (DJ):    0.000ns
    Phase Error              (PE):    0.000ns

    Location             Delay type                Incr(ns)  Path(ns)    Netlist Resource(s)
  -------------------------------------------------------------------    -------------------
                         (clock sys_clk_pin rise edge)
                                                      0.000     0.000 r  
    M9                                                0.000     0.000 r  clk (IN)
                         net (fo=0)                   0.000     0.000    clk
    M9                   IBUF (Prop_ibuf_I_O)         1.465     1.465 r  clk_IBUF_inst/O
                         net (fo=1, routed)           1.966     3.431    clk_IBUF
    BUFGCTRL_X0Y0        BUFG (Prop_bufg_I_O)         0.096     3.527 r  clk_IBUF_BUFG_inst/O
                         net (fo=76, routed)          1.631     5.158    clk_IBUF_BUFG
    SLICE_X41Y38         FDRE                                         r  debounce_cnt_reg[15]/C
  -------------------------------------------------------------------    -------------------
    SLICE_X41Y38         FDRE (Prop_fdre_C_Q)         0.456     5.614 f  debounce_cnt_reg[15]/Q
                         net (fo=3, routed)           0.844     6.458    debounce_cnt_reg[15]
    SLICE_X40Y39         LUT6 (Prop_lut6_I4_O)        0.124     6.582 r  btn_stable_i_4/O
                         net (fo=2, routed)           0.965     7.547    btn_stable_i_4_n_0
    SLICE_X40Y36         LUT6 (Prop_lut6_I0_O)        0.124     7.671 r  debounce_cnt[0]_i_2/O
                         net (fo=20, routed)          0.643     8.314    sel
    SLICE_X41Y36         FDRE                                         r  debounce_cnt_reg[4]/CE
  -------------------------------------------------------------------    -------------------

                         (clock sys_clk_pin rise edge)
                                                     83.330    83.330 r  
    M9                                                0.000    83.330 r  clk (IN)
                         net (fo=0)                   0.000    83.330    clk
    M9                   IBUF (Prop_ibuf_I_O)         1.395    84.725 r  clk_IBUF_inst/O
                         net (fo=1, routed)           1.862    86.587    clk_IBUF
    BUFGCTRL_X0Y0        BUFG (Prop_bufg_I_O)         0.091    86.678 r  clk_IBUF_BUFG_inst/O
                         net (fo=76, routed)          1.511    88.189    clk_IBUF_BUFG
    SLICE_X41Y36         FDRE                                         r  debounce_cnt_reg[4]/C
                         clock pessimism              0.272    88.461    
                         clock uncertainty           -0.035    88.426    
    SLICE_X41Y36         FDRE (Setup_fdre_C_CE)      -0.205    88.221    debounce_cnt_reg[4]
  -------------------------------------------------------------------
                         required time                         88.221    
                         arrival time                          -8.314    
  -------------------------------------------------------------------
                         slack                                 79.906    

Slack (MET) :             79.906ns  (required time - arrival time)
  Source:                 debounce_cnt_reg[15]/C
                            (rising edge-triggered cell FDRE clocked by sys_clk_pin  {rise@0.000ns fall@41.660ns period=83.330ns})
  Destination:            debounce_cnt_reg[5]/CE
                            (rising edge-triggered cell FDRE clocked by sys_clk_pin  {rise@0.000ns fall@41.660ns period=83.330ns})
  Path Group:             sys_clk_pin
  Path Type:              Setup (Max at Slow Process Corner)
  Requirement:            83.330ns  (sys_clk_pin rise@83.330ns - sys_clk_pin rise@0.000ns)
  Data Path Delay:        3.156ns  (logic 0.704ns (22.303%)  route 2.452ns (77.697%))
  Logic Levels:           2  (LUT6=2)
  Clock Path Skew:        -0.027ns (DCD - SCD + CPR)
    Destination Clock Delay (DCD):    4.859ns = ( 88.189 - 83.330 ) 
    Source Clock Delay      (SCD):    5.158ns
    Clock Pessimism Removal (CPR):    0.272ns
  Clock Uncertainty:      0.035ns  ((TSJ^2 + TIJ^2)^1/2 + DJ) / 2 + PE
    Total System Jitter     (TSJ):    0.071ns
    Total Input Jitter      (TIJ):    0.000ns
    Discrete Jitter          (DJ):    0.000ns
    Phase Error              (PE):    0.000ns

    Location             Delay type                Incr(ns)  Path(ns)    Netlist Resource(s)
  -------------------------------------------------------------------    -------------------
                         (clock sys_clk_pin rise edge)
                                                      0.000     0.000 r  
    M9                                                0.000     0.000 r  clk (IN)
                         net (fo=0)                   0.000     0.000    clk
    M9                   IBUF (Prop_ibuf_I_O)         1.465     1.465 r  clk_IBUF_inst/O
                         net (fo=1, routed)           1.966     3.431    clk_IBUF
    BUFGCTRL_X0Y0        BUFG (Prop_bufg_I_O)         0.096     3.527 r  clk_IBUF_BUFG_inst/O
                         net (fo=76, routed)          1.631     5.158    clk_IBUF_BUFG
    SLICE_X41Y38         FDRE                                         r  debounce_cnt_reg[15]/C
  -------------------------------------------------------------------    -------------------
    SLICE_X41Y38         FDRE (Prop_fdre_C_Q)         0.456     5.614 f  debounce_cnt_reg[15]/Q
                         net (fo=3, routed)           0.844     6.458    debounce_cnt_reg[15]
    SLICE_X40Y39         LUT6 (Prop_lut6_I4_O)        0.124     6.582 r  btn_stable_i_4/O
                         net (fo=2, routed)           0.965     7.547    btn_stable_i_4_n_0
    SLICE_X40Y36         LUT6 (Prop_lut6_I0_O)        0.124     7.671 r  debounce_cnt[0]_i_2/O
                         net (fo=20, routed)          0.643     8.314    sel
    SLICE_X41Y36         FDRE                                         r  debounce_cnt_reg[5]/CE
  -------------------------------------------------------------------    -------------------

                         (clock sys_clk_pin rise edge)
                                                     83.330    83.330 r  
    M9                                                0.000    83.330 r  clk (IN)
                         net (fo=0)                   0.000    83.330    clk
    M9                   IBUF (Prop_ibuf_I_O)         1.395    84.725 r  clk_IBUF_inst/O
                         net (fo=1, routed)           1.862    86.587    clk_IBUF
    BUFGCTRL_X0Y0        BUFG (Prop_bufg_I_O)         0.091    86.678 r  clk_IBUF_BUFG_inst/O
                         net (fo=76, routed)          1.511    88.189    clk_IBUF_BUFG
    SLICE_X41Y36         FDRE                                         r  debounce_cnt_reg[5]/C
                         clock pessimism              0.272    88.461    
                         clock uncertainty           -0.035    88.426    
    SLICE_X41Y36         FDRE (Setup_fdre_C_CE)      -0.205    88.221    debounce_cnt_reg[5]
  -------------------------------------------------------------------
                         required time                         88.221    
                         arrival time                          -8.314    
  -------------------------------------------------------------------
                         slack                                 79.906    





Min Delay Paths
--------------------------------------------------------------------------------------
Slack (MET) :             0.123ns  (arrival time - required time)
  Source:                 SECRET_KEY_reg[11]/C
                            (rising edge-triggered cell FDRE clocked by sys_clk_pin  {rise@0.000ns fall@41.660ns period=83.330ns})
  Destination:            SECRET_KEY_reg[127]_srl14/D
                            (rising edge-triggered cell SRL16E clocked by sys_clk_pin  {rise@0.000ns fall@41.660ns period=83.330ns})
  Path Group:             sys_clk_pin
  Path Type:              Hold (Min at Fast Process Corner)
  Requirement:            0.000ns  (sys_clk_pin rise@0.000ns - sys_clk_pin rise@0.000ns)
  Data Path Delay:        0.273ns  (logic 0.141ns (51.633%)  route 0.132ns (48.367%))
  Logic Levels:           0  
  Clock Path Skew:        0.035ns (DCD - SCD - CPR)
    Destination Clock Delay (DCD):    1.993ns
    Source Clock Delay      (SCD):    1.480ns
    Clock Pessimism Removal (CPR):    0.478ns

    Location             Delay type                Incr(ns)  Path(ns)    Netlist Resource(s)
  -------------------------------------------------------------------    -------------------
                         (clock sys_clk_pin rise edge)
                                                      0.000     0.000 r  
    M9                                                0.000     0.000 r  clk (IN)
                         net (fo=0)                   0.000     0.000    clk
    M9                   IBUF (Prop_ibuf_I_O)         0.233     0.233 r  clk_IBUF_inst/O
                         net (fo=1, routed)           0.631     0.864    clk_IBUF
    BUFGCTRL_X0Y0        BUFG (Prop_bufg_I_O)         0.026     0.890 r  clk_IBUF_BUFG_inst/O
                         net (fo=76, routed)          0.590     1.480    clk_IBUF_BUFG
    SLICE_X38Y37         FDRE                                         r  SECRET_KEY_reg[11]/C
  -------------------------------------------------------------------    -------------------
    SLICE_X38Y37         FDRE (Prop_fdre_C_Q)         0.141     1.621 r  SECRET_KEY_reg[11]/Q
                         net (fo=2, routed)           0.132     1.753    SECRET_KEY[11]
    SLICE_X36Y37         SRL16E                                       r  SECRET_KEY_reg[127]_srl14/D
  -------------------------------------------------------------------    -------------------

                         (clock sys_clk_pin rise edge)
                                                      0.000     0.000 r  
    M9                                                0.000     0.000 r  clk (IN)
                         net (fo=0)                   0.000     0.000    clk
    M9                   IBUF (Prop_ibuf_I_O)         0.421     0.421 r  clk_IBUF_inst/O
                         net (fo=1, routed)           0.685     1.106    clk_IBUF
    BUFGCTRL_X0Y0        BUFG (Prop_bufg_I_O)         0.029     1.135 r  clk_IBUF_BUFG_inst/O
                         net (fo=76, routed)          0.859     1.993    clk_IBUF_BUFG
    SLICE_X36Y37         SRL16E                                       r  SECRET_KEY_reg[127]_srl14/CLK
                         clock pessimism             -0.478     1.515    
    SLICE_X36Y37         SRL16E (Hold_srl16e_CLK_D)
                                                      0.115     1.630    SECRET_KEY_reg[127]_srl14
  -------------------------------------------------------------------
                         required time                         -1.630    
                         arrival time                           1.753    
  -------------------------------------------------------------------
                         slack                                  0.123    

Slack (MET) :             0.127ns  (arrival time - required time)
  Source:                 SECRET_KEY_reg[24]/C
                            (rising edge-triggered cell FDRE clocked by sys_clk_pin  {rise@0.000ns fall@41.660ns period=83.330ns})
  Destination:            SECRET_KEY_reg[48]_srl3/D
                            (rising edge-triggered cell SRL16E clocked by sys_clk_pin  {rise@0.000ns fall@41.660ns period=83.330ns})
  Path Group:             sys_clk_pin
  Path Type:              Hold (Min at Fast Process Corner)
  Requirement:            0.000ns  (sys_clk_pin rise@0.000ns - sys_clk_pin rise@0.000ns)
  Data Path Delay:        0.271ns  (logic 0.141ns (51.952%)  route 0.130ns (48.048%))
  Logic Levels:           0  
  Clock Path Skew:        0.035ns (DCD - SCD - CPR)
    Destination Clock Delay (DCD):    1.993ns
    Source Clock Delay      (SCD):    1.480ns
    Clock Pessimism Removal (CPR):    0.478ns

    Location             Delay type                Incr(ns)  Path(ns)    Netlist Resource(s)
  -------------------------------------------------------------------    -------------------
                         (clock sys_clk_pin rise edge)
                                                      0.000     0.000 r  
    M9                                                0.000     0.000 r  clk (IN)
                         net (fo=0)                   0.000     0.000    clk
    M9                   IBUF (Prop_ibuf_I_O)         0.233     0.233 r  clk_IBUF_inst/O
                         net (fo=1, routed)           0.631     0.864    clk_IBUF
    BUFGCTRL_X0Y0        BUFG (Prop_bufg_I_O)         0.026     0.890 r  clk_IBUF_BUFG_inst/O
                         net (fo=76, routed)          0.590     1.480    clk_IBUF_BUFG
    SLICE_X38Y37         FDRE                                         r  SECRET_KEY_reg[24]/C
  -------------------------------------------------------------------    -------------------
    SLICE_X38Y37         FDRE (Prop_fdre_C_Q)         0.141     1.621 r  SECRET_KEY_reg[24]/Q
                         net (fo=2, routed)           0.130     1.751    SECRET_KEY[24]
    SLICE_X36Y37         SRL16E                                       r  SECRET_KEY_reg[48]_srl3/D
  -------------------------------------------------------------------    -------------------

                         (clock sys_clk_pin rise edge)
                                                      0.000     0.000 r  
    M9                                                0.000     0.000 r  clk (IN)
                         net (fo=0)                   0.000     0.000    clk
    M9                   IBUF (Prop_ibuf_I_O)         0.421     0.421 r  clk_IBUF_inst/O
                         net (fo=1, routed)           0.685     1.106    clk_IBUF
    BUFGCTRL_X0Y0        BUFG (Prop_bufg_I_O)         0.029     1.135 r  clk_IBUF_BUFG_inst/O
                         net (fo=76, routed)          0.859     1.993    clk_IBUF_BUFG
    SLICE_X36Y37         SRL16E                                       r  SECRET_KEY_reg[48]_srl3/CLK
                         clock pessimism             -0.478     1.515    
    SLICE_X36Y37         SRL16E (Hold_srl16e_CLK_D)
                                                      0.109     1.624    SECRET_KEY_reg[48]_srl3
  -------------------------------------------------------------------
                         required time                         -1.624    
                         arrival time                           1.751    
  -------------------------------------------------------------------
                         slack                                  0.127    

Slack (MET) :             0.131ns  (arrival time - required time)
  Source:                 SECRET_KEY_reg[19]/C
                            (rising edge-triggered cell FDRE clocked by sys_clk_pin  {rise@0.000ns fall@41.660ns period=83.330ns})
  Destination:            SECRET_KEY_reg[123]_srl13/D
                            (rising edge-triggered cell SRL16E clocked by sys_clk_pin  {rise@0.000ns fall@41.660ns period=83.330ns})
  Path Group:             sys_clk_pin
  Path Type:              Hold (Min at Fast Process Corner)
  Requirement:            0.000ns  (sys_clk_pin rise@0.000ns - sys_clk_pin rise@0.000ns)
  Data Path Delay:        0.259ns  (logic 0.141ns (54.464%)  route 0.118ns (45.536%))
  Logic Levels:           0  
  Clock Path Skew:        0.034ns (DCD - SCD - CPR)
    Destination Clock Delay (DCD):    1.992ns
    Source Clock Delay      (SCD):    1.480ns
    Clock Pessimism Removal (CPR):    0.478ns

    Location             Delay type                Incr(ns)  Path(ns)    Netlist Resource(s)
  -------------------------------------------------------------------    -------------------
                         (clock sys_clk_pin rise edge)
                                                      0.000     0.000 r  
    M9                                                0.000     0.000 r  clk (IN)
                         net (fo=0)                   0.000     0.000    clk
    M9                   IBUF (Prop_ibuf_I_O)         0.233     0.233 r  clk_IBUF_inst/O
                         net (fo=1, routed)           0.631     0.864    clk_IBUF
    BUFGCTRL_X0Y0        BUFG (Prop_bufg_I_O)         0.026     0.890 r  clk_IBUF_BUFG_inst/O
                         net (fo=76, routed)          0.590     1.480    clk_IBUF_BUFG
    SLICE_X38Y37         FDRE                                         r  SECRET_KEY_reg[19]/C
  -------------------------------------------------------------------    -------------------
    SLICE_X38Y37         FDRE (Prop_fdre_C_Q)         0.141     1.621 r  SECRET_KEY_reg[19]/Q
                         net (fo=2, routed)           0.118     1.739    SECRET_KEY[19]
    SLICE_X36Y36         SRL16E                                       r  SECRET_KEY_reg[123]_srl13/D
  -------------------------------------------------------------------    -------------------

                         (clock sys_clk_pin rise edge)
                                                      0.000     0.000 r  
    M9                                                0.000     0.000 r  clk (IN)
                         net (fo=0)                   0.000     0.000    clk
    M9                   IBUF (Prop_ibuf_I_O)         0.421     0.421 r  clk_IBUF_inst/O
                         net (fo=1, routed)           0.685     1.106    clk_IBUF
    BUFGCTRL_X0Y0        BUFG (Prop_bufg_I_O)         0.029     1.135 r  clk_IBUF_BUFG_inst/O
                         net (fo=76, routed)          0.858     1.992    clk_IBUF_BUFG
    SLICE_X36Y36         SRL16E                                       r  SECRET_KEY_reg[123]_srl13/CLK
                         clock pessimism             -0.478     1.514    
    SLICE_X36Y36         SRL16E (Hold_srl16e_CLK_D)
                                                      0.094     1.608    SECRET_KEY_reg[123]_srl13
  -------------------------------------------------------------------
                         required time                         -1.608    
                         arrival time                           1.739    
  -------------------------------------------------------------------
                         slack                                  0.131    

Slack (MET) :             0.177ns  (arrival time - required time)
  Source:                 SECRET_KEY_reg[16]/C
                            (rising edge-triggered cell FDRE clocked by sys_clk_pin  {rise@0.000ns fall@41.660ns period=83.330ns})
  Destination:            SECRET_KEY_reg[126]_srl13/D
                            (rising edge-triggered cell SRL16E clocked by sys_clk_pin  {rise@0.000ns fall@41.660ns period=83.330ns})
  Path Group:             sys_clk_pin
  Path Type:              Hold (Min at Fast Process Corner)
  Requirement:            0.000ns  (sys_clk_pin rise@0.000ns - sys_clk_pin rise@0.000ns)
  Data Path Delay:        0.329ns  (logic 0.141ns (42.850%)  route 0.188ns (57.150%))
  Logic Levels:           0  
  Clock Path Skew:        0.035ns (DCD - SCD - CPR)
    Destination Clock Delay (DCD):    1.993ns
    Source Clock Delay      (SCD):    1.480ns
    Clock Pessimism Removal (CPR):    0.478ns

    Location             Delay type                Incr(ns)  Path(ns)    Netlist Resource(s)
  -------------------------------------------------------------------    -------------------
                         (clock sys_clk_pin rise edge)
                                                      0.000     0.000 r  
    M9                                                0.000     0.000 r  clk (IN)
                         net (fo=0)                   0.000     0.000    clk
    M9                   IBUF (Prop_ibuf_I_O)         0.233     0.233 r  clk_IBUF_inst/O
                         net (fo=1, routed)           0.631     0.864    clk_IBUF
    BUFGCTRL_X0Y0        BUFG (Prop_bufg_I_O)         0.026     0.890 r  clk_IBUF_BUFG_inst/O
                         net (fo=76, routed)          0.590     1.480    clk_IBUF_BUFG
    SLICE_X38Y37         FDRE                                         r  SECRET_KEY_reg[16]/C
  -------------------------------------------------------------------    -------------------
    SLICE_X38Y37         FDRE (Prop_fdre_C_Q)         0.141     1.621 r  SECRET_KEY_reg[16]/Q
                         net (fo=2, routed)           0.188     1.809    SECRET_KEY[16]
    SLICE_X36Y37         SRL16E                                       r  SECRET_KEY_reg[126]_srl13/D
  -------------------------------------------------------------------    -------------------

                         (clock sys_clk_pin rise edge)
                                                      0.000     0.000 r  
    M9                                                0.000     0.000 r  clk (IN)
                         net (fo=0)                   0.000     0.000    clk
    M9                   IBUF (Prop_ibuf_I_O)         0.421     0.421 r  clk_IBUF_inst/O
                         net (fo=1, routed)           0.685     1.106    clk_IBUF
    BUFGCTRL_X0Y0        BUFG (Prop_bufg_I_O)         0.029     1.135 r  clk_IBUF_BUFG_inst/O
                         net (fo=76, routed)          0.859     1.993    clk_IBUF_BUFG
    SLICE_X36Y37         SRL16E                                       r  SECRET_KEY_reg[126]_srl13/CLK
                         clock pessimism             -0.478     1.515    
    SLICE_X36Y37         SRL16E (Hold_srl16e_CLK_D)
                                                      0.117     1.632    SECRET_KEY_reg[126]_srl13
  -------------------------------------------------------------------
                         required time                         -1.632    
                         arrival time                           1.809    
  -------------------------------------------------------------------
                         slack                                  0.177    

Slack (MET) :             0.177ns  (arrival time - required time)
  Source:                 SECRET_KEY_reg[19]/C
                            (rising edge-triggered cell FDRE clocked by sys_clk_pin  {rise@0.000ns fall@41.660ns period=83.330ns})
  Destination:            SECRET_KEY_reg[124]_srl13/D
                            (rising edge-triggered cell SRL16E clocked by sys_clk_pin  {rise@0.000ns fall@41.660ns period=83.330ns})
  Path Group:             sys_clk_pin
  Path Type:              Hold (Min at Fast Process Corner)
  Requirement:            0.000ns  (sys_clk_pin rise@0.000ns - sys_clk_pin rise@0.000ns)
  Data Path Delay:        0.319ns  (logic 0.141ns (44.179%)  route 0.178ns (55.821%))
  Logic Levels:           0  
  Clock Path Skew:        0.034ns (DCD - SCD - CPR)
    Destination Clock Delay (DCD):    1.992ns
    Source Clock Delay      (SCD):    1.480ns
    Clock Pessimism Removal (CPR):    0.478ns

    Location             Delay type                Incr(ns)  Path(ns)    Netlist Resource(s)
  -------------------------------------------------------------------    -------------------
                         (clock sys_clk_pin rise edge)
                                                      0.000     0.000 r  
    M9                                                0.000     0.000 r  clk (IN)
                         net (fo=0)                   0.000     0.000    clk
    M9                   IBUF (Prop_ibuf_I_O)         0.233     0.233 r  clk_IBUF_inst/O
                         net (fo=1, routed)           0.631     0.864    clk_IBUF
    BUFGCTRL_X0Y0        BUFG (Prop_bufg_I_O)         0.026     0.890 r  clk_IBUF_BUFG_inst/O
                         net (fo=76, routed)          0.590     1.480    clk_IBUF_BUFG
    SLICE_X38Y37         FDRE                                         r  SECRET_KEY_reg[19]/C
  -------------------------------------------------------------------    -------------------
    SLICE_X38Y37         FDRE (Prop_fdre_C_Q)         0.141     1.621 r  SECRET_KEY_reg[19]/Q
                         net (fo=2, routed)           0.178     1.799    SECRET_KEY[19]
    SLICE_X36Y36         SRL16E                                       r  SECRET_KEY_reg[124]_srl13/D
  -------------------------------------------------------------------    -------------------

                         (clock sys_clk_pin rise edge)
                                                      0.000     0.000 r  
    M9                                                0.000     0.000 r  clk (IN)
                         net (fo=0)                   0.000     0.000    clk
    M9                   IBUF (Prop_ibuf_I_O)         0.421     0.421 r  clk_IBUF_inst/O
                         net (fo=1, routed)           0.685     1.106    clk_IBUF
    BUFGCTRL_X0Y0        BUFG (Prop_bufg_I_O)         0.029     1.135 r  clk_IBUF_BUFG_inst/O
                         net (fo=76, routed)          0.858     1.992    clk_IBUF_BUFG
    SLICE_X36Y36         SRL16E                                       r  SECRET_KEY_reg[124]_srl13/CLK
                         clock pessimism             -0.478     1.514    
    SLICE_X36Y36         SRL16E (Hold_srl16e_CLK_D)
                                                      0.108     1.622    SECRET_KEY_reg[124]_srl13
  -------------------------------------------------------------------
                         required time                         -1.622    
                         arrival time                           1.799    
  -------------------------------------------------------------------
                         slack                                  0.177    

Slack (MET) :             0.197ns  (arrival time - required time)
  Source:                 SECRET_KEY_reg[11]/C
                            (rising edge-triggered cell FDRE clocked by sys_clk_pin  {rise@0.000ns fall@41.660ns period=83.330ns})
  Destination:            SECRET_KEY_reg[19]/D
                            (rising edge-triggered cell FDRE clocked by sys_clk_pin  {rise@0.000ns fall@41.660ns period=83.330ns})
  Path Group:             sys_clk_pin
  Path Type:              Hold (Min at Fast Process Corner)
  Requirement:            0.000ns  (sys_clk_pin rise@0.000ns - sys_clk_pin rise@0.000ns)
  Data Path Delay:        0.267ns  (logic 0.141ns (52.865%)  route 0.126ns (47.135%))
  Logic Levels:           0  
  Clock Path Skew:        0.000ns (DCD - SCD - CPR)
    Destination Clock Delay (DCD):    1.994ns
    Source Clock Delay      (SCD):    1.480ns
    Clock Pessimism Removal (CPR):    0.514ns

    Location             Delay type                Incr(ns)  Path(ns)    Netlist Resource(s)
  -------------------------------------------------------------------    -------------------
                         (clock sys_clk_pin rise edge)
                                                      0.000     0.000 r  
    M9                                                0.000     0.000 r  clk (IN)
                         net (fo=0)                   0.000     0.000    clk
    M9                   IBUF (Prop_ibuf_I_O)         0.233     0.233 r  clk_IBUF_inst/O
                         net (fo=1, routed)           0.631     0.864    clk_IBUF
    BUFGCTRL_X0Y0        BUFG (Prop_bufg_I_O)         0.026     0.890 r  clk_IBUF_BUFG_inst/O
                         net (fo=76, routed)          0.590     1.480    clk_IBUF_BUFG
    SLICE_X38Y37         FDRE                                         r  SECRET_KEY_reg[11]/C
  -------------------------------------------------------------------    -------------------
    SLICE_X38Y37         FDRE (Prop_fdre_C_Q)         0.141     1.621 r  SECRET_KEY_reg[11]/Q
                         net (fo=2, routed)           0.126     1.747    SECRET_KEY[11]
    SLICE_X38Y37         FDRE                                         r  SECRET_KEY_reg[19]/D
  -------------------------------------------------------------------    -------------------

                         (clock sys_clk_pin rise edge)
                                                      0.000     0.000 r  
    M9                                                0.000     0.000 r  clk (IN)
                         net (fo=0)                   0.000     0.000    clk
    M9                   IBUF (Prop_ibuf_I_O)         0.421     0.421 r  clk_IBUF_inst/O
                         net (fo=1, routed)           0.685     1.106    clk_IBUF
    BUFGCTRL_X0Y0        BUFG (Prop_bufg_I_O)         0.029     1.135 r  clk_IBUF_BUFG_inst/O
                         net (fo=76, routed)          0.860     1.994    clk_IBUF_BUFG
    SLICE_X38Y37         FDRE                                         r  SECRET_KEY_reg[19]/C
                         clock pessimism             -0.514     1.480    
    SLICE_X38Y37         FDRE (Hold_fdre_C_D)         0.070     1.550    SECRET_KEY_reg[19]
  -------------------------------------------------------------------
                         required time                         -1.550    
                         arrival time                           1.747    
  -------------------------------------------------------------------
                         slack                                  0.197    

Slack (MET) :             0.199ns  (arrival time - required time)
  Source:                 SECRET_KEY_reg[24]/C
                            (rising edge-triggered cell FDRE clocked by sys_clk_pin  {rise@0.000ns fall@41.660ns period=83.330ns})
  Destination:            SECRET_KEY_reg[34]/D
                            (rising edge-triggered cell FDRE clocked by sys_clk_pin  {rise@0.000ns fall@41.660ns period=83.330ns})
  Path Group:             sys_clk_pin
  Path Type:              Hold (Min at Fast Process Corner)
  Requirement:            0.000ns  (sys_clk_pin rise@0.000ns - sys_clk_pin rise@0.000ns)
  Data Path Delay:        0.274ns  (logic 0.141ns (51.493%)  route 0.133ns (48.507%))
  Logic Levels:           0  
  Clock Path Skew:        0.000ns (DCD - SCD - CPR)
    Destination Clock Delay (DCD):    1.994ns
    Source Clock Delay      (SCD):    1.480ns
    Clock Pessimism Removal (CPR):    0.514ns

    Location             Delay type                Incr(ns)  Path(ns)    Netlist Resource(s)
  -------------------------------------------------------------------    -------------------
                         (clock sys_clk_pin rise edge)
                                                      0.000     0.000 r  
    M9                                                0.000     0.000 r  clk (IN)
                         net (fo=0)                   0.000     0.000    clk
    M9                   IBUF (Prop_ibuf_I_O)         0.233     0.233 r  clk_IBUF_inst/O
                         net (fo=1, routed)           0.631     0.864    clk_IBUF
    BUFGCTRL_X0Y0        BUFG (Prop_bufg_I_O)         0.026     0.890 r  clk_IBUF_BUFG_inst/O
                         net (fo=76, routed)          0.590     1.480    clk_IBUF_BUFG
    SLICE_X38Y37         FDRE                                         r  SECRET_KEY_reg[24]/C
  -------------------------------------------------------------------    -------------------
    SLICE_X38Y37         FDRE (Prop_fdre_C_Q)         0.141     1.621 r  SECRET_KEY_reg[24]/Q
                         net (fo=2, routed)           0.133     1.754    SECRET_KEY[24]
    SLICE_X38Y37         FDRE                                         r  SECRET_KEY_reg[34]/D
  -------------------------------------------------------------------    -------------------

                         (clock sys_clk_pin rise edge)
                                                      0.000     0.000 r  
    M9                                                0.000     0.000 r  clk (IN)
                         net (fo=0)                   0.000     0.000    clk
    M9                   IBUF (Prop_ibuf_I_O)         0.421     0.421 r  clk_IBUF_inst/O
                         net (fo=1, routed)           0.685     1.106    clk_IBUF
    BUFGCTRL_X0Y0        BUFG (Prop_bufg_I_O)         0.029     1.135 r  clk_IBUF_BUFG_inst/O
                         net (fo=76, routed)          0.860     1.994    clk_IBUF_BUFG
    SLICE_X38Y37         FDRE                                         r  SECRET_KEY_reg[34]/C
                         clock pessimism             -0.514     1.480    
    SLICE_X38Y37         FDRE (Hold_fdre_C_D)         0.075     1.555    SECRET_KEY_reg[34]
  -------------------------------------------------------------------
                         required time                         -1.555    
                         arrival time                           1.754    
  -------------------------------------------------------------------
                         slack                                  0.199    

Slack (MET) :             0.220ns  (arrival time - required time)
  Source:                 tx_unit/n_reg_reg[1]/C
                            (rising edge-triggered cell FDRE clocked by sys_clk_pin  {rise@0.000ns fall@41.660ns period=83.330ns})
  Destination:            tx_unit/n_reg_reg[1]/D
                            (rising edge-triggered cell FDRE clocked by sys_clk_pin  {rise@0.000ns fall@41.660ns period=83.330ns})
  Path Group:             sys_clk_pin
  Path Type:              Hold (Min at Fast Process Corner)
  Requirement:            0.000ns  (sys_clk_pin rise@0.000ns - sys_clk_pin rise@0.000ns)
  Data Path Delay:        0.311ns  (logic 0.186ns (59.747%)  route 0.125ns (40.253%))
  Logic Levels:           1  (LUT6=1)
  Clock Path Skew:        0.000ns (DCD - SCD - CPR)
    Destination Clock Delay (DCD):    1.992ns
    Source Clock Delay      (SCD):    1.478ns
    Clock Pessimism Removal (CPR):    0.514ns

    Location             Delay type                Incr(ns)  Path(ns)    Netlist Resource(s)
  -------------------------------------------------------------------    -------------------
                         (clock sys_clk_pin rise edge)
                                                      0.000     0.000 r  
    M9                                                0.000     0.000 r  clk (IN)
                         net (fo=0)                   0.000     0.000    clk
    M9                   IBUF (Prop_ibuf_I_O)         0.233     0.233 r  clk_IBUF_inst/O
                         net (fo=1, routed)           0.631     0.864    clk_IBUF
    BUFGCTRL_X0Y0        BUFG (Prop_bufg_I_O)         0.026     0.890 r  clk_IBUF_BUFG_inst/O
                         net (fo=76, routed)          0.588     1.478    tx_unit/clk_IBUF_BUFG
    SLICE_X37Y36         FDRE                                         r  tx_unit/n_reg_reg[1]/C
  -------------------------------------------------------------------    -------------------
    SLICE_X37Y36         FDRE (Prop_fdre_C_Q)         0.141     1.619 r  tx_unit/n_reg_reg[1]/Q
                         net (fo=4, routed)           0.125     1.744    tx_unit/n_reg_reg_n_0_[1]
    SLICE_X37Y36         LUT6 (Prop_lut6_I5_O)        0.045     1.789 r  tx_unit/n_reg[1]_i_1/O
                         net (fo=1, routed)           0.000     1.789    tx_unit/n_reg[1]_i_1_n_0
    SLICE_X37Y36         FDRE                                         r  tx_unit/n_reg_reg[1]/D
  -------------------------------------------------------------------    -------------------

                         (clock sys_clk_pin rise edge)
                                                      0.000     0.000 r  
    M9                                                0.000     0.000 r  clk (IN)
                         net (fo=0)                   0.000     0.000    clk
    M9                   IBUF (Prop_ibuf_I_O)         0.421     0.421 r  clk_IBUF_inst/O
                         net (fo=1, routed)           0.685     1.106    clk_IBUF
    BUFGCTRL_X0Y0        BUFG (Prop_bufg_I_O)         0.029     1.135 r  clk_IBUF_BUFG_inst/O
                         net (fo=76, routed)          0.858     1.992    tx_unit/clk_IBUF_BUFG
    SLICE_X37Y36         FDRE                                         r  tx_unit/n_reg_reg[1]/C
                         clock pessimism             -0.514     1.478    
    SLICE_X37Y36         FDRE (Hold_fdre_C_D)         0.091     1.569    tx_unit/n_reg_reg[1]
  -------------------------------------------------------------------
                         required time                         -1.569    
                         arrival time                           1.789    
  -------------------------------------------------------------------
                         slack                                  0.220    

Slack (MET) :             0.220ns  (arrival time - required time)
  Source:                 current_byte_reg[4]/C
                            (rising edge-triggered cell FDRE clocked by sys_clk_pin  {rise@0.000ns fall@41.660ns period=83.330ns})
  Destination:            tx_unit/b_reg_reg[4]/D
                            (rising edge-triggered cell FDRE clocked by sys_clk_pin  {rise@0.000ns fall@41.660ns period=83.330ns})
  Path Group:             sys_clk_pin
  Path Type:              Hold (Min at Fast Process Corner)
  Requirement:            0.000ns  (sys_clk_pin rise@0.000ns - sys_clk_pin rise@0.000ns)
  Data Path Delay:        0.350ns  (logic 0.209ns (59.652%)  route 0.141ns (40.348%))
  Logic Levels:           1  (LUT3=1)
  Clock Path Skew:        0.038ns (DCD - SCD - CPR)
    Destination Clock Delay (DCD):    1.994ns
    Source Clock Delay      (SCD):    1.478ns
    Clock Pessimism Removal (CPR):    0.478ns

    Location             Delay type                Incr(ns)  Path(ns)    Netlist Resource(s)
  -------------------------------------------------------------------    -------------------
                         (clock sys_clk_pin rise edge)
                                                      0.000     0.000 r  
    M9                                                0.000     0.000 r  clk (IN)
                         net (fo=0)                   0.000     0.000    clk
    M9                   IBUF (Prop_ibuf_I_O)         0.233     0.233 r  clk_IBUF_inst/O
                         net (fo=1, routed)           0.631     0.864    clk_IBUF
    BUFGCTRL_X0Y0        BUFG (Prop_bufg_I_O)         0.026     0.890 r  clk_IBUF_BUFG_inst/O
                         net (fo=76, routed)          0.588     1.478    clk_IBUF_BUFG
    SLICE_X36Y36         FDRE                                         r  current_byte_reg[4]/C
  -------------------------------------------------------------------    -------------------
    SLICE_X36Y36         FDRE (Prop_fdre_C_Q)         0.164     1.642 r  current_byte_reg[4]/Q
                         net (fo=1, routed)           0.141     1.783    tx_unit/current_byte[4]
    SLICE_X39Y37         LUT3 (Prop_lut3_I2_O)        0.045     1.828 r  tx_unit/b_reg[4]_i_1/O
                         net (fo=1, routed)           0.000     1.828    tx_unit/b_reg[4]
    SLICE_X39Y37         FDRE                                         r  tx_unit/b_reg_reg[4]/D
  -------------------------------------------------------------------    -------------------

                         (clock sys_clk_pin rise edge)
                                                      0.000     0.000 r  
    M9                                                0.000     0.000 r  clk (IN)
                         net (fo=0)                   0.000     0.000    clk
    M9                   IBUF (Prop_ibuf_I_O)         0.421     0.421 r  clk_IBUF_inst/O
                         net (fo=1, routed)           0.685     1.106    clk_IBUF
    BUFGCTRL_X0Y0        BUFG (Prop_bufg_I_O)         0.029     1.135 r  clk_IBUF_BUFG_inst/O
                         net (fo=76, routed)          0.860     1.994    tx_unit/clk_IBUF_BUFG
    SLICE_X39Y37         FDRE                                         r  tx_unit/b_reg_reg[4]/C
                         clock pessimism             -0.478     1.516    
    SLICE_X39Y37         FDRE (Hold_fdre_C_D)         0.092     1.608    tx_unit/b_reg_reg[4]
  -------------------------------------------------------------------
                         required time                         -1.608    
                         arrival time                           1.828    
  -------------------------------------------------------------------
                         slack                                  0.220    

Slack (MET) :             0.221ns  (arrival time - required time)
  Source:                 SECRET_KEY_reg[34]/C
                            (rising edge-triggered cell FDRE clocked by sys_clk_pin  {rise@0.000ns fall@41.660ns period=83.330ns})
  Destination:            SECRET_KEY_reg[122]_srl11/D
                            (rising edge-triggered cell SRL16E clocked by sys_clk_pin  {rise@0.000ns fall@41.660ns period=83.330ns})
  Path Group:             sys_clk_pin
  Path Type:              Hold (Min at Fast Process Corner)
  Requirement:            0.000ns  (sys_clk_pin rise@0.000ns - sys_clk_pin rise@0.000ns)
  Data Path Delay:        0.310ns  (logic 0.128ns (41.241%)  route 0.182ns (58.760%))
  Logic Levels:           0  
  Clock Path Skew:        0.034ns (DCD - SCD - CPR)
    Destination Clock Delay (DCD):    1.992ns
    Source Clock Delay      (SCD):    1.480ns
    Clock Pessimism Removal (CPR):    0.478ns

    Location             Delay type                Incr(ns)  Path(ns)    Netlist Resource(s)
  -------------------------------------------------------------------    -------------------
                         (clock sys_clk_pin rise edge)
                                                      0.000     0.000 r  
    M9                                                0.000     0.000 r  clk (IN)
                         net (fo=0)                   0.000     0.000    clk
    M9                   IBUF (Prop_ibuf_I_O)         0.233     0.233 r  clk_IBUF_inst/O
                         net (fo=1, routed)           0.631     0.864    clk_IBUF
    BUFGCTRL_X0Y0        BUFG (Prop_bufg_I_O)         0.026     0.890 r  clk_IBUF_BUFG_inst/O
                         net (fo=76, routed)          0.590     1.480    clk_IBUF_BUFG
    SLICE_X38Y37         FDRE                                         r  SECRET_KEY_reg[34]/C
  -------------------------------------------------------------------    -------------------
    SLICE_X38Y37         FDRE (Prop_fdre_C_Q)         0.128     1.608 r  SECRET_KEY_reg[34]/Q
                         net (fo=2, routed)           0.182     1.790    SECRET_KEY[34]
    SLICE_X36Y36         SRL16E                                       r  SECRET_KEY_reg[122]_srl11/D
  -------------------------------------------------------------------    -------------------

                         (clock sys_clk_pin rise edge)
                                                      0.000     0.000 r  
    M9                                                0.000     0.000 r  clk (IN)
                         net (fo=0)                   0.000     0.000    clk
    M9                   IBUF (Prop_ibuf_I_O)         0.421     0.421 r  clk_IBUF_inst/O
                         net (fo=1, routed)           0.685     1.106    clk_IBUF
    BUFGCTRL_X0Y0        BUFG (Prop_bufg_I_O)         0.029     1.135 r  clk_IBUF_BUFG_inst/O
                         net (fo=76, routed)          0.858     1.992    clk_IBUF_BUFG
    SLICE_X36Y36         SRL16E                                       r  SECRET_KEY_reg[122]_srl11/CLK
                         clock pessimism             -0.478     1.514    
    SLICE_X36Y36         SRL16E (Hold_srl16e_CLK_D)
                                                      0.055     1.569    SECRET_KEY_reg[122]_srl11
  -------------------------------------------------------------------
                         required time                         -1.569    
                         arrival time                           1.790    
  -------------------------------------------------------------------
                         slack                                  0.221    





Pulse Width Checks
--------------------------------------------------------------------------------------
Clock Name:         sys_clk_pin
Waveform(ns):       { 0.000 41.660 }
Period(ns):         83.330
Sources:            { clk }

Check Type        Corner  Lib Pin     Reference Pin  Required(ns)  Actual(ns)  Slack(ns)  Location       Pin
Min Period        n/a     BUFG/I      n/a            2.155         83.330      81.175     BUFGCTRL_X0Y0  clk_IBUF_BUFG_inst/I
Min Period        n/a     FDRE/C      n/a            1.000         83.330      82.330     SLICE_X40Y35   FSM_sequential_state_reg[0]/C
Min Period        n/a     FDRE/C      n/a            1.000         83.330      82.330     SLICE_X39Y36   FSM_sequential_state_reg[1]/C
Min Period        n/a     FDRE/C      n/a            1.000         83.330      82.330     SLICE_X38Y37   SECRET_KEY_reg[11]/C
Min Period        n/a     FDRE/C      n/a            1.000         83.330      82.330     SLICE_X38Y37   SECRET_KEY_reg[16]/C
Min Period        n/a     FDRE/C      n/a            1.000         83.330      82.330     SLICE_X38Y37   SECRET_KEY_reg[19]/C
Min Period        n/a     FDRE/C      n/a            1.000         83.330      82.330     SLICE_X38Y37   SECRET_KEY_reg[24]/C
Min Period        n/a     FDRE/C      n/a            1.000         83.330      82.330     SLICE_X38Y37   SECRET_KEY_reg[34]/C
Min Period        n/a     FDRE/C      n/a            1.000         83.330      82.330     SLICE_X38Y37   SECRET_KEY_reg[3]/C
Min Period        n/a     FDRE/C      n/a            1.000         83.330      82.330     SLICE_X36Y37   SECRET_KEY_reg[56]/C
Low Pulse Width   Slow    SRL16E/CLK  n/a            0.980         41.670      40.690     SLICE_X40Y36   SECRET_KEY_reg[120]_srl8/CLK
Low Pulse Width   Fast    SRL16E/CLK  n/a            0.980         41.670      40.690     SLICE_X40Y36   SECRET_KEY_reg[120]_srl8/CLK
Low Pulse Width   Slow    SRL16E/CLK  n/a            0.980         41.670      40.690     SLICE_X36Y36   SECRET_KEY_reg[121]_srl11/CLK
Low Pulse Width   Fast    SRL16E/CLK  n/a            0.980         41.670      40.690     SLICE_X36Y36   SECRET_KEY_reg[121]_srl11/CLK
Low Pulse Width   Slow    SRL16E/CLK  n/a            0.980         41.670      40.690     SLICE_X36Y36   SECRET_KEY_reg[122]_srl11/CLK
Low Pulse Width   Fast    SRL16E/CLK  n/a            0.980         41.670      40.690     SLICE_X36Y36   SECRET_KEY_reg[122]_srl11/CLK
Low Pulse Width   Slow    SRL16E/CLK  n/a            0.980         41.670      40.690     SLICE_X36Y36   SECRET_KEY_reg[123]_srl13/CLK
Low Pulse Width   Fast    SRL16E/CLK  n/a            0.980         41.670      40.690     SLICE_X36Y36   SECRET_KEY_reg[123]_srl13/CLK
Low Pulse Width   Slow    SRL16E/CLK  n/a            0.980         41.670      40.690     SLICE_X36Y36   SECRET_KEY_reg[124]_srl13/CLK
Low Pulse Width   Fast    SRL16E/CLK  n/a            0.980         41.670      40.690     SLICE_X36Y36   SECRET_KEY_reg[124]_srl13/CLK
High Pulse Width  Slow    SRL16E/CLK  n/a            0.980         41.660      40.680     SLICE_X40Y36   SECRET_KEY_reg[120]_srl8/CLK
High Pulse Width  Fast    SRL16E/CLK  n/a            0.980         41.660      40.680     SLICE_X40Y36   SECRET_KEY_reg[120]_srl8/CLK
High Pulse Width  Slow    SRL16E/CLK  n/a            0.980         41.660      40.680     SLICE_X36Y36   SECRET_KEY_reg[121]_srl11/CLK
High Pulse Width  Fast    SRL16E/CLK  n/a            0.980         41.660      40.680     SLICE_X36Y36   SECRET_KEY_reg[121]_srl11/CLK
High Pulse Width  Slow    SRL16E/CLK  n/a            0.980         41.660      40.680     SLICE_X36Y36   SECRET_KEY_reg[122]_srl11/CLK
High Pulse Width  Fast    SRL16E/CLK  n/a            0.980         41.660      40.680     SLICE_X36Y36   SECRET_KEY_reg[122]_srl11/CLK
High Pulse Width  Slow    SRL16E/CLK  n/a            0.980         41.660      40.680     SLICE_X36Y36   SECRET_KEY_reg[123]_srl13/CLK
High Pulse Width  Fast    SRL16E/CLK  n/a            0.980         41.660      40.680     SLICE_X36Y36   SECRET_KEY_reg[123]_srl13/CLK
High Pulse Width  Slow    SRL16E/CLK  n/a            0.980         41.660      40.680     SLICE_X36Y36   SECRET_KEY_reg[124]_srl13/CLK
High Pulse Width  Fast    SRL16E/CLK  n/a            0.980         41.660      40.680     SLICE_X36Y36   SECRET_KEY_reg[124]_srl13/CLK



--------------------------------------------------------------------------------------
Path Group:  (none)
From Clock:  sys_clk_pin
  To Clock:  

Max Delay             1 Endpoint
Min Delay             1 Endpoint
--------------------------------------------------------------------------------------


Max Delay Paths
--------------------------------------------------------------------------------------
Slack:                    inf
  Source:                 tx_unit/tx_reg/C
                            (rising edge-triggered cell FDPE clocked by sys_clk_pin  {rise@0.000ns fall@41.660ns period=83.330ns})
  Destination:            uart_tx
                            (output port)
  Path Group:             (none)
  Path Type:              Max at Slow Process Corner
  Data Path Delay:        6.243ns  (logic 4.105ns (65.757%)  route 2.138ns (34.243%))
  Logic Levels:           1  (OBUF=1)
  Clock Uncertainty:      0.025ns  ((TSJ^2 + TIJ^2)^1/2 + DJ) / 2 + PE
    Total System Jitter     (TSJ):    0.050ns
    Total Input Jitter      (TIJ):    0.000ns
    Discrete Jitter          (DJ):    0.000ns
    Phase Error              (PE):    0.000ns

    Location             Delay type                Incr(ns)  Path(ns)    Netlist Resource(s)
  -------------------------------------------------------------------    -------------------
                         (clock sys_clk_pin rise edge)
                                                      0.000     0.000 r  
    M9                                                0.000     0.000 r  clk (IN)
                         net (fo=0)                   0.000     0.000    clk
    M9                   IBUF (Prop_ibuf_I_O)         1.465     1.465 r  clk_IBUF_inst/O
                         net (fo=1, routed)           1.966     3.431    clk_IBUF
    BUFGCTRL_X0Y0        BUFG (Prop_bufg_I_O)         0.096     3.527 r  clk_IBUF_BUFG_inst/O
                         net (fo=76, routed)          1.629     5.156    tx_unit/clk_IBUF_BUFG
    SLICE_X39Y35         FDPE                                         r  tx_unit/tx_reg/C
  -------------------------------------------------------------------    -------------------
    SLICE_X39Y35         FDPE (Prop_fdpe_C_Q)         0.419     5.575 r  tx_unit/tx_reg/Q
                         net (fo=1, routed)           2.138     7.713    uart_tx_OBUF
    J2                   OBUF (Prop_obuf_I_O)         3.686    11.399 r  uart_tx_OBUF_inst/O
                         net (fo=0)                   0.000    11.399    uart_tx
    J2                                                                r  uart_tx (OUT)
  -------------------------------------------------------------------    -------------------





Min Delay Paths
--------------------------------------------------------------------------------------
Slack:                    inf
  Source:                 tx_unit/tx_reg/C
                            (rising edge-triggered cell FDPE clocked by sys_clk_pin  {rise@0.000ns fall@41.660ns period=83.330ns})
  Destination:            uart_tx
                            (output port)
  Path Group:             (none)
  Path Type:              Min at Fast Process Corner
  Data Path Delay:        1.944ns  (logic 1.394ns (71.720%)  route 0.550ns (28.280%))
  Logic Levels:           1  (OBUF=1)
  Clock Uncertainty:      0.025ns  ((TSJ^2 + TIJ^2)^1/2 + DJ) / 2 + PE
    Total System Jitter     (TSJ):    0.050ns
    Total Input Jitter      (TIJ):    0.000ns
    Discrete Jitter          (DJ):    0.000ns
    Phase Error              (PE):    0.000ns

    Location             Delay type                Incr(ns)  Path(ns)    Netlist Resource(s)
  -------------------------------------------------------------------    -------------------
                         (clock sys_clk_pin rise edge)
                                                      0.000     0.000 r  
    M9                                                0.000     0.000 r  clk (IN)
                         net (fo=0)                   0.000     0.000    clk
    M9                   IBUF (Prop_ibuf_I_O)         0.233     0.233 r  clk_IBUF_inst/O
                         net (fo=1, routed)           0.631     0.864    clk_IBUF
    BUFGCTRL_X0Y0        BUFG (Prop_bufg_I_O)         0.026     0.890 r  clk_IBUF_BUFG_inst/O
                         net (fo=76, routed)          0.589     1.479    tx_unit/clk_IBUF_BUFG
    SLICE_X39Y35         FDPE                                         r  tx_unit/tx_reg/C
  -------------------------------------------------------------------    -------------------
    SLICE_X39Y35         FDPE (Prop_fdpe_C_Q)         0.128     1.607 r  tx_unit/tx_reg/Q
                         net (fo=1, routed)           0.550     2.157    uart_tx_OBUF
    J2                   OBUF (Prop_obuf_I_O)         1.266     3.423 r  uart_tx_OBUF_inst/O
                         net (fo=0)                   0.000     3.423    uart_tx
    J2                                                                r  uart_tx (OUT)
  -------------------------------------------------------------------    -------------------





--------------------------------------------------------------------------------------
Path Group:  (none)
From Clock:  
  To Clock:  sys_clk_pin

Max Delay            83 Endpoints
Min Delay            83 Endpoints
--------------------------------------------------------------------------------------


Max Delay Paths
--------------------------------------------------------------------------------------
Slack:                    inf
  Source:                 rst
                            (input port)
  Destination:            tx_unit/b_reg_reg[0]/CE
                            (rising edge-triggered cell FDRE clocked by sys_clk_pin  {rise@0.000ns fall@41.660ns period=83.330ns})
  Path Group:             (none)
  Path Type:              Setup (Max at Slow Process Corner)
  Data Path Delay:        4.811ns  (logic 1.712ns (35.578%)  route 3.099ns (64.422%))
  Logic Levels:           3  (IBUF=1 LUT4=1 LUT6=1)
  Clock Path Skew:        4.860ns (DCD - SCD + CPR)
    Destination Clock Delay (DCD):    4.860ns
    Source Clock Delay      (SCD):    0.000ns
    Clock Pessimism Removal (CPR):    0.000ns
  Clock Uncertainty:      0.025ns  ((TSJ^2 + TIJ^2)^1/2 + DJ) / 2 + PE
    Total System Jitter     (TSJ):    0.050ns
    Total Input Jitter      (TIJ):    0.000ns
    Discrete Jitter          (DJ):    0.000ns
    Phase Error              (PE):    0.000ns

    Location             Delay type                Incr(ns)  Path(ns)    Netlist Resource(s)
  -------------------------------------------------------------------    -------------------
    D2                                                0.000     0.000 f  rst (IN)
                         net (fo=0)                   0.000     0.000    rst
    D2                   IBUF (Prop_ibuf_I_O)         1.464     1.464 f  rst_IBUF_inst/O
                         net (fo=17, routed)          1.787     3.250    tx_unit/rst_IBUF
    SLICE_X36Y35         LUT4 (Prop_lut4_I0_O)        0.124     3.374 f  tx_unit/s_reg[3]_i_3/O
                         net (fo=5, routed)           0.976     4.351    tx_unit/s_reg[3]_i_3_n_0
    SLICE_X37Y37         LUT6 (Prop_lut6_I5_O)        0.124     4.475 r  tx_unit/b_reg[7]_i_1/O
                         net (fo=8, routed)           0.336     4.811    tx_unit/b_reg[7]_i_1_n_0
    SLICE_X39Y37         FDRE                                         r  tx_unit/b_reg_reg[0]/CE
  -------------------------------------------------------------------    -------------------

                         (clock sys_clk_pin rise edge)
                                                      0.000     0.000 r  
    M9                                                0.000     0.000 r  clk (IN)
                         net (fo=0)                   0.000     0.000    clk
    M9                   IBUF (Prop_ibuf_I_O)         1.395     1.395 r  clk_IBUF_inst/O
                         net (fo=1, routed)           1.862     3.257    clk_IBUF
    BUFGCTRL_X0Y0        BUFG (Prop_bufg_I_O)         0.091     3.348 r  clk_IBUF_BUFG_inst/O
                         net (fo=76, routed)          1.512     4.860    tx_unit/clk_IBUF_BUFG
    SLICE_X39Y37         FDRE                                         r  tx_unit/b_reg_reg[0]/C

Slack:                    inf
  Source:                 rst
                            (input port)
  Destination:            tx_unit/b_reg_reg[1]/CE
                            (rising edge-triggered cell FDRE clocked by sys_clk_pin  {rise@0.000ns fall@41.660ns period=83.330ns})
  Path Group:             (none)
  Path Type:              Setup (Max at Slow Process Corner)
  Data Path Delay:        4.811ns  (logic 1.712ns (35.578%)  route 3.099ns (64.422%))
  Logic Levels:           3  (IBUF=1 LUT4=1 LUT6=1)
  Clock Path Skew:        4.860ns (DCD - SCD + CPR)
    Destination Clock Delay (DCD):    4.860ns
    Source Clock Delay      (SCD):    0.000ns
    Clock Pessimism Removal (CPR):    0.000ns
  Clock Uncertainty:      0.025ns  ((TSJ^2 + TIJ^2)^1/2 + DJ) / 2 + PE
    Total System Jitter     (TSJ):    0.050ns
    Total Input Jitter      (TIJ):    0.000ns
    Discrete Jitter          (DJ):    0.000ns
    Phase Error              (PE):    0.000ns

    Location             Delay type                Incr(ns)  Path(ns)    Netlist Resource(s)
  -------------------------------------------------------------------    -------------------
    D2                                                0.000     0.000 f  rst (IN)
                         net (fo=0)                   0.000     0.000    rst
    D2                   IBUF (Prop_ibuf_I_O)         1.464     1.464 f  rst_IBUF_inst/O
                         net (fo=17, routed)          1.787     3.250    tx_unit/rst_IBUF
    SLICE_X36Y35         LUT4 (Prop_lut4_I0_O)        0.124     3.374 f  tx_unit/s_reg[3]_i_3/O
                         net (fo=5, routed)           0.976     4.351    tx_unit/s_reg[3]_i_3_n_0
    SLICE_X37Y37         LUT6 (Prop_lut6_I5_O)        0.124     4.475 r  tx_unit/b_reg[7]_i_1/O
                         net (fo=8, routed)           0.336     4.811    tx_unit/b_reg[7]_i_1_n_0
    SLICE_X39Y37         FDRE                                         r  tx_unit/b_reg_reg[1]/CE
  -------------------------------------------------------------------    -------------------

                         (clock sys_clk_pin rise edge)
                                                      0.000     0.000 r  
    M9                                                0.000     0.000 r  clk (IN)
                         net (fo=0)                   0.000     0.000    clk
    M9                   IBUF (Prop_ibuf_I_O)         1.395     1.395 r  clk_IBUF_inst/O
                         net (fo=1, routed)           1.862     3.257    clk_IBUF
    BUFGCTRL_X0Y0        BUFG (Prop_bufg_I_O)         0.091     3.348 r  clk_IBUF_BUFG_inst/O
                         net (fo=76, routed)          1.512     4.860    tx_unit/clk_IBUF_BUFG
    SLICE_X39Y37         FDRE                                         r  tx_unit/b_reg_reg[1]/C

Slack:                    inf
  Source:                 rst
                            (input port)
  Destination:            tx_unit/b_reg_reg[2]/CE
                            (rising edge-triggered cell FDRE clocked by sys_clk_pin  {rise@0.000ns fall@41.660ns period=83.330ns})
  Path Group:             (none)
  Path Type:              Setup (Max at Slow Process Corner)
  Data Path Delay:        4.811ns  (logic 1.712ns (35.578%)  route 3.099ns (64.422%))
  Logic Levels:           3  (IBUF=1 LUT4=1 LUT6=1)
  Clock Path Skew:        4.860ns (DCD - SCD + CPR)
    Destination Clock Delay (DCD):    4.860ns
    Source Clock Delay      (SCD):    0.000ns
    Clock Pessimism Removal (CPR):    0.000ns
  Clock Uncertainty:      0.025ns  ((TSJ^2 + TIJ^2)^1/2 + DJ) / 2 + PE
    Total System Jitter     (TSJ):    0.050ns
    Total Input Jitter      (TIJ):    0.000ns
    Discrete Jitter          (DJ):    0.000ns
    Phase Error              (PE):    0.000ns

    Location             Delay type                Incr(ns)  Path(ns)    Netlist Resource(s)
  -------------------------------------------------------------------    -------------------
    D2                                                0.000     0.000 f  rst (IN)
                         net (fo=0)                   0.000     0.000    rst
    D2                   IBUF (Prop_ibuf_I_O)         1.464     1.464 f  rst_IBUF_inst/O
                         net (fo=17, routed)          1.787     3.250    tx_unit/rst_IBUF
    SLICE_X36Y35         LUT4 (Prop_lut4_I0_O)        0.124     3.374 f  tx_unit/s_reg[3]_i_3/O
                         net (fo=5, routed)           0.976     4.351    tx_unit/s_reg[3]_i_3_n_0
    SLICE_X37Y37         LUT6 (Prop_lut6_I5_O)        0.124     4.475 r  tx_unit/b_reg[7]_i_1/O
                         net (fo=8, routed)           0.336     4.811    tx_unit/b_reg[7]_i_1_n_0
    SLICE_X39Y37         FDRE                                         r  tx_unit/b_reg_reg[2]/CE
  -------------------------------------------------------------------    -------------------

                         (clock sys_clk_pin rise edge)
                                                      0.000     0.000 r  
    M9                                                0.000     0.000 r  clk (IN)
                         net (fo=0)                   0.000     0.000    clk
    M9                   IBUF (Prop_ibuf_I_O)         1.395     1.395 r  clk_IBUF_inst/O
                         net (fo=1, routed)           1.862     3.257    clk_IBUF
    BUFGCTRL_X0Y0        BUFG (Prop_bufg_I_O)         0.091     3.348 r  clk_IBUF_BUFG_inst/O
                         net (fo=76, routed)          1.512     4.860    tx_unit/clk_IBUF_BUFG
    SLICE_X39Y37         FDRE                                         r  tx_unit/b_reg_reg[2]/C

Slack:                    inf
  Source:                 rst
                            (input port)
  Destination:            tx_unit/b_reg_reg[3]/CE
                            (rising edge-triggered cell FDRE clocked by sys_clk_pin  {rise@0.000ns fall@41.660ns period=83.330ns})
  Path Group:             (none)
  Path Type:              Setup (Max at Slow Process Corner)
  Data Path Delay:        4.811ns  (logic 1.712ns (35.578%)  route 3.099ns (64.422%))
  Logic Levels:           3  (IBUF=1 LUT4=1 LUT6=1)
  Clock Path Skew:        4.860ns (DCD - SCD + CPR)
    Destination Clock Delay (DCD):    4.860ns
    Source Clock Delay      (SCD):    0.000ns
    Clock Pessimism Removal (CPR):    0.000ns
  Clock Uncertainty:      0.025ns  ((TSJ^2 + TIJ^2)^1/2 + DJ) / 2 + PE
    Total System Jitter     (TSJ):    0.050ns
    Total Input Jitter      (TIJ):    0.000ns
    Discrete Jitter          (DJ):    0.000ns
    Phase Error              (PE):    0.000ns

    Location             Delay type                Incr(ns)  Path(ns)    Netlist Resource(s)
  -------------------------------------------------------------------    -------------------
    D2                                                0.000     0.000 f  rst (IN)
                         net (fo=0)                   0.000     0.000    rst
    D2                   IBUF (Prop_ibuf_I_O)         1.464     1.464 f  rst_IBUF_inst/O
                         net (fo=17, routed)          1.787     3.250    tx_unit/rst_IBUF
    SLICE_X36Y35         LUT4 (Prop_lut4_I0_O)        0.124     3.374 f  tx_unit/s_reg[3]_i_3/O
                         net (fo=5, routed)           0.976     4.351    tx_unit/s_reg[3]_i_3_n_0
    SLICE_X37Y37         LUT6 (Prop_lut6_I5_O)        0.124     4.475 r  tx_unit/b_reg[7]_i_1/O
                         net (fo=8, routed)           0.336     4.811    tx_unit/b_reg[7]_i_1_n_0
    SLICE_X39Y37         FDRE                                         r  tx_unit/b_reg_reg[3]/CE
  -------------------------------------------------------------------    -------------------

                         (clock sys_clk_pin rise edge)
                                                      0.000     0.000 r  
    M9                                                0.000     0.000 r  clk (IN)
                         net (fo=0)                   0.000     0.000    clk
    M9                   IBUF (Prop_ibuf_I_O)         1.395     1.395 r  clk_IBUF_inst/O
                         net (fo=1, routed)           1.862     3.257    clk_IBUF
    BUFGCTRL_X0Y0        BUFG (Prop_bufg_I_O)         0.091     3.348 r  clk_IBUF_BUFG_inst/O
                         net (fo=76, routed)          1.512     4.860    tx_unit/clk_IBUF_BUFG
    SLICE_X39Y37         FDRE                                         r  tx_unit/b_reg_reg[3]/C

Slack:                    inf
  Source:                 rst
                            (input port)
  Destination:            tx_unit/b_reg_reg[4]/CE
                            (rising edge-triggered cell FDRE clocked by sys_clk_pin  {rise@0.000ns fall@41.660ns period=83.330ns})
  Path Group:             (none)
  Path Type:              Setup (Max at Slow Process Corner)
  Data Path Delay:        4.811ns  (logic 1.712ns (35.578%)  route 3.099ns (64.422%))
  Logic Levels:           3  (IBUF=1 LUT4=1 LUT6=1)
  Clock Path Skew:        4.860ns (DCD - SCD + CPR)
    Destination Clock Delay (DCD):    4.860ns
    Source Clock Delay      (SCD):    0.000ns
    Clock Pessimism Removal (CPR):    0.000ns
  Clock Uncertainty:      0.025ns  ((TSJ^2 + TIJ^2)^1/2 + DJ) / 2 + PE
    Total System Jitter     (TSJ):    0.050ns
    Total Input Jitter      (TIJ):    0.000ns
    Discrete Jitter          (DJ):    0.000ns
    Phase Error              (PE):    0.000ns

    Location             Delay type                Incr(ns)  Path(ns)    Netlist Resource(s)
  -------------------------------------------------------------------    -------------------
    D2                                                0.000     0.000 f  rst (IN)
                         net (fo=0)                   0.000     0.000    rst
    D2                   IBUF (Prop_ibuf_I_O)         1.464     1.464 f  rst_IBUF_inst/O
                         net (fo=17, routed)          1.787     3.250    tx_unit/rst_IBUF
    SLICE_X36Y35         LUT4 (Prop_lut4_I0_O)        0.124     3.374 f  tx_unit/s_reg[3]_i_3/O
                         net (fo=5, routed)           0.976     4.351    tx_unit/s_reg[3]_i_3_n_0
    SLICE_X37Y37         LUT6 (Prop_lut6_I5_O)        0.124     4.475 r  tx_unit/b_reg[7]_i_1/O
                         net (fo=8, routed)           0.336     4.811    tx_unit/b_reg[7]_i_1_n_0
    SLICE_X39Y37         FDRE                                         r  tx_unit/b_reg_reg[4]/CE
  -------------------------------------------------------------------    -------------------

                         (clock sys_clk_pin rise edge)
                                                      0.000     0.000 r  
    M9                                                0.000     0.000 r  clk (IN)
                         net (fo=0)                   0.000     0.000    clk
    M9                   IBUF (Prop_ibuf_I_O)         1.395     1.395 r  clk_IBUF_inst/O
                         net (fo=1, routed)           1.862     3.257    clk_IBUF
    BUFGCTRL_X0Y0        BUFG (Prop_bufg_I_O)         0.091     3.348 r  clk_IBUF_BUFG_inst/O
                         net (fo=76, routed)          1.512     4.860    tx_unit/clk_IBUF_BUFG
    SLICE_X39Y37         FDRE                                         r  tx_unit/b_reg_reg[4]/C

Slack:                    inf
  Source:                 rst
                            (input port)
  Destination:            tx_unit/b_reg_reg[5]/CE
                            (rising edge-triggered cell FDRE clocked by sys_clk_pin  {rise@0.000ns fall@41.660ns period=83.330ns})
  Path Group:             (none)
  Path Type:              Setup (Max at Slow Process Corner)
  Data Path Delay:        4.811ns  (logic 1.712ns (35.578%)  route 3.099ns (64.422%))
  Logic Levels:           3  (IBUF=1 LUT4=1 LUT6=1)
  Clock Path Skew:        4.860ns (DCD - SCD + CPR)
    Destination Clock Delay (DCD):    4.860ns
    Source Clock Delay      (SCD):    0.000ns
    Clock Pessimism Removal (CPR):    0.000ns
  Clock Uncertainty:      0.025ns  ((TSJ^2 + TIJ^2)^1/2 + DJ) / 2 + PE
    Total System Jitter     (TSJ):    0.050ns
    Total Input Jitter      (TIJ):    0.000ns
    Discrete Jitter          (DJ):    0.000ns
    Phase Error              (PE):    0.000ns

    Location             Delay type                Incr(ns)  Path(ns)    Netlist Resource(s)
  -------------------------------------------------------------------    -------------------
    D2                                                0.000     0.000 f  rst (IN)
                         net (fo=0)                   0.000     0.000    rst
    D2                   IBUF (Prop_ibuf_I_O)         1.464     1.464 f  rst_IBUF_inst/O
                         net (fo=17, routed)          1.787     3.250    tx_unit/rst_IBUF
    SLICE_X36Y35         LUT4 (Prop_lut4_I0_O)        0.124     3.374 f  tx_unit/s_reg[3]_i_3/O
                         net (fo=5, routed)           0.976     4.351    tx_unit/s_reg[3]_i_3_n_0
    SLICE_X37Y37         LUT6 (Prop_lut6_I5_O)        0.124     4.475 r  tx_unit/b_reg[7]_i_1/O
                         net (fo=8, routed)           0.336     4.811    tx_unit/b_reg[7]_i_1_n_0
    SLICE_X39Y37         FDRE                                         r  tx_unit/b_reg_reg[5]/CE
  -------------------------------------------------------------------    -------------------

                         (clock sys_clk_pin rise edge)
                                                      0.000     0.000 r  
    M9                                                0.000     0.000 r  clk (IN)
                         net (fo=0)                   0.000     0.000    clk
    M9                   IBUF (Prop_ibuf_I_O)         1.395     1.395 r  clk_IBUF_inst/O
                         net (fo=1, routed)           1.862     3.257    clk_IBUF
    BUFGCTRL_X0Y0        BUFG (Prop_bufg_I_O)         0.091     3.348 r  clk_IBUF_BUFG_inst/O
                         net (fo=76, routed)          1.512     4.860    tx_unit/clk_IBUF_BUFG
    SLICE_X39Y37         FDRE                                         r  tx_unit/b_reg_reg[5]/C

Slack:                    inf
  Source:                 rst
                            (input port)
  Destination:            tx_unit/b_reg_reg[6]/CE
                            (rising edge-triggered cell FDRE clocked by sys_clk_pin  {rise@0.000ns fall@41.660ns period=83.330ns})
  Path Group:             (none)
  Path Type:              Setup (Max at Slow Process Corner)
  Data Path Delay:        4.811ns  (logic 1.712ns (35.578%)  route 3.099ns (64.422%))
  Logic Levels:           3  (IBUF=1 LUT4=1 LUT6=1)
  Clock Path Skew:        4.860ns (DCD - SCD + CPR)
    Destination Clock Delay (DCD):    4.860ns
    Source Clock Delay      (SCD):    0.000ns
    Clock Pessimism Removal (CPR):    0.000ns
  Clock Uncertainty:      0.025ns  ((TSJ^2 + TIJ^2)^1/2 + DJ) / 2 + PE
    Total System Jitter     (TSJ):    0.050ns
    Total Input Jitter      (TIJ):    0.000ns
    Discrete Jitter          (DJ):    0.000ns
    Phase Error              (PE):    0.000ns

    Location             Delay type                Incr(ns)  Path(ns)    Netlist Resource(s)
  -------------------------------------------------------------------    -------------------
    D2                                                0.000     0.000 f  rst (IN)
                         net (fo=0)                   0.000     0.000    rst
    D2                   IBUF (Prop_ibuf_I_O)         1.464     1.464 f  rst_IBUF_inst/O
                         net (fo=17, routed)          1.787     3.250    tx_unit/rst_IBUF
    SLICE_X36Y35         LUT4 (Prop_lut4_I0_O)        0.124     3.374 f  tx_unit/s_reg[3]_i_3/O
                         net (fo=5, routed)           0.976     4.351    tx_unit/s_reg[3]_i_3_n_0
    SLICE_X37Y37         LUT6 (Prop_lut6_I5_O)        0.124     4.475 r  tx_unit/b_reg[7]_i_1/O
                         net (fo=8, routed)           0.336     4.811    tx_unit/b_reg[7]_i_1_n_0
    SLICE_X39Y37         FDRE                                         r  tx_unit/b_reg_reg[6]/CE
  -------------------------------------------------------------------    -------------------

                         (clock sys_clk_pin rise edge)
                                                      0.000     0.000 r  
    M9                                                0.000     0.000 r  clk (IN)
                         net (fo=0)                   0.000     0.000    clk
    M9                   IBUF (Prop_ibuf_I_O)         1.395     1.395 r  clk_IBUF_inst/O
                         net (fo=1, routed)           1.862     3.257    clk_IBUF
    BUFGCTRL_X0Y0        BUFG (Prop_bufg_I_O)         0.091     3.348 r  clk_IBUF_BUFG_inst/O
                         net (fo=76, routed)          1.512     4.860    tx_unit/clk_IBUF_BUFG
    SLICE_X39Y37         FDRE                                         r  tx_unit/b_reg_reg[6]/C

Slack:                    inf
  Source:                 rst
                            (input port)
  Destination:            tx_unit/b_reg_reg[7]/CE
                            (rising edge-triggered cell FDRE clocked by sys_clk_pin  {rise@0.000ns fall@41.660ns period=83.330ns})
  Path Group:             (none)
  Path Type:              Setup (Max at Slow Process Corner)
  Data Path Delay:        4.811ns  (logic 1.712ns (35.578%)  route 3.099ns (64.422%))
  Logic Levels:           3  (IBUF=1 LUT4=1 LUT6=1)
  Clock Path Skew:        4.860ns (DCD - SCD + CPR)
    Destination Clock Delay (DCD):    4.860ns
    Source Clock Delay      (SCD):    0.000ns
    Clock Pessimism Removal (CPR):    0.000ns
  Clock Uncertainty:      0.025ns  ((TSJ^2 + TIJ^2)^1/2 + DJ) / 2 + PE
    Total System Jitter     (TSJ):    0.050ns
    Total Input Jitter      (TIJ):    0.000ns
    Discrete Jitter          (DJ):    0.000ns
    Phase Error              (PE):    0.000ns

    Location             Delay type                Incr(ns)  Path(ns)    Netlist Resource(s)
  -------------------------------------------------------------------    -------------------
    D2                                                0.000     0.000 f  rst (IN)
                         net (fo=0)                   0.000     0.000    rst
    D2                   IBUF (Prop_ibuf_I_O)         1.464     1.464 f  rst_IBUF_inst/O
                         net (fo=17, routed)          1.787     3.250    tx_unit/rst_IBUF
    SLICE_X36Y35         LUT4 (Prop_lut4_I0_O)        0.124     3.374 f  tx_unit/s_reg[3]_i_3/O
                         net (fo=5, routed)           0.976     4.351    tx_unit/s_reg[3]_i_3_n_0
    SLICE_X37Y37         LUT6 (Prop_lut6_I5_O)        0.124     4.475 r  tx_unit/b_reg[7]_i_1/O
                         net (fo=8, routed)           0.336     4.811    tx_unit/b_reg[7]_i_1_n_0
    SLICE_X39Y37         FDRE                                         r  tx_unit/b_reg_reg[7]/CE
  -------------------------------------------------------------------    -------------------

                         (clock sys_clk_pin rise edge)
                                                      0.000     0.000 r  
    M9                                                0.000     0.000 r  clk (IN)
                         net (fo=0)                   0.000     0.000    clk
    M9                   IBUF (Prop_ibuf_I_O)         1.395     1.395 r  clk_IBUF_inst/O
                         net (fo=1, routed)           1.862     3.257    clk_IBUF
    BUFGCTRL_X0Y0        BUFG (Prop_bufg_I_O)         0.091     3.348 r  clk_IBUF_BUFG_inst/O
                         net (fo=76, routed)          1.512     4.860    tx_unit/clk_IBUF_BUFG
    SLICE_X39Y37         FDRE                                         r  tx_unit/b_reg_reg[7]/C

Slack:                    inf
  Source:                 rst
                            (input port)
  Destination:            tx_unit/s_reg_reg[0]/CE
                            (rising edge-triggered cell FDRE clocked by sys_clk_pin  {rise@0.000ns fall@41.660ns period=83.330ns})
  Path Group:             (none)
  Path Type:              Setup (Max at Slow Process Corner)
  Data Path Delay:        4.767ns  (logic 1.712ns (35.908%)  route 3.055ns (64.092%))
  Logic Levels:           3  (IBUF=1 LUT4=1 LUT6=1)
  Clock Path Skew:        4.858ns (DCD - SCD + CPR)
    Destination Clock Delay (DCD):    4.858ns
    Source Clock Delay      (SCD):    0.000ns
    Clock Pessimism Removal (CPR):    0.000ns
  Clock Uncertainty:      0.025ns  ((TSJ^2 + TIJ^2)^1/2 + DJ) / 2 + PE
    Total System Jitter     (TSJ):    0.050ns
    Total Input Jitter      (TIJ):    0.000ns
    Discrete Jitter          (DJ):    0.000ns
    Phase Error              (PE):    0.000ns

    Location             Delay type                Incr(ns)  Path(ns)    Netlist Resource(s)
  -------------------------------------------------------------------    -------------------
    D2                                                0.000     0.000 f  rst (IN)
                         net (fo=0)                   0.000     0.000    rst
    D2                   IBUF (Prop_ibuf_I_O)         1.464     1.464 f  rst_IBUF_inst/O
                         net (fo=17, routed)          1.787     3.250    tx_unit/rst_IBUF
    SLICE_X36Y35         LUT4 (Prop_lut4_I0_O)        0.124     3.374 f  tx_unit/s_reg[3]_i_3/O
                         net (fo=5, routed)           0.744     4.119    tx_unit/s_reg[3]_i_3_n_0
    SLICE_X37Y37         LUT6 (Prop_lut6_I3_O)        0.124     4.243 r  tx_unit/s_reg[3]_i_1/O
                         net (fo=4, routed)           0.524     4.767    tx_unit/s_reg[3]_i_1_n_0
    SLICE_X35Y37         FDRE                                         r  tx_unit/s_reg_reg[0]/CE
  -------------------------------------------------------------------    -------------------

                         (clock sys_clk_pin rise edge)
                                                      0.000     0.000 r  
    M9                                                0.000     0.000 r  clk (IN)
                         net (fo=0)                   0.000     0.000    clk
    M9                   IBUF (Prop_ibuf_I_O)         1.395     1.395 r  clk_IBUF_inst/O
                         net (fo=1, routed)           1.862     3.257    clk_IBUF
    BUFGCTRL_X0Y0        BUFG (Prop_bufg_I_O)         0.091     3.348 r  clk_IBUF_BUFG_inst/O
                         net (fo=76, routed)          1.510     4.858    tx_unit/clk_IBUF_BUFG
    SLICE_X35Y37         FDRE                                         r  tx_unit/s_reg_reg[0]/C

Slack:                    inf
  Source:                 rst
                            (input port)
  Destination:            tx_unit/s_reg_reg[1]/CE
                            (rising edge-triggered cell FDRE clocked by sys_clk_pin  {rise@0.000ns fall@41.660ns period=83.330ns})
  Path Group:             (none)
  Path Type:              Setup (Max at Slow Process Corner)
  Data Path Delay:        4.634ns  (logic 1.712ns (36.938%)  route 2.922ns (63.062%))
  Logic Levels:           3  (IBUF=1 LUT4=1 LUT6=1)
  Clock Path Skew:        4.858ns (DCD - SCD + CPR)
    Destination Clock Delay (DCD):    4.858ns
    Source Clock Delay      (SCD):    0.000ns
    Clock Pessimism Removal (CPR):    0.000ns
  Clock Uncertainty:      0.025ns  ((TSJ^2 + TIJ^2)^1/2 + DJ) / 2 + PE
    Total System Jitter     (TSJ):    0.050ns
    Total Input Jitter      (TIJ):    0.000ns
    Discrete Jitter          (DJ):    0.000ns
    Phase Error              (PE):    0.000ns

    Location             Delay type                Incr(ns)  Path(ns)    Netlist Resource(s)
  -------------------------------------------------------------------    -------------------
    D2                                                0.000     0.000 f  rst (IN)
                         net (fo=0)                   0.000     0.000    rst
    D2                   IBUF (Prop_ibuf_I_O)         1.464     1.464 f  rst_IBUF_inst/O
                         net (fo=17, routed)          1.787     3.250    tx_unit/rst_IBUF
    SLICE_X36Y35         LUT4 (Prop_lut4_I0_O)        0.124     3.374 f  tx_unit/s_reg[3]_i_3/O
                         net (fo=5, routed)           0.744     4.119    tx_unit/s_reg[3]_i_3_n_0
    SLICE_X37Y37         LUT6 (Prop_lut6_I3_O)        0.124     4.243 r  tx_unit/s_reg[3]_i_1/O
                         net (fo=4, routed)           0.391     4.634    tx_unit/s_reg[3]_i_1_n_0
    SLICE_X37Y37         FDRE                                         r  tx_unit/s_reg_reg[1]/CE
  -------------------------------------------------------------------    -------------------

                         (clock sys_clk_pin rise edge)
                                                      0.000     0.000 r  
    M9                                                0.000     0.000 r  clk (IN)
                         net (fo=0)                   0.000     0.000    clk
    M9                   IBUF (Prop_ibuf_I_O)         1.395     1.395 r  clk_IBUF_inst/O
                         net (fo=1, routed)           1.862     3.257    clk_IBUF
    BUFGCTRL_X0Y0        BUFG (Prop_bufg_I_O)         0.091     3.348 r  clk_IBUF_BUFG_inst/O
                         net (fo=76, routed)          1.510     4.858    tx_unit/clk_IBUF_BUFG
    SLICE_X37Y37         FDRE                                         r  tx_unit/s_reg_reg[1]/C





Min Delay Paths
--------------------------------------------------------------------------------------
Slack:                    inf
  Source:                 btn
                            (input port)
  Destination:            btn_stable_reg/D
                            (rising edge-triggered cell FDRE clocked by sys_clk_pin  {rise@0.000ns fall@41.660ns period=83.330ns})
  Path Group:             (none)
  Path Type:              Hold (Min at Fast Process Corner)
  Data Path Delay:        0.583ns  (logic 0.230ns (39.501%)  route 0.353ns (60.499%))
  Logic Levels:           1  (IBUF=1)
  Clock Path Skew:        1.996ns (DCD - SCD - CPR)
    Destination Clock Delay (DCD):    1.996ns
    Source Clock Delay      (SCD):    0.000ns
    Clock Pessimism Removal (CPR):    -0.000ns

    Location             Delay type                Incr(ns)  Path(ns)    Netlist Resource(s)
  -------------------------------------------------------------------    -------------------
    D1                                                0.000     0.000 r  btn (IN)
                         net (fo=0)                   0.000     0.000    btn
    D1                   IBUF (Prop_ibuf_I_O)         0.230     0.230 r  btn_IBUF_inst/O
                         net (fo=3, routed)           0.353     0.583    btn_IBUF
    SLICE_X40Y38         FDRE                                         r  btn_stable_reg/D
  -------------------------------------------------------------------    -------------------

                         (clock sys_clk_pin rise edge)
                                                      0.000     0.000 r  
    M9                                                0.000     0.000 r  clk (IN)
                         net (fo=0)                   0.000     0.000    clk
    M9                   IBUF (Prop_ibuf_I_O)         0.421     0.421 r  clk_IBUF_inst/O
                         net (fo=1, routed)           0.685     1.106    clk_IBUF
    BUFGCTRL_X0Y0        BUFG (Prop_bufg_I_O)         0.029     1.135 r  clk_IBUF_BUFG_inst/O
                         net (fo=76, routed)          0.862     1.996    clk_IBUF_BUFG
    SLICE_X40Y38         FDRE                                         r  btn_stable_reg/C

Slack:                    inf
  Source:                 rst
                            (input port)
  Destination:            btn_stable_reg/R
                            (rising edge-triggered cell FDRE clocked by sys_clk_pin  {rise@0.000ns fall@41.660ns period=83.330ns})
  Path Group:             (none)
  Path Type:              Hold (Min at Fast Process Corner)
  Data Path Delay:        0.617ns  (logic 0.232ns (37.520%)  route 0.386ns (62.480%))
  Logic Levels:           1  (IBUF=1)
  Clock Path Skew:        1.996ns (DCD - SCD - CPR)
    Destination Clock Delay (DCD):    1.996ns
    Source Clock Delay      (SCD):    0.000ns
    Clock Pessimism Removal (CPR):    -0.000ns

    Location             Delay type                Incr(ns)  Path(ns)    Netlist Resource(s)
  -------------------------------------------------------------------    -------------------
    D2                                                0.000     0.000 r  rst (IN)
                         net (fo=0)                   0.000     0.000    rst
    D2                   IBUF (Prop_ibuf_I_O)         0.232     0.232 r  rst_IBUF_inst/O
                         net (fo=17, routed)          0.386     0.617    rst_IBUF
    SLICE_X40Y38         FDRE                                         r  btn_stable_reg/R
  -------------------------------------------------------------------    -------------------

                         (clock sys_clk_pin rise edge)
                                                      0.000     0.000 r  
    M9                                                0.000     0.000 r  clk (IN)
                         net (fo=0)                   0.000     0.000    clk
    M9                   IBUF (Prop_ibuf_I_O)         0.421     0.421 r  clk_IBUF_inst/O
                         net (fo=1, routed)           0.685     1.106    clk_IBUF
    BUFGCTRL_X0Y0        BUFG (Prop_bufg_I_O)         0.029     1.135 r  clk_IBUF_BUFG_inst/O
                         net (fo=76, routed)          0.862     1.996    clk_IBUF_BUFG
    SLICE_X40Y38         FDRE                                         r  btn_stable_reg/C

Slack:                    inf
  Source:                 rst
                            (input port)
  Destination:            tx_unit/ready_reg/PRE
                            (removal check against rising-edge clock sys_clk_pin  {rise@0.000ns fall@41.660ns period=83.330ns})
  Path Group:             (none)
  Path Type:              Removal (Min at Fast Process Corner)
  Data Path Delay:        0.768ns  (logic 0.232ns (30.159%)  route 0.536ns (69.841%))
  Logic Levels:           1  (IBUF=1)
  Clock Path Skew:        1.993ns (DCD - SCD - CPR)
    Destination Clock Delay (DCD):    1.993ns
    Source Clock Delay      (SCD):    0.000ns
    Clock Pessimism Removal (CPR):    -0.000ns

    Location             Delay type                Incr(ns)  Path(ns)    Netlist Resource(s)
  -------------------------------------------------------------------    -------------------
    D2                                                0.000     0.000 f  rst (IN)
                         net (fo=0)                   0.000     0.000    rst
    D2                   IBUF (Prop_ibuf_I_O)         0.232     0.232 f  rst_IBUF_inst/O
                         net (fo=17, routed)          0.536     0.768    tx_unit/rst_IBUF
    SLICE_X39Y35         FDPE                                         f  tx_unit/ready_reg/PRE
  -------------------------------------------------------------------    -------------------

                         (clock sys_clk_pin rise edge)
                                                      0.000     0.000 r  
    M9                                                0.000     0.000 r  clk (IN)
                         net (fo=0)                   0.000     0.000    clk
    M9                   IBUF (Prop_ibuf_I_O)         0.421     0.421 r  clk_IBUF_inst/O
                         net (fo=1, routed)           0.685     1.106    clk_IBUF
    BUFGCTRL_X0Y0        BUFG (Prop_bufg_I_O)         0.029     1.135 r  clk_IBUF_BUFG_inst/O
                         net (fo=76, routed)          0.859     1.993    tx_unit/clk_IBUF_BUFG
    SLICE_X39Y35         FDPE                                         r  tx_unit/ready_reg/C

Slack:                    inf
  Source:                 rst
                            (input port)
  Destination:            tx_unit/tx_reg/PRE
                            (removal check against rising-edge clock sys_clk_pin  {rise@0.000ns fall@41.660ns period=83.330ns})
  Path Group:             (none)
  Path Type:              Removal (Min at Fast Process Corner)
  Data Path Delay:        0.768ns  (logic 0.232ns (30.159%)  route 0.536ns (69.841%))
  Logic Levels:           1  (IBUF=1)
  Clock Path Skew:        1.993ns (DCD - SCD - CPR)
    Destination Clock Delay (DCD):    1.993ns
    Source Clock Delay      (SCD):    0.000ns
    Clock Pessimism Removal (CPR):    -0.000ns

    Location             Delay type                Incr(ns)  Path(ns)    Netlist Resource(s)
  -------------------------------------------------------------------    -------------------
    D2                                                0.000     0.000 f  rst (IN)
                         net (fo=0)                   0.000     0.000    rst
    D2                   IBUF (Prop_ibuf_I_O)         0.232     0.232 f  rst_IBUF_inst/O
                         net (fo=17, routed)          0.536     0.768    tx_unit/rst_IBUF
    SLICE_X39Y35         FDPE                                         f  tx_unit/tx_reg/PRE
  -------------------------------------------------------------------    -------------------

                         (clock sys_clk_pin rise edge)
                                                      0.000     0.000 r  
    M9                                                0.000     0.000 r  clk (IN)
                         net (fo=0)                   0.000     0.000    clk
    M9                   IBUF (Prop_ibuf_I_O)         0.421     0.421 r  clk_IBUF_inst/O
                         net (fo=1, routed)           0.685     1.106    clk_IBUF
    BUFGCTRL_X0Y0        BUFG (Prop_bufg_I_O)         0.029     1.135 r  clk_IBUF_BUFG_inst/O
                         net (fo=76, routed)          0.859     1.993    tx_unit/clk_IBUF_BUFG
    SLICE_X39Y35         FDPE                                         r  tx_unit/tx_reg/C

Slack:                    inf
  Source:                 rst
                            (input port)
  Destination:            btn_prev_reg/D
                            (rising edge-triggered cell FDRE clocked by sys_clk_pin  {rise@0.000ns fall@41.660ns period=83.330ns})
  Path Group:             (none)
  Path Type:              Hold (Min at Fast Process Corner)
  Data Path Delay:        0.814ns  (logic 0.277ns (33.962%)  route 0.538ns (66.038%))
  Logic Levels:           2  (IBUF=1 LUT3=1)
  Clock Path Skew:        1.993ns (DCD - SCD - CPR)
    Destination Clock Delay (DCD):    1.993ns
    Source Clock Delay      (SCD):    0.000ns
    Clock Pessimism Removal (CPR):    -0.000ns

    Location             Delay type                Incr(ns)  Path(ns)    Netlist Resource(s)
  -------------------------------------------------------------------    -------------------
    D2                                                0.000     0.000 r  rst (IN)
                         net (fo=0)                   0.000     0.000    rst
    D2                   IBUF (Prop_ibuf_I_O)         0.232     0.232 r  rst_IBUF_inst/O
                         net (fo=17, routed)          0.538     0.769    rst_IBUF
    SLICE_X39Y36         LUT3 (Prop_lut3_I1_O)        0.045     0.814 r  btn_prev_i_1/O
                         net (fo=1, routed)           0.000     0.814    btn_prev_i_1_n_0
    SLICE_X39Y36         FDRE                                         r  btn_prev_reg/D
  -------------------------------------------------------------------    -------------------

                         (clock sys_clk_pin rise edge)
                                                      0.000     0.000 r  
    M9                                                0.000     0.000 r  clk (IN)
                         net (fo=0)                   0.000     0.000    clk
    M9                   IBUF (Prop_ibuf_I_O)         0.421     0.421 r  clk_IBUF_inst/O
                         net (fo=1, routed)           0.685     1.106    clk_IBUF
    BUFGCTRL_X0Y0        BUFG (Prop_bufg_I_O)         0.029     1.135 r  clk_IBUF_BUFG_inst/O
                         net (fo=76, routed)          0.859     1.993    clk_IBUF_BUFG
    SLICE_X39Y36         FDRE                                         r  btn_prev_reg/C

Slack:                    inf
  Source:                 rst
                            (input port)
  Destination:            tx_unit/FSM_sequential_state_reg[0]/CLR
                            (removal check against rising-edge clock sys_clk_pin  {rise@0.000ns fall@41.660ns period=83.330ns})
  Path Group:             (none)
  Path Type:              Removal (Min at Fast Process Corner)
  Data Path Delay:        0.844ns  (logic 0.232ns (27.430%)  route 0.613ns (72.570%))
  Logic Levels:           1  (IBUF=1)
  Clock Path Skew:        1.992ns (DCD - SCD - CPR)
    Destination Clock Delay (DCD):    1.992ns
    Source Clock Delay      (SCD):    0.000ns
    Clock Pessimism Removal (CPR):    -0.000ns

    Location             Delay type                Incr(ns)  Path(ns)    Netlist Resource(s)
  -------------------------------------------------------------------    -------------------
    D2                                                0.000     0.000 f  rst (IN)
                         net (fo=0)                   0.000     0.000    rst
    D2                   IBUF (Prop_ibuf_I_O)         0.232     0.232 f  rst_IBUF_inst/O
                         net (fo=17, routed)          0.613     0.844    tx_unit/rst_IBUF
    SLICE_X36Y35         FDCE                                         f  tx_unit/FSM_sequential_state_reg[0]/CLR
  -------------------------------------------------------------------    -------------------

                         (clock sys_clk_pin rise edge)
                                                      0.000     0.000 r  
    M9                                                0.000     0.000 r  clk (IN)
                         net (fo=0)                   0.000     0.000    clk
    M9                   IBUF (Prop_ibuf_I_O)         0.421     0.421 r  clk_IBUF_inst/O
                         net (fo=1, routed)           0.685     1.106    clk_IBUF
    BUFGCTRL_X0Y0        BUFG (Prop_bufg_I_O)         0.029     1.135 r  clk_IBUF_BUFG_inst/O
                         net (fo=76, routed)          0.858     1.992    tx_unit/clk_IBUF_BUFG
    SLICE_X36Y35         FDCE                                         r  tx_unit/FSM_sequential_state_reg[0]/C

Slack:                    inf
  Source:                 rst
                            (input port)
  Destination:            tx_unit/FSM_sequential_state_reg[1]/CLR
                            (removal check against rising-edge clock sys_clk_pin  {rise@0.000ns fall@41.660ns period=83.330ns})
  Path Group:             (none)
  Path Type:              Removal (Min at Fast Process Corner)
  Data Path Delay:        0.844ns  (logic 0.232ns (27.430%)  route 0.613ns (72.570%))
  Logic Levels:           1  (IBUF=1)
  Clock Path Skew:        1.992ns (DCD - SCD - CPR)
    Destination Clock Delay (DCD):    1.992ns
    Source Clock Delay      (SCD):    0.000ns
    Clock Pessimism Removal (CPR):    -0.000ns

    Location             Delay type                Incr(ns)  Path(ns)    Netlist Resource(s)
  -------------------------------------------------------------------    -------------------
    D2                                                0.000     0.000 f  rst (IN)
                         net (fo=0)                   0.000     0.000    rst
    D2                   IBUF (Prop_ibuf_I_O)         0.232     0.232 f  rst_IBUF_inst/O
                         net (fo=17, routed)          0.613     0.844    tx_unit/rst_IBUF
    SLICE_X36Y35         FDCE                                         f  tx_unit/FSM_sequential_state_reg[1]/CLR
  -------------------------------------------------------------------    -------------------

                         (clock sys_clk_pin rise edge)
                                                      0.000     0.000 r  
    M9                                                0.000     0.000 r  clk (IN)
                         net (fo=0)                   0.000     0.000    clk
    M9                   IBUF (Prop_ibuf_I_O)         0.421     0.421 r  clk_IBUF_inst/O
                         net (fo=1, routed)           0.685     1.106    clk_IBUF
    BUFGCTRL_X0Y0        BUFG (Prop_bufg_I_O)         0.029     1.135 r  clk_IBUF_BUFG_inst/O
                         net (fo=76, routed)          0.858     1.992    tx_unit/clk_IBUF_BUFG
    SLICE_X36Y35         FDCE                                         r  tx_unit/FSM_sequential_state_reg[1]/C

Slack:                    inf
  Source:                 btn
                            (input port)
  Destination:            btn_stable_reg/CE
                            (rising edge-triggered cell FDRE clocked by sys_clk_pin  {rise@0.000ns fall@41.660ns period=83.330ns})
  Path Group:             (none)
  Path Type:              Hold (Min at Fast Process Corner)
  Data Path Delay:        0.853ns  (logic 0.274ns (32.155%)  route 0.579ns (67.845%))
  Logic Levels:           2  (IBUF=1 LUT4=1)
  Clock Path Skew:        1.996ns (DCD - SCD - CPR)
    Destination Clock Delay (DCD):    1.996ns
    Source Clock Delay      (SCD):    0.000ns
    Clock Pessimism Removal (CPR):    -0.000ns

    Location             Delay type                Incr(ns)  Path(ns)    Netlist Resource(s)
  -------------------------------------------------------------------    -------------------
    D1                                                0.000     0.000 f  btn (IN)
                         net (fo=0)                   0.000     0.000    btn
    D1                   IBUF (Prop_ibuf_I_O)         0.230     0.230 f  btn_IBUF_inst/O
                         net (fo=3, routed)           0.520     0.750    btn_IBUF
    SLICE_X40Y38         LUT4 (Prop_lut4_I0_O)        0.044     0.794 r  btn_stable_i_1/O
                         net (fo=1, routed)           0.059     0.853    btn_stable_i_1_n_0
    SLICE_X40Y38         FDRE                                         r  btn_stable_reg/CE
  -------------------------------------------------------------------    -------------------

                         (clock sys_clk_pin rise edge)
                                                      0.000     0.000 r  
    M9                                                0.000     0.000 r  clk (IN)
                         net (fo=0)                   0.000     0.000    clk
    M9                   IBUF (Prop_ibuf_I_O)         0.421     0.421 r  clk_IBUF_inst/O
                         net (fo=1, routed)           0.685     1.106    clk_IBUF
    BUFGCTRL_X0Y0        BUFG (Prop_bufg_I_O)         0.029     1.135 r  clk_IBUF_BUFG_inst/O
                         net (fo=76, routed)          0.862     1.996    clk_IBUF_BUFG
    SLICE_X40Y38         FDRE                                         r  btn_stable_reg/C

Slack:                    inf
  Source:                 rst
                            (input port)
  Destination:            FSM_sequential_state_reg[1]/D
                            (rising edge-triggered cell FDRE clocked by sys_clk_pin  {rise@0.000ns fall@41.660ns period=83.330ns})
  Path Group:             (none)
  Path Type:              Hold (Min at Fast Process Corner)
  Data Path Delay:        0.898ns  (logic 0.277ns (30.787%)  route 0.622ns (69.213%))
  Logic Levels:           2  (IBUF=1 LUT5=1)
  Clock Path Skew:        1.993ns (DCD - SCD - CPR)
    Destination Clock Delay (DCD):    1.993ns
    Source Clock Delay      (SCD):    0.000ns
    Clock Pessimism Removal (CPR):    -0.000ns

    Location             Delay type                Incr(ns)  Path(ns)    Netlist Resource(s)
  -------------------------------------------------------------------    -------------------
    D2                                                0.000     0.000 f  rst (IN)
                         net (fo=0)                   0.000     0.000    rst
    D2                   IBUF (Prop_ibuf_I_O)         0.232     0.232 f  rst_IBUF_inst/O
                         net (fo=17, routed)          0.622     0.853    tx_unit/rst_IBUF
    SLICE_X39Y36         LUT5 (Prop_lut5_I4_O)        0.045     0.898 r  tx_unit/FSM_sequential_state[1]_i_1__0/O
                         net (fo=1, routed)           0.000     0.898    tx_unit_n_6
    SLICE_X39Y36         FDRE                                         r  FSM_sequential_state_reg[1]/D
  -------------------------------------------------------------------    -------------------

                         (clock sys_clk_pin rise edge)
                                                      0.000     0.000 r  
    M9                                                0.000     0.000 r  clk (IN)
                         net (fo=0)                   0.000     0.000    clk
    M9                   IBUF (Prop_ibuf_I_O)         0.421     0.421 r  clk_IBUF_inst/O
                         net (fo=1, routed)           0.685     1.106    clk_IBUF
    BUFGCTRL_X0Y0        BUFG (Prop_bufg_I_O)         0.029     1.135 r  clk_IBUF_BUFG_inst/O
                         net (fo=76, routed)          0.859     1.993    clk_IBUF_BUFG
    SLICE_X39Y36         FDRE                                         r  FSM_sequential_state_reg[1]/C

Slack:                    inf
  Source:                 rst
                            (input port)
  Destination:            debounce_cnt_reg[10]/R
                            (rising edge-triggered cell FDRE clocked by sys_clk_pin  {rise@0.000ns fall@41.660ns period=83.330ns})
  Path Group:             (none)
  Path Type:              Hold (Min at Fast Process Corner)
  Data Path Delay:        0.932ns  (logic 0.277ns (29.671%)  route 0.656ns (70.329%))
  Logic Levels:           2  (IBUF=1 LUT2=1)
  Clock Path Skew:        1.994ns (DCD - SCD - CPR)
    Destination Clock Delay (DCD):    1.994ns
    Source Clock Delay      (SCD):    0.000ns
    Clock Pessimism Removal (CPR):    -0.000ns

    Location             Delay type                Incr(ns)  Path(ns)    Netlist Resource(s)
  -------------------------------------------------------------------    -------------------
    D2                                                0.000     0.000 r  rst (IN)
                         net (fo=0)                   0.000     0.000    rst
    D2                   IBUF (Prop_ibuf_I_O)         0.232     0.232 r  rst_IBUF_inst/O
                         net (fo=17, routed)          0.429     0.661    rst_IBUF
    SLICE_X40Y38         LUT2 (Prop_lut2_I0_O)        0.045     0.706 r  debounce_cnt[0]_i_1/O
                         net (fo=20, routed)          0.226     0.932    debounce_cnt[0]_i_1_n_0
    SLICE_X41Y37         FDRE                                         r  debounce_cnt_reg[10]/R
  -------------------------------------------------------------------    -------------------

                         (clock sys_clk_pin rise edge)
                                                      0.000     0.000 r  
    M9                                                0.000     0.000 r  clk (IN)
                         net (fo=0)                   0.000     0.000    clk
    M9                   IBUF (Prop_ibuf_I_O)         0.421     0.421 r  clk_IBUF_inst/O
                         net (fo=1, routed)           0.685     1.106    clk_IBUF
    BUFGCTRL_X0Y0        BUFG (Prop_bufg_I_O)         0.029     1.135 r  clk_IBUF_BUFG_inst/O
                         net (fo=76, routed)          0.860     1.994    clk_IBUF_BUFG
    SLICE_X41Y37         FDRE                                         r  debounce_cnt_reg[10]/C





